arena,state,year,seat_no,seat_name,el_m,el_f,el_tg,el_total,svc,vt_m,vt_f,vt_tg,vt_postal,vt_total,poll_pct,source_file
AE,Maharashtra,2019,1,Akkalkuwa,140387,138501,0,278888,43,102941,97163,0,608,200712,71.97,https://www.eci.gov.in/eci-backend/public/api/download?url=LMAhAK6sOPBp%2FNFF0iRfXbEB1EVSLT41NNLRjYNJJP1KivrUxbfqkDatmHy12e%2FzVx8fLfn2ReU7TfrqYobgIlrN2bMN4m3pJDY4yLYUO%2FEcj%2FUThTcOTZz60vCdaDjjOc5weJ5%2B5c5M9BgPgzBqse9M%2BrgQnq4pkkgEMehe64ghnfspF5qrO2EdIwyRXMmAHn9nkd3y7XK92s%2Bea6VomQ%3D%3D
AE,Maharashtra,2019,2,Shahada,161806,158744,5,320555,146,107877,101385,1,1266,210529,65.68,https://www.eci.gov.in/eci-backend/public/api/download?url=LMAhAK6sOPBp%2FNFF0iRfXbEB1EVSLT41NNLRjYNJJP1KivrUxbfqkDatmHy12e%2FzVx8fLfn2ReU7TfrqYobgIlrN2bMN4m3pJDY4yLYUO%2FEcj%2FUThTcOTZz60vCdaDjjOc5weJ5%2B5c5M9BgPgzBqse9M%2BrgQnq4pkkgEMehe64ghnfspF5qrO2EdIwyRXMmAHn9nkd3y7XK92s%2Bea6VomQ%3D%3D
AE,Maharashtra,2019,3,Nandurbar,170722,168369,7,339098,157,97334,90022,2,1138,188496,55.59,https://www.eci.gov.in/eci-backend/public/api/download?url=LMAhAK6sOPBp%2FNFF0iRfXbEB1EVSLT41NNLRjYNJJP1KivrUxbfqkDatmHy12e%2FzVx8fLfn2ReU7TfrqYobgIlrN2bMN4m3pJDY4yLYUO%2FEcj%2FUThTcOTZz60vCdaDjjOc5weJ5%2B5c5M9BgPgzBqse9M%2BrgQnq4pkkgEMehe64ghnfspF5qrO2EdIwyRXMmAHn9nkd3y7XK92s%2Bea6VomQ%3D%3D
AE,Maharashtra,2019,4,Nawapur,140624,147352,1,287977,55,108422,108606,0,740,217768,75.62,https://www.eci.gov.in/eci-backend/public/api/download?url=LMAhAK6sOPBp%2FNFF0iRfXbEB1EVSLT41NNLRjYNJJP1KivrUxbfqkDatmHy12e%2FzVx8fLfn2ReU7TfrqYobgIlrN2bMN4m3pJDY4yLYUO%2FEcj%2FUThTcOTZz60vCdaDjjOc5weJ5%2B5c5M9BgPgzBqse9M%2BrgQnq4pkkgEMehe64ghnfspF5qrO2EdIwyRXMmAHn9nkd3y7XK92s%2Bea6VomQ%3D%3D
AE,Maharashtra,2019,5,Sakri,176839,166143,10,342992,352,110964,96138,1,1137,208240,60.71,https://www.eci.gov.in/eci-backend/public/api/download?url=LMAhAK6sOPBp%2FNFF0iRfXbEB1EVSLT41NNLRjYNJJP1KivrUxbfqkDatmHy12e%2FzVx8fLfn2ReU7TfrqYobgIlrN2bMN4m3pJDY4yLYUO%2FEcj%2FUThTcOTZz60vCdaDjjOc5weJ5%2B5c5M9BgPgzBqse9M%2BrgQnq4pkkgEMehe64ghnfspF5qrO2EdIwyRXMmAHn9nkd3y7XK92s%2Bea6VomQ%3D%3D
AE,Maharashtra,2019,6,Dhule Rural,194328,178660,1,372989,1124,127855,116041,1,1592,245489,65.82,https://www.eci.gov.in/eci-backend/public/api/download?url=LMAhAK6sOPBp%2FNFF0iRfXbEB1EVSLT41NNLRjYNJJP1KivrUxbfqkDatmHy12e%2FzVx8fLfn2ReU7TfrqYobgIlrN2bMN4m3pJDY4yLYUO%2FEcj%2FUThTcOTZz60vCdaDjjOc5weJ5%2B5c5M9BgPgzBqse9M%2BrgQnq4pkkgEMehe64ghnfspF5qrO2EdIwyRXMmAHn9nkd3y7XK92s%2Bea6VomQ%3D%3D
AE,Maharashtra,2019,7,Dhule City,169418,152592,16,322026,329,88287,72011,5,1238,161541,50.16,https://www.eci.gov.in/eci-backend/public/api/download?url=LMAhAK6sOPBp%2FNFF0iRfXbEB1EVSLT41NNLRjYNJJP1KivrUxbfqkDatmHy12e%2FzVx8fLfn2ReU7TfrqYobgIlrN2bMN4m3pJDY4yLYUO%2FEcj%2FUThTcOTZz60vCdaDjjOc5weJ5%2B5c5M9BgPgzBqse9M%2BrgQnq4pkkgEMehe64ghnfspF5qrO2EdIwyRXMmAHn9nkd3y7XK92s%2Bea6VomQ%3D%3D
AE,Maharashtra,2019,8,Shindkheda,166771,160311,0,327082,573,103138,96245,0,1384,200767,61.38,https://www.eci.gov.in/eci-backend/public/api/download?url=LMAhAK6sOPBp%2FNFF0iRfXbEB1EVSLT41NNLRjYNJJP1KivrUxbfqkDatmHy12e%2FzVx8fLfn2ReU7TfrqYobgIlrN2bMN4m3pJDY4yLYUO%2FEcj%2FUThTcOTZz60vCdaDjjOc5weJ5%2B5c5M9BgPgzBqse9M%2BrgQnq4pkkgEMehe64ghnfspF5qrO2EdIwyRXMmAHn9nkd3y7XK92s%2Bea6VomQ%3D%3D
AE,Maharashtra,2019,9,Shirpur,163779,157023,0,320802,243,109619,101286,0,1409,212314,66.18,https://www.eci.gov.in/eci-backend/public/api/download?url=LMAhAK6sOPBp%2FNFF0iRfXbEB1EVSLT41NNLRjYNJJP1KivrUxbfqkDatmHy12e%2FzVx8fLfn2ReU7TfrqYobgIlrN2bMN4m3pJDY4yLYUO%2FEcj%2FUThTcOTZz60vCdaDjjOc5weJ5%2B5c5M9BgPgzBqse9M%2BrgQnq4pkkgEMehe64ghnfspF5qrO2EdIwyRXMmAHn9nkd3y7XK92s%2Bea6VomQ%3D%3D
AE,Maharashtra,2019,10,Chopda,158844,149596,1,308441,526,103153,94252,0,2097,199502,64.68,https://www.eci.gov.in/eci-backend/public/api/download?url=LMAhAK6sOPBp%2FNFF0iRfXbEB1EVSLT41NNLRjYNJJP1KivrUxbfqkDatmHy12e%2FzVx8fLfn2ReU7TfrqYobgIlrN2bMN4m3pJDY4yLYUO%2FEcj%2FUThTcOTZz60vCdaDjjOc5weJ5%2B5c5M9BgPgzBqse9M%2BrgQnq4pkkgEMehe64ghnfspF5qrO2EdIwyRXMmAHn9nkd3y7XK92s%2Bea6VomQ%3D%3D
AE,Maharashtra,2019,11,Raver,152224,141158,0,293382,266,106084,95337,0,2007,203428,69.34,https://www.eci.gov.in/eci-backend/public/api/download?url=LMAhAK6sOPBp%2FNFF0iRfXbEB1EVSLT41NNLRjYNJJP1KivrUxbfqkDatmHy12e%2FzVx8fLfn2ReU7TfrqYobgIlrN2bMN4m3pJDY4yLYUO%2FEcj%2FUThTcOTZz60vCdaDjjOc5weJ5%2B5c5M9BgPgzBqse9M%2BrgQnq4pkkgEMehe64ghnfspF5qrO2EdIwyRXMmAHn9nkd3y7XK92s%2Bea6VomQ%3D%3D
AE,Maharashtra,2019,12,Bhusawal,161207,146568,22,307797,314,82068,67540,3,1050,150661,48.95,https://www.eci.gov.in/eci-backend/public/api/download?url=LMAhAK6sOPBp%2FNFF0iRfXbEB1EVSLT41NNLRjYNJJP1KivrUxbfqkDatmHy12e%2FzVx8fLfn2ReU7TfrqYobgIlrN2bMN4m3pJDY4yLYUO%2FEcj%2FUThTcOTZz60vCdaDjjOc5weJ5%2B5c5M9BgPgzBqse9M%2BrgQnq4pkkgEMehe64ghnfspF5qrO2EdIwyRXMmAHn9nkd3y7XK92s%2Bea6VomQ%3D%3D
AE,Maharashtra,2019,13,Jalgaon City,211558,189736,34,401328,239,100512,80521,5,1300,182338,45.43,https://www.eci.gov.in/eci-backend/public/api/download?url=LMAhAK6sOPBp%2FNFF0iRfXbEB1EVSLT41NNLRjYNJJP1KivrUxbfqkDatmHy12e%2FzVx8fLfn2ReU7TfrqYobgIlrN2bMN4m3pJDY4yLYUO%2FEcj%2FUThTcOTZz60vCdaDjjOc5weJ5%2B5c5M9BgPgzBqse9M%2BrgQnq4pkkgEMehe64ghnfspF5qrO2EdIwyRXMmAHn9nkd3y7XK92s%2Bea6VomQ%3D%3D
AE,Maharashtra,2019,14,Jalgaon Rural,164539,151132,1,315672,480,105167,92234,1,1044,198446,62.86,https://www.eci.gov.in/eci-backend/public/api/download?url=LMAhAK6sOPBp%2FNFF0iRfXbEB1EVSLT41NNLRjYNJJP1KivrUxbfqkDatmHy12e%2FzVx8fLfn2ReU7TfrqYobgIlrN2bMN4m3pJDY4yLYUO%2FEcj%2FUThTcOTZz60vCdaDjjOc5weJ5%2B5c5M9BgPgzBqse9M%2BrgQnq4pkkgEMehe64ghnfspF5qrO2EdIwyRXMmAHn9nkd3y7XK92s%2Bea6VomQ%3D%3D
AE,Maharashtra,2019,15,Amalner,152746,140896,6,293648,1006,94666,88051,1,2295,185013,63.01,https://www.eci.gov.in/eci-backend/public/api/download?url=LMAhAK6sOPBp%2FNFF0iRfXbEB1EVSLT41NNLRjYNJJP1KivrUxbfqkDatmHy12e%2FzVx8fLfn2ReU7TfrqYobgIlrN2bMN4m3pJDY4yLYUO%2FEcj%2FUThTcOTZz60vCdaDjjOc5weJ5%2B5c5M9BgPgzBqse9M%2BrgQnq4pkkgEMehe64ghnfspF5qrO2EdIwyRXMmAHn9nkd3y7XK92s%2Bea6VomQ%3D%3D
AE,Maharashtra,2019,16,Erandol,145508,134931,2,280441,884,92761,84185,0,1522,178468,63.64,https://www.eci.gov.in/eci-backend/public/api/download?url=LMAhAK6sOPBp%2FNFF0iRfXbEB1EVSLT41NNLRjYNJJP1KivrUxbfqkDatmHy12e%2FzVx8fLfn2ReU7TfrqYobgIlrN2bMN4m3pJDY4yLYUO%2FEcj%2FUThTcOTZz60vCdaDjjOc5weJ5%2B5c5M9BgPgzBqse9M%2BrgQnq4pkkgEMehe64ghnfspF5qrO2EdIwyRXMmAHn9nkd3y7XK92s%2Bea6VomQ%3D%3D
AE,Maharashtra,2019,17,Chalisgaon,183919,161722,19,345660,1661,116381,99230,6,2350,217967,63.06,https://www.eci.gov.in/eci-backend/public/api/download?url=LMAhAK6sOPBp%2FNFF0iRfXbEB1EVSLT41NNLRjYNJJP1KivrUxbfqkDatmHy12e%2FzVx8fLfn2ReU7TfrqYobgIlrN2bMN4m3pJDY4yLYUO%2FEcj%2FUThTcOTZz60vCdaDjjOc5weJ5%2B5c5M9BgPgzBqse9M%2BrgQnq4pkkgEMehe64ghnfspF5qrO2EdIwyRXMmAHn9nkd3y7XK92s%2Bea6VomQ%3D%3D
AE,Maharashtra,2019,18,Pachora,165472,149972,0,315444,1998,104471,94942,0,2241,201654,63.93,https://www.eci.gov.in/eci-backend/public/api/download?url=LMAhAK6sOPBp%2FNFF0iRfXbEB1EVSLT41NNLRjYNJJP1KivrUxbfqkDatmHy12e%2FzVx8fLfn2ReU7TfrqYobgIlrN2bMN4m3pJDY4yLYUO%2FEcj%2FUThTcOTZz60vCdaDjjOc5weJ5%2B5c5M9BgPgzBqse9M%2BrgQnq4pkkgEMehe64ghnfspF5qrO2EdIwyRXMmAHn9nkd3y7XK92s%2Bea6VomQ%3D%3D
AE,Maharashtra,2019,19,Jamner,161027,147921,4,308952,351,109651,97450,0,1787,208888,67.61,https://www.eci.gov.in/eci-backend/public/api/download?url=LMAhAK6sOPBp%2FNFF0iRfXbEB1EVSLT41NNLRjYNJJP1KivrUxbfqkDatmHy12e%2FzVx8fLfn2ReU7TfrqYobgIlrN2bMN4m3pJDY4yLYUO%2FEcj%2FUThTcOTZz60vCdaDjjOc5weJ5%2B5c5M9BgPgzBqse9M%2BrgQnq4pkkgEMehe64ghnfspF5qrO2EdIwyRXMmAHn9nkd3y7XK92s%2Bea6VomQ%3D%3D
AE,Maharashtra,2019,20,Muktainagar,149876,140298,1,290175,153,102330,92687,0,1284,196301,67.65,https://www.eci.gov.in/eci-backend/public/api/download?url=LMAhAK6sOPBp%2FNFF0iRfXbEB1EVSLT41NNLRjYNJJP1KivrUxbfqkDatmHy12e%2FzVx8fLfn2ReU7TfrqYobgIlrN2bMN4m3pJDY4yLYUO%2FEcj%2FUThTcOTZz60vCdaDjjOc5weJ5%2B5c5M9BgPgzBqse9M%2BrgQnq4pkkgEMehe64ghnfspF5qrO2EdIwyRXMmAHn9nkd3y7XK92s%2Bea6VomQ%3D%3D
AE,Maharashtra,2019,21,Malkapur,141632,127086,0,268718,380,99363,85535,0,1428,186326,69.34,https://www.eci.gov.in/eci-backend/public/api/download?url=LMAhAK6sOPBp%2FNFF0iRfXbEB1EVSLT41NNLRjYNJJP1KivrUxbfqkDatmHy12e%2FzVx8fLfn2ReU7TfrqYobgIlrN2bMN4m3pJDY4yLYUO%2FEcj%2FUThTcOTZz60vCdaDjjOc5weJ5%2B5c5M9BgPgzBqse9M%2BrgQnq4pkkgEMehe64ghnfspF5qrO2EdIwyRXMmAHn9nkd3y7XK92s%2Bea6VomQ%3D%3D
AE,Maharashtra,2019,22,Buldhana,159947,146323,2,306272,1098,93182,83900,0,2210,179292,58.54,https://www.eci.gov.in/eci-backend/public/api/download?url=LMAhAK6sOPBp%2FNFF0iRfXbEB1EVSLT41NNLRjYNJJP1KivrUxbfqkDatmHy12e%2FzVx8fLfn2ReU7TfrqYobgIlrN2bMN4m3pJDY4yLYUO%2FEcj%2FUThTcOTZz60vCdaDjjOc5weJ5%2B5c5M9BgPgzBqse9M%2BrgQnq4pkkgEMehe64ghnfspF5qrO2EdIwyRXMmAHn9nkd3y7XK92s%2Bea6VomQ%3D%3D
AE,Maharashtra,2019,23,Chikhli,153129,141889,0,295018,738,101395,91332,0,1938,194665,65.98,https://www.eci.gov.in/eci-backend/public/api/download?url=LMAhAK6sOPBp%2FNFF0iRfXbEB1EVSLT41NNLRjYNJJP1KivrUxbfqkDatmHy12e%2FzVx8fLfn2ReU7TfrqYobgIlrN2bMN4m3pJDY4yLYUO%2FEcj%2FUThTcOTZz60vCdaDjjOc5weJ5%2B5c5M9BgPgzBqse9M%2BrgQnq4pkkgEMehe64ghnfspF5qrO2EdIwyRXMmAHn9nkd3y7XK92s%2Bea6VomQ%3D%3D
AE,Maharashtra,2019,24,Sindkhed Raja,164260,148311,0,312571,1020,106191,93205,0,1994,201390,64.43,https://www.eci.gov.in/eci-backend/public/api/download?url=LMAhAK6sOPBp%2FNFF0iRfXbEB1EVSLT41NNLRjYNJJP1KivrUxbfqkDatmHy12e%2FzVx8fLfn2ReU7TfrqYobgIlrN2bMN4m3pJDY4yLYUO%2FEcj%2FUThTcOTZz60vCdaDjjOc5weJ5%2B5c5M9BgPgzBqse9M%2BrgQnq4pkkgEMehe64ghnfspF5qrO2EdIwyRXMmAHn9nkd3y7XK92s%2Bea6VomQ%3D%3D
AE,Maharashtra,2019,25,Mehkar,153641,139908,0,293549,635,94105,79385,0,1428,174918,59.59,https://www.eci.gov.in/eci-backend/public/api/download?url=LMAhAK6sOPBp%2FNFF0iRfXbEB1EVSLT41NNLRjYNJJP1KivrUxbfqkDatmHy12e%2FzVx8fLfn2ReU7TfrqYobgIlrN2bMN4m3pJDY4yLYUO%2FEcj%2FUThTcOTZz60vCdaDjjOc5weJ5%2B5c5M9BgPgzBqse9M%2BrgQnq4pkkgEMehe64ghnfspF5qrO2EdIwyRXMmAHn9nkd3y7XK92s%2Bea6VomQ%3D%3D
AE,Maharashtra,2019,26,Khamgaon,148530,131903,3,280436,377,106622,90498,0,1172,198292,70.71,https://www.eci.gov.in/eci-backend/public/api/download?url=LMAhAK6sOPBp%2FNFF0iRfXbEB1EVSLT41NNLRjYNJJP1KivrUxbfqkDatmHy12e%2FzVx8fLfn2ReU7TfrqYobgIlrN2bMN4m3pJDY4yLYUO%2FEcj%2FUThTcOTZz60vCdaDjjOc5weJ5%2B5c5M9BgPgzBqse9M%2BrgQnq4pkkgEMehe64ghnfspF5qrO2EdIwyRXMmAHn9nkd3y7XK92s%2Bea6VomQ%3D%3D
AE,Maharashtra,2019,27,Jalgaon (Jamod),152816,136918,2,289736,340,110112,92558,0,1165,203835,70.35,https://www.eci.gov.in/eci-backend/public/api/download?url=LMAhAK6sOPBp%2FNFF0iRfXbEB1EVSLT41NNLRjYNJJP1KivrUxbfqkDatmHy12e%2FzVx8fLfn2ReU7TfrqYobgIlrN2bMN4m3pJDY4yLYUO%2FEcj%2FUThTcOTZz60vCdaDjjOc5weJ5%2B5c5M9BgPgzBqse9M%2BrgQnq4pkkgEMehe64ghnfspF5qrO2EdIwyRXMmAHn9nkd3y7XK92s%2Bea6VomQ%3D%3D
AE,Maharashtra,2019,28,Akot,150736,134410,4,285150,749,102091,79906,1,1070,183068,64.20,https://www.eci.gov.in/eci-backend/public/api/download?url=LMAhAK6sOPBp%2FNFF0iRfXbEB1EVSLT41NNLRjYNJJP1KivrUxbfqkDatmHy12e%2FzVx8fLfn2ReU7TfrqYobgIlrN2bMN4m3pJDY4yLYUO%2FEcj%2FUThTcOTZz60vCdaDjjOc5weJ5%2B5c5M9BgPgzBqse9M%2BrgQnq4pkkgEMehe64ghnfspF5qrO2EdIwyRXMmAHn9nkd3y7XK92s%2Bea6VomQ%3D%3D
AE,Maharashtra,2019,29,Balapur,154566,141319,0,295885,935,105403,88941,0,1292,195636,66.12,https://www.eci.gov.in/eci-backend/public/api/download?url=LMAhAK6sOPBp%2FNFF0iRfXbEB1EVSLT41NNLRjYNJJP1KivrUxbfqkDatmHy12e%2FzVx8fLfn2ReU7TfrqYobgIlrN2bMN4m3pJDY4yLYUO%2FEcj%2FUThTcOTZz60vCdaDjjOc5weJ5%2B5c5M9BgPgzBqse9M%2BrgQnq4pkkgEMehe64ghnfspF5qrO2EdIwyRXMmAHn9nkd3y7XK92s%2Bea6VomQ%3D%3D
AE,Maharashtra,2019,30,Akola West,168936,163268,16,332220,295,90331,78344,3,862,169540,51.03,https://www.eci.gov.in/eci-backend/public/api/download?url=LMAhAK6sOPBp%2FNFF0iRfXbEB1EVSLT41NNLRjYNJJP1KivrUxbfqkDatmHy12e%2FzVx8fLfn2ReU7TfrqYobgIlrN2bMN4m3pJDY4yLYUO%2FEcj%2FUThTcOTZz60vCdaDjjOc5weJ5%2B5c5M9BgPgzBqse9M%2BrgQnq4pkkgEMehe64ghnfspF5qrO2EdIwyRXMmAHn9nkd3y7XK92s%2Bea6VomQ%3D%3D
AE,Maharashtra,2019,31,Akola East,177191,167621,23,344835,575,103688,88303,4,1467,193462,56.10,https://www.eci.gov.in/eci-backend/public/api/download?url=LMAhAK6sOPBp%2FNFF0iRfXbEB1EVSLT41NNLRjYNJJP1KivrUxbfqkDatmHy12e%2FzVx8fLfn2ReU7TfrqYobgIlrN2bMN4m3pJDY4yLYUO%2FEcj%2FUThTcOTZz60vCdaDjjOc5weJ5%2B5c5M9BgPgzBqse9M%2BrgQnq4pkkgEMehe64ghnfspF5qrO2EdIwyRXMmAHn9nkd3y7XK92s%2Bea6VomQ%3D%3D
AE,Maharashtra,2019,32,Murtizapur,164705,157105,7,321817,626,95621,79175,3,1031,175830,54.64,https://www.eci.gov.in/eci-backend/public/api/download?url=LMAhAK6sOPBp%2FNFF0iRfXbEB1EVSLT41NNLRjYNJJP1KivrUxbfqkDatmHy12e%2FzVx8fLfn2ReU7TfrqYobgIlrN2bMN4m3pJDY4yLYUO%2FEcj%2FUThTcOTZz60vCdaDjjOc5weJ5%2B5c5M9BgPgzBqse9M%2BrgQnq4pkkgEMehe64ghnfspF5qrO2EdIwyRXMmAHn9nkd3y7XK92s%2Bea6VomQ%3D%3D
AE,Maharashtra,2019,33,Risod,162507,146368,3,308878,500,108896,95029,0,1587,205512,66.54,https://www.eci.gov.in/eci-backend/public/api/download?url=LMAhAK6sOPBp%2FNFF0iRfXbEB1EVSLT41NNLRjYNJJP1KivrUxbfqkDatmHy12e%2FzVx8fLfn2ReU7TfrqYobgIlrN2bMN4m3pJDY4yLYUO%2FEcj%2FUThTcOTZz60vCdaDjjOc5weJ5%2B5c5M9BgPgzBqse9M%2BrgQnq4pkkgEMehe64ghnfspF5qrO2EdIwyRXMmAHn9nkd3y7XK92s%2Bea6VomQ%3D%3D
AE,Maharashtra,2019,34,Washim,182275,167000,4,349279,530,111844,93355,1,1689,206889,59.23,https://www.eci.gov.in/eci-backend/public/api/download?url=LMAhAK6sOPBp%2FNFF0iRfXbEB1EVSLT41NNLRjYNJJP1KivrUxbfqkDatmHy12e%2FzVx8fLfn2ReU7TfrqYobgIlrN2bMN4m3pJDY4yLYUO%2FEcj%2FUThTcOTZz60vCdaDjjOc5weJ5%2B5c5M9BgPgzBqse9M%2BrgQnq4pkkgEMehe64ghnfspF5qrO2EdIwyRXMmAHn9nkd3y7XK92s%2Bea6VomQ%3D%3D
AE,Maharashtra,2019,35,Karanja,156908,144743,3,301654,230,99551,85559,3,1410,186523,61.83,https://www.eci.gov.in/eci-backend/public/api/download?url=LMAhAK6sOPBp%2FNFF0iRfXbEB1EVSLT41NNLRjYNJJP1KivrUxbfqkDatmHy12e%2FzVx8fLfn2ReU7TfrqYobgIlrN2bMN4m3pJDY4yLYUO%2FEcj%2FUThTcOTZz60vCdaDjjOc5weJ5%2B5c5M9BgPgzBqse9M%2BrgQnq4pkkgEMehe64ghnfspF5qrO2EdIwyRXMmAHn9nkd3y7XK92s%2Bea6VomQ%3D%3D
AE,Maharashtra,2019,36,Dhamamgaon railway,160047,154649,2,314698,233,110890,98046,0,942,209878,66.69,https://www.eci.gov.in/eci-backend/public/api/download?url=LMAhAK6sOPBp%2FNFF0iRfXbEB1EVSLT41NNLRjYNJJP1KivrUxbfqkDatmHy12e%2FzVx8fLfn2ReU7TfrqYobgIlrN2bMN4m3pJDY4yLYUO%2FEcj%2FUThTcOTZz60vCdaDjjOc5weJ5%2B5c5M9BgPgzBqse9M%2BrgQnq4pkkgEMehe64ghnfspF5qrO2EdIwyRXMmAHn9nkd3y7XK92s%2Bea6VomQ%3D%3D
AE,Maharashtra,2019,37,Badnera,181332,174542,14,355888,266,98660,86520,0,1670,186850,52.50,https://www.eci.gov.in/eci-backend/public/api/download?url=LMAhAK6sOPBp%2FNFF0iRfXbEB1EVSLT41NNLRjYNJJP1KivrUxbfqkDatmHy12e%2FzVx8fLfn2ReU7TfrqYobgIlrN2bMN4m3pJDY4yLYUO%2FEcj%2FUThTcOTZz60vCdaDjjOc5weJ5%2B5c5M9BgPgzBqse9M%2BrgQnq4pkkgEMehe64ghnfspF5qrO2EdIwyRXMmAHn9nkd3y7XK92s%2Bea6VomQ%3D%3D
AE,Maharashtra,2019,38,Amravati,177572,168161,13,345746,281,94820,75931,2,2165,172918,50.01,https://www.eci.gov.in/eci-backend/public/api/download?url=LMAhAK6sOPBp%2FNFF0iRfXbEB1EVSLT41NNLRjYNJJP1KivrUxbfqkDatmHy12e%2FzVx8fLfn2ReU7TfrqYobgIlrN2bMN4m3pJDY4yLYUO%2FEcj%2FUThTcOTZz60vCdaDjjOc5weJ5%2B5c5M9BgPgzBqse9M%2BrgQnq4pkkgEMehe64ghnfspF5qrO2EdIwyRXMmAHn9nkd3y7XK92s%2Bea6VomQ%3D%3D
AE,Maharashtra,2019,39,Teosa,151862,144130,0,295992,419,95853,77161,0,738,173752,58.70,https://www.eci.gov.in/eci-backend/public/api/download?url=LMAhAK6sOPBp%2FNFF0iRfXbEB1EVSLT41NNLRjYNJJP1KivrUxbfqkDatmHy12e%2FzVx8fLfn2ReU7TfrqYobgIlrN2bMN4m3pJDY4yLYUO%2FEcj%2FUThTcOTZz60vCdaDjjOc5weJ5%2B5c5M9BgPgzBqse9M%2BrgQnq4pkkgEMehe64ghnfspF5qrO2EdIwyRXMmAHn9nkd3y7XK92s%2Bea6VomQ%3D%3D
AE,Maharashtra,2019,40,Daryapur,155311,142270,2,297583,932,104042,84853,0,1463,190358,63.97,https://www.eci.gov.in/eci-backend/public/api/download?url=LMAhAK6sOPBp%2FNFF0iRfXbEB1EVSLT41NNLRjYNJJP1KivrUxbfqkDatmHy12e%2FzVx8fLfn2ReU7TfrqYobgIlrN2bMN4m3pJDY4yLYUO%2FEcj%2FUThTcOTZz60vCdaDjjOc5weJ5%2B5c5M9BgPgzBqse9M%2BrgQnq4pkkgEMehe64ghnfspF5qrO2EdIwyRXMmAHn9nkd3y7XK92s%2Bea6VomQ%3D%3D
AE,Maharashtra,2019,41,Melghat,144237,133282,4,277523,314,95512,85811,1,671,181995,65.58,https://www.eci.gov.in/eci-backend/public/api/download?url=LMAhAK6sOPBp%2FNFF0iRfXbEB1EVSLT41NNLRjYNJJP1KivrUxbfqkDatmHy12e%2FzVx8fLfn2ReU7TfrqYobgIlrN2bMN4m3pJDY4yLYUO%2FEcj%2FUThTcOTZz60vCdaDjjOc5weJ5%2B5c5M9BgPgzBqse9M%2BrgQnq4pkkgEMehe64ghnfspF5qrO2EdIwyRXMmAHn9nkd3y7XK92s%2Bea6VomQ%3D%3D
AE,Maharashtra,2019,42,Achalpur,142734,132517,4,275255,456,101314,82885,1,1070,185270,67.31,https://www.eci.gov.in/eci-backend/public/api/download?url=LMAhAK6sOPBp%2FNFF0iRfXbEB1EVSLT41NNLRjYNJJP1KivrUxbfqkDatmHy12e%2FzVx8fLfn2ReU7TfrqYobgIlrN2bMN4m3pJDY4yLYUO%2FEcj%2FUThTcOTZz60vCdaDjjOc5weJ5%2B5c5M9BgPgzBqse9M%2BrgQnq4pkkgEMehe64ghnfspF5qrO2EdIwyRXMmAHn9nkd3y7XK92s%2Bea6VomQ%3D%3D
AE,Maharashtra,2019,43,Morshi,149738,139919,0,289657,381,103282,87810,0,894,191986,66.28,https://www.eci.gov.in/eci-backend/public/api/download?url=LMAhAK6sOPBp%2FNFF0iRfXbEB1EVSLT41NNLRjYNJJP1KivrUxbfqkDatmHy12e%2FzVx8fLfn2ReU7TfrqYobgIlrN2bMN4m3pJDY4yLYUO%2FEcj%2FUThTcOTZz60vCdaDjjOc5weJ5%2B5c5M9BgPgzBqse9M%2BrgQnq4pkkgEMehe64ghnfspF5qrO2EdIwyRXMmAHn9nkd3y7XK92s%2Bea6VomQ%3D%3D
AE,Maharashtra,2019,44,Arvi,134187,128407,0,262594,205,94331,82124,0,859,177314,67.52,https://www.eci.gov.in/eci-backend/public/api/download?url=LMAhAK6sOPBp%2FNFF0iRfXbEB1EVSLT41NNLRjYNJJP1KivrUxbfqkDatmHy12e%2FzVx8fLfn2ReU7TfrqYobgIlrN2bMN4m3pJDY4yLYUO%2FEcj%2FUThTcOTZz60vCdaDjjOc5weJ5%2B5c5M9BgPgzBqse9M%2BrgQnq4pkkgEMehe64ghnfspF5qrO2EdIwyRXMmAHn9nkd3y7XK92s%2Bea6VomQ%3D%3D
AE,Maharashtra,2019,45,Deoli,142200,133258,2,275460,228,93979,80771,0,316,175066,63.55,https://www.eci.gov.in/eci-backend/public/api/download?url=LMAhAK6sOPBp%2FNFF0iRfXbEB1EVSLT41NNLRjYNJJP1KivrUxbfqkDatmHy12e%2FzVx8fLfn2ReU7TfrqYobgIlrN2bMN4m3pJDY4yLYUO%2FEcj%2FUThTcOTZz60vCdaDjjOc5weJ5%2B5c5M9BgPgzBqse9M%2BrgQnq4pkkgEMehe64ghnfspF5qrO2EdIwyRXMmAHn9nkd3y7XK92s%2Bea6VomQ%3D%3D
AE,Maharashtra,2019,46,Hinganghat,152793,143337,0,296130,143,103117,87810,0,1609,192536,65.02,https://www.eci.gov.in/eci-backend/public/api/download?url=LMAhAK6sOPBp%2FNFF0iRfXbEB1EVSLT41NNLRjYNJJP1KivrUxbfqkDatmHy12e%2FzVx8fLfn2ReU7TfrqYobgIlrN2bMN4m3pJDY4yLYUO%2FEcj%2FUThTcOTZz60vCdaDjjOc5weJ5%2B5c5M9BgPgzBqse9M%2BrgQnq4pkkgEMehe64ghnfspF5qrO2EdIwyRXMmAHn9nkd3y7XK92s%2Bea6VomQ%3D%3D
AE,Maharashtra,2019,47,Wardha,160201,156428,12,316641,291,89815,78280,5,1473,169573,53.55,https://www.eci.gov.in/eci-backend/public/api/download?url=LMAhAK6sOPBp%2FNFF0iRfXbEB1EVSLT41NNLRjYNJJP1KivrUxbfqkDatmHy12e%2FzVx8fLfn2ReU7TfrqYobgIlrN2bMN4m3pJDY4yLYUO%2FEcj%2FUThTcOTZz60vCdaDjjOc5weJ5%2B5c5M9BgPgzBqse9M%2BrgQnq4pkkgEMehe64ghnfspF5qrO2EdIwyRXMmAHn9nkd3y7XK92s%2Bea6VomQ%3D%3D
AE,Maharashtra,2019,48,Katol,140837,131448,3,272288,395,100017,88782,1,1493,190293,69.89,https://www.eci.gov.in/eci-backend/public/api/download?url=LMAhAK6sOPBp%2FNFF0iRfXbEB1EVSLT41NNLRjYNJJP1KivrUxbfqkDatmHy12e%2FzVx8fLfn2ReU7TfrqYobgIlrN2bMN4m3pJDY4yLYUO%2FEcj%2FUThTcOTZz60vCdaDjjOc5weJ5%2B5c5M9BgPgzBqse9M%2BrgQnq4pkkgEMehe64ghnfspF5qrO2EdIwyRXMmAHn9nkd3y7XK92s%2Bea6VomQ%3D%3D
AE,Maharashtra,2019,49,Savner,160345,150672,1,311018,289,111935,98813,0,1033,211781,68.09,https://www.eci.gov.in/eci-backend/public/api/download?url=LMAhAK6sOPBp%2FNFF0iRfXbEB1EVSLT41NNLRjYNJJP1KivrUxbfqkDatmHy12e%2FzVx8fLfn2ReU7TfrqYobgIlrN2bMN4m3pJDY4yLYUO%2FEcj%2FUThTcOTZz60vCdaDjjOc5weJ5%2B5c5M9BgPgzBqse9M%2BrgQnq4pkkgEMehe64ghnfspF5qrO2EdIwyRXMmAHn9nkd3y7XK92s%2Bea6VomQ%3D%3D
AE,Maharashtra,2019,50,Hingna,198709,178192,14,376915,279,121707,104479,0,759,226945,60.21,https://www.eci.gov.in/eci-backend/public/api/download?url=LMAhAK6sOPBp%2FNFF0iRfXbEB1EVSLT41NNLRjYNJJP1KivrUxbfqkDatmHy12e%2FzVx8fLfn2ReU7TfrqYobgIlrN2bMN4m3pJDY4yLYUO%2FEcj%2FUThTcOTZz60vCdaDjjOc5weJ5%2B5c5M9BgPgzBqse9M%2BrgQnq4pkkgEMehe64ghnfspF5qrO2EdIwyRXMmAHn9nkd3y7XK92s%2Bea6VomQ%3D%3D
AE,Maharashtra,2019,51,Umred,147237,137531,0,284768,111,105220,92259,0,1118,198597,69.74,https://www.eci.gov.in/eci-backend/public/api/download?url=LMAhAK6sOPBp%2FNFF0iRfXbEB1EVSLT41NNLRjYNJJP1KivrUxbfqkDatmHy12e%2FzVx8fLfn2ReU7TfrqYobgIlrN2bMN4m3pJDY4yLYUO%2FEcj%2FUThTcOTZz60vCdaDjjOc5weJ5%2B5c5M9BgPgzBqse9M%2BrgQnq4pkkgEMehe64ghnfspF5qrO2EdIwyRXMmAHn9nkd3y7XK92s%2Bea6VomQ%3D%3D
AE,Maharashtra,2019,52,Nagpur South West,192485,191857,13,384355,261,98832,92705,0,724,192261,50.02,https://www.eci.gov.in/eci-backend/public/api/download?url=LMAhAK6sOPBp%2FNFF0iRfXbEB1EVSLT41NNLRjYNJJP1KivrUxbfqkDatmHy12e%2FzVx8fLfn2ReU7TfrqYobgIlrN2bMN4m3pJDY4yLYUO%2FEcj%2FUThTcOTZz60vCdaDjjOc5weJ5%2B5c5M9BgPgzBqse9M%2BrgQnq4pkkgEMehe64ghnfspF5qrO2EdIwyRXMmAHn9nkd3y7XK92s%2Bea6VomQ%3D%3D
AE,Maharashtra,2019,53,Nagpur South,192272,190220,1,382493,152,101060,91253,0,1258,193571,50.61,https://www.eci.gov.in/eci-backend/public/api/download?url=LMAhAK6sOPBp%2FNFF0iRfXbEB1EVSLT41NNLRjYNJJP1KivrUxbfqkDatmHy12e%2FzVx8fLfn2ReU7TfrqYobgIlrN2bMN4m3pJDY4yLYUO%2FEcj%2FUThTcOTZz60vCdaDjjOc5weJ5%2B5c5M9BgPgzBqse9M%2BrgQnq4pkkgEMehe64ghnfspF5qrO2EdIwyRXMmAHn9nkd3y7XK92s%2Bea6VomQ%3D%3D
AE,Maharashtra,2019,54,Nagpur East,193165,178793,9,371967,74,107786,90422,1,469,198678,53.41,https://www.eci.gov.in/eci-backend/public/api/download?url=LMAhAK6sOPBp%2FNFF0iRfXbEB1EVSLT41NNLRjYNJJP1KivrUxbfqkDatmHy12e%2FzVx8fLfn2ReU7TfrqYobgIlrN2bMN4m3pJDY4yLYUO%2FEcj%2FUThTcOTZz60vCdaDjjOc5weJ5%2B5c5M9BgPgzBqse9M%2BrgQnq4pkkgEMehe64ghnfspF5qrO2EdIwyRXMmAHn9nkd3y7XK92s%2Bea6VomQ%3D%3D
AE,Maharashtra,2019,55,Nagpur central,163634,160588,11,324233,75,89657,74505,1,348,164511,50.74,https://www.eci.gov.in/eci-backend/public/api/download?url=LMAhAK6sOPBp%2FNFF0iRfXbEB1EVSLT41NNLRjYNJJP1KivrUxbfqkDatmHy12e%2FzVx8fLfn2ReU7TfrqYobgIlrN2bMN4m3pJDY4yLYUO%2FEcj%2FUThTcOTZz60vCdaDjjOc5weJ5%2B5c5M9BgPgzBqse9M%2BrgQnq4pkkgEMehe64ghnfspF5qrO2EdIwyRXMmAHn9nkd3y7XK92s%2Bea6VomQ%3D%3D
AE,Maharashtra,2019,56,Nagpur West,183129,179405,5,362539,265,94240,84101,1,786,179128,49.41,https://www.eci.gov.in/eci-backend/public/api/download?url=LMAhAK6sOPBp%2FNFF0iRfXbEB1EVSLT41NNLRjYNJJP1KivrUxbfqkDatmHy12e%2FzVx8fLfn2ReU7TfrqYobgIlrN2bMN4m3pJDY4yLYUO%2FEcj%2FUThTcOTZz60vCdaDjjOc5weJ5%2B5c5M9BgPgzBqse9M%2BrgQnq4pkkgEMehe64ghnfspF5qrO2EdIwyRXMmAHn9nkd3y7XK92s%2Bea6VomQ%3D%3D
AE,Maharashtra,2019,57,Nagpur North,195519,189183,40,384742,148,103862,91403,2,575,195842,50.90,https://www.eci.gov.in/eci-backend/public/api/download?url=LMAhAK6sOPBp%2FNFF0iRfXbEB1EVSLT41NNLRjYNJJP1KivrUxbfqkDatmHy12e%2FzVx8fLfn2ReU7TfrqYobgIlrN2bMN4m3pJDY4yLYUO%2FEcj%2FUThTcOTZz60vCdaDjjOc5weJ5%2B5c5M9BgPgzBqse9M%2BrgQnq4pkkgEMehe64ghnfspF5qrO2EdIwyRXMmAHn9nkd3y7XK92s%2Bea6VomQ%3D%3D
AE,Maharashtra,2019,58,Kamthi,226013,214205,3,440221,346,137833,121015,0,614,259462,58.94,https://www.eci.gov.in/eci-backend/public/api/download?url=LMAhAK6sOPBp%2FNFF0iRfXbEB1EVSLT41NNLRjYNJJP1KivrUxbfqkDatmHy12e%2FzVx8fLfn2ReU7TfrqYobgIlrN2bMN4m3pJDY4yLYUO%2FEcj%2FUThTcOTZz60vCdaDjjOc5weJ5%2B5c5M9BgPgzBqse9M%2BrgQnq4pkkgEMehe64ghnfspF5qrO2EdIwyRXMmAHn9nkd3y7XK92s%2Bea6VomQ%3D%3D
AE,Maharashtra,2019,59,Ramtek,144130,134524,0,278654,375,97797,86126,0,775,184698,66.28,https://www.eci.gov.in/eci-backend/public/api/download?url=LMAhAK6sOPBp%2FNFF0iRfXbEB1EVSLT41NNLRjYNJJP1KivrUxbfqkDatmHy12e%2FzVx8fLfn2ReU7TfrqYobgIlrN2bMN4m3pJDY4yLYUO%2FEcj%2FUThTcOTZz60vCdaDjjOc5weJ5%2B5c5M9BgPgzBqse9M%2BrgQnq4pkkgEMehe64ghnfspF5qrO2EdIwyRXMmAHn9nkd3y7XK92s%2Bea6VomQ%3D%3D
AE,Maharashtra,2019,60,Tumsar,153942,149710,0,303652,729,109654,103807,0,1656,215117,70.84,https://www.eci.gov.in/eci-backend/public/api/download?url=LMAhAK6sOPBp%2FNFF0iRfXbEB1EVSLT41NNLRjYNJJP1KivrUxbfqkDatmHy12e%2FzVx8fLfn2ReU7TfrqYobgIlrN2bMN4m3pJDY4yLYUO%2FEcj%2FUThTcOTZz60vCdaDjjOc5weJ5%2B5c5M9BgPgzBqse9M%2BrgQnq4pkkgEMehe64ghnfspF5qrO2EdIwyRXMmAHn9nkd3y7XK92s%2Bea6VomQ%3D%3D
AE,Maharashtra,2019,61,Bhandara,185645,185443,0,371088,514,120282,111774,0,2364,234420,63.17,https://www.eci.gov.in/eci-backend/public/api/download?url=LMAhAK6sOPBp%2FNFF0iRfXbEB1EVSLT41NNLRjYNJJP1KivrUxbfqkDatmHy12e%2FzVx8fLfn2ReU7TfrqYobgIlrN2bMN4m3pJDY4yLYUO%2FEcj%2FUThTcOTZz60vCdaDjjOc5weJ5%2B5c5M9BgPgzBqse9M%2BrgQnq4pkkgEMehe64ghnfspF5qrO2EdIwyRXMmAHn9nkd3y7XK92s%2Bea6VomQ%3D%3D
AE,Maharashtra,2019,62,Sakoli,161309,157495,0,318804,411,114744,111927,0,2051,228722,71.74,https://www.eci.gov.in/eci-backend/public/api/download?url=LMAhAK6sOPBp%2FNFF0iRfXbEB1EVSLT41NNLRjYNJJP1KivrUxbfqkDatmHy12e%2FzVx8fLfn2ReU7TfrqYobgIlrN2bMN4m3pJDY4yLYUO%2FEcj%2FUThTcOTZz60vCdaDjjOc5weJ5%2B5c5M9BgPgzBqse9M%2BrgQnq4pkkgEMehe64ghnfspF5qrO2EdIwyRXMmAHn9nkd3y7XK92s%2Bea6VomQ%3D%3D
AE,Maharashtra,2019,63,Arjuni-morgaon,127417,125497,1,252915,324,86791,88176,0,1448,176415,69.75,https://www.eci.gov.in/eci-backend/public/api/download?url=LMAhAK6sOPBp%2FNFF0iRfXbEB1EVSLT41NNLRjYNJJP1KivrUxbfqkDatmHy12e%2FzVx8fLfn2ReU7TfrqYobgIlrN2bMN4m3pJDY4yLYUO%2FEcj%2FUThTcOTZz60vCdaDjjOc5weJ5%2B5c5M9BgPgzBqse9M%2BrgQnq4pkkgEMehe64ghnfspF5qrO2EdIwyRXMmAHn9nkd3y7XK92s%2Bea6VomQ%3D%3D
AE,Maharashtra,2019,64,Tirora,127834,130080,4,257918,567,83402,84759,1,1391,169553,65.74,https://www.eci.gov.in/eci-backend/public/api/download?url=LMAhAK6sOPBp%2FNFF0iRfXbEB1EVSLT41NNLRjYNJJP1KivrUxbfqkDatmHy12e%2FzVx8fLfn2ReU7TfrqYobgIlrN2bMN4m3pJDY4yLYUO%2FEcj%2FUThTcOTZz60vCdaDjjOc5weJ5%2B5c5M9BgPgzBqse9M%2BrgQnq4pkkgEMehe64ghnfspF5qrO2EdIwyRXMmAHn9nkd3y7XK92s%2Bea6VomQ%3D%3D
AE,Maharashtra,2019,65,Gondiya,158045,164203,0,322248,450,102809,104947,0,1904,209660,65.06,https://www.eci.gov.in/eci-backend/public/api/download?url=LMAhAK6sOPBp%2FNFF0iRfXbEB1EVSLT41NNLRjYNJJP1KivrUxbfqkDatmHy12e%2FzVx8fLfn2ReU7TfrqYobgIlrN2bMN4m3pJDY4yLYUO%2FEcj%2FUThTcOTZz60vCdaDjjOc5weJ5%2B5c5M9BgPgzBqse9M%2BrgQnq4pkkgEMehe64ghnfspF5qrO2EdIwyRXMmAHn9nkd3y7XK92s%2Bea6VomQ%3D%3D
AE,Maharashtra,2019,66,Amgaon,133829,133159,0,266988,458,89283,92763,0,1298,183344,68.67,https://www.eci.gov.in/eci-backend/public/api/download?url=LMAhAK6sOPBp%2FNFF0iRfXbEB1EVSLT41NNLRjYNJJP1KivrUxbfqkDatmHy12e%2FzVx8fLfn2ReU7TfrqYobgIlrN2bMN4m3pJDY4yLYUO%2FEcj%2FUThTcOTZz60vCdaDjjOc5weJ5%2B5c5M9BgPgzBqse9M%2BrgQnq4pkkgEMehe64ghnfspF5qrO2EdIwyRXMmAHn9nkd3y7XK92s%2Bea6VomQ%3D%3D
AE,Maharashtra,2019,67,Armori,127990,125359,0,253349,207,93568,89091,0,279,182938,72.21,https://www.eci.gov.in/eci-backend/public/api/download?url=LMAhAK6sOPBp%2FNFF0iRfXbEB1EVSLT41NNLRjYNJJP1KivrUxbfqkDatmHy12e%2FzVx8fLfn2ReU7TfrqYobgIlrN2bMN4m3pJDY4yLYUO%2FEcj%2FUThTcOTZz60vCdaDjjOc5weJ5%2B5c5M9BgPgzBqse9M%2BrgQnq4pkkgEMehe64ghnfspF5qrO2EdIwyRXMmAHn9nkd3y7XK92s%2Bea6VomQ%3D%3D
AE,Maharashtra,2019,68,Gadchiroli,146025,140032,0,286057,230,100617,95314,0,506,196437,68.67,https://www.eci.gov.in/eci-backend/public/api/download?url=LMAhAK6sOPBp%2FNFF0iRfXbEB1EVSLT41NNLRjYNJJP1KivrUxbfqkDatmHy12e%2FzVx8fLfn2ReU7TfrqYobgIlrN2bMN4m3pJDY4yLYUO%2FEcj%2FUThTcOTZz60vCdaDjjOc5weJ5%2B5c5M9BgPgzBqse9M%2BrgQnq4pkkgEMehe64ghnfspF5qrO2EdIwyRXMmAHn9nkd3y7XK92s%2Bea6VomQ%3D%3D
AE,Maharashtra,2019,69,Aheri,119668,116808,2,236478,78,86784,79502,1,100,166387,70.36,https://www.eci.gov.in/eci-backend/public/api/download?url=LMAhAK6sOPBp%2FNFF0iRfXbEB1EVSLT41NNLRjYNJJP1KivrUxbfqkDatmHy12e%2FzVx8fLfn2ReU7TfrqYobgIlrN2bMN4m3pJDY4yLYUO%2FEcj%2FUThTcOTZz60vCdaDjjOc5weJ5%2B5c5M9BgPgzBqse9M%2BrgQnq4pkkgEMehe64ghnfspF5qrO2EdIwyRXMmAHn9nkd3y7XK92s%2Bea6VomQ%3D%3D
AE,Maharashtra,2019,70,Rajura,165361,150657,0,316018,199,118969,105019,0,1032,225020,71.20,https://www.eci.gov.in/eci-backend/public/api/download?url=LMAhAK6sOPBp%2FNFF0iRfXbEB1EVSLT41NNLRjYNJJP1KivrUxbfqkDatmHy12e%2FzVx8fLfn2ReU7TfrqYobgIlrN2bMN4m3pJDY4yLYUO%2FEcj%2FUThTcOTZz60vCdaDjjOc5weJ5%2B5c5M9BgPgzBqse9M%2BrgQnq4pkkgEMehe64ghnfspF5qrO2EdIwyRXMmAHn9nkd3y7XK92s%2Bea6VomQ%3D%3D
AE,Maharashtra,2019,71,Chandrapur,203087,193013,17,396117,417,107025,94876,1,1792,203694,51.42,https://www.eci.gov.in/eci-backend/public/api/download?url=LMAhAK6sOPBp%2FNFF0iRfXbEB1EVSLT41NNLRjYNJJP1KivrUxbfqkDatmHy12e%2FzVx8fLfn2ReU7TfrqYobgIlrN2bMN4m3pJDY4yLYUO%2FEcj%2FUThTcOTZz60vCdaDjjOc5weJ5%2B5c5M9BgPgzBqse9M%2BrgQnq4pkkgEMehe64ghnfspF5qrO2EdIwyRXMmAHn9nkd3y7XK92s%2Bea6VomQ%3D%3D
AE,Maharashtra,2019,72,Ballarpur,164333,156749,1,321083,316,104109,95648,1,1031,200789,62.53,https://www.eci.gov.in/eci-backend/public/api/download?url=LMAhAK6sOPBp%2FNFF0iRfXbEB1EVSLT41NNLRjYNJJP1KivrUxbfqkDatmHy12e%2FzVx8fLfn2ReU7TfrqYobgIlrN2bMN4m3pJDY4yLYUO%2FEcj%2FUThTcOTZz60vCdaDjjOc5weJ5%2B5c5M9BgPgzBqse9M%2BrgQnq4pkkgEMehe64ghnfspF5qrO2EdIwyRXMmAHn9nkd3y7XK92s%2Bea6VomQ%3D%3D
AE,Maharashtra,2019,73,Brahmapuri,136486,134115,0,270601,219,95563,96672,0,1315,193550,71.53,https://www.eci.gov.in/eci-backend/public/api/download?url=LMAhAK6sOPBp%2FNFF0iRfXbEB1EVSLT41NNLRjYNJJP1KivrUxbfqkDatmHy12e%2FzVx8fLfn2ReU7TfrqYobgIlrN2bMN4m3pJDY4yLYUO%2FEcj%2FUThTcOTZz60vCdaDjjOc5weJ5%2B5c5M9BgPgzBqse9M%2BrgQnq4pkkgEMehe64ghnfspF5qrO2EdIwyRXMmAHn9nkd3y7XK92s%2Bea6VomQ%3D%3D
AE,Maharashtra,2019,74,Chimur,140947,136703,2,277652,168,105766,101327,0,1179,208272,75.01,https://www.eci.gov.in/eci-backend/public/api/download?url=LMAhAK6sOPBp%2FNFF0iRfXbEB1EVSLT41NNLRjYNJJP1KivrUxbfqkDatmHy12e%2FzVx8fLfn2ReU7TfrqYobgIlrN2bMN4m3pJDY4yLYUO%2FEcj%2FUThTcOTZz60vCdaDjjOc5weJ5%2B5c5M9BgPgzBqse9M%2BrgQnq4pkkgEMehe64ghnfspF5qrO2EdIwyRXMmAHn9nkd3y7XK92s%2Bea6VomQ%3D%3D
AE,Maharashtra,2019,75,Warora,153813,142773,2,296588,389,98383,86383,1,1420,186187,62.78,https://www.eci.gov.in/eci-backend/public/api/download?url=LMAhAK6sOPBp%2FNFF0iRfXbEB1EVSLT41NNLRjYNJJP1KivrUxbfqkDatmHy12e%2FzVx8fLfn2ReU7TfrqYobgIlrN2bMN4m3pJDY4yLYUO%2FEcj%2FUThTcOTZz60vCdaDjjOc5weJ5%2B5c5M9BgPgzBqse9M%2BrgQnq4pkkgEMehe64ghnfspF5qrO2EdIwyRXMmAHn9nkd3y7XK92s%2Bea6VomQ%3D%3D
AE,Maharashtra,2019,76,Wani,147858,136995,0,284853,269,111201,96662,0,1360,209223,73.45,https://www.eci.gov.in/eci-backend/public/api/download?url=LMAhAK6sOPBp%2FNFF0iRfXbEB1EVSLT41NNLRjYNJJP1KivrUxbfqkDatmHy12e%2FzVx8fLfn2ReU7TfrqYobgIlrN2bMN4m3pJDY4yLYUO%2FEcj%2FUThTcOTZz60vCdaDjjOc5weJ5%2B5c5M9BgPgzBqse9M%2BrgQnq4pkkgEMehe64ghnfspF5qrO2EdIwyRXMmAHn9nkd3y7XK92s%2Bea6VomQ%3D%3D
AE,Maharashtra,2019,77,Ralegaon,145357,138156,1,283514,146,104879,92213,1,676,197769,69.76,https://www.eci.gov.in/eci-backend/public/api/download?url=LMAhAK6sOPBp%2FNFF0iRfXbEB1EVSLT41NNLRjYNJJP1KivrUxbfqkDatmHy12e%2FzVx8fLfn2ReU7TfrqYobgIlrN2bMN4m3pJDY4yLYUO%2FEcj%2FUThTcOTZz60vCdaDjjOc5weJ5%2B5c5M9BgPgzBqse9M%2BrgQnq4pkkgEMehe64ghnfspF5qrO2EdIwyRXMmAHn9nkd3y7XK92s%2Bea6VomQ%3D%3D
AE,Maharashtra,2019,78,Yavatmal,196435,188479,21,384935,163,113400,100551,3,1769,215723,56.04,https://www.eci.gov.in/eci-backend/public/api/download?url=LMAhAK6sOPBp%2FNFF0iRfXbEB1EVSLT41NNLRjYNJJP1KivrUxbfqkDatmHy12e%2FzVx8fLfn2ReU7TfrqYobgIlrN2bMN4m3pJDY4yLYUO%2FEcj%2FUThTcOTZz60vCdaDjjOc5weJ5%2B5c5M9BgPgzBqse9M%2BrgQnq4pkkgEMehe64ghnfspF5qrO2EdIwyRXMmAHn9nkd3y7XK92s%2Bea6VomQ%3D%3D
AE,Maharashtra,2019,79,Digras,168029,154949,2,322980,195,119251,105584,0,1424,226259,70.05,https://www.eci.gov.in/eci-backend/public/api/download?url=LMAhAK6sOPBp%2FNFF0iRfXbEB1EVSLT41NNLRjYNJJP1KivrUxbfqkDatmHy12e%2FzVx8fLfn2ReU7TfrqYobgIlrN2bMN4m3pJDY4yLYUO%2FEcj%2FUThTcOTZz60vCdaDjjOc5weJ5%2B5c5M9BgPgzBqse9M%2BrgQnq4pkkgEMehe64ghnfspF5qrO2EdIwyRXMmAHn9nkd3y7XK92s%2Bea6VomQ%3D%3D
AE,Maharashtra,2019,80,Arni,161016,151249,3,312268,141,111642,98699,1,1224,211566,67.75,https://www.eci.gov.in/eci-backend/public/api/download?url=LMAhAK6sOPBp%2FNFF0iRfXbEB1EVSLT41NNLRjYNJJP1KivrUxbfqkDatmHy12e%2FzVx8fLfn2ReU7TfrqYobgIlrN2bMN4m3pJDY4yLYUO%2FEcj%2FUThTcOTZz60vCdaDjjOc5weJ5%2B5c5M9BgPgzBqse9M%2BrgQnq4pkkgEMehe64ghnfspF5qrO2EdIwyRXMmAHn9nkd3y7XK92s%2Bea6VomQ%3D%3D
AE,Maharashtra,2019,81,Pusad,154667,138967,1,293635,214,101206,87968,0,1339,190513,64.88,https://www.eci.gov.in/eci-backend/public/api/download?url=LMAhAK6sOPBp%2FNFF0iRfXbEB1EVSLT41NNLRjYNJJP1KivrUxbfqkDatmHy12e%2FzVx8fLfn2ReU7TfrqYobgIlrN2bMN4m3pJDY4yLYUO%2FEcj%2FUThTcOTZz60vCdaDjjOc5weJ5%2B5c5M9BgPgzBqse9M%2BrgQnq4pkkgEMehe64ghnfspF5qrO2EdIwyRXMmAHn9nkd3y7XK92s%2Bea6VomQ%3D%3D
AE,Maharashtra,2019,82,Umarkhed,153921,139557,2,293480,250,104846,91022,1,978,196847,67.07,https://www.eci.gov.in/eci-backend/public/api/download?url=LMAhAK6sOPBp%2FNFF0iRfXbEB1EVSLT41NNLRjYNJJP1KivrUxbfqkDatmHy12e%2FzVx8fLfn2ReU7TfrqYobgIlrN2bMN4m3pJDY4yLYUO%2FEcj%2FUThTcOTZz60vCdaDjjOc5weJ5%2B5c5M9BgPgzBqse9M%2BrgQnq4pkkgEMehe64ghnfspF5qrO2EdIwyRXMmAHn9nkd3y7XK92s%2Bea6VomQ%3D%3D
AE,Maharashtra,2019,83,Kinwat,133727,125845,7,259579,123,96453,86806,6,1365,184630,71.13,https://www.eci.gov.in/eci-backend/public/api/download?url=LMAhAK6sOPBp%2FNFF0iRfXbEB1EVSLT41NNLRjYNJJP1KivrUxbfqkDatmHy12e%2FzVx8fLfn2ReU7TfrqYobgIlrN2bMN4m3pJDY4yLYUO%2FEcj%2FUThTcOTZz60vCdaDjjOc5weJ5%2B5c5M9BgPgzBqse9M%2BrgQnq4pkkgEMehe64ghnfspF5qrO2EdIwyRXMmAHn9nkd3y7XK92s%2Bea6VomQ%3D%3D
AE,Maharashtra,2019,84,Hadgaon,146292,133086,1,279379,147,103829,91107,0,869,195805,70.09,https://www.eci.gov.in/eci-backend/public/api/download?url=LMAhAK6sOPBp%2FNFF0iRfXbEB1EVSLT41NNLRjYNJJP1KivrUxbfqkDatmHy12e%2FzVx8fLfn2ReU7TfrqYobgIlrN2bMN4m3pJDY4yLYUO%2FEcj%2FUThTcOTZz60vCdaDjjOc5weJ5%2B5c5M9BgPgzBqse9M%2BrgQnq4pkkgEMehe64ghnfspF5qrO2EdIwyRXMmAHn9nkd3y7XK92s%2Bea6VomQ%3D%3D
AE,Maharashtra,2019,85,Bhokar,144088,134910,6,279004,231,109312,96974,3,1096,207385,74.33,https://www.eci.gov.in/eci-backend/public/api/download?url=LMAhAK6sOPBp%2FNFF0iRfXbEB1EVSLT41NNLRjYNJJP1KivrUxbfqkDatmHy12e%2FzVx8fLfn2ReU7TfrqYobgIlrN2bMN4m3pJDY4yLYUO%2FEcj%2FUThTcOTZz60vCdaDjjOc5weJ5%2B5c5M9BgPgzBqse9M%2BrgQnq4pkkgEMehe64ghnfspF5qrO2EdIwyRXMmAHn9nkd3y7XK92s%2Bea6VomQ%3D%3D
AE,Maharashtra,2019,86,Nanded North,162423,151053,47,313523,154,100579,86746,14,2484,189823,60.55,https://www.eci.gov.in/eci-backend/public/api/download?url=LMAhAK6sOPBp%2FNFF0iRfXbEB1EVSLT41NNLRjYNJJP1KivrUxbfqkDatmHy12e%2FzVx8fLfn2ReU7TfrqYobgIlrN2bMN4m3pJDY4yLYUO%2FEcj%2FUThTcOTZz60vCdaDjjOc5weJ5%2B5c5M9BgPgzBqse9M%2BrgQnq4pkkgEMehe64ghnfspF5qrO2EdIwyRXMmAHn9nkd3y7XK92s%2Bea6VomQ%3D%3D
AE,Maharashtra,2019,87,Nanded South,147543,137579,0,285122,224,97189,84194,0,1463,182846,64.13,https://www.eci.gov.in/eci-backend/public/api/download?url=LMAhAK6sOPBp%2FNFF0iRfXbEB1EVSLT41NNLRjYNJJP1KivrUxbfqkDatmHy12e%2FzVx8fLfn2ReU7TfrqYobgIlrN2bMN4m3pJDY4yLYUO%2FEcj%2FUThTcOTZz60vCdaDjjOc5weJ5%2B5c5M9BgPgzBqse9M%2BrgQnq4pkkgEMehe64ghnfspF5qrO2EdIwyRXMmAHn9nkd3y7XK92s%2Bea6VomQ%3D%3D
AE,Maharashtra,2019,88,Loha,142451,131867,5,274323,906,100376,90297,1,2048,192722,70.25,https://www.eci.gov.in/eci-backend/public/api/download?url=LMAhAK6sOPBp%2FNFF0iRfXbEB1EVSLT41NNLRjYNJJP1KivrUxbfqkDatmHy12e%2FzVx8fLfn2ReU7TfrqYobgIlrN2bMN4m3pJDY4yLYUO%2FEcj%2FUThTcOTZz60vCdaDjjOc5weJ5%2B5c5M9BgPgzBqse9M%2BrgQnq4pkkgEMehe64ghnfspF5qrO2EdIwyRXMmAHn9nkd3y7XK92s%2Bea6VomQ%3D%3D
AE,Maharashtra,2019,89,Naigaon,146949,136462,2,283413,224,109849,98508,0,1785,210142,74.15,https://www.eci.gov.in/eci-backend/public/api/download?url=LMAhAK6sOPBp%2FNFF0iRfXbEB1EVSLT41NNLRjYNJJP1KivrUxbfqkDatmHy12e%2FzVx8fLfn2ReU7TfrqYobgIlrN2bMN4m3pJDY4yLYUO%2FEcj%2FUThTcOTZz60vCdaDjjOc5weJ5%2B5c5M9BgPgzBqse9M%2BrgQnq4pkkgEMehe64ghnfspF5qrO2EdIwyRXMmAHn9nkd3y7XK92s%2Bea6VomQ%3D%3D
AE,Maharashtra,2019,90,Deglur,150777,141093,0,291870,180,93479,82817,0,1920,178216,61.06,https://www.eci.gov.in/eci-backend/public/api/download?url=LMAhAK6sOPBp%2FNFF0iRfXbEB1EVSLT41NNLRjYNJJP1KivrUxbfqkDatmHy12e%2FzVx8fLfn2ReU7TfrqYobgIlrN2bMN4m3pJDY4yLYUO%2FEcj%2FUThTcOTZz60vCdaDjjOc5weJ5%2B5c5M9BgPgzBqse9M%2BrgQnq4pkkgEMehe64ghnfspF5qrO2EdIwyRXMmAHn9nkd3y7XK92s%2Bea6VomQ%3D%3D
AE,Maharashtra,2019,91,Mukhed,148786,134390,7,283183,601,96189,87569,0,2357,186115,65.72,https://www.eci.gov.in/eci-backend/public/api/download?url=LMAhAK6sOPBp%2FNFF0iRfXbEB1EVSLT41NNLRjYNJJP1KivrUxbfqkDatmHy12e%2FzVx8fLfn2ReU7TfrqYobgIlrN2bMN4m3pJDY4yLYUO%2FEcj%2FUThTcOTZz60vCdaDjjOc5weJ5%2B5c5M9BgPgzBqse9M%2BrgQnq4pkkgEMehe64ghnfspF5qrO2EdIwyRXMmAHn9nkd3y7XK92s%2Bea6VomQ%3D%3D
AE,Maharashtra,2019,92,Basmath,152152,140151,1,292304,241,115352,100864,0,1603,217819,74.52,https://www.eci.gov.in/eci-backend/public/api/download?url=LMAhAK6sOPBp%2FNFF0iRfXbEB1EVSLT41NNLRjYNJJP1KivrUxbfqkDatmHy12e%2FzVx8fLfn2ReU7TfrqYobgIlrN2bMN4m3pJDY4yLYUO%2FEcj%2FUThTcOTZz60vCdaDjjOc5weJ5%2B5c5M9BgPgzBqse9M%2BrgQnq4pkkgEMehe64ghnfspF5qrO2EdIwyRXMmAHn9nkd3y7XK92s%2Bea6VomQ%3D%3D
AE,Maharashtra,2019,93,Kalamnuri,160098,145408,0,305506,235,112918,97296,0,1206,211420,69.20,https://www.eci.gov.in/eci-backend/public/api/download?url=LMAhAK6sOPBp%2FNFF0iRfXbEB1EVSLT41NNLRjYNJJP1KivrUxbfqkDatmHy12e%2FzVx8fLfn2ReU7TfrqYobgIlrN2bMN4m3pJDY4yLYUO%2FEcj%2FUThTcOTZz60vCdaDjjOc5weJ5%2B5c5M9BgPgzBqse9M%2BrgQnq4pkkgEMehe64ghnfspF5qrO2EdIwyRXMmAHn9nkd3y7XK92s%2Bea6VomQ%3D%3D
AE,Maharashtra,2019,94,Hingoli,163753,148678,0,312431,256,106404,92244,0,1820,200468,64.16,https://www.eci.gov.in/eci-backend/public/api/download?url=LMAhAK6sOPBp%2FNFF0iRfXbEB1EVSLT41NNLRjYNJJP1KivrUxbfqkDatmHy12e%2FzVx8fLfn2ReU7TfrqYobgIlrN2bMN4m3pJDY4yLYUO%2FEcj%2FUThTcOTZz60vCdaDjjOc5weJ5%2B5c5M9BgPgzBqse9M%2BrgQnq4pkkgEMehe64ghnfspF5qrO2EdIwyRXMmAHn9nkd3y7XK92s%2Bea6VomQ%3D%3D
AE,Maharashtra,2019,95,Jintur,181820,169100,3,350923,89,135492,120193,1,1517,257203,73.29,https://www.eci.gov.in/eci-backend/public/api/download?url=LMAhAK6sOPBp%2FNFF0iRfXbEB1EVSLT41NNLRjYNJJP1KivrUxbfqkDatmHy12e%2FzVx8fLfn2ReU7TfrqYobgIlrN2bMN4m3pJDY4yLYUO%2FEcj%2FUThTcOTZz60vCdaDjjOc5weJ5%2B5c5M9BgPgzBqse9M%2BrgQnq4pkkgEMehe64ghnfspF5qrO2EdIwyRXMmAHn9nkd3y7XK92s%2Bea6VomQ%3D%3D
AE,Maharashtra,2019,96,Parbhani,158649,147810,1,306460,161,102639,87900,0,2010,192549,62.83,https://www.eci.gov.in/eci-backend/public/api/download?url=LMAhAK6sOPBp%2FNFF0iRfXbEB1EVSLT41NNLRjYNJJP1KivrUxbfqkDatmHy12e%2FzVx8fLfn2ReU7TfrqYobgIlrN2bMN4m3pJDY4yLYUO%2FEcj%2FUThTcOTZz60vCdaDjjOc5weJ5%2B5c5M9BgPgzBqse9M%2BrgQnq4pkkgEMehe64ghnfspF5qrO2EdIwyRXMmAHn9nkd3y7XK92s%2Bea6VomQ%3D%3D
AE,Maharashtra,2019,97,Gangakhed,203138,186281,2,389421,759,142941,125267,0,1905,270113,69.36,https://www.eci.gov.in/eci-backend/public/api/download?url=LMAhAK6sOPBp%2FNFF0iRfXbEB1EVSLT41NNLRjYNJJP1KivrUxbfqkDatmHy12e%2FzVx8fLfn2ReU7TfrqYobgIlrN2bMN4m3pJDY4yLYUO%2FEcj%2FUThTcOTZz60vCdaDjjOc5weJ5%2B5c5M9BgPgzBqse9M%2BrgQnq4pkkgEMehe64ghnfspF5qrO2EdIwyRXMmAHn9nkd3y7XK92s%2Bea6VomQ%3D%3D
AE,Maharashtra,2019,98,Pathri,184291,169600,4,353895,128,126133,109496,0,783,236412,66.80,https://www.eci.gov.in/eci-backend/public/api/download?url=LMAhAK6sOPBp%2FNFF0iRfXbEB1EVSLT41NNLRjYNJJP1KivrUxbfqkDatmHy12e%2FzVx8fLfn2ReU7TfrqYobgIlrN2bMN4m3pJDY4yLYUO%2FEcj%2FUThTcOTZz60vCdaDjjOc5weJ5%2B5c5M9BgPgzBqse9M%2BrgQnq4pkkgEMehe64ghnfspF5qrO2EdIwyRXMmAHn9nkd3y7XK92s%2Bea6VomQ%3D%3D
AE,Maharashtra,2019,99,Partur,155766,140533,0,296299,133,108137,94268,0,1299,203704,68.75,https://www.eci.gov.in/eci-backend/public/api/download?url=LMAhAK6sOPBp%2FNFF0iRfXbEB1EVSLT41NNLRjYNJJP1KivrUxbfqkDatmHy12e%2FzVx8fLfn2ReU7TfrqYobgIlrN2bMN4m3pJDY4yLYUO%2FEcj%2FUThTcOTZz60vCdaDjjOc5weJ5%2B5c5M9BgPgzBqse9M%2BrgQnq4pkkgEMehe64ghnfspF5qrO2EdIwyRXMmAHn9nkd3y7XK92s%2Bea6VomQ%3D%3D
AE,Maharashtra,2019,100,Ghansawangi,162638,150221,0,312859,136,122557,106437,0,777,229771,73.44,https://www.eci.gov.in/eci-backend/public/api/download?url=LMAhAK6sOPBp%2FNFF0iRfXbEB1EVSLT41NNLRjYNJJP1KivrUxbfqkDatmHy12e%2FzVx8fLfn2ReU7TfrqYobgIlrN2bMN4m3pJDY4yLYUO%2FEcj%2FUThTcOTZz60vCdaDjjOc5weJ5%2B5c5M9BgPgzBqse9M%2BrgQnq4pkkgEMehe64ghnfspF5qrO2EdIwyRXMmAHn9nkd3y7XK92s%2Bea6VomQ%3D%3D
AE,Maharashtra,2019,101,Jalna,177299,156155,2,333456,107,101345,83929,1,1266,186541,55.94,https://www.eci.gov.in/eci-backend/public/api/download?url=LMAhAK6sOPBp%2FNFF0iRfXbEB1EVSLT41NNLRjYNJJP1KivrUxbfqkDatmHy12e%2FzVx8fLfn2ReU7TfrqYobgIlrN2bMN4m3pJDY4yLYUO%2FEcj%2FUThTcOTZz60vCdaDjjOc5weJ5%2B5c5M9BgPgzBqse9M%2BrgQnq4pkkgEMehe64ghnfspF5qrO2EdIwyRXMmAHn9nkd3y7XK92s%2Bea6VomQ%3D%3D
AE,Maharashtra,2019,102,Badnapur,161731,146242,0,307973,167,114136,96804,0,687,211627,68.72,https://www.eci.gov.in/eci-backend/public/api/download?url=LMAhAK6sOPBp%2FNFF0iRfXbEB1EVSLT41NNLRjYNJJP1KivrUxbfqkDatmHy12e%2FzVx8fLfn2ReU7TfrqYobgIlrN2bMN4m3pJDY4yLYUO%2FEcj%2FUThTcOTZz60vCdaDjjOc5weJ5%2B5c5M9BgPgzBqse9M%2BrgQnq4pkkgEMehe64ghnfspF5qrO2EdIwyRXMmAHn9nkd3y7XK92s%2Bea6VomQ%3D%3D
AE,Maharashtra,2019,103,Bhokardan,161817,144879,0,306696,987,115730,100063,0,1226,217019,70.76,https://www.eci.gov.in/eci-backend/public/api/download?url=LMAhAK6sOPBp%2FNFF0iRfXbEB1EVSLT41NNLRjYNJJP1KivrUxbfqkDatmHy12e%2FzVx8fLfn2ReU7TfrqYobgIlrN2bMN4m3pJDY4yLYUO%2FEcj%2FUThTcOTZz60vCdaDjjOc5weJ5%2B5c5M9BgPgzBqse9M%2BrgQnq4pkkgEMehe64ghnfspF5qrO2EdIwyRXMmAHn9nkd3y7XK92s%2Bea6VomQ%3D%3D
AE,Maharashtra,2019,104,Sillod,168535,148383,0,316918,540,127443,109293,0,1833,238569,75.28,https://www.eci.gov.in/eci-backend/public/api/download?url=LMAhAK6sOPBp%2FNFF0iRfXbEB1EVSLT41NNLRjYNJJP1KivrUxbfqkDatmHy12e%2FzVx8fLfn2ReU7TfrqYobgIlrN2bMN4m3pJDY4yLYUO%2FEcj%2FUThTcOTZz60vCdaDjjOc5weJ5%2B5c5M9BgPgzBqse9M%2BrgQnq4pkkgEMehe64ghnfspF5qrO2EdIwyRXMmAHn9nkd3y7XK92s%2Bea6VomQ%3D%3D
AE,Maharashtra,2019,105,Kannad,166385,148294,0,314679,542,116535,97865,0,1358,215758,68.56,https://www.eci.gov.in/eci-backend/public/api/download?url=LMAhAK6sOPBp%2FNFF0iRfXbEB1EVSLT41NNLRjYNJJP1KivrUxbfqkDatmHy12e%2FzVx8fLfn2ReU7TfrqYobgIlrN2bMN4m3pJDY4yLYUO%2FEcj%2FUThTcOTZz60vCdaDjjOc5weJ5%2B5c5M9BgPgzBqse9M%2BrgQnq4pkkgEMehe64ghnfspF5qrO2EdIwyRXMmAHn9nkd3y7XK92s%2Bea6VomQ%3D%3D
AE,Maharashtra,2019,106,Phulambri,173224,153126,2,326352,338,123897,103267,0,998,228162,69.91,https://www.eci.gov.in/eci-backend/public/api/download?url=LMAhAK6sOPBp%2FNFF0iRfXbEB1EVSLT41NNLRjYNJJP1KivrUxbfqkDatmHy12e%2FzVx8fLfn2ReU7TfrqYobgIlrN2bMN4m3pJDY4yLYUO%2FEcj%2FUThTcOTZz60vCdaDjjOc5weJ5%2B5c5M9BgPgzBqse9M%2BrgQnq4pkkgEMehe64ghnfspF5qrO2EdIwyRXMmAHn9nkd3y7XK92s%2Bea6VomQ%3D%3D
AE,Maharashtra,2019,107,Aurangabad central,167850,157985,0,325835,100,104472,88330,0,1962,194764,59.77,https://www.eci.gov.in/eci-backend/public/api/download?url=LMAhAK6sOPBp%2FNFF0iRfXbEB1EVSLT41NNLRjYNJJP1KivrUxbfqkDatmHy12e%2FzVx8fLfn2ReU7TfrqYobgIlrN2bMN4m3pJDY4yLYUO%2FEcj%2FUThTcOTZz60vCdaDjjOc5weJ5%2B5c5M9BgPgzBqse9M%2BrgQnq4pkkgEMehe64ghnfspF5qrO2EdIwyRXMmAHn9nkd3y7XK92s%2Bea6VomQ%3D%3D
AE,Maharashtra,2019,108,Aurangabad West,179147,156864,13,336024,147,109392,88786,4,1607,199789,59.46,https://www.eci.gov.in/eci-backend/public/api/download?url=LMAhAK6sOPBp%2FNFF0iRfXbEB1EVSLT41NNLRjYNJJP1KivrUxbfqkDatmHy12e%2FzVx8fLfn2ReU7TfrqYobgIlrN2bMN4m3pJDY4yLYUO%2FEcj%2FUThTcOTZz60vCdaDjjOc5weJ5%2B5c5M9BgPgzBqse9M%2BrgQnq4pkkgEMehe64ghnfspF5qrO2EdIwyRXMmAHn9nkd3y7XK92s%2Bea6VomQ%3D%3D
AE,Maharashtra,2019,109,Aurangabad East,167568,151640,1,319209,54,105817,88566,0,1073,195456,61.23,https://www.eci.gov.in/eci-backend/public/api/download?url=LMAhAK6sOPBp%2FNFF0iRfXbEB1EVSLT41NNLRjYNJJP1KivrUxbfqkDatmHy12e%2FzVx8fLfn2ReU7TfrqYobgIlrN2bMN4m3pJDY4yLYUO%2FEcj%2FUThTcOTZz60vCdaDjjOc5weJ5%2B5c5M9BgPgzBqse9M%2BrgQnq4pkkgEMehe64ghnfspF5qrO2EdIwyRXMmAHn9nkd3y7XK92s%2Bea6VomQ%3D%3D
AE,Maharashtra,2019,110,Paithan,156235,137821,2,294058,132,116893,95602,0,841,213336,72.55,https://www.eci.gov.in/eci-backend/public/api/download?url=LMAhAK6sOPBp%2FNFF0iRfXbEB1EVSLT41NNLRjYNJJP1KivrUxbfqkDatmHy12e%2FzVx8fLfn2ReU7TfrqYobgIlrN2bMN4m3pJDY4yLYUO%2FEcj%2FUThTcOTZz60vCdaDjjOc5weJ5%2B5c5M9BgPgzBqse9M%2BrgQnq4pkkgEMehe64ghnfspF5qrO2EdIwyRXMmAHn9nkd3y7XK92s%2Bea6VomQ%3D%3D
AE,Maharashtra,2019,111,Gangapur,165908,147637,8,313553,274,111751,91030,1,765,203547,64.92,https://www.eci.gov.in/eci-backend/public/api/download?url=LMAhAK6sOPBp%2FNFF0iRfXbEB1EVSLT41NNLRjYNJJP1KivrUxbfqkDatmHy12e%2FzVx8fLfn2ReU7TfrqYobgIlrN2bMN4m3pJDY4yLYUO%2FEcj%2FUThTcOTZz60vCdaDjjOc5weJ5%2B5c5M9BgPgzBqse9M%2BrgQnq4pkkgEMehe64ghnfspF5qrO2EdIwyRXMmAHn9nkd3y7XK92s%2Bea6VomQ%3D%3D
AE,Maharashtra,2019,112,Vaijapur,162857,147285,0,310142,362,108469,87001,0,1016,196486,63.35,https://www.eci.gov.in/eci-backend/public/api/download?url=LMAhAK6sOPBp%2FNFF0iRfXbEB1EVSLT41NNLRjYNJJP1KivrUxbfqkDatmHy12e%2FzVx8fLfn2ReU7TfrqYobgIlrN2bMN4m3pJDY4yLYUO%2FEcj%2FUThTcOTZz60vCdaDjjOc5weJ5%2B5c5M9BgPgzBqse9M%2BrgQnq4pkkgEMehe64ghnfspF5qrO2EdIwyRXMmAHn9nkd3y7XK92s%2Bea6VomQ%3D%3D
AE,Maharashtra,2019,113,Nandgaon,166418,150969,1,317388,1390,103872,85379,1,896,190148,59.91,https://www.eci.gov.in/eci-backend/public/api/download?url=LMAhAK6sOPBp%2FNFF0iRfXbEB1EVSLT41NNLRjYNJJP1KivrUxbfqkDatmHy12e%2FzVx8fLfn2ReU7TfrqYobgIlrN2bMN4m3pJDY4yLYUO%2FEcj%2FUThTcOTZz60vCdaDjjOc5weJ5%2B5c5M9BgPgzBqse9M%2BrgQnq4pkkgEMehe64ghnfspF5qrO2EdIwyRXMmAHn9nkd3y7XK92s%2Bea6VomQ%3D%3D
AE,Maharashtra,2019,114,Malegaon central,154950,141794,5,296749,82,108680,91132,0,829,200641,67.61,https://www.eci.gov.in/eci-backend/public/api/download?url=LMAhAK6sOPBp%2FNFF0iRfXbEB1EVSLT41NNLRjYNJJP1KivrUxbfqkDatmHy12e%2FzVx8fLfn2ReU7TfrqYobgIlrN2bMN4m3pJDY4yLYUO%2FEcj%2FUThTcOTZz60vCdaDjjOc5weJ5%2B5c5M9BgPgzBqse9M%2BrgQnq4pkkgEMehe64ghnfspF5qrO2EdIwyRXMmAHn9nkd3y7XK92s%2Bea6VomQ%3D%3D
AE,Maharashtra,2019,115,Malegaon outer,180163,161449,3,341615,704,110057,92261,1,1611,203930,59.70,https://www.eci.gov.in/eci-backend/public/api/download?url=LMAhAK6sOPBp%2FNFF0iRfXbEB1EVSLT41NNLRjYNJJP1KivrUxbfqkDatmHy12e%2FzVx8fLfn2ReU7TfrqYobgIlrN2bMN4m3pJDY4yLYUO%2FEcj%2FUThTcOTZz60vCdaDjjOc5weJ5%2B5c5M9BgPgzBqse9M%2BrgQnq4pkkgEMehe64ghnfspF5qrO2EdIwyRXMmAHn9nkd3y7XK92s%2Bea6VomQ%3D%3D
AE,Maharashtra,2019,116,Baglan,145130,131720,1,276851,579,92454,73155,0,720,166329,60.08,https://www.eci.gov.in/eci-backend/public/api/download?url=LMAhAK6sOPBp%2FNFF0iRfXbEB1EVSLT41NNLRjYNJJP1KivrUxbfqkDatmHy12e%2FzVx8fLfn2ReU7TfrqYobgIlrN2bMN4m3pJDY4yLYUO%2FEcj%2FUThTcOTZz60vCdaDjjOc5weJ5%2B5c5M9BgPgzBqse9M%2BrgQnq4pkkgEMehe64ghnfspF5qrO2EdIwyRXMmAHn9nkd3y7XK92s%2Bea6VomQ%3D%3D
AE,Maharashtra,2019,117,Kalwan,137255,131502,0,268757,188,102937,91364,0,760,195061,72.58,https://www.eci.gov.in/eci-backend/public/api/download?url=LMAhAK6sOPBp%2FNFF0iRfXbEB1EVSLT41NNLRjYNJJP1KivrUxbfqkDatmHy12e%2FzVx8fLfn2ReU7TfrqYobgIlrN2bMN4m3pJDY4yLYUO%2FEcj%2FUThTcOTZz60vCdaDjjOc5weJ5%2B5c5M9BgPgzBqse9M%2BrgQnq4pkkgEMehe64ghnfspF5qrO2EdIwyRXMmAHn9nkd3y7XK92s%2Bea6VomQ%3D%3D
AE,Maharashtra,2019,118,Chandvad,147122,131925,0,279047,1096,106847,84750,0,1035,192632,69.03,https://www.eci.gov.in/eci-backend/public/api/download?url=LMAhAK6sOPBp%2FNFF0iRfXbEB1EVSLT41NNLRjYNJJP1KivrUxbfqkDatmHy12e%2FzVx8fLfn2ReU7TfrqYobgIlrN2bMN4m3pJDY4yLYUO%2FEcj%2FUThTcOTZz60vCdaDjjOc5weJ5%2B5c5M9BgPgzBqse9M%2BrgQnq4pkkgEMehe64ghnfspF5qrO2EdIwyRXMmAHn9nkd3y7XK92s%2Bea6VomQ%3D%3D
AE,Maharashtra,2019,119,Yevla,157053,140541,5,297599,791,112269,88291,1,1130,201691,67.77,https://www.eci.gov.in/eci-backend/public/api/download?url=LMAhAK6sOPBp%2FNFF0iRfXbEB1EVSLT41NNLRjYNJJP1KivrUxbfqkDatmHy12e%2FzVx8fLfn2ReU7TfrqYobgIlrN2bMN4m3pJDY4yLYUO%2FEcj%2FUThTcOTZz60vCdaDjjOc5weJ5%2B5c5M9BgPgzBqse9M%2BrgQnq4pkkgEMehe64ghnfspF5qrO2EdIwyRXMmAHn9nkd3y7XK92s%2Bea6VomQ%3D%3D
AE,Maharashtra,2019,120,Sinnar,160160,141834,0,301994,1452,109676,88232,0,1368,199276,65.99,https://www.eci.gov.in/eci-backend/public/api/download?url=LMAhAK6sOPBp%2FNFF0iRfXbEB1EVSLT41NNLRjYNJJP1KivrUxbfqkDatmHy12e%2FzVx8fLfn2ReU7TfrqYobgIlrN2bMN4m3pJDY4yLYUO%2FEcj%2FUThTcOTZz60vCdaDjjOc5weJ5%2B5c5M9BgPgzBqse9M%2BrgQnq4pkkgEMehe64ghnfspF5qrO2EdIwyRXMmAHn9nkd3y7XK92s%2Bea6VomQ%3D%3D
AE,Maharashtra,2019,121,Niphad,140888,130914,0,271802,746,109684,93967,0,941,204592,75.27,https://www.eci.gov.in/eci-backend/public/api/download?url=LMAhAK6sOPBp%2FNFF0iRfXbEB1EVSLT41NNLRjYNJJP1KivrUxbfqkDatmHy12e%2FzVx8fLfn2ReU7TfrqYobgIlrN2bMN4m3pJDY4yLYUO%2FEcj%2FUThTcOTZz60vCdaDjjOc5weJ5%2B5c5M9BgPgzBqse9M%2BrgQnq4pkkgEMehe64ghnfspF5qrO2EdIwyRXMmAHn9nkd3y7XK92s%2Bea6VomQ%3D%3D
AE,Maharashtra,2019,122,Dindori,155180,145078,2,300260,237,113385,95120,1,666,209172,69.66,https://www.eci.gov.in/eci-backend/public/api/download?url=LMAhAK6sOPBp%2FNFF0iRfXbEB1EVSLT41NNLRjYNJJP1KivrUxbfqkDatmHy12e%2FzVx8fLfn2ReU7TfrqYobgIlrN2bMN4m3pJDY4yLYUO%2FEcj%2FUThTcOTZz60vCdaDjjOc5weJ5%2B5c5M9BgPgzBqse9M%2BrgQnq4pkkgEMehe64ghnfspF5qrO2EdIwyRXMmAHn9nkd3y7XK92s%2Bea6VomQ%3D%3D
AE,Maharashtra,2019,123,Nashik East,185443,170055,4,355502,314,99691,80244,0,1271,181206,50.97,https://www.eci.gov.in/eci-backend/public/api/download?url=LMAhAK6sOPBp%2FNFF0iRfXbEB1EVSLT41NNLRjYNJJP1KivrUxbfqkDatmHy12e%2FzVx8fLfn2ReU7TfrqYobgIlrN2bMN4m3pJDY4yLYUO%2FEcj%2FUThTcOTZz60vCdaDjjOc5weJ5%2B5c5M9BgPgzBqse9M%2BrgQnq4pkkgEMehe64ghnfspF5qrO2EdIwyRXMmAHn9nkd3y7XK92s%2Bea6VomQ%3D%3D
AE,Maharashtra,2019,124,Nashik central,164390,155171,5,319566,106,85058,69564,0,702,155324,48.60,https://www.eci.gov.in/eci-backend/public/api/download?url=LMAhAK6sOPBp%2FNFF0iRfXbEB1EVSLT41NNLRjYNJJP1KivrUxbfqkDatmHy12e%2FzVx8fLfn2ReU7TfrqYobgIlrN2bMN4m3pJDY4yLYUO%2FEcj%2FUThTcOTZz60vCdaDjjOc5weJ5%2B5c5M9BgPgzBqse9M%2BrgQnq4pkkgEMehe64ghnfspF5qrO2EdIwyRXMmAHn9nkd3y7XK92s%2Bea6VomQ%3D%3D
AE,Maharashtra,2019,125,Nashik West,217908,183887,0,401795,218,123701,94509,0,737,218947,54.49,https://www.eci.gov.in/eci-backend/public/api/download?url=LMAhAK6sOPBp%2FNFF0iRfXbEB1EVSLT41NNLRjYNJJP1KivrUxbfqkDatmHy12e%2FzVx8fLfn2ReU7TfrqYobgIlrN2bMN4m3pJDY4yLYUO%2FEcj%2FUThTcOTZz60vCdaDjjOc5weJ5%2B5c5M9BgPgzBqse9M%2BrgQnq4pkkgEMehe64ghnfspF5qrO2EdIwyRXMmAHn9nkd3y7XK92s%2Bea6VomQ%3D%3D
AE,Maharashtra,2019,126,Devlali,138994,125878,1,264873,765,81472,63281,0,517,145270,54.85,https://www.eci.gov.in/eci-backend/public/api/download?url=LMAhAK6sOPBp%2FNFF0iRfXbEB1EVSLT41NNLRjYNJJP1KivrUxbfqkDatmHy12e%2FzVx8fLfn2ReU7TfrqYobgIlrN2bMN4m3pJDY4yLYUO%2FEcj%2FUThTcOTZz60vCdaDjjOc5weJ5%2B5c5M9BgPgzBqse9M%2BrgQnq4pkkgEMehe64ghnfspF5qrO2EdIwyRXMmAHn9nkd3y7XK92s%2Bea6VomQ%3D%3D
AE,Maharashtra,2019,127,Igatpuri,134085,125724,0,259809,298,90410,76549,0,377,167336,64.41,https://www.eci.gov.in/eci-backend/public/api/download?url=LMAhAK6sOPBp%2FNFF0iRfXbEB1EVSLT41NNLRjYNJJP1KivrUxbfqkDatmHy12e%2FzVx8fLfn2ReU7TfrqYobgIlrN2bMN4m3pJDY4yLYUO%2FEcj%2FUThTcOTZz60vCdaDjjOc5weJ5%2B5c5M9BgPgzBqse9M%2BrgQnq4pkkgEMehe64ghnfspF5qrO2EdIwyRXMmAHn9nkd3y7XK92s%2Bea6VomQ%3D%3D
AE,Maharashtra,2019,128,Dahanu,137243,134838,4,272085,16,81139,84675,2,213,166029,61.02,https://www.eci.gov.in/eci-backend/public/api/download?url=LMAhAK6sOPBp%2FNFF0iRfXbEB1EVSLT41NNLRjYNJJP1KivrUxbfqkDatmHy12e%2FzVx8fLfn2ReU7TfrqYobgIlrN2bMN4m3pJDY4yLYUO%2FEcj%2FUThTcOTZz60vCdaDjjOc5weJ5%2B5c5M9BgPgzBqse9M%2BrgQnq4pkkgEMehe64ghnfspF5qrO2EdIwyRXMmAHn9nkd3y7XK92s%2Bea6VomQ%3D%3D
AE,Maharashtra,2019,129,Vikramgad,135069,131507,0,266576,127,92230,90300,0,359,182889,68.61,https://www.eci.gov.in/eci-backend/public/api/download?url=LMAhAK6sOPBp%2FNFF0iRfXbEB1EVSLT41NNLRjYNJJP1KivrUxbfqkDatmHy12e%2FzVx8fLfn2ReU7TfrqYobgIlrN2bMN4m3pJDY4yLYUO%2FEcj%2FUThTcOTZz60vCdaDjjOc5weJ5%2B5c5M9BgPgzBqse9M%2BrgQnq4pkkgEMehe64ghnfspF5qrO2EdIwyRXMmAHn9nkd3y7XK92s%2Bea6VomQ%3D%3D
AE,Maharashtra,2019,130,Palghar,139204,134805,17,274026,32,69225,59848,13,326,129412,47.23,https://www.eci.gov.in/eci-backend/public/api/download?url=LMAhAK6sOPBp%2FNFF0iRfXbEB1EVSLT41NNLRjYNJJP1KivrUxbfqkDatmHy12e%2FzVx8fLfn2ReU7TfrqYobgIlrN2bMN4m3pJDY4yLYUO%2FEcj%2FUThTcOTZz60vCdaDjjOc5weJ5%2B5c5M9BgPgzBqse9M%2BrgQnq4pkkgEMehe64ghnfspF5qrO2EdIwyRXMmAHn9nkd3y7XK92s%2Bea6VomQ%3D%3D
AE,Maharashtra,2019,131,Boisar,171332,144076,26,315434,34,116732,96367,5,150,213254,67.61,https://www.eci.gov.in/eci-backend/public/api/download?url=LMAhAK6sOPBp%2FNFF0iRfXbEB1EVSLT41NNLRjYNJJP1KivrUxbfqkDatmHy12e%2FzVx8fLfn2ReU7TfrqYobgIlrN2bMN4m3pJDY4yLYUO%2FEcj%2FUThTcOTZz60vCdaDjjOc5weJ5%2B5c5M9BgPgzBqse9M%2BrgQnq4pkkgEMehe64ghnfspF5qrO2EdIwyRXMmAHn9nkd3y7XK92s%2Bea6VomQ%3D%3D
AE,Maharashtra,2019,132,Nalasopara,286078,233024,58,519160,78,152540,116411,9,110,269070,51.83,https://www.eci.gov.in/eci-backend/public/api/download?url=LMAhAK6sOPBp%2FNFF0iRfXbEB1EVSLT41NNLRjYNJJP1KivrUxbfqkDatmHy12e%2FzVx8fLfn2ReU7TfrqYobgIlrN2bMN4m3pJDY4yLYUO%2FEcj%2FUThTcOTZz60vCdaDjjOc5weJ5%2B5c5M9BgPgzBqse9M%2BrgQnq4pkkgEMehe64ghnfspF5qrO2EdIwyRXMmAHn9nkd3y7XK92s%2Bea6VomQ%3D%3D
AE,Maharashtra,2019,133,Vasai,157093,147592,12,304697,23,100785,89423,2,405,190615,62.56,https://www.eci.gov.in/eci-backend/public/api/download?url=LMAhAK6sOPBp%2FNFF0iRfXbEB1EVSLT41NNLRjYNJJP1KivrUxbfqkDatmHy12e%2FzVx8fLfn2ReU7TfrqYobgIlrN2bMN4m3pJDY4yLYUO%2FEcj%2FUThTcOTZz60vCdaDjjOc5weJ5%2B5c5M9BgPgzBqse9M%2BrgQnq4pkkgEMehe64ghnfspF5qrO2EdIwyRXMmAHn9nkd3y7XK92s%2Bea6VomQ%3D%3D
AE,Maharashtra,2019,134,Bhiwandi Rural (S.T.),151134,138220,7,289361,63,96018,76417,0,423,172858,59.74,https://www.eci.gov.in/eci-backend/public/api/download?url=LMAhAK6sOPBp%2FNFF0iRfXbEB1EVSLT41NNLRjYNJJP1KivrUxbfqkDatmHy12e%2FzVx8fLfn2ReU7TfrqYobgIlrN2bMN4m3pJDY4yLYUO%2FEcj%2FUThTcOTZz60vCdaDjjOc5weJ5%2B5c5M9BgPgzBqse9M%2BrgQnq4pkkgEMehe64ghnfspF5qrO2EdIwyRXMmAHn9nkd3y7XK92s%2Bea6VomQ%3D%3D
AE,Maharashtra,2019,135,shahapur,131111,118202,0,249313,35,89981,71545,0,520,162046,65.00,https://www.eci.gov.in/eci-backend/public/api/download?url=LMAhAK6sOPBp%2FNFF0iRfXbEB1EVSLT41NNLRjYNJJP1KivrUxbfqkDatmHy12e%2FzVx8fLfn2ReU7TfrqYobgIlrN2bMN4m3pJDY4yLYUO%2FEcj%2FUThTcOTZz60vCdaDjjOc5weJ5%2B5c5M9BgPgzBqse9M%2BrgQnq4pkkgEMehe64ghnfspF5qrO2EdIwyRXMmAHn9nkd3y7XK92s%2Bea6VomQ%3D%3D
AE,Maharashtra,2019,136,Bhiwandi West,165187,110598,70,275855,12,82495,56282,16,78,138871,50.34,https://www.eci.gov.in/eci-backend/public/api/download?url=LMAhAK6sOPBp%2FNFF0iRfXbEB1EVSLT41NNLRjYNJJP1KivrUxbfqkDatmHy12e%2FzVx8fLfn2ReU7TfrqYobgIlrN2bMN4m3pJDY4yLYUO%2FEcj%2FUThTcOTZz60vCdaDjjOc5weJ5%2B5c5M9BgPgzBqse9M%2BrgQnq4pkkgEMehe64ghnfspF5qrO2EdIwyRXMmAHn9nkd3y7XK92s%2Bea6VomQ%3D%3D
AE,Maharashtra,2019,137,Bhiwandi East,163985,105923,27,269935,12,76192,52857,7,233,129289,47.90,https://www.eci.gov.in/eci-backend/public/api/download?url=LMAhAK6sOPBp%2FNFF0iRfXbEB1EVSLT41NNLRjYNJJP1KivrUxbfqkDatmHy12e%2FzVx8fLfn2ReU7TfrqYobgIlrN2bMN4m3pJDY4yLYUO%2FEcj%2FUThTcOTZz60vCdaDjjOc5weJ5%2B5c5M9BgPgzBqse9M%2BrgQnq4pkkgEMehe64ghnfspF5qrO2EdIwyRXMmAHn9nkd3y7XK92s%2Bea6VomQ%3D%3D
AE,Maharashtra,2019,138,Kalyan West,240000,212910,14,452924,128,107800,81193,0,841,189834,41.91,https://www.eci.gov.in/eci-backend/public/api/download?url=LMAhAK6sOPBp%2FNFF0iRfXbEB1EVSLT41NNLRjYNJJP1KivrUxbfqkDatmHy12e%2FzVx8fLfn2ReU7TfrqYobgIlrN2bMN4m3pJDY4yLYUO%2FEcj%2FUThTcOTZz60vCdaDjjOc5weJ5%2B5c5M9BgPgzBqse9M%2BrgQnq4pkkgEMehe64ghnfspF5qrO2EdIwyRXMmAHn9nkd3y7XK92s%2Bea6VomQ%3D%3D
AE,Maharashtra,2019,139,Murbad,209998,187933,9,397940,71,128053,104156,0,713,232922,58.53,https://www.eci.gov.in/eci-backend/public/api/download?url=LMAhAK6sOPBp%2FNFF0iRfXbEB1EVSLT41NNLRjYNJJP1KivrUxbfqkDatmHy12e%2FzVx8fLfn2ReU7TfrqYobgIlrN2bMN4m3pJDY4yLYUO%2FEcj%2FUThTcOTZz60vCdaDjjOc5weJ5%2B5c5M9BgPgzBqse9M%2BrgQnq4pkkgEMehe64ghnfspF5qrO2EdIwyRXMmAHn9nkd3y7XK92s%2Bea6VomQ%3D%3D
AE,Maharashtra,2019,140,Ambernath,169963,145602,16,315581,99,76308,57193,8,480,133989,42.46,https://www.eci.gov.in/eci-backend/public/api/download?url=LMAhAK6sOPBp%2FNFF0iRfXbEB1EVSLT41NNLRjYNJJP1KivrUxbfqkDatmHy12e%2FzVx8fLfn2ReU7TfrqYobgIlrN2bMN4m3pJDY4yLYUO%2FEcj%2FUThTcOTZz60vCdaDjjOc5weJ5%2B5c5M9BgPgzBqse9M%2BrgQnq4pkkgEMehe64ghnfspF5qrO2EdIwyRXMmAHn9nkd3y7XK92s%2Bea6VomQ%3D%3D
AE,Maharashtra,2019,141,Ulhasnagar,128207,105084,33,233324,102,63727,45665,7,233,109632,46.99,https://www.eci.gov.in/eci-backend/public/api/download?url=LMAhAK6sOPBp%2FNFF0iRfXbEB1EVSLT41NNLRjYNJJP1KivrUxbfqkDatmHy12e%2FzVx8fLfn2ReU7TfrqYobgIlrN2bMN4m3pJDY4yLYUO%2FEcj%2FUThTcOTZz60vCdaDjjOc5weJ5%2B5c5M9BgPgzBqse9M%2BrgQnq4pkkgEMehe64ghnfspF5qrO2EdIwyRXMmAHn9nkd3y7XK92s%2Bea6VomQ%3D%3D
AE,Maharashtra,2019,142,Kalyan East,187639,157998,165,345802,136,85437,65030,68,574,151109,43.70,https://www.eci.gov.in/eci-backend/public/api/download?url=LMAhAK6sOPBp%2FNFF0iRfXbEB1EVSLT41NNLRjYNJJP1KivrUxbfqkDatmHy12e%2FzVx8fLfn2ReU7TfrqYobgIlrN2bMN4m3pJDY4yLYUO%2FEcj%2FUThTcOTZz60vCdaDjjOc5weJ5%2B5c5M9BgPgzBqse9M%2BrgQnq4pkkgEMehe64ghnfspF5qrO2EdIwyRXMmAHn9nkd3y7XK92s%2Bea6VomQ%3D%3D
AE,Maharashtra,2019,143,Dombivali,183583,172499,0,356082,64,81736,63402,0,213,145351,40.82,https://www.eci.gov.in/eci-backend/public/api/download?url=LMAhAK6sOPBp%2FNFF0iRfXbEB1EVSLT41NNLRjYNJJP1KivrUxbfqkDatmHy12e%2FzVx8fLfn2ReU7TfrqYobgIlrN2bMN4m3pJDY4yLYUO%2FEcj%2FUThTcOTZz60vCdaDjjOc5weJ5%2B5c5M9BgPgzBqse9M%2BrgQnq4pkkgEMehe64ghnfspF5qrO2EdIwyRXMmAHn9nkd3y7XK92s%2Bea6VomQ%3D%3D
AE,Maharashtra,2019,144,Kalyan Rural,233469,191452,55,424976,63,113799,83852,25,263,197939,46.58,https://www.eci.gov.in/eci-backend/public/api/download?url=LMAhAK6sOPBp%2FNFF0iRfXbEB1EVSLT41NNLRjYNJJP1KivrUxbfqkDatmHy12e%2FzVx8fLfn2ReU7TfrqYobgIlrN2bMN4m3pJDY4yLYUO%2FEcj%2FUThTcOTZz60vCdaDjjOc5weJ5%2B5c5M9BgPgzBqse9M%2BrgQnq4pkkgEMehe64ghnfspF5qrO2EdIwyRXMmAHn9nkd3y7XK92s%2Bea6VomQ%3D%3D
AE,Maharashtra,2019,145,Mira Bhayandar,233476,203696,6,437178,34,116289,95185,1,181,211656,48.41,https://www.eci.gov.in/eci-backend/public/api/download?url=LMAhAK6sOPBp%2FNFF0iRfXbEB1EVSLT41NNLRjYNJJP1KivrUxbfqkDatmHy12e%2FzVx8fLfn2ReU7TfrqYobgIlrN2bMN4m3pJDY4yLYUO%2FEcj%2FUThTcOTZz60vCdaDjjOc5weJ5%2B5c5M9BgPgzBqse9M%2BrgQnq4pkkgEMehe64ghnfspF5qrO2EdIwyRXMmAHn9nkd3y7XK92s%2Bea6VomQ%3D%3D
AE,Maharashtra,2019,146,Ovala - Majiwada,245005,204701,11,449717,115,110164,83046,2,505,193717,43.08,https://www.eci.gov.in/eci-backend/public/api/download?url=LMAhAK6sOPBp%2FNFF0iRfXbEB1EVSLT41NNLRjYNJJP1KivrUxbfqkDatmHy12e%2FzVx8fLfn2ReU7TfrqYobgIlrN2bMN4m3pJDY4yLYUO%2FEcj%2FUThTcOTZz60vCdaDjjOc5weJ5%2B5c5M9BgPgzBqse9M%2BrgQnq4pkkgEMehe64ghnfspF5qrO2EdIwyRXMmAHn9nkd3y7XK92s%2Bea6VomQ%3D%3D
AE,Maharashtra,2019,147,Kopri-Pachpakhadi,193980,159005,10,352995,137,98243,74972,5,456,173676,49.20,https://www.eci.gov.in/eci-backend/public/api/download?url=LMAhAK6sOPBp%2FNFF0iRfXbEB1EVSLT41NNLRjYNJJP1KivrUxbfqkDatmHy12e%2FzVx8fLfn2ReU7TfrqYobgIlrN2bMN4m3pJDY4yLYUO%2FEcj%2FUThTcOTZz60vCdaDjjOc5weJ5%2B5c5M9BgPgzBqse9M%2BrgQnq4pkkgEMehe64ghnfspF5qrO2EdIwyRXMmAHn9nkd3y7XK92s%2Bea6VomQ%3D%3D
AE,Maharashtra,2019,148,Thane,178246,159593,7,337846,125,97700,79500,0,1089,178289,52.77,https://www.eci.gov.in/eci-backend/public/api/download?url=LMAhAK6sOPBp%2FNFF0iRfXbEB1EVSLT41NNLRjYNJJP1KivrUxbfqkDatmHy12e%2FzVx8fLfn2ReU7TfrqYobgIlrN2bMN4m3pJDY4yLYUO%2FEcj%2FUThTcOTZz60vCdaDjjOc5weJ5%2B5c5M9BgPgzBqse9M%2BrgQnq4pkkgEMehe64ghnfspF5qrO2EdIwyRXMmAHn9nkd3y7XK92s%2Bea6VomQ%3D%3D
AE,Maharashtra,2019,149,Mumbra-Kalwa,193838,163739,1,357578,85,100159,78430,0,471,179060,50.08,https://www.eci.gov.in/eci-backend/public/api/download?url=LMAhAK6sOPBp%2FNFF0iRfXbEB1EVSLT41NNLRjYNJJP1KivrUxbfqkDatmHy12e%2FzVx8fLfn2ReU7TfrqYobgIlrN2bMN4m3pJDY4yLYUO%2FEcj%2FUThTcOTZz60vCdaDjjOc5weJ5%2B5c5M9BgPgzBqse9M%2BrgQnq4pkkgEMehe64ghnfspF5qrO2EdIwyRXMmAHn9nkd3y7XK92s%2Bea6VomQ%3D%3D
AE,Maharashtra,2019,150,Airoli,263919,197538,32,461489,140,112712,83410,6,348,196476,42.57,https://www.eci.gov.in/eci-backend/public/api/download?url=LMAhAK6sOPBp%2FNFF0iRfXbEB1EVSLT41NNLRjYNJJP1KivrUxbfqkDatmHy12e%2FzVx8fLfn2ReU7TfrqYobgIlrN2bMN4m3pJDY4yLYUO%2FEcj%2FUThTcOTZz60vCdaDjjOc5weJ5%2B5c5M9BgPgzBqse9M%2BrgQnq4pkkgEMehe64ghnfspF5qrO2EdIwyRXMmAHn9nkd3y7XK92s%2Bea6VomQ%3D%3D
AE,Maharashtra,2019,151,Belapur,208225,177764,4,385993,111,96668,77614,0,307,174589,45.23,https://www.eci.gov.in/eci-backend/public/api/download?url=LMAhAK6sOPBp%2FNFF0iRfXbEB1EVSLT41NNLRjYNJJP1KivrUxbfqkDatmHy12e%2FzVx8fLfn2ReU7TfrqYobgIlrN2bMN4m3pJDY4yLYUO%2FEcj%2FUThTcOTZz60vCdaDjjOc5weJ5%2B5c5M9BgPgzBqse9M%2BrgQnq4pkkgEMehe64ghnfspF5qrO2EdIwyRXMmAHn9nkd3y7XK92s%2Bea6VomQ%3D%3D
AE,Maharashtra,2019,152,Borivali,154469,146977,0,301446,12,90115,75590,0,274,165979,55.06,https://www.eci.gov.in/eci-backend/public/api/download?url=LMAhAK6sOPBp%2FNFF0iRfXbEB1EVSLT41NNLRjYNJJP1KivrUxbfqkDatmHy12e%2FzVx8fLfn2ReU7TfrqYobgIlrN2bMN4m3pJDY4yLYUO%2FEcj%2FUThTcOTZz60vCdaDjjOc5weJ5%2B5c5M9BgPgzBqse9M%2BrgQnq4pkkgEMehe64ghnfspF5qrO2EdIwyRXMmAHn9nkd3y7XK92s%2Bea6VomQ%3D%3D
AE,Maharashtra,2019,153,Dahisar,136997,118264,36,255297,18,75969,58992,6,88,135055,52.90,https://www.eci.gov.in/eci-backend/public/api/download?url=LMAhAK6sOPBp%2FNFF0iRfXbEB1EVSLT41NNLRjYNJJP1KivrUxbfqkDatmHy12e%2FzVx8fLfn2ReU7TfrqYobgIlrN2bMN4m3pJDY4yLYUO%2FEcj%2FUThTcOTZz60vCdaDjjOc5weJ5%2B5c5M9BgPgzBqse9M%2BrgQnq4pkkgEMehe64ghnfspF5qrO2EdIwyRXMmAHn9nkd3y7XK92s%2Bea6VomQ%3D%3D
AE,Maharashtra,2019,154,Magathane,151878,122224,0,274102,46,86164,65029,0,299,151492,55.27,https://www.eci.gov.in/eci-backend/public/api/download?url=LMAhAK6sOPBp%2FNFF0iRfXbEB1EVSLT41NNLRjYNJJP1KivrUxbfqkDatmHy12e%2FzVx8fLfn2ReU7TfrqYobgIlrN2bMN4m3pJDY4yLYUO%2FEcj%2FUThTcOTZz60vCdaDjjOc5weJ5%2B5c5M9BgPgzBqse9M%2BrgQnq4pkkgEMehe64ghnfspF5qrO2EdIwyRXMmAHn9nkd3y7XK92s%2Bea6VomQ%3D%3D
AE,Maharashtra,2019,155,Mulund,148342,138810,21,287173,48,85059,69372,12,172,154615,53.84,https://www.eci.gov.in/eci-backend/public/api/download?url=LMAhAK6sOPBp%2FNFF0iRfXbEB1EVSLT41NNLRjYNJJP1KivrUxbfqkDatmHy12e%2FzVx8fLfn2ReU7TfrqYobgIlrN2bMN4m3pJDY4yLYUO%2FEcj%2FUThTcOTZz60vCdaDjjOc5weJ5%2B5c5M9BgPgzBqse9M%2BrgQnq4pkkgEMehe64ghnfspF5qrO2EdIwyRXMmAHn9nkd3y7XK92s%2Bea6VomQ%3D%3D
AE,Maharashtra,2019,156,Vikhroli,122953,108151,0,231104,57,70390,57287,0,297,127974,55.38,https://www.eci.gov.in/eci-backend/public/api/download?url=LMAhAK6sOPBp%2FNFF0iRfXbEB1EVSLT41NNLRjYNJJP1KivrUxbfqkDatmHy12e%2FzVx8fLfn2ReU7TfrqYobgIlrN2bMN4m3pJDY4yLYUO%2FEcj%2FUThTcOTZz60vCdaDjjOc5weJ5%2B5c5M9BgPgzBqse9M%2BrgQnq4pkkgEMehe64ghnfspF5qrO2EdIwyRXMmAHn9nkd3y7XK92s%2Bea6VomQ%3D%3D
AE,Maharashtra,2019,157,Bhandup West,156016,127230,29,283275,107,90985,68031,11,300,159327,56.24,https://www.eci.gov.in/eci-backend/public/api/download?url=LMAhAK6sOPBp%2FNFF0iRfXbEB1EVSLT41NNLRjYNJJP1KivrUxbfqkDatmHy12e%2FzVx8fLfn2ReU7TfrqYobgIlrN2bMN4m3pJDY4yLYUO%2FEcj%2FUThTcOTZz60vCdaDjjOc5weJ5%2B5c5M9BgPgzBqse9M%2BrgQnq4pkkgEMehe64ghnfspF5qrO2EdIwyRXMmAHn9nkd3y7XK92s%2Bea6VomQ%3D%3D
AE,Maharashtra,2019,158,Jogeshwari East,150932,131044,0,281976,45,83184,65897,0,391,149472,53.01,https://www.eci.gov.in/eci-backend/public/api/download?url=LMAhAK6sOPBp%2FNFF0iRfXbEB1EVSLT41NNLRjYNJJP1KivrUxbfqkDatmHy12e%2FzVx8fLfn2ReU7TfrqYobgIlrN2bMN4m3pJDY4yLYUO%2FEcj%2FUThTcOTZz60vCdaDjjOc5weJ5%2B5c5M9BgPgzBqse9M%2BrgQnq4pkkgEMehe64ghnfspF5qrO2EdIwyRXMmAHn9nkd3y7XK92s%2Bea6VomQ%3D%3D
AE,Maharashtra,2019,159,Dindoshi,163524,118156,4,281684,44,91869,64187,3,241,156300,55.49,https://www.eci.gov.in/eci-backend/public/api/download?url=LMAhAK6sOPBp%2FNFF0iRfXbEB1EVSLT41NNLRjYNJJP1KivrUxbfqkDatmHy12e%2FzVx8fLfn2ReU7TfrqYobgIlrN2bMN4m3pJDY4yLYUO%2FEcj%2FUThTcOTZz60vCdaDjjOc5weJ5%2B5c5M9BgPgzBqse9M%2BrgQnq4pkkgEMehe64ghnfspF5qrO2EdIwyRXMmAHn9nkd3y7XK92s%2Bea6VomQ%3D%3D
AE,Maharashtra,2019,160,Kandivali East,149979,119529,2,269510,26,78262,56295,1,149,134707,49.98,https://www.eci.gov.in/eci-backend/public/api/download?url=LMAhAK6sOPBp%2FNFF0iRfXbEB1EVSLT41NNLRjYNJJP1KivrUxbfqkDatmHy12e%2FzVx8fLfn2ReU7TfrqYobgIlrN2bMN4m3pJDY4yLYUO%2FEcj%2FUThTcOTZz60vCdaDjjOc5weJ5%2B5c5M9BgPgzBqse9M%2BrgQnq4pkkgEMehe64ghnfspF5qrO2EdIwyRXMmAHn9nkd3y7XK92s%2Bea6VomQ%3D%3D
AE,Maharashtra,2019,161,Charkop,157573,131026,3,288602,24,87244,64775,1,200,152220,52.74,https://www.eci.gov.in/eci-backend/public/api/download?url=LMAhAK6sOPBp%2FNFF0iRfXbEB1EVSLT41NNLRjYNJJP1KivrUxbfqkDatmHy12e%2FzVx8fLfn2ReU7TfrqYobgIlrN2bMN4m3pJDY4yLYUO%2FEcj%2FUThTcOTZz60vCdaDjjOc5weJ5%2B5c5M9BgPgzBqse9M%2BrgQnq4pkkgEMehe64ghnfspF5qrO2EdIwyRXMmAHn9nkd3y7XK92s%2Bea6VomQ%3D%3D
AE,Maharashtra,2019,162,Malad West,158399,137805,291,296495,18,86088,70056,82,103,156329,52.73,https://www.eci.gov.in/eci-backend/public/api/download?url=LMAhAK6sOPBp%2FNFF0iRfXbEB1EVSLT41NNLRjYNJJP1KivrUxbfqkDatmHy12e%2FzVx8fLfn2ReU7TfrqYobgIlrN2bMN4m3pJDY4yLYUO%2FEcj%2FUThTcOTZz60vCdaDjjOc5weJ5%2B5c5M9BgPgzBqse9M%2BrgQnq4pkkgEMehe64ghnfspF5qrO2EdIwyRXMmAHn9nkd3y7XK92s%2Bea6VomQ%3D%3D
AE,Maharashtra,2019,163,Goregaon,181616,146306,4,327926,27,87467,64699,2,157,152325,46.45,https://www.eci.gov.in/eci-backend/public/api/download?url=LMAhAK6sOPBp%2FNFF0iRfXbEB1EVSLT41NNLRjYNJJP1KivrUxbfqkDatmHy12e%2FzVx8fLfn2ReU7TfrqYobgIlrN2bMN4m3pJDY4yLYUO%2FEcj%2FUThTcOTZz60vCdaDjjOc5weJ5%2B5c5M9BgPgzBqse9M%2BrgQnq4pkkgEMehe64ghnfspF5qrO2EdIwyRXMmAHn9nkd3y7XK92s%2Bea6VomQ%3D%3D
AE,Maharashtra,2019,164,Versova,157180,127930,6,285116,22,69009,51740,0,91,120840,42.38,https://www.eci.gov.in/eci-backend/public/api/download?url=LMAhAK6sOPBp%2FNFF0iRfXbEB1EVSLT41NNLRjYNJJP1KivrUxbfqkDatmHy12e%2FzVx8fLfn2ReU7TfrqYobgIlrN2bMN4m3pJDY4yLYUO%2FEcj%2FUThTcOTZz60vCdaDjjOc5weJ5%2B5c5M9BgPgzBqse9M%2BrgQnq4pkkgEMehe64ghnfspF5qrO2EdIwyRXMmAHn9nkd3y7XK92s%2Bea6VomQ%3D%3D
AE,Maharashtra,2019,165,Andheri West,161196,145020,6,306222,11,72575,60633,0,91,133299,43.53,https://www.eci.gov.in/eci-backend/public/api/download?url=LMAhAK6sOPBp%2FNFF0iRfXbEB1EVSLT41NNLRjYNJJP1KivrUxbfqkDatmHy12e%2FzVx8fLfn2ReU7TfrqYobgIlrN2bMN4m3pJDY4yLYUO%2FEcj%2FUThTcOTZz60vCdaDjjOc5weJ5%2B5c5M9BgPgzBqse9M%2BrgQnq4pkkgEMehe64ghnfspF5qrO2EdIwyRXMmAHn9nkd3y7XK92s%2Bea6VomQ%3D%3D
AE,Maharashtra,2019,166,Andheri East,148955,125757,4,274716,29,82439,65235,1,188,147863,53.82,https://www.eci.gov.in/eci-backend/public/api/download?url=LMAhAK6sOPBp%2FNFF0iRfXbEB1EVSLT41NNLRjYNJJP1KivrUxbfqkDatmHy12e%2FzVx8fLfn2ReU7TfrqYobgIlrN2bMN4m3pJDY4yLYUO%2FEcj%2FUThTcOTZz60vCdaDjjOc5weJ5%2B5c5M9BgPgzBqse9M%2BrgQnq4pkkgEMehe64ghnfspF5qrO2EdIwyRXMmAHn9nkd3y7XK92s%2Bea6VomQ%3D%3D
AE,Maharashtra,2019,167,Vile parle,137444,124902,0,262346,19,75867,63292,0,137,139296,53.10,https://www.eci.gov.in/eci-backend/public/api/download?url=LMAhAK6sOPBp%2FNFF0iRfXbEB1EVSLT41NNLRjYNJJP1KivrUxbfqkDatmHy12e%2FzVx8fLfn2ReU7TfrqYobgIlrN2bMN4m3pJDY4yLYUO%2FEcj%2FUThTcOTZz60vCdaDjjOc5weJ5%2B5c5M9BgPgzBqse9M%2BrgQnq4pkkgEMehe64ghnfspF5qrO2EdIwyRXMmAHn9nkd3y7XK92s%2Bea6VomQ%3D%3D
AE,Maharashtra,2019,168,Chandivali,218289,161050,4,379343,64,114220,82010,0,127,196357,51.76,https://www.eci.gov.in/eci-backend/public/api/download?url=LMAhAK6sOPBp%2FNFF0iRfXbEB1EVSLT41NNLRjYNJJP1KivrUxbfqkDatmHy12e%2FzVx8fLfn2ReU7TfrqYobgIlrN2bMN4m3pJDY4yLYUO%2FEcj%2FUThTcOTZz60vCdaDjjOc5weJ5%2B5c5M9BgPgzBqse9M%2BrgQnq4pkkgEMehe64ghnfspF5qrO2EdIwyRXMmAHn9nkd3y7XK92s%2Bea6VomQ%3D%3D
AE,Maharashtra,2019,169,Ghatkopar West,147553,123711,81,271345,60,84052,65169,39,207,149467,55.08,https://www.eci.gov.in/eci-backend/public/api/download?url=LMAhAK6sOPBp%2FNFF0iRfXbEB1EVSLT41NNLRjYNJJP1KivrUxbfqkDatmHy12e%2FzVx8fLfn2ReU7TfrqYobgIlrN2bMN4m3pJDY4yLYUO%2FEcj%2FUThTcOTZz60vCdaDjjOc5weJ5%2B5c5M9BgPgzBqse9M%2BrgQnq4pkkgEMehe64ghnfspF5qrO2EdIwyRXMmAHn9nkd3y7XK92s%2Bea6VomQ%3D%3D
AE,Maharashtra,2019,170,Ghatkopar East,123814,110840,2,234656,33,69946,56509,1,354,126810,54.04,https://www.eci.gov.in/eci-backend/public/api/download?url=LMAhAK6sOPBp%2FNFF0iRfXbEB1EVSLT41NNLRjYNJJP1KivrUxbfqkDatmHy12e%2FzVx8fLfn2ReU7TfrqYobgIlrN2bMN4m3pJDY4yLYUO%2FEcj%2FUThTcOTZz60vCdaDjjOc5weJ5%2B5c5M9BgPgzBqse9M%2BrgQnq4pkkgEMehe64ghnfspF5qrO2EdIwyRXMmAHn9nkd3y7XK92s%2Bea6VomQ%3D%3D
AE,Maharashtra,2019,171,Mankhurd shivaji Nagar,177573,126946,7,304526,61,83843,59894,3,146,143886,47.25,https://www.eci.gov.in/eci-backend/public/api/download?url=LMAhAK6sOPBp%2FNFF0iRfXbEB1EVSLT41NNLRjYNJJP1KivrUxbfqkDatmHy12e%2FzVx8fLfn2ReU7TfrqYobgIlrN2bMN4m3pJDY4yLYUO%2FEcj%2FUThTcOTZz60vCdaDjjOc5weJ5%2B5c5M9BgPgzBqse9M%2BrgQnq4pkkgEMehe64ghnfspF5qrO2EdIwyRXMmAHn9nkd3y7XK92s%2Bea6VomQ%3D%3D
AE,Maharashtra,2019,172,Anushakti Nagar,136583,115330,3,251916,78,75027,63761,2,516,139306,55.30,https://www.eci.gov.in/eci-backend/public/api/download?url=LMAhAK6sOPBp%2FNFF0iRfXbEB1EVSLT41NNLRjYNJJP1KivrUxbfqkDatmHy12e%2FzVx8fLfn2ReU7TfrqYobgIlrN2bMN4m3pJDY4yLYUO%2FEcj%2FUThTcOTZz60vCdaDjjOc5weJ5%2B5c5M9BgPgzBqse9M%2BrgQnq4pkkgEMehe64ghnfspF5qrO2EdIwyRXMmAHn9nkd3y7XK92s%2Bea6VomQ%3D%3D
AE,Maharashtra,2019,173,Chembur,134328,119570,3,253901,54,72375,60112,0,194,132681,52.26,https://www.eci.gov.in/eci-backend/public/api/download?url=LMAhAK6sOPBp%2FNFF0iRfXbEB1EVSLT41NNLRjYNJJP1KivrUxbfqkDatmHy12e%2FzVx8fLfn2ReU7TfrqYobgIlrN2bMN4m3pJDY4yLYUO%2FEcj%2FUThTcOTZz60vCdaDjjOc5weJ5%2B5c5M9BgPgzBqse9M%2BrgQnq4pkkgEMehe64ghnfspF5qrO2EdIwyRXMmAHn9nkd3y7XK92s%2Bea6VomQ%3D%3D
AE,Maharashtra,2019,174,Kurla(SC),151518,123291,4,274813,43,70389,52824,0,243,123456,44.92,https://www.eci.gov.in/eci-backend/public/api/download?url=LMAhAK6sOPBp%2FNFF0iRfXbEB1EVSLT41NNLRjYNJJP1KivrUxbfqkDatmHy12e%2FzVx8fLfn2ReU7TfrqYobgIlrN2bMN4m3pJDY4yLYUO%2FEcj%2FUThTcOTZz60vCdaDjjOc5weJ5%2B5c5M9BgPgzBqse9M%2BrgQnq4pkkgEMehe64ghnfspF5qrO2EdIwyRXMmAHn9nkd3y7XK92s%2Bea6VomQ%3D%3D
AE,Maharashtra,2019,175,Kalina,128744,108906,5,237655,13,66183,52256,3,150,118592,49.90,https://www.eci.gov.in/eci-backend/public/api/download?url=LMAhAK6sOPBp%2FNFF0iRfXbEB1EVSLT41NNLRjYNJJP1KivrUxbfqkDatmHy12e%2FzVx8fLfn2ReU7TfrqYobgIlrN2bMN4m3pJDY4yLYUO%2FEcj%2FUThTcOTZz60vCdaDjjOc5weJ5%2B5c5M9BgPgzBqse9M%2BrgQnq4pkkgEMehe64ghnfspF5qrO2EdIwyRXMmAHn9nkd3y7XK92s%2Bea6VomQ%3D%3D
AE,Maharashtra,2019,176,Vandre East,135655,115708,8,251371,14,70308,56100,1,211,126620,50.37,https://www.eci.gov.in/eci-backend/public/api/download?url=LMAhAK6sOPBp%2FNFF0iRfXbEB1EVSLT41NNLRjYNJJP1KivrUxbfqkDatmHy12e%2FzVx8fLfn2ReU7TfrqYobgIlrN2bMN4m3pJDY4yLYUO%2FEcj%2FUThTcOTZz60vCdaDjjOc5weJ5%2B5c5M9BgPgzBqse9M%2BrgQnq4pkkgEMehe64ghnfspF5qrO2EdIwyRXMmAHn9nkd3y7XK92s%2Bea6VomQ%3D%3D
AE,Maharashtra,2019,177,Vandre West,156770,140943,3,297716,10,70581,60316,2,115,131014,44.01,https://www.eci.gov.in/eci-backend/public/api/download?url=LMAhAK6sOPBp%2FNFF0iRfXbEB1EVSLT41NNLRjYNJJP1KivrUxbfqkDatmHy12e%2FzVx8fLfn2ReU7TfrqYobgIlrN2bMN4m3pJDY4yLYUO%2FEcj%2FUThTcOTZz60vCdaDjjOc5weJ5%2B5c5M9BgPgzBqse9M%2BrgQnq4pkkgEMehe64ghnfspF5qrO2EdIwyRXMmAHn9nkd3y7XK92s%2Bea6VomQ%3D%3D
AE,Maharashtra,2019,178,Dharavi,142365,107882,4,250251,19,67870,51120,3,99,119092,47.59,https://www.eci.gov.in/eci-backend/public/api/download?url=LMAhAK6sOPBp%2FNFF0iRfXbEB1EVSLT41NNLRjYNJJP1KivrUxbfqkDatmHy12e%2FzVx8fLfn2ReU7TfrqYobgIlrN2bMN4m3pJDY4yLYUO%2FEcj%2FUThTcOTZz60vCdaDjjOc5weJ5%2B5c5M9BgPgzBqse9M%2BrgQnq4pkkgEMehe64ghnfspF5qrO2EdIwyRXMmAHn9nkd3y7XK92s%2Bea6VomQ%3D%3D
AE,Maharashtra,2019,179,Sion koliwada,145093,112130,70,257293,26,75152,54561,31,139,129883,50.48,https://www.eci.gov.in/eci-backend/public/api/download?url=LMAhAK6sOPBp%2FNFF0iRfXbEB1EVSLT41NNLRjYNJJP1KivrUxbfqkDatmHy12e%2FzVx8fLfn2ReU7TfrqYobgIlrN2bMN4m3pJDY4yLYUO%2FEcj%2FUThTcOTZz60vCdaDjjOc5weJ5%2B5c5M9BgPgzBqse9M%2BrgQnq4pkkgEMehe64ghnfspF5qrO2EdIwyRXMmAHn9nkd3y7XK92s%2Bea6VomQ%3D%3D
AE,Maharashtra,2019,180,Wadala,106259,97517,0,203776,42,59204,49131,0,329,108664,53.33,https://www.eci.gov.in/eci-backend/public/api/download?url=LMAhAK6sOPBp%2FNFF0iRfXbEB1EVSLT41NNLRjYNJJP1KivrUxbfqkDatmHy12e%2FzVx8fLfn2ReU7TfrqYobgIlrN2bMN4m3pJDY4yLYUO%2FEcj%2FUThTcOTZz60vCdaDjjOc5weJ5%2B5c5M9BgPgzBqse9M%2BrgQnq4pkkgEMehe64ghnfspF5qrO2EdIwyRXMmAHn9nkd3y7XK92s%2Bea6VomQ%3D%3D
AE,Maharashtra,2019,181,Mahim,119191,116256,32,235479,24,65469,58340,8,261,124078,52.69,https://www.eci.gov.in/eci-backend/public/api/download?url=LMAhAK6sOPBp%2FNFF0iRfXbEB1EVSLT41NNLRjYNJJP1KivrUxbfqkDatmHy12e%2FzVx8fLfn2ReU7TfrqYobgIlrN2bMN4m3pJDY4yLYUO%2FEcj%2FUThTcOTZz60vCdaDjjOc5weJ5%2B5c5M9BgPgzBqse9M%2BrgQnq4pkkgEMehe64ghnfspF5qrO2EdIwyRXMmAHn9nkd3y7XK92s%2Bea6VomQ%3D%3D
AE,Maharashtra,2019,182,Worli,149594,119407,2,269003,71,73102,55976,1,420,129499,48.14,https://www.eci.gov.in/eci-backend/public/api/download?url=LMAhAK6sOPBp%2FNFF0iRfXbEB1EVSLT41NNLRjYNJJP1KivrUxbfqkDatmHy12e%2FzVx8fLfn2ReU7TfrqYobgIlrN2bMN4m3pJDY4yLYUO%2FEcj%2FUThTcOTZz60vCdaDjjOc5weJ5%2B5c5M9BgPgzBqse9M%2BrgQnq4pkkgEMehe64ghnfspF5qrO2EdIwyRXMmAHn9nkd3y7XK92s%2Bea6VomQ%3D%3D
AE,Maharashtra,2019,183,Shivadi,150639,124350,0,274989,99,76259,59164,0,304,135727,49.36,https://www.eci.gov.in/eci-backend/public/api/download?url=LMAhAK6sOPBp%2FNFF0iRfXbEB1EVSLT41NNLRjYNJJP1KivrUxbfqkDatmHy12e%2FzVx8fLfn2ReU7TfrqYobgIlrN2bMN4m3pJDY4yLYUO%2FEcj%2FUThTcOTZz60vCdaDjjOc5weJ5%2B5c5M9BgPgzBqse9M%2BrgQnq4pkkgEMehe64ghnfspF5qrO2EdIwyRXMmAHn9nkd3y7XK92s%2Bea6VomQ%3D%3D
AE,Maharashtra,2019,184,Byculla,132347,113568,8,245923,25,69018,55605,2,146,124771,50.74,https://www.eci.gov.in/eci-backend/public/api/download?url=LMAhAK6sOPBp%2FNFF0iRfXbEB1EVSLT41NNLRjYNJJP1KivrUxbfqkDatmHy12e%2FzVx8fLfn2ReU7TfrqYobgIlrN2bMN4m3pJDY4yLYUO%2FEcj%2FUThTcOTZz60vCdaDjjOc5weJ5%2B5c5M9BgPgzBqse9M%2BrgQnq4pkkgEMehe64ghnfspF5qrO2EdIwyRXMmAHn9nkd3y7XK92s%2Bea6VomQ%3D%3D
AE,Maharashtra,2019,185,Malabar hill,137035,125361,4,262400,7,67341,55831,3,114,123289,46.99,https://www.eci.gov.in/eci-backend/public/api/download?url=LMAhAK6sOPBp%2FNFF0iRfXbEB1EVSLT41NNLRjYNJJP1KivrUxbfqkDatmHy12e%2FzVx8fLfn2ReU7TfrqYobgIlrN2bMN4m3pJDY4yLYUO%2FEcj%2FUThTcOTZz60vCdaDjjOc5weJ5%2B5c5M9BgPgzBqse9M%2BrgQnq4pkkgEMehe64ghnfspF5qrO2EdIwyRXMmAHn9nkd3y7XK92s%2Bea6VomQ%3D%3D
AE,Maharashtra,2019,186,Mumbadevi,133735,110401,9,244145,3,61239,47005,3,96,108343,44.38,https://www.eci.gov.in/eci-backend/public/api/download?url=LMAhAK6sOPBp%2FNFF0iRfXbEB1EVSLT41NNLRjYNJJP1KivrUxbfqkDatmHy12e%2FzVx8fLfn2ReU7TfrqYobgIlrN2bMN4m3pJDY4yLYUO%2FEcj%2FUThTcOTZz60vCdaDjjOc5weJ5%2B5c5M9BgPgzBqse9M%2BrgQnq4pkkgEMehe64ghnfspF5qrO2EdIwyRXMmAHn9nkd3y7XK92s%2Bea6VomQ%3D%3D
AE,Maharashtra,2019,187,Colaba,155265,111319,3,266587,77,61144,45751,0,130,107025,40.15,https://www.eci.gov.in/eci-backend/public/api/download?url=LMAhAK6sOPBp%2FNFF0iRfXbEB1EVSLT41NNLRjYNJJP1KivrUxbfqkDatmHy12e%2FzVx8fLfn2ReU7TfrqYobgIlrN2bMN4m3pJDY4yLYUO%2FEcj%2FUThTcOTZz60vCdaDjjOc5weJ5%2B5c5M9BgPgzBqse9M%2BrgQnq4pkkgEMehe64ghnfspF5qrO2EdIwyRXMmAHn9nkd3y7XK92s%2Bea6VomQ%3D%3D
AE,Maharashtra,2019,188,Panvel,298898,258615,0,557513,183,165975,135727,0,1004,302706,54.30,https://www.eci.gov.in/eci-backend/public/api/download?url=LMAhAK6sOPBp%2FNFF0iRfXbEB1EVSLT41NNLRjYNJJP1KivrUxbfqkDatmHy12e%2FzVx8fLfn2ReU7TfrqYobgIlrN2bMN4m3pJDY4yLYUO%2FEcj%2FUThTcOTZz60vCdaDjjOc5weJ5%2B5c5M9BgPgzBqse9M%2BrgQnq4pkkgEMehe64ghnfspF5qrO2EdIwyRXMmAHn9nkd3y7XK92s%2Bea6VomQ%3D%3D
AE,Maharashtra,2019,189,Karjat,143541,138769,0,282310,63,105919,93918,0,441,200278,70.94,https://www.eci.gov.in/eci-backend/public/api/download?url=LMAhAK6sOPBp%2FNFF0iRfXbEB1EVSLT41NNLRjYNJJP1KivrUxbfqkDatmHy12e%2FzVx8fLfn2ReU7TfrqYobgIlrN2bMN4m3pJDY4yLYUO%2FEcj%2FUThTcOTZz60vCdaDjjOc5weJ5%2B5c5M9BgPgzBqse9M%2BrgQnq4pkkgEMehe64ghnfspF5qrO2EdIwyRXMmAHn9nkd3y7XK92s%2Bea6VomQ%3D%3D
AE,Maharashtra,2019,190,Uran,147964,146226,4,294194,43,112675,105935,1,373,218984,74.44,https://www.eci.gov.in/eci-backend/public/api/download?url=LMAhAK6sOPBp%2FNFF0iRfXbEB1EVSLT41NNLRjYNJJP1KivrUxbfqkDatmHy12e%2FzVx8fLfn2ReU7TfrqYobgIlrN2bMN4m3pJDY4yLYUO%2FEcj%2FUThTcOTZz60vCdaDjjOc5weJ5%2B5c5M9BgPgzBqse9M%2BrgQnq4pkkgEMehe64ghnfspF5qrO2EdIwyRXMmAHn9nkd3y7XK92s%2Bea6VomQ%3D%3D
AE,Maharashtra,2019,191,Pen,152297,149739,0,302036,179,112394,102768,0,771,215933,71.49,https://www.eci.gov.in/eci-backend/public/api/download?url=LMAhAK6sOPBp%2FNFF0iRfXbEB1EVSLT41NNLRjYNJJP1KivrUxbfqkDatmHy12e%2FzVx8fLfn2ReU7TfrqYobgIlrN2bMN4m3pJDY4yLYUO%2FEcj%2FUThTcOTZz60vCdaDjjOc5weJ5%2B5c5M9BgPgzBqse9M%2BrgQnq4pkkgEMehe64ghnfspF5qrO2EdIwyRXMmAHn9nkd3y7XK92s%2Bea6VomQ%3D%3D
AE,Maharashtra,2019,192,Alibag,146361,148387,0,294748,167,109249,104659,0,930,214838,72.89,https://www.eci.gov.in/eci-backend/public/api/download?url=LMAhAK6sOPBp%2FNFF0iRfXbEB1EVSLT41NNLRjYNJJP1KivrUxbfqkDatmHy12e%2FzVx8fLfn2ReU7TfrqYobgIlrN2bMN4m3pJDY4yLYUO%2FEcj%2FUThTcOTZz60vCdaDjjOc5weJ5%2B5c5M9BgPgzBqse9M%2BrgQnq4pkkgEMehe64ghnfspF5qrO2EdIwyRXMmAHn9nkd3y7XK92s%2Bea6VomQ%3D%3D
AE,Maharashtra,2019,193,Shrivardhan,126165,131435,0,257600,68,78094,78588,0,670,157352,61.08,https://www.eci.gov.in/eci-backend/public/api/download?url=LMAhAK6sOPBp%2FNFF0iRfXbEB1EVSLT41NNLRjYNJJP1KivrUxbfqkDatmHy12e%2FzVx8fLfn2ReU7TfrqYobgIlrN2bMN4m3pJDY4yLYUO%2FEcj%2FUThTcOTZz60vCdaDjjOc5weJ5%2B5c5M9BgPgzBqse9M%2BrgQnq4pkkgEMehe64ghnfspF5qrO2EdIwyRXMmAHn9nkd3y7XK92s%2Bea6VomQ%3D%3D
AE,Maharashtra,2019,194,Mahad,142232,142609,1,284842,497,98275,92185,0,540,191000,67.05,https://www.eci.gov.in/eci-backend/public/api/download?url=LMAhAK6sOPBp%2FNFF0iRfXbEB1EVSLT41NNLRjYNJJP1KivrUxbfqkDatmHy12e%2FzVx8fLfn2ReU7TfrqYobgIlrN2bMN4m3pJDY4yLYUO%2FEcj%2FUThTcOTZz60vCdaDjjOc5weJ5%2B5c5M9BgPgzBqse9M%2BrgQnq4pkkgEMehe64ghnfspF5qrO2EdIwyRXMmAHn9nkd3y7XK92s%2Bea6VomQ%3D%3D
AE,Maharashtra,2019,195,Junnar,154047,145885,0,299932,284,108039,93723,0,926,202688,67.58,https://www.eci.gov.in/eci-backend/public/api/download?url=LMAhAK6sOPBp%2FNFF0iRfXbEB1EVSLT41NNLRjYNJJP1KivrUxbfqkDatmHy12e%2FzVx8fLfn2ReU7TfrqYobgIlrN2bMN4m3pJDY4yLYUO%2FEcj%2FUThTcOTZz60vCdaDjjOc5weJ5%2B5c5M9BgPgzBqse9M%2BrgQnq4pkkgEMehe64ghnfspF5qrO2EdIwyRXMmAHn9nkd3y7XK92s%2Bea6VomQ%3D%3D
AE,Maharashtra,2019,196,Ambegaon,146608,137574,0,284182,651,103494,85827,0,826,190147,66.91,https://www.eci.gov.in/eci-backend/public/api/download?url=LMAhAK6sOPBp%2FNFF0iRfXbEB1EVSLT41NNLRjYNJJP1KivrUxbfqkDatmHy12e%2FzVx8fLfn2ReU7TfrqYobgIlrN2bMN4m3pJDY4yLYUO%2FEcj%2FUThTcOTZz60vCdaDjjOc5weJ5%2B5c5M9BgPgzBqse9M%2BrgQnq4pkkgEMehe64ghnfspF5qrO2EdIwyRXMmAHn9nkd3y7XK92s%2Bea6VomQ%3D%3D
AE,Maharashtra,2019,197,Khed alandi,171273,156341,4,327618,356,120875,99297,1,677,220850,67.41,https://www.eci.gov.in/eci-backend/public/api/download?url=LMAhAK6sOPBp%2FNFF0iRfXbEB1EVSLT41NNLRjYNJJP1KivrUxbfqkDatmHy12e%2FzVx8fLfn2ReU7TfrqYobgIlrN2bMN4m3pJDY4yLYUO%2FEcj%2FUThTcOTZz60vCdaDjjOc5weJ5%2B5c5M9BgPgzBqse9M%2BrgQnq4pkkgEMehe64ghnfspF5qrO2EdIwyRXMmAHn9nkd3y7XK92s%2Bea6VomQ%3D%3D
AE,Maharashtra,2019,198,Shirur,200806,183505,12,384323,437,140267,117746,0,675,258688,67.31,https://www.eci.gov.in/eci-backend/public/api/download?url=LMAhAK6sOPBp%2FNFF0iRfXbEB1EVSLT41NNLRjYNJJP1KivrUxbfqkDatmHy12e%2FzVx8fLfn2ReU7TfrqYobgIlrN2bMN4m3pJDY4yLYUO%2FEcj%2FUThTcOTZz60vCdaDjjOc5weJ5%2B5c5M9BgPgzBqse9M%2BrgQnq4pkkgEMehe64ghnfspF5qrO2EdIwyRXMmAHn9nkd3y7XK92s%2Bea6VomQ%3D%3D
AE,Maharashtra,2019,199,Daund,162409,147067,10,309486,318,114140,98113,1,1987,214241,69.22,https://www.eci.gov.in/eci-backend/public/api/download?url=LMAhAK6sOPBp%2FNFF0iRfXbEB1EVSLT41NNLRjYNJJP1KivrUxbfqkDatmHy12e%2FzVx8fLfn2ReU7TfrqYobgIlrN2bMN4m3pJDY4yLYUO%2FEcj%2FUThTcOTZz60vCdaDjjOc5weJ5%2B5c5M9BgPgzBqse9M%2BrgQnq4pkkgEMehe64ghnfspF5qrO2EdIwyRXMmAHn9nkd3y7XK92s%2Bea6VomQ%3D%3D
AE,Maharashtra,2019,200,Indapur,160081,145784,1,305866,287,123950,108118,0,1687,233755,76.42,https://www.eci.gov.in/eci-backend/public/api/download?url=LMAhAK6sOPBp%2FNFF0iRfXbEB1EVSLT41NNLRjYNJJP1KivrUxbfqkDatmHy12e%2FzVx8fLfn2ReU7TfrqYobgIlrN2bMN4m3pJDY4yLYUO%2FEcj%2FUThTcOTZz60vCdaDjjOc5weJ5%2B5c5M9BgPgzBqse9M%2BrgQnq4pkkgEMehe64ghnfspF5qrO2EdIwyRXMmAHn9nkd3y7XK92s%2Bea6VomQ%3D%3D
AE,Maharashtra,2019,201,Baramati,177322,164944,4,342270,613,126449,107145,1,1944,235539,68.82,https://www.eci.gov.in/eci-backend/public/api/download?url=LMAhAK6sOPBp%2FNFF0iRfXbEB1EVSLT41NNLRjYNJJP1KivrUxbfqkDatmHy12e%2FzVx8fLfn2ReU7TfrqYobgIlrN2bMN4m3pJDY4yLYUO%2FEcj%2FUThTcOTZz60vCdaDjjOc5weJ5%2B5c5M9BgPgzBqse9M%2BrgQnq4pkkgEMehe64ghnfspF5qrO2EdIwyRXMmAHn9nkd3y7XK92s%2Bea6VomQ%3D%3D
AE,Maharashtra,2019,202,Purandar,190026,172108,16,362150,670,128160,108662,0,1554,238376,65.82,https://www.eci.gov.in/eci-backend/public/api/download?url=LMAhAK6sOPBp%2FNFF0iRfXbEB1EVSLT41NNLRjYNJJP1KivrUxbfqkDatmHy12e%2FzVx8fLfn2ReU7TfrqYobgIlrN2bMN4m3pJDY4yLYUO%2FEcj%2FUThTcOTZz60vCdaDjjOc5weJ5%2B5c5M9BgPgzBqse9M%2BrgQnq4pkkgEMehe64ghnfspF5qrO2EdIwyRXMmAHn9nkd3y7XK92s%2Bea6VomQ%3D%3D
AE,Maharashtra,2019,203,Bhor,191524,170207,3,361734,319,125835,101620,1,904,228360,63.13,https://www.eci.gov.in/eci-backend/public/api/download?url=LMAhAK6sOPBp%2FNFF0iRfXbEB1EVSLT41NNLRjYNJJP1KivrUxbfqkDatmHy12e%2FzVx8fLfn2ReU7TfrqYobgIlrN2bMN4m3pJDY4yLYUO%2FEcj%2FUThTcOTZz60vCdaDjjOc5weJ5%2B5c5M9BgPgzBqse9M%2BrgQnq4pkkgEMehe64ghnfspF5qrO2EdIwyRXMmAHn9nkd3y7XK92s%2Bea6VomQ%3D%3D
AE,Maharashtra,2019,204,Maval,180314,168263,4,348581,119,131408,116554,1,395,248358,71.25,https://www.eci.gov.in/eci-backend/public/api/download?url=LMAhAK6sOPBp%2FNFF0iRfXbEB1EVSLT41NNLRjYNJJP1KivrUxbfqkDatmHy12e%2FzVx8fLfn2ReU7TfrqYobgIlrN2bMN4m3pJDY4yLYUO%2FEcj%2FUThTcOTZz60vCdaDjjOc5weJ5%2B5c5M9BgPgzBqse9M%2BrgQnq4pkkgEMehe64ghnfspF5qrO2EdIwyRXMmAHn9nkd3y7XK92s%2Bea6VomQ%3D%3D
AE,Maharashtra,2019,205,Chinchwad,276453,241995,32,518480,171,154550,123198,2,624,278374,53.69,https://www.eci.gov.in/eci-backend/public/api/download?url=LMAhAK6sOPBp%2FNFF0iRfXbEB1EVSLT41NNLRjYNJJP1KivrUxbfqkDatmHy12e%2FzVx8fLfn2ReU7TfrqYobgIlrN2bMN4m3pJDY4yLYUO%2FEcj%2FUThTcOTZz60vCdaDjjOc5weJ5%2B5c5M9BgPgzBqse9M%2BrgQnq4pkkgEMehe64ghnfspF5qrO2EdIwyRXMmAHn9nkd3y7XK92s%2Bea6VomQ%3D%3D
AE,Maharashtra,2019,206,Pimpri,186078,167604,6,353688,143,97072,80301,3,273,177649,50.23,https://www.eci.gov.in/eci-backend/public/api/download?url=LMAhAK6sOPBp%2FNFF0iRfXbEB1EVSLT41NNLRjYNJJP1KivrUxbfqkDatmHy12e%2FzVx8fLfn2ReU7TfrqYobgIlrN2bMN4m3pJDY4yLYUO%2FEcj%2FUThTcOTZz60vCdaDjjOc5weJ5%2B5c5M9BgPgzBqse9M%2BrgQnq4pkkgEMehe64ghnfspF5qrO2EdIwyRXMmAHn9nkd3y7XK92s%2Bea6VomQ%3D%3D
AE,Maharashtra,2019,207,Bhosari,241739,199498,31,441268,143,147672,115301,3,491,263467,59.71,https://www.eci.gov.in/eci-backend/public/api/download?url=LMAhAK6sOPBp%2FNFF0iRfXbEB1EVSLT41NNLRjYNJJP1KivrUxbfqkDatmHy12e%2FzVx8fLfn2ReU7TfrqYobgIlrN2bMN4m3pJDY4yLYUO%2FEcj%2FUThTcOTZz60vCdaDjjOc5weJ5%2B5c5M9BgPgzBqse9M%2BrgQnq4pkkgEMehe64ghnfspF5qrO2EdIwyRXMmAHn9nkd3y7XK92s%2Bea6VomQ%3D%3D
AE,Maharashtra,2019,208,VADGAON SHERI,239278,217701,19,456998,511,118173,95986,3,543,214705,46.98,https://www.eci.gov.in/eci-backend/public/api/download?url=LMAhAK6sOPBp%2FNFF0iRfXbEB1EVSLT41NNLRjYNJJP1KivrUxbfqkDatmHy12e%2FzVx8fLfn2ReU7TfrqYobgIlrN2bMN4m3pJDY4yLYUO%2FEcj%2FUThTcOTZz60vCdaDjjOc5weJ5%2B5c5M9BgPgzBqse9M%2BrgQnq4pkkgEMehe64ghnfspF5qrO2EdIwyRXMmAHn9nkd3y7XK92s%2Bea6VomQ%3D%3D
AE,Maharashtra,2019,209,Shivajinagar,155584,150112,4,305700,113,71507,62828,2,443,134780,44.09,https://www.eci.gov.in/eci-backend/public/api/download?url=LMAhAK6sOPBp%2FNFF0iRfXbEB1EVSLT41NNLRjYNJJP1KivrUxbfqkDatmHy12e%2FzVx8fLfn2ReU7TfrqYobgIlrN2bMN4m3pJDY4yLYUO%2FEcj%2FUThTcOTZz60vCdaDjjOc5weJ5%2B5c5M9BgPgzBqse9M%2BrgQnq4pkkgEMehe64ghnfspF5qrO2EdIwyRXMmAHn9nkd3y7XK92s%2Bea6VomQ%3D%3D
AE,Maharashtra,2019,210,Kothrud,211421,193432,5,404858,93,104534,90433,2,189,195158,48.20,https://www.eci.gov.in/eci-backend/public/api/download?url=LMAhAK6sOPBp%2FNFF0iRfXbEB1EVSLT41NNLRjYNJJP1KivrUxbfqkDatmHy12e%2FzVx8fLfn2ReU7TfrqYobgIlrN2bMN4m3pJDY4yLYUO%2FEcj%2FUThTcOTZz60vCdaDjjOc5weJ5%2B5c5M9BgPgzBqse9M%2BrgQnq4pkkgEMehe64ghnfspF5qrO2EdIwyRXMmAHn9nkd3y7XK92s%2Bea6VomQ%3D%3D
AE,Maharashtra,2019,211,Khadakwasala,259335,227756,11,487102,154,137363,112703,0,454,250520,51.43,https://www.eci.gov.in/eci-backend/public/api/download?url=LMAhAK6sOPBp%2FNFF0iRfXbEB1EVSLT41NNLRjYNJJP1KivrUxbfqkDatmHy12e%2FzVx8fLfn2ReU7TfrqYobgIlrN2bMN4m3pJDY4yLYUO%2FEcj%2FUThTcOTZz60vCdaDjjOc5weJ5%2B5c5M9BgPgzBqse9M%2BrgQnq4pkkgEMehe64ghnfspF5qrO2EdIwyRXMmAHn9nkd3y7XK92s%2Bea6VomQ%3D%3D
AE,Maharashtra,2019,212,Parvati,182412,171881,46,354339,47,93400,80136,6,315,173857,49.07,https://www.eci.gov.in/eci-backend/public/api/download?url=LMAhAK6sOPBp%2FNFF0iRfXbEB1EVSLT41NNLRjYNJJP1KivrUxbfqkDatmHy12e%2FzVx8fLfn2ReU7TfrqYobgIlrN2bMN4m3pJDY4yLYUO%2FEcj%2FUThTcOTZz60vCdaDjjOc5weJ5%2B5c5M9BgPgzBqse9M%2BrgQnq4pkkgEMehe64ghnfspF5qrO2EdIwyRXMmAHn9nkd3y7XK92s%2Bea6VomQ%3D%3D
AE,Maharashtra,2019,213,Hadapsar,266882,237353,24,504259,215,133003,104788,5,427,238223,47.24,https://www.eci.gov.in/eci-backend/public/api/download?url=LMAhAK6sOPBp%2FNFF0iRfXbEB1EVSLT41NNLRjYNJJP1KivrUxbfqkDatmHy12e%2FzVx8fLfn2ReU7TfrqYobgIlrN2bMN4m3pJDY4yLYUO%2FEcj%2FUThTcOTZz60vCdaDjjOc5weJ5%2B5c5M9BgPgzBqse9M%2BrgQnq4pkkgEMehe64ghnfspF5qrO2EdIwyRXMmAHn9nkd3y7XK92s%2Bea6VomQ%3D%3D
AE,Maharashtra,2019,214,Pune cantonment,149800,141646,8,291454,110,69342,56787,1,481,126611,43.44,https://www.eci.gov.in/eci-backend/public/api/download?url=LMAhAK6sOPBp%2FNFF0iRfXbEB1EVSLT41NNLRjYNJJP1KivrUxbfqkDatmHy12e%2FzVx8fLfn2ReU7TfrqYobgIlrN2bMN4m3pJDY4yLYUO%2FEcj%2FUThTcOTZz60vCdaDjjOc5weJ5%2B5c5M9BgPgzBqse9M%2BrgQnq4pkkgEMehe64ghnfspF5qrO2EdIwyRXMmAHn9nkd3y7XK92s%2Bea6VomQ%3D%3D
AE,Maharashtra,2019,215,Kasbapeth,144160,146560,4,290724,41,80619,69272,1,201,150093,51.63,https://www.eci.gov.in/eci-backend/public/api/download?url=LMAhAK6sOPBp%2FNFF0iRfXbEB1EVSLT41NNLRjYNJJP1KivrUxbfqkDatmHy12e%2FzVx8fLfn2ReU7TfrqYobgIlrN2bMN4m3pJDY4yLYUO%2FEcj%2FUThTcOTZz60vCdaDjjOc5weJ5%2B5c5M9BgPgzBqse9M%2BrgQnq4pkkgEMehe64ghnfspF5qrO2EdIwyRXMmAHn9nkd3y7XK92s%2Bea6VomQ%3D%3D
AE,Maharashtra,2019,216,Akole,133494,121255,0,254749,545,94561,78799,0,921,174281,68.41,https://www.eci.gov.in/eci-backend/public/api/download?url=LMAhAK6sOPBp%2FNFF0iRfXbEB1EVSLT41NNLRjYNJJP1KivrUxbfqkDatmHy12e%2FzVx8fLfn2ReU7TfrqYobgIlrN2bMN4m3pJDY4yLYUO%2FEcj%2FUThTcOTZz60vCdaDjjOc5weJ5%2B5c5M9BgPgzBqse9M%2BrgQnq4pkkgEMehe64ghnfspF5qrO2EdIwyRXMmAHn9nkd3y7XK92s%2Bea6VomQ%3D%3D
AE,Maharashtra,2019,217,Sangamner,140729,129770,0,270499,810,104246,89174,0,1482,194902,72.05,https://www.eci.gov.in/eci-backend/public/api/download?url=LMAhAK6sOPBp%2FNFF0iRfXbEB1EVSLT41NNLRjYNJJP1KivrUxbfqkDatmHy12e%2FzVx8fLfn2ReU7TfrqYobgIlrN2bMN4m3pJDY4yLYUO%2FEcj%2FUThTcOTZz60vCdaDjjOc5weJ5%2B5c5M9BgPgzBqse9M%2BrgQnq4pkkgEMehe64ghnfspF5qrO2EdIwyRXMmAHn9nkd3y7XK92s%2Bea6VomQ%3D%3D
AE,Maharashtra,2019,218,Shirdi,136501,126543,13,263057,371,99202,86426,4,1145,186777,71.00,https://www.eci.gov.in/eci-backend/public/api/download?url=LMAhAK6sOPBp%2FNFF0iRfXbEB1EVSLT41NNLRjYNJJP1KivrUxbfqkDatmHy12e%2FzVx8fLfn2ReU7TfrqYobgIlrN2bMN4m3pJDY4yLYUO%2FEcj%2FUThTcOTZz60vCdaDjjOc5weJ5%2B5c5M9BgPgzBqse9M%2BrgQnq4pkkgEMehe64ghnfspF5qrO2EdIwyRXMmAHn9nkd3y7XK92s%2Bea6VomQ%3D%3D
AE,Maharashtra,2019,219,Kopargaon,135504,129674,6,265184,352,105971,95944,3,713,202631,76.41,https://www.eci.gov.in/eci-backend/public/api/download?url=LMAhAK6sOPBp%2FNFF0iRfXbEB1EVSLT41NNLRjYNJJP1KivrUxbfqkDatmHy12e%2FzVx8fLfn2ReU7TfrqYobgIlrN2bMN4m3pJDY4yLYUO%2FEcj%2FUThTcOTZz60vCdaDjjOc5weJ5%2B5c5M9BgPgzBqse9M%2BrgQnq4pkkgEMehe64ghnfspF5qrO2EdIwyRXMmAHn9nkd3y7XK92s%2Bea6VomQ%3D%3D
AE,Maharashtra,2019,220,Shrirampur,147172,140473,55,287700,375,98772,84899,26,975,184672,64.19,https://www.eci.gov.in/eci-backend/public/api/download?url=LMAhAK6sOPBp%2FNFF0iRfXbEB1EVSLT41NNLRjYNJJP1KivrUxbfqkDatmHy12e%2FzVx8fLfn2ReU7TfrqYobgIlrN2bMN4m3pJDY4yLYUO%2FEcj%2FUThTcOTZz60vCdaDjjOc5weJ5%2B5c5M9BgPgzBqse9M%2BrgQnq4pkkgEMehe64ghnfspF5qrO2EdIwyRXMmAHn9nkd3y7XK92s%2Bea6VomQ%3D%3D
AE,Maharashtra,2019,221,Nevasa,138223,124933,2,263158,388,112451,97959,0,1355,211765,80.47,https://www.eci.gov.in/eci-backend/public/api/download?url=LMAhAK6sOPBp%2FNFF0iRfXbEB1EVSLT41NNLRjYNJJP1KivrUxbfqkDatmHy12e%2FzVx8fLfn2ReU7TfrqYobgIlrN2bMN4m3pJDY4yLYUO%2FEcj%2FUThTcOTZz60vCdaDjjOc5weJ5%2B5c5M9BgPgzBqse9M%2BrgQnq4pkkgEMehe64ghnfspF5qrO2EdIwyRXMmAHn9nkd3y7XK92s%2Bea6VomQ%3D%3D
AE,Maharashtra,2019,222,Shevgaon,179425,162442,6,341873,1013,121564,102369,1,2496,226430,66.23,https://www.eci.gov.in/eci-backend/public/api/download?url=LMAhAK6sOPBp%2FNFF0iRfXbEB1EVSLT41NNLRjYNJJP1KivrUxbfqkDatmHy12e%2FzVx8fLfn2ReU7TfrqYobgIlrN2bMN4m3pJDY4yLYUO%2FEcj%2FUThTcOTZz60vCdaDjjOc5weJ5%2B5c5M9BgPgzBqse9M%2BrgQnq4pkkgEMehe64ghnfspF5qrO2EdIwyRXMmAHn9nkd3y7XK92s%2Bea6VomQ%3D%3D
AE,Maharashtra,2019,223,Rahuri,154427,138234,2,292663,1189,108995,90277,0,1966,201238,68.76,https://www.eci.gov.in/eci-backend/public/api/download?url=LMAhAK6sOPBp%2FNFF0iRfXbEB1EVSLT41NNLRjYNJJP1KivrUxbfqkDatmHy12e%2FzVx8fLfn2ReU7TfrqYobgIlrN2bMN4m3pJDY4yLYUO%2FEcj%2FUThTcOTZz60vCdaDjjOc5weJ5%2B5c5M9BgPgzBqse9M%2BrgQnq4pkkgEMehe64ghnfspF5qrO2EdIwyRXMmAHn9nkd3y7XK92s%2Bea6VomQ%3D%3D
AE,Maharashtra,2019,224,Parner,168559,153495,0,322054,2206,121501,103134,0,2476,227111,70.52,https://www.eci.gov.in/eci-backend/public/api/download?url=LMAhAK6sOPBp%2FNFF0iRfXbEB1EVSLT41NNLRjYNJJP1KivrUxbfqkDatmHy12e%2FzVx8fLfn2ReU7TfrqYobgIlrN2bMN4m3pJDY4yLYUO%2FEcj%2FUThTcOTZz60vCdaDjjOc5weJ5%2B5c5M9BgPgzBqse9M%2BrgQnq4pkkgEMehe64ghnfspF5qrO2EdIwyRXMmAHn9nkd3y7XK92s%2Bea6VomQ%3D%3D
AE,Maharashtra,2019,225,Ahmednagar City,149084,140471,74,289629,600,91679,77099,24,1537,170339,58.81,https://www.eci.gov.in/eci-backend/public/api/download?url=LMAhAK6sOPBp%2FNFF0iRfXbEB1EVSLT41NNLRjYNJJP1KivrUxbfqkDatmHy12e%2FzVx8fLfn2ReU7TfrqYobgIlrN2bMN4m3pJDY4yLYUO%2FEcj%2FUThTcOTZz60vCdaDjjOc5weJ5%2B5c5M9BgPgzBqse9M%2BrgQnq4pkkgEMehe64ghnfspF5qrO2EdIwyRXMmAHn9nkd3y7XK92s%2Bea6VomQ%3D%3D
AE,Maharashtra,2019,226,Shrigonda,164010,147979,3,311992,1635,115880,94108,1,1557,211546,67.80,https://www.eci.gov.in/eci-backend/public/api/download?url=LMAhAK6sOPBp%2FNFF0iRfXbEB1EVSLT41NNLRjYNJJP1KivrUxbfqkDatmHy12e%2FzVx8fLfn2ReU7TfrqYobgIlrN2bMN4m3pJDY4yLYUO%2FEcj%2FUThTcOTZz60vCdaDjjOc5weJ5%2B5c5M9BgPgzBqse9M%2BrgQnq4pkkgEMehe64ghnfspF5qrO2EdIwyRXMmAHn9nkd3y7XK92s%2Bea6VomQ%3D%3D
AE,Maharashtra,2019,227,Karjat jamkhed,170154,150688,1,320843,774,127471,109188,0,1878,238537,74.35,https://www.eci.gov.in/eci-backend/public/api/download?url=LMAhAK6sOPBp%2FNFF0iRfXbEB1EVSLT41NNLRjYNJJP1KivrUxbfqkDatmHy12e%2FzVx8fLfn2ReU7TfrqYobgIlrN2bMN4m3pJDY4yLYUO%2FEcj%2FUThTcOTZz60vCdaDjjOc5weJ5%2B5c5M9BgPgzBqse9M%2BrgQnq4pkkgEMehe64ghnfspF5qrO2EdIwyRXMmAHn9nkd3y7XK92s%2Bea6VomQ%3D%3D
AE,Maharashtra,2019,228,Georai,185899,166475,1,352375,183,140208,120671,0,762,261641,74.25,https://www.eci.gov.in/eci-backend/public/api/download?url=LMAhAK6sOPBp%2FNFF0iRfXbEB1EVSLT41NNLRjYNJJP1KivrUxbfqkDatmHy12e%2FzVx8fLfn2ReU7TfrqYobgIlrN2bMN4m3pJDY4yLYUO%2FEcj%2FUThTcOTZz60vCdaDjjOc5weJ5%2B5c5M9BgPgzBqse9M%2BrgQnq4pkkgEMehe64ghnfspF5qrO2EdIwyRXMmAHn9nkd3y7XK92s%2Bea6VomQ%3D%3D
AE,Maharashtra,2019,229,Majalgaon,175681,155890,0,331571,411,123349,104308,0,1640,229297,69.15,https://www.eci.gov.in/eci-backend/public/api/download?url=LMAhAK6sOPBp%2FNFF0iRfXbEB1EVSLT41NNLRjYNJJP1KivrUxbfqkDatmHy12e%2FzVx8fLfn2ReU7TfrqYobgIlrN2bMN4m3pJDY4yLYUO%2FEcj%2FUThTcOTZz60vCdaDjjOc5weJ5%2B5c5M9BgPgzBqse9M%2BrgQnq4pkkgEMehe64ghnfspF5qrO2EdIwyRXMmAHn9nkd3y7XK92s%2Bea6VomQ%3D%3D
AE,Maharashtra,2019,230,Beed,179566,156396,3,335965,815,120590,98909,1,1809,221309,65.87,https://www.eci.gov.in/eci-backend/public/api/download?url=LMAhAK6sOPBp%2FNFF0iRfXbEB1EVSLT41NNLRjYNJJP1KivrUxbfqkDatmHy12e%2FzVx8fLfn2ReU7TfrqYobgIlrN2bMN4m3pJDY4yLYUO%2FEcj%2FUThTcOTZz60vCdaDjjOc5weJ5%2B5c5M9BgPgzBqse9M%2BrgQnq4pkkgEMehe64ghnfspF5qrO2EdIwyRXMmAHn9nkd3y7XK92s%2Bea6VomQ%3D%3D
AE,Maharashtra,2019,231,Ashti,198693,173628,0,372321,1871,130547,108526,0,1781,240854,64.69,https://www.eci.gov.in/eci-backend/public/api/download?url=LMAhAK6sOPBp%2FNFF0iRfXbEB1EVSLT41NNLRjYNJJP1KivrUxbfqkDatmHy12e%2FzVx8fLfn2ReU7TfrqYobgIlrN2bMN4m3pJDY4yLYUO%2FEcj%2FUThTcOTZz60vCdaDjjOc5weJ5%2B5c5M9BgPgzBqse9M%2BrgQnq4pkkgEMehe64ghnfspF5qrO2EdIwyRXMmAHn9nkd3y7XK92s%2Bea6VomQ%3D%3D
AE,Maharashtra,2019,232,Kaij,190073,172356,1,362430,726,122716,105258,1,1717,229692,63.38,https://www.eci.gov.in/eci-backend/public/api/download?url=LMAhAK6sOPBp%2FNFF0iRfXbEB1EVSLT41NNLRjYNJJP1KivrUxbfqkDatmHy12e%2FzVx8fLfn2ReU7TfrqYobgIlrN2bMN4m3pJDY4yLYUO%2FEcj%2FUThTcOTZz60vCdaDjjOc5weJ5%2B5c5M9BgPgzBqse9M%2BrgQnq4pkkgEMehe64ghnfspF5qrO2EdIwyRXMmAHn9nkd3y7XK92s%2Bea6VomQ%3D%3D
AE,Maharashtra,2019,233,Parli,161329,145381,0,306710,506,119540,103759,0,1069,224368,73.15,https://www.eci.gov.in/eci-backend/public/api/download?url=LMAhAK6sOPBp%2FNFF0iRfXbEB1EVSLT41NNLRjYNJJP1KivrUxbfqkDatmHy12e%2FzVx8fLfn2ReU7TfrqYobgIlrN2bMN4m3pJDY4yLYUO%2FEcj%2FUThTcOTZz60vCdaDjjOc5weJ5%2B5c5M9BgPgzBqse9M%2BrgQnq4pkkgEMehe64ghnfspF5qrO2EdIwyRXMmAHn9nkd3y7XK92s%2Bea6VomQ%3D%3D
AE,Maharashtra,2019,234,Latur Rural,169854,152475,1,322330,358,107637,91398,1,565,199601,61.92,https://www.eci.gov.in/eci-backend/public/api/download?url=LMAhAK6sOPBp%2FNFF0iRfXbEB1EVSLT41NNLRjYNJJP1KivrUxbfqkDatmHy12e%2FzVx8fLfn2ReU7TfrqYobgIlrN2bMN4m3pJDY4yLYUO%2FEcj%2FUThTcOTZz60vCdaDjjOc5weJ5%2B5c5M9BgPgzBqse9M%2BrgQnq4pkkgEMehe64ghnfspF5qrO2EdIwyRXMmAHn9nkd3y7XK92s%2Bea6VomQ%3D%3D
AE,Maharashtra,2019,235,Latur City,194476,177997,1,372474,105,112089,98363,0,1496,211948,56.90,https://www.eci.gov.in/eci-backend/public/api/download?url=LMAhAK6sOPBp%2FNFF0iRfXbEB1EVSLT41NNLRjYNJJP1KivrUxbfqkDatmHy12e%2FzVx8fLfn2ReU7TfrqYobgIlrN2bMN4m3pJDY4yLYUO%2FEcj%2FUThTcOTZz60vCdaDjjOc5weJ5%2B5c5M9BgPgzBqse9M%2BrgQnq4pkkgEMehe64ghnfspF5qrO2EdIwyRXMmAHn9nkd3y7XK92s%2Bea6VomQ%3D%3D
AE,Maharashtra,2019,236,Ahmadpur,171026,150303,0,321329,844,113832,99225,0,2109,215166,66.96,https://www.eci.gov.in/eci-backend/public/api/download?url=LMAhAK6sOPBp%2FNFF0iRfXbEB1EVSLT41NNLRjYNJJP1KivrUxbfqkDatmHy12e%2FzVx8fLfn2ReU7TfrqYobgIlrN2bMN4m3pJDY4yLYUO%2FEcj%2FUThTcOTZz60vCdaDjjOc5weJ5%2B5c5M9BgPgzBqse9M%2BrgQnq4pkkgEMehe64ghnfspF5qrO2EdIwyRXMmAHn9nkd3y7XK92s%2Bea6VomQ%3D%3D
AE,Maharashtra,2019,237,Udgir,158946,140193,0,299139,700,94999,82984,0,2117,180100,60.21,https://www.eci.gov.in/eci-backend/public/api/download?url=LMAhAK6sOPBp%2FNFF0iRfXbEB1EVSLT41NNLRjYNJJP1KivrUxbfqkDatmHy12e%2FzVx8fLfn2ReU7TfrqYobgIlrN2bMN4m3pJDY4yLYUO%2FEcj%2FUThTcOTZz60vCdaDjjOc5weJ5%2B5c5M9BgPgzBqse9M%2BrgQnq4pkkgEMehe64ghnfspF5qrO2EdIwyRXMmAHn9nkd3y7XK92s%2Bea6VomQ%3D%3D
AE,Maharashtra,2019,238,Nilanga,167322,149367,1,316690,398,103656,92586,0,1100,197342,62.31,https://www.eci.gov.in/eci-backend/public/api/download?url=LMAhAK6sOPBp%2FNFF0iRfXbEB1EVSLT41NNLRjYNJJP1KivrUxbfqkDatmHy12e%2FzVx8fLfn2ReU7TfrqYobgIlrN2bMN4m3pJDY4yLYUO%2FEcj%2FUThTcOTZz60vCdaDjjOc5weJ5%2B5c5M9BgPgzBqse9M%2BrgQnq4pkkgEMehe64ghnfspF5qrO2EdIwyRXMmAHn9nkd3y7XK92s%2Bea6VomQ%3D%3D
AE,Maharashtra,2019,239,Ausa,151239,132719,0,283958,497,98635,87821,0,890,187346,65.98,https://www.eci.gov.in/eci-backend/public/api/download?url=LMAhAK6sOPBp%2FNFF0iRfXbEB1EVSLT41NNLRjYNJJP1KivrUxbfqkDatmHy12e%2FzVx8fLfn2ReU7TfrqYobgIlrN2bMN4m3pJDY4yLYUO%2FEcj%2FUThTcOTZz60vCdaDjjOc5weJ5%2B5c5M9BgPgzBqse9M%2BrgQnq4pkkgEMehe64ghnfspF5qrO2EdIwyRXMmAHn9nkd3y7XK92s%2Bea6VomQ%3D%3D
AE,Maharashtra,2019,240,Umarga,158354,139474,1,297829,692,88683,79005,1,1585,169274,56.84,https://www.eci.gov.in/eci-backend/public/api/download?url=LMAhAK6sOPBp%2FNFF0iRfXbEB1EVSLT41NNLRjYNJJP1KivrUxbfqkDatmHy12e%2FzVx8fLfn2ReU7TfrqYobgIlrN2bMN4m3pJDY4yLYUO%2FEcj%2FUThTcOTZz60vCdaDjjOc5weJ5%2B5c5M9BgPgzBqse9M%2BrgQnq4pkkgEMehe64ghnfspF5qrO2EdIwyRXMmAHn9nkd3y7XK92s%2Bea6VomQ%3D%3D
AE,Maharashtra,2019,241,Tuljapur,188504,163938,7,352449,607,122687,104102,1,1872,228662,64.88,https://www.eci.gov.in/eci-backend/public/api/download?url=LMAhAK6sOPBp%2FNFF0iRfXbEB1EVSLT41NNLRjYNJJP1KivrUxbfqkDatmHy12e%2FzVx8fLfn2ReU7TfrqYobgIlrN2bMN4m3pJDY4yLYUO%2FEcj%2FUThTcOTZz60vCdaDjjOc5weJ5%2B5c5M9BgPgzBqse9M%2BrgQnq4pkkgEMehe64ghnfspF5qrO2EdIwyRXMmAHn9nkd3y7XK92s%2Bea6VomQ%3D%3D
AE,Maharashtra,2019,242,Osmanabad,187597,166040,10,353647,611,116308,98011,2,2270,216591,61.24,https://www.eci.gov.in/eci-backend/public/api/download?url=LMAhAK6sOPBp%2FNFF0iRfXbEB1EVSLT41NNLRjYNJJP1KivrUxbfqkDatmHy12e%2FzVx8fLfn2ReU7TfrqYobgIlrN2bMN4m3pJDY4yLYUO%2FEcj%2FUThTcOTZz60vCdaDjjOc5weJ5%2B5c5M9BgPgzBqse9M%2BrgQnq4pkkgEMehe64ghnfspF5qrO2EdIwyRXMmAHn9nkd3y7XK92s%2Bea6VomQ%3D%3D
AE,Maharashtra,2019,243,Paranda,167867,146843,1,314711,774,114253,99177,1,1544,214975,68.31,https://www.eci.gov.in/eci-backend/public/api/download?url=LMAhAK6sOPBp%2FNFF0iRfXbEB1EVSLT41NNLRjYNJJP1KivrUxbfqkDatmHy12e%2FzVx8fLfn2ReU7TfrqYobgIlrN2bMN4m3pJDY4yLYUO%2FEcj%2FUThTcOTZz60vCdaDjjOc5weJ5%2B5c5M9BgPgzBqse9M%2BrgQnq4pkkgEMehe64ghnfspF5qrO2EdIwyRXMmAHn9nkd3y7XK92s%2Bea6VomQ%3D%3D
AE,Maharashtra,2019,244,Karmala,160730,142084,2,302816,477,116298,96967,0,1893,215158,71.05,https://www.eci.gov.in/eci-backend/public/api/download?url=LMAhAK6sOPBp%2FNFF0iRfXbEB1EVSLT41NNLRjYNJJP1KivrUxbfqkDatmHy12e%2FzVx8fLfn2ReU7TfrqYobgIlrN2bMN4m3pJDY4yLYUO%2FEcj%2FUThTcOTZz60vCdaDjjOc5weJ5%2B5c5M9BgPgzBqse9M%2BrgQnq4pkkgEMehe64ghnfspF5qrO2EdIwyRXMmAHn9nkd3y7XK92s%2Bea6VomQ%3D%3D
AE,Maharashtra,2019,245,Madha,173190,153346,1,326537,363,124319,101595,0,1362,227276,69.60,https://www.eci.gov.in/eci-backend/public/api/download?url=LMAhAK6sOPBp%2FNFF0iRfXbEB1EVSLT41NNLRjYNJJP1KivrUxbfqkDatmHy12e%2FzVx8fLfn2ReU7TfrqYobgIlrN2bMN4m3pJDY4yLYUO%2FEcj%2FUThTcOTZz60vCdaDjjOc5weJ5%2B5c5M9BgPgzBqse9M%2BrgQnq4pkkgEMehe64ghnfspF5qrO2EdIwyRXMmAHn9nkd3y7XK92s%2Bea6VomQ%3D%3D
AE,Maharashtra,2019,246,Barshi,160243,146253,11,306507,587,116996,104471,6,2926,224399,73.21,https://www.eci.gov.in/eci-backend/public/api/download?url=LMAhAK6sOPBp%2FNFF0iRfXbEB1EVSLT41NNLRjYNJJP1KivrUxbfqkDatmHy12e%2FzVx8fLfn2ReU7TfrqYobgIlrN2bMN4m3pJDY4yLYUO%2FEcj%2FUThTcOTZz60vCdaDjjOc5weJ5%2B5c5M9BgPgzBqse9M%2BrgQnq4pkkgEMehe64ghnfspF5qrO2EdIwyRXMmAHn9nkd3y7XK92s%2Bea6VomQ%3D%3D
AE,Maharashtra,2019,247,Mohol,162759,143139,3,305901,421,111317,89232,1,1258,201808,65.97,https://www.eci.gov.in/eci-backend/public/api/download?url=LMAhAK6sOPBp%2FNFF0iRfXbEB1EVSLT41NNLRjYNJJP1KivrUxbfqkDatmHy12e%2FzVx8fLfn2ReU7TfrqYobgIlrN2bMN4m3pJDY4yLYUO%2FEcj%2FUThTcOTZz60vCdaDjjOc5weJ5%2B5c5M9BgPgzBqse9M%2BrgQnq4pkkgEMehe64ghnfspF5qrO2EdIwyRXMmAHn9nkd3y7XK92s%2Bea6VomQ%3D%3D
AE,Maharashtra,2019,248,Solapur City North,146719,141725,22,288466,73,80843,70402,5,587,151837,52.64,https://www.eci.gov.in/eci-backend/public/api/download?url=LMAhAK6sOPBp%2FNFF0iRfXbEB1EVSLT41NNLRjYNJJP1KivrUxbfqkDatmHy12e%2FzVx8fLfn2ReU7TfrqYobgIlrN2bMN4m3pJDY4yLYUO%2FEcj%2FUThTcOTZz60vCdaDjjOc5weJ5%2B5c5M9BgPgzBqse9M%2BrgQnq4pkkgEMehe64ghnfspF5qrO2EdIwyRXMmAHn9nkd3y7XK92s%2Bea6VomQ%3D%3D
AE,Maharashtra,2019,249,Solapur City central,152312,149837,11,302160,44,87046,80525,4,759,168334,55.71,https://www.eci.gov.in/eci-backend/public/api/download?url=LMAhAK6sOPBp%2FNFF0iRfXbEB1EVSLT41NNLRjYNJJP1KivrUxbfqkDatmHy12e%2FzVx8fLfn2ReU7TfrqYobgIlrN2bMN4m3pJDY4yLYUO%2FEcj%2FUThTcOTZz60vCdaDjjOc5weJ5%2B5c5M9BgPgzBqse9M%2BrgQnq4pkkgEMehe64ghnfspF5qrO2EdIwyRXMmAHn9nkd3y7XK92s%2Bea6VomQ%3D%3D
AE,Maharashtra,2019,250,Akkalkot,181643,164837,18,346498,427,113960,97756,3,1851,213570,61.64,https://www.eci.gov.in/eci-backend/public/api/download?url=LMAhAK6sOPBp%2FNFF0iRfXbEB1EVSLT41NNLRjYNJJP1KivrUxbfqkDatmHy12e%2FzVx8fLfn2ReU7TfrqYobgIlrN2bMN4m3pJDY4yLYUO%2FEcj%2FUThTcOTZz60vCdaDjjOc5weJ5%2B5c5M9BgPgzBqse9M%2BrgQnq4pkkgEMehe64ghnfspF5qrO2EdIwyRXMmAHn9nkd3y7XK92s%2Bea6VomQ%3D%3D
AE,Maharashtra,2019,251,Solapur South,164377,146136,11,310524,252,89134,72246,1,1441,162822,52.43,https://www.eci.gov.in/eci-backend/public/api/download?url=LMAhAK6sOPBp%2FNFF0iRfXbEB1EVSLT41NNLRjYNJJP1KivrUxbfqkDatmHy12e%2FzVx8fLfn2ReU7TfrqYobgIlrN2bMN4m3pJDY4yLYUO%2FEcj%2FUThTcOTZz60vCdaDjjOc5weJ5%2B5c5M9BgPgzBqse9M%2BrgQnq4pkkgEMehe64ghnfspF5qrO2EdIwyRXMmAHn9nkd3y7XK92s%2Bea6VomQ%3D%3D
AE,Maharashtra,2019,252,Pandharpur,174438,159679,3,334120,541,124794,112827,1,2069,239691,71.74,https://www.eci.gov.in/eci-backend/public/api/download?url=LMAhAK6sOPBp%2FNFF0iRfXbEB1EVSLT41NNLRjYNJJP1KivrUxbfqkDatmHy12e%2FzVx8fLfn2ReU7TfrqYobgIlrN2bMN4m3pJDY4yLYUO%2FEcj%2FUThTcOTZz60vCdaDjjOc5weJ5%2B5c5M9BgPgzBqse9M%2BrgQnq4pkkgEMehe64ghnfspF5qrO2EdIwyRXMmAHn9nkd3y7XK92s%2Bea6VomQ%3D%3D
AE,Maharashtra,2019,253,Sangola,156994,137901,0,294895,926,114007,99664,0,1815,215486,73.07,https://www.eci.gov.in/eci-backend/public/api/download?url=LMAhAK6sOPBp%2FNFF0iRfXbEB1EVSLT41NNLRjYNJJP1KivrUxbfqkDatmHy12e%2FzVx8fLfn2ReU7TfrqYobgIlrN2bMN4m3pJDY4yLYUO%2FEcj%2FUThTcOTZz60vCdaDjjOc5weJ5%2B5c5M9BgPgzBqse9M%2BrgQnq4pkkgEMehe64ghnfspF5qrO2EdIwyRXMmAHn9nkd3y7XK92s%2Bea6VomQ%3D%3D
AE,Maharashtra,2019,254,Malshiras,168261,152389,12,320662,426,115994,97835,4,1480,215313,67.15,https://www.eci.gov.in/eci-backend/public/api/download?url=LMAhAK6sOPBp%2FNFF0iRfXbEB1EVSLT41NNLRjYNJJP1KivrUxbfqkDatmHy12e%2FzVx8fLfn2ReU7TfrqYobgIlrN2bMN4m3pJDY4yLYUO%2FEcj%2FUThTcOTZz60vCdaDjjOc5weJ5%2B5c5M9BgPgzBqse9M%2BrgQnq4pkkgEMehe64ghnfspF5qrO2EdIwyRXMmAHn9nkd3y7XK92s%2Bea6VomQ%3D%3D
AE,Maharashtra,2019,255,Phaltan,171999,160673,1,332673,982,114962,98828,0,2197,215987,64.92,https://www.eci.gov.in/eci-backend/public/api/download?url=LMAhAK6sOPBp%2FNFF0iRfXbEB1EVSLT41NNLRjYNJJP1KivrUxbfqkDatmHy12e%2FzVx8fLfn2ReU7TfrqYobgIlrN2bMN4m3pJDY4yLYUO%2FEcj%2FUThTcOTZz60vCdaDjjOc5weJ5%2B5c5M9BgPgzBqse9M%2BrgQnq4pkkgEMehe64ghnfspF5qrO2EdIwyRXMmAHn9nkd3y7XK92s%2Bea6VomQ%3D%3D
AE,Maharashtra,2019,256,Wai,168225,164268,5,332498,1066,118283,107955,3,2201,228442,68.70,https://www.eci.gov.in/eci-backend/public/api/download?url=LMAhAK6sOPBp%2FNFF0iRfXbEB1EVSLT41NNLRjYNJJP1KivrUxbfqkDatmHy12e%2FzVx8fLfn2ReU7TfrqYobgIlrN2bMN4m3pJDY4yLYUO%2FEcj%2FUThTcOTZz60vCdaDjjOc5weJ5%2B5c5M9BgPgzBqse9M%2BrgQnq4pkkgEMehe64ghnfspF5qrO2EdIwyRXMmAHn9nkd3y7XK92s%2Bea6VomQ%3D%3D
AE,Maharashtra,2019,257,Koregaon,157115,145185,0,302300,3534,107390,96848,0,1883,206121,68.18,https://www.eci.gov.in/eci-backend/public/api/download?url=LMAhAK6sOPBp%2FNFF0iRfXbEB1EVSLT41NNLRjYNJJP1KivrUxbfqkDatmHy12e%2FzVx8fLfn2ReU7TfrqYobgIlrN2bMN4m3pJDY4yLYUO%2FEcj%2FUThTcOTZz60vCdaDjjOc5weJ5%2B5c5M9BgPgzBqse9M%2BrgQnq4pkkgEMehe64ghnfspF5qrO2EdIwyRXMmAHn9nkd3y7XK92s%2Bea6VomQ%3D%3D
AE,Maharashtra,2019,258,Man,177159,164805,0,341964,1753,116926,108703,0,2415,228044,66.69,https://www.eci.gov.in/eci-backend/public/api/download?url=LMAhAK6sOPBp%2FNFF0iRfXbEB1EVSLT41NNLRjYNJJP1KivrUxbfqkDatmHy12e%2FzVx8fLfn2ReU7TfrqYobgIlrN2bMN4m3pJDY4yLYUO%2FEcj%2FUThTcOTZz60vCdaDjjOc5weJ5%2B5c5M9BgPgzBqse9M%2BrgQnq4pkkgEMehe64ghnfspF5qrO2EdIwyRXMmAHn9nkd3y7XK92s%2Bea6VomQ%3D%3D
AE,Maharashtra,2019,259,Karad North,151721,142748,1,294470,2431,103572,95213,1,1473,200259,68.01,https://www.eci.gov.in/eci-backend/public/api/download?url=LMAhAK6sOPBp%2FNFF0iRfXbEB1EVSLT41NNLRjYNJJP1KivrUxbfqkDatmHy12e%2FzVx8fLfn2ReU7TfrqYobgIlrN2bMN4m3pJDY4yLYUO%2FEcj%2FUThTcOTZz60vCdaDjjOc5weJ5%2B5c5M9BgPgzBqse9M%2BrgQnq4pkkgEMehe64ghnfspF5qrO2EdIwyRXMmAHn9nkd3y7XK92s%2Bea6VomQ%3D%3D
AE,Maharashtra,2019,260,Karad South,150880,141516,129,292525,666,108941,99562,9,1924,210436,71.94,https://www.eci.gov.in/eci-backend/public/api/download?url=LMAhAK6sOPBp%2FNFF0iRfXbEB1EVSLT41NNLRjYNJJP1KivrUxbfqkDatmHy12e%2FzVx8fLfn2ReU7TfrqYobgIlrN2bMN4m3pJDY4yLYUO%2FEcj%2FUThTcOTZz60vCdaDjjOc5weJ5%2B5c5M9BgPgzBqse9M%2BrgQnq4pkkgEMehe64ghnfspF5qrO2EdIwyRXMmAHn9nkd3y7XK92s%2Bea6VomQ%3D%3D
AE,Maharashtra,2019,261,Patan,152082,148609,1,300692,763,104338,98932,0,1215,204485,68.00,https://www.eci.gov.in/eci-backend/public/api/download?url=LMAhAK6sOPBp%2FNFF0iRfXbEB1EVSLT41NNLRjYNJJP1KivrUxbfqkDatmHy12e%2FzVx8fLfn2ReU7TfrqYobgIlrN2bMN4m3pJDY4yLYUO%2FEcj%2FUThTcOTZz60vCdaDjjOc5weJ5%2B5c5M9BgPgzBqse9M%2BrgQnq4pkkgEMehe64ghnfspF5qrO2EdIwyRXMmAHn9nkd3y7XK92s%2Bea6VomQ%3D%3D
AE,Maharashtra,2019,262,Satara,170411,167411,9,337831,1463,102737,95899,0,1726,200362,59.31,https://www.eci.gov.in/eci-backend/public/api/download?url=LMAhAK6sOPBp%2FNFF0iRfXbEB1EVSLT41NNLRjYNJJP1KivrUxbfqkDatmHy12e%2FzVx8fLfn2ReU7TfrqYobgIlrN2bMN4m3pJDY4yLYUO%2FEcj%2FUThTcOTZz60vCdaDjjOc5weJ5%2B5c5M9BgPgzBqse9M%2BrgQnq4pkkgEMehe64ghnfspF5qrO2EdIwyRXMmAHn9nkd3y7XK92s%2Bea6VomQ%3D%3D
AE,Maharashtra,2019,263,Dapoli,133789,146995,1,280785,289,88999,95934,0,931,185864,66.19,https://www.eci.gov.in/eci-backend/public/api/download?url=LMAhAK6sOPBp%2FNFF0iRfXbEB1EVSLT41NNLRjYNJJP1KivrUxbfqkDatmHy12e%2FzVx8fLfn2ReU7TfrqYobgIlrN2bMN4m3pJDY4yLYUO%2FEcj%2FUThTcOTZz60vCdaDjjOc5weJ5%2B5c5M9BgPgzBqse9M%2BrgQnq4pkkgEMehe64ghnfspF5qrO2EdIwyRXMmAHn9nkd3y7XK92s%2Bea6VomQ%3D%3D
AE,Maharashtra,2019,264,Guhagar,113265,127121,0,240386,271,65725,76623,0,565,142913,59.45,https://www.eci.gov.in/eci-backend/public/api/download?url=LMAhAK6sOPBp%2FNFF0iRfXbEB1EVSLT41NNLRjYNJJP1KivrUxbfqkDatmHy12e%2FzVx8fLfn2ReU7TfrqYobgIlrN2bMN4m3pJDY4yLYUO%2FEcj%2FUThTcOTZz60vCdaDjjOc5weJ5%2B5c5M9BgPgzBqse9M%2BrgQnq4pkkgEMehe64ghnfspF5qrO2EdIwyRXMmAHn9nkd3y7XK92s%2Bea6VomQ%3D%3D
AE,Maharashtra,2019,265,Chiplun,132311,138055,0,270366,191,88329,88740,0,1104,178173,65.90,https://www.eci.gov.in/eci-backend/public/api/download?url=LMAhAK6sOPBp%2FNFF0iRfXbEB1EVSLT41NNLRjYNJJP1KivrUxbfqkDatmHy12e%2FzVx8fLfn2ReU7TfrqYobgIlrN2bMN4m3pJDY4yLYUO%2FEcj%2FUThTcOTZz60vCdaDjjOc5weJ5%2B5c5M9BgPgzBqse9M%2BrgQnq4pkkgEMehe64ghnfspF5qrO2EdIwyRXMmAHn9nkd3y7XK92s%2Bea6VomQ%3D%3D
AE,Maharashtra,2019,266,Ratnagiri,137696,144268,9,281973,49,80393,82142,0,611,163146,57.86,https://www.eci.gov.in/eci-backend/public/api/download?url=LMAhAK6sOPBp%2FNFF0iRfXbEB1EVSLT41NNLRjYNJJP1KivrUxbfqkDatmHy12e%2FzVx8fLfn2ReU7TfrqYobgIlrN2bMN4m3pJDY4yLYUO%2FEcj%2FUThTcOTZz60vCdaDjjOc5weJ5%2B5c5M9BgPgzBqse9M%2BrgQnq4pkkgEMehe64ghnfspF5qrO2EdIwyRXMmAHn9nkd3y7XK92s%2Bea6VomQ%3D%3D
AE,Maharashtra,2019,267,Rajapur,111552,126335,0,237887,42,62198,69795,0,576,132569,55.73,https://www.eci.gov.in/eci-backend/public/api/download?url=LMAhAK6sOPBp%2FNFF0iRfXbEB1EVSLT41NNLRjYNJJP1KivrUxbfqkDatmHy12e%2FzVx8fLfn2ReU7TfrqYobgIlrN2bMN4m3pJDY4yLYUO%2FEcj%2FUThTcOTZz60vCdaDjjOc5weJ5%2B5c5M9BgPgzBqse9M%2BrgQnq4pkkgEMehe64ghnfspF5qrO2EdIwyRXMmAHn9nkd3y7XK92s%2Bea6VomQ%3D%3D
AE,Maharashtra,2019,268,Kankavli,112924,117157,0,230081,57,76251,73733,0,676,150660,65.48,https://www.eci.gov.in/eci-backend/public/api/download?url=LMAhAK6sOPBp%2FNFF0iRfXbEB1EVSLT41NNLRjYNJJP1KivrUxbfqkDatmHy12e%2FzVx8fLfn2ReU7TfrqYobgIlrN2bMN4m3pJDY4yLYUO%2FEcj%2FUThTcOTZz60vCdaDjjOc5weJ5%2B5c5M9BgPgzBqse9M%2BrgQnq4pkkgEMehe64ghnfspF5qrO2EdIwyRXMmAHn9nkd3y7XK92s%2Bea6VomQ%3D%3D
AE,Maharashtra,2019,269,Kudal,107426,108582,0,216008,168,70955,64403,0,610,135968,62.95,https://www.eci.gov.in/eci-backend/public/api/download?url=LMAhAK6sOPBp%2FNFF0iRfXbEB1EVSLT41NNLRjYNJJP1KivrUxbfqkDatmHy12e%2FzVx8fLfn2ReU7TfrqYobgIlrN2bMN4m3pJDY4yLYUO%2FEcj%2FUThTcOTZz60vCdaDjjOc5weJ5%2B5c5M9BgPgzBqse9M%2BrgQnq4pkkgEMehe64ghnfspF5qrO2EdIwyRXMmAHn9nkd3y7XK92s%2Bea6VomQ%3D%3D
AE,Maharashtra,2019,270,Sawantwadi,114168,111134,0,225302,583,75292,67917,0,773,143982,63.91,https://www.eci.gov.in/eci-backend/public/api/download?url=LMAhAK6sOPBp%2FNFF0iRfXbEB1EVSLT41NNLRjYNJJP1KivrUxbfqkDatmHy12e%2FzVx8fLfn2ReU7TfrqYobgIlrN2bMN4m3pJDY4yLYUO%2FEcj%2FUThTcOTZz60vCdaDjjOc5weJ5%2B5c5M9BgPgzBqse9M%2BrgQnq4pkkgEMehe64ghnfspF5qrO2EdIwyRXMmAHn9nkd3y7XK92s%2Bea6VomQ%3D%3D
AE,Maharashtra,2019,271,Chandgad,161865,159433,3,321301,2250,107839,110997,1,2086,220923,68.76,https://www.eci.gov.in/eci-backend/public/api/download?url=LMAhAK6sOPBp%2FNFF0iRfXbEB1EVSLT41NNLRjYNJJP1KivrUxbfqkDatmHy12e%2FzVx8fLfn2ReU7TfrqYobgIlrN2bMN4m3pJDY4yLYUO%2FEcj%2FUThTcOTZz60vCdaDjjOc5weJ5%2B5c5M9BgPgzBqse9M%2BrgQnq4pkkgEMehe64ghnfspF5qrO2EdIwyRXMmAHn9nkd3y7XK92s%2Bea6VomQ%3D%3D
AE,Maharashtra,2019,272,Radhanagari,170060,156696,0,326756,1085,126544,118158,0,2512,247214,75.66,https://www.eci.gov.in/eci-backend/public/api/download?url=LMAhAK6sOPBp%2FNFF0iRfXbEB1EVSLT41NNLRjYNJJP1KivrUxbfqkDatmHy12e%2FzVx8fLfn2ReU7TfrqYobgIlrN2bMN4m3pJDY4yLYUO%2FEcj%2FUThTcOTZz60vCdaDjjOc5weJ5%2B5c5M9BgPgzBqse9M%2BrgQnq4pkkgEMehe64ghnfspF5qrO2EdIwyRXMmAHn9nkd3y7XK92s%2Bea6VomQ%3D%3D
AE,Maharashtra,2019,273,Kagal,164518,160128,1,324647,1807,132827,128663,0,2842,264332,81.42,https://www.eci.gov.in/eci-backend/public/api/download?url=LMAhAK6sOPBp%2FNFF0iRfXbEB1EVSLT41NNLRjYNJJP1KivrUxbfqkDatmHy12e%2FzVx8fLfn2ReU7TfrqYobgIlrN2bMN4m3pJDY4yLYUO%2FEcj%2FUThTcOTZz60vCdaDjjOc5weJ5%2B5c5M9BgPgzBqse9M%2BrgQnq4pkkgEMehe64ghnfspF5qrO2EdIwyRXMmAHn9nkd3y7XK92s%2Bea6VomQ%3D%3D
AE,Maharashtra,2019,274,Kolhapur South,167336,157638,7,324981,491,126064,115898,2,1858,243822,75.03,https://www.eci.gov.in/eci-backend/public/api/download?url=LMAhAK6sOPBp%2FNFF0iRfXbEB1EVSLT41NNLRjYNJJP1KivrUxbfqkDatmHy12e%2FzVx8fLfn2ReU7TfrqYobgIlrN2bMN4m3pJDY4yLYUO%2FEcj%2FUThTcOTZz60vCdaDjjOc5weJ5%2B5c5M9BgPgzBqse9M%2BrgQnq4pkkgEMehe64ghnfspF5qrO2EdIwyRXMmAHn9nkd3y7XK92s%2Bea6VomQ%3D%3D
AE,Maharashtra,2019,275,Karvir,158938,145103,3,304044,648,134993,119653,1,1993,256640,84.41,https://www.eci.gov.in/eci-backend/public/api/download?url=LMAhAK6sOPBp%2FNFF0iRfXbEB1EVSLT41NNLRjYNJJP1KivrUxbfqkDatmHy12e%2FzVx8fLfn2ReU7TfrqYobgIlrN2bMN4m3pJDY4yLYUO%2FEcj%2FUThTcOTZz60vCdaDjjOc5weJ5%2B5c5M9BgPgzBqse9M%2BrgQnq4pkkgEMehe64ghnfspF5qrO2EdIwyRXMmAHn9nkd3y7XK92s%2Bea6VomQ%3D%3D
AE,Maharashtra,2019,276,Kolhapur North,143264,142997,4,286265,96,92842,81356,2,1125,175325,61.25,https://www.eci.gov.in/eci-backend/public/api/download?url=LMAhAK6sOPBp%2FNFF0iRfXbEB1EVSLT41NNLRjYNJJP1KivrUxbfqkDatmHy12e%2FzVx8fLfn2ReU7TfrqYobgIlrN2bMN4m3pJDY4yLYUO%2FEcj%2FUThTcOTZz60vCdaDjjOc5weJ5%2B5c5M9BgPgzBqse9M%2BrgQnq4pkkgEMehe64ghnfspF5qrO2EdIwyRXMmAHn9nkd3y7XK92s%2Bea6VomQ%3D%3D
AE,Maharashtra,2019,277,Shahuwadi,150130,138720,2,288852,1223,119352,110458,1,1894,231705,80.22,https://www.eci.gov.in/eci-backend/public/api/download?url=LMAhAK6sOPBp%2FNFF0iRfXbEB1EVSLT41NNLRjYNJJP1KivrUxbfqkDatmHy12e%2FzVx8fLfn2ReU7TfrqYobgIlrN2bMN4m3pJDY4yLYUO%2FEcj%2FUThTcOTZz60vCdaDjjOc5weJ5%2B5c5M9BgPgzBqse9M%2BrgQnq4pkkgEMehe64ghnfspF5qrO2EdIwyRXMmAHn9nkd3y7XK92s%2Bea6VomQ%3D%3D
AE,Maharashtra,2019,278,Hatkanangle,164784,153401,4,318189,407,125609,106684,4,1453,233750,73.46,https://www.eci.gov.in/eci-backend/public/api/download?url=LMAhAK6sOPBp%2FNFF0iRfXbEB1EVSLT41NNLRjYNJJP1KivrUxbfqkDatmHy12e%2FzVx8fLfn2ReU7TfrqYobgIlrN2bMN4m3pJDY4yLYUO%2FEcj%2FUThTcOTZz60vCdaDjjOc5weJ5%2B5c5M9BgPgzBqse9M%2BrgQnq4pkkgEMehe64ghnfspF5qrO2EdIwyRXMmAHn9nkd3y7XK92s%2Bea6VomQ%3D%3D
AE,Maharashtra,2019,279,Ichalkaranji,152329,141046,56,293431,148,106414,94139,9,709,201271,68.59,https://www.eci.gov.in/eci-backend/public/api/download?url=LMAhAK6sOPBp%2FNFF0iRfXbEB1EVSLT41NNLRjYNJJP1KivrUxbfqkDatmHy12e%2FzVx8fLfn2ReU7TfrqYobgIlrN2bMN4m3pJDY4yLYUO%2FEcj%2FUThTcOTZz60vCdaDjjOc5weJ5%2B5c5M9BgPgzBqse9M%2BrgQnq4pkkgEMehe64ghnfspF5qrO2EdIwyRXMmAHn9nkd3y7XK92s%2Bea6VomQ%3D%3D
AE,Maharashtra,2019,280,Shirol,160724,152605,1,313330,598,122081,110625,1,1611,234318,74.78,https://www.eci.gov.in/eci-backend/public/api/download?url=LMAhAK6sOPBp%2FNFF0iRfXbEB1EVSLT41NNLRjYNJJP1KivrUxbfqkDatmHy12e%2FzVx8fLfn2ReU7TfrqYobgIlrN2bMN4m3pJDY4yLYUO%2FEcj%2FUThTcOTZz60vCdaDjjOc5weJ5%2B5c5M9BgPgzBqse9M%2BrgQnq4pkkgEMehe64ghnfspF5qrO2EdIwyRXMmAHn9nkd3y7XK92s%2Bea6VomQ%3D%3D
AE,Maharashtra,2019,281,Miraj,167919,158559,16,326494,868,98374,80482,3,1216,180075,55.15,https://www.eci.gov.in/eci-backend/public/api/download?url=LMAhAK6sOPBp%2FNFF0iRfXbEB1EVSLT41NNLRjYNJJP1KivrUxbfqkDatmHy12e%2FzVx8fLfn2ReU7TfrqYobgIlrN2bMN4m3pJDY4yLYUO%2FEcj%2FUThTcOTZz60vCdaDjjOc5weJ5%2B5c5M9BgPgzBqse9M%2BrgQnq4pkkgEMehe64ghnfspF5qrO2EdIwyRXMmAHn9nkd3y7XK92s%2Bea6VomQ%3D%3D
AE,Maharashtra,2019,282,Sangli,164931,159232,34,324197,252,100339,87093,6,1550,188988,58.29,https://www.eci.gov.in/eci-backend/public/api/download?url=LMAhAK6sOPBp%2FNFF0iRfXbEB1EVSLT41NNLRjYNJJP1KivrUxbfqkDatmHy12e%2FzVx8fLfn2ReU7TfrqYobgIlrN2bMN4m3pJDY4yLYUO%2FEcj%2FUThTcOTZz60vCdaDjjOc5weJ5%2B5c5M9BgPgzBqse9M%2BrgQnq4pkkgEMehe64ghnfspF5qrO2EdIwyRXMmAHn9nkd3y7XK92s%2Bea6VomQ%3D%3D
AE,Maharashtra,2019,283,Islampur,138766,132512,0,271278,532,104310,94138,0,1762,200210,73.80,https://www.eci.gov.in/eci-backend/public/api/download?url=LMAhAK6sOPBp%2FNFF0iRfXbEB1EVSLT41NNLRjYNJJP1KivrUxbfqkDatmHy12e%2FzVx8fLfn2ReU7TfrqYobgIlrN2bMN4m3pJDY4yLYUO%2FEcj%2FUThTcOTZz60vCdaDjjOc5weJ5%2B5c5M9BgPgzBqse9M%2BrgQnq4pkkgEMehe64ghnfspF5qrO2EdIwyRXMmAHn9nkd3y7XK92s%2Bea6VomQ%3D%3D
AE,Maharashtra,2019,284,Shirala,151016,141948,1,292965,1186,117923,109407,1,2224,229555,78.36,https://www.eci.gov.in/eci-backend/public/api/download?url=LMAhAK6sOPBp%2FNFF0iRfXbEB1EVSLT41NNLRjYNJJP1KivrUxbfqkDatmHy12e%2FzVx8fLfn2ReU7TfrqYobgIlrN2bMN4m3pJDY4yLYUO%2FEcj%2FUThTcOTZz60vCdaDjjOc5weJ5%2B5c5M9BgPgzBqse9M%2BrgQnq4pkkgEMehe64ghnfspF5qrO2EdIwyRXMmAHn9nkd3y7XK92s%2Bea6VomQ%3D%3D
AE,Maharashtra,2019,285,Palus-Kadegaon,140866,137758,5,278629,756,106037,98862,1,1815,206715,74.19,https://www.eci.gov.in/eci-backend/public/api/download?url=LMAhAK6sOPBp%2FNFF0iRfXbEB1EVSLT41NNLRjYNJJP1KivrUxbfqkDatmHy12e%2FzVx8fLfn2ReU7TfrqYobgIlrN2bMN4m3pJDY4yLYUO%2FEcj%2FUThTcOTZz60vCdaDjjOc5weJ5%2B5c5M9BgPgzBqse9M%2BrgQnq4pkkgEMehe64ghnfspF5qrO2EdIwyRXMmAHn9nkd3y7XK92s%2Bea6VomQ%3D%3D
AE,Maharashtra,2019,286,Khanapur,167496,155676,8,323180,837,111067,104020,1,1788,216876,67.11,https://www.eci.gov.in/eci-backend/public/api/download?url=LMAhAK6sOPBp%2FNFF0iRfXbEB1EVSLT41NNLRjYNJJP1KivrUxbfqkDatmHy12e%2FzVx8fLfn2ReU7TfrqYobgIlrN2bMN4m3pJDY4yLYUO%2FEcj%2FUThTcOTZz60vCdaDjjOc5weJ5%2B5c5M9BgPgzBqse9M%2BrgQnq4pkkgEMehe64ghnfspF5qrO2EdIwyRXMmAHn9nkd3y7XK92s%2Bea6VomQ%3D%3D
AE,Maharashtra,2019,287,Tasgaon-Kavathe Mahankal,153044,142033,6,295083,2235,106105,93316,0,1965,201386,68.25,https://www.eci.gov.in/eci-backend/public/api/download?url=LMAhAK6sOPBp%2FNFF0iRfXbEB1EVSLT41NNLRjYNJJP1KivrUxbfqkDatmHy12e%2FzVx8fLfn2ReU7TfrqYobgIlrN2bMN4m3pJDY4yLYUO%2FEcj%2FUThTcOTZz60vCdaDjjOc5weJ5%2B5c5M9BgPgzBqse9M%2BrgQnq4pkkgEMehe64ghnfspF5qrO2EdIwyRXMmAHn9nkd3y7XK92s%2Bea6VomQ%3D%3D
AE,Maharashtra,2019,288,Jath,145816,126523,6,272345,1201,93304,80619,1,1800,175724,64.52,https://www.eci.gov.in/eci-backend/public/api/download?url=LMAhAK6sOPBp%2FNFF0iRfXbEB1EVSLT41NNLRjYNJJP1KivrUxbfqkDatmHy12e%2FzVx8fLfn2ReU7TfrqYobgIlrN2bMN4m3pJDY4yLYUO%2FEcj%2FUThTcOTZz60vCdaDjjOc5weJ5%2B5c5M9BgPgzBqse9M%2BrgQnq4pkkgEMehe64ghnfspF5qrO2EdIwyRXMmAHn9nkd3y7XK92s%2Bea6VomQ%3D%3D
