arena,state,year,seat_no,seat_name,el_m,el_f,el_tg,el_total,svc,vt_m,vt_f,vt_tg,vt_postal,vt_total,poll_pct,source_file
AE,Uttar Pradesh,2022,1,Behat,195355,176937,13,372305,226,147568,133369,1,729,281667,75.654906595399,https://www.eci.gov.in/eci-backend/public/api/download?url=LMAhAK6sOPBp%2FNFF0iRfXbEB1EVSLT41NNLRjYNJJP1KivrUxbfqkDatmHy12e%2FzVx8fLfn2ReU7TfrqYobgIr%2FES8aGdKampBdwSTbjM6yOcLZKH6gMXzMxtlEgJAvvmsoQOGktPi%2BF1O1KdFTP84tK%2Bm2JMLJFNpCaNXC8AsdAG59LOHy6Ju9DleGoTSXG
AE,Uttar Pradesh,2022,2,Nakur,187449,168176,7,355632,689,143205,126834,0,1415,271454,76.330026544293,https://www.eci.gov.in/eci-backend/public/api/download?url=LMAhAK6sOPBp%2FNFF0iRfXbEB1EVSLT41NNLRjYNJJP1KivrUxbfqkDatmHy12e%2FzVx8fLfn2ReU7TfrqYobgIr%2FES8aGdKampBdwSTbjM6yOcLZKH6gMXzMxtlEgJAvvmsoQOGktPi%2BF1O1KdFTP84tK%2Bm2JMLJFNpCaNXC8AsdAG59LOHy6Ju9DleGoTSXG
AE,Uttar Pradesh,2022,3,Saharanpur Nagar,232891,210645,56,443592,216,157667,133970,9,1830,293476,66.158992948475,https://www.eci.gov.in/eci-backend/public/api/download?url=LMAhAK6sOPBp%2FNFF0iRfXbEB1EVSLT41NNLRjYNJJP1KivrUxbfqkDatmHy12e%2FzVx8fLfn2ReU7TfrqYobgIr%2FES8aGdKampBdwSTbjM6yOcLZKH6gMXzMxtlEgJAvvmsoQOGktPi%2BF1O1KdFTP84tK%2Bm2JMLJFNpCaNXC8AsdAG59LOHy6Ju9DleGoTSXG
AE,Uttar Pradesh,2022,4,Saharanpur,190671,168864,11,359546,396,138508,120446,1,1329,260284,72.392405978651,https://www.eci.gov.in/eci-backend/public/api/download?url=LMAhAK6sOPBp%2FNFF0iRfXbEB1EVSLT41NNLRjYNJJP1KivrUxbfqkDatmHy12e%2FzVx8fLfn2ReU7TfrqYobgIr%2FES8aGdKampBdwSTbjM6yOcLZKH6gMXzMxtlEgJAvvmsoQOGktPi%2BF1O1KdFTP84tK%2Bm2JMLJFNpCaNXC8AsdAG59LOHy6Ju9DleGoTSXG
AE,Uttar Pradesh,2022,5,Deoband,187003,161926,15,348944,874,130217,111070,3,1255,242545,69.508287862809,https://www.eci.gov.in/eci-backend/public/api/download?url=LMAhAK6sOPBp%2FNFF0iRfXbEB1EVSLT41NNLRjYNJJP1KivrUxbfqkDatmHy12e%2FzVx8fLfn2ReU7TfrqYobgIr%2FES8aGdKampBdwSTbjM6yOcLZKH6gMXzMxtlEgJAvvmsoQOGktPi%2BF1O1KdFTP84tK%2Bm2JMLJFNpCaNXC8AsdAG59LOHy6Ju9DleGoTSXG
AE,Uttar Pradesh,2022,6,Rampur Maniharan,172526,151296,8,323830,762,124491,106817,3,1357,232668,71.848809560572,https://www.eci.gov.in/eci-backend/public/api/download?url=LMAhAK6sOPBp%2FNFF0iRfXbEB1EVSLT41NNLRjYNJJP1KivrUxbfqkDatmHy12e%2FzVx8fLfn2ReU7TfrqYobgIr%2FES8aGdKampBdwSTbjM6yOcLZKH6gMXzMxtlEgJAvvmsoQOGktPi%2BF1O1KdFTP84tK%2Bm2JMLJFNpCaNXC8AsdAG59LOHy6Ju9DleGoTSXG
AE,Uttar Pradesh,2022,7,Gangoh,204976,181155,17,386148,805,144451,125176,1,1330,270958,70.16946870112,https://www.eci.gov.in/eci-backend/public/api/download?url=LMAhAK6sOPBp%2FNFF0iRfXbEB1EVSLT41NNLRjYNJJP1KivrUxbfqkDatmHy12e%2FzVx8fLfn2ReU7TfrqYobgIr%2FES8aGdKampBdwSTbjM6yOcLZKH6gMXzMxtlEgJAvvmsoQOGktPi%2BF1O1KdFTP84tK%2Bm2JMLJFNpCaNXC8AsdAG59LOHy6Ju9DleGoTSXG
AE,Uttar Pradesh,2022,8,Kairana,173201,149201,21,322423,785,130388,110856,6,1151,242401,75.181050979614,https://www.eci.gov.in/eci-backend/public/api/download?url=LMAhAK6sOPBp%2FNFF0iRfXbEB1EVSLT41NNLRjYNJJP1KivrUxbfqkDatmHy12e%2FzVx8fLfn2ReU7TfrqYobgIr%2FES8aGdKampBdwSTbjM6yOcLZKH6gMXzMxtlEgJAvvmsoQOGktPi%2BF1O1KdFTP84tK%2Bm2JMLJFNpCaNXC8AsdAG59LOHy6Ju9DleGoTSXG
AE,Uttar Pradesh,2022,9,Thana Bhawan,178275,148493,49,326817,1131,120224,100779,2,1294,222299,68.019411474923,https://www.eci.gov.in/eci-backend/public/api/download?url=LMAhAK6sOPBp%2FNFF0iRfXbEB1EVSLT41NNLRjYNJJP1KivrUxbfqkDatmHy12e%2FzVx8fLfn2ReU7TfrqYobgIr%2FES8aGdKampBdwSTbjM6yOcLZKH6gMXzMxtlEgJAvvmsoQOGktPi%2BF1O1KdFTP84tK%2Bm2JMLJFNpCaNXC8AsdAG59LOHy6Ju9DleGoTSXG
AE,Uttar Pradesh,2022,10,Shamli,171152,140812,10,311974,1782,114924,94691,0,1814,211429,67.771352740934,https://www.eci.gov.in/eci-backend/public/api/download?url=LMAhAK6sOPBp%2FNFF0iRfXbEB1EVSLT41NNLRjYNJJP1KivrUxbfqkDatmHy12e%2FzVx8fLfn2ReU7TfrqYobgIr%2FES8aGdKampBdwSTbjM6yOcLZKH6gMXzMxtlEgJAvvmsoQOGktPi%2BF1O1KdFTP84tK%2Bm2JMLJFNpCaNXC8AsdAG59LOHy6Ju9DleGoTSXG
AE,Uttar Pradesh,2022,11,Budhana,205128,172545,7,377680,2209,136897,117390,0,1904,256191,67.832821436136,https://www.eci.gov.in/eci-backend/public/api/download?url=LMAhAK6sOPBp%2FNFF0iRfXbEB1EVSLT41NNLRjYNJJP1KivrUxbfqkDatmHy12e%2FzVx8fLfn2ReU7TfrqYobgIr%2FES8aGdKampBdwSTbjM6yOcLZKH6gMXzMxtlEgJAvvmsoQOGktPi%2BF1O1KdFTP84tK%2Bm2JMLJFNpCaNXC8AsdAG59LOHy6Ju9DleGoTSXG
AE,Uttar Pradesh,2022,12,Charthawal,178716,152437,18,331171,993,118712,102720,0,1116,222548,67.200328531182,https://www.eci.gov.in/eci-backend/public/api/download?url=LMAhAK6sOPBp%2FNFF0iRfXbEB1EVSLT41NNLRjYNJJP1KivrUxbfqkDatmHy12e%2FzVx8fLfn2ReU7TfrqYobgIr%2FES8aGdKampBdwSTbjM6yOcLZKH6gMXzMxtlEgJAvvmsoQOGktPi%2BF1O1KdFTP84tK%2Bm2JMLJFNpCaNXC8AsdAG59LOHy6Ju9DleGoTSXG
AE,Uttar Pradesh,2022,13,Purqazi,177522,151560,28,329110,582,116003,98175,1,935,215114,65.362340858679,https://www.eci.gov.in/eci-backend/public/api/download?url=LMAhAK6sOPBp%2FNFF0iRfXbEB1EVSLT41NNLRjYNJJP1KivrUxbfqkDatmHy12e%2FzVx8fLfn2ReU7TfrqYobgIr%2FES8aGdKampBdwSTbjM6yOcLZKH6gMXzMxtlEgJAvvmsoQOGktPi%2BF1O1KdFTP84tK%2Bm2JMLJFNpCaNXC8AsdAG59LOHy6Ju9DleGoTSXG
AE,Uttar Pradesh,2022,14,Muzaffar Nagar,191325,167290,43,358658,353,120851,103394,3,1626,225874,62.97754406705,https://www.eci.gov.in/eci-backend/public/api/download?url=LMAhAK6sOPBp%2FNFF0iRfXbEB1EVSLT41NNLRjYNJJP1KivrUxbfqkDatmHy12e%2FzVx8fLfn2ReU7TfrqYobgIr%2FES8aGdKampBdwSTbjM6yOcLZKH6gMXzMxtlEgJAvvmsoQOGktPi%2BF1O1KdFTP84tK%2Bm2JMLJFNpCaNXC8AsdAG59LOHy6Ju9DleGoTSXG
AE,Uttar Pradesh,2022,15,Khatauli,169965,148063,19,318047,835,118539,102434,1,1253,222227,69.872377353033,https://www.eci.gov.in/eci-backend/public/api/download?url=LMAhAK6sOPBp%2FNFF0iRfXbEB1EVSLT41NNLRjYNJJP1KivrUxbfqkDatmHy12e%2FzVx8fLfn2ReU7TfrqYobgIr%2FES8aGdKampBdwSTbjM6yOcLZKH6gMXzMxtlEgJAvvmsoQOGktPi%2BF1O1KdFTP84tK%2Bm2JMLJFNpCaNXC8AsdAG59LOHy6Ju9DleGoTSXG
AE,Uttar Pradesh,2022,16,Meerapur,166952,147619,16,314587,721,115036,100928,2,947,216913,68.951673146061,https://www.eci.gov.in/eci-backend/public/api/download?url=LMAhAK6sOPBp%2FNFF0iRfXbEB1EVSLT41NNLRjYNJJP1KivrUxbfqkDatmHy12e%2FzVx8fLfn2ReU7TfrqYobgIr%2FES8aGdKampBdwSTbjM6yOcLZKH6gMXzMxtlEgJAvvmsoQOGktPi%2BF1O1KdFTP84tK%2Bm2JMLJFNpCaNXC8AsdAG59LOHy6Ju9DleGoTSXG
AE,Uttar Pradesh,2022,17,Najibabad,184090,162576,21,346687,437,119165,112554,1,1104,232824,67.156830224381,https://www.eci.gov.in/eci-backend/public/api/download?url=LMAhAK6sOPBp%2FNFF0iRfXbEB1EVSLT41NNLRjYNJJP1KivrUxbfqkDatmHy12e%2FzVx8fLfn2ReU7TfrqYobgIr%2FES8aGdKampBdwSTbjM6yOcLZKH6gMXzMxtlEgJAvvmsoQOGktPi%2BF1O1KdFTP84tK%2Bm2JMLJFNpCaNXC8AsdAG59LOHy6Ju9DleGoTSXG
AE,Uttar Pradesh,2022,18,Nagina,183945,162953,12,346910,333,113585,108649,0,1406,223640,64.466288086247,https://www.eci.gov.in/eci-backend/public/api/download?url=LMAhAK6sOPBp%2FNFF0iRfXbEB1EVSLT41NNLRjYNJJP1KivrUxbfqkDatmHy12e%2FzVx8fLfn2ReU7TfrqYobgIr%2FES8aGdKampBdwSTbjM6yOcLZKH6gMXzMxtlEgJAvvmsoQOGktPi%2BF1O1KdFTP84tK%2Bm2JMLJFNpCaNXC8AsdAG59LOHy6Ju9DleGoTSXG
AE,Uttar Pradesh,2022,19,Barhapur,191077,167965,14,359056,664,123990,115731,2,1068,240791,67.062240987478,https://www.eci.gov.in/eci-backend/public/api/download?url=LMAhAK6sOPBp%2FNFF0iRfXbEB1EVSLT41NNLRjYNJJP1KivrUxbfqkDatmHy12e%2FzVx8fLfn2ReU7TfrqYobgIr%2FES8aGdKampBdwSTbjM6yOcLZKH6gMXzMxtlEgJAvvmsoQOGktPi%2BF1O1KdFTP84tK%2Bm2JMLJFNpCaNXC8AsdAG59LOHy6Ju9DleGoTSXG
AE,Uttar Pradesh,2022,20,Dhampur,160776,141558,23,302357,402,105979,97944,0,1360,205283,67.894244221235,https://www.eci.gov.in/eci-backend/public/api/download?url=LMAhAK6sOPBp%2FNFF0iRfXbEB1EVSLT41NNLRjYNJJP1KivrUxbfqkDatmHy12e%2FzVx8fLfn2ReU7TfrqYobgIr%2FES8aGdKampBdwSTbjM6yOcLZKH6gMXzMxtlEgJAvvmsoQOGktPi%2BF1O1KdFTP84tK%2Bm2JMLJFNpCaNXC8AsdAG59LOHy6Ju9DleGoTSXG
AE,Uttar Pradesh,2022,21,Nehtaur,161170,142542,8,303720,500,101386,97313,1,1391,200091,65.880086922165,https://www.eci.gov.in/eci-backend/public/api/download?url=LMAhAK6sOPBp%2FNFF0iRfXbEB1EVSLT41NNLRjYNJJP1KivrUxbfqkDatmHy12e%2FzVx8fLfn2ReU7TfrqYobgIr%2FES8aGdKampBdwSTbjM6yOcLZKH6gMXzMxtlEgJAvvmsoQOGktPi%2BF1O1KdFTP84tK%2Bm2JMLJFNpCaNXC8AsdAG59LOHy6Ju9DleGoTSXG
AE,Uttar Pradesh,2022,22,Bijnor,204972,185562,12,390546,794,131160,118934,0,2255,252349,64.614411618606,https://www.eci.gov.in/eci-backend/public/api/download?url=LMAhAK6sOPBp%2FNFF0iRfXbEB1EVSLT41NNLRjYNJJP1KivrUxbfqkDatmHy12e%2FzVx8fLfn2ReU7TfrqYobgIr%2FES8aGdKampBdwSTbjM6yOcLZKH6gMXzMxtlEgJAvvmsoQOGktPi%2BF1O1KdFTP84tK%2Bm2JMLJFNpCaNXC8AsdAG59LOHy6Ju9DleGoTSXG
AE,Uttar Pradesh,2022,23,Chandpur,173469,152361,28,325858,949,116870,106404,0,1449,224723,68.963474887835,https://www.eci.gov.in/eci-backend/public/api/download?url=LMAhAK6sOPBp%2FNFF0iRfXbEB1EVSLT41NNLRjYNJJP1KivrUxbfqkDatmHy12e%2FzVx8fLfn2ReU7TfrqYobgIr%2FES8aGdKampBdwSTbjM6yOcLZKH6gMXzMxtlEgJAvvmsoQOGktPi%2BF1O1KdFTP84tK%2Bm2JMLJFNpCaNXC8AsdAG59LOHy6Ju9DleGoTSXG
AE,Uttar Pradesh,2022,24,Noorpur,172442,152029,15,324486,684,109997,102946,3,1282,214228,66.020722003415,https://www.eci.gov.in/eci-backend/public/api/download?url=LMAhAK6sOPBp%2FNFF0iRfXbEB1EVSLT41NNLRjYNJJP1KivrUxbfqkDatmHy12e%2FzVx8fLfn2ReU7TfrqYobgIr%2FES8aGdKampBdwSTbjM6yOcLZKH6gMXzMxtlEgJAvvmsoQOGktPi%2BF1O1KdFTP84tK%2Bm2JMLJFNpCaNXC8AsdAG59LOHy6Ju9DleGoTSXG
AE,Uttar Pradesh,2022,25,Kanth,206842,183699,21,390562,777,144560,128797,0,1450,274807,70.361939973679,https://www.eci.gov.in/eci-backend/public/api/download?url=LMAhAK6sOPBp%2FNFF0iRfXbEB1EVSLT41NNLRjYNJJP1KivrUxbfqkDatmHy12e%2FzVx8fLfn2ReU7TfrqYobgIr%2FES8aGdKampBdwSTbjM6yOcLZKH6gMXzMxtlEgJAvvmsoQOGktPi%2BF1O1KdFTP84tK%2Bm2JMLJFNpCaNXC8AsdAG59LOHy6Ju9DleGoTSXG
AE,Uttar Pradesh,2022,26,Thakurdwara,198610,173872,8,372490,1192,145666,128484,0,1913,276063,74.112862090257,https://www.eci.gov.in/eci-backend/public/api/download?url=LMAhAK6sOPBp%2FNFF0iRfXbEB1EVSLT41NNLRjYNJJP1KivrUxbfqkDatmHy12e%2FzVx8fLfn2ReU7TfrqYobgIr%2FES8aGdKampBdwSTbjM6yOcLZKH6gMXzMxtlEgJAvvmsoQOGktPi%2BF1O1KdFTP84tK%2Bm2JMLJFNpCaNXC8AsdAG59LOHy6Ju9DleGoTSXG
AE,Uttar Pradesh,2022,27,Moradabad Rural,205832,183875,22,389729,189,137985,113124,0,1023,252132,64.694184933633,https://www.eci.gov.in/eci-backend/public/api/download?url=LMAhAK6sOPBp%2FNFF0iRfXbEB1EVSLT41NNLRjYNJJP1KivrUxbfqkDatmHy12e%2FzVx8fLfn2ReU7TfrqYobgIr%2FES8aGdKampBdwSTbjM6yOcLZKH6gMXzMxtlEgJAvvmsoQOGktPi%2BF1O1KdFTP84tK%2Bm2JMLJFNpCaNXC8AsdAG59LOHy6Ju9DleGoTSXG
AE,Uttar Pradesh,2022,28,Moradabad Nagar,281346,247842,55,529243,221,177560,142778,0,1549,321887,60.820265926994,https://www.eci.gov.in/eci-backend/public/api/download?url=LMAhAK6sOPBp%2FNFF0iRfXbEB1EVSLT41NNLRjYNJJP1KivrUxbfqkDatmHy12e%2FzVx8fLfn2ReU7TfrqYobgIr%2FES8aGdKampBdwSTbjM6yOcLZKH6gMXzMxtlEgJAvvmsoQOGktPi%2BF1O1KdFTP84tK%2Bm2JMLJFNpCaNXC8AsdAG59LOHy6Ju9DleGoTSXG
AE,Uttar Pradesh,2022,29,Kundarki,204854,175804,15,380673,198,147151,124037,2,670,271860,71.415624433569,https://www.eci.gov.in/eci-backend/public/api/download?url=LMAhAK6sOPBp%2FNFF0iRfXbEB1EVSLT41NNLRjYNJJP1KivrUxbfqkDatmHy12e%2FzVx8fLfn2ReU7TfrqYobgIr%2FES8aGdKampBdwSTbjM6yOcLZKH6gMXzMxtlEgJAvvmsoQOGktPi%2BF1O1KdFTP84tK%2Bm2JMLJFNpCaNXC8AsdAG59LOHy6Ju9DleGoTSXG
AE,Uttar Pradesh,2022,30,Bilari,191364,167830,15,359209,246,127407,110746,1,877,239031,66.543711321264,https://www.eci.gov.in/eci-backend/public/api/download?url=LMAhAK6sOPBp%2FNFF0iRfXbEB1EVSLT41NNLRjYNJJP1KivrUxbfqkDatmHy12e%2FzVx8fLfn2ReU7TfrqYobgIr%2FES8aGdKampBdwSTbjM6yOcLZKH6gMXzMxtlEgJAvvmsoQOGktPi%2BF1O1KdFTP84tK%2Bm2JMLJFNpCaNXC8AsdAG59LOHy6Ju9DleGoTSXG
AE,Uttar Pradesh,2022,31,Chandausi,205205,178161,40,383406,173,122756,103963,1,1544,228264,59.535844509476,https://www.eci.gov.in/eci-backend/public/api/download?url=LMAhAK6sOPBp%2FNFF0iRfXbEB1EVSLT41NNLRjYNJJP1KivrUxbfqkDatmHy12e%2FzVx8fLfn2ReU7TfrqYobgIr%2FES8aGdKampBdwSTbjM6yOcLZKH6gMXzMxtlEgJAvvmsoQOGktPi%2BF1O1KdFTP84tK%2Bm2JMLJFNpCaNXC8AsdAG59LOHy6Ju9DleGoTSXG
AE,Uttar Pradesh,2022,32,Asmoli,203150,176171,31,379352,334,140100,119365,0,1131,260596,68.695037854025,https://www.eci.gov.in/eci-backend/public/api/download?url=LMAhAK6sOPBp%2FNFF0iRfXbEB1EVSLT41NNLRjYNJJP1KivrUxbfqkDatmHy12e%2FzVx8fLfn2ReU7TfrqYobgIr%2FES8aGdKampBdwSTbjM6yOcLZKH6gMXzMxtlEgJAvvmsoQOGktPi%2BF1O1KdFTP84tK%2Bm2JMLJFNpCaNXC8AsdAG59LOHy6Ju9DleGoTSXG
AE,Uttar Pradesh,2022,33,Sambhal,202742,177002,42,379786,103,134274,109872,4,986,245136,64.545823174103,https://www.eci.gov.in/eci-backend/public/api/download?url=LMAhAK6sOPBp%2FNFF0iRfXbEB1EVSLT41NNLRjYNJJP1KivrUxbfqkDatmHy12e%2FzVx8fLfn2ReU7TfrqYobgIr%2FES8aGdKampBdwSTbjM6yOcLZKH6gMXzMxtlEgJAvvmsoQOGktPi%2BF1O1KdFTP84tK%2Bm2JMLJFNpCaNXC8AsdAG59LOHy6Ju9DleGoTSXG
AE,Uttar Pradesh,2022,34,Suar,163249,144113,59,307421,316,111844,100708,4,822,213378,69.409051431099,https://www.eci.gov.in/eci-backend/public/api/download?url=LMAhAK6sOPBp%2FNFF0iRfXbEB1EVSLT41NNLRjYNJJP1KivrUxbfqkDatmHy12e%2FzVx8fLfn2ReU7TfrqYobgIr%2FES8aGdKampBdwSTbjM6yOcLZKH6gMXzMxtlEgJAvvmsoQOGktPi%2BF1O1KdFTP84tK%2Bm2JMLJFNpCaNXC8AsdAG59LOHy6Ju9DleGoTSXG
AE,Uttar Pradesh,2022,35,Chamraua,164171,143774,39,307984,128,104860,95079,1,695,200635,65.144617902229,https://www.eci.gov.in/eci-backend/public/api/download?url=LMAhAK6sOPBp%2FNFF0iRfXbEB1EVSLT41NNLRjYNJJP1KivrUxbfqkDatmHy12e%2FzVx8fLfn2ReU7TfrqYobgIr%2FES8aGdKampBdwSTbjM6yOcLZKH6gMXzMxtlEgJAvvmsoQOGktPi%2BF1O1KdFTP84tK%2Bm2JMLJFNpCaNXC8AsdAG59LOHy6Ju9DleGoTSXG
AE,Uttar Pradesh,2022,36,Bilaspur,183193,161988,21,345202,372,125270,110268,4,817,236359,68.469765528589,https://www.eci.gov.in/eci-backend/public/api/download?url=LMAhAK6sOPBp%2FNFF0iRfXbEB1EVSLT41NNLRjYNJJP1KivrUxbfqkDatmHy12e%2FzVx8fLfn2ReU7TfrqYobgIr%2FES8aGdKampBdwSTbjM6yOcLZKH6gMXzMxtlEgJAvvmsoQOGktPi%2BF1O1KdFTP84tK%2Bm2JMLJFNpCaNXC8AsdAG59LOHy6Ju9DleGoTSXG
AE,Uttar Pradesh,2022,37,Rampur,206538,181598,39,388175,314,117405,101162,0,1335,219902,56.650222193598,https://www.eci.gov.in/eci-backend/public/api/download?url=LMAhAK6sOPBp%2FNFF0iRfXbEB1EVSLT41NNLRjYNJJP1KivrUxbfqkDatmHy12e%2FzVx8fLfn2ReU7TfrqYobgIr%2FES8aGdKampBdwSTbjM6yOcLZKH6gMXzMxtlEgJAvvmsoQOGktPi%2BF1O1KdFTP84tK%2Bm2JMLJFNpCaNXC8AsdAG59LOHy6Ju9DleGoTSXG
AE,Uttar Pradesh,2022,38,Milak,190282,167135,35,357452,312,120276,106465,2,510,227253,63.57580877992,https://www.eci.gov.in/eci-backend/public/api/download?url=LMAhAK6sOPBp%2FNFF0iRfXbEB1EVSLT41NNLRjYNJJP1KivrUxbfqkDatmHy12e%2FzVx8fLfn2ReU7TfrqYobgIr%2FES8aGdKampBdwSTbjM6yOcLZKH6gMXzMxtlEgJAvvmsoQOGktPi%2BF1O1KdFTP84tK%2Bm2JMLJFNpCaNXC8AsdAG59LOHy6Ju9DleGoTSXG
AE,Uttar Pradesh,2022,39,Dhanaura,183390,163027,32,346449,954,127278,115071,2,1346,243697,70.341377807412,https://www.eci.gov.in/eci-backend/public/api/download?url=LMAhAK6sOPBp%2FNFF0iRfXbEB1EVSLT41NNLRjYNJJP1KivrUxbfqkDatmHy12e%2FzVx8fLfn2ReU7TfrqYobgIr%2FES8aGdKampBdwSTbjM6yOcLZKH6gMXzMxtlEgJAvvmsoQOGktPi%2BF1O1KdFTP84tK%2Bm2JMLJFNpCaNXC8AsdAG59LOHy6Ju9DleGoTSXG
AE,Uttar Pradesh,2022,40,Naugawan Sadat,172798,155849,25,328672,1056,127617,115311,3,2553,245484,74.689660208354,https://www.eci.gov.in/eci-backend/public/api/download?url=LMAhAK6sOPBp%2FNFF0iRfXbEB1EVSLT41NNLRjYNJJP1KivrUxbfqkDatmHy12e%2FzVx8fLfn2ReU7TfrqYobgIr%2FES8aGdKampBdwSTbjM6yOcLZKH6gMXzMxtlEgJAvvmsoQOGktPi%2BF1O1KdFTP84tK%2Bm2JMLJFNpCaNXC8AsdAG59LOHy6Ju9DleGoTSXG
AE,Uttar Pradesh,2022,41,Amroha,164096,149640,19,313755,263,116896,105767,2,1785,224450,71.536708578349,https://www.eci.gov.in/eci-backend/public/api/download?url=LMAhAK6sOPBp%2FNFF0iRfXbEB1EVSLT41NNLRjYNJJP1KivrUxbfqkDatmHy12e%2FzVx8fLfn2ReU7TfrqYobgIr%2FES8aGdKampBdwSTbjM6yOcLZKH6gMXzMxtlEgJAvvmsoQOGktPi%2BF1O1KdFTP84tK%2Bm2JMLJFNpCaNXC8AsdAG59LOHy6Ju9DleGoTSXG
AE,Uttar Pradesh,2022,42,Hasanpur,191819,172373,23,364215,281,141715,126468,0,974,269157,73.90058070096,https://www.eci.gov.in/eci-backend/public/api/download?url=LMAhAK6sOPBp%2FNFF0iRfXbEB1EVSLT41NNLRjYNJJP1KivrUxbfqkDatmHy12e%2FzVx8fLfn2ReU7TfrqYobgIr%2FES8aGdKampBdwSTbjM6yOcLZKH6gMXzMxtlEgJAvvmsoQOGktPi%2BF1O1KdFTP84tK%2Bm2JMLJFNpCaNXC8AsdAG59LOHy6Ju9DleGoTSXG
AE,Uttar Pradesh,2022,43,Siwalkhas,187696,152026,16,339738,2228,131506,101017,1,1506,234030,68.885435247161,https://www.eci.gov.in/eci-backend/public/api/download?url=LMAhAK6sOPBp%2FNFF0iRfXbEB1EVSLT41NNLRjYNJJP1KivrUxbfqkDatmHy12e%2FzVx8fLfn2ReU7TfrqYobgIr%2FES8aGdKampBdwSTbjM6yOcLZKH6gMXzMxtlEgJAvvmsoQOGktPi%2BF1O1KdFTP84tK%2Bm2JMLJFNpCaNXC8AsdAG59LOHy6Ju9DleGoTSXG
AE,Uttar Pradesh,2022,44,Sardhana,197169,164588,59,361816,1921,134592,107513,1,1433,243539,67.310179759878,https://www.eci.gov.in/eci-backend/public/api/download?url=LMAhAK6sOPBp%2FNFF0iRfXbEB1EVSLT41NNLRjYNJJP1KivrUxbfqkDatmHy12e%2FzVx8fLfn2ReU7TfrqYobgIr%2FES8aGdKampBdwSTbjM6yOcLZKH6gMXzMxtlEgJAvvmsoQOGktPi%2BF1O1KdFTP84tK%2Bm2JMLJFNpCaNXC8AsdAG59LOHy6Ju9DleGoTSXG
AE,Uttar Pradesh,2022,45,Hastinapur,189898,154606,23,344527,1881,126191,102951,0,1535,230677,66.954694407115,https://www.eci.gov.in/eci-backend/public/api/download?url=LMAhAK6sOPBp%2FNFF0iRfXbEB1EVSLT41NNLRjYNJJP1KivrUxbfqkDatmHy12e%2FzVx8fLfn2ReU7TfrqYobgIr%2FES8aGdKampBdwSTbjM6yOcLZKH6gMXzMxtlEgJAvvmsoQOGktPi%2BF1O1KdFTP84tK%2Bm2JMLJFNpCaNXC8AsdAG59LOHy6Ju9DleGoTSXG
AE,Uttar Pradesh,2022,46,Kithore,200175,165318,23,365516,1502,140220,112671,0,1189,254080,69.512688911019,https://www.eci.gov.in/eci-backend/public/api/download?url=LMAhAK6sOPBp%2FNFF0iRfXbEB1EVSLT41NNLRjYNJJP1KivrUxbfqkDatmHy12e%2FzVx8fLfn2ReU7TfrqYobgIr%2FES8aGdKampBdwSTbjM6yOcLZKH6gMXzMxtlEgJAvvmsoQOGktPi%2BF1O1KdFTP84tK%2Bm2JMLJFNpCaNXC8AsdAG59LOHy6Ju9DleGoTSXG
AE,Uttar Pradesh,2022,47,Meerut Cantt.,231692,198400,52,430144,1538,132706,110137,1,2322,245166,56.996261717006,https://www.eci.gov.in/eci-backend/public/api/download?url=LMAhAK6sOPBp%2FNFF0iRfXbEB1EVSLT41NNLRjYNJJP1KivrUxbfqkDatmHy12e%2FzVx8fLfn2ReU7TfrqYobgIr%2FES8aGdKampBdwSTbjM6yOcLZKH6gMXzMxtlEgJAvvmsoQOGktPi%2BF1O1KdFTP84tK%2Bm2JMLJFNpCaNXC8AsdAG59LOHy6Ju9DleGoTSXG
AE,Uttar Pradesh,2022,48,Meerut,169632,142713,23,312368,317,113974,87005,2,688,201669,64.561350714542,https://www.eci.gov.in/eci-backend/public/api/download?url=LMAhAK6sOPBp%2FNFF0iRfXbEB1EVSLT41NNLRjYNJJP1KivrUxbfqkDatmHy12e%2FzVx8fLfn2ReU7TfrqYobgIr%2FES8aGdKampBdwSTbjM6yOcLZKH6gMXzMxtlEgJAvvmsoQOGktPi%2BF1O1KdFTP84tK%2Bm2JMLJFNpCaNXC8AsdAG59LOHy6Ju9DleGoTSXG
AE,Uttar Pradesh,2022,49,Meerut South,261661,219682,22,481365,546,165260,131930,0,1322,298512,62.013648686548,https://www.eci.gov.in/eci-backend/public/api/download?url=LMAhAK6sOPBp%2FNFF0iRfXbEB1EVSLT41NNLRjYNJJP1KivrUxbfqkDatmHy12e%2FzVx8fLfn2ReU7TfrqYobgIr%2FES8aGdKampBdwSTbjM6yOcLZKH6gMXzMxtlEgJAvvmsoQOGktPi%2BF1O1KdFTP84tK%2Bm2JMLJFNpCaNXC8AsdAG59LOHy6Ju9DleGoTSXG
AE,Uttar Pradesh,2022,50,Chhaprauli,188224,148809,0,337033,3792,115740,92729,0,2881,211350,62.708992887937,https://www.eci.gov.in/eci-backend/public/api/download?url=LMAhAK6sOPBp%2FNFF0iRfXbEB1EVSLT41NNLRjYNJJP1KivrUxbfqkDatmHy12e%2FzVx8fLfn2ReU7TfrqYobgIr%2FES8aGdKampBdwSTbjM6yOcLZKH6gMXzMxtlEgJAvvmsoQOGktPi%2BF1O1KdFTP84tK%2Bm2JMLJFNpCaNXC8AsdAG59LOHy6Ju9DleGoTSXG
AE,Uttar Pradesh,2022,51,Baraut,168809,135378,13,304200,2747,108347,86182,0,1884,196413,64.567061143984,https://www.eci.gov.in/eci-backend/public/api/download?url=LMAhAK6sOPBp%2FNFF0iRfXbEB1EVSLT41NNLRjYNJJP1KivrUxbfqkDatmHy12e%2FzVx8fLfn2ReU7TfrqYobgIr%2FES8aGdKampBdwSTbjM6yOcLZKH6gMXzMxtlEgJAvvmsoQOGktPi%2BF1O1KdFTP84tK%2Bm2JMLJFNpCaNXC8AsdAG59LOHy6Ju9DleGoTSXG
AE,Uttar Pradesh,2022,52,Baghpat,174058,142180,28,316266,2337,118693,94090,1,1328,214112,67.699974072458,https://www.eci.gov.in/eci-backend/public/api/download?url=LMAhAK6sOPBp%2FNFF0iRfXbEB1EVSLT41NNLRjYNJJP1KivrUxbfqkDatmHy12e%2FzVx8fLfn2ReU7TfrqYobgIr%2FES8aGdKampBdwSTbjM6yOcLZKH6gMXzMxtlEgJAvvmsoQOGktPi%2BF1O1KdFTP84tK%2Bm2JMLJFNpCaNXC8AsdAG59LOHy6Ju9DleGoTSXG
AE,Uttar Pradesh,2022,53,Loni,285348,227737,29,513114,360,176543,138050,1,678,315272,61.442876241927,https://www.eci.gov.in/eci-backend/public/api/download?url=LMAhAK6sOPBp%2FNFF0iRfXbEB1EVSLT41NNLRjYNJJP1KivrUxbfqkDatmHy12e%2FzVx8fLfn2ReU7TfrqYobgIr%2FES8aGdKampBdwSTbjM6yOcLZKH6gMXzMxtlEgJAvvmsoQOGktPi%2BF1O1KdFTP84tK%2Bm2JMLJFNpCaNXC8AsdAG59LOHy6Ju9DleGoTSXG
AE,Uttar Pradesh,2022,54,Muradnagar,247705,210024,30,457759,1014,151023,121760,2,2257,275057,60.087731754045,https://www.eci.gov.in/eci-backend/public/api/download?url=LMAhAK6sOPBp%2FNFF0iRfXbEB1EVSLT41NNLRjYNJJP1KivrUxbfqkDatmHy12e%2FzVx8fLfn2ReU7TfrqYobgIr%2FES8aGdKampBdwSTbjM6yOcLZKH6gMXzMxtlEgJAvvmsoQOGktPi%2BF1O1KdFTP84tK%2Bm2JMLJFNpCaNXC8AsdAG59LOHy6Ju9DleGoTSXG
AE,Uttar Pradesh,2022,55,Sahibabad,576835,444144,56,1021035,649,270972,209401,3,1356,481732,47.180752863516,https://www.eci.gov.in/eci-backend/public/api/download?url=LMAhAK6sOPBp%2FNFF0iRfXbEB1EVSLT41NNLRjYNJJP1KivrUxbfqkDatmHy12e%2FzVx8fLfn2ReU7TfrqYobgIr%2FES8aGdKampBdwSTbjM6yOcLZKH6gMXzMxtlEgJAvvmsoQOGktPi%2BF1O1KdFTP84tK%2Bm2JMLJFNpCaNXC8AsdAG59LOHy6Ju9DleGoTSXG
AE,Uttar Pradesh,2022,56,Ghaziabad,260542,212443,24,473009,238,136406,107588,0,914,244908,51.776604673484,https://www.eci.gov.in/eci-backend/public/api/download?url=LMAhAK6sOPBp%2FNFF0iRfXbEB1EVSLT41NNLRjYNJJP1KivrUxbfqkDatmHy12e%2FzVx8fLfn2ReU7TfrqYobgIr%2FES8aGdKampBdwSTbjM6yOcLZKH6gMXzMxtlEgJAvvmsoQOGktPi%2BF1O1KdFTP84tK%2Bm2JMLJFNpCaNXC8AsdAG59LOHy6Ju9DleGoTSXG
AE,Uttar Pradesh,2022,57,Modi Nagar,179545,152746,36,332327,1116,123726,99048,0,1297,224071,67.424855639175,https://www.eci.gov.in/eci-backend/public/api/download?url=LMAhAK6sOPBp%2FNFF0iRfXbEB1EVSLT41NNLRjYNJJP1KivrUxbfqkDatmHy12e%2FzVx8fLfn2ReU7TfrqYobgIr%2FES8aGdKampBdwSTbjM6yOcLZKH6gMXzMxtlEgJAvvmsoQOGktPi%2BF1O1KdFTP84tK%2Bm2JMLJFNpCaNXC8AsdAG59LOHy6Ju9DleGoTSXG
AE,Uttar Pradesh,2022,58,Dhaulana,222209,190921,26,413156,999,153834,125162,3,1414,280413,67.870973675803,https://www.eci.gov.in/eci-backend/public/api/download?url=LMAhAK6sOPBp%2FNFF0iRfXbEB1EVSLT41NNLRjYNJJP1KivrUxbfqkDatmHy12e%2FzVx8fLfn2ReU7TfrqYobgIr%2FES8aGdKampBdwSTbjM6yOcLZKH6gMXzMxtlEgJAvvmsoQOGktPi%2BF1O1KdFTP84tK%2Bm2JMLJFNpCaNXC8AsdAG59LOHy6Ju9DleGoTSXG
AE,Uttar Pradesh,2022,59,Hapur,198759,169698,24,368481,1240,133651,111642,1,1608,246902,67.005354414475,https://www.eci.gov.in/eci-backend/public/api/download?url=LMAhAK6sOPBp%2FNFF0iRfXbEB1EVSLT41NNLRjYNJJP1KivrUxbfqkDatmHy12e%2FzVx8fLfn2ReU7TfrqYobgIr%2FES8aGdKampBdwSTbjM6yOcLZKH6gMXzMxtlEgJAvvmsoQOGktPi%2BF1O1KdFTP84tK%2Bm2JMLJFNpCaNXC8AsdAG59LOHy6Ju9DleGoTSXG
AE,Uttar Pradesh,2022,60,Garhmukteshwar,188484,160285,31,348800,1514,127184,107732,6,1734,236656,67.848623853211,https://www.eci.gov.in/eci-backend/public/api/download?url=LMAhAK6sOPBp%2FNFF0iRfXbEB1EVSLT41NNLRjYNJJP1KivrUxbfqkDatmHy12e%2FzVx8fLfn2ReU7TfrqYobgIr%2FES8aGdKampBdwSTbjM6yOcLZKH6gMXzMxtlEgJAvvmsoQOGktPi%2BF1O1KdFTP84tK%2Bm2JMLJFNpCaNXC8AsdAG59LOHy6Ju9DleGoTSXG
AE,Uttar Pradesh,2022,61,Noida,404460,309603,9,714072,376,198098,149775,1,558,348432,48.795079487783,https://www.eci.gov.in/eci-backend/public/api/download?url=LMAhAK6sOPBp%2FNFF0iRfXbEB1EVSLT41NNLRjYNJJP1KivrUxbfqkDatmHy12e%2FzVx8fLfn2ReU7TfrqYobgIr%2FES8aGdKampBdwSTbjM6yOcLZKH6gMXzMxtlEgJAvvmsoQOGktPi%2BF1O1KdFTP84tK%2Bm2JMLJFNpCaNXC8AsdAG59LOHy6Ju9DleGoTSXG
AE,Uttar Pradesh,2022,62,Dadri,333395,272846,75,606316,885,199769,153263,17,1002,354051,58.393807849372,https://www.eci.gov.in/eci-backend/public/api/download?url=LMAhAK6sOPBp%2FNFF0iRfXbEB1EVSLT41NNLRjYNJJP1KivrUxbfqkDatmHy12e%2FzVx8fLfn2ReU7TfrqYobgIr%2FES8aGdKampBdwSTbjM6yOcLZKH6gMXzMxtlEgJAvvmsoQOGktPi%2BF1O1KdFTP84tK%2Bm2JMLJFNpCaNXC8AsdAG59LOHy6Ju9DleGoTSXG
AE,Uttar Pradesh,2022,63,Jewar,192255,159891,18,352164,1699,128984,102211,1,1010,232206,65.936893038471,https://www.eci.gov.in/eci-backend/public/api/download?url=LMAhAK6sOPBp%2FNFF0iRfXbEB1EVSLT41NNLRjYNJJP1KivrUxbfqkDatmHy12e%2FzVx8fLfn2ReU7TfrqYobgIr%2FES8aGdKampBdwSTbjM6yOcLZKH6gMXzMxtlEgJAvvmsoQOGktPi%2BF1O1KdFTP84tK%2Bm2JMLJFNpCaNXC8AsdAG59LOHy6Ju9DleGoTSXG
AE,Uttar Pradesh,2022,64,Sikandrabad,210793,188925,29,399747,1940,145863,125304,4,2658,273829,68.500576614709,https://www.eci.gov.in/eci-backend/public/api/download?url=LMAhAK6sOPBp%2FNFF0iRfXbEB1EVSLT41NNLRjYNJJP1KivrUxbfqkDatmHy12e%2FzVx8fLfn2ReU7TfrqYobgIr%2FES8aGdKampBdwSTbjM6yOcLZKH6gMXzMxtlEgJAvvmsoQOGktPi%2BF1O1KdFTP84tK%2Bm2JMLJFNpCaNXC8AsdAG59LOHy6Ju9DleGoTSXG
AE,Uttar Pradesh,2022,65,Bulandshahr,210681,189078,16,399775,1333,136622,121076,1,2515,260214,65.090113188669,https://www.eci.gov.in/eci-backend/public/api/download?url=LMAhAK6sOPBp%2FNFF0iRfXbEB1EVSLT41NNLRjYNJJP1KivrUxbfqkDatmHy12e%2FzVx8fLfn2ReU7TfrqYobgIr%2FES8aGdKampBdwSTbjM6yOcLZKH6gMXzMxtlEgJAvvmsoQOGktPi%2BF1O1KdFTP84tK%2Bm2JMLJFNpCaNXC8AsdAG59LOHy6Ju9DleGoTSXG
AE,Uttar Pradesh,2022,66,Syana,205412,181906,8,387326,2314,131651,120310,0,1778,253739,65.510448562709,https://www.eci.gov.in/eci-backend/public/api/download?url=LMAhAK6sOPBp%2FNFF0iRfXbEB1EVSLT41NNLRjYNJJP1KivrUxbfqkDatmHy12e%2FzVx8fLfn2ReU7TfrqYobgIr%2FES8aGdKampBdwSTbjM6yOcLZKH6gMXzMxtlEgJAvvmsoQOGktPi%2BF1O1KdFTP84tK%2Bm2JMLJFNpCaNXC8AsdAG59LOHy6Ju9DleGoTSXG
AE,Uttar Pradesh,2022,67,Anupshahr,201555,177906,35,379496,2148,125052,112295,3,1947,239297,63.056527605034,https://www.eci.gov.in/eci-backend/public/api/download?url=LMAhAK6sOPBp%2FNFF0iRfXbEB1EVSLT41NNLRjYNJJP1KivrUxbfqkDatmHy12e%2FzVx8fLfn2ReU7TfrqYobgIr%2FES8aGdKampBdwSTbjM6yOcLZKH6gMXzMxtlEgJAvvmsoQOGktPi%2BF1O1KdFTP84tK%2Bm2JMLJFNpCaNXC8AsdAG59LOHy6Ju9DleGoTSXG
AE,Uttar Pradesh,2022,68,Debai,185200,163093,16,348309,779,111845,106805,0,1113,219763,63.094264001217,https://www.eci.gov.in/eci-backend/public/api/download?url=LMAhAK6sOPBp%2FNFF0iRfXbEB1EVSLT41NNLRjYNJJP1KivrUxbfqkDatmHy12e%2FzVx8fLfn2ReU7TfrqYobgIr%2FES8aGdKampBdwSTbjM6yOcLZKH6gMXzMxtlEgJAvvmsoQOGktPi%2BF1O1KdFTP84tK%2Bm2JMLJFNpCaNXC8AsdAG59LOHy6Ju9DleGoTSXG
AE,Uttar Pradesh,2022,69,Shikarpur,176372,158104,4,334480,2110,110441,102707,0,1945,215093,64.306685003588,https://www.eci.gov.in/eci-backend/public/api/download?url=LMAhAK6sOPBp%2FNFF0iRfXbEB1EVSLT41NNLRjYNJJP1KivrUxbfqkDatmHy12e%2FzVx8fLfn2ReU7TfrqYobgIr%2FES8aGdKampBdwSTbjM6yOcLZKH6gMXzMxtlEgJAvvmsoQOGktPi%2BF1O1KdFTP84tK%2Bm2JMLJFNpCaNXC8AsdAG59LOHy6Ju9DleGoTSXG
AE,Uttar Pradesh,2022,70,Khurja,206167,183018,26,389211,1527,138499,119650,3,1693,259845,66.761987713605,https://www.eci.gov.in/eci-backend/public/api/download?url=LMAhAK6sOPBp%2FNFF0iRfXbEB1EVSLT41NNLRjYNJJP1KivrUxbfqkDatmHy12e%2FzVx8fLfn2ReU7TfrqYobgIr%2FES8aGdKampBdwSTbjM6yOcLZKH6gMXzMxtlEgJAvvmsoQOGktPi%2BF1O1KdFTP84tK%2Bm2JMLJFNpCaNXC8AsdAG59LOHy6Ju9DleGoTSXG
AE,Uttar Pradesh,2022,71,Khair,219345,188032,22,407399,3607,133585,116497,4,2836,252922,62.082135694982,https://www.eci.gov.in/eci-backend/public/api/download?url=LMAhAK6sOPBp%2FNFF0iRfXbEB1EVSLT41NNLRjYNJJP1KivrUxbfqkDatmHy12e%2FzVx8fLfn2ReU7TfrqYobgIr%2FES8aGdKampBdwSTbjM6yOcLZKH6gMXzMxtlEgJAvvmsoQOGktPi%2BF1O1KdFTP84tK%2Bm2JMLJFNpCaNXC8AsdAG59LOHy6Ju9DleGoTSXG
AE,Uttar Pradesh,2022,72,Barauli,202168,177826,41,380035,816,129612,113434,2,1582,244630,64.370386938045,https://www.eci.gov.in/eci-backend/public/api/download?url=LMAhAK6sOPBp%2FNFF0iRfXbEB1EVSLT41NNLRjYNJJP1KivrUxbfqkDatmHy12e%2FzVx8fLfn2ReU7TfrqYobgIr%2FES8aGdKampBdwSTbjM6yOcLZKH6gMXzMxtlEgJAvvmsoQOGktPi%2BF1O1KdFTP84tK%2Bm2JMLJFNpCaNXC8AsdAG59LOHy6Ju9DleGoTSXG
AE,Uttar Pradesh,2022,73,Atrauli,215590,186893,10,402493,762,125926,115023,1,1648,242598,60.273843271808,https://www.eci.gov.in/eci-backend/public/api/download?url=LMAhAK6sOPBp%2FNFF0iRfXbEB1EVSLT41NNLRjYNJJP1KivrUxbfqkDatmHy12e%2FzVx8fLfn2ReU7TfrqYobgIr%2FES8aGdKampBdwSTbjM6yOcLZKH6gMXzMxtlEgJAvvmsoQOGktPi%2BF1O1KdFTP84tK%2Bm2JMLJFNpCaNXC8AsdAG59LOHy6Ju9DleGoTSXG
AE,Uttar Pradesh,2022,74,Chharra,206518,180567,23,387108,376,128452,113604,3,1192,243251,62.838019364105,https://www.eci.gov.in/eci-backend/public/api/download?url=LMAhAK6sOPBp%2FNFF0iRfXbEB1EVSLT41NNLRjYNJJP1KivrUxbfqkDatmHy12e%2FzVx8fLfn2ReU7TfrqYobgIr%2FES8aGdKampBdwSTbjM6yOcLZKH6gMXzMxtlEgJAvvmsoQOGktPi%2BF1O1KdFTP84tK%2Bm2JMLJFNpCaNXC8AsdAG59LOHy6Ju9DleGoTSXG
AE,Uttar Pradesh,2022,75,Koil,214509,190349,27,404885,253,134825,115691,0,2248,252764,62.428590834434,https://www.eci.gov.in/eci-backend/public/api/download?url=LMAhAK6sOPBp%2FNFF0iRfXbEB1EVSLT41NNLRjYNJJP1KivrUxbfqkDatmHy12e%2FzVx8fLfn2ReU7TfrqYobgIr%2FES8aGdKampBdwSTbjM6yOcLZKH6gMXzMxtlEgJAvvmsoQOGktPi%2BF1O1KdFTP84tK%2Bm2JMLJFNpCaNXC8AsdAG59LOHy6Ju9DleGoTSXG
AE,Uttar Pradesh,2022,76,Aligarh,210277,185042,33,395352,131,139138,112339,6,1317,252800,63.943017867622,https://www.eci.gov.in/eci-backend/public/api/download?url=LMAhAK6sOPBp%2FNFF0iRfXbEB1EVSLT41NNLRjYNJJP1KivrUxbfqkDatmHy12e%2FzVx8fLfn2ReU7TfrqYobgIr%2FES8aGdKampBdwSTbjM6yOcLZKH6gMXzMxtlEgJAvvmsoQOGktPi%2BF1O1KdFTP84tK%2Bm2JMLJFNpCaNXC8AsdAG59LOHy6Ju9DleGoTSXG
AE,Uttar Pradesh,2022,77,Iglas,213179,183562,14,396755,3008,129923,110982,0,2774,243679,61.41800355383,https://www.eci.gov.in/eci-backend/public/api/download?url=LMAhAK6sOPBp%2FNFF0iRfXbEB1EVSLT41NNLRjYNJJP1KivrUxbfqkDatmHy12e%2FzVx8fLfn2ReU7TfrqYobgIr%2FES8aGdKampBdwSTbjM6yOcLZKH6gMXzMxtlEgJAvvmsoQOGktPi%2BF1O1KdFTP84tK%2Bm2JMLJFNpCaNXC8AsdAG59LOHy6Ju9DleGoTSXG
AE,Uttar Pradesh,2022,78,Hathras,224056,192192,5,416253,743,142116,119658,1,1530,263305,63.256000557353,https://www.eci.gov.in/eci-backend/public/api/download?url=LMAhAK6sOPBp%2FNFF0iRfXbEB1EVSLT41NNLRjYNJJP1KivrUxbfqkDatmHy12e%2FzVx8fLfn2ReU7TfrqYobgIr%2FES8aGdKampBdwSTbjM6yOcLZKH6gMXzMxtlEgJAvvmsoQOGktPi%2BF1O1KdFTP84tK%2Bm2JMLJFNpCaNXC8AsdAG59LOHy6Ju9DleGoTSXG
AE,Uttar Pradesh,2022,79,Sadabad,204600,172364,17,376981,3386,130701,110076,2,2363,243142,64.497149723726,https://www.eci.gov.in/eci-backend/public/api/download?url=LMAhAK6sOPBp%2FNFF0iRfXbEB1EVSLT41NNLRjYNJJP1KivrUxbfqkDatmHy12e%2FzVx8fLfn2ReU7TfrqYobgIr%2FES8aGdKampBdwSTbjM6yOcLZKH6gMXzMxtlEgJAvvmsoQOGktPi%2BF1O1KdFTP84tK%2Bm2JMLJFNpCaNXC8AsdAG59LOHy6Ju9DleGoTSXG
AE,Uttar Pradesh,2022,80,Sikandra Rao,203287,174387,10,377684,581,125323,109631,0,840,235794,62.431556539329,https://www.eci.gov.in/eci-backend/public/api/download?url=LMAhAK6sOPBp%2FNFF0iRfXbEB1EVSLT41NNLRjYNJJP1KivrUxbfqkDatmHy12e%2FzVx8fLfn2ReU7TfrqYobgIr%2FES8aGdKampBdwSTbjM6yOcLZKH6gMXzMxtlEgJAvvmsoQOGktPi%2BF1O1KdFTP84tK%2Bm2JMLJFNpCaNXC8AsdAG59LOHy6Ju9DleGoTSXG
AE,Uttar Pradesh,2022,81,Chhata,196884,167979,7,364870,901,130689,106947,0,970,238606,65.394798147285,https://www.eci.gov.in/eci-backend/public/api/download?url=LMAhAK6sOPBp%2FNFF0iRfXbEB1EVSLT41NNLRjYNJJP1KivrUxbfqkDatmHy12e%2FzVx8fLfn2ReU7TfrqYobgIr%2FES8aGdKampBdwSTbjM6yOcLZKH6gMXzMxtlEgJAvvmsoQOGktPi%2BF1O1KdFTP84tK%2Bm2JMLJFNpCaNXC8AsdAG59LOHy6Ju9DleGoTSXG
AE,Uttar Pradesh,2022,82,Mant,185926,160442,18,346386,2575,120010,103440,2,1763,225215,65.018505366845,https://www.eci.gov.in/eci-backend/public/api/download?url=LMAhAK6sOPBp%2FNFF0iRfXbEB1EVSLT41NNLRjYNJJP1KivrUxbfqkDatmHy12e%2FzVx8fLfn2ReU7TfrqYobgIr%2FES8aGdKampBdwSTbjM6yOcLZKH6gMXzMxtlEgJAvvmsoQOGktPi%2BF1O1KdFTP84tK%2Bm2JMLJFNpCaNXC8AsdAG59LOHy6Ju9DleGoTSXG
AE,Uttar Pradesh,2022,83,Goverdhan,181535,152684,15,334234,2076,121877,98674,0,1440,221991,66.417838999025,https://www.eci.gov.in/eci-backend/public/api/download?url=LMAhAK6sOPBp%2FNFF0iRfXbEB1EVSLT41NNLRjYNJJP1KivrUxbfqkDatmHy12e%2FzVx8fLfn2ReU7TfrqYobgIr%2FES8aGdKampBdwSTbjM6yOcLZKH6gMXzMxtlEgJAvvmsoQOGktPi%2BF1O1KdFTP84tK%2Bm2JMLJFNpCaNXC8AsdAG59LOHy6Ju9DleGoTSXG
AE,Uttar Pradesh,2022,84,Mathura,248303,210958,108,459369,686,146759,115952,3,1501,264215,57.516941717878,https://www.eci.gov.in/eci-backend/public/api/download?url=LMAhAK6sOPBp%2FNFF0iRfXbEB1EVSLT41NNLRjYNJJP1KivrUxbfqkDatmHy12e%2FzVx8fLfn2ReU7TfrqYobgIr%2FES8aGdKampBdwSTbjM6yOcLZKH6gMXzMxtlEgJAvvmsoQOGktPi%2BF1O1KdFTP84tK%2Bm2JMLJFNpCaNXC8AsdAG59LOHy6Ju9DleGoTSXG
AE,Uttar Pradesh,2022,85,Baldev,202774,174171,19,376964,3499,133766,110303,0,1723,245792,65.203043261425,https://www.eci.gov.in/eci-backend/public/api/download?url=LMAhAK6sOPBp%2FNFF0iRfXbEB1EVSLT41NNLRjYNJJP1KivrUxbfqkDatmHy12e%2FzVx8fLfn2ReU7TfrqYobgIr%2FES8aGdKampBdwSTbjM6yOcLZKH6gMXzMxtlEgJAvvmsoQOGktPi%2BF1O1KdFTP84tK%2Bm2JMLJFNpCaNXC8AsdAG59LOHy6Ju9DleGoTSXG
AE,Uttar Pradesh,2022,86,Etmadpur,243246,201585,18,444849,968,165998,133773,0,939,300710,67.598218721409,https://www.eci.gov.in/eci-backend/public/api/download?url=LMAhAK6sOPBp%2FNFF0iRfXbEB1EVSLT41NNLRjYNJJP1KivrUxbfqkDatmHy12e%2FzVx8fLfn2ReU7TfrqYobgIr%2FES8aGdKampBdwSTbjM6yOcLZKH6gMXzMxtlEgJAvvmsoQOGktPi%2BF1O1KdFTP84tK%2Bm2JMLJFNpCaNXC8AsdAG59LOHy6Ju9DleGoTSXG
AE,Uttar Pradesh,2022,87,Agra Cantt.,254705,212469,27,467201,837,141733,109082,3,1158,251976,53.933103739076,https://www.eci.gov.in/eci-backend/public/api/download?url=LMAhAK6sOPBp%2FNFF0iRfXbEB1EVSLT41NNLRjYNJJP1KivrUxbfqkDatmHy12e%2FzVx8fLfn2ReU7TfrqYobgIr%2FES8aGdKampBdwSTbjM6yOcLZKH6gMXzMxtlEgJAvvmsoQOGktPi%2BF1O1KdFTP84tK%2Bm2JMLJFNpCaNXC8AsdAG59LOHy6Ju9DleGoTSXG
AE,Uttar Pradesh,2022,88,Agra South,199104,168370,28,367502,140,119376,88657,5,553,208591,56.759146888997,https://www.eci.gov.in/eci-backend/public/api/download?url=LMAhAK6sOPBp%2FNFF0iRfXbEB1EVSLT41NNLRjYNJJP1KivrUxbfqkDatmHy12e%2FzVx8fLfn2ReU7TfrqYobgIr%2FES8aGdKampBdwSTbjM6yOcLZKH6gMXzMxtlEgJAvvmsoQOGktPi%2BF1O1KdFTP84tK%2Bm2JMLJFNpCaNXC8AsdAG59LOHy6Ju9DleGoTSXG
AE,Uttar Pradesh,2022,89,Agra North,236058,199480,19,435557,290,134889,104699,0,1235,240823,55.290811535574,https://www.eci.gov.in/eci-backend/public/api/download?url=LMAhAK6sOPBp%2FNFF0iRfXbEB1EVSLT41NNLRjYNJJP1KivrUxbfqkDatmHy12e%2FzVx8fLfn2ReU7TfrqYobgIr%2FES8aGdKampBdwSTbjM6yOcLZKH6gMXzMxtlEgJAvvmsoQOGktPi%2BF1O1KdFTP84tK%2Bm2JMLJFNpCaNXC8AsdAG59LOHy6Ju9DleGoTSXG
AE,Uttar Pradesh,2022,90,Agra Rural,233472,194403,21,427896,2150,146566,113081,0,1651,261298,61.065772991568,https://www.eci.gov.in/eci-backend/public/api/download?url=LMAhAK6sOPBp%2FNFF0iRfXbEB1EVSLT41NNLRjYNJJP1KivrUxbfqkDatmHy12e%2FzVx8fLfn2ReU7TfrqYobgIr%2FES8aGdKampBdwSTbjM6yOcLZKH6gMXzMxtlEgJAvvmsoQOGktPi%2BF1O1KdFTP84tK%2Bm2JMLJFNpCaNXC8AsdAG59LOHy6Ju9DleGoTSXG
AE,Uttar Pradesh,2022,91,Fatehpur Sikri,194849,164152,4,359005,2716,130998,110891,0,1760,243649,67.867856993635,https://www.eci.gov.in/eci-backend/public/api/download?url=LMAhAK6sOPBp%2FNFF0iRfXbEB1EVSLT41NNLRjYNJJP1KivrUxbfqkDatmHy12e%2FzVx8fLfn2ReU7TfrqYobgIr%2FES8aGdKampBdwSTbjM6yOcLZKH6gMXzMxtlEgJAvvmsoQOGktPi%2BF1O1KdFTP84tK%2Bm2JMLJFNpCaNXC8AsdAG59LOHy6Ju9DleGoTSXG
AE,Uttar Pradesh,2022,92,Kheragarh,178662,150011,7,328680,1433,110634,93635,0,1049,205318,62.467445539735,https://www.eci.gov.in/eci-backend/public/api/download?url=LMAhAK6sOPBp%2FNFF0iRfXbEB1EVSLT41NNLRjYNJJP1KivrUxbfqkDatmHy12e%2FzVx8fLfn2ReU7TfrqYobgIr%2FES8aGdKampBdwSTbjM6yOcLZKH6gMXzMxtlEgJAvvmsoQOGktPi%2BF1O1KdFTP84tK%2Bm2JMLJFNpCaNXC8AsdAG59LOHy6Ju9DleGoTSXG
AE,Uttar Pradesh,2022,93,Fatehabad,174677,147810,8,322495,582,117058,98661,0,838,216557,67.15049845734,https://www.eci.gov.in/eci-backend/public/api/download?url=LMAhAK6sOPBp%2FNFF0iRfXbEB1EVSLT41NNLRjYNJJP1KivrUxbfqkDatmHy12e%2FzVx8fLfn2ReU7TfrqYobgIr%2FES8aGdKampBdwSTbjM6yOcLZKH6gMXzMxtlEgJAvvmsoQOGktPi%2BF1O1KdFTP84tK%2Bm2JMLJFNpCaNXC8AsdAG59LOHy6Ju9DleGoTSXG
AE,Uttar Pradesh,2022,94,Bah,183632,150880,13,334525,1673,100082,89378,0,1019,190479,56.940139003064,https://www.eci.gov.in/eci-backend/public/api/download?url=LMAhAK6sOPBp%2FNFF0iRfXbEB1EVSLT41NNLRjYNJJP1KivrUxbfqkDatmHy12e%2FzVx8fLfn2ReU7TfrqYobgIr%2FES8aGdKampBdwSTbjM6yOcLZKH6gMXzMxtlEgJAvvmsoQOGktPi%2BF1O1KdFTP84tK%2Bm2JMLJFNpCaNXC8AsdAG59LOHy6Ju9DleGoTSXG
AE,Uttar Pradesh,2022,95,Tundla,200325,172410,15,372750,813,134659,112876,1,1226,248762,66.736955063716,https://www.eci.gov.in/eci-backend/public/api/download?url=LMAhAK6sOPBp%2FNFF0iRfXbEB1EVSLT41NNLRjYNJJP1KivrUxbfqkDatmHy12e%2FzVx8fLfn2ReU7TfrqYobgIr%2FES8aGdKampBdwSTbjM6yOcLZKH6gMXzMxtlEgJAvvmsoQOGktPi%2BF1O1KdFTP84tK%2Bm2JMLJFNpCaNXC8AsdAG59LOHy6Ju9DleGoTSXG
AE,Uttar Pradesh,2022,96,Jasrana,197544,169719,17,367280,1338,131749,114937,3,1412,248101,67.55091483337,https://www.eci.gov.in/eci-backend/public/api/download?url=LMAhAK6sOPBp%2FNFF0iRfXbEB1EVSLT41NNLRjYNJJP1KivrUxbfqkDatmHy12e%2FzVx8fLfn2ReU7TfrqYobgIr%2FES8aGdKampBdwSTbjM6yOcLZKH6gMXzMxtlEgJAvvmsoQOGktPi%2BF1O1KdFTP84tK%2Bm2JMLJFNpCaNXC8AsdAG59LOHy6Ju9DleGoTSXG
AE,Uttar Pradesh,2022,97,Firozabad,236325,203312,52,439689,608,143238,115413,2,1278,259931,59.117012251842,https://www.eci.gov.in/eci-backend/public/api/download?url=LMAhAK6sOPBp%2FNFF0iRfXbEB1EVSLT41NNLRjYNJJP1KivrUxbfqkDatmHy12e%2FzVx8fLfn2ReU7TfrqYobgIr%2FES8aGdKampBdwSTbjM6yOcLZKH6gMXzMxtlEgJAvvmsoQOGktPi%2BF1O1KdFTP84tK%2Bm2JMLJFNpCaNXC8AsdAG59LOHy6Ju9DleGoTSXG
AE,Uttar Pradesh,2022,98,Shikohabad,192395,165333,13,357741,1117,127379,106750,2,1597,235728,65.893481597021,https://www.eci.gov.in/eci-backend/public/api/download?url=LMAhAK6sOPBp%2FNFF0iRfXbEB1EVSLT41NNLRjYNJJP1KivrUxbfqkDatmHy12e%2FzVx8fLfn2ReU7TfrqYobgIr%2FES8aGdKampBdwSTbjM6yOcLZKH6gMXzMxtlEgJAvvmsoQOGktPi%2BF1O1KdFTP84tK%2Bm2JMLJFNpCaNXC8AsdAG59LOHy6Ju9DleGoTSXG
AE,Uttar Pradesh,2022,99,Sirsaganj,173670,147613,15,321298,1386,111033,95999,2,1494,208528,64.901742307764,https://www.eci.gov.in/eci-backend/public/api/download?url=LMAhAK6sOPBp%2FNFF0iRfXbEB1EVSLT41NNLRjYNJJP1KivrUxbfqkDatmHy12e%2FzVx8fLfn2ReU7TfrqYobgIr%2FES8aGdKampBdwSTbjM6yOcLZKH6gMXzMxtlEgJAvvmsoQOGktPi%2BF1O1KdFTP84tK%2Bm2JMLJFNpCaNXC8AsdAG59LOHy6Ju9DleGoTSXG
AE,Uttar Pradesh,2022,100,Kasganj,194161,169853,9,364023,343,123284,111175,1,1283,235743,64.76046843194,https://www.eci.gov.in/eci-backend/public/api/download?url=LMAhAK6sOPBp%2FNFF0iRfXbEB1EVSLT41NNLRjYNJJP1KivrUxbfqkDatmHy12e%2FzVx8fLfn2ReU7TfrqYobgIr%2FES8aGdKampBdwSTbjM6yOcLZKH6gMXzMxtlEgJAvvmsoQOGktPi%2BF1O1KdFTP84tK%2Bm2JMLJFNpCaNXC8AsdAG59LOHy6Ju9DleGoTSXG
AE,Uttar Pradesh,2022,101,Amanpur,166778,144056,20,310854,280,99708,91311,3,1086,192108,61.80007334633,https://www.eci.gov.in/eci-backend/public/api/download?url=LMAhAK6sOPBp%2FNFF0iRfXbEB1EVSLT41NNLRjYNJJP1KivrUxbfqkDatmHy12e%2FzVx8fLfn2ReU7TfrqYobgIr%2FES8aGdKampBdwSTbjM6yOcLZKH6gMXzMxtlEgJAvvmsoQOGktPi%2BF1O1KdFTP84tK%2Bm2JMLJFNpCaNXC8AsdAG59LOHy6Ju9DleGoTSXG
AE,Uttar Pradesh,2022,102,Patiyali,191944,167312,22,359278,553,115925,102877,2,1027,219831,61.186880354489,https://www.eci.gov.in/eci-backend/public/api/download?url=LMAhAK6sOPBp%2FNFF0iRfXbEB1EVSLT41NNLRjYNJJP1KivrUxbfqkDatmHy12e%2FzVx8fLfn2ReU7TfrqYobgIr%2FES8aGdKampBdwSTbjM6yOcLZKH6gMXzMxtlEgJAvvmsoQOGktPi%2BF1O1KdFTP84tK%2Bm2JMLJFNpCaNXC8AsdAG59LOHy6Ju9DleGoTSXG
AE,Uttar Pradesh,2022,103,Aliganj,187529,154667,16,342212,1250,123021,102381,2,1282,226686,66.241394223464,https://www.eci.gov.in/eci-backend/public/api/download?url=LMAhAK6sOPBp%2FNFF0iRfXbEB1EVSLT41NNLRjYNJJP1KivrUxbfqkDatmHy12e%2FzVx8fLfn2ReU7TfrqYobgIr%2FES8aGdKampBdwSTbjM6yOcLZKH6gMXzMxtlEgJAvvmsoQOGktPi%2BF1O1KdFTP84tK%2Bm2JMLJFNpCaNXC8AsdAG59LOHy6Ju9DleGoTSXG
AE,Uttar Pradesh,2022,104,Etah,182246,155352,18,337616,1152,111684,97269,6,1894,210853,62.453497464575,https://www.eci.gov.in/eci-backend/public/api/download?url=LMAhAK6sOPBp%2FNFF0iRfXbEB1EVSLT41NNLRjYNJJP1KivrUxbfqkDatmHy12e%2FzVx8fLfn2ReU7TfrqYobgIr%2FES8aGdKampBdwSTbjM6yOcLZKH6gMXzMxtlEgJAvvmsoQOGktPi%2BF1O1KdFTP84tK%2Bm2JMLJFNpCaNXC8AsdAG59LOHy6Ju9DleGoTSXG
AE,Uttar Pradesh,2022,105,Marhara,167030,142848,5,309883,1171,108738,96905,2,1479,207124,66.839420039176,https://www.eci.gov.in/eci-backend/public/api/download?url=LMAhAK6sOPBp%2FNFF0iRfXbEB1EVSLT41NNLRjYNJJP1KivrUxbfqkDatmHy12e%2FzVx8fLfn2ReU7TfrqYobgIr%2FES8aGdKampBdwSTbjM6yOcLZKH6gMXzMxtlEgJAvvmsoQOGktPi%2BF1O1KdFTP84tK%2Bm2JMLJFNpCaNXC8AsdAG59LOHy6Ju9DleGoTSXG
AE,Uttar Pradesh,2022,106,Jalesar,160809,136631,12,297452,940,107888,93792,0,1126,202806,68.181084679209,https://www.eci.gov.in/eci-backend/public/api/download?url=LMAhAK6sOPBp%2FNFF0iRfXbEB1EVSLT41NNLRjYNJJP1KivrUxbfqkDatmHy12e%2FzVx8fLfn2ReU7TfrqYobgIr%2FES8aGdKampBdwSTbjM6yOcLZKH6gMXzMxtlEgJAvvmsoQOGktPi%2BF1O1KdFTP84tK%2Bm2JMLJFNpCaNXC8AsdAG59LOHy6Ju9DleGoTSXG
AE,Uttar Pradesh,2022,107,Mainpuri,186143,159174,18,345335,1831,114037,98143,5,2092,214277,62.049024859919,https://www.eci.gov.in/eci-backend/public/api/download?url=LMAhAK6sOPBp%2FNFF0iRfXbEB1EVSLT41NNLRjYNJJP1KivrUxbfqkDatmHy12e%2FzVx8fLfn2ReU7TfrqYobgIr%2FES8aGdKampBdwSTbjM6yOcLZKH6gMXzMxtlEgJAvvmsoQOGktPi%2BF1O1KdFTP84tK%2Bm2JMLJFNpCaNXC8AsdAG59LOHy6Ju9DleGoTSXG
AE,Uttar Pradesh,2022,108,Bhongaon,185485,158094,27,343606,1726,113679,100058,0,1815,215552,62.732315500893,https://www.eci.gov.in/eci-backend/public/api/download?url=LMAhAK6sOPBp%2FNFF0iRfXbEB1EVSLT41NNLRjYNJJP1KivrUxbfqkDatmHy12e%2FzVx8fLfn2ReU7TfrqYobgIr%2FES8aGdKampBdwSTbjM6yOcLZKH6gMXzMxtlEgJAvvmsoQOGktPi%2BF1O1KdFTP84tK%2Bm2JMLJFNpCaNXC8AsdAG59LOHy6Ju9DleGoTSXG
AE,Uttar Pradesh,2022,109,Kishni,168485,142408,13,310906,898,105653,89694,0,1081,196428,63.179224588782,https://www.eci.gov.in/eci-backend/public/api/download?url=LMAhAK6sOPBp%2FNFF0iRfXbEB1EVSLT41NNLRjYNJJP1KivrUxbfqkDatmHy12e%2FzVx8fLfn2ReU7TfrqYobgIr%2FES8aGdKampBdwSTbjM6yOcLZKH6gMXzMxtlEgJAvvmsoQOGktPi%2BF1O1KdFTP84tK%2Bm2JMLJFNpCaNXC8AsdAG59LOHy6Ju9DleGoTSXG
AE,Uttar Pradesh,2022,110,Karhal,203277,170067,7,373351,1647,133269,111972,0,1595,246836,66.113657121583,https://www.eci.gov.in/eci-backend/public/api/download?url=LMAhAK6sOPBp%2FNFF0iRfXbEB1EVSLT41NNLRjYNJJP1KivrUxbfqkDatmHy12e%2FzVx8fLfn2ReU7TfrqYobgIr%2FES8aGdKampBdwSTbjM6yOcLZKH6gMXzMxtlEgJAvvmsoQOGktPi%2BF1O1KdFTP84tK%2Bm2JMLJFNpCaNXC8AsdAG59LOHy6Ju9DleGoTSXG
AE,Uttar Pradesh,2022,111,Gunnaur,221748,189393,50,411191,1117,130959,109518,5,945,241427,58.714076913162,https://www.eci.gov.in/eci-backend/public/api/download?url=LMAhAK6sOPBp%2FNFF0iRfXbEB1EVSLT41NNLRjYNJJP1KivrUxbfqkDatmHy12e%2FzVx8fLfn2ReU7TfrqYobgIr%2FES8aGdKampBdwSTbjM6yOcLZKH6gMXzMxtlEgJAvvmsoQOGktPi%2BF1O1KdFTP84tK%2Bm2JMLJFNpCaNXC8AsdAG59LOHy6Ju9DleGoTSXG
AE,Uttar Pradesh,2022,112,Bisauli,225779,195426,53,421258,503,133000,116248,0,878,250126,59.375964373377,https://www.eci.gov.in/eci-backend/public/api/download?url=LMAhAK6sOPBp%2FNFF0iRfXbEB1EVSLT41NNLRjYNJJP1KivrUxbfqkDatmHy12e%2FzVx8fLfn2ReU7TfrqYobgIr%2FES8aGdKampBdwSTbjM6yOcLZKH6gMXzMxtlEgJAvvmsoQOGktPi%2BF1O1KdFTP84tK%2Bm2JMLJFNpCaNXC8AsdAG59LOHy6Ju9DleGoTSXG
AE,Uttar Pradesh,2022,113,Sahaswan,227981,198204,22,426207,247,134679,116037,1,681,251398,58.984953320804,https://www.eci.gov.in/eci-backend/public/api/download?url=LMAhAK6sOPBp%2FNFF0iRfXbEB1EVSLT41NNLRjYNJJP1KivrUxbfqkDatmHy12e%2FzVx8fLfn2ReU7TfrqYobgIr%2FES8aGdKampBdwSTbjM6yOcLZKH6gMXzMxtlEgJAvvmsoQOGktPi%2BF1O1KdFTP84tK%2Bm2JMLJFNpCaNXC8AsdAG59LOHy6Ju9DleGoTSXG
AE,Uttar Pradesh,2022,114,Bilsi,192103,163113,18,355234,307,110519,94154,3,727,205403,57.82188641853,https://www.eci.gov.in/eci-backend/public/api/download?url=LMAhAK6sOPBp%2FNFF0iRfXbEB1EVSLT41NNLRjYNJJP1KivrUxbfqkDatmHy12e%2FzVx8fLfn2ReU7TfrqYobgIr%2FES8aGdKampBdwSTbjM6yOcLZKH6gMXzMxtlEgJAvvmsoQOGktPi%2BF1O1KdFTP84tK%2Bm2JMLJFNpCaNXC8AsdAG59LOHy6Ju9DleGoTSXG
AE,Uttar Pradesh,2022,115,Badaun,200756,175339,16,376111,354,117730,100283,1,1306,219320,58.31257261819,https://www.eci.gov.in/eci-backend/public/api/download?url=LMAhAK6sOPBp%2FNFF0iRfXbEB1EVSLT41NNLRjYNJJP1KivrUxbfqkDatmHy12e%2FzVx8fLfn2ReU7TfrqYobgIr%2FES8aGdKampBdwSTbjM6yOcLZKH6gMXzMxtlEgJAvvmsoQOGktPi%2BF1O1KdFTP84tK%2Bm2JMLJFNpCaNXC8AsdAG59LOHy6Ju9DleGoTSXG
AE,Uttar Pradesh,2022,116,Shekhupur,215889,187449,9,403347,222,130203,115238,2,923,246366,61.080409672069,https://www.eci.gov.in/eci-backend/public/api/download?url=LMAhAK6sOPBp%2FNFF0iRfXbEB1EVSLT41NNLRjYNJJP1KivrUxbfqkDatmHy12e%2FzVx8fLfn2ReU7TfrqYobgIr%2FES8aGdKampBdwSTbjM6yOcLZKH6gMXzMxtlEgJAvvmsoQOGktPi%2BF1O1KdFTP84tK%2Bm2JMLJFNpCaNXC8AsdAG59LOHy6Ju9DleGoTSXG
AE,Uttar Pradesh,2022,117,Dataganj,221572,185516,30,407118,342,129754,107254,3,772,237783,58.406407970171,https://www.eci.gov.in/eci-backend/public/api/download?url=LMAhAK6sOPBp%2FNFF0iRfXbEB1EVSLT41NNLRjYNJJP1KivrUxbfqkDatmHy12e%2FzVx8fLfn2ReU7TfrqYobgIr%2FES8aGdKampBdwSTbjM6yOcLZKH6gMXzMxtlEgJAvvmsoQOGktPi%2BF1O1KdFTP84tK%2Bm2JMLJFNpCaNXC8AsdAG59LOHy6Ju9DleGoTSXG
AE,Uttar Pradesh,2022,118,Baheri,196853,169591,1,366445,512,144803,120312,0,1213,266328,72.678846757358,https://www.eci.gov.in/eci-backend/public/api/download?url=LMAhAK6sOPBp%2FNFF0iRfXbEB1EVSLT41NNLRjYNJJP1KivrUxbfqkDatmHy12e%2FzVx8fLfn2ReU7TfrqYobgIr%2FES8aGdKampBdwSTbjM6yOcLZKH6gMXzMxtlEgJAvvmsoQOGktPi%2BF1O1KdFTP84tK%2Bm2JMLJFNpCaNXC8AsdAG59LOHy6Ju9DleGoTSXG
AE,Uttar Pradesh,2022,119,Meerganj,182753,156825,9,339587,413,122740,104985,1,921,228647,67.330904893297,https://www.eci.gov.in/eci-backend/public/api/download?url=LMAhAK6sOPBp%2FNFF0iRfXbEB1EVSLT41NNLRjYNJJP1KivrUxbfqkDatmHy12e%2FzVx8fLfn2ReU7TfrqYobgIr%2FES8aGdKampBdwSTbjM6yOcLZKH6gMXzMxtlEgJAvvmsoQOGktPi%2BF1O1KdFTP84tK%2Bm2JMLJFNpCaNXC8AsdAG59LOHy6Ju9DleGoTSXG
AE,Uttar Pradesh,2022,120,Bhojipura,203628,174462,8,378098,314,142397,117395,2,1075,260869,68.995075350835,https://www.eci.gov.in/eci-backend/public/api/download?url=LMAhAK6sOPBp%2FNFF0iRfXbEB1EVSLT41NNLRjYNJJP1KivrUxbfqkDatmHy12e%2FzVx8fLfn2ReU7TfrqYobgIr%2FES8aGdKampBdwSTbjM6yOcLZKH6gMXzMxtlEgJAvvmsoQOGktPi%2BF1O1KdFTP84tK%2Bm2JMLJFNpCaNXC8AsdAG59LOHy6Ju9DleGoTSXG
AE,Uttar Pradesh,2022,121,Nawabganj,183128,156357,18,339503,308,126025,104000,3,1110,231138,68.081283523268,https://www.eci.gov.in/eci-backend/public/api/download?url=LMAhAK6sOPBp%2FNFF0iRfXbEB1EVSLT41NNLRjYNJJP1KivrUxbfqkDatmHy12e%2FzVx8fLfn2ReU7TfrqYobgIr%2FES8aGdKampBdwSTbjM6yOcLZKH6gMXzMxtlEgJAvvmsoQOGktPi%2BF1O1KdFTP84tK%2Bm2JMLJFNpCaNXC8AsdAG59LOHy6Ju9DleGoTSXG
AE,Uttar Pradesh,2022,122,Faridpur,178570,149495,5,328070,414,113841,89482,0,991,204314,62.277562715274,https://www.eci.gov.in/eci-backend/public/api/download?url=LMAhAK6sOPBp%2FNFF0iRfXbEB1EVSLT41NNLRjYNJJP1KivrUxbfqkDatmHy12e%2FzVx8fLfn2ReU7TfrqYobgIr%2FES8aGdKampBdwSTbjM6yOcLZKH6gMXzMxtlEgJAvvmsoQOGktPi%2BF1O1KdFTP84tK%2Bm2JMLJFNpCaNXC8AsdAG59LOHy6Ju9DleGoTSXG
AE,Uttar Pradesh,2022,123,Bithari Chainpur,215621,178560,9,394190,601,135949,111058,0,1285,248292,62.987899236409,https://www.eci.gov.in/eci-backend/public/api/download?url=LMAhAK6sOPBp%2FNFF0iRfXbEB1EVSLT41NNLRjYNJJP1KivrUxbfqkDatmHy12e%2FzVx8fLfn2ReU7TfrqYobgIr%2FES8aGdKampBdwSTbjM6yOcLZKH6gMXzMxtlEgJAvvmsoQOGktPi%2BF1O1KdFTP84tK%2Bm2JMLJFNpCaNXC8AsdAG59LOHy6Ju9DleGoTSXG
AE,Uttar Pradesh,2022,124,Bareilly,248607,209061,23,457691,346,133109,105105,2,1914,240130,52.465528052769,https://www.eci.gov.in/eci-backend/public/api/download?url=LMAhAK6sOPBp%2FNFF0iRfXbEB1EVSLT41NNLRjYNJJP1KivrUxbfqkDatmHy12e%2FzVx8fLfn2ReU7TfrqYobgIr%2FES8aGdKampBdwSTbjM6yOcLZKH6gMXzMxtlEgJAvvmsoQOGktPi%2BF1O1KdFTP84tK%2Bm2JMLJFNpCaNXC8AsdAG59LOHy6Ju9DleGoTSXG
AE,Uttar Pradesh,2022,125,Bareilly Cantt.,204543,174189,11,378743,379,107991,86979,0,1320,196290,51.826700427467,https://www.eci.gov.in/eci-backend/public/api/download?url=LMAhAK6sOPBp%2FNFF0iRfXbEB1EVSLT41NNLRjYNJJP1KivrUxbfqkDatmHy12e%2FzVx8fLfn2ReU7TfrqYobgIr%2FES8aGdKampBdwSTbjM6yOcLZKH6gMXzMxtlEgJAvvmsoQOGktPi%2BF1O1KdFTP84tK%2Bm2JMLJFNpCaNXC8AsdAG59LOHy6Ju9DleGoTSXG
AE,Uttar Pradesh,2022,126,Aonla,170410,144615,10,315035,372,103003,89165,0,808,192976,61.255416064882,https://www.eci.gov.in/eci-backend/public/api/download?url=LMAhAK6sOPBp%2FNFF0iRfXbEB1EVSLT41NNLRjYNJJP1KivrUxbfqkDatmHy12e%2FzVx8fLfn2ReU7TfrqYobgIr%2FES8aGdKampBdwSTbjM6yOcLZKH6gMXzMxtlEgJAvvmsoQOGktPi%2BF1O1KdFTP84tK%2Bm2JMLJFNpCaNXC8AsdAG59LOHy6Ju9DleGoTSXG
AE,Uttar Pradesh,2022,127,Pilibhit,200754,178085,23,378862,461,138220,120523,3,2263,261009,68.892895038299,https://www.eci.gov.in/eci-backend/public/api/download?url=LMAhAK6sOPBp%2FNFF0iRfXbEB1EVSLT41NNLRjYNJJP1KivrUxbfqkDatmHy12e%2FzVx8fLfn2ReU7TfrqYobgIr%2FES8aGdKampBdwSTbjM6yOcLZKH6gMXzMxtlEgJAvvmsoQOGktPi%2BF1O1KdFTP84tK%2Bm2JMLJFNpCaNXC8AsdAG59LOHy6Ju9DleGoTSXG
AE,Uttar Pradesh,2022,128,Barkhera,172402,151398,8,323808,260,126052,110838,0,1099,237989,73.496948809171,https://www.eci.gov.in/eci-backend/public/api/download?url=LMAhAK6sOPBp%2FNFF0iRfXbEB1EVSLT41NNLRjYNJJP1KivrUxbfqkDatmHy12e%2FzVx8fLfn2ReU7TfrqYobgIr%2FES8aGdKampBdwSTbjM6yOcLZKH6gMXzMxtlEgJAvvmsoQOGktPi%2BF1O1KdFTP84tK%2Bm2JMLJFNpCaNXC8AsdAG59LOHy6Ju9DleGoTSXG
AE,Uttar Pradesh,2022,129,Puranpur,204985,180099,23,385107,483,142448,125005,2,857,268312,69.672065166304,https://www.eci.gov.in/eci-backend/public/api/download?url=LMAhAK6sOPBp%2FNFF0iRfXbEB1EVSLT41NNLRjYNJJP1KivrUxbfqkDatmHy12e%2FzVx8fLfn2ReU7TfrqYobgIr%2FES8aGdKampBdwSTbjM6yOcLZKH6gMXzMxtlEgJAvvmsoQOGktPi%2BF1O1KdFTP84tK%2Bm2JMLJFNpCaNXC8AsdAG59LOHy6Ju9DleGoTSXG
AE,Uttar Pradesh,2022,130,Bisalpur,194473,166405,5,360883,505,128702,109567,0,1677,239946,66.488584943042,https://www.eci.gov.in/eci-backend/public/api/download?url=LMAhAK6sOPBp%2FNFF0iRfXbEB1EVSLT41NNLRjYNJJP1KivrUxbfqkDatmHy12e%2FzVx8fLfn2ReU7TfrqYobgIr%2FES8aGdKampBdwSTbjM6yOcLZKH6gMXzMxtlEgJAvvmsoQOGktPi%2BF1O1KdFTP84tK%2Bm2JMLJFNpCaNXC8AsdAG59LOHy6Ju9DleGoTSXG
AE,Uttar Pradesh,2022,131,Katra,185783,152974,27,338784,243,109929,84604,3,480,195016,57.563521299707,https://www.eci.gov.in/eci-backend/public/api/download?url=LMAhAK6sOPBp%2FNFF0iRfXbEB1EVSLT41NNLRjYNJJP1KivrUxbfqkDatmHy12e%2FzVx8fLfn2ReU7TfrqYobgIr%2FES8aGdKampBdwSTbjM6yOcLZKH6gMXzMxtlEgJAvvmsoQOGktPi%2BF1O1KdFTP84tK%2Bm2JMLJFNpCaNXC8AsdAG59LOHy6Ju9DleGoTSXG
AE,Uttar Pradesh,2022,132,Jalalabad,203076,163907,19,367002,354,121593,94594,1,527,216715,59.050086920507,https://www.eci.gov.in/eci-backend/public/api/download?url=LMAhAK6sOPBp%2FNFF0iRfXbEB1EVSLT41NNLRjYNJJP1KivrUxbfqkDatmHy12e%2FzVx8fLfn2ReU7TfrqYobgIr%2FES8aGdKampBdwSTbjM6yOcLZKH6gMXzMxtlEgJAvvmsoQOGktPi%2BF1O1KdFTP84tK%2Bm2JMLJFNpCaNXC8AsdAG59LOHy6Ju9DleGoTSXG
AE,Uttar Pradesh,2022,133,Tilhar,191279,164528,18,355825,187,118242,94639,0,597,213478,59.995222370547,https://www.eci.gov.in/eci-backend/public/api/download?url=LMAhAK6sOPBp%2FNFF0iRfXbEB1EVSLT41NNLRjYNJJP1KivrUxbfqkDatmHy12e%2FzVx8fLfn2ReU7TfrqYobgIr%2FES8aGdKampBdwSTbjM6yOcLZKH6gMXzMxtlEgJAvvmsoQOGktPi%2BF1O1KdFTP84tK%2Bm2JMLJFNpCaNXC8AsdAG59LOHy6Ju9DleGoTSXG
AE,Uttar Pradesh,2022,134,Powayan,207353,179489,26,386868,247,129880,103056,0,415,233351,60.317989598519,https://www.eci.gov.in/eci-backend/public/api/download?url=LMAhAK6sOPBp%2FNFF0iRfXbEB1EVSLT41NNLRjYNJJP1KivrUxbfqkDatmHy12e%2FzVx8fLfn2ReU7TfrqYobgIr%2FES8aGdKampBdwSTbjM6yOcLZKH6gMXzMxtlEgJAvvmsoQOGktPi%2BF1O1KdFTP84tK%2Bm2JMLJFNpCaNXC8AsdAG59LOHy6Ju9DleGoTSXG
AE,Uttar Pradesh,2022,135,Shahjahanpur,222424,188874,31,411329,234,123871,98547,2,2133,224553,54.592066204911,https://www.eci.gov.in/eci-backend/public/api/download?url=LMAhAK6sOPBp%2FNFF0iRfXbEB1EVSLT41NNLRjYNJJP1KivrUxbfqkDatmHy12e%2FzVx8fLfn2ReU7TfrqYobgIr%2FES8aGdKampBdwSTbjM6yOcLZKH6gMXzMxtlEgJAvvmsoQOGktPi%2BF1O1KdFTP84tK%2Bm2JMLJFNpCaNXC8AsdAG59LOHy6Ju9DleGoTSXG
AE,Uttar Pradesh,2022,136,Dadraul,193565,162263,54,355882,123,124750,98836,0,577,224163,62.988012880674,https://www.eci.gov.in/eci-backend/public/api/download?url=LMAhAK6sOPBp%2FNFF0iRfXbEB1EVSLT41NNLRjYNJJP1KivrUxbfqkDatmHy12e%2FzVx8fLfn2ReU7TfrqYobgIr%2FES8aGdKampBdwSTbjM6yOcLZKH6gMXzMxtlEgJAvvmsoQOGktPi%2BF1O1KdFTP84tK%2Bm2JMLJFNpCaNXC8AsdAG59LOHy6Ju9DleGoTSXG
AE,Uttar Pradesh,2022,137,Palia,190952,169540,11,360503,247,124406,111769,4,741,236920,65.719286663356,https://www.eci.gov.in/eci-backend/public/api/download?url=LMAhAK6sOPBp%2FNFF0iRfXbEB1EVSLT41NNLRjYNJJP1KivrUxbfqkDatmHy12e%2FzVx8fLfn2ReU7TfrqYobgIr%2FES8aGdKampBdwSTbjM6yOcLZKH6gMXzMxtlEgJAvvmsoQOGktPi%2BF1O1KdFTP84tK%2Bm2JMLJFNpCaNXC8AsdAG59LOHy6Ju9DleGoTSXG
AE,Uttar Pradesh,2022,138,Nighasan,183919,156444,11,340374,111,125395,110920,0,565,236880,69.594034797017,https://www.eci.gov.in/eci-backend/public/api/download?url=LMAhAK6sOPBp%2FNFF0iRfXbEB1EVSLT41NNLRjYNJJP1KivrUxbfqkDatmHy12e%2FzVx8fLfn2ReU7TfrqYobgIr%2FES8aGdKampBdwSTbjM6yOcLZKH6gMXzMxtlEgJAvvmsoQOGktPi%2BF1O1KdFTP84tK%2Bm2JMLJFNpCaNXC8AsdAG59LOHy6Ju9DleGoTSXG
AE,Uttar Pradesh,2022,139,Gola Gokrannath,208678,187508,26,396212,164,139550,119363,3,1200,260116,65.65071224496,https://www.eci.gov.in/eci-backend/public/api/download?url=LMAhAK6sOPBp%2FNFF0iRfXbEB1EVSLT41NNLRjYNJJP1KivrUxbfqkDatmHy12e%2FzVx8fLfn2ReU7TfrqYobgIr%2FES8aGdKampBdwSTbjM6yOcLZKH6gMXzMxtlEgJAvvmsoQOGktPi%2BF1O1KdFTP84tK%2Bm2JMLJFNpCaNXC8AsdAG59LOHy6Ju9DleGoTSXG
AE,Uttar Pradesh,2022,140,Sri Nagar,170629,148681,4,319314,205,124786,103670,0,881,229337,71.821780441822,https://www.eci.gov.in/eci-backend/public/api/download?url=LMAhAK6sOPBp%2FNFF0iRfXbEB1EVSLT41NNLRjYNJJP1KivrUxbfqkDatmHy12e%2FzVx8fLfn2ReU7TfrqYobgIr%2FES8aGdKampBdwSTbjM6yOcLZKH6gMXzMxtlEgJAvvmsoQOGktPi%2BF1O1KdFTP84tK%2Bm2JMLJFNpCaNXC8AsdAG59LOHy6Ju9DleGoTSXG
AE,Uttar Pradesh,2022,141,Dhaurahra,179285,152828,18,332131,31,126960,101895,0,518,229373,69.061003037958,https://www.eci.gov.in/eci-backend/public/api/download?url=LMAhAK6sOPBp%2FNFF0iRfXbEB1EVSLT41NNLRjYNJJP1KivrUxbfqkDatmHy12e%2FzVx8fLfn2ReU7TfrqYobgIr%2FES8aGdKampBdwSTbjM6yOcLZKH6gMXzMxtlEgJAvvmsoQOGktPi%2BF1O1KdFTP84tK%2Bm2JMLJFNpCaNXC8AsdAG59LOHy6Ju9DleGoTSXG
AE,Uttar Pradesh,2022,142,Lakhimpur,218869,192928,10,411807,242,145254,122699,4,2069,270026,65.571007777915,https://www.eci.gov.in/eci-backend/public/api/download?url=LMAhAK6sOPBp%2FNFF0iRfXbEB1EVSLT41NNLRjYNJJP1KivrUxbfqkDatmHy12e%2FzVx8fLfn2ReU7TfrqYobgIr%2FES8aGdKampBdwSTbjM6yOcLZKH6gMXzMxtlEgJAvvmsoQOGktPi%2BF1O1KdFTP84tK%2Bm2JMLJFNpCaNXC8AsdAG59LOHy6Ju9DleGoTSXG
AE,Uttar Pradesh,2022,143,Kasta,164985,144698,17,309700,160,116375,98316,1,949,215641,69.628995802389,https://www.eci.gov.in/eci-backend/public/api/download?url=LMAhAK6sOPBp%2FNFF0iRfXbEB1EVSLT41NNLRjYNJJP1KivrUxbfqkDatmHy12e%2FzVx8fLfn2ReU7TfrqYobgIr%2FES8aGdKampBdwSTbjM6yOcLZKH6gMXzMxtlEgJAvvmsoQOGktPi%2BF1O1KdFTP84tK%2Bm2JMLJFNpCaNXC8AsdAG59LOHy6Ju9DleGoTSXG
AE,Uttar Pradesh,2022,144,Mohammdi,181355,157303,14,338672,107,126132,105726,0,673,232531,68.659647092172,https://www.eci.gov.in/eci-backend/public/api/download?url=LMAhAK6sOPBp%2FNFF0iRfXbEB1EVSLT41NNLRjYNJJP1KivrUxbfqkDatmHy12e%2FzVx8fLfn2ReU7TfrqYobgIr%2FES8aGdKampBdwSTbjM6yOcLZKH6gMXzMxtlEgJAvvmsoQOGktPi%2BF1O1KdFTP84tK%2Bm2JMLJFNpCaNXC8AsdAG59LOHy6Ju9DleGoTSXG
AE,Uttar Pradesh,2022,145,Maholi,204257,174620,31,378908,192,137313,112417,0,801,250531,66.119216274135,https://www.eci.gov.in/eci-backend/public/api/download?url=LMAhAK6sOPBp%2FNFF0iRfXbEB1EVSLT41NNLRjYNJJP1KivrUxbfqkDatmHy12e%2FzVx8fLfn2ReU7TfrqYobgIr%2FES8aGdKampBdwSTbjM6yOcLZKH6gMXzMxtlEgJAvvmsoQOGktPi%2BF1O1KdFTP84tK%2Bm2JMLJFNpCaNXC8AsdAG59LOHy6Ju9DleGoTSXG
AE,Uttar Pradesh,2022,146,Sitapur,211162,188090,33,399285,218,126924,104434,3,1435,232796,58.303217000388,https://www.eci.gov.in/eci-backend/public/api/download?url=LMAhAK6sOPBp%2FNFF0iRfXbEB1EVSLT41NNLRjYNJJP1KivrUxbfqkDatmHy12e%2FzVx8fLfn2ReU7TfrqYobgIr%2FES8aGdKampBdwSTbjM6yOcLZKH6gMXzMxtlEgJAvvmsoQOGktPi%2BF1O1KdFTP84tK%2Bm2JMLJFNpCaNXC8AsdAG59LOHy6Ju9DleGoTSXG
AE,Uttar Pradesh,2022,147,Hargaon,173513,153236,22,326771,104,121604,100343,1,501,222449,68.074890366648,https://www.eci.gov.in/eci-backend/public/api/download?url=LMAhAK6sOPBp%2FNFF0iRfXbEB1EVSLT41NNLRjYNJJP1KivrUxbfqkDatmHy12e%2FzVx8fLfn2ReU7TfrqYobgIr%2FES8aGdKampBdwSTbjM6yOcLZKH6gMXzMxtlEgJAvvmsoQOGktPi%2BF1O1KdFTP84tK%2Bm2JMLJFNpCaNXC8AsdAG59LOHy6Ju9DleGoTSXG
AE,Uttar Pradesh,2022,148,Laharpur,187635,166830,37,354502,63,130328,109054,3,791,240176,67.750252466841,https://www.eci.gov.in/eci-backend/public/api/download?url=LMAhAK6sOPBp%2FNFF0iRfXbEB1EVSLT41NNLRjYNJJP1KivrUxbfqkDatmHy12e%2FzVx8fLfn2ReU7TfrqYobgIr%2FES8aGdKampBdwSTbjM6yOcLZKH6gMXzMxtlEgJAvvmsoQOGktPi%2BF1O1KdFTP84tK%2Bm2JMLJFNpCaNXC8AsdAG59LOHy6Ju9DleGoTSXG
AE,Uttar Pradesh,2022,149,Biswan,178745,159029,11,337785,61,127440,108634,0,727,236801,70.104060275027,https://www.eci.gov.in/eci-backend/public/api/download?url=LMAhAK6sOPBp%2FNFF0iRfXbEB1EVSLT41NNLRjYNJJP1KivrUxbfqkDatmHy12e%2FzVx8fLfn2ReU7TfrqYobgIr%2FES8aGdKampBdwSTbjM6yOcLZKH6gMXzMxtlEgJAvvmsoQOGktPi%2BF1O1KdFTP84tK%2Bm2JMLJFNpCaNXC8AsdAG59LOHy6Ju9DleGoTSXG
AE,Uttar Pradesh,2022,150,Sevata,169783,144308,10,314101,9,119850,103037,0,244,223131,71.037978229932,https://www.eci.gov.in/eci-backend/public/api/download?url=LMAhAK6sOPBp%2FNFF0iRfXbEB1EVSLT41NNLRjYNJJP1KivrUxbfqkDatmHy12e%2FzVx8fLfn2ReU7TfrqYobgIr%2FES8aGdKampBdwSTbjM6yOcLZKH6gMXzMxtlEgJAvvmsoQOGktPi%2BF1O1KdFTP84tK%2Bm2JMLJFNpCaNXC8AsdAG59LOHy6Ju9DleGoTSXG
AE,Uttar Pradesh,2022,151,Mahmoodabad,168352,147259,6,315617,56,117239,101866,0,779,219884,69.667983663744,https://www.eci.gov.in/eci-backend/public/api/download?url=LMAhAK6sOPBp%2FNFF0iRfXbEB1EVSLT41NNLRjYNJJP1KivrUxbfqkDatmHy12e%2FzVx8fLfn2ReU7TfrqYobgIr%2FES8aGdKampBdwSTbjM6yOcLZKH6gMXzMxtlEgJAvvmsoQOGktPi%2BF1O1KdFTP84tK%2Bm2JMLJFNpCaNXC8AsdAG59LOHy6Ju9DleGoTSXG
AE,Uttar Pradesh,2022,152,Sidhauli,189487,165690,5,355182,131,132486,110582,1,810,243879,68.663107927767,https://www.eci.gov.in/eci-backend/public/api/download?url=LMAhAK6sOPBp%2FNFF0iRfXbEB1EVSLT41NNLRjYNJJP1KivrUxbfqkDatmHy12e%2FzVx8fLfn2ReU7TfrqYobgIr%2FES8aGdKampBdwSTbjM6yOcLZKH6gMXzMxtlEgJAvvmsoQOGktPi%2BF1O1KdFTP84tK%2Bm2JMLJFNpCaNXC8AsdAG59LOHy6Ju9DleGoTSXG
AE,Uttar Pradesh,2022,153,Misrikh,194918,164564,23,359505,159,122860,97864,1,661,221386,61.58078469006,https://www.eci.gov.in/eci-backend/public/api/download?url=LMAhAK6sOPBp%2FNFF0iRfXbEB1EVSLT41NNLRjYNJJP1KivrUxbfqkDatmHy12e%2FzVx8fLfn2ReU7TfrqYobgIr%2FES8aGdKampBdwSTbjM6yOcLZKH6gMXzMxtlEgJAvvmsoQOGktPi%2BF1O1KdFTP84tK%2Bm2JMLJFNpCaNXC8AsdAG59LOHy6Ju9DleGoTSXG
AE,Uttar Pradesh,2022,154,Sawayazpur,218043,185274,7,403324,471,133601,113813,1,861,248276,61.557457527943,https://www.eci.gov.in/eci-backend/public/api/download?url=LMAhAK6sOPBp%2FNFF0iRfXbEB1EVSLT41NNLRjYNJJP1KivrUxbfqkDatmHy12e%2FzVx8fLfn2ReU7TfrqYobgIr%2FES8aGdKampBdwSTbjM6yOcLZKH6gMXzMxtlEgJAvvmsoQOGktPi%2BF1O1KdFTP84tK%2Bm2JMLJFNpCaNXC8AsdAG59LOHy6Ju9DleGoTSXG
AE,Uttar Pradesh,2022,155,Shahabad,190064,165010,9,355083,139,125440,107050,2,1076,233568,65.778423636164,https://www.eci.gov.in/eci-backend/public/api/download?url=LMAhAK6sOPBp%2FNFF0iRfXbEB1EVSLT41NNLRjYNJJP1KivrUxbfqkDatmHy12e%2FzVx8fLfn2ReU7TfrqYobgIr%2FES8aGdKampBdwSTbjM6yOcLZKH6gMXzMxtlEgJAvvmsoQOGktPi%2BF1O1KdFTP84tK%2Bm2JMLJFNpCaNXC8AsdAG59LOHy6Ju9DleGoTSXG
AE,Uttar Pradesh,2022,156,Hardoi,221446,192825,24,414295,347,128817,107157,1,2619,238594,57.590364353902,https://www.eci.gov.in/eci-backend/public/api/download?url=LMAhAK6sOPBp%2FNFF0iRfXbEB1EVSLT41NNLRjYNJJP1KivrUxbfqkDatmHy12e%2FzVx8fLfn2ReU7TfrqYobgIr%2FES8aGdKampBdwSTbjM6yOcLZKH6gMXzMxtlEgJAvvmsoQOGktPi%2BF1O1KdFTP84tK%2Bm2JMLJFNpCaNXC8AsdAG59LOHy6Ju9DleGoTSXG
AE,Uttar Pradesh,2022,157,Gopamau,185262,158396,20,343678,132,115539,96566,1,997,213103,62.006587561613,https://www.eci.gov.in/eci-backend/public/api/download?url=LMAhAK6sOPBp%2FNFF0iRfXbEB1EVSLT41NNLRjYNJJP1KivrUxbfqkDatmHy12e%2FzVx8fLfn2ReU7TfrqYobgIr%2FES8aGdKampBdwSTbjM6yOcLZKH6gMXzMxtlEgJAvvmsoQOGktPi%2BF1O1KdFTP84tK%2Bm2JMLJFNpCaNXC8AsdAG59LOHy6Ju9DleGoTSXG
AE,Uttar Pradesh,2022,158,Sandi,180134,151867,10,332011,221,106260,88159,1,1183,195603,58.914614274828,https://www.eci.gov.in/eci-backend/public/api/download?url=LMAhAK6sOPBp%2FNFF0iRfXbEB1EVSLT41NNLRjYNJJP1KivrUxbfqkDatmHy12e%2FzVx8fLfn2ReU7TfrqYobgIr%2FES8aGdKampBdwSTbjM6yOcLZKH6gMXzMxtlEgJAvvmsoQOGktPi%2BF1O1KdFTP84tK%2Bm2JMLJFNpCaNXC8AsdAG59LOHy6Ju9DleGoTSXG
AE,Uttar Pradesh,2022,159,Bilgram-Mallanwan,205161,176714,11,381886,500,125398,107666,1,1885,234950,61.523596046988,https://www.eci.gov.in/eci-backend/public/api/download?url=LMAhAK6sOPBp%2FNFF0iRfXbEB1EVSLT41NNLRjYNJJP1KivrUxbfqkDatmHy12e%2FzVx8fLfn2ReU7TfrqYobgIr%2FES8aGdKampBdwSTbjM6yOcLZKH6gMXzMxtlEgJAvvmsoQOGktPi%2BF1O1KdFTP84tK%2Bm2JMLJFNpCaNXC8AsdAG59LOHy6Ju9DleGoTSXG
AE,Uttar Pradesh,2022,160,Balamau,188214,158998,6,347218,216,104959,85607,0,1117,191683,55.205375297364,https://www.eci.gov.in/eci-backend/public/api/download?url=LMAhAK6sOPBp%2FNFF0iRfXbEB1EVSLT41NNLRjYNJJP1KivrUxbfqkDatmHy12e%2FzVx8fLfn2ReU7TfrqYobgIr%2FES8aGdKampBdwSTbjM6yOcLZKH6gMXzMxtlEgJAvvmsoQOGktPi%2BF1O1KdFTP84tK%2Bm2JMLJFNpCaNXC8AsdAG59LOHy6Ju9DleGoTSXG
AE,Uttar Pradesh,2022,161,Sandila,182376,158830,5,341211,68,111694,92101,0,742,204537,59.944433209949,https://www.eci.gov.in/eci-backend/public/api/download?url=LMAhAK6sOPBp%2FNFF0iRfXbEB1EVSLT41NNLRjYNJJP1KivrUxbfqkDatmHy12e%2FzVx8fLfn2ReU7TfrqYobgIr%2FES8aGdKampBdwSTbjM6yOcLZKH6gMXzMxtlEgJAvvmsoQOGktPi%2BF1O1KdFTP84tK%2Bm2JMLJFNpCaNXC8AsdAG59LOHy6Ju9DleGoTSXG
AE,Uttar Pradesh,2022,162,Bangermau,194216,163204,32,357452,175,109862,93060,2,673,203597,56.95785727874,https://www.eci.gov.in/eci-backend/public/api/download?url=LMAhAK6sOPBp%2FNFF0iRfXbEB1EVSLT41NNLRjYNJJP1KivrUxbfqkDatmHy12e%2FzVx8fLfn2ReU7TfrqYobgIr%2FES8aGdKampBdwSTbjM6yOcLZKH6gMXzMxtlEgJAvvmsoQOGktPi%2BF1O1KdFTP84tK%2Bm2JMLJFNpCaNXC8AsdAG59LOHy6Ju9DleGoTSXG
AE,Uttar Pradesh,2022,163,Safipur,190710,155542,6,346258,257,107231,89732,0,658,197621,57.073338377741,https://www.eci.gov.in/eci-backend/public/api/download?url=LMAhAK6sOPBp%2FNFF0iRfXbEB1EVSLT41NNLRjYNJJP1KivrUxbfqkDatmHy12e%2FzVx8fLfn2ReU7TfrqYobgIr%2FES8aGdKampBdwSTbjM6yOcLZKH6gMXzMxtlEgJAvvmsoQOGktPi%2BF1O1KdFTP84tK%2Bm2JMLJFNpCaNXC8AsdAG59LOHy6Ju9DleGoTSXG
AE,Uttar Pradesh,2022,164,Mohan,185460,157370,28,342858,189,114754,96749,0,523,212026,61.840762064761,https://www.eci.gov.in/eci-backend/public/api/download?url=LMAhAK6sOPBp%2FNFF0iRfXbEB1EVSLT41NNLRjYNJJP1KivrUxbfqkDatmHy12e%2FzVx8fLfn2ReU7TfrqYobgIr%2FES8aGdKampBdwSTbjM6yOcLZKH6gMXzMxtlEgJAvvmsoQOGktPi%2BF1O1KdFTP84tK%2Bm2JMLJFNpCaNXC8AsdAG59LOHy6Ju9DleGoTSXG
AE,Uttar Pradesh,2022,165,Unnao,222867,187032,28,409927,695,135524,108513,2,1525,245564,59.904324428496,https://www.eci.gov.in/eci-backend/public/api/download?url=LMAhAK6sOPBp%2FNFF0iRfXbEB1EVSLT41NNLRjYNJJP1KivrUxbfqkDatmHy12e%2FzVx8fLfn2ReU7TfrqYobgIr%2FES8aGdKampBdwSTbjM6yOcLZKH6gMXzMxtlEgJAvvmsoQOGktPi%2BF1O1KdFTP84tK%2Bm2JMLJFNpCaNXC8AsdAG59LOHy6Ju9DleGoTSXG
AE,Uttar Pradesh,2022,166,Bhagwantnagar,226068,191872,5,417945,1484,126755,119974,0,1468,248197,59.385086554451,https://www.eci.gov.in/eci-backend/public/api/download?url=LMAhAK6sOPBp%2FNFF0iRfXbEB1EVSLT41NNLRjYNJJP1KivrUxbfqkDatmHy12e%2FzVx8fLfn2ReU7TfrqYobgIr%2FES8aGdKampBdwSTbjM6yOcLZKH6gMXzMxtlEgJAvvmsoQOGktPi%2BF1O1KdFTP84tK%2Bm2JMLJFNpCaNXC8AsdAG59LOHy6Ju9DleGoTSXG
AE,Uttar Pradesh,2022,167,Purwa,224735,190723,14,415472,318,130670,124773,0,633,256076,61.634959756614,https://www.eci.gov.in/eci-backend/public/api/download?url=LMAhAK6sOPBp%2FNFF0iRfXbEB1EVSLT41NNLRjYNJJP1KivrUxbfqkDatmHy12e%2FzVx8fLfn2ReU7TfrqYobgIr%2FES8aGdKampBdwSTbjM6yOcLZKH6gMXzMxtlEgJAvvmsoQOGktPi%2BF1O1KdFTP84tK%2Bm2JMLJFNpCaNXC8AsdAG59LOHy6Ju9DleGoTSXG
AE,Uttar Pradesh,2022,168,Malihabad,192570,167675,30,360275,127,131382,109115,1,598,241096,66.919991673028,https://www.eci.gov.in/eci-backend/public/api/download?url=LMAhAK6sOPBp%2FNFF0iRfXbEB1EVSLT41NNLRjYNJJP1KivrUxbfqkDatmHy12e%2FzVx8fLfn2ReU7TfrqYobgIr%2FES8aGdKampBdwSTbjM6yOcLZKH6gMXzMxtlEgJAvvmsoQOGktPi%2BF1O1KdFTP84tK%2Bm2JMLJFNpCaNXC8AsdAG59LOHy6Ju9DleGoTSXG
AE,Uttar Pradesh,2022,169,Bakshi Kaa Talab,242949,214003,13,456965,268,173800,144007,1,1384,319192,69.850426181436,https://www.eci.gov.in/eci-backend/public/api/download?url=LMAhAK6sOPBp%2FNFF0iRfXbEB1EVSLT41NNLRjYNJJP1KivrUxbfqkDatmHy12e%2FzVx8fLfn2ReU7TfrqYobgIr%2FES8aGdKampBdwSTbjM6yOcLZKH6gMXzMxtlEgJAvvmsoQOGktPi%2BF1O1KdFTP84tK%2Bm2JMLJFNpCaNXC8AsdAG59LOHy6Ju9DleGoTSXG
AE,Uttar Pradesh,2022,170,Sarojini Nagar,305665,261563,24,567252,1824,179559,145820,0,2451,327830,57.792656526553,https://www.eci.gov.in/eci-backend/public/api/download?url=LMAhAK6sOPBp%2FNFF0iRfXbEB1EVSLT41NNLRjYNJJP1KivrUxbfqkDatmHy12e%2FzVx8fLfn2ReU7TfrqYobgIr%2FES8aGdKampBdwSTbjM6yOcLZKH6gMXzMxtlEgJAvvmsoQOGktPi%2BF1O1KdFTP84tK%2Bm2JMLJFNpCaNXC8AsdAG59LOHy6Ju9DleGoTSXG
AE,Uttar Pradesh,2022,171,Lucknow West,238582,204557,39,443178,245,142527,115654,2,1476,259659,58.590227854271,https://www.eci.gov.in/eci-backend/public/api/download?url=LMAhAK6sOPBp%2FNFF0iRfXbEB1EVSLT41NNLRjYNJJP1KivrUxbfqkDatmHy12e%2FzVx8fLfn2ReU7TfrqYobgIr%2FES8aGdKampBdwSTbjM6yOcLZKH6gMXzMxtlEgJAvvmsoQOGktPi%2BF1O1KdFTP84tK%2Bm2JMLJFNpCaNXC8AsdAG59LOHy6Ju9DleGoTSXG
AE,Uttar Pradesh,2022,172,Lucknow North,248709,215103,27,463839,342,142907,118003,7,1488,262405,56.572431382441,https://www.eci.gov.in/eci-backend/public/api/download?url=LMAhAK6sOPBp%2FNFF0iRfXbEB1EVSLT41NNLRjYNJJP1KivrUxbfqkDatmHy12e%2FzVx8fLfn2ReU7TfrqYobgIr%2FES8aGdKampBdwSTbjM6yOcLZKH6gMXzMxtlEgJAvvmsoQOGktPi%2BF1O1KdFTP84tK%2Bm2JMLJFNpCaNXC8AsdAG59LOHy6Ju9DleGoTSXG
AE,Uttar Pradesh,2022,173,Lucknow East,240940,216564,17,457521,542,136431,119039,0,2121,257591,56.301459386564,https://www.eci.gov.in/eci-backend/public/api/download?url=LMAhAK6sOPBp%2FNFF0iRfXbEB1EVSLT41NNLRjYNJJP1KivrUxbfqkDatmHy12e%2FzVx8fLfn2ReU7TfrqYobgIr%2FES8aGdKampBdwSTbjM6yOcLZKH6gMXzMxtlEgJAvvmsoQOGktPi%2BF1O1KdFTP84tK%2Bm2JMLJFNpCaNXC8AsdAG59LOHy6Ju9DleGoTSXG
AE,Uttar Pradesh,2022,174,Lucknow Central,196242,174378,9,370629,147,114476,95277,0,881,210634,56.831494567344,https://www.eci.gov.in/eci-backend/public/api/download?url=LMAhAK6sOPBp%2FNFF0iRfXbEB1EVSLT41NNLRjYNJJP1KivrUxbfqkDatmHy12e%2FzVx8fLfn2ReU7TfrqYobgIr%2FES8aGdKampBdwSTbjM6yOcLZKH6gMXzMxtlEgJAvvmsoQOGktPi%2BF1O1KdFTP84tK%2Bm2JMLJFNpCaNXC8AsdAG59LOHy6Ju9DleGoTSXG
AE,Uttar Pradesh,2022,175,Lucknow Cantt.,197053,171083,20,368156,446,106617,89583,4,1629,197833,53.736187920338,https://www.eci.gov.in/eci-backend/public/api/download?url=LMAhAK6sOPBp%2FNFF0iRfXbEB1EVSLT41NNLRjYNJJP1KivrUxbfqkDatmHy12e%2FzVx8fLfn2ReU7TfrqYobgIr%2FES8aGdKampBdwSTbjM6yOcLZKH6gMXzMxtlEgJAvvmsoQOGktPi%2BF1O1KdFTP84tK%2Bm2JMLJFNpCaNXC8AsdAG59LOHy6Ju9DleGoTSXG
AE,Uttar Pradesh,2022,176,Mohanlalganj,189623,173393,28,363044,224,135310,109826,1,664,245801,67.705567369245,https://www.eci.gov.in/eci-backend/public/api/download?url=LMAhAK6sOPBp%2FNFF0iRfXbEB1EVSLT41NNLRjYNJJP1KivrUxbfqkDatmHy12e%2FzVx8fLfn2ReU7TfrqYobgIr%2FES8aGdKampBdwSTbjM6yOcLZKH6gMXzMxtlEgJAvvmsoQOGktPi%2BF1O1KdFTP84tK%2Bm2JMLJFNpCaNXC8AsdAG59LOHy6Ju9DleGoTSXG
AE,Uttar Pradesh,2022,177,Bachhrawan,176727,160284,14,337025,235,108198,100696,0,684,209578,62.184704398783,https://www.eci.gov.in/eci-backend/public/api/download?url=LMAhAK6sOPBp%2FNFF0iRfXbEB1EVSLT41NNLRjYNJJP1KivrUxbfqkDatmHy12e%2FzVx8fLfn2ReU7TfrqYobgIr%2FES8aGdKampBdwSTbjM6yOcLZKH6gMXzMxtlEgJAvvmsoQOGktPi%2BF1O1KdFTP84tK%2Bm2JMLJFNpCaNXC8AsdAG59LOHy6Ju9DleGoTSXG
AE,Uttar Pradesh,2022,178,Tiloi,185189,166248,25,351462,266,101760,103249,1,501,205511,58.473177754636,https://www.eci.gov.in/eci-backend/public/api/download?url=LMAhAK6sOPBp%2FNFF0iRfXbEB1EVSLT41NNLRjYNJJP1KivrUxbfqkDatmHy12e%2FzVx8fLfn2ReU7TfrqYobgIr%2FES8aGdKampBdwSTbjM6yOcLZKH6gMXzMxtlEgJAvvmsoQOGktPi%2BF1O1KdFTP84tK%2Bm2JMLJFNpCaNXC8AsdAG59LOHy6Ju9DleGoTSXG
AE,Uttar Pradesh,2022,179,Harchandpur,168002,151582,19,319603,979,94794,105986,3,1090,201873,63.163674934215,https://www.eci.gov.in/eci-backend/public/api/download?url=LMAhAK6sOPBp%2FNFF0iRfXbEB1EVSLT41NNLRjYNJJP1KivrUxbfqkDatmHy12e%2FzVx8fLfn2ReU7TfrqYobgIr%2FES8aGdKampBdwSTbjM6yOcLZKH6gMXzMxtlEgJAvvmsoQOGktPi%2BF1O1KdFTP84tK%2Bm2JMLJFNpCaNXC8AsdAG59LOHy6Ju9DleGoTSXG
AE,Uttar Pradesh,2022,180,Rae Bareli,192133,174114,20,366267,641,118285,110250,2,1759,230296,62.876535423612,https://www.eci.gov.in/eci-backend/public/api/download?url=LMAhAK6sOPBp%2FNFF0iRfXbEB1EVSLT41NNLRjYNJJP1KivrUxbfqkDatmHy12e%2FzVx8fLfn2ReU7TfrqYobgIr%2FES8aGdKampBdwSTbjM6yOcLZKH6gMXzMxtlEgJAvvmsoQOGktPi%2BF1O1KdFTP84tK%2Bm2JMLJFNpCaNXC8AsdAG59LOHy6Ju9DleGoTSXG
AE,Uttar Pradesh,2022,181,Salon,183767,165525,2,349294,324,96300,103869,0,223,200392,57.370581802149,https://www.eci.gov.in/eci-backend/public/api/download?url=LMAhAK6sOPBp%2FNFF0iRfXbEB1EVSLT41NNLRjYNJJP1KivrUxbfqkDatmHy12e%2FzVx8fLfn2ReU7TfrqYobgIr%2FES8aGdKampBdwSTbjM6yOcLZKH6gMXzMxtlEgJAvvmsoQOGktPi%2BF1O1KdFTP84tK%2Bm2JMLJFNpCaNXC8AsdAG59LOHy6Ju9DleGoTSXG
AE,Uttar Pradesh,2022,182,Sareni,194042,177419,8,371469,1861,104467,110949,0,1676,217092,58.441485022976,https://www.eci.gov.in/eci-backend/public/api/download?url=LMAhAK6sOPBp%2FNFF0iRfXbEB1EVSLT41NNLRjYNJJP1KivrUxbfqkDatmHy12e%2FzVx8fLfn2ReU7TfrqYobgIr%2FES8aGdKampBdwSTbjM6yOcLZKH6gMXzMxtlEgJAvvmsoQOGktPi%2BF1O1KdFTP84tK%2Bm2JMLJFNpCaNXC8AsdAG59LOHy6Ju9DleGoTSXG
AE,Uttar Pradesh,2022,183,Unchahar,178623,160407,13,339043,820,103095,108153,0,1055,212303,62.618310951708,https://www.eci.gov.in/eci-backend/public/api/download?url=LMAhAK6sOPBp%2FNFF0iRfXbEB1EVSLT41NNLRjYNJJP1KivrUxbfqkDatmHy12e%2FzVx8fLfn2ReU7TfrqYobgIr%2FES8aGdKampBdwSTbjM6yOcLZKH6gMXzMxtlEgJAvvmsoQOGktPi%2BF1O1KdFTP84tK%2Bm2JMLJFNpCaNXC8AsdAG59LOHy6Ju9DleGoTSXG
AE,Uttar Pradesh,2022,184,Jagdishpur,199796,178574,45,378415,483,101336,101820,2,677,203835,53.865465163907,https://www.eci.gov.in/eci-backend/public/api/download?url=LMAhAK6sOPBp%2FNFF0iRfXbEB1EVSLT41NNLRjYNJJP1KivrUxbfqkDatmHy12e%2FzVx8fLfn2ReU7TfrqYobgIr%2FES8aGdKampBdwSTbjM6yOcLZKH6gMXzMxtlEgJAvvmsoQOGktPi%2BF1O1KdFTP84tK%2Bm2JMLJFNpCaNXC8AsdAG59LOHy6Ju9DleGoTSXG
AE,Uttar Pradesh,2022,185,Gauriganj,182938,167120,35,350093,493,99586,102617,1,780,202984,57.980022451177,https://www.eci.gov.in/eci-backend/public/api/download?url=LMAhAK6sOPBp%2FNFF0iRfXbEB1EVSLT41NNLRjYNJJP1KivrUxbfqkDatmHy12e%2FzVx8fLfn2ReU7TfrqYobgIr%2FES8aGdKampBdwSTbjM6yOcLZKH6gMXzMxtlEgJAvvmsoQOGktPi%2BF1O1KdFTP84tK%2Bm2JMLJFNpCaNXC8AsdAG59LOHy6Ju9DleGoTSXG
AE,Uttar Pradesh,2022,186,Amethi,184349,165445,43,349837,1181,93587,95410,0,1004,190001,54.31129354528,https://www.eci.gov.in/eci-backend/public/api/download?url=LMAhAK6sOPBp%2FNFF0iRfXbEB1EVSLT41NNLRjYNJJP1KivrUxbfqkDatmHy12e%2FzVx8fLfn2ReU7TfrqYobgIr%2FES8aGdKampBdwSTbjM6yOcLZKH6gMXzMxtlEgJAvvmsoQOGktPi%2BF1O1KdFTP84tK%2Bm2JMLJFNpCaNXC8AsdAG59LOHy6Ju9DleGoTSXG
AE,Uttar Pradesh,2022,187,Isauli,185900,172675,29,358604,703,98122,103971,0,827,202920,56.586094968266,https://www.eci.gov.in/eci-backend/public/api/download?url=LMAhAK6sOPBp%2FNFF0iRfXbEB1EVSLT41NNLRjYNJJP1KivrUxbfqkDatmHy12e%2FzVx8fLfn2ReU7TfrqYobgIr%2FES8aGdKampBdwSTbjM6yOcLZKH6gMXzMxtlEgJAvvmsoQOGktPi%2BF1O1KdFTP84tK%2Bm2JMLJFNpCaNXC8AsdAG59LOHy6Ju9DleGoTSXG
AE,Uttar Pradesh,2022,188,Sultanpur,196960,183602,19,380581,697,110377,108266,1,1669,220313,57.888596645655,https://www.eci.gov.in/eci-backend/public/api/download?url=LMAhAK6sOPBp%2FNFF0iRfXbEB1EVSLT41NNLRjYNJJP1KivrUxbfqkDatmHy12e%2FzVx8fLfn2ReU7TfrqYobgIr%2FES8aGdKampBdwSTbjM6yOcLZKH6gMXzMxtlEgJAvvmsoQOGktPi%2BF1O1KdFTP84tK%2Bm2JMLJFNpCaNXC8AsdAG59LOHy6Ju9DleGoTSXG
AE,Uttar Pradesh,2022,189,Sadar,178732,165581,13,344326,639,97396,105284,1,916,203597,59.129139245947,https://www.eci.gov.in/eci-backend/public/api/download?url=LMAhAK6sOPBp%2FNFF0iRfXbEB1EVSLT41NNLRjYNJJP1KivrUxbfqkDatmHy12e%2FzVx8fLfn2ReU7TfrqYobgIr%2FES8aGdKampBdwSTbjM6yOcLZKH6gMXzMxtlEgJAvvmsoQOGktPi%2BF1O1KdFTP84tK%2Bm2JMLJFNpCaNXC8AsdAG59LOHy6Ju9DleGoTSXG
AE,Uttar Pradesh,2022,190,Lambhua,191255,177815,15,369085,687,100491,109241,0,1373,211105,57.196851673734,https://www.eci.gov.in/eci-backend/public/api/download?url=LMAhAK6sOPBp%2FNFF0iRfXbEB1EVSLT41NNLRjYNJJP1KivrUxbfqkDatmHy12e%2FzVx8fLfn2ReU7TfrqYobgIr%2FES8aGdKampBdwSTbjM6yOcLZKH6gMXzMxtlEgJAvvmsoQOGktPi%2BF1O1KdFTP84tK%2Bm2JMLJFNpCaNXC8AsdAG59LOHy6Ju9DleGoTSXG
AE,Uttar Pradesh,2022,191,Kadipur,197721,181779,7,379507,394,105567,115420,0,1129,222116,58.527510691502,https://www.eci.gov.in/eci-backend/public/api/download?url=LMAhAK6sOPBp%2FNFF0iRfXbEB1EVSLT41NNLRjYNJJP1KivrUxbfqkDatmHy12e%2FzVx8fLfn2ReU7TfrqYobgIr%2FES8aGdKampBdwSTbjM6yOcLZKH6gMXzMxtlEgJAvvmsoQOGktPi%2BF1O1KdFTP84tK%2Bm2JMLJFNpCaNXC8AsdAG59LOHy6Ju9DleGoTSXG
AE,Uttar Pradesh,2022,192,Kaimganj,210462,182040,12,392514,570,131033,109230,0,1206,241469,61.518570038266,https://www.eci.gov.in/eci-backend/public/api/download?url=LMAhAK6sOPBp%2FNFF0iRfXbEB1EVSLT41NNLRjYNJJP1KivrUxbfqkDatmHy12e%2FzVx8fLfn2ReU7TfrqYobgIr%2FES8aGdKampBdwSTbjM6yOcLZKH6gMXzMxtlEgJAvvmsoQOGktPi%2BF1O1KdFTP84tK%2Bm2JMLJFNpCaNXC8AsdAG59LOHy6Ju9DleGoTSXG
AE,Uttar Pradesh,2022,193,Amritpur,170203,144453,7,314663,838,102277,82998,0,959,186234,59.18522355663,https://www.eci.gov.in/eci-backend/public/api/download?url=LMAhAK6sOPBp%2FNFF0iRfXbEB1EVSLT41NNLRjYNJJP1KivrUxbfqkDatmHy12e%2FzVx8fLfn2ReU7TfrqYobgIr%2FES8aGdKampBdwSTbjM6yOcLZKH6gMXzMxtlEgJAvvmsoQOGktPi%2BF1O1KdFTP84tK%2Bm2JMLJFNpCaNXC8AsdAG59LOHy6Ju9DleGoTSXG
AE,Uttar Pradesh,2022,194,Farrukhabad,200863,171679,13,372555,819,112760,94488,2,1519,208769,56.037095193998,https://www.eci.gov.in/eci-backend/public/api/download?url=LMAhAK6sOPBp%2FNFF0iRfXbEB1EVSLT41NNLRjYNJJP1KivrUxbfqkDatmHy12e%2FzVx8fLfn2ReU7TfrqYobgIr%2FES8aGdKampBdwSTbjM6yOcLZKH6gMXzMxtlEgJAvvmsoQOGktPi%2BF1O1KdFTP84tK%2Bm2JMLJFNpCaNXC8AsdAG59LOHy6Ju9DleGoTSXG
AE,Uttar Pradesh,2022,195,Bhojpur,173370,146543,4,319917,1485,106202,90100,2,1215,197519,61.74070149445,https://www.eci.gov.in/eci-backend/public/api/download?url=LMAhAK6sOPBp%2FNFF0iRfXbEB1EVSLT41NNLRjYNJJP1KivrUxbfqkDatmHy12e%2FzVx8fLfn2ReU7TfrqYobgIr%2FES8aGdKampBdwSTbjM6yOcLZKH6gMXzMxtlEgJAvvmsoQOGktPi%2BF1O1KdFTP84tK%2Bm2JMLJFNpCaNXC8AsdAG59LOHy6Ju9DleGoTSXG
AE,Uttar Pradesh,2022,196,Chhibramau,251209,212207,17,463433,1339,151726,128488,0,1642,281856,60.81914753589,https://www.eci.gov.in/eci-backend/public/api/download?url=LMAhAK6sOPBp%2FNFF0iRfXbEB1EVSLT41NNLRjYNJJP1KivrUxbfqkDatmHy12e%2FzVx8fLfn2ReU7TfrqYobgIr%2FES8aGdKampBdwSTbjM6yOcLZKH6gMXzMxtlEgJAvvmsoQOGktPi%2BF1O1KdFTP84tK%2Bm2JMLJFNpCaNXC8AsdAG59LOHy6Ju9DleGoTSXG
AE,Uttar Pradesh,2022,197,Tirwa,206816,173732,23,380571,1006,128305,108963,2,1486,238756,62.736256835124,https://www.eci.gov.in/eci-backend/public/api/download?url=LMAhAK6sOPBp%2FNFF0iRfXbEB1EVSLT41NNLRjYNJJP1KivrUxbfqkDatmHy12e%2FzVx8fLfn2ReU7TfrqYobgIr%2FES8aGdKampBdwSTbjM6yOcLZKH6gMXzMxtlEgJAvvmsoQOGktPi%2BF1O1KdFTP84tK%2Bm2JMLJFNpCaNXC8AsdAG59LOHy6Ju9DleGoTSXG
AE,Uttar Pradesh,2022,198,Kannauj,228917,199921,13,428851,569,145450,124986,1,1227,271664,63.346943343959,https://www.eci.gov.in/eci-backend/public/api/download?url=LMAhAK6sOPBp%2FNFF0iRfXbEB1EVSLT41NNLRjYNJJP1KivrUxbfqkDatmHy12e%2FzVx8fLfn2ReU7TfrqYobgIr%2FES8aGdKampBdwSTbjM6yOcLZKH6gMXzMxtlEgJAvvmsoQOGktPi%2BF1O1KdFTP84tK%2Bm2JMLJFNpCaNXC8AsdAG59LOHy6Ju9DleGoTSXG
AE,Uttar Pradesh,2022,199,Jaswantnagar,211110,180944,18,392072,1339,136647,115896,0,2238,254781,64.983217368238,https://www.eci.gov.in/eci-backend/public/api/download?url=LMAhAK6sOPBp%2FNFF0iRfXbEB1EVSLT41NNLRjYNJJP1KivrUxbfqkDatmHy12e%2FzVx8fLfn2ReU7TfrqYobgIr%2FES8aGdKampBdwSTbjM6yOcLZKH6gMXzMxtlEgJAvvmsoQOGktPi%2BF1O1KdFTP84tK%2Bm2JMLJFNpCaNXC8AsdAG59LOHy6Ju9DleGoTSXG
AE,Uttar Pradesh,2022,200,Etawah,218524,187981,4,406509,1141,130939,112672,0,3048,246659,60.677377376639,https://www.eci.gov.in/eci-backend/public/api/download?url=LMAhAK6sOPBp%2FNFF0iRfXbEB1EVSLT41NNLRjYNJJP1KivrUxbfqkDatmHy12e%2FzVx8fLfn2ReU7TfrqYobgIr%2FES8aGdKampBdwSTbjM6yOcLZKH6gMXzMxtlEgJAvvmsoQOGktPi%2BF1O1KdFTP84tK%2Bm2JMLJFNpCaNXC8AsdAG59LOHy6Ju9DleGoTSXG
AE,Uttar Pradesh,2022,201,Bharthana,220754,186872,16,407642,1702,130793,114886,0,2438,248117,60.866397476217,https://www.eci.gov.in/eci-backend/public/api/download?url=LMAhAK6sOPBp%2FNFF0iRfXbEB1EVSLT41NNLRjYNJJP1KivrUxbfqkDatmHy12e%2FzVx8fLfn2ReU7TfrqYobgIr%2FES8aGdKampBdwSTbjM6yOcLZKH6gMXzMxtlEgJAvvmsoQOGktPi%2BF1O1KdFTP84tK%2Bm2JMLJFNpCaNXC8AsdAG59LOHy6Ju9DleGoTSXG
AE,Uttar Pradesh,2022,202,Bidhuna,199309,165349,24,364682,1109,122901,104351,3,1353,228608,62.68694369341,https://www.eci.gov.in/eci-backend/public/api/download?url=LMAhAK6sOPBp%2FNFF0iRfXbEB1EVSLT41NNLRjYNJJP1KivrUxbfqkDatmHy12e%2FzVx8fLfn2ReU7TfrqYobgIr%2FES8aGdKampBdwSTbjM6yOcLZKH6gMXzMxtlEgJAvvmsoQOGktPi%2BF1O1KdFTP84tK%2Bm2JMLJFNpCaNXC8AsdAG59LOHy6Ju9DleGoTSXG
AE,Uttar Pradesh,2022,203,Dibiyapur,176444,146696,10,323150,864,107195,91961,3,1742,200901,62.169580690082,https://www.eci.gov.in/eci-backend/public/api/download?url=LMAhAK6sOPBp%2FNFF0iRfXbEB1EVSLT41NNLRjYNJJP1KivrUxbfqkDatmHy12e%2FzVx8fLfn2ReU7TfrqYobgIr%2FES8aGdKampBdwSTbjM6yOcLZKH6gMXzMxtlEgJAvvmsoQOGktPi%2BF1O1KdFTP84tK%2Bm2JMLJFNpCaNXC8AsdAG59LOHy6Ju9DleGoTSXG
AE,Uttar Pradesh,2022,204,Auraiya,181492,151379,14,332885,1037,104957,89289,1,1785,196032,58.888805443321,https://www.eci.gov.in/eci-backend/public/api/download?url=LMAhAK6sOPBp%2FNFF0iRfXbEB1EVSLT41NNLRjYNJJP1KivrUxbfqkDatmHy12e%2FzVx8fLfn2ReU7TfrqYobgIr%2FES8aGdKampBdwSTbjM6yOcLZKH6gMXzMxtlEgJAvvmsoQOGktPi%2BF1O1KdFTP84tK%2Bm2JMLJFNpCaNXC8AsdAG59LOHy6Ju9DleGoTSXG
AE,Uttar Pradesh,2022,205,Rasulabad,173632,150004,21,323657,756,106305,91091,3,788,198187,61.233651674458,https://www.eci.gov.in/eci-backend/public/api/download?url=LMAhAK6sOPBp%2FNFF0iRfXbEB1EVSLT41NNLRjYNJJP1KivrUxbfqkDatmHy12e%2FzVx8fLfn2ReU7TfrqYobgIr%2FES8aGdKampBdwSTbjM6yOcLZKH6gMXzMxtlEgJAvvmsoQOGktPi%2BF1O1KdFTP84tK%2Bm2JMLJFNpCaNXC8AsdAG59LOHy6Ju9DleGoTSXG
AE,Uttar Pradesh,2022,206,Akbarpur - Raniya,174640,152626,9,327275,1314,115970,95483,2,1056,212511,64.933465739821,https://www.eci.gov.in/eci-backend/public/api/download?url=LMAhAK6sOPBp%2FNFF0iRfXbEB1EVSLT41NNLRjYNJJP1KivrUxbfqkDatmHy12e%2FzVx8fLfn2ReU7TfrqYobgIr%2FES8aGdKampBdwSTbjM6yOcLZKH6gMXzMxtlEgJAvvmsoQOGktPi%2BF1O1KdFTP84tK%2Bm2JMLJFNpCaNXC8AsdAG59LOHy6Ju9DleGoTSXG
AE,Uttar Pradesh,2022,207,Sikandra,178747,152846,8,331601,1345,106779,93495,0,1318,201592,60.79354404842,https://www.eci.gov.in/eci-backend/public/api/download?url=LMAhAK6sOPBp%2FNFF0iRfXbEB1EVSLT41NNLRjYNJJP1KivrUxbfqkDatmHy12e%2FzVx8fLfn2ReU7TfrqYobgIr%2FES8aGdKampBdwSTbjM6yOcLZKH6gMXzMxtlEgJAvvmsoQOGktPi%2BF1O1KdFTP84tK%2Bm2JMLJFNpCaNXC8AsdAG59LOHy6Ju9DleGoTSXG
AE,Uttar Pradesh,2022,208,Bhognipur,189409,160873,11,350293,1719,117275,99861,1,1221,218358,62.335816016877,https://www.eci.gov.in/eci-backend/public/api/download?url=LMAhAK6sOPBp%2FNFF0iRfXbEB1EVSLT41NNLRjYNJJP1KivrUxbfqkDatmHy12e%2FzVx8fLfn2ReU7TfrqYobgIr%2FES8aGdKampBdwSTbjM6yOcLZKH6gMXzMxtlEgJAvvmsoQOGktPi%2BF1O1KdFTP84tK%2Bm2JMLJFNpCaNXC8AsdAG59LOHy6Ju9DleGoTSXG
AE,Uttar Pradesh,2022,209,Bilhaur,212756,180220,17,392993,642,137339,108714,2,917,246972,62.843867448021,https://www.eci.gov.in/eci-backend/public/api/download?url=LMAhAK6sOPBp%2FNFF0iRfXbEB1EVSLT41NNLRjYNJJP1KivrUxbfqkDatmHy12e%2FzVx8fLfn2ReU7TfrqYobgIr%2FES8aGdKampBdwSTbjM6yOcLZKH6gMXzMxtlEgJAvvmsoQOGktPi%2BF1O1KdFTP84tK%2Bm2JMLJFNpCaNXC8AsdAG59LOHy6Ju9DleGoTSXG
AE,Uttar Pradesh,2022,210,Bithoor,201847,166539,33,368419,1336,136744,104186,3,875,241808,65.633965674952,https://www.eci.gov.in/eci-backend/public/api/download?url=LMAhAK6sOPBp%2FNFF0iRfXbEB1EVSLT41NNLRjYNJJP1KivrUxbfqkDatmHy12e%2FzVx8fLfn2ReU7TfrqYobgIr%2FES8aGdKampBdwSTbjM6yOcLZKH6gMXzMxtlEgJAvvmsoQOGktPi%2BF1O1KdFTP84tK%2Bm2JMLJFNpCaNXC8AsdAG59LOHy6Ju9DleGoTSXG
AE,Uttar Pradesh,2022,211,Kalyanpur,190756,164330,14,355100,631,102744,83360,2,2467,188573,53.104196001126,https://www.eci.gov.in/eci-backend/public/api/download?url=LMAhAK6sOPBp%2FNFF0iRfXbEB1EVSLT41NNLRjYNJJP1KivrUxbfqkDatmHy12e%2FzVx8fLfn2ReU7TfrqYobgIr%2FES8aGdKampBdwSTbjM6yOcLZKH6gMXzMxtlEgJAvvmsoQOGktPi%2BF1O1KdFTP84tK%2Bm2JMLJFNpCaNXC8AsdAG59LOHy6Ju9DleGoTSXG
AE,Uttar Pradesh,2022,212,Govindnagar,191364,160275,24,351663,529,106671,84746,3,1528,192948,54.867301933954,https://www.eci.gov.in/eci-backend/public/api/download?url=LMAhAK6sOPBp%2FNFF0iRfXbEB1EVSLT41NNLRjYNJJP1KivrUxbfqkDatmHy12e%2FzVx8fLfn2ReU7TfrqYobgIr%2FES8aGdKampBdwSTbjM6yOcLZKH6gMXzMxtlEgJAvvmsoQOGktPi%2BF1O1KdFTP84tK%2Bm2JMLJFNpCaNXC8AsdAG59LOHy6Ju9DleGoTSXG
AE,Uttar Pradesh,2022,213,Sishamau,148121,126757,10,274888,132,86917,69325,0,915,157157,57.171284304881,https://www.eci.gov.in/eci-backend/public/api/download?url=LMAhAK6sOPBp%2FNFF0iRfXbEB1EVSLT41NNLRjYNJJP1KivrUxbfqkDatmHy12e%2FzVx8fLfn2ReU7TfrqYobgIr%2FES8aGdKampBdwSTbjM6yOcLZKH6gMXzMxtlEgJAvvmsoQOGktPi%2BF1O1KdFTP84tK%2Bm2JMLJFNpCaNXC8AsdAG59LOHy6Ju9DleGoTSXG
AE,Uttar Pradesh,2022,214,Arya Nagar,162470,136004,46,298520,81,86632,64842,2,669,152145,50.966434409755,https://www.eci.gov.in/eci-backend/public/api/download?url=LMAhAK6sOPBp%2FNFF0iRfXbEB1EVSLT41NNLRjYNJJP1KivrUxbfqkDatmHy12e%2FzVx8fLfn2ReU7TfrqYobgIr%2FES8aGdKampBdwSTbjM6yOcLZKH6gMXzMxtlEgJAvvmsoQOGktPi%2BF1O1KdFTP84tK%2Bm2JMLJFNpCaNXC8AsdAG59LOHy6Ju9DleGoTSXG
AE,Uttar Pradesh,2022,215,Kidwai Nagar,186899,161910,37,348846,679,112872,94071,6,1875,208824,59.861371493438,https://www.eci.gov.in/eci-backend/public/api/download?url=LMAhAK6sOPBp%2FNFF0iRfXbEB1EVSLT41NNLRjYNJJP1KivrUxbfqkDatmHy12e%2FzVx8fLfn2ReU7TfrqYobgIr%2FES8aGdKampBdwSTbjM6yOcLZKH6gMXzMxtlEgJAvvmsoQOGktPi%2BF1O1KdFTP84tK%2Bm2JMLJFNpCaNXC8AsdAG59LOHy6Ju9DleGoTSXG
AE,Uttar Pradesh,2022,216,Kanpur Cantt.,198677,163137,41,361855,527,106245,82151,7,1217,189620,52.402205303229,https://www.eci.gov.in/eci-backend/public/api/download?url=LMAhAK6sOPBp%2FNFF0iRfXbEB1EVSLT41NNLRjYNJJP1KivrUxbfqkDatmHy12e%2FzVx8fLfn2ReU7TfrqYobgIr%2FES8aGdKampBdwSTbjM6yOcLZKH6gMXzMxtlEgJAvvmsoQOGktPi%2BF1O1KdFTP84tK%2Bm2JMLJFNpCaNXC8AsdAG59LOHy6Ju9DleGoTSXG
AE,Uttar Pradesh,2022,217,Maharajpur,247730,200694,34,448458,2214,144275,108896,6,2056,255233,56.913467927877,https://www.eci.gov.in/eci-backend/public/api/download?url=LMAhAK6sOPBp%2FNFF0iRfXbEB1EVSLT41NNLRjYNJJP1KivrUxbfqkDatmHy12e%2FzVx8fLfn2ReU7TfrqYobgIr%2FES8aGdKampBdwSTbjM6yOcLZKH6gMXzMxtlEgJAvvmsoQOGktPi%2BF1O1KdFTP84tK%2Bm2JMLJFNpCaNXC8AsdAG59LOHy6Ju9DleGoTSXG
AE,Uttar Pradesh,2022,218,Ghatampur,177327,147111,5,324443,1279,109175,87352,1,1030,197558,60.891435475569,https://www.eci.gov.in/eci-backend/public/api/download?url=LMAhAK6sOPBp%2FNFF0iRfXbEB1EVSLT41NNLRjYNJJP1KivrUxbfqkDatmHy12e%2FzVx8fLfn2ReU7TfrqYobgIr%2FES8aGdKampBdwSTbjM6yOcLZKH6gMXzMxtlEgJAvvmsoQOGktPi%2BF1O1KdFTP84tK%2Bm2JMLJFNpCaNXC8AsdAG59LOHy6Ju9DleGoTSXG
AE,Uttar Pradesh,2022,219,Madhaugarh,241176,204226,19,445421,797,139951,114816,0,1793,256560,57.59943963127,https://www.eci.gov.in/eci-backend/public/api/download?url=LMAhAK6sOPBp%2FNFF0iRfXbEB1EVSLT41NNLRjYNJJP1KivrUxbfqkDatmHy12e%2FzVx8fLfn2ReU7TfrqYobgIr%2FES8aGdKampBdwSTbjM6yOcLZKH6gMXzMxtlEgJAvvmsoQOGktPi%2BF1O1KdFTP84tK%2Bm2JMLJFNpCaNXC8AsdAG59LOHy6Ju9DleGoTSXG
AE,Uttar Pradesh,2022,220,Kalpi,214407,180233,13,394653,1064,129220,106221,0,1564,237005,60.054022140969,https://www.eci.gov.in/eci-backend/public/api/download?url=LMAhAK6sOPBp%2FNFF0iRfXbEB1EVSLT41NNLRjYNJJP1KivrUxbfqkDatmHy12e%2FzVx8fLfn2ReU7TfrqYobgIr%2FES8aGdKampBdwSTbjM6yOcLZKH6gMXzMxtlEgJAvvmsoQOGktPi%2BF1O1KdFTP84tK%2Bm2JMLJFNpCaNXC8AsdAG59LOHy6Ju9DleGoTSXG
AE,Uttar Pradesh,2022,221,Orai,237441,207475,61,444977,535,147178,122432,5,3031,272646,61.271930908789,https://www.eci.gov.in/eci-backend/public/api/download?url=LMAhAK6sOPBp%2FNFF0iRfXbEB1EVSLT41NNLRjYNJJP1KivrUxbfqkDatmHy12e%2FzVx8fLfn2ReU7TfrqYobgIr%2FES8aGdKampBdwSTbjM6yOcLZKH6gMXzMxtlEgJAvvmsoQOGktPi%2BF1O1KdFTP84tK%2Bm2JMLJFNpCaNXC8AsdAG59LOHy6Ju9DleGoTSXG
AE,Uttar Pradesh,2022,222,Babina,175974,155734,35,331743,300,126771,106972,1,1106,234850,70.792752220846,https://www.eci.gov.in/eci-backend/public/api/download?url=LMAhAK6sOPBp%2FNFF0iRfXbEB1EVSLT41NNLRjYNJJP1KivrUxbfqkDatmHy12e%2FzVx8fLfn2ReU7TfrqYobgIr%2FES8aGdKampBdwSTbjM6yOcLZKH6gMXzMxtlEgJAvvmsoQOGktPi%2BF1O1KdFTP84tK%2Bm2JMLJFNpCaNXC8AsdAG59LOHy6Ju9DleGoTSXG
AE,Uttar Pradesh,2022,223,Jhansi Nagar,226223,195910,31,422164,380,139201,112160,2,1738,253101,59.95324092059,https://www.eci.gov.in/eci-backend/public/api/download?url=LMAhAK6sOPBp%2FNFF0iRfXbEB1EVSLT41NNLRjYNJJP1KivrUxbfqkDatmHy12e%2FzVx8fLfn2ReU7TfrqYobgIr%2FES8aGdKampBdwSTbjM6yOcLZKH6gMXzMxtlEgJAvvmsoQOGktPi%2BF1O1KdFTP84tK%2Bm2JMLJFNpCaNXC8AsdAG59LOHy6Ju9DleGoTSXG
AE,Uttar Pradesh,2022,224,Mauranipur,219562,194197,11,413770,223,149848,126303,0,1218,277369,67.034584430964,https://www.eci.gov.in/eci-backend/public/api/download?url=LMAhAK6sOPBp%2FNFF0iRfXbEB1EVSLT41NNLRjYNJJP1KivrUxbfqkDatmHy12e%2FzVx8fLfn2ReU7TfrqYobgIr%2FES8aGdKampBdwSTbjM6yOcLZKH6gMXzMxtlEgJAvvmsoQOGktPi%2BF1O1KdFTP84tK%2Bm2JMLJFNpCaNXC8AsdAG59LOHy6Ju9DleGoTSXG
AE,Uttar Pradesh,2022,225,Garautha,188443,163403,13,351859,363,128176,106928,0,1059,236163,67.118646958014,https://www.eci.gov.in/eci-backend/public/api/download?url=LMAhAK6sOPBp%2FNFF0iRfXbEB1EVSLT41NNLRjYNJJP1KivrUxbfqkDatmHy12e%2FzVx8fLfn2ReU7TfrqYobgIr%2FES8aGdKampBdwSTbjM6yOcLZKH6gMXzMxtlEgJAvvmsoQOGktPi%2BF1O1KdFTP84tK%2Bm2JMLJFNpCaNXC8AsdAG59LOHy6Ju9DleGoTSXG
AE,Uttar Pradesh,2022,226,Lalitpur,255585,232362,29,487976,125,175253,157217,2,761,333233,68.288809285703,https://www.eci.gov.in/eci-backend/public/api/download?url=LMAhAK6sOPBp%2FNFF0iRfXbEB1EVSLT41NNLRjYNJJP1KivrUxbfqkDatmHy12e%2FzVx8fLfn2ReU7TfrqYobgIr%2FES8aGdKampBdwSTbjM6yOcLZKH6gMXzMxtlEgJAvvmsoQOGktPi%2BF1O1KdFTP84tK%2Bm2JMLJFNpCaNXC8AsdAG59LOHy6Ju9DleGoTSXG
AE,Uttar Pradesh,2022,227,Mehroni,233343,216545,17,449905,90,177932,157931,4,994,336861,74.873806692524,https://www.eci.gov.in/eci-backend/public/api/download?url=LMAhAK6sOPBp%2FNFF0iRfXbEB1EVSLT41NNLRjYNJJP1KivrUxbfqkDatmHy12e%2FzVx8fLfn2ReU7TfrqYobgIr%2FES8aGdKampBdwSTbjM6yOcLZKH6gMXzMxtlEgJAvvmsoQOGktPi%2BF1O1KdFTP84tK%2Bm2JMLJFNpCaNXC8AsdAG59LOHy6Ju9DleGoTSXG
AE,Uttar Pradesh,2022,228,Hamirpur,226074,186622,4,412700,657,141938,119417,1,2014,263370,63.816331475648,https://www.eci.gov.in/eci-backend/public/api/download?url=LMAhAK6sOPBp%2FNFF0iRfXbEB1EVSLT41NNLRjYNJJP1KivrUxbfqkDatmHy12e%2FzVx8fLfn2ReU7TfrqYobgIr%2FES8aGdKampBdwSTbjM6yOcLZKH6gMXzMxtlEgJAvvmsoQOGktPi%2BF1O1KdFTP84tK%2Bm2JMLJFNpCaNXC8AsdAG59LOHy6Ju9DleGoTSXG
AE,Uttar Pradesh,2022,229,Rath,217483,182107,4,399594,340,141726,116402,1,1981,260110,65.093569973523,https://www.eci.gov.in/eci-backend/public/api/download?url=LMAhAK6sOPBp%2FNFF0iRfXbEB1EVSLT41NNLRjYNJJP1KivrUxbfqkDatmHy12e%2FzVx8fLfn2ReU7TfrqYobgIr%2FES8aGdKampBdwSTbjM6yOcLZKH6gMXzMxtlEgJAvvmsoQOGktPi%2BF1O1KdFTP84tK%2Bm2JMLJFNpCaNXC8AsdAG59LOHy6Ju9DleGoTSXG
AE,Uttar Pradesh,2022,230,Mahoba,172301,144488,10,316799,159,113285,92516,3,1509,207313,65.439916161352,https://www.eci.gov.in/eci-backend/public/api/download?url=LMAhAK6sOPBp%2FNFF0iRfXbEB1EVSLT41NNLRjYNJJP1KivrUxbfqkDatmHy12e%2FzVx8fLfn2ReU7TfrqYobgIr%2FES8aGdKampBdwSTbjM6yOcLZKH6gMXzMxtlEgJAvvmsoQOGktPi%2BF1O1KdFTP84tK%2Bm2JMLJFNpCaNXC8AsdAG59LOHy6Ju9DleGoTSXG
AE,Uttar Pradesh,2022,231,Charkhari,185643,160811,17,346471,153,121174,100895,4,1150,223223,64.427614432377,https://www.eci.gov.in/eci-backend/public/api/download?url=LMAhAK6sOPBp%2FNFF0iRfXbEB1EVSLT41NNLRjYNJJP1KivrUxbfqkDatmHy12e%2FzVx8fLfn2ReU7TfrqYobgIr%2FES8aGdKampBdwSTbjM6yOcLZKH6gMXzMxtlEgJAvvmsoQOGktPi%2BF1O1KdFTP84tK%2Bm2JMLJFNpCaNXC8AsdAG59LOHy6Ju9DleGoTSXG
AE,Uttar Pradesh,2022,232,Tindwari,174977,143403,5,318385,567,102156,93186,1,986,196329,61.664023116667,https://www.eci.gov.in/eci-backend/public/api/download?url=LMAhAK6sOPBp%2FNFF0iRfXbEB1EVSLT41NNLRjYNJJP1KivrUxbfqkDatmHy12e%2FzVx8fLfn2ReU7TfrqYobgIr%2FES8aGdKampBdwSTbjM6yOcLZKH6gMXzMxtlEgJAvvmsoQOGktPi%2BF1O1KdFTP84tK%2Bm2JMLJFNpCaNXC8AsdAG59LOHy6Ju9DleGoTSXG
AE,Uttar Pradesh,2022,233,Baberu,186907,151289,15,338211,419,105018,99607,2,891,205518,60.766208077206,https://www.eci.gov.in/eci-backend/public/api/download?url=LMAhAK6sOPBp%2FNFF0iRfXbEB1EVSLT41NNLRjYNJJP1KivrUxbfqkDatmHy12e%2FzVx8fLfn2ReU7TfrqYobgIr%2FES8aGdKampBdwSTbjM6yOcLZKH6gMXzMxtlEgJAvvmsoQOGktPi%2BF1O1KdFTP84tK%2Bm2JMLJFNpCaNXC8AsdAG59LOHy6Ju9DleGoTSXG
AE,Uttar Pradesh,2022,234,Naraini,186392,155958,11,342361,199,112164,101417,1,1069,214651,62.697269840899,https://www.eci.gov.in/eci-backend/public/api/download?url=LMAhAK6sOPBp%2FNFF0iRfXbEB1EVSLT41NNLRjYNJJP1KivrUxbfqkDatmHy12e%2FzVx8fLfn2ReU7TfrqYobgIr%2FES8aGdKampBdwSTbjM6yOcLZKH6gMXzMxtlEgJAvvmsoQOGktPi%2BF1O1KdFTP84tK%2Bm2JMLJFNpCaNXC8AsdAG59LOHy6Ju9DleGoTSXG
AE,Uttar Pradesh,2022,235,Banda,169228,141036,18,310282,244,104945,90752,5,1697,197399,63.619223802863,https://www.eci.gov.in/eci-backend/public/api/download?url=LMAhAK6sOPBp%2FNFF0iRfXbEB1EVSLT41NNLRjYNJJP1KivrUxbfqkDatmHy12e%2FzVx8fLfn2ReU7TfrqYobgIr%2FES8aGdKampBdwSTbjM6yOcLZKH6gMXzMxtlEgJAvvmsoQOGktPi%2BF1O1KdFTP84tK%2Bm2JMLJFNpCaNXC8AsdAG59LOHy6Ju9DleGoTSXG
AE,Uttar Pradesh,2022,236,Chitrakoot,202559,172551,13,375123,412,124495,116500,0,1560,242555,64.660124812395,https://www.eci.gov.in/eci-backend/public/api/download?url=LMAhAK6sOPBp%2FNFF0iRfXbEB1EVSLT41NNLRjYNJJP1KivrUxbfqkDatmHy12e%2FzVx8fLfn2ReU7TfrqYobgIr%2FES8aGdKampBdwSTbjM6yOcLZKH6gMXzMxtlEgJAvvmsoQOGktPi%2BF1O1KdFTP84tK%2Bm2JMLJFNpCaNXC8AsdAG59LOHy6Ju9DleGoTSXG
AE,Uttar Pradesh,2022,237,Manikpur,183743,155237,9,338989,387,105929,101196,0,945,208070,61.379572788498,https://www.eci.gov.in/eci-backend/public/api/download?url=LMAhAK6sOPBp%2FNFF0iRfXbEB1EVSLT41NNLRjYNJJP1KivrUxbfqkDatmHy12e%2FzVx8fLfn2ReU7TfrqYobgIr%2FES8aGdKampBdwSTbjM6yOcLZKH6gMXzMxtlEgJAvvmsoQOGktPi%2BF1O1KdFTP84tK%2Bm2JMLJFNpCaNXC8AsdAG59LOHy6Ju9DleGoTSXG
AE,Uttar Pradesh,2022,238,Jahanabad,170594,140868,20,311482,1293,101064,88749,0,1162,190975,61.311729088679,https://www.eci.gov.in/eci-backend/public/api/download?url=LMAhAK6sOPBp%2FNFF0iRfXbEB1EVSLT41NNLRjYNJJP1KivrUxbfqkDatmHy12e%2FzVx8fLfn2ReU7TfrqYobgIr%2FES8aGdKampBdwSTbjM6yOcLZKH6gMXzMxtlEgJAvvmsoQOGktPi%2BF1O1KdFTP84tK%2Bm2JMLJFNpCaNXC8AsdAG59LOHy6Ju9DleGoTSXG
AE,Uttar Pradesh,2022,239,Bindki,170007,142910,13,312930,1048,100268,89685,4,958,190915,61.008851819896,https://www.eci.gov.in/eci-backend/public/api/download?url=LMAhAK6sOPBp%2FNFF0iRfXbEB1EVSLT41NNLRjYNJJP1KivrUxbfqkDatmHy12e%2FzVx8fLfn2ReU7TfrqYobgIr%2FES8aGdKampBdwSTbjM6yOcLZKH6gMXzMxtlEgJAvvmsoQOGktPi%2BF1O1KdFTP84tK%2Bm2JMLJFNpCaNXC8AsdAG59LOHy6Ju9DleGoTSXG
AE,Uttar Pradesh,2022,240,Fatehpur,190149,167348,21,357518,390,111505,100795,1,1914,214215,59.917262907042,https://www.eci.gov.in/eci-backend/public/api/download?url=LMAhAK6sOPBp%2FNFF0iRfXbEB1EVSLT41NNLRjYNJJP1KivrUxbfqkDatmHy12e%2FzVx8fLfn2ReU7TfrqYobgIr%2FES8aGdKampBdwSTbjM6yOcLZKH6gMXzMxtlEgJAvvmsoQOGktPi%2BF1O1KdFTP84tK%2Bm2JMLJFNpCaNXC8AsdAG59LOHy6Ju9DleGoTSXG
AE,Uttar Pradesh,2022,241,Ayah Shah,149048,125428,9,274485,462,82190,77589,0,712,160491,58.469861741079,https://www.eci.gov.in/eci-backend/public/api/download?url=LMAhAK6sOPBp%2FNFF0iRfXbEB1EVSLT41NNLRjYNJJP1KivrUxbfqkDatmHy12e%2FzVx8fLfn2ReU7TfrqYobgIr%2FES8aGdKampBdwSTbjM6yOcLZKH6gMXzMxtlEgJAvvmsoQOGktPi%2BF1O1KdFTP84tK%2Bm2JMLJFNpCaNXC8AsdAG59LOHy6Ju9DleGoTSXG
AE,Uttar Pradesh,2022,242,Husainganj,164562,139946,10,304518,298,94977,92834,3,605,188419,61.874503313433,https://www.eci.gov.in/eci-backend/public/api/download?url=LMAhAK6sOPBp%2FNFF0iRfXbEB1EVSLT41NNLRjYNJJP1KivrUxbfqkDatmHy12e%2FzVx8fLfn2ReU7TfrqYobgIr%2FES8aGdKampBdwSTbjM6yOcLZKH6gMXzMxtlEgJAvvmsoQOGktPi%2BF1O1KdFTP84tK%2Bm2JMLJFNpCaNXC8AsdAG59LOHy6Ju9DleGoTSXG
AE,Uttar Pradesh,2022,243,Khaga,185521,157281,10,342812,683,102540,96598,0,973,200111,58.373394163565,https://www.eci.gov.in/eci-backend/public/api/download?url=LMAhAK6sOPBp%2FNFF0iRfXbEB1EVSLT41NNLRjYNJJP1KivrUxbfqkDatmHy12e%2FzVx8fLfn2ReU7TfrqYobgIr%2FES8aGdKampBdwSTbjM6yOcLZKH6gMXzMxtlEgJAvvmsoQOGktPi%2BF1O1KdFTP84tK%2Bm2JMLJFNpCaNXC8AsdAG59LOHy6Ju9DleGoTSXG
AE,Uttar Pradesh,2022,244,Rampur Khas,169885,150877,10,320772,611,78929,87832,0,1157,167918,52.348085244348,https://www.eci.gov.in/eci-backend/public/api/download?url=LMAhAK6sOPBp%2FNFF0iRfXbEB1EVSLT41NNLRjYNJJP1KivrUxbfqkDatmHy12e%2FzVx8fLfn2ReU7TfrqYobgIr%2FES8aGdKampBdwSTbjM6yOcLZKH6gMXzMxtlEgJAvvmsoQOGktPi%2BF1O1KdFTP84tK%2Bm2JMLJFNpCaNXC8AsdAG59LOHy6Ju9DleGoTSXG
AE,Uttar Pradesh,2022,245,Babaganj,170509,149096,60,319665,459,80993,84936,0,1061,166990,52.239062768836,https://www.eci.gov.in/eci-backend/public/api/download?url=LMAhAK6sOPBp%2FNFF0iRfXbEB1EVSLT41NNLRjYNJJP1KivrUxbfqkDatmHy12e%2FzVx8fLfn2ReU7TfrqYobgIr%2FES8aGdKampBdwSTbjM6yOcLZKH6gMXzMxtlEgJAvvmsoQOGktPi%2BF1O1KdFTP84tK%2Bm2JMLJFNpCaNXC8AsdAG59LOHy6Ju9DleGoTSXG
AE,Uttar Pradesh,2022,246,Kunda,192440,165336,162,357938,771,99873,96119,0,1158,197150,55.079371287765,https://www.eci.gov.in/eci-backend/public/api/download?url=LMAhAK6sOPBp%2FNFF0iRfXbEB1EVSLT41NNLRjYNJJP1KivrUxbfqkDatmHy12e%2FzVx8fLfn2ReU7TfrqYobgIr%2FES8aGdKampBdwSTbjM6yOcLZKH6gMXzMxtlEgJAvvmsoQOGktPi%2BF1O1KdFTP84tK%2Bm2JMLJFNpCaNXC8AsdAG59LOHy6Ju9DleGoTSXG
AE,Uttar Pradesh,2022,247,Vishwanath Ganj,214855,184765,3,399623,1068,96332,103638,0,1717,201687,50.469317331585,https://www.eci.gov.in/eci-backend/public/api/download?url=LMAhAK6sOPBp%2FNFF0iRfXbEB1EVSLT41NNLRjYNJJP1KivrUxbfqkDatmHy12e%2FzVx8fLfn2ReU7TfrqYobgIr%2FES8aGdKampBdwSTbjM6yOcLZKH6gMXzMxtlEgJAvvmsoQOGktPi%2BF1O1KdFTP84tK%2Bm2JMLJFNpCaNXC8AsdAG59LOHy6Ju9DleGoTSXG
AE,Uttar Pradesh,2022,248,Pratapgarh,190655,164496,7,355158,780,99385,95117,0,2020,196522,55.333682473716,https://www.eci.gov.in/eci-backend/public/api/download?url=LMAhAK6sOPBp%2FNFF0iRfXbEB1EVSLT41NNLRjYNJJP1KivrUxbfqkDatmHy12e%2FzVx8fLfn2ReU7TfrqYobgIr%2FES8aGdKampBdwSTbjM6yOcLZKH6gMXzMxtlEgJAvvmsoQOGktPi%2BF1O1KdFTP84tK%2Bm2JMLJFNpCaNXC8AsdAG59LOHy6Ju9DleGoTSXG
AE,Uttar Pradesh,2022,249,Patti,194578,171869,5,366452,508,107543,112958,0,1888,222389,60.687074978442,https://www.eci.gov.in/eci-backend/public/api/download?url=LMAhAK6sOPBp%2FNFF0iRfXbEB1EVSLT41NNLRjYNJJP1KivrUxbfqkDatmHy12e%2FzVx8fLfn2ReU7TfrqYobgIr%2FES8aGdKampBdwSTbjM6yOcLZKH6gMXzMxtlEgJAvvmsoQOGktPi%2BF1O1KdFTP84tK%2Bm2JMLJFNpCaNXC8AsdAG59LOHy6Ju9DleGoTSXG
AE,Uttar Pradesh,2022,250,Raniganj,178438,157632,2,336072,521,92058,95490,1,1332,188881,56.202539931919,https://www.eci.gov.in/eci-backend/public/api/download?url=LMAhAK6sOPBp%2FNFF0iRfXbEB1EVSLT41NNLRjYNJJP1KivrUxbfqkDatmHy12e%2FzVx8fLfn2ReU7TfrqYobgIr%2FES8aGdKampBdwSTbjM6yOcLZKH6gMXzMxtlEgJAvvmsoQOGktPi%2BF1O1KdFTP84tK%2Bm2JMLJFNpCaNXC8AsdAG59LOHy6Ju9DleGoTSXG
AE,Uttar Pradesh,2022,251,Sirathu,202471,179179,12,381662,521,114891,113213,1,1353,229458,60.120735100691,https://www.eci.gov.in/eci-backend/public/api/download?url=LMAhAK6sOPBp%2FNFF0iRfXbEB1EVSLT41NNLRjYNJJP1KivrUxbfqkDatmHy12e%2FzVx8fLfn2ReU7TfrqYobgIr%2FES8aGdKampBdwSTbjM6yOcLZKH6gMXzMxtlEgJAvvmsoQOGktPi%2BF1O1KdFTP84tK%2Bm2JMLJFNpCaNXC8AsdAG59LOHy6Ju9DleGoTSXG
AE,Uttar Pradesh,2022,252,Manjhanpur,222905,193826,0,416731,499,129158,127463,0,1521,258142,61.944515766766,https://www.eci.gov.in/eci-backend/public/api/download?url=LMAhAK6sOPBp%2FNFF0iRfXbEB1EVSLT41NNLRjYNJJP1KivrUxbfqkDatmHy12e%2FzVx8fLfn2ReU7TfrqYobgIr%2FES8aGdKampBdwSTbjM6yOcLZKH6gMXzMxtlEgJAvvmsoQOGktPi%2BF1O1KdFTP84tK%2Bm2JMLJFNpCaNXC8AsdAG59LOHy6Ju9DleGoTSXG
AE,Uttar Pradesh,2022,253,Chail,206950,180888,0,387838,715,116103,106969,0,1181,224253,57.821306834297,https://www.eci.gov.in/eci-backend/public/api/download?url=LMAhAK6sOPBp%2FNFF0iRfXbEB1EVSLT41NNLRjYNJJP1KivrUxbfqkDatmHy12e%2FzVx8fLfn2ReU7TfrqYobgIr%2FES8aGdKampBdwSTbjM6yOcLZKH6gMXzMxtlEgJAvvmsoQOGktPi%2BF1O1KdFTP84tK%2Bm2JMLJFNpCaNXC8AsdAG59LOHy6Ju9DleGoTSXG
AE,Uttar Pradesh,2022,254,Phaphamau,198836,167291,37,366164,946,111262,98518,1,1195,210976,57.617897991064,https://www.eci.gov.in/eci-backend/public/api/download?url=LMAhAK6sOPBp%2FNFF0iRfXbEB1EVSLT41NNLRjYNJJP1KivrUxbfqkDatmHy12e%2FzVx8fLfn2ReU7TfrqYobgIr%2FES8aGdKampBdwSTbjM6yOcLZKH6gMXzMxtlEgJAvvmsoQOGktPi%2BF1O1KdFTP84tK%2Bm2JMLJFNpCaNXC8AsdAG59LOHy6Ju9DleGoTSXG
AE,Uttar Pradesh,2022,255,Soraon,205007,175244,32,380283,1093,115628,106544,1,1241,223414,58.749405048346,https://www.eci.gov.in/eci-backend/public/api/download?url=LMAhAK6sOPBp%2FNFF0iRfXbEB1EVSLT41NNLRjYNJJP1KivrUxbfqkDatmHy12e%2FzVx8fLfn2ReU7TfrqYobgIr%2FES8aGdKampBdwSTbjM6yOcLZKH6gMXzMxtlEgJAvvmsoQOGktPi%2BF1O1KdFTP84tK%2Bm2JMLJFNpCaNXC8AsdAG59LOHy6Ju9DleGoTSXG
AE,Uttar Pradesh,2022,256,Phulpur,224536,184193,64,408793,1300,132880,112047,0,1921,246848,60.384595626637,https://www.eci.gov.in/eci-backend/public/api/download?url=LMAhAK6sOPBp%2FNFF0iRfXbEB1EVSLT41NNLRjYNJJP1KivrUxbfqkDatmHy12e%2FzVx8fLfn2ReU7TfrqYobgIr%2FES8aGdKampBdwSTbjM6yOcLZKH6gMXzMxtlEgJAvvmsoQOGktPi%2BF1O1KdFTP84tK%2Bm2JMLJFNpCaNXC8AsdAG59LOHy6Ju9DleGoTSXG
AE,Uttar Pradesh,2022,257,Pratappur,219886,186640,41,406567,335,112733,113755,3,976,227467,55.948220096565,https://www.eci.gov.in/eci-backend/public/api/download?url=LMAhAK6sOPBp%2FNFF0iRfXbEB1EVSLT41NNLRjYNJJP1KivrUxbfqkDatmHy12e%2FzVx8fLfn2ReU7TfrqYobgIr%2FES8aGdKampBdwSTbjM6yOcLZKH6gMXzMxtlEgJAvvmsoQOGktPi%2BF1O1KdFTP84tK%2Bm2JMLJFNpCaNXC8AsdAG59LOHy6Ju9DleGoTSXG
AE,Uttar Pradesh,2022,258,Handia,217232,183754,56,401042,642,105920,107499,1,1140,214560,53.500630856619,https://www.eci.gov.in/eci-backend/public/api/download?url=LMAhAK6sOPBp%2FNFF0iRfXbEB1EVSLT41NNLRjYNJJP1KivrUxbfqkDatmHy12e%2FzVx8fLfn2ReU7TfrqYobgIr%2FES8aGdKampBdwSTbjM6yOcLZKH6gMXzMxtlEgJAvvmsoQOGktPi%2BF1O1KdFTP84tK%2Bm2JMLJFNpCaNXC8AsdAG59LOHy6Ju9DleGoTSXG
AE,Uttar Pradesh,2022,259,Meja,179809,146079,16,325904,675,96492,89813,1,789,187095,57.408009720654,https://www.eci.gov.in/eci-backend/public/api/download?url=LMAhAK6sOPBp%2FNFF0iRfXbEB1EVSLT41NNLRjYNJJP1KivrUxbfqkDatmHy12e%2FzVx8fLfn2ReU7TfrqYobgIr%2FES8aGdKampBdwSTbjM6yOcLZKH6gMXzMxtlEgJAvvmsoQOGktPi%2BF1O1KdFTP84tK%2Bm2JMLJFNpCaNXC8AsdAG59LOHy6Ju9DleGoTSXG
AE,Uttar Pradesh,2022,260,Karachhana,191420,158491,48,349959,586,110865,91594,0,826,203285,58.088233193031,https://www.eci.gov.in/eci-backend/public/api/download?url=LMAhAK6sOPBp%2FNFF0iRfXbEB1EVSLT41NNLRjYNJJP1KivrUxbfqkDatmHy12e%2FzVx8fLfn2ReU7TfrqYobgIr%2FES8aGdKampBdwSTbjM6yOcLZKH6gMXzMxtlEgJAvvmsoQOGktPi%2BF1O1KdFTP84tK%2Bm2JMLJFNpCaNXC8AsdAG59LOHy6Ju9DleGoTSXG
AE,Uttar Pradesh,2022,261,Allahabad West,251040,208519,40,459599,723,125495,96464,1,1450,223410,48.609766339788,https://www.eci.gov.in/eci-backend/public/api/download?url=LMAhAK6sOPBp%2FNFF0iRfXbEB1EVSLT41NNLRjYNJJP1KivrUxbfqkDatmHy12e%2FzVx8fLfn2ReU7TfrqYobgIr%2FES8aGdKampBdwSTbjM6yOcLZKH6gMXzMxtlEgJAvvmsoQOGktPi%2BF1O1KdFTP84tK%2Bm2JMLJFNpCaNXC8AsdAG59LOHy6Ju9DleGoTSXG
AE,Uttar Pradesh,2022,262,Allahabad North,243147,199109,95,442351,439,97098,76737,1,2222,176058,39.80052040122,https://www.eci.gov.in/eci-backend/public/api/download?url=LMAhAK6sOPBp%2FNFF0iRfXbEB1EVSLT41NNLRjYNJJP1KivrUxbfqkDatmHy12e%2FzVx8fLfn2ReU7TfrqYobgIr%2FES8aGdKampBdwSTbjM6yOcLZKH6gMXzMxtlEgJAvvmsoQOGktPi%2BF1O1KdFTP84tK%2Bm2JMLJFNpCaNXC8AsdAG59LOHy6Ju9DleGoTSXG
AE,Uttar Pradesh,2022,263,Allahabad South,222736,185420,137,408293,257,101608,78060,0,1125,180793,44.280210535081,https://www.eci.gov.in/eci-backend/public/api/download?url=LMAhAK6sOPBp%2FNFF0iRfXbEB1EVSLT41NNLRjYNJJP1KivrUxbfqkDatmHy12e%2FzVx8fLfn2ReU7TfrqYobgIr%2FES8aGdKampBdwSTbjM6yOcLZKH6gMXzMxtlEgJAvvmsoQOGktPi%2BF1O1KdFTP84tK%2Bm2JMLJFNpCaNXC8AsdAG59LOHy6Ju9DleGoTSXG
AE,Uttar Pradesh,2022,264,Bara,180775,154042,63,334880,605,109073,95291,0,1040,205404,61.336598184424,https://www.eci.gov.in/eci-backend/public/api/download?url=LMAhAK6sOPBp%2FNFF0iRfXbEB1EVSLT41NNLRjYNJJP1KivrUxbfqkDatmHy12e%2FzVx8fLfn2ReU7TfrqYobgIr%2FES8aGdKampBdwSTbjM6yOcLZKH6gMXzMxtlEgJAvvmsoQOGktPi%2BF1O1KdFTP84tK%2Bm2JMLJFNpCaNXC8AsdAG59LOHy6Ju9DleGoTSXG
AE,Uttar Pradesh,2022,265,Koraon,189973,161641,23,351637,326,107082,99863,0,730,207675,59.059484638989,https://www.eci.gov.in/eci-backend/public/api/download?url=LMAhAK6sOPBp%2FNFF0iRfXbEB1EVSLT41NNLRjYNJJP1KivrUxbfqkDatmHy12e%2FzVx8fLfn2ReU7TfrqYobgIr%2FES8aGdKampBdwSTbjM6yOcLZKH6gMXzMxtlEgJAvvmsoQOGktPi%2BF1O1KdFTP84tK%2Bm2JMLJFNpCaNXC8AsdAG59LOHy6Ju9DleGoTSXG
AE,Uttar Pradesh,2022,266,Kursi,210895,184166,10,395071,64,155328,132571,2,771,288672,73.068385176335,https://www.eci.gov.in/eci-backend/public/api/download?url=LMAhAK6sOPBp%2FNFF0iRfXbEB1EVSLT41NNLRjYNJJP1KivrUxbfqkDatmHy12e%2FzVx8fLfn2ReU7TfrqYobgIr%2FES8aGdKampBdwSTbjM6yOcLZKH6gMXzMxtlEgJAvvmsoQOGktPi%2BF1O1KdFTP84tK%2Bm2JMLJFNpCaNXC8AsdAG59LOHy6Ju9DleGoTSXG
AE,Uttar Pradesh,2022,267,Ram Nagar,181440,156885,1,338326,120,126195,108369,0,960,235524,69.614513812122,https://www.eci.gov.in/eci-backend/public/api/download?url=LMAhAK6sOPBp%2FNFF0iRfXbEB1EVSLT41NNLRjYNJJP1KivrUxbfqkDatmHy12e%2FzVx8fLfn2ReU7TfrqYobgIr%2FES8aGdKampBdwSTbjM6yOcLZKH6gMXzMxtlEgJAvvmsoQOGktPi%2BF1O1KdFTP84tK%2Bm2JMLJFNpCaNXC8AsdAG59LOHy6Ju9DleGoTSXG
AE,Uttar Pradesh,2022,268,Barabanki,208359,183791,34,392184,184,145578,119558,9,1349,266494,67.95126777227,https://www.eci.gov.in/eci-backend/public/api/download?url=LMAhAK6sOPBp%2FNFF0iRfXbEB1EVSLT41NNLRjYNJJP1KivrUxbfqkDatmHy12e%2FzVx8fLfn2ReU7TfrqYobgIr%2FES8aGdKampBdwSTbjM6yOcLZKH6gMXzMxtlEgJAvvmsoQOGktPi%2BF1O1KdFTP84tK%2Bm2JMLJFNpCaNXC8AsdAG59LOHy6Ju9DleGoTSXG
AE,Uttar Pradesh,2022,269,Zaidpur,208524,188457,14,396995,119,150011,126976,0,1038,278025,70.032368165846,https://www.eci.gov.in/eci-backend/public/api/download?url=LMAhAK6sOPBp%2FNFF0iRfXbEB1EVSLT41NNLRjYNJJP1KivrUxbfqkDatmHy12e%2FzVx8fLfn2ReU7TfrqYobgIr%2FES8aGdKampBdwSTbjM6yOcLZKH6gMXzMxtlEgJAvvmsoQOGktPi%2BF1O1KdFTP84tK%2Bm2JMLJFNpCaNXC8AsdAG59LOHy6Ju9DleGoTSXG
AE,Uttar Pradesh,2022,270,Dariyabad,217174,195289,9,412472,278,141330,132604,1,850,274785,66.619067476095,https://www.eci.gov.in/eci-backend/public/api/download?url=LMAhAK6sOPBp%2FNFF0iRfXbEB1EVSLT41NNLRjYNJJP1KivrUxbfqkDatmHy12e%2FzVx8fLfn2ReU7TfrqYobgIr%2FES8aGdKampBdwSTbjM6yOcLZKH6gMXzMxtlEgJAvvmsoQOGktPi%2BF1O1KdFTP84tK%2Bm2JMLJFNpCaNXC8AsdAG59LOHy6Ju9DleGoTSXG
AE,Uttar Pradesh,2022,271,Rudauli,189415,167225,38,356678,103,110260,108170,2,578,219010,61.402721782672,https://www.eci.gov.in/eci-backend/public/api/download?url=LMAhAK6sOPBp%2FNFF0iRfXbEB1EVSLT41NNLRjYNJJP1KivrUxbfqkDatmHy12e%2FzVx8fLfn2ReU7TfrqYobgIr%2FES8aGdKampBdwSTbjM6yOcLZKH6gMXzMxtlEgJAvvmsoQOGktPi%2BF1O1KdFTP84tK%2Bm2JMLJFNpCaNXC8AsdAG59LOHy6Ju9DleGoTSXG
AE,Uttar Pradesh,2022,272,Haidergarh,183291,166485,8,349784,286,119549,109823,1,814,230187,65.808327424925,https://www.eci.gov.in/eci-backend/public/api/download?url=LMAhAK6sOPBp%2FNFF0iRfXbEB1EVSLT41NNLRjYNJJP1KivrUxbfqkDatmHy12e%2FzVx8fLfn2ReU7TfrqYobgIr%2FES8aGdKampBdwSTbjM6yOcLZKH6gMXzMxtlEgJAvvmsoQOGktPi%2BF1O1KdFTP84tK%2Bm2JMLJFNpCaNXC8AsdAG59LOHy6Ju9DleGoTSXG
AE,Uttar Pradesh,2022,273,Milkipur,190422,167780,1,358203,544,106689,108780,0,1529,216998,60.579615469441,https://www.eci.gov.in/eci-backend/public/api/download?url=LMAhAK6sOPBp%2FNFF0iRfXbEB1EVSLT41NNLRjYNJJP1KivrUxbfqkDatmHy12e%2FzVx8fLfn2ReU7TfrqYobgIr%2FES8aGdKampBdwSTbjM6yOcLZKH6gMXzMxtlEgJAvvmsoQOGktPi%2BF1O1KdFTP84tK%2Bm2JMLJFNpCaNXC8AsdAG59LOHy6Ju9DleGoTSXG
AE,Uttar Pradesh,2022,274,Bikapur,201308,178789,10,380107,473,123940,116870,0,1318,242128,63.699958169673,https://www.eci.gov.in/eci-backend/public/api/download?url=LMAhAK6sOPBp%2FNFF0iRfXbEB1EVSLT41NNLRjYNJJP1KivrUxbfqkDatmHy12e%2FzVx8fLfn2ReU7TfrqYobgIr%2FES8aGdKampBdwSTbjM6yOcLZKH6gMXzMxtlEgJAvvmsoQOGktPi%2BF1O1KdFTP84tK%2Bm2JMLJFNpCaNXC8AsdAG59LOHy6Ju9DleGoTSXG
AE,Uttar Pradesh,2022,275,Ayodhya,203190,178813,53,382056,524,124299,106420,0,2154,232873,60.952582867433,https://www.eci.gov.in/eci-backend/public/api/download?url=LMAhAK6sOPBp%2FNFF0iRfXbEB1EVSLT41NNLRjYNJJP1KivrUxbfqkDatmHy12e%2FzVx8fLfn2ReU7TfrqYobgIr%2FES8aGdKampBdwSTbjM6yOcLZKH6gMXzMxtlEgJAvvmsoQOGktPi%2BF1O1KdFTP84tK%2Bm2JMLJFNpCaNXC8AsdAG59LOHy6Ju9DleGoTSXG
AE,Uttar Pradesh,2022,276,Goshainganj,210906,184181,31,395118,898,119667,120443,0,1874,241984,61.243476632297,https://www.eci.gov.in/eci-backend/public/api/download?url=LMAhAK6sOPBp%2FNFF0iRfXbEB1EVSLT41NNLRjYNJJP1KivrUxbfqkDatmHy12e%2FzVx8fLfn2ReU7TfrqYobgIr%2FES8aGdKampBdwSTbjM6yOcLZKH6gMXzMxtlEgJAvvmsoQOGktPi%2BF1O1KdFTP84tK%2Bm2JMLJFNpCaNXC8AsdAG59LOHy6Ju9DleGoTSXG
AE,Uttar Pradesh,2022,277,Katehari,207447,186789,31,394267,377,119544,126689,1,1535,247769,62.842946531158,https://www.eci.gov.in/eci-backend/public/api/download?url=LMAhAK6sOPBp%2FNFF0iRfXbEB1EVSLT41NNLRjYNJJP1KivrUxbfqkDatmHy12e%2FzVx8fLfn2ReU7TfrqYobgIr%2FES8aGdKampBdwSTbjM6yOcLZKH6gMXzMxtlEgJAvvmsoQOGktPi%2BF1O1KdFTP84tK%2Bm2JMLJFNpCaNXC8AsdAG59LOHy6Ju9DleGoTSXG
AE,Uttar Pradesh,2022,278,Tanda,173454,156298,2,329754,365,110082,107681,1,1494,219258,66.491384486617,https://www.eci.gov.in/eci-backend/public/api/download?url=LMAhAK6sOPBp%2FNFF0iRfXbEB1EVSLT41NNLRjYNJJP1KivrUxbfqkDatmHy12e%2FzVx8fLfn2ReU7TfrqYobgIr%2FES8aGdKampBdwSTbjM6yOcLZKH6gMXzMxtlEgJAvvmsoQOGktPi%2BF1O1KdFTP84tK%2Bm2JMLJFNpCaNXC8AsdAG59LOHy6Ju9DleGoTSXG
AE,Uttar Pradesh,2022,279,Alapur,177759,162206,4,339969,617,99111,108229,0,1512,208852,61.43266003665,https://www.eci.gov.in/eci-backend/public/api/download?url=LMAhAK6sOPBp%2FNFF0iRfXbEB1EVSLT41NNLRjYNJJP1KivrUxbfqkDatmHy12e%2FzVx8fLfn2ReU7TfrqYobgIr%2FES8aGdKampBdwSTbjM6yOcLZKH6gMXzMxtlEgJAvvmsoQOGktPi%2BF1O1KdFTP84tK%2Bm2JMLJFNpCaNXC8AsdAG59LOHy6Ju9DleGoTSXG
AE,Uttar Pradesh,2022,280,Jalalpur,213137,193927,0,407064,461,124415,132620,0,2219,259254,63.688756559165,https://www.eci.gov.in/eci-backend/public/api/download?url=LMAhAK6sOPBp%2FNFF0iRfXbEB1EVSLT41NNLRjYNJJP1KivrUxbfqkDatmHy12e%2FzVx8fLfn2ReU7TfrqYobgIr%2FES8aGdKampBdwSTbjM6yOcLZKH6gMXzMxtlEgJAvvmsoQOGktPi%2BF1O1KdFTP84tK%2Bm2JMLJFNpCaNXC8AsdAG59LOHy6Ju9DleGoTSXG
AE,Uttar Pradesh,2022,281,Akbarpur,175021,157540,16,332577,367,106493,107142,3,1364,215002,64.647284688959,https://www.eci.gov.in/eci-backend/public/api/download?url=LMAhAK6sOPBp%2FNFF0iRfXbEB1EVSLT41NNLRjYNJJP1KivrUxbfqkDatmHy12e%2FzVx8fLfn2ReU7TfrqYobgIr%2FES8aGdKampBdwSTbjM6yOcLZKH6gMXzMxtlEgJAvvmsoQOGktPi%2BF1O1KdFTP84tK%2Bm2JMLJFNpCaNXC8AsdAG59LOHy6Ju9DleGoTSXG
AE,Uttar Pradesh,2022,282,Balha,192626,170085,7,362718,213,108939,105338,0,599,214876,59.240511912836,https://www.eci.gov.in/eci-backend/public/api/download?url=LMAhAK6sOPBp%2FNFF0iRfXbEB1EVSLT41NNLRjYNJJP1KivrUxbfqkDatmHy12e%2FzVx8fLfn2ReU7TfrqYobgIr%2FES8aGdKampBdwSTbjM6yOcLZKH6gMXzMxtlEgJAvvmsoQOGktPi%2BF1O1KdFTP84tK%2Bm2JMLJFNpCaNXC8AsdAG59LOHy6Ju9DleGoTSXG
AE,Uttar Pradesh,2022,283,Nanpara,181832,162033,16,343881,88,105978,93984,0,610,200572,58.325990677007,https://www.eci.gov.in/eci-backend/public/api/download?url=LMAhAK6sOPBp%2FNFF0iRfXbEB1EVSLT41NNLRjYNJJP1KivrUxbfqkDatmHy12e%2FzVx8fLfn2ReU7TfrqYobgIr%2FES8aGdKampBdwSTbjM6yOcLZKH6gMXzMxtlEgJAvvmsoQOGktPi%2BF1O1KdFTP84tK%2Bm2JMLJFNpCaNXC8AsdAG59LOHy6Ju9DleGoTSXG
AE,Uttar Pradesh,2022,284,Matera,180423,161758,23,342204,73,107607,104252,1,547,212407,62.07028556066,https://www.eci.gov.in/eci-backend/public/api/download?url=LMAhAK6sOPBp%2FNFF0iRfXbEB1EVSLT41NNLRjYNJJP1KivrUxbfqkDatmHy12e%2FzVx8fLfn2ReU7TfrqYobgIr%2FES8aGdKampBdwSTbjM6yOcLZKH6gMXzMxtlEgJAvvmsoQOGktPi%2BF1O1KdFTP84tK%2Bm2JMLJFNpCaNXC8AsdAG59LOHy6Ju9DleGoTSXG
AE,Uttar Pradesh,2022,285,Mahasi,179645,159695,23,339363,41,111308,104217,1,533,216059,63.666044913559,https://www.eci.gov.in/eci-backend/public/api/download?url=LMAhAK6sOPBp%2FNFF0iRfXbEB1EVSLT41NNLRjYNJJP1KivrUxbfqkDatmHy12e%2FzVx8fLfn2ReU7TfrqYobgIr%2FES8aGdKampBdwSTbjM6yOcLZKH6gMXzMxtlEgJAvvmsoQOGktPi%2BF1O1KdFTP84tK%2Bm2JMLJFNpCaNXC8AsdAG59LOHy6Ju9DleGoTSXG
AE,Uttar Pradesh,2022,286,Bahraich,206565,185190,39,391794,160,122264,108886,2,564,231716,59.142304374237,https://www.eci.gov.in/eci-backend/public/api/download?url=LMAhAK6sOPBp%2FNFF0iRfXbEB1EVSLT41NNLRjYNJJP1KivrUxbfqkDatmHy12e%2FzVx8fLfn2ReU7TfrqYobgIr%2FES8aGdKampBdwSTbjM6yOcLZKH6gMXzMxtlEgJAvvmsoQOGktPi%2BF1O1KdFTP84tK%2Bm2JMLJFNpCaNXC8AsdAG59LOHy6Ju9DleGoTSXG
AE,Uttar Pradesh,2022,287,Payagpur,206256,183800,41,390097,287,115062,115013,0,733,230808,59.166822610787,https://www.eci.gov.in/eci-backend/public/api/download?url=LMAhAK6sOPBp%2FNFF0iRfXbEB1EVSLT41NNLRjYNJJP1KivrUxbfqkDatmHy12e%2FzVx8fLfn2ReU7TfrqYobgIr%2FES8aGdKampBdwSTbjM6yOcLZKH6gMXzMxtlEgJAvvmsoQOGktPi%2BF1O1KdFTP84tK%2Bm2JMLJFNpCaNXC8AsdAG59LOHy6Ju9DleGoTSXG
AE,Uttar Pradesh,2022,288,Kaiserganj,206505,184134,14,390653,79,114398,111665,0,594,226657,58.020033124026,https://www.eci.gov.in/eci-backend/public/api/download?url=LMAhAK6sOPBp%2FNFF0iRfXbEB1EVSLT41NNLRjYNJJP1KivrUxbfqkDatmHy12e%2FzVx8fLfn2ReU7TfrqYobgIr%2FES8aGdKampBdwSTbjM6yOcLZKH6gMXzMxtlEgJAvvmsoQOGktPi%2BF1O1KdFTP84tK%2Bm2JMLJFNpCaNXC8AsdAG59LOHy6Ju9DleGoTSXG
AE,Uttar Pradesh,2022,289,Bhinga,210248,183038,29,393315,57,117959,112369,2,915,231245,58.79384208586,https://www.eci.gov.in/eci-backend/public/api/download?url=LMAhAK6sOPBp%2FNFF0iRfXbEB1EVSLT41NNLRjYNJJP1KivrUxbfqkDatmHy12e%2FzVx8fLfn2ReU7TfrqYobgIr%2FES8aGdKampBdwSTbjM6yOcLZKH6gMXzMxtlEgJAvvmsoQOGktPi%2BF1O1KdFTP84tK%2Bm2JMLJFNpCaNXC8AsdAG59LOHy6Ju9DleGoTSXG
AE,Uttar Pradesh,2022,290,Shrawasti,220290,195845,12,416147,95,127489,124704,6,932,253131,60.827303813316,https://www.eci.gov.in/eci-backend/public/api/download?url=LMAhAK6sOPBp%2FNFF0iRfXbEB1EVSLT41NNLRjYNJJP1KivrUxbfqkDatmHy12e%2FzVx8fLfn2ReU7TfrqYobgIr%2FES8aGdKampBdwSTbjM6yOcLZKH6gMXzMxtlEgJAvvmsoQOGktPi%2BF1O1KdFTP84tK%2Bm2JMLJFNpCaNXC8AsdAG59LOHy6Ju9DleGoTSXG
AE,Uttar Pradesh,2022,291,Tulsipur,208182,175748,30,383960,39,107171,95070,0,562,202803,52.818783206584,https://www.eci.gov.in/eci-backend/public/api/download?url=LMAhAK6sOPBp%2FNFF0iRfXbEB1EVSLT41NNLRjYNJJP1KivrUxbfqkDatmHy12e%2FzVx8fLfn2ReU7TfrqYobgIr%2FES8aGdKampBdwSTbjM6yOcLZKH6gMXzMxtlEgJAvvmsoQOGktPi%2BF1O1KdFTP84tK%2Bm2JMLJFNpCaNXC8AsdAG59LOHy6Ju9DleGoTSXG
AE,Uttar Pradesh,2022,292,Gainsari,196050,169521,27,365598,20,95567,93753,0,638,189958,51.958161696727,https://www.eci.gov.in/eci-backend/public/api/download?url=LMAhAK6sOPBp%2FNFF0iRfXbEB1EVSLT41NNLRjYNJJP1KivrUxbfqkDatmHy12e%2FzVx8fLfn2ReU7TfrqYobgIr%2FES8aGdKampBdwSTbjM6yOcLZKH6gMXzMxtlEgJAvvmsoQOGktPi%2BF1O1KdFTP84tK%2Bm2JMLJFNpCaNXC8AsdAG59LOHy6Ju9DleGoTSXG
AE,Uttar Pradesh,2022,293,Utraula,237560,197710,40,435310,60,94174,101372,0,656,196202,45.071787921252,https://www.eci.gov.in/eci-backend/public/api/download?url=LMAhAK6sOPBp%2FNFF0iRfXbEB1EVSLT41NNLRjYNJJP1KivrUxbfqkDatmHy12e%2FzVx8fLfn2ReU7TfrqYobgIr%2FES8aGdKampBdwSTbjM6yOcLZKH6gMXzMxtlEgJAvvmsoQOGktPi%2BF1O1KdFTP84tK%2Bm2JMLJFNpCaNXC8AsdAG59LOHy6Ju9DleGoTSXG
AE,Uttar Pradesh,2022,294,Balrampur,232600,195394,15,428009,114,106373,99552,0,822,206747,48.304358085928,https://www.eci.gov.in/eci-backend/public/api/download?url=LMAhAK6sOPBp%2FNFF0iRfXbEB1EVSLT41NNLRjYNJJP1KivrUxbfqkDatmHy12e%2FzVx8fLfn2ReU7TfrqYobgIr%2FES8aGdKampBdwSTbjM6yOcLZKH6gMXzMxtlEgJAvvmsoQOGktPi%2BF1O1KdFTP84tK%2Bm2JMLJFNpCaNXC8AsdAG59LOHy6Ju9DleGoTSXG
AE,Uttar Pradesh,2022,295,Mehnaun,197632,168434,13,366079,121,107319,106348,1,820,214488,58.590632076683,https://www.eci.gov.in/eci-backend/public/api/download?url=LMAhAK6sOPBp%2FNFF0iRfXbEB1EVSLT41NNLRjYNJJP1KivrUxbfqkDatmHy12e%2FzVx8fLfn2ReU7TfrqYobgIr%2FES8aGdKampBdwSTbjM6yOcLZKH6gMXzMxtlEgJAvvmsoQOGktPi%2BF1O1KdFTP84tK%2Bm2JMLJFNpCaNXC8AsdAG59LOHy6Ju9DleGoTSXG
AE,Uttar Pradesh,2022,296,Gonda,186088,161827,31,347946,175,105299,93479,2,1509,200289,57.563242572123,https://www.eci.gov.in/eci-backend/public/api/download?url=LMAhAK6sOPBp%2FNFF0iRfXbEB1EVSLT41NNLRjYNJJP1KivrUxbfqkDatmHy12e%2FzVx8fLfn2ReU7TfrqYobgIr%2FES8aGdKampBdwSTbjM6yOcLZKH6gMXzMxtlEgJAvvmsoQOGktPi%2BF1O1KdFTP84tK%2Bm2JMLJFNpCaNXC8AsdAG59LOHy6Ju9DleGoTSXG
AE,Uttar Pradesh,2022,297,Katra Bazar,207241,180356,15,387612,190,116904,117116,0,690,234710,60.552820862099,https://www.eci.gov.in/eci-backend/public/api/download?url=LMAhAK6sOPBp%2FNFF0iRfXbEB1EVSLT41NNLRjYNJJP1KivrUxbfqkDatmHy12e%2FzVx8fLfn2ReU7TfrqYobgIr%2FES8aGdKampBdwSTbjM6yOcLZKH6gMXzMxtlEgJAvvmsoQOGktPi%2BF1O1KdFTP84tK%2Bm2JMLJFNpCaNXC8AsdAG59LOHy6Ju9DleGoTSXG
AE,Uttar Pradesh,2022,298,Colonelganj,176747,153635,21,330403,288,99317,93816,0,810,193943,58.698922225282,https://www.eci.gov.in/eci-backend/public/api/download?url=LMAhAK6sOPBp%2FNFF0iRfXbEB1EVSLT41NNLRjYNJJP1KivrUxbfqkDatmHy12e%2FzVx8fLfn2ReU7TfrqYobgIr%2FES8aGdKampBdwSTbjM6yOcLZKH6gMXzMxtlEgJAvvmsoQOGktPi%2BF1O1KdFTP84tK%2Bm2JMLJFNpCaNXC8AsdAG59LOHy6Ju9DleGoTSXG
AE,Uttar Pradesh,2022,299,Tarabganj,196519,170701,23,367243,442,107143,103700,1,851,211695,57.644393494226,https://www.eci.gov.in/eci-backend/public/api/download?url=LMAhAK6sOPBp%2FNFF0iRfXbEB1EVSLT41NNLRjYNJJP1KivrUxbfqkDatmHy12e%2FzVx8fLfn2ReU7TfrqYobgIr%2FES8aGdKampBdwSTbjM6yOcLZKH6gMXzMxtlEgJAvvmsoQOGktPi%2BF1O1KdFTP84tK%2Bm2JMLJFNpCaNXC8AsdAG59LOHy6Ju9DleGoTSXG
AE,Uttar Pradesh,2022,300,Mankapur,177801,154013,27,331841,265,92471,89933,0,911,183315,55.241817617473,https://www.eci.gov.in/eci-backend/public/api/download?url=LMAhAK6sOPBp%2FNFF0iRfXbEB1EVSLT41NNLRjYNJJP1KivrUxbfqkDatmHy12e%2FzVx8fLfn2ReU7TfrqYobgIr%2FES8aGdKampBdwSTbjM6yOcLZKH6gMXzMxtlEgJAvvmsoQOGktPi%2BF1O1KdFTP84tK%2Bm2JMLJFNpCaNXC8AsdAG59LOHy6Ju9DleGoTSXG
AE,Uttar Pradesh,2022,301,Gaura,173936,146869,16,320821,118,83677,88162,0,817,172656,53.816925949361,https://www.eci.gov.in/eci-backend/public/api/download?url=LMAhAK6sOPBp%2FNFF0iRfXbEB1EVSLT41NNLRjYNJJP1KivrUxbfqkDatmHy12e%2FzVx8fLfn2ReU7TfrqYobgIr%2FES8aGdKampBdwSTbjM6yOcLZKH6gMXzMxtlEgJAvvmsoQOGktPi%2BF1O1KdFTP84tK%2Bm2JMLJFNpCaNXC8AsdAG59LOHy6Ju9DleGoTSXG
AE,Uttar Pradesh,2022,302,Shohratgarh,190845,168357,42,359244,48,87485,101447,1,929,189862,52.850430348176,https://www.eci.gov.in/eci-backend/public/api/download?url=LMAhAK6sOPBp%2FNFF0iRfXbEB1EVSLT41NNLRjYNJJP1KivrUxbfqkDatmHy12e%2FzVx8fLfn2ReU7TfrqYobgIr%2FES8aGdKampBdwSTbjM6yOcLZKH6gMXzMxtlEgJAvvmsoQOGktPi%2BF1O1KdFTP84tK%2Bm2JMLJFNpCaNXC8AsdAG59LOHy6Ju9DleGoTSXG
AE,Uttar Pradesh,2022,303,Kapilvastu,242871,210077,40,452988,118,117172,133596,2,1674,252444,55.728628572942,https://www.eci.gov.in/eci-backend/public/api/download?url=LMAhAK6sOPBp%2FNFF0iRfXbEB1EVSLT41NNLRjYNJJP1KivrUxbfqkDatmHy12e%2FzVx8fLfn2ReU7TfrqYobgIr%2FES8aGdKampBdwSTbjM6yOcLZKH6gMXzMxtlEgJAvvmsoQOGktPi%2BF1O1KdFTP84tK%2Bm2JMLJFNpCaNXC8AsdAG59LOHy6Ju9DleGoTSXG
AE,Uttar Pradesh,2022,304,Bansi,202606,178593,41,381240,56,85457,103155,3,1353,189968,49.828979120764,https://www.eci.gov.in/eci-backend/public/api/download?url=LMAhAK6sOPBp%2FNFF0iRfXbEB1EVSLT41NNLRjYNJJP1KivrUxbfqkDatmHy12e%2FzVx8fLfn2ReU7TfrqYobgIr%2FES8aGdKampBdwSTbjM6yOcLZKH6gMXzMxtlEgJAvvmsoQOGktPi%2BF1O1KdFTP84tK%2Bm2JMLJFNpCaNXC8AsdAG59LOHy6Ju9DleGoTSXG
AE,Uttar Pradesh,2022,305,Itwa,180426,155917,49,336392,16,74968,91085,0,685,166738,49.566577088635,https://www.eci.gov.in/eci-backend/public/api/download?url=LMAhAK6sOPBp%2FNFF0iRfXbEB1EVSLT41NNLRjYNJJP1KivrUxbfqkDatmHy12e%2FzVx8fLfn2ReU7TfrqYobgIr%2FES8aGdKampBdwSTbjM6yOcLZKH6gMXzMxtlEgJAvvmsoQOGktPi%2BF1O1KdFTP84tK%2Bm2JMLJFNpCaNXC8AsdAG59LOHy6Ju9DleGoTSXG
AE,Uttar Pradesh,2022,306,Domariyaganj,219439,190277,44,409760,64,95257,110370,0,1025,206652,50.432448262398,https://www.eci.gov.in/eci-backend/public/api/download?url=LMAhAK6sOPBp%2FNFF0iRfXbEB1EVSLT41NNLRjYNJJP1KivrUxbfqkDatmHy12e%2FzVx8fLfn2ReU7TfrqYobgIr%2FES8aGdKampBdwSTbjM6yOcLZKH6gMXzMxtlEgJAvvmsoQOGktPi%2BF1O1KdFTP84tK%2Bm2JMLJFNpCaNXC8AsdAG59LOHy6Ju9DleGoTSXG
AE,Uttar Pradesh,2022,307,Harraiya,205001,183909,14,388924,463,106152,113787,0,1628,221567,56.969227921136,https://www.eci.gov.in/eci-backend/public/api/download?url=LMAhAK6sOPBp%2FNFF0iRfXbEB1EVSLT41NNLRjYNJJP1KivrUxbfqkDatmHy12e%2FzVx8fLfn2ReU7TfrqYobgIr%2FES8aGdKampBdwSTbjM6yOcLZKH6gMXzMxtlEgJAvvmsoQOGktPi%2BF1O1KdFTP84tK%2Bm2JMLJFNpCaNXC8AsdAG59LOHy6Ju9DleGoTSXG
AE,Uttar Pradesh,2022,308,Kaptanganj,192747,172643,20,365410,437,103464,110582,0,1949,215995,59.110314441312,https://www.eci.gov.in/eci-backend/public/api/download?url=LMAhAK6sOPBp%2FNFF0iRfXbEB1EVSLT41NNLRjYNJJP1KivrUxbfqkDatmHy12e%2FzVx8fLfn2ReU7TfrqYobgIr%2FES8aGdKampBdwSTbjM6yOcLZKH6gMXzMxtlEgJAvvmsoQOGktPi%2BF1O1KdFTP84tK%2Bm2JMLJFNpCaNXC8AsdAG59LOHy6Ju9DleGoTSXG
AE,Uttar Pradesh,2022,309,Rudhauli,229234,201337,37,430608,145,107978,124831,1,1812,234622,54.486214840412,https://www.eci.gov.in/eci-backend/public/api/download?url=LMAhAK6sOPBp%2FNFF0iRfXbEB1EVSLT41NNLRjYNJJP1KivrUxbfqkDatmHy12e%2FzVx8fLfn2ReU7TfrqYobgIr%2FES8aGdKampBdwSTbjM6yOcLZKH6gMXzMxtlEgJAvvmsoQOGktPi%2BF1O1KdFTP84tK%2Bm2JMLJFNpCaNXC8AsdAG59LOHy6Ju9DleGoTSXG
AE,Uttar Pradesh,2022,310,Basti Sadar,198880,172638,28,371546,314,109836,104130,4,2358,216328,58.22374618486,https://www.eci.gov.in/eci-backend/public/api/download?url=LMAhAK6sOPBp%2FNFF0iRfXbEB1EVSLT41NNLRjYNJJP1KivrUxbfqkDatmHy12e%2FzVx8fLfn2ReU7TfrqYobgIr%2FES8aGdKampBdwSTbjM6yOcLZKH6gMXzMxtlEgJAvvmsoQOGktPi%2BF1O1KdFTP84tK%2Bm2JMLJFNpCaNXC8AsdAG59LOHy6Ju9DleGoTSXG
AE,Uttar Pradesh,2022,311,Mahadewa,194297,166285,50,360632,564,102283,107282,3,1833,211401,58.619590053018,https://www.eci.gov.in/eci-backend/public/api/download?url=LMAhAK6sOPBp%2FNFF0iRfXbEB1EVSLT41NNLRjYNJJP1KivrUxbfqkDatmHy12e%2FzVx8fLfn2ReU7TfrqYobgIr%2FES8aGdKampBdwSTbjM6yOcLZKH6gMXzMxtlEgJAvvmsoQOGktPi%2BF1O1KdFTP84tK%2Bm2JMLJFNpCaNXC8AsdAG59LOHy6Ju9DleGoTSXG
AE,Uttar Pradesh,2022,312,Menhdawal,244848,212985,31,457864,400,110462,130458,2,1397,242319,52.92379396502,https://www.eci.gov.in/eci-backend/public/api/download?url=LMAhAK6sOPBp%2FNFF0iRfXbEB1EVSLT41NNLRjYNJJP1KivrUxbfqkDatmHy12e%2FzVx8fLfn2ReU7TfrqYobgIr%2FES8aGdKampBdwSTbjM6yOcLZKH6gMXzMxtlEgJAvvmsoQOGktPi%2BF1O1KdFTP84tK%2Bm2JMLJFNpCaNXC8AsdAG59LOHy6Ju9DleGoTSXG
AE,Uttar Pradesh,2022,313,Khalilabad,245357,212637,1,457995,656,120501,128627,0,1777,250905,54.7833491632,https://www.eci.gov.in/eci-backend/public/api/download?url=LMAhAK6sOPBp%2FNFF0iRfXbEB1EVSLT41NNLRjYNJJP1KivrUxbfqkDatmHy12e%2FzVx8fLfn2ReU7TfrqYobgIr%2FES8aGdKampBdwSTbjM6yOcLZKH6gMXzMxtlEgJAvvmsoQOGktPi%2BF1O1KdFTP84tK%2Bm2JMLJFNpCaNXC8AsdAG59LOHy6Ju9DleGoTSXG
AE,Uttar Pradesh,2022,314,Dhanghata,207635,179794,17,387446,965,102128,112959,0,1602,216689,55.927535708202,https://www.eci.gov.in/eci-backend/public/api/download?url=LMAhAK6sOPBp%2FNFF0iRfXbEB1EVSLT41NNLRjYNJJP1KivrUxbfqkDatmHy12e%2FzVx8fLfn2ReU7TfrqYobgIr%2FES8aGdKampBdwSTbjM6yOcLZKH6gMXzMxtlEgJAvvmsoQOGktPi%2BF1O1KdFTP84tK%2Bm2JMLJFNpCaNXC8AsdAG59LOHy6Ju9DleGoTSXG
AE,Uttar Pradesh,2022,315,Pharenda,185960,165367,35,351362,398,98339,112008,2,1276,211625,60.229905339792,https://www.eci.gov.in/eci-backend/public/api/download?url=LMAhAK6sOPBp%2FNFF0iRfXbEB1EVSLT41NNLRjYNJJP1KivrUxbfqkDatmHy12e%2FzVx8fLfn2ReU7TfrqYobgIr%2FES8aGdKampBdwSTbjM6yOcLZKH6gMXzMxtlEgJAvvmsoQOGktPi%2BF1O1KdFTP84tK%2Bm2JMLJFNpCaNXC8AsdAG59LOHy6Ju9DleGoTSXG
AE,Uttar Pradesh,2022,316,Nautanwa,194030,172544,14,366588,369,107083,117362,1,1173,225619,61.545658886816,https://www.eci.gov.in/eci-backend/public/api/download?url=LMAhAK6sOPBp%2FNFF0iRfXbEB1EVSLT41NNLRjYNJJP1KivrUxbfqkDatmHy12e%2FzVx8fLfn2ReU7TfrqYobgIr%2FES8aGdKampBdwSTbjM6yOcLZKH6gMXzMxtlEgJAvvmsoQOGktPi%2BF1O1KdFTP84tK%2Bm2JMLJFNpCaNXC8AsdAG59LOHy6Ju9DleGoTSXG
AE,Uttar Pradesh,2022,317,Siswa,206226,183130,13,389369,303,120113,134394,0,1390,255897,65.720948508998,https://www.eci.gov.in/eci-backend/public/api/download?url=LMAhAK6sOPBp%2FNFF0iRfXbEB1EVSLT41NNLRjYNJJP1KivrUxbfqkDatmHy12e%2FzVx8fLfn2ReU7TfrqYobgIr%2FES8aGdKampBdwSTbjM6yOcLZKH6gMXzMxtlEgJAvvmsoQOGktPi%2BF1O1KdFTP84tK%2Bm2JMLJFNpCaNXC8AsdAG59LOHy6Ju9DleGoTSXG
AE,Uttar Pradesh,2022,318,Maharajganj,217666,196268,24,413958,636,122843,139021,0,1838,263702,63.702597848091,https://www.eci.gov.in/eci-backend/public/api/download?url=LMAhAK6sOPBp%2FNFF0iRfXbEB1EVSLT41NNLRjYNJJP1KivrUxbfqkDatmHy12e%2FzVx8fLfn2ReU7TfrqYobgIr%2FES8aGdKampBdwSTbjM6yOcLZKH6gMXzMxtlEgJAvvmsoQOGktPi%2BF1O1KdFTP84tK%2Bm2JMLJFNpCaNXC8AsdAG59LOHy6Ju9DleGoTSXG
AE,Uttar Pradesh,2022,319,Paniyra,224834,198744,7,423585,1049,118113,140918,0,1456,260487,61.495803675768,https://www.eci.gov.in/eci-backend/public/api/download?url=LMAhAK6sOPBp%2FNFF0iRfXbEB1EVSLT41NNLRjYNJJP1KivrUxbfqkDatmHy12e%2FzVx8fLfn2ReU7TfrqYobgIr%2FES8aGdKampBdwSTbjM6yOcLZKH6gMXzMxtlEgJAvvmsoQOGktPi%2BF1O1KdFTP84tK%2Bm2JMLJFNpCaNXC8AsdAG59LOHy6Ju9DleGoTSXG
AE,Uttar Pradesh,2022,320,Caimpiyarganj,206163,177503,36,383702,1069,108598,114449,3,1500,224550,58.521977993339,https://www.eci.gov.in/eci-backend/public/api/download?url=LMAhAK6sOPBp%2FNFF0iRfXbEB1EVSLT41NNLRjYNJJP1KivrUxbfqkDatmHy12e%2FzVx8fLfn2ReU7TfrqYobgIr%2FES8aGdKampBdwSTbjM6yOcLZKH6gMXzMxtlEgJAvvmsoQOGktPi%2BF1O1KdFTP84tK%2Bm2JMLJFNpCaNXC8AsdAG59LOHy6Ju9DleGoTSXG
AE,Uttar Pradesh,2022,321,Pipraich,220892,185837,49,406778,670,127695,129912,6,1134,258747,63.60889723633,https://www.eci.gov.in/eci-backend/public/api/download?url=LMAhAK6sOPBp%2FNFF0iRfXbEB1EVSLT41NNLRjYNJJP1KivrUxbfqkDatmHy12e%2FzVx8fLfn2ReU7TfrqYobgIr%2FES8aGdKampBdwSTbjM6yOcLZKH6gMXzMxtlEgJAvvmsoQOGktPi%2BF1O1KdFTP84tK%2Bm2JMLJFNpCaNXC8AsdAG59LOHy6Ju9DleGoTSXG
AE,Uttar Pradesh,2022,322,Gorakhpur Urban,248663,216041,80,464784,861,133003,114266,4,3008,250281,53.848884643189,https://www.eci.gov.in/eci-backend/public/api/download?url=LMAhAK6sOPBp%2FNFF0iRfXbEB1EVSLT41NNLRjYNJJP1KivrUxbfqkDatmHy12e%2FzVx8fLfn2ReU7TfrqYobgIr%2FES8aGdKampBdwSTbjM6yOcLZKH6gMXzMxtlEgJAvvmsoQOGktPi%2BF1O1KdFTP84tK%2Bm2JMLJFNpCaNXC8AsdAG59LOHy6Ju9DleGoTSXG
AE,Uttar Pradesh,2022,323,Gorakhpur Rural,225710,193534,25,419269,574,132004,121200,0,1955,255159,60.858064870048,https://www.eci.gov.in/eci-backend/public/api/download?url=LMAhAK6sOPBp%2FNFF0iRfXbEB1EVSLT41NNLRjYNJJP1KivrUxbfqkDatmHy12e%2FzVx8fLfn2ReU7TfrqYobgIr%2FES8aGdKampBdwSTbjM6yOcLZKH6gMXzMxtlEgJAvvmsoQOGktPi%2BF1O1KdFTP84tK%2Bm2JMLJFNpCaNXC8AsdAG59LOHy6Ju9DleGoTSXG
AE,Uttar Pradesh,2022,324,Sahajanwa,206897,172713,17,379627,1358,111518,111665,0,1306,224489,59.134097416675,https://www.eci.gov.in/eci-backend/public/api/download?url=LMAhAK6sOPBp%2FNFF0iRfXbEB1EVSLT41NNLRjYNJJP1KivrUxbfqkDatmHy12e%2FzVx8fLfn2ReU7TfrqYobgIr%2FES8aGdKampBdwSTbjM6yOcLZKH6gMXzMxtlEgJAvvmsoQOGktPi%2BF1O1KdFTP84tK%2Bm2JMLJFNpCaNXC8AsdAG59LOHy6Ju9DleGoTSXG
AE,Uttar Pradesh,2022,325,Khajani,206486,173584,11,380081,1416,94816,102669,0,1466,198951,52.344368700356,https://www.eci.gov.in/eci-backend/public/api/download?url=LMAhAK6sOPBp%2FNFF0iRfXbEB1EVSLT41NNLRjYNJJP1KivrUxbfqkDatmHy12e%2FzVx8fLfn2ReU7TfrqYobgIr%2FES8aGdKampBdwSTbjM6yOcLZKH6gMXzMxtlEgJAvvmsoQOGktPi%2BF1O1KdFTP84tK%2Bm2JMLJFNpCaNXC8AsdAG59LOHy6Ju9DleGoTSXG
AE,Uttar Pradesh,2022,326,Chauri-Chaura,192010,163075,42,355127,989,96072,109204,0,1230,206506,58.149901302914,https://www.eci.gov.in/eci-backend/public/api/download?url=LMAhAK6sOPBp%2FNFF0iRfXbEB1EVSLT41NNLRjYNJJP1KivrUxbfqkDatmHy12e%2FzVx8fLfn2ReU7TfrqYobgIr%2FES8aGdKampBdwSTbjM6yOcLZKH6gMXzMxtlEgJAvvmsoQOGktPi%2BF1O1KdFTP84tK%2Bm2JMLJFNpCaNXC8AsdAG59LOHy6Ju9DleGoTSXG
AE,Uttar Pradesh,2022,327,Bansgaon,209231,171818,16,381065,914,88091,99148,2,1518,188759,49.534593835697,https://www.eci.gov.in/eci-backend/public/api/download?url=LMAhAK6sOPBp%2FNFF0iRfXbEB1EVSLT41NNLRjYNJJP1KivrUxbfqkDatmHy12e%2FzVx8fLfn2ReU7TfrqYobgIr%2FES8aGdKampBdwSTbjM6yOcLZKH6gMXzMxtlEgJAvvmsoQOGktPi%2BF1O1KdFTP84tK%2Bm2JMLJFNpCaNXC8AsdAG59LOHy6Ju9DleGoTSXG
AE,Uttar Pradesh,2022,328,Chillupar,232651,197253,4,429908,850,107860,119096,0,1445,228401,53.127878522847,https://www.eci.gov.in/eci-backend/public/api/download?url=LMAhAK6sOPBp%2FNFF0iRfXbEB1EVSLT41NNLRjYNJJP1KivrUxbfqkDatmHy12e%2FzVx8fLfn2ReU7TfrqYobgIr%2FES8aGdKampBdwSTbjM6yOcLZKH6gMXzMxtlEgJAvvmsoQOGktPi%2BF1O1KdFTP84tK%2Bm2JMLJFNpCaNXC8AsdAG59LOHy6Ju9DleGoTSXG
AE,Uttar Pradesh,2022,329,Khadda,180136,159857,60,340053,87,96495,108485,1,812,205793,60.517919265526,https://www.eci.gov.in/eci-backend/public/api/download?url=LMAhAK6sOPBp%2FNFF0iRfXbEB1EVSLT41NNLRjYNJJP1KivrUxbfqkDatmHy12e%2FzVx8fLfn2ReU7TfrqYobgIr%2FES8aGdKampBdwSTbjM6yOcLZKH6gMXzMxtlEgJAvvmsoQOGktPi%2BF1O1KdFTP84tK%2Bm2JMLJFNpCaNXC8AsdAG59LOHy6Ju9DleGoTSXG
AE,Uttar Pradesh,2022,330,Padrauna,202744,179774,12,382530,177,109284,119469,1,1282,230036,60.135414215878,https://www.eci.gov.in/eci-backend/public/api/download?url=LMAhAK6sOPBp%2FNFF0iRfXbEB1EVSLT41NNLRjYNJJP1KivrUxbfqkDatmHy12e%2FzVx8fLfn2ReU7TfrqYobgIr%2FES8aGdKampBdwSTbjM6yOcLZKH6gMXzMxtlEgJAvvmsoQOGktPi%2BF1O1KdFTP84tK%2Bm2JMLJFNpCaNXC8AsdAG59LOHy6Ju9DleGoTSXG
AE,Uttar Pradesh,2022,331,Tamkuhi Raj,210938,189319,43,400300,195,103533,122479,3,825,226840,56.667499375468,https://www.eci.gov.in/eci-backend/public/api/download?url=LMAhAK6sOPBp%2FNFF0iRfXbEB1EVSLT41NNLRjYNJJP1KivrUxbfqkDatmHy12e%2FzVx8fLfn2ReU7TfrqYobgIr%2FES8aGdKampBdwSTbjM6yOcLZKH6gMXzMxtlEgJAvvmsoQOGktPi%2BF1O1KdFTP84tK%2Bm2JMLJFNpCaNXC8AsdAG59LOHy6Ju9DleGoTSXG
AE,Uttar Pradesh,2022,332,Fazilnagar,213468,186561,24,400053,419,103031,120494,0,1485,225010,56.245047531202,https://www.eci.gov.in/eci-backend/public/api/download?url=LMAhAK6sOPBp%2FNFF0iRfXbEB1EVSLT41NNLRjYNJJP1KivrUxbfqkDatmHy12e%2FzVx8fLfn2ReU7TfrqYobgIr%2FES8aGdKampBdwSTbjM6yOcLZKH6gMXzMxtlEgJAvvmsoQOGktPi%2BF1O1KdFTP84tK%2Bm2JMLJFNpCaNXC8AsdAG59LOHy6Ju9DleGoTSXG
AE,Uttar Pradesh,2022,333,Kushinagar,195747,177459,26,373232,404,103038,116629,1,1592,221260,59.282162301196,https://www.eci.gov.in/eci-backend/public/api/download?url=LMAhAK6sOPBp%2FNFF0iRfXbEB1EVSLT41NNLRjYNJJP1KivrUxbfqkDatmHy12e%2FzVx8fLfn2ReU7TfrqYobgIr%2FES8aGdKampBdwSTbjM6yOcLZKH6gMXzMxtlEgJAvvmsoQOGktPi%2BF1O1KdFTP84tK%2Bm2JMLJFNpCaNXC8AsdAG59LOHy6Ju9DleGoTSXG
AE,Uttar Pradesh,2022,334,Hata,196047,177400,23,373470,737,98484,117209,0,1224,216917,58.081505877313,https://www.eci.gov.in/eci-backend/public/api/download?url=LMAhAK6sOPBp%2FNFF0iRfXbEB1EVSLT41NNLRjYNJJP1KivrUxbfqkDatmHy12e%2FzVx8fLfn2ReU7TfrqYobgIr%2FES8aGdKampBdwSTbjM6yOcLZKH6gMXzMxtlEgJAvvmsoQOGktPi%2BF1O1KdFTP84tK%2Bm2JMLJFNpCaNXC8AsdAG59LOHy6Ju9DleGoTSXG
AE,Uttar Pradesh,2022,335,Ramkola,193910,177983,23,371916,291,99345,114118,0,779,214242,57.604943051657,https://www.eci.gov.in/eci-backend/public/api/download?url=LMAhAK6sOPBp%2FNFF0iRfXbEB1EVSLT41NNLRjYNJJP1KivrUxbfqkDatmHy12e%2FzVx8fLfn2ReU7TfrqYobgIr%2FES8aGdKampBdwSTbjM6yOcLZKH6gMXzMxtlEgJAvvmsoQOGktPi%2BF1O1KdFTP84tK%2Bm2JMLJFNpCaNXC8AsdAG59LOHy6Ju9DleGoTSXG
AE,Uttar Pradesh,2022,336,Rudrapur,167552,153782,15,321349,678,81105,99947,3,954,182009,56.63904353211,https://www.eci.gov.in/eci-backend/public/api/download?url=LMAhAK6sOPBp%2FNFF0iRfXbEB1EVSLT41NNLRjYNJJP1KivrUxbfqkDatmHy12e%2FzVx8fLfn2ReU7TfrqYobgIr%2FES8aGdKampBdwSTbjM6yOcLZKH6gMXzMxtlEgJAvvmsoQOGktPi%2BF1O1KdFTP84tK%2Bm2JMLJFNpCaNXC8AsdAG59LOHy6Ju9DleGoTSXG
AE,Uttar Pradesh,2022,337,Deoria,186487,165148,16,351651,1058,96666,100535,3,2233,199437,56.71446974415,https://www.eci.gov.in/eci-backend/public/api/download?url=LMAhAK6sOPBp%2FNFF0iRfXbEB1EVSLT41NNLRjYNJJP1KivrUxbfqkDatmHy12e%2FzVx8fLfn2ReU7TfrqYobgIr%2FES8aGdKampBdwSTbjM6yOcLZKH6gMXzMxtlEgJAvvmsoQOGktPi%2BF1O1KdFTP84tK%2Bm2JMLJFNpCaNXC8AsdAG59LOHy6Ju9DleGoTSXG
AE,Uttar Pradesh,2022,338,Pathardeva,179678,159174,20,338872,600,92524,108039,3,1367,201933,59.589756604264,https://www.eci.gov.in/eci-backend/public/api/download?url=LMAhAK6sOPBp%2FNFF0iRfXbEB1EVSLT41NNLRjYNJJP1KivrUxbfqkDatmHy12e%2FzVx8fLfn2ReU7TfrqYobgIr%2FES8aGdKampBdwSTbjM6yOcLZKH6gMXzMxtlEgJAvvmsoQOGktPi%2BF1O1KdFTP84tK%2Bm2JMLJFNpCaNXC8AsdAG59LOHy6Ju9DleGoTSXG
AE,Uttar Pradesh,2022,339,Rampur Karkhana,191070,165195,13,356278,1110,100176,105150,1,1724,207051,58.115011311392,https://www.eci.gov.in/eci-backend/public/api/download?url=LMAhAK6sOPBp%2FNFF0iRfXbEB1EVSLT41NNLRjYNJJP1KivrUxbfqkDatmHy12e%2FzVx8fLfn2ReU7TfrqYobgIr%2FES8aGdKampBdwSTbjM6yOcLZKH6gMXzMxtlEgJAvvmsoQOGktPi%2BF1O1KdFTP84tK%2Bm2JMLJFNpCaNXC8AsdAG59LOHy6Ju9DleGoTSXG
AE,Uttar Pradesh,2022,340,Bhatpar Rani,179701,158582,4,338287,1029,87613,105529,1,1338,194481,57.489941972349,https://www.eci.gov.in/eci-backend/public/api/download?url=LMAhAK6sOPBp%2FNFF0iRfXbEB1EVSLT41NNLRjYNJJP1KivrUxbfqkDatmHy12e%2FzVx8fLfn2ReU7TfrqYobgIr%2FES8aGdKampBdwSTbjM6yOcLZKH6gMXzMxtlEgJAvvmsoQOGktPi%2BF1O1KdFTP84tK%2Bm2JMLJFNpCaNXC8AsdAG59LOHy6Ju9DleGoTSXG
AE,Uttar Pradesh,2022,341,Salempur,180080,164138,6,344224,1427,83476,93299,0,1843,178618,51.890048340615,https://www.eci.gov.in/eci-backend/public/api/download?url=LMAhAK6sOPBp%2FNFF0iRfXbEB1EVSLT41NNLRjYNJJP1KivrUxbfqkDatmHy12e%2FzVx8fLfn2ReU7TfrqYobgIr%2FES8aGdKampBdwSTbjM6yOcLZKH6gMXzMxtlEgJAvvmsoQOGktPi%2BF1O1KdFTP84tK%2Bm2JMLJFNpCaNXC8AsdAG59LOHy6Ju9DleGoTSXG
AE,Uttar Pradesh,2022,342,Barhaj,164650,153857,14,318521,1500,85566,98071,0,1686,185323,58.18234904449,https://www.eci.gov.in/eci-backend/public/api/download?url=LMAhAK6sOPBp%2FNFF0iRfXbEB1EVSLT41NNLRjYNJJP1KivrUxbfqkDatmHy12e%2FzVx8fLfn2ReU7TfrqYobgIr%2FES8aGdKampBdwSTbjM6yOcLZKH6gMXzMxtlEgJAvvmsoQOGktPi%2BF1O1KdFTP84tK%2Bm2JMLJFNpCaNXC8AsdAG59LOHy6Ju9DleGoTSXG
AE,Uttar Pradesh,2022,343,Atrauliya,196644,183444,4,380092,645,107927,121515,1,2053,231496,60.905254517327,https://www.eci.gov.in/eci-backend/public/api/download?url=LMAhAK6sOPBp%2FNFF0iRfXbEB1EVSLT41NNLRjYNJJP1KivrUxbfqkDatmHy12e%2FzVx8fLfn2ReU7TfrqYobgIr%2FES8aGdKampBdwSTbjM6yOcLZKH6gMXzMxtlEgJAvvmsoQOGktPi%2BF1O1KdFTP84tK%2Bm2JMLJFNpCaNXC8AsdAG59LOHy6Ju9DleGoTSXG
AE,Uttar Pradesh,2022,344,Gopalpur,187029,163326,8,350363,727,99085,105654,0,1977,206716,59.000522315427,https://www.eci.gov.in/eci-backend/public/api/download?url=LMAhAK6sOPBp%2FNFF0iRfXbEB1EVSLT41NNLRjYNJJP1KivrUxbfqkDatmHy12e%2FzVx8fLfn2ReU7TfrqYobgIr%2FES8aGdKampBdwSTbjM6yOcLZKH6gMXzMxtlEgJAvvmsoQOGktPi%2BF1O1KdFTP84tK%2Bm2JMLJFNpCaNXC8AsdAG59LOHy6Ju9DleGoTSXG
AE,Uttar Pradesh,2022,345,Sagri,179806,156560,12,336378,815,91987,100542,1,2124,194654,57.867637003609,https://www.eci.gov.in/eci-backend/public/api/download?url=LMAhAK6sOPBp%2FNFF0iRfXbEB1EVSLT41NNLRjYNJJP1KivrUxbfqkDatmHy12e%2FzVx8fLfn2ReU7TfrqYobgIr%2FES8aGdKampBdwSTbjM6yOcLZKH6gMXzMxtlEgJAvvmsoQOGktPi%2BF1O1KdFTP84tK%2Bm2JMLJFNpCaNXC8AsdAG59LOHy6Ju9DleGoTSXG
AE,Uttar Pradesh,2022,346,Mubarakpur,185857,168294,2,354153,686,110738,111859,0,1714,224311,63.337314663436,https://www.eci.gov.in/eci-backend/public/api/download?url=LMAhAK6sOPBp%2FNFF0iRfXbEB1EVSLT41NNLRjYNJJP1KivrUxbfqkDatmHy12e%2FzVx8fLfn2ReU7TfrqYobgIr%2FES8aGdKampBdwSTbjM6yOcLZKH6gMXzMxtlEgJAvvmsoQOGktPi%2BF1O1KdFTP84tK%2Bm2JMLJFNpCaNXC8AsdAG59LOHy6Ju9DleGoTSXG
AE,Uttar Pradesh,2022,347,Azamgarh,208337,187934,0,396271,719,118071,115427,0,2974,236472,59.67431379031,https://www.eci.gov.in/eci-backend/public/api/download?url=LMAhAK6sOPBp%2FNFF0iRfXbEB1EVSLT41NNLRjYNJJP1KivrUxbfqkDatmHy12e%2FzVx8fLfn2ReU7TfrqYobgIr%2FES8aGdKampBdwSTbjM6yOcLZKH6gMXzMxtlEgJAvvmsoQOGktPi%2BF1O1KdFTP84tK%2Bm2JMLJFNpCaNXC8AsdAG59LOHy6Ju9DleGoTSXG
AE,Uttar Pradesh,2022,348,Nizamabad,169748,157726,6,327480,542,86764,96681,0,1373,184818,56.436423598388,https://www.eci.gov.in/eci-backend/public/api/download?url=LMAhAK6sOPBp%2FNFF0iRfXbEB1EVSLT41NNLRjYNJJP1KivrUxbfqkDatmHy12e%2FzVx8fLfn2ReU7TfrqYobgIr%2FES8aGdKampBdwSTbjM6yOcLZKH6gMXzMxtlEgJAvvmsoQOGktPi%2BF1O1KdFTP84tK%2Bm2JMLJFNpCaNXC8AsdAG59LOHy6Ju9DleGoTSXG
AE,Uttar Pradesh,2022,349,Phoolpur-Pawai,171945,156851,11,328807,262,91648,100389,0,1349,193386,58.814441298391,https://www.eci.gov.in/eci-backend/public/api/download?url=LMAhAK6sOPBp%2FNFF0iRfXbEB1EVSLT41NNLRjYNJJP1KivrUxbfqkDatmHy12e%2FzVx8fLfn2ReU7TfrqYobgIr%2FES8aGdKampBdwSTbjM6yOcLZKH6gMXzMxtlEgJAvvmsoQOGktPi%2BF1O1KdFTP84tK%2Bm2JMLJFNpCaNXC8AsdAG59LOHy6Ju9DleGoTSXG
AE,Uttar Pradesh,2022,350,Didarganj,191136,174380,6,365522,181,91811,108254,0,1035,201100,55.017208266534,https://www.eci.gov.in/eci-backend/public/api/download?url=LMAhAK6sOPBp%2FNFF0iRfXbEB1EVSLT41NNLRjYNJJP1KivrUxbfqkDatmHy12e%2FzVx8fLfn2ReU7TfrqYobgIr%2FES8aGdKampBdwSTbjM6yOcLZKH6gMXzMxtlEgJAvvmsoQOGktPi%2BF1O1KdFTP84tK%2Bm2JMLJFNpCaNXC8AsdAG59LOHy6Ju9DleGoTSXG
AE,Uttar Pradesh,2022,351,Lalganj,215486,192034,19,407539,589,100878,116528,0,1685,219091,53.759517494031,https://www.eci.gov.in/eci-backend/public/api/download?url=LMAhAK6sOPBp%2FNFF0iRfXbEB1EVSLT41NNLRjYNJJP1KivrUxbfqkDatmHy12e%2FzVx8fLfn2ReU7TfrqYobgIr%2FES8aGdKampBdwSTbjM6yOcLZKH6gMXzMxtlEgJAvvmsoQOGktPi%2BF1O1KdFTP84tK%2Bm2JMLJFNpCaNXC8AsdAG59LOHy6Ju9DleGoTSXG
AE,Uttar Pradesh,2022,352,Mehnagar,212255,192003,22,404280,898,102820,116982,0,1457,221259,54.729148115168,https://www.eci.gov.in/eci-backend/public/api/download?url=LMAhAK6sOPBp%2FNFF0iRfXbEB1EVSLT41NNLRjYNJJP1KivrUxbfqkDatmHy12e%2FzVx8fLfn2ReU7TfrqYobgIr%2FES8aGdKampBdwSTbjM6yOcLZKH6gMXzMxtlEgJAvvmsoQOGktPi%2BF1O1KdFTP84tK%2Bm2JMLJFNpCaNXC8AsdAG59LOHy6Ju9DleGoTSXG
AE,Uttar Pradesh,2022,353,Madhuban,215787,187969,42,403798,986,106723,115845,0,1760,224328,55.554509928231,https://www.eci.gov.in/eci-backend/public/api/download?url=LMAhAK6sOPBp%2FNFF0iRfXbEB1EVSLT41NNLRjYNJJP1KivrUxbfqkDatmHy12e%2FzVx8fLfn2ReU7TfrqYobgIr%2FES8aGdKampBdwSTbjM6yOcLZKH6gMXzMxtlEgJAvvmsoQOGktPi%2BF1O1KdFTP84tK%2Bm2JMLJFNpCaNXC8AsdAG59LOHy6Ju9DleGoTSXG
AE,Uttar Pradesh,2022,354,Ghosi,235725,203100,7,438832,857,127150,127985,0,1960,257095,58.586201553214,https://www.eci.gov.in/eci-backend/public/api/download?url=LMAhAK6sOPBp%2FNFF0iRfXbEB1EVSLT41NNLRjYNJJP1KivrUxbfqkDatmHy12e%2FzVx8fLfn2ReU7TfrqYobgIr%2FES8aGdKampBdwSTbjM6yOcLZKH6gMXzMxtlEgJAvvmsoQOGktPi%2BF1O1KdFTP84tK%2Bm2JMLJFNpCaNXC8AsdAG59LOHy6Ju9DleGoTSXG
AE,Uttar Pradesh,2022,355,Muhammadabad-Gohna,202668,177794,8,380470,1059,112764,114511,0,1080,228355,60.01918679528,https://www.eci.gov.in/eci-backend/public/api/download?url=LMAhAK6sOPBp%2FNFF0iRfXbEB1EVSLT41NNLRjYNJJP1KivrUxbfqkDatmHy12e%2FzVx8fLfn2ReU7TfrqYobgIr%2FES8aGdKampBdwSTbjM6yOcLZKH6gMXzMxtlEgJAvvmsoQOGktPi%2BF1O1KdFTP84tK%2Bm2JMLJFNpCaNXC8AsdAG59LOHy6Ju9DleGoTSXG
AE,Uttar Pradesh,2022,356,Mau,254975,226710,30,481715,1920,144688,132761,0,1710,279159,57.95107065381,https://www.eci.gov.in/eci-backend/public/api/download?url=LMAhAK6sOPBp%2FNFF0iRfXbEB1EVSLT41NNLRjYNJJP1KivrUxbfqkDatmHy12e%2FzVx8fLfn2ReU7TfrqYobgIr%2FES8aGdKampBdwSTbjM6yOcLZKH6gMXzMxtlEgJAvvmsoQOGktPi%2BF1O1KdFTP84tK%2Bm2JMLJFNpCaNXC8AsdAG59LOHy6Ju9DleGoTSXG
AE,Uttar Pradesh,2022,357,Belthara Road,194586,163629,16,358231,1167,98182,99874,0,1898,199954,55.817056591976,https://www.eci.gov.in/eci-backend/public/api/download?url=LMAhAK6sOPBp%2FNFF0iRfXbEB1EVSLT41NNLRjYNJJP1KivrUxbfqkDatmHy12e%2FzVx8fLfn2ReU7TfrqYobgIr%2FES8aGdKampBdwSTbjM6yOcLZKH6gMXzMxtlEgJAvvmsoQOGktPi%2BF1O1KdFTP84tK%2Bm2JMLJFNpCaNXC8AsdAG59LOHy6Ju9DleGoTSXG
AE,Uttar Pradesh,2022,358,Rasara,193916,162444,17,356377,1883,99651,99839,0,1910,201400,56.513186877941,https://www.eci.gov.in/eci-backend/public/api/download?url=LMAhAK6sOPBp%2FNFF0iRfXbEB1EVSLT41NNLRjYNJJP1KivrUxbfqkDatmHy12e%2FzVx8fLfn2ReU7TfrqYobgIr%2FES8aGdKampBdwSTbjM6yOcLZKH6gMXzMxtlEgJAvvmsoQOGktPi%2BF1O1KdFTP84tK%2Bm2JMLJFNpCaNXC8AsdAG59LOHy6Ju9DleGoTSXG
AE,Uttar Pradesh,2022,359,Sikanderpur,166391,141579,4,307974,1501,86072,89874,1,1894,177841,57.745459032256,https://www.eci.gov.in/eci-backend/public/api/download?url=LMAhAK6sOPBp%2FNFF0iRfXbEB1EVSLT41NNLRjYNJJP1KivrUxbfqkDatmHy12e%2FzVx8fLfn2ReU7TfrqYobgIr%2FES8aGdKampBdwSTbjM6yOcLZKH6gMXzMxtlEgJAvvmsoQOGktPi%2BF1O1KdFTP84tK%2Bm2JMLJFNpCaNXC8AsdAG59LOHy6Ju9DleGoTSXG
AE,Uttar Pradesh,2022,360,Phephana,179806,151345,2,331153,2561,96511,91388,0,1894,189793,57.312782913034,https://www.eci.gov.in/eci-backend/public/api/download?url=LMAhAK6sOPBp%2FNFF0iRfXbEB1EVSLT41NNLRjYNJJP1KivrUxbfqkDatmHy12e%2FzVx8fLfn2ReU7TfrqYobgIr%2FES8aGdKampBdwSTbjM6yOcLZKH6gMXzMxtlEgJAvvmsoQOGktPi%2BF1O1KdFTP84tK%2Bm2JMLJFNpCaNXC8AsdAG59LOHy6Ju9DleGoTSXG
AE,Uttar Pradesh,2022,361,Ballia Nagar,207077,168201,22,375300,2115,108075,92385,8,2536,203004,54.091127098321,https://www.eci.gov.in/eci-backend/public/api/download?url=LMAhAK6sOPBp%2FNFF0iRfXbEB1EVSLT41NNLRjYNJJP1KivrUxbfqkDatmHy12e%2FzVx8fLfn2ReU7TfrqYobgIr%2FES8aGdKampBdwSTbjM6yOcLZKH6gMXzMxtlEgJAvvmsoQOGktPi%2BF1O1KdFTP84tK%2Bm2JMLJFNpCaNXC8AsdAG59LOHy6Ju9DleGoTSXG
AE,Uttar Pradesh,2022,362,Bansdih,220990,187237,36,408263,2326,106802,108394,2,1796,216994,53.1505426649,https://www.eci.gov.in/eci-backend/public/api/download?url=LMAhAK6sOPBp%2FNFF0iRfXbEB1EVSLT41NNLRjYNJJP1KivrUxbfqkDatmHy12e%2FzVx8fLfn2ReU7TfrqYobgIr%2FES8aGdKampBdwSTbjM6yOcLZKH6gMXzMxtlEgJAvvmsoQOGktPi%2BF1O1KdFTP84tK%2Bm2JMLJFNpCaNXC8AsdAG59LOHy6Ju9DleGoTSXG
AE,Uttar Pradesh,2022,363,Bairia,200067,167094,15,367176,2737,89164,86249,0,1557,176970,48.197594614027,https://www.eci.gov.in/eci-backend/public/api/download?url=LMAhAK6sOPBp%2FNFF0iRfXbEB1EVSLT41NNLRjYNJJP1KivrUxbfqkDatmHy12e%2FzVx8fLfn2ReU7TfrqYobgIr%2FES8aGdKampBdwSTbjM6yOcLZKH6gMXzMxtlEgJAvvmsoQOGktPi%2BF1O1KdFTP84tK%2Bm2JMLJFNpCaNXC8AsdAG59LOHy6Ju9DleGoTSXG
AE,Uttar Pradesh,2022,364,Badlapur,181142,170196,18,351356,497,97086,108619,3,1751,207459,59.045241862954,https://www.eci.gov.in/eci-backend/public/api/download?url=LMAhAK6sOPBp%2FNFF0iRfXbEB1EVSLT41NNLRjYNJJP1KivrUxbfqkDatmHy12e%2FzVx8fLfn2ReU7TfrqYobgIr%2FES8aGdKampBdwSTbjM6yOcLZKH6gMXzMxtlEgJAvvmsoQOGktPi%2BF1O1KdFTP84tK%2Bm2JMLJFNpCaNXC8AsdAG59LOHy6Ju9DleGoTSXG
AE,Uttar Pradesh,2022,365,Shahganj,210839,196577,23,407439,300,115582,124124,0,1265,240971,59.142841014238,https://www.eci.gov.in/eci-backend/public/api/download?url=LMAhAK6sOPBp%2FNFF0iRfXbEB1EVSLT41NNLRjYNJJP1KivrUxbfqkDatmHy12e%2FzVx8fLfn2ReU7TfrqYobgIr%2FES8aGdKampBdwSTbjM6yOcLZKH6gMXzMxtlEgJAvvmsoQOGktPi%2BF1O1KdFTP84tK%2Bm2JMLJFNpCaNXC8AsdAG59LOHy6Ju9DleGoTSXG
AE,Uttar Pradesh,2022,366,Jaunpur,227983,207636,15,435634,138,123136,123487,1,1966,248590,57.0639573587,https://www.eci.gov.in/eci-backend/public/api/download?url=LMAhAK6sOPBp%2FNFF0iRfXbEB1EVSLT41NNLRjYNJJP1KivrUxbfqkDatmHy12e%2FzVx8fLfn2ReU7TfrqYobgIr%2FES8aGdKampBdwSTbjM6yOcLZKH6gMXzMxtlEgJAvvmsoQOGktPi%2BF1O1KdFTP84tK%2Bm2JMLJFNpCaNXC8AsdAG59LOHy6Ju9DleGoTSXG
AE,Uttar Pradesh,2022,367,Malhani,195002,184382,5,379389,554,108904,117417,0,2495,228816,60.311711725959,https://www.eci.gov.in/eci-backend/public/api/download?url=LMAhAK6sOPBp%2FNFF0iRfXbEB1EVSLT41NNLRjYNJJP1KivrUxbfqkDatmHy12e%2FzVx8fLfn2ReU7TfrqYobgIr%2FES8aGdKampBdwSTbjM6yOcLZKH6gMXzMxtlEgJAvvmsoQOGktPi%2BF1O1KdFTP84tK%2Bm2JMLJFNpCaNXC8AsdAG59LOHy6Ju9DleGoTSXG
AE,Uttar Pradesh,2022,368,Mungra Badshahpur,203205,183201,16,386422,279,104573,113925,1,1201,219700,56.85494097127,https://www.eci.gov.in/eci-backend/public/api/download?url=LMAhAK6sOPBp%2FNFF0iRfXbEB1EVSLT41NNLRjYNJJP1KivrUxbfqkDatmHy12e%2FzVx8fLfn2ReU7TfrqYobgIr%2FES8aGdKampBdwSTbjM6yOcLZKH6gMXzMxtlEgJAvvmsoQOGktPi%2BF1O1KdFTP84tK%2Bm2JMLJFNpCaNXC8AsdAG59LOHy6Ju9DleGoTSXG
AE,Uttar Pradesh,2022,369,Machhlishahr,210762,191302,14,402078,290,101331,115796,0,1185,218312,54.295932629987,https://www.eci.gov.in/eci-backend/public/api/download?url=LMAhAK6sOPBp%2FNFF0iRfXbEB1EVSLT41NNLRjYNJJP1KivrUxbfqkDatmHy12e%2FzVx8fLfn2ReU7TfrqYobgIr%2FES8aGdKampBdwSTbjM6yOcLZKH6gMXzMxtlEgJAvvmsoQOGktPi%2BF1O1KdFTP84tK%2Bm2JMLJFNpCaNXC8AsdAG59LOHy6Ju9DleGoTSXG
AE,Uttar Pradesh,2022,370,Mariyahu,176170,161298,15,337483,446,90550,101941,0,1222,193713,57.399335670241,https://www.eci.gov.in/eci-backend/public/api/download?url=LMAhAK6sOPBp%2FNFF0iRfXbEB1EVSLT41NNLRjYNJJP1KivrUxbfqkDatmHy12e%2FzVx8fLfn2ReU7TfrqYobgIr%2FES8aGdKampBdwSTbjM6yOcLZKH6gMXzMxtlEgJAvvmsoQOGktPi%2BF1O1KdFTP84tK%2Bm2JMLJFNpCaNXC8AsdAG59LOHy6Ju9DleGoTSXG
AE,Uttar Pradesh,2022,371,Zafrabad,209232,189264,15,398511,563,105844,115907,0,1817,223568,56.100835359626,https://www.eci.gov.in/eci-backend/public/api/download?url=LMAhAK6sOPBp%2FNFF0iRfXbEB1EVSLT41NNLRjYNJJP1KivrUxbfqkDatmHy12e%2FzVx8fLfn2ReU7TfrqYobgIr%2FES8aGdKampBdwSTbjM6yOcLZKH6gMXzMxtlEgJAvvmsoQOGktPi%2BF1O1KdFTP84tK%2Bm2JMLJFNpCaNXC8AsdAG59LOHy6Ju9DleGoTSXG
AE,Uttar Pradesh,2022,372,Kerakat,216226,200469,25,416720,1036,111229,127522,0,1665,240416,57.692455365713,https://www.eci.gov.in/eci-backend/public/api/download?url=LMAhAK6sOPBp%2FNFF0iRfXbEB1EVSLT41NNLRjYNJJP1KivrUxbfqkDatmHy12e%2FzVx8fLfn2ReU7TfrqYobgIr%2FES8aGdKampBdwSTbjM6yOcLZKH6gMXzMxtlEgJAvvmsoQOGktPi%2BF1O1KdFTP84tK%2Bm2JMLJFNpCaNXC8AsdAG59LOHy6Ju9DleGoTSXG
AE,Uttar Pradesh,2022,373,Jakhanian,233281,199042,14,432337,2039,122780,130202,0,2419,255401,59.074518257748,https://www.eci.gov.in/eci-backend/public/api/download?url=LMAhAK6sOPBp%2FNFF0iRfXbEB1EVSLT41NNLRjYNJJP1KivrUxbfqkDatmHy12e%2FzVx8fLfn2ReU7TfrqYobgIr%2FES8aGdKampBdwSTbjM6yOcLZKH6gMXzMxtlEgJAvvmsoQOGktPi%2BF1O1KdFTP84tK%2Bm2JMLJFNpCaNXC8AsdAG59LOHy6Ju9DleGoTSXG
AE,Uttar Pradesh,2022,374,Saidpur,212299,188332,28,400659,2019,114631,120187,2,2294,237114,59.180999303647,https://www.eci.gov.in/eci-backend/public/api/download?url=LMAhAK6sOPBp%2FNFF0iRfXbEB1EVSLT41NNLRjYNJJP1KivrUxbfqkDatmHy12e%2FzVx8fLfn2ReU7TfrqYobgIr%2FES8aGdKampBdwSTbjM6yOcLZKH6gMXzMxtlEgJAvvmsoQOGktPi%2BF1O1KdFTP84tK%2Bm2JMLJFNpCaNXC8AsdAG59LOHy6Ju9DleGoTSXG
AE,Uttar Pradesh,2022,375,Ghazipur,192593,172623,22,365238,2411,114212,110096,1,2808,227117,62.183288704899,https://www.eci.gov.in/eci-backend/public/api/download?url=LMAhAK6sOPBp%2FNFF0iRfXbEB1EVSLT41NNLRjYNJJP1KivrUxbfqkDatmHy12e%2FzVx8fLfn2ReU7TfrqYobgIr%2FES8aGdKampBdwSTbjM6yOcLZKH6gMXzMxtlEgJAvvmsoQOGktPi%2BF1O1KdFTP84tK%2Bm2JMLJFNpCaNXC8AsdAG59LOHy6Ju9DleGoTSXG
AE,Uttar Pradesh,2022,376,Jangipur,201238,175569,12,376819,3221,115415,113117,1,2493,231026,61.309541185556,https://www.eci.gov.in/eci-backend/public/api/download?url=LMAhAK6sOPBp%2FNFF0iRfXbEB1EVSLT41NNLRjYNJJP1KivrUxbfqkDatmHy12e%2FzVx8fLfn2ReU7TfrqYobgIr%2FES8aGdKampBdwSTbjM6yOcLZKH6gMXzMxtlEgJAvvmsoQOGktPi%2BF1O1KdFTP84tK%2Bm2JMLJFNpCaNXC8AsdAG59LOHy6Ju9DleGoTSXG
AE,Uttar Pradesh,2022,377,Zahoorabad,218081,188996,14,407091,2053,121491,124474,0,1789,247754,60.859611241713,https://www.eci.gov.in/eci-backend/public/api/download?url=LMAhAK6sOPBp%2FNFF0iRfXbEB1EVSLT41NNLRjYNJJP1KivrUxbfqkDatmHy12e%2FzVx8fLfn2ReU7TfrqYobgIr%2FES8aGdKampBdwSTbjM6yOcLZKH6gMXzMxtlEgJAvvmsoQOGktPi%2BF1O1KdFTP84tK%2Bm2JMLJFNpCaNXC8AsdAG59LOHy6Ju9DleGoTSXG
AE,Uttar Pradesh,2022,378,Mohammadabad,231370,193434,33,424837,3983,126726,117890,3,2316,246935,58.124645452256,https://www.eci.gov.in/eci-backend/public/api/download?url=LMAhAK6sOPBp%2FNFF0iRfXbEB1EVSLT41NNLRjYNJJP1KivrUxbfqkDatmHy12e%2FzVx8fLfn2ReU7TfrqYobgIr%2FES8aGdKampBdwSTbjM6yOcLZKH6gMXzMxtlEgJAvvmsoQOGktPi%2BF1O1KdFTP84tK%2Bm2JMLJFNpCaNXC8AsdAG59LOHy6Ju9DleGoTSXG
AE,Uttar Pradesh,2022,379,Zamania,230899,195064,15,425978,4078,119438,112384,0,2068,233890,54.906591420214,https://www.eci.gov.in/eci-backend/public/api/download?url=LMAhAK6sOPBp%2FNFF0iRfXbEB1EVSLT41NNLRjYNJJP1KivrUxbfqkDatmHy12e%2FzVx8fLfn2ReU7TfrqYobgIr%2FES8aGdKampBdwSTbjM6yOcLZKH6gMXzMxtlEgJAvvmsoQOGktPi%2BF1O1KdFTP84tK%2Bm2JMLJFNpCaNXC8AsdAG59LOHy6Ju9DleGoTSXG
AE,Uttar Pradesh,2022,380,Mughalsarai,217090,183678,62,400830,741,134154,106035,8,1058,241255,60.188858119402,https://www.eci.gov.in/eci-backend/public/api/download?url=LMAhAK6sOPBp%2FNFF0iRfXbEB1EVSLT41NNLRjYNJJP1KivrUxbfqkDatmHy12e%2FzVx8fLfn2ReU7TfrqYobgIr%2FES8aGdKampBdwSTbjM6yOcLZKH6gMXzMxtlEgJAvvmsoQOGktPi%2BF1O1KdFTP84tK%2Bm2JMLJFNpCaNXC8AsdAG59LOHy6Ju9DleGoTSXG
AE,Uttar Pradesh,2022,381,Sakaldiha,181983,153839,6,335828,2569,109829,100576,0,2221,212626,63.313958335815,https://www.eci.gov.in/eci-backend/public/api/download?url=LMAhAK6sOPBp%2FNFF0iRfXbEB1EVSLT41NNLRjYNJJP1KivrUxbfqkDatmHy12e%2FzVx8fLfn2ReU7TfrqYobgIr%2FES8aGdKampBdwSTbjM6yOcLZKH6gMXzMxtlEgJAvvmsoQOGktPi%2BF1O1KdFTP84tK%2Bm2JMLJFNpCaNXC8AsdAG59LOHy6Ju9DleGoTSXG
AE,Uttar Pradesh,2022,382,Saiyadraja,181503,151753,24,333280,1415,107059,101797,1,1489,210346,63.113898223716,https://www.eci.gov.in/eci-backend/public/api/download?url=LMAhAK6sOPBp%2FNFF0iRfXbEB1EVSLT41NNLRjYNJJP1KivrUxbfqkDatmHy12e%2FzVx8fLfn2ReU7TfrqYobgIr%2FES8aGdKampBdwSTbjM6yOcLZKH6gMXzMxtlEgJAvvmsoQOGktPi%2BF1O1KdFTP84tK%2Bm2JMLJFNpCaNXC8AsdAG59LOHy6Ju9DleGoTSXG
AE,Uttar Pradesh,2022,383,Chakia,201099,177313,2,378414,924,128414,117536,0,860,246810,65.222216937006,https://www.eci.gov.in/eci-backend/public/api/download?url=LMAhAK6sOPBp%2FNFF0iRfXbEB1EVSLT41NNLRjYNJJP1KivrUxbfqkDatmHy12e%2FzVx8fLfn2ReU7TfrqYobgIr%2FES8aGdKampBdwSTbjM6yOcLZKH6gMXzMxtlEgJAvvmsoQOGktPi%2BF1O1KdFTP84tK%2Bm2JMLJFNpCaNXC8AsdAG59LOHy6Ju9DleGoTSXG
AE,Uttar Pradesh,2022,384,Pindra,201650,171807,15,373472,833,109868,109871,0,975,220714,59.097870790849,https://www.eci.gov.in/eci-backend/public/api/download?url=LMAhAK6sOPBp%2FNFF0iRfXbEB1EVSLT41NNLRjYNJJP1KivrUxbfqkDatmHy12e%2FzVx8fLfn2ReU7TfrqYobgIr%2FES8aGdKampBdwSTbjM6yOcLZKH6gMXzMxtlEgJAvvmsoQOGktPi%2BF1O1KdFTP84tK%2Bm2JMLJFNpCaNXC8AsdAG59LOHy6Ju9DleGoTSXG
AE,Uttar Pradesh,2022,385,Ajagara,200328,173728,12,374068,1556,126991,117152,2,1139,245284,65.572035031064,https://www.eci.gov.in/eci-backend/public/api/download?url=LMAhAK6sOPBp%2FNFF0iRfXbEB1EVSLT41NNLRjYNJJP1KivrUxbfqkDatmHy12e%2FzVx8fLfn2ReU7TfrqYobgIr%2FES8aGdKampBdwSTbjM6yOcLZKH6gMXzMxtlEgJAvvmsoQOGktPi%2BF1O1KdFTP84tK%2Bm2JMLJFNpCaNXC8AsdAG59LOHy6Ju9DleGoTSXG
AE,Uttar Pradesh,2022,386,Shivpur,205193,169359,11,374563,1267,137627,113160,0,1141,251928,67.259179363685,https://www.eci.gov.in/eci-backend/public/api/download?url=LMAhAK6sOPBp%2FNFF0iRfXbEB1EVSLT41NNLRjYNJJP1KivrUxbfqkDatmHy12e%2FzVx8fLfn2ReU7TfrqYobgIr%2FES8aGdKampBdwSTbjM6yOcLZKH6gMXzMxtlEgJAvvmsoQOGktPi%2BF1O1KdFTP84tK%2Bm2JMLJFNpCaNXC8AsdAG59LOHy6Ju9DleGoTSXG
AE,Uttar Pradesh,2022,387,Rohaniya,226993,181635,25,408653,736,138016,107652,0,1146,246814,60.396962704299,https://www.eci.gov.in/eci-backend/public/api/download?url=LMAhAK6sOPBp%2FNFF0iRfXbEB1EVSLT41NNLRjYNJJP1KivrUxbfqkDatmHy12e%2FzVx8fLfn2ReU7TfrqYobgIr%2FES8aGdKampBdwSTbjM6yOcLZKH6gMXzMxtlEgJAvvmsoQOGktPi%2BF1O1KdFTP84tK%2Bm2JMLJFNpCaNXC8AsdAG59LOHy6Ju9DleGoTSXG
AE,Uttar Pradesh,2022,388,Varanasi North,233955,193137,42,427134,347,139544,105299,5,1574,246422,57.691965519017,https://www.eci.gov.in/eci-backend/public/api/download?url=LMAhAK6sOPBp%2FNFF0iRfXbEB1EVSLT41NNLRjYNJJP1KivrUxbfqkDatmHy12e%2FzVx8fLfn2ReU7TfrqYobgIr%2FES8aGdKampBdwSTbjM6yOcLZKH6gMXzMxtlEgJAvvmsoQOGktPi%2BF1O1KdFTP84tK%2Bm2JMLJFNpCaNXC8AsdAG59LOHy6Ju9DleGoTSXG
AE,Uttar Pradesh,2022,389,Varanasi South,178104,145415,32,323551,81,113749,81599,2,519,195869,60.537287784615,https://www.eci.gov.in/eci-backend/public/api/download?url=LMAhAK6sOPBp%2FNFF0iRfXbEB1EVSLT41NNLRjYNJJP1KivrUxbfqkDatmHy12e%2FzVx8fLfn2ReU7TfrqYobgIr%2FES8aGdKampBdwSTbjM6yOcLZKH6gMXzMxtlEgJAvvmsoQOGktPi%2BF1O1KdFTP84tK%2Bm2JMLJFNpCaNXC8AsdAG59LOHy6Ju9DleGoTSXG
AE,Uttar Pradesh,2022,390,Varanasi Cantt.,251963,207278,36,459277,352,137546,105091,4,1206,243847,53.093666784969,https://www.eci.gov.in/eci-backend/public/api/download?url=LMAhAK6sOPBp%2FNFF0iRfXbEB1EVSLT41NNLRjYNJJP1KivrUxbfqkDatmHy12e%2FzVx8fLfn2ReU7TfrqYobgIr%2FES8aGdKampBdwSTbjM6yOcLZKH6gMXzMxtlEgJAvvmsoQOGktPi%2BF1O1KdFTP84tK%2Bm2JMLJFNpCaNXC8AsdAG59LOHy6Ju9DleGoTSXG
AE,Uttar Pradesh,2022,391,Sevapuri,187936,158138,16,346090,796,116064,104111,0,798,220973,63.848420930972,https://www.eci.gov.in/eci-backend/public/api/download?url=LMAhAK6sOPBp%2FNFF0iRfXbEB1EVSLT41NNLRjYNJJP1KivrUxbfqkDatmHy12e%2FzVx8fLfn2ReU7TfrqYobgIr%2FES8aGdKampBdwSTbjM6yOcLZKH6gMXzMxtlEgJAvvmsoQOGktPi%2BF1O1KdFTP84tK%2Bm2JMLJFNpCaNXC8AsdAG59LOHy6Ju9DleGoTSXG
AE,Uttar Pradesh,2022,392,Bhadohi,228492,200671,38,429201,289,125446,123721,2,1239,250408,58.342827719414,https://www.eci.gov.in/eci-backend/public/api/download?url=LMAhAK6sOPBp%2FNFF0iRfXbEB1EVSLT41NNLRjYNJJP1KivrUxbfqkDatmHy12e%2FzVx8fLfn2ReU7TfrqYobgIr%2FES8aGdKampBdwSTbjM6yOcLZKH6gMXzMxtlEgJAvvmsoQOGktPi%2BF1O1KdFTP84tK%2Bm2JMLJFNpCaNXC8AsdAG59LOHy6Ju9DleGoTSXG
AE,Uttar Pradesh,2022,393,Gyanpur,205800,185125,46,390971,440,102045,112042,0,1383,215470,55.111504433833,https://www.eci.gov.in/eci-backend/public/api/download?url=LMAhAK6sOPBp%2FNFF0iRfXbEB1EVSLT41NNLRjYNJJP1KivrUxbfqkDatmHy12e%2FzVx8fLfn2ReU7TfrqYobgIr%2FES8aGdKampBdwSTbjM6yOcLZKH6gMXzMxtlEgJAvvmsoQOGktPi%2BF1O1KdFTP84tK%2Bm2JMLJFNpCaNXC8AsdAG59LOHy6Ju9DleGoTSXG
AE,Uttar Pradesh,2022,394,Aurai,198770,178901,21,377692,283,110669,113145,0,1255,225069,59.590618811095,https://www.eci.gov.in/eci-backend/public/api/download?url=LMAhAK6sOPBp%2FNFF0iRfXbEB1EVSLT41NNLRjYNJJP1KivrUxbfqkDatmHy12e%2FzVx8fLfn2ReU7TfrqYobgIr%2FES8aGdKampBdwSTbjM6yOcLZKH6gMXzMxtlEgJAvvmsoQOGktPi%2BF1O1KdFTP84tK%2Bm2JMLJFNpCaNXC8AsdAG59LOHy6Ju9DleGoTSXG
AE,Uttar Pradesh,2022,395,Chhanbey,196745,177500,46,374291,504,106195,109971,1,689,216856,57.937807748517,https://www.eci.gov.in/eci-backend/public/api/download?url=LMAhAK6sOPBp%2FNFF0iRfXbEB1EVSLT41NNLRjYNJJP1KivrUxbfqkDatmHy12e%2FzVx8fLfn2ReU7TfrqYobgIr%2FES8aGdKampBdwSTbjM6yOcLZKH6gMXzMxtlEgJAvvmsoQOGktPi%2BF1O1KdFTP84tK%2Bm2JMLJFNpCaNXC8AsdAG59LOHy6Ju9DleGoTSXG
AE,Uttar Pradesh,2022,396,Mirzapur,212753,190592,29,403374,532,118867,107549,4,1382,227802,56.474140623838,https://www.eci.gov.in/eci-backend/public/api/download?url=LMAhAK6sOPBp%2FNFF0iRfXbEB1EVSLT41NNLRjYNJJP1KivrUxbfqkDatmHy12e%2FzVx8fLfn2ReU7TfrqYobgIr%2FES8aGdKampBdwSTbjM6yOcLZKH6gMXzMxtlEgJAvvmsoQOGktPi%2BF1O1KdFTP84tK%2Bm2JMLJFNpCaNXC8AsdAG59LOHy6Ju9DleGoTSXG
AE,Uttar Pradesh,2022,397,Majhawan,209803,188046,28,397877,770,125432,119014,0,1128,245574,61.721084656816,https://www.eci.gov.in/eci-backend/public/api/download?url=LMAhAK6sOPBp%2FNFF0iRfXbEB1EVSLT41NNLRjYNJJP1KivrUxbfqkDatmHy12e%2FzVx8fLfn2ReU7TfrqYobgIr%2FES8aGdKampBdwSTbjM6yOcLZKH6gMXzMxtlEgJAvvmsoQOGktPi%2BF1O1KdFTP84tK%2Bm2JMLJFNpCaNXC8AsdAG59LOHy6Ju9DleGoTSXG
AE,Uttar Pradesh,2022,398,Chunar,185384,168877,13,354274,883,115430,104333,0,1200,220963,62.370650965072,https://www.eci.gov.in/eci-backend/public/api/download?url=LMAhAK6sOPBp%2FNFF0iRfXbEB1EVSLT41NNLRjYNJJP1KivrUxbfqkDatmHy12e%2FzVx8fLfn2ReU7TfrqYobgIr%2FES8aGdKampBdwSTbjM6yOcLZKH6gMXzMxtlEgJAvvmsoQOGktPi%2BF1O1KdFTP84tK%2Bm2JMLJFNpCaNXC8AsdAG59LOHy6Ju9DleGoTSXG
AE,Uttar Pradesh,2022,399,Marihan,192054,174421,14,366489,328,122401,113740,0,619,236760,64.60221179899,https://www.eci.gov.in/eci-backend/public/api/download?url=LMAhAK6sOPBp%2FNFF0iRfXbEB1EVSLT41NNLRjYNJJP1KivrUxbfqkDatmHy12e%2FzVx8fLfn2ReU7TfrqYobgIr%2FES8aGdKampBdwSTbjM6yOcLZKH6gMXzMxtlEgJAvvmsoQOGktPi%2BF1O1KdFTP84tK%2Bm2JMLJFNpCaNXC8AsdAG59LOHy6Ju9DleGoTSXG
AE,Uttar Pradesh,2022,400,Ghorawal,209088,185129,14,394231,182,130501,118951,0,924,250376,63.509972579528,https://www.eci.gov.in/eci-backend/public/api/download?url=LMAhAK6sOPBp%2FNFF0iRfXbEB1EVSLT41NNLRjYNJJP1KivrUxbfqkDatmHy12e%2FzVx8fLfn2ReU7TfrqYobgIr%2FES8aGdKampBdwSTbjM6yOcLZKH6gMXzMxtlEgJAvvmsoQOGktPi%2BF1O1KdFTP84tK%2Bm2JMLJFNpCaNXC8AsdAG59LOHy6Ju9DleGoTSXG
AE,Uttar Pradesh,2022,401,Robertsganj,183258,160215,12,343485,242,107452,101608,1,738,209799,61.07952312328,https://www.eci.gov.in/eci-backend/public/api/download?url=LMAhAK6sOPBp%2FNFF0iRfXbEB1EVSLT41NNLRjYNJJP1KivrUxbfqkDatmHy12e%2FzVx8fLfn2ReU7TfrqYobgIr%2FES8aGdKampBdwSTbjM6yOcLZKH6gMXzMxtlEgJAvvmsoQOGktPi%2BF1O1KdFTP84tK%2Bm2JMLJFNpCaNXC8AsdAG59LOHy6Ju9DleGoTSXG
AE,Uttar Pradesh,2022,402,Obra,176008,151540,8,327556,66,87755,74824,0,573,163152,49.808887640587,https://www.eci.gov.in/eci-backend/public/api/download?url=LMAhAK6sOPBp%2FNFF0iRfXbEB1EVSLT41NNLRjYNJJP1KivrUxbfqkDatmHy12e%2FzVx8fLfn2ReU7TfrqYobgIr%2FES8aGdKampBdwSTbjM6yOcLZKH6gMXzMxtlEgJAvvmsoQOGktPi%2BF1O1KdFTP84tK%2Bm2JMLJFNpCaNXC8AsdAG59LOHy6Ju9DleGoTSXG
AE,Uttar Pradesh,2022,403,Duddhi,175706,156313,14,332033,99,103818,99925,2,758,204503,61.591167143025,https://www.eci.gov.in/eci-backend/public/api/download?url=LMAhAK6sOPBp%2FNFF0iRfXbEB1EVSLT41NNLRjYNJJP1KivrUxbfqkDatmHy12e%2FzVx8fLfn2ReU7TfrqYobgIr%2FES8aGdKampBdwSTbjM6yOcLZKH6gMXzMxtlEgJAvvmsoQOGktPi%2BF1O1KdFTP84tK%2Bm2JMLJFNpCaNXC8AsdAG59LOHy6Ju9DleGoTSXG
