arena,state,year,seat_no,seat_name,el_m,el_f,el_tg,el_total,svc,vt_m,vt_f,vt_tg,vt_postal,vt_total,poll_pct,source_file
AE,Uttar Pradesh,2017,1,Behat,179920,156649,7,336576,154,133692,118113,0,758,252563,75.04,https://www.eci.gov.in/eci-backend/public/api/download?url=LMAhAK6sOPBp%2FNFF0iRfXbEB1EVSLT41NNLRjYNJJP1KivrUxbfqkDatmHy12e%2FzVx8fLfn2ReU7TfrqYobgItyDaAQLMPt5uBD0qgj68t8z0tjGBeGpxJ4UA6XdyD6UDI6J3aw8rCvfDVAYu%2BkuTeXm7TVpjrwYfccyqfoXvvwrdBwUg1K6CIjdwGHhtOtm
AE,Uttar Pradesh,2017,2,Nakur,175728,153845,7,329580,428,134632,120168,0,828,255628,77.56,https://www.eci.gov.in/eci-backend/public/api/download?url=LMAhAK6sOPBp%2FNFF0iRfXbEB1EVSLT41NNLRjYNJJP1KivrUxbfqkDatmHy12e%2FzVx8fLfn2ReU7TfrqYobgItyDaAQLMPt5uBD0qgj68t8z0tjGBeGpxJ4UA6XdyD6UDI6J3aw8rCvfDVAYu%2BkuTeXm7TVpjrwYfccyqfoXvvwrdBwUg1K6CIjdwGHhtOtm
AE,Uttar Pradesh,2017,3,Saharanpur Nagar,210503,183024,37,393564,246,146885,124118,2,1519,272524,69.25,https://www.eci.gov.in/eci-backend/public/api/download?url=LMAhAK6sOPBp%2FNFF0iRfXbEB1EVSLT41NNLRjYNJJP1KivrUxbfqkDatmHy12e%2FzVx8fLfn2ReU7TfrqYobgItyDaAQLMPt5uBD0qgj68t8z0tjGBeGpxJ4UA6XdyD6UDI6J3aw8rCvfDVAYu%2BkuTeXm7TVpjrwYfccyqfoXvvwrdBwUg1K6CIjdwGHhtOtm
AE,Uttar Pradesh,2017,4,Saharanpur,171963,145440,10,317413,274,127040,109475,0,960,237475,74.82,https://www.eci.gov.in/eci-backend/public/api/download?url=LMAhAK6sOPBp%2FNFF0iRfXbEB1EVSLT41NNLRjYNJJP1KivrUxbfqkDatmHy12e%2FzVx8fLfn2ReU7TfrqYobgItyDaAQLMPt5uBD0qgj68t8z0tjGBeGpxJ4UA6XdyD6UDI6J3aw8rCvfDVAYu%2BkuTeXm7TVpjrwYfccyqfoXvvwrdBwUg1K6CIjdwGHhtOtm
AE,Uttar Pradesh,2017,5,Deoband,177796,149757,11,327564,624,126755,106980,0,675,234410,71.56,https://www.eci.gov.in/eci-backend/public/api/download?url=LMAhAK6sOPBp%2FNFF0iRfXbEB1EVSLT41NNLRjYNJJP1KivrUxbfqkDatmHy12e%2FzVx8fLfn2ReU7TfrqYobgItyDaAQLMPt5uBD0qgj68t8z0tjGBeGpxJ4UA6XdyD6UDI6J3aw8rCvfDVAYu%2BkuTeXm7TVpjrwYfccyqfoXvvwrdBwUg1K6CIjdwGHhtOtm
AE,Uttar Pradesh,2017,6,Rampur Maniharan (SC),161043,136938,2,297983,468,117290,100803,1,833,218927,73.47,https://www.eci.gov.in/eci-backend/public/api/download?url=LMAhAK6sOPBp%2FNFF0iRfXbEB1EVSLT41NNLRjYNJJP1KivrUxbfqkDatmHy12e%2FzVx8fLfn2ReU7TfrqYobgItyDaAQLMPt5uBD0qgj68t8z0tjGBeGpxJ4UA6XdyD6UDI6J3aw8rCvfDVAYu%2BkuTeXm7TVpjrwYfccyqfoXvvwrdBwUg1K6CIjdwGHhtOtm
AE,Uttar Pradesh,2017,7,Gangoh,192197,165338,10,357545,480,136862,119888,0,714,257464,72.01,https://www.eci.gov.in/eci-backend/public/api/download?url=LMAhAK6sOPBp%2FNFF0iRfXbEB1EVSLT41NNLRjYNJJP1KivrUxbfqkDatmHy12e%2FzVx8fLfn2ReU7TfrqYobgItyDaAQLMPt5uBD0qgj68t8z0tjGBeGpxJ4UA6XdyD6UDI6J3aw8rCvfDVAYu%2BkuTeXm7TVpjrwYfccyqfoXvvwrdBwUg1K6CIjdwGHhtOtm
AE,Uttar Pradesh,2017,8,Kairana,163915,136739,5,300659,266,113730,94963,1,471,209165,69.57,https://www.eci.gov.in/eci-backend/public/api/download?url=LMAhAK6sOPBp%2FNFF0iRfXbEB1EVSLT41NNLRjYNJJP1KivrUxbfqkDatmHy12e%2FzVx8fLfn2ReU7TfrqYobgItyDaAQLMPt5uBD0qgj68t8z0tjGBeGpxJ4UA6XdyD6UDI6J3aw8rCvfDVAYu%2BkuTeXm7TVpjrwYfccyqfoXvvwrdBwUg1K6CIjdwGHhtOtm
AE,Uttar Pradesh,2017,9,Thana Bhawan,171460,139899,46,311405,684,116131,96118,1,457,212707,68.31,https://www.eci.gov.in/eci-backend/public/api/download?url=LMAhAK6sOPBp%2FNFF0iRfXbEB1EVSLT41NNLRjYNJJP1KivrUxbfqkDatmHy12e%2FzVx8fLfn2ReU7TfrqYobgItyDaAQLMPt5uBD0qgj68t8z0tjGBeGpxJ4UA6XdyD6UDI6J3aw8rCvfDVAYu%2BkuTeXm7TVpjrwYfccyqfoXvvwrdBwUg1K6CIjdwGHhtOtm
AE,Uttar Pradesh,2017,10,Shamli,166053,133796,7,299856,1024,109223,86260,1,871,196355,65.48,https://www.eci.gov.in/eci-backend/public/api/download?url=LMAhAK6sOPBp%2FNFF0iRfXbEB1EVSLT41NNLRjYNJJP1KivrUxbfqkDatmHy12e%2FzVx8fLfn2ReU7TfrqYobgItyDaAQLMPt5uBD0qgj68t8z0tjGBeGpxJ4UA6XdyD6UDI6J3aw8rCvfDVAYu%2BkuTeXm7TVpjrwYfccyqfoXvvwrdBwUg1K6CIjdwGHhtOtm
AE,Uttar Pradesh,2017,11,Budhana,196507,162625,8,359140,415,129561,111037,0,536,241134,67.14,https://www.eci.gov.in/eci-backend/public/api/download?url=LMAhAK6sOPBp%2FNFF0iRfXbEB1EVSLT41NNLRjYNJJP1KivrUxbfqkDatmHy12e%2FzVx8fLfn2ReU7TfrqYobgItyDaAQLMPt5uBD0qgj68t8z0tjGBeGpxJ4UA6XdyD6UDI6J3aw8rCvfDVAYu%2BkuTeXm7TVpjrwYfccyqfoXvvwrdBwUg1K6CIjdwGHhtOtm
AE,Uttar Pradesh,2017,12,Charthawal,172470,141857,11,314338,337,111814,94675,1,492,206982,65.85,https://www.eci.gov.in/eci-backend/public/api/download?url=LMAhAK6sOPBp%2FNFF0iRfXbEB1EVSLT41NNLRjYNJJP1KivrUxbfqkDatmHy12e%2FzVx8fLfn2ReU7TfrqYobgItyDaAQLMPt5uBD0qgj68t8z0tjGBeGpxJ4UA6XdyD6UDI6J3aw8rCvfDVAYu%2BkuTeXm7TVpjrwYfccyqfoXvvwrdBwUg1K6CIjdwGHhtOtm
AE,Uttar Pradesh,2017,13,Purqazi (SC),172128,141823,17,313968,114,110896,92682,0,758,204336,65.08,https://www.eci.gov.in/eci-backend/public/api/download?url=LMAhAK6sOPBp%2FNFF0iRfXbEB1EVSLT41NNLRjYNJJP1KivrUxbfqkDatmHy12e%2FzVx8fLfn2ReU7TfrqYobgItyDaAQLMPt5uBD0qgj68t8z0tjGBeGpxJ4UA6XdyD6UDI6J3aw8rCvfDVAYu%2BkuTeXm7TVpjrwYfccyqfoXvvwrdBwUg1K6CIjdwGHhtOtm
AE,Uttar Pradesh,2017,14,Muzaffar Nagar,181616,152691,25,334332,145,116691,97796,2,1113,215602,64.49,https://www.eci.gov.in/eci-backend/public/api/download?url=LMAhAK6sOPBp%2FNFF0iRfXbEB1EVSLT41NNLRjYNJJP1KivrUxbfqkDatmHy12e%2FzVx8fLfn2ReU7TfrqYobgItyDaAQLMPt5uBD0qgj68t8z0tjGBeGpxJ4UA6XdyD6UDI6J3aw8rCvfDVAYu%2BkuTeXm7TVpjrwYfccyqfoXvvwrdBwUg1K6CIjdwGHhtOtm
AE,Uttar Pradesh,2017,15,Khatauli,160758,137961,19,298738,116,113637,98831,4,646,213118,71.34,https://www.eci.gov.in/eci-backend/public/api/download?url=LMAhAK6sOPBp%2FNFF0iRfXbEB1EVSLT41NNLRjYNJJP1KivrUxbfqkDatmHy12e%2FzVx8fLfn2ReU7TfrqYobgItyDaAQLMPt5uBD0qgj68t8z0tjGBeGpxJ4UA6XdyD6UDI6J3aw8rCvfDVAYu%2BkuTeXm7TVpjrwYfccyqfoXvvwrdBwUg1K6CIjdwGHhtOtm
AE,Uttar Pradesh,2017,16,Meerapur,158043,136106,9,294158,136,108602,95428,1,393,204424,69.49,https://www.eci.gov.in/eci-backend/public/api/download?url=LMAhAK6sOPBp%2FNFF0iRfXbEB1EVSLT41NNLRjYNJJP1KivrUxbfqkDatmHy12e%2FzVx8fLfn2ReU7TfrqYobgItyDaAQLMPt5uBD0qgj68t8z0tjGBeGpxJ4UA6XdyD6UDI6J3aw8rCvfDVAYu%2BkuTeXm7TVpjrwYfccyqfoXvvwrdBwUg1K6CIjdwGHhtOtm
AE,Uttar Pradesh,2017,17,Najibabad,174699,154846,21,329566,161,110063,105301,1,631,215996,65.54,https://www.eci.gov.in/eci-backend/public/api/download?url=LMAhAK6sOPBp%2FNFF0iRfXbEB1EVSLT41NNLRjYNJJP1KivrUxbfqkDatmHy12e%2FzVx8fLfn2ReU7TfrqYobgItyDaAQLMPt5uBD0qgj68t8z0tjGBeGpxJ4UA6XdyD6UDI6J3aw8rCvfDVAYu%2BkuTeXm7TVpjrwYfccyqfoXvvwrdBwUg1K6CIjdwGHhtOtm
AE,Uttar Pradesh,2017,18,Nagina (SC),175092,153478,19,328589,115,105541,103907,0,501,209949,63.89,https://www.eci.gov.in/eci-backend/public/api/download?url=LMAhAK6sOPBp%2FNFF0iRfXbEB1EVSLT41NNLRjYNJJP1KivrUxbfqkDatmHy12e%2FzVx8fLfn2ReU7TfrqYobgItyDaAQLMPt5uBD0qgj68t8z0tjGBeGpxJ4UA6XdyD6UDI6J3aw8rCvfDVAYu%2BkuTeXm7TVpjrwYfccyqfoXvvwrdBwUg1K6CIjdwGHhtOtm
AE,Uttar Pradesh,2017,19,Barhapur,181090,156994,16,338100,277,113799,107879,0,480,222158,65.71,https://www.eci.gov.in/eci-backend/public/api/download?url=LMAhAK6sOPBp%2FNFF0iRfXbEB1EVSLT41NNLRjYNJJP1KivrUxbfqkDatmHy12e%2FzVx8fLfn2ReU7TfrqYobgItyDaAQLMPt5uBD0qgj68t8z0tjGBeGpxJ4UA6XdyD6UDI6J3aw8rCvfDVAYu%2BkuTeXm7TVpjrwYfccyqfoXvvwrdBwUg1K6CIjdwGHhtOtm
AE,Uttar Pradesh,2017,20,Dhampur,151741,130532,6,282279,68,98648,93518,0,877,193043,68.39,https://www.eci.gov.in/eci-backend/public/api/download?url=LMAhAK6sOPBp%2FNFF0iRfXbEB1EVSLT41NNLRjYNJJP1KivrUxbfqkDatmHy12e%2FzVx8fLfn2ReU7TfrqYobgItyDaAQLMPt5uBD0qgj68t8z0tjGBeGpxJ4UA6XdyD6UDI6J3aw8rCvfDVAYu%2BkuTeXm7TVpjrwYfccyqfoXvvwrdBwUg1K6CIjdwGHhtOtm
AE,Uttar Pradesh,2017,21,Nehtaur (SC),153050,133343,17,286410,216,94860,92731,4,643,188238,65.72,https://www.eci.gov.in/eci-backend/public/api/download?url=LMAhAK6sOPBp%2FNFF0iRfXbEB1EVSLT41NNLRjYNJJP1KivrUxbfqkDatmHy12e%2FzVx8fLfn2ReU7TfrqYobgItyDaAQLMPt5uBD0qgj68t8z0tjGBeGpxJ4UA6XdyD6UDI6J3aw8rCvfDVAYu%2BkuTeXm7TVpjrwYfccyqfoXvvwrdBwUg1K6CIjdwGHhtOtm
AE,Uttar Pradesh,2017,22,Bijnor,191629,171539,13,363181,217,126088,118664,1,1155,245908,67.71,https://www.eci.gov.in/eci-backend/public/api/download?url=LMAhAK6sOPBp%2FNFF0iRfXbEB1EVSLT41NNLRjYNJJP1KivrUxbfqkDatmHy12e%2FzVx8fLfn2ReU7TfrqYobgItyDaAQLMPt5uBD0qgj68t8z0tjGBeGpxJ4UA6XdyD6UDI6J3aw8rCvfDVAYu%2BkuTeXm7TVpjrwYfccyqfoXvvwrdBwUg1K6CIjdwGHhtOtm
AE,Uttar Pradesh,2017,23,Chandpur,167480,145315,22,312817,484,113248,104682,1,613,218544,69.86,https://www.eci.gov.in/eci-backend/public/api/download?url=LMAhAK6sOPBp%2FNFF0iRfXbEB1EVSLT41NNLRjYNJJP1KivrUxbfqkDatmHy12e%2FzVx8fLfn2ReU7TfrqYobgItyDaAQLMPt5uBD0qgj68t8z0tjGBeGpxJ4UA6XdyD6UDI6J3aw8rCvfDVAYu%2BkuTeXm7TVpjrwYfccyqfoXvvwrdBwUg1K6CIjdwGHhtOtm
AE,Uttar Pradesh,2017,24,Noorpur,163359,140110,9,303478,353,103418,99195,1,502,203116,66.93,https://www.eci.gov.in/eci-backend/public/api/download?url=LMAhAK6sOPBp%2FNFF0iRfXbEB1EVSLT41NNLRjYNJJP1KivrUxbfqkDatmHy12e%2FzVx8fLfn2ReU7TfrqYobgItyDaAQLMPt5uBD0qgj68t8z0tjGBeGpxJ4UA6XdyD6UDI6J3aw8rCvfDVAYu%2BkuTeXm7TVpjrwYfccyqfoXvvwrdBwUg1K6CIjdwGHhtOtm
AE,Uttar Pradesh,2017,25,Kanth,191344,164270,15,355629,204,133870,118536,4,707,253117,71.17,https://www.eci.gov.in/eci-backend/public/api/download?url=LMAhAK6sOPBp%2FNFF0iRfXbEB1EVSLT41NNLRjYNJJP1KivrUxbfqkDatmHy12e%2FzVx8fLfn2ReU7TfrqYobgItyDaAQLMPt5uBD0qgj68t8z0tjGBeGpxJ4UA6XdyD6UDI6J3aw8rCvfDVAYu%2BkuTeXm7TVpjrwYfccyqfoXvvwrdBwUg1K6CIjdwGHhtOtm
AE,Uttar Pradesh,2017,26,Thakurdwara,185816,161919,13,347748,198,135323,120352,0,752,256427,73.74,https://www.eci.gov.in/eci-backend/public/api/download?url=LMAhAK6sOPBp%2FNFF0iRfXbEB1EVSLT41NNLRjYNJJP1KivrUxbfqkDatmHy12e%2FzVx8fLfn2ReU7TfrqYobgItyDaAQLMPt5uBD0qgj68t8z0tjGBeGpxJ4UA6XdyD6UDI6J3aw8rCvfDVAYu%2BkuTeXm7TVpjrwYfccyqfoXvvwrdBwUg1K6CIjdwGHhtOtm
AE,Uttar Pradesh,2017,27,Moradabad Rural,193261,163170,15,356446,49,123494,97253,1,799,221547,62.15,https://www.eci.gov.in/eci-backend/public/api/download?url=LMAhAK6sOPBp%2FNFF0iRfXbEB1EVSLT41NNLRjYNJJP1KivrUxbfqkDatmHy12e%2FzVx8fLfn2ReU7TfrqYobgItyDaAQLMPt5uBD0qgj68t8z0tjGBeGpxJ4UA6XdyD6UDI6J3aw8rCvfDVAYu%2BkuTeXm7TVpjrwYfccyqfoXvvwrdBwUg1K6CIjdwGHhtOtm
AE,Uttar Pradesh,2017,28,Moradabad Nagar,255625,215129,38,470792,62,155817,119944,0,1064,276825,58.80,https://www.eci.gov.in/eci-backend/public/api/download?url=LMAhAK6sOPBp%2FNFF0iRfXbEB1EVSLT41NNLRjYNJJP1KivrUxbfqkDatmHy12e%2FzVx8fLfn2ReU7TfrqYobgItyDaAQLMPt5uBD0qgj68t8z0tjGBeGpxJ4UA6XdyD6UDI6J3aw8rCvfDVAYu%2BkuTeXm7TVpjrwYfccyqfoXvvwrdBwUg1K6CIjdwGHhtOtm
AE,Uttar Pradesh,2017,29,Kundarki,201029,169212,21,370262,68,141767,122103,2,463,264335,71.39,https://www.eci.gov.in/eci-backend/public/api/download?url=LMAhAK6sOPBp%2FNFF0iRfXbEB1EVSLT41NNLRjYNJJP1KivrUxbfqkDatmHy12e%2FzVx8fLfn2ReU7TfrqYobgItyDaAQLMPt5uBD0qgj68t8z0tjGBeGpxJ4UA6XdyD6UDI6J3aw8rCvfDVAYu%2BkuTeXm7TVpjrwYfccyqfoXvvwrdBwUg1K6CIjdwGHhtOtm
AE,Uttar Pradesh,2017,30,Bilari,185500,158427,12,343939,56,121454,107786,0,468,229708,66.79,https://www.eci.gov.in/eci-backend/public/api/download?url=LMAhAK6sOPBp%2FNFF0iRfXbEB1EVSLT41NNLRjYNJJP1KivrUxbfqkDatmHy12e%2FzVx8fLfn2ReU7TfrqYobgItyDaAQLMPt5uBD0qgj68t8z0tjGBeGpxJ4UA6XdyD6UDI6J3aw8rCvfDVAYu%2BkuTeXm7TVpjrwYfccyqfoXvvwrdBwUg1K6CIjdwGHhtOtm
AE,Uttar Pradesh,2017,31,Chandausi (SC),197399,166044,28,363471,67,119950,103406,2,730,224088,61.65,https://www.eci.gov.in/eci-backend/public/api/download?url=LMAhAK6sOPBp%2FNFF0iRfXbEB1EVSLT41NNLRjYNJJP1KivrUxbfqkDatmHy12e%2FzVx8fLfn2ReU7TfrqYobgItyDaAQLMPt5uBD0qgj68t8z0tjGBeGpxJ4UA6XdyD6UDI6J3aw8rCvfDVAYu%2BkuTeXm7TVpjrwYfccyqfoXvvwrdBwUg1K6CIjdwGHhtOtm
AE,Uttar Pradesh,2017,32,Asmoli,190714,157840,23,348577,101,134630,114967,0,448,250045,71.73,https://www.eci.gov.in/eci-backend/public/api/download?url=LMAhAK6sOPBp%2FNFF0iRfXbEB1EVSLT41NNLRjYNJJP1KivrUxbfqkDatmHy12e%2FzVx8fLfn2ReU7TfrqYobgItyDaAQLMPt5uBD0qgj68t8z0tjGBeGpxJ4UA6XdyD6UDI6J3aw8rCvfDVAYu%2BkuTeXm7TVpjrwYfccyqfoXvvwrdBwUg1K6CIjdwGHhtOtm
AE,Uttar Pradesh,2017,33,Sambhal,191382,161717,29,353128,26,130924,110023,0,375,241322,68.34,https://www.eci.gov.in/eci-backend/public/api/download?url=LMAhAK6sOPBp%2FNFF0iRfXbEB1EVSLT41NNLRjYNJJP1KivrUxbfqkDatmHy12e%2FzVx8fLfn2ReU7TfrqYobgItyDaAQLMPt5uBD0qgj68t8z0tjGBeGpxJ4UA6XdyD6UDI6J3aw8rCvfDVAYu%2BkuTeXm7TVpjrwYfccyqfoXvvwrdBwUg1K6CIjdwGHhtOtm
AE,Uttar Pradesh,2017,34,Suar,159116,136819,10,295945,202,108791,96665,1,599,206056,69.63,https://www.eci.gov.in/eci-backend/public/api/download?url=LMAhAK6sOPBp%2FNFF0iRfXbEB1EVSLT41NNLRjYNJJP1KivrUxbfqkDatmHy12e%2FzVx8fLfn2ReU7TfrqYobgItyDaAQLMPt5uBD0qgj68t8z0tjGBeGpxJ4UA6XdyD6UDI6J3aw8rCvfDVAYu%2BkuTeXm7TVpjrwYfccyqfoXvvwrdBwUg1K6CIjdwGHhtOtm
AE,Uttar Pradesh,2017,35,Chamraua,161976,137124,26,299126,114,102320,91384,0,645,194349,64.97,https://www.eci.gov.in/eci-backend/public/api/download?url=LMAhAK6sOPBp%2FNFF0iRfXbEB1EVSLT41NNLRjYNJJP1KivrUxbfqkDatmHy12e%2FzVx8fLfn2ReU7TfrqYobgItyDaAQLMPt5uBD0qgj68t8z0tjGBeGpxJ4UA6XdyD6UDI6J3aw8rCvfDVAYu%2BkuTeXm7TVpjrwYfccyqfoXvvwrdBwUg1K6CIjdwGHhtOtm
AE,Uttar Pradesh,2017,36,Bilaspur,178020,153614,16,331650,474,118481,104579,0,703,223763,67.47,https://www.eci.gov.in/eci-backend/public/api/download?url=LMAhAK6sOPBp%2FNFF0iRfXbEB1EVSLT41NNLRjYNJJP1KivrUxbfqkDatmHy12e%2FzVx8fLfn2ReU7TfrqYobgItyDaAQLMPt5uBD0qgj68t8z0tjGBeGpxJ4UA6XdyD6UDI6J3aw8rCvfDVAYu%2BkuTeXm7TVpjrwYfccyqfoXvvwrdBwUg1K6CIjdwGHhtOtm
AE,Uttar Pradesh,2017,37,Rampur,208352,173485,24,381861,178,116419,97761,0,1032,215212,56.36,https://www.eci.gov.in/eci-backend/public/api/download?url=LMAhAK6sOPBp%2FNFF0iRfXbEB1EVSLT41NNLRjYNJJP1KivrUxbfqkDatmHy12e%2FzVx8fLfn2ReU7TfrqYobgItyDaAQLMPt5uBD0qgj68t8z0tjGBeGpxJ4UA6XdyD6UDI6J3aw8rCvfDVAYu%2BkuTeXm7TVpjrwYfccyqfoXvvwrdBwUg1K6CIjdwGHhtOtm
AE,Uttar Pradesh,2017,38,Milak (SC),182674,156066,17,338757,295,113642,102086,0,796,216524,63.92,https://www.eci.gov.in/eci-backend/public/api/download?url=LMAhAK6sOPBp%2FNFF0iRfXbEB1EVSLT41NNLRjYNJJP1KivrUxbfqkDatmHy12e%2FzVx8fLfn2ReU7TfrqYobgItyDaAQLMPt5uBD0qgj68t8z0tjGBeGpxJ4UA6XdyD6UDI6J3aw8rCvfDVAYu%2BkuTeXm7TVpjrwYfccyqfoXvvwrdBwUg1K6CIjdwGHhtOtm
AE,Uttar Pradesh,2017,39,Dhanaura (SC),172915,148119,21,321055,185,117483,107124,0,604,225211,70.15,https://www.eci.gov.in/eci-backend/public/api/download?url=LMAhAK6sOPBp%2FNFF0iRfXbEB1EVSLT41NNLRjYNJJP1KivrUxbfqkDatmHy12e%2FzVx8fLfn2ReU7TfrqYobgItyDaAQLMPt5uBD0qgj68t8z0tjGBeGpxJ4UA6XdyD6UDI6J3aw8rCvfDVAYu%2BkuTeXm7TVpjrwYfccyqfoXvvwrdBwUg1K6CIjdwGHhtOtm
AE,Uttar Pradesh,2017,40,Naugawan Sadat,162800,144036,19,306855,294,121254,112184,1,760,234199,76.32,https://www.eci.gov.in/eci-backend/public/api/download?url=LMAhAK6sOPBp%2FNFF0iRfXbEB1EVSLT41NNLRjYNJJP1KivrUxbfqkDatmHy12e%2FzVx8fLfn2ReU7TfrqYobgItyDaAQLMPt5uBD0qgj68t8z0tjGBeGpxJ4UA6XdyD6UDI6J3aw8rCvfDVAYu%2BkuTeXm7TVpjrwYfccyqfoXvvwrdBwUg1K6CIjdwGHhtOtm
AE,Uttar Pradesh,2017,41,Amroha,155377,136932,11,292320,88,105564,95036,0,798,201398,68.90,https://www.eci.gov.in/eci-backend/public/api/download?url=LMAhAK6sOPBp%2FNFF0iRfXbEB1EVSLT41NNLRjYNJJP1KivrUxbfqkDatmHy12e%2FzVx8fLfn2ReU7TfrqYobgItyDaAQLMPt5uBD0qgj68t8z0tjGBeGpxJ4UA6XdyD6UDI6J3aw8rCvfDVAYu%2BkuTeXm7TVpjrwYfccyqfoXvvwrdBwUg1K6CIjdwGHhtOtm
AE,Uttar Pradesh,2017,42,Hasanpur,181849,160879,15,342743,64,132904,121605,0,451,254960,74.39,https://www.eci.gov.in/eci-backend/public/api/download?url=LMAhAK6sOPBp%2FNFF0iRfXbEB1EVSLT41NNLRjYNJJP1KivrUxbfqkDatmHy12e%2FzVx8fLfn2ReU7TfrqYobgItyDaAQLMPt5uBD0qgj68t8z0tjGBeGpxJ4UA6XdyD6UDI6J3aw8rCvfDVAYu%2BkuTeXm7TVpjrwYfccyqfoXvvwrdBwUg1K6CIjdwGHhtOtm
AE,Uttar Pradesh,2017,43,Siwalkhas,178406,140281,11,318698,761,127261,97860,0,267,225388,70.72,https://www.eci.gov.in/eci-backend/public/api/download?url=LMAhAK6sOPBp%2FNFF0iRfXbEB1EVSLT41NNLRjYNJJP1KivrUxbfqkDatmHy12e%2FzVx8fLfn2ReU7TfrqYobgItyDaAQLMPt5uBD0qgj68t8z0tjGBeGpxJ4UA6XdyD6UDI6J3aw8rCvfDVAYu%2BkuTeXm7TVpjrwYfccyqfoXvvwrdBwUg1K6CIjdwGHhtOtm
AE,Uttar Pradesh,2017,44,Sardhana,184111,148906,47,333064,577,133044,105996,6,220,239266,71.84,https://www.eci.gov.in/eci-backend/public/api/download?url=LMAhAK6sOPBp%2FNFF0iRfXbEB1EVSLT41NNLRjYNJJP1KivrUxbfqkDatmHy12e%2FzVx8fLfn2ReU7TfrqYobgItyDaAQLMPt5uBD0qgj68t8z0tjGBeGpxJ4UA6XdyD6UDI6J3aw8rCvfDVAYu%2BkuTeXm7TVpjrwYfccyqfoXvvwrdBwUg1K6CIjdwGHhtOtm
AE,Uttar Pradesh,2017,45,Hastinapur (SC),181762,144933,12,326707,490,122502,99176,1,193,221872,67.91,https://www.eci.gov.in/eci-backend/public/api/download?url=LMAhAK6sOPBp%2FNFF0iRfXbEB1EVSLT41NNLRjYNJJP1KivrUxbfqkDatmHy12e%2FzVx8fLfn2ReU7TfrqYobgItyDaAQLMPt5uBD0qgj68t8z0tjGBeGpxJ4UA6XdyD6UDI6J3aw8rCvfDVAYu%2BkuTeXm7TVpjrwYfccyqfoXvvwrdBwUg1K6CIjdwGHhtOtm
AE,Uttar Pradesh,2017,46,Kithore,188926,149805,24,338755,459,135677,107007,1,197,242882,71.70,https://www.eci.gov.in/eci-backend/public/api/download?url=LMAhAK6sOPBp%2FNFF0iRfXbEB1EVSLT41NNLRjYNJJP1KivrUxbfqkDatmHy12e%2FzVx8fLfn2ReU7TfrqYobgItyDaAQLMPt5uBD0qgj68t8z0tjGBeGpxJ4UA6XdyD6UDI6J3aw8rCvfDVAYu%2BkuTeXm7TVpjrwYfccyqfoXvvwrdBwUg1K6CIjdwGHhtOtm
AE,Uttar Pradesh,2017,47,Meerut Cantt.,218175,183627,47,401849,868,129164,107205,3,627,236999,58.98,https://www.eci.gov.in/eci-backend/public/api/download?url=LMAhAK6sOPBp%2FNFF0iRfXbEB1EVSLT41NNLRjYNJJP1KivrUxbfqkDatmHy12e%2FzVx8fLfn2ReU7TfrqYobgItyDaAQLMPt5uBD0qgj68t8z0tjGBeGpxJ4UA6XdyD6UDI6J3aw8rCvfDVAYu%2BkuTeXm7TVpjrwYfccyqfoXvvwrdBwUg1K6CIjdwGHhtOtm
AE,Uttar Pradesh,2017,48,Meerut,166032,136160,22,302214,32,112481,82807,0,238,195526,64.70,https://www.eci.gov.in/eci-backend/public/api/download?url=LMAhAK6sOPBp%2FNFF0iRfXbEB1EVSLT41NNLRjYNJJP1KivrUxbfqkDatmHy12e%2FzVx8fLfn2ReU7TfrqYobgItyDaAQLMPt5uBD0qgj68t8z0tjGBeGpxJ4UA6XdyD6UDI6J3aw8rCvfDVAYu%2BkuTeXm7TVpjrwYfccyqfoXvvwrdBwUg1K6CIjdwGHhtOtm
AE,Uttar Pradesh,2017,49,Meerut South,237111,191722,21,428854,209,153112,117397,1,313,270823,63.15,https://www.eci.gov.in/eci-backend/public/api/download?url=LMAhAK6sOPBp%2FNFF0iRfXbEB1EVSLT41NNLRjYNJJP1KivrUxbfqkDatmHy12e%2FzVx8fLfn2ReU7TfrqYobgItyDaAQLMPt5uBD0qgj68t8z0tjGBeGpxJ4UA6XdyD6UDI6J3aw8rCvfDVAYu%2BkuTeXm7TVpjrwYfccyqfoXvvwrdBwUg1K6CIjdwGHhtOtm
AE,Uttar Pradesh,2017,50,Chhaprauli,179256,138696,26,317978,995,113216,86321,0,644,200181,62.95,https://www.eci.gov.in/eci-backend/public/api/download?url=LMAhAK6sOPBp%2FNFF0iRfXbEB1EVSLT41NNLRjYNJJP1KivrUxbfqkDatmHy12e%2FzVx8fLfn2ReU7TfrqYobgItyDaAQLMPt5uBD0qgj68t8z0tjGBeGpxJ4UA6XdyD6UDI6J3aw8rCvfDVAYu%2BkuTeXm7TVpjrwYfccyqfoXvvwrdBwUg1K6CIjdwGHhtOtm
AE,Uttar Pradesh,2017,51,Baraut,161925,126114,13,288052,729,105227,79317,1,650,185195,64.29,https://www.eci.gov.in/eci-backend/public/api/download?url=LMAhAK6sOPBp%2FNFF0iRfXbEB1EVSLT41NNLRjYNJJP1KivrUxbfqkDatmHy12e%2FzVx8fLfn2ReU7TfrqYobgItyDaAQLMPt5uBD0qgj68t8z0tjGBeGpxJ4UA6XdyD6UDI6J3aw8rCvfDVAYu%2BkuTeXm7TVpjrwYfccyqfoXvvwrdBwUg1K6CIjdwGHhtOtm
AE,Uttar Pradesh,2017,52,Baghpat,168961,132372,27,301360,532,113088,85133,0,457,198678,65.93,https://www.eci.gov.in/eci-backend/public/api/download?url=LMAhAK6sOPBp%2FNFF0iRfXbEB1EVSLT41NNLRjYNJJP1KivrUxbfqkDatmHy12e%2FzVx8fLfn2ReU7TfrqYobgItyDaAQLMPt5uBD0qgj68t8z0tjGBeGpxJ4UA6XdyD6UDI6J3aw8rCvfDVAYu%2BkuTeXm7TVpjrwYfccyqfoXvvwrdBwUg1K6CIjdwGHhtOtm
AE,Uttar Pradesh,2017,53,Loni,259685,197005,23,456713,179,156592,117880,1,115,274588,60.12,https://www.eci.gov.in/eci-backend/public/api/download?url=LMAhAK6sOPBp%2FNFF0iRfXbEB1EVSLT41NNLRjYNJJP1KivrUxbfqkDatmHy12e%2FzVx8fLfn2ReU7TfrqYobgItyDaAQLMPt5uBD0qgj68t8z0tjGBeGpxJ4UA6XdyD6UDI6J3aw8rCvfDVAYu%2BkuTeXm7TVpjrwYfccyqfoXvvwrdBwUg1K6CIjdwGHhtOtm
AE,Uttar Pradesh,2017,54,Muradnagar,228693,190546,15,419254,607,141279,111221,0,1048,253548,60.48,https://www.eci.gov.in/eci-backend/public/api/download?url=LMAhAK6sOPBp%2FNFF0iRfXbEB1EVSLT41NNLRjYNJJP1KivrUxbfqkDatmHy12e%2FzVx8fLfn2ReU7TfrqYobgItyDaAQLMPt5uBD0qgj68t8z0tjGBeGpxJ4UA6XdyD6UDI6J3aw8rCvfDVAYu%2BkuTeXm7TVpjrwYfccyqfoXvvwrdBwUg1K6CIjdwGHhtOtm
AE,Uttar Pradesh,2017,55,Sahibabad,495919,369698,24,865641,366,244314,181022,2,535,425873,49.20,https://www.eci.gov.in/eci-backend/public/api/download?url=LMAhAK6sOPBp%2FNFF0iRfXbEB1EVSLT41NNLRjYNJJP1KivrUxbfqkDatmHy12e%2FzVx8fLfn2ReU7TfrqYobgItyDaAQLMPt5uBD0qgj68t8z0tjGBeGpxJ4UA6XdyD6UDI6J3aw8rCvfDVAYu%2BkuTeXm7TVpjrwYfccyqfoXvvwrdBwUg1K6CIjdwGHhtOtm
AE,Uttar Pradesh,2017,56,Ghaziabad,237046,187019,12,424077,158,128494,96971,1,449,225915,53.27,https://www.eci.gov.in/eci-backend/public/api/download?url=LMAhAK6sOPBp%2FNFF0iRfXbEB1EVSLT41NNLRjYNJJP1KivrUxbfqkDatmHy12e%2FzVx8fLfn2ReU7TfrqYobgItyDaAQLMPt5uBD0qgj68t8z0tjGBeGpxJ4UA6XdyD6UDI6J3aw8rCvfDVAYu%2BkuTeXm7TVpjrwYfccyqfoXvvwrdBwUg1K6CIjdwGHhtOtm
AE,Uttar Pradesh,2017,57,Modi Nagar,181276,152076,26,333378,684,119888,95580,2,425,215895,64.76,https://www.eci.gov.in/eci-backend/public/api/download?url=LMAhAK6sOPBp%2FNFF0iRfXbEB1EVSLT41NNLRjYNJJP1KivrUxbfqkDatmHy12e%2FzVx8fLfn2ReU7TfrqYobgItyDaAQLMPt5uBD0qgj68t8z0tjGBeGpxJ4UA6XdyD6UDI6J3aw8rCvfDVAYu%2BkuTeXm7TVpjrwYfccyqfoXvvwrdBwUg1K6CIjdwGHhtOtm
AE,Uttar Pradesh,2017,58,Dholana,206590,172872,14,379476,827,141415,112105,1,339,253860,66.90,https://www.eci.gov.in/eci-backend/public/api/download?url=LMAhAK6sOPBp%2FNFF0iRfXbEB1EVSLT41NNLRjYNJJP1KivrUxbfqkDatmHy12e%2FzVx8fLfn2ReU7TfrqYobgItyDaAQLMPt5uBD0qgj68t8z0tjGBeGpxJ4UA6XdyD6UDI6J3aw8rCvfDVAYu%2BkuTeXm7TVpjrwYfccyqfoXvvwrdBwUg1K6CIjdwGHhtOtm
AE,Uttar Pradesh,2017,59,Hapur (SC),187666,157320,15,345001,844,121114,101167,1,391,222673,64.54,https://www.eci.gov.in/eci-backend/public/api/download?url=LMAhAK6sOPBp%2FNFF0iRfXbEB1EVSLT41NNLRjYNJJP1KivrUxbfqkDatmHy12e%2FzVx8fLfn2ReU7TfrqYobgItyDaAQLMPt5uBD0qgj68t8z0tjGBeGpxJ4UA6XdyD6UDI6J3aw8rCvfDVAYu%2BkuTeXm7TVpjrwYfccyqfoXvvwrdBwUg1K6CIjdwGHhtOtm
AE,Uttar Pradesh,2017,60,Garhmukteshwar,178766,150716,21,329503,1355,119568,101919,2,290,221779,67.31,https://www.eci.gov.in/eci-backend/public/api/download?url=LMAhAK6sOPBp%2FNFF0iRfXbEB1EVSLT41NNLRjYNJJP1KivrUxbfqkDatmHy12e%2FzVx8fLfn2ReU7TfrqYobgItyDaAQLMPt5uBD0qgj68t8z0tjGBeGpxJ4UA6XdyD6UDI6J3aw8rCvfDVAYu%2BkuTeXm7TVpjrwYfccyqfoXvvwrdBwUg1K6CIjdwGHhtOtm
AE,Uttar Pradesh,2017,61,Noida,301375,222440,50,523865,306,148714,105480,0,224,254418,48.57,https://www.eci.gov.in/eci-backend/public/api/download?url=LMAhAK6sOPBp%2FNFF0iRfXbEB1EVSLT41NNLRjYNJJP1KivrUxbfqkDatmHy12e%2FzVx8fLfn2ReU7TfrqYobgItyDaAQLMPt5uBD0qgj68t8z0tjGBeGpxJ4UA6XdyD6UDI6J3aw8rCvfDVAYu%2BkuTeXm7TVpjrwYfccyqfoXvvwrdBwUg1K6CIjdwGHhtOtm
AE,Uttar Pradesh,2017,62,Dadri,246184,195000,45,441229,805,153182,111912,5,199,265298,60.13,https://www.eci.gov.in/eci-backend/public/api/download?url=LMAhAK6sOPBp%2FNFF0iRfXbEB1EVSLT41NNLRjYNJJP1KivrUxbfqkDatmHy12e%2FzVx8fLfn2ReU7TfrqYobgItyDaAQLMPt5uBD0qgj68t8z0tjGBeGpxJ4UA6XdyD6UDI6J3aw8rCvfDVAYu%2BkuTeXm7TVpjrwYfccyqfoXvvwrdBwUg1K6CIjdwGHhtOtm
AE,Uttar Pradesh,2017,63,Jewar,178150,144839,9,322998,550,119001,92291,0,132,211424,65.46,https://www.eci.gov.in/eci-backend/public/api/download?url=LMAhAK6sOPBp%2FNFF0iRfXbEB1EVSLT41NNLRjYNJJP1KivrUxbfqkDatmHy12e%2FzVx8fLfn2ReU7TfrqYobgItyDaAQLMPt5uBD0qgj68t8z0tjGBeGpxJ4UA6XdyD6UDI6J3aw8rCvfDVAYu%2BkuTeXm7TVpjrwYfccyqfoXvvwrdBwUg1K6CIjdwGHhtOtm
AE,Uttar Pradesh,2017,64,Sikandrabad,199691,175578,24,375293,158,136925,114424,2,631,251982,67.14,https://www.eci.gov.in/eci-backend/public/api/download?url=LMAhAK6sOPBp%2FNFF0iRfXbEB1EVSLT41NNLRjYNJJP1KivrUxbfqkDatmHy12e%2FzVx8fLfn2ReU7TfrqYobgItyDaAQLMPt5uBD0qgj68t8z0tjGBeGpxJ4UA6XdyD6UDI6J3aw8rCvfDVAYu%2BkuTeXm7TVpjrwYfccyqfoXvvwrdBwUg1K6CIjdwGHhtOtm
AE,Uttar Pradesh,2017,65,Bulandshahr,203047,178267,26,381340,155,130121,113950,6,1156,245233,64.31,https://www.eci.gov.in/eci-backend/public/api/download?url=LMAhAK6sOPBp%2FNFF0iRfXbEB1EVSLT41NNLRjYNJJP1KivrUxbfqkDatmHy12e%2FzVx8fLfn2ReU7TfrqYobgItyDaAQLMPt5uBD0qgj68t8z0tjGBeGpxJ4UA6XdyD6UDI6J3aw8rCvfDVAYu%2BkuTeXm7TVpjrwYfccyqfoXvvwrdBwUg1K6CIjdwGHhtOtm
AE,Uttar Pradesh,2017,66,Syana,200041,171680,9,371730,143,123048,108952,0,542,232542,62.56,https://www.eci.gov.in/eci-backend/public/api/download?url=LMAhAK6sOPBp%2FNFF0iRfXbEB1EVSLT41NNLRjYNJJP1KivrUxbfqkDatmHy12e%2FzVx8fLfn2ReU7TfrqYobgItyDaAQLMPt5uBD0qgj68t8z0tjGBeGpxJ4UA6XdyD6UDI6J3aw8rCvfDVAYu%2BkuTeXm7TVpjrwYfccyqfoXvvwrdBwUg1K6CIjdwGHhtOtm
AE,Uttar Pradesh,2017,67,Anupshahr,195373,165971,43,361387,140,121467,107707,3,622,229799,63.59,https://www.eci.gov.in/eci-backend/public/api/download?url=LMAhAK6sOPBp%2FNFF0iRfXbEB1EVSLT41NNLRjYNJJP1KivrUxbfqkDatmHy12e%2FzVx8fLfn2ReU7TfrqYobgItyDaAQLMPt5uBD0qgj68t8z0tjGBeGpxJ4UA6XdyD6UDI6J3aw8rCvfDVAYu%2BkuTeXm7TVpjrwYfccyqfoXvvwrdBwUg1K6CIjdwGHhtOtm
AE,Uttar Pradesh,2017,68,Debai,178339,155033,18,333390,53,107503,101647,0,674,209824,62.94,https://www.eci.gov.in/eci-backend/public/api/download?url=LMAhAK6sOPBp%2FNFF0iRfXbEB1EVSLT41NNLRjYNJJP1KivrUxbfqkDatmHy12e%2FzVx8fLfn2ReU7TfrqYobgItyDaAQLMPt5uBD0qgj68t8z0tjGBeGpxJ4UA6XdyD6UDI6J3aw8rCvfDVAYu%2BkuTeXm7TVpjrwYfccyqfoXvvwrdBwUg1K6CIjdwGHhtOtm
AE,Uttar Pradesh,2017,69,Shikarpur,163945,146934,9,310888,141,104447,97798,0,567,202812,65.24,https://www.eci.gov.in/eci-backend/public/api/download?url=LMAhAK6sOPBp%2FNFF0iRfXbEB1EVSLT41NNLRjYNJJP1KivrUxbfqkDatmHy12e%2FzVx8fLfn2ReU7TfrqYobgItyDaAQLMPt5uBD0qgj68t8z0tjGBeGpxJ4UA6XdyD6UDI6J3aw8rCvfDVAYu%2BkuTeXm7TVpjrwYfccyqfoXvvwrdBwUg1K6CIjdwGHhtOtm
AE,Uttar Pradesh,2017,70,Khurja (SC),193398,168344,20,361762,121,127431,109084,4,480,236999,65.51,https://www.eci.gov.in/eci-backend/public/api/download?url=LMAhAK6sOPBp%2FNFF0iRfXbEB1EVSLT41NNLRjYNJJP1KivrUxbfqkDatmHy12e%2FzVx8fLfn2ReU7TfrqYobgItyDaAQLMPt5uBD0qgj68t8z0tjGBeGpxJ4UA6XdyD6UDI6J3aw8rCvfDVAYu%2BkuTeXm7TVpjrwYfccyqfoXvvwrdBwUg1K6CIjdwGHhtOtm
AE,Uttar Pradesh,2017,71,Khair (SC),202393,173106,23,375522,749,124530,107732,4,717,232983,62.04,https://www.eci.gov.in/eci-backend/public/api/download?url=LMAhAK6sOPBp%2FNFF0iRfXbEB1EVSLT41NNLRjYNJJP1KivrUxbfqkDatmHy12e%2FzVx8fLfn2ReU7TfrqYobgItyDaAQLMPt5uBD0qgj68t8z0tjGBeGpxJ4UA6XdyD6UDI6J3aw8rCvfDVAYu%2BkuTeXm7TVpjrwYfccyqfoXvvwrdBwUg1K6CIjdwGHhtOtm
AE,Uttar Pradesh,2017,72,Barauli,190496,166211,37,356744,123,124604,109735,0,775,235114,65.91,https://www.eci.gov.in/eci-backend/public/api/download?url=LMAhAK6sOPBp%2FNFF0iRfXbEB1EVSLT41NNLRjYNJJP1KivrUxbfqkDatmHy12e%2FzVx8fLfn2ReU7TfrqYobgItyDaAQLMPt5uBD0qgj68t8z0tjGBeGpxJ4UA6XdyD6UDI6J3aw8rCvfDVAYu%2BkuTeXm7TVpjrwYfccyqfoXvvwrdBwUg1K6CIjdwGHhtOtm
AE,Uttar Pradesh,2017,73,Atrauli,206590,175928,12,382530,186,120893,111032,0,666,232591,60.80,https://www.eci.gov.in/eci-backend/public/api/download?url=LMAhAK6sOPBp%2FNFF0iRfXbEB1EVSLT41NNLRjYNJJP1KivrUxbfqkDatmHy12e%2FzVx8fLfn2ReU7TfrqYobgItyDaAQLMPt5uBD0qgj68t8z0tjGBeGpxJ4UA6XdyD6UDI6J3aw8rCvfDVAYu%2BkuTeXm7TVpjrwYfccyqfoXvvwrdBwUg1K6CIjdwGHhtOtm
AE,Uttar Pradesh,2017,74,Chharra,193253,167146,16,360415,131,120956,107396,0,659,229011,63.54,https://www.eci.gov.in/eci-backend/public/api/download?url=LMAhAK6sOPBp%2FNFF0iRfXbEB1EVSLT41NNLRjYNJJP1KivrUxbfqkDatmHy12e%2FzVx8fLfn2ReU7TfrqYobgItyDaAQLMPt5uBD0qgj68t8z0tjGBeGpxJ4UA6XdyD6UDI6J3aw8rCvfDVAYu%2BkuTeXm7TVpjrwYfccyqfoXvvwrdBwUg1K6CIjdwGHhtOtm
AE,Uttar Pradesh,2017,75,Koil,194029,169010,18,363057,113,122721,104612,0,1267,228600,62.97,https://www.eci.gov.in/eci-backend/public/api/download?url=LMAhAK6sOPBp%2FNFF0iRfXbEB1EVSLT41NNLRjYNJJP1KivrUxbfqkDatmHy12e%2FzVx8fLfn2ReU7TfrqYobgItyDaAQLMPt5uBD0qgj68t8z0tjGBeGpxJ4UA6XdyD6UDI6J3aw8rCvfDVAYu%2BkuTeXm7TVpjrwYfccyqfoXvvwrdBwUg1K6CIjdwGHhtOtm
AE,Uttar Pradesh,2017,76,Aligarh,198258,171946,33,370237,71,135481,109716,0,949,246146,66.48,https://www.eci.gov.in/eci-backend/public/api/download?url=LMAhAK6sOPBp%2FNFF0iRfXbEB1EVSLT41NNLRjYNJJP1KivrUxbfqkDatmHy12e%2FzVx8fLfn2ReU7TfrqYobgItyDaAQLMPt5uBD0qgj68t8z0tjGBeGpxJ4UA6XdyD6UDI6J3aw8rCvfDVAYu%2BkuTeXm7TVpjrwYfccyqfoXvvwrdBwUg1K6CIjdwGHhtOtm
AE,Uttar Pradesh,2017,77,Iglas (SC),192851,166779,9,359639,661,124718,108212,0,713,233643,64.97,https://www.eci.gov.in/eci-backend/public/api/download?url=LMAhAK6sOPBp%2FNFF0iRfXbEB1EVSLT41NNLRjYNJJP1KivrUxbfqkDatmHy12e%2FzVx8fLfn2ReU7TfrqYobgItyDaAQLMPt5uBD0qgj68t8z0tjGBeGpxJ4UA6XdyD6UDI6J3aw8rCvfDVAYu%2BkuTeXm7TVpjrwYfccyqfoXvvwrdBwUg1K6CIjdwGHhtOtm
AE,Uttar Pradesh,2017,78,Hathras (SC),210611,173997,2,384610,229,130820,107065,0,712,238597,62.04,https://www.eci.gov.in/eci-backend/public/api/download?url=LMAhAK6sOPBp%2FNFF0iRfXbEB1EVSLT41NNLRjYNJJP1KivrUxbfqkDatmHy12e%2FzVx8fLfn2ReU7TfrqYobgItyDaAQLMPt5uBD0qgj68t8z0tjGBeGpxJ4UA6XdyD6UDI6J3aw8rCvfDVAYu%2BkuTeXm7TVpjrwYfccyqfoXvvwrdBwUg1K6CIjdwGHhtOtm
AE,Uttar Pradesh,2017,79,Sadabad,191753,153614,33,345400,1172,125156,101000,0,562,226718,65.64,https://www.eci.gov.in/eci-backend/public/api/download?url=LMAhAK6sOPBp%2FNFF0iRfXbEB1EVSLT41NNLRjYNJJP1KivrUxbfqkDatmHy12e%2FzVx8fLfn2ReU7TfrqYobgItyDaAQLMPt5uBD0qgj68t8z0tjGBeGpxJ4UA6XdyD6UDI6J3aw8rCvfDVAYu%2BkuTeXm7TVpjrwYfccyqfoXvvwrdBwUg1K6CIjdwGHhtOtm
AE,Uttar Pradesh,2017,80,Sikandra Rao,191779,158489,9,350277,209,115798,100069,0,426,216293,61.75,https://www.eci.gov.in/eci-backend/public/api/download?url=LMAhAK6sOPBp%2FNFF0iRfXbEB1EVSLT41NNLRjYNJJP1KivrUxbfqkDatmHy12e%2FzVx8fLfn2ReU7TfrqYobgItyDaAQLMPt5uBD0qgj68t8z0tjGBeGpxJ4UA6XdyD6UDI6J3aw8rCvfDVAYu%2BkuTeXm7TVpjrwYfccyqfoXvvwrdBwUg1K6CIjdwGHhtOtm
AE,Uttar Pradesh,2017,81,Chhata,187032,153079,11,340122,637,125760,100985,1,597,227343,66.84,https://www.eci.gov.in/eci-backend/public/api/download?url=LMAhAK6sOPBp%2FNFF0iRfXbEB1EVSLT41NNLRjYNJJP1KivrUxbfqkDatmHy12e%2FzVx8fLfn2ReU7TfrqYobgItyDaAQLMPt5uBD0qgj68t8z0tjGBeGpxJ4UA6XdyD6UDI6J3aw8rCvfDVAYu%2BkuTeXm7TVpjrwYfccyqfoXvvwrdBwUg1K6CIjdwGHhtOtm
AE,Uttar Pradesh,2017,82,Mant,173596,142874,26,316496,2036,115168,94640,0,888,210696,66.57,https://www.eci.gov.in/eci-backend/public/api/download?url=LMAhAK6sOPBp%2FNFF0iRfXbEB1EVSLT41NNLRjYNJJP1KivrUxbfqkDatmHy12e%2FzVx8fLfn2ReU7TfrqYobgItyDaAQLMPt5uBD0qgj68t8z0tjGBeGpxJ4UA6XdyD6UDI6J3aw8rCvfDVAYu%2BkuTeXm7TVpjrwYfccyqfoXvvwrdBwUg1K6CIjdwGHhtOtm
AE,Uttar Pradesh,2017,83,Goverdhan,170500,140882,14,311396,1501,115456,91022,0,636,207114,66.51,https://www.eci.gov.in/eci-backend/public/api/download?url=LMAhAK6sOPBp%2FNFF0iRfXbEB1EVSLT41NNLRjYNJJP1KivrUxbfqkDatmHy12e%2FzVx8fLfn2ReU7TfrqYobgItyDaAQLMPt5uBD0qgj68t8z0tjGBeGpxJ4UA6XdyD6UDI6J3aw8rCvfDVAYu%2BkuTeXm7TVpjrwYfccyqfoXvvwrdBwUg1K6CIjdwGHhtOtm
AE,Uttar Pradesh,2017,84,Mathura,233619,191969,161,425749,750,142247,109606,2,1356,253211,59.47,https://www.eci.gov.in/eci-backend/public/api/download?url=LMAhAK6sOPBp%2FNFF0iRfXbEB1EVSLT41NNLRjYNJJP1KivrUxbfqkDatmHy12e%2FzVx8fLfn2ReU7TfrqYobgItyDaAQLMPt5uBD0qgj68t8z0tjGBeGpxJ4UA6XdyD6UDI6J3aw8rCvfDVAYu%2BkuTeXm7TVpjrwYfccyqfoXvvwrdBwUg1K6CIjdwGHhtOtm
AE,Uttar Pradesh,2017,85,Baldev (SC),188904,158685,18,347607,1549,129073,102042,0,772,231887,66.71,https://www.eci.gov.in/eci-backend/public/api/download?url=LMAhAK6sOPBp%2FNFF0iRfXbEB1EVSLT41NNLRjYNJJP1KivrUxbfqkDatmHy12e%2FzVx8fLfn2ReU7TfrqYobgItyDaAQLMPt5uBD0qgj68t8z0tjGBeGpxJ4UA6XdyD6UDI6J3aw8rCvfDVAYu%2BkuTeXm7TVpjrwYfccyqfoXvvwrdBwUg1K6CIjdwGHhtOtm
AE,Uttar Pradesh,2017,86,Etmadpur,229881,187310,19,417210,443,159456,124011,0,760,284227,68.13,https://www.eci.gov.in/eci-backend/public/api/download?url=LMAhAK6sOPBp%2FNFF0iRfXbEB1EVSLT41NNLRjYNJJP1KivrUxbfqkDatmHy12e%2FzVx8fLfn2ReU7TfrqYobgItyDaAQLMPt5uBD0qgj68t8z0tjGBeGpxJ4UA6XdyD6UDI6J3aw8rCvfDVAYu%2BkuTeXm7TVpjrwYfccyqfoXvvwrdBwUg1K6CIjdwGHhtOtm
AE,Uttar Pradesh,2017,87,Agra Cantt. (SC),235177,192330,18,427525,458,142250,109814,0,786,252850,59.14,https://www.eci.gov.in/eci-backend/public/api/download?url=LMAhAK6sOPBp%2FNFF0iRfXbEB1EVSLT41NNLRjYNJJP1KivrUxbfqkDatmHy12e%2FzVx8fLfn2ReU7TfrqYobgItyDaAQLMPt5uBD0qgj68t8z0tjGBeGpxJ4UA6XdyD6UDI6J3aw8rCvfDVAYu%2BkuTeXm7TVpjrwYfccyqfoXvvwrdBwUg1K6CIjdwGHhtOtm
AE,Uttar Pradesh,2017,88,Agra South,191016,157876,20,348912,61,123468,93129,2,657,217256,62.27,https://www.eci.gov.in/eci-backend/public/api/download?url=LMAhAK6sOPBp%2FNFF0iRfXbEB1EVSLT41NNLRjYNJJP1KivrUxbfqkDatmHy12e%2FzVx8fLfn2ReU7TfrqYobgItyDaAQLMPt5uBD0qgj68t8z0tjGBeGpxJ4UA6XdyD6UDI6J3aw8rCvfDVAYu%2BkuTeXm7TVpjrwYfccyqfoXvvwrdBwUg1K6CIjdwGHhtOtm
AE,Uttar Pradesh,2017,89,Agra North,216600,178889,22,395511,59,130348,99450,0,1060,230858,58.37,https://www.eci.gov.in/eci-backend/public/api/download?url=LMAhAK6sOPBp%2FNFF0iRfXbEB1EVSLT41NNLRjYNJJP1KivrUxbfqkDatmHy12e%2FzVx8fLfn2ReU7TfrqYobgItyDaAQLMPt5uBD0qgj68t8z0tjGBeGpxJ4UA6XdyD6UDI6J3aw8rCvfDVAYu%2BkuTeXm7TVpjrwYfccyqfoXvvwrdBwUg1K6CIjdwGHhtOtm
AE,Uttar Pradesh,2017,90,Agra Rural (SC),216343,176108,16,392467,753,141289,107746,1,1006,250042,63.71,https://www.eci.gov.in/eci-backend/public/api/download?url=LMAhAK6sOPBp%2FNFF0iRfXbEB1EVSLT41NNLRjYNJJP1KivrUxbfqkDatmHy12e%2FzVx8fLfn2ReU7TfrqYobgItyDaAQLMPt5uBD0qgj68t8z0tjGBeGpxJ4UA6XdyD6UDI6J3aw8rCvfDVAYu%2BkuTeXm7TVpjrwYfccyqfoXvvwrdBwUg1K6CIjdwGHhtOtm
AE,Uttar Pradesh,2017,91,Fatehpur Sikri,184032,154230,7,338269,1034,125873,102822,1,676,229372,67.81,https://www.eci.gov.in/eci-backend/public/api/download?url=LMAhAK6sOPBp%2FNFF0iRfXbEB1EVSLT41NNLRjYNJJP1KivrUxbfqkDatmHy12e%2FzVx8fLfn2ReU7TfrqYobgItyDaAQLMPt5uBD0qgj68t8z0tjGBeGpxJ4UA6XdyD6UDI6J3aw8rCvfDVAYu%2BkuTeXm7TVpjrwYfccyqfoXvvwrdBwUg1K6CIjdwGHhtOtm
AE,Uttar Pradesh,2017,92,Kheragarh,168954,140809,13,309776,462,109358,88716,0,722,198796,64.17,https://www.eci.gov.in/eci-backend/public/api/download?url=LMAhAK6sOPBp%2FNFF0iRfXbEB1EVSLT41NNLRjYNJJP1KivrUxbfqkDatmHy12e%2FzVx8fLfn2ReU7TfrqYobgItyDaAQLMPt5uBD0qgj68t8z0tjGBeGpxJ4UA6XdyD6UDI6J3aw8rCvfDVAYu%2BkuTeXm7TVpjrwYfccyqfoXvvwrdBwUg1K6CIjdwGHhtOtm
AE,Uttar Pradesh,2017,93,Fatehabad,163143,134375,7,297525,187,114814,94355,0,641,209810,70.52,https://www.eci.gov.in/eci-backend/public/api/download?url=LMAhAK6sOPBp%2FNFF0iRfXbEB1EVSLT41NNLRjYNJJP1KivrUxbfqkDatmHy12e%2FzVx8fLfn2ReU7TfrqYobgItyDaAQLMPt5uBD0qgj68t8z0tjGBeGpxJ4UA6XdyD6UDI6J3aw8rCvfDVAYu%2BkuTeXm7TVpjrwYfccyqfoXvvwrdBwUg1K6CIjdwGHhtOtm
AE,Uttar Pradesh,2017,94,Bah,177722,143560,13,321295,644,101883,90338,0,1056,193277,60.16,https://www.eci.gov.in/eci-backend/public/api/download?url=LMAhAK6sOPBp%2FNFF0iRfXbEB1EVSLT41NNLRjYNJJP1KivrUxbfqkDatmHy12e%2FzVx8fLfn2ReU7TfrqYobgItyDaAQLMPt5uBD0qgj68t8z0tjGBeGpxJ4UA6XdyD6UDI6J3aw8rCvfDVAYu%2BkuTeXm7TVpjrwYfccyqfoXvvwrdBwUg1K6CIjdwGHhtOtm
AE,Uttar Pradesh,2017,95,Tundla (SC),190139,159547,16,349702,177,134028,109083,1,494,,69.66,https://www.eci.gov.in/eci-backend/public/api/download?url=LMAhAK6sOPBp%2FNFF0iRfXbEB1EVSLT41NNLRjYNJJP1KivrUxbfqkDatmHy12e%2FzVx8fLfn2ReU7TfrqYobgItyDaAQLMPt5uBD0qgj68t8z0tjGBeGpxJ4UA6XdyD6UDI6J3aw8rCvfDVAYu%2BkuTeXm7TVpjrwYfccyqfoXvvwrdBwUg1K6CIjdwGHhtOtm
AE,Uttar Pradesh,2017,96,Jasrana,185897,154560,20,340477,290,125312,104697,1,392,230402,67.67,https://www.eci.gov.in/eci-backend/public/api/download?url=LMAhAK6sOPBp%2FNFF0iRfXbEB1EVSLT41NNLRjYNJJP1KivrUxbfqkDatmHy12e%2FzVx8fLfn2ReU7TfrqYobgItyDaAQLMPt5uBD0qgj68t8z0tjGBeGpxJ4UA6XdyD6UDI6J3aw8rCvfDVAYu%2BkuTeXm7TVpjrwYfccyqfoXvvwrdBwUg1K6CIjdwGHhtOtm
AE,Uttar Pradesh,2017,97,Firozabad,209733,169409,30,379172,36,131501,100359,0,427,232287,61.26,https://www.eci.gov.in/eci-backend/public/api/download?url=LMAhAK6sOPBp%2FNFF0iRfXbEB1EVSLT41NNLRjYNJJP1KivrUxbfqkDatmHy12e%2FzVx8fLfn2ReU7TfrqYobgItyDaAQLMPt5uBD0qgj68t8z0tjGBeGpxJ4UA6XdyD6UDI6J3aw8rCvfDVAYu%2BkuTeXm7TVpjrwYfccyqfoXvvwrdBwUg1K6CIjdwGHhtOtm
AE,Uttar Pradesh,2017,98,Shikohabad,179119,145709,10,324838,236,120735,93668,1,365,214769,66.12,https://www.eci.gov.in/eci-backend/public/api/download?url=LMAhAK6sOPBp%2FNFF0iRfXbEB1EVSLT41NNLRjYNJJP1KivrUxbfqkDatmHy12e%2FzVx8fLfn2ReU7TfrqYobgItyDaAQLMPt5uBD0qgj68t8z0tjGBeGpxJ4UA6XdyD6UDI6J3aw8rCvfDVAYu%2BkuTeXm7TVpjrwYfccyqfoXvvwrdBwUg1K6CIjdwGHhtOtm
AE,Uttar Pradesh,2017,99,Sirsaganj,167664,138272,10,305946,274,111287,91572,0,236,203095,66.38,https://www.eci.gov.in/eci-backend/public/api/download?url=LMAhAK6sOPBp%2FNFF0iRfXbEB1EVSLT41NNLRjYNJJP1KivrUxbfqkDatmHy12e%2FzVx8fLfn2ReU7TfrqYobgItyDaAQLMPt5uBD0qgj68t8z0tjGBeGpxJ4UA6XdyD6UDI6J3aw8rCvfDVAYu%2BkuTeXm7TVpjrwYfccyqfoXvvwrdBwUg1K6CIjdwGHhtOtm
AE,Uttar Pradesh,2017,100,Kasganj,187972,157733,6,345711,246,117181,102092,1,878,220152,63.68,https://www.eci.gov.in/eci-backend/public/api/download?url=LMAhAK6sOPBp%2FNFF0iRfXbEB1EVSLT41NNLRjYNJJP1KivrUxbfqkDatmHy12e%2FzVx8fLfn2ReU7TfrqYobgItyDaAQLMPt5uBD0qgj68t8z0tjGBeGpxJ4UA6XdyD6UDI6J3aw8rCvfDVAYu%2BkuTeXm7TVpjrwYfccyqfoXvvwrdBwUg1K6CIjdwGHhtOtm
AE,Uttar Pradesh,2017,101,Amanpur,159241,133556,15,292812,141,96595,86795,2,438,183830,62.78,https://www.eci.gov.in/eci-backend/public/api/download?url=LMAhAK6sOPBp%2FNFF0iRfXbEB1EVSLT41NNLRjYNJJP1KivrUxbfqkDatmHy12e%2FzVx8fLfn2ReU7TfrqYobgItyDaAQLMPt5uBD0qgj68t8z0tjGBeGpxJ4UA6XdyD6UDI6J3aw8rCvfDVAYu%2BkuTeXm7TVpjrwYfccyqfoXvvwrdBwUg1K6CIjdwGHhtOtm
AE,Uttar Pradesh,2017,102,Patiyali,179257,148839,11,328107,375,109185,93440,0,292,202917,61.84,https://www.eci.gov.in/eci-backend/public/api/download?url=LMAhAK6sOPBp%2FNFF0iRfXbEB1EVSLT41NNLRjYNJJP1KivrUxbfqkDatmHy12e%2FzVx8fLfn2ReU7TfrqYobgItyDaAQLMPt5uBD0qgj68t8z0tjGBeGpxJ4UA6XdyD6UDI6J3aw8rCvfDVAYu%2BkuTeXm7TVpjrwYfccyqfoXvvwrdBwUg1K6CIjdwGHhtOtm
AE,Uttar Pradesh,2017,103,Aliganj,182669,151267,8,333944,1106,117155,98910,0,588,216653,64.88,https://www.eci.gov.in/eci-backend/public/api/download?url=LMAhAK6sOPBp%2FNFF0iRfXbEB1EVSLT41NNLRjYNJJP1KivrUxbfqkDatmHy12e%2FzVx8fLfn2ReU7TfrqYobgItyDaAQLMPt5uBD0qgj68t8z0tjGBeGpxJ4UA6XdyD6UDI6J3aw8rCvfDVAYu%2BkuTeXm7TVpjrwYfccyqfoXvvwrdBwUg1K6CIjdwGHhtOtm
AE,Uttar Pradesh,2017,104,Etah,172077,145164,13,317254,1468,106608,93734,0,1418,201760,63.60,https://www.eci.gov.in/eci-backend/public/api/download?url=LMAhAK6sOPBp%2FNFF0iRfXbEB1EVSLT41NNLRjYNJJP1KivrUxbfqkDatmHy12e%2FzVx8fLfn2ReU7TfrqYobgItyDaAQLMPt5uBD0qgj68t8z0tjGBeGpxJ4UA6XdyD6UDI6J3aw8rCvfDVAYu%2BkuTeXm7TVpjrwYfccyqfoXvvwrdBwUg1K6CIjdwGHhtOtm
AE,Uttar Pradesh,2017,105,Marhara,159954,136240,3,296197,886,100378,90273,0,714,191365,64.61,https://www.eci.gov.in/eci-backend/public/api/download?url=LMAhAK6sOPBp%2FNFF0iRfXbEB1EVSLT41NNLRjYNJJP1KivrUxbfqkDatmHy12e%2FzVx8fLfn2ReU7TfrqYobgItyDaAQLMPt5uBD0qgj68t8z0tjGBeGpxJ4UA6XdyD6UDI6J3aw8rCvfDVAYu%2BkuTeXm7TVpjrwYfccyqfoXvvwrdBwUg1K6CIjdwGHhtOtm
AE,Uttar Pradesh,2017,106,Jalesar (SC),150747,129678,16,280441,665,97911,86085,2,658,184656,65.84,https://www.eci.gov.in/eci-backend/public/api/download?url=LMAhAK6sOPBp%2FNFF0iRfXbEB1EVSLT41NNLRjYNJJP1KivrUxbfqkDatmHy12e%2FzVx8fLfn2ReU7TfrqYobgItyDaAQLMPt5uBD0qgj68t8z0tjGBeGpxJ4UA6XdyD6UDI6J3aw8rCvfDVAYu%2BkuTeXm7TVpjrwYfccyqfoXvvwrdBwUg1K6CIjdwGHhtOtm
AE,Uttar Pradesh,2017,107,Mainpuri,176413,150114,15,326542,1201,105071,90642,2,1422,197137,60.37,https://www.eci.gov.in/eci-backend/public/api/download?url=LMAhAK6sOPBp%2FNFF0iRfXbEB1EVSLT41NNLRjYNJJP1KivrUxbfqkDatmHy12e%2FzVx8fLfn2ReU7TfrqYobgItyDaAQLMPt5uBD0qgj68t8z0tjGBeGpxJ4UA6XdyD6UDI6J3aw8rCvfDVAYu%2BkuTeXm7TVpjrwYfccyqfoXvvwrdBwUg1K6CIjdwGHhtOtm
AE,Uttar Pradesh,2017,108,Bhongaon,177610,153425,15,331050,1432,104055,90850,0,899,195804,59.15,https://www.eci.gov.in/eci-backend/public/api/download?url=LMAhAK6sOPBp%2FNFF0iRfXbEB1EVSLT41NNLRjYNJJP1KivrUxbfqkDatmHy12e%2FzVx8fLfn2ReU7TfrqYobgItyDaAQLMPt5uBD0qgj68t8z0tjGBeGpxJ4UA6XdyD6UDI6J3aw8rCvfDVAYu%2BkuTeXm7TVpjrwYfccyqfoXvvwrdBwUg1K6CIjdwGHhtOtm
AE,Uttar Pradesh,2017,109,Kishani (SC) (SC),162074,136481,4,298559,1061,97864,81071,0,627,179562,60.14,https://www.eci.gov.in/eci-backend/public/api/download?url=LMAhAK6sOPBp%2FNFF0iRfXbEB1EVSLT41NNLRjYNJJP1KivrUxbfqkDatmHy12e%2FzVx8fLfn2ReU7TfrqYobgItyDaAQLMPt5uBD0qgj68t8z0tjGBeGpxJ4UA6XdyD6UDI6J3aw8rCvfDVAYu%2BkuTeXm7TVpjrwYfccyqfoXvvwrdBwUg1K6CIjdwGHhtOtm
AE,Uttar Pradesh,2017,110,Karhal,193909,161475,8,355392,1593,116964,92773,0,601,210338,59.18,https://www.eci.gov.in/eci-backend/public/api/download?url=LMAhAK6sOPBp%2FNFF0iRfXbEB1EVSLT41NNLRjYNJJP1KivrUxbfqkDatmHy12e%2FzVx8fLfn2ReU7TfrqYobgItyDaAQLMPt5uBD0qgj68t8z0tjGBeGpxJ4UA6XdyD6UDI6J3aw8rCvfDVAYu%2BkuTeXm7TVpjrwYfccyqfoXvvwrdBwUg1K6CIjdwGHhtOtm
AE,Uttar Pradesh,2017,111,Gunnaur,204552,167941,20,372513,74,124702,102563,1,483,227749,61.14,https://www.eci.gov.in/eci-backend/public/api/download?url=LMAhAK6sOPBp%2FNFF0iRfXbEB1EVSLT41NNLRjYNJJP1KivrUxbfqkDatmHy12e%2FzVx8fLfn2ReU7TfrqYobgItyDaAQLMPt5uBD0qgj68t8z0tjGBeGpxJ4UA6XdyD6UDI6J3aw8rCvfDVAYu%2BkuTeXm7TVpjrwYfccyqfoXvvwrdBwUg1K6CIjdwGHhtOtm
AE,Uttar Pradesh,2017,112,Bisauli (SC),211731,175922,13,387666,778,123079,105338,0,582,228999,59.07,https://www.eci.gov.in/eci-backend/public/api/download?url=LMAhAK6sOPBp%2FNFF0iRfXbEB1EVSLT41NNLRjYNJJP1KivrUxbfqkDatmHy12e%2FzVx8fLfn2ReU7TfrqYobgItyDaAQLMPt5uBD0qgj68t8z0tjGBeGpxJ4UA6XdyD6UDI6J3aw8rCvfDVAYu%2BkuTeXm7TVpjrwYfccyqfoXvvwrdBwUg1K6CIjdwGHhtOtm
AE,Uttar Pradesh,2017,113,Sahaswan,215827,182799,8,398634,309,129173,111180,1,521,240875,60.43,https://www.eci.gov.in/eci-backend/public/api/download?url=LMAhAK6sOPBp%2FNFF0iRfXbEB1EVSLT41NNLRjYNJJP1KivrUxbfqkDatmHy12e%2FzVx8fLfn2ReU7TfrqYobgItyDaAQLMPt5uBD0qgj68t8z0tjGBeGpxJ4UA6XdyD6UDI6J3aw8rCvfDVAYu%2BkuTeXm7TVpjrwYfccyqfoXvvwrdBwUg1K6CIjdwGHhtOtm
AE,Uttar Pradesh,2017,114,Bilsi,183746,150281,10,334037,697,106227,89264,2,549,196042,58.69,https://www.eci.gov.in/eci-backend/public/api/download?url=LMAhAK6sOPBp%2FNFF0iRfXbEB1EVSLT41NNLRjYNJJP1KivrUxbfqkDatmHy12e%2FzVx8fLfn2ReU7TfrqYobgItyDaAQLMPt5uBD0qgj68t8z0tjGBeGpxJ4UA6XdyD6UDI6J3aw8rCvfDVAYu%2BkuTeXm7TVpjrwYfccyqfoXvvwrdBwUg1K6CIjdwGHhtOtm
AE,Uttar Pradesh,2017,115,Badaun,193060,160469,21,353550,473,114881,96955,2,913,212751,60.18,https://www.eci.gov.in/eci-backend/public/api/download?url=LMAhAK6sOPBp%2FNFF0iRfXbEB1EVSLT41NNLRjYNJJP1KivrUxbfqkDatmHy12e%2FzVx8fLfn2ReU7TfrqYobgItyDaAQLMPt5uBD0qgj68t8z0tjGBeGpxJ4UA6XdyD6UDI6J3aw8rCvfDVAYu%2BkuTeXm7TVpjrwYfccyqfoXvvwrdBwUg1K6CIjdwGHhtOtm
AE,Uttar Pradesh,2017,116,Shekhupur,207778,169874,10,377662,351,125761,109419,0,762,235942,62.47,https://www.eci.gov.in/eci-backend/public/api/download?url=LMAhAK6sOPBp%2FNFF0iRfXbEB1EVSLT41NNLRjYNJJP1KivrUxbfqkDatmHy12e%2FzVx8fLfn2ReU7TfrqYobgItyDaAQLMPt5uBD0qgj68t8z0tjGBeGpxJ4UA6XdyD6UDI6J3aw8rCvfDVAYu%2BkuTeXm7TVpjrwYfccyqfoXvvwrdBwUg1K6CIjdwGHhtOtm
AE,Uttar Pradesh,2017,117,Dataganj,213594,176132,8,389734,638,122815,101500,1,519,224835,57.69,https://www.eci.gov.in/eci-backend/public/api/download?url=LMAhAK6sOPBp%2FNFF0iRfXbEB1EVSLT41NNLRjYNJJP1KivrUxbfqkDatmHy12e%2FzVx8fLfn2ReU7TfrqYobgItyDaAQLMPt5uBD0qgj68t8z0tjGBeGpxJ4UA6XdyD6UDI6J3aw8rCvfDVAYu%2BkuTeXm7TVpjrwYfccyqfoXvvwrdBwUg1K6CIjdwGHhtOtm
AE,Uttar Pradesh,2017,118,Baheri,187229,157157,2,344388,184,135445,111874,0,468,247787,71.95,https://www.eci.gov.in/eci-backend/public/api/download?url=LMAhAK6sOPBp%2FNFF0iRfXbEB1EVSLT41NNLRjYNJJP1KivrUxbfqkDatmHy12e%2FzVx8fLfn2ReU7TfrqYobgItyDaAQLMPt5uBD0qgj68t8z0tjGBeGpxJ4UA6XdyD6UDI6J3aw8rCvfDVAYu%2BkuTeXm7TVpjrwYfccyqfoXvvwrdBwUg1K6CIjdwGHhtOtm
AE,Uttar Pradesh,2017,119,Meerganj,176067,148736,9,324812,142,112521,97303,1,458,210283,64.74,https://www.eci.gov.in/eci-backend/public/api/download?url=LMAhAK6sOPBp%2FNFF0iRfXbEB1EVSLT41NNLRjYNJJP1KivrUxbfqkDatmHy12e%2FzVx8fLfn2ReU7TfrqYobgItyDaAQLMPt5uBD0qgj68t8z0tjGBeGpxJ4UA6XdyD6UDI6J3aw8rCvfDVAYu%2BkuTeXm7TVpjrwYfccyqfoXvvwrdBwUg1K6CIjdwGHhtOtm
AE,Uttar Pradesh,2017,120,Bhojipura,189338,157768,9,347115,263,130521,108001,2,579,239103,68.88,https://www.eci.gov.in/eci-backend/public/api/download?url=LMAhAK6sOPBp%2FNFF0iRfXbEB1EVSLT41NNLRjYNJJP1KivrUxbfqkDatmHy12e%2FzVx8fLfn2ReU7TfrqYobgItyDaAQLMPt5uBD0qgj68t8z0tjGBeGpxJ4UA6XdyD6UDI6J3aw8rCvfDVAYu%2BkuTeXm7TVpjrwYfccyqfoXvvwrdBwUg1K6CIjdwGHhtOtm
AE,Uttar Pradesh,2017,121,Nawabganj,170854,144192,14,315060,170,117075,98579,0,466,216120,68.60,https://www.eci.gov.in/eci-backend/public/api/download?url=LMAhAK6sOPBp%2FNFF0iRfXbEB1EVSLT41NNLRjYNJJP1KivrUxbfqkDatmHy12e%2FzVx8fLfn2ReU7TfrqYobgItyDaAQLMPt5uBD0qgj68t8z0tjGBeGpxJ4UA6XdyD6UDI6J3aw8rCvfDVAYu%2BkuTeXm7TVpjrwYfccyqfoXvvwrdBwUg1K6CIjdwGHhtOtm
AE,Uttar Pradesh,2017,122,Faridpur (SC),168679,138327,6,307012,315,105999,84312,0,416,190727,62.12,https://www.eci.gov.in/eci-backend/public/api/download?url=LMAhAK6sOPBp%2FNFF0iRfXbEB1EVSLT41NNLRjYNJJP1KivrUxbfqkDatmHy12e%2FzVx8fLfn2ReU7TfrqYobgItyDaAQLMPt5uBD0qgj68t8z0tjGBeGpxJ4UA6XdyD6UDI6J3aw8rCvfDVAYu%2BkuTeXm7TVpjrwYfccyqfoXvvwrdBwUg1K6CIjdwGHhtOtm
AE,Uttar Pradesh,2017,123,Bithari Chainpur,200791,161720,15,362526,311,129079,105380,0,499,234958,64.81,https://www.eci.gov.in/eci-backend/public/api/download?url=LMAhAK6sOPBp%2FNFF0iRfXbEB1EVSLT41NNLRjYNJJP1KivrUxbfqkDatmHy12e%2FzVx8fLfn2ReU7TfrqYobgItyDaAQLMPt5uBD0qgj68t8z0tjGBeGpxJ4UA6XdyD6UDI6J3aw8rCvfDVAYu%2BkuTeXm7TVpjrwYfccyqfoXvvwrdBwUg1K6CIjdwGHhtOtm
AE,Uttar Pradesh,2017,124,Bareilly,229153,186966,17,416136,193,125114,98489,4,1008,224615,53.98,https://www.eci.gov.in/eci-backend/public/api/download?url=LMAhAK6sOPBp%2FNFF0iRfXbEB1EVSLT41NNLRjYNJJP1KivrUxbfqkDatmHy12e%2FzVx8fLfn2ReU7TfrqYobgItyDaAQLMPt5uBD0qgj68t8z0tjGBeGpxJ4UA6XdyD6UDI6J3aw8rCvfDVAYu%2BkuTeXm7TVpjrwYfccyqfoXvvwrdBwUg1K6CIjdwGHhtOtm
AE,Uttar Pradesh,2017,125,Bareilly Cantt.,187852,155059,10,342921,459,102304,80527,0,672,183503,53.51,https://www.eci.gov.in/eci-backend/public/api/download?url=LMAhAK6sOPBp%2FNFF0iRfXbEB1EVSLT41NNLRjYNJJP1KivrUxbfqkDatmHy12e%2FzVx8fLfn2ReU7TfrqYobgItyDaAQLMPt5uBD0qgj68t8z0tjGBeGpxJ4UA6XdyD6UDI6J3aw8rCvfDVAYu%2BkuTeXm7TVpjrwYfccyqfoXvvwrdBwUg1K6CIjdwGHhtOtm
AE,Uttar Pradesh,2017,126,Aonla,163247,134822,6,298075,200,96860,84537,0,325,181722,60.97,https://www.eci.gov.in/eci-backend/public/api/download?url=LMAhAK6sOPBp%2FNFF0iRfXbEB1EVSLT41NNLRjYNJJP1KivrUxbfqkDatmHy12e%2FzVx8fLfn2ReU7TfrqYobgItyDaAQLMPt5uBD0qgj68t8z0tjGBeGpxJ4UA6XdyD6UDI6J3aw8rCvfDVAYu%2BkuTeXm7TVpjrwYfccyqfoXvvwrdBwUg1K6CIjdwGHhtOtm
AE,Uttar Pradesh,2017,127,Pilibhit,196764,171745,28,368537,583,134464,116255,2,1121,251842,68.34,https://www.eci.gov.in/eci-backend/public/api/download?url=LMAhAK6sOPBp%2FNFF0iRfXbEB1EVSLT41NNLRjYNJJP1KivrUxbfqkDatmHy12e%2FzVx8fLfn2ReU7TfrqYobgItyDaAQLMPt5uBD0qgj68t8z0tjGBeGpxJ4UA6XdyD6UDI6J3aw8rCvfDVAYu%2BkuTeXm7TVpjrwYfccyqfoXvvwrdBwUg1K6CIjdwGHhtOtm
AE,Uttar Pradesh,2017,128,Barkhera,163974,139722,10,303706,327,114588,96871,0,434,211893,69.77,https://www.eci.gov.in/eci-backend/public/api/download?url=LMAhAK6sOPBp%2FNFF0iRfXbEB1EVSLT41NNLRjYNJJP1KivrUxbfqkDatmHy12e%2FzVx8fLfn2ReU7TfrqYobgItyDaAQLMPt5uBD0qgj68t8z0tjGBeGpxJ4UA6XdyD6UDI6J3aw8rCvfDVAYu%2BkuTeXm7TVpjrwYfccyqfoXvvwrdBwUg1K6CIjdwGHhtOtm
AE,Uttar Pradesh,2017,129,Puranpur (SC),199807,169706,18,369531,375,132245,114246,1,361,246853,66.80,https://www.eci.gov.in/eci-backend/public/api/download?url=LMAhAK6sOPBp%2FNFF0iRfXbEB1EVSLT41NNLRjYNJJP1KivrUxbfqkDatmHy12e%2FzVx8fLfn2ReU7TfrqYobgItyDaAQLMPt5uBD0qgj68t8z0tjGBeGpxJ4UA6XdyD6UDI6J3aw8rCvfDVAYu%2BkuTeXm7TVpjrwYfccyqfoXvvwrdBwUg1K6CIjdwGHhtOtm
AE,Uttar Pradesh,2017,130,Bisalpur,187870,160404,8,348282,583,120880,101578,0,763,223221,64.09,https://www.eci.gov.in/eci-backend/public/api/download?url=LMAhAK6sOPBp%2FNFF0iRfXbEB1EVSLT41NNLRjYNJJP1KivrUxbfqkDatmHy12e%2FzVx8fLfn2ReU7TfrqYobgItyDaAQLMPt5uBD0qgj68t8z0tjGBeGpxJ4UA6XdyD6UDI6J3aw8rCvfDVAYu%2BkuTeXm7TVpjrwYfccyqfoXvvwrdBwUg1K6CIjdwGHhtOtm
AE,Uttar Pradesh,2017,131,Katra,174437,139510,18,313965,341,107027,85703,4,267,193001,61.47,https://www.eci.gov.in/eci-backend/public/api/download?url=LMAhAK6sOPBp%2FNFF0iRfXbEB1EVSLT41NNLRjYNJJP1KivrUxbfqkDatmHy12e%2FzVx8fLfn2ReU7TfrqYobgItyDaAQLMPt5uBD0qgj68t8z0tjGBeGpxJ4UA6XdyD6UDI6J3aw8rCvfDVAYu%2BkuTeXm7TVpjrwYfccyqfoXvvwrdBwUg1K6CIjdwGHhtOtm
AE,Uttar Pradesh,2017,132,Jalalabad,193215,149113,15,342343,378,116343,91685,1,352,208381,60.87,https://www.eci.gov.in/eci-backend/public/api/download?url=LMAhAK6sOPBp%2FNFF0iRfXbEB1EVSLT41NNLRjYNJJP1KivrUxbfqkDatmHy12e%2FzVx8fLfn2ReU7TfrqYobgItyDaAQLMPt5uBD0qgj68t8z0tjGBeGpxJ4UA6XdyD6UDI6J3aw8rCvfDVAYu%2BkuTeXm7TVpjrwYfccyqfoXvvwrdBwUg1K6CIjdwGHhtOtm
AE,Uttar Pradesh,2017,133,Tilhar,180337,150314,18,330669,225,111393,92498,1,357,204249,61.77,https://www.eci.gov.in/eci-backend/public/api/download?url=LMAhAK6sOPBp%2FNFF0iRfXbEB1EVSLT41NNLRjYNJJP1KivrUxbfqkDatmHy12e%2FzVx8fLfn2ReU7TfrqYobgItyDaAQLMPt5uBD0qgj68t8z0tjGBeGpxJ4UA6XdyD6UDI6J3aw8rCvfDVAYu%2BkuTeXm7TVpjrwYfccyqfoXvvwrdBwUg1K6CIjdwGHhtOtm
AE,Uttar Pradesh,2017,134,Powayan (SC),196214,165419,20,361653,167,126697,102248,1,260,229206,63.38,https://www.eci.gov.in/eci-backend/public/api/download?url=LMAhAK6sOPBp%2FNFF0iRfXbEB1EVSLT41NNLRjYNJJP1KivrUxbfqkDatmHy12e%2FzVx8fLfn2ReU7TfrqYobgItyDaAQLMPt5uBD0qgj68t8z0tjGBeGpxJ4UA6XdyD6UDI6J3aw8rCvfDVAYu%2BkuTeXm7TVpjrwYfccyqfoXvvwrdBwUg1K6CIjdwGHhtOtm
AE,Uttar Pradesh,2017,135,Shahjahanpur,197625,161352,31,359008,178,114235,90822,2,992,206051,57.39,https://www.eci.gov.in/eci-backend/public/api/download?url=LMAhAK6sOPBp%2FNFF0iRfXbEB1EVSLT41NNLRjYNJJP1KivrUxbfqkDatmHy12e%2FzVx8fLfn2ReU7TfrqYobgItyDaAQLMPt5uBD0qgj68t8z0tjGBeGpxJ4UA6XdyD6UDI6J3aw8rCvfDVAYu%2BkuTeXm7TVpjrwYfccyqfoXvvwrdBwUg1K6CIjdwGHhtOtm
AE,Uttar Pradesh,2017,136,Dadraul,182598,147566,55,330219,151,119350,96841,0,377,216568,65.58,https://www.eci.gov.in/eci-backend/public/api/download?url=LMAhAK6sOPBp%2FNFF0iRfXbEB1EVSLT41NNLRjYNJJP1KivrUxbfqkDatmHy12e%2FzVx8fLfn2ReU7TfrqYobgItyDaAQLMPt5uBD0qgj68t8z0tjGBeGpxJ4UA6XdyD6UDI6J3aw8rCvfDVAYu%2BkuTeXm7TVpjrwYfccyqfoXvvwrdBwUg1K6CIjdwGHhtOtm
AE,Uttar Pradesh,2017,137,PALIA,182416,158361,7,340784,147,121912,109564,1,356,231833,68.03,https://www.eci.gov.in/eci-backend/public/api/download?url=LMAhAK6sOPBp%2FNFF0iRfXbEB1EVSLT41NNLRjYNJJP1KivrUxbfqkDatmHy12e%2FzVx8fLfn2ReU7TfrqYobgItyDaAQLMPt5uBD0qgj68t8z0tjGBeGpxJ4UA6XdyD6UDI6J3aw8rCvfDVAYu%2BkuTeXm7TVpjrwYfccyqfoXvvwrdBwUg1K6CIjdwGHhtOtm
AE,Uttar Pradesh,2017,138,NIGHASAN,178531,148948,7,327486,119,120033,101745,0,379,222157,67.84,https://www.eci.gov.in/eci-backend/public/api/download?url=LMAhAK6sOPBp%2FNFF0iRfXbEB1EVSLT41NNLRjYNJJP1KivrUxbfqkDatmHy12e%2FzVx8fLfn2ReU7TfrqYobgItyDaAQLMPt5uBD0qgj68t8z0tjGBeGpxJ4UA6XdyD6UDI6J3aw8rCvfDVAYu%2BkuTeXm7TVpjrwYfccyqfoXvvwrdBwUg1K6CIjdwGHhtOtm
AE,Uttar Pradesh,2017,139,GOLA GOKRANNATH,195482,170266,19,365767,294,135347,114825,1,867,251040,68.63,https://www.eci.gov.in/eci-backend/public/api/download?url=LMAhAK6sOPBp%2FNFF0iRfXbEB1EVSLT41NNLRjYNJJP1KivrUxbfqkDatmHy12e%2FzVx8fLfn2ReU7TfrqYobgItyDaAQLMPt5uBD0qgj68t8z0tjGBeGpxJ4UA6XdyD6UDI6J3aw8rCvfDVAYu%2BkuTeXm7TVpjrwYfccyqfoXvvwrdBwUg1K6CIjdwGHhtOtm
AE,Uttar Pradesh,2017,140,SRI NAGAR (SC),165460,142497,7,307964,205,121572,100518,0,782,222872,72.37,https://www.eci.gov.in/eci-backend/public/api/download?url=LMAhAK6sOPBp%2FNFF0iRfXbEB1EVSLT41NNLRjYNJJP1KivrUxbfqkDatmHy12e%2FzVx8fLfn2ReU7TfrqYobgItyDaAQLMPt5uBD0qgj68t8z0tjGBeGpxJ4UA6XdyD6UDI6J3aw8rCvfDVAYu%2BkuTeXm7TVpjrwYfccyqfoXvvwrdBwUg1K6CIjdwGHhtOtm
AE,Uttar Pradesh,2017,141,DHAURAHRA,,,,321722,,,,,,,,https://www.eci.gov.in/eci-backend/public/api/download?url=LMAhAK6sOPBp%2FNFF0iRfXbEB1EVSLT41NNLRjYNJJP1KivrUxbfqkDatmHy12e%2FzVx8fLfn2ReU7TfrqYobgIlZ1iFAxwCMoG5IeSOwMR0Bq9mBVUS5yOSrw3shhxd%2BYvjxgH%2BIIXbRf2MWeAy4Fs%2BoofpTfP3lF9S13lu4SJJAEv5Dl9exRXwTm8CNOK%2FOo
AE,Uttar Pradesh,2017,142,LAKHIMPUR,209682,183727,17,393426,298,137925,116150,1,1664,255740,65.00,https://www.eci.gov.in/eci-backend/public/api/download?url=LMAhAK6sOPBp%2FNFF0iRfXbEB1EVSLT41NNLRjYNJJP1KivrUxbfqkDatmHy12e%2FzVx8fLfn2ReU7TfrqYobgItyDaAQLMPt5uBD0qgj68t8z0tjGBeGpxJ4UA6XdyD6UDI6J3aw8rCvfDVAYu%2BkuTeXm7TVpjrwYfccyqfoXvvwrdBwUg1K6CIjdwGHhtOtm
AE,Uttar Pradesh,2017,143,KASTA (SC),160705,138237,13,298955,165,113515,95756,1,736,210008,70.25,https://www.eci.gov.in/eci-backend/public/api/download?url=LMAhAK6sOPBp%2FNFF0iRfXbEB1EVSLT41NNLRjYNJJP1KivrUxbfqkDatmHy12e%2FzVx8fLfn2ReU7TfrqYobgItyDaAQLMPt5uBD0qgj68t8z0tjGBeGpxJ4UA6XdyD6UDI6J3aw8rCvfDVAYu%2BkuTeXm7TVpjrwYfccyqfoXvvwrdBwUg1K6CIjdwGHhtOtm
AE,Uttar Pradesh,2017,144,MOHAMMDI,171355,143898,10,315263,100,118792,99951,1,402,219146,69.51,https://www.eci.gov.in/eci-backend/public/api/download?url=LMAhAK6sOPBp%2FNFF0iRfXbEB1EVSLT41NNLRjYNJJP1KivrUxbfqkDatmHy12e%2FzVx8fLfn2ReU7TfrqYobgItyDaAQLMPt5uBD0qgj68t8z0tjGBeGpxJ4UA6XdyD6UDI6J3aw8rCvfDVAYu%2BkuTeXm7TVpjrwYfccyqfoXvvwrdBwUg1K6CIjdwGHhtOtm
AE,Uttar Pradesh,2017,145,Maholi,191244,160642,23,351909,44,132422,108923,0,377,241722,68.69,https://www.eci.gov.in/eci-backend/public/api/download?url=LMAhAK6sOPBp%2FNFF0iRfXbEB1EVSLT41NNLRjYNJJP1KivrUxbfqkDatmHy12e%2FzVx8fLfn2ReU7TfrqYobgItyDaAQLMPt5uBD0qgj68t8z0tjGBeGpxJ4UA6XdyD6UDI6J3aw8rCvfDVAYu%2BkuTeXm7TVpjrwYfccyqfoXvvwrdBwUg1K6CIjdwGHhtOtm
AE,Uttar Pradesh,2017,146,Sitapur,200734,178084,21,378839,50,125889,107817,3,537,234246,61.83,https://www.eci.gov.in/eci-backend/public/api/download?url=LMAhAK6sOPBp%2FNFF0iRfXbEB1EVSLT41NNLRjYNJJP1KivrUxbfqkDatmHy12e%2FzVx8fLfn2ReU7TfrqYobgItyDaAQLMPt5uBD0qgj68t8z0tjGBeGpxJ4UA6XdyD6UDI6J3aw8rCvfDVAYu%2BkuTeXm7TVpjrwYfccyqfoXvvwrdBwUg1K6CIjdwGHhtOtm
AE,Uttar Pradesh,2017,147,Hargaon (SC),165723,144436,23,310182,25,120379,100691,0,211,221281,71.34,https://www.eci.gov.in/eci-backend/public/api/download?url=LMAhAK6sOPBp%2FNFF0iRfXbEB1EVSLT41NNLRjYNJJP1KivrUxbfqkDatmHy12e%2FzVx8fLfn2ReU7TfrqYobgItyDaAQLMPt5uBD0qgj68t8z0tjGBeGpxJ4UA6XdyD6UDI6J3aw8rCvfDVAYu%2BkuTeXm7TVpjrwYfccyqfoXvvwrdBwUg1K6CIjdwGHhtOtm
AE,Uttar Pradesh,2017,148,Laharpur,181179,158534,18,339731,8,124100,105188,1,266,229555,67.57,https://www.eci.gov.in/eci-backend/public/api/download?url=LMAhAK6sOPBp%2FNFF0iRfXbEB1EVSLT41NNLRjYNJJP1KivrUxbfqkDatmHy12e%2FzVx8fLfn2ReU7TfrqYobgItyDaAQLMPt5uBD0qgj68t8z0tjGBeGpxJ4UA6XdyD6UDI6J3aw8rCvfDVAYu%2BkuTeXm7TVpjrwYfccyqfoXvvwrdBwUg1K6CIjdwGHhtOtm
AE,Uttar Pradesh,2017,149,Biswan,169535,147625,11,317171,15,122786,104986,0,303,228075,71.91,https://www.eci.gov.in/eci-backend/public/api/download?url=LMAhAK6sOPBp%2FNFF0iRfXbEB1EVSLT41NNLRjYNJJP1KivrUxbfqkDatmHy12e%2FzVx8fLfn2ReU7TfrqYobgItyDaAQLMPt5uBD0qgj68t8z0tjGBeGpxJ4UA6XdyD6UDI6J3aw8rCvfDVAYu%2BkuTeXm7TVpjrwYfccyqfoXvvwrdBwUg1K6CIjdwGHhtOtm
AE,Uttar Pradesh,2017,150,Sevata,161871,134608,7,296486,3,115849,98354,1,117,214321,72.29,https://www.eci.gov.in/eci-backend/public/api/download?url=LMAhAK6sOPBp%2FNFF0iRfXbEB1EVSLT41NNLRjYNJJP1KivrUxbfqkDatmHy12e%2FzVx8fLfn2ReU7TfrqYobgItyDaAQLMPt5uBD0qgj68t8z0tjGBeGpxJ4UA6XdyD6UDI6J3aw8rCvfDVAYu%2BkuTeXm7TVpjrwYfccyqfoXvvwrdBwUg1K6CIjdwGHhtOtm
AE,Uttar Pradesh,2017,151,Mahmoodabad,158064,132853,3,290920,9,113040,97371,1,250,210662,72.41,https://www.eci.gov.in/eci-backend/public/api/download?url=LMAhAK6sOPBp%2FNFF0iRfXbEB1EVSLT41NNLRjYNJJP1KivrUxbfqkDatmHy12e%2FzVx8fLfn2ReU7TfrqYobgItyDaAQLMPt5uBD0qgj68t8z0tjGBeGpxJ4UA6XdyD6UDI6J3aw8rCvfDVAYu%2BkuTeXm7TVpjrwYfccyqfoXvvwrdBwUg1K6CIjdwGHhtOtm
AE,Uttar Pradesh,2017,152,Sidhauli (SC),177560,151625,3,329188,36,125650,106808,0,284,232742,70.70,https://www.eci.gov.in/eci-backend/public/api/download?url=LMAhAK6sOPBp%2FNFF0iRfXbEB1EVSLT41NNLRjYNJJP1KivrUxbfqkDatmHy12e%2FzVx8fLfn2ReU7TfrqYobgItyDaAQLMPt5uBD0qgj68t8z0tjGBeGpxJ4UA6XdyD6UDI6J3aw8rCvfDVAYu%2BkuTeXm7TVpjrwYfccyqfoXvvwrdBwUg1K6CIjdwGHhtOtm
AE,Uttar Pradesh,2017,153,Misrikh (SC),188792,156168,21,344981,54,120525,98883,1,294,219703,63.69,https://www.eci.gov.in/eci-backend/public/api/download?url=LMAhAK6sOPBp%2FNFF0iRfXbEB1EVSLT41NNLRjYNJJP1KivrUxbfqkDatmHy12e%2FzVx8fLfn2ReU7TfrqYobgItyDaAQLMPt5uBD0qgj68t8z0tjGBeGpxJ4UA6XdyD6UDI6J3aw8rCvfDVAYu%2BkuTeXm7TVpjrwYfccyqfoXvvwrdBwUg1K6CIjdwGHhtOtm
AE,Uttar Pradesh,2017,154,Sawaijpur,213239,171475,6,384720,678,126224,104830,0,831,231885,60.27,https://www.eci.gov.in/eci-backend/public/api/download?url=LMAhAK6sOPBp%2FNFF0iRfXbEB1EVSLT41NNLRjYNJJP1KivrUxbfqkDatmHy12e%2FzVx8fLfn2ReU7TfrqYobgItyDaAQLMPt5uBD0qgj68t8z0tjGBeGpxJ4UA6XdyD6UDI6J3aw8rCvfDVAYu%2BkuTeXm7TVpjrwYfccyqfoXvvwrdBwUg1K6CIjdwGHhtOtm
AE,Uttar Pradesh,2017,155,Shahabad,184916,158918,16,343850,173,117721,101370,0,850,219941,63.96,https://www.eci.gov.in/eci-backend/public/api/download?url=LMAhAK6sOPBp%2FNFF0iRfXbEB1EVSLT41NNLRjYNJJP1KivrUxbfqkDatmHy12e%2FzVx8fLfn2ReU7TfrqYobgItyDaAQLMPt5uBD0qgj68t8z0tjGBeGpxJ4UA6XdyD6UDI6J3aw8rCvfDVAYu%2BkuTeXm7TVpjrwYfccyqfoXvvwrdBwUg1K6CIjdwGHhtOtm
AE,Uttar Pradesh,2017,156,Hardoi,213248,180292,11,393551,318,124636,103712,1,2041,230390,58.54,https://www.eci.gov.in/eci-backend/public/api/download?url=LMAhAK6sOPBp%2FNFF0iRfXbEB1EVSLT41NNLRjYNJJP1KivrUxbfqkDatmHy12e%2FzVx8fLfn2ReU7TfrqYobgItyDaAQLMPt5uBD0qgj68t8z0tjGBeGpxJ4UA6XdyD6UDI6J3aw8rCvfDVAYu%2BkuTeXm7TVpjrwYfccyqfoXvvwrdBwUg1K6CIjdwGHhtOtm
AE,Uttar Pradesh,2017,157,Gopamau (SC),180055,150314,12,330381,85,110029,92260,0,800,203089,61.47,https://www.eci.gov.in/eci-backend/public/api/download?url=LMAhAK6sOPBp%2FNFF0iRfXbEB1EVSLT41NNLRjYNJJP1KivrUxbfqkDatmHy12e%2FzVx8fLfn2ReU7TfrqYobgItyDaAQLMPt5uBD0qgj68t8z0tjGBeGpxJ4UA6XdyD6UDI6J3aw8rCvfDVAYu%2BkuTeXm7TVpjrwYfccyqfoXvvwrdBwUg1K6CIjdwGHhtOtm
AE,Uttar Pradesh,2017,158,Sandi (SC),174481,142878,9,317368,178,100987,83797,0,932,185716,58.52,https://www.eci.gov.in/eci-backend/public/api/download?url=LMAhAK6sOPBp%2FNFF0iRfXbEB1EVSLT41NNLRjYNJJP1KivrUxbfqkDatmHy12e%2FzVx8fLfn2ReU7TfrqYobgItyDaAQLMPt5uBD0qgj68t8z0tjGBeGpxJ4UA6XdyD6UDI6J3aw8rCvfDVAYu%2BkuTeXm7TVpjrwYfccyqfoXvvwrdBwUg1K6CIjdwGHhtOtm
AE,Uttar Pradesh,2017,159,Bilgram-Mallanwan,194718,163018,8,357744,568,118298,102854,0,1180,222332,62.15,https://www.eci.gov.in/eci-backend/public/api/download?url=LMAhAK6sOPBp%2FNFF0iRfXbEB1EVSLT41NNLRjYNJJP1KivrUxbfqkDatmHy12e%2FzVx8fLfn2ReU7TfrqYobgItyDaAQLMPt5uBD0qgj68t8z0tjGBeGpxJ4UA6XdyD6UDI6J3aw8rCvfDVAYu%2BkuTeXm7TVpjrwYfccyqfoXvvwrdBwUg1K6CIjdwGHhtOtm
AE,Uttar Pradesh,2017,160,Balamau (SC),190542,156915,18,347475,79,102416,84807,0,776,187999,54.10,https://www.eci.gov.in/eci-backend/public/api/download?url=LMAhAK6sOPBp%2FNFF0iRfXbEB1EVSLT41NNLRjYNJJP1KivrUxbfqkDatmHy12e%2FzVx8fLfn2ReU7TfrqYobgItyDaAQLMPt5uBD0qgj68t8z0tjGBeGpxJ4UA6XdyD6UDI6J3aw8rCvfDVAYu%2BkuTeXm7TVpjrwYfccyqfoXvvwrdBwUg1K6CIjdwGHhtOtm
AE,Uttar Pradesh,2017,161,Sandila,181592,152468,18,334078,52,108458,89735,0,458,198651,59.46,https://www.eci.gov.in/eci-backend/public/api/download?url=LMAhAK6sOPBp%2FNFF0iRfXbEB1EVSLT41NNLRjYNJJP1KivrUxbfqkDatmHy12e%2FzVx8fLfn2ReU7TfrqYobgItyDaAQLMPt5uBD0qgj68t8z0tjGBeGpxJ4UA6XdyD6UDI6J3aw8rCvfDVAYu%2BkuTeXm7TVpjrwYfccyqfoXvvwrdBwUg1K6CIjdwGHhtOtm
AE,Uttar Pradesh,2017,162,Bangermau,185170,152699,23,337892,150,108427,93316,2,414,202159,59.83,https://www.eci.gov.in/eci-backend/public/api/download?url=LMAhAK6sOPBp%2FNFF0iRfXbEB1EVSLT41NNLRjYNJJP1KivrUxbfqkDatmHy12e%2FzVx8fLfn2ReU7TfrqYobgItyDaAQLMPt5uBD0qgj68t8z0tjGBeGpxJ4UA6XdyD6UDI6J3aw8rCvfDVAYu%2BkuTeXm7TVpjrwYfccyqfoXvvwrdBwUg1K6CIjdwGHhtOtm
AE,Uttar Pradesh,2017,163,Safipur (SC),183662,144177,5,327844,189,106919,89823,1,486,197229,60.16,https://www.eci.gov.in/eci-backend/public/api/download?url=LMAhAK6sOPBp%2FNFF0iRfXbEB1EVSLT41NNLRjYNJJP1KivrUxbfqkDatmHy12e%2FzVx8fLfn2ReU7TfrqYobgItyDaAQLMPt5uBD0qgj68t8z0tjGBeGpxJ4UA6XdyD6UDI6J3aw8rCvfDVAYu%2BkuTeXm7TVpjrwYfccyqfoXvvwrdBwUg1K6CIjdwGHhtOtm
AE,Uttar Pradesh,2017,164,Mohan,177794,145167,12,322973,151,110447,91875,1,306,202629,62.74,https://www.eci.gov.in/eci-backend/public/api/download?url=LMAhAK6sOPBp%2FNFF0iRfXbEB1EVSLT41NNLRjYNJJP1KivrUxbfqkDatmHy12e%2FzVx8fLfn2ReU7TfrqYobgItyDaAQLMPt5uBD0qgj68t8z0tjGBeGpxJ4UA6XdyD6UDI6J3aw8rCvfDVAYu%2BkuTeXm7TVpjrwYfccyqfoXvvwrdBwUg1K6CIjdwGHhtOtm
AE,Uttar Pradesh,2017,165,Unnao (SC),210852,171674,21,382547,597,129632,101062,0,827,231521,60.52,https://www.eci.gov.in/eci-backend/public/api/download?url=LMAhAK6sOPBp%2FNFF0iRfXbEB1EVSLT41NNLRjYNJJP1KivrUxbfqkDatmHy12e%2FzVx8fLfn2ReU7TfrqYobgItyDaAQLMPt5uBD0qgj68t8z0tjGBeGpxJ4UA6XdyD6UDI6J3aw8rCvfDVAYu%2BkuTeXm7TVpjrwYfccyqfoXvvwrdBwUg1K6CIjdwGHhtOtm
AE,Uttar Pradesh,2017,166,Bhagwantnagar,221546,188129,12,409687,1824,120299,113541,0,532,234372,57.21,https://www.eci.gov.in/eci-backend/public/api/download?url=LMAhAK6sOPBp%2FNFF0iRfXbEB1EVSLT41NNLRjYNJJP1KivrUxbfqkDatmHy12e%2FzVx8fLfn2ReU7TfrqYobgItyDaAQLMPt5uBD0qgj68t8z0tjGBeGpxJ4UA6XdyD6UDI6J3aw8rCvfDVAYu%2BkuTeXm7TVpjrwYfccyqfoXvvwrdBwUg1K6CIjdwGHhtOtm
AE,Uttar Pradesh,2017,167,Purwa,214922,175133,27,390082,408,126472,117976,0,522,244970,62.80,https://www.eci.gov.in/eci-backend/public/api/download?url=LMAhAK6sOPBp%2FNFF0iRfXbEB1EVSLT41NNLRjYNJJP1KivrUxbfqkDatmHy12e%2FzVx8fLfn2ReU7TfrqYobgItyDaAQLMPt5uBD0qgj68t8z0tjGBeGpxJ4UA6XdyD6UDI6J3aw8rCvfDVAYu%2BkuTeXm7TVpjrwYfccyqfoXvvwrdBwUg1K6CIjdwGHhtOtm
AE,Uttar Pradesh,2017,168,Malihabad (SC),183644,156829,4,340477,46,125591,101878,0,268,227737,66.89,https://www.eci.gov.in/eci-backend/public/api/download?url=LMAhAK6sOPBp%2FNFF0iRfXbEB1EVSLT41NNLRjYNJJP1KivrUxbfqkDatmHy12e%2FzVx8fLfn2ReU7TfrqYobgItyDaAQLMPt5uBD0qgj68t8z0tjGBeGpxJ4UA6XdyD6UDI6J3aw8rCvfDVAYu%2BkuTeXm7TVpjrwYfccyqfoXvvwrdBwUg1K6CIjdwGHhtOtm
AE,Uttar Pradesh,2017,169,Bakshi Kaa Talab,213946,181913,5,395864,233,147708,116526,0,535,264769,66.88,https://www.eci.gov.in/eci-backend/public/api/download?url=LMAhAK6sOPBp%2FNFF0iRfXbEB1EVSLT41NNLRjYNJJP1KivrUxbfqkDatmHy12e%2FzVx8fLfn2ReU7TfrqYobgItyDaAQLMPt5uBD0qgj68t8z0tjGBeGpxJ4UA6XdyD6UDI6J3aw8rCvfDVAYu%2BkuTeXm7TVpjrwYfccyqfoXvvwrdBwUg1K6CIjdwGHhtOtm
AE,Uttar Pradesh,2017,170,Sarojini Nagar,270701,227856,16,498573,1739,161076,128904,0,914,290894,58.35,https://www.eci.gov.in/eci-backend/public/api/download?url=LMAhAK6sOPBp%2FNFF0iRfXbEB1EVSLT41NNLRjYNJJP1KivrUxbfqkDatmHy12e%2FzVx8fLfn2ReU7TfrqYobgItyDaAQLMPt5uBD0qgj68t8z0tjGBeGpxJ4UA6XdyD6UDI6J3aw8rCvfDVAYu%2BkuTeXm7TVpjrwYfccyqfoXvvwrdBwUg1K6CIjdwGHhtOtm
AE,Uttar Pradesh,2017,171,Lucknow West,210951,176896,27,387874,189,121660,95426,4,507,217597,56.10,https://www.eci.gov.in/eci-backend/public/api/download?url=LMAhAK6sOPBp%2FNFF0iRfXbEB1EVSLT41NNLRjYNJJP1KivrUxbfqkDatmHy12e%2FzVx8fLfn2ReU7TfrqYobgItyDaAQLMPt5uBD0qgj68t8z0tjGBeGpxJ4UA6XdyD6UDI6J3aw8rCvfDVAYu%2BkuTeXm7TVpjrwYfccyqfoXvvwrdBwUg1K6CIjdwGHhtOtm
AE,Uttar Pradesh,2017,172,Lucknow North,218388,184893,15,403296,361,125656,100529,0,711,226896,56.26,https://www.eci.gov.in/eci-backend/public/api/download?url=LMAhAK6sOPBp%2FNFF0iRfXbEB1EVSLT41NNLRjYNJJP1KivrUxbfqkDatmHy12e%2FzVx8fLfn2ReU7TfrqYobgItyDaAQLMPt5uBD0qgj68t8z0tjGBeGpxJ4UA6XdyD6UDI6J3aw8rCvfDVAYu%2BkuTeXm7TVpjrwYfccyqfoXvvwrdBwUg1K6CIjdwGHhtOtm
AE,Uttar Pradesh,2017,173,Lucknow East,,,,422793,,,,,,,,https://www.eci.gov.in/eci-backend/public/api/download?url=LMAhAK6sOPBp%2FNFF0iRfXbEB1EVSLT41NNLRjYNJJP1KivrUxbfqkDatmHy12e%2FzVx8fLfn2ReU7TfrqYobgIlZ1iFAxwCMoG5IeSOwMR0Bq9mBVUS5yOSrw3shhxd%2BYvjxgH%2BIIXbRf2MWeAy4Fs%2BoofpTfP3lF9S13lu4SJJAEv5Dl9exRXwTm8CNOK%2FOo
AE,Uttar Pradesh,2017,174,Lucknow Central,197126,169824,2,366952,227,108844,85784,0,408,195036,53.15,https://www.eci.gov.in/eci-backend/public/api/download?url=LMAhAK6sOPBp%2FNFF0iRfXbEB1EVSLT41NNLRjYNJJP1KivrUxbfqkDatmHy12e%2FzVx8fLfn2ReU7TfrqYobgItyDaAQLMPt5uBD0qgj68t8z0tjGBeGpxJ4UA6XdyD6UDI6J3aw8rCvfDVAYu%2BkuTeXm7TVpjrwYfccyqfoXvvwrdBwUg1K6CIjdwGHhtOtm
AE,Uttar Pradesh,2017,175,175-LUCKNOW CANTT.,200705,167586,20,368311,701,103558,83224,0,799,187581,50.93,https://www.eci.gov.in/eci-backend/public/api/download?url=LMAhAK6sOPBp%2FNFF0iRfXbEB1EVSLT41NNLRjYNJJP1KivrUxbfqkDatmHy12e%2FzVx8fLfn2ReU7TfrqYobgItyDaAQLMPt5uBD0qgj68t8z0tjGBeGpxJ4UA6XdyD6UDI6J3aw8rCvfDVAYu%2BkuTeXm7TVpjrwYfccyqfoXvvwrdBwUg1K6CIjdwGHhtOtm
AE,Uttar Pradesh,2017,176,Mohanlalganj (SC),181544,159617,16,341177,198,124717,97618,0,255,222590,65.24,https://www.eci.gov.in/eci-backend/public/api/download?url=LMAhAK6sOPBp%2FNFF0iRfXbEB1EVSLT41NNLRjYNJJP1KivrUxbfqkDatmHy12e%2FzVx8fLfn2ReU7TfrqYobgItyDaAQLMPt5uBD0qgj68t8z0tjGBeGpxJ4UA6XdyD6UDI6J3aw8rCvfDVAYu%2BkuTeXm7TVpjrwYfccyqfoXvvwrdBwUg1K6CIjdwGHhtOtm
AE,Uttar Pradesh,2017,177,Bachhrawan (SC),166516,146176,5,312697,100,102591,94853,0,739,198183,63.38,https://www.eci.gov.in/eci-backend/public/api/download?url=LMAhAK6sOPBp%2FNFF0iRfXbEB1EVSLT41NNLRjYNJJP1KivrUxbfqkDatmHy12e%2FzVx8fLfn2ReU7TfrqYobgItyDaAQLMPt5uBD0qgj68t8z0tjGBeGpxJ4UA6XdyD6UDI6J3aw8rCvfDVAYu%2BkuTeXm7TVpjrwYfccyqfoXvvwrdBwUg1K6CIjdwGHhtOtm
AE,Uttar Pradesh,2017,178,Tiloi,181250,158127,24,339401,205,97482,97747,0,562,195791,57.69,https://www.eci.gov.in/eci-backend/public/api/download?url=LMAhAK6sOPBp%2FNFF0iRfXbEB1EVSLT41NNLRjYNJJP1KivrUxbfqkDatmHy12e%2FzVx8fLfn2ReU7TfrqYobgItyDaAQLMPt5uBD0qgj68t8z0tjGBeGpxJ4UA6XdyD6UDI6J3aw8rCvfDVAYu%2BkuTeXm7TVpjrwYfccyqfoXvvwrdBwUg1K6CIjdwGHhtOtm
AE,Uttar Pradesh,2017,179,Harchandpur,161318,142486,11,303815,280,87863,96938,0,702,185503,61.06,https://www.eci.gov.in/eci-backend/public/api/download?url=LMAhAK6sOPBp%2FNFF0iRfXbEB1EVSLT41NNLRjYNJJP1KivrUxbfqkDatmHy12e%2FzVx8fLfn2ReU7TfrqYobgItyDaAQLMPt5uBD0qgj68t8z0tjGBeGpxJ4UA6XdyD6UDI6J3aw8rCvfDVAYu%2BkuTeXm7TVpjrwYfccyqfoXvvwrdBwUg1K6CIjdwGHhtOtm
AE,Uttar Pradesh,2017,180,Rae Bareli,184030,167283,11,351324,231,106927,99067,0,1449,207443,59.05,https://www.eci.gov.in/eci-backend/public/api/download?url=LMAhAK6sOPBp%2FNFF0iRfXbEB1EVSLT41NNLRjYNJJP1KivrUxbfqkDatmHy12e%2FzVx8fLfn2ReU7TfrqYobgItyDaAQLMPt5uBD0qgj68t8z0tjGBeGpxJ4UA6XdyD6UDI6J3aw8rCvfDVAYu%2BkuTeXm7TVpjrwYfccyqfoXvvwrdBwUg1K6CIjdwGHhtOtm
AE,Uttar Pradesh,2017,181,Salon (SC),181636,158326,1,339963,118,93197,99266,0,595,193058,56.79,https://www.eci.gov.in/eci-backend/public/api/download?url=LMAhAK6sOPBp%2FNFF0iRfXbEB1EVSLT41NNLRjYNJJP1KivrUxbfqkDatmHy12e%2FzVx8fLfn2ReU7TfrqYobgItyDaAQLMPt5uBD0qgj68t8z0tjGBeGpxJ4UA6XdyD6UDI6J3aw8rCvfDVAYu%2BkuTeXm7TVpjrwYfccyqfoXvvwrdBwUg1K6CIjdwGHhtOtm
AE,Uttar Pradesh,2017,182,Sareni,187300,164418,12,351730,597,99231,104743,0,915,204889,58.25,https://www.eci.gov.in/eci-backend/public/api/download?url=LMAhAK6sOPBp%2FNFF0iRfXbEB1EVSLT41NNLRjYNJJP1KivrUxbfqkDatmHy12e%2FzVx8fLfn2ReU7TfrqYobgItyDaAQLMPt5uBD0qgj68t8z0tjGBeGpxJ4UA6XdyD6UDI6J3aw8rCvfDVAYu%2BkuTeXm7TVpjrwYfccyqfoXvvwrdBwUg1K6CIjdwGHhtOtm
AE,Uttar Pradesh,2017,183,Unchahar,172288,153080,3,325371,367,100484,105783,0,844,207111,63.65,https://www.eci.gov.in/eci-backend/public/api/download?url=LMAhAK6sOPBp%2FNFF0iRfXbEB1EVSLT41NNLRjYNJJP1KivrUxbfqkDatmHy12e%2FzVx8fLfn2ReU7TfrqYobgItyDaAQLMPt5uBD0qgj68t8z0tjGBeGpxJ4UA6XdyD6UDI6J3aw8rCvfDVAYu%2BkuTeXm7TVpjrwYfccyqfoXvvwrdBwUg1K6CIjdwGHhtOtm
AE,Uttar Pradesh,2017,184,Jagdishpur (SC),194539,167128,30,361697,399,96409,96213,2,396,193020,53.37,https://www.eci.gov.in/eci-backend/public/api/download?url=LMAhAK6sOPBp%2FNFF0iRfXbEB1EVSLT41NNLRjYNJJP1KivrUxbfqkDatmHy12e%2FzVx8fLfn2ReU7TfrqYobgItyDaAQLMPt5uBD0qgj68t8z0tjGBeGpxJ4UA6XdyD6UDI6J3aw8rCvfDVAYu%2BkuTeXm7TVpjrwYfccyqfoXvvwrdBwUg1K6CIjdwGHhtOtm
AE,Uttar Pradesh,2017,185,Gauriganj,177028,158686,31,335745,404,98539,101970,0,680,201189,59.92,https://www.eci.gov.in/eci-backend/public/api/download?url=LMAhAK6sOPBp%2FNFF0iRfXbEB1EVSLT41NNLRjYNJJP1KivrUxbfqkDatmHy12e%2FzVx8fLfn2ReU7TfrqYobgItyDaAQLMPt5uBD0qgj68t8z0tjGBeGpxJ4UA6XdyD6UDI6J3aw8rCvfDVAYu%2BkuTeXm7TVpjrwYfccyqfoXvvwrdBwUg1K6CIjdwGHhtOtm
AE,Uttar Pradesh,2017,186,Amethi,177358,157184,45,334587,643,91529,95420,0,873,187822,56.14,https://www.eci.gov.in/eci-backend/public/api/download?url=LMAhAK6sOPBp%2FNFF0iRfXbEB1EVSLT41NNLRjYNJJP1KivrUxbfqkDatmHy12e%2FzVx8fLfn2ReU7TfrqYobgItyDaAQLMPt5uBD0qgj68t8z0tjGBeGpxJ4UA6XdyD6UDI6J3aw8rCvfDVAYu%2BkuTeXm7TVpjrwYfccyqfoXvvwrdBwUg1K6CIjdwGHhtOtm
AE,Uttar Pradesh,2017,187,Isauli,,,,339883,,,,,,,,https://www.eci.gov.in/eci-backend/public/api/download?url=LMAhAK6sOPBp%2FNFF0iRfXbEB1EVSLT41NNLRjYNJJP1KivrUxbfqkDatmHy12e%2FzVx8fLfn2ReU7TfrqYobgIlZ1iFAxwCMoG5IeSOwMR0Bq9mBVUS5yOSrw3shhxd%2BYvjxgH%2BIIXbRf2MWeAy4Fs%2BoofpTfP3lF9S13lu4SJJAEv5Dl9exRXwTm8CNOK%2FOo
AE,Uttar Pradesh,2017,188,Sultanpur,188234,172657,7,360898,550,102941,101244,0,897,205082,56.83,https://www.eci.gov.in/eci-backend/public/api/download?url=LMAhAK6sOPBp%2FNFF0iRfXbEB1EVSLT41NNLRjYNJJP1KivrUxbfqkDatmHy12e%2FzVx8fLfn2ReU7TfrqYobgItyDaAQLMPt5uBD0qgj68t8z0tjGBeGpxJ4UA6XdyD6UDI6J3aw8rCvfDVAYu%2BkuTeXm7TVpjrwYfccyqfoXvvwrdBwUg1K6CIjdwGHhtOtm
AE,Uttar Pradesh,2017,189,Sadar,170190,154037,10,324237,576,90258,98299,0,726,189283,58.38,https://www.eci.gov.in/eci-backend/public/api/download?url=LMAhAK6sOPBp%2FNFF0iRfXbEB1EVSLT41NNLRjYNJJP1KivrUxbfqkDatmHy12e%2FzVx8fLfn2ReU7TfrqYobgItyDaAQLMPt5uBD0qgj68t8z0tjGBeGpxJ4UA6XdyD6UDI6J3aw8rCvfDVAYu%2BkuTeXm7TVpjrwYfccyqfoXvvwrdBwUg1K6CIjdwGHhtOtm
AE,Uttar Pradesh,2017,190,Lambhua,183340,167591,13,350944,494,95222,105690,0,909,201821,57.51,https://www.eci.gov.in/eci-backend/public/api/download?url=LMAhAK6sOPBp%2FNFF0iRfXbEB1EVSLT41NNLRjYNJJP1KivrUxbfqkDatmHy12e%2FzVx8fLfn2ReU7TfrqYobgItyDaAQLMPt5uBD0qgj68t8z0tjGBeGpxJ4UA6XdyD6UDI6J3aw8rCvfDVAYu%2BkuTeXm7TVpjrwYfccyqfoXvvwrdBwUg1K6CIjdwGHhtOtm
AE,Uttar Pradesh,2017,191,Kadipur (SC),188569,169687,8,358264,217,99047,110937,0,661,210645,58.80,https://www.eci.gov.in/eci-backend/public/api/download?url=LMAhAK6sOPBp%2FNFF0iRfXbEB1EVSLT41NNLRjYNJJP1KivrUxbfqkDatmHy12e%2FzVx8fLfn2ReU7TfrqYobgItyDaAQLMPt5uBD0qgj68t8z0tjGBeGpxJ4UA6XdyD6UDI6J3aw8rCvfDVAYu%2BkuTeXm7TVpjrwYfccyqfoXvvwrdBwUg1K6CIjdwGHhtOtm
AE,Uttar Pradesh,2017,192,Kaimganj,206670,174874,23,381567,358,127262,105955,2,481,233700,61.25,https://www.eci.gov.in/eci-backend/public/api/download?url=LMAhAK6sOPBp%2FNFF0iRfXbEB1EVSLT41NNLRjYNJJP1KivrUxbfqkDatmHy12e%2FzVx8fLfn2ReU7TfrqYobgItyDaAQLMPt5uBD0qgj68t8z0tjGBeGpxJ4UA6XdyD6UDI6J3aw8rCvfDVAYu%2BkuTeXm7TVpjrwYfccyqfoXvvwrdBwUg1K6CIjdwGHhtOtm
AE,Uttar Pradesh,2017,193,Amritpur,162910,135745,13,298668,203,96696,77484,0,484,174664,58.48,https://www.eci.gov.in/eci-backend/public/api/download?url=LMAhAK6sOPBp%2FNFF0iRfXbEB1EVSLT41NNLRjYNJJP1KivrUxbfqkDatmHy12e%2FzVx8fLfn2ReU7TfrqYobgItyDaAQLMPt5uBD0qgj68t8z0tjGBeGpxJ4UA6XdyD6UDI6J3aw8rCvfDVAYu%2BkuTeXm7TVpjrwYfccyqfoXvvwrdBwUg1K6CIjdwGHhtOtm
AE,Uttar Pradesh,2017,194,Farrukhabad,192913,162410,22,355345,317,111925,95221,1,892,208039,58.55,https://www.eci.gov.in/eci-backend/public/api/download?url=LMAhAK6sOPBp%2FNFF0iRfXbEB1EVSLT41NNLRjYNJJP1KivrUxbfqkDatmHy12e%2FzVx8fLfn2ReU7TfrqYobgItyDaAQLMPt5uBD0qgj68t8z0tjGBeGpxJ4UA6XdyD6UDI6J3aw8rCvfDVAYu%2BkuTeXm7TVpjrwYfccyqfoXvvwrdBwUg1K6CIjdwGHhtOtm
AE,Uttar Pradesh,2017,195,Bhojpur,167509,139630,14,307153,563,101112,86068,3,543,187726,61.12,https://www.eci.gov.in/eci-backend/public/api/download?url=LMAhAK6sOPBp%2FNFF0iRfXbEB1EVSLT41NNLRjYNJJP1KivrUxbfqkDatmHy12e%2FzVx8fLfn2ReU7TfrqYobgItyDaAQLMPt5uBD0qgj68t8z0tjGBeGpxJ4UA6XdyD6UDI6J3aw8rCvfDVAYu%2BkuTeXm7TVpjrwYfccyqfoXvvwrdBwUg1K6CIjdwGHhtOtm
AE,Uttar Pradesh,2017,196,Chhibramau,232899,189230,18,422147,1176,145440,123031,4,923,269398,63.82,https://www.eci.gov.in/eci-backend/public/api/download?url=LMAhAK6sOPBp%2FNFF0iRfXbEB1EVSLT41NNLRjYNJJP1KivrUxbfqkDatmHy12e%2FzVx8fLfn2ReU7TfrqYobgItyDaAQLMPt5uBD0qgj68t8z0tjGBeGpxJ4UA6XdyD6UDI6J3aw8rCvfDVAYu%2BkuTeXm7TVpjrwYfccyqfoXvvwrdBwUg1K6CIjdwGHhtOtm
AE,Uttar Pradesh,2017,197,Tirwa,193879,153247,9,347135,709,117191,96838,2,1056,215087,61.96,https://www.eci.gov.in/eci-backend/public/api/download?url=LMAhAK6sOPBp%2FNFF0iRfXbEB1EVSLT41NNLRjYNJJP1KivrUxbfqkDatmHy12e%2FzVx8fLfn2ReU7TfrqYobgItyDaAQLMPt5uBD0qgj68t8z0tjGBeGpxJ4UA6XdyD6UDI6J3aw8rCvfDVAYu%2BkuTeXm7TVpjrwYfccyqfoXvvwrdBwUg1K6CIjdwGHhtOtm
AE,Uttar Pradesh,2017,198,Kannauj (SC),211340,174201,4,385545,385,134034,113315,0,724,248073,64.34,https://www.eci.gov.in/eci-backend/public/api/download?url=LMAhAK6sOPBp%2FNFF0iRfXbEB1EVSLT41NNLRjYNJJP1KivrUxbfqkDatmHy12e%2FzVx8fLfn2ReU7TfrqYobgItyDaAQLMPt5uBD0qgj68t8z0tjGBeGpxJ4UA6XdyD6UDI6J3aw8rCvfDVAYu%2BkuTeXm7TVpjrwYfccyqfoXvvwrdBwUg1K6CIjdwGHhtOtm
AE,Uttar Pradesh,2017,199,Jaswantnagar,201779,164640,15,366434,899,128018,104210,0,941,233169,63.63,https://www.eci.gov.in/eci-backend/public/api/download?url=LMAhAK6sOPBp%2FNFF0iRfXbEB1EVSLT41NNLRjYNJJP1KivrUxbfqkDatmHy12e%2FzVx8fLfn2ReU7TfrqYobgItyDaAQLMPt5uBD0qgj68t8z0tjGBeGpxJ4UA6XdyD6UDI6J3aw8rCvfDVAYu%2BkuTeXm7TVpjrwYfccyqfoXvvwrdBwUg1K6CIjdwGHhtOtm
AE,Uttar Pradesh,2017,200,Etawah,,,,381680,,,,,,,,https://www.eci.gov.in/eci-backend/public/api/download?url=LMAhAK6sOPBp%2FNFF0iRfXbEB1EVSLT41NNLRjYNJJP1KivrUxbfqkDatmHy12e%2FzVx8fLfn2ReU7TfrqYobgIlZ1iFAxwCMoG5IeSOwMR0Bq9mBVUS5yOSrw3shhxd%2BYvjxgH%2BIIXbRf2MWeAy4Fs%2BoofpTfP3lF9S13lu4SJJAEv5Dl9exRXwTm8CNOK%2FOo
AE,Uttar Pradesh,2017,201,Bharthana (SC),215341,174728,20,390089,1080,123162,106367,0,659,230188,59.01,https://www.eci.gov.in/eci-backend/public/api/download?url=LMAhAK6sOPBp%2FNFF0iRfXbEB1EVSLT41NNLRjYNJJP1KivrUxbfqkDatmHy12e%2FzVx8fLfn2ReU7TfrqYobgItyDaAQLMPt5uBD0qgj68t8z0tjGBeGpxJ4UA6XdyD6UDI6J3aw8rCvfDVAYu%2BkuTeXm7TVpjrwYfccyqfoXvvwrdBwUg1K6CIjdwGHhtOtm
AE,Uttar Pradesh,2017,202,Bidhuna,194747,160600,21,355368,817,116608,101184,0,637,218429,61.47,https://www.eci.gov.in/eci-backend/public/api/download?url=LMAhAK6sOPBp%2FNFF0iRfXbEB1EVSLT41NNLRjYNJJP1KivrUxbfqkDatmHy12e%2FzVx8fLfn2ReU7TfrqYobgItyDaAQLMPt5uBD0qgj68t8z0tjGBeGpxJ4UA6XdyD6UDI6J3aw8rCvfDVAYu%2BkuTeXm7TVpjrwYfccyqfoXvvwrdBwUg1K6CIjdwGHhtOtm
AE,Uttar Pradesh,2017,203,Dibiyapur,169877,139620,5,309502,420,101035,90009,0,582,191626,61.91,https://www.eci.gov.in/eci-backend/public/api/download?url=LMAhAK6sOPBp%2FNFF0iRfXbEB1EVSLT41NNLRjYNJJP1KivrUxbfqkDatmHy12e%2FzVx8fLfn2ReU7TfrqYobgItyDaAQLMPt5uBD0qgj68t8z0tjGBeGpxJ4UA6XdyD6UDI6J3aw8rCvfDVAYu%2BkuTeXm7TVpjrwYfccyqfoXvvwrdBwUg1K6CIjdwGHhtOtm
AE,Uttar Pradesh,2017,204,Auraiya,174836,144494,16,319346,669,98010,86236,3,580,184829,57.88,https://www.eci.gov.in/eci-backend/public/api/download?url=LMAhAK6sOPBp%2FNFF0iRfXbEB1EVSLT41NNLRjYNJJP1KivrUxbfqkDatmHy12e%2FzVx8fLfn2ReU7TfrqYobgItyDaAQLMPt5uBD0qgj68t8z0tjGBeGpxJ4UA6XdyD6UDI6J3aw8rCvfDVAYu%2BkuTeXm7TVpjrwYfccyqfoXvvwrdBwUg1K6CIjdwGHhtOtm
AE,Uttar Pradesh,2017,205,Rasulabad (SC),168132,143186,16,311334,426,101254,87411,0,773,189438,60.85,https://www.eci.gov.in/eci-backend/public/api/download?url=LMAhAK6sOPBp%2FNFF0iRfXbEB1EVSLT41NNLRjYNJJP1KivrUxbfqkDatmHy12e%2FzVx8fLfn2ReU7TfrqYobgItyDaAQLMPt5uBD0qgj68t8z0tjGBeGpxJ4UA6XdyD6UDI6J3aw8rCvfDVAYu%2BkuTeXm7TVpjrwYfccyqfoXvvwrdBwUg1K6CIjdwGHhtOtm
AE,Uttar Pradesh,2017,206,Akbarpur - Raniya,165250,142852,33,308135,568,110384,92221,4,666,203275,65.97,https://www.eci.gov.in/eci-backend/public/api/download?url=LMAhAK6sOPBp%2FNFF0iRfXbEB1EVSLT41NNLRjYNJJP1KivrUxbfqkDatmHy12e%2FzVx8fLfn2ReU7TfrqYobgItyDaAQLMPt5uBD0qgj68t8z0tjGBeGpxJ4UA6XdyD6UDI6J3aw8rCvfDVAYu%2BkuTeXm7TVpjrwYfccyqfoXvvwrdBwUg1K6CIjdwGHhtOtm
AE,Uttar Pradesh,2017,207,Sikandra,173167,148064,10,321241,602,100530,92215,2,1071,193818,60.33,https://www.eci.gov.in/eci-backend/public/api/download?url=LMAhAK6sOPBp%2FNFF0iRfXbEB1EVSLT41NNLRjYNJJP1KivrUxbfqkDatmHy12e%2FzVx8fLfn2ReU7TfrqYobgItyDaAQLMPt5uBD0qgj68t8z0tjGBeGpxJ4UA6XdyD6UDI6J3aw8rCvfDVAYu%2BkuTeXm7TVpjrwYfccyqfoXvvwrdBwUg1K6CIjdwGHhtOtm
AE,Uttar Pradesh,2017,208,Bhognipur,178793,154240,23,333056,795,112986,98531,1,1214,212732,63.87,https://www.eci.gov.in/eci-backend/public/api/download?url=LMAhAK6sOPBp%2FNFF0iRfXbEB1EVSLT41NNLRjYNJJP1KivrUxbfqkDatmHy12e%2FzVx8fLfn2ReU7TfrqYobgItyDaAQLMPt5uBD0qgj68t8z0tjGBeGpxJ4UA6XdyD6UDI6J3aw8rCvfDVAYu%2BkuTeXm7TVpjrwYfccyqfoXvvwrdBwUg1K6CIjdwGHhtOtm
AE,Uttar Pradesh,2017,209,Bilhaur (SC),206416,171158,1,377575,281,133385,106590,0,757,240732,63.76,https://www.eci.gov.in/eci-backend/public/api/download?url=LMAhAK6sOPBp%2FNFF0iRfXbEB1EVSLT41NNLRjYNJJP1KivrUxbfqkDatmHy12e%2FzVx8fLfn2ReU7TfrqYobgItyDaAQLMPt5uBD0qgj68t8z0tjGBeGpxJ4UA6XdyD6UDI6J3aw8rCvfDVAYu%2BkuTeXm7TVpjrwYfccyqfoXvvwrdBwUg1K6CIjdwGHhtOtm
AE,Uttar Pradesh,2017,210,Bithoor (SC),195343,158731,28,354102,667,129581,100248,2,738,230569,65.11,https://www.eci.gov.in/eci-backend/public/api/download?url=LMAhAK6sOPBp%2FNFF0iRfXbEB1EVSLT41NNLRjYNJJP1KivrUxbfqkDatmHy12e%2FzVx8fLfn2ReU7TfrqYobgItyDaAQLMPt5uBD0qgj68t8z0tjGBeGpxJ4UA6XdyD6UDI6J3aw8rCvfDVAYu%2BkuTeXm7TVpjrwYfccyqfoXvvwrdBwUg1K6CIjdwGHhtOtm
AE,Uttar Pradesh,2017,211,Kalyanpur,180815,153412,13,334240,455,95356,79213,0,3360,177929,53.23,https://www.eci.gov.in/eci-backend/public/api/download?url=LMAhAK6sOPBp%2FNFF0iRfXbEB1EVSLT41NNLRjYNJJP1KivrUxbfqkDatmHy12e%2FzVx8fLfn2ReU7TfrqYobgItyDaAQLMPt5uBD0qgj68t8z0tjGBeGpxJ4UA6XdyD6UDI6J3aw8rCvfDVAYu%2BkuTeXm7TVpjrwYfccyqfoXvvwrdBwUg1K6CIjdwGHhtOtm
AE,Uttar Pradesh,2017,212,Govindnagar,191822,157332,26,349180,381,102486,80693,0,2180,185359,53.08,https://www.eci.gov.in/eci-backend/public/api/download?url=LMAhAK6sOPBp%2FNFF0iRfXbEB1EVSLT41NNLRjYNJJP1KivrUxbfqkDatmHy12e%2FzVx8fLfn2ReU7TfrqYobgItyDaAQLMPt5uBD0qgj68t8z0tjGBeGpxJ4UA6XdyD6UDI6J3aw8rCvfDVAYu%2BkuTeXm7TVpjrwYfccyqfoXvvwrdBwUg1K6CIjdwGHhtOtm
AE,Uttar Pradesh,2017,213,Sishamau,149543,122746,5,272294,73,85935,67022,0,1308,154265,56.65,https://www.eci.gov.in/eci-backend/public/api/download?url=LMAhAK6sOPBp%2FNFF0iRfXbEB1EVSLT41NNLRjYNJJP1KivrUxbfqkDatmHy12e%2FzVx8fLfn2ReU7TfrqYobgItyDaAQLMPt5uBD0qgj68t8z0tjGBeGpxJ4UA6XdyD6UDI6J3aw8rCvfDVAYu%2BkuTeXm7TVpjrwYfccyqfoXvvwrdBwUg1K6CIjdwGHhtOtm
AE,Uttar Pradesh,2017,214,Arya Nagar,154277,124783,38,279098,67,84682,61855,0,1007,147544,52.86,https://www.eci.gov.in/eci-backend/public/api/download?url=LMAhAK6sOPBp%2FNFF0iRfXbEB1EVSLT41NNLRjYNJJP1KivrUxbfqkDatmHy12e%2FzVx8fLfn2ReU7TfrqYobgItyDaAQLMPt5uBD0qgj68t8z0tjGBeGpxJ4UA6XdyD6UDI6J3aw8rCvfDVAYu%2BkuTeXm7TVpjrwYfccyqfoXvvwrdBwUg1K6CIjdwGHhtOtm
AE,Uttar Pradesh,2017,215,KIDWAI NAGAR,192387,162264,42,354693,433,111034,91767,0,2333,205134,57.83,https://www.eci.gov.in/eci-backend/public/api/download?url=LMAhAK6sOPBp%2FNFF0iRfXbEB1EVSLT41NNLRjYNJJP1KivrUxbfqkDatmHy12e%2FzVx8fLfn2ReU7TfrqYobgItyDaAQLMPt5uBD0qgj68t8z0tjGBeGpxJ4UA6XdyD6UDI6J3aw8rCvfDVAYu%2BkuTeXm7TVpjrwYfccyqfoXvvwrdBwUg1K6CIjdwGHhtOtm
AE,Uttar Pradesh,2017,216,Kanpur Cantt.,186840,148722,25,335587,440,98661,76426,3,1372,176462,52.58,https://www.eci.gov.in/eci-backend/public/api/download?url=LMAhAK6sOPBp%2FNFF0iRfXbEB1EVSLT41NNLRjYNJJP1KivrUxbfqkDatmHy12e%2FzVx8fLfn2ReU7TfrqYobgItyDaAQLMPt5uBD0qgj68t8z0tjGBeGpxJ4UA6XdyD6UDI6J3aw8rCvfDVAYu%2BkuTeXm7TVpjrwYfccyqfoXvvwrdBwUg1K6CIjdwGHhtOtm
AE,Uttar Pradesh,2017,217,Maharajpur,228016,181009,24,409049,1307,132889,101788,1,2128,236806,57.89,https://www.eci.gov.in/eci-backend/public/api/download?url=LMAhAK6sOPBp%2FNFF0iRfXbEB1EVSLT41NNLRjYNJJP1KivrUxbfqkDatmHy12e%2FzVx8fLfn2ReU7TfrqYobgItyDaAQLMPt5uBD0qgj68t8z0tjGBeGpxJ4UA6XdyD6UDI6J3aw8rCvfDVAYu%2BkuTeXm7TVpjrwYfccyqfoXvvwrdBwUg1K6CIjdwGHhtOtm
AE,Uttar Pradesh,2017,218,Ghatampur (SC),168984,139938,5,308927,528,103519,86864,1,842,191226,61.90,https://www.eci.gov.in/eci-backend/public/api/download?url=LMAhAK6sOPBp%2FNFF0iRfXbEB1EVSLT41NNLRjYNJJP1KivrUxbfqkDatmHy12e%2FzVx8fLfn2ReU7TfrqYobgItyDaAQLMPt5uBD0qgj68t8z0tjGBeGpxJ4UA6XdyD6UDI6J3aw8rCvfDVAYu%2BkuTeXm7TVpjrwYfccyqfoXvvwrdBwUg1K6CIjdwGHhtOtm
AE,Uttar Pradesh,2017,219,Madhaugarh,237925,193355,17,431297,100,136158,115707,1,801,252667,58.58,https://www.eci.gov.in/eci-backend/public/api/download?url=LMAhAK6sOPBp%2FNFF0iRfXbEB1EVSLT41NNLRjYNJJP1KivrUxbfqkDatmHy12e%2FzVx8fLfn2ReU7TfrqYobgItyDaAQLMPt5uBD0qgj68t8z0tjGBeGpxJ4UA6XdyD6UDI6J3aw8rCvfDVAYu%2BkuTeXm7TVpjrwYfccyqfoXvvwrdBwUg1K6CIjdwGHhtOtm
AE,Uttar Pradesh,2017,220,Kalpi,209571,167973,10,377554,95,124701,104027,2,706,229436,60.77,https://www.eci.gov.in/eci-backend/public/api/download?url=LMAhAK6sOPBp%2FNFF0iRfXbEB1EVSLT41NNLRjYNJJP1KivrUxbfqkDatmHy12e%2FzVx8fLfn2ReU7TfrqYobgItyDaAQLMPt5uBD0qgj68t8z0tjGBeGpxJ4UA6XdyD6UDI6J3aw8rCvfDVAYu%2BkuTeXm7TVpjrwYfccyqfoXvvwrdBwUg1K6CIjdwGHhtOtm
AE,Uttar Pradesh,2017,221,Orai (SC),231260,192656,16,423932,104,143502,120355,6,1368,265231,62.56,https://www.eci.gov.in/eci-backend/public/api/download?url=LMAhAK6sOPBp%2FNFF0iRfXbEB1EVSLT41NNLRjYNJJP1KivrUxbfqkDatmHy12e%2FzVx8fLfn2ReU7TfrqYobgItyDaAQLMPt5uBD0qgj68t8z0tjGBeGpxJ4UA6XdyD6UDI6J3aw8rCvfDVAYu%2BkuTeXm7TVpjrwYfccyqfoXvvwrdBwUg1K6CIjdwGHhtOtm
AE,Uttar Pradesh,2017,222,Babina,175133,148295,12,323440,184,123296,106431,0,567,230294,71.20,https://www.eci.gov.in/eci-backend/public/api/download?url=LMAhAK6sOPBp%2FNFF0iRfXbEB1EVSLT41NNLRjYNJJP1KivrUxbfqkDatmHy12e%2FzVx8fLfn2ReU7TfrqYobgItyDaAQLMPt5uBD0qgj68t8z0tjGBeGpxJ4UA6XdyD6UDI6J3aw8rCvfDVAYu%2BkuTeXm7TVpjrwYfccyqfoXvvwrdBwUg1K6CIjdwGHhtOtm
AE,Uttar Pradesh,2017,223,Jhansi Nagar,214723,183265,20,398008,164,132632,108916,0,717,242265,60.87,https://www.eci.gov.in/eci-backend/public/api/download?url=LMAhAK6sOPBp%2FNFF0iRfXbEB1EVSLT41NNLRjYNJJP1KivrUxbfqkDatmHy12e%2FzVx8fLfn2ReU7TfrqYobgItyDaAQLMPt5uBD0qgj68t8z0tjGBeGpxJ4UA6XdyD6UDI6J3aw8rCvfDVAYu%2BkuTeXm7TVpjrwYfccyqfoXvvwrdBwUg1K6CIjdwGHhtOtm
AE,Uttar Pradesh,2017,224,Mauranipur (SC),214113,187944,14,402071,51,144515,123823,2,490,268830,66.86,https://www.eci.gov.in/eci-backend/public/api/download?url=LMAhAK6sOPBp%2FNFF0iRfXbEB1EVSLT41NNLRjYNJJP1KivrUxbfqkDatmHy12e%2FzVx8fLfn2ReU7TfrqYobgItyDaAQLMPt5uBD0qgj68t8z0tjGBeGpxJ4UA6XdyD6UDI6J3aw8rCvfDVAYu%2BkuTeXm7TVpjrwYfccyqfoXvvwrdBwUg1K6CIjdwGHhtOtm
AE,Uttar Pradesh,2017,225,Garautha,182484,156216,12,338712,85,123381,105119,0,308,228808,67.55,https://www.eci.gov.in/eci-backend/public/api/download?url=LMAhAK6sOPBp%2FNFF0iRfXbEB1EVSLT41NNLRjYNJJP1KivrUxbfqkDatmHy12e%2FzVx8fLfn2ReU7TfrqYobgItyDaAQLMPt5uBD0qgj68t8z0tjGBeGpxJ4UA6XdyD6UDI6J3aw8rCvfDVAYu%2BkuTeXm7TVpjrwYfccyqfoXvvwrdBwUg1K6CIjdwGHhtOtm
AE,Uttar Pradesh,2017,226,Lalitpur,238672,214643,0,453315,197,168384,149111,0,361,317856,70.12,https://www.eci.gov.in/eci-backend/public/api/download?url=LMAhAK6sOPBp%2FNFF0iRfXbEB1EVSLT41NNLRjYNJJP1KivrUxbfqkDatmHy12e%2FzVx8fLfn2ReU7TfrqYobgItyDaAQLMPt5uBD0qgj68t8z0tjGBeGpxJ4UA6XdyD6UDI6J3aw8rCvfDVAYu%2BkuTeXm7TVpjrwYfccyqfoXvvwrdBwUg1K6CIjdwGHhtOtm
AE,Uttar Pradesh,2017,227,Mehroni (SC),215878,199111,9,414998,72,163879,143681,0,194,307754,74.16,https://www.eci.gov.in/eci-backend/public/api/download?url=LMAhAK6sOPBp%2FNFF0iRfXbEB1EVSLT41NNLRjYNJJP1KivrUxbfqkDatmHy12e%2FzVx8fLfn2ReU7TfrqYobgItyDaAQLMPt5uBD0qgj68t8z0tjGBeGpxJ4UA6XdyD6UDI6J3aw8rCvfDVAYu%2BkuTeXm7TVpjrwYfccyqfoXvvwrdBwUg1K6CIjdwGHhtOtm
AE,Uttar Pradesh,2017,228,Hamirpur,216713,180302,9,397024,690,134234,117543,2,864,252643,63.63,https://www.eci.gov.in/eci-backend/public/api/download?url=LMAhAK6sOPBp%2FNFF0iRfXbEB1EVSLT41NNLRjYNJJP1KivrUxbfqkDatmHy12e%2FzVx8fLfn2ReU7TfrqYobgItyDaAQLMPt5uBD0qgj68t8z0tjGBeGpxJ4UA6XdyD6UDI6J3aw8rCvfDVAYu%2BkuTeXm7TVpjrwYfccyqfoXvvwrdBwUg1K6CIjdwGHhtOtm
AE,Uttar Pradesh,2017,229,Rath (SC),208440,174775,2,383217,454,130606,110509,1,923,242039,63.16,https://www.eci.gov.in/eci-backend/public/api/download?url=LMAhAK6sOPBp%2FNFF0iRfXbEB1EVSLT41NNLRjYNJJP1KivrUxbfqkDatmHy12e%2FzVx8fLfn2ReU7TfrqYobgItyDaAQLMPt5uBD0qgj68t8z0tjGBeGpxJ4UA6XdyD6UDI6J3aw8rCvfDVAYu%2BkuTeXm7TVpjrwYfccyqfoXvvwrdBwUg1K6CIjdwGHhtOtm
AE,Uttar Pradesh,2017,230,Mahoba,164000,134831,4,298835,73,107115,89489,2,692,197298,66.02,https://www.eci.gov.in/eci-backend/public/api/download?url=LMAhAK6sOPBp%2FNFF0iRfXbEB1EVSLT41NNLRjYNJJP1KivrUxbfqkDatmHy12e%2FzVx8fLfn2ReU7TfrqYobgItyDaAQLMPt5uBD0qgj68t8z0tjGBeGpxJ4UA6XdyD6UDI6J3aw8rCvfDVAYu%2BkuTeXm7TVpjrwYfccyqfoXvvwrdBwUg1K6CIjdwGHhtOtm
AE,Uttar Pradesh,2017,231,Charkhari,174039,148375,8,322422,64,115045,98217,3,459,213724,66.29,https://www.eci.gov.in/eci-backend/public/api/download?url=LMAhAK6sOPBp%2FNFF0iRfXbEB1EVSLT41NNLRjYNJJP1KivrUxbfqkDatmHy12e%2FzVx8fLfn2ReU7TfrqYobgItyDaAQLMPt5uBD0qgj68t8z0tjGBeGpxJ4UA6XdyD6UDI6J3aw8rCvfDVAYu%2BkuTeXm7TVpjrwYfccyqfoXvvwrdBwUg1K6CIjdwGHhtOtm
AE,Uttar Pradesh,2017,232,Tindwari,171593,138032,9,309634,708,95138,88984,1,788,184911,59.72,https://www.eci.gov.in/eci-backend/public/api/download?url=LMAhAK6sOPBp%2FNFF0iRfXbEB1EVSLT41NNLRjYNJJP1KivrUxbfqkDatmHy12e%2FzVx8fLfn2ReU7TfrqYobgItyDaAQLMPt5uBD0qgj68t8z0tjGBeGpxJ4UA6XdyD6UDI6J3aw8rCvfDVAYu%2BkuTeXm7TVpjrwYfccyqfoXvvwrdBwUg1K6CIjdwGHhtOtm
AE,Uttar Pradesh,2017,233,Baberu,181114,146750,21,327885,265,98471,94624,0,827,193922,59.14,https://www.eci.gov.in/eci-backend/public/api/download?url=LMAhAK6sOPBp%2FNFF0iRfXbEB1EVSLT41NNLRjYNJJP1KivrUxbfqkDatmHy12e%2FzVx8fLfn2ReU7TfrqYobgItyDaAQLMPt5uBD0qgj68t8z0tjGBeGpxJ4UA6XdyD6UDI6J3aw8rCvfDVAYu%2BkuTeXm7TVpjrwYfccyqfoXvvwrdBwUg1K6CIjdwGHhtOtm
AE,Uttar Pradesh,2017,234,Naraini (SC),184176,151602,10,335788,199,106399,96807,0,859,204065,60.77,https://www.eci.gov.in/eci-backend/public/api/download?url=LMAhAK6sOPBp%2FNFF0iRfXbEB1EVSLT41NNLRjYNJJP1KivrUxbfqkDatmHy12e%2FzVx8fLfn2ReU7TfrqYobgItyDaAQLMPt5uBD0qgj68t8z0tjGBeGpxJ4UA6XdyD6UDI6J3aw8rCvfDVAYu%2BkuTeXm7TVpjrwYfccyqfoXvvwrdBwUg1K6CIjdwGHhtOtm
AE,Uttar Pradesh,2017,235,Banda,167542,136644,18,304204,179,96402,84641,0,1366,182409,59.96,https://www.eci.gov.in/eci-backend/public/api/download?url=LMAhAK6sOPBp%2FNFF0iRfXbEB1EVSLT41NNLRjYNJJP1KivrUxbfqkDatmHy12e%2FzVx8fLfn2ReU7TfrqYobgItyDaAQLMPt5uBD0qgj68t8z0tjGBeGpxJ4UA6XdyD6UDI6J3aw8rCvfDVAYu%2BkuTeXm7TVpjrwYfccyqfoXvvwrdBwUg1K6CIjdwGHhtOtm
AE,Uttar Pradesh,2017,236,Chitrakoot,193341,163282,8,356631,186,113618,106198,0,1414,221230,62.03,https://www.eci.gov.in/eci-backend/public/api/download?url=LMAhAK6sOPBp%2FNFF0iRfXbEB1EVSLT41NNLRjYNJJP1KivrUxbfqkDatmHy12e%2FzVx8fLfn2ReU7TfrqYobgItyDaAQLMPt5uBD0qgj68t8z0tjGBeGpxJ4UA6XdyD6UDI6J3aw8rCvfDVAYu%2BkuTeXm7TVpjrwYfccyqfoXvvwrdBwUg1K6CIjdwGHhtOtm
AE,Uttar Pradesh,2017,237,Manikpur,178285,147401,8,325694,121,99767,93963,1,901,194632,59.76,https://www.eci.gov.in/eci-backend/public/api/download?url=LMAhAK6sOPBp%2FNFF0iRfXbEB1EVSLT41NNLRjYNJJP1KivrUxbfqkDatmHy12e%2FzVx8fLfn2ReU7TfrqYobgItyDaAQLMPt5uBD0qgj68t8z0tjGBeGpxJ4UA6XdyD6UDI6J3aw8rCvfDVAYu%2BkuTeXm7TVpjrwYfccyqfoXvvwrdBwUg1K6CIjdwGHhtOtm
AE,Uttar Pradesh,2017,238,Jahanabad,164190,132089,3,296282,397,96147,85077,0,276,181500,61.26,https://www.eci.gov.in/eci-backend/public/api/download?url=LMAhAK6sOPBp%2FNFF0iRfXbEB1EVSLT41NNLRjYNJJP1KivrUxbfqkDatmHy12e%2FzVx8fLfn2ReU7TfrqYobgItyDaAQLMPt5uBD0qgj68t8z0tjGBeGpxJ4UA6XdyD6UDI6J3aw8rCvfDVAYu%2BkuTeXm7TVpjrwYfccyqfoXvvwrdBwUg1K6CIjdwGHhtOtm
AE,Uttar Pradesh,2017,239,Bindki,162758,134349,8,297115,384,95762,87877,0,336,183975,61.92,https://www.eci.gov.in/eci-backend/public/api/download?url=LMAhAK6sOPBp%2FNFF0iRfXbEB1EVSLT41NNLRjYNJJP1KivrUxbfqkDatmHy12e%2FzVx8fLfn2ReU7TfrqYobgItyDaAQLMPt5uBD0qgj68t8z0tjGBeGpxJ4UA6XdyD6UDI6J3aw8rCvfDVAYu%2BkuTeXm7TVpjrwYfccyqfoXvvwrdBwUg1K6CIjdwGHhtOtm
AE,Uttar Pradesh,2017,240,Fatehpur,176967,155528,19,332514,56,100644,93900,0,845,195389,58.76,https://www.eci.gov.in/eci-backend/public/api/download?url=LMAhAK6sOPBp%2FNFF0iRfXbEB1EVSLT41NNLRjYNJJP1KivrUxbfqkDatmHy12e%2FzVx8fLfn2ReU7TfrqYobgItyDaAQLMPt5uBD0qgj68t8z0tjGBeGpxJ4UA6XdyD6UDI6J3aw8rCvfDVAYu%2BkuTeXm7TVpjrwYfccyqfoXvvwrdBwUg1K6CIjdwGHhtOtm
AE,Uttar Pradesh,2017,241,Ayah Shah,142982,117528,8,260518,79,76777,73854,1,317,150949,57.94,https://www.eci.gov.in/eci-backend/public/api/download?url=LMAhAK6sOPBp%2FNFF0iRfXbEB1EVSLT41NNLRjYNJJP1KivrUxbfqkDatmHy12e%2FzVx8fLfn2ReU7TfrqYobgItyDaAQLMPt5uBD0qgj68t8z0tjGBeGpxJ4UA6XdyD6UDI6J3aw8rCvfDVAYu%2BkuTeXm7TVpjrwYfccyqfoXvvwrdBwUg1K6CIjdwGHhtOtm
AE,Uttar Pradesh,2017,242,Husainganj,156214,130605,2,286821,85,87940,87464,0,303,175707,61.26,https://www.eci.gov.in/eci-backend/public/api/download?url=LMAhAK6sOPBp%2FNFF0iRfXbEB1EVSLT41NNLRjYNJJP1KivrUxbfqkDatmHy12e%2FzVx8fLfn2ReU7TfrqYobgItyDaAQLMPt5uBD0qgj68t8z0tjGBeGpxJ4UA6XdyD6UDI6J3aw8rCvfDVAYu%2BkuTeXm7TVpjrwYfccyqfoXvvwrdBwUg1K6CIjdwGHhtOtm
AE,Uttar Pradesh,2017,243,Khaga,175571,148019,4,323594,204,93867,90470,2,268,184607,57.05,https://www.eci.gov.in/eci-backend/public/api/download?url=LMAhAK6sOPBp%2FNFF0iRfXbEB1EVSLT41NNLRjYNJJP1KivrUxbfqkDatmHy12e%2FzVx8fLfn2ReU7TfrqYobgItyDaAQLMPt5uBD0qgj68t8z0tjGBeGpxJ4UA6XdyD6UDI6J3aw8rCvfDVAYu%2BkuTeXm7TVpjrwYfccyqfoXvvwrdBwUg1K6CIjdwGHhtOtm
AE,Uttar Pradesh,2017,244,Rampur Khas,169514,146259,21,315794,321,80783,89074,1,876,170734,54.06,https://www.eci.gov.in/eci-backend/public/api/download?url=LMAhAK6sOPBp%2FNFF0iRfXbEB1EVSLT41NNLRjYNJJP1KivrUxbfqkDatmHy12e%2FzVx8fLfn2ReU7TfrqYobgItyDaAQLMPt5uBD0qgj68t8z0tjGBeGpxJ4UA6XdyD6UDI6J3aw8rCvfDVAYu%2BkuTeXm7TVpjrwYfccyqfoXvvwrdBwUg1K6CIjdwGHhtOtm
AE,Uttar Pradesh,2017,245,Babaganj (SC),164361,140645,80,305086,51,82840,84433,0,718,167991,55.06,https://www.eci.gov.in/eci-backend/public/api/download?url=LMAhAK6sOPBp%2FNFF0iRfXbEB1EVSLT41NNLRjYNJJP1KivrUxbfqkDatmHy12e%2FzVx8fLfn2ReU7TfrqYobgItyDaAQLMPt5uBD0qgj68t8z0tjGBeGpxJ4UA6XdyD6UDI6J3aw8rCvfDVAYu%2BkuTeXm7TVpjrwYfccyqfoXvvwrdBwUg1K6CIjdwGHhtOtm
AE,Uttar Pradesh,2017,246,Kunda,185810,156915,152,342877,74,104812,95676,1,591,201080,58.64,https://www.eci.gov.in/eci-backend/public/api/download?url=LMAhAK6sOPBp%2FNFF0iRfXbEB1EVSLT41NNLRjYNJJP1KivrUxbfqkDatmHy12e%2FzVx8fLfn2ReU7TfrqYobgItyDaAQLMPt5uBD0qgj68t8z0tjGBeGpxJ4UA6XdyD6UDI6J3aw8rCvfDVAYu%2BkuTeXm7TVpjrwYfccyqfoXvvwrdBwUg1K6CIjdwGHhtOtm
AE,Uttar Pradesh,2017,247,Vishwanathganj,205245,175261,1,380507,135,93357,102124,0,1221,196702,51.69,https://www.eci.gov.in/eci-backend/public/api/download?url=LMAhAK6sOPBp%2FNFF0iRfXbEB1EVSLT41NNLRjYNJJP1KivrUxbfqkDatmHy12e%2FzVx8fLfn2ReU7TfrqYobgItyDaAQLMPt5uBD0qgj68t8z0tjGBeGpxJ4UA6XdyD6UDI6J3aw8rCvfDVAYu%2BkuTeXm7TVpjrwYfccyqfoXvvwrdBwUg1K6CIjdwGHhtOtm
AE,Uttar Pradesh,2017,248,Pratapgarh,178903,151928,0,330831,75,93387,90543,0,1361,185291,56.01,https://www.eci.gov.in/eci-backend/public/api/download?url=LMAhAK6sOPBp%2FNFF0iRfXbEB1EVSLT41NNLRjYNJJP1KivrUxbfqkDatmHy12e%2FzVx8fLfn2ReU7TfrqYobgItyDaAQLMPt5uBD0qgj68t8z0tjGBeGpxJ4UA6XdyD6UDI6J3aw8rCvfDVAYu%2BkuTeXm7TVpjrwYfccyqfoXvvwrdBwUg1K6CIjdwGHhtOtm
AE,Uttar Pradesh,2017,249,Patti,182395,156798,1,339194,87,100935,106360,0,1528,208823,61.56,https://www.eci.gov.in/eci-backend/public/api/download?url=LMAhAK6sOPBp%2FNFF0iRfXbEB1EVSLT41NNLRjYNJJP1KivrUxbfqkDatmHy12e%2FzVx8fLfn2ReU7TfrqYobgItyDaAQLMPt5uBD0qgj68t8z0tjGBeGpxJ4UA6XdyD6UDI6J3aw8rCvfDVAYu%2BkuTeXm7TVpjrwYfccyqfoXvvwrdBwUg1K6CIjdwGHhtOtm
AE,Uttar Pradesh,2017,250,Raniganj,169021,146799,1,315821,56,84076,92228,1,996,177301,56.14,https://www.eci.gov.in/eci-backend/public/api/download?url=LMAhAK6sOPBp%2FNFF0iRfXbEB1EVSLT41NNLRjYNJJP1KivrUxbfqkDatmHy12e%2FzVx8fLfn2ReU7TfrqYobgItyDaAQLMPt5uBD0qgj68t8z0tjGBeGpxJ4UA6XdyD6UDI6J3aw8rCvfDVAYu%2BkuTeXm7TVpjrwYfccyqfoXvvwrdBwUg1K6CIjdwGHhtOtm
AE,Uttar Pradesh,2017,251,Sirathu,190157,160540,11,350708,737,98748,97000,0,454,196202,55.94,https://www.eci.gov.in/eci-backend/public/api/download?url=LMAhAK6sOPBp%2FNFF0iRfXbEB1EVSLT41NNLRjYNJJP1KivrUxbfqkDatmHy12e%2FzVx8fLfn2ReU7TfrqYobgItyDaAQLMPt5uBD0qgj68t8z0tjGBeGpxJ4UA6XdyD6UDI6J3aw8rCvfDVAYu%2BkuTeXm7TVpjrwYfccyqfoXvvwrdBwUg1K6CIjdwGHhtOtm
AE,Uttar Pradesh,2017,252,Manjhanpur (SC),207397,171023,0,378420,724,112745,110244,0,673,223662,59.10,https://www.eci.gov.in/eci-backend/public/api/download?url=LMAhAK6sOPBp%2FNFF0iRfXbEB1EVSLT41NNLRjYNJJP1KivrUxbfqkDatmHy12e%2FzVx8fLfn2ReU7TfrqYobgItyDaAQLMPt5uBD0qgj68t8z0tjGBeGpxJ4UA6XdyD6UDI6J3aw8rCvfDVAYu%2BkuTeXm7TVpjrwYfccyqfoXvvwrdBwUg1K6CIjdwGHhtOtm
AE,Uttar Pradesh,2017,253,Chail,196047,169289,11,365347,849,104562,98480,0,333,203375,55.67,https://www.eci.gov.in/eci-backend/public/api/download?url=LMAhAK6sOPBp%2FNFF0iRfXbEB1EVSLT41NNLRjYNJJP1KivrUxbfqkDatmHy12e%2FzVx8fLfn2ReU7TfrqYobgItyDaAQLMPt5uBD0qgj68t8z0tjGBeGpxJ4UA6XdyD6UDI6J3aw8rCvfDVAYu%2BkuTeXm7TVpjrwYfccyqfoXvvwrdBwUg1K6CIjdwGHhtOtm
AE,Uttar Pradesh,2017,254,Phaphamau,195095,161185,16,356296,333,107807,97081,0,474,205362,57.64,https://www.eci.gov.in/eci-backend/public/api/download?url=LMAhAK6sOPBp%2FNFF0iRfXbEB1EVSLT41NNLRjYNJJP1KivrUxbfqkDatmHy12e%2FzVx8fLfn2ReU7TfrqYobgItyDaAQLMPt5uBD0qgj68t8z0tjGBeGpxJ4UA6XdyD6UDI6J3aw8rCvfDVAYu%2BkuTeXm7TVpjrwYfccyqfoXvvwrdBwUg1K6CIjdwGHhtOtm
AE,Uttar Pradesh,2017,255,Soraon (SC),198943,166787,28,365758,229,110195,102087,0,399,212681,58.15,https://www.eci.gov.in/eci-backend/public/api/download?url=LMAhAK6sOPBp%2FNFF0iRfXbEB1EVSLT41NNLRjYNJJP1KivrUxbfqkDatmHy12e%2FzVx8fLfn2ReU7TfrqYobgItyDaAQLMPt5uBD0qgj68t8z0tjGBeGpxJ4UA6XdyD6UDI6J3aw8rCvfDVAYu%2BkuTeXm7TVpjrwYfccyqfoXvvwrdBwUg1K6CIjdwGHhtOtm
AE,Uttar Pradesh,2017,256,Phulpur,,,,380837,,,,,,,,https://www.eci.gov.in/eci-backend/public/api/download?url=LMAhAK6sOPBp%2FNFF0iRfXbEB1EVSLT41NNLRjYNJJP1KivrUxbfqkDatmHy12e%2FzVx8fLfn2ReU7TfrqYobgIlZ1iFAxwCMoG5IeSOwMR0Bq9mBVUS5yOSrw3shhxd%2BYvjxgH%2BIIXbRf2MWeAy4Fs%2BoofpTfP3lF9S13lu4SJJAEv5Dl9exRXwTm8CNOK%2FOo
AE,Uttar Pradesh,2017,257,Pratappur,,,,374639,,,,,,,,https://www.eci.gov.in/eci-backend/public/api/download?url=LMAhAK6sOPBp%2FNFF0iRfXbEB1EVSLT41NNLRjYNJJP1KivrUxbfqkDatmHy12e%2FzVx8fLfn2ReU7TfrqYobgIlZ1iFAxwCMoG5IeSOwMR0Bq9mBVUS5yOSrw3shhxd%2BYvjxgH%2BIIXbRf2MWeAy4Fs%2BoofpTfP3lF9S13lu4SJJAEv5Dl9exRXwTm8CNOK%2FOo
AE,Uttar Pradesh,2017,258,Handia,,,,369580,,,,,,,,https://www.eci.gov.in/eci-backend/public/api/download?url=LMAhAK6sOPBp%2FNFF0iRfXbEB1EVSLT41NNLRjYNJJP1KivrUxbfqkDatmHy12e%2FzVx8fLfn2ReU7TfrqYobgIlZ1iFAxwCMoG5IeSOwMR0Bq9mBVUS5yOSrw3shhxd%2BYvjxgH%2BIIXbRf2MWeAy4Fs%2BoofpTfP3lF9S13lu4SJJAEv5Dl9exRXwTm8CNOK%2FOo
AE,Uttar Pradesh,2017,259,Meja,,,,310775,,,,,,,,https://www.eci.gov.in/eci-backend/public/api/download?url=LMAhAK6sOPBp%2FNFF0iRfXbEB1EVSLT41NNLRjYNJJP1KivrUxbfqkDatmHy12e%2FzVx8fLfn2ReU7TfrqYobgIlZ1iFAxwCMoG5IeSOwMR0Bq9mBVUS5yOSrw3shhxd%2BYvjxgH%2BIIXbRf2MWeAy4Fs%2BoofpTfP3lF9S13lu4SJJAEv5Dl9exRXwTm8CNOK%2FOo
AE,Uttar Pradesh,2017,260,Karachhana,,,,331690,,,,,,,,https://www.eci.gov.in/eci-backend/public/api/download?url=LMAhAK6sOPBp%2FNFF0iRfXbEB1EVSLT41NNLRjYNJJP1KivrUxbfqkDatmHy12e%2FzVx8fLfn2ReU7TfrqYobgIlZ1iFAxwCMoG5IeSOwMR0Bq9mBVUS5yOSrw3shhxd%2BYvjxgH%2BIIXbRf2MWeAy4Fs%2BoofpTfP3lF9S13lu4SJJAEv5Dl9exRXwTm8CNOK%2FOo
AE,Uttar Pradesh,2017,261,Allahabad West,231190,187624,35,418849,384,112057,86216,0,485,198758,47.45,https://www.eci.gov.in/eci-backend/public/api/download?url=LMAhAK6sOPBp%2FNFF0iRfXbEB1EVSLT41NNLRjYNJJP1KivrUxbfqkDatmHy12e%2FzVx8fLfn2ReU7TfrqYobgItyDaAQLMPt5uBD0qgj68t8z0tjGBeGpxJ4UA6XdyD6UDI6J3aw8rCvfDVAYu%2BkuTeXm7TVpjrwYfccyqfoXvvwrdBwUg1K6CIjdwGHhtOtm
AE,Uttar Pradesh,2017,262,Allahabad North,229917,183495,66,413478,200,95839,76555,0,938,173332,41.92,https://www.eci.gov.in/eci-backend/public/api/download?url=LMAhAK6sOPBp%2FNFF0iRfXbEB1EVSLT41NNLRjYNJJP1KivrUxbfqkDatmHy12e%2FzVx8fLfn2ReU7TfrqYobgItyDaAQLMPt5uBD0qgj68t8z0tjGBeGpxJ4UA6XdyD6UDI6J3aw8rCvfDVAYu%2BkuTeXm7TVpjrwYfccyqfoXvvwrdBwUg1K6CIjdwGHhtOtm
AE,Uttar Pradesh,2017,263,Allahabad South,215214,176778,105,392097,141,99259,77444,3,381,177087,45.16,https://www.eci.gov.in/eci-backend/public/api/download?url=LMAhAK6sOPBp%2FNFF0iRfXbEB1EVSLT41NNLRjYNJJP1KivrUxbfqkDatmHy12e%2FzVx8fLfn2ReU7TfrqYobgItyDaAQLMPt5uBD0qgj68t8z0tjGBeGpxJ4UA6XdyD6UDI6J3aw8rCvfDVAYu%2BkuTeXm7TVpjrwYfccyqfoXvvwrdBwUg1K6CIjdwGHhtOtm
AE,Uttar Pradesh,2017,264,Bara,,,,320594,,,,,,,,https://www.eci.gov.in/eci-backend/public/api/download?url=LMAhAK6sOPBp%2FNFF0iRfXbEB1EVSLT41NNLRjYNJJP1KivrUxbfqkDatmHy12e%2FzVx8fLfn2ReU7TfrqYobgIlZ1iFAxwCMoG5IeSOwMR0Bq9mBVUS5yOSrw3shhxd%2BYvjxgH%2BIIXbRf2MWeAy4Fs%2BoofpTfP3lF9S13lu4SJJAEv5Dl9exRXwTm8CNOK%2FOo
AE,Uttar Pradesh,2017,265,Koraon (SC),178713,150601,19,329333,92,101489,94477,0,267,196233,59.58,https://www.eci.gov.in/eci-backend/public/api/download?url=LMAhAK6sOPBp%2FNFF0iRfXbEB1EVSLT41NNLRjYNJJP1KivrUxbfqkDatmHy12e%2FzVx8fLfn2ReU7TfrqYobgItyDaAQLMPt5uBD0qgj68t8z0tjGBeGpxJ4UA6XdyD6UDI6J3aw8rCvfDVAYu%2BkuTeXm7TVpjrwYfccyqfoXvvwrdBwUg1K6CIjdwGHhtOtm
AE,Uttar Pradesh,2017,266,Kursi,201339,173312,3,374654,43,142107,119982,0,701,262790,70.14,https://www.eci.gov.in/eci-backend/public/api/download?url=LMAhAK6sOPBp%2FNFF0iRfXbEB1EVSLT41NNLRjYNJJP1KivrUxbfqkDatmHy12e%2FzVx8fLfn2ReU7TfrqYobgItyDaAQLMPt5uBD0qgj68t8z0tjGBeGpxJ4UA6XdyD6UDI6J3aw8rCvfDVAYu%2BkuTeXm7TVpjrwYfccyqfoXvvwrdBwUg1K6CIjdwGHhtOtm
AE,Uttar Pradesh,2017,267,Ram Nagar,176605,149578,3,326186,125,121224,101149,0,704,223077,68.39,https://www.eci.gov.in/eci-backend/public/api/download?url=LMAhAK6sOPBp%2FNFF0iRfXbEB1EVSLT41NNLRjYNJJP1KivrUxbfqkDatmHy12e%2FzVx8fLfn2ReU7TfrqYobgItyDaAQLMPt5uBD0qgj68t8z0tjGBeGpxJ4UA6XdyD6UDI6J3aw8rCvfDVAYu%2BkuTeXm7TVpjrwYfccyqfoXvvwrdBwUg1K6CIjdwGHhtOtm
AE,Uttar Pradesh,2017,268,Barabanki,198072,169918,36,368026,216,135187,109188,1,948,245324,66.66,https://www.eci.gov.in/eci-backend/public/api/download?url=LMAhAK6sOPBp%2FNFF0iRfXbEB1EVSLT41NNLRjYNJJP1KivrUxbfqkDatmHy12e%2FzVx8fLfn2ReU7TfrqYobgItyDaAQLMPt5uBD0qgj68t8z0tjGBeGpxJ4UA6XdyD6UDI6J3aw8rCvfDVAYu%2BkuTeXm7TVpjrwYfccyqfoXvvwrdBwUg1K6CIjdwGHhtOtm
AE,Uttar Pradesh,2017,269,Zaidpur (SC),195663,170981,15,366659,142,139315,116266,0,712,256293,69.90,https://www.eci.gov.in/eci-backend/public/api/download?url=LMAhAK6sOPBp%2FNFF0iRfXbEB1EVSLT41NNLRjYNJJP1KivrUxbfqkDatmHy12e%2FzVx8fLfn2ReU7TfrqYobgItyDaAQLMPt5uBD0qgj68t8z0tjGBeGpxJ4UA6XdyD6UDI6J3aw8rCvfDVAYu%2BkuTeXm7TVpjrwYfccyqfoXvvwrdBwUg1K6CIjdwGHhtOtm
AE,Uttar Pradesh,2017,270,Dariyabad,207241,180244,8,387493,400,132415,121429,1,740,254585,65.70,https://www.eci.gov.in/eci-backend/public/api/download?url=LMAhAK6sOPBp%2FNFF0iRfXbEB1EVSLT41NNLRjYNJJP1KivrUxbfqkDatmHy12e%2FzVx8fLfn2ReU7TfrqYobgItyDaAQLMPt5uBD0qgj68t8z0tjGBeGpxJ4UA6XdyD6UDI6J3aw8rCvfDVAYu%2BkuTeXm7TVpjrwYfccyqfoXvvwrdBwUg1K6CIjdwGHhtOtm
AE,Uttar Pradesh,2017,271,Rudauli,181124,155104,1,336229,77,106359,103485,0,406,210250,62.53,https://www.eci.gov.in/eci-backend/public/api/download?url=LMAhAK6sOPBp%2FNFF0iRfXbEB1EVSLT41NNLRjYNJJP1KivrUxbfqkDatmHy12e%2FzVx8fLfn2ReU7TfrqYobgItyDaAQLMPt5uBD0qgj68t8z0tjGBeGpxJ4UA6XdyD6UDI6J3aw8rCvfDVAYu%2BkuTeXm7TVpjrwYfccyqfoXvvwrdBwUg1K6CIjdwGHhtOtm
AE,Uttar Pradesh,2017,272,Haidergarh (SC),176273,155230,1,331504,383,111600,102046,1,550,214197,64.61,https://www.eci.gov.in/eci-backend/public/api/download?url=LMAhAK6sOPBp%2FNFF0iRfXbEB1EVSLT41NNLRjYNJJP1KivrUxbfqkDatmHy12e%2FzVx8fLfn2ReU7TfrqYobgItyDaAQLMPt5uBD0qgj68t8z0tjGBeGpxJ4UA6XdyD6UDI6J3aw8rCvfDVAYu%2BkuTeXm7TVpjrwYfccyqfoXvvwrdBwUg1K6CIjdwGHhtOtm
AE,Uttar Pradesh,2017,273,Milkipur (SC),183174,158705,9,341888,705,98559,100461,0,859,199879,58.46,https://www.eci.gov.in/eci-backend/public/api/download?url=LMAhAK6sOPBp%2FNFF0iRfXbEB1EVSLT41NNLRjYNJJP1KivrUxbfqkDatmHy12e%2FzVx8fLfn2ReU7TfrqYobgItyDaAQLMPt5uBD0qgj68t8z0tjGBeGpxJ4UA6XdyD6UDI6J3aw8rCvfDVAYu%2BkuTeXm7TVpjrwYfccyqfoXvvwrdBwUg1K6CIjdwGHhtOtm
AE,Uttar Pradesh,2017,274,Bikapur,193382,167915,1,361298,528,113476,108688,0,797,222961,61.71,https://www.eci.gov.in/eci-backend/public/api/download?url=LMAhAK6sOPBp%2FNFF0iRfXbEB1EVSLT41NNLRjYNJJP1KivrUxbfqkDatmHy12e%2FzVx8fLfn2ReU7TfrqYobgItyDaAQLMPt5uBD0qgj68t8z0tjGBeGpxJ4UA6XdyD6UDI6J3aw8rCvfDVAYu%2BkuTeXm7TVpjrwYfccyqfoXvvwrdBwUg1K6CIjdwGHhtOtm
AE,Uttar Pradesh,2017,275,Ayodhya,189447,161524,32,351003,676,116023,100202,2,1415,217642,62.01,https://www.eci.gov.in/eci-backend/public/api/download?url=LMAhAK6sOPBp%2FNFF0iRfXbEB1EVSLT41NNLRjYNJJP1KivrUxbfqkDatmHy12e%2FzVx8fLfn2ReU7TfrqYobgItyDaAQLMPt5uBD0qgj68t8z0tjGBeGpxJ4UA6XdyD6UDI6J3aw8rCvfDVAYu%2BkuTeXm7TVpjrwYfccyqfoXvvwrdBwUg1K6CIjdwGHhtOtm
AE,Uttar Pradesh,2017,276,Goshainganj,202585,173565,17,376167,863,112045,114566,0,817,227428,60.46,https://www.eci.gov.in/eci-backend/public/api/download?url=LMAhAK6sOPBp%2FNFF0iRfXbEB1EVSLT41NNLRjYNJJP1KivrUxbfqkDatmHy12e%2FzVx8fLfn2ReU7TfrqYobgItyDaAQLMPt5uBD0qgj68t8z0tjGBeGpxJ4UA6XdyD6UDI6J3aw8rCvfDVAYu%2BkuTeXm7TVpjrwYfccyqfoXvvwrdBwUg1K6CIjdwGHhtOtm
AE,Uttar Pradesh,2017,277,Katehari,198255,171876,23,370154,452,114068,119645,0,722,234435,63.33,https://www.eci.gov.in/eci-backend/public/api/download?url=LMAhAK6sOPBp%2FNFF0iRfXbEB1EVSLT41NNLRjYNJJP1KivrUxbfqkDatmHy12e%2FzVx8fLfn2ReU7TfrqYobgItyDaAQLMPt5uBD0qgj68t8z0tjGBeGpxJ4UA6XdyD6UDI6J3aw8rCvfDVAYu%2BkuTeXm7TVpjrwYfccyqfoXvvwrdBwUg1K6CIjdwGHhtOtm
AE,Uttar Pradesh,2017,278,Tanda,164798,140279,0,305077,143,105236,99960,0,531,205727,67.43,https://www.eci.gov.in/eci-backend/public/api/download?url=LMAhAK6sOPBp%2FNFF0iRfXbEB1EVSLT41NNLRjYNJJP1KivrUxbfqkDatmHy12e%2FzVx8fLfn2ReU7TfrqYobgItyDaAQLMPt5uBD0qgj68t8z0tjGBeGpxJ4UA6XdyD6UDI6J3aw8rCvfDVAYu%2BkuTeXm7TVpjrwYfccyqfoXvvwrdBwUg1K6CIjdwGHhtOtm
AE,Uttar Pradesh,2017,279,Alapur (SC),175500,147994,14,323508,338,95455,102346,1,0,197802,61.14,https://www.eci.gov.in/eci-backend/public/api/download?url=LMAhAK6sOPBp%2FNFF0iRfXbEB1EVSLT41NNLRjYNJJP1KivrUxbfqkDatmHy12e%2FzVx8fLfn2ReU7TfrqYobgItyDaAQLMPt5uBD0qgj68t8z0tjGBeGpxJ4UA6XdyD6UDI6J3aw8rCvfDVAYu%2BkuTeXm7TVpjrwYfccyqfoXvvwrdBwUg1K6CIjdwGHhtOtm
AE,Uttar Pradesh,2017,280,Jalalpur,208075,176200,1,384276,337,119576,120475,0,749,240800,62.66,https://www.eci.gov.in/eci-backend/public/api/download?url=LMAhAK6sOPBp%2FNFF0iRfXbEB1EVSLT41NNLRjYNJJP1KivrUxbfqkDatmHy12e%2FzVx8fLfn2ReU7TfrqYobgItyDaAQLMPt5uBD0qgj68t8z0tjGBeGpxJ4UA6XdyD6UDI6J3aw8rCvfDVAYu%2BkuTeXm7TVpjrwYfccyqfoXvvwrdBwUg1K6CIjdwGHhtOtm
AE,Uttar Pradesh,2017,281,Akbarpur,164939,141213,9,306161,164,102706,101072,1,547,204326,66.74,https://www.eci.gov.in/eci-backend/public/api/download?url=LMAhAK6sOPBp%2FNFF0iRfXbEB1EVSLT41NNLRjYNJJP1KivrUxbfqkDatmHy12e%2FzVx8fLfn2ReU7TfrqYobgItyDaAQLMPt5uBD0qgj68t8z0tjGBeGpxJ4UA6XdyD6UDI6J3aw8rCvfDVAYu%2BkuTeXm7TVpjrwYfccyqfoXvvwrdBwUg1K6CIjdwGHhtOtm
AE,Uttar Pradesh,2017,282,BALHA (S.C.) (SC),187293,162184,8,349485,10,104588,97558,0,244,202390,57.91,https://www.eci.gov.in/eci-backend/public/api/download?url=LMAhAK6sOPBp%2FNFF0iRfXbEB1EVSLT41NNLRjYNJJP1KivrUxbfqkDatmHy12e%2FzVx8fLfn2ReU7TfrqYobgItyDaAQLMPt5uBD0qgj68t8z0tjGBeGpxJ4UA6XdyD6UDI6J3aw8rCvfDVAYu%2BkuTeXm7TVpjrwYfccyqfoXvvwrdBwUg1K6CIjdwGHhtOtm
AE,Uttar Pradesh,2017,283,Nanpara,176827,154816,17,331660,0,102762,90076,0,265,193103,58.22,https://www.eci.gov.in/eci-backend/public/api/download?url=LMAhAK6sOPBp%2FNFF0iRfXbEB1EVSLT41NNLRjYNJJP1KivrUxbfqkDatmHy12e%2FzVx8fLfn2ReU7TfrqYobgItyDaAQLMPt5uBD0qgj68t8z0tjGBeGpxJ4UA6XdyD6UDI6J3aw8rCvfDVAYu%2BkuTeXm7TVpjrwYfccyqfoXvvwrdBwUg1K6CIjdwGHhtOtm
AE,Uttar Pradesh,2017,284,Matera,173697,151080,28,324805,4,100628,99767,2,333,200730,61.80,https://www.eci.gov.in/eci-backend/public/api/download?url=LMAhAK6sOPBp%2FNFF0iRfXbEB1EVSLT41NNLRjYNJJP1KivrUxbfqkDatmHy12e%2FzVx8fLfn2ReU7TfrqYobgItyDaAQLMPt5uBD0qgj68t8z0tjGBeGpxJ4UA6XdyD6UDI6J3aw8rCvfDVAYu%2BkuTeXm7TVpjrwYfccyqfoXvvwrdBwUg1K6CIjdwGHhtOtm
AE,Uttar Pradesh,2017,285,Mahasi,172776,150015,25,322816,4,101788,95067,0,346,197201,61.09,https://www.eci.gov.in/eci-backend/public/api/download?url=LMAhAK6sOPBp%2FNFF0iRfXbEB1EVSLT41NNLRjYNJJP1KivrUxbfqkDatmHy12e%2FzVx8fLfn2ReU7TfrqYobgItyDaAQLMPt5uBD0qgj68t8z0tjGBeGpxJ4UA6XdyD6UDI6J3aw8rCvfDVAYu%2BkuTeXm7TVpjrwYfccyqfoXvvwrdBwUg1K6CIjdwGHhtOtm
AE,Uttar Pradesh,2017,286,Bahraich,190502,166547,27,357076,9,112643,100220,1,524,213388,59.76,https://www.eci.gov.in/eci-backend/public/api/download?url=LMAhAK6sOPBp%2FNFF0iRfXbEB1EVSLT41NNLRjYNJJP1KivrUxbfqkDatmHy12e%2FzVx8fLfn2ReU7TfrqYobgItyDaAQLMPt5uBD0qgj68t8z0tjGBeGpxJ4UA6XdyD6UDI6J3aw8rCvfDVAYu%2BkuTeXm7TVpjrwYfccyqfoXvvwrdBwUg1K6CIjdwGHhtOtm
AE,Uttar Pradesh,2017,287,Payagpur,193954,169046,24,363024,33,103778,102027,0,404,206209,56.80,https://www.eci.gov.in/eci-backend/public/api/download?url=LMAhAK6sOPBp%2FNFF0iRfXbEB1EVSLT41NNLRjYNJJP1KivrUxbfqkDatmHy12e%2FzVx8fLfn2ReU7TfrqYobgItyDaAQLMPt5uBD0qgj68t8z0tjGBeGpxJ4UA6XdyD6UDI6J3aw8rCvfDVAYu%2BkuTeXm7TVpjrwYfccyqfoXvvwrdBwUg1K6CIjdwGHhtOtm
AE,Uttar Pradesh,2017,288,Kaiserganj,198308,172941,16,371265,4,105751,103504,0,281,209536,56.44,https://www.eci.gov.in/eci-backend/public/api/download?url=LMAhAK6sOPBp%2FNFF0iRfXbEB1EVSLT41NNLRjYNJJP1KivrUxbfqkDatmHy12e%2FzVx8fLfn2ReU7TfrqYobgItyDaAQLMPt5uBD0qgj68t8z0tjGBeGpxJ4UA6XdyD6UDI6J3aw8rCvfDVAYu%2BkuTeXm7TVpjrwYfccyqfoXvvwrdBwUg1K6CIjdwGHhtOtm
AE,Uttar Pradesh,2017,289,Bhinga,193487,164031,11,357529,18,117468,107581,4,545,225598,63.10,https://www.eci.gov.in/eci-backend/public/api/download?url=LMAhAK6sOPBp%2FNFF0iRfXbEB1EVSLT41NNLRjYNJJP1KivrUxbfqkDatmHy12e%2FzVx8fLfn2ReU7TfrqYobgItyDaAQLMPt5uBD0qgj68t8z0tjGBeGpxJ4UA6XdyD6UDI6J3aw8rCvfDVAYu%2BkuTeXm7TVpjrwYfccyqfoXvvwrdBwUg1K6CIjdwGHhtOtm
AE,Uttar Pradesh,2017,290,Shrawasti,203842,176869,5,380716,74,124100,117202,2,444,241748,63.50,https://www.eci.gov.in/eci-backend/public/api/download?url=LMAhAK6sOPBp%2FNFF0iRfXbEB1EVSLT41NNLRjYNJJP1KivrUxbfqkDatmHy12e%2FzVx8fLfn2ReU7TfrqYobgItyDaAQLMPt5uBD0qgj68t8z0tjGBeGpxJ4UA6XdyD6UDI6J3aw8rCvfDVAYu%2BkuTeXm7TVpjrwYfccyqfoXvvwrdBwUg1K6CIjdwGHhtOtm
AE,Uttar Pradesh,2017,291,Tulsipur,202239,165162,14,367415,4,105431,91671,0,396,197498,53.75,https://www.eci.gov.in/eci-backend/public/api/download?url=LMAhAK6sOPBp%2FNFF0iRfXbEB1EVSLT41NNLRjYNJJP1KivrUxbfqkDatmHy12e%2FzVx8fLfn2ReU7TfrqYobgItyDaAQLMPt5uBD0qgj68t8z0tjGBeGpxJ4UA6XdyD6UDI6J3aw8rCvfDVAYu%2BkuTeXm7TVpjrwYfccyqfoXvvwrdBwUg1K6CIjdwGHhtOtm
AE,Uttar Pradesh,2017,292,Gainsari,190457,159296,21,349774,5,100257,95430,0,425,196112,56.07,https://www.eci.gov.in/eci-backend/public/api/download?url=LMAhAK6sOPBp%2FNFF0iRfXbEB1EVSLT41NNLRjYNJJP1KivrUxbfqkDatmHy12e%2FzVx8fLfn2ReU7TfrqYobgItyDaAQLMPt5uBD0qgj68t8z0tjGBeGpxJ4UA6XdyD6UDI6J3aw8rCvfDVAYu%2BkuTeXm7TVpjrwYfccyqfoXvvwrdBwUg1K6CIjdwGHhtOtm
AE,Uttar Pradesh,2017,293,Utraula,229261,182123,12,411396,16,96679,101413,0,435,198527,48.26,https://www.eci.gov.in/eci-backend/public/api/download?url=LMAhAK6sOPBp%2FNFF0iRfXbEB1EVSLT41NNLRjYNJJP1KivrUxbfqkDatmHy12e%2FzVx8fLfn2ReU7TfrqYobgItyDaAQLMPt5uBD0qgj68t8z0tjGBeGpxJ4UA6XdyD6UDI6J3aw8rCvfDVAYu%2BkuTeXm7TVpjrwYfccyqfoXvvwrdBwUg1K6CIjdwGHhtOtm
AE,Uttar Pradesh,2017,294,Balrampur (SC),227250,183466,9,410725,41,102438,90539,0,489,193466,47.10,https://www.eci.gov.in/eci-backend/public/api/download?url=LMAhAK6sOPBp%2FNFF0iRfXbEB1EVSLT41NNLRjYNJJP1KivrUxbfqkDatmHy12e%2FzVx8fLfn2ReU7TfrqYobgItyDaAQLMPt5uBD0qgj68t8z0tjGBeGpxJ4UA6XdyD6UDI6J3aw8rCvfDVAYu%2BkuTeXm7TVpjrwYfccyqfoXvvwrdBwUg1K6CIjdwGHhtOtm
AE,Uttar Pradesh,2017,295,Mehnaun,194147,161908,10,356065,112,105225,101156,0,597,206978,58.13,https://www.eci.gov.in/eci-backend/public/api/download?url=LMAhAK6sOPBp%2FNFF0iRfXbEB1EVSLT41NNLRjYNJJP1KivrUxbfqkDatmHy12e%2FzVx8fLfn2ReU7TfrqYobgItyDaAQLMPt5uBD0qgj68t8z0tjGBeGpxJ4UA6XdyD6UDI6J3aw8rCvfDVAYu%2BkuTeXm7TVpjrwYfccyqfoXvvwrdBwUg1K6CIjdwGHhtOtm
AE,Uttar Pradesh,2017,296,Gonda,184330,157964,21,342315,141,101433,91031,0,1209,193673,56.58,https://www.eci.gov.in/eci-backend/public/api/download?url=LMAhAK6sOPBp%2FNFF0iRfXbEB1EVSLT41NNLRjYNJJP1KivrUxbfqkDatmHy12e%2FzVx8fLfn2ReU7TfrqYobgItyDaAQLMPt5uBD0qgj68t8z0tjGBeGpxJ4UA6XdyD6UDI6J3aw8rCvfDVAYu%2BkuTeXm7TVpjrwYfccyqfoXvvwrdBwUg1K6CIjdwGHhtOtm
AE,Uttar Pradesh,2017,297,Katra Bazar,195785,166370,10,362165,97,110328,110984,0,492,221804,61.24,https://www.eci.gov.in/eci-backend/public/api/download?url=LMAhAK6sOPBp%2FNFF0iRfXbEB1EVSLT41NNLRjYNJJP1KivrUxbfqkDatmHy12e%2FzVx8fLfn2ReU7TfrqYobgItyDaAQLMPt5uBD0qgj68t8z0tjGBeGpxJ4UA6XdyD6UDI6J3aw8rCvfDVAYu%2BkuTeXm7TVpjrwYfccyqfoXvvwrdBwUg1K6CIjdwGHhtOtm
AE,Uttar Pradesh,2017,298,Colonelganj,171496,143356,10,314862,221,94005,87905,0,587,182497,57.96,https://www.eci.gov.in/eci-backend/public/api/download?url=LMAhAK6sOPBp%2FNFF0iRfXbEB1EVSLT41NNLRjYNJJP1KivrUxbfqkDatmHy12e%2FzVx8fLfn2ReU7TfrqYobgItyDaAQLMPt5uBD0qgj68t8z0tjGBeGpxJ4UA6XdyD6UDI6J3aw8rCvfDVAYu%2BkuTeXm7TVpjrwYfccyqfoXvvwrdBwUg1K6CIjdwGHhtOtm
AE,Uttar Pradesh,2017,299,Tarabganj,191739,162804,8,354551,288,102452,100237,0,590,203279,57.33,https://www.eci.gov.in/eci-backend/public/api/download?url=LMAhAK6sOPBp%2FNFF0iRfXbEB1EVSLT41NNLRjYNJJP1KivrUxbfqkDatmHy12e%2FzVx8fLfn2ReU7TfrqYobgItyDaAQLMPt5uBD0qgj68t8z0tjGBeGpxJ4UA6XdyD6UDI6J3aw8rCvfDVAYu%2BkuTeXm7TVpjrwYfccyqfoXvvwrdBwUg1K6CIjdwGHhtOtm
AE,Uttar Pradesh,2017,300,Mankapur (SC),172482,146342,11,318835,171,91377,87441,0,723,179541,56.31,https://www.eci.gov.in/eci-backend/public/api/download?url=LMAhAK6sOPBp%2FNFF0iRfXbEB1EVSLT41NNLRjYNJJP1KivrUxbfqkDatmHy12e%2FzVx8fLfn2ReU7TfrqYobgItyDaAQLMPt5uBD0qgj68t8z0tjGBeGpxJ4UA6XdyD6UDI6J3aw8rCvfDVAYu%2BkuTeXm7TVpjrwYfccyqfoXvvwrdBwUg1K6CIjdwGHhtOtm
AE,Uttar Pradesh,2017,301,Gaura,169550,142278,7,311835,80,95060,77777,0,567,173404,55.61,https://www.eci.gov.in/eci-backend/public/api/download?url=LMAhAK6sOPBp%2FNFF0iRfXbEB1EVSLT41NNLRjYNJJP1KivrUxbfqkDatmHy12e%2FzVx8fLfn2ReU7TfrqYobgItyDaAQLMPt5uBD0qgj68t8z0tjGBeGpxJ4UA6XdyD6UDI6J3aw8rCvfDVAYu%2BkuTeXm7TVpjrwYfccyqfoXvvwrdBwUg1K6CIjdwGHhtOtm
AE,Uttar Pradesh,2017,302,Shohratgarh,183944,158657,43,342644,3,86203,100040,0,499,186742,54.50,https://www.eci.gov.in/eci-backend/public/api/download?url=LMAhAK6sOPBp%2FNFF0iRfXbEB1EVSLT41NNLRjYNJJP1KivrUxbfqkDatmHy12e%2FzVx8fLfn2ReU7TfrqYobgItyDaAQLMPt5uBD0qgj68t8z0tjGBeGpxJ4UA6XdyD6UDI6J3aw8rCvfDVAYu%2BkuTeXm7TVpjrwYfccyqfoXvvwrdBwUg1K6CIjdwGHhtOtm
AE,Uttar Pradesh,2017,303,Kapilvastu (SC),233335,197250,26,430611,17,111861,122707,1,603,235172,54.61,https://www.eci.gov.in/eci-backend/public/api/download?url=LMAhAK6sOPBp%2FNFF0iRfXbEB1EVSLT41NNLRjYNJJP1KivrUxbfqkDatmHy12e%2FzVx8fLfn2ReU7TfrqYobgItyDaAQLMPt5uBD0qgj68t8z0tjGBeGpxJ4UA6XdyD6UDI6J3aw8rCvfDVAYu%2BkuTeXm7TVpjrwYfccyqfoXvvwrdBwUg1K6CIjdwGHhtOtm
AE,Uttar Pradesh,2017,304,Bansi,197138,166232,33,363403,6,83518,101037,0,577,185132,50.94,https://www.eci.gov.in/eci-backend/public/api/download?url=LMAhAK6sOPBp%2FNFF0iRfXbEB1EVSLT41NNLRjYNJJP1KivrUxbfqkDatmHy12e%2FzVx8fLfn2ReU7TfrqYobgItyDaAQLMPt5uBD0qgj68t8z0tjGBeGpxJ4UA6XdyD6UDI6J3aw8rCvfDVAYu%2BkuTeXm7TVpjrwYfccyqfoXvvwrdBwUg1K6CIjdwGHhtOtm
AE,Uttar Pradesh,2017,305,Itwa,174847,146756,35,321638,2,73677,87198,1,329,161205,50.12,https://www.eci.gov.in/eci-backend/public/api/download?url=LMAhAK6sOPBp%2FNFF0iRfXbEB1EVSLT41NNLRjYNJJP1KivrUxbfqkDatmHy12e%2FzVx8fLfn2ReU7TfrqYobgItyDaAQLMPt5uBD0qgj68t8z0tjGBeGpxJ4UA6XdyD6UDI6J3aw8rCvfDVAYu%2BkuTeXm7TVpjrwYfccyqfoXvvwrdBwUg1K6CIjdwGHhtOtm
AE,Uttar Pradesh,2017,306,Doomariyaganj,215208,179113,30,394351,9,92658,108575,0,383,201616,51.13,https://www.eci.gov.in/eci-backend/public/api/download?url=LMAhAK6sOPBp%2FNFF0iRfXbEB1EVSLT41NNLRjYNJJP1KivrUxbfqkDatmHy12e%2FzVx8fLfn2ReU7TfrqYobgItyDaAQLMPt5uBD0qgj68t8z0tjGBeGpxJ4UA6XdyD6UDI6J3aw8rCvfDVAYu%2BkuTeXm7TVpjrwYfccyqfoXvvwrdBwUg1K6CIjdwGHhtOtm
AE,Uttar Pradesh,2017,307,Harraiya,198358,170527,12,368897,284,102980,111012,0,729,214721,58.21,https://www.eci.gov.in/eci-backend/public/api/download?url=LMAhAK6sOPBp%2FNFF0iRfXbEB1EVSLT41NNLRjYNJJP1KivrUxbfqkDatmHy12e%2FzVx8fLfn2ReU7TfrqYobgItyDaAQLMPt5uBD0qgj68t8z0tjGBeGpxJ4UA6XdyD6UDI6J3aw8rCvfDVAYu%2BkuTeXm7TVpjrwYfccyqfoXvvwrdBwUg1K6CIjdwGHhtOtm
AE,Uttar Pradesh,2017,308,Kaptanganj,187315,158392,20,345727,282,97781,102565,0,804,201150,58.18,https://www.eci.gov.in/eci-backend/public/api/download?url=LMAhAK6sOPBp%2FNFF0iRfXbEB1EVSLT41NNLRjYNJJP1KivrUxbfqkDatmHy12e%2FzVx8fLfn2ReU7TfrqYobgItyDaAQLMPt5uBD0qgj68t8z0tjGBeGpxJ4UA6XdyD6UDI6J3aw8rCvfDVAYu%2BkuTeXm7TVpjrwYfccyqfoXvvwrdBwUg1K6CIjdwGHhtOtm
AE,Uttar Pradesh,2017,309,Rudhauli,221763,187085,35,408883,147,103948,118135,2,542,222627,54.45,https://www.eci.gov.in/eci-backend/public/api/download?url=LMAhAK6sOPBp%2FNFF0iRfXbEB1EVSLT41NNLRjYNJJP1KivrUxbfqkDatmHy12e%2FzVx8fLfn2ReU7TfrqYobgItyDaAQLMPt5uBD0qgj68t8z0tjGBeGpxJ4UA6XdyD6UDI6J3aw8rCvfDVAYu%2BkuTeXm7TVpjrwYfccyqfoXvvwrdBwUg1K6CIjdwGHhtOtm
AE,Uttar Pradesh,2017,310,Basti Sadar,188151,159609,24,347784,157,105626,100126,0,900,206652,59.42,https://www.eci.gov.in/eci-backend/public/api/download?url=LMAhAK6sOPBp%2FNFF0iRfXbEB1EVSLT41NNLRjYNJJP1KivrUxbfqkDatmHy12e%2FzVx8fLfn2ReU7TfrqYobgItyDaAQLMPt5uBD0qgj68t8z0tjGBeGpxJ4UA6XdyD6UDI6J3aw8rCvfDVAYu%2BkuTeXm7TVpjrwYfccyqfoXvvwrdBwUg1K6CIjdwGHhtOtm
AE,Uttar Pradesh,2017,311,Mahadewa S.C,186113,155030,51,341194,164,96337,102356,1,642,199336,58.42,https://www.eci.gov.in/eci-backend/public/api/download?url=LMAhAK6sOPBp%2FNFF0iRfXbEB1EVSLT41NNLRjYNJJP1KivrUxbfqkDatmHy12e%2FzVx8fLfn2ReU7TfrqYobgItyDaAQLMPt5uBD0qgj68t8z0tjGBeGpxJ4UA6XdyD6UDI6J3aw8rCvfDVAYu%2BkuTeXm7TVpjrwYfccyqfoXvvwrdBwUg1K6CIjdwGHhtOtm
AE,Uttar Pradesh,2017,312,Menhdawal,241717,196720,27,438464,358,104146,120125,0,556,224827,51.28,https://www.eci.gov.in/eci-backend/public/api/download?url=LMAhAK6sOPBp%2FNFF0iRfXbEB1EVSLT41NNLRjYNJJP1KivrUxbfqkDatmHy12e%2FzVx8fLfn2ReU7TfrqYobgItyDaAQLMPt5uBD0qgj68t8z0tjGBeGpxJ4UA6XdyD6UDI6J3aw8rCvfDVAYu%2BkuTeXm7TVpjrwYfccyqfoXvvwrdBwUg1K6CIjdwGHhtOtm
AE,Uttar Pradesh,2017,313,KHALILABAD,234268,193041,12,427321,461,107804,115628,0,579,224011,52.42,https://www.eci.gov.in/eci-backend/public/api/download?url=LMAhAK6sOPBp%2FNFF0iRfXbEB1EVSLT41NNLRjYNJJP1KivrUxbfqkDatmHy12e%2FzVx8fLfn2ReU7TfrqYobgItyDaAQLMPt5uBD0qgj68t8z0tjGBeGpxJ4UA6XdyD6UDI6J3aw8rCvfDVAYu%2BkuTeXm7TVpjrwYfccyqfoXvvwrdBwUg1K6CIjdwGHhtOtm
AE,Uttar Pradesh,2017,314,Dhanghata (SC),193961,163117,18,357096,558,94755,105131,0,406,200292,56.09,https://www.eci.gov.in/eci-backend/public/api/download?url=LMAhAK6sOPBp%2FNFF0iRfXbEB1EVSLT41NNLRjYNJJP1KivrUxbfqkDatmHy12e%2FzVx8fLfn2ReU7TfrqYobgItyDaAQLMPt5uBD0qgj68t8z0tjGBeGpxJ4UA6XdyD6UDI6J3aw8rCvfDVAYu%2BkuTeXm7TVpjrwYfccyqfoXvvwrdBwUg1K6CIjdwGHhtOtm
AE,Uttar Pradesh,2017,315,Pharenda,182373,151190,38,333601,48,96402,101806,2,753,198963,59.64,https://www.eci.gov.in/eci-backend/public/api/download?url=LMAhAK6sOPBp%2FNFF0iRfXbEB1EVSLT41NNLRjYNJJP1KivrUxbfqkDatmHy12e%2FzVx8fLfn2ReU7TfrqYobgItyDaAQLMPt5uBD0qgj68t8z0tjGBeGpxJ4UA6XdyD6UDI6J3aw8rCvfDVAYu%2BkuTeXm7TVpjrwYfccyqfoXvvwrdBwUg1K6CIjdwGHhtOtm
AE,Uttar Pradesh,2017,316,Nautanwa,188041,161421,159,349621,50,105468,108898,4,636,215006,61.50,https://www.eci.gov.in/eci-backend/public/api/download?url=LMAhAK6sOPBp%2FNFF0iRfXbEB1EVSLT41NNLRjYNJJP1KivrUxbfqkDatmHy12e%2FzVx8fLfn2ReU7TfrqYobgItyDaAQLMPt5uBD0qgj68t8z0tjGBeGpxJ4UA6XdyD6UDI6J3aw8rCvfDVAYu%2BkuTeXm7TVpjrwYfccyqfoXvvwrdBwUg1K6CIjdwGHhtOtm
AE,Uttar Pradesh,2017,317,Siswa,197299,168796,8,366103,42,116506,122241,1,635,239383,65.39,https://www.eci.gov.in/eci-backend/public/api/download?url=LMAhAK6sOPBp%2FNFF0iRfXbEB1EVSLT41NNLRjYNJJP1KivrUxbfqkDatmHy12e%2FzVx8fLfn2ReU7TfrqYobgItyDaAQLMPt5uBD0qgj68t8z0tjGBeGpxJ4UA6XdyD6UDI6J3aw8rCvfDVAYu%2BkuTeXm7TVpjrwYfccyqfoXvvwrdBwUg1K6CIjdwGHhtOtm
AE,Uttar Pradesh,2017,318,Maharajganj (SC),206645,179948,24,386617,96,117846,128441,0,953,247240,63.95,https://www.eci.gov.in/eci-backend/public/api/download?url=LMAhAK6sOPBp%2FNFF0iRfXbEB1EVSLT41NNLRjYNJJP1KivrUxbfqkDatmHy12e%2FzVx8fLfn2ReU7TfrqYobgItyDaAQLMPt5uBD0qgj68t8z0tjGBeGpxJ4UA6XdyD6UDI6J3aw8rCvfDVAYu%2BkuTeXm7TVpjrwYfccyqfoXvvwrdBwUg1K6CIjdwGHhtOtm
AE,Uttar Pradesh,2017,319,Paniyara,216242,182479,24,398745,174,115301,128086,0,533,243920,61.17,https://www.eci.gov.in/eci-backend/public/api/download?url=LMAhAK6sOPBp%2FNFF0iRfXbEB1EVSLT41NNLRjYNJJP1KivrUxbfqkDatmHy12e%2FzVx8fLfn2ReU7TfrqYobgItyDaAQLMPt5uBD0qgj68t8z0tjGBeGpxJ4UA6XdyD6UDI6J3aw8rCvfDVAYu%2BkuTeXm7TVpjrwYfccyqfoXvvwrdBwUg1K6CIjdwGHhtOtm
AE,Uttar Pradesh,2017,320,Caimpiyarganj,200602,163601,22,364225,547,107578,108803,0,331,216712,59.50,https://www.eci.gov.in/eci-backend/public/api/download?url=LMAhAK6sOPBp%2FNFF0iRfXbEB1EVSLT41NNLRjYNJJP1KivrUxbfqkDatmHy12e%2FzVx8fLfn2ReU7TfrqYobgItyDaAQLMPt5uBD0qgj68t8z0tjGBeGpxJ4UA6XdyD6UDI6J3aw8rCvfDVAYu%2BkuTeXm7TVpjrwYfccyqfoXvvwrdBwUg1K6CIjdwGHhtOtm
AE,Uttar Pradesh,2017,321,Pipraich,214439,171985,35,386459,175,122832,122820,0,367,246019,63.66,https://www.eci.gov.in/eci-backend/public/api/download?url=LMAhAK6sOPBp%2FNFF0iRfXbEB1EVSLT41NNLRjYNJJP1KivrUxbfqkDatmHy12e%2FzVx8fLfn2ReU7TfrqYobgItyDaAQLMPt5uBD0qgj68t8z0tjGBeGpxJ4UA6XdyD6UDI6J3aw8rCvfDVAYu%2BkuTeXm7TVpjrwYfccyqfoXvvwrdBwUg1K6CIjdwGHhtOtm
AE,Uttar Pradesh,2017,322,Gorakhpur Urban,235184,193983,59,429226,1140,118326,100047,2,1064,219439,51.12,https://www.eci.gov.in/eci-backend/public/api/download?url=LMAhAK6sOPBp%2FNFF0iRfXbEB1EVSLT41NNLRjYNJJP1KivrUxbfqkDatmHy12e%2FzVx8fLfn2ReU7TfrqYobgItyDaAQLMPt5uBD0qgj68t8z0tjGBeGpxJ4UA6XdyD6UDI6J3aw8rCvfDVAYu%2BkuTeXm7TVpjrwYfccyqfoXvvwrdBwUg1K6CIjdwGHhtOtm
AE,Uttar Pradesh,2017,323,Gorakhpur Rural,217519,176811,23,394353,200,124255,111174,0,589,236018,59.85,https://www.eci.gov.in/eci-backend/public/api/download?url=LMAhAK6sOPBp%2FNFF0iRfXbEB1EVSLT41NNLRjYNJJP1KivrUxbfqkDatmHy12e%2FzVx8fLfn2ReU7TfrqYobgItyDaAQLMPt5uBD0qgj68t8z0tjGBeGpxJ4UA6XdyD6UDI6J3aw8rCvfDVAYu%2BkuTeXm7TVpjrwYfccyqfoXvvwrdBwUg1K6CIjdwGHhtOtm
AE,Uttar Pradesh,2017,324,Sahajanwa,197872,158275,18,356165,264,104541,104235,1,672,209449,58.81,https://www.eci.gov.in/eci-backend/public/api/download?url=LMAhAK6sOPBp%2FNFF0iRfXbEB1EVSLT41NNLRjYNJJP1KivrUxbfqkDatmHy12e%2FzVx8fLfn2ReU7TfrqYobgItyDaAQLMPt5uBD0qgj68t8z0tjGBeGpxJ4UA6XdyD6UDI6J3aw8rCvfDVAYu%2BkuTeXm7TVpjrwYfccyqfoXvvwrdBwUg1K6CIjdwGHhtOtm
AE,Uttar Pradesh,2017,325,Khajani (SC),204163,160329,3,364495,234,90680,96746,0,421,187847,51.54,https://www.eci.gov.in/eci-backend/public/api/download?url=LMAhAK6sOPBp%2FNFF0iRfXbEB1EVSLT41NNLRjYNJJP1KivrUxbfqkDatmHy12e%2FzVx8fLfn2ReU7TfrqYobgItyDaAQLMPt5uBD0qgj68t8z0tjGBeGpxJ4UA6XdyD6UDI6J3aw8rCvfDVAYu%2BkuTeXm7TVpjrwYfccyqfoXvvwrdBwUg1K6CIjdwGHhtOtm
AE,Uttar Pradesh,2017,326,Chauri-Chaura,189445,150383,26,339854,550,93561,99897,0,351,193809,57.03,https://www.eci.gov.in/eci-backend/public/api/download?url=LMAhAK6sOPBp%2FNFF0iRfXbEB1EVSLT41NNLRjYNJJP1KivrUxbfqkDatmHy12e%2FzVx8fLfn2ReU7TfrqYobgItyDaAQLMPt5uBD0qgj68t8z0tjGBeGpxJ4UA6XdyD6UDI6J3aw8rCvfDVAYu%2BkuTeXm7TVpjrwYfccyqfoXvvwrdBwUg1K6CIjdwGHhtOtm
AE,Uttar Pradesh,2017,327,Bansgaon (SC),206974,163793,18,370785,311,84881,93527,0,418,178826,48.23,https://www.eci.gov.in/eci-backend/public/api/download?url=LMAhAK6sOPBp%2FNFF0iRfXbEB1EVSLT41NNLRjYNJJP1KivrUxbfqkDatmHy12e%2FzVx8fLfn2ReU7TfrqYobgItyDaAQLMPt5uBD0qgj68t8z0tjGBeGpxJ4UA6XdyD6UDI6J3aw8rCvfDVAYu%2BkuTeXm7TVpjrwYfccyqfoXvvwrdBwUg1K6CIjdwGHhtOtm
AE,Uttar Pradesh,2017,328,Chillupar,239960,191487,3,431450,130,105232,114651,0,491,220374,51.08,https://www.eci.gov.in/eci-backend/public/api/download?url=LMAhAK6sOPBp%2FNFF0iRfXbEB1EVSLT41NNLRjYNJJP1KivrUxbfqkDatmHy12e%2FzVx8fLfn2ReU7TfrqYobgItyDaAQLMPt5uBD0qgj68t8z0tjGBeGpxJ4UA6XdyD6UDI6J3aw8rCvfDVAYu%2BkuTeXm7TVpjrwYfccyqfoXvvwrdBwUg1K6CIjdwGHhtOtm
AE,Uttar Pradesh,2017,329,Khadda,171624,140061,44,311729,29,96107,98776,0,460,195343,62.66,https://www.eci.gov.in/eci-backend/public/api/download?url=LMAhAK6sOPBp%2FNFF0iRfXbEB1EVSLT41NNLRjYNJJP1KivrUxbfqkDatmHy12e%2FzVx8fLfn2ReU7TfrqYobgItyDaAQLMPt5uBD0qgj68t8z0tjGBeGpxJ4UA6XdyD6UDI6J3aw8rCvfDVAYu%2BkuTeXm7TVpjrwYfccyqfoXvvwrdBwUg1K6CIjdwGHhtOtm
AE,Uttar Pradesh,2017,330,Padrauna,191996,156906,11,348913,54,105105,104584,0,1053,210742,60.40,https://www.eci.gov.in/eci-backend/public/api/download?url=LMAhAK6sOPBp%2FNFF0iRfXbEB1EVSLT41NNLRjYNJJP1KivrUxbfqkDatmHy12e%2FzVx8fLfn2ReU7TfrqYobgItyDaAQLMPt5uBD0qgj68t8z0tjGBeGpxJ4UA6XdyD6UDI6J3aw8rCvfDVAYu%2BkuTeXm7TVpjrwYfccyqfoXvvwrdBwUg1K6CIjdwGHhtOtm
AE,Uttar Pradesh,2017,331,Tamkuhi Raj,208910,169567,57,378534,31,104873,109894,0,528,215295,56.88,https://www.eci.gov.in/eci-backend/public/api/download?url=LMAhAK6sOPBp%2FNFF0iRfXbEB1EVSLT41NNLRjYNJJP1KivrUxbfqkDatmHy12e%2FzVx8fLfn2ReU7TfrqYobgItyDaAQLMPt5uBD0qgj68t8z0tjGBeGpxJ4UA6XdyD6UDI6J3aw8rCvfDVAYu%2BkuTeXm7TVpjrwYfccyqfoXvvwrdBwUg1K6CIjdwGHhtOtm
AE,Uttar Pradesh,2017,332,Fazilnagar,211193,171720,49,382962,48,102044,111440,1,1054,214539,56.02,https://www.eci.gov.in/eci-backend/public/api/download?url=LMAhAK6sOPBp%2FNFF0iRfXbEB1EVSLT41NNLRjYNJJP1KivrUxbfqkDatmHy12e%2FzVx8fLfn2ReU7TfrqYobgItyDaAQLMPt5uBD0qgj68t8z0tjGBeGpxJ4UA6XdyD6UDI6J3aw8rCvfDVAYu%2BkuTeXm7TVpjrwYfccyqfoXvvwrdBwUg1K6CIjdwGHhtOtm
AE,Uttar Pradesh,2017,333,Kushinagar,194816,160103,32,354951,45,103768,98736,1,1076,203581,57.35,https://www.eci.gov.in/eci-backend/public/api/download?url=LMAhAK6sOPBp%2FNFF0iRfXbEB1EVSLT41NNLRjYNJJP1KivrUxbfqkDatmHy12e%2FzVx8fLfn2ReU7TfrqYobgItyDaAQLMPt5uBD0qgj68t8z0tjGBeGpxJ4UA6XdyD6UDI6J3aw8rCvfDVAYu%2BkuTeXm7TVpjrwYfccyqfoXvvwrdBwUg1K6CIjdwGHhtOtm
AE,Uttar Pradesh,2017,334,Hata,192231,160675,9,352915,92,97791,109895,0,665,208351,59.04,https://www.eci.gov.in/eci-backend/public/api/download?url=LMAhAK6sOPBp%2FNFF0iRfXbEB1EVSLT41NNLRjYNJJP1KivrUxbfqkDatmHy12e%2FzVx8fLfn2ReU7TfrqYobgItyDaAQLMPt5uBD0qgj68t8z0tjGBeGpxJ4UA6XdyD6UDI6J3aw8rCvfDVAYu%2BkuTeXm7TVpjrwYfccyqfoXvvwrdBwUg1K6CIjdwGHhtOtm
AE,Uttar Pradesh,2017,335,Ramkola (SC),191000,155066,20,346086,50,96454,100349,0,542,197345,57.02,https://www.eci.gov.in/eci-backend/public/api/download?url=LMAhAK6sOPBp%2FNFF0iRfXbEB1EVSLT41NNLRjYNJJP1KivrUxbfqkDatmHy12e%2FzVx8fLfn2ReU7TfrqYobgItyDaAQLMPt5uBD0qgj68t8z0tjGBeGpxJ4UA6XdyD6UDI6J3aw8rCvfDVAYu%2BkuTeXm7TVpjrwYfccyqfoXvvwrdBwUg1K6CIjdwGHhtOtm
AE,Uttar Pradesh,2017,336,Rudrapur,159552,133618,13,293183,207,76129,87885,0,359,164373,56.06,https://www.eci.gov.in/eci-backend/public/api/download?url=LMAhAK6sOPBp%2FNFF0iRfXbEB1EVSLT41NNLRjYNJJP1KivrUxbfqkDatmHy12e%2FzVx8fLfn2ReU7TfrqYobgItyDaAQLMPt5uBD0qgj68t8z0tjGBeGpxJ4UA6XdyD6UDI6J3aw8rCvfDVAYu%2BkuTeXm7TVpjrwYfccyqfoXvvwrdBwUg1K6CIjdwGHhtOtm
AE,Uttar Pradesh,2017,337,Deoria,178645,145550,13,324208,185,92249,90312,0,747,183308,56.54,https://www.eci.gov.in/eci-backend/public/api/download?url=LMAhAK6sOPBp%2FNFF0iRfXbEB1EVSLT41NNLRjYNJJP1KivrUxbfqkDatmHy12e%2FzVx8fLfn2ReU7TfrqYobgItyDaAQLMPt5uBD0qgj68t8z0tjGBeGpxJ4UA6XdyD6UDI6J3aw8rCvfDVAYu%2BkuTeXm7TVpjrwYfccyqfoXvvwrdBwUg1K6CIjdwGHhtOtm
AE,Uttar Pradesh,2017,338,Pathardeva,173137,144590,12,317739,184,89820,101230,0,599,191649,60.32,https://www.eci.gov.in/eci-backend/public/api/download?url=LMAhAK6sOPBp%2FNFF0iRfXbEB1EVSLT41NNLRjYNJJP1KivrUxbfqkDatmHy12e%2FzVx8fLfn2ReU7TfrqYobgItyDaAQLMPt5uBD0qgj68t8z0tjGBeGpxJ4UA6XdyD6UDI6J3aw8rCvfDVAYu%2BkuTeXm7TVpjrwYfccyqfoXvvwrdBwUg1K6CIjdwGHhtOtm
AE,Uttar Pradesh,2017,339,Rampur Karkhana,179546,148780,15,328341,300,91689,100092,5,598,192384,58.59,https://www.eci.gov.in/eci-backend/public/api/download?url=LMAhAK6sOPBp%2FNFF0iRfXbEB1EVSLT41NNLRjYNJJP1KivrUxbfqkDatmHy12e%2FzVx8fLfn2ReU7TfrqYobgItyDaAQLMPt5uBD0qgj68t8z0tjGBeGpxJ4UA6XdyD6UDI6J3aw8rCvfDVAYu%2BkuTeXm7TVpjrwYfccyqfoXvvwrdBwUg1K6CIjdwGHhtOtm
AE,Uttar Pradesh,2017,340,Bhatpar Rani,173199,142502,5,315706,380,85991,94978,1,520,181490,57.49,https://www.eci.gov.in/eci-backend/public/api/download?url=LMAhAK6sOPBp%2FNFF0iRfXbEB1EVSLT41NNLRjYNJJP1KivrUxbfqkDatmHy12e%2FzVx8fLfn2ReU7TfrqYobgItyDaAQLMPt5uBD0qgj68t8z0tjGBeGpxJ4UA6XdyD6UDI6J3aw8rCvfDVAYu%2BkuTeXm7TVpjrwYfccyqfoXvvwrdBwUg1K6CIjdwGHhtOtm
AE,Uttar Pradesh,2017,341,Salempur (SC),167298,141790,1,309089,394,78959,82926,0,579,162464,52.56,https://www.eci.gov.in/eci-backend/public/api/download?url=LMAhAK6sOPBp%2FNFF0iRfXbEB1EVSLT41NNLRjYNJJP1KivrUxbfqkDatmHy12e%2FzVx8fLfn2ReU7TfrqYobgItyDaAQLMPt5uBD0qgj68t8z0tjGBeGpxJ4UA6XdyD6UDI6J3aw8rCvfDVAYu%2BkuTeXm7TVpjrwYfccyqfoXvvwrdBwUg1K6CIjdwGHhtOtm
AE,Uttar Pradesh,2017,342,Barhaj,160714,131932,11,292657,446,81285,86806,0,576,168667,57.63,https://www.eci.gov.in/eci-backend/public/api/download?url=LMAhAK6sOPBp%2FNFF0iRfXbEB1EVSLT41NNLRjYNJJP1KivrUxbfqkDatmHy12e%2FzVx8fLfn2ReU7TfrqYobgItyDaAQLMPt5uBD0qgj68t8z0tjGBeGpxJ4UA6XdyD6UDI6J3aw8rCvfDVAYu%2BkuTeXm7TVpjrwYfccyqfoXvvwrdBwUg1K6CIjdwGHhtOtm
AE,Uttar Pradesh,2017,343,Atrauliya,195956,163311,9,359276,514,102611,108048,0,578,211237,58.80,https://www.eci.gov.in/eci-backend/public/api/download?url=LMAhAK6sOPBp%2FNFF0iRfXbEB1EVSLT41NNLRjYNJJP1KivrUxbfqkDatmHy12e%2FzVx8fLfn2ReU7TfrqYobgItyDaAQLMPt5uBD0qgj68t8z0tjGBeGpxJ4UA6XdyD6UDI6J3aw8rCvfDVAYu%2BkuTeXm7TVpjrwYfccyqfoXvvwrdBwUg1K6CIjdwGHhtOtm
AE,Uttar Pradesh,2017,344,Gopalpur,186972,148975,23,335970,692,94094,95199,0,559,189852,56.51,https://www.eci.gov.in/eci-backend/public/api/download?url=LMAhAK6sOPBp%2FNFF0iRfXbEB1EVSLT41NNLRjYNJJP1KivrUxbfqkDatmHy12e%2FzVx8fLfn2ReU7TfrqYobgItyDaAQLMPt5uBD0qgj68t8z0tjGBeGpxJ4UA6XdyD6UDI6J3aw8rCvfDVAYu%2BkuTeXm7TVpjrwYfccyqfoXvvwrdBwUg1K6CIjdwGHhtOtm
AE,Uttar Pradesh,2017,345,Sagri (SC),181226,146134,3,327363,720,87260,91265,0,618,179143,54.72,https://www.eci.gov.in/eci-backend/public/api/download?url=LMAhAK6sOPBp%2FNFF0iRfXbEB1EVSLT41NNLRjYNJJP1KivrUxbfqkDatmHy12e%2FzVx8fLfn2ReU7TfrqYobgItyDaAQLMPt5uBD0qgj68t8z0tjGBeGpxJ4UA6XdyD6UDI6J3aw8rCvfDVAYu%2BkuTeXm7TVpjrwYfccyqfoXvvwrdBwUg1K6CIjdwGHhtOtm
AE,Uttar Pradesh,2017,346,Mubarakpur,177393,139813,27,317233,717,99403,93092,0,516,193011,60.84,https://www.eci.gov.in/eci-backend/public/api/download?url=LMAhAK6sOPBp%2FNFF0iRfXbEB1EVSLT41NNLRjYNJJP1KivrUxbfqkDatmHy12e%2FzVx8fLfn2ReU7TfrqYobgItyDaAQLMPt5uBD0qgj68t8z0tjGBeGpxJ4UA6XdyD6UDI6J3aw8rCvfDVAYu%2BkuTeXm7TVpjrwYfccyqfoXvvwrdBwUg1K6CIjdwGHhtOtm
AE,Uttar Pradesh,2017,347,Azamgarh,205917,169091,13,375021,459,109929,103163,0,857,213949,57.05,https://www.eci.gov.in/eci-backend/public/api/download?url=LMAhAK6sOPBp%2FNFF0iRfXbEB1EVSLT41NNLRjYNJJP1KivrUxbfqkDatmHy12e%2FzVx8fLfn2ReU7TfrqYobgItyDaAQLMPt5uBD0qgj68t8z0tjGBeGpxJ4UA6XdyD6UDI6J3aw8rCvfDVAYu%2BkuTeXm7TVpjrwYfccyqfoXvvwrdBwUg1K6CIjdwGHhtOtm
AE,Uttar Pradesh,2017,348,Nizamabad,167886,136086,3,303975,339,82011,85001,0,466,167478,55.10,https://www.eci.gov.in/eci-backend/public/api/download?url=LMAhAK6sOPBp%2FNFF0iRfXbEB1EVSLT41NNLRjYNJJP1KivrUxbfqkDatmHy12e%2FzVx8fLfn2ReU7TfrqYobgItyDaAQLMPt5uBD0qgj68t8z0tjGBeGpxJ4UA6XdyD6UDI6J3aw8rCvfDVAYu%2BkuTeXm7TVpjrwYfccyqfoXvvwrdBwUg1K6CIjdwGHhtOtm
AE,Uttar Pradesh,2017,349,Phoolpur Pawai,167027,137922,6,304955,211,85720,92309,0,444,178473,58.52,https://www.eci.gov.in/eci-backend/public/api/download?url=LMAhAK6sOPBp%2FNFF0iRfXbEB1EVSLT41NNLRjYNJJP1KivrUxbfqkDatmHy12e%2FzVx8fLfn2ReU7TfrqYobgItyDaAQLMPt5uBD0qgj68t8z0tjGBeGpxJ4UA6XdyD6UDI6J3aw8rCvfDVAYu%2BkuTeXm7TVpjrwYfccyqfoXvvwrdBwUg1K6CIjdwGHhtOtm
AE,Uttar Pradesh,2017,350,Didarganj,185987,155591,1,341579,125,86001,101062,0,356,187419,54.87,https://www.eci.gov.in/eci-backend/public/api/download?url=LMAhAK6sOPBp%2FNFF0iRfXbEB1EVSLT41NNLRjYNJJP1KivrUxbfqkDatmHy12e%2FzVx8fLfn2ReU7TfrqYobgItyDaAQLMPt5uBD0qgj68t8z0tjGBeGpxJ4UA6XdyD6UDI6J3aw8rCvfDVAYu%2BkuTeXm7TVpjrwYfccyqfoXvvwrdBwUg1K6CIjdwGHhtOtm
AE,Uttar Pradesh,2017,351,Lalganj (SC),208693,174788,5,383486,557,94533,108669,0,448,203650,53.10,https://www.eci.gov.in/eci-backend/public/api/download?url=LMAhAK6sOPBp%2FNFF0iRfXbEB1EVSLT41NNLRjYNJJP1KivrUxbfqkDatmHy12e%2FzVx8fLfn2ReU7TfrqYobgItyDaAQLMPt5uBD0qgj68t8z0tjGBeGpxJ4UA6XdyD6UDI6J3aw8rCvfDVAYu%2BkuTeXm7TVpjrwYfccyqfoXvvwrdBwUg1K6CIjdwGHhtOtm
AE,Uttar Pradesh,2017,352,Mehnagar (SC),212341,174593,18,386952,740,95075,106549,0,512,202136,52.24,https://www.eci.gov.in/eci-backend/public/api/download?url=LMAhAK6sOPBp%2FNFF0iRfXbEB1EVSLT41NNLRjYNJJP1KivrUxbfqkDatmHy12e%2FzVx8fLfn2ReU7TfrqYobgItyDaAQLMPt5uBD0qgj68t8z0tjGBeGpxJ4UA6XdyD6UDI6J3aw8rCvfDVAYu%2BkuTeXm7TVpjrwYfccyqfoXvvwrdBwUg1K6CIjdwGHhtOtm
AE,Uttar Pradesh,2017,353,Madhuban,205518,172406,52,377976,433,103003,109976,0,1304,214283,56.69,https://www.eci.gov.in/eci-backend/public/api/download?url=LMAhAK6sOPBp%2FNFF0iRfXbEB1EVSLT41NNLRjYNJJP1KivrUxbfqkDatmHy12e%2FzVx8fLfn2ReU7TfrqYobgItyDaAQLMPt5uBD0qgj68t8z0tjGBeGpxJ4UA6XdyD6UDI6J3aw8rCvfDVAYu%2BkuTeXm7TVpjrwYfccyqfoXvvwrdBwUg1K6CIjdwGHhtOtm
AE,Uttar Pradesh,2017,354,Ghosi,223910,186412,4,410326,514,118167,122253,0,1299,241719,58.91,https://www.eci.gov.in/eci-backend/public/api/download?url=LMAhAK6sOPBp%2FNFF0iRfXbEB1EVSLT41NNLRjYNJJP1KivrUxbfqkDatmHy12e%2FzVx8fLfn2ReU7TfrqYobgItyDaAQLMPt5uBD0qgj68t8z0tjGBeGpxJ4UA6XdyD6UDI6J3aw8rCvfDVAYu%2BkuTeXm7TVpjrwYfccyqfoXvvwrdBwUg1K6CIjdwGHhtOtm
AE,Uttar Pradesh,2017,355,Muhammadabad- Gohna (SC) (SC),192764,164436,8,357208,734,103768,107134,0,926,211828,59.30,https://www.eci.gov.in/eci-backend/public/api/download?url=LMAhAK6sOPBp%2FNFF0iRfXbEB1EVSLT41NNLRjYNJJP1KivrUxbfqkDatmHy12e%2FzVx8fLfn2ReU7TfrqYobgItyDaAQLMPt5uBD0qgj68t8z0tjGBeGpxJ4UA6XdyD6UDI6J3aw8rCvfDVAYu%2BkuTeXm7TVpjrwYfccyqfoXvvwrdBwUg1K6CIjdwGHhtOtm
AE,Uttar Pradesh,2017,356,Mau,238901,203350,19,442270,681,136199,128816,0,1066,266081,60.16,https://www.eci.gov.in/eci-backend/public/api/download?url=LMAhAK6sOPBp%2FNFF0iRfXbEB1EVSLT41NNLRjYNJJP1KivrUxbfqkDatmHy12e%2FzVx8fLfn2ReU7TfrqYobgItyDaAQLMPt5uBD0qgj68t8z0tjGBeGpxJ4UA6XdyD6UDI6J3aw8rCvfDVAYu%2BkuTeXm7TVpjrwYfccyqfoXvvwrdBwUg1K6CIjdwGHhtOtm
AE,Uttar Pradesh,2017,357,Belthara Road (SC),182047,150786,0,332833,665,94068,94824,0,993,189885,57.05,https://www.eci.gov.in/eci-backend/public/api/download?url=LMAhAK6sOPBp%2FNFF0iRfXbEB1EVSLT41NNLRjYNJJP1KivrUxbfqkDatmHy12e%2FzVx8fLfn2ReU7TfrqYobgItyDaAQLMPt5uBD0qgj68t8z0tjGBeGpxJ4UA6XdyD6UDI6J3aw8rCvfDVAYu%2BkuTeXm7TVpjrwYfccyqfoXvvwrdBwUg1K6CIjdwGHhtOtm
AE,Uttar Pradesh,2017,358,Rasara,184844,150798,12,335654,1324,96854,95300,0,1039,193193,57.56,https://www.eci.gov.in/eci-backend/public/api/download?url=LMAhAK6sOPBp%2FNFF0iRfXbEB1EVSLT41NNLRjYNJJP1KivrUxbfqkDatmHy12e%2FzVx8fLfn2ReU7TfrqYobgItyDaAQLMPt5uBD0qgj68t8z0tjGBeGpxJ4UA6XdyD6UDI6J3aw8rCvfDVAYu%2BkuTeXm7TVpjrwYfccyqfoXvvwrdBwUg1K6CIjdwGHhtOtm
AE,Uttar Pradesh,2017,359,Sikanderpur,157890,128914,1,286805,837,81742,81758,0,1123,164623,57.40,https://www.eci.gov.in/eci-backend/public/api/download?url=LMAhAK6sOPBp%2FNFF0iRfXbEB1EVSLT41NNLRjYNJJP1KivrUxbfqkDatmHy12e%2FzVx8fLfn2ReU7TfrqYobgItyDaAQLMPt5uBD0qgj68t8z0tjGBeGpxJ4UA6XdyD6UDI6J3aw8rCvfDVAYu%2BkuTeXm7TVpjrwYfccyqfoXvvwrdBwUg1K6CIjdwGHhtOtm
AE,Uttar Pradesh,2017,360,Phephana,171840,143053,0,314893,1247,92260,85425,0,1023,178708,56.75,https://www.eci.gov.in/eci-backend/public/api/download?url=LMAhAK6sOPBp%2FNFF0iRfXbEB1EVSLT41NNLRjYNJJP1KivrUxbfqkDatmHy12e%2FzVx8fLfn2ReU7TfrqYobgItyDaAQLMPt5uBD0qgj68t8z0tjGBeGpxJ4UA6XdyD6UDI6J3aw8rCvfDVAYu%2BkuTeXm7TVpjrwYfccyqfoXvvwrdBwUg1K6CIjdwGHhtOtm
AE,Uttar Pradesh,2017,361,Ballia Nagar,198202,159951,4,358157,1362,99988,84581,0,1551,186120,51.97,https://www.eci.gov.in/eci-backend/public/api/download?url=LMAhAK6sOPBp%2FNFF0iRfXbEB1EVSLT41NNLRjYNJJP1KivrUxbfqkDatmHy12e%2FzVx8fLfn2ReU7TfrqYobgItyDaAQLMPt5uBD0qgj68t8z0tjGBeGpxJ4UA6XdyD6UDI6J3aw8rCvfDVAYu%2BkuTeXm7TVpjrwYfccyqfoXvvwrdBwUg1K6CIjdwGHhtOtm
AE,Uttar Pradesh,2017,362,Bansdih,209471,175937,18,385426,1286,106259,102667,0,1043,209969,54.48,https://www.eci.gov.in/eci-backend/public/api/download?url=LMAhAK6sOPBp%2FNFF0iRfXbEB1EVSLT41NNLRjYNJJP1KivrUxbfqkDatmHy12e%2FzVx8fLfn2ReU7TfrqYobgItyDaAQLMPt5uBD0qgj68t8z0tjGBeGpxJ4UA6XdyD6UDI6J3aw8rCvfDVAYu%2BkuTeXm7TVpjrwYfccyqfoXvvwrdBwUg1K6CIjdwGHhtOtm
AE,Uttar Pradesh,2017,363,Bairia,189410,153014,10,342434,1504,84851,76498,0,757,162106,47.34,https://www.eci.gov.in/eci-backend/public/api/download?url=LMAhAK6sOPBp%2FNFF0iRfXbEB1EVSLT41NNLRjYNJJP1KivrUxbfqkDatmHy12e%2FzVx8fLfn2ReU7TfrqYobgItyDaAQLMPt5uBD0qgj68t8z0tjGBeGpxJ4UA6XdyD6UDI6J3aw8rCvfDVAYu%2BkuTeXm7TVpjrwYfccyqfoXvvwrdBwUg1K6CIjdwGHhtOtm
AE,Uttar Pradesh,2017,364,Badlapur,165085,147819,7,312911,175,89373,100451,0,849,190673,60.94,https://www.eci.gov.in/eci-backend/public/api/download?url=LMAhAK6sOPBp%2FNFF0iRfXbEB1EVSLT41NNLRjYNJJP1KivrUxbfqkDatmHy12e%2FzVx8fLfn2ReU7TfrqYobgItyDaAQLMPt5uBD0qgj68t8z0tjGBeGpxJ4UA6XdyD6UDI6J3aw8rCvfDVAYu%2BkuTeXm7TVpjrwYfccyqfoXvvwrdBwUg1K6CIjdwGHhtOtm
AE,Uttar Pradesh,2017,365,Shahganj,191604,159885,20,351509,140,105163,108454,1,655,214273,60.96,https://www.eci.gov.in/eci-backend/public/api/download?url=LMAhAK6sOPBp%2FNFF0iRfXbEB1EVSLT41NNLRjYNJJP1KivrUxbfqkDatmHy12e%2FzVx8fLfn2ReU7TfrqYobgItyDaAQLMPt5uBD0qgj68t8z0tjGBeGpxJ4UA6XdyD6UDI6J3aw8rCvfDVAYu%2BkuTeXm7TVpjrwYfccyqfoXvvwrdBwUg1K6CIjdwGHhtOtm
AE,Uttar Pradesh,2017,366,Jaunpur,209049,181527,17,390593,95,111089,113389,2,1113,225593,57.76,https://www.eci.gov.in/eci-backend/public/api/download?url=LMAhAK6sOPBp%2FNFF0iRfXbEB1EVSLT41NNLRjYNJJP1KivrUxbfqkDatmHy12e%2FzVx8fLfn2ReU7TfrqYobgItyDaAQLMPt5uBD0qgj68t8z0tjGBeGpxJ4UA6XdyD6UDI6J3aw8rCvfDVAYu%2BkuTeXm7TVpjrwYfccyqfoXvvwrdBwUg1K6CIjdwGHhtOtm
AE,Uttar Pradesh,2017,367,Malhani,180425,165414,18,345857,185,97375,108894,0,1396,207665,60.04,https://www.eci.gov.in/eci-backend/public/api/download?url=LMAhAK6sOPBp%2FNFF0iRfXbEB1EVSLT41NNLRjYNJJP1KivrUxbfqkDatmHy12e%2FzVx8fLfn2ReU7TfrqYobgItyDaAQLMPt5uBD0qgj68t8z0tjGBeGpxJ4UA6XdyD6UDI6J3aw8rCvfDVAYu%2BkuTeXm7TVpjrwYfccyqfoXvvwrdBwUg1K6CIjdwGHhtOtm
AE,Uttar Pradesh,2017,368,Mungra Badshahpur,190221,163793,13,354027,95,96525,107097,2,722,204346,57.72,https://www.eci.gov.in/eci-backend/public/api/download?url=LMAhAK6sOPBp%2FNFF0iRfXbEB1EVSLT41NNLRjYNJJP1KivrUxbfqkDatmHy12e%2FzVx8fLfn2ReU7TfrqYobgItyDaAQLMPt5uBD0qgj68t8z0tjGBeGpxJ4UA6XdyD6UDI6J3aw8rCvfDVAYu%2BkuTeXm7TVpjrwYfccyqfoXvvwrdBwUg1K6CIjdwGHhtOtm
AE,Uttar Pradesh,2017,369,Machhlishahr S.C.,195128,170007,12,365147,172,95528,111995,0,828,208351,57.06,https://www.eci.gov.in/eci-backend/public/api/download?url=LMAhAK6sOPBp%2FNFF0iRfXbEB1EVSLT41NNLRjYNJJP1KivrUxbfqkDatmHy12e%2FzVx8fLfn2ReU7TfrqYobgItyDaAQLMPt5uBD0qgj68t8z0tjGBeGpxJ4UA6XdyD6UDI6J3aw8rCvfDVAYu%2BkuTeXm7TVpjrwYfccyqfoXvvwrdBwUg1K6CIjdwGHhtOtm
AE,Uttar Pradesh,2017,370,Mariyahu,164139,143975,6,308120,286,84788,94505,0,779,180072,58.44,https://www.eci.gov.in/eci-backend/public/api/download?url=LMAhAK6sOPBp%2FNFF0iRfXbEB1EVSLT41NNLRjYNJJP1KivrUxbfqkDatmHy12e%2FzVx8fLfn2ReU7TfrqYobgItyDaAQLMPt5uBD0qgj68t8z0tjGBeGpxJ4UA6XdyD6UDI6J3aw8rCvfDVAYu%2BkuTeXm7TVpjrwYfccyqfoXvvwrdBwUg1K6CIjdwGHhtOtm
AE,Uttar Pradesh,2017,371,Zafrabad,194931,173267,12,368210,345,96243,109168,0,1064,206475,56.08,https://www.eci.gov.in/eci-backend/public/api/download?url=LMAhAK6sOPBp%2FNFF0iRfXbEB1EVSLT41NNLRjYNJJP1KivrUxbfqkDatmHy12e%2FzVx8fLfn2ReU7TfrqYobgItyDaAQLMPt5uBD0qgj68t8z0tjGBeGpxJ4UA6XdyD6UDI6J3aw8rCvfDVAYu%2BkuTeXm7TVpjrwYfccyqfoXvvwrdBwUg1K6CIjdwGHhtOtm
AE,Uttar Pradesh,2017,372,Kerakat S.C. (SC),204674,183837,17,388528,579,105666,120674,0,820,227160,58.47,https://www.eci.gov.in/eci-backend/public/api/download?url=LMAhAK6sOPBp%2FNFF0iRfXbEB1EVSLT41NNLRjYNJJP1KivrUxbfqkDatmHy12e%2FzVx8fLfn2ReU7TfrqYobgItyDaAQLMPt5uBD0qgj68t8z0tjGBeGpxJ4UA6XdyD6UDI6J3aw8rCvfDVAYu%2BkuTeXm7TVpjrwYfccyqfoXvvwrdBwUg1K6CIjdwGHhtOtm
AE,Uttar Pradesh,2017,373,Jakhanian (SC),217944,181557,12,399513,811,117595,121624,0,1428,240647,60.24,https://www.eci.gov.in/eci-backend/public/api/download?url=LMAhAK6sOPBp%2FNFF0iRfXbEB1EVSLT41NNLRjYNJJP1KivrUxbfqkDatmHy12e%2FzVx8fLfn2ReU7TfrqYobgItyDaAQLMPt5uBD0qgj68t8z0tjGBeGpxJ4UA6XdyD6UDI6J3aw8rCvfDVAYu%2BkuTeXm7TVpjrwYfccyqfoXvvwrdBwUg1K6CIjdwGHhtOtm
AE,Uttar Pradesh,2017,374,Saidpur (SC),194958,161197,27,356182,770,105221,106982,0,1072,213275,59.88,https://www.eci.gov.in/eci-backend/public/api/download?url=LMAhAK6sOPBp%2FNFF0iRfXbEB1EVSLT41NNLRjYNJJP1KivrUxbfqkDatmHy12e%2FzVx8fLfn2ReU7TfrqYobgItyDaAQLMPt5uBD0qgj68t8z0tjGBeGpxJ4UA6XdyD6UDI6J3aw8rCvfDVAYu%2BkuTeXm7TVpjrwYfccyqfoXvvwrdBwUg1K6CIjdwGHhtOtm
AE,Uttar Pradesh,2017,375,Ghazipur,183802,154945,12,338759,1188,110978,101106,0,1562,213646,63.07,https://www.eci.gov.in/eci-backend/public/api/download?url=LMAhAK6sOPBp%2FNFF0iRfXbEB1EVSLT41NNLRjYNJJP1KivrUxbfqkDatmHy12e%2FzVx8fLfn2ReU7TfrqYobgItyDaAQLMPt5uBD0qgj68t8z0tjGBeGpxJ4UA6XdyD6UDI6J3aw8rCvfDVAYu%2BkuTeXm7TVpjrwYfccyqfoXvvwrdBwUg1K6CIjdwGHhtOtm
AE,Uttar Pradesh,2017,376,Jangipur,189239,157305,7,346551,1064,109943,103808,1,1075,214827,61.99,https://www.eci.gov.in/eci-backend/public/api/download?url=LMAhAK6sOPBp%2FNFF0iRfXbEB1EVSLT41NNLRjYNJJP1KivrUxbfqkDatmHy12e%2FzVx8fLfn2ReU7TfrqYobgItyDaAQLMPt5uBD0qgj68t8z0tjGBeGpxJ4UA6XdyD6UDI6J3aw8rCvfDVAYu%2BkuTeXm7TVpjrwYfccyqfoXvvwrdBwUg1K6CIjdwGHhtOtm
AE,Uttar Pradesh,2017,377,Zahoorabad,204905,169610,10,374525,661,115788,113900,0,894,230582,61.57,https://www.eci.gov.in/eci-backend/public/api/download?url=LMAhAK6sOPBp%2FNFF0iRfXbEB1EVSLT41NNLRjYNJJP1KivrUxbfqkDatmHy12e%2FzVx8fLfn2ReU7TfrqYobgItyDaAQLMPt5uBD0qgj68t8z0tjGBeGpxJ4UA6XdyD6UDI6J3aw8rCvfDVAYu%2BkuTeXm7TVpjrwYfccyqfoXvvwrdBwUg1K6CIjdwGHhtOtm
AE,Uttar Pradesh,2017,378,Mohammadabad,217418,177228,24,394670,1061,120400,108865,0,950,230215,58.33,https://www.eci.gov.in/eci-backend/public/api/download?url=LMAhAK6sOPBp%2FNFF0iRfXbEB1EVSLT41NNLRjYNJJP1KivrUxbfqkDatmHy12e%2FzVx8fLfn2ReU7TfrqYobgItyDaAQLMPt5uBD0qgj68t8z0tjGBeGpxJ4UA6XdyD6UDI6J3aw8rCvfDVAYu%2BkuTeXm7TVpjrwYfccyqfoXvvwrdBwUg1K6CIjdwGHhtOtm
AE,Uttar Pradesh,2017,379,Zamania,217418,177652,8,395078,1495,113204,103471,0,605,217280,55.00,https://www.eci.gov.in/eci-backend/public/api/download?url=LMAhAK6sOPBp%2FNFF0iRfXbEB1EVSLT41NNLRjYNJJP1KivrUxbfqkDatmHy12e%2FzVx8fLfn2ReU7TfrqYobgItyDaAQLMPt5uBD0qgj68t8z0tjGBeGpxJ4UA6XdyD6UDI6J3aw8rCvfDVAYu%2BkuTeXm7TVpjrwYfccyqfoXvvwrdBwUg1K6CIjdwGHhtOtm
AE,Uttar Pradesh,2017,380,Mughalsarai,206925,169592,66,376583,385,128774,103709,6,517,233006,61.87,https://www.eci.gov.in/eci-backend/public/api/download?url=LMAhAK6sOPBp%2FNFF0iRfXbEB1EVSLT41NNLRjYNJJP1KivrUxbfqkDatmHy12e%2FzVx8fLfn2ReU7TfrqYobgItyDaAQLMPt5uBD0qgj68t8z0tjGBeGpxJ4UA6XdyD6UDI6J3aw8rCvfDVAYu%2BkuTeXm7TVpjrwYfccyqfoXvvwrdBwUg1K6CIjdwGHhtOtm
AE,Uttar Pradesh,2017,381,Sakaldiha,176237,141527,1,317765,1216,106626,95007,0,789,202422,63.70,https://www.eci.gov.in/eci-backend/public/api/download?url=LMAhAK6sOPBp%2FNFF0iRfXbEB1EVSLT41NNLRjYNJJP1KivrUxbfqkDatmHy12e%2FzVx8fLfn2ReU7TfrqYobgItyDaAQLMPt5uBD0qgj68t8z0tjGBeGpxJ4UA6XdyD6UDI6J3aw8rCvfDVAYu%2BkuTeXm7TVpjrwYfccyqfoXvvwrdBwUg1K6CIjdwGHhtOtm
AE,Uttar Pradesh,2017,382,Saiyadraja,174785,142645,22,317452,1204,101994,95217,1,515,197727,62.29,https://www.eci.gov.in/eci-backend/public/api/download?url=LMAhAK6sOPBp%2FNFF0iRfXbEB1EVSLT41NNLRjYNJJP1KivrUxbfqkDatmHy12e%2FzVx8fLfn2ReU7TfrqYobgItyDaAQLMPt5uBD0qgj68t8z0tjGBeGpxJ4UA6XdyD6UDI6J3aw8rCvfDVAYu%2BkuTeXm7TVpjrwYfccyqfoXvvwrdBwUg1K6CIjdwGHhtOtm
AE,Uttar Pradesh,2017,383,Chakia (SC),195666,169548,4,365218,416,122386,111505,0,725,234616,64.24,https://www.eci.gov.in/eci-backend/public/api/download?url=LMAhAK6sOPBp%2FNFF0iRfXbEB1EVSLT41NNLRjYNJJP1KivrUxbfqkDatmHy12e%2FzVx8fLfn2ReU7TfrqYobgItyDaAQLMPt5uBD0qgj68t8z0tjGBeGpxJ4UA6XdyD6UDI6J3aw8rCvfDVAYu%2BkuTeXm7TVpjrwYfccyqfoXvvwrdBwUg1K6CIjdwGHhtOtm
AE,Uttar Pradesh,2017,384,Pindra,186708,155817,11,342536,50,101142,102778,0,459,204379,59.67,https://www.eci.gov.in/eci-backend/public/api/download?url=LMAhAK6sOPBp%2FNFF0iRfXbEB1EVSLT41NNLRjYNJJP1KivrUxbfqkDatmHy12e%2FzVx8fLfn2ReU7TfrqYobgItyDaAQLMPt5uBD0qgj68t8z0tjGBeGpxJ4UA6XdyD6UDI6J3aw8rCvfDVAYu%2BkuTeXm7TVpjrwYfccyqfoXvvwrdBwUg1K6CIjdwGHhtOtm
AE,Uttar Pradesh,2017,385,Ajagara (SC),182170,154698,14,336882,197,113402,105950,0,532,219884,65.27,https://www.eci.gov.in/eci-backend/public/api/download?url=LMAhAK6sOPBp%2FNFF0iRfXbEB1EVSLT41NNLRjYNJJP1KivrUxbfqkDatmHy12e%2FzVx8fLfn2ReU7TfrqYobgItyDaAQLMPt5uBD0qgj68t8z0tjGBeGpxJ4UA6XdyD6UDI6J3aw8rCvfDVAYu%2BkuTeXm7TVpjrwYfccyqfoXvvwrdBwUg1K6CIjdwGHhtOtm
AE,Uttar Pradesh,2017,386,Shivpur,188535,152741,3,341279,149,125159,102201,0,551,227911,66.78,https://www.eci.gov.in/eci-backend/public/api/download?url=LMAhAK6sOPBp%2FNFF0iRfXbEB1EVSLT41NNLRjYNJJP1KivrUxbfqkDatmHy12e%2FzVx8fLfn2ReU7TfrqYobgItyDaAQLMPt5uBD0qgj68t8z0tjGBeGpxJ4UA6XdyD6UDI6J3aw8rCvfDVAYu%2BkuTeXm7TVpjrwYfccyqfoXvvwrdBwUg1K6CIjdwGHhtOtm
AE,Uttar Pradesh,2017,387,Rohaniya,212035,167202,21,379258,97,130793,102477,0,514,233784,61.64,https://www.eci.gov.in/eci-backend/public/api/download?url=LMAhAK6sOPBp%2FNFF0iRfXbEB1EVSLT41NNLRjYNJJP1KivrUxbfqkDatmHy12e%2FzVx8fLfn2ReU7TfrqYobgItyDaAQLMPt5uBD0qgj68t8z0tjGBeGpxJ4UA6XdyD6UDI6J3aw8rCvfDVAYu%2BkuTeXm7TVpjrwYfccyqfoXvvwrdBwUg1K6CIjdwGHhtOtm
AE,Uttar Pradesh,2017,388,Varanasi North,212716,171858,29,384603,55,128969,98176,3,648,227796,59.23,https://www.eci.gov.in/eci-backend/public/api/download?url=LMAhAK6sOPBp%2FNFF0iRfXbEB1EVSLT41NNLRjYNJJP1KivrUxbfqkDatmHy12e%2FzVx8fLfn2ReU7TfrqYobgItyDaAQLMPt5uBD0qgj68t8z0tjGBeGpxJ4UA6XdyD6UDI6J3aw8rCvfDVAYu%2BkuTeXm7TVpjrwYfccyqfoXvvwrdBwUg1K6CIjdwGHhtOtm
AE,Uttar Pradesh,2017,389,Varanasi South,157497,123777,16,281290,12,104663,73998,0,191,178852,63.58,https://www.eci.gov.in/eci-backend/public/api/download?url=LMAhAK6sOPBp%2FNFF0iRfXbEB1EVSLT41NNLRjYNJJP1KivrUxbfqkDatmHy12e%2FzVx8fLfn2ReU7TfrqYobgItyDaAQLMPt5uBD0qgj68t8z0tjGBeGpxJ4UA6XdyD6UDI6J3aw8rCvfDVAYu%2BkuTeXm7TVpjrwYfccyqfoXvvwrdBwUg1K6CIjdwGHhtOtm
AE,Uttar Pradesh,2017,390,Varanasi Cantt.,229786,182511,19,412316,24,129369,97806,1,435,227611,55.20,https://www.eci.gov.in/eci-backend/public/api/download?url=LMAhAK6sOPBp%2FNFF0iRfXbEB1EVSLT41NNLRjYNJJP1KivrUxbfqkDatmHy12e%2FzVx8fLfn2ReU7TfrqYobgItyDaAQLMPt5uBD0qgj68t8z0tjGBeGpxJ4UA6XdyD6UDI6J3aw8rCvfDVAYu%2BkuTeXm7TVpjrwYfccyqfoXvvwrdBwUg1K6CIjdwGHhtOtm
AE,Uttar Pradesh,2017,391,Sevapuri,174349,144062,12,318423,113,108060,98087,2,385,206534,64.86,https://www.eci.gov.in/eci-backend/public/api/download?url=LMAhAK6sOPBp%2FNFF0iRfXbEB1EVSLT41NNLRjYNJJP1KivrUxbfqkDatmHy12e%2FzVx8fLfn2ReU7TfrqYobgItyDaAQLMPt5uBD0qgj68t8z0tjGBeGpxJ4UA6XdyD6UDI6J3aw8rCvfDVAYu%2BkuTeXm7TVpjrwYfccyqfoXvvwrdBwUg1K6CIjdwGHhtOtm
AE,Uttar Pradesh,2017,392,Bhadohi,227649,187781,28,415458,64,120748,118262,1,538,239549,57.66,https://www.eci.gov.in/eci-backend/public/api/download?url=LMAhAK6sOPBp%2FNFF0iRfXbEB1EVSLT41NNLRjYNJJP1KivrUxbfqkDatmHy12e%2FzVx8fLfn2ReU7TfrqYobgItyDaAQLMPt5uBD0qgj68t8z0tjGBeGpxJ4UA6XdyD6UDI6J3aw8rCvfDVAYu%2BkuTeXm7TVpjrwYfccyqfoXvvwrdBwUg1K6CIjdwGHhtOtm
AE,Uttar Pradesh,2017,393,Gyanpur,201102,166993,22,368117,90,101725,106726,0,505,208956,56.76,https://www.eci.gov.in/eci-backend/public/api/download?url=LMAhAK6sOPBp%2FNFF0iRfXbEB1EVSLT41NNLRjYNJJP1KivrUxbfqkDatmHy12e%2FzVx8fLfn2ReU7TfrqYobgItyDaAQLMPt5uBD0qgj68t8z0tjGBeGpxJ4UA6XdyD6UDI6J3aw8rCvfDVAYu%2BkuTeXm7TVpjrwYfccyqfoXvvwrdBwUg1K6CIjdwGHhtOtm
AE,Uttar Pradesh,2017,394,Aurai,,,,349041,,,,,,,,https://www.eci.gov.in/eci-backend/public/api/download?url=LMAhAK6sOPBp%2FNFF0iRfXbEB1EVSLT41NNLRjYNJJP1KivrUxbfqkDatmHy12e%2FzVx8fLfn2ReU7TfrqYobgIlZ1iFAxwCMoG5IeSOwMR0Bq9mBVUS5yOSrw3shhxd%2BYvjxgH%2BIIXbRf2MWeAy4Fs%2BoofpTfP3lF9S13lu4SJJAEv5Dl9exRXwTm8CNOK%2FOo
AE,Uttar Pradesh,2017,395,Chhanbey (SC),188560,168608,62,357230,246,106290,108639,0,870,215799,60.41,https://www.eci.gov.in/eci-backend/public/api/download?url=LMAhAK6sOPBp%2FNFF0iRfXbEB1EVSLT41NNLRjYNJJP1KivrUxbfqkDatmHy12e%2FzVx8fLfn2ReU7TfrqYobgItyDaAQLMPt5uBD0qgj68t8z0tjGBeGpxJ4UA6XdyD6UDI6J3aw8rCvfDVAYu%2BkuTeXm7TVpjrwYfccyqfoXvvwrdBwUg1K6CIjdwGHhtOtm
AE,Uttar Pradesh,2017,396,Mirzapur,203913,181133,38,385084,347,116959,106741,1,1604,225305,58.51,https://www.eci.gov.in/eci-backend/public/api/download?url=LMAhAK6sOPBp%2FNFF0iRfXbEB1EVSLT41NNLRjYNJJP1KivrUxbfqkDatmHy12e%2FzVx8fLfn2ReU7TfrqYobgItyDaAQLMPt5uBD0qgj68t8z0tjGBeGpxJ4UA6XdyD6UDI6J3aw8rCvfDVAYu%2BkuTeXm7TVpjrwYfccyqfoXvvwrdBwUg1K6CIjdwGHhtOtm
AE,Uttar Pradesh,2017,397,Majhawan,198971,177707,31,376709,414,121295,117554,0,1425,240274,63.78,https://www.eci.gov.in/eci-backend/public/api/download?url=LMAhAK6sOPBp%2FNFF0iRfXbEB1EVSLT41NNLRjYNJJP1KivrUxbfqkDatmHy12e%2FzVx8fLfn2ReU7TfrqYobgItyDaAQLMPt5uBD0qgj68t8z0tjGBeGpxJ4UA6XdyD6UDI6J3aw8rCvfDVAYu%2BkuTeXm7TVpjrwYfccyqfoXvvwrdBwUg1K6CIjdwGHhtOtm
AE,Uttar Pradesh,2017,398,Chunar,176687,158848,22,335557,739,112162,103327,4,1181,216674,64.57,https://www.eci.gov.in/eci-backend/public/api/download?url=LMAhAK6sOPBp%2FNFF0iRfXbEB1EVSLT41NNLRjYNJJP1KivrUxbfqkDatmHy12e%2FzVx8fLfn2ReU7TfrqYobgItyDaAQLMPt5uBD0qgj68t8z0tjGBeGpxJ4UA6XdyD6UDI6J3aw8rCvfDVAYu%2BkuTeXm7TVpjrwYfccyqfoXvvwrdBwUg1K6CIjdwGHhtOtm
AE,Uttar Pradesh,2017,399,Marihan,181516,163393,12,344921,81,122062,115410,1,1018,238491,69.14,https://www.eci.gov.in/eci-backend/public/api/download?url=LMAhAK6sOPBp%2FNFF0iRfXbEB1EVSLT41NNLRjYNJJP1KivrUxbfqkDatmHy12e%2FzVx8fLfn2ReU7TfrqYobgItyDaAQLMPt5uBD0qgj68t8z0tjGBeGpxJ4UA6XdyD6UDI6J3aw8rCvfDVAYu%2BkuTeXm7TVpjrwYfccyqfoXvvwrdBwUg1K6CIjdwGHhtOtm
AE,Uttar Pradesh,2017,400,Ghorawal,197185,168971,9,366165,8,125077,113478,0,508,239063,65.29,https://www.eci.gov.in/eci-backend/public/api/download?url=LMAhAK6sOPBp%2FNFF0iRfXbEB1EVSLT41NNLRjYNJJP1KivrUxbfqkDatmHy12e%2FzVx8fLfn2ReU7TfrqYobgItyDaAQLMPt5uBD0qgj68t8z0tjGBeGpxJ4UA6XdyD6UDI6J3aw8rCvfDVAYu%2BkuTeXm7TVpjrwYfccyqfoXvvwrdBwUg1K6CIjdwGHhtOtm
AE,Uttar Pradesh,2017,401,Robertsganj,175746,149285,4,325035,3,106240,96709,0,491,203440,62.59,https://www.eci.gov.in/eci-backend/public/api/download?url=LMAhAK6sOPBp%2FNFF0iRfXbEB1EVSLT41NNLRjYNJJP1KivrUxbfqkDatmHy12e%2FzVx8fLfn2ReU7TfrqYobgItyDaAQLMPt5uBD0qgj68t8z0tjGBeGpxJ4UA6XdyD6UDI6J3aw8rCvfDVAYu%2BkuTeXm7TVpjrwYfccyqfoXvvwrdBwUg1K6CIjdwGHhtOtm
AE,Uttar Pradesh,2017,402,Obra,169389,138443,11,307843,4,89787,72787,0,278,162852,52.90,https://www.eci.gov.in/eci-backend/public/api/download?url=LMAhAK6sOPBp%2FNFF0iRfXbEB1EVSLT41NNLRjYNJJP1KivrUxbfqkDatmHy12e%2FzVx8fLfn2ReU7TfrqYobgItyDaAQLMPt5uBD0qgj68t8z0tjGBeGpxJ4UA6XdyD6UDI6J3aw8rCvfDVAYu%2BkuTeXm7TVpjrwYfccyqfoXvvwrdBwUg1K6CIjdwGHhtOtm
AE,Uttar Pradesh,2017,403,Duddhi (SC),166446,141599,9,308054,0,102354,94068,0,187,196609,63.82,https://www.eci.gov.in/eci-backend/public/api/download?url=LMAhAK6sOPBp%2FNFF0iRfXbEB1EVSLT41NNLRjYNJJP1KivrUxbfqkDatmHy12e%2FzVx8fLfn2ReU7TfrqYobgItyDaAQLMPt5uBD0qgj68t8z0tjGBeGpxJ4UA6XdyD6UDI6J3aw8rCvfDVAYu%2BkuTeXm7TVpjrwYfccyqfoXvvwrdBwUg1K6CIjdwGHhtOtm
