arena,state,year,seat_no,seat_name,el_m,el_f,el_tg,el_total,svc,vt_m,vt_f,vt_tg,vt_postal,vt_total,poll_pct,source_file
AE,West Bengal,2021,1,Mekliganj,116654,109810,1,226465,360,100348,97058,1,1595,199002,87.87,https://www.eci.gov.in/eci-backend/public/api/download?url=LMAhAK6sOPBp%2FNFF0iRfXbEB1EVSLT41NNLRjYNJJP1KivrUxbfqkDatmHy12e%2FzVx8fLfn2ReU7TfrqYobgIk5VxvEcIXU7mPOAy%2FdGqognuaI3fMkG0LPMHYcy9sjuzJBFz9nMZXpHAxp5WK6wsTwDMdtZpVS4TFyVonx6I5e0Wjo00sa31Izr55UjTSpa3TA8%2BvWXVduQyGBA5AjRYQ%3D%3D
AE,West Bengal,2021,2,Mathabhanga,129362,118659,1,248022,376,107940,104315,0,2318,214573,86.51,https://www.eci.gov.in/eci-backend/public/api/download?url=LMAhAK6sOPBp%2FNFF0iRfXbEB1EVSLT41NNLRjYNJJP1KivrUxbfqkDatmHy12e%2FzVx8fLfn2ReU7TfrqYobgIk5VxvEcIXU7mPOAy%2FdGqognuaI3fMkG0LPMHYcy9sjuzJBFz9nMZXpHAxp5WK6wsTwDMdtZpVS4TFyVonx6I5e0Wjo00sa31Izr55UjTSpa3TA8%2BvWXVduQyGBA5AjRYQ%3D%3D
AE,West Bengal,2021,3,COOCHBEHAR UTTAR,148274,134711,3,282988,1130,125085,115660,0,3670,244415,86.37,https://www.eci.gov.in/eci-backend/public/api/download?url=LMAhAK6sOPBp%2FNFF0iRfXbEB1EVSLT41NNLRjYNJJP1KivrUxbfqkDatmHy12e%2FzVx8fLfn2ReU7TfrqYobgIk5VxvEcIXU7mPOAy%2FdGqognuaI3fMkG0LPMHYcy9sjuzJBFz9nMZXpHAxp5WK6wsTwDMdtZpVS4TFyVonx6I5e0Wjo00sa31Izr55UjTSpa3TA8%2BvWXVduQyGBA5AjRYQ%3D%3D
AE,West Bengal,2021,4,Coochbehar Dakshin,120721,113116,2,233839,431,98745,93770,1,3148,195664,83.67,https://www.eci.gov.in/eci-backend/public/api/download?url=LMAhAK6sOPBp%2FNFF0iRfXbEB1EVSLT41NNLRjYNJJP1KivrUxbfqkDatmHy12e%2FzVx8fLfn2ReU7TfrqYobgIk5VxvEcIXU7mPOAy%2FdGqognuaI3fMkG0LPMHYcy9sjuzJBFz9nMZXpHAxp5WK6wsTwDMdtZpVS4TFyVonx6I5e0Wjo00sa31Izr55UjTSpa3TA8%2BvWXVduQyGBA5AjRYQ%3D%3D
AE,West Bengal,2021,5,Sitalkuchi,150358,134900,2,285260,327,126743,117660,2,1906,246311,86.35,https://www.eci.gov.in/eci-backend/public/api/download?url=LMAhAK6sOPBp%2FNFF0iRfXbEB1EVSLT41NNLRjYNJJP1KivrUxbfqkDatmHy12e%2FzVx8fLfn2ReU7TfrqYobgIk5VxvEcIXU7mPOAy%2FdGqognuaI3fMkG0LPMHYcy9sjuzJBFz9nMZXpHAxp5WK6wsTwDMdtZpVS4TFyVonx6I5e0Wjo00sa31Izr55UjTSpa3TA8%2BvWXVduQyGBA5AjRYQ%3D%3D
AE,West Bengal,2021,6,Sitai,151947,138621,0,290568,242,119814,116528,0,2482,238824,82.19,https://www.eci.gov.in/eci-backend/public/api/download?url=LMAhAK6sOPBp%2FNFF0iRfXbEB1EVSLT41NNLRjYNJJP1KivrUxbfqkDatmHy12e%2FzVx8fLfn2ReU7TfrqYobgIk5VxvEcIXU7mPOAy%2FdGqognuaI3fMkG0LPMHYcy9sjuzJBFz9nMZXpHAxp5WK6wsTwDMdtZpVS4TFyVonx6I5e0Wjo00sa31Izr55UjTSpa3TA8%2BvWXVduQyGBA5AjRYQ%3D%3D
AE,West Bengal,2021,7,Dinhata,154887,144364,0,299251,828,120988,119802,0,3214,244004,81.54,https://www.eci.gov.in/eci-backend/public/api/download?url=LMAhAK6sOPBp%2FNFF0iRfXbEB1EVSLT41NNLRjYNJJP1KivrUxbfqkDatmHy12e%2FzVx8fLfn2ReU7TfrqYobgIk5VxvEcIXU7mPOAy%2FdGqognuaI3fMkG0LPMHYcy9sjuzJBFz9nMZXpHAxp5WK6wsTwDMdtZpVS4TFyVonx6I5e0Wjo00sa31Izr55UjTSpa3TA8%2BvWXVduQyGBA5AjRYQ%3D%3D
AE,West Bengal,2021,8,Natabari,126388,118643,9,245040,470,109777,104163,8,3660,217608,88.81,https://www.eci.gov.in/eci-backend/public/api/download?url=LMAhAK6sOPBp%2FNFF0iRfXbEB1EVSLT41NNLRjYNJJP1KivrUxbfqkDatmHy12e%2FzVx8fLfn2ReU7TfrqYobgIk5VxvEcIXU7mPOAy%2FdGqognuaI3fMkG0LPMHYcy9sjuzJBFz9nMZXpHAxp5WK6wsTwDMdtZpVS4TFyVonx6I5e0Wjo00sa31Izr55UjTSpa3TA8%2BvWXVduQyGBA5AjRYQ%3D%3D
AE,West Bengal,2021,9,Tufanganj,121859,112452,0,234311,441,106587,99921,0,3241,209749,89.52,https://www.eci.gov.in/eci-backend/public/api/download?url=LMAhAK6sOPBp%2FNFF0iRfXbEB1EVSLT41NNLRjYNJJP1KivrUxbfqkDatmHy12e%2FzVx8fLfn2ReU7TfrqYobgIk5VxvEcIXU7mPOAy%2FdGqognuaI3fMkG0LPMHYcy9sjuzJBFz9nMZXpHAxp5WK6wsTwDMdtZpVS4TFyVonx6I5e0Wjo00sa31Izr55UjTSpa3TA8%2BvWXVduQyGBA5AjRYQ%3D%3D
AE,West Bengal,2021,10,Kumargram,140060,132863,1,272924,783,115974,114032,0,2758,232764,85.29,https://www.eci.gov.in/eci-backend/public/api/download?url=LMAhAK6sOPBp%2FNFF0iRfXbEB1EVSLT41NNLRjYNJJP1KivrUxbfqkDatmHy12e%2FzVx8fLfn2ReU7TfrqYobgIk5VxvEcIXU7mPOAy%2FdGqognuaI3fMkG0LPMHYcy9sjuzJBFz9nMZXpHAxp5WK6wsTwDMdtZpVS4TFyVonx6I5e0Wjo00sa31Izr55UjTSpa3TA8%2BvWXVduQyGBA5AjRYQ%3D%3D
AE,West Bengal,2021,11,Kalchini,122622,124796,7,247425,855,94459,99712,2,2083,196256,79.32,https://www.eci.gov.in/eci-backend/public/api/download?url=LMAhAK6sOPBp%2FNFF0iRfXbEB1EVSLT41NNLRjYNJJP1KivrUxbfqkDatmHy12e%2FzVx8fLfn2ReU7TfrqYobgIk5VxvEcIXU7mPOAy%2FdGqognuaI3fMkG0LPMHYcy9sjuzJBFz9nMZXpHAxp5WK6wsTwDMdtZpVS4TFyVonx6I5e0Wjo00sa31Izr55UjTSpa3TA8%2BvWXVduQyGBA5AjRYQ%3D%3D
AE,West Bengal,2021,12,Alipurduars,132599,128034,19,260652,961,110864,108347,6,4118,223335,85.68,https://www.eci.gov.in/eci-backend/public/api/download?url=LMAhAK6sOPBp%2FNFF0iRfXbEB1EVSLT41NNLRjYNJJP1KivrUxbfqkDatmHy12e%2FzVx8fLfn2ReU7TfrqYobgIk5VxvEcIXU7mPOAy%2FdGqognuaI3fMkG0LPMHYcy9sjuzJBFz9nMZXpHAxp5WK6wsTwDMdtZpVS4TFyVonx6I5e0Wjo00sa31Izr55UjTSpa3TA8%2BvWXVduQyGBA5AjRYQ%3D%3D
AE,West Bengal,2021,13,Falakata,130111,124437,6,254554,532,109458,108751,0,2673,220882,86.77,https://www.eci.gov.in/eci-backend/public/api/download?url=LMAhAK6sOPBp%2FNFF0iRfXbEB1EVSLT41NNLRjYNJJP1KivrUxbfqkDatmHy12e%2FzVx8fLfn2ReU7TfrqYobgIk5VxvEcIXU7mPOAy%2FdGqognuaI3fMkG0LPMHYcy9sjuzJBFz9nMZXpHAxp5WK6wsTwDMdtZpVS4TFyVonx6I5e0Wjo00sa31Izr55UjTSpa3TA8%2BvWXVduQyGBA5AjRYQ%3D%3D
AE,West Bengal,2021,14,Madarihat,105263,107378,10,212651,724,80606,84929,4,1706,167245,78.65,https://www.eci.gov.in/eci-backend/public/api/download?url=LMAhAK6sOPBp%2FNFF0iRfXbEB1EVSLT41NNLRjYNJJP1KivrUxbfqkDatmHy12e%2FzVx8fLfn2ReU7TfrqYobgIk5VxvEcIXU7mPOAy%2FdGqognuaI3fMkG0LPMHYcy9sjuzJBFz9nMZXpHAxp5WK6wsTwDMdtZpVS4TFyVonx6I5e0Wjo00sa31Izr55UjTSpa3TA8%2BvWXVduQyGBA5AjRYQ%3D%3D
AE,West Bengal,2021,15,Dhupguri,134928,128189,1,263118,516,114751,112083,0,2780,229614,87.27,https://www.eci.gov.in/eci-backend/public/api/download?url=LMAhAK6sOPBp%2FNFF0iRfXbEB1EVSLT41NNLRjYNJJP1KivrUxbfqkDatmHy12e%2FzVx8fLfn2ReU7TfrqYobgIk5VxvEcIXU7mPOAy%2FdGqognuaI3fMkG0LPMHYcy9sjuzJBFz9nMZXpHAxp5WK6wsTwDMdtZpVS4TFyVonx6I5e0Wjo00sa31Izr55UjTSpa3TA8%2BvWXVduQyGBA5AjRYQ%3D%3D
AE,West Bengal,2021,16,Maynaguri,136896,127369,0,264265,632,121209,112201,0,3164,236574,89.52,https://www.eci.gov.in/eci-backend/public/api/download?url=LMAhAK6sOPBp%2FNFF0iRfXbEB1EVSLT41NNLRjYNJJP1KivrUxbfqkDatmHy12e%2FzVx8fLfn2ReU7TfrqYobgIk5VxvEcIXU7mPOAy%2FdGqognuaI3fMkG0LPMHYcy9sjuzJBFz9nMZXpHAxp5WK6wsTwDMdtZpVS4TFyVonx6I5e0Wjo00sa31Izr55UjTSpa3TA8%2BvWXVduQyGBA5AjRYQ%3D%3D
AE,West Bengal,2021,17,Jalpaiguri,132519,129981,0,262500,863,111756,108598,0,6288,226642,86.34,https://www.eci.gov.in/eci-backend/public/api/download?url=LMAhAK6sOPBp%2FNFF0iRfXbEB1EVSLT41NNLRjYNJJP1KivrUxbfqkDatmHy12e%2FzVx8fLfn2ReU7TfrqYobgIk5VxvEcIXU7mPOAy%2FdGqognuaI3fMkG0LPMHYcy9sjuzJBFz9nMZXpHAxp5WK6wsTwDMdtZpVS4TFyVonx6I5e0Wjo00sa31Izr55UjTSpa3TA8%2BvWXVduQyGBA5AjRYQ%3D%3D
AE,West Bengal,2021,18,Rajganj,125664,118494,5,244163,394,112377,102417,1,2822,217617,89.13,https://www.eci.gov.in/eci-backend/public/api/download?url=LMAhAK6sOPBp%2FNFF0iRfXbEB1EVSLT41NNLRjYNJJP1KivrUxbfqkDatmHy12e%2FzVx8fLfn2ReU7TfrqYobgIk5VxvEcIXU7mPOAy%2FdGqognuaI3fMkG0LPMHYcy9sjuzJBFz9nMZXpHAxp5WK6wsTwDMdtZpVS4TFyVonx6I5e0Wjo00sa31Izr55UjTSpa3TA8%2BvWXVduQyGBA5AjRYQ%3D%3D
AE,West Bengal,2021,19,Dabgram-Fulbari,157978,152370,6,310354,437,132216,125012,2,2072,259302,83.55,https://www.eci.gov.in/eci-backend/public/api/download?url=LMAhAK6sOPBp%2FNFF0iRfXbEB1EVSLT41NNLRjYNJJP1KivrUxbfqkDatmHy12e%2FzVx8fLfn2ReU7TfrqYobgIk5VxvEcIXU7mPOAy%2FdGqognuaI3fMkG0LPMHYcy9sjuzJBFz9nMZXpHAxp5WK6wsTwDMdtZpVS4TFyVonx6I5e0Wjo00sa31Izr55UjTSpa3TA8%2BvWXVduQyGBA5AjRYQ%3D%3D
AE,West Bengal,2021,20,Mal,128195,127375,0,255570,670,105805,106390,0,1172,213367,83.49,https://www.eci.gov.in/eci-backend/public/api/download?url=LMAhAK6sOPBp%2FNFF0iRfXbEB1EVSLT41NNLRjYNJJP1KivrUxbfqkDatmHy12e%2FzVx8fLfn2ReU7TfrqYobgIk5VxvEcIXU7mPOAy%2FdGqognuaI3fMkG0LPMHYcy9sjuzJBFz9nMZXpHAxp5WK6wsTwDMdtZpVS4TFyVonx6I5e0Wjo00sa31Izr55UjTSpa3TA8%2BvWXVduQyGBA5AjRYQ%3D%3D
AE,West Bengal,2021,21,Nagrakata,116629,120672,4,237305,825,92671,97817,1,749,191238,80.59,https://www.eci.gov.in/eci-backend/public/api/download?url=LMAhAK6sOPBp%2FNFF0iRfXbEB1EVSLT41NNLRjYNJJP1KivrUxbfqkDatmHy12e%2FzVx8fLfn2ReU7TfrqYobgIk5VxvEcIXU7mPOAy%2FdGqognuaI3fMkG0LPMHYcy9sjuzJBFz9nMZXpHAxp5WK6wsTwDMdtZpVS4TFyVonx6I5e0Wjo00sa31Izr55UjTSpa3TA8%2BvWXVduQyGBA5AjRYQ%3D%3D
AE,West Bengal,2021,22,Kalimpong,106055,105841,0,211896,2136,77478,74742,0,2770,154990,73.14,https://www.eci.gov.in/eci-backend/public/api/download?url=LMAhAK6sOPBp%2FNFF0iRfXbEB1EVSLT41NNLRjYNJJP1KivrUxbfqkDatmHy12e%2FzVx8fLfn2ReU7TfrqYobgIk5VxvEcIXU7mPOAy%2FdGqognuaI3fMkG0LPMHYcy9sjuzJBFz9nMZXpHAxp5WK6wsTwDMdtZpVS4TFyVonx6I5e0Wjo00sa31Izr55UjTSpa3TA8%2BvWXVduQyGBA5AjRYQ%3D%3D
AE,West Bengal,2021,23,Darjeeling,123409,123252,2,246663,4024,81671,83598,0,4680,169949,68.90,https://www.eci.gov.in/eci-backend/public/api/download?url=LMAhAK6sOPBp%2FNFF0iRfXbEB1EVSLT41NNLRjYNJJP1KivrUxbfqkDatmHy12e%2FzVx8fLfn2ReU7TfrqYobgIk5VxvEcIXU7mPOAy%2FdGqognuaI3fMkG0LPMHYcy9sjuzJBFz9nMZXpHAxp5WK6wsTwDMdtZpVS4TFyVonx6I5e0Wjo00sa31Izr55UjTSpa3TA8%2BvWXVduQyGBA5AjRYQ%3D%3D
AE,West Bengal,2021,24,Kurseong,116757,119718,2,236477,2290,85231,87904,1,3315,176451,74.62,https://www.eci.gov.in/eci-backend/public/api/download?url=LMAhAK6sOPBp%2FNFF0iRfXbEB1EVSLT41NNLRjYNJJP1KivrUxbfqkDatmHy12e%2FzVx8fLfn2ReU7TfrqYobgIk5VxvEcIXU7mPOAy%2FdGqognuaI3fMkG0LPMHYcy9sjuzJBFz9nMZXpHAxp5WK6wsTwDMdtZpVS4TFyVonx6I5e0Wjo00sa31Izr55UjTSpa3TA8%2BvWXVduQyGBA5AjRYQ%3D%3D
AE,West Bengal,2021,25,Matigara-Naxalbari,144241,143322,2,287565,1837,120047,118836,0,1798,240681,83.70,https://www.eci.gov.in/eci-backend/public/api/download?url=LMAhAK6sOPBp%2FNFF0iRfXbEB1EVSLT41NNLRjYNJJP1KivrUxbfqkDatmHy12e%2FzVx8fLfn2ReU7TfrqYobgIk5VxvEcIXU7mPOAy%2FdGqognuaI3fMkG0LPMHYcy9sjuzJBFz9nMZXpHAxp5WK6wsTwDMdtZpVS4TFyVonx6I5e0Wjo00sa31Izr55UjTSpa3TA8%2BvWXVduQyGBA5AjRYQ%3D%3D
AE,West Bengal,2021,26,Siliguri,115917,112483,6,228406,251,91044,85532,2,2680,179258,78.48,https://www.eci.gov.in/eci-backend/public/api/download?url=LMAhAK6sOPBp%2FNFF0iRfXbEB1EVSLT41NNLRjYNJJP1KivrUxbfqkDatmHy12e%2FzVx8fLfn2ReU7TfrqYobgIk5VxvEcIXU7mPOAy%2FdGqognuaI3fMkG0LPMHYcy9sjuzJBFz9nMZXpHAxp5WK6wsTwDMdtZpVS4TFyVonx6I5e0Wjo00sa31Izr55UjTSpa3TA8%2BvWXVduQyGBA5AjRYQ%3D%3D
AE,West Bengal,2021,27,Phansidewa,122184,118310,2,240496,644,106740,99856,0,1305,207901,86.45,https://www.eci.gov.in/eci-backend/public/api/download?url=LMAhAK6sOPBp%2FNFF0iRfXbEB1EVSLT41NNLRjYNJJP1KivrUxbfqkDatmHy12e%2FzVx8fLfn2ReU7TfrqYobgIk5VxvEcIXU7mPOAy%2FdGqognuaI3fMkG0LPMHYcy9sjuzJBFz9nMZXpHAxp5WK6wsTwDMdtZpVS4TFyVonx6I5e0Wjo00sa31Izr55UjTSpa3TA8%2BvWXVduQyGBA5AjRYQ%3D%3D
AE,West Bengal,2021,28,Chopra,129972,117778,14,247764,136,105220,97391,0,1534,204145,82.39,https://www.eci.gov.in/eci-backend/public/api/download?url=LMAhAK6sOPBp%2FNFF0iRfXbEB1EVSLT41NNLRjYNJJP1KivrUxbfqkDatmHy12e%2FzVx8fLfn2ReU7TfrqYobgIk5VxvEcIXU7mPOAy%2FdGqognuaI3fMkG0LPMHYcy9sjuzJBFz9nMZXpHAxp5WK6wsTwDMdtZpVS4TFyVonx6I5e0Wjo00sa31Izr55UjTSpa3TA8%2BvWXVduQyGBA5AjRYQ%3D%3D
AE,West Bengal,2021,29,Islampur,114881,104840,7,219728,166,85774,82587,0,1930,170291,77.50,https://www.eci.gov.in/eci-backend/public/api/download?url=LMAhAK6sOPBp%2FNFF0iRfXbEB1EVSLT41NNLRjYNJJP1KivrUxbfqkDatmHy12e%2FzVx8fLfn2ReU7TfrqYobgIk5VxvEcIXU7mPOAy%2FdGqognuaI3fMkG0LPMHYcy9sjuzJBFz9nMZXpHAxp5WK6wsTwDMdtZpVS4TFyVonx6I5e0Wjo00sa31Izr55UjTSpa3TA8%2BvWXVduQyGBA5AjRYQ%3D%3D
AE,West Bengal,2021,30,Goalpokhar,116779,107847,7,224633,95,76983,83785,0,857,161625,71.95,https://www.eci.gov.in/eci-backend/public/api/download?url=LMAhAK6sOPBp%2FNFF0iRfXbEB1EVSLT41NNLRjYNJJP1KivrUxbfqkDatmHy12e%2FzVx8fLfn2ReU7TfrqYobgIk5VxvEcIXU7mPOAy%2FdGqognuaI3fMkG0LPMHYcy9sjuzJBFz9nMZXpHAxp5WK6wsTwDMdtZpVS4TFyVonx6I5e0Wjo00sa31Izr55UjTSpa3TA8%2BvWXVduQyGBA5AjRYQ%3D%3D
AE,West Bengal,2021,31,Chakulia,120176,113200,2,233378,62,82974,89538,0,1001,173513,74.35,https://www.eci.gov.in/eci-backend/public/api/download?url=LMAhAK6sOPBp%2FNFF0iRfXbEB1EVSLT41NNLRjYNJJP1KivrUxbfqkDatmHy12e%2FzVx8fLfn2ReU7TfrqYobgIk5VxvEcIXU7mPOAy%2FdGqognuaI3fMkG0LPMHYcy9sjuzJBFz9nMZXpHAxp5WK6wsTwDMdtZpVS4TFyVonx6I5e0Wjo00sa31Izr55UjTSpa3TA8%2BvWXVduQyGBA5AjRYQ%3D%3D
AE,West Bengal,2021,32,Karandighi,135693,126881,9,262583,77,106280,105557,3,1456,213296,81.23,https://www.eci.gov.in/eci-backend/public/api/download?url=LMAhAK6sOPBp%2FNFF0iRfXbEB1EVSLT41NNLRjYNJJP1KivrUxbfqkDatmHy12e%2FzVx8fLfn2ReU7TfrqYobgIk5VxvEcIXU7mPOAy%2FdGqognuaI3fMkG0LPMHYcy9sjuzJBFz9nMZXpHAxp5WK6wsTwDMdtZpVS4TFyVonx6I5e0Wjo00sa31Izr55UjTSpa3TA8%2BvWXVduQyGBA5AjRYQ%3D%3D
AE,West Bengal,2021,33,Hemtabad,137983,127331,4,265318,317,112167,109146,0,2362,223675,84.30,https://www.eci.gov.in/eci-backend/public/api/download?url=LMAhAK6sOPBp%2FNFF0iRfXbEB1EVSLT41NNLRjYNJJP1KivrUxbfqkDatmHy12e%2FzVx8fLfn2ReU7TfrqYobgIk5VxvEcIXU7mPOAy%2FdGqognuaI3fMkG0LPMHYcy9sjuzJBFz9nMZXpHAxp5WK6wsTwDMdtZpVS4TFyVonx6I5e0Wjo00sa31Izr55UjTSpa3TA8%2BvWXVduQyGBA5AjRYQ%3D%3D
AE,West Bengal,2021,34,Kaliaganj,145835,136721,19,282575,295,121052,115874,3,3036,239965,84.92,https://www.eci.gov.in/eci-backend/public/api/download?url=LMAhAK6sOPBp%2FNFF0iRfXbEB1EVSLT41NNLRjYNJJP1KivrUxbfqkDatmHy12e%2FzVx8fLfn2ReU7TfrqYobgIk5VxvEcIXU7mPOAy%2FdGqognuaI3fMkG0LPMHYcy9sjuzJBFz9nMZXpHAxp5WK6wsTwDMdtZpVS4TFyVonx6I5e0Wjo00sa31Izr55UjTSpa3TA8%2BvWXVduQyGBA5AjRYQ%3D%3D
AE,West Bengal,2021,35,Raiganj,100670,98091,19,198780,318,79289,78854,16,3704,161863,81.43,https://www.eci.gov.in/eci-backend/public/api/download?url=LMAhAK6sOPBp%2FNFF0iRfXbEB1EVSLT41NNLRjYNJJP1KivrUxbfqkDatmHy12e%2FzVx8fLfn2ReU7TfrqYobgIk5VxvEcIXU7mPOAy%2FdGqognuaI3fMkG0LPMHYcy9sjuzJBFz9nMZXpHAxp5WK6wsTwDMdtZpVS4TFyVonx6I5e0Wjo00sa31Izr55UjTSpa3TA8%2BvWXVduQyGBA5AjRYQ%3D%3D
AE,West Bengal,2021,36,Itahar,117821,111534,7,229362,238,97117,95249,2,2540,194908,84.98,https://www.eci.gov.in/eci-backend/public/api/download?url=LMAhAK6sOPBp%2FNFF0iRfXbEB1EVSLT41NNLRjYNJJP1KivrUxbfqkDatmHy12e%2FzVx8fLfn2ReU7TfrqYobgIk5VxvEcIXU7mPOAy%2FdGqognuaI3fMkG0LPMHYcy9sjuzJBFz9nMZXpHAxp5WK6wsTwDMdtZpVS4TFyVonx6I5e0Wjo00sa31Izr55UjTSpa3TA8%2BvWXVduQyGBA5AjRYQ%3D%3D
AE,West Bengal,2021,37,Kushmandi,114232,105682,7,219921,166,91784,90571,2,1914,184271,83.79,https://www.eci.gov.in/eci-backend/public/api/download?url=LMAhAK6sOPBp%2FNFF0iRfXbEB1EVSLT41NNLRjYNJJP1KivrUxbfqkDatmHy12e%2FzVx8fLfn2ReU7TfrqYobgIk5VxvEcIXU7mPOAy%2FdGqognuaI3fMkG0LPMHYcy9sjuzJBFz9nMZXpHAxp5WK6wsTwDMdtZpVS4TFyVonx6I5e0Wjo00sa31Izr55UjTSpa3TA8%2BvWXVduQyGBA5AjRYQ%3D%3D
AE,West Bengal,2021,38,Kumarganj,105758,98221,7,203986,257,85302,84167,0,1612,171081,83.87,https://www.eci.gov.in/eci-backend/public/api/download?url=LMAhAK6sOPBp%2FNFF0iRfXbEB1EVSLT41NNLRjYNJJP1KivrUxbfqkDatmHy12e%2FzVx8fLfn2ReU7TfrqYobgIk5VxvEcIXU7mPOAy%2FdGqognuaI3fMkG0LPMHYcy9sjuzJBFz9nMZXpHAxp5WK6wsTwDMdtZpVS4TFyVonx6I5e0Wjo00sa31Izr55UjTSpa3TA8%2BvWXVduQyGBA5AjRYQ%3D%3D
AE,West Bengal,2021,39,Balurghat,90867,89505,18,180390,425,74253,74894,10,3406,152563,84.57,https://www.eci.gov.in/eci-backend/public/api/download?url=LMAhAK6sOPBp%2FNFF0iRfXbEB1EVSLT41NNLRjYNJJP1KivrUxbfqkDatmHy12e%2FzVx8fLfn2ReU7TfrqYobgIk5VxvEcIXU7mPOAy%2FdGqognuaI3fMkG0LPMHYcy9sjuzJBFz9nMZXpHAxp5WK6wsTwDMdtZpVS4TFyVonx6I5e0Wjo00sa31Izr55UjTSpa3TA8%2BvWXVduQyGBA5AjRYQ%3D%3D
AE,West Bengal,2021,40,Tapan,112238,107991,7,220236,357,93027,90998,0,2520,186545,84.70,https://www.eci.gov.in/eci-backend/public/api/download?url=LMAhAK6sOPBp%2FNFF0iRfXbEB1EVSLT41NNLRjYNJJP1KivrUxbfqkDatmHy12e%2FzVx8fLfn2ReU7TfrqYobgIk5VxvEcIXU7mPOAy%2FdGqognuaI3fMkG0LPMHYcy9sjuzJBFz9nMZXpHAxp5WK6wsTwDMdtZpVS4TFyVonx6I5e0Wjo00sa31Izr55UjTSpa3TA8%2BvWXVduQyGBA5AjRYQ%3D%3D
AE,West Bengal,2021,41,Gangarampur,115181,108847,12,224040,337,95121,91982,3,2608,189714,84.68,https://www.eci.gov.in/eci-backend/public/api/download?url=LMAhAK6sOPBp%2FNFF0iRfXbEB1EVSLT41NNLRjYNJJP1KivrUxbfqkDatmHy12e%2FzVx8fLfn2ReU7TfrqYobgIk5VxvEcIXU7mPOAy%2FdGqognuaI3fMkG0LPMHYcy9sjuzJBFz9nMZXpHAxp5WK6wsTwDMdtZpVS4TFyVonx6I5e0Wjo00sa31Izr55UjTSpa3TA8%2BvWXVduQyGBA5AjRYQ%3D%3D
AE,West Bengal,2021,42,Harirampur,115958,112216,15,228189,217,93353,92727,8,1824,187912,82.35,https://www.eci.gov.in/eci-backend/public/api/download?url=LMAhAK6sOPBp%2FNFF0iRfXbEB1EVSLT41NNLRjYNJJP1KivrUxbfqkDatmHy12e%2FzVx8fLfn2ReU7TfrqYobgIk5VxvEcIXU7mPOAy%2FdGqognuaI3fMkG0LPMHYcy9sjuzJBFz9nMZXpHAxp5WK6wsTwDMdtZpVS4TFyVonx6I5e0Wjo00sa31Izr55UjTSpa3TA8%2BvWXVduQyGBA5AjRYQ%3D%3D
AE,West Bengal,2021,43,Habibpur,125943,123605,9,249557,293,97079,99930,0,2205,199214,79.83,https://www.eci.gov.in/eci-backend/public/api/download?url=LMAhAK6sOPBp%2FNFF0iRfXbEB1EVSLT41NNLRjYNJJP1KivrUxbfqkDatmHy12e%2FzVx8fLfn2ReU7TfrqYobgIk5VxvEcIXU7mPOAy%2FdGqognuaI3fMkG0LPMHYcy9sjuzJBFz9nMZXpHAxp5WK6wsTwDMdtZpVS4TFyVonx6I5e0Wjo00sa31Izr55UjTSpa3TA8%2BvWXVduQyGBA5AjRYQ%3D%3D
AE,West Bengal,2021,44,Gazole,134828,132263,5,267096,289,107910,111657,2,1684,221253,82.84,https://www.eci.gov.in/eci-backend/public/api/download?url=LMAhAK6sOPBp%2FNFF0iRfXbEB1EVSLT41NNLRjYNJJP1KivrUxbfqkDatmHy12e%2FzVx8fLfn2ReU7TfrqYobgIk5VxvEcIXU7mPOAy%2FdGqognuaI3fMkG0LPMHYcy9sjuzJBFz9nMZXpHAxp5WK6wsTwDMdtZpVS4TFyVonx6I5e0Wjo00sa31Izr55UjTSpa3TA8%2BvWXVduQyGBA5AjRYQ%3D%3D
AE,West Bengal,2021,45,Chanchal,127730,121668,4,249402,270,98745,99801,0,1304,199850,80.13,https://www.eci.gov.in/eci-backend/public/api/download?url=LMAhAK6sOPBp%2FNFF0iRfXbEB1EVSLT41NNLRjYNJJP1KivrUxbfqkDatmHy12e%2FzVx8fLfn2ReU7TfrqYobgIk5VxvEcIXU7mPOAy%2FdGqognuaI3fMkG0LPMHYcy9sjuzJBFz9nMZXpHAxp5WK6wsTwDMdtZpVS4TFyVonx6I5e0Wjo00sa31Izr55UjTSpa3TA8%2BvWXVduQyGBA5AjRYQ%3D%3D
AE,West Bengal,2021,46,Harischandrapur,129930,122552,5,252487,201,99619,102408,1,1271,203299,80.52,https://www.eci.gov.in/eci-backend/public/api/download?url=LMAhAK6sOPBp%2FNFF0iRfXbEB1EVSLT41NNLRjYNJJP1KivrUxbfqkDatmHy12e%2FzVx8fLfn2ReU7TfrqYobgIk5VxvEcIXU7mPOAy%2FdGqognuaI3fMkG0LPMHYcy9sjuzJBFz9nMZXpHAxp5WK6wsTwDMdtZpVS4TFyVonx6I5e0Wjo00sa31Izr55UjTSpa3TA8%2BvWXVduQyGBA5AjRYQ%3D%3D
AE,West Bengal,2021,47,Malatipur,117707,114183,17,231907,37,88485,96140,2,972,185599,80.03,https://www.eci.gov.in/eci-backend/public/api/download?url=LMAhAK6sOPBp%2FNFF0iRfXbEB1EVSLT41NNLRjYNJJP1KivrUxbfqkDatmHy12e%2FzVx8fLfn2ReU7TfrqYobgIk5VxvEcIXU7mPOAy%2FdGqognuaI3fMkG0LPMHYcy9sjuzJBFz9nMZXpHAxp5WK6wsTwDMdtZpVS4TFyVonx6I5e0Wjo00sa31Izr55UjTSpa3TA8%2BvWXVduQyGBA5AjRYQ%3D%3D
AE,West Bengal,2021,48,Ratua,145713,136725,13,282451,657,106613,110736,8,2240,219597,77.75,https://www.eci.gov.in/eci-backend/public/api/download?url=LMAhAK6sOPBp%2FNFF0iRfXbEB1EVSLT41NNLRjYNJJP1KivrUxbfqkDatmHy12e%2FzVx8fLfn2ReU7TfrqYobgIk5VxvEcIXU7mPOAy%2FdGqognuaI3fMkG0LPMHYcy9sjuzJBFz9nMZXpHAxp5WK6wsTwDMdtZpVS4TFyVonx6I5e0Wjo00sa31Izr55UjTSpa3TA8%2BvWXVduQyGBA5AjRYQ%3D%3D
AE,West Bengal,2021,49,Manikchak,131786,121564,3,253353,813,101141,103584,0,2463,207188,81.78,https://www.eci.gov.in/eci-backend/public/api/download?url=LMAhAK6sOPBp%2FNFF0iRfXbEB1EVSLT41NNLRjYNJJP1KivrUxbfqkDatmHy12e%2FzVx8fLfn2ReU7TfrqYobgIk5VxvEcIXU7mPOAy%2FdGqognuaI3fMkG0LPMHYcy9sjuzJBFz9nMZXpHAxp5WK6wsTwDMdtZpVS4TFyVonx6I5e0Wjo00sa31Izr55UjTSpa3TA8%2BvWXVduQyGBA5AjRYQ%3D%3D
AE,West Bengal,2021,50,Maldaha,124051,121908,3,245962,474,101276,102992,0,2443,206711,84.04,https://www.eci.gov.in/eci-backend/public/api/download?url=LMAhAK6sOPBp%2FNFF0iRfXbEB1EVSLT41NNLRjYNJJP1KivrUxbfqkDatmHy12e%2FzVx8fLfn2ReU7TfrqYobgIk5VxvEcIXU7mPOAy%2FdGqognuaI3fMkG0LPMHYcy9sjuzJBFz9nMZXpHAxp5WK6wsTwDMdtZpVS4TFyVonx6I5e0Wjo00sa31Izr55UjTSpa3TA8%2BvWXVduQyGBA5AjRYQ%3D%3D
AE,West Bengal,2021,51,English Bazar,137649,137637,10,275296,545,108206,104809,6,4967,217988,79.18,https://www.eci.gov.in/eci-backend/public/api/download?url=LMAhAK6sOPBp%2FNFF0iRfXbEB1EVSLT41NNLRjYNJJP1KivrUxbfqkDatmHy12e%2FzVx8fLfn2ReU7TfrqYobgIk5VxvEcIXU7mPOAy%2FdGqognuaI3fMkG0LPMHYcy9sjuzJBFz9nMZXpHAxp5WK6wsTwDMdtZpVS4TFyVonx6I5e0Wjo00sa31Izr55UjTSpa3TA8%2BvWXVduQyGBA5AjRYQ%3D%3D
AE,West Bengal,2021,52,Mothabari,99166,97152,6,196324,255,77914,83580,0,1829,163323,83.19,https://www.eci.gov.in/eci-backend/public/api/download?url=LMAhAK6sOPBp%2FNFF0iRfXbEB1EVSLT41NNLRjYNJJP1KivrUxbfqkDatmHy12e%2FzVx8fLfn2ReU7TfrqYobgIk5VxvEcIXU7mPOAy%2FdGqognuaI3fMkG0LPMHYcy9sjuzJBFz9nMZXpHAxp5WK6wsTwDMdtZpVS4TFyVonx6I5e0Wjo00sa31Izr55UjTSpa3TA8%2BvWXVduQyGBA5AjRYQ%3D%3D
AE,West Bengal,2021,53,Sujapur,127049,124130,7,251186,142,99977,106432,0,1551,207960,82.79,https://www.eci.gov.in/eci-backend/public/api/download?url=LMAhAK6sOPBp%2FNFF0iRfXbEB1EVSLT41NNLRjYNJJP1KivrUxbfqkDatmHy12e%2FzVx8fLfn2ReU7TfrqYobgIk5VxvEcIXU7mPOAy%2FdGqognuaI3fMkG0LPMHYcy9sjuzJBFz9nMZXpHAxp5WK6wsTwDMdtZpVS4TFyVonx6I5e0Wjo00sa31Izr55UjTSpa3TA8%2BvWXVduQyGBA5AjRYQ%3D%3D
AE,West Bengal,2021,54,Baisnabnagar,126181,120762,13,246956,291,105431,102503,1,1394,209329,84.76,https://www.eci.gov.in/eci-backend/public/api/download?url=LMAhAK6sOPBp%2FNFF0iRfXbEB1EVSLT41NNLRjYNJJP1KivrUxbfqkDatmHy12e%2FzVx8fLfn2ReU7TfrqYobgIk5VxvEcIXU7mPOAy%2FdGqognuaI3fMkG0LPMHYcy9sjuzJBFz9nMZXpHAxp5WK6wsTwDMdtZpVS4TFyVonx6I5e0Wjo00sa31Izr55UjTSpa3TA8%2BvWXVduQyGBA5AjRYQ%3D%3D
AE,West Bengal,2021,55,Farakka,113853,113689,7,227549,136,92378,93289,1,864,186532,81.97,https://www.eci.gov.in/eci-backend/public/api/download?url=LMAhAK6sOPBp%2FNFF0iRfXbEB1EVSLT41NNLRjYNJJP1KivrUxbfqkDatmHy12e%2FzVx8fLfn2ReU7TfrqYobgIk5VxvEcIXU7mPOAy%2FdGqognuaI3fMkG0LPMHYcy9sjuzJBFz9nMZXpHAxp5WK6wsTwDMdtZpVS4TFyVonx6I5e0Wjo00sa31Izr55UjTSpa3TA8%2BvWXVduQyGBA5AjRYQ%3D%3D
AE,West Bengal,2021,56,Samserganj,115300,120274,2,235576,65,88659,99555,1,412,188627,80.07,https://www.eci.gov.in/eci-backend/public/api/download?url=LMAhAK6sOPBp%2FNFF0iRfXbEB1EVSLT41NNLRjYNJJP1KivrUxbfqkDatmHy12e%2FzVx8fLfn2ReU7TfrqYobgIk5VxvEcIXU7mPOAy%2FdGqognuaI3fMkG0LPMHYcy9sjuzJBFz9nMZXpHAxp5WK6wsTwDMdtZpVS4TFyVonx6I5e0Wjo00sa31Izr55UjTSpa3TA8%2BvWXVduQyGBA5AjRYQ%3D%3D
AE,West Bengal,2021,57,Suti,132667,132746,5,265418,141,104169,111188,0,1090,216447,81.55,https://www.eci.gov.in/eci-backend/public/api/download?url=LMAhAK6sOPBp%2FNFF0iRfXbEB1EVSLT41NNLRjYNJJP1KivrUxbfqkDatmHy12e%2FzVx8fLfn2ReU7TfrqYobgIk5VxvEcIXU7mPOAy%2FdGqognuaI3fMkG0LPMHYcy9sjuzJBFz9nMZXpHAxp5WK6wsTwDMdtZpVS4TFyVonx6I5e0Wjo00sa31Izr55UjTSpa3TA8%2BvWXVduQyGBA5AjRYQ%3D%3D
AE,West Bengal,2021,58,Jangipur,129747,125311,6,255064,349,94963,102765,2,671,198401,77.78,https://www.eci.gov.in/eci-backend/public/api/download?url=LMAhAK6sOPBp%2FNFF0iRfXbEB1EVSLT41NNLRjYNJJP1KivrUxbfqkDatmHy12e%2FzVx8fLfn2ReU7TfrqYobgIk5VxvEcIXU7mPOAy%2FdGqognuaI3fMkG0LPMHYcy9sjuzJBFz9nMZXpHAxp5WK6wsTwDMdtZpVS4TFyVonx6I5e0Wjo00sa31Izr55UjTSpa3TA8%2BvWXVduQyGBA5AjRYQ%3D%3D
AE,West Bengal,2021,59,RaghunathGanj,126930,122628,1,249559,128,85802,104104,0,685,190591,76.37,https://www.eci.gov.in/eci-backend/public/api/download?url=LMAhAK6sOPBp%2FNFF0iRfXbEB1EVSLT41NNLRjYNJJP1KivrUxbfqkDatmHy12e%2FzVx8fLfn2ReU7TfrqYobgIk5VxvEcIXU7mPOAy%2FdGqognuaI3fMkG0LPMHYcy9sjuzJBFz9nMZXpHAxp5WK6wsTwDMdtZpVS4TFyVonx6I5e0Wjo00sa31Izr55UjTSpa3TA8%2BvWXVduQyGBA5AjRYQ%3D%3D
AE,West Bengal,2021,60,Sagardighi,119885,116995,5,236885,299,90347,95563,2,1081,186993,78.94,https://www.eci.gov.in/eci-backend/public/api/download?url=LMAhAK6sOPBp%2FNFF0iRfXbEB1EVSLT41NNLRjYNJJP1KivrUxbfqkDatmHy12e%2FzVx8fLfn2ReU7TfrqYobgIk5VxvEcIXU7mPOAy%2FdGqognuaI3fMkG0LPMHYcy9sjuzJBFz9nMZXpHAxp5WK6wsTwDMdtZpVS4TFyVonx6I5e0Wjo00sa31Izr55UjTSpa3TA8%2BvWXVduQyGBA5AjRYQ%3D%3D
AE,West Bengal,2021,61,Lalgola,119617,114759,5,234381,145,90449,99439,0,920,190808,81.41,https://www.eci.gov.in/eci-backend/public/api/download?url=LMAhAK6sOPBp%2FNFF0iRfXbEB1EVSLT41NNLRjYNJJP1KivrUxbfqkDatmHy12e%2FzVx8fLfn2ReU7TfrqYobgIk5VxvEcIXU7mPOAy%2FdGqognuaI3fMkG0LPMHYcy9sjuzJBFz9nMZXpHAxp5WK6wsTwDMdtZpVS4TFyVonx6I5e0Wjo00sa31Izr55UjTSpa3TA8%2BvWXVduQyGBA5AjRYQ%3D%3D
AE,West Bengal,2021,62,Bhagawangola,135120,128644,1,263765,153,111491,113793,0,806,226090,85.72,https://www.eci.gov.in/eci-backend/public/api/download?url=LMAhAK6sOPBp%2FNFF0iRfXbEB1EVSLT41NNLRjYNJJP1KivrUxbfqkDatmHy12e%2FzVx8fLfn2ReU7TfrqYobgIk5VxvEcIXU7mPOAy%2FdGqognuaI3fMkG0LPMHYcy9sjuzJBFz9nMZXpHAxp5WK6wsTwDMdtZpVS4TFyVonx6I5e0Wjo00sa31Izr55UjTSpa3TA8%2BvWXVduQyGBA5AjRYQ%3D%3D
AE,West Bengal,2021,63,Raninagar,130372,125724,5,256101,161,110456,110452,2,1256,222166,86.75,https://www.eci.gov.in/eci-backend/public/api/download?url=LMAhAK6sOPBp%2FNFF0iRfXbEB1EVSLT41NNLRjYNJJP1KivrUxbfqkDatmHy12e%2FzVx8fLfn2ReU7TfrqYobgIk5VxvEcIXU7mPOAy%2FdGqognuaI3fMkG0LPMHYcy9sjuzJBFz9nMZXpHAxp5WK6wsTwDMdtZpVS4TFyVonx6I5e0Wjo00sa31Izr55UjTSpa3TA8%2BvWXVduQyGBA5AjRYQ%3D%3D
AE,West Bengal,2021,64,Murshidabad,135363,132855,3,268221,431,115692,112328,0,1402,229422,85.53,https://www.eci.gov.in/eci-backend/public/api/download?url=LMAhAK6sOPBp%2FNFF0iRfXbEB1EVSLT41NNLRjYNJJP1KivrUxbfqkDatmHy12e%2FzVx8fLfn2ReU7TfrqYobgIk5VxvEcIXU7mPOAy%2FdGqognuaI3fMkG0LPMHYcy9sjuzJBFz9nMZXpHAxp5WK6wsTwDMdtZpVS4TFyVonx6I5e0Wjo00sa31Izr55UjTSpa3TA8%2BvWXVduQyGBA5AjRYQ%3D%3D
AE,West Bengal,2021,65,Nabagram,127560,123814,4,251378,523,101949,105186,1,1423,208559,82.97,https://www.eci.gov.in/eci-backend/public/api/download?url=LMAhAK6sOPBp%2FNFF0iRfXbEB1EVSLT41NNLRjYNJJP1KivrUxbfqkDatmHy12e%2FzVx8fLfn2ReU7TfrqYobgIk5VxvEcIXU7mPOAy%2FdGqognuaI3fMkG0LPMHYcy9sjuzJBFz9nMZXpHAxp5WK6wsTwDMdtZpVS4TFyVonx6I5e0Wjo00sa31Izr55UjTSpa3TA8%2BvWXVduQyGBA5AjRYQ%3D%3D
AE,West Bengal,2021,66,Khargram,117294,111627,2,228923,625,90041,94882,1,1012,185936,81.22,https://www.eci.gov.in/eci-backend/public/api/download?url=LMAhAK6sOPBp%2FNFF0iRfXbEB1EVSLT41NNLRjYNJJP1KivrUxbfqkDatmHy12e%2FzVx8fLfn2ReU7TfrqYobgIk5VxvEcIXU7mPOAy%2FdGqognuaI3fMkG0LPMHYcy9sjuzJBFz9nMZXpHAxp5WK6wsTwDMdtZpVS4TFyVonx6I5e0Wjo00sa31Izr55UjTSpa3TA8%2BvWXVduQyGBA5AjRYQ%3D%3D
AE,West Bengal,2021,67,Burwan,111899,105597,4,217500,971,86701,88968,0,1359,177028,81.39,https://www.eci.gov.in/eci-backend/public/api/download?url=LMAhAK6sOPBp%2FNFF0iRfXbEB1EVSLT41NNLRjYNJJP1KivrUxbfqkDatmHy12e%2FzVx8fLfn2ReU7TfrqYobgIk5VxvEcIXU7mPOAy%2FdGqognuaI3fMkG0LPMHYcy9sjuzJBFz9nMZXpHAxp5WK6wsTwDMdtZpVS4TFyVonx6I5e0Wjo00sa31Izr55UjTSpa3TA8%2BvWXVduQyGBA5AjRYQ%3D%3D
AE,West Bengal,2021,68,Kandi,122227,116742,4,238973,1166,87423,97281,1,2067,186772,78.16,https://www.eci.gov.in/eci-backend/public/api/download?url=LMAhAK6sOPBp%2FNFF0iRfXbEB1EVSLT41NNLRjYNJJP1KivrUxbfqkDatmHy12e%2FzVx8fLfn2ReU7TfrqYobgIk5VxvEcIXU7mPOAy%2FdGqognuaI3fMkG0LPMHYcy9sjuzJBFz9nMZXpHAxp5WK6wsTwDMdtZpVS4TFyVonx6I5e0Wjo00sa31Izr55UjTSpa3TA8%2BvWXVduQyGBA5AjRYQ%3D%3D
AE,West Bengal,2021,69,Bharatpur,125679,117919,5,243603,1336,92201,96071,0,1168,189440,77.77,https://www.eci.gov.in/eci-backend/public/api/download?url=LMAhAK6sOPBp%2FNFF0iRfXbEB1EVSLT41NNLRjYNJJP1KivrUxbfqkDatmHy12e%2FzVx8fLfn2ReU7TfrqYobgIk5VxvEcIXU7mPOAy%2FdGqognuaI3fMkG0LPMHYcy9sjuzJBFz9nMZXpHAxp5WK6wsTwDMdtZpVS4TFyVonx6I5e0Wjo00sa31Izr55UjTSpa3TA8%2BvWXVduQyGBA5AjRYQ%3D%3D
AE,West Bengal,2021,70,Rejinagar,134021,125741,9,259771,1095,104728,103921,2,2031,210682,81.10,https://www.eci.gov.in/eci-backend/public/api/download?url=LMAhAK6sOPBp%2FNFF0iRfXbEB1EVSLT41NNLRjYNJJP1KivrUxbfqkDatmHy12e%2FzVx8fLfn2ReU7TfrqYobgIk5VxvEcIXU7mPOAy%2FdGqognuaI3fMkG0LPMHYcy9sjuzJBFz9nMZXpHAxp5WK6wsTwDMdtZpVS4TFyVonx6I5e0Wjo00sa31Izr55UjTSpa3TA8%2BvWXVduQyGBA5AjRYQ%3D%3D
AE,West Bengal,2021,71,Beldanga,129758,123179,7,252944,761,101475,101505,1,1738,204719,80.93,https://www.eci.gov.in/eci-backend/public/api/download?url=LMAhAK6sOPBp%2FNFF0iRfXbEB1EVSLT41NNLRjYNJJP1KivrUxbfqkDatmHy12e%2FzVx8fLfn2ReU7TfrqYobgIk5VxvEcIXU7mPOAy%2FdGqognuaI3fMkG0LPMHYcy9sjuzJBFz9nMZXpHAxp5WK6wsTwDMdtZpVS4TFyVonx6I5e0Wjo00sa31Izr55UjTSpa3TA8%2BvWXVduQyGBA5AjRYQ%3D%3D
AE,West Bengal,2021,72,Baharampur,128101,132553,13,260667,597,98808,95734,3,3597,198142,76.01,https://www.eci.gov.in/eci-backend/public/api/download?url=LMAhAK6sOPBp%2FNFF0iRfXbEB1EVSLT41NNLRjYNJJP1KivrUxbfqkDatmHy12e%2FzVx8fLfn2ReU7TfrqYobgIk5VxvEcIXU7mPOAy%2FdGqognuaI3fMkG0LPMHYcy9sjuzJBFz9nMZXpHAxp5WK6wsTwDMdtZpVS4TFyVonx6I5e0Wjo00sa31Izr55UjTSpa3TA8%2BvWXVduQyGBA5AjRYQ%3D%3D
AE,West Bengal,2021,73,Hariharpara,125619,121795,7,247421,168,108165,106488,2,1547,216202,87.38,https://www.eci.gov.in/eci-backend/public/api/download?url=LMAhAK6sOPBp%2FNFF0iRfXbEB1EVSLT41NNLRjYNJJP1KivrUxbfqkDatmHy12e%2FzVx8fLfn2ReU7TfrqYobgIk5VxvEcIXU7mPOAy%2FdGqognuaI3fMkG0LPMHYcy9sjuzJBFz9nMZXpHAxp5WK6wsTwDMdtZpVS4TFyVonx6I5e0Wjo00sa31Izr55UjTSpa3TA8%2BvWXVduQyGBA5AjRYQ%3D%3D
AE,West Bengal,2021,74,Nowda,126865,120820,3,247688,516,102167,99105,0,1306,202578,81.79,https://www.eci.gov.in/eci-backend/public/api/download?url=LMAhAK6sOPBp%2FNFF0iRfXbEB1EVSLT41NNLRjYNJJP1KivrUxbfqkDatmHy12e%2FzVx8fLfn2ReU7TfrqYobgIk5VxvEcIXU7mPOAy%2FdGqognuaI3fMkG0LPMHYcy9sjuzJBFz9nMZXpHAxp5WK6wsTwDMdtZpVS4TFyVonx6I5e0Wjo00sa31Izr55UjTSpa3TA8%2BvWXVduQyGBA5AjRYQ%3D%3D
AE,West Bengal,2021,75,Domkal,135233,131046,4,266283,335,111967,113129,1,1252,226349,85.00,https://www.eci.gov.in/eci-backend/public/api/download?url=LMAhAK6sOPBp%2FNFF0iRfXbEB1EVSLT41NNLRjYNJJP1KivrUxbfqkDatmHy12e%2FzVx8fLfn2ReU7TfrqYobgIk5VxvEcIXU7mPOAy%2FdGqognuaI3fMkG0LPMHYcy9sjuzJBFz9nMZXpHAxp5WK6wsTwDMdtZpVS4TFyVonx6I5e0Wjo00sa31Izr55UjTSpa3TA8%2BvWXVduQyGBA5AjRYQ%3D%3D
AE,West Bengal,2021,76,Jalangi,133992,127265,1,261258,285,109348,111303,1,1731,222383,85.12,https://www.eci.gov.in/eci-backend/public/api/download?url=LMAhAK6sOPBp%2FNFF0iRfXbEB1EVSLT41NNLRjYNJJP1KivrUxbfqkDatmHy12e%2FzVx8fLfn2ReU7TfrqYobgIk5VxvEcIXU7mPOAy%2FdGqognuaI3fMkG0LPMHYcy9sjuzJBFz9nMZXpHAxp5WK6wsTwDMdtZpVS4TFyVonx6I5e0Wjo00sa31Izr55UjTSpa3TA8%2BvWXVduQyGBA5AjRYQ%3D%3D
AE,West Bengal,2021,77,Karimpur,129085,121951,3,251039,971,109623,108089,1,3910,221623,88.28,https://www.eci.gov.in/eci-backend/public/api/download?url=LMAhAK6sOPBp%2FNFF0iRfXbEB1EVSLT41NNLRjYNJJP1KivrUxbfqkDatmHy12e%2FzVx8fLfn2ReU7TfrqYobgIk5VxvEcIXU7mPOAy%2FdGqognuaI3fMkG0LPMHYcy9sjuzJBFz9nMZXpHAxp5WK6wsTwDMdtZpVS4TFyVonx6I5e0Wjo00sa31Izr55UjTSpa3TA8%2BvWXVduQyGBA5AjRYQ%3D%3D
AE,West Bengal,2021,78,Tehatta,130981,121471,2,252454,1416,108054,106638,1,3608,218301,86.47,https://www.eci.gov.in/eci-backend/public/api/download?url=LMAhAK6sOPBp%2FNFF0iRfXbEB1EVSLT41NNLRjYNJJP1KivrUxbfqkDatmHy12e%2FzVx8fLfn2ReU7TfrqYobgIk5VxvEcIXU7mPOAy%2FdGqognuaI3fMkG0LPMHYcy9sjuzJBFz9nMZXpHAxp5WK6wsTwDMdtZpVS4TFyVonx6I5e0Wjo00sa31Izr55UjTSpa3TA8%2BvWXVduQyGBA5AjRYQ%3D%3D
AE,West Bengal,2021,79,Palashipara,127490,117371,6,244867,1169,102339,98445,1,2777,203562,83.13,https://www.eci.gov.in/eci-backend/public/api/download?url=LMAhAK6sOPBp%2FNFF0iRfXbEB1EVSLT41NNLRjYNJJP1KivrUxbfqkDatmHy12e%2FzVx8fLfn2ReU7TfrqYobgIk5VxvEcIXU7mPOAy%2FdGqognuaI3fMkG0LPMHYcy9sjuzJBFz9nMZXpHAxp5WK6wsTwDMdtZpVS4TFyVonx6I5e0Wjo00sa31Izr55UjTSpa3TA8%2BvWXVduQyGBA5AjRYQ%3D%3D
AE,West Bengal,2021,80,Kaliganj,128498,119857,3,248358,1105,104443,101745,1,3364,209553,84.38,https://www.eci.gov.in/eci-backend/public/api/download?url=LMAhAK6sOPBp%2FNFF0iRfXbEB1EVSLT41NNLRjYNJJP1KivrUxbfqkDatmHy12e%2FzVx8fLfn2ReU7TfrqYobgIk5VxvEcIXU7mPOAy%2FdGqognuaI3fMkG0LPMHYcy9sjuzJBFz9nMZXpHAxp5WK6wsTwDMdtZpVS4TFyVonx6I5e0Wjo00sa31Izr55UjTSpa3TA8%2BvWXVduQyGBA5AjRYQ%3D%3D
AE,West Bengal,2021,81,Nakashipara,128683,119001,7,247691,767,106189,100736,1,2792,209718,84.67,https://www.eci.gov.in/eci-backend/public/api/download?url=LMAhAK6sOPBp%2FNFF0iRfXbEB1EVSLT41NNLRjYNJJP1KivrUxbfqkDatmHy12e%2FzVx8fLfn2ReU7TfrqYobgIk5VxvEcIXU7mPOAy%2FdGqognuaI3fMkG0LPMHYcy9sjuzJBFz9nMZXpHAxp5WK6wsTwDMdtZpVS4TFyVonx6I5e0Wjo00sa31Izr55UjTSpa3TA8%2BvWXVduQyGBA5AjRYQ%3D%3D
AE,West Bengal,2021,82,Chapra,129712,118299,3,248014,807,107466,103347,0,2750,213563,86.11,https://www.eci.gov.in/eci-backend/public/api/download?url=LMAhAK6sOPBp%2FNFF0iRfXbEB1EVSLT41NNLRjYNJJP1KivrUxbfqkDatmHy12e%2FzVx8fLfn2ReU7TfrqYobgIk5VxvEcIXU7mPOAy%2FdGqognuaI3fMkG0LPMHYcy9sjuzJBFz9nMZXpHAxp5WK6wsTwDMdtZpVS4TFyVonx6I5e0Wjo00sa31Izr55UjTSpa3TA8%2BvWXVduQyGBA5AjRYQ%3D%3D
AE,West Bengal,2021,83,Krishnanagar Uttar,120903,117312,5,238220,823,99904,98558,2,4048,202512,85.01,https://www.eci.gov.in/eci-backend/public/api/download?url=LMAhAK6sOPBp%2FNFF0iRfXbEB1EVSLT41NNLRjYNJJP1KivrUxbfqkDatmHy12e%2FzVx8fLfn2ReU7TfrqYobgIk5VxvEcIXU7mPOAy%2FdGqognuaI3fMkG0LPMHYcy9sjuzJBFz9nMZXpHAxp5WK6wsTwDMdtZpVS4TFyVonx6I5e0Wjo00sa31Izr55UjTSpa3TA8%2BvWXVduQyGBA5AjRYQ%3D%3D
AE,West Bengal,2021,84,Nabadwip,124115,119041,3,243159,441,106212,101972,0,2972,211156,86.84,https://www.eci.gov.in/eci-backend/public/api/download?url=LMAhAK6sOPBp%2FNFF0iRfXbEB1EVSLT41NNLRjYNJJP1KivrUxbfqkDatmHy12e%2FzVx8fLfn2ReU7TfrqYobgIk5VxvEcIXU7mPOAy%2FdGqognuaI3fMkG0LPMHYcy9sjuzJBFz9nMZXpHAxp5WK6wsTwDMdtZpVS4TFyVonx6I5e0Wjo00sa31Izr55UjTSpa3TA8%2BvWXVduQyGBA5AjRYQ%3D%3D
AE,West Bengal,2021,85,Krishnanagar Dakshin,116860,108257,1,225118,882,98815,94939,0,2319,196073,87.10,https://www.eci.gov.in/eci-backend/public/api/download?url=LMAhAK6sOPBp%2FNFF0iRfXbEB1EVSLT41NNLRjYNJJP1KivrUxbfqkDatmHy12e%2FzVx8fLfn2ReU7TfrqYobgIk5VxvEcIXU7mPOAy%2FdGqognuaI3fMkG0LPMHYcy9sjuzJBFz9nMZXpHAxp5WK6wsTwDMdtZpVS4TFyVonx6I5e0Wjo00sa31Izr55UjTSpa3TA8%2BvWXVduQyGBA5AjRYQ%3D%3D
AE,West Bengal,2021,86,Santipur,131761,123854,4,255619,443,112062,105245,2,2929,220238,86.16,https://www.eci.gov.in/eci-backend/public/api/download?url=LMAhAK6sOPBp%2FNFF0iRfXbEB1EVSLT41NNLRjYNJJP1KivrUxbfqkDatmHy12e%2FzVx8fLfn2ReU7TfrqYobgIk5VxvEcIXU7mPOAy%2FdGqognuaI3fMkG0LPMHYcy9sjuzJBFz9nMZXpHAxp5WK6wsTwDMdtZpVS4TFyVonx6I5e0Wjo00sa31Izr55UjTSpa3TA8%2BvWXVduQyGBA5AjRYQ%3D%3D
AE,West Bengal,2021,87,Ranaghat Uttar Paschim,134440,131396,10,265846,640,110627,110045,2,2519,223193,83.96,https://www.eci.gov.in/eci-backend/public/api/download?url=LMAhAK6sOPBp%2FNFF0iRfXbEB1EVSLT41NNLRjYNJJP1KivrUxbfqkDatmHy12e%2FzVx8fLfn2ReU7TfrqYobgIk5VxvEcIXU7mPOAy%2FdGqognuaI3fMkG0LPMHYcy9sjuzJBFz9nMZXpHAxp5WK6wsTwDMdtZpVS4TFyVonx6I5e0Wjo00sa31Izr55UjTSpa3TA8%2BvWXVduQyGBA5AjRYQ%3D%3D
AE,West Bengal,2021,88,Krishnaganj,142888,130831,9,273728,1449,115838,113653,2,2593,232086,84.79,https://www.eci.gov.in/eci-backend/public/api/download?url=LMAhAK6sOPBp%2FNFF0iRfXbEB1EVSLT41NNLRjYNJJP1KivrUxbfqkDatmHy12e%2FzVx8fLfn2ReU7TfrqYobgIk5VxvEcIXU7mPOAy%2FdGqognuaI3fMkG0LPMHYcy9sjuzJBFz9nMZXpHAxp5WK6wsTwDMdtZpVS4TFyVonx6I5e0Wjo00sa31Izr55UjTSpa3TA8%2BvWXVduQyGBA5AjRYQ%3D%3D
AE,West Bengal,2021,89,Ranaghat Uttar Purba,139018,125897,14,264929,1250,106669,105932,3,2407,215011,81.16,https://www.eci.gov.in/eci-backend/public/api/download?url=LMAhAK6sOPBp%2FNFF0iRfXbEB1EVSLT41NNLRjYNJJP1KivrUxbfqkDatmHy12e%2FzVx8fLfn2ReU7TfrqYobgIk5VxvEcIXU7mPOAy%2FdGqognuaI3fMkG0LPMHYcy9sjuzJBFz9nMZXpHAxp5WK6wsTwDMdtZpVS4TFyVonx6I5e0Wjo00sa31Izr55UjTSpa3TA8%2BvWXVduQyGBA5AjRYQ%3D%3D
AE,West Bengal,2021,90,Ranaghat Dakshin,146154,139025,1,285180,906,120661,119044,0,2013,241718,84.76,https://www.eci.gov.in/eci-backend/public/api/download?url=LMAhAK6sOPBp%2FNFF0iRfXbEB1EVSLT41NNLRjYNJJP1KivrUxbfqkDatmHy12e%2FzVx8fLfn2ReU7TfrqYobgIk5VxvEcIXU7mPOAy%2FdGqognuaI3fMkG0LPMHYcy9sjuzJBFz9nMZXpHAxp5WK6wsTwDMdtZpVS4TFyVonx6I5e0Wjo00sa31Izr55UjTSpa3TA8%2BvWXVduQyGBA5AjRYQ%3D%3D
AE,West Bengal,2021,91,Chakdaha,125716,119797,1,245514,791,106351,102239,1,3630,212221,86.44,https://www.eci.gov.in/eci-backend/public/api/download?url=LMAhAK6sOPBp%2FNFF0iRfXbEB1EVSLT41NNLRjYNJJP1KivrUxbfqkDatmHy12e%2FzVx8fLfn2ReU7TfrqYobgIk5VxvEcIXU7mPOAy%2FdGqognuaI3fMkG0LPMHYcy9sjuzJBFz9nMZXpHAxp5WK6wsTwDMdtZpVS4TFyVonx6I5e0Wjo00sa31Izr55UjTSpa3TA8%2BvWXVduQyGBA5AjRYQ%3D%3D
AE,West Bengal,2021,92,Kalyani,130754,126921,8,257683,477,110829,106415,1,3508,220753,85.67,https://www.eci.gov.in/eci-backend/public/api/download?url=LMAhAK6sOPBp%2FNFF0iRfXbEB1EVSLT41NNLRjYNJJP1KivrUxbfqkDatmHy12e%2FzVx8fLfn2ReU7TfrqYobgIk5VxvEcIXU7mPOAy%2FdGqognuaI3fMkG0LPMHYcy9sjuzJBFz9nMZXpHAxp5WK6wsTwDMdtZpVS4TFyVonx6I5e0Wjo00sa31Izr55UjTSpa3TA8%2BvWXVduQyGBA5AjRYQ%3D%3D
AE,West Bengal,2021,93,Haringhata,123607,116996,3,240606,493,106747,102474,0,1860,211081,87.73,https://www.eci.gov.in/eci-backend/public/api/download?url=LMAhAK6sOPBp%2FNFF0iRfXbEB1EVSLT41NNLRjYNJJP1KivrUxbfqkDatmHy12e%2FzVx8fLfn2ReU7TfrqYobgIk5VxvEcIXU7mPOAy%2FdGqognuaI3fMkG0LPMHYcy9sjuzJBFz9nMZXpHAxp5WK6wsTwDMdtZpVS4TFyVonx6I5e0Wjo00sa31Izr55UjTSpa3TA8%2BvWXVduQyGBA5AjRYQ%3D%3D
AE,West Bengal,2021,94,Bagda,143937,133521,6,277464,724,107807,108954,4,2212,218977,78.92,https://www.eci.gov.in/eci-backend/public/api/download?url=LMAhAK6sOPBp%2FNFF0iRfXbEB1EVSLT41NNLRjYNJJP1KivrUxbfqkDatmHy12e%2FzVx8fLfn2ReU7TfrqYobgIk5VxvEcIXU7mPOAy%2FdGqognuaI3fMkG0LPMHYcy9sjuzJBFz9nMZXpHAxp5WK6wsTwDMdtZpVS4TFyVonx6I5e0Wjo00sa31Izr55UjTSpa3TA8%2BvWXVduQyGBA5AjRYQ%3D%3D
AE,West Bengal,2021,95,Bangaon Uttar,127675,123705,7,251387,1165,102821,100095,4,2376,205296,81.67,https://www.eci.gov.in/eci-backend/public/api/download?url=LMAhAK6sOPBp%2FNFF0iRfXbEB1EVSLT41NNLRjYNJJP1KivrUxbfqkDatmHy12e%2FzVx8fLfn2ReU7TfrqYobgIk5VxvEcIXU7mPOAy%2FdGqognuaI3fMkG0LPMHYcy9sjuzJBFz9nMZXpHAxp5WK6wsTwDMdtZpVS4TFyVonx6I5e0Wjo00sa31Izr55UjTSpa3TA8%2BvWXVduQyGBA5AjRYQ%3D%3D
AE,West Bengal,2021,96,Bangaon Dakshin,126559,121715,4,248278,556,103839,101892,1,2702,208434,83.95,https://www.eci.gov.in/eci-backend/public/api/download?url=LMAhAK6sOPBp%2FNFF0iRfXbEB1EVSLT41NNLRjYNJJP1KivrUxbfqkDatmHy12e%2FzVx8fLfn2ReU7TfrqYobgIk5VxvEcIXU7mPOAy%2FdGqognuaI3fMkG0LPMHYcy9sjuzJBFz9nMZXpHAxp5WK6wsTwDMdtZpVS4TFyVonx6I5e0Wjo00sa31Izr55UjTSpa3TA8%2BvWXVduQyGBA5AjRYQ%3D%3D
AE,West Bengal,2021,97,Gaighata,128356,123694,3,252053,917,107283,103532,0,2790,213605,84.75,https://www.eci.gov.in/eci-backend/public/api/download?url=LMAhAK6sOPBp%2FNFF0iRfXbEB1EVSLT41NNLRjYNJJP1KivrUxbfqkDatmHy12e%2FzVx8fLfn2ReU7TfrqYobgIk5VxvEcIXU7mPOAy%2FdGqognuaI3fMkG0LPMHYcy9sjuzJBFz9nMZXpHAxp5WK6wsTwDMdtZpVS4TFyVonx6I5e0Wjo00sa31Izr55UjTSpa3TA8%2BvWXVduQyGBA5AjRYQ%3D%3D
AE,West Bengal,2021,98,Swarupnagar,126180,119927,2,246109,654,109147,101870,1,1052,212070,86.17,https://www.eci.gov.in/eci-backend/public/api/download?url=LMAhAK6sOPBp%2FNFF0iRfXbEB1EVSLT41NNLRjYNJJP1KivrUxbfqkDatmHy12e%2FzVx8fLfn2ReU7TfrqYobgIk5VxvEcIXU7mPOAy%2FdGqognuaI3fMkG0LPMHYcy9sjuzJBFz9nMZXpHAxp5WK6wsTwDMdtZpVS4TFyVonx6I5e0Wjo00sa31Izr55UjTSpa3TA8%2BvWXVduQyGBA5AjRYQ%3D%3D
AE,West Bengal,2021,99,Baduria,124344,119400,3,243747,506,110026,101879,0,1323,213228,87.48,https://www.eci.gov.in/eci-backend/public/api/download?url=LMAhAK6sOPBp%2FNFF0iRfXbEB1EVSLT41NNLRjYNJJP1KivrUxbfqkDatmHy12e%2FzVx8fLfn2ReU7TfrqYobgIk5VxvEcIXU7mPOAy%2FdGqognuaI3fMkG0LPMHYcy9sjuzJBFz9nMZXpHAxp5WK6wsTwDMdtZpVS4TFyVonx6I5e0Wjo00sa31Izr55UjTSpa3TA8%2BvWXVduQyGBA5AjRYQ%3D%3D
AE,West Bengal,2021,100,Habra,124137,118273,15,242425,914,105017,97751,4,1964,204736,84.45,https://www.eci.gov.in/eci-backend/public/api/download?url=LMAhAK6sOPBp%2FNFF0iRfXbEB1EVSLT41NNLRjYNJJP1KivrUxbfqkDatmHy12e%2FzVx8fLfn2ReU7TfrqYobgIk5VxvEcIXU7mPOAy%2FdGqognuaI3fMkG0LPMHYcy9sjuzJBFz9nMZXpHAxp5WK6wsTwDMdtZpVS4TFyVonx6I5e0Wjo00sa31Izr55UjTSpa3TA8%2BvWXVduQyGBA5AjRYQ%3D%3D
AE,West Bengal,2021,101,Ashoknagar,129652,127521,7,257180,464,110928,103792,1,2219,216940,84.35,https://www.eci.gov.in/eci-backend/public/api/download?url=LMAhAK6sOPBp%2FNFF0iRfXbEB1EVSLT41NNLRjYNJJP1KivrUxbfqkDatmHy12e%2FzVx8fLfn2ReU7TfrqYobgIk5VxvEcIXU7mPOAy%2FdGqognuaI3fMkG0LPMHYcy9sjuzJBFz9nMZXpHAxp5WK6wsTwDMdtZpVS4TFyVonx6I5e0Wjo00sa31Izr55UjTSpa3TA8%2BvWXVduQyGBA5AjRYQ%3D%3D
AE,West Bengal,2021,102,Amdanga,124862,117593,7,242462,304,111119,100032,3,763,211917,87.40,https://www.eci.gov.in/eci-backend/public/api/download?url=LMAhAK6sOPBp%2FNFF0iRfXbEB1EVSLT41NNLRjYNJJP1KivrUxbfqkDatmHy12e%2FzVx8fLfn2ReU7TfrqYobgIk5VxvEcIXU7mPOAy%2FdGqognuaI3fMkG0LPMHYcy9sjuzJBFz9nMZXpHAxp5WK6wsTwDMdtZpVS4TFyVonx6I5e0Wjo00sa31Izr55UjTSpa3TA8%2BvWXVduQyGBA5AjRYQ%3D%3D
AE,West Bengal,2021,103,Bijpur,98442,93870,4,192316,390,71550,66213,0,1743,139506,72.54,https://www.eci.gov.in/eci-backend/public/api/download?url=LMAhAK6sOPBp%2FNFF0iRfXbEB1EVSLT41NNLRjYNJJP1KivrUxbfqkDatmHy12e%2FzVx8fLfn2ReU7TfrqYobgIk5VxvEcIXU7mPOAy%2FdGqognuaI3fMkG0LPMHYcy9sjuzJBFz9nMZXpHAxp5WK6wsTwDMdtZpVS4TFyVonx6I5e0Wjo00sa31Izr55UjTSpa3TA8%2BvWXVduQyGBA5AjRYQ%3D%3D
AE,West Bengal,2021,104,Naihati,97094,96830,6,193930,642,79321,75646,5,1545,156517,80.71,https://www.eci.gov.in/eci-backend/public/api/download?url=LMAhAK6sOPBp%2FNFF0iRfXbEB1EVSLT41NNLRjYNJJP1KivrUxbfqkDatmHy12e%2FzVx8fLfn2ReU7TfrqYobgIk5VxvEcIXU7mPOAy%2FdGqognuaI3fMkG0LPMHYcy9sjuzJBFz9nMZXpHAxp5WK6wsTwDMdtZpVS4TFyVonx6I5e0Wjo00sa31Izr55UjTSpa3TA8%2BvWXVduQyGBA5AjRYQ%3D%3D
AE,West Bengal,2021,105,Bhatpara,83562,70470,5,154037,214,58140,48641,1,415,107197,69.59,https://www.eci.gov.in/eci-backend/public/api/download?url=LMAhAK6sOPBp%2FNFF0iRfXbEB1EVSLT41NNLRjYNJJP1KivrUxbfqkDatmHy12e%2FzVx8fLfn2ReU7TfrqYobgIk5VxvEcIXU7mPOAy%2FdGqognuaI3fMkG0LPMHYcy9sjuzJBFz9nMZXpHAxp5WK6wsTwDMdtZpVS4TFyVonx6I5e0Wjo00sa31Izr55UjTSpa3TA8%2BvWXVduQyGBA5AjRYQ%3D%3D
AE,West Bengal,2021,106,Jagatdal,120336,113522,13,233871,534,94025,85807,6,1503,181341,77.54,https://www.eci.gov.in/eci-backend/public/api/download?url=LMAhAK6sOPBp%2FNFF0iRfXbEB1EVSLT41NNLRjYNJJP1KivrUxbfqkDatmHy12e%2FzVx8fLfn2ReU7TfrqYobgIk5VxvEcIXU7mPOAy%2FdGqognuaI3fMkG0LPMHYcy9sjuzJBFz9nMZXpHAxp5WK6wsTwDMdtZpVS4TFyVonx6I5e0Wjo00sa31Izr55UjTSpa3TA8%2BvWXVduQyGBA5AjRYQ%3D%3D
AE,West Bengal,2021,107,Noapara,131299,130849,5,262153,583,98948,92258,1,1744,192951,73.60,https://www.eci.gov.in/eci-backend/public/api/download?url=LMAhAK6sOPBp%2FNFF0iRfXbEB1EVSLT41NNLRjYNJJP1KivrUxbfqkDatmHy12e%2FzVx8fLfn2ReU7TfrqYobgIk5VxvEcIXU7mPOAy%2FdGqognuaI3fMkG0LPMHYcy9sjuzJBFz9nMZXpHAxp5WK6wsTwDMdtZpVS4TFyVonx6I5e0Wjo00sa31Izr55UjTSpa3TA8%2BvWXVduQyGBA5AjRYQ%3D%3D
AE,West Bengal,2021,108,Barrackpur,110634,104721,1,215356,548,76687,70468,1,1336,148492,68.95,https://www.eci.gov.in/eci-backend/public/api/download?url=LMAhAK6sOPBp%2FNFF0iRfXbEB1EVSLT41NNLRjYNJJP1KivrUxbfqkDatmHy12e%2FzVx8fLfn2ReU7TfrqYobgIk5VxvEcIXU7mPOAy%2FdGqognuaI3fMkG0LPMHYcy9sjuzJBFz9nMZXpHAxp5WK6wsTwDMdtZpVS4TFyVonx6I5e0Wjo00sa31Izr55UjTSpa3TA8%2BvWXVduQyGBA5AjRYQ%3D%3D
AE,West Bengal,2021,109,Khardaha,116398,116214,7,232619,271,94126,88125,3,967,183221,78.76,https://www.eci.gov.in/eci-backend/public/api/download?url=LMAhAK6sOPBp%2FNFF0iRfXbEB1EVSLT41NNLRjYNJJP1KivrUxbfqkDatmHy12e%2FzVx8fLfn2ReU7TfrqYobgIk5VxvEcIXU7mPOAy%2FdGqognuaI3fMkG0LPMHYcy9sjuzJBFz9nMZXpHAxp5WK6wsTwDMdtZpVS4TFyVonx6I5e0Wjo00sa31Izr55UjTSpa3TA8%2BvWXVduQyGBA5AjRYQ%3D%3D
AE,West Bengal,2021,110,Dum Dum Uttar,134799,138211,5,273015,188,108666,103580,1,1108,213355,78.15,https://www.eci.gov.in/eci-backend/public/api/download?url=LMAhAK6sOPBp%2FNFF0iRfXbEB1EVSLT41NNLRjYNJJP1KivrUxbfqkDatmHy12e%2FzVx8fLfn2ReU7TfrqYobgIk5VxvEcIXU7mPOAy%2FdGqognuaI3fMkG0LPMHYcy9sjuzJBFz9nMZXpHAxp5WK6wsTwDMdtZpVS4TFyVonx6I5e0Wjo00sa31Izr55UjTSpa3TA8%2BvWXVduQyGBA5AjRYQ%3D%3D
AE,West Bengal,2021,111,Panihati,114646,116098,4,230748,172,88858,84475,1,1098,174432,75.59,https://www.eci.gov.in/eci-backend/public/api/download?url=LMAhAK6sOPBp%2FNFF0iRfXbEB1EVSLT41NNLRjYNJJP1KivrUxbfqkDatmHy12e%2FzVx8fLfn2ReU7TfrqYobgIk5VxvEcIXU7mPOAy%2FdGqognuaI3fMkG0LPMHYcy9sjuzJBFz9nMZXpHAxp5WK6wsTwDMdtZpVS4TFyVonx6I5e0Wjo00sa31Izr55UjTSpa3TA8%2BvWXVduQyGBA5AjRYQ%3D%3D
AE,West Bengal,2021,112,Kamarhati,99923,97174,6,197103,190,74648,68912,1,816,144377,73.25,https://www.eci.gov.in/eci-backend/public/api/download?url=LMAhAK6sOPBp%2FNFF0iRfXbEB1EVSLT41NNLRjYNJJP1KivrUxbfqkDatmHy12e%2FzVx8fLfn2ReU7TfrqYobgIk5VxvEcIXU7mPOAy%2FdGqognuaI3fMkG0LPMHYcy9sjuzJBFz9nMZXpHAxp5WK6wsTwDMdtZpVS4TFyVonx6I5e0Wjo00sa31Izr55UjTSpa3TA8%2BvWXVduQyGBA5AjRYQ%3D%3D
AE,West Bengal,2021,113,Baranagar,107099,110670,5,217774,119,81654,77158,1,1738,160551,73.72,https://www.eci.gov.in/eci-backend/public/api/download?url=LMAhAK6sOPBp%2FNFF0iRfXbEB1EVSLT41NNLRjYNJJP1KivrUxbfqkDatmHy12e%2FzVx8fLfn2ReU7TfrqYobgIk5VxvEcIXU7mPOAy%2FdGqognuaI3fMkG0LPMHYcy9sjuzJBFz9nMZXpHAxp5WK6wsTwDMdtZpVS4TFyVonx6I5e0Wjo00sa31Izr55UjTSpa3TA8%2BvWXVduQyGBA5AjRYQ%3D%3D
AE,West Bengal,2021,114,Dum Dum,122048,125804,6,247858,106,93598,90899,1,1156,185654,74.90,https://www.eci.gov.in/eci-backend/public/api/download?url=LMAhAK6sOPBp%2FNFF0iRfXbEB1EVSLT41NNLRjYNJJP1KivrUxbfqkDatmHy12e%2FzVx8fLfn2ReU7TfrqYobgIk5VxvEcIXU7mPOAy%2FdGqognuaI3fMkG0LPMHYcy9sjuzJBFz9nMZXpHAxp5WK6wsTwDMdtZpVS4TFyVonx6I5e0Wjo00sa31Izr55UjTSpa3TA8%2BvWXVduQyGBA5AjRYQ%3D%3D
AE,West Bengal,2021,115,Rajarhat New Town,146954,142112,9,289075,62,122860,111189,1,1057,235107,81.33,https://www.eci.gov.in/eci-backend/public/api/download?url=LMAhAK6sOPBp%2FNFF0iRfXbEB1EVSLT41NNLRjYNJJP1KivrUxbfqkDatmHy12e%2FzVx8fLfn2ReU7TfrqYobgIk5VxvEcIXU7mPOAy%2FdGqognuaI3fMkG0LPMHYcy9sjuzJBFz9nMZXpHAxp5WK6wsTwDMdtZpVS4TFyVonx6I5e0Wjo00sa31Izr55UjTSpa3TA8%2BvWXVduQyGBA5AjRYQ%3D%3D
AE,West Bengal,2021,116,Bidhannagar,119768,123583,9,243360,86,82395,78459,4,1697,162555,66.80,https://www.eci.gov.in/eci-backend/public/api/download?url=LMAhAK6sOPBp%2FNFF0iRfXbEB1EVSLT41NNLRjYNJJP1KivrUxbfqkDatmHy12e%2FzVx8fLfn2ReU7TfrqYobgIk5VxvEcIXU7mPOAy%2FdGqognuaI3fMkG0LPMHYcy9sjuzJBFz9nMZXpHAxp5WK6wsTwDMdtZpVS4TFyVonx6I5e0Wjo00sa31Izr55UjTSpa3TA8%2BvWXVduQyGBA5AjRYQ%3D%3D
AE,West Bengal,2021,117,Rajarhat Gopalpur,126644,130790,13,257447,96,90978,86852,3,1297,179130,69.58,https://www.eci.gov.in/eci-backend/public/api/download?url=LMAhAK6sOPBp%2FNFF0iRfXbEB1EVSLT41NNLRjYNJJP1KivrUxbfqkDatmHy12e%2FzVx8fLfn2ReU7TfrqYobgIk5VxvEcIXU7mPOAy%2FdGqognuaI3fMkG0LPMHYcy9sjuzJBFz9nMZXpHAxp5WK6wsTwDMdtZpVS4TFyVonx6I5e0Wjo00sa31Izr55UjTSpa3TA8%2BvWXVduQyGBA5AjRYQ%3D%3D
AE,West Bengal,2021,118,Madhyamgram,137589,134805,3,272397,219,118127,110412,1,2070,230610,84.66,https://www.eci.gov.in/eci-backend/public/api/download?url=LMAhAK6sOPBp%2FNFF0iRfXbEB1EVSLT41NNLRjYNJJP1KivrUxbfqkDatmHy12e%2FzVx8fLfn2ReU7TfrqYobgIk5VxvEcIXU7mPOAy%2FdGqognuaI3fMkG0LPMHYcy9sjuzJBFz9nMZXpHAxp5WK6wsTwDMdtZpVS4TFyVonx6I5e0Wjo00sa31Izr55UjTSpa3TA8%2BvWXVduQyGBA5AjRYQ%3D%3D
AE,West Bengal,2021,119,Barasat,139845,139734,13,279592,292,114587,109900,6,1687,226180,80.90,https://www.eci.gov.in/eci-backend/public/api/download?url=LMAhAK6sOPBp%2FNFF0iRfXbEB1EVSLT41NNLRjYNJJP1KivrUxbfqkDatmHy12e%2FzVx8fLfn2ReU7TfrqYobgIk5VxvEcIXU7mPOAy%2FdGqognuaI3fMkG0LPMHYcy9sjuzJBFz9nMZXpHAxp5WK6wsTwDMdtZpVS4TFyVonx6I5e0Wjo00sa31Izr55UjTSpa3TA8%2BvWXVduQyGBA5AjRYQ%3D%3D
AE,West Bengal,2021,120,Deganga,124551,118097,4,242652,226,112807,100884,0,799,214490,88.39,https://www.eci.gov.in/eci-backend/public/api/download?url=LMAhAK6sOPBp%2FNFF0iRfXbEB1EVSLT41NNLRjYNJJP1KivrUxbfqkDatmHy12e%2FzVx8fLfn2ReU7TfrqYobgIk5VxvEcIXU7mPOAy%2FdGqognuaI3fMkG0LPMHYcy9sjuzJBFz9nMZXpHAxp5WK6wsTwDMdtZpVS4TFyVonx6I5e0Wjo00sa31Izr55UjTSpa3TA8%2BvWXVduQyGBA5AjRYQ%3D%3D
AE,West Bengal,2021,121,Haroa,133884,125318,4,259206,88,120850,105628,1,975,227454,87.75,https://www.eci.gov.in/eci-backend/public/api/download?url=LMAhAK6sOPBp%2FNFF0iRfXbEB1EVSLT41NNLRjYNJJP1KivrUxbfqkDatmHy12e%2FzVx8fLfn2ReU7TfrqYobgIk5VxvEcIXU7mPOAy%2FdGqognuaI3fMkG0LPMHYcy9sjuzJBFz9nMZXpHAxp5WK6wsTwDMdtZpVS4TFyVonx6I5e0Wjo00sa31Izr55UjTSpa3TA8%2BvWXVduQyGBA5AjRYQ%3D%3D
AE,West Bengal,2021,122,Minakhan,122450,114075,3,236528,30,112262,99505,0,752,212519,89.85,https://www.eci.gov.in/eci-backend/public/api/download?url=LMAhAK6sOPBp%2FNFF0iRfXbEB1EVSLT41NNLRjYNJJP1KivrUxbfqkDatmHy12e%2FzVx8fLfn2ReU7TfrqYobgIk5VxvEcIXU7mPOAy%2FdGqognuaI3fMkG0LPMHYcy9sjuzJBFz9nMZXpHAxp5WK6wsTwDMdtZpVS4TFyVonx6I5e0Wjo00sa31Izr55UjTSpa3TA8%2BvWXVduQyGBA5AjRYQ%3D%3D
AE,West Bengal,2021,123,Sandeshkhali,122313,116315,5,238633,61,105902,98993,0,1139,206034,86.34,https://www.eci.gov.in/eci-backend/public/api/download?url=LMAhAK6sOPBp%2FNFF0iRfXbEB1EVSLT41NNLRjYNJJP1KivrUxbfqkDatmHy12e%2FzVx8fLfn2ReU7TfrqYobgIk5VxvEcIXU7mPOAy%2FdGqognuaI3fMkG0LPMHYcy9sjuzJBFz9nMZXpHAxp5WK6wsTwDMdtZpVS4TFyVonx6I5e0Wjo00sa31Izr55UjTSpa3TA8%2BvWXVduQyGBA5AjRYQ%3D%3D
AE,West Bengal,2021,124,Basirhat Dakshin,139451,136476,7,275934,439,119917,114394,2,1673,235986,85.52,https://www.eci.gov.in/eci-backend/public/api/download?url=LMAhAK6sOPBp%2FNFF0iRfXbEB1EVSLT41NNLRjYNJJP1KivrUxbfqkDatmHy12e%2FzVx8fLfn2ReU7TfrqYobgIk5VxvEcIXU7mPOAy%2FdGqognuaI3fMkG0LPMHYcy9sjuzJBFz9nMZXpHAxp5WK6wsTwDMdtZpVS4TFyVonx6I5e0Wjo00sa31Izr55UjTSpa3TA8%2BvWXVduQyGBA5AjRYQ%3D%3D
AE,West Bengal,2021,125,Basirhat Uttar,137670,130359,5,268034,310,123764,113653,0,1243,238660,89.04,https://www.eci.gov.in/eci-backend/public/api/download?url=LMAhAK6sOPBp%2FNFF0iRfXbEB1EVSLT41NNLRjYNJJP1KivrUxbfqkDatmHy12e%2FzVx8fLfn2ReU7TfrqYobgIk5VxvEcIXU7mPOAy%2FdGqognuaI3fMkG0LPMHYcy9sjuzJBFz9nMZXpHAxp5WK6wsTwDMdtZpVS4TFyVonx6I5e0Wjo00sa31Izr55UjTSpa3TA8%2BvWXVduQyGBA5AjRYQ%3D%3D
AE,West Bengal,2021,126,Hingalganj,117333,111172,3,228508,260,98236,94469,2,2189,194896,85.29,https://www.eci.gov.in/eci-backend/public/api/download?url=LMAhAK6sOPBp%2FNFF0iRfXbEB1EVSLT41NNLRjYNJJP1KivrUxbfqkDatmHy12e%2FzVx8fLfn2ReU7TfrqYobgIk5VxvEcIXU7mPOAy%2FdGqognuaI3fMkG0LPMHYcy9sjuzJBFz9nMZXpHAxp5WK6wsTwDMdtZpVS4TFyVonx6I5e0Wjo00sa31Izr55UjTSpa3TA8%2BvWXVduQyGBA5AjRYQ%3D%3D
AE,West Bengal,2021,127,Gosaba,118328,112014,6,230348,118,100096,94217,1,1671,195985,85.08,https://www.eci.gov.in/eci-backend/public/api/download?url=LMAhAK6sOPBp%2FNFF0iRfXbEB1EVSLT41NNLRjYNJJP1KivrUxbfqkDatmHy12e%2FzVx8fLfn2ReU7TfrqYobgIk5VxvEcIXU7mPOAy%2FdGqognuaI3fMkG0LPMHYcy9sjuzJBFz9nMZXpHAxp5WK6wsTwDMdtZpVS4TFyVonx6I5e0Wjo00sa31Izr55UjTSpa3TA8%2BvWXVduQyGBA5AjRYQ%3D%3D
AE,West Bengal,2021,128,Basanti,132781,127888,12,260681,63,109175,103076,2,2064,214317,82.21,https://www.eci.gov.in/eci-backend/public/api/download?url=LMAhAK6sOPBp%2FNFF0iRfXbEB1EVSLT41NNLRjYNJJP1KivrUxbfqkDatmHy12e%2FzVx8fLfn2ReU7TfrqYobgIk5VxvEcIXU7mPOAy%2FdGqognuaI3fMkG0LPMHYcy9sjuzJBFz9nMZXpHAxp5WK6wsTwDMdtZpVS4TFyVonx6I5e0Wjo00sa31Izr55UjTSpa3TA8%2BvWXVduQyGBA5AjRYQ%3D%3D
AE,West Bengal,2021,129,Kultali,136285,129262,14,265561,21,118258,107893,1,1234,227386,85.62,https://www.eci.gov.in/eci-backend/public/api/download?url=LMAhAK6sOPBp%2FNFF0iRfXbEB1EVSLT41NNLRjYNJJP1KivrUxbfqkDatmHy12e%2FzVx8fLfn2ReU7TfrqYobgIk5VxvEcIXU7mPOAy%2FdGqognuaI3fMkG0LPMHYcy9sjuzJBFz9nMZXpHAxp5WK6wsTwDMdtZpVS4TFyVonx6I5e0Wjo00sa31Izr55UjTSpa3TA8%2BvWXVduQyGBA5AjRYQ%3D%3D
AE,West Bengal,2021,130,Patharpratima,136258,127414,3,263675,162,118716,112060,0,1206,231982,87.98,https://www.eci.gov.in/eci-backend/public/api/download?url=LMAhAK6sOPBp%2FNFF0iRfXbEB1EVSLT41NNLRjYNJJP1KivrUxbfqkDatmHy12e%2FzVx8fLfn2ReU7TfrqYobgIk5VxvEcIXU7mPOAy%2FdGqognuaI3fMkG0LPMHYcy9sjuzJBFz9nMZXpHAxp5WK6wsTwDMdtZpVS4TFyVonx6I5e0Wjo00sa31Izr55UjTSpa3TA8%2BvWXVduQyGBA5AjRYQ%3D%3D
AE,West Bengal,2021,131,Kakdwip,127038,120784,4,247826,177,112433,106309,1,1056,219799,88.69,https://www.eci.gov.in/eci-backend/public/api/download?url=LMAhAK6sOPBp%2FNFF0iRfXbEB1EVSLT41NNLRjYNJJP1KivrUxbfqkDatmHy12e%2FzVx8fLfn2ReU7TfrqYobgIk5VxvEcIXU7mPOAy%2FdGqognuaI3fMkG0LPMHYcy9sjuzJBFz9nMZXpHAxp5WK6wsTwDMdtZpVS4TFyVonx6I5e0Wjo00sa31Izr55UjTSpa3TA8%2BvWXVduQyGBA5AjRYQ%3D%3D
AE,West Bengal,2021,132,Sagar,142921,131792,2,274715,405,120149,117050,1,2446,239646,87.23,https://www.eci.gov.in/eci-backend/public/api/download?url=LMAhAK6sOPBp%2FNFF0iRfXbEB1EVSLT41NNLRjYNJJP1KivrUxbfqkDatmHy12e%2FzVx8fLfn2ReU7TfrqYobgIk5VxvEcIXU7mPOAy%2FdGqognuaI3fMkG0LPMHYcy9sjuzJBFz9nMZXpHAxp5WK6wsTwDMdtZpVS4TFyVonx6I5e0Wjo00sa31Izr55UjTSpa3TA8%2BvWXVduQyGBA5AjRYQ%3D%3D
AE,West Bengal,2021,133,Kulpi,112034,108108,2,220144,84,98983,93158,1,1303,193445,87.87,https://www.eci.gov.in/eci-backend/public/api/download?url=LMAhAK6sOPBp%2FNFF0iRfXbEB1EVSLT41NNLRjYNJJP1KivrUxbfqkDatmHy12e%2FzVx8fLfn2ReU7TfrqYobgIk5VxvEcIXU7mPOAy%2FdGqognuaI3fMkG0LPMHYcy9sjuzJBFz9nMZXpHAxp5WK6wsTwDMdtZpVS4TFyVonx6I5e0Wjo00sa31Izr55UjTSpa3TA8%2BvWXVduQyGBA5AjRYQ%3D%3D
AE,West Bengal,2021,134,Raidighi,140212,133336,10,273558,86,123643,114055,4,1993,239695,87.62,https://www.eci.gov.in/eci-backend/public/api/download?url=LMAhAK6sOPBp%2FNFF0iRfXbEB1EVSLT41NNLRjYNJJP1KivrUxbfqkDatmHy12e%2FzVx8fLfn2ReU7TfrqYobgIk5VxvEcIXU7mPOAy%2FdGqognuaI3fMkG0LPMHYcy9sjuzJBFz9nMZXpHAxp5WK6wsTwDMdtZpVS4TFyVonx6I5e0Wjo00sa31Izr55UjTSpa3TA8%2BvWXVduQyGBA5AjRYQ%3D%3D
AE,West Bengal,2021,135,Mandirbazar,116839,112286,4,229129,55,103629,95492,0,1282,200403,87.46,https://www.eci.gov.in/eci-backend/public/api/download?url=LMAhAK6sOPBp%2FNFF0iRfXbEB1EVSLT41NNLRjYNJJP1KivrUxbfqkDatmHy12e%2FzVx8fLfn2ReU7TfrqYobgIk5VxvEcIXU7mPOAy%2FdGqognuaI3fMkG0LPMHYcy9sjuzJBFz9nMZXpHAxp5WK6wsTwDMdtZpVS4TFyVonx6I5e0Wjo00sa31Izr55UjTSpa3TA8%2BvWXVduQyGBA5AjRYQ%3D%3D
AE,West Bengal,2021,136,Jaynagar,121954,118010,4,239968,113,105372,96166,0,1000,202538,84.40,https://www.eci.gov.in/eci-backend/public/api/download?url=LMAhAK6sOPBp%2FNFF0iRfXbEB1EVSLT41NNLRjYNJJP1KivrUxbfqkDatmHy12e%2FzVx8fLfn2ReU7TfrqYobgIk5VxvEcIXU7mPOAy%2FdGqognuaI3fMkG0LPMHYcy9sjuzJBFz9nMZXpHAxp5WK6wsTwDMdtZpVS4TFyVonx6I5e0Wjo00sa31Izr55UjTSpa3TA8%2BvWXVduQyGBA5AjRYQ%3D%3D
AE,West Bengal,2021,137,Baruipur Purba,134104,130977,10,265091,46,116071,107642,3,1428,225144,84.93,https://www.eci.gov.in/eci-backend/public/api/download?url=LMAhAK6sOPBp%2FNFF0iRfXbEB1EVSLT41NNLRjYNJJP1KivrUxbfqkDatmHy12e%2FzVx8fLfn2ReU7TfrqYobgIk5VxvEcIXU7mPOAy%2FdGqognuaI3fMkG0LPMHYcy9sjuzJBFz9nMZXpHAxp5WK6wsTwDMdtZpVS4TFyVonx6I5e0Wjo00sa31Izr55UjTSpa3TA8%2BvWXVduQyGBA5AjRYQ%3D%3D
AE,West Bengal,2021,138,Canning Paschim,130149,127523,9,257681,129,112234,104990,1,1393,218618,84.84,https://www.eci.gov.in/eci-backend/public/api/download?url=LMAhAK6sOPBp%2FNFF0iRfXbEB1EVSLT41NNLRjYNJJP1KivrUxbfqkDatmHy12e%2FzVx8fLfn2ReU7TfrqYobgIk5VxvEcIXU7mPOAy%2FdGqognuaI3fMkG0LPMHYcy9sjuzJBFz9nMZXpHAxp5WK6wsTwDMdtZpVS4TFyVonx6I5e0Wjo00sa31Izr55UjTSpa3TA8%2BvWXVduQyGBA5AjRYQ%3D%3D
AE,West Bengal,2021,139,Canning Purba,133825,128499,25,262349,24,121420,110237,1,1204,232862,88.76,https://www.eci.gov.in/eci-backend/public/api/download?url=LMAhAK6sOPBp%2FNFF0iRfXbEB1EVSLT41NNLRjYNJJP1KivrUxbfqkDatmHy12e%2FzVx8fLfn2ReU7TfrqYobgIk5VxvEcIXU7mPOAy%2FdGqognuaI3fMkG0LPMHYcy9sjuzJBFz9nMZXpHAxp5WK6wsTwDMdtZpVS4TFyVonx6I5e0Wjo00sa31Izr55UjTSpa3TA8%2BvWXVduQyGBA5AjRYQ%3D%3D
AE,West Bengal,2021,140,Baruipur Paschim,125894,127833,22,253749,157,107121,102826,5,1593,211545,83.37,https://www.eci.gov.in/eci-backend/public/api/download?url=LMAhAK6sOPBp%2FNFF0iRfXbEB1EVSLT41NNLRjYNJJP1KivrUxbfqkDatmHy12e%2FzVx8fLfn2ReU7TfrqYobgIk5VxvEcIXU7mPOAy%2FdGqognuaI3fMkG0LPMHYcy9sjuzJBFz9nMZXpHAxp5WK6wsTwDMdtZpVS4TFyVonx6I5e0Wjo00sa31Izr55UjTSpa3TA8%2BvWXVduQyGBA5AjRYQ%3D%3D
AE,West Bengal,2021,141,Magrahat Purba,123833,118695,2,242530,135,106527,99718,1,1403,207649,85.62,https://www.eci.gov.in/eci-backend/public/api/download?url=LMAhAK6sOPBp%2FNFF0iRfXbEB1EVSLT41NNLRjYNJJP1KivrUxbfqkDatmHy12e%2FzVx8fLfn2ReU7TfrqYobgIk5VxvEcIXU7mPOAy%2FdGqognuaI3fMkG0LPMHYcy9sjuzJBFz9nMZXpHAxp5WK6wsTwDMdtZpVS4TFyVonx6I5e0Wjo00sa31Izr55UjTSpa3TA8%2BvWXVduQyGBA5AjRYQ%3D%3D
AE,West Bengal,2021,142,Magrahat Paschim,117542,111885,10,229437,83,99213,94066,2,1725,195006,84.99,https://www.eci.gov.in/eci-backend/public/api/download?url=LMAhAK6sOPBp%2FNFF0iRfXbEB1EVSLT41NNLRjYNJJP1KivrUxbfqkDatmHy12e%2FzVx8fLfn2ReU7TfrqYobgIk5VxvEcIXU7mPOAy%2FdGqognuaI3fMkG0LPMHYcy9sjuzJBFz9nMZXpHAxp5WK6wsTwDMdtZpVS4TFyVonx6I5e0Wjo00sa31Izr55UjTSpa3TA8%2BvWXVduQyGBA5AjRYQ%3D%3D
AE,West Bengal,2021,143,Diamond Harbour,128963,126164,5,255132,168,114996,109453,1,1097,225547,88.40,https://www.eci.gov.in/eci-backend/public/api/download?url=LMAhAK6sOPBp%2FNFF0iRfXbEB1EVSLT41NNLRjYNJJP1KivrUxbfqkDatmHy12e%2FzVx8fLfn2ReU7TfrqYobgIk5VxvEcIXU7mPOAy%2FdGqognuaI3fMkG0LPMHYcy9sjuzJBFz9nMZXpHAxp5WK6wsTwDMdtZpVS4TFyVonx6I5e0Wjo00sa31Izr55UjTSpa3TA8%2BvWXVduQyGBA5AjRYQ%3D%3D
AE,West Bengal,2021,144,Falta,120452,116309,7,236768,101,105933,100455,0,1769,208157,87.92,https://www.eci.gov.in/eci-backend/public/api/download?url=LMAhAK6sOPBp%2FNFF0iRfXbEB1EVSLT41NNLRjYNJJP1KivrUxbfqkDatmHy12e%2FzVx8fLfn2ReU7TfrqYobgIk5VxvEcIXU7mPOAy%2FdGqognuaI3fMkG0LPMHYcy9sjuzJBFz9nMZXpHAxp5WK6wsTwDMdtZpVS4TFyVonx6I5e0Wjo00sa31Izr55UjTSpa3TA8%2BvWXVduQyGBA5AjRYQ%3D%3D
AE,West Bengal,2021,145,Satgachhia,136789,133391,13,270193,45,120038,114829,2,1401,236270,87.44,https://www.eci.gov.in/eci-backend/public/api/download?url=LMAhAK6sOPBp%2FNFF0iRfXbEB1EVSLT41NNLRjYNJJP1KivrUxbfqkDatmHy12e%2FzVx8fLfn2ReU7TfrqYobgIk5VxvEcIXU7mPOAy%2FdGqognuaI3fMkG0LPMHYcy9sjuzJBFz9nMZXpHAxp5WK6wsTwDMdtZpVS4TFyVonx6I5e0Wjo00sa31Izr55UjTSpa3TA8%2BvWXVduQyGBA5AjRYQ%3D%3D
AE,West Bengal,2021,146,Bishnupur,140875,137754,21,278650,78,121486,115865,3,1518,238872,85.72,https://www.eci.gov.in/eci-backend/public/api/download?url=LMAhAK6sOPBp%2FNFF0iRfXbEB1EVSLT41NNLRjYNJJP1KivrUxbfqkDatmHy12e%2FzVx8fLfn2ReU7TfrqYobgIk5VxvEcIXU7mPOAy%2FdGqognuaI3fMkG0LPMHYcy9sjuzJBFz9nMZXpHAxp5WK6wsTwDMdtZpVS4TFyVonx6I5e0Wjo00sa31Izr55UjTSpa3TA8%2BvWXVduQyGBA5AjRYQ%3D%3D
AE,West Bengal,2021,147,Sonarpur Dakshin,142148,146099,16,288263,156,117399,113712,6,1876,232993,80.83,https://www.eci.gov.in/eci-backend/public/api/download?url=LMAhAK6sOPBp%2FNFF0iRfXbEB1EVSLT41NNLRjYNJJP1KivrUxbfqkDatmHy12e%2FzVx8fLfn2ReU7TfrqYobgIk5VxvEcIXU7mPOAy%2FdGqognuaI3fMkG0LPMHYcy9sjuzJBFz9nMZXpHAxp5WK6wsTwDMdtZpVS4TFyVonx6I5e0Wjo00sa31Izr55UjTSpa3TA8%2BvWXVduQyGBA5AjRYQ%3D%3D
AE,West Bengal,2021,148,Bhangar,139570,132311,16,271897,38,128757,113395,1,604,242757,89.28,https://www.eci.gov.in/eci-backend/public/api/download?url=LMAhAK6sOPBp%2FNFF0iRfXbEB1EVSLT41NNLRjYNJJP1KivrUxbfqkDatmHy12e%2FzVx8fLfn2ReU7TfrqYobgIk5VxvEcIXU7mPOAy%2FdGqognuaI3fMkG0LPMHYcy9sjuzJBFz9nMZXpHAxp5WK6wsTwDMdtZpVS4TFyVonx6I5e0Wjo00sa31Izr55UjTSpa3TA8%2BvWXVduQyGBA5AjRYQ%3D%3D
AE,West Bengal,2021,149,Kasba,155074,151188,4,306266,78,115563,106753,3,993,223312,72.91,https://www.eci.gov.in/eci-backend/public/api/download?url=LMAhAK6sOPBp%2FNFF0iRfXbEB1EVSLT41NNLRjYNJJP1KivrUxbfqkDatmHy12e%2FzVx8fLfn2ReU7TfrqYobgIk5VxvEcIXU7mPOAy%2FdGqognuaI3fMkG0LPMHYcy9sjuzJBFz9nMZXpHAxp5WK6wsTwDMdtZpVS4TFyVonx6I5e0Wjo00sa31Izr55UjTSpa3TA8%2BvWXVduQyGBA5AjRYQ%3D%3D
AE,West Bengal,2021,150,Jadavpur,145011,154803,4,299818,108,106578,106937,0,2347,215862,72.00,https://www.eci.gov.in/eci-backend/public/api/download?url=LMAhAK6sOPBp%2FNFF0iRfXbEB1EVSLT41NNLRjYNJJP1KivrUxbfqkDatmHy12e%2FzVx8fLfn2ReU7TfrqYobgIk5VxvEcIXU7mPOAy%2FdGqognuaI3fMkG0LPMHYcy9sjuzJBFz9nMZXpHAxp5WK6wsTwDMdtZpVS4TFyVonx6I5e0Wjo00sa31Izr55UjTSpa3TA8%2BvWXVduQyGBA5AjRYQ%3D%3D
AE,West Bengal,2021,151,Sonarpur Uttar,149716,150593,21,300330,101,122927,116893,5,1503,241328,80.35,https://www.eci.gov.in/eci-backend/public/api/download?url=LMAhAK6sOPBp%2FNFF0iRfXbEB1EVSLT41NNLRjYNJJP1KivrUxbfqkDatmHy12e%2FzVx8fLfn2ReU7TfrqYobgIk5VxvEcIXU7mPOAy%2FdGqognuaI3fMkG0LPMHYcy9sjuzJBFz9nMZXpHAxp5WK6wsTwDMdtZpVS4TFyVonx6I5e0Wjo00sa31Izr55UjTSpa3TA8%2BvWXVduQyGBA5AjRYQ%3D%3D
AE,West Bengal,2021,152,Tollyganj,131627,138078,8,269713,131,98454,97298,1,1889,197642,73.28,https://www.eci.gov.in/eci-backend/public/api/download?url=LMAhAK6sOPBp%2FNFF0iRfXbEB1EVSLT41NNLRjYNJJP1KivrUxbfqkDatmHy12e%2FzVx8fLfn2ReU7TfrqYobgIk5VxvEcIXU7mPOAy%2FdGqognuaI3fMkG0LPMHYcy9sjuzJBFz9nMZXpHAxp5WK6wsTwDMdtZpVS4TFyVonx6I5e0Wjo00sa31Izr55UjTSpa3TA8%2BvWXVduQyGBA5AjRYQ%3D%3D
AE,West Bengal,2021,153,Behala Purba,151495,156784,6,308285,128,111495,108928,2,1460,221885,71.97,https://www.eci.gov.in/eci-backend/public/api/download?url=LMAhAK6sOPBp%2FNFF0iRfXbEB1EVSLT41NNLRjYNJJP1KivrUxbfqkDatmHy12e%2FzVx8fLfn2ReU7TfrqYobgIk5VxvEcIXU7mPOAy%2FdGqognuaI3fMkG0LPMHYcy9sjuzJBFz9nMZXpHAxp5WK6wsTwDMdtZpVS4TFyVonx6I5e0Wjo00sa31Izr55UjTSpa3TA8%2BvWXVduQyGBA5AjRYQ%3D%3D
AE,West Bengal,2021,154,Behala Paschim,152575,160617,6,313198,193,115587,114459,0,2203,232249,74.15,https://www.eci.gov.in/eci-backend/public/api/download?url=LMAhAK6sOPBp%2FNFF0iRfXbEB1EVSLT41NNLRjYNJJP1KivrUxbfqkDatmHy12e%2FzVx8fLfn2ReU7TfrqYobgIk5VxvEcIXU7mPOAy%2FdGqognuaI3fMkG0LPMHYcy9sjuzJBFz9nMZXpHAxp5WK6wsTwDMdtZpVS4TFyVonx6I5e0Wjo00sa31Izr55UjTSpa3TA8%2BvWXVduQyGBA5AjRYQ%3D%3D
AE,West Bengal,2021,155,Maheshtala,136180,134816,11,271007,149,114539,104600,1,1054,220194,81.25,https://www.eci.gov.in/eci-backend/public/api/download?url=LMAhAK6sOPBp%2FNFF0iRfXbEB1EVSLT41NNLRjYNJJP1KivrUxbfqkDatmHy12e%2FzVx8fLfn2ReU7TfrqYobgIk5VxvEcIXU7mPOAy%2FdGqognuaI3fMkG0LPMHYcy9sjuzJBFz9nMZXpHAxp5WK6wsTwDMdtZpVS4TFyVonx6I5e0Wjo00sa31Izr55UjTSpa3TA8%2BvWXVduQyGBA5AjRYQ%3D%3D
AE,West Bengal,2021,156,Budge Budge,129603,126527,6,256136,150,111177,104181,0,1789,217147,84.78,https://www.eci.gov.in/eci-backend/public/api/download?url=LMAhAK6sOPBp%2FNFF0iRfXbEB1EVSLT41NNLRjYNJJP1KivrUxbfqkDatmHy12e%2FzVx8fLfn2ReU7TfrqYobgIk5VxvEcIXU7mPOAy%2FdGqognuaI3fMkG0LPMHYcy9sjuzJBFz9nMZXpHAxp5WK6wsTwDMdtZpVS4TFyVonx6I5e0Wjo00sa31Izr55UjTSpa3TA8%2BvWXVduQyGBA5AjRYQ%3D%3D
AE,West Bengal,2021,157,Metiaburuz,136201,120111,3,256315,63,109472,86681,0,593,196746,76.76,https://www.eci.gov.in/eci-backend/public/api/download?url=LMAhAK6sOPBp%2FNFF0iRfXbEB1EVSLT41NNLRjYNJJP1KivrUxbfqkDatmHy12e%2FzVx8fLfn2ReU7TfrqYobgIk5VxvEcIXU7mPOAy%2FdGqognuaI3fMkG0LPMHYcy9sjuzJBFz9nMZXpHAxp5WK6wsTwDMdtZpVS4TFyVonx6I5e0Wjo00sa31Izr55UjTSpa3TA8%2BvWXVduQyGBA5AjRYQ%3D%3D
AE,West Bengal,2021,158,Kolkata Port,132380,103549,4,235933,69,85534,66435,2,542,152513,64.64,https://www.eci.gov.in/eci-backend/public/api/download?url=LMAhAK6sOPBp%2FNFF0iRfXbEB1EVSLT41NNLRjYNJJP1KivrUxbfqkDatmHy12e%2FzVx8fLfn2ReU7TfrqYobgIk5VxvEcIXU7mPOAy%2FdGqognuaI3fMkG0LPMHYcy9sjuzJBFz9nMZXpHAxp5WK6wsTwDMdtZpVS4TFyVonx6I5e0Wjo00sa31Izr55UjTSpa3TA8%2BvWXVduQyGBA5AjRYQ%3D%3D
AE,West Bengal,2021,159,Bhabanipur,111242,95143,4,206389,70,70201,56388,3,944,127536,61.79,https://www.eci.gov.in/eci-backend/public/api/download?url=LMAhAK6sOPBp%2FNFF0iRfXbEB1EVSLT41NNLRjYNJJP1KivrUxbfqkDatmHy12e%2FzVx8fLfn2ReU7TfrqYobgIk5VxvEcIXU7mPOAy%2FdGqognuaI3fMkG0LPMHYcy9sjuzJBFz9nMZXpHAxp5WK6wsTwDMdtZpVS4TFyVonx6I5e0Wjo00sa31Izr55UjTSpa3TA8%2BvWXVduQyGBA5AjRYQ%3D%3D
AE,West Bengal,2021,160,Rashbehari,103042,102967,4,206013,37,64395,58593,2,1815,124805,60.58,https://www.eci.gov.in/eci-backend/public/api/download?url=LMAhAK6sOPBp%2FNFF0iRfXbEB1EVSLT41NNLRjYNJJP1KivrUxbfqkDatmHy12e%2FzVx8fLfn2ReU7TfrqYobgIk5VxvEcIXU7mPOAy%2FdGqognuaI3fMkG0LPMHYcy9sjuzJBFz9nMZXpHAxp5WK6wsTwDMdtZpVS4TFyVonx6I5e0Wjo00sa31Izr55UjTSpa3TA8%2BvWXVduQyGBA5AjRYQ%3D%3D
AE,West Bengal,2021,161,Ballygunge,133202,114452,8,247662,22,83001,67357,6,692,151056,60.99,https://www.eci.gov.in/eci-backend/public/api/download?url=LMAhAK6sOPBp%2FNFF0iRfXbEB1EVSLT41NNLRjYNJJP1KivrUxbfqkDatmHy12e%2FzVx8fLfn2ReU7TfrqYobgIk5VxvEcIXU7mPOAy%2FdGqognuaI3fMkG0LPMHYcy9sjuzJBFz9nMZXpHAxp5WK6wsTwDMdtZpVS4TFyVonx6I5e0Wjo00sa31Izr55UjTSpa3TA8%2BvWXVduQyGBA5AjRYQ%3D%3D
AE,West Bengal,2021,162,Chowrangee,125261,82938,2,208201,29,66032,44848,2,743,111625,53.61,https://www.eci.gov.in/eci-backend/public/api/download?url=LMAhAK6sOPBp%2FNFF0iRfXbEB1EVSLT41NNLRjYNJJP1KivrUxbfqkDatmHy12e%2FzVx8fLfn2ReU7TfrqYobgIk5VxvEcIXU7mPOAy%2FdGqognuaI3fMkG0LPMHYcy9sjuzJBFz9nMZXpHAxp5WK6wsTwDMdtZpVS4TFyVonx6I5e0Wjo00sa31Izr55UjTSpa3TA8%2BvWXVduQyGBA5AjRYQ%3D%3D
AE,West Bengal,2021,163,Entally,123436,107373,5,230814,43,84916,71228,2,772,156918,67.98,https://www.eci.gov.in/eci-backend/public/api/download?url=LMAhAK6sOPBp%2FNFF0iRfXbEB1EVSLT41NNLRjYNJJP1KivrUxbfqkDatmHy12e%2FzVx8fLfn2ReU7TfrqYobgIk5VxvEcIXU7mPOAy%2FdGqognuaI3fMkG0LPMHYcy9sjuzJBFz9nMZXpHAxp5WK6wsTwDMdtZpVS4TFyVonx6I5e0Wjo00sa31Izr55UjTSpa3TA8%2BvWXVduQyGBA5AjRYQ%3D%3D
AE,West Bengal,2021,164,Beleghata,132560,118317,4,250881,35,85698,71702,2,1104,158506,63.18,https://www.eci.gov.in/eci-backend/public/api/download?url=LMAhAK6sOPBp%2FNFF0iRfXbEB1EVSLT41NNLRjYNJJP1KivrUxbfqkDatmHy12e%2FzVx8fLfn2ReU7TfrqYobgIk5VxvEcIXU7mPOAy%2FdGqognuaI3fMkG0LPMHYcy9sjuzJBFz9nMZXpHAxp5WK6wsTwDMdtZpVS4TFyVonx6I5e0Wjo00sa31Izr55UjTSpa3TA8%2BvWXVduQyGBA5AjRYQ%3D%3D
AE,West Bengal,2021,165,Jorasanko,116134,81815,1,197950,19,59339,39209,0,577,99125,50.08,https://www.eci.gov.in/eci-backend/public/api/download?url=LMAhAK6sOPBp%2FNFF0iRfXbEB1EVSLT41NNLRjYNJJP1KivrUxbfqkDatmHy12e%2FzVx8fLfn2ReU7TfrqYobgIk5VxvEcIXU7mPOAy%2FdGqognuaI3fMkG0LPMHYcy9sjuzJBFz9nMZXpHAxp5WK6wsTwDMdtZpVS4TFyVonx6I5e0Wjo00sa31Izr55UjTSpa3TA8%2BvWXVduQyGBA5AjRYQ%3D%3D
AE,West Bengal,2021,166,Shyampukur,94089,82464,4,176557,47,56794,45207,0,1046,103047,58.36,https://www.eci.gov.in/eci-backend/public/api/download?url=LMAhAK6sOPBp%2FNFF0iRfXbEB1EVSLT41NNLRjYNJJP1KivrUxbfqkDatmHy12e%2FzVx8fLfn2ReU7TfrqYobgIk5VxvEcIXU7mPOAy%2FdGqognuaI3fMkG0LPMHYcy9sjuzJBFz9nMZXpHAxp5WK6wsTwDMdtZpVS4TFyVonx6I5e0Wjo00sa31Izr55UjTSpa3TA8%2BvWXVduQyGBA5AjRYQ%3D%3D
AE,West Bengal,2021,167,Maniktala,109855,101449,4,211308,50,71642,60631,2,835,133110,62.99,https://www.eci.gov.in/eci-backend/public/api/download?url=LMAhAK6sOPBp%2FNFF0iRfXbEB1EVSLT41NNLRjYNJJP1KivrUxbfqkDatmHy12e%2FzVx8fLfn2ReU7TfrqYobgIk5VxvEcIXU7mPOAy%2FdGqognuaI3fMkG0LPMHYcy9sjuzJBFz9nMZXpHAxp5WK6wsTwDMdtZpVS4TFyVonx6I5e0Wjo00sa31Izr55UjTSpa3TA8%2BvWXVduQyGBA5AjRYQ%3D%3D
AE,West Bengal,2021,168,Kashipur-Belgachhia,117464,106249,1,223714,0,73684,59624,1,1661,134970,60.33,https://www.eci.gov.in/eci-backend/public/api/download?url=LMAhAK6sOPBp%2FNFF0iRfXbEB1EVSLT41NNLRjYNJJP1KivrUxbfqkDatmHy12e%2FzVx8fLfn2ReU7TfrqYobgIk5VxvEcIXU7mPOAy%2FdGqognuaI3fMkG0LPMHYcy9sjuzJBFz9nMZXpHAxp5WK6wsTwDMdtZpVS4TFyVonx6I5e0Wjo00sa31Izr55UjTSpa3TA8%2BvWXVduQyGBA5AjRYQ%3D%3D
AE,West Bengal,2021,169,Bally,93561,82633,3,176197,196,67644,57866,1,460,125971,71.49,https://www.eci.gov.in/eci-backend/public/api/download?url=LMAhAK6sOPBp%2FNFF0iRfXbEB1EVSLT41NNLRjYNJJP1KivrUxbfqkDatmHy12e%2FzVx8fLfn2ReU7TfrqYobgIk5VxvEcIXU7mPOAy%2FdGqognuaI3fMkG0LPMHYcy9sjuzJBFz9nMZXpHAxp5WK6wsTwDMdtZpVS4TFyVonx6I5e0Wjo00sa31Izr55UjTSpa3TA8%2BvWXVduQyGBA5AjRYQ%3D%3D
AE,West Bengal,2021,170,Howrah Uttar,119456,99087,4,218547,150,82760,66628,0,374,149762,68.53,https://www.eci.gov.in/eci-backend/public/api/download?url=LMAhAK6sOPBp%2FNFF0iRfXbEB1EVSLT41NNLRjYNJJP1KivrUxbfqkDatmHy12e%2FzVx8fLfn2ReU7TfrqYobgIk5VxvEcIXU7mPOAy%2FdGqognuaI3fMkG0LPMHYcy9sjuzJBFz9nMZXpHAxp5WK6wsTwDMdtZpVS4TFyVonx6I5e0Wjo00sa31Izr55UjTSpa3TA8%2BvWXVduQyGBA5AjRYQ%3D%3D
AE,West Bengal,2021,171,Howrah Madhya,139314,127227,1,266542,91,104018,90748,0,492,195258,73.26,https://www.eci.gov.in/eci-backend/public/api/download?url=LMAhAK6sOPBp%2FNFF0iRfXbEB1EVSLT41NNLRjYNJJP1KivrUxbfqkDatmHy12e%2FzVx8fLfn2ReU7TfrqYobgIk5VxvEcIXU7mPOAy%2FdGqognuaI3fMkG0LPMHYcy9sjuzJBFz9nMZXpHAxp5WK6wsTwDMdtZpVS4TFyVonx6I5e0Wjo00sa31Izr55UjTSpa3TA8%2BvWXVduQyGBA5AjRYQ%3D%3D
AE,West Bengal,2021,172,Shibpur,117327,116342,7,233676,85,93849,87673,0,797,182319,78.02,https://www.eci.gov.in/eci-backend/public/api/download?url=LMAhAK6sOPBp%2FNFF0iRfXbEB1EVSLT41NNLRjYNJJP1KivrUxbfqkDatmHy12e%2FzVx8fLfn2ReU7TfrqYobgIk5VxvEcIXU7mPOAy%2FdGqognuaI3fMkG0LPMHYcy9sjuzJBFz9nMZXpHAxp5WK6wsTwDMdtZpVS4TFyVonx6I5e0Wjo00sa31Izr55UjTSpa3TA8%2BvWXVduQyGBA5AjRYQ%3D%3D
AE,West Bengal,2021,173,Howrah Dakshin,149980,144261,2,294243,144,114050,102384,0,621,217055,73.77,https://www.eci.gov.in/eci-backend/public/api/download?url=LMAhAK6sOPBp%2FNFF0iRfXbEB1EVSLT41NNLRjYNJJP1KivrUxbfqkDatmHy12e%2FzVx8fLfn2ReU7TfrqYobgIk5VxvEcIXU7mPOAy%2FdGqognuaI3fMkG0LPMHYcy9sjuzJBFz9nMZXpHAxp5WK6wsTwDMdtZpVS4TFyVonx6I5e0Wjo00sa31Izr55UjTSpa3TA8%2BvWXVduQyGBA5AjRYQ%3D%3D
AE,West Bengal,2021,174,Sankrail,140968,136094,14,277076,83,116935,104860,2,426,222223,80.20,https://www.eci.gov.in/eci-backend/public/api/download?url=LMAhAK6sOPBp%2FNFF0iRfXbEB1EVSLT41NNLRjYNJJP1KivrUxbfqkDatmHy12e%2FzVx8fLfn2ReU7TfrqYobgIk5VxvEcIXU7mPOAy%2FdGqognuaI3fMkG0LPMHYcy9sjuzJBFz9nMZXpHAxp5WK6wsTwDMdtZpVS4TFyVonx6I5e0Wjo00sa31Izr55UjTSpa3TA8%2BvWXVduQyGBA5AjRYQ%3D%3D
AE,West Bengal,2021,175,Panchla,135682,130498,3,266183,25,112187,104459,0,420,217066,81.55,https://www.eci.gov.in/eci-backend/public/api/download?url=LMAhAK6sOPBp%2FNFF0iRfXbEB1EVSLT41NNLRjYNJJP1KivrUxbfqkDatmHy12e%2FzVx8fLfn2ReU7TfrqYobgIk5VxvEcIXU7mPOAy%2FdGqognuaI3fMkG0LPMHYcy9sjuzJBFz9nMZXpHAxp5WK6wsTwDMdtZpVS4TFyVonx6I5e0Wjo00sa31Izr55UjTSpa3TA8%2BvWXVduQyGBA5AjRYQ%3D%3D
AE,West Bengal,2021,176,Uluberia Purba,118990,114764,10,233764,133,98851,93578,1,719,193149,82.63,https://www.eci.gov.in/eci-backend/public/api/download?url=LMAhAK6sOPBp%2FNFF0iRfXbEB1EVSLT41NNLRjYNJJP1KivrUxbfqkDatmHy12e%2FzVx8fLfn2ReU7TfrqYobgIk5VxvEcIXU7mPOAy%2FdGqognuaI3fMkG0LPMHYcy9sjuzJBFz9nMZXpHAxp5WK6wsTwDMdtZpVS4TFyVonx6I5e0Wjo00sa31Izr55UjTSpa3TA8%2BvWXVduQyGBA5AjRYQ%3D%3D
AE,West Bengal,2021,177,Uluberia Uttar,115018,109400,5,224423,50,95742,89702,0,390,185834,82.81,https://www.eci.gov.in/eci-backend/public/api/download?url=LMAhAK6sOPBp%2FNFF0iRfXbEB1EVSLT41NNLRjYNJJP1KivrUxbfqkDatmHy12e%2FzVx8fLfn2ReU7TfrqYobgIk5VxvEcIXU7mPOAy%2FdGqognuaI3fMkG0LPMHYcy9sjuzJBFz9nMZXpHAxp5WK6wsTwDMdtZpVS4TFyVonx6I5e0Wjo00sa31Izr55UjTSpa3TA8%2BvWXVduQyGBA5AjRYQ%3D%3D
AE,West Bengal,2021,178,Uluberia Dakshin,121458,116144,18,237620,46,104448,97635,7,264,202354,85.16,https://www.eci.gov.in/eci-backend/public/api/download?url=LMAhAK6sOPBp%2FNFF0iRfXbEB1EVSLT41NNLRjYNJJP1KivrUxbfqkDatmHy12e%2FzVx8fLfn2ReU7TfrqYobgIk5VxvEcIXU7mPOAy%2FdGqognuaI3fMkG0LPMHYcy9sjuzJBFz9nMZXpHAxp5WK6wsTwDMdtZpVS4TFyVonx6I5e0Wjo00sa31Izr55UjTSpa3TA8%2BvWXVduQyGBA5AjRYQ%3D%3D
AE,West Bengal,2021,179,Shyampur,131617,125973,3,257593,177,111182,110252,0,601,222035,86.20,https://www.eci.gov.in/eci-backend/public/api/download?url=LMAhAK6sOPBp%2FNFF0iRfXbEB1EVSLT41NNLRjYNJJP1KivrUxbfqkDatmHy12e%2FzVx8fLfn2ReU7TfrqYobgIk5VxvEcIXU7mPOAy%2FdGqognuaI3fMkG0LPMHYcy9sjuzJBFz9nMZXpHAxp5WK6wsTwDMdtZpVS4TFyVonx6I5e0Wjo00sa31Izr55UjTSpa3TA8%2BvWXVduQyGBA5AjRYQ%3D%3D
AE,West Bengal,2021,180,Bagnan,117593,113613,10,231216,164,101928,97637,6,476,200047,86.52,https://www.eci.gov.in/eci-backend/public/api/download?url=LMAhAK6sOPBp%2FNFF0iRfXbEB1EVSLT41NNLRjYNJJP1KivrUxbfqkDatmHy12e%2FzVx8fLfn2ReU7TfrqYobgIk5VxvEcIXU7mPOAy%2FdGqognuaI3fMkG0LPMHYcy9sjuzJBFz9nMZXpHAxp5WK6wsTwDMdtZpVS4TFyVonx6I5e0Wjo00sa31Izr55UjTSpa3TA8%2BvWXVduQyGBA5AjRYQ%3D%3D
AE,West Bengal,2021,181,Amta,134661,127216,4,261881,152,105464,103152,1,431,209048,79.83,https://www.eci.gov.in/eci-backend/public/api/download?url=LMAhAK6sOPBp%2FNFF0iRfXbEB1EVSLT41NNLRjYNJJP1KivrUxbfqkDatmHy12e%2FzVx8fLfn2ReU7TfrqYobgIk5VxvEcIXU7mPOAy%2FdGqognuaI3fMkG0LPMHYcy9sjuzJBFz9nMZXpHAxp5WK6wsTwDMdtZpVS4TFyVonx6I5e0Wjo00sa31Izr55UjTSpa3TA8%2BvWXVduQyGBA5AjRYQ%3D%3D
AE,West Bengal,2021,182,Udaynarayanpur,120377,115089,1,235467,240,100192,97330,1,819,198342,84.23,https://www.eci.gov.in/eci-backend/public/api/download?url=LMAhAK6sOPBp%2FNFF0iRfXbEB1EVSLT41NNLRjYNJJP1KivrUxbfqkDatmHy12e%2FzVx8fLfn2ReU7TfrqYobgIk5VxvEcIXU7mPOAy%2FdGqognuaI3fMkG0LPMHYcy9sjuzJBFz9nMZXpHAxp5WK6wsTwDMdtZpVS4TFyVonx6I5e0Wjo00sa31Izr55UjTSpa3TA8%2BvWXVduQyGBA5AjRYQ%3D%3D
AE,West Bengal,2021,183,Jagatballavpur,146678,141469,11,288158,59,119222,115629,0,1011,235862,81.85,https://www.eci.gov.in/eci-backend/public/api/download?url=LMAhAK6sOPBp%2FNFF0iRfXbEB1EVSLT41NNLRjYNJJP1KivrUxbfqkDatmHy12e%2FzVx8fLfn2ReU7TfrqYobgIk5VxvEcIXU7mPOAy%2FdGqognuaI3fMkG0LPMHYcy9sjuzJBFz9nMZXpHAxp5WK6wsTwDMdtZpVS4TFyVonx6I5e0Wjo00sa31Izr55UjTSpa3TA8%2BvWXVduQyGBA5AjRYQ%3D%3D
AE,West Bengal,2021,184,Domjur,151523,147718,9,299250,99,129370,121227,2,611,251210,83.95,https://www.eci.gov.in/eci-backend/public/api/download?url=LMAhAK6sOPBp%2FNFF0iRfXbEB1EVSLT41NNLRjYNJJP1KivrUxbfqkDatmHy12e%2FzVx8fLfn2ReU7TfrqYobgIk5VxvEcIXU7mPOAy%2FdGqognuaI3fMkG0LPMHYcy9sjuzJBFz9nMZXpHAxp5WK6wsTwDMdtZpVS4TFyVonx6I5e0Wjo00sa31Izr55UjTSpa3TA8%2BvWXVduQyGBA5AjRYQ%3D%3D
AE,West Bengal,2021,185,Uttarpara,129546,130263,5,259814,329,101402,97295,1,1465,200163,77.04,https://www.eci.gov.in/eci-backend/public/api/download?url=LMAhAK6sOPBp%2FNFF0iRfXbEB1EVSLT41NNLRjYNJJP1KivrUxbfqkDatmHy12e%2FzVx8fLfn2ReU7TfrqYobgIk5VxvEcIXU7mPOAy%2FdGqognuaI3fMkG0LPMHYcy9sjuzJBFz9nMZXpHAxp5WK6wsTwDMdtZpVS4TFyVonx6I5e0Wjo00sa31Izr55UjTSpa3TA8%2BvWXVduQyGBA5AjRYQ%3D%3D
AE,West Bengal,2021,186,Sreerampur,131087,121669,2,252758,576,98124,88801,2,1451,188378,74.53,https://www.eci.gov.in/eci-backend/public/api/download?url=LMAhAK6sOPBp%2FNFF0iRfXbEB1EVSLT41NNLRjYNJJP1KivrUxbfqkDatmHy12e%2FzVx8fLfn2ReU7TfrqYobgIk5VxvEcIXU7mPOAy%2FdGqognuaI3fMkG0LPMHYcy9sjuzJBFz9nMZXpHAxp5WK6wsTwDMdtZpVS4TFyVonx6I5e0Wjo00sa31Izr55UjTSpa3TA8%2BvWXVduQyGBA5AjRYQ%3D%3D
AE,West Bengal,2021,187,Champdani,133977,129382,13,263372,322,103347,96875,4,1241,201467,76.50,https://www.eci.gov.in/eci-backend/public/api/download?url=LMAhAK6sOPBp%2FNFF0iRfXbEB1EVSLT41NNLRjYNJJP1KivrUxbfqkDatmHy12e%2FzVx8fLfn2ReU7TfrqYobgIk5VxvEcIXU7mPOAy%2FdGqognuaI3fMkG0LPMHYcy9sjuzJBFz9nMZXpHAxp5WK6wsTwDMdtZpVS4TFyVonx6I5e0Wjo00sa31Izr55UjTSpa3TA8%2BvWXVduQyGBA5AjRYQ%3D%3D
AE,West Bengal,2021,188,Singur,124561,122302,4,246867,146,104017,103740,3,2456,210216,85.15,https://www.eci.gov.in/eci-backend/public/api/download?url=LMAhAK6sOPBp%2FNFF0iRfXbEB1EVSLT41NNLRjYNJJP1KivrUxbfqkDatmHy12e%2FzVx8fLfn2ReU7TfrqYobgIk5VxvEcIXU7mPOAy%2FdGqognuaI3fMkG0LPMHYcy9sjuzJBFz9nMZXpHAxp5WK6wsTwDMdtZpVS4TFyVonx6I5e0Wjo00sa31Izr55UjTSpa3TA8%2BvWXVduQyGBA5AjRYQ%3D%3D
AE,West Bengal,2021,189,Chandannagar,114985,114578,9,229572,323,91808,88039,1,2570,182418,79.46,https://www.eci.gov.in/eci-backend/public/api/download?url=LMAhAK6sOPBp%2FNFF0iRfXbEB1EVSLT41NNLRjYNJJP1KivrUxbfqkDatmHy12e%2FzVx8fLfn2ReU7TfrqYobgIk5VxvEcIXU7mPOAy%2FdGqognuaI3fMkG0LPMHYcy9sjuzJBFz9nMZXpHAxp5WK6wsTwDMdtZpVS4TFyVonx6I5e0Wjo00sa31Izr55UjTSpa3TA8%2BvWXVduQyGBA5AjRYQ%3D%3D
AE,West Bengal,2021,190,Chunchura,155673,158587,14,314274,573,127493,126348,5,2778,256624,81.66,https://www.eci.gov.in/eci-backend/public/api/download?url=LMAhAK6sOPBp%2FNFF0iRfXbEB1EVSLT41NNLRjYNJJP1KivrUxbfqkDatmHy12e%2FzVx8fLfn2ReU7TfrqYobgIk5VxvEcIXU7mPOAy%2FdGqognuaI3fMkG0LPMHYcy9sjuzJBFz9nMZXpHAxp5WK6wsTwDMdtZpVS4TFyVonx6I5e0Wjo00sa31Izr55UjTSpa3TA8%2BvWXVduQyGBA5AjRYQ%3D%3D
AE,West Bengal,2021,191,Balagarh,131223,127725,7,258955,438,110441,107896,3,2269,220609,85.19,https://www.eci.gov.in/eci-backend/public/api/download?url=LMAhAK6sOPBp%2FNFF0iRfXbEB1EVSLT41NNLRjYNJJP1KivrUxbfqkDatmHy12e%2FzVx8fLfn2ReU7TfrqYobgIk5VxvEcIXU7mPOAy%2FdGqognuaI3fMkG0LPMHYcy9sjuzJBFz9nMZXpHAxp5WK6wsTwDMdtZpVS4TFyVonx6I5e0Wjo00sa31Izr55UjTSpa3TA8%2BvWXVduQyGBA5AjRYQ%3D%3D
AE,West Bengal,2021,192,Pandua,134715,135776,12,270503,157,109411,113334,4,2006,224755,83.09,https://www.eci.gov.in/eci-backend/public/api/download?url=LMAhAK6sOPBp%2FNFF0iRfXbEB1EVSLT41NNLRjYNJJP1KivrUxbfqkDatmHy12e%2FzVx8fLfn2ReU7TfrqYobgIk5VxvEcIXU7mPOAy%2FdGqognuaI3fMkG0LPMHYcy9sjuzJBFz9nMZXpHAxp5WK6wsTwDMdtZpVS4TFyVonx6I5e0Wjo00sa31Izr55UjTSpa3TA8%2BvWXVduQyGBA5AjRYQ%3D%3D
AE,West Bengal,2021,193,Saptagram,119219,115615,6,234840,226,97446,94359,4,1405,193214,82.27,https://www.eci.gov.in/eci-backend/public/api/download?url=LMAhAK6sOPBp%2FNFF0iRfXbEB1EVSLT41NNLRjYNJJP1KivrUxbfqkDatmHy12e%2FzVx8fLfn2ReU7TfrqYobgIk5VxvEcIXU7mPOAy%2FdGqognuaI3fMkG0LPMHYcy9sjuzJBFz9nMZXpHAxp5WK6wsTwDMdtZpVS4TFyVonx6I5e0Wjo00sa31Izr55UjTSpa3TA8%2BvWXVduQyGBA5AjRYQ%3D%3D
AE,West Bengal,2021,194,Chanditala,133712,129542,3,263257,76,101250,105140,0,780,207170,78.69,https://www.eci.gov.in/eci-backend/public/api/download?url=LMAhAK6sOPBp%2FNFF0iRfXbEB1EVSLT41NNLRjYNJJP1KivrUxbfqkDatmHy12e%2FzVx8fLfn2ReU7TfrqYobgIk5VxvEcIXU7mPOAy%2FdGqognuaI3fMkG0LPMHYcy9sjuzJBFz9nMZXpHAxp5WK6wsTwDMdtZpVS4TFyVonx6I5e0Wjo00sa31Izr55UjTSpa3TA8%2BvWXVduQyGBA5AjRYQ%3D%3D
AE,West Bengal,2021,195,Jangipara,131158,125867,0,257025,117,104152,104805,0,1833,210790,82.01,https://www.eci.gov.in/eci-backend/public/api/download?url=LMAhAK6sOPBp%2FNFF0iRfXbEB1EVSLT41NNLRjYNJJP1KivrUxbfqkDatmHy12e%2FzVx8fLfn2ReU7TfrqYobgIk5VxvEcIXU7mPOAy%2FdGqognuaI3fMkG0LPMHYcy9sjuzJBFz9nMZXpHAxp5WK6wsTwDMdtZpVS4TFyVonx6I5e0Wjo00sa31Izr55UjTSpa3TA8%2BvWXVduQyGBA5AjRYQ%3D%3D
AE,West Bengal,2021,196,Haripal,136754,132890,5,269649,273,109142,110316,1,2000,221459,82.13,https://www.eci.gov.in/eci-backend/public/api/download?url=LMAhAK6sOPBp%2FNFF0iRfXbEB1EVSLT41NNLRjYNJJP1KivrUxbfqkDatmHy12e%2FzVx8fLfn2ReU7TfrqYobgIk5VxvEcIXU7mPOAy%2FdGqognuaI3fMkG0LPMHYcy9sjuzJBFz9nMZXpHAxp5WK6wsTwDMdtZpVS4TFyVonx6I5e0Wjo00sa31Izr55UjTSpa3TA8%2BvWXVduQyGBA5AjRYQ%3D%3D
AE,West Bengal,2021,197,Dhanekhali,135302,136214,2,271518,169,114722,116959,0,2367,234048,86.20,https://www.eci.gov.in/eci-backend/public/api/download?url=LMAhAK6sOPBp%2FNFF0iRfXbEB1EVSLT41NNLRjYNJJP1KivrUxbfqkDatmHy12e%2FzVx8fLfn2ReU7TfrqYobgIk5VxvEcIXU7mPOAy%2FdGqognuaI3fMkG0LPMHYcy9sjuzJBFz9nMZXpHAxp5WK6wsTwDMdtZpVS4TFyVonx6I5e0Wjo00sa31Izr55UjTSpa3TA8%2BvWXVduQyGBA5AjRYQ%3D%3D
AE,West Bengal,2021,198,Tarakeswar,120811,119001,8,239820,226,103095,101216,1,2904,207216,86.40,https://www.eci.gov.in/eci-backend/public/api/download?url=LMAhAK6sOPBp%2FNFF0iRfXbEB1EVSLT41NNLRjYNJJP1KivrUxbfqkDatmHy12e%2FzVx8fLfn2ReU7TfrqYobgIk5VxvEcIXU7mPOAy%2FdGqognuaI3fMkG0LPMHYcy9sjuzJBFz9nMZXpHAxp5WK6wsTwDMdtZpVS4TFyVonx6I5e0Wjo00sa31Izr55UjTSpa3TA8%2BvWXVduQyGBA5AjRYQ%3D%3D
AE,West Bengal,2021,199,Pursurah,133058,126928,2,259988,296,111460,110113,0,1860,223433,85.94,https://www.eci.gov.in/eci-backend/public/api/download?url=LMAhAK6sOPBp%2FNFF0iRfXbEB1EVSLT41NNLRjYNJJP1KivrUxbfqkDatmHy12e%2FzVx8fLfn2ReU7TfrqYobgIk5VxvEcIXU7mPOAy%2FdGqognuaI3fMkG0LPMHYcy9sjuzJBFz9nMZXpHAxp5WK6wsTwDMdtZpVS4TFyVonx6I5e0Wjo00sa31Izr55UjTSpa3TA8%2BvWXVduQyGBA5AjRYQ%3D%3D
AE,West Bengal,2021,200,Arambag,130929,126690,2,257621,296,110744,107871,0,1633,220248,85.49,https://www.eci.gov.in/eci-backend/public/api/download?url=LMAhAK6sOPBp%2FNFF0iRfXbEB1EVSLT41NNLRjYNJJP1KivrUxbfqkDatmHy12e%2FzVx8fLfn2ReU7TfrqYobgIk5VxvEcIXU7mPOAy%2FdGqognuaI3fMkG0LPMHYcy9sjuzJBFz9nMZXpHAxp5WK6wsTwDMdtZpVS4TFyVonx6I5e0Wjo00sa31Izr55UjTSpa3TA8%2BvWXVduQyGBA5AjRYQ%3D%3D
AE,West Bengal,2021,201,Goghat,125807,120763,0,246570,267,112083,106307,0,1402,219792,89.14,https://www.eci.gov.in/eci-backend/public/api/download?url=LMAhAK6sOPBp%2FNFF0iRfXbEB1EVSLT41NNLRjYNJJP1KivrUxbfqkDatmHy12e%2FzVx8fLfn2ReU7TfrqYobgIk5VxvEcIXU7mPOAy%2FdGqognuaI3fMkG0LPMHYcy9sjuzJBFz9nMZXpHAxp5WK6wsTwDMdtZpVS4TFyVonx6I5e0Wjo00sa31Izr55UjTSpa3TA8%2BvWXVduQyGBA5AjRYQ%3D%3D
AE,West Bengal,2021,202,Khanakul,143436,133821,2,277259,130,104864,111989,0,1334,218187,78.69,https://www.eci.gov.in/eci-backend/public/api/download?url=LMAhAK6sOPBp%2FNFF0iRfXbEB1EVSLT41NNLRjYNJJP1KivrUxbfqkDatmHy12e%2FzVx8fLfn2ReU7TfrqYobgIk5VxvEcIXU7mPOAy%2FdGqognuaI3fMkG0LPMHYcy9sjuzJBFz9nMZXpHAxp5WK6wsTwDMdtZpVS4TFyVonx6I5e0Wjo00sa31Izr55UjTSpa3TA8%2BvWXVduQyGBA5AjRYQ%3D%3D
AE,West Bengal,2021,203,Tamluk,136623,130250,8,266881,328,117993,116214,1,2156,236364,88.57,https://www.eci.gov.in/eci-backend/public/api/download?url=LMAhAK6sOPBp%2FNFF0iRfXbEB1EVSLT41NNLRjYNJJP1KivrUxbfqkDatmHy12e%2FzVx8fLfn2ReU7TfrqYobgIk5VxvEcIXU7mPOAy%2FdGqognuaI3fMkG0LPMHYcy9sjuzJBFz9nMZXpHAxp5WK6wsTwDMdtZpVS4TFyVonx6I5e0Wjo00sa31Izr55UjTSpa3TA8%2BvWXVduQyGBA5AjRYQ%3D%3D
AE,West Bengal,2021,204,Panskura Purba,121755,114548,3,236306,167,100014,97811,0,692,198517,84.01,https://www.eci.gov.in/eci-backend/public/api/download?url=LMAhAK6sOPBp%2FNFF0iRfXbEB1EVSLT41NNLRjYNJJP1KivrUxbfqkDatmHy12e%2FzVx8fLfn2ReU7TfrqYobgIk5VxvEcIXU7mPOAy%2FdGqognuaI3fMkG0LPMHYcy9sjuzJBFz9nMZXpHAxp5WK6wsTwDMdtZpVS4TFyVonx6I5e0Wjo00sa31Izr55UjTSpa3TA8%2BvWXVduQyGBA5AjRYQ%3D%3D
AE,West Bengal,2021,205,Panskura Paschim,141024,133057,11,274092,495,115987,116660,3,1717,234367,85.51,https://www.eci.gov.in/eci-backend/public/api/download?url=LMAhAK6sOPBp%2FNFF0iRfXbEB1EVSLT41NNLRjYNJJP1KivrUxbfqkDatmHy12e%2FzVx8fLfn2ReU7TfrqYobgIk5VxvEcIXU7mPOAy%2FdGqognuaI3fMkG0LPMHYcy9sjuzJBFz9nMZXpHAxp5WK6wsTwDMdtZpVS4TFyVonx6I5e0Wjo00sa31Izr55UjTSpa3TA8%2BvWXVduQyGBA5AjRYQ%3D%3D
AE,West Bengal,2021,206,Moyna,132690,122470,4,255164,568,111695,110748,3,2322,224768,88.09,https://www.eci.gov.in/eci-backend/public/api/download?url=LMAhAK6sOPBp%2FNFF0iRfXbEB1EVSLT41NNLRjYNJJP1KivrUxbfqkDatmHy12e%2FzVx8fLfn2ReU7TfrqYobgIk5VxvEcIXU7mPOAy%2FdGqognuaI3fMkG0LPMHYcy9sjuzJBFz9nMZXpHAxp5WK6wsTwDMdtZpVS4TFyVonx6I5e0Wjo00sa31Izr55UjTSpa3TA8%2BvWXVduQyGBA5AjRYQ%3D%3D
AE,West Bengal,2021,207,Nandakumar,131100,122724,5,253829,298,114379,111940,2,1807,228128,89.87,https://www.eci.gov.in/eci-backend/public/api/download?url=LMAhAK6sOPBp%2FNFF0iRfXbEB1EVSLT41NNLRjYNJJP1KivrUxbfqkDatmHy12e%2FzVx8fLfn2ReU7TfrqYobgIk5VxvEcIXU7mPOAy%2FdGqognuaI3fMkG0LPMHYcy9sjuzJBFz9nMZXpHAxp5WK6wsTwDMdtZpVS4TFyVonx6I5e0Wjo00sa31Izr55UjTSpa3TA8%2BvWXVduQyGBA5AjRYQ%3D%3D
AE,West Bengal,2021,208,Mahisadal,125585,119677,4,245266,255,108996,108034,0,2640,219670,89.56,https://www.eci.gov.in/eci-backend/public/api/download?url=LMAhAK6sOPBp%2FNFF0iRfXbEB1EVSLT41NNLRjYNJJP1KivrUxbfqkDatmHy12e%2FzVx8fLfn2ReU7TfrqYobgIk5VxvEcIXU7mPOAy%2FdGqognuaI3fMkG0LPMHYcy9sjuzJBFz9nMZXpHAxp5WK6wsTwDMdtZpVS4TFyVonx6I5e0Wjo00sa31Izr55UjTSpa3TA8%2BvWXVduQyGBA5AjRYQ%3D%3D
AE,West Bengal,2021,209,Haldia,129382,121664,5,251051,194,113415,106119,4,1819,221357,88.17,https://www.eci.gov.in/eci-backend/public/api/download?url=LMAhAK6sOPBp%2FNFF0iRfXbEB1EVSLT41NNLRjYNJJP1KivrUxbfqkDatmHy12e%2FzVx8fLfn2ReU7TfrqYobgIk5VxvEcIXU7mPOAy%2FdGqognuaI3fMkG0LPMHYcy9sjuzJBFz9nMZXpHAxp5WK6wsTwDMdtZpVS4TFyVonx6I5e0Wjo00sa31Izr55UjTSpa3TA8%2BvWXVduQyGBA5AjRYQ%3D%3D
AE,West Bengal,2021,210,Nandigram,134085,123913,1,257999,843,115368,110993,0,2106,228467,88.55,https://www.eci.gov.in/eci-backend/public/api/download?url=LMAhAK6sOPBp%2FNFF0iRfXbEB1EVSLT41NNLRjYNJJP1KivrUxbfqkDatmHy12e%2FzVx8fLfn2ReU7TfrqYobgIk5VxvEcIXU7mPOAy%2FdGqognuaI3fMkG0LPMHYcy9sjuzJBFz9nMZXpHAxp5WK6wsTwDMdtZpVS4TFyVonx6I5e0Wjo00sa31Izr55UjTSpa3TA8%2BvWXVduQyGBA5AjRYQ%3D%3D
AE,West Bengal,2021,211,Chandipur,127397,118378,0,245775,463,111305,107694,0,1530,220529,89.73,https://www.eci.gov.in/eci-backend/public/api/download?url=LMAhAK6sOPBp%2FNFF0iRfXbEB1EVSLT41NNLRjYNJJP1KivrUxbfqkDatmHy12e%2FzVx8fLfn2ReU7TfrqYobgIk5VxvEcIXU7mPOAy%2FdGqognuaI3fMkG0LPMHYcy9sjuzJBFz9nMZXpHAxp5WK6wsTwDMdtZpVS4TFyVonx6I5e0Wjo00sa31Izr55UjTSpa3TA8%2BvWXVduQyGBA5AjRYQ%3D%3D
AE,West Bengal,2021,212,Patashpur,122974,113439,0,236413,498,104058,102714,0,2404,209176,88.48,https://www.eci.gov.in/eci-backend/public/api/download?url=LMAhAK6sOPBp%2FNFF0iRfXbEB1EVSLT41NNLRjYNJJP1KivrUxbfqkDatmHy12e%2FzVx8fLfn2ReU7TfrqYobgIk5VxvEcIXU7mPOAy%2FdGqognuaI3fMkG0LPMHYcy9sjuzJBFz9nMZXpHAxp5WK6wsTwDMdtZpVS4TFyVonx6I5e0Wjo00sa31Izr55UjTSpa3TA8%2BvWXVduQyGBA5AjRYQ%3D%3D
AE,West Bengal,2021,213,Kanthi Uttar,133127,124300,0,257427,299,115207,111195,0,2110,228512,88.77,https://www.eci.gov.in/eci-backend/public/api/download?url=LMAhAK6sOPBp%2FNFF0iRfXbEB1EVSLT41NNLRjYNJJP1KivrUxbfqkDatmHy12e%2FzVx8fLfn2ReU7TfrqYobgIk5VxvEcIXU7mPOAy%2FdGqognuaI3fMkG0LPMHYcy9sjuzJBFz9nMZXpHAxp5WK6wsTwDMdtZpVS4TFyVonx6I5e0Wjo00sa31Izr55UjTSpa3TA8%2BvWXVduQyGBA5AjRYQ%3D%3D
AE,West Bengal,2021,214,Bhagabanpur,132120,122062,2,254184,590,111620,109384,0,1811,222815,87.66,https://www.eci.gov.in/eci-backend/public/api/download?url=LMAhAK6sOPBp%2FNFF0iRfXbEB1EVSLT41NNLRjYNJJP1KivrUxbfqkDatmHy12e%2FzVx8fLfn2ReU7TfrqYobgIk5VxvEcIXU7mPOAy%2FdGqognuaI3fMkG0LPMHYcy9sjuzJBFz9nMZXpHAxp5WK6wsTwDMdtZpVS4TFyVonx6I5e0Wjo00sa31Izr55UjTSpa3TA8%2BvWXVduQyGBA5AjRYQ%3D%3D
AE,West Bengal,2021,215,Khejuri,124110,114520,0,238630,481,108477,102727,0,1658,212862,89.20,https://www.eci.gov.in/eci-backend/public/api/download?url=LMAhAK6sOPBp%2FNFF0iRfXbEB1EVSLT41NNLRjYNJJP1KivrUxbfqkDatmHy12e%2FzVx8fLfn2ReU7TfrqYobgIk5VxvEcIXU7mPOAy%2FdGqognuaI3fMkG0LPMHYcy9sjuzJBFz9nMZXpHAxp5WK6wsTwDMdtZpVS4TFyVonx6I5e0Wjo00sa31Izr55UjTSpa3TA8%2BvWXVduQyGBA5AjRYQ%3D%3D
AE,West Bengal,2021,216,Kanthi Dakshin,114204,110453,0,224657,546,97613,95031,0,2233,194877,86.74,https://www.eci.gov.in/eci-backend/public/api/download?url=LMAhAK6sOPBp%2FNFF0iRfXbEB1EVSLT41NNLRjYNJJP1KivrUxbfqkDatmHy12e%2FzVx8fLfn2ReU7TfrqYobgIk5VxvEcIXU7mPOAy%2FdGqognuaI3fMkG0LPMHYcy9sjuzJBFz9nMZXpHAxp5WK6wsTwDMdtZpVS4TFyVonx6I5e0Wjo00sa31Izr55UjTSpa3TA8%2BvWXVduQyGBA5AjRYQ%3D%3D
AE,West Bengal,2021,217,Ramnagar,135478,129418,4,264900,319,108212,112363,0,1661,222236,83.89,https://www.eci.gov.in/eci-backend/public/api/download?url=LMAhAK6sOPBp%2FNFF0iRfXbEB1EVSLT41NNLRjYNJJP1KivrUxbfqkDatmHy12e%2FzVx8fLfn2ReU7TfrqYobgIk5VxvEcIXU7mPOAy%2FdGqognuaI3fMkG0LPMHYcy9sjuzJBFz9nMZXpHAxp5WK6wsTwDMdtZpVS4TFyVonx6I5e0Wjo00sa31Izr55UjTSpa3TA8%2BvWXVduQyGBA5AjRYQ%3D%3D
AE,West Bengal,2021,218,Egra,146765,137849,0,284614,337,119131,119706,0,2363,241200,84.75,https://www.eci.gov.in/eci-backend/public/api/download?url=LMAhAK6sOPBp%2FNFF0iRfXbEB1EVSLT41NNLRjYNJJP1KivrUxbfqkDatmHy12e%2FzVx8fLfn2ReU7TfrqYobgIk5VxvEcIXU7mPOAy%2FdGqognuaI3fMkG0LPMHYcy9sjuzJBFz9nMZXpHAxp5WK6wsTwDMdtZpVS4TFyVonx6I5e0Wjo00sa31Izr55UjTSpa3TA8%2BvWXVduQyGBA5AjRYQ%3D%3D
AE,West Bengal,2021,219,Dantan,120183,113657,1,233841,219,96637,99702,1,1673,198013,84.68,https://www.eci.gov.in/eci-backend/public/api/download?url=LMAhAK6sOPBp%2FNFF0iRfXbEB1EVSLT41NNLRjYNJJP1KivrUxbfqkDatmHy12e%2FzVx8fLfn2ReU7TfrqYobgIk5VxvEcIXU7mPOAy%2FdGqognuaI3fMkG0LPMHYcy9sjuzJBFz9nMZXpHAxp5WK6wsTwDMdtZpVS4TFyVonx6I5e0Wjo00sa31Izr55UjTSpa3TA8%2BvWXVduQyGBA5AjRYQ%3D%3D
AE,West Bengal,2021,220,Nayagram,115316,111475,0,226791,185,95499,94569,0,2609,192677,84.96,https://www.eci.gov.in/eci-backend/public/api/download?url=LMAhAK6sOPBp%2FNFF0iRfXbEB1EVSLT41NNLRjYNJJP1KivrUxbfqkDatmHy12e%2FzVx8fLfn2ReU7TfrqYobgIk5VxvEcIXU7mPOAy%2FdGqognuaI3fMkG0LPMHYcy9sjuzJBFz9nMZXpHAxp5WK6wsTwDMdtZpVS4TFyVonx6I5e0Wjo00sa31Izr55UjTSpa3TA8%2BvWXVduQyGBA5AjRYQ%3D%3D
AE,West Bengal,2021,221,Gopiballavpur,114023,112394,0,226417,268,98947,97274,0,3085,199306,88.03,https://www.eci.gov.in/eci-backend/public/api/download?url=LMAhAK6sOPBp%2FNFF0iRfXbEB1EVSLT41NNLRjYNJJP1KivrUxbfqkDatmHy12e%2FzVx8fLfn2ReU7TfrqYobgIk5VxvEcIXU7mPOAy%2FdGqognuaI3fMkG0LPMHYcy9sjuzJBFz9nMZXpHAxp5WK6wsTwDMdtZpVS4TFyVonx6I5e0Wjo00sa31Izr55UjTSpa3TA8%2BvWXVduQyGBA5AjRYQ%3D%3D
AE,West Bengal,2021,222,Jhargram,117623,118401,11,236035,425,100075,98725,2,3404,202206,85.67,https://www.eci.gov.in/eci-backend/public/api/download?url=LMAhAK6sOPBp%2FNFF0iRfXbEB1EVSLT41NNLRjYNJJP1KivrUxbfqkDatmHy12e%2FzVx8fLfn2ReU7TfrqYobgIk5VxvEcIXU7mPOAy%2FdGqognuaI3fMkG0LPMHYcy9sjuzJBFz9nMZXpHAxp5WK6wsTwDMdtZpVS4TFyVonx6I5e0Wjo00sa31Izr55UjTSpa3TA8%2BvWXVduQyGBA5AjRYQ%3D%3D
AE,West Bengal,2021,223,Keshiary,121185,117650,0,238835,77,107063,104212,0,1563,212838,89.12,https://www.eci.gov.in/eci-backend/public/api/download?url=LMAhAK6sOPBp%2FNFF0iRfXbEB1EVSLT41NNLRjYNJJP1KivrUxbfqkDatmHy12e%2FzVx8fLfn2ReU7TfrqYobgIk5VxvEcIXU7mPOAy%2FdGqognuaI3fMkG0LPMHYcy9sjuzJBFz9nMZXpHAxp5WK6wsTwDMdtZpVS4TFyVonx6I5e0Wjo00sa31Izr55UjTSpa3TA8%2BvWXVduQyGBA5AjRYQ%3D%3D
AE,West Bengal,2021,224,Kharagpur Sadar,115051,119604,17,234672,232,86215,84203,2,1040,171460,73.06,https://www.eci.gov.in/eci-backend/public/api/download?url=LMAhAK6sOPBp%2FNFF0iRfXbEB1EVSLT41NNLRjYNJJP1KivrUxbfqkDatmHy12e%2FzVx8fLfn2ReU7TfrqYobgIk5VxvEcIXU7mPOAy%2FdGqognuaI3fMkG0LPMHYcy9sjuzJBFz9nMZXpHAxp5WK6wsTwDMdtZpVS4TFyVonx6I5e0Wjo00sa31Izr55UjTSpa3TA8%2BvWXVduQyGBA5AjRYQ%3D%3D
AE,West Bengal,2021,225,Narayangarh,123395,120437,0,243832,341,109458,106929,0,1432,217819,89.33,https://www.eci.gov.in/eci-backend/public/api/download?url=LMAhAK6sOPBp%2FNFF0iRfXbEB1EVSLT41NNLRjYNJJP1KivrUxbfqkDatmHy12e%2FzVx8fLfn2ReU7TfrqYobgIk5VxvEcIXU7mPOAy%2FdGqognuaI3fMkG0LPMHYcy9sjuzJBFz9nMZXpHAxp5WK6wsTwDMdtZpVS4TFyVonx6I5e0Wjo00sa31Izr55UjTSpa3TA8%2BvWXVduQyGBA5AjRYQ%3D%3D
AE,West Bengal,2021,226,Sabang,136601,128181,1,264783,505,117534,115118,0,3716,236368,89.27,https://www.eci.gov.in/eci-backend/public/api/download?url=LMAhAK6sOPBp%2FNFF0iRfXbEB1EVSLT41NNLRjYNJJP1KivrUxbfqkDatmHy12e%2FzVx8fLfn2ReU7TfrqYobgIk5VxvEcIXU7mPOAy%2FdGqognuaI3fMkG0LPMHYcy9sjuzJBFz9nMZXpHAxp5WK6wsTwDMdtZpVS4TFyVonx6I5e0Wjo00sa31Izr55UjTSpa3TA8%2BvWXVduQyGBA5AjRYQ%3D%3D
AE,West Bengal,2021,227,Pingla,129195,125859,0,255054,371,114727,112002,0,2100,228829,89.72,https://www.eci.gov.in/eci-backend/public/api/download?url=LMAhAK6sOPBp%2FNFF0iRfXbEB1EVSLT41NNLRjYNJJP1KivrUxbfqkDatmHy12e%2FzVx8fLfn2ReU7TfrqYobgIk5VxvEcIXU7mPOAy%2FdGqognuaI3fMkG0LPMHYcy9sjuzJBFz9nMZXpHAxp5WK6wsTwDMdtZpVS4TFyVonx6I5e0Wjo00sa31Izr55UjTSpa3TA8%2BvWXVduQyGBA5AjRYQ%3D%3D
AE,West Bengal,2021,228,Kharagpur,114120,112950,11,227081,410,100910,97887,0,1766,200563,88.32,https://www.eci.gov.in/eci-backend/public/api/download?url=LMAhAK6sOPBp%2FNFF0iRfXbEB1EVSLT41NNLRjYNJJP1KivrUxbfqkDatmHy12e%2FzVx8fLfn2ReU7TfrqYobgIk5VxvEcIXU7mPOAy%2FdGqognuaI3fMkG0LPMHYcy9sjuzJBFz9nMZXpHAxp5WK6wsTwDMdtZpVS4TFyVonx6I5e0Wjo00sa31Izr55UjTSpa3TA8%2BvWXVduQyGBA5AjRYQ%3D%3D
AE,West Bengal,2021,229,Debra,117223,116960,1,234184,336,99975,102465,0,2591,205031,87.55,https://www.eci.gov.in/eci-backend/public/api/download?url=LMAhAK6sOPBp%2FNFF0iRfXbEB1EVSLT41NNLRjYNJJP1KivrUxbfqkDatmHy12e%2FzVx8fLfn2ReU7TfrqYobgIk5VxvEcIXU7mPOAy%2FdGqognuaI3fMkG0LPMHYcy9sjuzJBFz9nMZXpHAxp5WK6wsTwDMdtZpVS4TFyVonx6I5e0Wjo00sa31Izr55UjTSpa3TA8%2BvWXVduQyGBA5AjRYQ%3D%3D
AE,West Bengal,2021,230,Daspur,151949,146146,1,298096,247,98832,121641,0,2133,222606,74.68,https://www.eci.gov.in/eci-backend/public/api/download?url=LMAhAK6sOPBp%2FNFF0iRfXbEB1EVSLT41NNLRjYNJJP1KivrUxbfqkDatmHy12e%2FzVx8fLfn2ReU7TfrqYobgIk5VxvEcIXU7mPOAy%2FdGqognuaI3fMkG0LPMHYcy9sjuzJBFz9nMZXpHAxp5WK6wsTwDMdtZpVS4TFyVonx6I5e0Wjo00sa31Izr55UjTSpa3TA8%2BvWXVduQyGBA5AjRYQ%3D%3D
AE,West Bengal,2021,231,Ghatal,143049,136857,2,279908,242,105675,117577,1,2417,225670,80.62,https://www.eci.gov.in/eci-backend/public/api/download?url=LMAhAK6sOPBp%2FNFF0iRfXbEB1EVSLT41NNLRjYNJJP1KivrUxbfqkDatmHy12e%2FzVx8fLfn2ReU7TfrqYobgIk5VxvEcIXU7mPOAy%2FdGqognuaI3fMkG0LPMHYcy9sjuzJBFz9nMZXpHAxp5WK6wsTwDMdtZpVS4TFyVonx6I5e0Wjo00sa31Izr55UjTSpa3TA8%2BvWXVduQyGBA5AjRYQ%3D%3D
AE,West Bengal,2021,232,Chandrakona,143152,136714,1,279867,276,125199,122749,0,1497,249445,89.13,https://www.eci.gov.in/eci-backend/public/api/download?url=LMAhAK6sOPBp%2FNFF0iRfXbEB1EVSLT41NNLRjYNJJP1KivrUxbfqkDatmHy12e%2FzVx8fLfn2ReU7TfrqYobgIk5VxvEcIXU7mPOAy%2FdGqognuaI3fMkG0LPMHYcy9sjuzJBFz9nMZXpHAxp5WK6wsTwDMdtZpVS4TFyVonx6I5e0Wjo00sa31Izr55UjTSpa3TA8%2BvWXVduQyGBA5AjRYQ%3D%3D
AE,West Bengal,2021,233,Garbeta,118554,113488,4,232046,803,106594,99742,0,2030,208366,89.80,https://www.eci.gov.in/eci-backend/public/api/download?url=LMAhAK6sOPBp%2FNFF0iRfXbEB1EVSLT41NNLRjYNJJP1KivrUxbfqkDatmHy12e%2FzVx8fLfn2ReU7TfrqYobgIk5VxvEcIXU7mPOAy%2FdGqognuaI3fMkG0LPMHYcy9sjuzJBFz9nMZXpHAxp5WK6wsTwDMdtZpVS4TFyVonx6I5e0Wjo00sa31Izr55UjTSpa3TA8%2BvWXVduQyGBA5AjRYQ%3D%3D
AE,West Bengal,2021,234,Salboni,139634,137305,1,276940,306,126170,121337,0,2329,249836,90.21,https://www.eci.gov.in/eci-backend/public/api/download?url=LMAhAK6sOPBp%2FNFF0iRfXbEB1EVSLT41NNLRjYNJJP1KivrUxbfqkDatmHy12e%2FzVx8fLfn2ReU7TfrqYobgIk5VxvEcIXU7mPOAy%2FdGqognuaI3fMkG0LPMHYcy9sjuzJBFz9nMZXpHAxp5WK6wsTwDMdtZpVS4TFyVonx6I5e0Wjo00sa31Izr55UjTSpa3TA8%2BvWXVduQyGBA5AjRYQ%3D%3D
AE,West Bengal,2021,235,Keshpur,135011,126516,2,261529,185,118587,110651,0,1123,230361,88.08,https://www.eci.gov.in/eci-backend/public/api/download?url=LMAhAK6sOPBp%2FNFF0iRfXbEB1EVSLT41NNLRjYNJJP1KivrUxbfqkDatmHy12e%2FzVx8fLfn2ReU7TfrqYobgIk5VxvEcIXU7mPOAy%2FdGqognuaI3fMkG0LPMHYcy9sjuzJBFz9nMZXpHAxp5WK6wsTwDMdtZpVS4TFyVonx6I5e0Wjo00sa31Izr55UjTSpa3TA8%2BvWXVduQyGBA5AjRYQ%3D%3D
AE,West Bengal,2021,236,Medinipur,138385,141671,4,280060,337,117805,117763,2,3562,239132,85.39,https://www.eci.gov.in/eci-backend/public/api/download?url=LMAhAK6sOPBp%2FNFF0iRfXbEB1EVSLT41NNLRjYNJJP1KivrUxbfqkDatmHy12e%2FzVx8fLfn2ReU7TfrqYobgIk5VxvEcIXU7mPOAy%2FdGqognuaI3fMkG0LPMHYcy9sjuzJBFz9nMZXpHAxp5WK6wsTwDMdtZpVS4TFyVonx6I5e0Wjo00sa31Izr55UjTSpa3TA8%2BvWXVduQyGBA5AjRYQ%3D%3D
AE,West Bengal,2021,237,Binpur,111503,112532,1,224036,396,93813,93805,0,1385,189003,84.36,https://www.eci.gov.in/eci-backend/public/api/download?url=LMAhAK6sOPBp%2FNFF0iRfXbEB1EVSLT41NNLRjYNJJP1KivrUxbfqkDatmHy12e%2FzVx8fLfn2ReU7TfrqYobgIk5VxvEcIXU7mPOAy%2FdGqognuaI3fMkG0LPMHYcy9sjuzJBFz9nMZXpHAxp5WK6wsTwDMdtZpVS4TFyVonx6I5e0Wjo00sa31Izr55UjTSpa3TA8%2BvWXVduQyGBA5AjRYQ%3D%3D
AE,West Bengal,2021,238,Bandwan,143661,141179,0,284840,195,120262,119177,0,2842,242281,85.06,https://www.eci.gov.in/eci-backend/public/api/download?url=LMAhAK6sOPBp%2FNFF0iRfXbEB1EVSLT41NNLRjYNJJP1KivrUxbfqkDatmHy12e%2FzVx8fLfn2ReU7TfrqYobgIk5VxvEcIXU7mPOAy%2FdGqognuaI3fMkG0LPMHYcy9sjuzJBFz9nMZXpHAxp5WK6wsTwDMdtZpVS4TFyVonx6I5e0Wjo00sa31Izr55UjTSpa3TA8%2BvWXVduQyGBA5AjRYQ%3D%3D
AE,West Bengal,2021,239,Balarampur,122638,115472,3,238113,298,101146,95446,0,1673,198265,83.27,https://www.eci.gov.in/eci-backend/public/api/download?url=LMAhAK6sOPBp%2FNFF0iRfXbEB1EVSLT41NNLRjYNJJP1KivrUxbfqkDatmHy12e%2FzVx8fLfn2ReU7TfrqYobgIk5VxvEcIXU7mPOAy%2FdGqognuaI3fMkG0LPMHYcy9sjuzJBFz9nMZXpHAxp5WK6wsTwDMdtZpVS4TFyVonx6I5e0Wjo00sa31Izr55UjTSpa3TA8%2BvWXVduQyGBA5AjRYQ%3D%3D
AE,West Bengal,2021,240,Baghmundi,127803,121806,4,249613,297,104130,100521,1,2279,206931,82.90,https://www.eci.gov.in/eci-backend/public/api/download?url=LMAhAK6sOPBp%2FNFF0iRfXbEB1EVSLT41NNLRjYNJJP1KivrUxbfqkDatmHy12e%2FzVx8fLfn2ReU7TfrqYobgIk5VxvEcIXU7mPOAy%2FdGqognuaI3fMkG0LPMHYcy9sjuzJBFz9nMZXpHAxp5WK6wsTwDMdtZpVS4TFyVonx6I5e0Wjo00sa31Izr55UjTSpa3TA8%2BvWXVduQyGBA5AjRYQ%3D%3D
AE,West Bengal,2021,241,Joypur,128197,121422,2,249621,239,103210,97846,1,2170,203227,81.41,https://www.eci.gov.in/eci-backend/public/api/download?url=LMAhAK6sOPBp%2FNFF0iRfXbEB1EVSLT41NNLRjYNJJP1KivrUxbfqkDatmHy12e%2FzVx8fLfn2ReU7TfrqYobgIk5VxvEcIXU7mPOAy%2FdGqognuaI3fMkG0LPMHYcy9sjuzJBFz9nMZXpHAxp5WK6wsTwDMdtZpVS4TFyVonx6I5e0Wjo00sa31Izr55UjTSpa3TA8%2BvWXVduQyGBA5AjRYQ%3D%3D
AE,West Bengal,2021,242,Purulia,131505,127441,1,258947,459,104834,100723,0,2255,207812,80.25,https://www.eci.gov.in/eci-backend/public/api/download?url=LMAhAK6sOPBp%2FNFF0iRfXbEB1EVSLT41NNLRjYNJJP1KivrUxbfqkDatmHy12e%2FzVx8fLfn2ReU7TfrqYobgIk5VxvEcIXU7mPOAy%2FdGqognuaI3fMkG0LPMHYcy9sjuzJBFz9nMZXpHAxp5WK6wsTwDMdtZpVS4TFyVonx6I5e0Wjo00sa31Izr55UjTSpa3TA8%2BvWXVduQyGBA5AjRYQ%3D%3D
AE,West Bengal,2021,243,Manbazar,127849,125858,1,253708,452,105634,106227,1,3342,215204,84.82,https://www.eci.gov.in/eci-backend/public/api/download?url=LMAhAK6sOPBp%2FNFF0iRfXbEB1EVSLT41NNLRjYNJJP1KivrUxbfqkDatmHy12e%2FzVx8fLfn2ReU7TfrqYobgIk5VxvEcIXU7mPOAy%2FdGqognuaI3fMkG0LPMHYcy9sjuzJBFz9nMZXpHAxp5WK6wsTwDMdtZpVS4TFyVonx6I5e0Wjo00sa31Izr55UjTSpa3TA8%2BvWXVduQyGBA5AjRYQ%3D%3D
AE,West Bengal,2021,244,Kashipur,120121,118750,0,238871,418,97738,96349,0,2199,196286,82.17,https://www.eci.gov.in/eci-backend/public/api/download?url=LMAhAK6sOPBp%2FNFF0iRfXbEB1EVSLT41NNLRjYNJJP1KivrUxbfqkDatmHy12e%2FzVx8fLfn2ReU7TfrqYobgIk5VxvEcIXU7mPOAy%2FdGqognuaI3fMkG0LPMHYcy9sjuzJBFz9nMZXpHAxp5WK6wsTwDMdtZpVS4TFyVonx6I5e0Wjo00sa31Izr55UjTSpa3TA8%2BvWXVduQyGBA5AjRYQ%3D%3D
AE,West Bengal,2021,245,Para,126128,117775,3,243906,229,100591,92539,3,918,194051,79.56,https://www.eci.gov.in/eci-backend/public/api/download?url=LMAhAK6sOPBp%2FNFF0iRfXbEB1EVSLT41NNLRjYNJJP1KivrUxbfqkDatmHy12e%2FzVx8fLfn2ReU7TfrqYobgIk5VxvEcIXU7mPOAy%2FdGqognuaI3fMkG0LPMHYcy9sjuzJBFz9nMZXpHAxp5WK6wsTwDMdtZpVS4TFyVonx6I5e0Wjo00sa31Izr55UjTSpa3TA8%2BvWXVduQyGBA5AjRYQ%3D%3D
AE,West Bengal,2021,246,Raghunathpur,132233,127199,2,259434,416,110808,102196,0,2233,215237,82.96,https://www.eci.gov.in/eci-backend/public/api/download?url=LMAhAK6sOPBp%2FNFF0iRfXbEB1EVSLT41NNLRjYNJJP1KivrUxbfqkDatmHy12e%2FzVx8fLfn2ReU7TfrqYobgIk5VxvEcIXU7mPOAy%2FdGqognuaI3fMkG0LPMHYcy9sjuzJBFz9nMZXpHAxp5WK6wsTwDMdtZpVS4TFyVonx6I5e0Wjo00sa31Izr55UjTSpa3TA8%2BvWXVduQyGBA5AjRYQ%3D%3D
AE,West Bengal,2021,247,Saltora,119544,112973,0,232517,359,104765,96208,0,1538,202511,87.10,https://www.eci.gov.in/eci-backend/public/api/download?url=LMAhAK6sOPBp%2FNFF0iRfXbEB1EVSLT41NNLRjYNJJP1KivrUxbfqkDatmHy12e%2FzVx8fLfn2ReU7TfrqYobgIk5VxvEcIXU7mPOAy%2FdGqognuaI3fMkG0LPMHYcy9sjuzJBFz9nMZXpHAxp5WK6wsTwDMdtZpVS4TFyVonx6I5e0Wjo00sa31Izr55UjTSpa3TA8%2BvWXVduQyGBA5AjRYQ%3D%3D
AE,West Bengal,2021,248,Chhatna,124355,117915,0,242270,752,98804,96586,0,1630,197020,81.32,https://www.eci.gov.in/eci-backend/public/api/download?url=LMAhAK6sOPBp%2FNFF0iRfXbEB1EVSLT41NNLRjYNJJP1KivrUxbfqkDatmHy12e%2FzVx8fLfn2ReU7TfrqYobgIk5VxvEcIXU7mPOAy%2FdGqognuaI3fMkG0LPMHYcy9sjuzJBFz9nMZXpHAxp5WK6wsTwDMdtZpVS4TFyVonx6I5e0Wjo00sa31Izr55UjTSpa3TA8%2BvWXVduQyGBA5AjRYQ%3D%3D
AE,West Bengal,2021,249,Ranibandh,127962,125397,0,253359,652,104726,104213,0,2639,211578,83.51,https://www.eci.gov.in/eci-backend/public/api/download?url=LMAhAK6sOPBp%2FNFF0iRfXbEB1EVSLT41NNLRjYNJJP1KivrUxbfqkDatmHy12e%2FzVx8fLfn2ReU7TfrqYobgIk5VxvEcIXU7mPOAy%2FdGqognuaI3fMkG0LPMHYcy9sjuzJBFz9nMZXpHAxp5WK6wsTwDMdtZpVS4TFyVonx6I5e0Wjo00sa31Izr55UjTSpa3TA8%2BvWXVduQyGBA5AjRYQ%3D%3D
AE,West Bengal,2021,250,Raipur,113042,111562,0,224604,505,97234,95577,0,2212,195023,86.83,https://www.eci.gov.in/eci-backend/public/api/download?url=LMAhAK6sOPBp%2FNFF0iRfXbEB1EVSLT41NNLRjYNJJP1KivrUxbfqkDatmHy12e%2FzVx8fLfn2ReU7TfrqYobgIk5VxvEcIXU7mPOAy%2FdGqognuaI3fMkG0LPMHYcy9sjuzJBFz9nMZXpHAxp5WK6wsTwDMdtZpVS4TFyVonx6I5e0Wjo00sa31Izr55UjTSpa3TA8%2BvWXVduQyGBA5AjRYQ%3D%3D
AE,West Bengal,2021,251,Taldangra,119072,114219,0,233291,1105,102238,98731,0,2578,203547,87.25,https://www.eci.gov.in/eci-backend/public/api/download?url=LMAhAK6sOPBp%2FNFF0iRfXbEB1EVSLT41NNLRjYNJJP1KivrUxbfqkDatmHy12e%2FzVx8fLfn2ReU7TfrqYobgIk5VxvEcIXU7mPOAy%2FdGqognuaI3fMkG0LPMHYcy9sjuzJBFz9nMZXpHAxp5WK6wsTwDMdtZpVS4TFyVonx6I5e0Wjo00sa31Izr55UjTSpa3TA8%2BvWXVduQyGBA5AjRYQ%3D%3D
AE,West Bengal,2021,252,Bankura,135684,134143,2,269829,720,109392,106369,0,2297,218058,80.81,https://www.eci.gov.in/eci-backend/public/api/download?url=LMAhAK6sOPBp%2FNFF0iRfXbEB1EVSLT41NNLRjYNJJP1KivrUxbfqkDatmHy12e%2FzVx8fLfn2ReU7TfrqYobgIk5VxvEcIXU7mPOAy%2FdGqognuaI3fMkG0LPMHYcy9sjuzJBFz9nMZXpHAxp5WK6wsTwDMdtZpVS4TFyVonx6I5e0Wjo00sa31Izr55UjTSpa3TA8%2BvWXVduQyGBA5AjRYQ%3D%3D
AE,West Bengal,2021,253,Barjora,127699,123029,1,250729,836,112903,105125,1,1710,219739,87.64,https://www.eci.gov.in/eci-backend/public/api/download?url=LMAhAK6sOPBp%2FNFF0iRfXbEB1EVSLT41NNLRjYNJJP1KivrUxbfqkDatmHy12e%2FzVx8fLfn2ReU7TfrqYobgIk5VxvEcIXU7mPOAy%2FdGqognuaI3fMkG0LPMHYcy9sjuzJBFz9nMZXpHAxp5WK6wsTwDMdtZpVS4TFyVonx6I5e0Wjo00sa31Izr55UjTSpa3TA8%2BvWXVduQyGBA5AjRYQ%3D%3D
AE,West Bengal,2021,254,Onda,131694,125211,1,256906,756,115457,108793,0,1979,226229,88.06,https://www.eci.gov.in/eci-backend/public/api/download?url=LMAhAK6sOPBp%2FNFF0iRfXbEB1EVSLT41NNLRjYNJJP1KivrUxbfqkDatmHy12e%2FzVx8fLfn2ReU7TfrqYobgIk5VxvEcIXU7mPOAy%2FdGqognuaI3fMkG0LPMHYcy9sjuzJBFz9nMZXpHAxp5WK6wsTwDMdtZpVS4TFyVonx6I5e0Wjo00sa31Izr55UjTSpa3TA8%2BvWXVduQyGBA5AjRYQ%3D%3D
AE,West Bengal,2021,255,Bishnupur,111392,107892,0,219284,593,97053,93181,0,2053,192287,87.69,https://www.eci.gov.in/eci-backend/public/api/download?url=LMAhAK6sOPBp%2FNFF0iRfXbEB1EVSLT41NNLRjYNJJP1KivrUxbfqkDatmHy12e%2FzVx8fLfn2ReU7TfrqYobgIk5VxvEcIXU7mPOAy%2FdGqognuaI3fMkG0LPMHYcy9sjuzJBFz9nMZXpHAxp5WK6wsTwDMdtZpVS4TFyVonx6I5e0Wjo00sa31Izr55UjTSpa3TA8%2BvWXVduQyGBA5AjRYQ%3D%3D
AE,West Bengal,2021,256,Katulpur,126160,120625,0,246785,777,113245,108157,0,2964,224366,90.92,https://www.eci.gov.in/eci-backend/public/api/download?url=LMAhAK6sOPBp%2FNFF0iRfXbEB1EVSLT41NNLRjYNJJP1KivrUxbfqkDatmHy12e%2FzVx8fLfn2ReU7TfrqYobgIk5VxvEcIXU7mPOAy%2FdGqognuaI3fMkG0LPMHYcy9sjuzJBFz9nMZXpHAxp5WK6wsTwDMdtZpVS4TFyVonx6I5e0Wjo00sa31Izr55UjTSpa3TA8%2BvWXVduQyGBA5AjRYQ%3D%3D
AE,West Bengal,2021,257,Indus,123722,119215,1,242938,571,110375,106263,0,2218,218856,90.09,https://www.eci.gov.in/eci-backend/public/api/download?url=LMAhAK6sOPBp%2FNFF0iRfXbEB1EVSLT41NNLRjYNJJP1KivrUxbfqkDatmHy12e%2FzVx8fLfn2ReU7TfrqYobgIk5VxvEcIXU7mPOAy%2FdGqognuaI3fMkG0LPMHYcy9sjuzJBFz9nMZXpHAxp5WK6wsTwDMdtZpVS4TFyVonx6I5e0Wjo00sa31Izr55UjTSpa3TA8%2BvWXVduQyGBA5AjRYQ%3D%3D
AE,West Bengal,2021,258,Sonamukhi,119429,113630,0,233059,552,105625,100053,0,2272,207950,89.23,https://www.eci.gov.in/eci-backend/public/api/download?url=LMAhAK6sOPBp%2FNFF0iRfXbEB1EVSLT41NNLRjYNJJP1KivrUxbfqkDatmHy12e%2FzVx8fLfn2ReU7TfrqYobgIk5VxvEcIXU7mPOAy%2FdGqognuaI3fMkG0LPMHYcy9sjuzJBFz9nMZXpHAxp5WK6wsTwDMdtZpVS4TFyVonx6I5e0Wjo00sa31Izr55UjTSpa3TA8%2BvWXVduQyGBA5AjRYQ%3D%3D
AE,West Bengal,2021,259,Khandaghosh,122879,119851,0,242730,98,110538,105590,0,1859,217987,89.81,https://www.eci.gov.in/eci-backend/public/api/download?url=LMAhAK6sOPBp%2FNFF0iRfXbEB1EVSLT41NNLRjYNJJP1KivrUxbfqkDatmHy12e%2FzVx8fLfn2ReU7TfrqYobgIk5VxvEcIXU7mPOAy%2FdGqognuaI3fMkG0LPMHYcy9sjuzJBFz9nMZXpHAxp5WK6wsTwDMdtZpVS4TFyVonx6I5e0Wjo00sa31Izr55UjTSpa3TA8%2BvWXVduQyGBA5AjRYQ%3D%3D
AE,West Bengal,2021,260,Bardhaman Dakshin,127611,130321,8,257940,157,103929,100224,3,2192,206348,80.00,https://www.eci.gov.in/eci-backend/public/api/download?url=LMAhAK6sOPBp%2FNFF0iRfXbEB1EVSLT41NNLRjYNJJP1KivrUxbfqkDatmHy12e%2FzVx8fLfn2ReU7TfrqYobgIk5VxvEcIXU7mPOAy%2FdGqognuaI3fMkG0LPMHYcy9sjuzJBFz9nMZXpHAxp5WK6wsTwDMdtZpVS4TFyVonx6I5e0Wjo00sa31Izr55UjTSpa3TA8%2BvWXVduQyGBA5AjRYQ%3D%3D
AE,West Bengal,2021,261,Raina,131468,127267,7,258742,186,117086,110487,0,1849,229422,88.67,https://www.eci.gov.in/eci-backend/public/api/download?url=LMAhAK6sOPBp%2FNFF0iRfXbEB1EVSLT41NNLRjYNJJP1KivrUxbfqkDatmHy12e%2FzVx8fLfn2ReU7TfrqYobgIk5VxvEcIXU7mPOAy%2FdGqognuaI3fMkG0LPMHYcy9sjuzJBFz9nMZXpHAxp5WK6wsTwDMdtZpVS4TFyVonx6I5e0Wjo00sa31Izr55UjTSpa3TA8%2BvWXVduQyGBA5AjRYQ%3D%3D
AE,West Bengal,2021,262,Jamalpur,119289,116677,7,235973,74,104191,101490,0,1196,206877,87.67,https://www.eci.gov.in/eci-backend/public/api/download?url=LMAhAK6sOPBp%2FNFF0iRfXbEB1EVSLT41NNLRjYNJJP1KivrUxbfqkDatmHy12e%2FzVx8fLfn2ReU7TfrqYobgIk5VxvEcIXU7mPOAy%2FdGqognuaI3fMkG0LPMHYcy9sjuzJBFz9nMZXpHAxp5WK6wsTwDMdtZpVS4TFyVonx6I5e0Wjo00sa31Izr55UjTSpa3TA8%2BvWXVduQyGBA5AjRYQ%3D%3D
AE,West Bengal,2021,263,Monteswar,123239,118986,4,242229,190,104713,103309,1,1225,209248,86.38,https://www.eci.gov.in/eci-backend/public/api/download?url=LMAhAK6sOPBp%2FNFF0iRfXbEB1EVSLT41NNLRjYNJJP1KivrUxbfqkDatmHy12e%2FzVx8fLfn2ReU7TfrqYobgIk5VxvEcIXU7mPOAy%2FdGqognuaI3fMkG0LPMHYcy9sjuzJBFz9nMZXpHAxp5WK6wsTwDMdtZpVS4TFyVonx6I5e0Wjo00sa31Izr55UjTSpa3TA8%2BvWXVduQyGBA5AjRYQ%3D%3D
AE,West Bengal,2021,264,Kalna,122904,118561,6,241471,185,105956,102680,1,875,209512,86.76,https://www.eci.gov.in/eci-backend/public/api/download?url=LMAhAK6sOPBp%2FNFF0iRfXbEB1EVSLT41NNLRjYNJJP1KivrUxbfqkDatmHy12e%2FzVx8fLfn2ReU7TfrqYobgIk5VxvEcIXU7mPOAy%2FdGqognuaI3fMkG0LPMHYcy9sjuzJBFz9nMZXpHAxp5WK6wsTwDMdtZpVS4TFyVonx6I5e0Wjo00sa31Izr55UjTSpa3TA8%2BvWXVduQyGBA5AjRYQ%3D%3D
AE,West Bengal,2021,265,Memari,127139,127086,11,254236,108,109320,108639,3,930,218892,86.10,https://www.eci.gov.in/eci-backend/public/api/download?url=LMAhAK6sOPBp%2FNFF0iRfXbEB1EVSLT41NNLRjYNJJP1KivrUxbfqkDatmHy12e%2FzVx8fLfn2ReU7TfrqYobgIk5VxvEcIXU7mPOAy%2FdGqognuaI3fMkG0LPMHYcy9sjuzJBFz9nMZXpHAxp5WK6wsTwDMdtZpVS4TFyVonx6I5e0Wjo00sa31Izr55UjTSpa3TA8%2BvWXVduQyGBA5AjRYQ%3D%3D
AE,West Bengal,2021,266,Bardhaman Uttar,138385,138639,2,277026,141,121668,118736,2,1692,242098,87.39,https://www.eci.gov.in/eci-backend/public/api/download?url=LMAhAK6sOPBp%2FNFF0iRfXbEB1EVSLT41NNLRjYNJJP1KivrUxbfqkDatmHy12e%2FzVx8fLfn2ReU7TfrqYobgIk5VxvEcIXU7mPOAy%2FdGqognuaI3fMkG0LPMHYcy9sjuzJBFz9nMZXpHAxp5WK6wsTwDMdtZpVS4TFyVonx6I5e0Wjo00sa31Izr55UjTSpa3TA8%2BvWXVduQyGBA5AjRYQ%3D%3D
AE,West Bengal,2021,267,Bhatar,124612,122080,2,246694,188,108288,105247,1,1399,214935,87.13,https://www.eci.gov.in/eci-backend/public/api/download?url=LMAhAK6sOPBp%2FNFF0iRfXbEB1EVSLT41NNLRjYNJJP1KivrUxbfqkDatmHy12e%2FzVx8fLfn2ReU7TfrqYobgIk5VxvEcIXU7mPOAy%2FdGqognuaI3fMkG0LPMHYcy9sjuzJBFz9nMZXpHAxp5WK6wsTwDMdtZpVS4TFyVonx6I5e0Wjo00sa31Izr55UjTSpa3TA8%2BvWXVduQyGBA5AjRYQ%3D%3D
AE,West Bengal,2021,268,Purbasthali Dakshin,127256,121275,2,248533,236,108739,105730,0,955,215424,86.68,https://www.eci.gov.in/eci-backend/public/api/download?url=LMAhAK6sOPBp%2FNFF0iRfXbEB1EVSLT41NNLRjYNJJP1KivrUxbfqkDatmHy12e%2FzVx8fLfn2ReU7TfrqYobgIk5VxvEcIXU7mPOAy%2FdGqognuaI3fMkG0LPMHYcy9sjuzJBFz9nMZXpHAxp5WK6wsTwDMdtZpVS4TFyVonx6I5e0Wjo00sa31Izr55UjTSpa3TA8%2BvWXVduQyGBA5AjRYQ%3D%3D
AE,West Bengal,2021,269,Purbasthali Uttar,131278,121344,4,252626,443,106425,104532,0,1553,212510,84.12,https://www.eci.gov.in/eci-backend/public/api/download?url=LMAhAK6sOPBp%2FNFF0iRfXbEB1EVSLT41NNLRjYNJJP1KivrUxbfqkDatmHy12e%2FzVx8fLfn2ReU7TfrqYobgIk5VxvEcIXU7mPOAy%2FdGqognuaI3fMkG0LPMHYcy9sjuzJBFz9nMZXpHAxp5WK6wsTwDMdtZpVS4TFyVonx6I5e0Wjo00sa31Izr55UjTSpa3TA8%2BvWXVduQyGBA5AjRYQ%3D%3D
AE,West Bengal,2021,270,Katwa,136906,130819,13,267738,459,111765,111630,3,1862,225260,84.13,https://www.eci.gov.in/eci-backend/public/api/download?url=LMAhAK6sOPBp%2FNFF0iRfXbEB1EVSLT41NNLRjYNJJP1KivrUxbfqkDatmHy12e%2FzVx8fLfn2ReU7TfrqYobgIk5VxvEcIXU7mPOAy%2FdGqognuaI3fMkG0LPMHYcy9sjuzJBFz9nMZXpHAxp5WK6wsTwDMdtZpVS4TFyVonx6I5e0Wjo00sa31Izr55UjTSpa3TA8%2BvWXVduQyGBA5AjRYQ%3D%3D
AE,West Bengal,2021,271,Ketugram,133987,124315,8,258310,682,108165,106320,2,1287,215774,83.53,https://www.eci.gov.in/eci-backend/public/api/download?url=LMAhAK6sOPBp%2FNFF0iRfXbEB1EVSLT41NNLRjYNJJP1KivrUxbfqkDatmHy12e%2FzVx8fLfn2ReU7TfrqYobgIk5VxvEcIXU7mPOAy%2FdGqognuaI3fMkG0LPMHYcy9sjuzJBFz9nMZXpHAxp5WK6wsTwDMdtZpVS4TFyVonx6I5e0Wjo00sa31Izr55UjTSpa3TA8%2BvWXVduQyGBA5AjRYQ%3D%3D
AE,West Bengal,2021,272,Mangalkot,128883,122117,3,251003,203,109830,106180,0,1569,217579,86.68,https://www.eci.gov.in/eci-backend/public/api/download?url=LMAhAK6sOPBp%2FNFF0iRfXbEB1EVSLT41NNLRjYNJJP1KivrUxbfqkDatmHy12e%2FzVx8fLfn2ReU7TfrqYobgIk5VxvEcIXU7mPOAy%2FdGqognuaI3fMkG0LPMHYcy9sjuzJBFz9nMZXpHAxp5WK6wsTwDMdtZpVS4TFyVonx6I5e0Wjo00sa31Izr55UjTSpa3TA8%2BvWXVduQyGBA5AjRYQ%3D%3D
AE,West Bengal,2021,273,Ausgram,124808,122145,3,246956,108,110982,105134,1,1291,217408,88.04,https://www.eci.gov.in/eci-backend/public/api/download?url=LMAhAK6sOPBp%2FNFF0iRfXbEB1EVSLT41NNLRjYNJJP1KivrUxbfqkDatmHy12e%2FzVx8fLfn2ReU7TfrqYobgIk5VxvEcIXU7mPOAy%2FdGqognuaI3fMkG0LPMHYcy9sjuzJBFz9nMZXpHAxp5WK6wsTwDMdtZpVS4TFyVonx6I5e0Wjo00sa31Izr55UjTSpa3TA8%2BvWXVduQyGBA5AjRYQ%3D%3D
AE,West Bengal,2021,274,Galsi,130585,126056,1,256642,174,114269,107199,1,1211,222680,86.77,https://www.eci.gov.in/eci-backend/public/api/download?url=LMAhAK6sOPBp%2FNFF0iRfXbEB1EVSLT41NNLRjYNJJP1KivrUxbfqkDatmHy12e%2FzVx8fLfn2ReU7TfrqYobgIk5VxvEcIXU7mPOAy%2FdGqognuaI3fMkG0LPMHYcy9sjuzJBFz9nMZXpHAxp5WK6wsTwDMdtZpVS4TFyVonx6I5e0Wjo00sa31Izr55UjTSpa3TA8%2BvWXVduQyGBA5AjRYQ%3D%3D
AE,West Bengal,2021,275,Pandabeswar,110561,101398,1,211960,76,87492,75299,0,1855,164646,77.68,https://www.eci.gov.in/eci-backend/public/api/download?url=LMAhAK6sOPBp%2FNFF0iRfXbEB1EVSLT41NNLRjYNJJP1KivrUxbfqkDatmHy12e%2FzVx8fLfn2ReU7TfrqYobgIk5VxvEcIXU7mPOAy%2FdGqognuaI3fMkG0LPMHYcy9sjuzJBFz9nMZXpHAxp5WK6wsTwDMdtZpVS4TFyVonx6I5e0Wjo00sa31Izr55UjTSpa3TA8%2BvWXVduQyGBA5AjRYQ%3D%3D
AE,West Bengal,2021,276,Durgapur Purba,129493,127037,1,256531,259,100024,90858,0,2047,192929,75.21,https://www.eci.gov.in/eci-backend/public/api/download?url=LMAhAK6sOPBp%2FNFF0iRfXbEB1EVSLT41NNLRjYNJJP1KivrUxbfqkDatmHy12e%2FzVx8fLfn2ReU7TfrqYobgIk5VxvEcIXU7mPOAy%2FdGqognuaI3fMkG0LPMHYcy9sjuzJBFz9nMZXpHAxp5WK6wsTwDMdtZpVS4TFyVonx6I5e0Wjo00sa31Izr55UjTSpa3TA8%2BvWXVduQyGBA5AjRYQ%3D%3D
AE,West Bengal,2021,277,Durgapur Paschim,138154,131149,0,269303,193,104153,91135,0,1694,196982,73.15,https://www.eci.gov.in/eci-backend/public/api/download?url=LMAhAK6sOPBp%2FNFF0iRfXbEB1EVSLT41NNLRjYNJJP1KivrUxbfqkDatmHy12e%2FzVx8fLfn2ReU7TfrqYobgIk5VxvEcIXU7mPOAy%2FdGqognuaI3fMkG0LPMHYcy9sjuzJBFz9nMZXpHAxp5WK6wsTwDMdtZpVS4TFyVonx6I5e0Wjo00sa31Izr55UjTSpa3TA8%2BvWXVduQyGBA5AjRYQ%3D%3D
AE,West Bengal,2021,278,Raniganj,129731,121079,3,250813,166,96859,84063,1,1334,182257,72.67,https://www.eci.gov.in/eci-backend/public/api/download?url=LMAhAK6sOPBp%2FNFF0iRfXbEB1EVSLT41NNLRjYNJJP1KivrUxbfqkDatmHy12e%2FzVx8fLfn2ReU7TfrqYobgIk5VxvEcIXU7mPOAy%2FdGqognuaI3fMkG0LPMHYcy9sjuzJBFz9nMZXpHAxp5WK6wsTwDMdtZpVS4TFyVonx6I5e0Wjo00sa31Izr55UjTSpa3TA8%2BvWXVduQyGBA5AjRYQ%3D%3D
AE,West Bengal,2021,279,Jamuria,115170,106246,3,221419,75,89790,75868,1,1274,166933,75.39,https://www.eci.gov.in/eci-backend/public/api/download?url=LMAhAK6sOPBp%2FNFF0iRfXbEB1EVSLT41NNLRjYNJJP1KivrUxbfqkDatmHy12e%2FzVx8fLfn2ReU7TfrqYobgIk5VxvEcIXU7mPOAy%2FdGqognuaI3fMkG0LPMHYcy9sjuzJBFz9nMZXpHAxp5WK6wsTwDMdtZpVS4TFyVonx6I5e0Wjo00sa31Izr55UjTSpa3TA8%2BvWXVduQyGBA5AjRYQ%3D%3D
AE,West Bengal,2021,280,Asansol Dakshin,141542,132694,9,274245,243,103321,89462,2,2158,194943,71.08,https://www.eci.gov.in/eci-backend/public/api/download?url=LMAhAK6sOPBp%2FNFF0iRfXbEB1EVSLT41NNLRjYNJJP1KivrUxbfqkDatmHy12e%2FzVx8fLfn2ReU7TfrqYobgIk5VxvEcIXU7mPOAy%2FdGqognuaI3fMkG0LPMHYcy9sjuzJBFz9nMZXpHAxp5WK6wsTwDMdtZpVS4TFyVonx6I5e0Wjo00sa31Izr55UjTSpa3TA8%2BvWXVduQyGBA5AjRYQ%3D%3D
AE,West Bengal,2021,281,Asansol Uttar,139900,135881,15,275796,156,101520,89260,2,2385,193167,70.04,https://www.eci.gov.in/eci-backend/public/api/download?url=LMAhAK6sOPBp%2FNFF0iRfXbEB1EVSLT41NNLRjYNJJP1KivrUxbfqkDatmHy12e%2FzVx8fLfn2ReU7TfrqYobgIk5VxvEcIXU7mPOAy%2FdGqognuaI3fMkG0LPMHYcy9sjuzJBFz9nMZXpHAxp5WK6wsTwDMdtZpVS4TFyVonx6I5e0Wjo00sa31Izr55UjTSpa3TA8%2BvWXVduQyGBA5AjRYQ%3D%3D
AE,West Bengal,2021,282,Kulti,130819,120841,11,251671,234,93933,79873,4,1132,174942,69.51,https://www.eci.gov.in/eci-backend/public/api/download?url=LMAhAK6sOPBp%2FNFF0iRfXbEB1EVSLT41NNLRjYNJJP1KivrUxbfqkDatmHy12e%2FzVx8fLfn2ReU7TfrqYobgIk5VxvEcIXU7mPOAy%2FdGqognuaI3fMkG0LPMHYcy9sjuzJBFz9nMZXpHAxp5WK6wsTwDMdtZpVS4TFyVonx6I5e0Wjo00sa31Izr55UjTSpa3TA8%2BvWXVduQyGBA5AjRYQ%3D%3D
AE,West Bengal,2021,283,Barabani,114675,110917,4,225596,116,88812,78490,0,2318,169620,75.19,https://www.eci.gov.in/eci-backend/public/api/download?url=LMAhAK6sOPBp%2FNFF0iRfXbEB1EVSLT41NNLRjYNJJP1KivrUxbfqkDatmHy12e%2FzVx8fLfn2ReU7TfrqYobgIk5VxvEcIXU7mPOAy%2FdGqognuaI3fMkG0LPMHYcy9sjuzJBFz9nMZXpHAxp5WK6wsTwDMdtZpVS4TFyVonx6I5e0Wjo00sa31Izr55UjTSpa3TA8%2BvWXVduQyGBA5AjRYQ%3D%3D
AE,West Bengal,2021,284,Dubrajpur,123589,118152,1,241742,315,106661,95883,0,2326,204870,84.75,https://www.eci.gov.in/eci-backend/public/api/download?url=LMAhAK6sOPBp%2FNFF0iRfXbEB1EVSLT41NNLRjYNJJP1KivrUxbfqkDatmHy12e%2FzVx8fLfn2ReU7TfrqYobgIk5VxvEcIXU7mPOAy%2FdGqognuaI3fMkG0LPMHYcy9sjuzJBFz9nMZXpHAxp5WK6wsTwDMdtZpVS4TFyVonx6I5e0Wjo00sa31Izr55UjTSpa3TA8%2BvWXVduQyGBA5AjRYQ%3D%3D
AE,West Bengal,2021,285,Suri,132586,130971,0,263557,346,111125,104151,0,3710,218986,83.09,https://www.eci.gov.in/eci-backend/public/api/download?url=LMAhAK6sOPBp%2FNFF0iRfXbEB1EVSLT41NNLRjYNJJP1KivrUxbfqkDatmHy12e%2FzVx8fLfn2ReU7TfrqYobgIk5VxvEcIXU7mPOAy%2FdGqognuaI3fMkG0LPMHYcy9sjuzJBFz9nMZXpHAxp5WK6wsTwDMdtZpVS4TFyVonx6I5e0Wjo00sa31Izr55UjTSpa3TA8%2BvWXVduQyGBA5AjRYQ%3D%3D
AE,West Bengal,2021,286,Bolpur,137529,136360,7,273896,268,116813,110286,1,3564,230664,84.22,https://www.eci.gov.in/eci-backend/public/api/download?url=LMAhAK6sOPBp%2FNFF0iRfXbEB1EVSLT41NNLRjYNJJP1KivrUxbfqkDatmHy12e%2FzVx8fLfn2ReU7TfrqYobgIk5VxvEcIXU7mPOAy%2FdGqognuaI3fMkG0LPMHYcy9sjuzJBFz9nMZXpHAxp5WK6wsTwDMdtZpVS4TFyVonx6I5e0Wjo00sa31Izr55UjTSpa3TA8%2BvWXVduQyGBA5AjRYQ%3D%3D
AE,West Bengal,2021,287,Nanoor,140598,136175,4,276777,573,118414,114266,1,2754,235435,85.06,https://www.eci.gov.in/eci-backend/public/api/download?url=LMAhAK6sOPBp%2FNFF0iRfXbEB1EVSLT41NNLRjYNJJP1KivrUxbfqkDatmHy12e%2FzVx8fLfn2ReU7TfrqYobgIk5VxvEcIXU7mPOAy%2FdGqognuaI3fMkG0LPMHYcy9sjuzJBFz9nMZXpHAxp5WK6wsTwDMdtZpVS4TFyVonx6I5e0Wjo00sa31Izr55UjTSpa3TA8%2BvWXVduQyGBA5AjRYQ%3D%3D
AE,West Bengal,2021,288,Labpur,122533,117511,0,240044,639,107691,101798,0,2811,212300,88.44,https://www.eci.gov.in/eci-backend/public/api/download?url=LMAhAK6sOPBp%2FNFF0iRfXbEB1EVSLT41NNLRjYNJJP1KivrUxbfqkDatmHy12e%2FzVx8fLfn2ReU7TfrqYobgIk5VxvEcIXU7mPOAy%2FdGqognuaI3fMkG0LPMHYcy9sjuzJBFz9nMZXpHAxp5WK6wsTwDMdtZpVS4TFyVonx6I5e0Wjo00sa31Izr55UjTSpa3TA8%2BvWXVduQyGBA5AjRYQ%3D%3D
AE,West Bengal,2021,289,Sainthia,129376,126582,1,255959,451,113306,105718,0,2974,221998,86.73,https://www.eci.gov.in/eci-backend/public/api/download?url=LMAhAK6sOPBp%2FNFF0iRfXbEB1EVSLT41NNLRjYNJJP1KivrUxbfqkDatmHy12e%2FzVx8fLfn2ReU7TfrqYobgIk5VxvEcIXU7mPOAy%2FdGqognuaI3fMkG0LPMHYcy9sjuzJBFz9nMZXpHAxp5WK6wsTwDMdtZpVS4TFyVonx6I5e0Wjo00sa31Izr55UjTSpa3TA8%2BvWXVduQyGBA5AjRYQ%3D%3D
AE,West Bengal,2021,290,Mayureswar,116802,113879,1,230682,393,100668,96387,0,2874,199929,86.67,https://www.eci.gov.in/eci-backend/public/api/download?url=LMAhAK6sOPBp%2FNFF0iRfXbEB1EVSLT41NNLRjYNJJP1KivrUxbfqkDatmHy12e%2FzVx8fLfn2ReU7TfrqYobgIk5VxvEcIXU7mPOAy%2FdGqognuaI3fMkG0LPMHYcy9sjuzJBFz9nMZXpHAxp5WK6wsTwDMdtZpVS4TFyVonx6I5e0Wjo00sa31Izr55UjTSpa3TA8%2BvWXVduQyGBA5AjRYQ%3D%3D
AE,West Bengal,2021,291,Rampurhat,129449,131362,1,260812,343,109574,105347,1,2794,217716,83.48,https://www.eci.gov.in/eci-backend/public/api/download?url=LMAhAK6sOPBp%2FNFF0iRfXbEB1EVSLT41NNLRjYNJJP1KivrUxbfqkDatmHy12e%2FzVx8fLfn2ReU7TfrqYobgIk5VxvEcIXU7mPOAy%2FdGqognuaI3fMkG0LPMHYcy9sjuzJBFz9nMZXpHAxp5WK6wsTwDMdtZpVS4TFyVonx6I5e0Wjo00sa31Izr55UjTSpa3TA8%2BvWXVduQyGBA5AjRYQ%3D%3D
AE,West Bengal,2021,292,Hansan,125476,122626,11,248113,391,105128,103661,0,2387,211176,85.11,https://www.eci.gov.in/eci-backend/public/api/download?url=LMAhAK6sOPBp%2FNFF0iRfXbEB1EVSLT41NNLRjYNJJP1KivrUxbfqkDatmHy12e%2FzVx8fLfn2ReU7TfrqYobgIk5VxvEcIXU7mPOAy%2FdGqognuaI3fMkG0LPMHYcy9sjuzJBFz9nMZXpHAxp5WK6wsTwDMdtZpVS4TFyVonx6I5e0Wjo00sa31Izr55UjTSpa3TA8%2BvWXVduQyGBA5AjRYQ%3D%3D
AE,West Bengal,2021,293,Nalhati,124329,120498,10,244837,396,105083,101212,3,1660,207958,84.94,https://www.eci.gov.in/eci-backend/public/api/download?url=LMAhAK6sOPBp%2FNFF0iRfXbEB1EVSLT41NNLRjYNJJP1KivrUxbfqkDatmHy12e%2FzVx8fLfn2ReU7TfrqYobgIk5VxvEcIXU7mPOAy%2FdGqognuaI3fMkG0LPMHYcy9sjuzJBFz9nMZXpHAxp5WK6wsTwDMdtZpVS4TFyVonx6I5e0Wjo00sa31Izr55UjTSpa3TA8%2BvWXVduQyGBA5AjRYQ%3D%3D
AE,West Bengal,2021,294,Murarai,133026,130173,1,263200,205,109098,107313,0,1580,217991,82.82,https://www.eci.gov.in/eci-backend/public/api/download?url=LMAhAK6sOPBp%2FNFF0iRfXbEB1EVSLT41NNLRjYNJJP1KivrUxbfqkDatmHy12e%2FzVx8fLfn2ReU7TfrqYobgIk5VxvEcIXU7mPOAy%2FdGqognuaI3fMkG0LPMHYcy9sjuzJBFz9nMZXpHAxp5WK6wsTwDMdtZpVS4TFyVonx6I5e0Wjo00sa31Izr55UjTSpa3TA8%2BvWXVduQyGBA5AjRYQ%3D%3D
