state_code,state_name,district_code,district_name,tru,total_households,pct_electricity_lighting,pct_kerosene_lighting,pct_lpg_png_cooking,pct_firewood_cooking,pct_latrine_within_premises,pct_open_defecation,pct_tap_water,pct_tap_water_treated,pct_drinking_water_within_premises,pct_banking_services,pct_tv,pct_telephone_any,pct_mobile_any,pct_computer_laptop,pct_computer_with_internet,pct_two_wheeler,pct_car_jeep_van,pct_bicycle,pct_radio,pct_none_of_assets,pct_house_good,pct_house_dilapidated
01,JAMMU & KASHMIR,001,Kupwara,Total,106777,77.8,10.39,14.82,79.91,50.89,41.32,47.14,13.04,21.3,50.23,25.13,52.91,51.56,4.92,0.71,1.69,2.8,2.83,55.7,24.99,34.75,7.93
01,JAMMU & KASHMIR,001,Kupwara,Rural,96737,76.51,11.13,11.66,82.93,48.88,42.97,45.29,11.8,18.96,49.1,23.14,51.84,50.62,4.6,0.62,1.59,2.46,2.73,54.38,26.15,33.62,8.26
01,JAMMU & KASHMIR,001,Kupwara,Urban,10040,90.24,3.24,45.32,50.78,70.19,25.42,65.01,25.06,43.91,61.12,44.25,63.23,60.6,7.99,1.66,2.73,6.07,3.8,68.45,13.86,45.72,4.75
01,JAMMU & KASHMIR,002,Badgam,Total,99219,90.9,6.03,15.24,55.85,84.27,10.73,73.88,30.4,51.76,53.87,54.6,72.77,70.24,5.94,2.01,5.89,5.13,10.09,67.34,11.82,51.58,3.76
01,JAMMU & KASHMIR,002,Badgam,Rural,86083,89.83,6.68,10.24,59.29,83.33,11.54,71.81,26.18,48.31,50.3,50.85,70.14,67.65,4.99,1.51,5.19,4.22,9.24,66.43,13.17,49.75,3.95
01,JAMMU & KASHMIR,002,Badgam,Urban,13136,97.91,1.73,47.97,33.33,90.45,5.37,87.43,58.08,74.4,77.22,79.13,89.99,87.21,12.16,5.31,10.5,11.11,15.65,73.33,3.04,63.62,2.57
01,JAMMU & KASHMIR,003,Leh(Ladakh),Total,20777,83.02,3.53,65.67,22.55,90.39,8.57,30.1,9.47,14.59,87.29,65.44,66.59,53.86,10.35,2.76,6.2,20.56,2.93,73.21,9.51,45.81,1.79
01,JAMMU & KASHMIR,003,Leh(Ladakh),Rural,14590,76.29,4.85,52.78,31.37,88.08,10.92,22.41,3.95,10.51,85.16,55.52,55.58,40.8,6.66,1.45,5.59,16.48,2.97,70.17,12.69,46.44,2.08
01,JAMMU & KASHMIR,003,Leh(Ladakh),Urban,6187,98.92,0.42,96.07,1.75,95.83,3.04,48.23,22.5,24.21,92.32,88.83,92.57,84.66,19.04,5.85,7.66,30.18,2.83,80.36,1.99,44.33,1.08
01,JAMMU & KASHMIR,004,Kargil,Total,18212,86.89,2.88,18.04,69.01,96.91,2.65,59.13,10.62,10.78,77.3,43.97,57.99,53.06,5.52,1.29,3.58,10.14,2.68,59.82,19.43,24.25,3.16
01,JAMMU & KASHMIR,004,Kargil,Rural,15442,84.63,3.33,9.71,75.81,96.81,2.69,61.22,8.44,7.3,75.45,39.02,52.48,46.99,4.58,0.9,3.67,8.8,2.61,58.59,22.07,23.23,3.51
01,JAMMU & KASHMIR,004,Kargil,Urban,2770,99.49,0.4,64.44,31.16,97.47,2.38,47.47,22.74,30.14,87.62,71.59,88.74,86.9,10.72,3.47,3.1,17.62,3.07,66.71,4.69,29.96,1.19
01,JAMMU & KASHMIR,005,Punch,Total,88878,70.77,21.67,14.81,77.92,18.66,79.29,49.17,16.13,19.22,68.95,18.03,40.91,38.76,3.76,0.39,2.71,1.95,0.95,42.09,37.14,40.77,2.3
01,JAMMU & KASHMIR,005,Punch,Rural,81670,68.39,23.53,9.35,83.17,13.66,84.14,46.45,11.77,14.56,67.0,13.34,38.31,36.49,3.57,0.27,1.69,1.35,0.6,41.14,39.48,38.03,2.43
01,JAMMU & KASHMIR,005,Punch,Urban,7208,97.71,0.62,76.61,18.44,75.31,24.32,79.93,65.48,71.98,91.12,71.1,70.31,64.53,5.92,1.75,14.19,8.71,4.9,52.9,10.65,71.84,0.82
01,JAMMU & KASHMIR,006,Rajouri,Total,124000,77.43,17.44,19.31,76.5,14.34,84.28,31.96,16.49,15.19,64.97,27.59,52.88,50.83,5.02,0.54,5.86,2.52,1.78,38.71,30.47,46.35,2.62
01,JAMMU & KASHMIR,006,Rajouri,Rural,117183,76.23,18.37,15.29,80.49,10.2,88.46,28.76,12.9,11.53,63.41,24.51,50.67,48.81,4.46,0.33,4.59,1.75,1.31,38.6,31.99,44.42,2.68
01,JAMMU & KASHMIR,006,Rajouri,Urban,6817,98.05,1.42,88.38,7.91,85.49,12.48,86.89,78.1,78.08,91.79,80.48,90.86,85.58,14.49,4.2,27.55,15.84,9.74,40.58,4.25,79.65,1.72
01,JAMMU & KASHMIR,007,Kathua,Total,117836,92.86,6.25,27.81,69.72,22.09,76.48,51.96,40.72,44.15,77.31,56.81,75.5,72.9,5.19,1.22,19.53,3.98,15.04,22.21,15.52,61.29,3.43
01,JAMMU & KASHMIR,007,Kathua,Rural,100283,91.76,7.23,20.38,77.64,14.22,84.18,49.4,37.09,36.89,75.59,51.74,73.85,71.42,3.94,0.72,15.71,2.61,12.66,22.2,17.27,59.78,3.48
01,JAMMU & KASHMIR,007,Kathua,Urban,17553,99.13,0.67,70.27,24.48,67.08,32.47,66.58,61.49,85.59,87.11,85.81,84.9,81.33,12.33,4.08,41.35,11.79,28.66,22.29,5.52,69.93,3.12
01,JAMMU & KASHMIR,008,Baramula,Total,145990,94.65,3.08,22.62,63.86,77.6,19.28,78.01,37.48,53.65,67.13,51.47,73.48,70.27,7.29,2.53,5.58,6.9,9.15,61.46,13.4,50.8,5.24
01,JAMMU & KASHMIR,008,Baramula,Rural,119791,94.03,3.38,12.73,73.15,74.34,22.11,75.68,31.01,47.76,63.99,45.34,70.12,67.27,5.57,1.75,4.18,5.2,7.66,59.65,15.46,48.57,5.29
01,JAMMU & KASHMIR,008,Baramula,Urban,26199,97.5,1.71,67.83,21.38,92.5,6.32,88.69,67.08,80.58,81.48,79.5,88.8,84.03,15.15,6.12,11.96,14.67,15.97,69.72,3.99,60.99,5.05
01,JAMMU & KASHMIR,009,Bandipore,Total,56794,80.06,10.29,15.61,66.93,74.01,23.28,59.82,16.93,31.92,46.9,44.72,60.8,57.53,5.56,1.73,4.02,3.94,9.94,64.07,16.5,43.07,6.91
01,JAMMU & KASHMIR,009,Bandipore,Rural,47620,77.09,11.55,11.17,71.04,70.1,27.01,54.58,14.7,26.12,43.12,40.28,57.35,54.32,4.87,1.3,3.39,3.17,9.16,62.38,18.14,38.91,7.4
01,JAMMU & KASHMIR,009,Bandipore,Urban,9174,95.49,3.74,38.69,45.55,94.32,3.87,87.02,28.52,62.08,66.48,67.8,78.7,74.23,9.09,3.97,7.28,7.91,14.01,72.85,7.98,64.63,4.35
01,JAMMU & KASHMIR,010,Srinagar,Total,167448,98.78,0.34,82.48,6.0,97.94,1.46,98.2,82.03,93.87,83.66,91.34,94.28,86.69,20.2,9.8,23.77,20.65,26.58,77.24,1.32,74.32,2.22
01,JAMMU & KASHMIR,010,Srinagar,Rural,2690,98.55,0.52,47.92,42.3,88.66,10.48,88.14,37.32,71.41,55.58,68.1,74.8,73.68,4.35,1.49,9.44,6.39,24.09,63.64,9.22,55.24,6.32
01,JAMMU & KASHMIR,010,Srinagar,Urban,164758,98.78,0.33,83.05,5.4,98.09,1.31,98.36,82.76,94.23,84.12,91.72,94.6,86.9,20.46,9.94,24.0,20.89,26.62,77.46,1.19,74.63,2.15
01,JAMMU & KASHMIR,011,Ganderbal,Total,43249,88.99,3.65,24.07,68.83,72.82,23.37,82.12,54.75,58.66,60.31,47.05,64.25,59.63,6.43,2.03,6.26,5.35,13.88,67.16,13.24,47.72,8.77
01,JAMMU & KASHMIR,011,Ganderbal,Rural,36626,87.78,4.16,18.43,75.15,69.48,26.22,81.88,51.35,54.48,57.79,43.22,61.31,56.81,6.0,1.76,5.32,4.41,12.49,67.16,14.28,43.06,9.54
01,JAMMU & KASHMIR,011,Ganderbal,Urban,6623,95.68,0.88,55.25,33.87,91.29,7.62,83.47,73.55,81.76,74.26,68.28,80.49,75.19,8.79,3.53,11.48,10.55,21.59,67.19,7.49,73.47,4.53
01,JAMMU & KASHMIR,012,Pulwama,Total,81241,90.63,5.16,20.71,60.93,66.27,31.38,69.85,29.86,62.64,66.31,56.58,80.21,78.03,6.52,1.89,5.6,7.59,6.74,63.97,10.03,52.72,4.39
01,JAMMU & KASHMIR,012,Pulwama,Rural,71063,89.61,5.76,13.77,66.32,62.71,34.83,68.33,25.25,59.04,64.37,53.14,78.86,76.76,5.79,1.52,5.48,6.88,6.72,63.4,10.85,52.46,4.59
01,JAMMU & KASHMIR,012,Pulwama,Urban,10178,97.73,0.97,69.2,23.24,91.12,7.32,80.52,62.06,87.81,79.88,80.61,89.61,86.86,11.57,4.46,6.45,12.52,6.95,67.96,4.28,54.57,2.99
01,JAMMU & KASHMIR,013,Shupiyan,Total,41947,84.11,11.32,8.89,70.17,61.1,34.39,73.83,24.78,47.41,54.11,47.43,80.54,76.98,8.2,2.11,11.1,8.66,3.9,71.97,8.89,61.04,5.7
01,JAMMU & KASHMIR,013,Shupiyan,Rural,39486,83.14,12.01,4.98,73.75,59.0,36.24,72.2,21.38,44.46,52.06,45.08,79.56,76.27,7.54,1.71,10.93,7.97,3.73,70.92,9.38,60.97,5.85
01,JAMMU & KASHMIR,013,Shupiyan,Urban,2461,99.76,0.12,71.48,12.8,94.76,4.79,99.88,79.28,94.84,86.96,85.09,96.3,88.5,18.77,8.49,13.86,19.71,6.7,88.87,1.1,62.25,3.33
01,JAMMU & KASHMIR,014,Anantnag,Total,142987,80.36,13.77,20.27,71.71,56.59,36.01,72.08,23.97,49.84,62.29,46.97,71.81,69.23,6.02,1.9,3.88,5.49,4.4,57.11,16.62,55.55,4.65
01,JAMMU & KASHMIR,014,Anantnag,Rural,109465,75.59,17.06,9.95,81.87,50.8,41.08,67.12,19.48,41.7,57.91,38.93,66.87,64.54,4.69,1.29,3.1,3.86,3.54,54.13,20.04,51.61,5.13
01,JAMMU & KASHMIR,014,Anantnag,Urban,33522,95.93,3.04,53.96,38.51,75.48,19.45,88.25,38.64,76.41,76.61,73.24,87.95,84.56,10.39,3.88,6.42,10.81,7.22,66.86,5.42,68.43,3.1
01,JAMMU & KASHMIR,015,Kulgam,Total,69203,69.24,26.89,6.22,76.08,44.87,50.27,70.6,8.18,33.96,48.29,37.32,71.68,69.68,5.12,1.21,4.79,3.5,2.68,60.73,15.26,47.72,4.62
01,JAMMU & KASHMIR,015,Kulgam,Rural,56316,64.06,31.3,3.97,79.18,41.74,53.4,66.54,7.41,29.53,45.15,33.44,70.03,68.02,4.8,1.09,4.43,3.05,2.31,60.71,16.22,46.35,4.7
01,JAMMU & KASHMIR,015,Kulgam,Urban,12887,91.84,7.63,16.01,62.54,58.51,36.57,88.32,11.55,53.33,61.97,54.25,78.88,76.91,6.52,1.75,6.39,5.47,4.28,60.81,11.03,53.74,4.23
01,JAMMU & KASHMIR,016,Doda,Total,78620,78.65,10.68,10.13,87.24,29.33,69.21,83.95,18.6,31.87,77.48,24.48,59.82,58.21,3.91,0.76,1.97,2.29,0.72,30.66,31.23,41.1,1.66
01,JAMMU & KASHMIR,016,Doda,Rural,72580,76.95,11.52,4.52,93.57,24.0,74.45,82.97,15.31,27.19,76.44,20.92,57.22,55.66,3.44,0.59,1.47,1.56,0.55,30.32,33.33,38.41,1.56
01,JAMMU & KASHMIR,016,Doda,Urban,6040,99.06,0.63,77.48,11.11,93.43,6.14,95.75,58.2,88.05,89.92,67.27,91.03,88.84,9.64,2.75,8.05,11.14,2.72,34.78,6.06,73.39,2.9
01,JAMMU & KASHMIR,017,Ramban,Total,54206,63.17,26.89,7.35,89.48,20.09,77.1,61.05,18.25,23.78,72.73,14.96,50.21,48.31,4.88,0.77,1.13,1.77,0.39,33.94,35.89,47.58,2.11
01,JAMMU & KASHMIR,017,Ramban,Rural,52261,61.84,27.86,4.77,92.05,17.76,79.39,60.16,16.35,22.02,72.03,12.57,48.73,46.82,4.8,0.69,0.77,1.27,0.27,33.59,37.04,46.44,2.1
01,JAMMU & KASHMIR,017,Ramban,Urban,1945,98.92,0.93,76.61,20.31,82.67,15.58,84.94,69.1,71.11,91.62,79.18,89.82,88.43,7.1,2.93,10.69,15.12,3.86,43.24,4.78,78.25,2.42
01,JAMMU & KASHMIR,018,Kishtwar,Total,44517,54.06,13.83,9.25,88.59,24.17,74.26,77.0,21.78,24.41,76.44,20.85,39.76,38.65,3.71,0.62,3.44,1.91,0.99,36.59,40.44,46.93,3.26
01,JAMMU & KASHMIR,018,Kishtwar,Rural,41968,51.32,14.62,5.67,92.79,19.97,78.38,75.72,17.69,20.2,75.83,17.31,36.99,36.0,3.19,0.4,2.34,1.19,0.63,36.12,42.38,44.57,3.42
01,JAMMU & KASHMIR,018,Kishtwar,Urban,2549,99.18,0.78,68.26,19.42,93.41,6.39,98.08,89.13,93.72,86.39,79.09,85.41,82.31,12.24,4.24,21.69,13.73,6.83,44.33,8.43,85.84,0.71
01,JAMMU & KASHMIR,019,Udhampur,Total,93562,79.09,15.27,21.38,76.76,19.31,79.68,51.08,36.22,23.07,72.3,39.89,69.32,67.76,6.14,1.3,9.57,4.06,4.22,32.22,22.35,58.18,1.96
01,JAMMU & KASHMIR,019,Udhampur,Rural,77104,74.95,18.26,8.86,89.62,7.41,91.51,43.85,26.59,12.0,69.02,30.4,64.72,63.72,3.77,0.36,4.64,1.59,2.1,31.41,26.22,53.27,1.99
01,JAMMU & KASHMIR,019,Udhampur,Urban,16458,98.47,1.23,80.08,16.53,75.06,24.24,85.0,81.29,74.92,87.66,84.35,90.86,86.68,17.24,5.7,32.65,15.62,14.15,36.04,4.22,81.23,1.8
01,JAMMU & KASHMIR,020,Reasi,Total,54792,57.65,33.71,11.96,85.04,15.21,83.84,61.81,28.54,23.44,74.12,24.9,52.53,50.98,5.2,1.1,6.48,3.43,2.45,33.68,32.38,45.0,1.45
01,JAMMU & KASHMIR,020,Reasi,Rural,49914,53.88,36.66,6.64,91.2,9.0,90.17,58.53,23.38,18.35,72.83,19.93,49.49,48.31,4.31,0.63,4.4,2.09,1.56,34.47,34.64,43.6,1.48
01,JAMMU & KASHMIR,020,Reasi,Urban,4878,96.23,3.55,66.42,22.04,78.76,19.13,95.35,81.32,75.56,87.33,75.81,83.66,78.39,14.31,5.88,27.76,17.08,11.54,25.56,9.27,59.35,1.13
01,JAMMU & KASHMIR,021,Jammu,Total,302016,97.59,1.88,65.28,25.84,53.81,44.61,55.86,52.45,77.19,83.54,79.62,79.87,73.06,15.45,6.59,37.47,14.59,22.61,25.24,8.85,65.06,4.16
01,JAMMU & KASHMIR,021,Jammu,Rural,155851,96.4,2.84,45.75,41.2,24.62,74.66,29.73,26.16,64.81,80.63,69.66,70.52,65.4,5.77,1.23,27.33,4.82,24.89,19.24,13.93,56.68,4.91
01,JAMMU & KASHMIR,021,Jammu,Urban,146165,98.86,0.86,86.12,9.45,84.94,12.57,83.71,80.49,90.39,86.65,90.25,89.83,81.24,25.77,12.3,48.27,25.01,20.17,31.65,3.45,74.0,3.36
01,JAMMU & KASHMIR,022,Samba,Total,62817,97.36,2.28,54.23,39.38,32.87,66.7,51.04,41.9,67.99,85.22,75.79,80.77,76.65,7.11,1.58,28.12,6.52,21.73,19.84,8.98,68.5,2.97
01,JAMMU & KASHMIR,022,Samba,Rural,53197,97.15,2.48,48.96,44.44,26.02,73.52,46.07,37.97,65.63,84.75,73.41,79.29,75.27,6.13,1.29,26.55,5.46,22.26,20.16,9.91,66.24,3.3
01,JAMMU & KASHMIR,022,Samba,Urban,9620,98.51,1.16,83.37,11.38,70.75,28.98,78.53,63.63,81.03,87.83,88.97,88.95,84.27,12.52,3.17,36.79,12.37,18.85,18.13,3.87,81.01,1.14
02,HIMACHAL PRADESH,023,Chamba,Total,101972,94.22,5.43,21.04,76.45,51.54,47.28,94.59,86.71,35.52,89.54,61.03,72.56,70.25,5.02,1.58,8.71,4.98,1.62,25.43,17.29,61.2,2.16
02,HIMACHAL PRADESH,023,Chamba,Rural,94574,93.85,5.8,16.06,81.9,48.77,50.26,94.4,86.24,31.83,89.43,58.84,71.16,69.19,3.81,0.97,6.91,3.68,1.18,25.99,18.35,59.68,2.28
02,HIMACHAL PRADESH,023,Chamba,Urban,7398,99.07,0.69,84.69,6.68,86.96,9.26,97.0,92.74,82.7,90.97,89.04,90.55,83.74,20.44,9.45,31.71,21.53,7.26,18.34,3.74,80.64,0.73
02,HIMACHAL PRADESH,024,Kangra,Total,336407,98.12,1.64,44.1,53.81,65.47,33.8,89.48,85.96,59.63,93.9,81.03,81.5,73.24,6.76,2.39,20.57,6.76,11.43,22.22,7.56,73.6,1.44
02,HIMACHAL PRADESH,024,Kangra,Rural,316419,98.13,1.64,41.64,56.38,64.41,35.01,89.06,85.5,58.28,94.27,80.65,81.03,72.7,5.89,1.95,19.89,6.05,11.56,21.91,7.8,73.23,1.43
02,HIMACHAL PRADESH,024,Kangra,Urban,19988,97.95,1.77,83.04,13.17,82.31,14.71,96.11,93.15,81.07,88.1,87.06,88.91,81.72,20.61,9.43,31.25,17.99,9.34,27.2,3.88,79.36,1.64
02,HIMACHAL PRADESH,025,Lahul & Spiti,Total,6695,83.91,4.48,30.56,53.64,78.15,20.46,91.46,71.87,25.68,91.23,73.76,74.61,67.86,3.76,0.91,8.42,8.01,1.61,37.18,11.81,65.48,0.79
02,HIMACHAL PRADESH,025,Lahul & Spiti,Rural,6695,83.91,4.48,30.56,53.64,78.15,20.46,91.46,71.87,25.68,91.23,73.76,74.61,67.86,3.76,0.91,8.42,8.01,1.61,37.18,11.81,65.48,0.79
02,HIMACHAL PRADESH,025,Lahul & Spiti,Urban,0,,,,,,,,,,,,,,,,,,,,,,
02,HIMACHAL PRADESH,026,Kullu,Total,95545,95.58,4.13,41.93,53.18,58.43,40.28,91.94,84.37,48.52,89.49,70.03,83.16,80.78,7.34,2.75,7.3,8.87,2.56,22.76,10.04,72.69,1.17
02,HIMACHAL PRADESH,026,Kullu,Rural,84501,95.16,4.53,36.57,59.34,54.23,44.79,91.53,83.18,43.54,89.44,68.09,81.88,79.62,5.28,1.7,5.99,7.42,1.74,23.01,10.96,71.31,1.15
02,HIMACHAL PRADESH,026,Kullu,Urban,11044,98.8,1.06,82.96,6.02,90.59,5.8,95.14,93.52,86.57,89.84,84.91,92.97,89.69,23.04,10.71,17.35,19.98,8.85,20.92,3.01,83.29,1.31
02,HIMACHAL PRADESH,027,Mandi,Total,219994,97.5,2.11,26.97,70.03,82.72,16.14,95.17,91.4,55.94,91.41,71.51,78.28,68.54,7.46,2.42,11.98,7.25,4.97,24.27,11.84,71.19,1.58
02,HIMACHAL PRADESH,027,Mandi,Rural,204051,97.4,2.21,22.38,74.85,82.0,17.07,94.92,90.92,53.23,91.39,70.31,77.2,67.35,6.04,1.76,10.28,5.97,4.43,24.35,12.5,70.35,1.65
02,HIMACHAL PRADESH,027,Mandi,Urban,15943,98.75,0.87,85.66,8.41,91.97,4.28,98.38,97.52,90.6,91.58,86.78,92.11,83.66,25.56,10.95,33.83,23.67,11.84,23.21,3.39,82.0,0.68
02,HIMACHAL PRADESH,028,Hamirpur,Total,105068,99.1,0.76,33.29,64.69,89.33,9.89,90.23,87.65,66.33,92.17,82.16,85.93,69.9,7.16,2.4,16.14,6.34,6.75,22.49,6.63,77.79,0.96
02,HIMACHAL PRADESH,028,Hamirpur,Rural,97893,99.12,0.72,29.76,68.46,89.11,10.16,90.1,87.41,64.89,92.3,81.75,85.62,69.0,5.9,1.82,14.83,5.15,6.04,21.83,6.91,77.46,0.99
02,HIMACHAL PRADESH,028,Hamirpur,Urban,7175,98.76,1.21,81.45,13.31,92.35,6.15,92.13,90.93,85.99,90.31,87.75,90.23,82.27,24.33,10.27,33.98,22.66,16.53,31.41,2.84,82.26,0.59
02,HIMACHAL PRADESH,029,Una,Total,109699,96.56,2.99,39.94,56.67,60.26,38.98,85.57,81.15,65.26,88.55,81.03,82.71,75.66,7.51,2.2,33.65,7.35,37.72,18.07,6.59,73.07,1.71
02,HIMACHAL PRADESH,029,Una,Rural,99791,96.75,2.83,36.69,60.38,58.84,40.59,85.45,81.04,63.74,89.39,80.98,82.47,75.24,6.75,1.9,32.52,6.61,37.46,17.87,6.62,73.31,1.4
02,HIMACHAL PRADESH,029,Una,Urban,9908,94.72,4.63,72.59,19.26,74.56,22.79,86.82,82.3,80.58,80.03,81.54,85.08,79.82,15.13,5.24,45.04,14.81,40.32,20.04,6.3,70.73,4.82
02,HIMACHAL PRADESH,030,Bilaspur,Total,80453,98.38,1.45,21.46,74.6,70.62,28.42,84.33,81.05,52.94,85.06,76.31,83.2,73.69,7.81,1.96,14.17,8.17,6.7,18.52,8.75,72.54,1.3
02,HIMACHAL PRADESH,030,Bilaspur,Rural,74661,98.33,1.49,17.11,79.31,68.85,30.32,83.34,79.92,50.23,84.67,75.4,82.3,72.45,6.8,1.55,12.82,6.86,6.34,17.95,9.27,71.78,1.34
02,HIMACHAL PRADESH,030,Bilaspur,Urban,5792,98.96,0.92,77.43,13.88,93.46,4.02,97.06,95.7,87.79,90.12,88.05,94.73,89.68,20.77,7.17,31.47,25.1,11.24,25.86,2.11,82.32,0.81
02,HIMACHAL PRADESH,031,Solan,Total,123353,97.17,2.5,43.55,47.64,73.44,24.67,84.28,78.97,60.68,84.52,76.77,88.12,79.89,11.74,4.26,20.49,12.26,10.07,31.32,5.42,74.95,1.78
02,HIMACHAL PRADESH,031,Solan,Rural,97237,97.19,2.46,33.02,59.51,69.04,29.81,81.51,75.07,54.24,84.04,77.15,87.22,77.83,8.57,2.73,19.75,10.46,10.62,32.76,5.54,73.61,1.89
02,HIMACHAL PRADESH,031,Solan,Urban,26116,97.1,2.68,82.77,3.45,89.81,5.53,94.6,93.52,84.66,86.29,75.33,91.49,87.56,23.54,9.93,23.25,18.93,8.06,25.96,4.98,79.96,1.38
02,HIMACHAL PRADESH,032,Sirmaur,Total,97090,94.25,5.3,29.77,65.04,62.05,36.8,77.87,67.37,40.85,81.3,60.67,77.67,72.28,8.85,2.29,18.05,7.68,17.19,27.15,11.41,67.98,2.59
02,HIMACHAL PRADESH,032,Sirmaur,Rural,84317,93.56,5.95,21.1,74.07,56.9,41.86,75.17,63.39,33.44,80.24,56.76,75.41,70.58,6.06,1.1,14.75,5.51,16.5,27.62,12.79,66.26,2.83
02,HIMACHAL PRADESH,032,Sirmaur,Urban,12773,98.85,0.99,87.02,5.44,96.07,3.4,95.71,93.66,89.78,88.33,86.44,92.55,83.52,27.27,10.09,39.82,21.99,21.73,24.04,2.26,79.34,0.96
02,HIMACHAL PRADESH,033,Shimla,Total,180770,95.57,3.71,60.24,35.53,68.34,29.21,92.13,82.84,56.46,84.83,72.72,89.44,85.64,13.35,5.08,4.53,12.78,1.56,39.17,5.86,75.28,2.04
02,HIMACHAL PRADESH,033,Shimla,Rural,130864,94.46,4.66,48.52,48.46,59.8,39.08,90.39,78.55,46.25,82.12,68.0,86.77,82.93,6.47,1.66,3.08,8.68,0.89,39.5,7.55,73.24,2.32
02,HIMACHAL PRADESH,033,Shimla,Urban,49906,98.46,1.22,90.94,1.63,90.72,3.33,96.71,94.08,83.24,91.93,85.1,96.43,92.76,31.39,14.04,8.32,23.55,3.31,38.31,1.4,80.62,1.32
02,HIMACHAL PRADESH,034,Kinnaur,Total,19535,91.45,7.38,54.98,30.43,69.21,29.26,92.12,83.69,60.16,87.25,66.16,84.3,79.58,13.12,1.81,4.39,14.21,0.97,33.03,8.39,69.71,0.99
02,HIMACHAL PRADESH,034,Kinnaur,Rural,19535,91.45,7.38,54.98,30.43,69.21,29.26,92.12,83.69,60.16,87.25,66.16,84.3,79.58,13.12,1.81,4.39,14.21,0.97,33.03,8.39,69.71,0.99
02,HIMACHAL PRADESH,034,Kinnaur,Urban,0,,,,,,,,,,,,,,,,,,,,,,
03,PUNJAB,035,Gurdaspur,Total,431212,95.36,3.33,56.69,15.46,60.05,38.78,28.97,24.06,91.21,66.85,84.79,77.94,66.17,8.92,3.35,45.15,7.53,65.14,11.45,4.55,45.03,7.9
03,PUNJAB,035,Gurdaspur,Rural,309898,94.29,4.13,46.44,18.0,50.05,48.56,18.51,14.82,90.92,64.78,82.4,75.78,63.91,5.7,1.74,43.13,5.45,70.12,11.49,5.13,41.62,8.96
03,PUNJAB,035,Gurdaspur,Urban,121314,98.11,1.31,82.88,8.95,85.57,13.8,55.67,47.67,91.96,72.15,90.92,83.45,71.95,17.12,7.44,50.31,12.87,52.4,11.36,3.08,53.74,5.17
03,PUNJAB,036,Kapurthala,Total,165336,97.5,1.59,66.87,7.67,83.29,15.95,52.95,43.53,88.07,76.48,87.67,87.77,81.53,14.0,5.89,54.74,14.25,64.74,22.63,2.97,56.5,5.39
03,PUNJAB,036,Kapurthala,Rural,106870,96.69,2.1,57.64,8.84,77.37,22.02,36.46,27.56,85.2,75.21,86.47,86.47,81.22,8.34,2.89,54.03,12.13,68.94,21.86,3.36,52.49,6.08
03,PUNJAB,036,Kapurthala,Urban,58466,98.99,0.67,83.72,5.52,94.12,4.86,83.1,72.72,93.31,78.8,89.85,90.15,82.09,24.35,11.37,56.04,18.13,57.08,24.02,2.27,63.83,4.14
03,PUNJAB,037,Jalandhar,Total,454073,98.27,1.12,65.95,8.05,86.53,12.86,65.45,49.21,90.11,75.42,88.35,87.01,79.85,17.43,8.61,52.46,15.94,63.07,29.21,2.59,52.37,5.48
03,PUNJAB,037,Jalandhar,Rural,213390,97.3,1.77,49.08,10.51,76.02,23.44,37.18,21.77,85.25,75.59,86.73,85.17,78.07,9.47,3.36,50.52,12.01,71.01,24.93,3.03,47.03,6.23
03,PUNJAB,037,Jalandhar,Urban,240683,99.13,0.55,80.9,5.86,95.85,3.48,90.51,73.54,94.42,75.27,89.79,88.63,81.44,24.48,13.26,54.17,19.42,56.03,33.0,2.2,57.11,4.82
03,PUNJAB,038,Hoshiarpur,Total,329694,97.04,2.31,61.17,27.46,63.88,35.42,53.78,48.83,84.6,83.01,86.72,84.45,77.05,10.41,4.17,50.61,10.23,68.95,18.89,3.51,54.3,6.14
03,PUNJAB,038,Hoshiarpur,Rural,258523,96.75,2.54,55.18,32.01,57.0,42.37,46.52,42.35,82.67,83.65,85.97,83.65,76.58,7.22,2.42,49.31,8.14,71.82,19.03,3.67,52.51,6.49
03,PUNJAB,038,Hoshiarpur,Urban,71171,98.08,1.49,82.95,10.95,88.89,10.2,80.14,72.34,91.59,80.66,89.42,87.33,78.76,22.01,10.53,55.34,17.81,58.51,18.4,2.95,60.79,4.87
03,PUNJAB,039,Shahid Bhagat Singh Nagar,Total,128634,97.23,1.9,50.48,18.05,70.52,28.65,48.47,39.54,87.17,80.86,84.94,85.81,76.36,10.83,4.09,49.86,11.24,71.34,21.43,3.2,55.14,5.63
03,PUNJAB,039,Shahid Bhagat Singh Nagar,Rural,102297,97.12,1.99,44.86,19.96,66.77,32.31,43.88,35.71,86.29,81.46,84.35,85.83,75.76,8.79,2.96,50.17,10.08,74.58,20.82,3.26,54.52,5.41
03,PUNJAB,039,Shahid Bhagat Singh Nagar,Urban,26337,97.66,1.57,72.31,10.6,85.06,14.41,66.31,54.39,90.59,78.54,87.21,85.72,78.71,18.78,8.5,48.68,15.74,58.79,23.78,2.94,57.57,6.46
03,PUNJAB,040,Fatehgarh Sahib,Total,115753,98.21,1.18,55.32,4.18,86.27,12.87,38.17,32.52,90.67,72.06,84.73,85.01,79.16,12.35,4.44,55.03,15.76,73.29,11.98,2.98,56.4,5.76
03,PUNJAB,040,Fatehgarh Sahib,Rural,77684,97.87,1.45,45.16,4.11,82.54,16.57,28.3,22.97,89.71,71.41,84.99,84.15,77.84,8.24,2.39,56.39,14.46,80.13,11.41,2.82,54.52,6.37
03,PUNJAB,040,Fatehgarh Sahib,Urban,38069,98.91,0.64,76.05,4.32,93.87,5.32,58.33,52.0,92.63,73.37,84.22,86.76,81.84,20.72,8.61,52.26,18.41,59.32,13.13,3.3,60.22,4.5
03,PUNJAB,041,Ludhiana,Total,716104,98.26,1.02,68.25,5.17,93.27,5.79,61.23,51.39,92.25,65.0,84.48,84.73,76.74,17.23,8.18,50.36,16.78,64.4,16.95,3.53,51.71,5.76
03,PUNJAB,041,Ludhiana,Rural,278323,97.55,1.5,49.59,5.57,87.51,11.7,27.51,19.46,88.49,65.37,83.43,82.6,72.96,9.95,3.59,50.82,14.04,77.15,15.02,3.43,47.88,7.05
03,PUNJAB,041,Ludhiana,Urban,437781,98.71,0.72,80.11,4.91,96.93,2.04,82.67,71.69,94.64,64.76,85.15,86.08,79.14,21.86,11.1,50.07,18.53,56.28,18.17,3.59,54.15,4.94
03,PUNJAB,042,Moga,Total,191228,95.9,2.01,46.77,6.12,87.64,11.54,47.91,30.56,79.45,57.32,79.81,81.49,76.21,11.33,4.13,44.54,13.73,73.25,16.3,4.93,50.01,7.25
03,PUNJAB,042,Moga,Rural,145530,95.6,2.19,37.53,5.89,85.42,13.63,39.44,22.16,76.63,54.85,78.18,80.09,74.99,7.97,2.58,42.89,12.4,77.31,16.76,5.13,47.34,7.44
03,PUNJAB,042,Moga,Urban,45698,96.88,1.44,76.21,6.83,94.71,4.89,74.87,57.31,88.43,65.18,84.98,85.98,80.06,22.02,9.06,49.77,17.95,60.35,14.82,4.27,58.53,6.67
03,PUNJAB,043,Firozpur,Total,374167,93.45,4.02,37.92,26.88,73.23,25.58,43.13,29.98,76.64,52.74,74.2,77.68,73.91,8.3,2.68,39.72,9.92,63.58,13.02,6.84,42.03,9.74
03,PUNJAB,043,Firozpur,Rural,271536,91.93,4.98,23.96,32.01,66.63,32.15,30.86,19.71,71.78,49.41,69.71,75.88,72.31,5.0,1.35,37.21,8.89,67.52,13.49,7.64,38.33,10.76
03,PUNJAB,043,Firozpur,Urban,102631,97.46,1.49,74.86,13.33,90.7,8.19,75.6,57.14,89.5,61.57,86.06,82.46,78.12,17.04,6.22,46.36,12.64,53.16,11.78,4.7,51.82,7.06
03,PUNJAB,044,Muktsar,Total,172792,96.41,2.12,44.24,29.99,77.34,21.9,54.74,39.04,72.84,53.75,75.51,78.21,74.77,8.15,2.65,36.0,13.42,63.47,15.86,7.36,40.58,10.24
03,PUNJAB,044,Muktsar,Rural,122957,95.97,2.4,31.86,34.95,72.29,26.88,53.09,34.49,66.63,52.96,72.06,76.48,73.14,4.81,1.44,34.69,13.13,66.44,18.03,8.07,36.53,10.71
03,PUNJAB,044,Muktsar,Urban,49835,97.5,1.44,74.78,17.75,89.79,9.61,58.82,50.27,88.19,55.71,84.04,82.48,78.8,16.38,5.62,39.23,14.12,56.13,10.51,5.62,50.58,9.11
03,PUNJAB,045,Faridkot,Total,118193,96.07,2.21,52.54,19.66,84.6,14.62,41.35,32.25,80.64,59.55,78.73,81.02,76.75,10.39,3.68,43.69,13.14,70.02,13.93,5.2,46.21,7.86
03,PUNJAB,045,Faridkot,Rural,76262,95.4,2.46,38.64,22.37,80.06,19.0,33.86,23.87,75.13,57.87,75.45,79.42,75.48,5.58,1.59,42.29,12.15,75.57,15.22,5.37,43.3,7.73
03,PUNJAB,045,Faridkot,Urban,41931,97.3,1.74,77.83,14.73,92.85,6.66,54.96,47.51,90.67,62.61,84.7,83.93,79.05,19.12,7.48,46.24,14.93,59.93,11.6,4.88,51.51,8.09
03,PUNJAB,046,Bathinda,Total,266035,96.1,2.5,44.52,21.18,87.44,9.84,57.01,40.4,79.54,58.46,76.7,80.93,76.66,12.12,4.24,39.85,13.6,66.3,16.32,6.33,48.97,6.65
03,PUNJAB,046,Bathinda,Rural,170853,95.34,2.94,26.48,25.52,84.3,12.29,47.42,29.8,74.52,52.08,70.55,77.32,73.57,5.6,1.38,34.18,10.79,67.02,16.32,8.16,41.57,7.35
03,PUNJAB,046,Bathinda,Urban,95182,97.46,1.7,76.89,13.38,93.09,5.45,74.22,59.43,88.54,69.92,87.75,87.4,82.21,23.83,9.37,50.03,18.64,65.01,16.32,3.04,62.24,5.4
03,PUNJAB,047,Mansa,Total,147127,95.22,3.05,26.79,23.56,67.68,27.95,48.81,35.72,73.59,50.11,69.54,76.05,72.61,6.85,1.82,32.7,8.7,61.75,8.87,9.68,49.25,6.96
03,PUNJAB,047,Mansa,Rural,115334,94.72,3.43,14.8,25.95,62.91,31.72,49.29,34.51,69.98,47.83,65.52,73.79,70.58,4.11,0.91,29.55,7.51,61.19,9.03,10.92,46.3,7.24
03,PUNJAB,047,Mansa,Urban,31793,97.05,1.67,70.27,14.88,84.98,14.3,47.05,40.12,86.72,58.36,84.14,84.26,79.96,16.8,5.1,44.15,13.05,63.78,8.31,5.17,59.93,5.95
03,PUNJAB,048,Patiala,Total,361740,97.56,1.45,57.83,7.38,85.57,13.42,57.41,46.57,84.85,68.06,85.27,83.91,78.41,15.23,6.71,53.61,15.76,69.97,16.35,3.26,52.75,5.88
03,PUNJAB,048,Patiala,Rural,209720,96.46,2.09,38.09,8.66,77.32,21.31,43.18,31.58,77.54,61.51,81.12,79.61,75.22,6.13,1.82,48.36,10.97,74.41,14.73,4.18,44.92,7.07
03,PUNJAB,048,Patiala,Urban,152020,99.09,0.56,85.06,5.61,96.95,2.54,77.03,67.26,94.94,77.1,90.99,89.84,82.82,27.79,13.46,60.86,22.36,63.83,18.6,1.99,63.54,4.25
03,PUNJAB,049,Amritsar,Total,480303,96.03,2.57,58.3,5.79,78.96,20.16,45.47,41.89,93.17,57.79,86.08,79.03,73.48,13.3,6.24,46.86,11.7,59.62,14.8,4.06,45.44,6.46
03,PUNJAB,049,Amritsar,Rural,212566,93.12,4.55,33.88,6.44,60.81,37.89,13.51,10.67,92.43,52.64,80.6,74.19,69.73,5.96,1.97,42.67,7.36,71.86,15.57,5.41,37.0,7.82
03,PUNJAB,049,Amritsar,Urban,267737,98.34,1.0,77.68,5.28,93.36,6.09,70.85,66.69,93.76,61.88,90.44,82.87,76.46,19.12,9.63,50.18,15.14,49.91,14.19,2.99,52.14,5.38
03,PUNJAB,050,Tarn Taran,Total,201047,92.81,4.37,36.79,7.39,67.76,31.39,13.63,10.08,89.89,50.22,80.65,77.52,73.59,6.52,2.14,42.78,7.9,67.04,17.86,5.98,37.91,7.95
03,PUNJAB,050,Tarn Taran,Rural,175080,92.14,4.8,31.19,7.24,64.81,34.27,11.09,7.92,89.23,49.18,79.71,77.01,73.29,5.23,1.57,42.57,7.24,69.41,17.3,6.12,36.22,8.07
03,PUNJAB,050,Tarn Taran,Urban,25967,97.35,1.43,74.53,8.41,87.7,12.0,30.77,24.68,94.34,57.21,87.03,80.9,75.6,15.21,5.95,44.23,12.36,51.08,21.62,5.05,49.26,7.14
03,PUNJAB,051,Rupnagar,Total,132854,97.19,2.02,51.0,31.49,66.53,32.17,60.8,56.48,81.06,78.41,84.26,86.13,79.15,13.2,4.97,54.43,12.98,71.92,13.55,3.19,60.85,5.76
03,PUNJAB,051,Rupnagar,Rural,96022,97.12,2.16,39.26,40.07,56.86,41.87,53.65,49.09,76.51,76.7,82.09,84.59,77.24,8.0,2.65,52.5,9.65,76.0,12.5,3.42,58.36,6.04
03,PUNJAB,051,Rupnagar,Urban,36832,97.37,1.64,81.59,9.11,91.74,6.89,79.42,75.74,92.94,82.89,89.89,90.14,84.13,26.76,11.0,59.45,21.66,61.28,16.3,2.58,67.34,5.04
03,PUNJAB,052,Sahibzada Ajit Singh Nagar,Total,197101,97.2,1.98,66.82,10.3,79.14,19.38,79.84,73.02,86.78,76.81,86.68,87.68,80.63,25.8,13.16,57.09,24.94,60.29,20.77,2.5,62.89,5.25
03,PUNJAB,052,Sahibzada Ajit Singh Nagar,Rural,82601,95.99,2.9,41.7,15.42,60.75,37.07,66.83,57.93,80.99,67.69,82.22,81.33,75.38,8.14,2.17,51.43,11.37,71.42,12.59,3.65,49.57,7.27
03,PUNJAB,052,Sahibzada Ajit Singh Nagar,Urban,114500,98.07,1.31,84.94,6.6,92.41,6.62,89.23,83.9,90.95,83.4,89.89,92.27,84.42,38.55,21.09,61.18,34.73,52.27,26.67,1.66,72.5,3.79
03,PUNJAB,053,Sangrur,Total,314030,97.3,1.62,43.08,9.07,82.77,14.51,47.93,34.4,81.41,61.84,77.97,80.42,70.93,9.86,3.42,46.79,11.23,76.63,9.09,4.45,52.2,5.65
03,PUNJAB,053,Sangrur,Rural,215367,96.67,2.05,29.59,9.69,78.56,17.95,33.75,19.73,76.9,62.2,75.53,79.08,68.41,6.51,2.05,45.78,10.23,80.44,9.45,4.81,48.17,6.1
03,PUNJAB,053,Sangrur,Urban,98663,98.68,0.67,72.53,7.72,91.96,6.99,78.89,66.4,91.26,61.06,83.28,83.33,76.41,17.16,6.41,48.98,13.41,68.29,8.28,3.66,60.98,4.67
03,PUNJAB,054,Barnala,Total,112276,97.0,1.86,44.78,10.92,83.53,14.29,57.11,47.75,83.99,62.34,77.03,79.45,72.3,9.41,3.12,44.06,11.5,74.54,11.67,5.5,46.93,6.27
03,PUNJAB,054,Barnala,Rural,74819,96.62,2.13,31.0,12.48,80.2,17.19,39.52,30.01,79.49,61.65,74.53,78.28,69.84,5.71,1.59,43.08,10.11,78.13,11.86,5.78,43.87,6.45
03,PUNJAB,054,Barnala,Urban,37457,97.76,1.33,72.29,7.79,90.18,8.48,92.24,83.2,92.99,63.73,82.01,81.8,77.21,16.81,6.18,46.02,14.28,67.36,11.28,4.95,53.04,5.91
04,CHANDIGARH,055,Chandigarh,Total,235061,98.36,1.18,71.62,4.64,87.64,3.22,96.72,93.7,86.15,80.11,82.5,89.25,83.28,33.23,18.84,46.67,25.74,57.46,28.05,2.31,69.3,3.51
04,CHANDIGARH,055,Chandigarh,Rural,6785,97.32,2.39,67.1,11.05,87.99,5.69,95.24,88.8,85.44,66.56,71.64,88.3,86.46,11.32,3.55,34.5,7.65,60.85,16.46,2.86,50.36,2.77
04,CHANDIGARH,055,Chandigarh,Urban,228276,98.39,1.15,71.75,4.45,87.63,3.15,96.77,93.85,86.17,80.51,82.83,89.27,83.18,33.88,19.29,47.03,26.27,57.35,28.4,2.29,69.86,3.53
05,UTTARAKHAND,056,Uttarkashi,Total,66558,79.06,17.8,32.11,64.89,43.73,55.23,80.5,62.5,42.87,89.21,44.17,64.64,63.31,6.17,0.9,6.08,2.46,2.03,12.58,26.89,71.02,2.87
05,UTTARAKHAND,056,Uttarkashi,Rural,61149,77.38,19.23,27.12,70.29,39.51,59.72,78.99,59.66,38.77,89.02,40.86,62.12,60.83,5.09,0.68,4.65,1.92,1.49,13.03,28.9,69.93,3.05
05,UTTARAKHAND,056,Uttarkashi,Urban,5409,98.02,1.66,88.59,3.9,91.48,4.46,97.56,94.68,89.18,91.33,81.57,93.09,91.33,18.32,3.42,22.22,8.52,8.13,7.54,4.16,83.27,0.81
05,UTTARAKHAND,057,Chamoli,Total,85765,83.4,10.96,32.48,64.47,53.14,45.33,85.88,63.43,37.11,87.29,54.31,68.88,67.16,6.51,1.05,2.69,2.93,1.0,20.57,21.36,73.63,2.29
05,UTTARAKHAND,057,Chamoli,Rural,72744,80.82,12.57,23.33,74.26,46.99,51.63,84.47,59.23,29.6,86.39,49.48,64.77,63.12,5.09,0.58,1.56,2.05,0.53,21.99,24.46,71.16,2.53
05,UTTARAKHAND,057,Chamoli,Urban,13021,97.79,1.95,83.57,9.78,87.48,10.16,93.76,86.89,79.03,92.32,81.29,91.86,89.72,14.41,3.65,9.04,7.86,3.66,12.64,4.02,87.47,0.94
05,UTTARAKHAND,058,Rudraprayag,Total,53492,91.94,7.12,37.13,59.91,52.85,46.37,88.07,64.17,30.17,79.72,55.38,74.88,73.22,5.76,0.78,2.86,2.08,0.81,17.02,17.87,78.8,1.81
05,UTTARAKHAND,058,Rudraprayag,Rural,51064,91.64,7.39,35.17,62.43,51.01,48.3,87.6,63.18,27.58,79.14,54.5,74.04,72.4,5.55,0.69,2.49,1.94,0.78,17.48,18.51,78.27,1.88
05,UTTARAKHAND,058,Rudraprayag,Urban,2428,98.35,1.52,78.34,6.84,91.56,5.77,97.98,84.93,84.6,92.01,73.85,92.63,90.36,10.21,2.64,10.67,4.86,1.32,7.45,4.45,90.03,0.29
05,UTTARAKHAND,059,Tehri Garhwal,Total,133494,87.82,9.4,38.15,59.04,55.79,43.48,77.28,58.89,32.25,90.39,51.16,73.57,71.94,5.87,1.02,7.26,3.24,2.9,13.25,19.46,71.96,2.5
05,UTTARAKHAND,059,Tehri Garhwal,Rural,116988,86.33,10.54,31.17,66.91,50.13,49.21,76.2,55.76,23.52,90.42,46.67,70.6,68.98,3.95,0.56,4.04,1.92,1.25,13.89,21.84,69.59,2.76
05,UTTARAKHAND,059,Tehri Garhwal,Urban,16506,98.43,1.35,87.61,3.27,95.92,2.81,84.9,81.11,94.12,90.17,82.99,94.57,92.92,19.46,4.33,30.11,12.55,14.6,8.75,2.63,88.7,0.69
05,UTTARAKHAND,060,Dehradun,Total,322700,96.29,3.11,72.42,22.04,86.45,12.13,84.67,77.15,81.04,83.83,80.68,86.25,81.26,22.06,8.01,47.11,14.9,40.24,12.2,5.09,73.9,3.05
05,UTTARAKHAND,060,Dehradun,Rural,137051,94.47,4.68,52.84,43.1,74.55,24.88,78.25,65.44,68.04,79.9,70.55,78.96,75.07,12.4,3.15,36.01,7.68,41.65,11.41,8.55,69.42,3.9
05,UTTARAKHAND,060,Dehradun,Urban,185649,97.64,1.95,86.88,6.5,95.23,2.72,89.41,85.79,90.64,86.72,88.17,91.63,85.82,29.2,11.6,55.29,20.22,39.2,12.78,2.54,77.2,2.42
05,UTTARAKHAND,061,Garhwal,Total,161688,89.04,9.09,43.63,53.89,55.31,43.7,85.94,61.04,36.17,86.65,61.64,70.37,67.8,7.84,1.63,9.57,3.01,8.46,21.36,17.9,74.83,1.73
05,UTTARAKHAND,061,Garhwal,Rural,137102,87.4,10.45,35.66,62.1,48.26,50.98,84.14,56.88,26.99,86.13,57.48,66.62,64.44,5.53,0.91,6.21,2.02,6.83,22.95,20.42,73.09,1.85
05,UTTARAKHAND,061,Garhwal,Urban,24586,98.16,1.48,88.12,8.08,94.68,3.09,95.94,84.22,87.38,89.52,84.83,91.26,86.59,20.71,5.65,28.28,8.58,17.56,12.51,3.86,84.5,1.09
05,UTTARAKHAND,062,Pithoragarh,Total,111542,85.55,11.62,40.67,56.23,55.17,43.74,79.74,56.01,41.76,85.11,52.85,60.36,57.11,7.11,1.2,5.5,2.7,1.43,18.35,26.68,74.82,2.08
05,UTTARAKHAND,062,Pithoragarh,Rural,95130,83.26,13.46,31.78,65.69,48.04,50.82,78.65,51.24,34.41,84.29,47.16,55.05,51.89,4.68,0.56,3.39,1.93,0.7,19.87,30.66,72.27,2.35
05,UTTARAKHAND,062,Pithoragarh,Urban,16412,98.82,0.94,92.23,1.39,96.52,2.69,86.07,83.63,84.35,89.87,85.84,91.19,87.41,21.19,4.94,17.74,7.12,5.7,9.56,3.66,89.58,0.52
05,UTTARAKHAND,063,Bageshwar,Total,57712,81.58,15.7,23.14,73.92,54.76,43.93,79.42,54.66,24.8,82.17,44.83,61.28,59.85,6.23,0.75,3.47,1.99,1.69,20.81,26.73,72.54,2.86
05,UTTARAKHAND,063,Bageshwar,Rural,55748,81.03,16.18,20.97,76.27,53.52,45.31,79.11,53.55,23.25,81.72,43.56,60.46,59.07,5.95,0.64,3.02,1.78,1.49,21.21,27.37,71.92,2.93
05,UTTARAKHAND,063,Bageshwar,Urban,1964,97.3,2.14,84.57,7.03,89.97,4.63,88.24,86.1,68.79,94.91,80.8,84.42,82.03,14.15,3.97,16.24,7.89,7.33,9.57,8.5,90.02,0.87
05,UTTARAKHAND,064,Almora,Total,139257,78.9,18.08,28.87,68.62,55.26,43.05,80.46,58.81,26.12,85.45,50.44,70.81,68.21,7.08,1.31,4.82,2.44,1.92,25.6,20.27,75.1,1.66
05,UTTARAKHAND,064,Almora,Rural,126476,76.96,19.75,22.56,75.15,51.56,47.17,78.96,55.45,20.29,84.56,46.67,68.54,66.05,5.2,0.74,3.15,1.7,1.38,24.69,22.06,74.18,1.7
05,UTTARAKHAND,064,Almora,Urban,12781,98.11,1.54,91.27,4.02,91.89,2.28,95.37,92.02,83.84,94.26,87.76,93.33,89.54,25.69,6.99,21.41,9.74,7.28,34.56,2.63,84.2,1.26
05,UTTARAKHAND,065,Champawat,Total,52356,72.05,22.82,35.88,61.85,46.38,52.58,65.29,49.61,36.64,78.05,43.14,60.1,57.86,6.03,1.05,9.84,2.65,14.37,15.99,29.27,55.56,5.95
05,UTTARAKHAND,065,Champawat,Rural,44386,68.34,25.82,29.42,68.79,40.36,58.73,64.2,46.0,29.37,78.23,36.75,56.17,54.08,4.79,0.61,7.55,1.97,11.06,16.75,33.17,53.69,5.96
05,UTTARAKHAND,065,Champawat,Urban,7970,92.75,6.12,71.87,23.2,79.9,18.34,71.38,69.71,77.09,77.05,78.76,81.98,78.92,12.94,3.46,22.58,6.41,32.79,11.76,7.53,65.97,5.9
05,UTTARAKHAND,066,Nainital,Total,187108,90.32,8.15,52.92,40.62,79.5,19.41,80.05,65.53,62.85,78.51,67.34,77.53,74.38,14.04,3.88,26.27,7.38,30.53,14.26,11.75,68.76,4.27
05,UTTARAKHAND,066,Nainital,Rural,112670,85.87,11.9,34.82,58.37,69.4,29.61,69.77,48.75,48.22,78.12,58.23,72.61,69.94,9.37,1.97,20.89,4.94,32.98,16.75,15.19,63.22,5.1
05,UTTARAKHAND,066,Nainital,Urban,74438,97.07,2.46,80.32,13.75,94.78,3.97,95.62,90.91,84.99,79.09,81.12,84.96,81.11,21.11,6.77,34.41,11.07,26.83,10.49,6.56,77.15,3.0
05,UTTARAKHAND,067,Udham Singh Nagar,Total,300052,84.92,13.99,38.85,54.84,69.27,29.75,36.76,27.7,80.98,72.49,64.07,76.31,72.95,9.35,2.63,29.45,5.61,64.86,7.89,7.6,51.63,5.78
05,UTTARAKHAND,067,Udham Singh Nagar,Rural,194695,80.46,18.5,25.14,67.54,56.95,42.17,32.79,23.1,76.15,72.44,58.49,72.79,69.64,7.26,1.84,27.45,4.74,70.77,8.81,8.37,47.35,6.73
05,UTTARAKHAND,067,Udham Singh Nagar,Urban,105357,93.15,5.64,64.19,31.37,92.05,6.78,44.1,36.21,89.92,72.58,74.39,82.8,79.07,13.22,4.09,33.15,7.23,53.95,6.19,6.16,59.54,4.03
05,UTTARAKHAND,068,Hardwar,Total,325344,85.76,13.07,38.64,40.14,66.62,32.34,40.47,34.69,75.85,72.89,63.9,76.95,73.11,10.76,3.67,35.18,6.73,64.65,11.46,7.78,56.52,4.07
05,UTTARAKHAND,068,Hardwar,Rural,199642,79.2,19.39,16.03,55.02,50.24,48.89,21.08,16.33,67.13,70.1,53.09,70.42,67.78,4.78,1.11,27.28,3.23,66.84,10.86,10.39,46.42,5.27
05,UTTARAKHAND,068,Hardwar,Urban,125702,96.18,3.03,74.56,16.5,92.64,6.05,71.26,63.84,89.69,77.31,81.07,87.31,81.56,20.27,7.75,47.74,12.28,61.17,12.42,3.64,72.55,2.16
06,HARYANA,069,Panchkula,Total,110236,93.85,4.48,63.22,25.71,70.73,27.43,90.46,84.1,74.56,79.66,80.17,83.9,76.76,29.19,16.89,45.33,26.76,38.77,25.05,5.75,67.71,4.76
06,HARYANA,069,Panchkula,Rural,42651,90.23,7.02,35.09,50.42,44.05,55.03,87.49,80.36,60.61,74.38,70.51,75.8,70.31,6.87,1.68,35.78,7.61,32.12,13.21,10.09,59.9,4.89
06,HARYANA,069,Panchkula,Urban,67585,96.13,2.88,80.96,10.12,87.57,10.01,92.34,86.46,83.37,83.0,86.27,89.01,80.83,43.27,26.48,51.36,38.84,42.96,32.53,3.02,72.63,4.68
06,HARYANA,070,Ambala,Total,208071,95.97,3.37,58.45,18.98,68.69,28.65,83.56,74.96,84.29,73.2,82.68,81.77,74.17,15.75,6.2,44.42,12.55,64.25,15.65,4.48,59.19,3.86
06,HARYANA,070,Ambala,Rural,112525,94.73,4.45,37.88,28.78,51.15,46.54,81.8,70.72,79.79,69.82,77.13,76.94,70.44,7.99,2.17,37.88,7.6,67.63,14.18,5.74,51.42,4.34
06,HARYANA,070,Ambala,Urban,95546,97.42,2.09,82.68,7.44,89.35,7.58,85.63,79.96,89.58,77.19,89.22,87.47,78.55,24.88,10.94,52.12,18.39,60.26,17.39,3.0,68.34,3.28
06,HARYANA,071,Yamunanagar,Total,228163,95.33,3.96,47.81,32.73,65.16,33.96,77.55,67.13,83.27,70.81,73.85,76.89,72.39,11.01,3.54,38.55,9.11,64.87,12.04,6.77,53.02,5.41
06,HARYANA,071,Yamunanagar,Rural,133009,93.58,5.64,28.27,45.5,46.01,53.01,71.37,57.53,77.52,70.29,67.0,71.82,68.17,5.58,1.21,35.78,6.05,69.61,11.42,8.35,46.53,6.4
06,HARYANA,071,Yamunanagar,Urban,95154,97.77,1.62,75.12,14.87,91.92,7.32,86.19,80.55,91.31,71.53,83.43,83.97,78.29,18.61,6.8,42.42,13.39,58.24,12.9,4.57,62.08,4.02
06,HARYANA,072,Kurukshetra,Total,179391,95.83,3.55,50.25,13.39,75.99,21.69,84.99,72.76,80.36,71.18,79.89,81.31,76.72,12.24,4.1,41.12,11.29,60.03,17.27,5.79,54.82,4.03
06,HARYANA,072,Kurukshetra,Rural,126220,95.09,4.32,37.25,15.06,69.06,27.93,79.95,66.74,75.01,69.1,76.77,78.06,73.99,6.78,1.66,36.68,7.88,62.12,16.19,6.78,49.71,4.27
06,HARYANA,072,Kurukshetra,Urban,53171,97.57,1.72,81.11,9.43,92.44,6.88,96.96,87.05,93.06,76.1,87.31,89.0,83.18,25.18,9.9,51.67,19.39,55.05,19.83,3.45,66.97,3.46
06,HARYANA,073,Kaithal,Total,200221,93.57,5.33,31.3,18.17,63.38,33.85,58.11,40.2,57.15,62.4,70.02,76.59,73.57,7.64,1.86,29.59,6.39,47.8,18.33,10.18,49.57,4.62
06,HARYANA,073,Kaithal,Rural,154438,93.0,5.99,22.36,18.74,57.65,39.15,50.6,30.79,49.43,61.98,66.33,74.68,71.91,5.23,0.99,26.93,4.96,46.66,19.62,11.53,46.77,4.78
06,HARYANA,073,Kaithal,Urban,45783,95.5,3.1,61.44,16.24,82.69,15.94,83.42,71.92,83.16,63.83,82.48,83.04,79.16,15.79,4.81,38.54,11.2,51.65,13.97,5.64,59.02,4.1
06,HARYANA,074,Karnal,Total,284551,93.91,4.71,50.3,15.77,75.91,22.17,80.65,69.87,79.11,65.64,75.84,75.86,72.5,10.28,3.92,37.99,9.22,50.52,13.82,8.56,54.11,4.18
06,HARYANA,074,Karnal,Rural,194003,92.36,6.04,36.4,18.74,68.57,29.06,77.1,64.06,73.38,62.74,70.64,71.48,69.18,5.1,1.16,33.37,5.56,51.59,14.62,10.55,47.58,4.92
06,HARYANA,074,Karnal,Urban,90548,97.24,1.85,80.09,9.4,91.62,7.39,88.26,82.32,91.41,71.85,86.99,85.25,79.6,21.39,9.83,47.89,17.06,48.22,12.11,4.3,68.11,2.59
06,HARYANA,075,Panipat,Total,220388,95.27,3.58,55.29,17.24,80.21,18.32,66.19,51.74,67.56,63.41,73.65,78.35,74.5,12.12,4.55,34.0,7.93,41.09,12.08,8.77,52.99,3.55
06,HARYANA,075,Panipat,Rural,114922,93.6,4.84,36.56,24.3,66.73,31.37,52.13,37.61,54.36,66.33,68.51,73.79,71.06,6.66,1.87,30.8,4.99,42.26,12.72,11.05,48.26,4.16
06,HARYANA,075,Panipat,Urban,105466,97.09,2.22,75.7,9.54,94.9,4.1,81.51,67.13,81.95,60.23,79.26,83.32,78.25,18.08,7.46,37.47,11.12,39.81,11.39,6.3,58.14,2.88
06,HARYANA,076,Sonipat,Total,269658,93.84,5.19,46.73,30.84,68.13,30.82,60.97,42.16,63.48,70.93,71.32,76.87,72.2,11.38,3.35,31.34,8.29,44.14,16.54,9.72,50.33,4.27
06,HARYANA,076,Sonipat,Rural,180286,92.3,6.68,32.3,40.04,56.21,42.52,54.66,30.29,51.76,69.31,66.43,73.0,69.41,6.69,1.25,27.46,5.61,41.76,16.23,11.75,45.08,4.68
06,HARYANA,076,Sonipat,Urban,89372,96.95,2.16,75.84,12.26,92.18,7.22,73.69,66.12,87.11,74.2,81.18,84.68,77.82,20.85,7.59,39.17,13.71,48.93,17.15,5.63,60.94,3.44
06,HARYANA,077,Jind,Total,244582,90.96,7.79,32.05,29.23,59.87,38.57,52.82,40.49,48.97,62.98,65.72,79.15,74.61,9.71,2.15,25.22,6.47,46.23,16.55,9.55,48.54,4.44
06,HARYANA,077,Jind,Rural,187059,89.76,8.95,21.42,33.16,51.35,46.79,47.45,33.4,38.65,62.24,61.19,77.14,73.13,6.49,1.06,21.84,4.65,43.61,17.65,10.93,43.99,4.95
06,HARYANA,077,Jind,Urban,57523,94.83,4.01,66.62,16.45,87.58,11.86,70.27,63.55,82.56,65.37,80.47,85.66,79.44,20.19,5.7,36.22,12.4,54.76,12.96,5.08,63.32,2.76
06,HARYANA,078,Fatehabad,Total,176094,87.06,10.48,29.36,31.31,76.43,21.24,73.09,63.05,69.8,63.94,60.79,77.34,74.87,7.46,1.82,29.89,7.97,48.99,16.93,11.09,50.57,5.54
06,HARYANA,078,Fatehabad,Rural,141266,84.9,12.48,18.37,35.03,72.85,24.42,69.37,58.65,65.11,64.65,55.33,75.81,73.5,5.18,1.06,27.17,6.9,48.81,19.07,12.42,47.95,5.69
06,HARYANA,078,Fatehabad,Urban,34828,95.81,2.41,73.93,16.24,90.94,8.35,88.19,80.89,88.83,61.07,82.94,83.56,80.46,16.74,4.93,40.92,12.29,49.71,8.25,5.72,61.22,4.94
06,HARYANA,079,Sirsa,Total,240217,89.72,8.66,29.36,32.76,89.66,8.32,85.12,77.43,81.83,61.71,62.57,79.5,76.22,9.45,2.62,31.51,10.19,49.02,18.78,10.03,55.09,5.42
06,HARYANA,079,Sirsa,Rural,178789,87.33,10.94,14.63,36.9,87.52,9.91,84.22,76.45,78.66,61.51,55.8,77.52,74.78,5.99,1.19,27.55,9.11,47.85,20.89,11.65,52.4,5.89
06,HARYANA,079,Sirsa,Urban,61428,96.69,2.02,72.24,20.71,95.87,3.68,87.75,80.28,91.05,62.27,82.29,85.28,80.39,19.52,6.76,43.04,13.33,52.43,12.62,5.34,62.91,4.06
06,HARYANA,080,Hisar,Total,325046,87.68,10.34,33.99,33.53,71.11,26.98,67.23,61.97,59.89,67.64,62.33,79.77,76.27,10.28,3.12,27.91,7.58,45.45,20.22,10.16,53.3,4.8
06,HARYANA,080,Hisar,Rural,221028,84.08,13.6,15.67,41.04,62.48,35.11,64.23,58.0,50.25,65.92,53.3,76.99,74.35,4.98,0.82,21.45,4.56,41.2,21.78,12.5,48.04,5.5
06,HARYANA,080,Hisar,Urban,104018,95.33,3.4,72.94,17.59,89.46,9.71,73.61,70.41,80.38,71.28,81.5,85.67,80.33,21.53,8.0,41.64,14.01,54.46,16.9,5.18,64.46,3.29
06,HARYANA,081,Bhiwani,Total,308812,86.22,12.42,28.8,43.57,56.89,42.28,65.9,52.95,53.24,65.02,57.1,78.6,75.34,8.17,1.71,21.39,5.44,32.13,18.9,12.79,49.87,5.15
06,HARYANA,081,Bhiwani,Rural,245761,84.52,14.19,18.08,50.39,49.21,50.02,60.83,46.01,46.09,64.46,51.5,76.87,74.12,5.9,0.85,18.21,4.51,26.66,19.7,14.47,48.8,5.34
06,HARYANA,081,Bhiwani,Urban,63051,92.81,5.55,70.57,16.97,86.82,12.1,85.68,79.99,81.13,67.2,78.93,85.33,80.1,17.02,5.08,33.79,9.04,53.46,15.8,6.25,54.04,4.38
06,HARYANA,082,Rohtak,Total,202933,95.16,3.99,46.63,31.59,72.93,26.46,75.89,67.3,67.4,74.87,73.99,79.15,74.5,13.42,4.18,31.33,8.15,45.18,19.63,8.69,53.75,3.86
06,HARYANA,082,Rohtak,Rural,115506,93.4,5.61,23.28,45.69,58.44,40.78,64.12,50.83,50.3,74.04,66.37,74.8,71.0,6.57,1.15,22.29,4.1,41.26,17.74,11.47,45.95,4.75
06,HARYANA,082,Rohtak,Urban,87427,97.5,1.83,77.48,12.96,92.07,7.55,91.45,89.07,90.0,75.97,84.07,84.89,79.13,22.45,8.18,43.27,13.51,50.36,22.12,5.03,64.06,2.68
06,HARYANA,083,Jhajjar,Total,183400,91.91,6.93,38.25,28.43,67.36,31.8,72.76,52.12,62.2,74.21,69.8,79.08,73.05,10.49,2.74,28.83,7.8,38.14,22.24,9.55,51.27,4.77
06,HARYANA,083,Jhajjar,Rural,134340,90.4,8.51,23.95,33.95,58.47,40.49,71.29,44.68,54.89,74.18,65.87,76.8,70.85,7.22,1.36,26.94,6.03,35.55,20.32,11.1,50.06,4.87
06,HARYANA,083,Jhajjar,Urban,49060,96.04,2.61,77.41,13.29,91.71,8.0,76.79,72.5,82.23,74.3,80.56,85.31,79.08,19.45,6.53,33.99,12.64,45.24,27.51,5.3,54.58,4.49
06,HARYANA,084,Mahendragarh,Total,168525,80.38,18.42,26.92,26.28,44.27,55.14,64.32,31.74,47.7,69.56,52.22,79.31,76.18,8.25,1.56,27.16,5.07,32.52,15.31,13.36,55.55,3.05
06,HARYANA,084,Mahendragarh,Rural,145235,78.19,20.55,20.68,27.29,38.99,60.48,61.97,25.15,43.95,69.74,48.27,78.95,76.16,7.07,1.1,25.55,4.42,30.77,16.19,14.21,54.83,3.09
06,HARYANA,084,Mahendragarh,Urban,23290,94.04,5.08,65.78,20.01,77.22,21.87,78.92,72.86,71.05,68.42,76.88,81.56,76.29,15.6,4.39,37.21,9.12,43.47,9.88,8.03,60.07,2.76
06,HARYANA,085,Rewari,Total,169128,90.26,8.52,37.05,14.02,59.38,40.11,72.49,48.2,67.82,79.81,64.3,81.09,75.99,10.7,3.03,34.82,7.19,42.2,16.87,9.71,57.98,3.06
06,HARYANA,085,Rewari,Rural,126261,88.02,10.61,23.01,14.74,49.75,49.72,72.1,41.67,61.25,80.24,58.62,79.31,74.51,7.65,1.6,32.05,5.57,40.65,17.68,11.3,55.07,3.27
06,HARYANA,085,Rewari,Urban,42867,96.85,2.36,78.43,11.91,87.76,11.79,73.65,67.42,87.19,78.54,81.03,86.36,80.34,19.68,7.24,42.99,11.97,46.75,14.48,5.02,66.53,2.45
06,HARYANA,086,Gurgaon,Total,320642,95.36,3.47,74.34,13.77,84.57,13.89,68.42,60.32,80.24,78.24,77.35,85.74,79.51,31.92,20.92,41.0,28.98,32.2,26.13,7.02,65.61,3.73
06,HARYANA,086,Gurgaon,Rural,88013,90.99,7.58,42.05,26.4,65.62,33.82,60.17,43.76,64.28,77.31,65.8,78.23,75.26,8.32,1.83,36.92,10.43,29.86,16.04,11.36,57.46,3.25
06,HARYANA,086,Gurgaon,Urban,232629,97.01,1.92,86.55,8.99,91.74,6.35,71.54,66.58,86.28,78.59,81.72,88.59,81.12,40.85,28.14,42.55,36.0,33.09,29.94,5.37,68.69,3.92
06,HARYANA,087,Mewat,Total,157020,61.34,36.0,9.93,47.82,23.44,75.98,36.95,22.74,23.42,40.84,17.43,71.31,69.82,6.69,0.6,21.49,3.96,24.01,9.02,20.66,35.29,8.45
06,HARYANA,087,Mewat,Rural,137261,57.63,39.67,4.86,49.79,17.81,81.56,32.16,17.93,17.26,38.22,12.55,70.54,69.22,6.34,0.37,20.89,3.53,23.51,8.68,21.62,32.59,8.98
06,HARYANA,087,Mewat,Urban,19759,87.05,10.56,45.17,34.15,62.52,37.18,70.22,56.18,66.23,59.02,51.31,76.65,73.99,9.12,2.18,25.71,6.93,27.51,11.33,14.03,54.02,4.76
06,HARYANA,088,Faridabad,Total,353066,94.37,4.09,73.19,11.89,83.95,14.0,59.8,48.55,71.85,71.06,79.21,85.8,80.0,23.42,12.3,43.3,17.98,48.41,19.07,5.09,57.41,2.76
06,HARYANA,088,Faridabad,Rural,60315,89.17,8.91,24.59,29.32,58.58,40.15,49.03,34.13,63.58,67.89,65.21,74.29,70.43,8.88,2.01,41.97,9.27,43.81,11.14,10.3,52.43,4.34
06,HARYANA,088,Faridabad,Urban,292751,95.44,3.09,83.21,8.3,89.18,8.61,62.02,51.52,73.56,71.71,82.09,88.17,81.97,26.41,14.42,43.58,19.77,49.36,20.71,4.02,58.43,2.44
06,HARYANA,089,Palwal,Total,167810,79.02,18.74,27.71,39.06,44.41,54.44,56.63,40.09,56.92,59.95,55.61,72.24,66.3,9.97,2.55,33.27,6.07,40.27,9.49,13.93,46.89,5.63
06,HARYANA,089,Palwal,Rural,127165,74.27,23.44,16.33,46.11,32.14,66.63,55.15,36.48,47.41,58.58,48.18,69.79,64.87,7.17,0.95,30.73,4.2,39.17,8.87,15.93,42.63,6.28
06,HARYANA,089,Palwal,Urban,40645,93.9,4.04,63.32,17.03,82.83,16.31,61.28,51.39,86.69,64.21,78.84,79.89,70.76,18.73,7.56,41.21,11.91,43.72,11.45,7.67,60.21,3.6
07,NCT OF DELHI,090,North West,Total,730034,98.75,0.92,85.7,4.81,84.69,5.28,79.21,73.14,70.81,73.17,86.44,87.16,82.39,25.87,15.62,36.11,20.87,32.25,30.87,4.04,61.55,3.4
07,NCT OF DELHI,090,North West,Rural,41486,97.21,1.98,68.55,13.15,64.15,17.17,62.88,52.37,58.14,66.58,79.19,77.72,74.18,11.53,3.59,32.06,9.36,39.17,20.41,7.4,48.95,4.46
07,NCT OF DELHI,090,North West,Urban,688548,98.84,0.85,86.74,4.3,85.93,4.57,80.19,74.39,71.57,73.57,86.87,87.73,82.89,26.74,16.35,36.36,21.56,31.83,31.5,3.84,62.31,3.34
07,NCT OF DELHI,091,North,Total,175890,99.1,0.69,91.57,2.18,90.04,2.58,81.87,77.34,74.67,78.75,89.14,91.28,86.7,23.05,12.18,36.06,14.54,25.9,29.77,2.56,59.73,3.42
07,NCT OF DELHI,091,North,Rural,3184,99.09,0.79,89.64,3.58,98.02,1.95,35.9,31.16,61.15,85.46,91.14,90.99,84.27,9.52,2.36,39.51,6.03,34.8,21.45,2.36,73.81,0.91
07,NCT OF DELHI,091,North,Urban,172706,99.1,0.69,91.61,2.15,89.89,2.59,82.72,78.19,74.92,78.62,89.1,91.29,86.75,23.3,12.36,36.0,14.7,25.74,29.92,2.56,59.47,3.46
07,NCT OF DELHI,092,North East,Total,395060,99.21,0.47,90.31,2.08,95.14,0.62,81.71,76.63,76.79,69.53,88.48,90.37,86.06,17.57,7.69,38.65,9.49,36.29,25.68,2.4,62.38,2.02
07,NCT OF DELHI,092,North East,Rural,3720,93.44,1.51,83.17,5.32,94.97,5.03,52.02,51.32,82.02,68.06,83.41,84.44,76.45,8.31,2.82,38.36,10.78,47.63,41.77,7.39,60.81,2.77
07,NCT OF DELHI,092,North East,Urban,391340,99.27,0.46,90.38,2.05,95.14,0.58,82.0,76.87,76.74,69.55,88.52,90.43,86.15,17.66,7.74,38.65,9.48,36.18,25.53,2.35,62.4,2.01
07,NCT OF DELHI,093,East,Total,354385,99.54,0.33,92.34,2.22,93.43,1.58,94.25,91.83,90.81,84.83,90.34,93.08,86.9,35.97,22.58,45.9,24.69,29.08,41.9,2.07,73.96,1.92
07,NCT OF DELHI,093,East,Rural,827,99.76,0.24,99.27,0.48,98.07,1.69,100.0,100.0,99.76,99.4,96.01,99.64,93.47,64.09,41.72,58.28,44.74,25.39,45.59,0.0,92.14,1.21
07,NCT OF DELHI,093,East,Urban,353558,99.54,0.33,92.33,2.23,93.42,1.58,94.23,91.81,90.79,84.8,90.33,93.06,86.89,35.9,22.54,45.87,24.64,29.09,41.89,2.07,73.92,1.93
07,NCT OF DELHI,094,New Delhi,Total,30385,98.81,0.97,87.81,4.03,77.86,1.97,95.28,91.1,78.95,86.29,86.88,91.89,84.89,39.32,24.24,33.79,23.85,36.3,35.55,3.29,67.53,3.69
07,NCT OF DELHI,094,New Delhi,Rural,0,,,,,,,,,,,,,,,,,,,,,,
07,NCT OF DELHI,094,New Delhi,Urban,30385,98.81,0.97,87.81,4.03,77.86,1.97,95.28,91.1,78.95,86.29,86.88,91.89,84.89,39.32,24.24,33.79,23.85,36.3,35.55,3.29,67.53,3.69
07,NCT OF DELHI,095,Central,Total,114587,98.96,0.88,88.86,2.36,90.8,0.62,96.07,93.08,91.73,75.35,89.83,90.92,85.15,26.73,17.21,34.14,18.33,15.02,34.4,2.68,57.43,3.22
07,NCT OF DELHI,095,Central,Rural,0,,,,,,,,,,,,,,,,,,,,,,
07,NCT OF DELHI,095,Central,Urban,114587,98.96,0.88,88.86,2.36,90.8,0.62,96.07,93.08,91.73,75.35,89.83,90.92,85.15,26.73,17.21,34.14,18.33,15.02,34.4,2.68,57.43,3.22
07,NCT OF DELHI,096,West,Total,523703,99.35,0.47,90.89,3.1,89.94,2.25,86.91,82.29,80.66,78.67,89.39,91.08,86.06,32.65,20.94,41.79,25.7,28.82,33.21,3.05,68.29,2.84
07,NCT OF DELHI,096,West,Rural,1151,99.48,0.35,78.11,12.68,87.14,12.77,21.98,18.51,23.28,83.93,90.88,92.01,88.71,8.17,2.52,56.3,19.46,61.69,27.28,2.35,49.87,1.82
07,NCT OF DELHI,096,West,Urban,522552,99.35,0.47,90.92,3.08,89.94,2.23,87.05,82.43,80.79,78.65,89.39,91.08,86.06,32.71,20.98,41.76,25.71,28.75,33.22,3.05,68.33,2.84
07,NCT OF DELHI,097,South West,Total,462772,98.92,0.8,91.59,3.86,91.0,4.26,75.69,68.12,80.72,82.05,87.01,92.04,86.87,33.85,20.5,39.58,22.78,35.52,35.59,2.89,69.23,2.62
07,NCT OF DELHI,097,South West,Rural,26493,98.97,0.72,82.09,9.99,87.69,11.17,58.73,47.79,70.65,82.58,87.33,89.39,84.67,15.93,4.7,47.11,11.66,53.08,27.17,2.51,61.27,3.26
07,NCT OF DELHI,097,South West,Urban,436279,98.92,0.81,92.17,3.49,91.2,3.84,76.72,69.35,81.33,82.02,86.99,92.2,87.0,34.93,21.46,39.12,23.46,34.45,36.1,2.92,69.71,2.59
07,NCT OF DELHI,098,South,Total,553722,99.22,0.6,91.18,3.48,88.01,4.58,71.02,60.14,76.13,80.02,87.01,92.65,87.13,31.86,20.13,36.95,21.87,27.32,35.87,2.37,66.75,2.89
07,NCT OF DELHI,098,South,Rural,2254,98.36,1.6,73.43,16.15,90.64,8.47,53.33,39.35,80.17,72.72,80.66,87.93,85.58,16.02,10.07,37.67,17.88,38.51,36.69,2.62,54.04,4.61
07,NCT OF DELHI,098,South,Urban,551468,99.22,0.59,91.26,3.42,88.0,4.57,71.1,60.22,76.12,80.05,87.03,92.67,87.13,31.93,20.17,36.95,21.89,27.27,35.86,2.37,66.8,2.88
08,RAJASTHAN,099,Ganganagar,Total,373877,75.73,21.81,23.68,33.26,84.73,14.61,73.38,67.47,63.31,77.25,48.58,76.14,74.0,6.66,1.68,22.82,5.75,40.09,20.15,14.69,57.94,2.73
08,RAJASTHAN,099,Ganganagar,Rural,269763,69.37,27.77,9.16,35.16,81.29,17.97,65.73,58.73,55.06,81.93,39.06,74.69,72.75,3.53,0.69,17.95,4.93,36.28,22.75,16.59,55.39,2.53
08,RAJASTHAN,099,Ganganagar,Urban,104114,92.22,6.37,61.32,28.33,93.63,5.88,93.2,90.1,84.7,65.14,73.24,79.9,77.23,14.76,4.27,35.45,7.89,49.98,13.41,9.76,64.54,3.27
08,RAJASTHAN,100,Hanumangarh,Total,328871,73.94,24.6,16.88,46.1,84.65,14.76,74.98,70.82,58.66,69.29,42.66,75.86,73.93,4.93,1.02,17.32,5.03,28.41,17.28,17.3,61.59,2.54
08,RAJASTHAN,100,Hanumangarh,Rural,261513,69.3,29.18,6.42,49.4,82.26,17.09,69.87,65.43,51.3,72.44,36.22,74.88,73.25,3.14,0.46,14.4,4.51,24.19,18.58,18.93,60.8,2.39
08,RAJASTHAN,100,Hanumangarh,Urban,67358,91.95,6.8,57.49,33.29,93.9,5.71,94.82,91.77,87.23,57.07,67.65,79.67,76.54,11.88,3.22,28.67,7.04,44.79,12.21,10.98,64.67,3.15
08,RAJASTHAN,101,Bikaner,Total,375970,58.73,36.91,28.94,52.85,51.92,47.77,59.63,50.58,51.78,73.99,36.83,76.59,73.95,7.85,2.02,18.19,4.55,26.04,19.51,16.73,53.89,3.77
08,RAJASTHAN,101,Bikaner,Rural,242492,40.13,54.12,5.0,75.35,29.5,70.22,40.25,28.46,31.42,77.15,15.68,73.01,71.74,3.68,0.37,5.3,3.0,10.19,18.36,22.67,44.49,4.89
08,RAJASTHAN,101,Bikaner,Urban,133478,92.51,5.63,72.44,11.96,92.63,6.97,94.84,90.76,88.76,68.26,75.26,83.09,77.95,15.44,5.03,41.6,7.37,54.83,21.61,5.95,70.97,1.72
08,RAJASTHAN,102,Churu,Total,347351,66.7,32.02,21.36,75.21,57.81,41.99,77.31,57.08,44.05,72.68,37.76,77.28,74.73,4.39,0.74,7.97,2.86,13.4,14.5,18.66,58.31,4.87
08,RAJASTHAN,102,Churu,Rural,254921,58.36,40.22,5.89,90.77,47.03,52.76,71.39,48.23,27.93,77.11,26.35,74.78,72.51,2.87,0.27,4.46,2.67,6.56,14.72,21.92,55.01,5.83
08,RAJASTHAN,102,Churu,Urban,92430,89.71,9.39,64.02,32.3,87.54,12.31,93.65,81.49,88.52,60.47,69.24,84.17,80.83,8.6,2.05,17.68,3.39,32.25,13.91,9.64,67.39,2.22
08,RAJASTHAN,103,Jhunjhunun,Total,383664,77.56,21.66,34.4,59.06,53.58,46.2,60.31,32.13,49.95,67.07,49.4,82.05,77.41,6.3,1.26,15.62,4.13,19.47,17.85,13.35,73.12,2.26
08,RAJASTHAN,103,Jhunjhunun,Rural,301647,73.52,25.76,24.83,67.58,45.72,54.05,52.16,21.32,42.34,68.41,44.41,81.81,77.34,4.85,0.69,13.69,3.75,16.03,18.79,14.15,73.2,2.39
08,RAJASTHAN,103,Jhunjhunun,Urban,82017,92.39,6.6,69.62,27.74,82.5,17.31,90.28,71.87,77.91,62.12,67.73,82.95,77.66,11.63,3.34,22.7,5.53,32.1,14.36,10.38,72.82,1.76
08,RAJASTHAN,104,Alwar,Total,628913,77.23,21.52,19.63,36.63,27.49,71.93,30.07,20.11,34.39,59.5,41.16,75.92,73.0,7.28,1.55,28.53,4.8,38.59,17.31,15.19,59.36,3.2
08,RAJASTHAN,104,Alwar,Rural,505266,72.75,25.93,7.27,41.22,14.81,84.8,20.64,10.74,23.6,56.24,32.66,73.59,71.07,4.9,0.55,24.5,3.73,35.23,17.23,17.53,56.85,3.6
08,RAJASTHAN,104,Alwar,Urban,123647,95.53,3.51,70.16,17.85,79.32,19.35,68.59,58.38,78.49,72.82,75.89,85.42,80.87,17.01,5.65,45.01,9.19,52.32,17.6,5.62,69.61,1.59
08,RAJASTHAN,105,Bharatpur,Total,423607,68.16,30.64,14.43,30.17,20.28,79.19,23.87,18.02,24.5,59.6,37.82,71.59,69.05,6.16,0.99,23.57,2.44,36.1,10.5,18.03,43.78,4.25
08,RAJASTHAN,105,Bharatpur,Rural,338086,62.68,36.14,4.19,30.46,7.83,91.88,12.53,7.39,13.6,58.18,29.55,69.92,67.8,4.86,0.51,20.82,1.77,32.56,11.4,19.97,40.77,4.73
08,RAJASTHAN,105,Bharatpur,Urban,85521,89.81,8.93,54.92,29.05,69.48,29.03,68.68,60.05,67.58,65.21,70.49,78.19,73.97,11.3,2.87,34.43,5.11,50.09,6.94,10.37,55.68,2.36
08,RAJASTHAN,106,Dhaulpur,Total,202184,47.52,51.0,12.15,33.44,16.41,83.21,17.62,15.56,21.07,46.76,25.43,58.25,56.15,4.7,0.66,15.39,1.79,39.87,8.3,26.45,39.41,5.95
08,RAJASTHAN,106,Dhaulpur,Rural,161598,39.08,59.41,3.16,31.62,4.75,94.82,5.22,3.95,11.23,45.63,17.22,55.37,53.78,3.75,0.36,12.63,1.23,38.56,8.22,29.06,35.06,6.57
08,RAJASTHAN,106,Dhaulpur,Urban,40586,81.14,17.54,47.93,40.68,62.81,36.98,66.95,61.79,60.25,51.25,58.13,69.72,65.61,8.49,1.83,26.38,4.0,45.08,8.61,16.02,56.71,3.48
08,RAJASTHAN,107,Karauli,Total,262659,50.29,47.1,10.77,50.58,15.9,83.82,20.68,13.22,19.29,60.4,18.94,63.45,62.35,4.97,0.4,13.51,1.45,19.8,8.83,29.71,35.31,5.26
08,RAJASTHAN,107,Karauli,Rural,225191,44.58,52.6,4.36,52.07,8.17,91.63,13.52,7.47,13.35,60.88,13.45,62.12,61.2,4.52,0.17,11.88,1.22,18.96,8.68,31.13,31.98,5.61
08,RAJASTHAN,107,Karauli,Urban,37468,84.57,14.02,49.34,41.62,62.35,36.86,63.71,47.75,55.01,57.5,51.98,71.45,69.25,7.63,1.81,23.33,2.88,24.84,9.77,21.16,55.32,3.14
08,RAJASTHAN,108,Sawai Madhopur,Total,253987,55.49,43.13,15.79,40.89,20.66,79.15,21.63,17.21,22.26,71.4,24.39,67.34,65.48,5.63,0.74,16.52,1.73,26.22,12.67,24.52,44.49,4.08
08,RAJASTHAN,108,Sawai Madhopur,Rural,206526,47.3,51.17,5.45,43.13,8.82,91.03,12.2,8.28,11.1,72.49,15.13,64.46,63.01,4.55,0.31,13.02,1.26,23.49,12.3,27.4,40.33,4.42
08,RAJASTHAN,108,Sawai Madhopur,Urban,47461,91.16,8.14,60.83,31.13,72.16,27.47,62.67,56.06,70.84,66.69,64.66,79.84,76.22,10.34,2.64,31.75,3.8,38.12,14.28,12.0,62.61,2.61
08,RAJASTHAN,109,Dausa,Total,290829,67.14,31.78,12.24,60.58,17.36,82.24,18.65,13.51,20.64,75.15,28.23,69.66,67.98,5.0,0.59,21.35,2.29,29.16,12.32,21.73,50.47,4.87
08,RAJASTHAN,109,Dausa,Rural,256059,63.61,35.25,5.28,64.55,9.25,90.38,11.17,7.14,13.44,75.88,22.69,67.91,66.4,4.34,0.31,18.68,1.83,28.19,12.3,23.26,47.57,5.35
08,RAJASTHAN,109,Dausa,Urban,34770,93.15,6.18,63.48,31.32,77.03,22.29,73.76,60.39,73.73,69.82,69.1,82.52,79.65,9.88,2.69,41.08,5.68,36.26,12.45,10.49,71.82,1.37
08,RAJASTHAN,110,Jaipur,Total,1145904,86.4,12.66,49.83,42.21,60.57,39.04,57.72,50.84,55.52,67.94,66.7,85.01,80.94,15.91,6.68,45.68,12.47,34.3,28.19,8.7,63.61,2.51
08,RAJASTHAN,110,Jaipur,Rural,502634,72.86,25.77,11.13,77.64,21.99,77.64,24.32,17.51,23.56,62.41,46.2,79.48,77.26,4.83,0.67,31.01,4.93,24.57,14.91,14.47,53.24,4.19
08,RAJASTHAN,110,Jaipur,Urban,643270,96.98,2.42,80.07,14.53,90.72,8.89,83.81,76.88,80.5,72.26,82.72,89.33,83.8,24.57,11.38,57.13,18.36,41.9,38.56,4.19,71.71,1.19
08,RAJASTHAN,111,Sikar,Total,445713,76.16,22.82,29.47,67.13,50.02,49.75,55.78,29.91,47.71,68.56,49.08,86.38,83.44,6.37,1.27,17.35,5.05,17.12,18.57,10.5,67.08,2.53
08,RAJASTHAN,111,Sikar,Rural,347063,71.24,27.68,17.52,78.83,40.17,59.59,46.14,19.19,38.51,70.61,42.75,85.89,83.15,5.15,0.77,14.54,4.88,13.34,19.19,11.36,65.83,2.79
08,RAJASTHAN,111,Sikar,Urban,98650,93.47,5.73,71.52,25.99,84.68,15.15,89.73,67.65,80.08,61.34,71.37,88.07,84.45,10.66,3.0,27.25,5.62,30.44,16.36,7.46,71.48,1.63
08,RAJASTHAN,112,Nagaur,Total,583941,59.48,38.79,16.66,76.78,35.84,63.73,40.64,26.95,28.46,61.46,31.6,79.64,77.63,6.05,0.76,16.15,4.48,15.42,18.04,16.47,50.44,5.65
08,RAJASTHAN,112,Nagaur,Rural,483188,53.13,45.05,7.47,85.68,26.52,73.1,33.46,19.36,20.61,62.92,24.79,78.61,76.91,5.33,0.41,13.0,4.26,12.48,17.85,17.88,47.28,6.32
08,RAJASTHAN,112,Nagaur,Urban,100753,89.96,8.77,60.7,34.11,80.58,18.79,75.07,63.37,66.13,54.45,64.25,84.56,81.06,9.48,2.43,31.25,5.53,29.53,18.99,9.73,65.59,2.4
08,RAJASTHAN,113,Jodhpur,Total,626578,65.24,32.11,31.46,61.35,39.69,59.64,48.73,41.7,39.17,61.69,39.26,78.39,75.13,8.75,3.09,31.49,6.51,30.9,29.59,14.71,54.56,4.03
08,RAJASTHAN,113,Jodhpur,Rural,413367,49.81,46.66,6.65,85.4,13.68,85.75,25.49,16.7,15.41,57.95,19.02,74.61,73.16,3.6,0.36,18.11,3.82,20.86,23.52,19.61,45.32,5.22
08,RAJASTHAN,113,Jodhpur,Urban,213211,95.18,3.91,79.57,14.72,90.1,9.02,93.79,90.17,85.24,68.93,78.51,85.72,78.96,18.72,8.36,57.43,11.72,50.38,41.36,5.21,72.46,1.72
08,RAJASTHAN,114,Jaisalmer,Total,113399,38.04,52.11,10.96,83.01,23.33,75.51,24.21,15.2,13.8,69.09,17.1,71.52,70.27,6.54,0.66,10.01,4.6,9.96,17.29,24.6,43.0,2.99
08,RAJASTHAN,114,Jaisalmer,Rural,98284,32.04,56.79,3.54,90.55,16.69,82.09,15.29,7.34,6.03,69.12,10.54,70.15,69.35,5.61,0.21,6.6,4.23,7.48,16.89,26.2,40.7,3.2
08,RAJASTHAN,114,Jaisalmer,Urban,15115,77.08,21.69,59.22,33.99,66.52,32.75,82.22,66.32,64.38,68.94,59.75,80.43,76.23,12.58,3.65,32.21,7.03,26.04,19.88,14.17,57.94,1.67
08,RAJASTHAN,115,Barmer,Total,447776,28.25,61.41,8.84,85.02,14.87,84.66,21.39,15.58,12.72,68.07,11.82,66.82,65.12,8.43,0.62,8.89,6.03,10.58,15.44,28.85,37.69,5.09
08,RAJASTHAN,115,Barmer,Rural,416017,23.42,65.59,3.97,89.94,9.69,89.84,17.1,11.37,8.23,67.97,7.47,65.26,63.81,7.88,0.32,6.05,5.8,8.35,15.09,30.49,35.34,5.29
08,RAJASTHAN,115,Barmer,Urban,31759,91.52,6.62,72.57,20.65,82.78,16.75,77.65,70.78,71.5,69.47,68.74,87.16,82.24,15.6,4.54,46.02,9.03,39.7,20.08,7.37,68.51,2.47
08,RAJASTHAN,116,Jalor,Total,329516,49.12,45.43,12.06,84.47,15.52,84.05,41.43,27.66,35.44,66.8,16.46,72.08,70.49,3.88,0.48,10.56,3.75,11.41,12.72,24.12,41.21,8.0
08,RAJASTHAN,116,Jalor,Rural,302242,45.91,48.49,7.95,88.74,11.34,88.34,37.01,22.66,31.26,67.3,13.11,71.4,69.99,3.44,0.29,8.68,3.52,10.1,12.79,24.98,39.56,8.36
08,RAJASTHAN,116,Jalor,Urban,27274,84.6,11.49,57.6,37.19,61.91,36.52,90.39,83.07,81.78,61.27,53.59,79.59,75.98,8.8,2.56,31.4,6.35,25.87,12.02,14.53,59.47,3.99
08,RAJASTHAN,117,Sirohi,Total,202260,66.3,32.57,23.33,71.68,26.81,72.74,40.43,30.62,37.33,70.16,32.23,61.8,59.66,5.09,1.06,19.19,3.14,26.15,11.28,29.31,48.14,5.92
08,RAJASTHAN,117,Sirohi,Rural,161080,59.7,39.12,12.47,82.97,16.23,83.47,30.62,21.5,28.85,68.59,22.75,57.1,55.34,3.32,0.4,14.37,2.21,23.06,10.91,33.96,42.23,6.95
08,RAJASTHAN,117,Sirohi,Urban,41180,92.1,6.94,65.8,27.48,68.17,30.79,78.78,66.3,70.53,76.27,69.34,80.2,76.55,12.03,3.64,38.05,6.74,38.23,12.72,11.09,71.27,1.88
08,RAJASTHAN,118,Pali,Total,428992,76.18,22.16,22.1,74.9,28.98,69.66,46.11,35.49,35.0,73.4,36.08,73.88,70.33,4.49,0.94,25.43,3.3,41.01,17.67,16.97,48.53,4.82
08,RAJASTHAN,118,Pali,Rural,341833,72.16,26.06,11.7,86.31,18.73,79.96,35.98,24.28,25.02,75.91,28.45,71.69,68.39,3.16,0.38,21.87,2.62,37.88,17.11,19.27,44.5,5.41
08,RAJASTHAN,118,Pali,Urban,87159,91.92,6.88,62.91,30.18,69.15,29.25,85.86,79.43,74.11,63.55,65.98,82.47,77.94,9.71,3.16,39.42,5.98,53.32,19.88,7.95,64.34,2.47
08,RAJASTHAN,119,Ajmer,Total,483931,81.31,17.63,35.5,60.97,42.27,56.5,51.14,47.39,40.11,76.51,51.76,75.06,72.06,8.62,2.79,36.26,5.06,38.71,19.22,14.51,56.17,2.5
08,RAJASTHAN,119,Ajmer,Rural,294870,71.3,27.3,8.53,88.64,14.08,85.42,26.53,22.34,11.93,79.66,32.08,67.98,66.35,3.13,0.44,25.02,2.2,35.32,15.6,20.65,46.66,3.41
08,RAJASTHAN,119,Ajmer,Urban,189061,96.93,2.53,77.57,17.81,86.24,11.41,89.53,86.45,84.07,71.59,82.44,86.1,80.98,17.19,6.45,53.79,9.53,43.99,24.87,4.92,71.01,1.08
08,RAJASTHAN,120,Tonk,Total,267840,59.09,39.67,12.08,72.0,18.66,80.85,21.95,18.68,20.23,66.34,31.16,70.83,68.48,4.66,0.71,25.45,2.35,34.93,11.32,19.27,47.44,2.04
08,RAJASTHAN,120,Tonk,Rural,214114,51.0,47.74,3.65,78.09,6.86,92.83,8.25,5.83,8.48,68.99,22.83,69.96,67.97,3.48,0.26,22.88,1.74,32.15,10.72,21.3,43.97,1.93
08,RAJASTHAN,120,Tonk,Urban,53726,91.31,7.49,45.68,47.71,65.66,33.13,76.53,69.93,67.04,55.77,64.33,74.27,70.52,9.35,2.52,35.73,4.8,45.98,13.73,11.18,61.25,2.48
08,RAJASTHAN,121,Bundi,Total,220071,62.24,36.28,15.18,68.83,19.12,80.29,23.18,19.88,27.64,73.83,35.76,65.18,63.16,3.5,0.63,26.47,2.63,39.45,11.93,21.26,45.04,3.09
08,RAJASTHAN,121,Bundi,Rural,177525,55.69,42.72,5.95,75.97,8.32,91.48,10.12,7.28,16.64,75.94,27.65,61.87,60.23,2.37,0.25,23.47,1.88,38.89,11.4,23.9,40.39,3.36
08,RAJASTHAN,121,Bundi,Urban,42546,89.55,9.41,53.69,39.06,64.19,33.64,77.69,72.47,73.5,65.01,69.6,78.95,75.39,8.23,2.22,39.0,5.75,41.78,14.16,10.23,64.44,1.96
08,RAJASTHAN,122,Bhilwara,Total,493597,75.7,22.6,19.0,77.54,23.45,75.52,37.15,30.16,27.32,71.62,35.53,69.09,66.73,4.87,1.26,30.59,3.55,43.0,10.64,18.87,46.47,3.14
08,RAJASTHAN,122,Bhilwara,Rural,394235,71.1,27.03,6.75,90.31,10.52,88.71,26.66,18.96,17.49,71.65,25.62,64.74,62.71,2.69,0.32,25.2,1.94,41.84,10.36,22.08,40.9,3.59
08,RAJASTHAN,122,Bhilwara,Urban,99362,93.93,5.04,67.57,26.88,74.73,23.17,78.77,74.57,66.3,71.53,74.87,86.36,82.65,13.48,4.97,51.96,9.94,47.58,11.75,6.13,68.6,1.32
08,RAJASTHAN,123,Rajsamand,Total,245488,78.73,19.43,14.69,82.5,20.02,79.3,35.35,25.65,28.6,80.69,32.7,68.5,66.67,3.76,0.81,25.55,2.88,26.68,10.32,23.23,45.1,3.73
08,RAJASTHAN,123,Rajsamand,Rural,209743,76.08,21.97,6.52,91.02,11.26,88.16,28.29,17.26,21.18,81.14,25.62,65.81,64.21,2.43,0.29,21.46,1.88,26.12,9.52,25.77,41.18,4.19
08,RAJASTHAN,123,Rajsamand,Urban,35745,94.27,4.55,62.65,32.52,71.4,27.34,76.74,74.92,72.13,78.04,74.2,84.3,81.1,11.55,3.87,49.55,8.73,29.97,14.98,8.32,68.09,1.02
08,RAJASTHAN,124,Dungarpur,Total,283556,49.82,49.21,9.29,86.73,13.42,86.15,15.67,11.23,18.43,84.95,16.4,40.69,39.71,4.14,0.52,12.31,1.55,6.5,5.63,53.65,34.39,5.93
08,RAJASTHAN,124,Dungarpur,Rural,264893,46.76,52.25,5.71,90.67,9.14,90.5,12.05,8.05,14.78,86.16,12.73,37.97,37.21,3.42,0.24,10.13,1.1,5.89,5.28,56.43,31.72,6.19
08,RAJASTHAN,124,Dungarpur,Urban,18663,93.36,6.1,60.19,30.82,74.1,24.43,67.1,56.46,70.11,67.76,68.58,79.29,75.16,14.42,4.45,43.27,7.92,15.19,10.66,14.22,72.29,2.1
08,RAJASTHAN,125,Banswara,Total,366059,32.95,65.27,9.34,79.41,12.45,87.12,10.42,8.78,15.5,71.27,13.3,29.71,28.9,4.11,0.63,12.55,1.44,10.89,6.49,61.13,26.07,8.62
08,RAJASTHAN,125,Banswara,Rural,339174,28.12,70.02,4.74,83.7,6.89,92.72,5.95,4.44,10.48,71.29,8.41,25.63,25.07,3.26,0.25,9.4,0.86,10.0,5.82,65.11,22.26,9.12
08,RAJASTHAN,125,Banswara,Urban,26885,93.89,5.31,67.32,25.32,82.54,16.5,66.84,63.52,78.95,71.04,75.01,81.23,77.23,14.94,5.45,52.23,8.76,22.14,14.94,10.86,74.18,2.29
08,RAJASTHAN,126,Chittaurgarh,Total,326449,82.15,16.47,18.13,77.51,20.78,77.44,41.84,29.8,29.61,73.06,36.7,68.49,66.4,5.07,1.51,31.7,3.45,53.11,12.16,16.63,46.82,3.28
08,RAJASTHAN,126,Chittaurgarh,Rural,268363,79.24,19.24,7.73,88.51,9.58,89.49,32.97,20.23,20.92,73.91,28.52,65.07,63.37,2.67,0.39,28.16,1.93,54.32,10.95,18.64,41.49,3.6
08,RAJASTHAN,126,Chittaurgarh,Urban,58086,95.59,3.68,66.2,26.67,72.52,21.78,82.84,74.01,69.78,69.15,74.47,84.3,80.42,16.16,6.73,48.08,10.45,47.52,17.78,7.35,71.41,1.83
08,RAJASTHAN,127,Kota,Total,379825,89.49,9.5,43.59,38.7,51.41,46.62,59.33,54.13,58.15,66.51,62.34,74.75,71.79,9.56,3.38,38.76,6.54,39.68,14.99,13.07,61.76,2.25
08,RAJASTHAN,127,Kota,Rural,149275,78.27,20.56,8.44,63.2,12.25,87.17,26.52,18.03,22.38,70.24,43.12,66.55,64.61,3.51,0.5,27.81,2.47,30.5,11.46,21.28,50.93,2.76
08,RAJASTHAN,127,Kota,Urban,230550,96.75,2.35,66.35,22.84,76.77,20.36,80.57,77.5,81.3,64.1,74.77,80.05,76.44,13.47,5.25,45.84,9.18,45.62,17.27,7.76,68.78,1.92
08,RAJASTHAN,128,Baran,Total,240321,67.12,31.15,13.6,59.24,17.58,81.09,23.8,17.18,25.34,70.83,36.76,62.59,60.85,3.95,0.57,24.95,2.39,25.44,9.35,26.25,49.62,2.85
08,RAJASTHAN,128,Baran,Rural,191575,61.37,36.79,4.8,64.62,7.49,91.76,11.99,7.02,15.44,74.14,30.05,58.91,57.33,3.13,0.26,22.57,1.77,24.5,9.85,29.36,46.18,3.08
08,RAJASTHAN,128,Baran,Urban,48746,89.73,8.95,48.19,38.08,57.27,39.14,70.22,57.12,64.26,57.82,63.14,77.05,74.67,7.18,1.79,34.3,4.81,29.12,7.41,14.03,63.14,1.97
08,RAJASTHAN,129,Jhalawar,Total,282208,78.11,20.67,13.79,76.69,16.65,81.55,26.72,22.71,17.61,62.57,34.1,59.18,57.4,3.33,0.62,19.86,1.91,28.76,10.6,28.2,41.07,3.95
08,RAJASTHAN,129,Jhalawar,Rural,237475,75.32,23.54,5.11,85.07,7.18,91.68,18.73,14.46,8.26,63.09,27.63,55.91,54.37,2.42,0.3,17.23,1.25,28.49,10.3,31.17,36.01,4.3
08,RAJASTHAN,129,Jhalawar,Urban,44733,92.9,5.42,59.86,32.21,66.89,27.76,69.13,66.49,67.26,59.86,68.43,76.54,73.48,8.18,2.32,33.83,5.41,30.21,12.19,12.44,67.91,2.06
08,RAJASTHAN,130,Udaipur,Total,617921,57.91,39.53,20.77,75.99,24.39,74.82,24.43,21.26,26.07,61.24,29.18,53.49,51.3,7.85,2.3,25.45,4.53,23.59,14.02,36.67,44.12,3.26
08,RAJASTHAN,130,Udaipur,Rural,496777,48.43,48.51,6.58,90.71,9.33,90.26,11.81,8.91,11.97,56.82,16.06,45.17,43.96,4.17,0.37,15.51,1.59,20.68,9.79,44.35,36.14,3.77
08,RAJASTHAN,130,Udaipur,Urban,121144,96.78,2.68,78.95,15.63,86.17,11.51,76.19,71.9,83.92,79.34,82.95,87.61,81.41,22.95,10.2,66.23,16.58,35.52,31.36,5.18,76.82,1.19
08,RAJASTHAN,131,Pratapgarh,Total,178046,40.22,58.19,10.1,84.66,11.39,87.38,13.44,9.44,12.31,58.26,20.9,44.0,42.7,3.35,0.4,17.85,1.57,34.85,11.57,39.74,37.64,2.39
08,RAJASTHAN,131,Pratapgarh,Rural,163574,35.43,62.89,4.94,89.94,6.19,93.38,8.22,4.44,7.61,57.4,16.18,40.55,39.37,2.85,0.21,15.48,1.14,34.27,11.32,42.52,34.37,2.48
08,RAJASTHAN,131,Pratapgarh,Urban,14472,94.34,5.06,68.38,24.88,70.15,19.58,72.46,65.93,65.46,67.99,74.25,83.06,80.3,9.02,2.61,44.64,6.51,41.4,14.38,8.28,74.59,1.41
09,UTTAR PRADESH,132,Saharanpur,Total,588976,68.68,30.34,25.3,46.36,58.25,40.71,32.35,26.0,69.4,63.37,49.99,71.22,68.37,6.59,1.65,25.74,3.62,62.13,19.76,10.77,51.5,4.9
09,UTTAR PRADESH,132,Saharanpur,Rural,404600,58.83,40.37,9.37,54.6,42.86,56.19,18.84,12.93,59.7,66.36,42.53,67.82,65.51,4.28,0.68,22.23,2.38,66.08,22.53,12.03,47.78,5.73
09,UTTAR PRADESH,132,Saharanpur,Urban,184376,90.29,8.34,60.26,28.29,92.02,6.72,61.99,54.68,90.69,56.79,66.34,78.69,74.64,11.67,3.77,33.44,6.33,53.48,13.67,7.99,59.67,3.06
09,UTTAR PRADESH,133,Muzaffarnagar,Total,681387,54.03,44.22,21.69,19.96,65.95,32.9,29.84,23.95,70.19,65.4,48.69,75.23,71.29,8.24,1.48,21.32,4.82,55.45,22.4,11.41,48.59,4.19
09,UTTAR PRADESH,133,Muzaffarnagar,Rural,481057,42.87,55.6,9.44,21.25,54.86,43.97,19.29,13.5,62.92,67.1,44.39,73.57,69.95,6.42,0.76,18.83,4.02,58.08,25.03,11.9,45.17,4.6
09,UTTAR PRADESH,133,Muzaffarnagar,Urban,200330,80.82,16.9,51.09,16.85,92.59,6.34,55.17,49.03,87.66,61.33,59.02,79.21,74.52,12.6,3.19,27.29,6.74,49.12,16.08,10.23,56.82,3.21
09,UTTAR PRADESH,134,Bijnor,Total,628808,42.68,56.12,20.36,57.97,60.55,38.45,36.06,25.6,70.44,73.72,41.4,70.79,67.88,5.94,1.16,20.88,2.73,60.21,18.96,12.78,44.8,4.99
09,UTTAR PRADESH,134,Bijnor,Rural,476873,32.65,66.08,10.29,63.94,50.42,48.67,30.54,20.0,66.08,77.8,38.41,68.95,66.27,5.01,0.8,20.57,2.33,64.29,19.84,12.78,41.83,5.55
09,UTTAR PRADESH,134,Bijnor,Urban,151935,74.14,24.84,51.98,39.23,92.36,6.36,53.37,43.17,84.11,60.9,50.77,76.55,72.95,8.85,2.3,21.85,3.97,47.44,16.22,12.78,54.12,3.22
09,UTTAR PRADESH,135,Moradabad,Total,784739,35.9,61.32,22.87,31.56,63.22,35.41,33.98,26.29,82.95,65.96,36.06,64.31,61.27,7.88,1.49,18.96,2.46,50.92,17.03,17.41,37.27,5.06
09,UTTAR PRADESH,135,Moradabad,Rural,520831,14.34,82.48,5.41,35.88,47.8,50.99,26.71,19.25,77.96,69.67,23.87,60.96,58.47,5.88,0.46,15.1,1.43,54.92,19.79,19.25,30.53,5.99
09,UTTAR PRADESH,135,Moradabad,Urban,263908,78.46,19.57,57.33,23.03,93.64,4.68,48.33,40.17,92.78,58.64,60.13,70.92,66.81,11.83,3.53,26.58,4.49,43.02,11.58,13.78,50.58,3.22
09,UTTAR PRADESH,136,Rampur,Total,393441,33.32,64.83,15.83,52.91,66.24,32.63,37.06,25.23,86.74,65.78,34.12,64.5,60.68,6.6,0.98,18.62,3.66,62.87,24.13,13.05,33.81,5.58
09,UTTAR PRADESH,136,Rampur,Rural,291440,17.69,80.37,5.58,56.87,56.43,42.41,34.95,21.54,83.91,71.06,25.54,63.49,59.7,6.21,0.61,16.97,3.41,64.9,25.21,13.28,28.98,6.16
09,UTTAR PRADESH,136,Rampur,Urban,102001,78.0,20.43,45.12,41.6,94.28,4.7,43.09,35.78,94.83,50.68,58.65,67.39,63.48,7.71,2.02,23.32,4.35,57.09,21.05,12.4,47.61,3.91
09,UTTAR PRADESH,137,Jyotiba Phule Nagar,Total,312836,28.55,69.47,17.6,36.72,53.25,45.55,31.18,21.84,80.11,73.2,32.54,66.06,63.67,5.85,0.9,20.16,2.35,53.39,19.34,16.27,36.56,5.39
09,UTTAR PRADESH,137,Jyotiba Phule Nagar,Rural,234453,12.81,85.05,7.11,35.56,40.29,58.55,27.44,17.83,76.27,79.87,27.17,65.13,62.99,4.83,0.54,20.65,1.99,57.8,21.75,16.12,33.62,5.87
09,UTTAR PRADESH,137,Jyotiba Phule Nagar,Urban,78383,75.64,22.86,48.99,40.19,92.01,6.66,42.37,33.82,91.61,53.23,48.6,68.86,65.7,8.9,2.0,18.67,3.45,40.21,12.12,16.69,45.37,3.95
09,UTTAR PRADESH,138,Meerut,Total,568745,74.84,23.7,41.51,12.86,74.14,24.28,43.73,37.02,82.67,68.26,62.31,77.53,72.59,12.22,4.17,32.8,7.45,58.37,23.12,8.44,54.48,3.03
09,UTTAR PRADESH,138,Meerut,Rural,268299,56.87,41.89,14.56,14.38,53.1,45.37,21.4,15.97,73.85,71.46,48.83,72.47,68.98,6.54,1.01,23.93,3.63,60.33,25.07,11.26,46.04,4.07
09,UTTAR PRADESH,138,Meerut,Urban,300446,90.88,7.46,65.57,11.51,92.92,5.44,63.68,55.81,90.55,65.4,74.34,82.05,75.82,17.28,6.99,40.72,10.87,56.62,21.38,5.93,62.02,2.1
09,UTTAR PRADESH,139,Baghpat,Total,207090,57.52,40.94,21.6,9.72,64.73,34.27,24.79,17.41,46.7,71.49,53.92,75.22,69.83,9.66,1.44,20.76,6.42,55.34,36.59,10.12,45.76,3.21
09,UTTAR PRADESH,139,Baghpat,Rural,162811,51.0,47.52,14.47,9.68,58.82,40.18,16.66,10.86,40.79,73.02,51.47,73.74,69.04,7.49,0.93,20.27,4.97,57.81,38.49,10.46,44.5,3.22
09,UTTAR PRADESH,139,Baghpat,Urban,44279,81.51,16.73,47.82,9.86,86.46,12.54,54.7,41.5,68.44,65.85,62.94,80.69,72.75,17.61,3.33,22.59,11.77,46.27,29.63,8.86,50.38,3.15
09,UTTAR PRADESH,140,Ghaziabad,Total,829843,83.77,14.08,60.44,9.07,84.58,14.74,41.93,36.18,81.9,68.8,71.43,84.41,76.83,21.64,9.41,35.25,14.39,49.32,26.3,5.79,58.77,2.3
09,UTTAR PRADESH,140,Ghaziabad,Rural,242727,64.47,34.31,18.41,15.17,59.8,39.24,19.26,14.79,79.49,68.02,53.5,75.6,70.55,8.69,1.32,27.12,6.31,59.68,27.14,9.3,45.73,3.6
09,UTTAR PRADESH,140,Ghaziabad,Urban,587116,91.75,5.71,77.82,6.54,94.83,4.61,51.3,45.03,82.89,69.13,78.84,88.05,79.42,26.99,12.76,38.61,17.74,45.04,25.94,4.34,64.16,1.76
09,UTTAR PRADESH,141,Gautam Buddha Nagar,Total,316278,81.44,17.29,61.31,8.31,77.74,20.05,54.17,46.49,84.37,74.94,73.65,88.21,80.39,27.57,16.81,39.5,24.86,40.59,38.52,4.75,65.33,1.64
09,UTTAR PRADESH,141,Gautam Buddha Nagar,Rural,109179,57.06,41.01,20.12,12.03,51.65,47.07,38.49,31.0,78.59,74.07,61.37,84.0,78.95,12.0,4.27,39.17,14.52,50.05,29.69,6.98,55.33,2.38
09,UTTAR PRADESH,141,Gautam Buddha Nagar,Urban,207099,94.3,4.78,83.02,6.35,91.49,5.81,62.44,54.65,87.42,75.4,80.12,90.43,81.15,35.77,23.43,39.68,30.31,35.59,43.17,3.57,70.6,1.26
09,UTTAR PRADESH,142,Bulandshahr,Total,582676,38.43,60.47,21.39,25.58,44.25,54.77,26.19,19.54,77.37,63.43,43.6,70.47,67.54,6.56,1.35,23.47,3.6,55.1,24.3,13.75,42.99,3.9
09,UTTAR PRADESH,142,Bulandshahr,Rural,438742,25.79,73.06,9.72,26.77,30.89,68.21,20.95,14.72,73.45,65.09,38.16,68.92,66.39,4.67,0.65,21.7,2.76,58.43,26.77,14.19,39.4,4.27
09,UTTAR PRADESH,142,Bulandshahr,Urban,143934,76.97,22.09,56.97,21.95,84.99,13.83,42.14,34.24,89.33,58.38,60.18,75.2,71.05,12.33,3.47,28.87,6.17,44.93,16.79,12.4,53.95,2.77
09,UTTAR PRADESH,143,Aligarh,Total,604612,44.35,54.25,25.35,32.33,42.03,56.67,27.84,21.82,61.87,64.06,43.35,73.75,69.72,9.65,2.25,25.14,3.58,60.31,15.96,11.44,44.24,3.76
09,UTTAR PRADESH,143,Aligarh,Rural,406432,26.56,72.16,8.52,35.72,21.4,77.62,20.89,15.63,55.61,66.79,32.28,71.93,68.96,6.51,0.74,20.58,2.02,61.96,17.93,12.62,39.05,4.29
09,UTTAR PRADESH,143,Aligarh,Urban,198180,80.83,17.51,59.87,25.38,84.36,13.71,42.09,34.52,74.69,58.45,66.06,77.48,71.27,16.08,5.37,34.47,6.78,56.93,11.91,9.03,54.89,2.68
09,UTTAR PRADESH,144,Mahamaya Nagar,Total,259914,51.78,46.92,18.82,44.93,28.42,70.12,20.8,15.84,46.08,64.69,46.79,72.03,68.5,7.16,1.19,23.54,2.57,67.36,14.33,10.3,42.73,4.0
09,UTTAR PRADESH,144,Mahamaya Nagar,Rural,204968,43.11,55.65,8.63,48.3,16.54,82.16,16.35,11.92,38.51,65.49,40.74,70.93,67.36,6.54,0.81,22.18,2.14,70.9,14.11,10.31,40.67,4.23
09,UTTAR PRADESH,144,Mahamaya Nagar,Urban,54946,84.11,14.32,56.81,32.36,72.75,25.19,37.36,30.43,74.32,61.7,69.37,76.13,72.77,9.47,2.59,28.61,4.18,54.13,15.15,10.24,50.45,3.16
09,UTTAR PRADESH,145,Mathura,Total,410783,68.46,30.47,26.26,44.41,37.6,60.93,29.05,21.26,47.2,70.81,53.94,77.65,73.72,9.15,2.12,30.25,4.04,51.84,13.79,9.83,46.94,3.5
09,UTTAR PRADESH,145,Mathura,Rural,290944,58.55,40.4,10.82,54.28,19.63,79.07,20.08,12.23,35.99,71.35,45.07,75.68,72.29,6.88,1.0,28.19,2.62,56.02,14.35,10.73,42.71,4.0
09,UTTAR PRADESH,145,Mathura,Urban,119839,92.54,6.38,63.74,20.44,81.24,16.88,50.85,43.16,74.39,69.5,75.47,82.44,77.17,14.66,4.85,35.26,7.46,41.71,12.42,7.65,57.22,2.29
09,UTTAR PRADESH,146,Agra,Total,672610,79.75,19.1,37.32,36.04,46.34,51.5,33.33,28.44,45.65,65.45,64.51,77.44,72.07,12.19,4.04,36.24,6.69,66.04,13.91,6.67,50.57,3.21
09,UTTAR PRADESH,146,Agra,Rural,367102,67.88,31.13,8.66,50.68,16.64,82.32,10.44,6.99,22.83,63.55,47.45,73.51,70.08,6.8,0.86,26.71,2.55,71.57,10.48,8.73,42.82,4.33
09,UTTAR PRADESH,146,Agra,Urban,305508,94.01,4.65,71.76,18.46,82.03,14.46,60.84,54.22,73.07,67.73,85.01,82.18,74.46,18.67,7.86,47.69,11.66,59.4,18.04,4.19,59.88,1.87
09,UTTAR PRADESH,147,Firozabad,Total,412147,47.58,50.84,24.49,44.94,35.57,63.31,24.89,18.08,33.44,50.73,41.15,68.71,65.29,7.71,1.42,20.72,2.65,67.49,10.4,10.87,38.49,5.76
09,UTTAR PRADESH,147,Firozabad,Rural,271428,29.27,69.38,6.63,53.06,11.44,87.67,13.37,9.39,20.6,51.78,28.24,67.03,64.53,5.82,0.56,18.6,1.82,73.94,10.58,10.74,35.67,6.69
09,UTTAR PRADESH,147,Firozabad,Urban,140719,82.88,15.07,58.93,29.27,82.12,16.33,47.12,34.85,58.2,48.7,66.04,71.96,66.76,11.37,3.06,24.82,4.26,55.06,10.05,11.11,43.93,3.96
09,UTTAR PRADESH,148,Mainpuri,Total,311184,25.39,73.34,13.84,48.71,23.17,75.78,20.29,15.65,41.32,66.53,24.67,67.35,64.45,7.86,0.85,17.17,2.37,69.53,16.06,12.01,41.42,7.01
09,UTTAR PRADESH,148,Mainpuri,Rural,262409,16.42,82.34,5.84,51.26,13.45,85.45,16.72,12.71,35.34,66.2,18.45,65.85,63.14,7.23,0.53,14.92,1.69,71.96,16.57,12.03,39.09,7.48
09,UTTAR PRADESH,148,Mainpuri,Urban,48775,73.68,24.93,56.88,35.01,75.44,23.76,39.53,31.44,73.47,68.36,58.13,75.44,71.51,11.23,2.55,29.32,6.02,56.47,13.32,11.9,53.96,4.43
09,UTTAR PRADESH,149,Budaun,Total,610904,18.04,81.01,10.29,30.95,31.16,67.75,20.17,13.24,71.03,47.46,21.35,58.04,56.01,4.98,0.59,11.45,1.58,49.72,20.49,23.11,29.33,7.75
09,UTTAR PRADESH,149,Budaun,Rural,501193,9.15,89.87,3.85,29.39,21.02,77.95,16.04,11.56,67.72,46.53,15.93,56.2,54.3,4.65,0.41,9.79,1.21,51.22,21.5,24.02,26.58,8.06
09,UTTAR PRADESH,149,Budaun,Urban,109711,58.62,40.51,39.69,38.09,77.47,21.16,39.01,20.96,86.17,51.74,46.13,66.46,63.81,6.5,1.46,19.04,3.28,42.86,15.92,18.98,41.9,6.34
09,UTTAR PRADESH,150,Bareilly,Total,746222,36.56,61.95,28.23,33.69,62.04,36.63,43.38,31.55,86.63,65.86,40.27,64.56,61.05,7.58,2.03,21.42,3.27,61.2,25.78,14.08,36.62,6.35
09,UTTAR PRADESH,150,Bareilly,Rural,475575,14.4,83.99,7.74,39.53,44.82,53.69,39.38,25.32,81.99,69.32,26.7,58.88,56.45,4.69,0.62,14.69,1.59,63.99,25.67,16.3,29.35,7.69
09,UTTAR PRADESH,150,Bareilly,Urban,270647,75.5,23.23,64.24,23.42,92.32,6.64,50.42,42.5,94.79,59.78,64.11,74.52,69.14,12.67,4.5,33.24,6.24,56.29,25.95,10.19,49.39,4.0
09,UTTAR PRADESH,151,Pilibhit,Total,361470,22.96,75.59,13.2,60.06,44.93,54.04,27.14,17.5,82.59,72.21,29.59,56.95,54.56,5.01,0.79,15.42,2.09,67.01,19.43,15.14,31.23,9.08
09,UTTAR PRADESH,151,Pilibhit,Rural,297601,14.02,84.46,5.47,64.05,35.52,63.44,24.75,14.93,79.98,75.01,24.37,55.16,53.1,4.39,0.45,13.67,1.71,70.62,19.45,14.76,28.07,9.21
09,UTTAR PRADESH,151,Pilibhit,Urban,63869,64.65,34.26,49.23,41.48,88.78,10.22,38.28,29.48,94.77,59.16,53.91,65.29,61.36,7.88,2.42,23.56,3.88,50.22,19.31,16.93,45.97,8.44
09,UTTAR PRADESH,152,Shahjahanpur,Total,518201,22.22,76.54,17.75,36.18,38.26,60.74,28.58,20.15,71.13,66.84,26.22,55.65,53.32,5.31,0.75,14.2,1.92,64.3,23.65,17.65,29.56,11.25
09,UTTAR PRADESH,152,Shahjahanpur,Rural,418787,11.66,87.07,8.13,37.63,26.96,72.02,28.3,19.4,66.62,69.14,19.19,53.1,51.12,4.6,0.44,11.91,1.5,65.93,25.41,18.36,26.56,11.97
09,UTTAR PRADESH,152,Shahjahanpur,Urban,99414,66.7,32.21,58.27,30.1,85.86,13.22,29.74,23.32,90.13,57.17,55.84,66.38,62.59,8.33,2.05,23.85,3.67,57.42,16.23,14.68,42.16,8.19
09,UTTAR PRADESH,153,Kheri,Total,710036,17.29,81.61,12.25,65.21,24.83,74.37,28.51,16.58,60.98,79.91,19.93,50.63,49.06,4.12,0.48,13.35,1.6,68.57,20.48,17.5,27.19,10.86
09,UTTAR PRADESH,153,Kheri,Rural,630131,11.51,87.34,6.98,68.36,18.32,80.86,27.01,14.57,57.89,81.35,16.2,48.59,47.14,3.68,0.29,11.9,1.26,70.38,20.85,17.68,24.89,11.11
09,UTTAR PRADESH,153,Kheri,Urban,79905,62.84,36.37,53.77,40.34,76.18,23.15,40.3,32.4,85.3,68.61,49.38,66.64,64.23,7.57,2.0,24.78,4.35,54.31,17.62,16.05,45.27,8.91
09,UTTAR PRADESH,154,Sitapur,Total,793861,12.85,85.93,9.33,70.78,18.27,80.84,29.01,19.8,44.18,78.66,15.52,46.54,44.77,4.36,0.49,11.2,1.47,72.48,25.9,15.47,28.39,11.76
09,UTTAR PRADESH,154,Sitapur,Rural,710299,7.13,91.62,4.38,74.06,11.95,87.18,27.12,17.62,40.08,80.68,11.77,44.07,42.53,3.89,0.3,9.55,1.14,74.28,25.49,15.62,25.96,12.14
09,UTTAR PRADESH,154,Sitapur,Urban,83562,61.53,37.56,51.39,42.88,72.02,26.88,45.03,38.31,79.02,61.52,47.46,67.49,63.89,8.37,2.1,25.21,4.28,57.19,29.4,14.26,49.06,8.54
09,UTTAR PRADESH,155,Hardoi,Total,708721,13.48,84.79,8.56,51.65,24.49,74.3,19.35,13.45,50.94,67.99,18.76,54.72,52.55,4.52,0.54,11.58,1.75,69.83,27.01,15.26,31.59,8.09
09,UTTAR PRADESH,155,Hardoi,Rural,619495,6.54,91.63,3.45,52.28,17.36,81.46,17.25,11.16,47.37,68.66,14.49,52.66,50.79,3.96,0.31,9.84,1.3,71.39,27.19,15.36,29.37,8.3
09,UTTAR PRADESH,155,Hardoi,Urban,89226,61.63,37.26,44.06,47.27,73.99,24.62,33.96,29.33,75.76,63.37,48.44,69.0,64.76,8.47,2.16,23.67,4.89,59.03,25.75,14.62,46.99,6.62
09,UTTAR PRADESH,156,Unnao,Total,567491,17.53,81.21,12.42,67.2,24.91,74.2,12.11,9.21,37.14,68.13,23.65,53.95,51.47,5.06,0.61,13.94,1.8,73.58,31.4,12.42,36.47,6.95
09,UTTAR PRADESH,156,Unnao,Rural,475335,8.43,90.24,4.68,72.81,15.83,83.26,9.61,6.81,30.9,69.08,17.73,51.36,49.15,4.29,0.33,11.66,1.31,75.93,31.92,12.56,33.72,7.3
09,UTTAR PRADESH,156,Unnao,Urban,92156,64.45,34.63,52.34,38.24,71.72,27.43,25.01,21.57,69.36,63.21,54.23,67.33,63.43,9.05,2.06,25.73,4.29,61.42,28.7,11.72,50.64,5.13
09,UTTAR PRADESH,157,Lucknow,Total,822591,70.85,27.84,57.11,33.37,65.63,32.2,51.98,47.37,61.21,74.72,61.56,73.84,68.48,18.51,8.33,41.0,10.97,65.61,33.06,6.01,54.69,5.5
09,UTTAR PRADESH,157,Lucknow,Rural,274212,30.2,68.04,12.12,72.74,21.46,77.22,10.47,7.86,22.69,68.13,25.89,50.71,48.4,5.14,0.87,19.14,2.14,78.71,25.37,10.22,34.49,8.3
09,UTTAR PRADESH,157,Lucknow,Urban,548379,91.17,7.74,79.6,13.68,87.72,9.69,72.73,67.13,80.46,78.02,79.4,85.41,78.52,25.2,12.06,51.93,15.38,59.05,36.91,3.9,64.8,4.1
09,UTTAR PRADESH,158,Rae Bareli,Total,614353,40.34,58.98,10.59,77.27,18.32,80.8,20.42,14.67,28.14,77.77,21.19,59.22,56.66,5.66,0.84,15.37,2.19,82.86,28.43,7.84,38.82,7.59
09,UTTAR PRADESH,158,Rae Bareli,Rural,561905,37.07,62.28,6.14,81.22,13.39,85.84,18.21,12.53,24.96,78.18,17.44,57.51,55.14,5.13,0.59,13.14,1.75,83.89,28.63,7.96,36.77,7.81
09,UTTAR PRADESH,158,Rae Bareli,Urban,52448,75.46,23.67,58.31,34.91,71.14,26.8,44.13,37.57,62.29,73.38,61.35,77.58,72.95,11.35,3.58,39.33,6.92,71.8,26.33,6.6,60.78,5.15
09,UTTAR PRADESH,159,Farrukhabad,Total,308056,28.59,69.93,19.22,42.96,36.84,62.24,15.94,11.63,35.16,63.47,28.34,64.3,61.49,6.08,0.85,16.1,2.2,66.31,20.94,14.25,35.69,7.77
09,UTTAR PRADESH,159,Farrukhabad,Rural,239285,15.71,82.68,7.25,46.98,23.95,75.33,10.82,6.72,30.79,63.85,19.7,61.84,59.24,5.64,0.54,13.43,1.76,69.25,21.87,14.61,31.71,8.64
09,UTTAR PRADESH,159,Farrukhabad,Urban,68771,73.42,25.59,60.87,28.97,81.71,16.69,33.78,28.75,50.37,62.12,58.42,72.83,69.31,7.61,1.94,25.39,3.71,56.08,17.71,12.98,49.54,4.72
09,UTTAR PRADESH,160,Kannauj,Total,278738,22.06,76.19,11.66,53.37,30.64,68.02,16.94,13.03,25.87,67.08,23.03,62.69,60.15,6.49,0.89,13.61,2.16,63.91,21.03,15.18,35.9,8.31
09,UTTAR PRADESH,160,Kannauj,Rural,232517,14.17,83.97,5.08,54.46,21.69,77.0,9.73,6.58,19.91,68.86,18.34,61.83,59.45,6.01,0.59,12.0,1.79,67.78,21.68,14.48,32.93,8.8
09,UTTAR PRADESH,160,Kannauj,Urban,46221,61.73,37.04,44.78,47.92,75.65,22.8,53.21,45.49,55.87,58.12,46.59,67.02,63.7,8.9,2.4,21.71,4.01,44.43,17.77,18.68,50.84,5.87
09,UTTAR PRADESH,161,Etawah,Total,275333,41.08,57.87,17.26,62.84,33.93,65.18,21.4,16.98,33.5,61.79,30.71,64.65,60.39,7.81,1.08,17.33,2.81,70.66,14.89,11.3,41.47,6.99
09,UTTAR PRADESH,161,Etawah,Rural,214002,29.26,69.68,5.44,70.64,19.76,79.37,10.67,7.0,22.14,60.36,20.77,61.61,57.44,7.21,0.67,13.62,2.22,73.94,16.11,11.68,37.49,7.79
09,UTTAR PRADESH,161,Etawah,Urban,61331,82.33,16.65,58.49,35.64,83.38,15.67,58.84,51.8,73.15,66.79,65.38,75.26,70.65,9.91,2.49,30.27,4.85,59.24,10.66,9.98,55.36,4.18
09,UTTAR PRADESH,162,Auraiya,Total,248370,26.36,72.76,13.16,57.53,29.35,69.82,18.57,14.76,34.48,63.82,24.23,61.24,57.87,5.75,0.97,14.39,2.05,72.45,24.07,12.62,39.32,8.21
09,UTTAR PRADESH,162,Auraiya,Rural,207674,17.51,81.52,5.24,61.16,20.36,78.72,13.46,9.87,27.91,62.65,17.91,58.22,55.26,5.21,0.69,11.45,1.55,73.66,23.67,13.26,35.77,9.04
09,UTTAR PRADESH,162,Auraiya,Urban,40696,71.56,28.05,53.58,38.99,75.21,24.36,44.63,39.71,67.98,69.78,56.45,76.63,71.23,8.52,2.41,29.37,4.57,66.24,26.09,9.4,57.42,3.99
09,UTTAR PRADESH,163,Kanpur Dehat,Total,329473,15.1,83.81,7.23,50.21,27.05,71.7,16.22,12.42,26.04,67.44,19.9,56.14,50.87,7.7,0.81,12.19,3.87,67.01,30.69,14.52,36.68,8.12
09,UTTAR PRADESH,163,Kanpur Dehat,Rural,299000,10.69,88.21,4.21,50.75,23.05,75.61,14.16,10.58,21.88,67.42,17.48,54.92,49.99,6.93,0.67,11.26,3.19,68.2,30.38,14.61,34.85,8.35
09,UTTAR PRADESH,163,Kanpur Dehat,Urban,30473,58.41,40.66,36.85,44.83,66.27,33.26,36.47,30.49,66.88,67.64,43.59,68.13,59.48,15.24,2.2,21.31,10.57,55.4,33.72,13.57,54.64,5.85
09,UTTAR PRADESH,164,Kanpur Nagar,Total,821148,62.99,35.63,51.35,26.31,63.34,31.87,33.0,29.08,50.63,74.0,57.16,69.61,65.52,11.36,4.14,30.35,6.23,63.17,29.49,8.8,48.61,5.56
09,UTTAR PRADESH,164,Kanpur Nagar,Rural,291529,15.7,82.87,7.78,50.89,23.6,75.45,7.43,5.69,18.9,75.27,20.51,51.12,49.24,4.18,0.41,12.44,1.25,72.05,32.2,14.71,34.3,6.91
09,UTTAR PRADESH,164,Kanpur Nagar,Urban,529619,89.03,9.62,75.34,12.79,85.21,7.88,47.08,41.96,68.09,73.3,77.33,79.78,74.49,15.31,6.19,40.21,8.97,58.29,28.0,5.55,56.49,4.82
09,UTTAR PRADESH,165,Jalaun,Total,287219,36.27,62.68,14.84,32.51,39.91,59.17,18.2,15.3,37.55,74.38,31.48,69.61,66.49,6.48,0.77,20.25,2.44,56.7,23.76,14.4,43.54,3.08
09,UTTAR PRADESH,165,Jalaun,Rural,216920,26.06,72.88,3.97,30.86,28.34,70.66,9.75,7.67,26.62,76.61,24.26,67.79,64.91,6.09,0.45,17.68,1.87,58.96,26.24,14.8,39.73,2.92
09,UTTAR PRADESH,165,Jalaun,Urban,70299,67.78,31.23,48.38,37.63,75.61,23.75,44.25,38.86,71.3,67.48,53.76,75.21,71.37,7.7,1.76,28.18,4.2,49.72,16.08,13.16,55.3,3.55
09,UTTAR PRADESH,166,Jhansi,Total,358220,51.18,47.58,26.34,39.6,41.12,56.87,26.07,22.86,37.83,71.06,45.75,75.41,70.62,11.38,2.38,26.39,5.26,54.24,21.81,11.01,56.47,1.93
09,UTTAR PRADESH,166,Jhansi,Rural,214711,30.08,68.68,4.7,48.07,20.74,78.4,8.11,6.0,20.08,72.05,28.3,71.23,67.69,7.73,0.72,17.06,3.05,55.63,23.9,13.57,50.66,1.95
09,UTTAR PRADESH,166,Jhansi,Urban,143509,82.75,16.0,58.71,26.93,71.62,24.65,52.94,48.1,64.38,69.57,71.87,81.65,75.01,16.84,4.86,40.36,8.58,52.16,18.69,7.17,65.16,1.9
09,UTTAR PRADESH,167,Lalitpur,Total,217878,35.38,63.07,9.51,79.77,19.36,80.01,9.46,8.57,16.96,68.26,24.57,58.05,56.09,4.55,0.5,16.85,2.53,54.24,18.03,20.28,46.88,2.69
09,UTTAR PRADESH,167,Lalitpur,Rural,186503,27.83,70.51,2.58,86.01,12.03,87.37,3.26,2.6,10.27,69.35,17.82,55.75,53.88,3.81,0.24,14.28,2.17,54.85,19.28,21.6,44.47,2.7
09,UTTAR PRADESH,167,Lalitpur,Urban,31375,80.27,18.82,50.69,42.7,62.91,36.3,46.32,44.04,56.7,61.76,64.64,71.73,69.27,8.95,2.02,32.12,4.69,50.62,10.57,12.4,61.17,2.61
09,UTTAR PRADESH,168,Hamirpur,Total,209558,26.69,72.4,9.63,48.42,32.82,66.22,19.24,16.66,22.52,73.05,23.17,65.75,63.4,5.27,0.57,11.7,1.81,47.36,26.01,19.79,50.4,1.53
09,UTTAR PRADESH,168,Hamirpur,Rural,171971,18.14,80.98,2.72,49.79,24.96,74.13,10.81,8.64,13.24,74.26,16.96,63.64,61.65,4.97,0.29,9.23,1.36,47.82,27.0,21.01,48.03,1.51
09,UTTAR PRADESH,168,Hamirpur,Urban,37587,65.79,33.16,41.23,42.14,68.74,30.06,57.78,53.34,64.97,67.53,51.6,75.43,71.41,6.64,1.87,23.0,3.88,45.24,21.5,14.2,61.24,1.62
09,UTTAR PRADESH,169,Mahoba,Total,163474,26.26,72.52,7.88,53.57,25.5,73.55,11.08,8.43,12.19,71.94,21.67,69.14,65.83,6.91,0.81,13.01,3.52,52.44,25.96,16.34,48.11,1.66
09,UTTAR PRADESH,169,Mahoba,Rural,129475,17.78,80.96,2.14,55.04,17.84,81.38,6.61,4.65,6.96,74.33,15.57,67.07,64.08,6.43,0.53,10.82,3.08,52.08,27.6,17.48,47.68,1.67
09,UTTAR PRADESH,169,Mahoba,Urban,33999,58.58,40.39,29.7,47.98,54.68,43.76,28.11,22.83,32.09,62.84,44.9,77.03,72.49,8.74,1.86,21.37,5.18,53.8,19.72,11.97,49.73,1.61
09,UTTAR PRADESH,170,Banda,Total,322737,22.78,76.32,8.34,64.4,28.13,70.98,16.04,12.56,20.87,63.15,16.18,54.13,52.09,5.77,0.51,9.99,1.61,56.96,23.3,22.05,48.65,1.19
09,UTTAR PRADESH,170,Banda,Rural,273445,14.2,84.83,1.9,67.85,19.96,79.25,9.19,6.33,13.31,62.77,9.69,51.07,49.35,5.29,0.24,7.13,1.15,56.59,24.29,23.6,46.04,1.1
09,UTTAR PRADESH,170,Banda,Urban,49292,70.36,29.11,44.07,45.25,73.47,25.15,54.04,47.11,62.85,65.23,52.24,71.11,67.26,8.44,2.01,25.86,4.18,59.0,17.8,13.42,63.12,1.7
09,UTTAR PRADESH,171,Chitrakoot,Total,167458,24.51,74.49,6.95,81.18,16.5,82.87,13.87,11.39,15.66,67.79,16.13,50.62,49.08,5.64,0.49,10.7,1.68,62.86,25.68,20.03,46.21,1.87
09,UTTAR PRADESH,171,Chitrakoot,Rural,150784,19.69,79.3,3.11,84.13,11.83,87.49,10.01,7.74,11.36,68.57,12.34,48.88,47.43,5.21,0.3,9.2,1.42,63.98,26.67,20.35,45.73,1.78
09,UTTAR PRADESH,171,Chitrakoot,Urban,16674,68.09,30.96,41.68,54.5,58.65,41.03,48.76,44.42,54.5,60.77,50.33,66.4,64.09,9.46,2.27,24.23,3.95,52.75,16.71,17.08,50.56,2.72
09,UTTAR PRADESH,172,Fatehpur,Total,473021,15.91,83.13,9.19,63.03,24.74,74.3,13.8,10.64,18.72,67.66,20.71,57.39,53.15,7.08,0.72,12.63,3.54,70.08,25.86,13.15,39.04,5.52
09,UTTAR PRADESH,172,Fatehpur,Rural,416615,9.31,89.73,4.03,65.91,18.33,80.68,7.2,4.99,12.46,68.12,16.38,55.73,51.62,6.72,0.52,10.8,3.32,71.47,26.33,13.3,36.91,5.68
09,UTTAR PRADESH,172,Fatehpur,Urban,56406,64.7,34.32,47.33,41.79,72.07,27.22,62.48,52.36,64.97,64.25,52.71,69.59,64.45,9.77,2.15,26.18,5.18,59.79,22.35,12.06,54.8,4.33
09,UTTAR PRADESH,173,Pratapgarh,Total,534254,26.31,72.85,8.68,72.67,14.0,84.85,21.29,15.26,29.07,82.6,25.3,74.36,71.22,6.44,0.96,19.56,2.95,83.8,43.3,5.36,49.88,6.13
09,UTTAR PRADESH,173,Pratapgarh,Rural,506922,23.56,75.59,6.37,74.44,11.3,87.52,20.02,14.07,27.33,82.68,23.45,73.91,70.87,6.24,0.82,18.59,2.76,84.4,43.36,5.43,49.05,6.29
09,UTTAR PRADESH,173,Pratapgarh,Urban,27332,77.19,22.09,51.49,39.98,64.1,35.3,44.88,37.3,61.31,81.17,59.72,82.64,77.81,10.2,3.57,37.6,6.6,72.63,42.29,4.13,65.31,3.02
09,UTTAR PRADESH,174,Kaushambi,Total,276393,15.83,83.31,7.97,64.1,16.71,81.93,9.64,7.58,12.17,66.65,19.16,55.95,53.97,5.44,0.54,12.84,1.59,76.22,29.39,12.02,41.38,4.41
09,UTTAR PRADESH,174,Kaushambi,Rural,254926,12.54,86.64,5.49,64.97,13.79,84.89,6.16,4.6,9.62,66.81,17.28,54.9,53.0,5.3,0.48,12.14,1.44,77.29,29.43,12.0,40.42,4.41
09,UTTAR PRADESH,174,Kaushambi,Urban,21467,54.86,43.73,37.48,53.81,51.43,46.83,50.97,42.96,42.47,64.8,41.41,68.48,65.59,7.04,1.28,21.16,3.43,63.5,28.88,12.29,52.71,4.35
09,UTTAR PRADESH,175,Allahabad,Total,898553,43.57,55.37,22.74,34.52,31.02,67.38,28.08,24.47,35.93,73.03,39.61,68.64,64.77,9.51,2.68,27.07,4.67,78.12,37.25,7.31,51.13,4.18
09,UTTAR PRADESH,175,Allahabad,Rural,696236,30.45,68.42,8.16,39.89,15.62,82.95,12.02,8.81,23.07,71.49,28.28,64.07,61.36,6.59,1.0,19.12,2.7,80.54,34.43,8.36,46.64,4.55
09,UTTAR PRADESH,175,Allahabad,Urban,202317,88.74,10.49,72.93,16.03,84.03,13.78,83.36,78.38,80.18,78.33,78.59,84.36,76.51,19.58,8.49,54.44,11.46,69.8,46.94,3.69,66.6,2.9
09,UTTAR PRADESH,176,Bara Banki,Total,567717,19.04,79.58,10.67,71.81,18.3,80.6,19.44,14.55,46.56,75.55,20.46,54.0,51.87,4.63,0.56,16.15,2.1,78.62,32.73,10.04,38.54,11.62
09,UTTAR PRADESH,176,Bara Banki,Rural,514291,14.41,84.15,6.75,74.59,13.16,85.75,17.36,12.58,43.39,77.29,17.8,52.52,50.5,4.17,0.39,15.06,1.73,80.74,32.8,9.81,37.17,11.91
09,UTTAR PRADESH,176,Bara Banki,Urban,53426,63.68,35.57,48.33,45.12,67.8,31.01,39.5,33.47,77.07,58.86,46.05,68.22,65.05,9.06,2.2,26.61,5.66,58.2,32.04,12.22,51.71,8.76
09,UTTAR PRADESH,177,Faizabad,Total,417829,30.58,68.52,13.96,62.0,22.73,76.2,21.69,16.09,55.0,82.14,23.82,66.23,62.58,6.85,1.14,17.73,3.69,82.92,33.84,6.52,41.97,8.7
09,UTTAR PRADESH,177,Faizabad,Rural,362059,22.85,76.3,6.7,67.18,14.5,84.8,19.39,13.59,50.71,82.83,17.54,64.25,60.9,5.98,0.65,15.25,3.16,85.04,33.99,6.58,39.34,9.28
09,UTTAR PRADESH,177,Faizabad,Urban,55770,80.72,18.02,61.08,28.39,76.19,20.36,36.56,32.32,82.85,77.68,64.58,79.09,73.54,12.49,4.31,33.84,7.15,69.14,32.86,6.13,59.0,4.92
09,UTTAR PRADESH,178,Ambedkar Nagar,Total,364457,27.32,71.85,5.9,58.57,18.62,79.74,26.76,17.99,48.01,75.9,16.87,70.11,67.51,7.49,0.69,16.52,2.69,85.5,21.87,6.05,44.26,9.88
09,UTTAR PRADESH,178,Ambedkar Nagar,Rural,321866,22.7,76.52,3.31,58.98,13.88,84.81,25.49,16.61,44.72,79.23,15.04,70.56,68.04,7.21,0.55,16.22,2.62,87.55,22.84,5.3,43.74,9.88
09,UTTAR PRADESH,178,Ambedkar Nagar,Urban,42591,62.29,36.56,25.51,55.44,54.44,41.48,36.35,28.4,72.9,50.75,30.64,66.68,63.54,9.6,1.7,18.81,3.21,69.99,14.58,11.77,48.21,9.82
09,UTTAR PRADESH,179,Sultanpur,Total,627925,37.22,62.0,8.77,68.5,16.23,82.56,24.68,17.19,36.2,79.23,21.61,70.12,67.0,7.01,0.95,16.61,2.93,83.77,29.99,6.2,42.85,8.37
09,UTTAR PRADESH,179,Sultanpur,Rural,595287,34.65,64.58,5.78,70.61,13.12,85.68,23.18,15.5,34.21,79.01,19.17,69.3,66.32,6.55,0.7,15.31,2.57,84.72,30.18,6.28,41.58,8.59
09,UTTAR PRADESH,179,Sultanpur,Urban,32638,84.09,14.88,63.29,30.03,72.9,25.59,52.08,47.93,72.54,83.23,66.09,85.05,79.36,15.29,5.54,40.27,9.47,66.43,26.44,4.68,65.91,4.35
09,UTTAR PRADESH,180,Bahraich,Total,595178,14.42,84.55,6.54,72.83,15.74,83.59,31.48,15.83,54.87,65.3,12.04,45.44,43.02,5.96,0.45,8.7,2.26,66.82,28.68,18.53,31.46,8.37
09,UTTAR PRADESH,180,Bahraich,Rural,549894,9.82,89.15,3.4,74.94,10.49,88.89,31.73,15.14,52.06,66.14,8.79,44.11,41.84,5.66,0.31,7.46,2.01,68.15,28.8,18.68,29.75,8.59
09,UTTAR PRADESH,180,Bahraich,Urban,45284,70.21,28.76,44.65,47.24,79.54,19.24,28.45,24.13,88.96,55.13,51.6,61.53,57.34,9.53,2.13,23.77,5.35,50.59,27.2,16.72,52.31,5.69
09,UTTAR PRADESH,181,Shrawasti,Total,186276,10.96,87.89,2.59,78.55,12.05,86.93,40.19,20.52,51.87,72.19,8.58,49.84,48.28,5.41,0.33,8.63,1.23,72.08,27.75,15.42,37.46,6.93
09,UTTAR PRADESH,181,Shrawasti,Rural,180317,9.49,89.36,1.65,79.01,10.36,88.62,39.72,19.51,51.02,72.55,7.7,49.45,47.89,5.41,0.31,8.35,1.17,72.7,27.88,15.32,36.96,6.83
09,UTTAR PRADESH,181,Shrawasti,Urban,5959,55.38,43.53,31.21,64.69,63.0,35.79,54.64,51.08,77.63,61.37,35.24,61.52,60.13,5.47,1.04,17.13,3.05,53.48,23.61,18.29,52.54,9.95
09,UTTAR PRADESH,182,Balrampur,Total,320991,17.88,81.45,5.06,74.14,15.02,84.45,26.74,13.89,59.56,81.72,10.75,60.67,59.05,4.83,0.48,11.78,1.92,72.39,24.32,13.27,38.05,6.47
09,UTTAR PRADESH,182,Balrampur,Rural,296167,13.16,86.2,2.12,76.06,10.25,89.27,26.11,12.98,57.24,82.62,7.46,59.98,58.44,4.63,0.35,11.01,1.74,73.73,24.3,13.18,36.6,6.67
09,UTTAR PRADESH,182,Balrampur,Urban,24824,74.18,24.69,40.04,51.27,71.92,26.98,34.28,24.68,87.27,70.98,50.0,68.88,66.24,7.23,2.08,21.01,4.06,56.35,24.54,14.3,55.36,4.1
09,UTTAR PRADESH,183,Gonda,Total,535561,19.43,79.79,8.5,73.81,12.46,86.85,35.11,20.82,53.79,79.77,14.58,64.69,62.37,5.94,0.81,14.02,2.44,78.05,32.23,9.43,39.25,10.87
09,UTTAR PRADESH,183,Gonda,Rural,500060,15.07,84.18,4.81,76.81,7.87,91.49,34.27,19.41,51.27,80.03,11.24,63.53,61.39,5.41,0.54,12.49,2.14,79.11,32.31,9.52,37.56,11.33
09,UTTAR PRADESH,183,Gonda,Urban,35501,80.89,17.96,60.51,31.55,77.09,21.45,46.89,40.66,89.26,76.04,61.68,81.03,76.07,13.35,4.56,35.51,6.68,63.07,31.08,8.07,63.03,4.43
09,UTTAR PRADESH,184,Siddharthnagar,Total,376477,24.73,74.35,6.88,55.76,12.7,86.29,42.17,23.31,46.23,78.14,15.07,72.85,70.16,6.55,0.65,14.03,2.57,74.98,19.48,9.38,49.26,6.55
09,UTTAR PRADESH,184,Siddharthnagar,Rural,352651,22.2,76.87,5.1,55.88,10.39,88.66,41.96,22.8,44.89,78.63,13.28,72.68,70.08,6.38,0.57,13.55,2.41,75.94,19.09,9.24,48.57,6.63
09,UTTAR PRADESH,184,Siddharthnagar,Urban,23826,62.12,36.97,33.19,53.99,46.93,51.19,45.22,30.74,66.13,70.95,41.57,75.49,71.33,9.1,1.81,21.06,4.84,60.75,25.14,11.5,59.38,5.23
09,UTTAR PRADESH,185,Basti,Total,379790,28.46,70.62,9.9,61.53,16.41,82.47,33.08,17.87,50.92,88.08,20.24,73.4,70.36,7.96,0.9,17.46,3.02,81.53,26.35,6.86,50.14,9.79
09,UTTAR PRADESH,185,Basti,Rural,358566,25.36,73.8,6.89,63.52,13.12,85.88,32.77,17.21,49.15,88.43,17.57,73.01,70.11,7.6,0.69,16.15,2.65,82.51,26.61,6.84,49.71,9.97
09,UTTAR PRADESH,185,Basti,Urban,21224,80.81,16.92,60.8,27.93,72.07,24.78,38.32,29.08,80.82,82.19,65.25,79.88,74.51,14.11,4.42,39.62,9.38,65.07,21.99,7.22,57.48,6.81
09,UTTAR PRADESH,186,Sant Kabir Nagar,Total,258040,30.82,68.3,6.85,58.32,14.99,83.98,35.53,22.58,50.45,80.52,19.06,75.74,72.9,7.65,0.79,14.72,2.63,78.03,18.73,7.79,47.05,9.92
09,UTTAR PRADESH,186,Sant Kabir Nagar,Rural,239614,27.96,71.16,4.48,59.0,12.32,86.66,34.58,21.65,48.94,81.71,17.1,75.61,72.83,7.38,0.68,14.12,2.49,79.06,18.59,7.59,46.38,10.19
09,UTTAR PRADESH,186,Sant Kabir Nagar,Urban,18426,67.95,31.11,37.64,49.48,49.7,49.18,47.86,34.66,70.0,65.1,44.56,77.41,73.77,11.04,2.23,22.59,4.36,64.63,20.57,10.3,55.69,6.37
09,UTTAR PRADESH,187,Mahrajganj,Total,421701,21.78,77.06,5.61,67.81,18.82,80.13,46.55,22.97,47.18,82.48,20.06,69.3,66.64,6.48,0.64,12.37,2.15,80.36,14.93,8.27,40.57,8.67
09,UTTAR PRADESH,187,Mahrajganj,Rural,400326,19.38,79.46,3.66,68.76,16.71,82.25,46.6,22.5,45.53,82.89,18.35,68.99,66.34,6.34,0.57,11.72,1.99,81.42,14.92,8.11,39.8,8.82
09,UTTAR PRADESH,187,Mahrajganj,Urban,21375,66.66,32.2,42.14,49.93,58.36,40.34,45.63,31.93,78.07,74.65,52.07,75.01,72.29,9.09,1.97,24.46,5.02,60.51,15.17,11.35,54.97,5.75
09,UTTAR PRADESH,188,Gorakhpur,Total,695366,42.66,56.47,21.53,58.44,30.71,67.62,34.28,23.37,56.15,79.38,36.71,78.24,74.23,9.4,2.1,22.69,4.35,76.44,21.36,7.37,48.3,7.91
09,UTTAR PRADESH,188,Gorakhpur,Rural,559062,31.8,67.34,10.0,67.14,18.58,80.02,32.07,20.43,48.79,79.03,27.59,76.13,72.86,7.1,0.96,16.74,2.9,77.19,19.5,8.17,44.3,8.94
09,UTTAR PRADESH,188,Gorakhpur,Urban,136304,87.17,11.88,68.84,22.76,80.44,16.75,43.39,35.41,86.34,80.84,74.13,86.88,79.82,18.81,6.78,47.08,10.32,73.4,28.99,4.07,64.7,3.68
09,UTTAR PRADESH,189,Kushinagar,Total,558626,22.79,76.31,5.25,53.03,17.03,81.75,30.75,18.19,54.34,85.08,18.44,72.34,69.88,6.43,0.62,12.57,2.3,77.36,16.01,9.14,36.4,8.51
09,UTTAR PRADESH,189,Kushinagar,Rural,531928,20.69,78.41,3.53,53.24,14.76,84.06,30.54,17.82,52.89,85.6,16.94,71.96,69.61,6.24,0.53,12.03,2.16,78.37,15.9,9.04,35.63,8.46
09,UTTAR PRADESH,189,Kushinagar,Urban,26698,64.79,34.46,39.38,48.8,62.27,35.74,35.03,25.55,83.29,74.6,48.39,79.82,75.08,10.23,2.4,23.29,5.11,57.27,18.2,11.07,51.87,9.44
09,UTTAR PRADESH,190,Deoria,Total,472564,31.74,67.4,12.77,61.43,21.17,77.2,23.12,16.46,58.11,82.04,25.88,80.35,77.31,7.63,0.95,17.97,2.83,74.74,20.56,7.95,46.4,8.34
09,UTTAR PRADESH,190,Deoria,Rural,426692,27.79,71.36,8.48,63.95,16.74,81.73,22.66,15.77,55.36,82.58,22.66,79.88,76.97,7.13,0.7,16.75,2.51,76.23,20.68,7.9,44.96,8.53
09,UTTAR PRADESH,190,Deoria,Urban,45872,68.51,30.53,52.69,38.03,62.4,35.04,27.39,22.85,83.68,76.97,55.81,84.71,80.39,12.34,3.23,29.36,5.8,60.85,19.45,8.37,59.84,6.55
09,UTTAR PRADESH,191,Azamgarh,Total,659930,27.79,71.38,7.53,51.74,20.48,77.97,15.5,10.98,47.88,80.85,24.23,75.83,72.93,7.17,1.01,17.6,3.15,78.95,26.38,6.96,43.87,8.7
09,UTTAR PRADESH,191,Azamgarh,Rural,608684,24.07,75.12,4.64,52.08,16.76,81.72,14.42,9.89,45.34,81.52,22.62,75.36,72.64,6.65,0.8,16.98,2.98,80.34,26.46,6.89,42.7,9.03
09,UTTAR PRADESH,191,Azamgarh,Urban,51246,71.9,27.01,41.86,47.66,64.65,33.39,28.31,23.91,78.11,72.93,43.31,81.37,76.36,13.39,3.49,25.07,5.12,62.47,25.44,7.78,57.77,4.82
09,UTTAR PRADESH,192,Mau,Total,320833,46.72,52.09,12.49,51.25,27.39,71.49,13.12,10.21,58.33,73.9,25.58,72.49,69.57,8.33,0.83,14.83,2.31,71.35,18.23,10.78,44.02,9.44
09,UTTAR PRADESH,192,Mau,Rural,252219,37.48,61.33,5.66,53.14,17.56,81.41,9.17,6.84,51.89,81.3,24.36,73.03,70.11,7.78,0.66,14.56,2.23,76.15,19.35,9.42,42.65,10.14
09,UTTAR PRADESH,192,Mau,Urban,68614,80.71,18.1,37.62,44.31,63.52,35.03,27.64,22.6,82.02,46.67,30.07,70.49,67.6,10.34,1.46,15.8,2.61,53.73,14.12,15.81,49.07,6.83
09,UTTAR PRADESH,193,Ballia,Total,482440,24.87,73.81,12.88,49.07,25.87,72.75,15.56,11.54,63.4,76.69,23.95,71.06,68.26,8.91,0.97,13.57,2.25,67.21,22.47,12.53,40.99,12.44
09,UTTAR PRADESH,193,Ballia,Rural,437289,20.92,77.73,9.53,49.82,22.24,76.41,14.07,10.23,61.68,77.21,21.46,70.46,67.72,8.67,0.82,12.87,2.15,68.36,22.49,12.55,39.58,12.77
09,UTTAR PRADESH,193,Ballia,Urban,45151,63.09,35.83,45.33,41.76,60.99,37.27,29.99,24.19,80.01,71.69,48.03,76.9,73.5,11.16,2.36,20.35,3.23,56.02,22.24,12.3,54.61,9.29
09,UTTAR PRADESH,194,Jaunpur,Total,666988,27.21,71.65,8.47,44.49,19.77,78.48,20.29,14.85,35.74,82.22,31.75,77.32,73.59,7.86,1.2,19.26,3.43,80.18,31.88,6.38,47.07,6.96
09,UTTAR PRADESH,194,Jaunpur,Rural,615793,22.77,76.1,5.03,44.92,15.44,82.82,17.97,12.52,32.97,83.07,29.27,77.09,73.53,7.54,0.98,18.42,3.25,81.52,32.3,6.27,46.73,7.18
09,UTTAR PRADESH,194,Jaunpur,Urban,51195,80.63,18.05,49.92,39.28,71.81,26.2,48.24,42.87,68.97,71.97,61.58,80.16,74.31,11.63,3.83,29.36,5.61,64.02,26.9,7.67,51.08,4.39
09,UTTAR PRADESH,195,Ghazipur,Total,524961,20.15,78.75,7.01,28.28,22.13,76.69,11.16,8.57,40.76,77.1,26.51,71.62,67.12,9.56,1.01,14.9,4.03,73.06,25.49,9.84,39.61,10.17
09,UTTAR PRADESH,195,Ghazipur,Rural,485939,15.99,82.94,4.28,27.45,18.64,80.21,7.82,5.39,38.18,77.55,24.13,71.09,66.67,9.3,0.84,14.06,3.92,73.83,25.4,9.85,38.43,10.41
09,UTTAR PRADESH,195,Ghazipur,Urban,39022,71.87,26.62,41.01,38.55,65.54,32.85,52.76,48.27,72.89,71.49,56.19,78.22,72.72,12.76,3.14,25.38,5.4,63.42,26.63,9.74,54.37,7.28
09,UTTAR PRADESH,196,Chandauli,Total,294718,33.8,65.0,11.0,19.87,25.3,73.53,12.98,10.77,34.95,74.64,37.29,64.58,61.79,7.04,1.18,16.65,2.48,74.75,28.5,10.54,45.98,6.56
09,UTTAR PRADESH,196,Chandauli,Rural,256548,27.72,71.15,5.64,20.14,18.77,80.07,8.24,6.31,29.39,75.85,33.47,63.0,60.48,6.35,0.86,15.04,2.18,76.64,29.01,10.56,44.11,6.84
09,UTTAR PRADESH,196,Chandauli,Urban,38170,74.64,23.67,47.06,18.02,69.18,29.57,44.86,40.8,72.32,66.49,62.93,75.16,70.66,11.74,3.39,27.44,4.48,62.04,25.02,10.45,58.56,4.62
09,UTTAR PRADESH,197,Varanasi,Total,541704,62.04,36.98,37.3,25.19,54.52,43.83,34.62,31.85,51.36,74.53,57.21,73.49,69.03,10.63,3.55,29.14,4.47,76.16,31.38,5.96,52.31,5.29
09,UTTAR PRADESH,197,Varanasi,Rural,301485,39.66,59.27,11.41,32.4,27.07,71.06,8.47,6.76,28.3,77.16,41.24,67.77,64.66,6.52,1.22,20.53,2.62,82.92,26.73,7.02,45.65,6.7
09,UTTAR PRADESH,197,Varanasi,Urban,240219,90.12,9.01,69.79,16.15,88.98,9.64,67.43,63.35,80.3,71.22,77.25,80.66,74.52,15.79,6.47,39.95,6.8,67.68,37.21,4.63,60.66,3.53
09,UTTAR PRADESH,198,Sant Ravidas Nagar (Bhadohi),Total,219685,37.88,60.77,10.55,40.08,18.84,79.84,14.26,11.4,27.65,73.91,33.06,67.85,64.74,7.37,1.32,17.72,3.15,76.39,29.88,9.48,46.69,6.12
09,UTTAR PRADESH,198,Sant Ravidas Nagar (Bhadohi),Rural,187958,32.13,66.48,5.96,40.38,12.64,86.05,8.33,5.82,24.04,75.58,30.04,67.38,64.43,6.99,1.01,16.76,2.88,78.99,31.15,9.24,46.07,6.2
09,UTTAR PRADESH,198,Sant Ravidas Nagar (Bhadohi),Urban,31727,71.93,26.91,37.73,38.34,55.58,43.03,49.39,44.44,49.04,64.01,51.01,70.64,66.57,9.66,3.15,23.36,4.74,61.03,22.34,10.86,50.36,5.67
09,UTTAR PRADESH,199,Mirzapur,Total,390819,37.36,61.55,11.13,42.58,26.19,72.35,11.3,9.58,25.09,74.86,34.83,60.75,57.73,6.27,1.14,16.16,2.61,79.08,28.31,9.69,45.34,4.59
09,UTTAR PRADESH,199,Mirzapur,Rural,335481,30.71,68.22,5.28,44.24,19.22,79.64,3.01,2.01,19.82,75.79,29.62,58.51,55.9,5.48,0.68,14.18,2.24,80.23,28.32,10.06,43.61,4.76
09,UTTAR PRADESH,199,Mirzapur,Urban,55338,77.64,21.12,46.6,32.48,68.46,28.19,61.55,55.49,57.02,69.22,66.42,74.38,68.82,11.11,3.93,28.17,4.87,72.15,28.22,7.48,55.78,3.55
09,UTTAR PRADESH,200,Sonbhadra,Total,326918,29.24,68.27,12.38,62.39,24.11,74.18,14.57,12.98,21.95,82.45,24.69,50.64,48.63,7.71,1.58,15.51,3.14,62.33,25.17,19.05,45.78,2.35
09,UTTAR PRADESH,200,Sonbhadra,Rural,267308,17.18,80.0,2.54,70.84,13.72,85.2,3.86,2.7,12.16,82.09,13.97,43.03,41.48,5.78,0.48,8.92,1.71,63.54,26.97,21.78,42.41,1.82
09,UTTAR PRADESH,200,Sonbhadra,Urban,59610,83.31,15.68,56.48,24.53,70.72,24.73,62.62,59.11,65.88,84.09,72.75,84.75,80.69,16.4,6.48,45.06,9.6,56.9,17.13,6.81,60.87,4.71
09,UTTAR PRADESH,201,Etah,Total,290474,23.96,74.23,12.75,46.81,19.82,78.93,22.78,17.35,41.38,63.23,27.23,69.18,66.24,6.79,0.91,18.87,2.29,65.1,17.99,12.67,39.07,6.37
09,UTTAR PRADESH,201,Etah,Rural,245668,14.01,84.21,4.35,49.17,9.16,89.47,19.89,15.06,35.95,62.56,20.53,67.68,65.01,5.97,0.51,16.41,1.7,67.14,18.57,13.2,36.43,6.96
09,UTTAR PRADESH,201,Etah,Urban,44806,78.5,19.52,58.81,33.89,78.25,21.09,38.64,29.89,71.16,66.91,63.95,77.41,72.97,11.27,3.06,32.32,5.51,53.93,14.82,9.72,53.51,3.1
09,UTTAR PRADESH,202,Kanshiram Nagar,Total,236496,21.31,77.42,11.35,46.92,23.98,75.15,27.07,18.86,67.18,56.7,22.83,63.3,61.08,5.54,0.69,12.99,1.63,60.46,16.37,16.6,32.74,7.98
09,UTTAR PRADESH,202,Kanshiram Nagar,Rural,190576,11.04,87.76,3.14,47.55,11.23,88.08,22.86,15.09,63.46,57.49,16.75,61.35,59.3,4.88,0.43,11.58,1.29,64.71,17.24,16.63,29.65,8.86
09,UTTAR PRADESH,202,Kanshiram Nagar,Urban,45920,63.95,34.47,45.45,44.31,76.89,21.49,44.55,34.53,82.64,53.41,48.04,71.42,68.45,8.28,1.76,18.83,3.06,42.82,12.79,16.47,45.56,4.36
10,BIHAR,203,Pashchim Champaran,Total,708065,8.13,90.91,5.43,53.5,15.87,83.1,2.76,1.91,52.09,37.78,9.75,52.42,50.59,5.81,0.49,6.84,1.54,60.06,25.92,22.19,32.73,5.17
10,BIHAR,203,Pashchim Champaran,Rural,635151,4.08,94.96,2.02,54.01,11.51,87.64,2.3,1.53,49.2,36.6,6.8,51.22,49.5,5.52,0.37,6.03,1.42,61.47,26.47,22.15,31.82,4.92
10,BIHAR,203,Pashchim Champaran,Urban,72914,43.42,55.61,35.13,49.04,53.89,43.51,6.8,5.22,77.28,48.06,35.48,62.82,60.04,8.32,1.61,13.92,2.61,47.77,21.09,22.57,40.64,7.42
10,BIHAR,204,Purba Champaran,Total,984303,7.62,91.27,5.32,49.6,18.24,80.95,2.06,1.23,47.79,40.74,9.81,59.45,56.98,7.14,0.78,7.98,1.96,62.1,36.33,17.72,39.28,5.63
10,BIHAR,204,Purba Champaran,Rural,913167,5.01,93.89,2.84,50.2,15.45,83.78,1.61,0.97,46.11,39.69,7.81,58.62,56.19,6.92,0.65,7.06,1.8,62.62,36.49,17.91,38.34,5.62
10,BIHAR,204,Purba Champaran,Urban,71136,41.05,57.52,37.12,41.9,54.0,44.69,7.91,4.52,69.44,54.26,35.47,70.13,67.15,9.97,2.51,19.73,3.98,55.36,34.32,15.29,51.35,5.73
10,BIHAR,205,Sheohar,Total,148889,6.72,92.19,2.68,34.67,20.42,78.33,1.4,0.9,38.9,54.36,7.87,55.95,54.42,4.5,0.32,5.16,0.95,49.33,38.25,24.7,37.43,3.56
10,BIHAR,205,Sheohar,Rural,143121,5.76,93.13,1.96,34.26,19.75,79.05,1.39,0.89,38.29,53.95,7.17,55.56,54.05,4.3,0.29,4.94,0.9,49.49,38.16,24.92,37.05,3.38
10,BIHAR,205,Sheohar,Urban,5768,30.46,68.93,20.35,44.82,36.95,60.38,1.82,1.14,54.21,64.55,25.31,65.45,63.59,9.43,1.13,10.58,2.12,45.39,40.59,19.24,47.02,7.99
10,BIHAR,206,Sitamarhi,Total,733083,9.04,89.92,5.38,43.37,20.79,78.26,1.5,0.93,34.35,32.68,8.33,46.5,44.83,5.79,0.47,5.26,0.99,43.3,34.39,30.52,35.88,6.22
10,BIHAR,206,Sitamarhi,Rural,696184,6.92,92.05,3.35,43.6,18.68,80.42,1.26,0.78,32.47,31.64,6.78,45.59,44.0,5.56,0.37,4.59,0.88,43.3,34.07,31.0,35.04,6.21
10,BIHAR,206,Sitamarhi,Urban,36899,49.04,49.78,43.76,38.94,60.52,37.61,6.04,3.71,69.89,52.22,37.57,63.64,60.42,10.16,2.44,17.89,3.11,43.24,40.45,21.53,51.73,6.47
10,BIHAR,207,Madhubani,Total,901539,12.57,86.35,5.22,45.62,18.52,80.51,2.19,1.36,38.42,38.02,8.19,53.97,51.86,7.27,0.59,6.57,1.29,46.21,33.34,25.79,44.73,4.78
10,BIHAR,207,Madhubani,Rural,871575,11.23,87.69,4.04,45.83,17.25,81.84,2.12,1.31,37.72,37.62,7.3,53.68,51.61,7.15,0.54,6.25,1.23,46.37,33.37,25.89,44.54,4.7
10,BIHAR,207,Madhubani,Urban,29964,51.28,47.39,39.62,39.47,55.52,42.01,4.41,2.88,58.93,49.52,34.01,62.26,59.02,10.66,2.01,16.05,2.94,41.33,32.26,22.7,50.17,7.14
10,BIHAR,208,Supaul,Total,440804,11.58,87.65,2.75,30.73,10.83,88.37,1.22,0.85,62.09,41.94,6.03,47.01,45.59,5.69,0.42,4.96,0.92,43.72,24.31,31.53,33.3,5.03
10,BIHAR,208,Supaul,Rural,420420,9.61,89.59,1.41,30.0,9.09,90.15,1.18,0.82,61.64,41.37,4.81,46.26,44.86,5.68,0.38,4.62,0.87,43.98,24.4,31.8,32.96,4.9
10,BIHAR,208,Supaul,Urban,20384,52.06,47.64,30.29,45.75,46.8,51.79,1.99,1.5,71.38,53.75,31.01,62.34,60.52,5.79,1.21,12.04,2.05,38.45,22.34,26.03,40.36,7.83
10,BIHAR,209,Araria,Total,561455,7.71,91.61,3.03,18.16,9.36,89.96,1.43,0.95,56.52,20.62,7.19,42.88,41.36,5.31,0.46,5.7,0.9,49.74,22.37,30.73,32.69,3.84
10,BIHAR,209,Araria,Rural,529611,4.7,94.62,1.14,16.74,6.66,92.75,1.23,0.83,55.19,19.16,5.39,41.81,40.39,5.04,0.36,5.14,0.81,49.89,22.39,31.21,31.95,3.69
10,BIHAR,209,Araria,Urban,31844,57.76,41.56,34.47,41.78,54.3,43.57,4.89,2.9,78.75,44.84,37.22,60.66,57.49,9.82,2.14,14.99,2.28,47.17,22.12,22.89,45.15,6.36
10,BIHAR,210,Kishanganj,Total,335711,17.49,81.91,3.49,15.04,10.38,88.54,1.27,0.88,42.43,20.32,8.56,38.9,37.65,4.19,0.33,5.82,0.73,52.88,15.45,30.93,35.29,3.93
10,BIHAR,210,Kishanganj,Rural,304695,13.96,85.42,0.53,12.52,6.15,92.92,0.92,0.63,39.22,17.8,5.59,37.14,36.0,3.93,0.21,4.94,0.58,53.21,15.35,31.64,34.23,3.53
10,BIHAR,210,Kishanganj,Urban,31016,52.16,47.43,32.57,39.75,51.93,45.54,4.71,3.31,73.96,45.16,37.75,56.17,53.82,6.77,1.49,14.42,2.2,49.61,16.36,23.95,45.75,7.89
10,BIHAR,211,Purnia,Total,640713,13.43,85.83,5.26,16.37,13.7,85.38,1.92,1.26,49.11,25.75,9.86,40.31,38.83,5.25,0.65,6.27,1.31,45.56,19.73,33.75,31.24,5.54
10,BIHAR,211,Purnia,Rural,576602,8.05,91.19,1.12,14.13,8.65,90.49,1.18,0.81,46.42,22.9,6.09,37.9,36.57,4.64,0.36,4.62,0.94,44.81,19.22,35.32,29.8,5.07
10,BIHAR,211,Purnia,Urban,64111,61.81,37.56,42.45,36.46,59.12,39.39,8.66,5.25,73.22,51.37,43.84,62.01,59.14,10.81,3.31,21.08,4.61,52.36,24.35,19.67,44.22,9.68
10,BIHAR,212,Katihar,Total,617063,9.87,89.24,5.28,18.65,17.51,81.28,2.24,1.58,50.95,27.76,9.74,38.84,37.5,4.42,0.48,5.67,0.83,46.34,21.4,34.03,34.57,5.14
10,BIHAR,212,Katihar,Rural,563679,4.72,94.39,1.47,16.76,12.67,86.25,1.16,0.83,48.34,25.24,6.02,36.42,35.24,3.88,0.29,4.65,0.7,46.32,21.59,35.29,33.05,4.96
10,BIHAR,212,Katihar,Urban,53384,64.24,34.85,45.49,38.61,68.51,28.82,13.66,9.58,78.45,54.3,49.08,64.43,61.36,10.09,2.44,16.44,2.24,46.56,19.35,20.69,50.61,7.11
10,BIHAR,213,Madhepura,Total,401001,5.79,93.49,3.07,31.46,13.06,86.06,1.59,1.12,54.57,30.62,5.79,45.58,44.1,5.81,0.35,5.3,1.14,42.38,18.64,33.56,30.49,6.28
10,BIHAR,213,Madhepura,Rural,383792,3.96,95.32,1.52,30.76,11.35,87.8,1.49,1.05,53.76,29.58,4.65,44.94,43.5,5.7,0.28,4.81,1.04,42.62,18.65,33.78,29.82,6.17
10,BIHAR,213,Madhepura,Urban,17209,46.62,52.76,37.54,47.07,51.3,47.18,3.86,2.76,72.57,53.75,31.19,59.78,57.38,8.25,1.78,16.22,3.35,37.0,18.47,28.62,45.43,8.69
10,BIHAR,214,Saharsa,Total,368212,11.23,87.98,5.88,28.92,16.73,82.02,1.8,1.2,47.46,36.01,8.29,45.17,43.82,5.27,0.45,5.56,1.04,35.26,16.46,38.14,30.63,6.68
10,BIHAR,214,Saharsa,Rural,339776,6.81,92.45,2.4,28.04,12.47,86.34,1.47,1.01,45.05,34.15,5.42,43.06,41.89,4.89,0.28,4.33,0.85,33.91,15.89,39.9,29.05,6.61
10,BIHAR,214,Saharsa,Urban,28436,64.07,34.61,47.44,39.46,67.59,30.42,5.7,3.44,76.2,58.27,42.53,70.37,66.9,9.82,2.46,20.32,3.31,51.46,23.3,17.03,49.44,7.44
10,BIHAR,215,Darbhanga,Total,805786,15.82,82.98,7.39,39.74,25.13,73.49,2.42,1.62,42.88,38.1,9.94,54.69,52.56,6.6,0.78,6.53,1.28,39.8,24.76,29.01,40.2,8.17
10,BIHAR,215,Darbhanga,Rural,732270,11.0,87.8,3.5,40.13,20.93,77.87,2.03,1.35,40.27,36.22,6.8,53.34,51.35,6.25,0.54,5.32,1.03,38.84,24.43,30.12,39.12,8.09
10,BIHAR,215,Darbhanga,Urban,73516,63.82,34.92,46.08,35.91,66.97,29.88,6.33,4.35,68.9,56.82,41.16,68.2,64.64,10.07,3.18,18.56,3.77,49.33,28.08,17.95,50.99,8.98
10,BIHAR,216,Muzaffarpur,Total,947863,19.06,80.09,9.26,45.79,27.06,71.72,4.65,3.05,47.07,47.44,18.15,57.76,54.58,7.7,1.09,9.94,2.46,57.9,27.36,19.78,33.59,8.29
10,BIHAR,216,Muzaffarpur,Rural,859579,13.24,85.92,4.34,47.44,21.93,77.1,2.71,1.58,44.1,45.41,13.94,55.76,52.75,6.99,0.75,8.07,2.1,57.9,28.12,20.7,31.18,8.44
10,BIHAR,216,Muzaffarpur,Urban,88284,75.68,23.36,57.17,29.71,77.09,19.3,23.6,17.29,75.99,67.2,59.12,77.22,72.46,14.6,4.4,28.19,5.99,57.93,19.93,10.82,57.01,6.84
10,BIHAR,217,Gopalganj,Total,421727,16.45,82.42,7.4,48.29,20.02,79.0,3.91,2.71,60.54,65.66,14.55,75.0,71.79,7.97,0.88,12.31,2.25,74.15,36.7,9.38,39.78,7.9
10,BIHAR,217,Gopalganj,Rural,396391,14.46,84.38,5.3,48.91,18.05,80.99,3.63,2.54,59.29,65.75,13.08,74.87,71.7,7.65,0.77,11.76,2.19,75.13,36.73,9.32,38.85,8.02
10,BIHAR,217,Gopalganj,Urban,25336,47.57,51.63,40.16,38.57,50.78,47.95,8.28,5.37,80.18,64.25,37.59,77.08,73.15,12.85,2.59,20.82,3.32,58.84,36.18,10.22,54.33,6.11
10,BIHAR,218,Siwan,Total,544879,9.72,88.95,7.78,54.95,22.88,76.04,3.49,2.57,65.86,73.88,13.59,73.65,71.01,6.94,0.7,11.76,2.0,70.25,33.38,11.15,45.92,8.12
10,BIHAR,218,Siwan,Rural,516701,6.97,91.7,5.21,56.15,20.24,78.75,3.23,2.41,64.7,74.08,11.49,73.13,70.5,6.64,0.58,11.04,1.91,71.04,33.53,11.28,45.17,8.23
10,BIHAR,218,Siwan,Urban,28178,60.06,38.48,54.89,32.83,71.39,26.28,8.34,5.5,87.16,70.14,52.22,83.1,80.31,12.51,2.99,24.83,3.66,55.76,30.5,8.83,59.59,6.05
10,BIHAR,219,Saran,Total,641742,14.77,83.96,8.08,52.53,21.43,77.26,4.34,3.2,59.47,61.37,19.97,66.06,63.6,5.83,0.7,10.69,1.71,67.28,37.96,14.52,40.79,8.63
10,BIHAR,219,Saran,Rural,585844,10.56,88.12,4.74,54.02,17.85,81.02,3.22,2.3,58.42,60.62,17.23,65.4,63.08,5.33,0.53,9.98,1.57,68.2,38.36,14.65,39.86,8.7
10,BIHAR,219,Saran,Urban,55898,58.85,40.36,43.03,36.87,58.96,37.91,16.02,12.66,70.5,69.16,48.74,73.01,69.05,11.14,2.52,18.17,3.08,57.63,33.76,13.25,50.57,7.91
10,BIHAR,220,Vaishali,Total,632626,11.07,87.83,7.48,49.64,27.17,71.63,2.87,1.85,41.02,53.52,16.01,61.67,59.26,6.25,0.76,9.52,1.79,62.79,31.63,17.63,31.71,12.16
10,BIHAR,220,Vaishali,Rural,595165,8.54,90.4,5.52,49.92,24.98,73.88,2.36,1.45,40.02,53.18,14.38,61.17,58.8,5.98,0.65,8.91,1.67,63.14,31.8,17.77,30.89,12.26
10,BIHAR,220,Vaishali,Urban,37461,51.15,47.01,38.54,45.18,61.99,35.86,11.03,8.32,56.93,58.92,41.8,69.5,66.55,10.56,2.55,19.31,3.62,57.16,28.94,15.44,44.75,10.61
10,BIHAR,221,Samastipur,Total,850353,10.35,88.74,5.42,36.61,18.75,80.32,2.4,1.58,41.41,44.38,9.91,51.91,49.94,5.99,0.63,6.64,1.25,53.89,21.62,25.73,31.92,9.58
10,BIHAR,221,Samastipur,Rural,822111,8.57,90.53,3.72,36.76,16.99,82.11,1.95,1.26,40.36,43.68,8.62,51.25,49.33,5.77,0.55,6.16,1.17,54.11,21.45,26.01,31.13,9.69
10,BIHAR,221,Samastipur,Urban,28242,62.06,36.68,54.98,32.36,70.18,28.26,15.55,10.95,72.2,64.63,47.51,71.25,67.75,12.41,3.09,20.67,3.55,47.46,26.36,17.41,54.92,6.52
10,BIHAR,222,Begusarai,Total,596110,20.19,78.96,8.3,39.19,31.31,67.0,3.59,2.49,52.62,43.37,12.88,56.09,53.74,7.23,0.78,6.94,1.65,49.63,17.87,26.45,34.08,11.31
10,BIHAR,222,Begusarai,Rural,488062,12.64,86.5,3.9,37.59,25.47,73.22,2.56,1.67,49.06,41.69,8.49,54.29,52.12,6.84,0.49,5.49,1.36,48.59,17.26,27.6,31.29,11.64
10,BIHAR,222,Begusarai,Urban,108048,54.32,44.91,28.17,46.46,57.72,38.89,8.22,6.23,68.68,50.97,32.67,64.2,61.08,9.0,2.09,13.51,2.94,54.34,20.62,21.26,46.69,9.81
10,BIHAR,223,Khagaria,Total,327701,12.4,86.88,4.7,24.28,23.82,74.93,2.99,2.01,43.4,32.56,9.53,48.78,47.25,6.61,0.48,4.29,0.95,30.48,17.27,37.67,32.88,8.87
10,BIHAR,223,Khagaria,Rural,312199,10.3,88.98,2.87,23.71,21.71,77.12,2.88,1.94,41.88,31.49,7.94,47.93,46.48,6.43,0.4,3.93,0.91,30.3,17.22,38.43,32.25,8.95
10,BIHAR,223,Khagaria,Urban,15502,54.75,44.76,41.57,35.68,66.29,30.71,5.26,3.57,74.04,54.06,41.59,66.08,62.79,10.24,2.07,11.44,1.87,34.14,18.41,22.33,45.52,7.21
10,BIHAR,224,Bhagalpur,Total,563306,30.98,67.65,11.23,30.77,33.72,64.43,8.15,5.37,44.41,45.51,20.78,54.69,52.28,8.33,1.2,8.45,1.53,39.15,23.43,28.88,35.51,8.64
10,BIHAR,224,Bhagalpur,Rural,458960,22.45,76.23,4.64,32.81,25.08,73.17,5.4,3.35,39.06,42.67,14.9,51.36,49.33,7.14,0.63,6.08,1.1,39.24,23.28,30.9,32.33,8.85
10,BIHAR,224,Bhagalpur,Urban,104346,68.54,29.94,40.2,21.84,71.72,26.02,20.23,14.24,67.94,58.02,46.64,69.3,65.26,13.55,3.72,18.91,3.43,38.75,24.09,20.0,49.5,7.71
10,BIHAR,225,Banka,Total,380013,16.41,82.33,4.07,32.55,12.25,86.97,3.97,2.36,28.68,37.3,8.65,47.66,46.02,5.87,0.45,6.42,0.86,41.89,20.72,32.9,33.19,6.75
10,BIHAR,225,Banka,Rural,366656,15.32,83.4,3.01,32.86,11.06,88.16,3.75,2.24,27.49,36.86,7.8,47.2,45.57,5.76,0.41,6.12,0.8,42.01,20.75,33.12,32.65,6.81
10,BIHAR,225,Banka,Urban,13357,46.21,52.8,33.17,24.22,44.82,54.28,9.97,5.92,61.23,49.43,31.77,60.42,58.48,8.74,1.53,14.67,2.37,38.82,19.91,26.94,48.08,5.07
10,BIHAR,226,Munger,Total,263749,34.3,64.5,18.63,45.19,38.82,60.11,7.67,5.56,47.93,57.77,26.53,56.75,54.26,6.8,1.01,9.2,1.42,42.73,21.6,28.44,38.92,7.61
10,BIHAR,226,Munger,Rural,193801,21.64,77.14,8.13,48.6,26.05,73.01,6.8,4.68,38.33,53.83,16.78,51.22,49.18,6.15,0.61,7.02,1.21,37.53,21.98,33.24,33.42,7.94
10,BIHAR,226,Munger,Urban,69948,69.37,29.48,47.72,35.73,74.19,24.37,10.09,7.98,74.54,68.71,53.55,72.05,68.35,8.62,2.11,15.23,2.02,57.14,20.54,15.15,54.16,6.67
10,BIHAR,227,Lakhisarai,Total,164430,27.06,71.49,7.87,30.17,31.82,66.8,5.76,3.68,45.83,50.99,18.88,58.33,56.59,5.39,0.72,5.82,1.47,29.83,17.63,32.09,34.28,7.8
10,BIHAR,227,Lakhisarai,Rural,140728,20.78,77.68,4.12,30.28,26.8,71.88,5.08,3.23,42.06,48.76,15.26,56.76,55.0,5.26,0.64,5.46,1.41,30.04,17.8,33.38,33.43,7.7
10,BIHAR,227,Lakhisarai,Urban,23702,64.3,34.76,30.1,29.53,61.59,36.61,9.79,6.32,68.25,64.18,40.38,67.67,66.03,6.13,1.2,7.97,1.8,28.59,16.66,24.39,39.3,8.38
10,BIHAR,228,Sheikhpura,Total,103748,19.34,78.88,6.56,9.52,28.93,69.66,4.91,2.93,37.25,41.15,15.69,59.34,57.26,8.55,0.61,6.68,1.67,32.44,19.45,29.57,33.49,9.06
10,BIHAR,228,Sheikhpura,Rural,86465,11.37,86.64,2.15,8.0,24.29,74.11,3.92,2.42,33.03,39.2,11.0,57.7,55.8,8.54,0.48,5.67,1.48,31.26,19.11,31.49,30.61,9.39
10,BIHAR,228,Sheikhpura,Urban,17283,59.21,40.05,28.62,17.12,52.16,47.36,9.88,5.46,58.41,50.91,39.15,67.58,64.55,8.64,1.27,11.73,2.6,38.32,21.12,20.0,47.9,7.39
10,BIHAR,229,Nalanda,Total,487322,20.8,77.09,8.98,14.11,30.71,67.86,7.92,5.43,45.9,47.87,17.87,56.12,53.46,9.0,0.85,6.0,1.63,24.95,16.73,33.41,34.04,9.16
10,BIHAR,229,Nalanda,Rural,411602,11.91,85.88,3.61,12.88,22.82,75.75,3.91,2.23,41.66,46.55,13.22,54.23,51.83,8.71,0.63,4.75,1.48,23.38,16.74,35.39,30.92,9.53
10,BIHAR,229,Nalanda,Urban,75720,69.12,29.33,38.18,20.8,73.61,24.97,29.74,22.84,68.95,55.02,43.14,66.37,62.29,10.57,2.07,12.77,2.45,33.45,16.66,22.65,51.01,7.15
10,BIHAR,230,Patna,Total,957441,57.12,41.85,33.56,16.0,53.01,45.28,24.15,18.65,63.5,62.5,47.35,69.21,65.18,13.85,4.25,18.39,5.2,44.97,23.76,18.39,45.99,7.42
10,BIHAR,230,Patna,Rural,544392,31.96,66.78,6.26,18.62,27.57,71.28,4.56,2.78,48.26,51.93,25.91,58.18,55.39,7.72,0.89,7.94,1.61,41.96,20.47,26.69,32.45,9.14
10,BIHAR,230,Patna,Urban,413049,90.28,9.0,69.54,12.56,86.55,11.02,49.97,39.58,83.58,76.43,75.61,83.75,78.08,21.92,8.68,32.18,9.95,48.95,28.09,7.46,63.83,5.16
10,BIHAR,231,Bhojpur,Total,415555,14.96,82.39,11.01,24.49,27.19,71.46,3.75,2.72,75.21,62.25,21.15,64.57,61.7,8.34,0.88,10.51,1.78,49.76,28.73,21.49,35.88,8.64
10,BIHAR,231,Bhojpur,Rural,357782,6.79,90.3,4.74,24.29,20.5,78.16,3.36,2.44,73.37,61.43,16.03,62.94,60.26,7.76,0.61,9.09,1.64,50.06,29.13,22.44,33.49,8.7
10,BIHAR,231,Bhojpur,Urban,57773,65.5,33.36,49.87,25.75,68.62,29.99,6.16,4.44,86.63,67.35,52.83,74.67,70.63,11.92,2.55,19.3,2.62,47.9,26.22,15.66,50.69,8.24
10,BIHAR,232,Buxar,Total,262398,17.82,80.18,10.43,22.08,24.71,74.1,4.09,2.77,71.83,56.75,18.45,66.36,63.65,7.36,0.68,10.03,2.04,52.59,29.97,19.7,34.58,10.31
10,BIHAR,232,Buxar,Rural,236453,12.06,85.81,5.9,21.21,20.04,78.83,3.51,2.4,71.31,55.79,14.79,65.56,62.88,7.23,0.55,9.13,1.92,53.11,30.71,20.03,32.71,10.48
10,BIHAR,232,Buxar,Urban,25945,70.35,28.91,51.7,30.01,67.22,30.97,9.34,6.15,76.54,65.51,51.73,73.66,70.67,8.6,1.84,18.23,3.07,47.9,23.27,16.67,51.62,8.76
10,BIHAR,233,Kaimur (Bhabua),Total,245048,21.59,77.0,5.12,22.95,16.73,82.4,3.75,2.42,55.49,44.03,19.89,61.08,58.47,7.03,0.86,9.39,2.65,45.32,25.38,23.43,34.36,6.43
10,BIHAR,233,Kaimur (Bhabua),Rural,235155,19.25,79.3,3.05,22.61,14.48,84.66,3.63,2.33,54.33,43.29,18.43,60.32,57.82,6.81,0.79,8.95,2.6,45.45,25.09,23.83,33.2,6.51
10,BIHAR,233,Kaimur (Bhabua),Urban,9893,77.09,22.28,54.24,31.08,70.22,28.64,6.78,4.6,83.11,61.57,54.36,79.06,73.78,12.22,2.4,19.82,3.99,42.01,32.31,13.98,61.91,4.57
10,BIHAR,234,Rohtas,Total,455878,25.2,73.38,9.14,21.0,28.22,70.72,5.54,4.27,78.21,59.29,23.3,68.56,65.84,7.96,1.01,10.94,2.37,49.32,27.09,19.17,38.39,6.31
10,BIHAR,234,Rohtas,Rural,387316,18.18,80.34,3.65,20.73,21.11,77.88,2.99,2.26,77.04,58.11,18.72,67.24,64.67,7.48,0.75,9.64,2.19,50.31,27.28,19.88,35.93,6.38
10,BIHAR,234,Rohtas,Urban,68562,64.89,34.08,40.15,22.51,68.41,30.25,19.9,15.64,84.81,65.98,49.19,76.04,72.47,10.63,2.44,18.3,3.43,43.72,25.99,15.14,52.26,5.9
10,BIHAR,235,Aurangabad,Total,387122,11.48,86.16,6.23,22.79,21.78,77.09,3.62,2.39,63.98,50.91,11.85,60.77,58.57,8.05,0.61,8.35,1.85,50.45,26.59,22.76,37.24,6.46
10,BIHAR,235,Aurangabad,Rural,351828,7.09,90.47,2.65,22.77,17.15,81.75,3.36,2.17,61.92,49.52,8.85,59.3,57.17,7.89,0.48,7.36,1.67,50.66,26.3,23.56,35.61,6.57
10,BIHAR,235,Aurangabad,Urban,35294,55.33,43.18,41.92,23.01,67.95,30.65,6.18,4.58,84.5,64.78,41.78,75.45,72.54,9.68,1.9,18.23,3.56,48.4,29.56,14.76,53.52,5.42
10,BIHAR,236,Gaya,Total,690505,16.31,82.03,8.36,34.62,24.22,74.79,5.36,3.41,45.23,47.36,15.64,55.61,53.18,8.26,0.99,8.57,1.71,42.61,23.46,29.16,33.16,7.46
10,BIHAR,236,Gaya,Rural,603194,6.88,91.42,2.03,37.74,16.46,82.67,2.88,1.55,40.3,43.95,8.61,51.92,49.92,7.2,0.52,5.94,1.29,40.37,22.56,31.98,29.37,7.86
10,BIHAR,236,Gaya,Urban,87311,81.46,17.16,52.1,13.11,77.8,20.33,22.52,16.28,79.3,70.9,64.17,81.09,75.75,15.58,4.27,26.8,4.6,58.12,29.64,9.67,59.32,4.71
10,BIHAR,237,Nawada,Total,346749,8.99,88.84,5.92,30.86,22.29,76.69,2.95,1.61,43.19,34.02,9.81,52.7,51.03,8.19,0.53,4.6,1.15,21.8,16.72,37.59,29.88,9.95
10,BIHAR,237,Nawada,Rural,313669,4.0,93.76,2.48,32.02,17.33,81.69,2.53,1.38,39.7,32.06,6.48,50.56,49.11,8.02,0.39,3.77,0.99,20.88,16.13,39.41,27.35,10.32
10,BIHAR,237,Nawada,Urban,33080,56.24,42.17,38.53,19.86,69.31,29.3,6.91,3.83,76.33,52.55,41.37,73.04,69.24,9.87,1.86,12.51,2.67,30.57,22.35,20.3,53.89,6.4
10,BIHAR,238,Jamui,Total,308291,10.59,87.9,4.21,54.12,14.83,84.36,4.16,2.42,21.71,37.92,8.78,51.83,49.19,7.27,0.6,5.97,1.57,36.79,16.6,33.34,28.99,8.05
10,BIHAR,238,Jamui,Rural,283684,6.96,91.5,2.14,55.87,11.88,87.33,3.64,1.97,18.65,36.48,6.38,50.39,47.96,7.06,0.45,5.31,1.44,36.35,16.34,34.43,27.81,8.01
10,BIHAR,238,Jamui,Urban,24607,52.34,46.3,28.04,33.9,48.85,50.03,10.18,7.65,57.0,54.5,36.4,68.45,63.43,9.69,2.27,13.55,3.09,41.94,19.57,20.73,42.67,8.48
10,BIHAR,239,Jehanabad,Total,181646,15.22,82.82,8.54,17.85,27.77,71.25,3.33,2.01,54.71,49.77,17.66,55.12,53.33,6.22,0.61,7.53,1.39,38.34,27.2,29.8,32.67,8.8
10,BIHAR,239,Jehanabad,Rural,159632,8.05,90.01,3.47,18.28,22.26,76.72,2.34,1.3,51.64,47.86,13.02,52.66,51.01,5.84,0.43,6.51,1.2,38.46,26.78,31.46,29.75,9.07
10,BIHAR,239,Jehanabad,Urban,22014,67.21,30.7,45.29,14.76,67.7,31.6,10.54,7.18,76.97,63.58,51.3,73.0,70.1,8.99,1.88,14.93,2.77,37.46,30.3,17.77,53.88,6.88
10,BIHAR,240,Arwal,Total,117803,1.87,94.02,3.54,12.1,23.66,75.35,1.41,0.94,70.7,52.96,9.75,53.96,52.36,5.41,0.35,6.51,1.18,47.06,30.37,27.85,31.11,7.67
10,BIHAR,240,Arwal,Rural,109546,1.26,94.61,2.54,11.7,22.5,76.44,1.39,0.98,69.7,52.28,8.81,53.25,51.63,5.44,0.35,6.26,1.16,46.56,30.22,28.43,30.27,7.79
10,BIHAR,240,Arwal,Urban,8257,9.91,86.25,16.85,17.45,39.02,60.87,1.6,0.39,83.97,61.94,22.2,63.38,62.13,5.12,0.42,9.81,1.44,53.71,32.48,20.29,42.23,6.07
11,SIKKIM,241,North District,Total,8903,87.9,10.61,26.32,64.14,77.36,21.39,71.91,6.35,37.48,63.92,47.1,69.08,67.48,6.63,1.3,2.68,7.17,0.7,21.55,21.35,53.81,3.53
11,SIKKIM,241,North District,Rural,7951,86.57,11.78,20.48,70.86,74.97,23.75,69.44,6.96,32.75,63.39,43.68,66.23,64.61,5.36,0.73,2.63,6.55,0.54,19.31,23.52,50.92,3.74
11,SIKKIM,241,North District,Urban,952,99.05,0.84,75.11,7.98,97.27,1.68,92.54,1.26,77.0,68.38,75.63,92.86,91.49,17.23,6.09,3.15,12.29,2.0,40.34,3.26,77.94,1.79
11,SIKKIM,242,West District,Total,27860,90.71,8.4,19.16,77.26,84.28,14.49,83.64,13.33,36.2,69.83,38.91,60.22,59.23,7.02,1.03,2.3,4.95,0.47,17.63,29.52,42.02,7.82
11,SIKKIM,242,West District,Rural,26731,90.35,8.72,16.72,80.02,84.07,15.06,83.11,10.15,34.94,69.68,37.34,58.97,58.1,6.52,0.86,2.2,4.52,0.45,17.34,30.5,40.5,7.88
11,SIKKIM,242,West District,Urban,1129,99.29,0.62,76.79,11.96,89.28,1.06,96.19,88.57,65.99,73.6,76.09,89.73,86.01,18.78,5.05,4.61,15.06,1.06,24.36,6.2,78.03,6.55
11,SIKKIM,243,South District,Total,30246,91.21,8.11,33.13,61.87,86.91,12.6,91.25,27.46,60.48,64.27,48.57,69.84,68.4,8.68,1.95,2.51,6.7,0.69,21.03,20.76,54.35,5.12
11,SIKKIM,243,South District,Rural,25476,89.81,9.44,23.71,72.29,84.85,14.69,90.21,15.69,57.58,63.32,43.31,65.67,64.61,6.02,1.16,2.25,5.18,0.51,22.81,23.83,48.83,5.92
11,SIKKIM,243,South District,Urban,4770,98.66,1.03,83.44,6.23,97.88,1.4,96.83,90.34,76.0,69.31,76.65,92.14,88.66,22.91,6.18,3.9,14.8,1.64,11.49,4.4,83.82,0.88
11,SIKKIM,244,East District,Total,61122,94.72,4.34,57.54,34.95,90.11,7.79,85.02,40.61,58.39,68.51,66.06,80.89,78.6,15.81,5.38,3.26,10.73,1.2,26.59,11.3,64.63,4.75
11,SIKKIM,244,East District,Rural,32212,91.15,7.46,31.97,62.02,85.82,12.64,79.54,15.84,38.03,58.67,52.79,70.86,69.07,7.69,1.55,2.69,5.81,0.68,27.29,18.04,50.96,7.48
11,SIKKIM,244,East District,Urban,28910,98.69,0.86,86.03,4.79,94.9,2.38,91.11,68.22,81.07,79.46,80.85,92.07,89.22,24.85,9.65,3.89,16.21,1.78,25.81,3.79,79.88,1.71
12,ARUNACHAL PRADESH,245,Tawang,Total,9477,91.12,6.65,40.03,57.42,74.14,24.74,80.65,45.92,40.16,77.17,50.9,42.59,34.45,5.21,1.01,2.16,9.44,1.11,24.86,34.1,53.24,3.51
12,ARUNACHAL PRADESH,245,Tawang,Rural,7891,89.38,7.93,29.29,68.77,69.45,29.41,76.95,36.18,29.0,74.19,43.32,33.2,24.79,3.16,0.61,1.5,6.35,0.46,22.94,40.36,48.98,4.11
12,ARUNACHAL PRADESH,245,Tawang,Urban,1586,99.75,0.25,93.51,0.95,97.48,1.51,99.05,94.39,95.71,91.99,88.65,89.28,82.53,15.45,3.03,5.49,24.84,4.35,34.43,2.96,74.46,0.57
12,ARUNACHAL PRADESH,246,West Kameng,Total,16405,86.49,7.78,43.48,54.54,50.31,45.54,85.79,53.7,42.07,57.32,52.63,48.41,45.77,5.41,1.23,6.37,7.92,2.12,18.78,31.01,50.63,2.62
12,ARUNACHAL PRADESH,246,West Kameng,Rural,12542,83.03,9.64,29.76,68.81,38.88,56.61,81.81,48.65,34.66,49.21,43.65,37.54,34.56,3.17,0.6,5.88,5.56,2.12,18.77,38.55,49.19,2.51
12,ARUNACHAL PRADESH,246,West Kameng,Urban,3863,97.72,1.73,88.04,8.23,87.42,9.6,98.71,70.1,66.14,83.67,81.8,83.72,82.16,12.68,3.29,7.95,15.58,2.12,18.82,6.52,55.32,2.95
12,ARUNACHAL PRADESH,247,East Kameng,Total,14610,36.4,13.96,24.52,73.66,32.19,63.19,76.53,33.83,19.43,40.36,21.69,28.6,26.8,6.06,0.39,9.46,3.95,5.17,14.48,56.41,41.87,2.54
12,ARUNACHAL PRADESH,247,East Kameng,Rural,11078,16.72,17.89,5.34,93.23,22.04,74.96,71.19,27.28,10.35,25.98,8.62,16.31,15.39,4.68,0.12,7.2,2.23,4.96,15.68,68.06,39.2,2.56
12,ARUNACHAL PRADESH,247,East Kameng,Urban,3532,98.13,1.61,84.68,12.26,64.01,26.27,93.29,54.39,47.9,85.48,62.68,67.13,62.6,10.39,1.25,16.53,9.34,5.8,10.73,19.88,50.23,2.46
12,ARUNACHAL PRADESH,248,Papum Pare,Total,33476,91.23,5.0,68.6,27.81,76.79,18.86,74.87,56.91,59.06,77.22,69.31,81.88,77.71,22.16,7.4,25.89,19.28,11.64,17.8,9.86,59.64,3.71
12,ARUNACHAL PRADESH,248,Papum Pare,Rural,13537,81.52,10.32,37.81,59.27,54.76,41.63,60.33,31.46,42.27,63.66,49.91,63.92,60.86,14.97,3.79,25.04,14.22,19.84,22.55,20.2,51.69,4.0
12,ARUNACHAL PRADESH,248,Papum Pare,Urban,19939,97.82,1.39,89.51,6.44,91.74,3.4,84.74,74.19,70.46,86.42,82.49,94.08,89.15,27.04,9.85,26.47,22.71,6.08,14.57,2.84,65.04,3.52
12,ARUNACHAL PRADESH,249,Upper Subansiri,Total,15541,34.57,25.49,20.1,78.1,42.84,51.68,75.36,23.9,24.75,44.01,23.04,23.51,20.45,4.83,0.89,9.23,3.66,5.03,29.79,46.87,38.85,2.28
12,ARUNACHAL PRADESH,249,Upper Subansiri,Rural,12952,21.67,30.44,6.77,91.62,34.4,60.19,70.84,14.48,15.1,36.28,11.68,13.46,11.45,3.98,0.36,6.61,2.55,4.08,30.8,54.27,34.56,2.49
12,ARUNACHAL PRADESH,249,Upper Subansiri,Urban,2589,99.11,0.73,86.75,10.47,85.09,9.12,97.99,71.03,73.04,82.7,79.84,73.77,65.47,9.08,3.55,22.36,9.23,9.77,24.72,9.85,60.29,1.2
12,ARUNACHAL PRADESH,250,West Siang,Total,20474,69.38,9.36,29.87,68.7,77.17,20.38,84.93,19.21,47.3,59.49,46.85,49.9,45.66,6.35,1.48,19.65,9.59,10.4,23.3,29.32,60.49,1.11
12,ARUNACHAL PRADESH,250,West Siang,Rural,15387,59.61,12.11,10.61,88.21,71.07,26.38,84.68,18.85,37.42,49.86,35.61,38.73,35.1,4.63,0.62,17.5,6.98,9.12,26.5,37.21,58.04,0.79
12,ARUNACHAL PRADESH,250,West Siang,Urban,5087,98.92,1.02,88.11,9.67,95.62,2.24,85.71,20.31,77.2,88.62,80.85,83.7,77.59,11.56,4.07,26.16,17.5,14.27,13.62,5.48,67.92,2.1
12,ARUNACHAL PRADESH,251,East Siang,Total,19095,74.53,22.94,25.48,72.77,61.46,35.91,67.84,23.48,39.3,65.23,49.03,66.74,61.8,8.28,2.36,23.92,10.85,33.41,39.1,16.15,60.38,2.44
12,ARUNACHAL PRADESH,251,East Siang,Rural,12904,66.24,30.26,8.14,90.58,47.42,50.2,64.48,19.4,28.5,56.97,38.44,57.59,54.19,5.54,1.56,21.33,9.62,32.37,37.75,21.7,70.5,1.53
12,ARUNACHAL PRADESH,251,East Siang,Urban,6191,91.79,7.67,61.64,35.63,90.71,6.12,74.83,32.0,61.82,82.43,71.12,85.82,77.66,14.0,4.02,29.32,13.42,35.58,41.93,4.57,39.3,4.33
12,ARUNACHAL PRADESH,252,Upper Siang,Total,7186,86.25,2.24,20.93,77.58,61.41,36.88,94.57,46.03,35.3,57.29,39.28,48.58,47.2,5.46,1.35,14.35,5.98,1.89,19.69,36.21,66.32,0.56
12,ARUNACHAL PRADESH,252,Upper Siang,Rural,5652,83.01,2.6,7.86,90.78,56.32,41.95,93.28,44.3,24.96,49.45,29.14,39.46,38.71,2.97,0.3,12.42,3.36,1.42,21.83,43.74,70.38,0.41
12,ARUNACHAL PRADESH,252,Upper Siang,Urban,1534,98.17,0.91,69.1,28.94,80.18,18.19,99.35,52.41,73.4,86.18,76.66,82.2,78.49,14.6,5.22,21.45,15.65,3.65,11.8,8.47,51.37,1.11
12,ARUNACHAL PRADESH,253,Changlang,Total,28428,51.33,41.88,16.75,80.56,68.97,29.36,43.26,8.53,42.35,32.59,32.76,37.36,35.83,5.23,0.6,8.62,3.88,46.81,23.35,26.44,50.21,1.6
12,ARUNACHAL PRADESH,253,Changlang,Rural,24444,44.64,47.74,9.07,88.18,65.33,33.15,35.57,8.17,38.64,25.67,26.42,31.8,30.45,4.18,0.27,6.93,2.55,50.4,24.86,28.26,48.47,1.73
12,ARUNACHAL PRADESH,253,Changlang,Urban,3984,92.37,5.95,63.88,33.84,91.27,6.07,90.41,10.72,65.16,75.08,71.71,71.49,68.88,11.65,2.59,19.0,12.0,24.75,14.08,15.24,60.89,0.83
12,ARUNACHAL PRADESH,254,Tirap,Total,19485,82.25,11.68,15.93,83.17,86.92,10.09,61.23,23.81,25.6,66.74,31.4,36.86,36.02,4.56,0.5,7.03,3.48,4.94,11.71,48.72,54.75,1.1
12,ARUNACHAL PRADESH,254,Tirap,Rural,15458,78.45,14.1,4.85,94.58,85.62,11.13,60.18,21.63,16.12,62.46,21.26,26.94,26.4,3.71,0.17,5.3,1.82,3.37,12.72,57.92,55.64,1.01
12,ARUNACHAL PRADESH,254,Tirap,Urban,4027,96.82,2.36,58.48,39.38,91.93,6.11,65.26,32.18,62.01,83.16,70.3,74.92,72.96,7.82,1.79,13.63,9.86,10.98,7.82,13.38,51.35,1.47
12,ARUNACHAL PRADESH,255,Lower Subansiri,Total,15134,82.55,6.47,27.82,68.86,74.22,23.55,84.78,23.29,51.54,66.1,48.14,62.98,59.65,10.56,2.52,19.64,13.23,7.02,25.91,23.21,61.66,1.35
12,ARUNACHAL PRADESH,255,Lower Subansiri,Rural,12066,78.32,8.04,16.07,81.84,68.05,29.48,81.3,18.21,42.89,62.27,40.02,55.93,52.65,9.34,1.99,19.53,12.54,6.58,28.24,27.71,58.3,1.52
12,ARUNACHAL PRADESH,255,Lower Subansiri,Urban,3068,99.19,0.29,74.05,17.83,98.47,0.23,98.47,43.29,85.56,81.19,80.05,90.71,87.16,15.35,4.6,20.08,15.94,8.77,16.72,5.51,74.84,0.68
12,ARUNACHAL PRADESH,256,Kurung Kumey,Total,15962,24.5,9.59,3.67,94.41,25.47,70.99,42.41,10.88,10.58,20.6,8.27,20.79,19.81,6.07,0.6,5.54,3.79,1.18,19.84,60.84,42.87,12.29
12,ARUNACHAL PRADESH,256,Kurung Kumey,Rural,15417,22.14,9.72,3.04,95.25,23.53,73.15,40.47,9.58,9.89,18.78,6.65,18.55,17.68,5.87,0.43,5.36,3.3,1.14,19.89,62.58,42.79,12.54
12,ARUNACHAL PRADESH,256,Kurung Kumey,Urban,545,91.38,5.87,21.65,70.64,80.55,9.91,97.25,47.52,29.91,72.11,53.94,84.04,80.18,11.74,5.32,10.64,17.61,2.39,18.35,11.56,45.14,5.14
12,ARUNACHAL PRADESH,257,Dibang Valley,Total,1871,57.4,10.69,32.34,65.74,70.07,24.21,88.13,18.81,49.81,51.1,36.61,43.61,40.41,7.11,0.91,15.13,5.13,2.46,20.63,34.05,43.88,6.68
12,ARUNACHAL PRADESH,257,Dibang Valley,Rural,1297,40.4,13.57,10.02,87.82,64.69,33.31,83.27,17.73,40.17,37.78,18.81,27.83,25.75,4.7,0.54,16.11,3.93,2.31,26.29,45.34,43.1,7.17
12,ARUNACHAL PRADESH,257,Dibang Valley,Urban,574,95.82,4.18,82.75,15.85,82.23,3.66,99.13,21.25,71.6,81.18,76.83,79.27,73.52,12.54,1.74,12.89,7.84,2.79,7.84,8.54,45.64,5.57
12,ARUNACHAL PRADESH,258,Lower Dibang Valley,Total,10883,54.51,29.3,28.19,70.16,56.45,39.01,64.86,11.82,49.77,49.84,39.92,60.79,58.8,6.82,1.9,19.55,6.46,40.52,25.14,18.7,48.21,3.3
12,ARUNACHAL PRADESH,258,Lower Dibang Valley,Rural,8626,43.32,36.41,14.1,84.4,48.03,46.99,56.9,13.64,42.44,41.47,30.05,53.59,51.6,5.47,1.28,17.97,6.02,43.55,28.48,21.86,44.08,3.19
12,ARUNACHAL PRADESH,258,Lower Dibang Valley,Urban,2257,97.25,2.13,82.06,15.77,88.61,8.55,95.3,4.83,77.76,81.83,77.67,88.3,86.31,11.96,4.3,25.61,8.15,28.93,12.36,6.6,64.02,3.72
12,ARUNACHAL PRADESH,259,Lohit,Total,29407,58.34,38.6,22.27,76.11,58.92,37.98,28.9,4.52,55.65,37.03,41.54,45.47,42.91,5.0,1.06,13.21,4.09,55.86,20.98,21.85,42.22,5.41
12,ARUNACHAL PRADESH,259,Lohit,Rural,22412,49.01,47.46,11.01,87.4,49.47,47.06,19.19,3.94,49.88,27.78,31.53,35.55,33.61,3.64,0.37,10.23,2.61,53.44,20.2,26.03,39.88,5.97
12,ARUNACHAL PRADESH,259,Lohit,Urban,6995,88.25,10.19,58.34,39.94,89.21,8.89,60.03,6.38,74.12,66.66,73.61,77.26,72.74,9.38,3.26,22.76,8.83,63.59,23.47,8.48,49.72,3.59
12,ARUNACHAL PRADESH,260,Anjaw,Total,4180,46.63,19.86,11.39,86.75,28.71,69.47,86.7,29.62,31.27,44.14,27.58,29.64,28.33,6.03,0.65,8.68,1.89,1.22,11.46,49.93,40.93,5.79
12,ARUNACHAL PRADESH,260,Anjaw,Rural,4060,45.07,20.42,10.3,87.86,27.66,70.47,86.31,28.67,30.3,43.47,26.38,28.35,27.02,5.91,0.67,8.52,1.8,1.26,11.7,50.99,41.21,5.96
12,ARUNACHAL PRADESH,260,Anjaw,Urban,120,99.17,0.83,48.33,49.17,64.17,35.83,100.0,61.67,64.17,66.67,68.33,73.33,72.5,10.0,0.0,14.17,5.0,0.0,3.33,14.17,31.67,0.0
13,NAGALAND,261,Mon,Total,41347,34.82,58.55,2.61,95.53,66.9,23.72,50.47,2.53,19.36,15.93,13.66,31.47,30.9,6.88,0.43,3.8,2.44,5.2,15.74,56.28,36.09,1.97
13,NAGALAND,261,Mon,Rural,35804,25.9,66.57,0.35,97.87,62.69,27.05,49.9,2.71,15.92,9.95,7.98,24.07,23.62,6.32,0.21,2.56,1.37,4.68,15.81,62.71,34.59,1.42
13,NAGALAND,261,Mon,Urban,5543,92.46,6.75,17.23,80.41,94.15,2.22,54.14,1.34,41.57,54.52,50.33,79.29,77.95,10.48,1.86,11.83,9.31,8.52,15.32,14.78,45.79,5.56
13,NAGALAND,262,Mokokchung,Total,42344,94.83,4.46,17.09,81.48,96.96,1.1,56.83,5.35,24.01,33.59,47.69,53.53,52.05,6.44,1.27,12.24,8.99,5.03,27.76,25.3,65.63,0.58
13,NAGALAND,262,Mokokchung,Rural,30016,93.39,5.76,7.27,91.81,96.31,1.39,61.03,4.68,21.47,22.77,39.38,43.17,42.3,3.67,0.54,11.64,6.08,4.48,31.75,31.51,65.37,0.52
13,NAGALAND,262,Mokokchung,Urban,12328,98.33,1.31,40.99,56.32,98.55,0.41,46.58,6.96,30.19,59.93,67.92,78.76,75.77,13.2,3.04,13.72,16.06,6.38,18.02,10.19,66.27,0.75
13,NAGALAND,263,Zunheboto,Total,30333,95.1,3.59,4.72,93.19,75.39,20.17,59.68,12.96,18.93,28.69,32.82,51.07,49.89,6.62,0.86,3.41,7.44,2.35,26.04,33.99,55.64,1.46
13,NAGALAND,263,Zunheboto,Rural,25388,94.71,3.94,2.51,95.88,71.69,23.73,61.53,13.47,15.85,22.45,26.6,44.8,43.7,6.03,0.53,3.0,5.78,2.15,27.58,38.49,54.05,1.71
13,NAGALAND,263,Zunheboto,Urban,4945,97.07,1.76,16.1,79.33,94.4,1.88,50.17,10.31,34.74,60.75,64.75,83.28,81.7,9.63,2.55,5.48,15.98,3.38,18.14,10.9,63.78,0.16
13,NAGALAND,264,Wokha,Total,33269,75.95,20.84,9.7,88.34,66.45,27.88,24.75,1.87,12.9,34.83,32.83,44.64,43.43,5.28,0.6,5.15,4.79,8.74,40.71,30.74,53.14,0.86
13,NAGALAND,264,Wokha,Rural,27028,70.71,25.43,3.44,94.63,59.48,33.69,21.94,1.92,9.72,26.62,24.8,36.34,35.28,4.27,0.36,4.62,3.37,9.89,40.56,35.39,47.37,1.02
13,NAGALAND,264,Wokha,Urban,6241,98.65,0.99,36.82,61.1,96.67,2.69,36.93,1.65,26.68,70.37,67.6,80.58,78.75,9.66,1.63,7.43,10.91,3.73,41.36,10.61,78.11,0.19
13,NAGALAND,265,Dimapur,Total,76732,93.07,6.04,55.23,41.06,94.35,3.81,13.73,5.71,66.7,55.39,65.75,78.27,75.51,15.74,4.3,14.1,13.04,24.53,20.58,9.58,58.03,2.62
13,NAGALAND,265,Dimapur,Rural,36034,87.61,10.82,34.62,63.13,91.59,6.79,11.02,3.3,51.18,43.49,55.59,70.11,67.98,10.75,2.64,12.9,11.79,31.21,22.07,12.39,52.11,3.16
13,NAGALAND,265,Dimapur,Urban,40698,97.9,1.8,73.48,21.52,96.8,1.17,16.14,7.84,80.43,65.93,74.75,85.48,82.18,20.16,5.77,15.17,14.15,18.61,19.25,7.1,63.28,2.15
13,NAGALAND,266,Phek,Total,37891,95.49,2.87,5.47,93.39,77.83,14.76,83.49,12.29,17.85,31.07,25.21,44.88,43.92,4.11,0.45,2.21,4.7,1.45,25.22,41.41,45.54,2.09
13,NAGALAND,266,Phek,Rural,32889,95.03,3.12,2.58,96.27,75.43,16.35,85.17,11.6,14.39,27.09,20.9,40.1,39.22,3.65,0.33,2.01,4.01,1.46,25.44,45.12,43.24,2.35
13,NAGALAND,266,Phek,Urban,5002,98.48,1.24,24.51,74.45,93.6,4.3,72.43,16.85,40.6,57.26,53.54,76.29,74.85,7.14,1.22,3.54,9.2,1.38,23.79,17.03,60.68,0.38
13,NAGALAND,267,Tuensang,Total,38987,64.12,27.56,1.98,96.47,56.63,32.66,72.94,5.56,23.73,18.89,19.72,35.6,34.83,5.77,0.4,1.89,2.73,0.91,16.51,51.65,41.81,3.37
13,NAGALAND,267,Tuensang,Rural,32185,57.31,32.71,0.45,98.22,49.85,38.6,75.03,4.55,21.58,11.6,12.33,27.28,26.85,4.83,0.18,1.44,1.57,0.79,17.08,59.05,41.55,3.44
13,NAGALAND,267,Tuensang,Urban,6802,96.32,3.15,9.23,88.18,88.75,4.56,63.05,10.36,33.89,53.38,54.66,74.96,72.55,10.25,1.44,4.04,8.22,1.47,13.79,16.63,43.06,3.06
13,NAGALAND,268,Longleng,Total,11580,55.41,41.5,1.61,96.45,69.95,28.58,10.23,2.06,2.43,13.59,14.78,32.93,32.24,5.48,0.32,3.19,2.62,2.18,15.38,57.08,31.51,2.74
13,NAGALAND,268,Longleng,Rural,9896,50.46,46.4,0.41,97.91,68.98,29.49,11.93,2.39,2.83,7.53,9.39,26.76,26.03,4.6,0.12,2.94,1.35,2.3,14.84,63.14,31.66,2.24
13,NAGALAND,268,Longleng,Urban,1684,84.44,12.71,8.61,87.89,75.65,23.22,0.24,0.12,0.06,49.23,46.44,69.18,68.71,10.69,1.48,4.63,10.04,1.48,18.53,21.5,30.64,5.64
13,NAGALAND,269,Kiphire,Total,16655,84.94,10.06,0.72,97.93,48.11,43.38,78.25,4.86,14.67,12.57,12.84,29.49,29.09,2.87,0.28,1.03,1.44,0.62,15.35,58.65,47.66,0.86
13,NAGALAND,269,Kiphire,Rural,13400,82.66,11.56,0.04,98.8,36.65,52.82,81.53,5.28,11.5,4.89,6.44,20.62,20.22,2.54,0.13,0.73,0.84,0.45,16.16,66.51,41.81,0.97
13,NAGALAND,269,Kiphire,Urban,3255,94.35,3.9,3.53,94.35,95.27,4.52,64.76,3.13,27.74,44.21,39.2,65.99,65.62,4.24,0.89,2.27,3.87,1.32,12.04,26.3,71.77,0.43
13,NAGALAND,270,Kohima,Total,52136,97.29,2.1,39.73,57.87,71.79,10.11,48.04,5.43,26.17,56.0,55.77,73.9,72.97,15.31,3.7,3.86,16.17,2.82,39.9,14.45,65.99,1.25
13,NAGALAND,270,Kohima,Rural,26421,95.78,3.48,5.93,92.88,52.15,18.4,56.12,8.92,10.65,39.64,37.13,57.19,56.35,6.14,0.93,4.08,11.24,2.15,43.15,23.89,65.75,0.61
13,NAGALAND,270,Kohima,Urban,25715,98.84,0.68,74.45,21.91,91.96,1.59,39.74,1.84,42.12,72.82,74.93,91.08,90.04,24.73,6.54,3.63,21.22,3.52,36.57,4.76,66.23,1.9
13,NAGALAND,271,Peren,Total,18691,74.15,23.17,3.24,95.76,79.54,18.16,39.89,7.31,28.78,20.95,23.19,42.87,41.26,7.57,0.65,4.41,3.47,10.71,17.68,40.67,44.64,1.12
13,NAGALAND,271,Peren,Rural,15850,70.71,26.21,1.14,97.96,77.14,20.34,42.58,8.23,23.17,14.3,18.26,35.97,34.41,5.4,0.34,3.81,2.32,9.38,17.14,46.06,46.05,0.95
13,NAGALAND,271,Peren,Urban,2841,93.35,6.2,14.96,83.49,92.93,6.02,24.89,2.18,60.08,58.01,50.65,81.38,79.48,19.64,2.36,7.74,9.89,18.13,20.7,10.59,36.78,2.08
14,MANIPUR,272,Senapati,Total,82048,73.98,21.23,6.17,92.05,72.98,22.49,46.48,14.15,12.36,18.88,22.14,35.42,33.91,5.76,0.76,2.77,2.65,9.24,33.02,40.97,38.1,2.15
14,MANIPUR,272,Senapati,Rural,80529,73.5,21.62,5.19,93.08,72.51,22.88,46.43,14.14,12.09,18.34,21.19,34.74,33.25,5.69,0.73,2.67,2.58,9.2,32.87,41.53,38.17,2.16
14,MANIPUR,272,Senapati,Urban,1519,99.28,0.66,58.46,37.33,97.56,1.84,48.85,14.35,26.6,47.66,72.35,71.49,69.26,9.15,2.5,8.23,6.06,11.26,41.08,11.32,34.76,1.84
14,MANIPUR,273,Tamenglong,Total,24477,47.15,40.38,5.02,92.91,70.61,27.58,37.79,8.59,15.47,10.5,21.38,24.66,23.95,5.56,0.51,2.95,2.02,3.37,30.9,49.9,35.02,8.65
14,MANIPUR,273,Tamenglong,Rural,21069,41.15,44.53,1.37,96.74,66.4,31.63,38.41,8.05,15.36,5.45,15.76,18.74,18.31,4.9,0.32,2.04,1.22,3.48,27.8,55.15,35.03,8.37
14,MANIPUR,273,Tamenglong,Urban,3408,84.24,14.73,27.58,69.22,96.65,2.52,33.95,11.88,16.11,41.73,56.13,61.3,58.86,9.68,1.7,8.6,6.95,2.73,50.06,17.46,34.95,10.36
14,MANIPUR,274,Churachandpur,Total,49916,59.89,29.41,26.79,65.54,83.42,15.84,32.88,11.03,16.03,39.99,35.05,48.61,46.98,9.01,1.68,12.8,3.62,25.27,32.44,28.88,44.17,2.3
14,MANIPUR,274,Churachandpur,Rural,46647,57.21,31.4,23.38,69.4,82.34,16.88,34.58,11.44,14.07,36.47,32.33,45.86,44.27,8.45,1.41,11.61,3.24,24.36,32.47,30.62,44.1,2.3
14,MANIPUR,274,Churachandpur,Urban,3269,98.16,1.1,75.47,10.43,98.81,0.92,8.69,5.23,44.02,90.18,73.91,87.95,85.62,16.98,5.48,29.64,9.02,38.27,32.0,4.07,45.24,2.29
14,MANIPUR,275,Bishnupur,Total,44891,76.55,20.08,25.38,70.96,92.31,4.68,43.69,28.44,7.69,22.14,51.55,62.86,58.98,7.68,1.51,12.88,4.48,55.75,60.03,10.93,61.77,5.25
14,MANIPUR,275,Bishnupur,Rural,28147,70.95,26.57,18.7,79.04,91.09,5.78,32.58,17.56,2.3,20.89,47.85,59.66,56.05,6.04,1.04,11.51,3.37,55.3,58.84,12.04,59.38,5.92
14,MANIPUR,275,Bishnupur,Urban,16744,85.97,9.18,36.61,57.37,94.37,2.83,62.37,46.72,16.76,24.22,57.76,68.23,63.92,10.43,2.28,15.18,6.34,56.51,62.04,9.05,65.79,4.11
14,MANIPUR,276,Thoubal,Total,85295,58.04,37.18,18.75,76.88,92.56,5.24,15.7,13.2,4.66,19.06,40.91,56.57,53.43,5.99,1.03,13.57,3.68,66.99,60.17,11.09,63.53,5.38
14,MANIPUR,276,Thoubal,Rural,54653,51.52,45.39,10.66,85.21,91.68,6.22,9.68,8.59,2.56,14.56,35.09,51.9,49.38,5.18,0.87,10.76,2.72,66.23,59.61,12.74,60.99,5.5
14,MANIPUR,276,Thoubal,Urban,30642,69.68,22.52,33.19,62.02,94.13,3.5,26.44,21.42,8.41,27.09,51.28,64.91,60.65,7.44,1.32,18.58,5.39,68.34,61.16,8.14,68.06,5.17
14,MANIPUR,277,Imphal West,Total,111393,78.17,14.46,55.42,39.85,94.93,3.05,57.2,52.35,30.27,41.02,70.02,74.9,70.44,13.53,4.41,37.44,11.12,55.92,64.36,5.0,63.83,4.7
14,MANIPUR,277,Imphal West,Rural,41512,74.18,21.11,33.84,61.7,92.02,5.29,30.95,23.15,8.58,29.26,59.07,67.07,62.44,8.73,2.18,26.16,6.9,65.42,62.6,6.74,61.62,5.27
14,MANIPUR,277,Imphal West,Urban,69881,80.54,10.5,68.24,26.87,96.65,1.71,72.79,69.7,43.16,48.01,76.52,79.55,75.19,16.37,5.74,44.14,13.62,50.27,65.4,3.97,65.14,4.36
14,MANIPUR,278,Imphal East,Total,91806,85.68,13.07,44.89,52.07,92.82,5.61,33.85,31.81,17.8,40.91,61.29,69.02,65.36,10.71,2.98,31.01,8.43,57.27,65.56,8.92,61.58,4.02
14,MANIPUR,278,Imphal East,Rural,54014,80.33,18.72,26.59,71.3,90.91,7.74,17.22,15.23,5.63,36.8,50.6,61.67,58.41,7.14,1.46,22.55,5.11,57.07,61.24,12.62,58.94,4.62
14,MANIPUR,278,Imphal East,Urban,37792,93.34,5.0,71.04,24.58,95.54,2.57,57.63,55.51,35.18,46.79,76.56,79.52,75.29,15.82,5.15,43.11,13.19,57.55,71.73,3.62,65.35,3.16
14,MANIPUR,279,Ukhrul,Total,35790,39.19,44.24,4.64,93.12,82.56,15.68,50.52,13.25,10.47,16.13,20.56,33.93,32.77,6.81,0.77,2.64,3.09,3.56,39.06,39.78,26.45,5.05
14,MANIPUR,279,Ukhrul,Rural,30882,35.09,48.25,1.55,96.59,80.41,17.75,50.46,9.09,6.73,12.3,16.06,29.69,28.6,6.41,0.62,2.38,2.51,3.46,39.04,42.71,24.4,5.18
14,MANIPUR,279,Ukhrul,Urban,4908,65.0,19.01,24.06,71.25,96.11,2.69,50.86,39.38,34.03,40.22,48.92,60.57,59.03,9.33,1.73,4.28,6.76,4.18,39.24,21.39,39.32,4.24
14,MANIPUR,280,Chandel,Total,29097,64.49,28.53,4.89,80.85,79.27,19.72,19.18,5.31,9.21,19.32,28.59,42.71,40.41,6.12,0.63,11.21,3.12,26.48,42.87,28.63,38.23,5.36
14,MANIPUR,280,Chandel,Rural,25860,60.53,31.66,4.13,89.26,77.06,22.06,19.34,4.57,4.44,19.67,25.93,42.37,40.81,5.55,0.52,11.51,3.19,28.46,44.91,29.03,37.55,4.08
14,MANIPUR,280,Chandel,Urban,3237,96.11,3.58,10.97,13.62,96.88,1.02,17.89,11.18,47.36,16.5,49.83,45.44,37.19,10.72,1.54,8.84,2.59,10.66,26.57,25.46,43.68,15.57
15,MIZORAM,281,Mamit,Total,17204,70.67,26.21,23.31,74.88,85.93,12.59,25.6,14.14,13.79,34.71,36.4,58.31,57.61,6.24,0.52,9.41,3.28,3.2,30.55,30.18,50.45,5.03
15,MIZORAM,281,Mamit,Rural,14048,65.17,31.21,14.78,83.66,83.06,15.3,16.31,5.76,8.4,28.22,31.75,52.94,52.19,4.95,0.39,7.37,2.31,2.34,31.0,34.24,44.34,5.94
15,MIZORAM,281,Mamit,Urban,3156,95.15,3.96,61.28,35.84,98.73,0.54,66.95,51.46,37.77,63.59,57.13,82.19,81.72,11.98,1.11,18.5,7.64,7.0,28.52,12.14,77.66,0.98
15,MIZORAM,282,Kolasib,Total,17296,85.88,13.55,50.8,46.1,96.16,2.92,66.36,55.83,27.38,44.72,48.52,74.24,72.87,11.48,2.12,14.38,5.01,6.47,18.66,18.64,55.35,2.33
15,MIZORAM,282,Kolasib,Rural,7664,77.37,21.86,30.27,68.46,95.67,3.13,53.24,41.36,10.86,31.39,36.23,67.16,65.94,5.48,0.5,9.9,2.18,6.85,19.9,23.86,50.72,2.19
15,MIZORAM,282,Kolasib,Urban,9632,92.64,6.95,67.14,28.31,96.55,2.75,76.8,67.35,40.53,55.32,58.3,79.88,78.37,16.26,3.42,17.95,7.27,6.17,17.67,14.48,59.04,2.44
15,MIZORAM,283,Aizawl,Total,81912,97.43,1.97,79.0,16.93,98.86,0.65,67.86,57.71,49.99,66.91,72.34,89.65,87.49,25.75,4.91,20.64,11.7,5.75,46.09,6.32,78.73,0.91
15,MIZORAM,283,Aizawl,Rural,17157,90.84,7.22,35.06,63.69,97.38,1.81,34.01,14.94,7.28,47.47,48.95,75.31,74.3,4.56,0.57,11.67,4.02,4.21,35.05,16.54,63.68,1.69
15,MIZORAM,283,Aizawl,Urban,64755,99.17,0.57,90.64,4.54,99.25,0.34,76.83,69.04,61.31,72.06,78.54,93.46,90.99,31.37,6.06,23.02,13.73,6.16,49.01,3.61,82.71,0.71
15,MIZORAM,284,Champhai,Total,25660,93.33,5.6,35.52,61.01,95.92,3.03,67.69,41.45,12.01,50.67,52.4,74.2,72.99,8.82,0.72,12.22,4.82,3.55,16.92,18.16,49.75,3.5
15,MIZORAM,284,Champhai,Rural,15604,90.39,8.36,13.8,83.68,94.94,4.06,68.84,35.34,7.9,46.84,42.34,66.48,64.93,6.0,0.37,10.0,2.83,3.7,23.91,23.36,46.94,4.81
15,MIZORAM,284,Champhai,Urban,10056,97.88,1.31,69.22,25.82,97.42,1.43,65.91,50.92,18.39,56.62,68.01,86.18,85.49,13.19,1.27,15.66,7.91,3.32,6.08,10.1,54.11,1.47
15,MIZORAM,285,Serchhip,Total,12580,97.89,1.75,43.81,54.98,97.91,1.48,67.24,41.92,29.71,90.61,55.99,80.96,80.13,7.85,1.04,13.7,5.58,3.83,25.04,12.92,42.81,7.88
15,MIZORAM,285,Serchhip,Rural,6309,98.29,1.33,21.43,77.87,96.4,2.62,61.12,16.85,4.53,83.61,47.23,77.62,76.76,4.37,0.79,10.57,3.82,2.93,30.91,15.53,41.81,6.2
15,MIZORAM,285,Serchhip,Urban,6271,97.5,2.17,66.32,31.96,99.43,0.33,73.4,67.15,55.03,97.66,64.79,84.32,83.51,11.34,1.29,16.84,7.35,4.74,19.14,10.29,43.82,9.57
15,MIZORAM,286,Lunglei,Total,32617,80.92,15.26,43.04,55.43,87.59,11.59,54.44,30.74,30.37,50.76,48.66,65.83,64.49,11.42,1.48,11.36,6.08,3.13,39.68,23.96,57.43,2.57
15,MIZORAM,286,Lunglei,Rural,18748,68.04,25.53,10.9,88.38,80.5,18.81,34.22,3.49,4.08,28.81,29.21,48.98,47.77,4.77,0.27,6.1,1.83,1.2,33.81,36.81,46.34,3.9
15,MIZORAM,286,Lunglei,Urban,13869,98.33,1.37,86.48,10.89,97.18,1.82,81.78,67.58,65.91,80.43,74.94,88.6,87.1,20.41,3.11,18.47,11.82,5.73,47.63,6.59,72.43,0.76
15,MIZORAM,287,Lawngtlai,Total,22894,40.55,50.71,22.77,75.37,66.87,26.26,33.56,4.82,7.51,27.78,29.08,34.49,32.62,5.81,0.71,2.87,2.76,2.13,22.2,46.61,48.27,4.59
15,MIZORAM,287,Lawngtlai,Rural,19039,28.95,60.7,10.87,88.06,60.5,31.29,33.32,5.59,5.34,18.94,20.94,24.94,23.01,3.41,0.4,1.57,1.61,1.93,24.09,53.69,45.12,5.2
15,MIZORAM,287,Lawngtlai,Urban,3855,97.85,1.37,81.53,12.74,98.34,1.43,34.79,0.99,18.24,71.41,69.26,81.63,80.1,17.61,2.23,9.31,8.43,3.11,12.87,11.65,63.81,1.56
15,MIZORAM,288,Saiha,Total,10914,67.8,29.3,43.82,52.54,91.45,5.43,64.76,7.2,21.82,49.97,43.95,53.66,51.02,10.94,1.54,3.09,4.65,1.31,21.61,32.64,65.1,4.02
15,MIZORAM,288,Saiha,Rural,6305,45.92,49.66,12.21,86.98,86.96,8.71,60.81,7.69,1.87,25.0,22.81,32.24,29.25,4.92,0.41,1.22,1.49,0.35,20.51,50.02,62.32,5.25
15,MIZORAM,288,Saiha,Urban,4609,97.74,1.45,87.07,5.42,97.59,0.95,70.17,6.53,49.1,84.14,72.88,82.95,80.8,19.18,3.08,5.64,8.96,2.63,23.13,8.85,68.91,2.34
16,TRIPURA,289,West Tripura,Total,403470,77.97,19.81,25.59,72.08,90.5,7.23,33.27,23.0,53.02,79.68,57.33,56.71,54.33,8.97,1.58,11.03,2.81,45.26,12.59,18.81,58.54,3.82
16,TRIPURA,289,West Tripura,Rural,238261,67.88,29.55,6.6,91.69,85.23,11.59,23.77,13.17,36.42,78.69,43.74,44.32,42.44,6.08,0.54,5.65,1.46,45.11,13.11,25.69,54.6,3.98
16,TRIPURA,289,West Tripura,Urban,165209,92.52,5.76,52.97,43.79,98.1,0.93,46.97,37.17,76.96,81.1,76.94,74.57,71.49,13.13,3.1,18.78,4.78,45.47,11.85,8.89,64.22,3.58
16,TRIPURA,290,South Tripura,Total,205283,65.15,32.69,9.86,88.71,84.95,12.07,38.99,17.19,26.49,82.62,38.07,42.6,40.58,5.06,0.46,6.21,1.68,40.72,15.26,30.82,55.1,4.37
16,TRIPURA,290,South Tripura,Rural,173665,60.45,37.16,4.04,94.65,82.58,13.97,32.86,9.63,20.42,81.78,32.36,37.5,35.76,4.52,0.28,4.52,1.24,38.1,15.88,34.29,52.56,4.52
16,TRIPURA,290,South Tripura,Urban,31618,90.98,8.15,41.86,56.07,98.01,1.59,72.65,58.72,59.87,87.23,69.44,70.6,67.01,8.02,1.44,15.52,4.12,55.14,11.83,11.71,69.04,3.58
16,TRIPURA,291,Dhalai,Total,83097,56.41,38.76,6.66,91.87,69.99,27.29,20.22,11.18,15.69,79.27,29.78,30.76,29.26,6.1,0.33,3.62,1.09,27.34,9.69,43.94,45.92,7.45
16,TRIPURA,291,Dhalai,Rural,73160,51.73,42.89,3.8,94.92,66.41,30.59,15.55,6.44,12.07,79.08,25.72,27.03,25.76,5.64,0.25,2.83,0.81,25.71,10.21,47.39,45.24,7.24
16,TRIPURA,291,Dhalai,Urban,9937,90.86,8.34,27.69,69.42,96.38,3.0,54.6,46.08,42.37,80.65,59.68,58.25,55.07,9.49,0.91,9.4,3.15,39.3,5.8,18.56,50.97,9.02
16,TRIPURA,292,North Tripura,Total,150931,54.07,43.81,13.01,85.42,84.4,13.26,32.28,22.4,20.64,73.43,28.99,41.94,40.28,6.83,0.66,6.1,1.81,28.25,11.8,39.07,46.15,8.04
16,TRIPURA,292,North Tripura,Rural,122693,46.48,51.05,5.23,93.48,81.49,15.79,22.67,13.19,14.55,71.63,21.55,35.41,34.16,6.52,0.44,4.12,1.33,25.6,11.79,44.24,43.3,8.27
16,TRIPURA,292,North Tripura,Urban,28238,87.01,12.36,46.8,50.41,97.05,2.26,74.02,62.38,47.12,81.26,61.3,70.32,66.85,8.18,1.63,14.68,3.9,39.76,11.86,16.62,58.55,7.06
17,MEGHALAYA,293,West Garo Hills,Total,121780,42.13,56.18,8.22,88.05,60.6,36.86,17.09,13.71,28.24,32.53,28.78,37.58,35.31,7.29,1.34,8.97,2.95,26.97,23.55,34.49,47.08,5.61
17,MEGHALAYA,293,West Garo Hills,Rural,107941,36.03,62.19,2.83,94.08,56.33,41.29,9.81,6.5,24.46,27.15,23.26,31.86,29.8,5.52,0.72,7.22,1.38,29.76,24.19,37.62,45.49,5.52
17,MEGHALAYA,293,West Garo Hills,Urban,13839,89.67,9.37,50.23,40.96,93.89,2.24,73.91,69.9,57.71,74.49,71.87,82.22,78.35,21.06,6.19,22.65,15.15,5.19,18.56,10.06,59.52,6.33
17,MEGHALAYA,294,East Garo Hills,Total,57357,42.8,55.4,3.21,95.6,81.68,15.52,18.03,9.18,27.38,23.73,26.35,26.7,24.89,4.13,0.5,8.25,2.03,38.77,25.35,35.32,48.75,3.27
17,MEGHALAYA,294,East Garo Hills,Rural,49612,35.47,62.58,0.63,98.47,79.34,17.62,14.65,5.34,21.63,19.42,21.17,21.02,19.72,3.03,0.25,6.03,1.12,37.47,26.21,38.71,47.53,3.59
17,MEGHALAYA,294,East Garo Hills,Urban,7745,89.79,9.4,19.7,77.17,96.69,2.05,39.68,33.8,64.27,51.28,59.52,63.1,58.01,11.19,2.09,22.45,7.88,47.1,19.82,13.66,56.53,1.21
17,MEGHALAYA,295,South Garo Hills,Total,24208,45.19,50.96,1.99,94.81,65.75,29.43,26.82,14.96,11.23,19.94,27.76,25.76,24.26,6.71,0.74,7.02,2.87,10.66,29.79,39.71,45.85,3.85
17,MEGHALAYA,295,South Garo Hills,Rural,21836,41.29,54.56,0.49,97.11,63.39,31.5,26.66,14.05,10.2,15.95,24.94,21.78,20.43,5.73,0.53,6.08,2.33,10.75,31.45,41.95,44.81,3.97
17,MEGHALAYA,295,South Garo Hills,Urban,2372,81.11,17.83,15.77,73.69,87.44,10.41,28.25,23.4,20.7,56.7,53.75,62.39,59.44,15.73,2.66,15.68,7.84,9.87,14.5,19.06,55.4,2.74
17,MEGHALAYA,296,West Khasi Hills,Total,63620,51.67,45.63,0.75,96.64,46.36,49.99,35.66,22.36,8.83,19.27,19.72,30.17,29.62,3.87,0.23,1.45,2.65,5.23,21.3,50.16,36.32,8.65
17,MEGHALAYA,296,West Khasi Hills,Rural,56508,47.38,49.69,0.24,98.09,40.8,55.34,31.47,18.26,7.25,16.24,16.65,27.13,26.56,3.71,0.17,1.35,2.08,5.72,22.6,52.08,34.77,9.16
17,MEGHALAYA,296,West Khasi Hills,Urban,7112,85.74,13.4,4.79,85.12,90.49,7.49,68.93,54.92,21.34,43.39,44.16,54.3,53.91,5.12,0.76,2.26,7.11,1.29,11.0,34.91,48.58,4.63
17,MEGHALAYA,297,Ribhoi,Total,45660,67.18,29.98,5.08,90.32,66.35,31.2,47.89,24.55,13.85,33.62,31.69,45.27,43.59,4.17,0.64,3.57,4.08,8.25,33.05,31.56,42.08,5.66
17,MEGHALAYA,297,Ribhoi,Rural,41925,65.66,31.34,4.14,91.67,64.12,33.28,46.95,23.2,12.94,31.73,29.8,43.42,41.65,4.18,0.63,3.45,3.81,8.58,33.22,32.66,40.24,5.89
17,MEGHALAYA,297,Ribhoi,Urban,3735,84.34,14.78,15.58,75.21,91.38,7.87,58.47,39.79,24.04,54.91,52.99,66.05,65.46,4.1,0.7,4.85,7.18,4.55,31.11,19.17,62.76,3.13
17,MEGHALAYA,298,East Khasi Hills,Total,160832,84.52,14.28,25.8,51.99,69.22,28.87,70.02,54.03,35.07,57.42,49.7,58.21,56.78,12.0,3.13,4.96,9.36,3.23,28.73,29.79,55.17,5.87
17,MEGHALAYA,298,East Khasi Hills,Rural,84694,72.39,25.83,2.96,89.87,44.32,53.47,55.59,34.6,9.8,40.99,24.11,33.38,32.7,3.41,0.42,1.46,3.45,1.9,19.08,50.6,37.86,9.27
17,MEGHALAYA,298,East Khasi Hills,Urban,76138,98.02,1.43,51.21,9.86,96.93,1.51,86.08,75.63,63.18,75.71,78.17,85.83,83.56,21.57,6.14,8.85,15.93,4.7,39.47,6.65,74.43,2.09
17,MEGHALAYA,299,Jaintia Hills,Total,64842,64.27,32.12,11.03,83.28,47.75,48.08,25.48,18.2,12.91,36.69,26.76,47.21,46.21,6.68,0.79,1.51,7.39,2.82,15.7,40.73,48.26,7.89
17,MEGHALAYA,299,Jaintia Hills,Rural,59681,61.36,34.81,4.91,90.18,43.57,52.08,21.83,14.24,9.06,32.6,22.56,43.69,42.9,5.58,0.52,1.22,6.33,2.5,15.65,43.73,45.18,8.39
17,MEGHALAYA,299,Jaintia Hills,Urban,5161,97.95,1.03,81.73,3.49,96.07,1.82,67.64,63.9,57.47,83.98,75.28,87.99,84.4,19.38,3.89,4.88,19.59,6.45,16.31,6.01,83.94,2.05
18,ASSAM,300,Kokrajhar,Total,180071,22.98,75.94,8.38,87.69,29.17,68.15,2.83,2.14,57.48,33.7,17.95,42.15,40.62,7.81,0.68,6.77,1.66,64.26,9.49,22.61,34.54,12.42
18,ASSAM,300,Kokrajhar,Rural,168278,18.58,80.3,4.56,91.46,24.9,72.3,2.51,1.94,55.32,30.39,14.2,39.24,37.82,7.06,0.43,5.57,1.17,64.69,9.74,23.63,32.02,12.96
18,ASSAM,300,Kokrajhar,Urban,11793,85.67,13.72,62.93,33.87,90.12,9.02,7.35,5.03,88.43,80.9,71.47,83.7,80.6,18.54,4.26,23.89,8.64,58.05,5.87,8.06,70.46,4.71
18,ASSAM,301,Dhubri,Total,414689,17.42,81.54,6.98,65.33,43.33,54.91,1.9,1.48,65.21,23.31,10.71,33.54,32.71,6.33,0.44,3.8,0.89,33.62,7.63,46.26,21.39,16.99
18,ASSAM,301,Dhubri,Rural,370734,11.55,87.35,2.4,67.34,38.97,59.21,1.17,0.91,62.89,19.34,6.17,29.81,29.1,5.63,0.23,2.99,0.56,32.98,7.52,48.89,18.23,17.56
18,ASSAM,301,Dhubri,Urban,43955,66.92,32.56,45.68,48.31,80.09,18.71,8.03,6.29,84.79,56.78,49.02,64.93,63.17,12.23,2.2,10.59,3.67,38.99,8.58,24.15,48.02,12.22
18,ASSAM,302,Goalpara,Total,197545,39.81,58.81,10.86,75.55,65.46,33.17,2.13,1.49,58.56,33.26,21.58,47.4,46.01,6.85,0.69,7.74,2.08,57.69,21.41,24.08,29.66,11.93
18,ASSAM,302,Goalpara,Rural,168874,35.58,62.97,5.58,79.05,62.14,36.52,1.62,1.15,56.82,29.96,17.38,44.24,42.95,5.97,0.43,6.33,1.44,59.29,22.6,25.04,26.97,12.59
18,ASSAM,302,Goalpara,Urban,28671,64.72,34.33,41.96,54.94,85.01,13.41,5.13,3.49,68.79,52.67,46.32,65.98,63.99,12.02,2.25,16.03,5.86,48.24,14.38,18.46,45.55,8.03
18,ASSAM,303,Barpeta,Total,338472,25.05,73.84,15.01,50.58,71.94,26.99,1.76,1.34,65.04,36.89,16.34,44.82,43.6,7.47,0.61,7.36,1.64,53.58,19.52,29.31,21.8,17.71
18,ASSAM,303,Barpeta,Rural,306688,19.39,79.46,9.93,52.61,69.78,29.13,0.98,0.62,62.33,33.39,11.8,41.45,40.38,6.94,0.4,6.14,1.14,53.21,19.39,31.11,17.97,18.78
18,ASSAM,303,Barpeta,Urban,31784,79.7,19.52,64.01,31.0,92.85,6.31,9.34,8.34,91.17,70.67,60.16,77.3,74.63,12.62,2.66,19.1,6.47,57.17,20.69,11.91,58.76,7.41
18,ASSAM,304,Morigaon,Total,185523,28.25,70.65,10.83,76.53,60.12,38.18,3.23,2.83,69.45,45.11,17.49,43.64,41.79,8.16,0.77,7.52,2.12,60.46,24.57,23.64,24.97,14.28
18,ASSAM,304,Morigaon,Rural,169007,23.63,75.2,6.43,80.11,57.17,41.02,2.17,1.81,68.1,42.07,13.66,40.6,38.97,7.45,0.47,5.9,1.33,60.93,24.46,24.73,22.73,14.77
18,ASSAM,304,Morigaon,Urban,16516,75.45,24.03,55.76,39.94,90.3,9.12,14.14,13.23,83.19,76.28,56.73,74.77,70.62,15.48,3.79,24.12,10.17,55.56,25.72,12.52,47.97,9.23
18,ASSAM,305,Nagaon,Total,560857,34.88,64.36,15.91,75.1,75.32,23.33,5.92,5.13,64.6,37.84,22.74,48.36,46.47,8.19,0.91,8.5,2.49,59.4,16.06,22.51,30.28,12.65
18,ASSAM,305,Nagaon,Rural,480208,27.57,71.71,8.92,81.37,71.97,26.63,3.67,2.96,61.31,32.32,16.28,43.65,41.99,7.23,0.54,6.71,1.71,60.75,16.5,24.31,26.91,13.79
18,ASSAM,305,Nagaon,Urban,80649,78.41,20.59,57.48,37.78,95.23,3.7,19.3,18.06,84.17,70.71,61.2,76.4,73.16,13.91,3.16,19.21,7.14,51.39,13.45,11.83,50.38,5.89
18,ASSAM,306,Sonitpur,Total,386899,34.47,64.7,18.1,78.68,59.16,39.05,8.65,7.35,53.69,40.67,27.63,42.2,40.43,8.08,1.13,10.29,3.04,71.11,19.67,16.31,35.04,9.56
18,ASSAM,306,Sonitpur,Rural,346401,28.29,70.86,11.7,85.31,54.97,43.2,6.94,5.79,49.92,36.29,22.45,37.65,36.15,6.96,0.73,7.95,1.96,72.16,20.16,17.39,31.73,10.15
18,ASSAM,306,Sonitpur,Urban,40498,87.36,12.09,72.89,21.97,94.97,3.6,23.21,20.7,85.92,78.14,71.92,81.14,76.99,17.65,4.49,30.26,12.29,62.15,15.52,7.05,63.28,4.53
18,ASSAM,307,Lakhimpur,Total,203272,29.66,69.07,15.79,81.51,58.04,40.39,5.38,4.41,56.87,47.38,22.48,45.45,43.94,7.38,0.96,12.64,3.4,65.53,28.29,18.95,28.86,9.22
18,ASSAM,307,Lakhimpur,Rural,181790,23.74,74.89,10.52,86.99,53.7,44.71,3.25,2.64,53.3,43.91,18.07,41.89,40.58,6.64,0.6,10.98,2.47,66.59,28.62,19.83,25.56,9.66
18,ASSAM,307,Lakhimpur,Urban,21482,79.82,19.82,60.45,35.16,94.7,3.85,23.42,19.41,87.05,76.77,59.81,75.63,72.41,13.65,4.01,26.75,11.2,56.6,25.54,11.47,56.8,5.52
18,ASSAM,308,Dhemaji,Total,129559,21.76,75.81,12.77,84.51,44.76,52.59,2.29,1.83,54.93,35.66,19.9,44.12,42.3,8.03,0.92,9.49,2.7,64.58,31.86,19.05,25.52,9.75
18,ASSAM,308,Dhemaji,Rural,119112,17.07,80.34,9.01,88.34,40.3,56.88,1.88,1.45,52.34,32.73,16.45,41.33,39.73,7.52,0.6,8.28,2.06,64.99,32.22,19.87,23.85,9.98
18,ASSAM,308,Dhemaji,Urban,10447,75.23,24.14,55.69,40.77,95.64,3.69,6.96,6.15,84.44,69.02,59.17,75.95,71.6,13.87,4.56,23.24,10.09,59.84,27.75,9.64,44.57,7.16
18,ASSAM,309,Tinsukia,Total,268383,60.26,39.09,26.26,69.64,81.06,16.98,9.46,7.77,66.17,48.97,41.63,46.48,44.53,10.41,1.91,11.69,4.96,62.93,17.8,18.84,43.11,5.01
18,ASSAM,309,Tinsukia,Rural,209603,52.54,46.76,13.96,83.64,77.29,21.08,4.56,3.86,63.58,41.57,33.71,37.2,35.72,7.9,0.94,9.12,3.15,63.82,18.8,21.77,38.95,5.0
18,ASSAM,309,Tinsukia,Urban,58780,87.77,11.75,70.11,19.71,94.5,2.39,26.92,21.69,75.42,75.37,69.88,79.56,75.92,19.38,5.37,20.84,11.43,59.76,14.26,8.39,57.92,5.02
18,ASSAM,310,Dibrugarh,Total,272941,50.08,49.32,27.95,69.26,78.67,19.23,10.88,9.18,67.59,53.04,44.6,51.25,48.31,12.63,3.23,16.36,7.74,63.2,25.83,17.64,45.33,5.4
18,ASSAM,310,Dibrugarh,Rural,218256,39.77,59.62,15.78,82.15,74.22,23.58,4.5,3.44,62.55,46.18,36.47,42.72,40.57,8.51,1.31,12.56,4.75,64.06,26.13,20.75,40.11,5.72
18,ASSAM,310,Dibrugarh,Urban,54685,91.24,8.2,76.52,17.83,96.42,1.85,36.38,32.12,87.68,80.42,77.05,85.28,79.2,29.1,10.91,31.54,19.66,59.76,24.64,5.23,66.16,4.13
18,ASSAM,311,Sivasagar,Total,246983,49.98,49.25,24.88,72.45,74.2,23.92,20.0,17.5,49.66,51.03,39.59,55.63,53.37,8.96,2.08,18.17,7.38,65.51,23.48,17.72,36.35,5.9
18,ASSAM,311,Sivasagar,Rural,220760,45.2,53.98,19.03,78.77,71.94,26.16,17.88,15.42,46.67,48.01,35.83,52.22,50.25,7.36,1.37,16.49,5.83,66.66,23.93,18.98,33.58,6.14
18,ASSAM,311,Sivasagar,Urban,26223,90.16,9.4,74.12,19.23,93.23,5.03,37.86,35.02,74.81,76.43,71.31,84.3,79.68,22.37,8.1,32.39,20.43,55.78,19.67,7.17,59.71,3.86
18,ASSAM,312,Jorhat,Total,233118,52.36,46.59,30.73,66.28,66.68,31.67,28.13,25.79,44.92,56.16,39.72,54.94,51.77,11.31,2.42,18.94,6.9,70.4,22.93,14.23,37.54,7.22
18,ASSAM,312,Jorhat,Rural,181811,42.64,56.19,19.19,78.74,58.9,39.27,18.7,16.39,37.27,49.88,31.23,47.97,45.56,8.23,1.14,15.39,4.33,73.35,23.24,15.96,30.99,8.13
18,ASSAM,312,Jorhat,Urban,51307,86.82,12.58,71.63,22.15,94.24,4.71,61.56,59.07,72.05,78.41,69.8,79.65,73.78,22.2,6.97,31.54,16.02,59.95,21.85,8.1,60.75,3.98
18,ASSAM,313,Golaghat,Total,224853,36.62,62.42,18.18,79.54,68.37,30.11,14.15,12.68,46.13,50.24,31.55,46.21,43.93,7.84,1.37,12.14,4.13,69.84,26.68,16.92,31.03,7.5
18,ASSAM,313,Golaghat,Rural,202469,30.81,68.16,12.12,85.69,65.13,33.29,12.47,10.94,41.7,47.21,27.17,42.26,40.36,6.64,0.82,10.41,3.06,70.23,26.96,18.02,28.15,7.87
18,ASSAM,313,Golaghat,Urban,22384,89.17,10.56,73.04,23.91,97.65,1.38,29.29,28.41,86.12,77.64,71.08,81.93,76.26,18.7,6.31,27.84,13.83,66.31,24.11,6.96,57.06,4.21
18,ASSAM,314,Karbi Anglong,Total,176991,30.46,63.78,10.6,85.48,54.77,42.84,6.87,4.59,35.22,41.7,32.03,44.22,41.74,6.41,1.09,7.74,2.22,54.89,28.07,19.99,32.51,4.2
18,ASSAM,314,Karbi Anglong,Rural,152873,22.6,70.85,4.51,91.62,48.5,48.87,5.2,2.91,31.98,36.71,26.82,39.07,36.6,5.56,0.78,6.16,1.46,58.83,29.92,21.37,30.64,4.3
18,ASSAM,314,Karbi Anglong,Urban,24118,80.33,18.97,49.18,46.54,94.46,4.64,17.5,15.26,55.78,73.29,65.04,76.87,74.31,11.75,3.05,17.75,7.04,29.89,16.36,11.25,44.42,3.59
18,ASSAM,315,Dima Hasao,Total,42888,45.21,50.68,21.46,71.64,69.44,26.51,25.21,18.67,17.85,51.31,33.13,44.04,42.17,8.75,1.22,5.43,3.09,6.15,19.41,39.25,38.9,4.11
18,ASSAM,315,Dima Hasao,Rural,29499,24.54,69.86,4.92,92.35,57.1,37.45,15.31,8.82,6.9,37.17,16.96,27.86,26.59,5.96,0.42,3.0,1.21,7.65,18.42,51.91,33.18,4.46
18,ASSAM,315,Dima Hasao,Urban,13389,90.75,8.42,57.89,26.03,96.62,2.39,47.03,40.37,41.97,82.47,68.77,79.7,76.49,14.89,2.98,10.77,7.24,2.82,21.59,11.37,51.5,3.32
18,ASSAM,316,Cachar,Total,368043,38.09,60.16,16.88,79.4,80.98,16.8,36.45,34.43,21.77,41.01,27.14,45.78,43.39,10.2,1.44,6.15,2.36,25.35,15.71,36.25,35.7,11.09
18,ASSAM,316,Cachar,Rural,299194,28.55,69.71,7.47,89.33,77.56,20.05,29.43,27.79,12.03,35.05,18.97,39.08,37.23,8.22,0.57,3.94,1.49,25.72,15.65,41.13,30.88,12.23
18,ASSAM,316,Cachar,Urban,68849,79.59,18.65,57.77,36.29,95.83,2.65,66.99,63.27,64.12,66.9,62.63,74.88,70.16,18.82,5.25,15.78,6.14,23.72,15.98,15.05,56.66,6.12
18,ASSAM,317,Karimganj,Total,247247,28.7,69.91,11.43,85.67,85.04,12.34,12.9,9.99,17.87,37.51,15.6,42.77,40.83,9.99,0.78,2.95,1.52,15.46,10.09,45.28,30.13,14.32
18,ASSAM,317,Karimganj,Rural,223720,23.41,75.26,5.75,91.65,83.74,13.52,8.26,6.22,12.98,33.52,10.8,38.89,37.16,9.44,0.51,2.09,1.19,14.5,9.98,48.63,27.49,14.91
18,ASSAM,317,Karimganj,Urban,23527,78.96,19.05,65.41,28.83,97.42,1.12,56.98,45.81,64.38,75.45,61.24,79.65,75.74,15.25,3.41,11.14,4.67,24.61,11.2,13.38,55.2,8.67
18,ASSAM,318,Hailakandi,Total,143567,30.75,68.41,7.69,89.48,83.09,14.58,17.32,15.72,10.71,70.27,13.93,38.55,36.28,7.39,0.84,3.89,1.8,19.37,12.0,47.01,26.49,16.11
18,ASSAM,318,Hailakandi,Rural,133055,26.51,72.68,3.45,93.87,81.91,15.65,13.52,11.87,7.09,69.66,9.96,35.16,33.09,6.84,0.61,2.85,1.38,18.52,11.77,49.78,23.7,16.78
18,ASSAM,318,Hailakandi,Urban,10512,84.35,14.29,61.31,33.9,98.11,1.02,65.3,64.48,56.45,78.01,64.22,81.45,76.68,14.37,3.84,17.04,7.1,30.14,14.93,11.94,61.89,7.61
18,ASSAM,319,Bongaigaon,Total,150287,33.18,66.39,19.92,67.74,56.35,42.28,5.91,5.37,69.13,58.88,24.19,52.3,49.9,8.62,1.68,11.03,3.88,65.09,17.55,19.15,30.54,11.09
18,ASSAM,319,Bongaigaon,Rural,124874,23.5,76.09,9.35,76.92,49.17,49.41,1.51,1.18,66.3,54.25,14.85,46.22,44.36,5.8,0.5,7.47,1.99,65.13,18.5,21.43,23.18,12.47
18,ASSAM,319,Bongaigaon,Urban,25413,80.74,18.72,71.86,22.64,91.61,7.21,27.56,25.93,83.05,81.62,70.06,82.16,77.13,22.48,7.48,28.54,13.21,64.88,12.88,7.95,66.68,4.29
18,ASSAM,320,Chirang,Total,97259,23.14,73.99,8.36,87.6,28.74,67.5,3.07,1.98,52.83,36.94,17.03,44.42,42.24,8.87,0.77,6.75,1.87,67.53,15.46,20.08,32.65,11.23
18,ASSAM,320,Chirang,Rural,89657,19.47,77.52,5.64,90.56,23.97,72.08,2.89,1.84,50.52,34.76,14.24,42.38,40.25,8.82,0.71,6.24,1.68,67.84,15.86,20.57,31.55,10.92
18,ASSAM,320,Chirang,Urban,7602,66.32,32.32,40.46,52.71,84.94,13.52,5.27,3.55,80.04,62.67,49.83,68.48,65.71,9.51,1.47,12.77,4.01,63.8,10.68,14.26,45.65,14.83
18,ASSAM,321,Kamrup,Total,305342,40.02,59.21,23.01,64.07,59.21,38.93,3.65,3.04,64.79,45.36,29.78,54.0,51.31,7.69,1.02,11.29,3.29,65.31,37.02,16.54,30.33,11.94
18,ASSAM,321,Kamrup,Rural,274590,35.6,63.6,18.88,67.18,57.03,41.24,2.48,1.91,63.91,42.94,26.37,51.89,49.3,7.23,0.87,10.25,2.9,65.53,36.95,17.27,28.53,12.32
18,ASSAM,321,Kamrup,Urban,30752,79.47,19.98,59.94,36.32,78.7,18.28,14.07,13.12,72.61,66.93,60.29,72.86,69.3,11.79,2.35,20.49,6.78,63.36,37.63,10.03,46.34,8.55
18,ASSAM,322,Kamrup Metropolitan,Total,290388,86.39,12.96,76.92,16.95,92.34,6.8,29.96,27.11,76.7,80.04,73.23,87.06,81.62,29.31,10.03,28.0,18.52,31.15,37.26,5.02,64.2,4.83
18,ASSAM,322,Kamrup Metropolitan,Rural,42247,51.73,47.11,28.17,66.22,64.73,34.39,13.44,10.29,44.65,58.42,40.67,62.02,59.12,8.91,1.73,12.33,5.13,56.67,37.37,13.29,37.53,10.09
18,ASSAM,322,Kamrup Metropolitan,Urban,248141,92.29,7.15,85.22,8.56,97.04,2.11,32.78,29.97,82.16,83.72,78.77,91.32,85.46,32.79,11.44,30.67,20.8,26.81,37.24,3.61,68.74,3.93
18,ASSAM,323,Nalbari,Total,155352,43.97,55.41,24.36,69.48,66.69,31.5,2.81,2.54,70.45,55.83,29.57,55.82,53.4,7.96,1.05,12.11,3.08,69.37,39.07,15.16,31.61,9.37
18,ASSAM,323,Nalbari,Rural,137639,39.51,59.87,20.2,73.36,63.68,34.32,1.77,1.5,68.5,53.21,25.78,53.99,51.82,7.37,0.77,10.67,2.51,69.6,39.24,15.88,29.47,9.49
18,ASSAM,323,Nalbari,Urban,17713,78.67,20.74,56.74,39.34,90.09,9.58,10.97,10.59,85.59,76.16,59.0,70.03,65.73,12.5,3.26,23.27,7.47,67.63,37.8,9.58,48.25,8.49
18,ASSAM,324,Baksa,Total,190667,23.3,75.58,5.92,90.92,39.4,58.31,2.69,1.76,56.32,33.59,18.9,45.14,43.15,7.12,0.62,6.25,1.3,72.24,33.73,15.89,24.62,11.2
18,ASSAM,324,Baksa,Rural,188191,22.73,76.13,5.56,91.27,38.69,59.0,2.69,1.75,55.88,33.27,18.52,44.89,42.9,7.13,0.6,6.18,1.28,72.42,33.89,15.9,24.43,11.24
18,ASSAM,324,Baksa,Urban,2476,66.24,33.68,32.71,64.3,94.06,5.74,2.79,2.58,89.7,58.24,47.94,64.01,62.4,5.82,1.53,12.0,3.11,59.05,21.08,14.9,39.26,7.51
18,ASSAM,325,Darrang,Total,188052,24.17,74.78,9.4,74.28,50.56,47.5,2.59,2.17,58.74,36.52,16.28,38.36,36.79,6.43,0.62,7.27,1.88,58.42,28.0,27.84,26.82,17.16
18,ASSAM,325,Darrang,Rural,175393,20.08,78.85,5.82,77.05,47.58,50.43,2.19,1.85,56.48,34.53,12.99,35.66,34.43,5.78,0.45,6.22,1.38,58.84,27.95,28.96,24.64,17.78
18,ASSAM,325,Darrang,Urban,12659,80.84,18.42,59.06,36.01,91.85,6.89,8.11,6.61,89.97,64.1,61.88,75.8,69.52,15.44,2.95,21.72,8.86,52.53,28.71,12.27,57.03,8.56
18,ASSAM,326,Udalguri,Total,168047,31.84,67.33,8.13,85.88,43.87,53.49,9.7,8.55,52.59,37.0,26.76,45.86,43.3,7.08,0.86,6.9,1.71,74.07,29.2,15.31,30.83,10.53
18,ASSAM,326,Udalguri,Rural,159630,29.14,70.07,5.64,88.28,41.45,55.85,9.73,8.55,50.63,35.31,24.73,44.04,41.57,6.79,0.77,6.23,1.46,74.23,29.36,15.7,29.42,10.71
18,ASSAM,326,Udalguri,Urban,8417,82.99,15.37,55.36,40.37,89.83,8.82,9.17,8.39,89.74,68.9,65.37,80.47,76.26,12.5,2.63,19.54,6.4,71.08,26.1,8.04,57.51,7.18
19,WEST BENGAL,327,Darjiling,Total,382289,77.74,20.16,37.12,53.11,65.69,29.76,34.06,20.97,37.85,55.18,58.33,62.68,60.72,9.96,2.86,10.42,3.97,32.95,18.59,16.69,47.56,6.95
19,WEST BENGAL,327,Darjiling,Rural,234411,69.52,28.44,16.84,72.29,52.27,43.79,23.55,7.5,28.75,45.56,46.5,51.05,49.95,4.98,0.87,5.59,2.22,32.64,16.31,22.01,37.84,8.0
19,WEST BENGAL,327,Darjiling,Urban,147878,90.75,7.05,69.25,22.71,86.97,7.51,50.73,42.33,52.28,70.42,77.08,81.1,77.8,17.85,6.03,18.07,6.76,33.44,22.2,8.25,62.97,5.29
19,WEST BENGAL,328,Jalpaiguri,Total,861401,44.4,54.25,16.08,64.7,49.75,48.77,21.76,15.35,55.52,41.99,31.22,38.63,37.09,5.67,1.08,7.79,1.91,58.34,8.06,26.14,33.53,14.46
19,WEST BENGAL,328,Jalpaiguri,Rural,620432,32.82,65.95,4.11,72.79,37.1,61.39,17.59,10.09,53.88,36.85,20.47,28.2,27.19,3.95,0.37,4.57,1.16,57.86,7.08,30.51,26.22,16.01
19,WEST BENGAL,328,Jalpaiguri,Urban,240969,74.23,24.13,46.91,43.87,82.31,16.28,32.49,28.89,59.73,55.24,58.9,65.5,62.59,10.08,2.91,16.07,3.82,59.58,10.58,14.89,52.34,10.48
19,WEST BENGAL,329,Koch Bihar,Total,673931,27.63,71.18,7.41,65.06,59.24,39.17,12.73,6.43,80.77,39.41,16.47,31.96,30.76,5.11,0.52,4.86,1.21,54.69,5.3,33.67,32.69,12.09
19,WEST BENGAL,329,Koch Bihar,Rural,604602,21.34,77.52,2.18,68.0,55.68,42.73,8.6,4.21,81.94,36.46,10.95,27.61,26.64,4.41,0.28,3.46,0.96,53.86,5.2,35.84,29.75,12.58
19,WEST BENGAL,329,Koch Bihar,Urban,69329,82.43,15.85,53.01,39.44,90.27,8.14,48.73,25.87,70.59,65.07,64.59,69.83,66.69,11.2,2.64,17.13,3.33,61.89,6.15,14.73,58.24,7.9
19,WEST BENGAL,330,Uttar Dinajpur,Total,598172,33.32,65.5,6.54,19.14,27.52,71.3,5.32,3.37,57.42,26.46,17.63,33.24,32.24,5.22,0.48,5.33,1.36,60.61,9.4,27.6,31.55,12.64
19,WEST BENGAL,330,Uttar Dinajpur,Rural,529416,27.94,70.94,1.83,16.47,20.63,78.3,4.22,2.64,54.6,22.48,12.21,29.24,28.4,4.7,0.22,4.22,1.16,60.83,9.61,28.99,29.75,12.4
19,WEST BENGAL,330,Uttar Dinajpur,Urban,68756,74.71,23.61,42.81,39.72,80.62,17.39,13.75,8.98,79.11,57.08,59.34,64.04,61.81,9.18,2.48,13.83,2.94,58.91,7.8,16.89,45.45,14.55
19,WEST BENGAL,331,Dakshin Dinajpur,Total,396221,42.42,55.96,9.39,22.43,36.84,61.38,7.69,4.59,37.64,33.72,26.24,39.1,37.77,6.14,0.64,5.09,1.57,56.96,9.65,28.23,34.24,11.53
19,WEST BENGAL,331,Dakshin Dinajpur,Rural,338680,35.83,62.67,2.6,20.53,27.54,70.51,6.87,4.19,29.98,28.5,18.83,33.43,32.49,4.75,0.22,3.4,1.31,55.73,10.23,30.89,30.46,11.92
19,WEST BENGAL,331,Dakshin Dinajpur,Urban,57541,81.17,16.43,49.34,33.6,91.59,7.64,12.49,6.95,82.69,64.49,69.86,72.48,68.84,14.31,3.05,15.0,3.11,64.22,6.23,12.54,56.45,9.25
19,WEST BENGAL,332,Maldah,Total,838938,35.49,62.61,6.46,22.41,31.74,66.49,15.4,11.25,36.44,29.78,17.0,35.27,33.81,7.57,0.64,4.96,1.15,47.89,9.57,36.3,31.45,10.93
19,WEST BENGAL,332,Maldah,Rural,729770,29.89,68.39,2.29,20.6,25.37,72.97,10.8,7.61,32.48,26.36,11.59,31.29,30.15,6.92,0.3,3.71,0.85,46.54,9.85,38.84,29.71,11.32
19,WEST BENGAL,332,Maldah,Urban,109168,72.88,23.98,34.37,34.51,74.32,23.12,46.18,35.58,62.94,52.63,53.17,61.87,58.3,11.93,2.87,13.31,3.13,56.9,7.75,19.29,43.12,8.35
19,WEST BENGAL,333,Murshidabad,Total,1561892,34.65,63.92,5.94,15.9,39.53,58.66,6.99,5.01,42.03,36.06,18.99,33.96,32.64,5.1,0.51,4.76,0.9,53.84,10.98,33.75,29.23,16.05
19,WEST BENGAL,333,Murshidabad,Rural,1282692,29.24,69.44,2.3,13.2,34.68,63.68,5.63,3.62,39.45,32.58,14.37,30.07,28.98,4.51,0.26,3.56,0.71,53.15,10.28,35.51,26.9,17.02
19,WEST BENGAL,333,Murshidabad,Urban,279200,59.48,38.52,22.65,28.33,61.8,35.58,13.26,11.39,53.89,52.06,40.18,51.84,49.48,7.85,1.67,10.27,1.79,57.0,14.2,25.65,39.93,11.59
19,WEST BENGAL,334,Birbhum,Total,812954,41.05,57.37,7.01,19.48,24.08,75.21,15.88,12.61,17.3,46.48,23.56,33.5,31.92,4.88,0.64,6.71,0.9,55.55,12.65,33.6,34.99,14.85
19,WEST BENGAL,334,Birbhum,Rural,711236,36.61,61.86,3.02,19.74,18.72,80.65,10.87,7.59,14.68,44.36,18.78,29.29,27.92,4.24,0.33,5.12,0.67,54.43,11.94,35.72,32.35,15.64
19,WEST BENGAL,334,Birbhum,Urban,101718,72.11,26.04,34.93,17.66,61.58,37.19,50.92,47.69,35.65,61.32,56.95,62.94,59.88,9.32,2.83,17.87,2.49,63.38,17.63,18.77,53.44,9.29
19,WEST BENGAL,335,Barddhaman,Total,1705506,61.56,36.32,17.16,19.87,55.68,41.73,36.08,31.22,35.41,63.34,43.82,54.58,51.84,8.29,1.9,15.44,2.74,64.76,15.47,19.68,45.08,8.27
19,WEST BENGAL,335,Barddhaman,Rural,1064226,48.83,49.34,5.28,25.71,46.11,51.73,16.24,11.36,30.55,60.4,28.52,42.96,40.67,5.6,0.64,8.53,1.72,63.08,14.54,25.23,38.82,9.43
19,WEST BENGAL,335,Barddhaman,Urban,641280,82.69,14.7,36.86,10.17,71.55,25.15,69.01,64.19,43.48,68.24,69.2,73.86,70.38,12.75,3.98,26.92,4.42,67.55,17.02,10.47,55.46,6.34
19,WEST BENGAL,336,Nadia,Total,1231856,50.63,47.84,13.66,33.86,77.59,20.56,16.19,11.42,67.97,40.09,31.2,44.18,42.39,6.27,1.04,6.23,1.51,64.67,11.45,23.25,35.57,14.13
19,WEST BENGAL,336,Nadia,Rural,879934,38.89,59.71,4.38,33.79,71.31,26.75,11.02,6.74,65.12,32.84,20.41,36.01,34.65,5.08,0.47,4.76,1.25,62.44,10.15,27.26,30.49,15.56
19,WEST BENGAL,336,Nadia,Urban,351922,80.0,18.17,36.87,34.03,93.28,5.09,29.1,23.12,75.11,58.2,58.18,64.62,61.74,9.24,2.47,9.88,2.18,70.27,14.68,13.22,48.27,10.57
19,WEST BENGAL,337,North Twenty Four Parganas,Total,2283567,70.45,27.4,34.65,34.27,87.5,8.48,38.85,32.3,55.39,59.45,50.44,64.6,61.05,13.46,4.61,8.52,3.67,56.04,22.25,15.58,49.48,11.55
19,WEST BENGAL,337,North Twenty Four Parganas,Rural,988219,43.62,54.16,4.75,59.61,78.93,17.58,12.73,9.61,37.2,41.27,19.92,43.54,41.67,7.73,0.83,5.73,2.2,56.53,13.03,26.91,34.03,19.66
19,WEST BENGAL,337,North Twenty Four Parganas,Urban,1295348,90.92,6.99,57.46,14.93,94.03,1.54,58.78,49.6,69.26,73.31,73.72,80.66,75.83,17.83,7.49,10.65,4.79,55.66,29.29,6.95,61.27,5.37
19,WEST BENGAL,338,Hugli,Total,1269438,76.04,21.91,25.19,31.38,71.21,25.46,34.86,29.13,38.05,58.33,49.5,61.47,58.24,9.33,2.5,13.21,1.89,71.16,23.88,13.4,49.84,9.23
19,WEST BENGAL,338,Hugli,Rural,777386,66.85,31.18,9.17,42.57,60.09,37.67,15.75,10.23,25.31,49.89,35.59,51.83,49.42,5.99,0.8,12.07,1.42,71.9,18.67,16.99,42.77,11.73
19,WEST BENGAL,338,Hugli,Urban,492052,90.56,7.25,50.52,13.7,88.77,6.17,65.05,58.97,58.18,71.67,71.47,76.71,72.17,14.6,5.18,15.03,2.64,70.0,32.1,7.72,61.01,5.28
19,WEST BENGAL,339,Bankura,Total,756438,44.24,54.24,5.97,56.03,20.29,78.91,11.97,7.72,19.73,54.67,23.51,39.31,37.6,4.51,0.56,9.56,1.04,72.25,14.39,20.75,37.31,11.47
19,WEST BENGAL,339,Bankura,Rural,691417,41.04,57.45,3.01,59.41,16.52,82.8,7.51,4.63,17.46,53.18,19.92,36.58,35.05,4.01,0.35,8.27,0.86,72.34,13.83,21.45,35.9,11.71
19,WEST BENGAL,339,Bankura,Urban,65021,78.35,20.08,37.35,20.18,60.44,37.57,59.45,40.53,43.84,70.54,61.7,68.36,64.74,9.89,2.89,23.35,2.97,71.31,20.42,13.29,52.3,8.91
19,WEST BENGAL,340,Puruliya,Total,569254,33.36,65.02,5.39,62.08,11.85,87.22,12.17,10.98,9.69,43.02,18.36,33.56,32.32,5.77,0.62,8.72,1.16,69.06,8.92,23.45,32.43,7.33
19,WEST BENGAL,340,Puruliya,Rural,496403,28.37,70.15,1.6,68.21,6.12,92.95,6.76,5.84,6.9,40.58,13.0,29.3,28.25,5.12,0.31,6.83,0.88,69.69,8.29,24.1,29.88,7.43
19,WEST BENGAL,340,Puruliya,Urban,72851,67.31,30.07,31.17,20.26,50.88,48.16,49.02,46.0,28.73,59.66,54.85,62.61,60.08,10.24,2.79,21.61,3.08,64.73,13.21,19.02,49.84,6.68
19,WEST BENGAL,341,Haora,Total,1029114,77.44,20.24,31.59,30.7,74.69,20.83,32.02,28.13,24.87,52.01,52.41,64.09,60.88,9.65,2.99,11.93,2.17,55.98,33.09,16.66,53.61,9.24
19,WEST BENGAL,341,Haora,Rural,388459,62.02,36.29,8.37,46.38,60.15,36.21,12.0,7.84,7.05,35.46,33.32,49.54,47.68,5.08,0.57,7.43,1.01,54.44,25.54,25.7,45.72,13.85
19,WEST BENGAL,341,Haora,Urban,640655,86.79,10.51,45.66,21.19,83.51,11.51,44.15,40.44,35.67,62.04,63.98,72.91,68.89,12.42,4.46,14.66,2.87,56.91,37.67,11.18,58.39,6.45
19,WEST BENGAL,342,Kolkata,Total,964183,96.21,1.81,64.67,4.91,94.93,0.73,88.11,84.9,72.4,83.76,84.65,88.98,82.92,26.2,14.17,12.15,8.88,26.23,47.54,3.61,66.42,2.68
19,WEST BENGAL,342,Kolkata,Rural,0,,,,,,,,,,,,,,,,,,,,,,
19,WEST BENGAL,342,Kolkata,Urban,964183,96.21,1.81,64.67,4.91,94.93,0.73,88.11,84.9,72.4,83.76,84.65,88.98,82.92,26.2,14.17,12.15,8.88,26.23,47.54,3.61,66.42,2.68
19,WEST BENGAL,343,South Twenty Four Parganas,Total,1770331,47.33,48.69,13.12,39.55,62.59,34.71,23.38,21.18,12.93,39.6,32.15,49.12,47.5,6.55,1.17,4.88,2.18,42.31,24.0,29.95,39.16,13.99
19,WEST BENGAL,343,South Twenty Four Parganas,Rural,1291490,34.96,60.23,4.2,41.45,54.99,42.61,15.42,13.53,7.25,32.23,21.74,41.68,40.5,5.11,0.41,3.39,2.01,39.36,21.54,35.37,33.88,16.19
19,WEST BENGAL,343,South Twenty Four Parganas,Urban,478841,80.68,17.56,37.2,34.4,83.1,13.4,44.84,41.8,28.25,59.48,60.23,69.17,66.41,10.41,3.2,8.9,2.65,50.26,30.65,15.33,53.4,8.05
19,WEST BENGAL,344,Paschim Medinipur,Total,1262269,52.59,45.65,8.56,47.97,46.14,52.27,19.55,13.93,24.1,50.22,24.16,42.3,40.76,4.92,0.71,10.78,1.16,73.4,18.37,18.13,37.57,12.59
19,WEST BENGAL,344,Paschim Medinipur,Rural,1109569,48.9,49.43,2.82,50.37,41.87,56.79,12.42,6.65,21.34,47.72,18.41,38.05,36.77,4.01,0.3,8.17,0.85,73.02,18.54,19.34,34.64,13.18
19,WEST BENGAL,344,Paschim Medinipur,Urban,152700,79.38,18.21,50.31,30.54,77.17,19.42,71.34,66.79,44.1,68.4,65.88,73.21,69.73,11.5,3.67,29.76,3.41,76.22,17.16,9.31,58.85,8.31
19,WEST BENGAL,345,Purba Medinipur,Total,1099545,48.27,50.1,5.08,23.41,85.28,11.57,11.25,8.36,10.1,41.3,20.48,45.39,43.68,6.16,0.83,5.57,1.33,60.69,20.31,24.55,35.34,17.2
19,WEST BENGAL,345,Purba Medinipur,Rural,978844,44.82,53.62,1.97,21.65,85.59,11.35,9.31,6.51,7.98,38.57,16.68,42.32,40.7,5.51,0.45,4.62,1.04,59.74,19.96,26.08,32.9,18.09
19,WEST BENGAL,345,Purba Medinipur,Urban,120701,76.29,21.63,30.28,37.65,82.79,13.37,27.03,23.39,27.26,63.38,51.32,70.27,67.78,11.44,3.86,13.25,3.63,68.41,23.13,12.16,55.14,10.05
20,JHARKHAND,346,Garhwa,Total,254710,11.53,87.52,2.67,84.85,7.07,92.53,3.75,2.24,16.69,39.7,8.58,39.55,38.68,3.49,0.22,6.51,1.05,42.46,18.63,36.14,33.86,4.71
20,JHARKHAND,346,Garhwa,Rural,241497,8.71,90.31,1.08,86.62,4.93,94.69,2.92,1.45,15.09,38.31,6.63,38.02,37.23,3.2,0.13,5.63,0.9,42.46,18.34,37.09,33.05,4.59
20,JHARKHAND,346,Garhwa,Urban,13213,63.17,36.49,31.68,52.39,46.33,52.92,18.92,16.68,45.89,65.05,44.24,67.63,65.2,8.79,1.88,22.52,3.8,42.56,23.91,18.77,48.66,6.85
20,JHARKHAND,347,Chatra,Total,180912,14.94,83.72,2.93,83.57,10.11,88.76,3.91,2.6,16.06,48.31,9.74,45.78,44.5,5.04,0.33,8.35,1.17,49.97,24.06,29.78,38.73,4.47
20,JHARKHAND,347,Chatra,Rural,170239,11.28,87.32,0.9,85.61,6.63,92.25,2.53,1.34,13.69,46.87,7.32,43.99,42.82,4.79,0.18,7.15,0.96,50.22,24.48,30.68,38.05,4.49
20,JHARKHAND,347,Chatra,Urban,10673,73.47,26.22,35.34,50.89,65.7,33.13,25.89,22.61,53.86,71.41,48.36,74.28,71.34,9.02,2.68,27.43,4.42,46.03,17.49,15.45,49.54,4.09
20,JHARKHAND,348,Kodarma,Total,114060,54.64,44.49,10.35,71.12,16.5,82.68,5.07,3.37,23.21,63.94,24.83,69.12,67.36,6.31,0.74,15.14,2.23,50.69,14.38,17.8,44.86,4.43
20,JHARKHAND,348,Kodarma,Rural,90207,46.52,52.48,2.86,78.54,7.56,91.55,3.18,2.09,15.43,61.57,16.78,66.31,64.62,5.44,0.31,12.88,1.46,50.4,15.1,19.69,43.52,4.18
20,JHARKHAND,348,Kodarma,Urban,23853,85.34,14.3,38.7,43.06,50.31,49.14,12.22,8.24,52.61,72.89,55.29,79.73,77.71,9.59,2.39,23.69,5.1,51.8,11.65,10.65,49.92,5.39
20,JHARKHAND,349,Giridih,Total,391448,32.04,66.85,4.32,52.68,10.8,88.46,5.14,3.18,16.36,56.1,16.33,61.99,60.31,5.1,0.5,14.71,1.61,57.87,19.87,18.22,44.78,3.14
20,JHARKHAND,349,Giridih,Rural,356247,26.91,71.95,1.62,57.39,5.81,93.51,2.22,1.12,12.57,54.98,11.77,60.72,59.24,4.57,0.27,13.19,1.31,58.21,20.57,19.05,43.32,3.11
20,JHARKHAND,349,Giridih,Urban,35201,83.97,15.24,31.68,4.97,61.27,37.39,34.63,24.11,54.74,67.41,62.42,74.85,71.21,10.49,2.76,30.11,4.57,54.52,12.78,9.84,59.6,3.38
20,JHARKHAND,350,Deoghar,Total,260316,50.01,49.45,10.28,45.99,16.43,82.75,4.15,2.49,19.73,49.45,24.93,48.52,46.99,5.21,0.75,12.51,1.43,67.21,12.66,18.02,38.49,4.97
20,JHARKHAND,350,Deoghar,Rural,214896,41.85,57.6,1.42,50.83,5.47,93.92,2.93,1.48,11.1,44.37,16.0,42.42,41.11,3.78,0.18,9.19,0.84,69.06,12.89,19.93,34.28,5.13
20,JHARKHAND,350,Deoghar,Urban,45420,88.63,10.87,52.18,23.06,68.27,29.93,9.97,7.25,60.53,73.49,67.14,77.37,74.84,11.94,3.42,28.2,4.22,58.47,11.59,9.01,58.42,4.2
20,JHARKHAND,351,Godda,Total,251018,17.22,81.75,2.96,35.23,10.5,88.71,3.74,2.04,14.46,39.22,10.26,35.67,34.68,4.75,0.35,7.91,0.7,53.12,19.28,31.8,29.55,8.96
20,JHARKHAND,351,Godda,Rural,239500,14.3,84.66,1.5,36.54,7.88,91.3,3.1,1.55,12.33,37.69,8.06,33.86,32.94,4.44,0.2,6.68,0.53,52.77,19.07,32.77,28.13,9.19
20,JHARKHAND,351,Godda,Urban,11518,77.97,21.38,33.33,7.88,64.92,34.81,16.86,12.35,58.77,71.13,56.12,73.22,70.92,11.12,3.51,33.48,4.18,60.4,23.76,11.79,59.05,4.18
20,JHARKHAND,352,Sahibganj,Total,224517,15.54,83.6,5.14,59.96,15.34,84.09,4.48,2.58,19.65,33.27,10.96,28.87,28.15,4.26,0.26,4.61,0.57,42.54,20.49,40.43,30.08,7.34
20,JHARKHAND,352,Sahibganj,Rural,193809,8.52,90.56,1.54,63.16,9.17,90.35,3.68,1.96,15.71,29.53,6.16,24.81,24.32,3.91,0.12,3.66,0.44,42.55,20.92,42.53,27.61,7.26
20,JHARKHAND,352,Sahibganj,Urban,30708,59.8,39.66,27.88,39.8,54.31,44.58,9.47,6.5,44.53,56.88,41.26,54.46,52.31,6.47,1.16,10.63,1.42,42.48,17.78,27.17,45.7,7.83
20,JHARKHAND,353,Pakur,Total,180578,17.4,82.06,2.94,43.31,10.19,88.92,3.1,1.02,6.51,31.7,9.14,21.93,21.28,2.51,0.18,5.39,0.51,56.51,13.44,33.7,34.0,7.02
20,JHARKHAND,353,Pakur,Rural,167362,13.41,86.05,1.1,46.06,7.32,91.8,1.78,0.87,4.73,29.97,6.52,19.68,19.13,2.16,0.08,4.66,0.42,57.69,13.85,34.11,32.93,7.13
20,JHARKHAND,353,Pakur,Urban,13216,67.87,31.51,26.23,8.38,46.54,52.36,19.7,2.87,29.07,53.63,42.27,50.39,48.59,6.9,1.45,14.58,1.63,41.52,8.24,28.55,47.6,5.74
20,JHARKHAND,354,Dhanbad,Total,499179,85.58,13.73,16.83,19.86,39.76,58.89,39.96,30.24,32.85,66.79,58.21,65.86,63.1,9.34,2.32,26.32,3.73,56.83,9.56,12.92,48.13,4.21
20,JHARKHAND,354,Dhanbad,Rural,207157,74.26,25.09,3.74,43.71,12.23,87.18,10.64,7.0,16.83,57.12,40.63,52.48,50.66,5.47,0.66,19.5,1.68,68.08,9.38,15.49,43.11,4.7
20,JHARKHAND,354,Dhanbad,Urban,292022,93.6,5.67,26.11,2.94,59.29,38.83,60.75,46.73,44.21,73.65,70.68,75.35,71.92,12.09,3.5,31.16,5.19,48.85,9.7,11.1,51.68,3.86
20,JHARKHAND,355,Bokaro,Total,391438,70.18,28.75,17.16,32.76,33.46,65.6,26.01,22.26,35.61,64.18,45.87,61.11,58.31,9.71,2.49,27.85,5.39,63.16,13.57,13.36,52.57,3.64
20,JHARKHAND,355,Bokaro,Rural,204021,54.02,44.55,1.31,56.91,6.63,92.46,3.73,2.19,13.44,50.45,23.35,44.38,42.45,4.53,0.36,14.29,1.81,66.15,14.47,18.6,45.63,4.05
20,JHARKHAND,355,Bokaro,Urban,187417,87.78,11.55,34.4,6.47,62.66,36.37,50.26,44.11,59.75,79.13,70.4,79.32,75.57,15.34,4.81,42.6,9.29,59.9,12.6,7.65,60.13,3.19
20,JHARKHAND,356,Lohardaga,Total,91302,31.51,67.77,8.78,79.64,14.91,84.54,2.94,2.08,11.57,57.55,13.7,35.83,34.79,3.24,0.38,11.02,1.21,72.54,20.26,16.97,37.7,3.02
20,JHARKHAND,356,Lohardaga,Rural,80295,24.92,74.3,2.65,84.99,7.28,92.42,1.56,1.0,6.06,55.73,7.81,30.64,29.83,2.54,0.12,8.17,0.73,74.81,20.9,17.53,34.73,2.82
20,JHARKHAND,356,Lohardaga,Urban,11007,79.59,20.13,53.47,40.67,70.54,27.09,13.01,9.99,51.79,70.82,56.59,73.67,70.97,8.28,2.33,31.82,4.66,56.06,15.56,12.86,59.38,4.42
20,JHARKHAND,357,Purbi Singhbhum,Total,469702,81.44,18.15,33.99,44.79,49.92,48.58,30.01,26.24,45.18,65.42,48.63,58.36,54.75,13.62,4.69,31.4,6.83,64.49,18.83,11.37,58.71,3.92
20,JHARKHAND,357,Purbi Singhbhum,Rural,215676,68.15,31.53,3.97,87.34,13.65,85.96,4.43,2.77,12.2,50.28,18.21,31.57,30.25,3.84,0.4,10.87,0.94,75.11,12.27,17.76,43.17,5.79
20,JHARKHAND,357,Purbi Singhbhum,Urban,254026,92.71,6.79,59.47,8.67,80.72,16.84,51.74,46.17,73.18,78.27,74.45,81.1,75.56,21.93,8.33,48.82,11.84,55.48,24.39,5.95,71.91,2.32
20,JHARKHAND,358,Palamu,Total,355515,19.19,79.87,4.86,76.26,13.06,86.49,4.76,2.59,26.18,50.93,14.35,47.11,45.08,5.62,0.61,8.28,2.25,44.75,21.16,30.83,33.49,6.21
20,JHARKHAND,358,Palamu,Rural,316135,13.02,86.06,1.03,80.66,7.43,92.29,3.92,1.9,22.21,48.89,10.03,43.85,41.97,4.86,0.32,6.01,1.84,45.07,21.25,32.8,30.87,6.31
20,JHARKHAND,358,Palamu,Urban,39380,68.77,30.23,35.57,40.95,58.26,39.93,11.55,8.13,58.1,67.29,49.0,73.32,70.03,11.7,2.92,26.49,5.61,42.19,20.45,15.04,54.54,5.4
20,JHARKHAND,359,Latehar,Total,132685,28.79,68.65,1.64,85.62,10.79,88.85,2.86,1.58,10.22,38.43,8.06,29.78,29.03,4.7,0.26,6.04,0.96,47.58,21.57,37.27,40.86,2.45
20,JHARKHAND,359,Latehar,Rural,122902,25.59,71.77,0.61,90.12,7.21,92.52,2.17,0.87,7.11,36.24,5.28,26.63,25.97,4.59,0.14,4.81,0.69,47.93,21.58,38.73,39.79,2.24
20,JHARKHAND,359,Latehar,Urban,9783,68.95,29.47,14.61,29.06,55.8,42.83,11.58,10.46,49.27,65.84,43.05,69.32,67.41,6.06,1.7,21.49,4.27,43.08,21.38,18.92,54.36,5.03
20,JHARKHAND,360,Hazaribagh,Total,301227,58.72,40.56,7.65,57.03,19.6,79.65,7.16,4.93,26.08,67.2,28.03,66.87,64.38,6.04,1.17,17.14,3.25,56.1,17.91,16.29,50.68,3.25
20,JHARKHAND,360,Hazaribagh,Rural,252871,52.48,46.77,1.88,66.19,9.3,90.12,3.06,1.62,18.52,65.52,20.43,64.39,62.31,4.47,0.49,13.56,1.97,56.15,18.05,17.74,48.15,3.31
20,JHARKHAND,360,Hazaribagh,Urban,48356,91.39,8.07,37.85,9.11,73.47,24.95,28.62,22.29,65.61,75.97,67.74,79.85,75.2,14.21,4.73,35.83,9.95,55.86,17.23,8.7,63.91,2.95
20,JHARKHAND,361,Ramgarh,Total,177197,84.24,15.3,13.6,18.61,32.91,65.81,25.59,21.95,34.12,65.24,49.37,66.58,64.07,6.78,1.62,24.65,4.19,53.74,15.65,13.26,50.82,3.69
20,JHARKHAND,361,Ramgarh,Rural,97889,77.24,22.25,2.22,31.07,10.98,87.97,6.87,4.49,14.86,57.33,33.87,57.2,55.07,3.92,0.55,17.68,2.14,61.2,14.62,16.1,46.09,3.79
20,JHARKHAND,361,Ramgarh,Urban,79308,92.87,6.72,27.64,3.23,59.97,38.45,48.69,43.49,57.88,75.0,68.5,78.16,75.17,10.32,2.95,33.24,6.72,44.52,16.93,9.74,56.65,3.55
20,JHARKHAND,362,Dumka,Total,272925,22.76,76.43,4.34,81.72,9.85,89.37,3.73,2.29,8.54,44.18,11.89,27.6,26.47,3.81,0.44,8.45,1.07,64.26,13.39,26.5,32.07,5.92
20,JHARKHAND,362,Dumka,Rural,255926,18.84,80.31,1.6,84.67,6.24,93.01,3.12,1.85,5.67,42.49,8.56,24.7,23.67,3.41,0.26,6.97,0.79,64.67,13.53,27.37,30.12,5.98
20,JHARKHAND,362,Dumka,Urban,16999,81.67,17.9,45.56,37.26,64.17,34.64,12.97,8.87,51.66,69.6,61.96,71.23,68.58,9.81,3.16,30.75,5.17,58.12,11.22,13.44,61.5,5.05
20,JHARKHAND,363,Jamtara,Total,150103,32.92,66.59,3.71,52.14,9.8,89.62,2.24,1.13,13.7,45.51,20.78,37.04,35.46,3.3,0.54,11.26,1.09,77.85,14.09,13.86,35.49,4.73
20,JHARKHAND,363,Jamtara,Rural,135540,27.53,71.98,0.72,56.63,4.4,95.07,1.68,0.78,8.62,43.32,16.0,33.07,31.54,2.79,0.35,9.39,0.87,78.92,14.33,14.24,32.51,4.89
20,JHARKHAND,363,Jamtara,Urban,14563,83.11,16.47,31.5,10.43,60.06,38.86,7.48,4.39,60.94,65.86,65.27,73.99,71.96,8.1,2.28,28.7,3.14,67.97,11.87,10.26,63.24,3.28
20,JHARKHAND,364,Ranchi,Total,556789,63.02,36.21,29.5,51.64,40.94,57.14,18.19,15.25,35.75,65.26,44.39,60.0,56.57,13.75,4.05,25.34,6.12,61.94,24.78,12.23,51.27,3.49
20,JHARKHAND,364,Ranchi,Rural,322679,43.21,55.9,5.22,79.42,13.23,85.34,4.48,2.69,10.4,55.49,21.73,42.87,41.13,5.89,0.51,12.49,1.33,69.93,21.73,16.8,42.0,3.04
20,JHARKHAND,364,Ranchi,Urban,234110,90.34,9.07,62.96,13.37,79.13,18.27,37.09,32.54,70.7,78.72,75.61,83.6,77.86,24.59,8.92,43.05,12.71,50.93,28.98,5.91,64.04,4.11
20,JHARKHAND,365,Khunti,Total,102654,28.4,67.19,3.68,92.93,8.36,90.84,3.73,2.51,8.77,44.03,11.02,26.42,25.14,4.62,0.41,7.64,0.99,69.15,17.92,21.61,40.57,3.4
20,JHARKHAND,365,Khunti,Rural,93762,23.57,71.66,0.98,96.37,4.04,95.18,3.06,1.91,4.72,41.54,6.97,22.47,21.35,4.15,0.22,5.79,0.64,70.64,17.93,22.43,38.84,3.44
20,JHARKHAND,365,Khunti,Urban,8892,79.39,20.02,32.13,56.65,53.88,45.03,10.83,8.76,51.54,70.27,53.79,68.14,65.08,9.58,2.42,27.2,4.66,53.34,17.78,13.02,58.84,3.0
20,JHARKHAND,366,Gumla,Total,188849,16.78,82.23,4.82,91.14,10.35,88.77,3.83,2.29,10.66,52.83,9.9,29.22,27.88,4.13,0.44,8.55,1.15,69.21,19.31,20.9,35.23,3.03
20,JHARKHAND,366,Gumla,Rural,176770,12.57,86.42,1.96,93.96,6.38,92.77,2.65,1.12,7.4,51.42,6.73,26.11,24.88,3.78,0.28,7.01,0.83,70.42,19.77,21.43,33.77,2.9
20,JHARKHAND,366,Gumla,Urban,12079,78.33,20.96,46.71,49.86,68.47,30.24,21.14,19.46,58.3,73.43,56.27,74.74,71.85,9.31,2.81,31.1,5.89,51.46,12.58,13.01,56.61,5.03
20,JHARKHAND,367,Simdega,Total,116606,14.46,84.78,2.98,95.57,8.19,91.15,3.02,1.66,7.85,43.73,6.52,23.59,22.57,3.99,0.36,8.35,0.99,73.77,15.27,18.93,38.74,3.02
20,JHARKHAND,367,Simdega,Rural,108683,10.6,88.64,0.86,97.82,4.89,94.61,2.49,1.18,5.04,42.54,3.91,20.47,19.56,3.7,0.22,6.6,0.76,74.5,15.43,19.38,37.49,2.95
20,JHARKHAND,367,Simdega,Urban,7923,67.46,31.81,31.96,64.75,53.44,43.71,10.25,8.2,46.36,60.05,42.37,66.33,63.86,7.91,2.33,32.4,4.18,63.83,12.97,12.76,55.91,4.04
20,JHARKHAND,368,Pashchimi Singhbhum,Total,299883,40.67,55.42,6.48,89.19,11.79,87.24,9.83,7.38,9.96,40.22,13.5,25.46,24.15,4.16,0.65,10.53,1.24,60.16,14.22,29.12,46.95,4.07
20,JHARKHAND,368,Pashchimi Singhbhum,Rural,256019,34.24,61.29,1.06,97.26,3.71,95.6,4.35,2.48,3.5,35.22,6.16,18.14,16.99,3.11,0.24,6.55,0.69,61.79,14.67,31.27,45.06,4.0
20,JHARKHAND,368,Pashchimi Singhbhum,Urban,43864,78.16,21.19,38.12,42.09,58.95,38.44,41.81,35.94,47.68,69.37,56.34,68.14,65.89,10.3,3.09,33.76,4.44,50.61,11.57,16.56,57.97,4.51
20,JHARKHAND,369,Saraikela-Kharsawan,Total,217994,63.36,34.6,11.98,67.24,20.34,78.72,11.84,8.48,20.52,60.28,27.7,41.67,39.94,5.54,1.2,16.66,2.1,71.63,17.21,15.51,46.96,3.56
20,JHARKHAND,369,Saraikela-Kharsawan,Rural,165883,55.71,41.74,3.04,85.17,6.45,92.7,7.21,4.37,8.05,57.91,17.61,33.18,31.96,3.59,0.33,11.6,0.99,74.9,16.22,17.53,42.88,3.61
20,JHARKHAND,369,Saraikela-Kharsawan,Urban,52111,87.72,11.85,40.43,10.18,64.54,34.2,26.58,21.55,60.19,67.83,59.8,68.7,65.34,11.74,3.94,32.78,5.64,61.2,20.37,9.07,59.94,3.43
21,ODISHA,370,Bargarh,Total,373391,44.7,54.21,4.52,84.07,16.13,82.99,16.82,6.28,9.94,36.61,28.44,32.99,31.78,3.31,0.64,12.87,1.22,73.37,5.17,19.92,26.8,8.14
21,ODISHA,370,Bargarh,Rural,339364,40.32,58.6,1.73,87.06,12.32,86.84,15.03,4.71,6.43,34.49,24.72,29.93,28.83,2.6,0.32,10.96,0.9,73.36,5.06,20.68,24.63,8.48
21,ODISHA,370,Bargarh,Urban,34027,88.44,10.44,32.33,54.2,54.16,44.65,34.6,21.91,44.91,57.74,65.49,63.54,61.14,10.31,3.91,31.88,4.38,73.45,6.21,12.26,48.52,4.73
21,ODISHA,371,Jharsuguda,Total,134624,60.49,37.78,14.08,57.22,26.14,72.83,18.12,14.07,25.75,56.27,42.96,48.83,47.19,5.61,1.86,24.45,2.95,76.01,5.3,12.33,32.54,5.8
21,ODISHA,371,Jharsuguda,Rural,83664,44.36,53.88,2.8,83.1,9.39,89.72,7.36,4.07,10.54,49.97,27.66,36.26,35.0,2.82,0.43,15.72,1.36,79.69,4.72,14.42,22.6,5.91
21,ODISHA,371,Jharsuguda,Urban,50960,86.97,11.34,32.6,14.74,53.63,45.1,35.79,30.48,50.73,66.62,68.08,69.48,67.19,10.2,4.19,38.78,5.55,69.97,6.24,8.9,48.87,5.61
21,ODISHA,372,Sambalpur,Total,248829,50.84,47.87,13.51,76.43,22.86,75.79,24.14,19.38,23.08,51.37,36.59,42.09,40.34,5.84,2.1,19.15,2.39,70.96,7.5,18.42,31.28,7.02
21,ODISHA,372,Sambalpur,Rural,178958,35.76,62.91,3.06,91.37,8.56,90.59,8.52,3.55,10.41,44.24,22.24,30.74,29.67,2.43,0.38,11.27,1.08,70.87,6.88,22.15,22.58,7.75
21,ODISHA,372,Sambalpur,Urban,69871,89.47,9.33,40.28,38.16,59.47,37.88,64.15,59.93,55.53,69.62,73.35,71.15,67.68,14.55,6.51,39.36,5.74,71.18,9.09,8.87,53.59,5.17
21,ODISHA,373,Debagarh,Total,75942,29.57,68.39,2.94,94.12,9.18,90.22,7.21,4.98,11.26,41.67,13.9,25.08,23.11,4.28,1.09,9.67,1.36,52.7,8.02,35.52,13.02,12.86
21,ODISHA,373,Debagarh,Rural,70511,26.22,71.7,1.1,96.42,5.94,93.69,4.28,1.91,9.04,40.39,10.87,22.66,20.72,4.07,0.96,8.22,1.15,52.71,7.82,36.39,11.54,13.42
21,ODISHA,373,Debagarh,Urban,5431,73.03,25.46,26.85,64.22,51.28,45.19,45.33,44.82,40.12,58.28,53.23,56.56,54.08,6.92,2.76,28.6,4.03,52.7,10.57,24.18,32.22,5.52
21,ODISHA,374,Sundargarh,Total,473293,47.23,50.67,16.39,70.33,27.99,70.22,19.81,17.1,24.96,57.07,34.77,45.31,43.26,7.4,2.7,21.7,3.09,72.12,12.44,15.99,28.73,5.3
21,ODISHA,374,Sundargarh,Rural,310762,25.61,72.03,2.28,92.28,8.37,90.04,4.95,2.61,9.38,48.23,15.46,29.34,28.15,3.26,0.52,9.96,1.07,71.24,9.34,20.75,18.27,5.78
21,ODISHA,374,Sundargarh,Urban,162531,88.57,9.83,43.38,28.37,65.5,32.32,48.22,44.8,54.73,73.98,71.7,75.83,72.14,15.32,6.87,44.14,6.96,73.78,18.36,6.89,48.72,4.4
21,ODISHA,375,Kendujhar,Total,406629,29.96,68.35,7.44,63.62,15.1,83.91,10.13,8.1,17.08,49.4,18.41,32.98,32.15,3.24,0.64,14.02,1.87,57.28,16.1,28.5,24.48,8.49
21,ODISHA,375,Kendujhar,Rural,349736,23.01,75.33,2.78,66.57,9.3,89.76,4.63,2.9,12.64,47.4,12.54,28.1,27.36,2.34,0.26,10.6,1.15,59.14,17.05,29.71,21.39,8.61
21,ODISHA,375,Kendujhar,Urban,56893,72.68,25.42,36.09,45.49,50.75,47.98,43.95,40.09,44.39,61.68,54.5,62.98,61.56,8.77,3.0,35.07,6.3,45.84,10.29,21.04,43.5,7.74
21,ODISHA,376,Mayurbhanj,Total,587648,23.86,75.05,4.94,77.79,18.61,80.21,6.38,4.04,16.39,50.55,14.15,28.36,27.22,3.06,0.5,10.64,1.07,71.21,12.6,21.42,21.02,8.56
21,ODISHA,376,Mayurbhanj,Rural,544764,19.65,79.28,1.76,80.43,15.03,83.79,4.23,2.15,12.84,48.94,10.35,25.05,24.01,2.5,0.25,8.18,0.76,71.34,12.86,22.23,18.89,8.6
21,ODISHA,376,Mayurbhanj,Urban,42884,77.34,21.29,45.32,44.21,64.05,34.78,33.78,28.04,61.58,71.03,62.43,70.47,68.01,10.17,3.66,41.79,4.96,69.52,9.3,11.12,48.12,8.06
21,ODISHA,377,Baleshwar,Total,529407,56.07,42.34,6.89,42.16,27.5,70.86,13.58,8.48,39.41,47.59,30.46,48.39,45.46,5.34,1.39,14.24,1.62,69.04,7.93,17.96,28.88,11.09
21,ODISHA,377,Baleshwar,Rural,473512,52.68,45.71,2.76,42.02,22.72,75.64,9.63,6.67,36.91,45.4,26.51,45.61,42.84,4.46,0.99,11.43,1.26,68.15,8.0,19.1,26.32,11.55
21,ODISHA,377,Baleshwar,Urban,55895,84.81,13.79,41.92,43.33,67.98,30.42,47.02,23.76,60.55,66.15,63.9,71.92,67.67,12.86,4.81,38.09,4.66,76.6,7.28,8.37,50.59,7.2
21,ODISHA,378,Bhadrak,Total,309527,53.19,45.32,5.13,16.8,20.11,77.83,4.23,2.8,35.16,43.63,28.05,53.32,51.07,5.04,0.85,11.24,1.19,59.59,16.6,22.37,28.25,8.76
21,ODISHA,378,Bhadrak,Rural,274191,50.36,48.26,2.57,14.38,16.03,81.87,3.6,2.25,31.73,42.75,25.34,51.69,49.6,4.47,0.58,9.38,0.92,57.93,16.95,23.63,26.74,8.94
21,ODISHA,378,Bhadrak,Urban,35336,75.15,22.56,24.99,35.58,51.76,46.45,9.14,7.08,61.83,50.41,49.05,65.93,62.47,9.49,2.95,25.64,3.22,72.41,13.87,12.57,39.94,7.36
21,ODISHA,379,Kendrapara,Total,327405,52.87,45.72,4.85,25.8,17.83,80.89,8.0,5.54,17.51,59.5,29.39,52.6,51.15,3.62,0.5,11.6,0.82,57.85,17.5,22.68,36.05,7.54
21,ODISHA,379,Kendrapara,Rural,311465,51.31,47.25,3.67,24.78,15.79,82.95,6.02,3.7,15.42,59.4,28.0,51.72,50.3,3.41,0.43,10.78,0.7,57.18,17.56,23.22,35.51,7.47
21,ODISHA,379,Kendrapara,Urban,15940,83.41,15.86,27.89,45.67,57.82,40.55,46.59,41.62,58.31,61.36,56.67,69.85,67.62,7.63,1.89,27.59,3.11,70.88,16.33,11.96,46.54,8.83
21,ODISHA,380,Jagatsinghapur,Total,265588,52.58,45.88,7.62,38.23,24.52,73.92,11.33,7.28,39.08,57.97,32.87,56.5,54.02,5.01,1.2,16.72,1.64,64.21,18.9,17.27,36.01,6.69
21,ODISHA,380,Jagatsinghapur,Rural,237411,51.22,47.31,4.45,39.0,22.11,77.17,6.38,2.41,37.74,57.12,30.95,54.5,52.13,4.34,0.93,14.95,1.39,63.98,18.73,17.9,35.64,7.05
21,ODISHA,380,Jagatsinghapur,Urban,28177,64.01,33.8,34.28,31.72,44.84,46.58,53.1,48.31,50.36,65.18,49.11,73.28,69.95,10.66,3.48,31.66,3.69,66.17,20.28,11.97,39.14,3.67
21,ODISHA,381,Cuttack,Total,566831,61.67,36.73,18.2,47.9,36.28,62.14,21.73,18.6,41.65,53.91,41.79,52.67,49.96,7.16,2.65,23.45,2.73,69.15,17.95,16.97,40.44,9.16
21,ODISHA,381,Cuttack,Rural,425082,51.7,46.63,5.08,55.7,22.37,76.73,7.6,4.75,30.78,47.5,30.14,43.17,41.05,3.56,0.63,15.08,1.11,67.48,13.47,20.69,34.92,10.08
21,ODISHA,381,Cuttack,Urban,141749,91.57,7.03,57.56,24.5,78.0,18.37,64.11,60.12,74.25,73.11,76.71,81.16,76.69,17.95,8.73,48.56,7.62,74.17,31.37,5.8,57.0,6.39
21,ODISHA,382,Jajapur,Total,407572,47.17,50.94,6.37,36.56,22.87,75.47,6.93,4.19,34.27,42.29,26.14,42.9,40.83,4.4,0.94,13.36,1.45,60.43,12.67,24.73,29.21,14.06
21,ODISHA,382,Jajapur,Rural,378135,44.7,53.39,4.14,36.69,19.89,78.45,4.25,2.1,32.3,40.7,23.94,40.95,38.99,3.92,0.71,11.7,1.18,59.82,12.29,25.79,27.59,14.61
21,ODISHA,382,Jajapur,Urban,29437,78.86,19.34,35.04,34.95,61.18,37.21,41.27,30.95,59.52,62.69,54.41,67.92,64.45,10.5,3.84,34.57,4.93,68.2,17.47,11.22,50.1,7.05
21,ODISHA,383,Dhenkanal,Total,278370,42.09,56.26,7.13,81.68,18.35,80.61,6.25,4.25,19.58,38.6,23.76,35.25,34.01,3.81,0.65,13.01,1.27,57.28,8.36,30.62,25.45,11.19
21,ODISHA,383,Dhenkanal,Rural,253118,38.47,59.84,3.69,85.1,14.21,84.76,4.24,2.39,16.21,36.47,20.06,32.26,31.08,2.92,0.29,10.42,0.87,56.24,8.13,32.23,22.95,11.54
21,ODISHA,383,Dhenkanal,Urban,25252,78.37,20.39,41.62,47.36,59.8,39.05,26.35,22.89,53.38,59.89,60.86,65.24,63.37,12.66,4.27,39.05,5.28,67.67,10.66,14.45,50.57,7.63
21,ODISHA,384,Anugul,Total,295922,44.58,53.24,9.16,69.54,24.14,74.51,13.99,10.62,24.99,47.56,26.19,39.7,36.39,5.29,1.88,19.71,3.19,62.82,7.95,25.02,28.46,11.14
21,ODISHA,384,Anugul,Rural,249585,37.98,59.72,4.36,78.97,16.74,81.86,7.25,4.79,18.86,43.22,18.84,33.42,30.23,3.61,0.94,14.26,1.95,61.27,7.07,28.01,23.61,11.98
21,ODISHA,384,Anugul,Urban,46337,80.11,18.34,34.97,18.74,64.01,34.89,50.24,42.0,58.02,70.88,65.77,73.54,69.58,14.34,6.92,49.08,9.88,71.17,12.69,8.89,54.56,6.62
21,ODISHA,385,Nayagarh,Total,230968,54.11,43.65,4.83,77.54,18.96,79.92,13.88,7.27,12.04,33.14,21.83,38.23,36.62,3.58,0.5,10.52,0.98,61.3,6.68,26.81,25.06,11.82
21,ODISHA,385,Nayagarh,Rural,213265,52.11,45.59,2.67,78.79,15.9,83.0,13.15,6.76,9.59,31.17,19.06,35.85,34.31,3.23,0.37,8.87,0.76,60.91,6.39,27.88,23.5,12.16
21,ODISHA,385,Nayagarh,Urban,17703,78.25,20.24,30.85,62.53,55.82,42.86,22.59,13.5,41.45,56.98,55.22,66.8,64.41,7.8,2.07,30.3,3.61,65.96,10.15,13.97,43.85,7.64
21,ODISHA,386,Khordha,Total,489636,71.45,26.54,32.73,44.15,47.06,51.19,30.09,27.09,47.17,52.09,51.83,66.28,62.87,15.44,7.29,33.77,6.84,66.4,17.85,12.0,43.49,6.85
21,ODISHA,386,Khordha,Rural,247940,57.27,40.41,5.96,61.71,18.3,80.45,9.36,6.48,25.34,34.42,34.26,50.59,48.52,3.9,0.81,16.76,1.31,69.63,12.67,17.53,29.04,8.55
21,ODISHA,386,Khordha,Urban,241696,86.01,12.31,60.2,26.13,76.55,21.17,51.37,48.24,69.57,70.22,69.85,82.38,77.6,27.28,13.94,51.22,12.52,63.09,23.17,6.33,58.31,5.11
21,ODISHA,387,Puri,Total,369482,54.56,43.84,9.02,33.91,23.82,74.85,9.3,7.01,33.34,46.81,31.97,48.21,46.2,4.33,0.92,15.44,1.27,66.12,13.86,19.33,27.96,10.42
21,ODISHA,387,Puri,Rural,317002,48.99,49.34,2.65,33.58,15.62,83.26,4.76,2.58,26.86,43.88,25.81,43.54,41.76,3.4,0.47,12.51,0.92,65.63,13.71,20.9,24.68,11.18
21,ODISHA,387,Puri,Urban,52480,88.25,10.64,47.49,35.89,73.35,24.09,36.7,33.74,72.44,64.51,69.13,76.48,73.06,9.97,3.65,33.1,3.4,69.1,14.77,9.86,47.81,5.8
21,ODISHA,388,Ganjam,Total,756894,53.55,44.48,15.88,68.09,28.51,69.99,25.94,18.16,18.6,47.61,34.02,48.74,46.82,5.42,1.2,13.33,1.2,48.87,6.32,31.12,34.24,8.62
21,ODISHA,388,Ganjam,Rural,602216,46.2,51.82,6.23,76.53,19.07,79.48,17.49,10.0,11.22,43.33,25.67,42.8,41.17,3.63,0.44,8.28,0.66,45.2,5.08,35.2,28.91,9.5
21,ODISHA,388,Ganjam,Urban,154678,82.17,15.86,53.46,35.27,65.27,33.03,58.82,49.95,47.34,64.25,66.55,71.86,68.83,12.43,4.16,32.99,3.3,63.17,11.17,15.22,54.97,5.18
21,ODISHA,389,Gajapati,Total,128818,48.99,49.47,9.34,88.78,18.1,80.67,21.06,9.8,10.04,54.45,18.38,27.03,25.64,4.29,0.49,6.61,0.51,22.28,4.07,57.34,30.48,5.78
21,ODISHA,389,Gajapati,Rural,112872,44.73,53.69,3.53,94.82,12.65,86.03,15.73,4.8,5.87,53.34,12.02,21.58,20.31,3.76,0.25,4.28,0.31,19.49,4.02,62.42,27.11,5.9
21,ODISHA,389,Gajapati,Urban,15946,79.19,19.58,50.45,46.02,56.71,42.73,58.8,45.12,39.55,62.3,63.34,65.6,63.36,8.05,2.18,23.12,1.93,42.03,4.43,21.43,54.36,4.97
21,ODISHA,390,Kandhamal,Total,172004,16.71,81.93,4.03,91.4,11.15,87.74,4.83,3.92,9.85,53.38,11.32,21.55,20.06,3.84,0.45,6.95,0.74,38.94,14.2,45.93,26.71,6.61
21,ODISHA,390,Kandhamal,Rural,155335,10.94,87.72,1.13,96.15,6.28,92.6,2.13,1.34,6.81,51.83,6.5,16.58,15.14,3.25,0.21,4.47,0.44,37.25,14.72,48.79,24.52,6.64
21,ODISHA,390,Kandhamal,Urban,16669,70.4,28.0,31.08,47.11,56.54,42.41,30.03,28.03,38.09,67.79,56.25,67.84,65.95,9.32,2.68,30.06,3.53,54.74,9.33,19.31,47.14,6.39
21,ODISHA,391,Baudh,Total,107727,17.81,80.96,2.88,88.85,10.75,87.85,4.3,3.48,8.38,41.46,12.3,22.52,21.84,3.18,0.23,7.22,0.7,71.25,9.85,22.97,21.02,4.72
21,ODISHA,391,Baudh,Rural,103239,15.34,83.47,1.33,90.27,8.99,89.69,1.91,1.11,7.26,40.3,10.2,20.71,20.07,3.05,0.13,6.25,0.6,71.27,10.01,23.32,20.25,4.69
21,ODISHA,391,Baudh,Urban,4488,74.84,23.17,38.66,56.06,51.29,45.54,59.34,58.0,34.02,68.14,60.58,64.1,62.41,6.31,2.43,29.57,3.03,70.81,6.06,14.88,38.5,5.44
21,ODISHA,392,Subarnapur,Total,152454,32.82,65.72,3.39,84.43,10.27,88.28,7.66,4.07,7.23,35.13,20.4,28.29,27.3,2.81,0.46,9.31,0.87,72.55,5.78,21.14,19.9,7.12
21,ODISHA,392,Subarnapur,Rural,140714,29.54,68.95,1.73,86.0,7.87,90.65,5.0,1.31,5.32,33.14,17.78,26.09,25.21,2.48,0.31,8.11,0.7,72.42,5.6,21.7,18.82,7.23
21,ODISHA,392,Subarnapur,Urban,11740,72.1,26.93,23.28,65.58,38.99,59.98,39.58,37.15,30.13,58.94,51.78,54.72,52.37,6.78,2.28,23.78,2.92,74.11,7.99,14.46,32.78,5.82
21,ODISHA,393,Balangir,Total,432081,28.57,69.61,4.92,89.34,15.08,83.61,10.2,7.0,8.67,31.15,19.33,29.06,27.56,4.0,0.76,10.07,1.07,68.54,7.37,23.46,26.66,6.99
21,ODISHA,393,Balangir,Rural,387345,22.71,75.56,1.07,93.18,10.11,88.6,6.68,3.67,4.59,28.08,14.39,24.82,23.5,3.14,0.34,7.34,0.73,68.53,6.99,24.61,24.4,7.01
21,ODISHA,393,Balangir,Urban,44736,79.35,18.12,38.26,56.11,58.13,40.35,40.62,35.85,43.91,57.8,62.1,65.76,62.65,11.43,4.44,33.72,4.05,68.58,10.62,13.45,46.22,6.84
21,ODISHA,394,Nuapada,Total,159947,27.49,70.88,4.01,92.85,14.52,84.67,10.14,2.93,7.38,29.73,13.74,24.13,23.35,2.64,0.47,7.8,0.84,67.27,10.55,25.4,23.22,4.91
21,ODISHA,394,Nuapada,Rural,151921,24.91,73.48,2.39,94.66,12.73,86.45,7.87,2.42,6.14,28.64,11.58,22.41,21.67,2.36,0.35,6.74,0.63,67.69,10.76,25.73,22.29,4.83
21,ODISHA,394,Nuapada,Urban,8026,76.31,21.73,34.66,58.66,48.42,51.03,53.13,12.45,30.86,50.22,54.61,56.69,55.11,7.89,2.89,27.98,4.87,59.37,6.74,19.14,40.88,6.45
21,ODISHA,395,Kalahandi,Total,404814,22.52,75.59,4.35,90.12,11.72,87.51,4.76,3.25,8.48,27.66,14.47,23.48,22.62,3.12,0.48,8.44,0.88,56.04,8.96,34.21,21.95,9.26
21,ODISHA,395,Kalahandi,Rural,377001,18.6,79.55,1.86,92.87,8.24,90.97,3.33,2.01,5.96,25.25,10.96,20.33,19.58,2.62,0.26,6.61,0.62,55.27,8.92,35.67,20.23,9.43
21,ODISHA,395,Kalahandi,Urban,27813,75.64,21.81,38.06,52.84,58.84,40.63,24.13,20.03,42.69,60.39,62.05,66.13,63.88,9.87,3.52,33.17,4.28,66.5,9.6,14.37,45.27,6.89
21,ODISHA,396,Rayagada,Total,225964,27.24,71.27,11.03,85.98,14.83,83.69,18.57,13.77,11.73,45.02,19.03,25.15,23.82,4.06,0.69,8.6,0.92,35.65,5.21,50.45,29.93,5.48
21,ODISHA,396,Rayagada,Rural,191615,17.53,80.99,3.31,94.58,6.63,91.82,10.55,6.58,4.73,41.36,10.31,17.14,16.06,3.07,0.26,4.85,0.51,31.78,5.14,56.64,24.56,5.69
21,ODISHA,396,Rayagada,Urban,34349,81.39,17.01,54.07,37.99,60.55,38.37,63.3,53.89,50.78,65.45,67.67,69.82,67.1,9.58,3.06,29.56,3.24,57.28,5.6,15.86,59.86,4.33
21,ODISHA,397,Nabarangapur,Total,273663,12.63,86.07,3.42,86.61,9.33,89.08,5.61,3.66,7.41,24.08,8.62,20.76,19.22,2.97,0.48,7.7,0.74,60.67,17.15,30.04,27.67,4.4
21,ODISHA,397,Nabarangapur,Rural,253461,8.49,90.24,0.8,89.58,5.82,92.68,3.75,2.06,5.04,21.9,5.15,17.59,16.14,2.43,0.32,5.96,0.49,61.37,17.71,30.69,26.39,4.36
21,ODISHA,397,Nabarangapur,Urban,20202,64.64,33.72,36.18,49.32,53.38,44.0,28.97,23.73,37.23,51.45,52.09,60.53,57.83,9.8,2.53,29.59,3.95,51.83,10.14,21.83,43.72,4.88
21,ODISHA,398,Koraput,Total,338205,25.36,73.24,11.72,81.41,17.35,81.37,15.68,11.76,13.69,36.0,17.75,25.92,24.49,5.11,1.18,11.0,2.05,33.28,10.69,49.47,33.22,5.39
21,ODISHA,398,Koraput,Rural,283522,14.94,83.66,2.8,91.2,8.18,90.48,8.74,4.69,5.6,30.24,8.1,17.09,15.87,3.36,0.25,5.39,1.13,29.8,9.97,55.84,28.93,5.35
21,ODISHA,398,Koraput,Urban,54683,79.39,19.2,57.94,30.61,64.92,34.11,51.62,48.44,55.64,65.87,67.74,71.66,69.15,14.23,5.98,40.09,6.78,51.34,14.4,16.44,55.48,5.62
21,ODISHA,399,Malkangiri,Total,137450,17.9,80.54,3.45,91.23,9.34,89.37,6.27,3.31,5.72,29.64,11.93,19.54,18.98,2.84,0.33,7.66,0.6,45.14,13.72,42.68,26.92,7.48
21,ODISHA,399,Malkangiri,Rural,126306,13.43,84.97,1.31,94.92,5.96,92.7,3.93,1.17,3.42,27.43,8.35,15.99,15.49,2.58,0.21,6.08,0.41,44.7,14.44,44.25,25.25,7.4
21,ODISHA,399,Malkangiri,Urban,11144,68.56,30.4,27.67,49.45,47.66,51.67,32.74,27.51,31.77,54.68,52.55,59.78,58.56,5.81,1.7,25.67,2.69,50.1,5.58,24.96,45.87,8.42
22,CHATTISGARH,400,Koriya,Total,152075,52.62,43.6,16.84,74.15,23.43,75.68,24.07,20.04,25.64,70.15,25.49,33.16,31.58,5.0,1.1,17.34,2.24,44.27,12.73,34.55,51.37,1.94
22,CHATTISGARH,400,Koriya,Rural,107424,36.14,58.71,2.41,92.67,8.54,91.11,4.05,2.3,15.04,68.07,8.85,18.55,17.45,2.77,0.27,7.92,1.1,45.94,13.02,42.17,47.31,2.2
22,CHATTISGARH,400,Koriya,Urban,44651,92.27,7.26,51.55,29.58,59.25,38.58,72.23,62.7,51.15,75.15,65.51,68.32,65.56,10.38,3.09,40.0,4.97,40.25,12.04,16.21,61.15,1.32
22,CHATTISGARH,401,Surguja,Total,520566,48.63,50.15,5.65,90.4,25.11,74.52,7.09,4.99,14.42,58.53,14.33,22.81,21.98,3.65,0.53,10.85,1.56,53.36,12.0,36.2,50.73,2.09
22,CHATTISGARH,401,Surguja,Rural,472991,44.27,54.43,1.31,94.99,21.48,78.21,3.47,1.79,10.25,57.15,9.31,17.98,17.37,2.52,0.16,7.46,0.75,52.85,11.61,38.65,48.9,2.13
22,CHATTISGARH,401,Surguja,Urban,47575,91.91,7.58,48.88,44.77,61.28,37.77,43.08,36.84,55.87,72.2,64.26,70.86,67.8,14.84,4.15,44.5,9.53,58.39,15.9,11.78,68.94,1.61
22,CHATTISGARH,402,Jashpur,Total,190527,40.3,55.62,3.48,93.95,14.25,85.3,4.18,2.41,9.36,44.65,10.77,18.86,18.01,3.02,0.3,8.16,1.28,52.87,6.46,38.73,56.7,1.71
22,CHATTISGARH,402,Jashpur,Rural,175008,36.33,59.27,1.11,96.4,11.77,87.76,1.26,0.47,6.57,43.62,7.33,15.44,14.67,2.57,0.15,6.25,0.87,53.0,6.46,40.25,56.32,1.75
22,CHATTISGARH,402,Jashpur,Urban,15519,85.02,14.45,30.21,66.29,42.15,57.52,37.1,24.3,40.77,56.25,49.49,57.45,55.62,8.11,1.93,29.65,5.92,51.37,6.49,21.59,60.97,1.24
22,CHATTISGARH,403,Raigarh,Total,361664,82.21,17.37,7.68,88.61,19.33,80.17,19.66,6.7,15.93,34.49,27.31,26.74,25.29,3.83,0.92,13.91,1.65,62.28,8.24,27.65,40.89,4.55
22,CHATTISGARH,403,Raigarh,Rural,309691,79.96,19.61,2.35,94.65,12.95,86.74,10.75,2.34,9.89,30.69,21.51,20.9,19.78,2.34,0.47,10.78,1.05,62.77,7.04,29.78,37.82,4.81
22,CHATTISGARH,403,Raigarh,Urban,51973,95.56,3.99,39.43,52.64,57.33,41.03,72.8,32.66,51.94,57.17,61.9,61.59,58.09,12.7,3.65,32.56,5.27,59.35,15.42,14.95,59.19,3.02
22,CHATTISGARH,404,Korba,Total,277071,73.04,23.63,15.65,71.35,28.1,71.52,21.52,15.61,25.86,44.98,34.63,32.6,31.11,6.5,1.64,20.06,3.13,58.52,8.36,28.23,51.5,2.65
22,CHATTISGARH,404,Korba,Rural,180798,62.59,32.53,2.23,93.49,11.87,87.87,6.32,3.44,11.17,36.07,16.27,15.3,14.57,2.2,0.17,7.95,0.52,52.88,8.19,38.22,42.36,3.22
22,CHATTISGARH,404,Korba,Urban,96273,92.67,6.9,40.85,29.79,58.58,40.81,50.07,38.44,53.44,61.7,69.12,65.07,62.16,14.57,4.4,42.81,8.03,69.12,8.67,9.45,68.68,1.58
22,CHATTISGARH,405,Janjgir - Champa,Total,377496,89.83,9.59,5.07,89.46,15.21,84.39,13.56,5.39,15.49,29.85,33.59,29.12,27.96,2.87,0.45,11.28,1.05,59.8,6.51,29.26,37.49,5.41
22,CHATTISGARH,405,Janjgir - Champa,Rural,330103,89.14,10.25,1.78,92.64,11.02,88.59,8.52,2.98,12.04,27.32,29.78,25.55,24.56,2.08,0.23,9.16,0.67,59.76,6.02,30.89,35.37,5.63
22,CHATTISGARH,405,Janjgir - Champa,Urban,47393,94.58,4.99,27.96,67.29,44.38,55.1,48.66,22.15,39.46,47.47,60.11,53.95,51.66,8.38,1.99,26.0,3.73,60.1,9.92,17.91,52.31,3.85
22,CHATTISGARH,406,Bilaspur,Total,615895,84.38,14.47,12.62,80.52,27.81,70.51,24.7,16.13,23.33,41.93,31.39,28.79,27.27,5.02,1.39,13.78,2.13,56.14,15.01,30.4,41.45,4.73
22,CHATTISGARH,406,Bilaspur,Rural,475742,81.29,17.35,1.45,91.21,16.64,83.0,11.32,4.99,12.95,37.48,20.51,18.41,17.5,2.12,0.24,6.39,0.53,54.98,11.98,35.74,35.73,5.22
22,CHATTISGARH,406,Bilaspur,Urban,140153,94.86,4.7,50.53,44.23,65.71,28.14,70.15,53.93,58.59,57.02,68.32,64.03,60.42,14.85,5.28,38.84,7.57,60.09,25.31,12.27,60.87,3.06
22,CHATTISGARH,407,Kabeerdham,Total,176758,85.23,12.91,3.61,87.54,13.21,86.68,13.28,5.39,13.0,66.13,20.56,23.93,23.15,1.68,0.39,9.87,0.85,54.86,8.27,34.75,35.47,6.11
22,CHATTISGARH,407,Kabeerdham,Rural,158483,84.12,13.89,0.66,89.96,9.02,90.9,6.45,2.03,9.25,68.75,17.05,20.79,20.11,1.05,0.27,8.08,0.51,55.09,8.05,36.08,32.85,6.23
22,CHATTISGARH,407,Kabeerdham,Urban,18275,94.87,4.41,29.15,66.56,49.5,50.09,72.55,34.56,45.47,43.48,51.0,51.14,49.52,7.08,1.4,25.41,3.76,52.91,10.18,23.27,58.2,5.11
22,CHATTISGARH,408,Rajnandgaon,Total,315535,87.31,11.89,8.39,88.4,24.97,73.39,23.06,14.3,17.17,69.18,33.66,32.34,30.03,3.74,0.67,14.11,1.46,71.53,10.28,19.03,51.88,3.21
22,CHATTISGARH,408,Rajnandgaon,Rural,256900,85.6,13.52,1.23,96.68,18.53,81.28,11.53,3.33,11.27,71.34,26.75,26.47,24.35,2.22,0.22,10.19,0.71,73.41,10.48,20.2,48.95,3.37
22,CHATTISGARH,408,Rajnandgaon,Urban,58635,94.8,4.75,39.78,52.14,53.19,38.82,73.57,62.33,43.03,59.69,63.92,58.06,54.9,10.36,2.65,31.29,4.76,63.31,9.42,13.93,64.73,2.52
22,CHATTISGARH,409,Durg,Total,693001,88.62,10.8,18.64,61.64,32.98,63.35,35.87,21.77,25.9,56.91,49.55,45.55,43.11,7.4,2.33,25.55,4.16,70.56,12.86,16.6,52.56,3.94
22,CHATTISGARH,409,Durg,Rural,422563,85.15,14.28,1.79,86.19,14.04,85.58,14.69,4.54,11.97,53.29,34.79,30.82,29.37,2.04,0.24,14.25,0.98,69.92,9.72,21.97,42.54,5.05
22,CHATTISGARH,409,Durg,Urban,270438,94.03,5.37,44.98,23.28,62.57,28.62,68.96,48.7,47.67,62.56,72.61,68.57,64.57,15.78,5.59,43.2,9.13,71.57,17.77,8.21,68.21,2.21
22,CHATTISGARH,410,Raipur,Total,861067,84.61,14.06,19.34,69.48,31.02,66.29,26.51,18.13,24.11,47.73,43.91,39.51,37.33,6.91,2.35,20.62,3.55,63.77,13.33,21.06,47.45,4.88
22,CHATTISGARH,410,Raipur,Rural,561916,78.65,19.64,2.15,84.94,12.93,86.69,10.02,3.93,10.55,45.19,29.35,25.52,24.38,2.24,0.32,11.23,0.83,64.76,9.12,27.02,37.05,5.93
22,CHATTISGARH,410,Raipur,Urban,299151,95.8,3.59,51.62,40.44,65.0,27.97,57.47,44.8,49.6,52.51,71.27,65.79,61.65,15.69,6.17,38.24,8.66,61.9,21.23,9.88,66.99,2.91
22,CHATTISGARH,411,Mahasamund,Total,256504,82.84,16.49,5.15,89.89,18.77,81.05,12.76,4.42,11.42,53.22,26.51,25.55,24.69,2.19,0.37,12.27,1.38,68.32,5.32,23.92,37.36,4.58
22,CHATTISGARH,411,Mahasamund,Rural,230027,81.71,17.6,1.46,93.47,15.17,84.7,6.92,2.63,7.31,53.98,22.97,22.26,21.54,1.35,0.2,10.2,0.89,69.26,4.99,24.56,35.37,4.63
22,CHATTISGARH,411,Mahasamund,Urban,26477,92.68,6.86,37.16,58.79,50.07,49.31,63.48,19.94,47.11,46.6,57.3,54.18,52.08,9.5,1.93,30.21,5.69,60.07,8.23,18.36,54.66,4.12
22,CHATTISGARH,412,Dhamtari,Total,168278,88.5,10.23,8.66,83.5,29.73,68.13,31.42,14.48,22.15,55.02,40.25,33.08,31.66,2.85,0.6,18.2,1.82,71.27,8.46,19.54,43.83,4.07
22,CHATTISGARH,412,Dhamtari,Rural,136570,87.42,11.16,1.87,89.17,24.19,75.7,22.41,7.65,16.39,56.35,35.51,28.3,27.03,1.59,0.2,15.3,0.95,73.49,8.58,20.16,40.69,4.21
22,CHATTISGARH,412,Dhamtari,Urban,31708,93.16,6.22,37.89,59.08,53.59,35.53,70.27,43.9,46.97,49.29,60.69,53.67,51.58,8.31,2.35,30.69,5.57,61.72,7.93,16.85,57.35,3.49
22,CHATTISGARH,413,Uttar Bastar Kanker,Total,158184,69.67,28.05,4.89,93.35,19.75,80.01,11.0,2.95,13.73,49.65,23.4,22.8,21.76,2.58,0.37,12.33,1.22,70.44,10.37,21.04,51.42,3.01
22,CHATTISGARH,413,Uttar Bastar Kanker,Rural,141247,66.94,30.56,1.13,97.61,14.82,85.01,6.8,2.42,9.14,48.27,18.8,18.09,17.15,1.94,0.14,9.35,0.75,72.11,10.65,21.8,50.52,2.98
22,CHATTISGARH,413,Uttar Bastar Kanker,Urban,16937,92.47,7.09,36.27,57.78,60.87,38.29,46.06,7.34,51.96,61.19,61.78,62.11,60.22,7.96,2.25,37.2,5.17,56.53,8.05,14.73,58.95,3.24
22,CHATTISGARH,414,Bastar,Total,306807,51.38,47.26,7.2,90.81,20.31,79.17,16.01,8.54,11.56,40.4,16.35,19.11,18.27,2.95,0.58,10.69,1.38,62.58,12.37,28.29,46.81,3.3
22,CHATTISGARH,414,Bastar,Rural,265210,45.76,52.77,1.25,97.3,13.93,85.86,6.54,2.86,5.32,37.29,9.1,12.48,11.91,1.68,0.17,6.39,0.51,63.24,12.57,30.5,44.47,3.37
22,CHATTISGARH,414,Bastar,Urban,41597,87.23,12.11,45.09,49.4,60.99,36.48,76.39,44.71,51.36,60.24,62.55,61.34,58.77,11.04,3.2,38.09,6.9,58.4,11.08,14.2,61.77,2.88
22,CHATTISGARH,415,Narayanpur,Total,26953,34.56,59.87,5.13,93.39,10.73,89.2,16.44,4.86,8.79,25.56,15.31,15.1,14.43,2.19,0.32,7.33,0.73,54.96,15.12,36.92,38.69,4.07
22,CHATTISGARH,415,Narayanpur,Rural,22516,24.55,69.2,0.36,98.5,4.13,95.87,8.38,4.05,1.81,19.0,6.97,6.16,5.77,1.58,0.1,3.32,0.19,51.47,16.71,42.0,37.94,4.43
22,CHATTISGARH,415,Narayanpur,Urban,4437,85.4,12.53,29.37,67.48,44.24,55.33,57.38,8.99,44.2,58.85,57.61,60.45,58.37,5.27,1.44,27.7,3.47,72.66,7.01,11.11,42.51,2.23
22,CHATTISGARH,416,Dakshin Bastar Dantewada,Total,114067,38.23,56.76,9.12,88.5,15.32,83.95,12.3,10.23,10.78,31.52,14.73,18.94,18.13,3.4,0.84,9.44,1.6,28.76,9.09,55.11,49.51,3.16
22,CHATTISGARH,416,Dakshin Bastar Dantewada,Rural,92379,26.84,67.27,1.64,96.74,7.21,92.04,3.3,2.08,3.42,23.66,4.88,8.55,8.14,1.75,0.16,3.65,0.43,28.06,9.15,63.0,46.64,3.22
22,CHATTISGARH,416,Dakshin Bastar Dantewada,Urban,21688,86.73,12.03,41.0,53.37,49.82,49.48,50.65,44.97,42.13,65.01,56.68,63.22,60.65,10.43,3.71,34.11,6.58,31.74,8.81,21.51,61.78,2.9
22,CHATTISGARH,417,Bijapur,Total,50402,24.83,66.18,2.03,96.04,5.64,93.32,3.93,2.52,4.88,24.81,8.36,9.99,8.97,2.9,0.23,5.21,0.61,33.39,13.42,54.67,38.87,4.11
22,CHATTISGARH,417,Bijapur,Rural,44544,19.42,70.57,0.29,98.39,2.69,96.19,2.98,1.78,3.61,20.24,4.68,5.24,4.34,2.5,0.12,3.19,0.31,33.01,13.77,57.73,39.27,4.25
22,CHATTISGARH,417,Bijapur,Urban,5858,65.96,32.74,15.23,78.23,28.1,71.53,11.15,8.16,14.58,59.56,36.39,46.04,44.2,5.94,1.09,20.59,2.82,36.29,10.77,31.44,35.78,3.06
23,MADHYA PRADESH,418,Sheopur,Total,144748,51.66,46.47,8.08,63.4,12.93,86.53,13.9,6.23,13.91,41.46,20.22,39.63,38.62,3.73,0.19,12.35,1.13,22.23,8.67,44.55,37.35,5.03
23,MADHYA PRADESH,418,Sheopur,Rural,124647,45.43,52.52,1.96,66.94,5.78,93.97,3.07,1.36,5.98,39.23,13.71,34.64,33.74,3.59,0.06,10.32,0.92,21.81,9.22,48.84,34.31,5.33
23,MADHYA PRADESH,418,Sheopur,Urban,20101,90.29,8.93,46.05,41.43,57.25,40.37,81.06,36.43,63.09,55.31,60.55,70.57,68.82,4.6,0.97,24.96,2.4,24.83,5.26,17.92,56.24,3.17
23,MADHYA PRADESH,419,Morena,Total,362309,36.29,62.76,12.45,47.68,20.86,78.56,13.23,7.37,20.09,35.5,24.61,54.09,52.33,5.57,0.49,13.39,1.61,47.52,10.63,26.5,45.73,4.54
23,MADHYA PRADESH,419,Morena,Rural,286015,22.17,76.88,1.9,50.27,6.73,92.8,2.48,1.37,7.82,28.15,13.75,48.63,47.29,4.87,0.16,9.94,1.1,46.05,10.74,30.53,41.33,5.2
23,MADHYA PRADESH,419,Morena,Urban,76294,89.22,9.82,51.99,37.97,73.83,25.2,53.55,29.85,66.06,63.06,65.32,74.54,71.22,8.17,1.73,26.34,3.5,53.02,10.19,11.36,62.22,2.06
23,MADHYA PRADESH,420,Bhind,Total,298256,36.15,62.97,10.82,57.34,23.05,76.25,13.22,9.51,17.2,34.37,25.33,59.4,57.65,4.82,0.39,15.47,1.5,55.55,14.78,21.1,46.91,4.08
23,MADHYA PRADESH,420,Bhind,Rural,227645,22.75,76.43,1.61,60.06,9.33,89.94,1.21,0.53,6.63,26.87,15.38,55.22,53.82,4.44,0.16,12.5,1.12,53.51,15.82,24.16,43.84,4.58
23,MADHYA PRADESH,420,Bhind,Urban,70611,79.37,19.55,40.51,48.55,67.27,32.11,51.93,38.46,51.27,58.53,57.4,72.9,69.99,6.05,1.13,25.06,2.71,62.11,11.42,11.24,56.84,2.49
23,MADHYA PRADESH,421,Gwalior,Total,369505,83.05,15.85,44.67,30.02,59.82,38.18,44.26,36.8,48.16,55.14,63.01,68.51,64.22,12.57,4.27,34.15,5.77,52.71,14.97,13.5,61.84,2.99
23,MADHYA PRADESH,421,Gwalior,Rural,144130,61.44,36.6,4.64,47.61,17.26,81.71,7.3,3.5,13.11,33.58,32.7,52.68,50.92,4.5,0.29,17.31,1.88,46.45,10.81,26.16,47.34,4.55
23,MADHYA PRADESH,421,Gwalior,Urban,225375,96.86,2.59,70.27,18.77,87.05,10.33,67.91,58.09,70.57,68.93,82.4,78.64,72.72,17.74,6.82,44.92,8.25,56.71,17.63,5.4,71.12,1.99
23,MADHYA PRADESH,422,Datia,Total,159536,61.24,37.72,11.0,52.77,22.07,77.26,13.68,10.78,21.08,41.82,35.08,55.82,54.03,3.29,0.39,16.03,1.82,40.86,14.35,25.77,52.97,2.79
23,MADHYA PRADESH,422,Datia,Rural,126467,53.81,45.21,1.8,55.81,11.34,88.03,4.34,2.41,11.33,36.69,26.65,51.21,49.58,2.65,0.15,12.85,1.41,39.11,14.41,29.22,50.57,2.73
23,MADHYA PRADESH,422,Datia,Urban,33069,89.64,9.07,46.19,41.12,63.1,36.07,49.39,42.79,58.4,61.44,67.32,73.48,71.05,5.74,1.28,28.2,3.38,47.58,14.11,12.59,62.15,3.01
23,MADHYA PRADESH,423,Shivpuri,Total,356362,41.57,57.16,10.02,71.23,14.62,84.68,10.79,6.04,11.15,37.2,20.06,41.67,40.38,4.29,0.52,13.74,1.52,35.14,12.45,38.6,45.11,4.0
23,MADHYA PRADESH,423,Shivpuri,Rural,303041,32.74,66.06,2.35,76.37,5.64,94.01,3.45,1.46,5.7,33.36,11.77,36.76,35.82,3.33,0.12,10.16,0.95,32.88,12.29,43.06,41.5,4.21
23,MADHYA PRADESH,423,Shivpuri,Urban,53321,91.75,6.59,53.61,42.01,65.65,31.66,52.5,32.11,42.14,58.98,67.22,69.61,66.28,9.76,2.78,34.07,4.77,47.98,13.36,13.27,65.66,2.83
23,MADHYA PRADESH,424,Tikamgarh,Total,299214,44.36,54.99,7.18,83.05,10.2,89.43,5.78,4.27,8.73,37.34,21.0,46.83,45.51,3.64,0.36,11.83,1.38,51.45,17.05,28.0,54.24,2.83
23,MADHYA PRADESH,424,Tikamgarh,Rural,253752,38.85,60.48,1.81,87.44,3.93,95.74,1.39,0.56,4.11,33.42,15.14,42.97,41.94,2.95,0.15,9.22,1.0,50.6,17.5,30.45,52.43,2.86
23,MADHYA PRADESH,424,Tikamgarh,Urban,45462,75.12,24.33,37.16,58.54,45.18,54.23,30.26,25.03,34.49,59.17,53.68,68.36,65.47,7.51,1.55,26.36,3.53,56.17,14.52,14.35,64.38,2.68
23,MADHYA PRADESH,425,Chhatarpur,Total,370885,47.47,51.8,9.84,81.72,15.33,84.15,6.97,4.67,12.82,42.08,22.37,48.55,47.12,4.2,0.51,13.03,1.67,53.34,17.7,27.44,55.44,2.42
23,MADHYA PRADESH,425,Chhatarpur,Rural,299608,39.13,60.19,1.51,88.74,5.2,94.41,3.06,1.58,6.35,37.08,13.48,42.84,41.8,2.87,0.11,8.65,0.85,50.36,18.02,31.56,52.14,2.61
23,MADHYA PRADESH,425,Chhatarpur,Urban,71277,82.53,16.5,44.87,52.21,57.91,40.99,23.43,17.67,40.0,63.1,59.73,72.55,69.45,9.79,2.17,31.44,5.14,65.88,16.34,10.14,69.31,1.58
23,MADHYA PRADESH,426,Panna,Total,233654,32.57,66.89,5.69,79.7,10.19,89.32,8.77,5.65,11.09,44.54,13.18,35.52,34.43,3.64,0.28,7.91,0.95,41.2,18.38,39.07,50.77,2.91
23,MADHYA PRADESH,426,Panna,Rural,209035,27.24,72.2,1.91,82.21,5.05,94.5,5.26,2.7,7.31,42.58,8.37,31.82,31.06,3.09,0.11,5.9,0.59,39.29,18.55,41.97,49.48,2.99
23,MADHYA PRADESH,426,Panna,Urban,24619,77.8,21.84,37.78,58.43,53.84,45.32,38.6,30.68,43.17,61.17,54.06,66.9,63.03,8.3,1.73,25.03,3.96,57.4,16.91,14.46,61.74,2.28
23,MADHYA PRADESH,427,Sagar,Total,509355,71.95,27.4,13.44,77.19,25.11,73.19,21.33,16.29,21.11,38.64,31.53,41.82,39.76,4.87,0.89,13.98,2.22,34.22,15.99,36.48,49.31,4.14
23,MADHYA PRADESH,427,Sagar,Rural,376804,65.51,33.87,1.97,87.8,11.19,88.45,6.88,3.09,10.72,31.17,19.75,32.6,31.2,2.81,0.19,8.59,1.18,31.1,15.85,43.9,43.65,4.71
23,MADHYA PRADESH,427,Sagar,Urban,132551,90.27,9.04,46.07,47.05,64.65,29.78,62.4,53.81,50.64,59.89,65.03,68.04,64.1,10.73,2.88,29.3,5.16,43.1,16.41,15.39,65.4,2.53
23,MADHYA PRADESH,428,Damoh,Total,301115,62.35,37.16,7.73,83.1,14.4,85.12,12.6,7.48,12.02,30.45,21.93,34.8,33.04,3.49,0.48,9.41,1.01,38.64,15.23,41.06,44.63,4.65
23,MADHYA PRADESH,428,Damoh,Rural,250346,56.97,42.56,1.7,88.02,5.92,93.9,6.86,2.66,6.94,25.64,14.02,29.13,27.78,2.68,0.21,6.19,0.6,34.37,15.8,46.34,40.92,4.99
23,MADHYA PRADESH,428,Damoh,Urban,50769,88.86,10.51,37.43,58.8,56.22,41.83,40.89,31.23,37.07,54.22,60.95,62.74,59.0,7.5,1.79,25.26,3.0,59.72,12.42,15.04,62.93,2.94
23,MADHYA PRADESH,429,Satna,Total,478753,61.56,37.98,11.53,71.82,29.79,69.7,10.7,7.89,19.42,53.54,24.48,44.3,42.21,4.75,0.78,13.47,1.96,52.44,16.55,28.74,61.51,2.23
23,MADHYA PRADESH,429,Satna,Rural,390426,55.75,43.82,2.8,78.08,22.85,76.79,3.7,2.24,12.5,50.13,15.92,38.38,36.68,3.25,0.26,9.1,1.13,51.09,17.48,32.5,58.61,2.22
23,MADHYA PRADESH,429,Satna,Urban,88327,87.23,12.16,50.13,44.17,60.46,38.39,41.66,32.89,50.0,68.65,62.28,70.47,66.64,11.41,3.11,32.78,5.67,58.45,12.45,12.15,74.34,2.29
23,MADHYA PRADESH,430,Rewa,Total,540373,46.47,52.95,8.36,52.56,23.4,75.45,7.58,5.98,22.08,42.59,20.24,44.03,41.27,5.77,0.63,12.56,2.19,55.97,23.87,27.23,64.89,2.18
23,MADHYA PRADESH,430,Rewa,Rural,467403,40.73,58.72,2.44,54.05,17.76,81.27,2.7,1.81,17.63,38.68,14.66,40.28,37.89,4.75,0.2,9.39,1.37,55.35,24.24,29.4,63.2,2.14
23,MADHYA PRADESH,430,Rewa,Urban,72970,83.28,15.99,46.31,43.0,59.55,38.15,38.84,32.65,50.63,67.57,55.94,68.03,62.91,12.35,3.41,32.82,7.47,59.91,21.51,13.35,75.72,2.44
23,MADHYA PRADESH,431,Umaria,Total,144429,47.06,52.22,8.8,89.06,13.7,85.99,12.28,10.14,20.25,61.64,15.58,27.18,25.81,4.4,0.58,10.33,1.3,45.7,18.09,39.35,51.98,3.85
23,MADHYA PRADESH,431,Umaria,Rural,121448,40.77,58.44,1.56,96.53,5.84,93.9,3.41,2.35,13.6,60.79,7.71,20.09,19.06,3.57,0.17,5.72,0.73,43.88,18.77,43.66,48.64,4.18
23,MADHYA PRADESH,431,Umaria,Urban,22981,80.31,19.35,47.1,49.58,55.21,44.18,59.16,51.31,55.43,66.14,57.19,64.69,61.44,8.83,2.75,34.71,4.31,55.32,14.51,16.57,69.61,2.12
23,MADHYA PRADESH,432,Neemuch,Total,175666,82.69,16.66,19.73,68.77,26.29,70.42,42.31,23.24,28.87,42.25,41.71,59.96,56.21,4.75,1.11,27.07,2.56,47.98,9.35,22.66,56.13,2.42
23,MADHYA PRADESH,432,Neemuch,Rural,129968,78.29,21.03,6.17,81.35,13.17,86.13,28.43,9.42,18.87,36.33,30.63,53.86,50.76,2.71,0.39,22.47,1.29,46.0,9.12,27.49,50.89,2.78
23,MADHYA PRADESH,432,Neemuch,Urban,45698,95.2,4.23,58.31,33.01,63.61,25.74,81.8,62.54,57.29,59.09,73.25,77.3,71.73,10.54,3.14,40.15,6.18,53.64,10.0,8.9,71.03,1.38
23,MADHYA PRADESH,433,Mandsaur,Total,284411,84.34,15.02,16.78,69.19,24.01,74.02,35.31,20.26,24.45,38.96,38.64,58.71,55.58,4.4,0.82,22.04,1.91,43.34,11.76,24.44,52.05,2.2
23,MADHYA PRADESH,433,Mandsaur,Rural,229006,81.47,17.82,5.7,78.37,13.31,86.34,26.79,11.61,16.35,33.94,29.89,54.1,51.14,2.94,0.29,18.55,1.16,42.76,12.25,28.02,48.0,2.32
23,MADHYA PRADESH,433,Mandsaur,Urban,55405,96.24,3.44,62.58,31.27,68.24,23.08,70.54,56.02,57.93,59.7,74.83,77.77,73.93,10.41,3.0,36.48,5.01,45.74,9.75,9.68,68.77,1.69
23,MADHYA PRADESH,434,Ratlam,Total,293116,72.95,26.13,23.14,62.99,32.84,65.29,31.63,21.7,21.44,46.02,36.66,49.92,47.56,5.09,1.24,23.14,1.96,36.37,9.13,35.5,47.81,2.93
23,MADHYA PRADESH,434,Ratlam,Rural,211063,63.98,34.97,4.84,78.93,13.41,86.17,14.8,7.05,6.75,38.85,19.97,38.57,37.05,2.65,0.19,15.09,0.77,30.87,8.69,46.21,38.79,3.51
23,MADHYA PRADESH,434,Ratlam,Urban,82053,96.01,3.39,70.22,22.01,82.83,11.6,74.92,59.37,59.23,64.47,79.59,79.12,74.59,11.34,3.96,43.83,5.04,50.51,10.27,7.96,71.03,1.45
23,MADHYA PRADESH,435,Ujjain,Total,384278,84.15,15.2,32.14,54.42,43.02,54.44,33.67,29.2,29.11,47.99,47.27,64.67,61.65,7.22,1.95,27.95,3.17,42.59,11.83,21.45,51.51,3.07
23,MADHYA PRADESH,435,Ujjain,Rural,237288,76.35,22.97,6.57,76.2,17.86,81.69,7.57,3.63,9.13,37.74,28.19,55.78,53.83,3.06,0.18,20.58,1.3,35.29,9.75,30.02,41.27,3.79
23,MADHYA PRADESH,435,Ujjain,Urban,146990,96.75,2.67,73.43,19.25,83.64,10.46,75.81,70.47,61.36,64.54,78.07,79.01,74.28,13.92,4.81,39.84,6.18,54.38,15.2,7.62,68.03,1.91
23,MADHYA PRADESH,436,Shajapur,Total,298266,78.03,21.48,10.8,83.87,23.13,75.68,19.25,12.85,15.34,38.55,29.82,53.88,51.54,3.62,0.46,16.71,1.41,35.45,10.82,30.26,43.75,4.04
23,MADHYA PRADESH,436,Shajapur,Rural,243638,74.39,25.11,2.71,92.0,13.36,86.22,8.5,3.5,7.94,35.3,21.96,49.59,47.53,2.6,0.14,14.12,0.87,33.87,10.89,34.02,38.88,4.4
23,MADHYA PRADESH,436,Shajapur,Urban,54628,94.26,5.3,46.88,47.63,66.66,28.68,67.2,54.58,48.37,53.04,64.89,73.04,69.44,8.18,1.89,28.28,3.81,42.49,10.47,13.48,65.49,2.44
23,MADHYA PRADESH,437,Dewas,Total,304742,88.75,10.69,19.53,68.24,37.05,62.24,21.31,14.95,22.97,47.19,40.96,55.22,52.51,5.42,1.15,25.36,2.96,38.65,11.64,27.79,50.84,5.24
23,MADHYA PRADESH,437,Dewas,Rural,220809,85.61,13.78,4.9,80.93,21.73,77.72,9.55,4.72,14.35,41.92,28.67,47.32,45.23,3.09,0.25,20.33,1.71,31.6,8.71,35.03,44.72,6.24
23,MADHYA PRADESH,437,Dewas,Urban,83933,97.02,2.55,58.02,34.84,77.33,21.52,52.24,41.86,45.62,61.05,73.3,76.0,71.68,11.56,3.54,38.6,6.23,57.22,19.35,8.71,66.93,2.61
23,MADHYA PRADESH,438,Dhar,Total,419813,83.28,15.96,18.02,53.85,30.07,68.91,29.24,20.03,21.3,42.72,29.48,43.77,42.08,4.44,0.57,20.36,1.92,27.27,7.54,41.03,44.04,4.37
23,MADHYA PRADESH,438,Dhar,Rural,339844,80.43,18.83,7.08,60.64,19.17,80.15,19.66,10.12,13.51,39.19,20.59,36.18,34.77,3.58,0.24,17.62,1.31,25.71,6.41,47.7,38.8,4.7
23,MADHYA PRADESH,438,Dhar,Urban,79969,95.4,3.77,64.5,25.01,76.42,21.12,69.92,62.11,54.41,57.7,67.25,75.99,73.13,8.09,1.98,32.02,4.54,33.93,12.36,12.66,66.29,2.99
23,MADHYA PRADESH,439,Indore,Total,615334,96.46,2.95,67.8,18.68,78.11,18.88,47.3,42.27,49.1,61.84,75.46,77.97,72.2,18.12,7.91,46.64,10.54,51.82,32.48,8.09,69.04,3.16
23,MADHYA PRADESH,439,Indore,Rural,153259,91.44,7.94,23.21,43.92,41.5,57.58,13.99,10.5,19.93,46.92,50.14,62.92,59.85,5.92,1.12,35.81,4.46,44.62,18.59,19.94,54.05,4.59
23,MADHYA PRADESH,439,Indore,Urban,462075,98.13,1.3,82.58,10.3,90.25,6.05,58.35,52.81,58.78,66.79,83.86,82.96,76.3,22.16,10.17,50.23,12.56,54.21,37.09,4.16,74.01,2.69
23,MADHYA PRADESH,440,West Nimar,Total,366578,83.01,16.29,14.06,42.22,22.44,76.26,48.18,26.17,30.07,36.64,30.54,40.07,38.38,3.87,0.59,18.36,1.36,23.85,7.52,44.19,41.5,5.82
23,MADHYA PRADESH,440,West Nimar,Rural,309603,80.89,18.41,5.5,44.2,13.0,86.65,41.12,17.31,24.64,33.38,23.61,34.14,32.75,2.61,0.25,14.92,0.71,20.52,6.95,49.71,36.76,6.31
23,MADHYA PRADESH,440,West Nimar,Urban,56975,94.5,4.82,60.59,31.47,73.77,19.83,86.5,74.27,59.6,54.35,68.17,72.31,69.01,10.71,2.43,37.04,4.9,41.93,10.61,14.22,67.25,3.2
23,MADHYA PRADESH,441,Barwani,Total,243061,74.52,24.33,12.39,59.39,18.92,79.67,28.85,18.72,19.84,38.34,20.1,28.87,27.57,3.5,0.48,12.82,1.28,21.05,7.45,54.46,38.35,4.99
23,MADHYA PRADESH,441,Barwani,Rural,205589,71.37,27.35,3.9,64.44,10.32,89.09,17.72,8.71,15.09,35.6,11.88,21.68,20.7,2.47,0.14,9.24,0.64,18.82,7.0,61.18,34.67,5.16
23,MADHYA PRADESH,441,Barwani,Urban,37472,91.84,7.73,58.97,31.7,66.09,28.0,89.89,73.64,45.92,53.34,65.16,68.32,65.26,9.18,2.35,32.43,4.77,33.28,9.92,17.58,58.56,4.06
23,MADHYA PRADESH,442,Rajgarh,Total,341848,67.61,31.64,8.98,74.55,15.93,83.55,13.01,9.04,10.48,36.21,22.51,43.88,41.47,3.72,0.47,13.46,1.22,25.12,9.44,40.73,37.4,5.98
23,MADHYA PRADESH,442,Rajgarh,Rural,289795,63.22,35.99,2.14,79.46,7.83,91.81,3.34,1.85,4.47,32.88,15.55,38.66,36.5,3.07,0.23,11.28,0.77,24.38,9.23,45.24,33.14,6.48
23,MADHYA PRADESH,442,Rajgarh,Urban,52053,92.06,7.42,47.05,47.22,61.03,37.56,66.88,49.05,43.9,54.76,61.22,72.97,69.17,7.33,1.81,25.61,3.75,29.24,10.61,15.6,61.14,3.21
23,MADHYA PRADESH,443,Vidisha,Total,297419,61.03,38.17,13.99,57.65,24.71,74.68,15.93,11.81,26.96,37.43,32.47,50.65,49.05,4.33,0.65,18.53,1.91,23.83,10.47,34.97,55.2,2.8
23,MADHYA PRADESH,443,Vidisha,Rural,231876,52.82,46.41,2.41,63.48,11.49,88.28,6.56,3.14,17.6,32.53,23.53,45.15,43.98,2.74,0.13,14.86,1.29,20.44,11.08,40.43,51.78,3.01
23,MADHYA PRADESH,443,Vidisha,Urban,65543,90.08,9.01,54.99,37.02,71.48,26.57,49.1,42.48,60.09,54.76,64.1,70.1,66.98,9.98,2.49,31.52,4.1,35.85,8.33,15.65,67.32,2.08
23,MADHYA PRADESH,444,Bhopal,Total,487750,92.86,6.5,57.7,27.01,72.24,25.24,59.56,51.36,48.59,61.91,69.66,72.56,67.09,19.42,8.36,43.7,12.38,32.76,26.29,12.55,63.86,2.94
23,MADHYA PRADESH,444,Bhopal,Rural,91084,74.7,24.3,8.88,82.93,21.5,78.04,10.23,3.97,15.38,36.46,37.22,47.8,44.37,4.04,0.69,23.87,3.04,25.82,12.89,34.21,49.08,4.28
23,MADHYA PRADESH,444,Bhopal,Urban,396666,97.03,2.41,68.91,14.17,83.89,13.12,70.89,62.24,56.22,67.76,77.11,78.24,72.31,22.95,10.12,48.25,14.52,34.36,29.36,7.57,67.26,2.64
23,MADHYA PRADESH,445,Sehore,Total,251586,84.32,15.23,12.27,79.67,31.89,67.53,16.91,9.66,21.87,52.42,39.75,56.19,50.51,4.44,0.62,24.02,2.4,32.85,9.8,27.65,52.72,5.87
23,MADHYA PRADESH,445,Sehore,Rural,206935,82.07,17.5,3.11,88.29,21.7,77.75,9.54,3.98,15.66,49.6,33.01,51.68,46.04,3.62,0.27,21.16,1.76,29.67,9.26,31.54,49.8,6.6
23,MADHYA PRADESH,445,Sehore,Urban,44651,94.74,4.68,54.72,39.73,79.13,20.19,51.08,35.95,50.63,65.49,70.99,77.06,71.22,8.21,2.24,37.28,5.39,47.58,12.28,9.63,66.25,2.5
23,MADHYA PRADESH,446,Raisen,Total,274210,70.88,27.94,12.58,76.74,30.15,69.33,20.29,11.52,25.74,35.2,31.82,48.62,47.29,3.62,0.42,17.55,2.19,23.42,11.04,36.15,49.25,6.48
23,MADHYA PRADESH,446,Raisen,Rural,214616,65.36,33.26,3.14,85.2,18.52,81.0,10.06,4.35,18.99,29.51,24.63,42.8,41.63,2.84,0.16,15.1,1.55,21.52,10.11,41.4,46.39,7.17
23,MADHYA PRADESH,446,Raisen,Urban,59594,90.79,8.78,46.58,46.29,72.01,27.29,57.15,37.35,50.06,55.67,57.74,69.57,67.68,6.43,1.32,26.38,4.53,30.28,14.37,17.24,59.56,4.0
23,MADHYA PRADESH,447,Betul,Total,327074,70.62,27.2,13.84,79.89,24.82,74.87,27.14,13.47,20.89,61.98,28.92,37.03,33.66,4.21,0.64,18.11,1.75,35.01,12.41,40.4,53.09,4.41
23,MADHYA PRADESH,447,Betul,Rural,260878,64.76,32.61,2.78,91.15,12.95,86.78,17.42,6.39,13.28,59.76,18.23,28.04,24.84,2.79,0.22,11.99,0.87,31.25,11.29,47.62,49.62,4.78
23,MADHYA PRADESH,447,Betul,Urban,66196,93.71,5.85,57.42,35.48,71.63,27.96,65.44,41.38,50.87,70.73,71.04,72.43,68.41,9.8,2.33,42.23,5.24,49.85,16.82,11.94,66.77,2.97
23,MADHYA PRADESH,448,Harda,Total,110981,85.66,13.78,19.98,74.92,46.64,52.15,19.7,13.07,34.58,45.09,41.14,57.32,55.24,4.84,0.89,27.89,3.2,26.15,6.0,30.05,53.99,6.99
23,MADHYA PRADESH,448,Harda,Rural,88422,83.29,16.1,8.61,86.09,38.32,61.45,8.73,5.29,28.14,40.12,33.01,51.63,49.91,3.16,0.47,24.99,2.63,21.35,5.95,35.36,50.13,7.65
23,MADHYA PRADESH,448,Harda,Urban,22559,94.96,4.66,64.56,31.14,79.27,15.72,62.67,43.57,59.83,64.58,73.01,79.61,76.13,11.45,2.54,39.24,5.47,44.97,6.23,9.23,69.11,4.4
23,MADHYA PRADESH,449,Hoshangabad,Total,252562,78.43,20.79,24.32,67.24,48.33,50.71,25.71,16.46,43.1,49.89,44.49,54.84,52.69,5.72,1.14,26.71,2.9,42.23,8.96,25.55,52.75,8.06
23,MADHYA PRADESH,449,Hoshangabad,Rural,174226,71.19,27.94,5.96,83.73,33.83,65.79,9.68,7.32,31.86,41.49,31.14,45.51,43.77,2.86,0.3,20.6,1.73,38.76,8.32,32.51,45.89,10.18
23,MADHYA PRADESH,449,Hoshangabad,Urban,78336,94.51,4.88,65.14,30.57,80.58,17.18,61.37,36.8,68.1,68.55,74.19,75.61,72.54,12.09,3.0,40.3,5.51,49.95,10.39,10.05,67.99,3.35
23,MADHYA PRADESH,450,Katni,Total,289026,59.65,39.87,13.18,84.17,19.44,80.07,17.32,10.61,19.08,50.39,26.37,34.9,33.32,4.53,0.75,12.23,1.37,46.35,12.36,35.96,52.93,3.99
23,MADHYA PRADESH,450,Katni,Rural,234239,52.55,47.05,2.71,95.29,8.58,91.06,8.88,4.26,9.39,46.55,15.44,26.53,25.34,3.12,0.2,6.61,0.61,44.09,12.97,41.85,49.18,4.36
23,MADHYA PRADESH,450,Katni,Urban,54787,90.05,9.17,57.92,36.6,65.84,33.05,53.39,37.77,60.52,66.82,73.09,70.68,67.43,10.57,3.13,36.26,4.61,56.0,9.74,10.75,68.98,2.4
23,MADHYA PRADESH,451,Jabalpur,Total,515029,87.77,11.64,37.39,57.6,55.69,41.66,44.65,37.07,36.39,57.64,55.38,53.34,49.46,11.38,3.97,30.03,5.14,52.71,18.83,21.37,58.73,4.17
23,MADHYA PRADESH,451,Jabalpur,Rural,236023,79.22,20.27,4.81,91.96,26.76,72.69,12.2,7.1,13.2,49.53,28.85,30.16,28.65,3.04,0.34,11.57,1.22,43.94,12.12,37.27,48.13,5.66
23,MADHYA PRADESH,451,Jabalpur,Urban,279006,94.99,4.34,64.95,28.54,80.16,15.4,72.11,62.42,56.02,64.51,77.83,72.95,67.07,18.43,7.04,45.65,8.46,60.12,24.51,7.92,67.7,2.9
23,MADHYA PRADESH,452,Narsimhapur,Total,247616,69.52,29.38,11.49,79.38,35.15,64.05,22.17,15.28,28.45,39.5,28.92,36.62,33.79,3.94,0.65,16.06,1.88,34.15,9.25,41.42,44.53,9.15
23,MADHYA PRADESH,452,Narsimhapur,Rural,204994,65.57,33.29,3.38,86.93,27.53,72.0,13.44,8.12,22.05,35.7,21.79,30.92,28.38,2.89,0.26,13.05,1.36,32.13,9.04,46.06,41.23,9.83
23,MADHYA PRADESH,452,Narsimhapur,Urban,42622,88.54,10.58,50.5,43.08,71.81,25.81,64.17,49.76,59.27,57.75,63.18,64.03,59.82,8.96,2.49,30.52,4.4,43.87,10.23,19.14,60.41,5.9
23,MADHYA PRADESH,453,Dindori,Total,168999,36.91,60.75,2.71,94.84,5.88,93.33,6.79,4.7,5.95,69.1,8.15,15.36,14.32,3.81,0.33,4.72,0.76,15.82,15.13,64.9,46.56,2.79
23,MADHYA PRADESH,453,Dindori,Rural,161808,34.81,62.77,1.01,96.84,3.69,95.53,4.19,2.88,4.15,69.66,6.0,13.24,12.27,3.52,0.24,3.68,0.59,15.42,15.2,66.76,46.1,2.67
23,MADHYA PRADESH,453,Dindori,Urban,7191,84.13,15.28,40.95,49.88,55.35,43.79,65.3,45.46,46.42,56.38,56.39,62.95,60.39,10.35,2.21,28.12,4.62,24.85,13.38,23.03,56.83,5.51
23,MADHYA PRADESH,454,Mandla,Total,249187,57.71,41.41,7.39,90.77,13.33,86.17,13.49,9.55,12.29,77.53,16.29,20.74,19.36,3.63,0.37,7.98,0.9,32.42,12.15,51.87,54.22,4.27
23,MADHYA PRADESH,454,Mandla,Rural,220889,53.64,45.42,2.09,96.47,6.7,93.22,7.81,4.14,7.06,79.18,10.25,15.38,14.22,2.91,0.13,4.86,0.49,30.5,11.69,56.16,52.54,4.3
23,MADHYA PRADESH,454,Mandla,Urban,28298,89.48,10.05,48.79,46.27,65.1,31.16,57.78,51.78,53.09,64.66,63.45,62.59,59.47,9.27,2.2,32.35,4.07,47.46,15.71,18.42,67.36,4.01
23,MADHYA PRADESH,455,Chhindwara,Total,438389,78.67,20.68,16.72,77.3,25.53,73.29,37.45,21.62,23.29,55.43,31.55,34.32,31.41,4.57,0.82,17.18,1.88,36.26,14.63,39.33,49.05,4.75
23,MADHYA PRADESH,455,Chhindwara,Rural,330846,74.31,24.98,5.31,89.82,12.26,87.5,24.43,9.47,14.44,51.56,20.69,25.53,22.8,2.82,0.24,11.69,0.96,34.19,13.38,46.33,44.59,5.08
23,MADHYA PRADESH,455,Chhindwara,Urban,107543,92.08,7.44,51.81,38.77,66.32,29.6,77.48,59.02,50.52,67.36,64.97,61.39,57.91,9.96,2.61,34.09,4.7,42.64,18.47,17.8,62.76,3.73
23,MADHYA PRADESH,456,Seoni,Total,313274,73.0,26.55,8.58,85.95,21.79,77.78,21.05,12.64,19.49,53.64,21.36,27.07,25.33,3.33,0.38,12.09,1.29,44.97,8.95,39.95,52.08,4.78
23,MADHYA PRADESH,456,Seoni,Rural,277982,70.57,28.95,2.53,91.98,15.17,84.58,14.59,6.08,14.81,52.64,15.63,22.14,20.61,2.5,0.12,9.22,0.85,44.54,8.65,42.97,49.96,4.95
23,MADHYA PRADESH,456,Seoni,Urban,35292,92.12,7.64,56.27,38.4,73.93,24.26,71.94,64.29,56.37,61.56,66.51,65.89,62.52,9.85,2.44,34.67,4.8,48.34,11.33,16.13,68.82,3.45
23,MADHYA PRADESH,457,Balaghat,Total,394310,70.48,28.99,6.92,90.55,18.65,81.1,9.71,5.8,22.08,38.5,20.92,25.59,23.65,3.37,0.43,11.71,1.03,64.02,13.6,26.99,57.77,5.12
23,MADHYA PRADESH,457,Balaghat,Rural,341221,67.52,31.96,1.54,96.27,11.72,88.05,4.82,2.27,17.79,35.6,14.65,19.94,18.37,2.43,0.12,8.11,0.51,63.9,12.78,29.05,56.3,5.39
23,MADHYA PRADESH,457,Balaghat,Urban,53089,89.56,9.93,41.47,53.82,63.14,36.42,41.09,28.47,49.63,57.11,61.22,61.9,57.62,9.46,2.44,34.85,4.33,64.76,18.88,13.77,67.21,3.44
23,MADHYA PRADESH,458,Guna,Total,241433,59.75,39.19,14.16,72.92,19.84,79.47,19.17,16.33,20.96,34.03,33.4,50.07,48.28,4.86,1.03,18.05,2.47,31.72,15.25,32.31,51.55,3.01
23,MADHYA PRADESH,458,Guna,Rural,183767,51.11,47.89,2.26,82.85,7.38,92.17,5.46,3.63,9.05,27.19,22.74,43.46,42.18,3.05,0.13,13.95,1.51,27.86,15.69,38.2,47.91,2.93
23,MADHYA PRADESH,458,Guna,Urban,57666,87.26,11.47,52.06,41.29,59.56,38.96,62.84,56.8,58.94,55.8,67.38,71.14,67.72,10.62,3.9,31.11,5.55,43.99,13.86,13.56,63.14,3.26
23,MADHYA PRADESH,459,Ashoknagar,Total,170704,49.63,49.51,9.31,58.97,15.36,84.13,10.25,8.0,17.85,30.38,25.13,47.6,45.95,3.52,0.36,13.85,1.39,25.56,12.04,37.58,54.58,2.49
23,MADHYA PRADESH,459,Ashoknagar,Rural,141801,42.47,56.71,2.23,60.75,7.03,92.58,4.11,2.59,11.79,26.04,17.71,43.63,42.25,2.97,0.12,11.89,1.08,24.07,13.03,41.53,53.38,2.66
23,MADHYA PRADESH,459,Ashoknagar,Urban,28903,84.75,14.2,44.03,50.25,56.27,42.66,40.39,34.56,47.59,51.71,61.56,67.04,64.11,6.23,1.54,23.47,2.91,32.88,7.17,18.16,60.51,1.65
23,MADHYA PRADESH,460,Shahdol,Total,248783,45.5,53.93,9.75,85.12,17.52,81.87,10.55,8.23,30.14,62.22,18.36,29.04,27.59,4.35,0.7,11.99,1.54,53.18,21.55,33.29,55.61,2.86
23,MADHYA PRADESH,460,Shahdol,Rural,204690,36.85,62.59,1.68,95.19,7.57,91.97,2.28,1.47,24.03,60.2,8.81,20.74,19.77,3.01,0.2,6.65,0.65,51.48,21.77,37.81,52.93,2.89
23,MADHYA PRADESH,460,Shahdol,Urban,44093,85.63,13.75,47.23,38.38,63.74,34.99,48.94,39.6,58.47,71.59,62.72,67.59,63.91,10.54,3.01,36.81,5.64,61.1,20.5,12.3,68.02,2.74
23,MADHYA PRADESH,461,Anuppur,Total,168819,48.18,51.45,13.85,80.55,17.67,81.56,17.69,14.96,28.01,69.67,24.33,33.78,32.06,4.3,0.76,17.22,1.71,50.34,16.13,33.78,64.24,1.96
23,MADHYA PRADESH,461,Anuppur,Rural,126225,35.31,64.36,1.83,95.68,4.42,94.77,1.91,1.33,18.07,67.96,11.01,21.59,20.4,2.67,0.18,8.69,0.66,46.56,17.0,41.04,61.37,1.87
23,MADHYA PRADESH,461,Anuppur,Urban,42594,86.33,13.19,49.49,35.74,56.92,42.41,64.45,55.35,57.44,74.76,63.77,69.92,66.61,9.15,2.49,42.49,4.83,61.53,13.54,12.28,72.75,2.21
23,MADHYA PRADESH,462,Sidhi,Total,238474,42.87,56.03,4.01,87.52,7.48,91.8,3.66,2.48,16.68,37.46,11.11,34.68,33.61,4.52,0.35,7.56,1.39,38.14,22.36,42.12,60.76,1.9
23,MADHYA PRADESH,462,Sidhi,Rural,220630,39.23,59.61,1.22,89.9,4.12,95.16,1.65,0.89,15.01,35.25,8.12,32.31,31.27,4.37,0.24,6.04,1.09,37.32,22.51,43.92,59.88,1.93
23,MADHYA PRADESH,462,Sidhi,Urban,17844,87.84,11.72,38.49,58.09,49.04,50.16,28.54,22.05,37.23,64.8,48.13,64.07,62.53,6.43,1.72,26.32,5.08,48.3,20.45,19.87,71.62,1.55
23,MADHYA PRADESH,463,Singrauli,Total,237186,30.82,68.06,9.33,80.52,11.31,87.8,7.96,6.79,20.58,47.96,14.4,34.53,33.43,5.88,1.11,13.09,2.78,43.28,16.3,39.46,56.78,2.01
23,MADHYA PRADESH,463,Singrauli,Rural,193734,20.19,78.65,0.9,90.68,2.16,97.25,1.57,0.83,12.93,41.47,4.42,25.47,24.89,3.49,0.08,5.92,0.9,39.25,17.01,46.19,53.74,1.88
23,MADHYA PRADESH,463,Singrauli,Urban,43452,78.21,20.83,46.96,35.21,52.08,45.66,36.43,33.4,54.71,76.89,58.93,74.88,71.52,16.53,5.69,45.07,11.17,61.22,13.15,9.46,70.31,2.58
23,MADHYA PRADESH,464,Jhabua,Total,207621,60.4,38.96,8.04,67.03,11.7,87.74,10.7,7.45,9.37,42.42,10.82,28.96,28.26,2.69,0.36,9.67,1.07,15.08,4.6,60.25,35.67,4.83
23,MADHYA PRADESH,464,Jhabua,Rural,190362,57.26,42.08,2.79,70.7,5.79,93.89,5.11,1.73,4.67,40.11,5.29,24.5,24.06,1.81,0.1,6.89,0.6,14.45,4.0,64.5,32.31,5.11
23,MADHYA PRADESH,464,Jhabua,Urban,17259,95.07,4.56,65.87,26.53,76.85,19.86,72.36,70.59,61.17,67.95,71.87,78.14,74.51,12.42,3.24,40.29,6.22,22.1,11.26,13.33,72.75,1.78
23,MADHYA PRADESH,465,Alirajpur,Total,131747,61.49,35.72,6.85,88.68,10.52,88.98,5.56,3.9,11.41,36.15,8.55,25.38,24.68,3.89,0.23,7.51,0.89,21.08,6.48,57.57,36.54,3.91
23,MADHYA PRADESH,465,Alirajpur,Rural,121337,58.59,38.41,1.95,93.82,4.96,94.55,1.26,0.87,7.99,33.66,3.44,20.78,20.33,3.44,0.06,4.96,0.51,20.61,5.97,61.48,33.88,4.03
23,MADHYA PRADESH,465,Alirajpur,Urban,10410,95.21,4.32,63.95,28.77,75.27,24.0,55.73,39.2,51.28,65.09,68.15,78.98,75.44,9.11,2.13,37.2,5.36,26.57,12.4,11.91,67.64,2.58
23,MADHYA PRADESH,466,East Nimar,Total,265657,76.31,22.81,15.39,65.21,26.93,71.54,33.52,22.76,22.95,49.27,29.44,37.78,36.08,3.92,0.72,16.76,1.39,26.33,14.23,43.24,44.18,7.36
23,MADHYA PRADESH,466,East Nimar,Rural,216711,72.42,26.65,4.83,72.9,17.36,82.38,23.75,12.38,15.99,47.47,19.84,30.17,29.02,2.2,0.18,11.94,0.71,22.03,12.22,50.32,39.58,8.03
23,MADHYA PRADESH,466,East Nimar,Urban,48946,93.5,5.82,62.16,31.15,69.32,23.56,76.81,68.73,53.78,57.27,71.95,71.52,67.36,11.5,3.08,38.09,4.42,45.39,23.12,11.89,64.58,4.37
23,MADHYA PRADESH,467,Burhanpur,Total,144154,77.99,21.15,28.08,57.37,35.11,58.48,65.92,15.89,35.16,42.47,40.6,38.85,37.07,3.51,0.68,15.58,1.49,25.92,7.79,40.96,48.22,5.6
23,MADHYA PRADESH,467,Burhanpur,Rural,96440,69.79,29.25,11.5,68.4,18.54,80.54,50.67,14.8,26.4,40.49,27.03,28.4,27.18,1.77,0.17,11.85,1.08,17.34,7.85,52.23,45.16,6.43
23,MADHYA PRADESH,467,Burhanpur,Urban,47714,94.55,4.78,61.59,35.07,68.6,13.88,96.74,18.09,52.87,46.49,68.03,59.96,57.04,7.03,1.72,23.11,2.31,43.27,7.65,18.19,54.39,3.93
24,GUJARAT,468,Kachchh,Total,444761,90.68,7.52,31.49,53.61,63.01,34.98,82.55,40.72,70.38,57.18,56.3,76.3,74.22,7.19,2.17,31.6,6.47,18.86,15.41,16.22,74.98,1.07
24,GUJARAT,468,Kachchh,Rural,285991,87.43,10.39,16.39,69.61,49.17,48.44,78.65,27.21,63.94,51.18,45.33,71.92,70.51,3.59,0.67,22.6,4.36,14.18,13.45,20.95,73.52,1.12
24,GUJARAT,468,Kachchh,Urban,158770,96.52,2.35,58.69,24.8,87.94,10.72,89.57,65.05,81.99,67.99,76.06,84.18,80.91,13.67,4.87,47.81,10.28,27.31,18.94,7.69,77.59,1.0
24,GUJARAT,469,Banas Kantha,Total,561128,70.73,24.05,15.12,73.75,26.02,73.32,61.99,15.91,52.62,55.38,25.8,65.94,64.51,4.13,0.61,12.24,4.05,13.53,9.56,28.08,59.79,3.61
24,GUJARAT,469,Banas Kantha,Rural,479308,66.91,27.25,7.93,81.47,17.15,82.29,56.85,10.44,47.69,54.13,19.01,63.69,62.46,2.97,0.29,8.62,3.31,11.85,9.41,30.58,57.24,3.97
24,GUJARAT,469,Banas Kantha,Urban,81820,93.08,5.29,57.21,28.5,78.0,20.79,92.1,47.91,81.53,62.69,65.62,79.12,76.47,10.89,2.5,33.42,8.38,23.35,10.42,13.39,74.72,1.52
24,GUJARAT,470,Patan,Total,269174,83.0,14.55,24.63,64.91,46.06,52.26,86.6,23.93,67.84,52.44,40.12,65.69,62.82,4.78,0.83,15.32,2.9,24.62,8.32,24.83,61.99,3.28
24,GUJARAT,470,Patan,Rural,210593,79.73,17.42,13.91,76.17,35.94,62.92,83.86,19.02,62.66,48.59,31.59,62.63,59.99,3.07,0.35,10.12,1.99,19.53,8.33,28.38,58.92,3.78
24,GUJARAT,470,Patan,Urban,58581,94.79,4.25,63.19,24.45,82.43,13.95,96.42,41.59,86.46,66.28,70.82,76.72,72.98,10.92,2.56,34.0,6.15,42.93,8.31,12.06,73.03,1.49
24,GUJARAT,471,Mahesana,Total,425907,90.54,7.81,42.49,43.64,54.67,43.88,88.23,43.65,77.1,63.74,57.56,70.78,67.09,7.92,1.82,28.08,5.91,33.77,10.57,18.45,67.76,2.23
24,GUJARAT,471,Mahesana,Rural,318040,88.89,9.25,32.78,51.75,44.38,54.55,87.69,36.06,74.26,60.5,50.87,66.69,63.18,4.63,0.77,21.49,3.7,30.44,9.31,21.63,64.67,2.55
24,GUJARAT,471,Mahesana,Urban,107867,95.41,3.54,71.13,19.74,85.0,12.44,89.84,66.04,85.46,73.29,77.26,82.83,78.61,17.61,4.91,47.48,12.4,43.57,14.27,9.06,76.87,1.29
24,GUJARAT,472,Sabar Kantha,Total,478497,91.66,6.58,20.7,56.07,38.16,60.57,61.49,11.79,52.51,59.42,37.81,56.31,53.06,5.31,1.1,25.58,4.68,23.42,7.67,32.35,59.04,2.01
24,GUJARAT,472,Sabar Kantha,Rural,404203,90.89,7.31,14.21,61.31,31.08,68.01,55.87,6.19,47.8,57.62,32.45,52.93,49.89,4.01,0.61,22.44,3.63,22.83,7.02,35.47,56.78,2.09
24,GUJARAT,472,Sabar Kantha,Urban,74294,95.87,2.59,55.97,27.54,76.66,20.09,92.09,42.26,78.11,69.2,66.93,74.66,70.31,12.4,3.79,42.64,10.35,26.6,11.21,15.38,71.32,1.6
24,GUJARAT,473,Gandhinagar,Total,287200,91.41,6.8,46.2,41.37,59.6,38.91,89.64,52.6,77.33,63.62,62.18,71.32,67.8,11.72,4.22,37.25,9.19,42.39,21.71,16.08,66.95,1.85
24,GUJARAT,473,Gandhinagar,Rural,160460,89.85,8.14,27.7,56.53,42.83,56.23,88.0,35.57,70.13,55.76,50.45,63.13,60.51,4.49,0.85,24.89,4.29,35.18,13.58,22.07,61.08,2.3
24,GUJARAT,473,Gandhinagar,Urban,126740,93.4,5.11,69.61,22.17,80.83,16.99,91.71,74.17,86.44,73.56,77.04,81.69,77.01,20.88,8.47,52.9,15.38,51.51,32.01,8.49,74.38,1.26
24,GUJARAT,474,Ahmadabad,Total,1494656,97.42,1.92,64.56,18.93,83.03,13.31,84.67,67.03,86.07,67.33,77.59,80.05,74.88,18.31,8.45,46.34,11.7,45.53,33.52,7.98,72.74,0.81
24,GUJARAT,474,Ahmadabad,Rural,228886,92.13,6.36,10.55,70.77,32.87,65.8,73.44,20.23,59.88,50.52,49.06,61.63,59.23,3.19,0.44,18.47,2.39,30.49,13.64,22.7,57.47,1.99
24,GUJARAT,474,Ahmadabad,Urban,1265770,98.37,1.12,74.33,9.56,92.1,3.82,86.7,75.49,90.81,70.37,82.74,83.38,77.71,21.04,9.9,51.38,13.38,48.25,37.12,5.32,75.5,0.6
24,GUJARAT,475,Surendranagar,Total,342337,88.24,9.58,22.74,55.13,35.27,62.44,69.6,34.99,57.96,52.18,51.88,71.87,69.84,4.47,0.87,29.05,2.95,39.46,12.82,16.38,65.29,2.05
24,GUJARAT,475,Surendranagar,Rural,241831,85.45,11.8,9.87,66.89,20.83,78.36,60.64,20.14,49.35,48.09,42.56,68.88,67.17,2.56,0.31,24.96,1.96,33.44,12.17,19.64,61.34,2.3
24,GUJARAT,475,Surendranagar,Urban,100506,94.93,4.23,53.72,26.83,70.02,24.12,91.16,70.72,78.66,62.03,74.3,79.06,76.28,9.08,2.21,38.88,5.31,53.94,14.37,8.53,74.79,1.45
24,GUJARAT,476,Rajkot,Total,782631,95.49,3.68,46.27,21.28,69.43,27.74,83.26,52.93,77.33,65.28,73.07,83.3,79.4,8.61,2.78,54.78,7.06,45.43,27.03,7.03,74.25,1.24
24,GUJARAT,476,Rajkot,Rural,313713,92.54,6.41,16.65,35.7,43.97,54.56,76.37,18.89,67.23,64.81,58.96,78.43,75.31,2.94,0.5,46.83,3.16,35.76,14.82,11.16,70.04,1.52
24,GUJARAT,476,Rajkot,Urban,468918,97.47,1.86,66.09,11.63,86.45,9.8,87.86,75.71,84.08,65.59,82.5,86.56,82.14,12.4,4.31,60.1,9.68,51.9,35.19,4.27,77.06,1.06
24,GUJARAT,477,Jamnagar,Total,424336,91.09,6.93,33.69,36.27,57.23,39.75,68.47,37.99,65.1,65.28,63.76,78.23,75.26,7.16,2.73,43.64,4.82,37.06,15.79,10.37,71.85,1.34
24,GUJARAT,477,Jamnagar,Rural,230295,86.44,11.0,10.47,54.01,34.83,63.4,57.77,16.24,53.46,64.01,49.23,76.48,74.04,3.12,0.56,41.3,2.9,28.34,16.2,13.77,68.29,1.64
24,GUJARAT,477,Jamnagar,Urban,194041,96.62,2.11,61.25,15.22,83.82,11.68,81.17,63.82,78.92,66.79,81.01,80.32,76.7,11.95,5.3,46.42,7.1,47.41,15.31,6.33,76.08,0.97
24,GUJARAT,478,Porbandar,Total,124769,93.81,5.18,33.41,43.08,57.94,38.71,62.11,42.51,58.42,68.92,64.78,74.31,71.1,4.52,1.32,36.19,3.52,32.69,14.04,13.51,70.6,1.82
24,GUJARAT,478,Porbandar,Rural,63553,90.31,8.03,10.2,68.03,39.15,59.35,44.95,17.02,48.95,70.13,51.4,71.95,69.43,2.59,0.42,33.17,2.67,24.11,12.83,18.14,67.21,2.35
24,GUJARAT,478,Porbandar,Urban,61216,97.43,2.21,57.51,17.17,77.44,17.27,79.92,68.96,68.25,67.67,78.66,76.75,72.83,6.52,2.26,39.33,4.41,41.6,15.3,8.71,74.12,1.27
24,GUJARAT,479,Junagadh,Total,526674,94.62,4.52,27.45,53.21,59.57,38.43,63.88,19.73,60.35,66.15,60.56,77.2,74.29,5.12,1.26,37.14,3.31,36.0,11.45,12.13,68.71,1.59
24,GUJARAT,479,Junagadh,Rural,346939,92.98,5.99,11.8,66.75,46.04,52.61,61.61,13.86,54.71,66.91,52.68,75.18,72.46,2.82,0.5,34.74,2.02,34.38,10.96,14.3,65.6,1.71
24,GUJARAT,479,Junagadh,Urban,179735,97.78,1.69,57.66,27.08,85.69,11.06,68.25,31.05,71.23,64.66,75.76,81.09,77.84,9.58,2.71,41.78,5.81,39.13,12.4,7.94,74.71,1.36
24,GUJARAT,480,Amreli,Total,294071,92.95,5.34,27.33,42.46,58.84,39.63,68.13,17.08,64.97,63.21,55.86,75.62,72.4,4.34,0.86,38.73,3.48,32.81,10.61,14.46,70.65,1.53
24,GUJARAT,480,Amreli,Rural,218891,91.73,6.3,16.37,47.96,52.14,46.76,62.89,12.38,61.08,63.05,49.63,74.38,71.26,2.97,0.51,37.81,2.71,28.77,10.51,16.23,69.4,1.72
24,GUJARAT,480,Amreli,Urban,75180,96.48,2.54,59.25,26.46,78.37,18.84,83.39,30.79,76.3,63.66,74.0,79.25,75.75,8.34,1.88,41.44,5.72,44.56,10.9,9.28,74.29,0.98
24,GUJARAT,481,Bhavnagar,Total,542464,92.31,6.15,31.58,45.73,53.87,43.85,72.0,42.8,66.65,50.71,54.08,73.82,71.28,5.33,1.35,37.03,3.23,44.04,13.76,13.1,68.76,1.35
24,GUJARAT,481,Bhavnagar,Rural,303727,89.45,8.96,11.13,63.0,32.11,66.44,61.7,22.45,56.51,45.46,41.32,71.35,69.32,2.28,0.31,32.21,1.81,39.04,13.09,16.28,65.32,1.51
24,GUJARAT,481,Bhavnagar,Urban,238737,95.96,2.58,57.61,23.75,81.55,15.11,85.11,68.67,79.55,57.38,70.31,76.96,73.77,9.22,2.67,43.16,5.04,50.4,14.62,9.05,73.14,1.13
24,GUJARAT,482,Anand,Total,427164,88.56,9.6,34.44,55.43,53.98,44.75,75.74,36.13,66.42,56.16,47.63,57.16,52.02,7.61,2.32,24.49,4.53,40.37,14.99,24.1,61.46,1.87
24,GUJARAT,482,Anand,Rural,297069,86.33,11.54,20.3,69.08,41.26,57.95,72.77,22.72,59.74,51.14,38.38,50.05,45.35,4.19,0.83,17.64,2.39,38.49,12.83,29.36,56.59,2.09
24,GUJARAT,482,Anand,Urban,130095,93.66,5.15,66.73,24.25,83.03,14.59,82.54,66.76,81.67,67.61,68.76,73.42,67.25,15.43,5.72,40.13,9.43,44.69,19.91,12.11,72.58,1.35
24,GUJARAT,483,Kheda,Total,462134,80.55,17.07,21.63,64.23,37.35,61.37,65.36,29.19,50.55,46.02,37.08,47.33,44.28,5.3,1.24,18.27,2.77,31.67,13.25,33.99,59.38,2.3
24,GUJARAT,483,Kheda,Rural,358132,77.12,20.16,11.17,73.67,25.4,73.82,59.47,18.79,42.02,41.58,28.71,41.22,38.8,3.53,0.46,13.37,1.61,29.33,11.13,39.15,55.27,2.53
24,GUJARAT,483,Kheda,Urban,104002,92.34,6.43,57.67,31.72,78.49,18.5,85.64,64.99,79.89,61.29,65.9,68.37,63.14,11.4,3.91,35.12,6.77,39.72,20.56,16.25,73.53,1.52
24,GUJARAT,484,Panch Mahals,Total,446746,89.3,9.47,13.23,77.51,27.24,71.65,27.19,10.43,28.91,44.92,20.35,48.1,46.22,4.42,0.77,16.27,2.16,26.98,11.62,37.57,51.14,2.39
24,GUJARAT,484,Panch Mahals,Rural,378617,88.09,10.59,4.46,86.57,17.01,81.98,18.02,4.47,21.01,42.07,13.67,43.52,42.06,2.95,0.22,12.17,1.29,26.99,9.87,41.46,46.94,2.63
24,GUJARAT,484,Panch Mahals,Urban,68129,96.02,3.3,61.95,27.15,84.09,14.23,78.13,43.52,72.8,60.76,57.43,73.57,69.34,12.61,3.83,39.1,7.01,26.96,21.33,15.96,74.49,1.07
24,GUJARAT,485,Dohad,Total,329872,73.09,24.69,8.5,78.12,13.09,86.13,9.79,7.25,16.5,37.7,12.48,46.12,44.74,4.09,0.53,12.29,1.58,18.6,5.68,44.75,42.31,2.01
24,GUJARAT,485,Dohad,Rural,294997,71.0,26.63,2.46,83.53,6.15,93.28,3.09,1.28,10.88,33.94,6.27,42.75,41.8,3.0,0.12,8.42,1.03,17.26,5.37,48.18,38.41,2.12
24,GUJARAT,485,Dohad,Urban,34875,90.83,8.32,59.6,32.34,71.75,25.66,66.48,57.71,64.01,69.48,65.06,74.66,69.6,13.34,3.93,45.05,6.28,29.95,8.28,15.73,75.3,1.07
24,GUJARAT,486,Vadodara,Total,880121,90.7,7.73,46.78,39.21,61.75,36.74,72.6,52.92,64.43,61.9,56.48,66.35,62.07,13.39,6.09,39.93,8.25,45.44,30.1,17.78,66.35,1.35
24,GUJARAT,486,Vadodara,Rural,418851,83.16,14.26,12.13,71.59,28.54,70.06,51.29,18.69,41.61,42.17,27.98,46.28,44.21,2.78,0.38,18.31,1.75,39.64,14.4,31.85,52.05,1.99
24,GUJARAT,486,Vadodara,Urban,461270,97.55,1.79,78.25,9.81,91.9,6.48,91.96,84.0,85.15,79.82,82.35,84.57,78.3,23.02,11.28,59.56,14.15,50.7,44.35,5.0,79.34,0.77
24,GUJARAT,487,Narmada,Total,122039,83.53,11.97,10.65,78.48,22.31,76.39,33.9,12.37,33.38,44.5,25.56,35.91,33.98,3.34,0.47,15.38,2.0,24.02,10.58,45.53,55.84,1.37
24,GUJARAT,487,Narmada,Rural,109005,82.33,12.81,4.69,84.06,16.04,82.84,27.79,6.56,27.8,41.05,20.43,31.93,30.41,2.61,0.19,12.51,1.32,23.87,9.92,48.98,54.81,1.31
24,GUJARAT,487,Narmada,Urban,13034,93.53,4.94,60.46,31.83,74.73,22.45,85.01,60.96,80.05,73.37,68.45,69.2,63.86,9.49,2.85,39.4,7.73,25.29,16.1,16.74,64.47,1.88
24,GUJARAT,488,Bharuch,Total,335098,92.24,6.65,36.27,47.4,61.16,37.41,75.58,39.22,61.08,54.64,53.28,64.2,60.55,8.81,3.06,31.07,6.44,28.8,14.93,21.67,66.92,1.2
24,GUJARAT,488,Bharuch,Rural,217028,89.42,9.26,17.46,64.77,45.81,53.2,71.21,27.29,51.85,45.98,41.13,54.88,51.4,4.3,1.03,22.55,3.59,27.23,12.57,28.78,60.28,1.51
24,GUJARAT,488,Bharuch,Urban,118070,97.42,1.86,70.85,15.47,89.38,8.38,83.6,61.15,78.03,70.55,75.6,81.33,77.36,17.11,6.8,46.75,11.68,31.69,19.26,8.59,79.13,0.63
24,GUJARAT,489,The Dangs,Total,48448,61.5,36.96,4.19,94.57,28.35,69.28,17.51,8.4,11.26,46.08,19.12,23.01,21.39,2.88,0.28,11.69,2.05,14.27,18.48,53.21,63.59,1.02
24,GUJARAT,489,The Dangs,Rural,43842,58.67,39.82,0.81,98.53,25.26,72.95,14.76,5.42,9.89,44.16,15.06,19.7,18.36,2.44,0.14,9.66,1.49,13.64,18.81,56.26,62.65,1.06
24,GUJARAT,489,The Dangs,Urban,4606,88.38,9.73,36.32,56.82,57.79,34.35,43.68,36.71,24.38,64.35,57.75,54.49,50.28,7.01,1.67,31.0,7.32,20.28,15.37,24.19,72.49,0.69
24,GUJARAT,490,Navsari,Total,294176,90.99,8.22,38.96,54.31,57.16,39.96,50.32,22.58,53.59,58.19,52.16,65.16,61.49,8.29,2.29,39.15,6.35,46.46,19.69,16.47,68.76,1.22
24,GUJARAT,490,Navsari,Rural,203615,88.34,10.72,22.54,72.7,44.47,53.93,35.43,8.1,41.33,51.58,41.29,58.18,54.83,5.1,1.03,35.99,4.74,49.36,17.26,20.33,64.17,1.36
24,GUJARAT,490,Navsari,Urban,90561,96.95,2.6,75.89,12.97,85.7,8.57,83.78,55.14,81.16,73.04,76.59,80.87,76.47,15.47,5.11,46.26,9.95,39.93,25.17,7.78,79.09,0.89
24,GUJARAT,491,Valsad,Total,361928,90.96,8.2,37.91,52.35,47.21,48.89,33.15,24.11,45.17,60.84,52.01,66.98,64.11,8.64,3.04,35.5,6.61,32.97,14.42,20.65,65.28,1.14
24,GUJARAT,491,Valsad,Rural,215288,86.71,12.22,18.66,77.38,27.58,70.63,17.29,8.34,31.88,52.11,38.92,55.77,53.55,3.9,0.71,29.69,3.53,32.65,12.16,29.14,58.95,1.34
24,GUJARAT,491,Valsad,Urban,146640,97.2,2.3,66.18,15.59,76.02,16.97,56.44,47.27,64.68,73.66,71.23,83.45,79.6,15.61,6.48,44.04,11.14,33.44,17.75,8.18,74.57,0.85
24,GUJARAT,492,Surat,Total,1299670,96.37,3.2,62.74,15.26,84.93,11.53,80.59,64.0,77.64,52.93,60.67,76.61,73.53,11.49,4.29,40.82,8.23,30.59,30.42,12.62,77.3,0.64
24,GUJARAT,492,Surat,Rural,263433,87.39,11.45,32.3,55.38,49.93,48.44,55.21,25.3,44.35,49.11,40.27,54.92,52.17,5.14,1.25,30.19,6.3,30.1,19.22,28.06,67.86,1.23
24,GUJARAT,492,Surat,Urban,1036237,98.65,1.1,70.48,5.06,93.82,2.14,87.04,73.83,86.1,53.91,65.85,82.12,78.96,13.1,5.06,43.52,8.72,30.71,33.26,8.69,79.7,0.49
24,GUJARAT,493,Tapi,Total,175717,81.02,17.58,15.8,75.71,28.14,70.51,25.99,15.72,28.33,42.65,29.8,43.07,41.03,4.31,0.91,23.37,3.15,32.03,15.28,36.22,63.31,1.0
24,GUJARAT,493,Tapi,Rural,159096,79.7,18.9,9.84,81.32,22.98,75.86,19.63,8.85,23.65,40.19,25.61,39.63,37.97,3.05,0.41,21.16,2.16,32.2,14.45,38.67,62.68,1.02
24,GUJARAT,493,Tapi,Urban,16621,93.69,4.95,72.84,22.02,77.46,19.28,86.87,81.48,73.1,66.25,69.91,75.96,70.28,16.37,5.67,44.52,12.63,30.45,23.22,12.77,69.38,0.82
25,DAMAN & DIU,494,Diu,Total,10689,98.93,0.99,57.79,25.04,58.77,18.82,98.22,97.79,84.4,75.86,78.63,84.21,76.95,9.87,3.44,45.09,3.72,34.98,20.23,7.7,88.05,0.22
25,DAMAN & DIU,494,Diu,Rural,5410,98.87,1.05,36.28,45.91,43.27,35.1,97.34,96.89,80.61,67.63,72.88,82.01,76.3,4.92,1.39,37.87,2.29,30.15,13.49,9.89,86.99,0.28
25,DAMAN & DIU,494,Diu,Urban,5279,99.0,0.93,79.83,3.64,74.65,2.14,99.13,98.71,88.29,84.3,84.52,86.46,77.61,14.95,5.55,52.49,5.19,39.93,27.13,5.46,89.15,0.17
25,DAMAN & DIU,495,Daman,Total,49692,99.11,0.72,52.01,7.76,82.41,8.67,70.24,45.31,74.68,63.2,57.22,86.88,83.42,9.14,2.65,28.51,6.37,29.47,21.13,7.59,63.87,0.63
25,DAMAN & DIU,495,Daman,Rural,7340,97.86,1.74,46.78,30.91,57.34,33.53,75.5,61.4,66.72,67.79,65.61,85.56,81.62,7.86,1.65,41.78,7.82,40.91,17.3,6.84,72.68,0.91
25,DAMAN & DIU,495,Daman,Urban,42352,99.32,0.54,52.91,3.74,86.75,4.36,69.33,42.52,76.06,62.41,55.76,87.11,83.73,9.36,2.82,26.21,6.11,27.48,21.8,7.72,62.34,0.58
26,DADRA & NAGAR HAVELI,496,Dadra & Nagar Haveli,Total,73063,95.2,4.39,39.83,40.38,54.75,40.0,46.54,26.02,52.64,56.68,47.17,62.92,60.59,8.24,2.76,25.52,5.66,24.39,15.54,24.85,66.75,0.5
26,DADRA & NAGAR HAVELI,496,Dadra & Nagar Haveli,Rural,35408,91.65,7.62,11.82,72.4,26.52,70.72,42.5,15.78,32.58,39.26,28.2,39.32,37.97,3.77,0.67,15.82,2.04,21.01,10.73,42.67,53.76,0.79
26,DADRA & NAGAR HAVELI,496,Dadra & Nagar Haveli,Urban,37655,98.54,1.36,66.17,10.27,81.29,11.11,50.33,35.65,71.5,73.06,65.02,85.11,81.85,12.43,4.71,34.64,9.07,27.58,20.06,8.09,78.96,0.24
27,MAHARASHTRA,497,Nandurbar,Total,319623,58.26,32.62,17.0,69.02,28.65,65.41,56.8,29.23,36.91,33.72,26.01,31.84,29.66,5.33,0.81,12.31,1.92,12.68,7.25,54.83,50.29,3.83
27,MAHARASHTRA,497,Nandurbar,Rural,270533,52.75,36.95,8.42,76.48,22.32,74.0,52.23,24.15,31.1,29.59,18.7,24.53,22.77,4.31,0.37,8.4,1.28,10.18,7.2,61.65,47.16,3.93
27,MAHARASHTRA,497,Nandurbar,Urban,49090,88.61,8.74,64.29,27.92,63.52,18.1,81.98,57.23,68.94,56.44,66.31,72.12,67.61,10.97,3.21,33.87,5.45,26.48,7.52,17.24,67.53,3.27
27,MAHARASHTRA,498,Dhule,Total,408700,77.15,20.6,30.86,57.41,31.22,47.22,83.93,62.59,60.2,43.62,42.7,51.52,47.35,6.64,1.48,18.32,2.67,26.33,12.62,35.2,63.57,2.96
27,MAHARASHTRA,498,Dhule,Rural,298915,70.71,26.7,17.03,71.52,18.69,61.53,81.14,53.52,53.08,38.31,31.24,41.56,38.11,4.17,0.52,11.3,1.51,16.1,9.08,44.53,59.14,3.45
27,MAHARASHTRA,498,Dhule,Urban,109785,94.69,4.0,68.54,19.0,65.35,8.26,91.52,87.29,79.57,58.07,73.92,78.64,72.51,13.38,4.1,37.41,5.82,54.18,22.25,9.8,75.64,1.63
27,MAHARASHTRA,499,Jalgaon,Total,891657,80.84,16.42,39.26,50.06,35.55,46.83,88.7,68.96,64.32,50.44,48.36,51.55,45.91,6.37,1.6,19.13,2.19,25.79,10.36,32.94,60.39,4.32
27,MAHARASHTRA,499,Jalgaon,Rural,618314,74.99,21.84,23.52,63.54,22.59,60.87,87.16,61.87,58.81,46.36,37.29,41.47,36.2,4.04,0.53,12.41,1.24,17.39,7.7,41.84,55.62,5.48
27,MAHARASHTRA,499,Jalgaon,Urban,273343,94.07,4.16,74.85,19.57,64.86,15.06,92.19,85.0,76.78,59.68,73.42,74.36,67.88,11.62,4.03,34.33,4.35,44.8,16.38,12.81,71.19,1.71
27,MAHARASHTRA,500,Buldana,Total,553031,76.49,21.58,18.79,67.72,35.27,62.06,54.14,33.15,44.78,61.34,40.74,53.03,50.1,4.5,0.86,15.29,1.81,22.02,7.88,33.62,49.48,6.1
27,MAHARASHTRA,500,Buldana,Rural,445247,73.41,24.53,9.77,75.25,29.07,69.78,50.0,24.84,40.43,61.68,34.8,48.97,46.16,3.43,0.44,12.0,1.3,18.18,7.62,37.63,46.42,6.73
27,MAHARASHTRA,500,Buldana,Urban,107784,89.24,9.4,56.03,36.65,60.87,30.13,71.26,67.48,62.78,59.96,65.24,69.82,66.35,8.91,2.62,28.85,3.95,37.9,8.94,17.07,62.13,3.5
27,MAHARASHTRA,501,Akola,Total,391135,80.4,17.89,27.47,55.01,46.1,49.64,58.68,45.77,48.73,56.54,45.17,49.91,46.24,6.2,1.58,18.53,2.31,32.43,13.28,31.83,51.63,5.89
27,MAHARASHTRA,501,Akola,Rural,247752,74.07,24.17,10.29,67.25,30.93,68.17,55.23,37.57,40.04,57.02,32.59,39.22,36.24,3.52,0.51,10.5,1.01,22.5,10.07,41.77,45.36,7.14
27,MAHARASHTRA,501,Akola,Urban,143383,91.35,7.05,57.16,33.87,72.31,17.61,64.66,59.93,63.74,55.7,66.91,68.38,63.5,10.82,3.42,32.38,4.55,49.6,18.83,14.65,62.48,3.75
27,MAHARASHTRA,502,Washim,Total,257892,76.01,21.87,14.29,76.42,33.78,64.53,41.15,24.09,35.93,62.03,37.62,48.73,45.82,4.17,0.73,14.63,1.4,25.85,8.36,35.0,49.36,6.02
27,MAHARASHTRA,502,Washim,Rural,217490,73.77,24.16,7.95,82.29,27.55,71.45,37.54,17.94,31.89,63.58,33.51,45.69,42.98,3.61,0.45,12.06,1.08,22.32,8.35,37.95,47.07,6.66
27,MAHARASHTRA,502,Washim,Urban,40402,88.06,9.52,48.37,44.77,67.33,27.3,60.58,57.19,57.68,53.66,59.73,65.08,61.06,7.21,2.22,28.48,3.16,44.9,8.4,19.15,61.65,2.62
27,MAHARASHTRA,503,Amravati,Total,637446,80.4,17.65,27.6,58.23,53.66,42.16,77.83,63.02,55.57,54.27,47.41,46.4,41.92,5.68,1.48,19.49,2.4,33.16,8.58,31.83,54.42,5.4
27,MAHARASHTRA,503,Amravati,Rural,424563,74.12,23.73,10.94,71.84,41.14,57.59,75.28,54.99,48.33,52.49,35.7,35.05,30.89,3.01,0.49,10.7,0.99,24.93,8.57,41.37,48.72,6.63
27,MAHARASHTRA,503,Amravati,Urban,212883,92.91,5.52,60.81,31.08,78.63,11.39,82.93,79.03,70.01,57.82,70.76,69.03,63.9,10.99,3.46,37.03,5.22,49.58,8.61,12.82,65.78,2.94
27,MAHARASHTRA,504,Wardha,Total,302680,87.93,10.81,37.67,51.36,56.72,40.19,63.46,46.25,57.15,68.31,56.37,54.97,50.16,5.37,1.42,23.41,2.3,42.64,12.87,22.3,54.59,7.71
27,MAHARASHTRA,504,Wardha,Rural,210284,84.86,13.69,20.51,66.64,47.17,51.95,61.97,39.53,49.65,67.17,47.17,46.97,42.63,3.5,0.65,16.13,1.24,36.63,12.51,28.2,46.77,9.5
27,MAHARASHTRA,504,Wardha,Urban,92396,94.93,4.24,76.73,16.59,78.45,13.43,66.84,61.54,74.22,70.88,77.3,73.18,67.29,9.64,3.19,39.97,4.73,56.31,13.7,8.88,72.39,3.66
27,MAHARASHTRA,505,Nagpur,Total,995808,92.15,6.71,60.23,31.96,75.67,21.98,76.39,65.87,71.35,70.8,73.18,72.3,61.22,13.63,5.82,42.78,7.19,57.96,26.95,10.39,66.7,4.63
27,MAHARASHTRA,505,Nagpur,Rural,324568,82.45,15.69,24.15,70.83,46.06,52.58,64.06,38.96,49.62,66.28,50.83,52.72,38.04,3.93,0.88,21.77,1.77,47.46,14.6,22.91,52.73,8.32
27,MAHARASHTRA,505,Nagpur,Urban,671240,96.84,2.37,77.68,13.16,89.99,7.19,82.35,78.89,81.86,72.99,83.99,81.77,72.43,18.32,8.21,52.94,9.81,63.04,32.93,4.33,73.46,2.85
27,MAHARASHTRA,506,Bhandara,Total,275773,82.32,16.19,20.29,75.98,61.18,37.37,37.97,25.07,40.08,60.52,42.53,47.66,43.78,4.77,1.06,19.93,1.88,66.32,7.43,18.31,52.71,7.19
27,MAHARASHTRA,506,Bhandara,Rural,223299,79.38,18.99,9.16,87.39,55.75,43.69,31.53,16.37,32.53,57.84,35.16,41.83,38.63,3.6,0.5,15.06,1.1,67.58,6.93,20.19,48.28,8.08
27,MAHARASHTRA,506,Bhandara,Urban,52474,94.83,4.32,67.64,27.41,84.26,10.48,65.34,62.1,72.25,71.91,73.92,72.45,65.71,9.79,3.47,40.68,5.22,60.94,9.59,10.31,71.58,3.41
27,MAHARASHTRA,507,Gondiya,Total,289431,82.91,15.64,13.14,82.78,52.44,46.51,17.52,11.84,32.68,70.1,36.28,42.73,39.58,4.7,0.99,16.96,1.75,69.42,10.81,17.31,56.94,4.92
27,MAHARASHTRA,507,Gondiya,Rural,241802,81.16,17.42,4.79,91.51,47.55,51.77,12.63,7.38,27.46,70.6,29.42,37.51,34.77,3.4,0.48,12.72,1.08,70.77,10.75,18.7,54.44,5.23
27,MAHARASHTRA,507,Gondiya,Urban,47629,91.81,6.63,55.58,38.49,77.31,19.82,42.32,34.45,59.15,67.59,71.08,69.25,63.98,11.28,3.6,38.49,5.15,62.58,11.11,10.25,69.62,3.34
27,MAHARASHTRA,508,Gadchiroli,Total,245745,59.19,36.62,12.62,83.89,26.95,71.89,19.5,13.95,26.95,75.74,25.89,30.03,27.88,4.5,0.68,12.14,1.26,53.14,8.15,30.2,50.95,8.14
27,MAHARASHTRA,508,Gadchiroli,Rural,218935,55.34,40.13,7.3,89.47,22.19,76.65,13.59,7.87,21.38,76.45,20.84,25.29,23.4,4.04,0.46,8.98,0.89,53.41,8.27,32.17,48.74,8.65
27,MAHARASHTRA,508,Gadchiroli,Urban,26810,90.65,7.94,56.04,38.32,65.87,33.03,67.75,63.58,72.41,69.98,67.08,68.73,64.44,8.26,2.42,37.94,4.3,50.98,7.13,14.1,69.03,3.99
27,MAHARASHTRA,509,Chandrapur,Total,529612,79.05,19.39,32.6,59.69,43.33,54.36,40.62,30.84,41.03,67.75,43.36,47.28,44.07,5.93,1.56,21.34,2.41,46.94,7.48,27.57,55.47,8.63
27,MAHARASHTRA,509,Chandrapur,Rural,352643,72.05,26.22,13.29,80.01,29.08,69.91,28.01,16.84,26.33,65.34,27.53,33.69,31.51,3.24,0.43,11.3,0.89,43.6,6.31,36.42,47.49,11.24
27,MAHARASHTRA,509,Chandrapur,Urban,176969,93.01,5.79,71.08,19.21,71.73,23.37,65.75,58.72,70.32,72.55,74.9,74.37,69.08,11.29,3.8,41.36,5.42,53.58,9.82,9.93,71.37,3.43
27,MAHARASHTRA,510,Yavatmal,Total,640385,69.73,27.91,21.0,70.72,30.99,66.14,43.95,26.48,35.7,58.26,38.3,43.6,40.98,4.67,0.95,15.51,1.89,26.34,9.24,38.72,49.32,7.28
27,MAHARASHTRA,510,Yavatmal,Rural,513041,64.38,33.05,10.54,80.69,21.75,77.38,37.21,16.23,27.97,56.98,30.55,37.03,34.96,3.38,0.37,10.11,1.06,20.99,8.4,44.77,44.98,8.11
27,MAHARASHTRA,510,Yavatmal,Urban,127344,91.27,7.2,63.15,30.55,68.21,20.85,71.11,67.76,66.87,63.41,69.53,70.05,65.27,9.89,3.3,37.29,5.25,47.87,12.63,14.38,66.82,3.92
27,MAHARASHTRA,511,Nanded,Total,656303,74.47,22.45,17.72,69.27,33.09,65.61,47.04,27.07,38.07,47.24,32.97,58.63,55.74,6.56,1.15,12.66,1.88,16.66,13.47,32.59,46.19,6.81
27,MAHARASHTRA,511,Nanded,Rural,487624,68.16,28.34,5.53,79.57,19.23,79.96,39.64,15.45,28.22,44.54,22.57,51.97,49.77,4.79,0.43,7.86,1.05,12.09,12.31,39.05,41.07,7.77
27,MAHARASHTRA,511,Nanded,Urban,168679,92.7,5.41,52.96,39.47,73.16,24.14,68.44,60.64,66.54,55.05,63.02,77.9,73.02,11.67,3.25,26.54,4.28,29.9,16.8,13.92,61.0,4.03
27,MAHARASHTRA,512,Hingoli,Total,227041,70.08,27.21,12.2,75.01,32.36,66.46,35.89,17.97,36.8,66.2,32.43,59.38,56.84,4.26,0.54,13.13,1.69,21.25,13.12,30.36,48.8,5.63
27,MAHARASHTRA,512,Hingoli,Rural,195143,66.42,30.68,6.45,80.02,26.9,72.18,32.78,12.31,32.38,67.72,27.58,56.87,54.79,3.52,0.28,10.98,1.47,18.92,13.64,32.82,47.27,6.04
27,MAHARASHTRA,512,Hingoli,Urban,31898,92.46,5.98,47.4,44.39,65.72,31.46,54.9,52.54,63.86,56.86,62.11,74.69,69.34,8.82,2.13,26.29,3.04,35.52,9.99,15.36,58.12,3.13
27,MAHARASHTRA,513,Parbhani,Total,360186,75.65,20.67,16.46,60.54,28.82,70.06,41.21,26.42,43.71,60.51,37.74,62.44,59.23,5.88,1.11,13.94,1.94,22.86,13.65,27.37,48.83,7.2
27,MAHARASHTRA,513,Parbhani,Rural,256063,69.52,26.45,4.46,66.35,13.33,85.95,34.13,15.6,33.13,62.67,27.23,57.21,54.81,4.33,0.37,8.95,1.31,14.81,13.35,33.11,44.4,8.33
27,MAHARASHTRA,513,Parbhani,Urban,104123,90.73,6.45,45.95,46.25,66.92,30.98,58.62,53.05,69.71,55.21,63.59,75.3,70.11,9.71,2.92,26.21,3.47,42.66,14.39,13.25,59.74,4.42
27,MAHARASHTRA,514,Jalna,Total,388116,74.44,22.9,15.52,62.33,36.55,61.71,41.36,25.3,38.57,66.57,40.76,65.81,58.44,4.44,0.98,19.49,2.16,21.65,11.29,25.12,53.6,6.19
27,MAHARASHTRA,514,Jalna,Rural,318563,70.3,26.9,5.88,69.38,29.21,69.18,39.97,21.27,32.89,68.34,33.85,62.84,55.15,3.08,0.42,16.14,1.59,17.7,11.47,28.42,52.11,6.86
27,MAHARASHTRA,514,Jalna,Urban,69553,93.37,4.54,59.63,30.02,70.16,27.49,47.74,43.77,64.58,58.45,72.37,79.42,73.47,10.67,3.52,34.84,4.78,39.76,10.45,10.04,60.41,3.09
27,MAHARASHTRA,515,Aurangabad,Total,736587,80.03,17.64,33.44,47.42,48.93,49.37,62.43,50.53,57.31,63.86,54.79,71.48,66.78,9.49,3.16,31.25,4.52,26.07,12.88,18.84,62.54,5.16
27,MAHARASHTRA,515,Aurangabad,Rural,419120,67.2,29.32,9.97,73.1,19.77,78.84,47.73,29.07,39.85,62.33,38.77,61.33,58.39,3.77,0.54,22.09,1.83,23.13,9.7,27.53,52.33,8.01
27,MAHARASHTRA,515,Aurangabad,Urban,317467,96.97,2.22,64.42,13.51,87.43,10.46,81.83,78.88,80.37,65.89,75.95,84.87,77.86,17.05,6.62,43.35,8.08,29.95,17.08,7.37,76.02,1.4
27,MAHARASHTRA,516,Nashik,Total,1180293,76.65,21.85,45.48,42.25,46.76,38.41,63.18,52.46,58.45,62.26,53.43,67.67,62.86,11.77,3.82,33.55,6.74,33.93,15.71,20.95,65.72,4.24
27,MAHARASHTRA,516,Nashik,Rural,661977,62.11,35.93,25.17,66.35,29.27,61.91,40.68,23.39,42.09,58.9,37.34,56.58,53.04,4.81,0.93,26.46,3.87,26.42,10.05,31.02,59.86,5.62
27,MAHARASHTRA,516,Nashik,Urban,518316,95.22,3.86,71.42,11.47,69.09,8.4,91.91,89.58,79.36,66.55,73.98,81.82,75.42,20.66,7.5,42.62,10.41,43.53,22.94,8.09,73.19,2.47
27,MAHARASHTRA,517,Thane,Total,2430616,91.82,7.45,66.26,16.92,66.97,14.27,80.83,76.41,71.92,74.32,71.64,82.77,74.69,22.7,10.54,20.54,7.09,16.62,23.32,11.36,72.89,2.13
27,MAHARASHTRA,517,Thane,Rural,526397,70.18,27.71,28.3,62.78,39.7,51.05,34.95,27.57,36.31,55.98,37.9,54.21,45.12,7.05,1.83,15.14,2.93,16.18,11.4,35.27,57.44,5.77
27,MAHARASHTRA,517,Thane,Urban,1904219,97.8,1.85,76.75,4.24,74.51,4.1,93.51,89.91,81.77,79.39,80.97,90.66,82.86,27.02,12.95,22.03,8.23,16.74,26.61,4.74,77.16,1.13
27,MAHARASHTRA,518,Mumbai Suburban,Total,2027743,96.89,2.77,78.26,2.15,54.67,2.41,96.5,93.94,77.18,86.06,85.08,94.62,85.8,32.2,19.96,15.33,12.81,11.52,36.49,2.24,71.53,1.39
27,MAHARASHTRA,518,Mumbai Suburban,Rural,0,,,,,,,,,,,,,,,,,,,,,,
27,MAHARASHTRA,518,Mumbai Suburban,Urban,2027743,96.89,2.77,78.26,2.15,54.67,2.41,96.5,93.94,77.18,86.06,85.08,94.62,85.8,32.2,19.96,15.33,12.81,11.52,36.49,2.24,71.53,1.39
27,MAHARASHTRA,519,Mumbai,Total,637738,98.15,1.53,77.6,1.79,66.99,1.46,97.76,95.72,84.88,87.8,85.25,94.43,84.86,32.02,19.03,16.6,12.57,8.79,34.73,2.24,72.25,1.54
27,MAHARASHTRA,519,Mumbai,Rural,0,,,,,,,,,,,,,,,,,,,,,,
27,MAHARASHTRA,519,Mumbai,Urban,637738,98.15,1.53,77.6,1.79,66.99,1.46,97.76,95.72,84.88,87.8,85.25,94.43,84.86,32.02,19.03,16.6,12.57,8.79,34.73,2.24,72.25,1.54
27,MAHARASHTRA,520,Raigarh,Total,596514,91.73,7.24,55.03,35.99,62.0,18.18,73.88,60.13,56.78,65.65,62.7,75.96,61.7,16.14,6.47,26.51,7.3,22.84,14.44,16.88,72.99,2.64
27,MAHARASHTRA,520,Raigarh,Rural,376520,88.47,10.12,38.83,53.15,50.93,26.25,62.19,43.59,40.76,55.51,50.7,66.47,49.64,7.62,1.83,19.89,3.63,19.68,11.18,24.35,68.15,3.56
27,MAHARASHTRA,520,Raigarh,Urban,219994,97.33,2.31,82.77,6.6,80.96,4.37,93.9,88.44,84.22,83.0,83.24,92.2,82.33,30.74,14.41,37.83,13.58,28.25,20.03,4.09,81.29,1.06
27,MAHARASHTRA,521,Pune,Total,2076607,92.7,6.49,67.92,19.77,73.77,13.7,80.62,74.05,75.89,80.84,74.89,86.3,80.0,23.61,11.32,48.78,13.16,35.42,32.53,7.09,75.43,2.58
27,MAHARASHTRA,521,Pune,Rural,744114,83.29,15.05,41.69,48.62,61.76,33.08,51.35,36.09,53.64,75.45,57.93,76.27,72.28,7.9,2.03,38.71,5.96,39.7,17.06,13.99,71.13,4.93
27,MAHARASHTRA,521,Pune,Urban,1332493,97.96,1.71,82.57,3.66,80.48,2.87,96.96,95.25,88.31,83.86,84.37,91.91,84.32,32.38,16.5,54.41,17.19,33.03,41.18,3.24,77.82,1.27
27,MAHARASHTRA,522,Ahmadnagar,Total,901748,75.14,22.94,33.28,57.88,46.12,48.69,50.38,40.35,53.61,70.41,52.57,70.88,66.23,7.64,2.04,35.53,4.59,49.17,15.31,15.74,64.53,6.39
27,MAHARASHTRA,522,Ahmadnagar,Rural,717718,70.08,27.73,23.33,68.93,39.09,57.87,41.06,29.22,46.32,70.04,45.61,67.66,63.46,5.39,1.06,32.58,3.46,48.28,12.83,18.11,62.0,7.38
27,MAHARASHTRA,522,Ahmadnagar,Urban,184030,94.9,4.25,72.11,14.79,73.56,12.89,86.74,83.74,82.05,71.84,79.67,83.46,77.02,16.41,5.86,47.02,9.01,52.66,24.99,6.52,74.38,2.52
27,MAHARASHTRA,523,Bid,Total,545073,73.76,23.57,15.06,63.34,25.12,73.24,42.37,29.94,38.49,65.51,37.67,63.55,60.36,5.36,1.03,16.86,2.35,22.01,10.04,26.69,53.76,7.08
27,MAHARASHTRA,523,Bid,Rural,446114,69.54,27.67,6.57,69.11,15.38,83.47,34.45,20.14,30.86,66.16,31.3,60.5,57.77,4.22,0.54,13.86,1.84,19.93,9.21,29.68,50.98,8.0
27,MAHARASHTRA,523,Bid,Urban,98959,92.8,5.07,53.36,37.36,69.06,27.15,78.03,74.13,72.92,62.57,66.39,77.31,72.07,10.48,3.26,30.37,4.69,31.42,13.76,13.2,66.26,2.95
27,MAHARASHTRA,524,Latur,Total,474149,80.51,17.63,20.25,57.4,37.64,61.28,58.37,39.67,48.86,64.41,40.23,63.85,59.27,6.28,1.31,17.09,2.77,22.91,7.05,26.69,57.25,4.94
27,MAHARASHTRA,524,Latur,Rural,359858,76.07,21.82,8.09,66.72,24.85,74.41,50.87,27.36,39.17,64.48,31.84,58.48,54.29,4.55,0.58,12.03,1.86,20.34,6.78,31.51,54.19,5.69
27,MAHARASHTRA,524,Latur,Urban,114291,94.49,4.44,58.55,28.08,77.93,19.95,81.96,78.46,79.34,64.22,66.64,80.76,74.97,11.73,3.62,33.03,5.66,31.0,7.88,11.51,66.86,2.57
27,MAHARASHTRA,525,Osmanabad,Total,348760,68.83,28.33,14.1,68.38,27.69,68.89,56.59,34.08,42.59,69.06,33.76,57.44,53.43,5.21,0.92,14.79,2.29,26.68,10.63,30.28,57.16,5.64
27,MAHARASHTRA,525,Osmanabad,Rural,294816,64.99,31.93,7.75,74.71,22.19,75.13,52.58,29.06,38.26,68.89,28.14,54.06,50.34,4.3,0.54,12.22,1.85,25.56,9.84,33.17,55.6,6.16
27,MAHARASHTRA,525,Osmanabad,Urban,53944,89.79,8.63,48.83,33.74,57.8,34.79,78.5,61.51,66.27,70.0,64.47,75.89,70.32,10.19,3.0,28.85,4.69,32.85,14.94,14.47,65.64,2.78
27,MAHARASHTRA,526,Solapur,Total,858981,69.33,28.77,28.9,59.13,41.34,48.29,57.01,46.93,49.82,69.74,43.77,67.14,63.05,6.9,1.76,26.69,3.29,48.84,19.07,17.62,64.15,5.88
27,MAHARASHTRA,526,Solapur,Rural,583706,58.24,39.47,12.96,78.79,32.11,64.13,41.45,27.79,41.65,72.43,31.09,63.42,60.15,4.19,0.65,23.81,2.51,47.13,17.65,21.0,62.65,7.76
27,MAHARASHTRA,526,Solapur,Urban,275275,92.86,6.08,62.7,17.44,60.92,14.69,90.01,87.52,67.15,64.04,70.66,75.03,69.2,12.66,4.11,32.78,4.93,52.45,22.07,10.45,67.33,1.88
27,MAHARASHTRA,527,Satara,Total,639999,87.91,11.01,42.37,50.99,71.13,13.21,73.44,62.21,65.5,79.82,58.45,72.35,66.93,8.97,2.2,30.56,5.63,38.59,20.74,15.88,68.78,4.8
27,MAHARASHTRA,527,Satara,Rural,518187,86.29,12.56,33.73,59.78,70.12,15.01,70.36,56.86,61.0,79.65,53.52,69.42,64.08,6.48,1.23,26.94,4.23,37.92,18.03,18.02,66.95,5.29
27,MAHARASHTRA,527,Satara,Urban,121812,94.83,4.43,79.16,13.59,75.44,5.55,86.57,84.94,84.64,80.54,79.43,84.85,79.06,19.59,6.35,45.97,11.58,41.41,32.3,6.78,76.59,2.73
27,MAHARASHTRA,528,Ratnagiri,Total,393379,93.38,5.86,25.64,70.46,69.44,13.97,60.46,46.27,46.82,59.05,41.56,65.59,46.76,7.9,1.97,15.65,3.86,12.5,10.29,27.62,69.34,3.76
27,MAHARASHTRA,528,Ratnagiri,Rural,333645,92.85,6.35,16.03,80.52,67.18,15.74,59.04,43.14,40.01,54.94,35.1,61.43,40.65,5.82,1.14,11.0,2.72,9.53,9.56,31.42,67.16,4.1
27,MAHARASHTRA,528,Ratnagiri,Urban,59734,96.36,3.1,79.31,14.26,82.04,4.07,68.4,63.78,84.88,81.98,77.59,88.83,80.91,19.52,6.64,41.59,10.26,29.12,14.38,6.39,81.51,1.9
27,MAHARASHTRA,529,Sindhudurg,Total,205119,94.69,4.66,20.74,72.79,75.91,14.11,30.69,20.48,54.59,63.54,48.01,64.28,55.35,7.66,1.71,18.12,4.52,19.34,8.0,25.34,68.37,4.45
27,MAHARASHTRA,529,Sindhudurg,Rural,180494,94.29,5.01,14.0,80.21,74.41,15.44,30.41,20.03,51.36,61.36,43.91,61.47,52.29,6.57,1.25,15.09,3.72,17.37,7.92,27.73,67.71,4.64
27,MAHARASHTRA,529,Sindhudurg,Urban,24625,97.6,2.14,70.14,18.44,86.83,4.4,32.76,23.78,78.26,79.54,78.03,84.87,77.78,15.71,5.15,40.3,10.35,33.75,8.58,7.81,73.19,3.02
27,MAHARASHTRA,530,Kolhapur,Total,821483,93.73,5.57,41.43,31.76,74.52,7.2,85.41,60.05,74.5,75.26,61.79,72.52,64.97,8.75,2.71,34.52,5.97,46.74,31.35,12.85,74.66,1.75
27,MAHARASHTRA,530,Kolhapur,Rural,556628,92.12,7.05,22.12,42.66,74.43,9.25,81.2,45.98,69.56,77.34,53.27,67.53,59.8,5.28,1.24,28.74,3.79,45.55,25.83,16.25,73.74,1.99
27,MAHARASHTRA,530,Kolhapur,Urban,264855,97.13,2.45,82.01,8.84,74.72,2.91,94.25,89.62,84.87,70.89,79.68,83.02,75.84,16.04,5.8,46.67,10.56,49.23,42.94,5.71,76.6,1.24
27,MAHARASHTRA,531,Sangli,Total,585227,82.9,15.98,38.79,44.68,64.94,23.25,67.32,58.98,64.8,78.67,53.01,70.91,63.56,8.38,2.26,32.6,5.04,57.39,28.55,13.21,68.75,4.39
27,MAHARASHTRA,531,Sangli,Rural,432579,78.5,20.21,27.74,55.27,60.48,28.32,60.1,49.55,59.7,81.44,45.69,67.73,60.14,5.92,1.11,29.29,3.74,56.0,25.0,15.42,67.51,5.07
27,MAHARASHTRA,531,Sangli,Urban,152648,95.34,4.01,70.13,14.67,77.6,8.87,87.8,85.7,79.24,70.81,73.75,79.94,73.25,15.35,5.5,41.97,8.72,61.31,38.62,6.95,72.27,2.45
28,ANDHRA PRADESH,532,Adilabad,Total,651770,86.86,11.45,29.91,65.85,29.31,68.43,41.56,27.56,35.24,52.97,47.02,61.91,59.54,6.94,0.85,14.88,1.28,23.06,3.86,26.01,62.12,5.5
28,ANDHRA PRADESH,532,Adilabad,Rural,473949,83.63,14.44,16.48,79.95,13.78,84.4,31.28,14.96,25.78,49.84,37.44,55.14,53.09,6.2,0.42,9.03,0.77,18.58,3.88,32.04,57.8,6.49
28,ANDHRA PRADESH,532,Adilabad,Urban,177821,95.45,3.48,65.7,28.27,70.72,25.87,68.96,61.16,60.47,61.31,72.54,79.97,76.73,8.89,1.99,30.47,2.64,35.0,3.83,9.95,73.63,2.84
28,ANDHRA PRADESH,533,Nizamabad,Total,590733,92.41,6.38,31.61,62.86,41.56,57.3,76.24,48.91,41.1,59.07,52.18,72.58,68.64,5.93,0.89,17.27,1.71,35.99,7.93,16.84,65.71,3.85
28,ANDHRA PRADESH,533,Nizamabad,Rural,462799,91.02,7.67,23.05,72.72,29.4,69.39,77.2,45.48,36.95,59.71,47.53,69.71,65.74,4.67,0.44,13.67,1.14,35.03,7.0,19.15,63.85,4.31
28,ANDHRA PRADESH,533,Nizamabad,Urban,127934,97.44,1.71,62.59,27.17,85.55,13.56,72.77,61.35,56.11,56.76,69.01,82.96,79.13,10.5,2.54,30.31,3.74,39.5,11.27,8.47,72.45,2.18
28,ANDHRA PRADESH,534,Karimnagar,Total,980739,94.5,4.48,35.14,59.45,46.18,52.86,69.49,42.39,64.58,52.21,60.09,70.51,67.9,4.75,0.9,19.68,1.45,41.42,3.79,16.69,65.97,4.33
28,ANDHRA PRADESH,534,Karimnagar,Rural,746956,93.41,5.38,24.6,71.85,34.21,64.84,66.85,33.57,61.4,48.67,55.0,66.2,63.98,3.57,0.38,14.48,0.78,41.37,3.6,19.71,62.47,5.11
28,ANDHRA PRADESH,534,Karimnagar,Urban,233783,97.96,1.6,68.83,19.84,84.41,14.59,77.91,70.55,74.73,63.5,76.35,84.26,80.43,8.52,2.58,36.29,3.56,41.56,4.41,7.04,77.15,1.84
28,ANDHRA PRADESH,535,Medak,Total,666764,90.69,8.07,24.46,70.1,44.07,54.49,74.1,43.85,41.72,53.69,52.39,72.36,68.11,7.07,1.3,17.89,2.15,34.81,10.46,16.78,65.28,3.67
28,ANDHRA PRADESH,535,Medak,Rural,511576,88.74,9.81,12.17,84.03,31.77,66.64,71.35,36.31,34.6,52.96,45.64,68.27,64.41,4.91,0.4,13.53,1.34,34.66,9.14,19.9,61.03,4.4
28,ANDHRA PRADESH,535,Medak,Urban,155188,97.15,2.34,64.98,24.15,84.62,14.43,83.13,68.72,65.2,56.09,74.62,85.83,80.32,14.23,4.23,32.27,4.84,35.31,14.8,6.51,79.31,1.25
28,ANDHRA PRADESH,536,Hyderabad,Total,881512,98.66,0.66,65.97,3.69,98.49,0.9,97.79,96.02,92.38,58.94,84.72,90.66,80.26,31.16,16.91,49.9,14.08,26.04,32.69,3.06,79.94,0.93
28,ANDHRA PRADESH,536,Hyderabad,Rural,0,,,,,,,,,,,,,,,,,,,,,,
28,ANDHRA PRADESH,536,Hyderabad,Urban,881512,98.66,0.66,65.97,3.69,98.49,0.9,97.79,96.02,92.38,58.94,84.72,90.66,80.26,31.16,16.91,49.9,14.08,26.04,32.69,3.06,79.94,0.93
28,ANDHRA PRADESH,537,Rangareddy,Total,1263714,95.86,3.21,61.19,24.96,81.37,17.75,87.02,72.34,71.8,61.83,75.16,86.59,80.6,23.09,11.31,39.41,9.91,21.46,20.99,7.26,80.07,1.11
28,ANDHRA PRADESH,537,Rangareddy,Rural,352247,90.43,8.35,24.64,69.5,43.51,54.74,76.47,38.57,40.98,56.92,53.97,72.78,69.63,6.25,1.0,20.41,2.32,18.37,10.3,17.61,72.28,2.18
28,ANDHRA PRADESH,537,Rangareddy,Urban,911467,97.95,1.22,75.31,7.75,96.0,3.46,91.1,85.4,83.72,63.73,83.35,91.92,84.84,29.59,15.29,46.75,12.84,22.65,25.13,3.25,83.08,0.7
28,ANDHRA PRADESH,538,Mahbubnagar,Total,873859,86.72,11.53,15.66,80.19,26.44,71.08,77.96,36.99,33.23,51.35,41.52,65.26,62.53,6.96,0.7,13.91,1.44,17.37,6.9,24.72,65.25,5.58
28,ANDHRA PRADESH,538,Mahbubnagar,Rural,750446,85.12,12.98,8.24,88.48,17.95,79.58,76.27,32.54,28.15,50.24,36.11,62.14,59.84,6.18,0.33,10.46,1.02,15.62,6.31,27.46,62.93,6.22
28,ANDHRA PRADESH,538,Mahbubnagar,Urban,123413,96.47,2.67,60.76,29.8,78.05,19.37,88.23,64.02,64.11,58.08,74.42,84.2,78.88,11.72,2.98,34.88,4.05,27.99,10.48,8.11,79.35,1.67
28,ANDHRA PRADESH,539,Nalgonda,Total,875432,90.15,8.55,26.14,67.46,40.63,58.49,68.36,32.82,39.69,49.37,53.02,67.26,64.53,6.14,0.88,16.34,2.16,32.73,5.06,19.85,62.33,5.18
28,ANDHRA PRADESH,539,Nalgonda,Rural,720569,88.66,9.87,17.93,76.66,31.92,67.15,65.74,25.72,35.72,47.39,48.15,63.69,61.16,5.11,0.53,12.85,1.62,31.88,4.52,22.56,59.82,5.93
28,ANDHRA PRADESH,539,Nalgonda,Urban,154863,97.08,2.36,64.31,24.65,81.15,18.22,80.55,65.85,58.18,58.57,75.68,83.87,80.2,10.93,2.51,32.54,4.66,36.69,7.6,7.25,73.99,1.7
28,ANDHRA PRADESH,540,Warangal,Total,888553,93.19,5.72,26.71,68.21,43.73,55.33,67.29,33.99,51.97,48.28,52.09,63.98,60.07,6.64,1.46,15.69,1.77,35.09,8.04,21.47,58.25,7.0
28,ANDHRA PRADESH,540,Warangal,Rural,652254,91.88,6.91,12.73,83.93,29.74,69.29,64.6,23.25,46.56,44.32,43.44,57.39,53.78,4.13,0.45,9.26,0.87,34.56,6.09,26.41,52.76,8.48
28,ANDHRA PRADESH,540,Warangal,Urban,236299,96.83,2.42,65.31,24.81,82.36,16.8,74.71,63.64,66.91,59.2,75.94,82.19,77.42,13.58,4.23,33.43,4.25,36.57,13.4,7.85,73.41,2.89
28,ANDHRA PRADESH,541,Khammam,Total,747586,89.42,9.37,29.39,64.5,48.23,50.79,62.61,40.98,47.43,45.49,55.74,57.21,54.6,5.64,1.15,15.39,1.59,35.83,4.78,22.19,64.19,4.49
28,ANDHRA PRADESH,541,Khammam,Rural,578490,87.36,11.26,18.88,75.83,37.37,61.49,57.73,31.97,43.28,42.14,50.5,51.36,49.01,4.0,0.5,11.09,0.89,35.96,4.23,25.66,60.96,5.15
28,ANDHRA PRADESH,541,Khammam,Urban,169096,96.47,2.87,65.34,25.72,85.36,14.19,79.31,71.81,61.63,56.96,73.68,77.23,73.74,11.25,3.38,30.1,4.0,35.39,6.67,10.32,75.24,2.2
28,ANDHRA PRADESH,542,Srikakulam,Total,689323,89.28,10.09,21.7,70.93,21.24,77.43,26.1,19.82,15.57,48.09,43.15,48.2,45.47,4.68,0.58,9.3,0.76,26.23,2.83,33.15,66.41,3.19
28,ANDHRA PRADESH,542,Srikakulam,Rural,580048,87.97,11.37,13.92,78.88,12.82,85.84,20.97,14.44,11.01,45.86,37.55,44.55,41.93,4.19,0.31,6.95,0.51,23.29,2.77,36.76,64.42,3.47
28,ANDHRA PRADESH,542,Srikakulam,Urban,109275,96.23,3.32,62.99,28.72,65.91,32.79,53.33,48.4,39.78,59.92,72.86,67.56,64.24,7.3,2.02,21.78,2.1,41.87,3.12,13.99,76.96,1.67
28,ANDHRA PRADESH,543,Vizianagaram,Total,596605,88.46,10.99,23.53,72.12,22.01,76.55,43.45,34.49,15.95,54.13,46.64,44.52,42.3,4.04,0.75,10.37,0.84,28.21,4.8,33.21,68.32,3.0
28,ANDHRA PRADESH,543,Vizianagaram,Rural,475145,86.69,12.72,12.85,83.85,10.66,88.34,34.62,24.23,8.9,53.86,39.53,38.98,36.98,2.98,0.24,6.94,0.4,24.77,4.53,38.31,65.82,3.29
28,ANDHRA PRADESH,543,Vizianagaram,Urban,121460,95.38,4.22,65.3,26.21,66.4,30.44,77.98,74.64,43.53,55.19,74.43,66.17,63.12,8.2,2.74,23.78,2.54,41.67,5.86,13.26,78.12,1.86
28,ANDHRA PRADESH,544,Visakhapatnam,Total,1126166,89.71,9.43,43.99,49.59,51.3,44.83,56.31,48.23,34.12,51.93,59.23,58.41,54.91,11.08,4.04,21.42,4.13,26.4,16.08,22.95,74.26,2.18
28,ANDHRA PRADESH,544,Visakhapatnam,Rural,583474,83.21,15.78,12.75,82.95,21.37,75.45,43.38,31.63,9.46,41.65,38.36,38.33,36.49,4.18,0.47,8.21,0.83,26.29,9.76,37.7,67.17,3.17
28,ANDHRA PRADESH,544,Visakhapatnam,Urban,542692,96.69,2.61,77.58,13.72,83.48,11.91,70.23,66.09,60.64,62.97,81.66,80.01,74.71,18.48,7.88,35.61,7.67,26.51,22.88,7.09,81.89,1.11
28,ANDHRA PRADESH,545,East Godavari,Total,1407410,92.17,7.26,34.1,57.51,56.85,36.28,64.57,53.35,43.61,39.2,58.36,52.05,47.4,6.66,1.59,16.49,1.8,55.35,8.04,17.33,68.59,3.34
28,ANDHRA PRADESH,545,East Godavari,Rural,1063044,90.5,8.88,23.89,69.4,47.0,45.29,58.25,45.13,37.19,35.02,52.87,46.26,41.78,4.61,0.65,12.47,1.02,57.37,6.58,19.73,65.74,3.86
28,ANDHRA PRADESH,545,East Godavari,Urban,344366,97.34,2.26,65.6,20.8,87.27,8.46,84.09,78.73,63.44,52.09,75.32,69.91,64.73,12.99,4.51,28.9,4.21,49.14,12.55,9.9,77.39,1.73
28,ANDHRA PRADESH,546,West Godavari,Total,1075780,94.59,4.88,40.47,53.16,64.59,28.62,83.71,72.71,55.15,43.57,60.29,53.75,48.48,5.17,1.12,16.98,1.37,56.28,6.52,16.43,67.37,4.31
28,ANDHRA PRADESH,546,West Godavari,Rural,870607,93.9,5.53,33.92,60.62,58.9,33.68,82.6,69.86,51.38,42.03,57.26,50.43,45.18,3.86,0.53,14.6,0.92,57.06,5.86,17.69,65.16,4.81
28,ANDHRA PRADESH,546,West Godavari,Urban,205173,97.5,2.12,68.24,21.53,88.72,7.13,88.41,84.8,71.12,50.1,73.14,67.83,62.51,10.72,3.61,27.1,3.27,52.96,9.31,11.11,76.75,2.17
28,ANDHRA PRADESH,547,Krishna,Total,1227257,94.84,4.34,51.57,40.97,70.35,28.64,73.66,63.12,49.86,52.86,64.73,60.6,54.4,8.27,2.48,17.28,2.28,42.78,9.17,16.3,69.96,3.36
28,ANDHRA PRADESH,547,Krishna,Rural,754361,93.05,6.05,35.74,58.33,56.16,42.85,65.78,52.03,32.81,50.48,57.36,50.63,43.91,4.72,0.59,11.81,0.97,45.74,5.77,20.94,64.84,4.38
28,ANDHRA PRADESH,547,Krishna,Urban,472896,97.7,1.63,76.81,13.29,93.0,5.97,86.22,80.81,77.05,56.67,76.47,76.5,71.14,13.93,5.5,26.02,4.37,38.07,14.6,8.91,78.13,1.73
28,ANDHRA PRADESH,548,Guntur,Total,1287831,92.1,7.01,50.36,43.99,59.23,39.86,57.42,47.48,43.07,48.17,63.43,56.93,52.1,6.25,1.51,14.76,1.35,35.3,8.3,19.68,68.44,3.49
28,ANDHRA PRADESH,548,Guntur,Rural,877109,90.21,8.81,40.5,55.06,46.55,52.45,47.99,35.43,32.62,46.46,57.67,50.52,45.54,4.14,0.47,10.32,0.59,33.35,6.77,23.61,64.8,4.25
28,ANDHRA PRADESH,548,Guntur,Urban,410722,96.13,3.16,71.41,20.34,86.33,12.96,77.56,73.23,65.39,51.81,75.72,70.62,66.09,10.75,3.72,24.24,2.98,39.45,11.57,11.29,76.22,1.88
28,ANDHRA PRADESH,549,Prakasam,Total,857276,89.09,9.89,33.94,62.19,37.48,61.44,56.11,33.46,23.01,58.04,54.59,57.7,54.78,5.09,0.72,12.36,1.06,26.37,4.76,23.93,68.1,3.74
28,ANDHRA PRADESH,549,Prakasam,Rural,692542,87.59,11.33,26.19,70.26,27.99,70.95,51.51,27.31,18.16,57.61,49.54,54.15,51.39,4.3,0.34,10.15,0.76,24.56,4.44,26.88,66.03,4.16
28,ANDHRA PRADESH,549,Prakasam,Urban,164734,95.39,3.82,66.5,28.23,77.41,21.46,75.47,59.3,43.43,59.86,75.85,72.63,69.02,8.4,2.3,21.65,2.3,33.97,6.15,11.49,76.77,2.01
28,ANDHRA PRADESH,550,Sri Potti Sriramulu Nellore,Total,772625,90.09,9.2,30.24,64.68,39.62,59.52,68.58,43.93,43.87,54.04,62.92,57.41,53.59,5.12,1.32,13.99,1.51,21.09,5.42,22.3,71.43,3.65
28,ANDHRA PRADESH,550,Sri Potti Sriramulu Nellore,Rural,567914,87.7,11.51,18.35,78.53,25.49,73.73,68.28,37.32,36.46,52.84,56.2,51.33,47.6,3.0,0.41,9.25,0.67,17.58,4.72,27.11,67.8,4.29
28,ANDHRA PRADESH,550,Sri Potti Sriramulu Nellore,Urban,204711,96.71,2.78,63.22,26.26,78.81,20.1,69.4,62.29,64.44,57.35,81.58,74.29,70.2,11.02,3.85,27.15,3.84,30.84,7.36,8.95,81.49,1.88
28,ANDHRA PRADESH,551,Y.S.R.,Total,703136,95.54,3.88,29.8,64.61,44.76,52.63,85.07,48.13,33.95,60.19,58.26,62.53,59.88,5.68,0.95,14.04,1.07,18.56,7.68,22.08,77.1,2.09
28,ANDHRA PRADESH,551,Y.S.R.,Rural,475919,94.54,4.85,17.68,79.12,28.38,68.67,83.28,36.47,25.67,61.01,49.6,57.1,54.8,4.34,0.47,9.28,0.66,12.16,7.33,27.65,75.57,2.56
28,ANDHRA PRADESH,551,Y.S.R.,Urban,227217,97.62,1.84,55.18,34.24,79.07,19.04,88.81,72.56,51.28,58.46,76.39,73.9,70.53,8.48,1.96,24.01,1.95,31.97,8.43,10.41,80.33,1.12
28,ANDHRA PRADESH,552,Kurnool,Total,877182,93.11,5.77,22.23,71.65,40.28,49.88,79.46,56.55,25.88,58.3,61.91,65.26,61.77,6.44,1.15,13.47,1.21,30.99,9.09,17.43,71.92,2.77
28,ANDHRA PRADESH,552,Kurnool,Rural,630786,91.71,7.12,11.59,84.49,27.62,62.66,73.22,45.61,15.19,57.92,55.71,60.42,57.52,4.69,0.4,8.82,0.59,26.03,7.59,21.22,69.67,3.32
28,ANDHRA PRADESH,552,Kurnool,Urban,246396,96.68,2.3,49.46,38.79,72.68,17.14,95.42,84.56,53.25,59.27,77.77,77.65,72.65,10.93,3.08,25.36,2.79,43.67,12.92,7.73,77.67,1.37
28,ANDHRA PRADESH,553,Anantapur,Total,961165,93.43,5.74,23.2,71.9,36.82,60.45,85.28,47.06,23.44,63.47,58.21,60.46,57.96,5.03,0.9,15.0,1.03,21.48,6.61,22.57,76.02,2.49
28,ANDHRA PRADESH,553,Anantapur,Rural,698439,91.93,7.15,11.28,85.71,22.02,75.22,83.32,37.25,15.98,66.6,50.42,55.08,53.02,3.67,0.34,10.35,0.63,16.08,6.26,27.52,75.32,2.94
28,ANDHRA PRADESH,553,Anantapur,Urban,262726,97.4,2.0,54.89,35.21,76.19,21.2,90.48,73.11,43.25,55.17,78.91,74.76,71.08,8.63,2.36,27.37,2.1,35.82,7.54,9.41,77.87,1.27
28,ANDHRA PRADESH,554,Chittoor,Total,1022116,92.41,6.82,31.74,62.32,37.41,61.48,81.75,41.48,33.46,64.55,59.82,61.91,58.45,6.56,1.35,18.25,1.59,22.1,9.15,20.8,76.82,3.02
28,ANDHRA PRADESH,554,Chittoor,Rural,727635,90.25,8.86,17.2,79.11,19.57,79.2,84.17,36.42,26.26,65.04,51.42,55.28,52.12,4.45,0.4,13.21,0.77,18.53,8.1,26.08,73.89,3.75
28,ANDHRA PRADESH,554,Chittoor,Urban,294481,97.74,1.78,67.66,20.83,81.48,17.67,75.78,53.96,51.26,63.34,80.6,78.31,74.1,11.78,3.68,30.71,3.62,30.92,11.72,7.77,84.06,1.22
29,KARNATAKA,555,Belgaum,Total,963825,83.92,14.98,24.98,63.4,32.81,59.41,54.01,36.64,35.31,70.66,48.58,66.56,61.57,7.63,1.82,23.75,3.64,53.95,15.83,14.72,60.99,3.93
29,KARNATAKA,555,Belgaum,Rural,708069,79.81,18.93,10.6,76.82,18.5,75.43,45.02,23.88,24.18,71.95,39.74,62.37,57.84,4.82,0.59,19.23,2.31,56.48,15.38,16.97,56.83,4.66
29,KARNATAKA,555,Belgaum,Urban,255756,95.28,4.04,64.77,26.24,72.42,15.07,78.87,71.99,66.11,67.08,73.07,78.14,71.89,15.4,5.22,36.26,7.34,46.94,17.05,8.5,72.52,1.93
29,KARNATAKA,556,Bagalkot,Total,355377,84.81,14.03,13.89,82.07,18.8,71.18,63.42,34.94,28.84,63.29,45.38,65.93,61.83,7.4,1.05,19.49,2.74,43.3,10.42,18.6,55.67,4.7
29,KARNATAKA,556,Bagalkot,Rural,238746,82.03,16.77,4.06,92.65,7.2,85.93,59.02,22.63,20.66,66.06,36.86,63.47,59.63,5.95,0.36,16.81,2.02,45.05,9.87,20.58,51.88,5.2
29,KARNATAKA,556,Bagalkot,Urban,116631,90.49,8.44,34.0,60.42,42.55,40.98,72.43,60.15,45.57,57.61,62.84,70.95,66.33,10.37,2.48,25.0,4.2,39.72,11.53,14.56,63.44,3.67
29,KARNATAKA,557,Bijapur,Total,405076,80.63,18.2,14.54,80.05,18.1,73.41,48.22,31.64,25.8,64.48,40.49,70.24,64.98,9.03,1.23,16.7,2.89,39.99,13.74,17.28,55.78,5.88
29,KARNATAKA,557,Bijapur,Rural,307984,77.01,21.77,4.18,92.17,5.04,86.84,38.18,18.63,14.83,65.72,31.06,67.85,63.59,7.11,0.38,12.53,2.2,40.33,13.42,19.54,51.49,6.82
29,KARNATAKA,557,Bijapur,Urban,97092,92.09,6.87,47.38,41.6,59.51,30.8,80.07,72.91,60.58,60.55,70.41,77.82,69.36,15.11,3.95,29.95,5.1,38.92,14.76,10.1,69.38,2.91
29,KARNATAKA,558,Bidar,Total,313521,86.58,12.09,11.14,71.52,23.22,73.71,50.69,25.48,29.36,48.52,37.1,59.96,50.72,11.51,1.27,14.29,3.1,32.81,6.85,24.72,45.25,4.5
29,KARNATAKA,558,Bidar,Rural,237380,84.79,13.79,2.71,79.08,8.84,88.2,49.08,20.46,20.09,47.42,29.29,55.33,46.02,10.2,0.69,9.45,2.49,30.32,6.44,28.67,38.27,4.99
29,KARNATAKA,558,Bidar,Urban,76141,92.15,6.78,37.42,47.95,68.06,28.56,55.73,41.11,58.26,51.95,61.45,74.38,65.36,15.58,3.05,29.39,5.02,40.58,8.14,12.42,67.03,2.98
29,KARNATAKA,559,Raichur,Total,359337,87.54,11.13,14.32,79.34,20.68,70.81,61.1,38.45,24.09,50.58,45.2,67.52,62.31,9.43,1.45,19.65,3.09,33.66,12.01,20.12,53.92,6.15
29,KARNATAKA,559,Raichur,Rural,264274,85.99,12.56,6.36,88.98,9.99,83.22,50.53,24.35,15.61,48.54,36.28,63.77,59.23,7.59,0.7,14.79,2.48,30.92,10.84,23.7,49.76,7.06
29,KARNATAKA,559,Raichur,Urban,95063,91.82,7.17,36.44,52.55,50.42,36.3,90.49,77.63,47.68,56.22,69.99,77.97,70.86,14.55,3.52,33.15,4.79,41.27,15.26,10.17,65.49,3.61
29,KARNATAKA,560,Koppal,Total,259396,86.03,12.81,12.21,84.15,18.48,67.69,72.05,35.28,22.7,60.92,43.95,64.24,60.8,5.88,0.82,17.39,2.39,37.62,10.75,20.94,57.95,4.9
29,KARNATAKA,560,Koppal,Rural,213217,84.96,13.83,7.3,89.72,11.99,76.07,68.75,27.71,19.26,60.68,38.68,61.62,58.21,5.11,0.51,14.57,2.0,36.38,10.19,23.07,55.43,5.16
29,KARNATAKA,560,Koppal,Urban,46179,90.97,8.1,34.89,58.45,48.43,28.98,87.31,70.22,38.6,62.03,68.26,76.32,72.75,9.47,2.26,30.4,4.19,43.34,13.34,11.08,69.61,3.66
29,KARNATAKA,561,Gadag,Total,215602,91.87,7.53,14.82,78.42,21.18,68.9,72.67,42.87,29.59,72.82,48.57,59.56,54.56,7.25,1.56,14.36,2.41,33.95,13.61,22.22,55.88,4.51
29,KARNATAKA,561,Gadag,Rural,137799,92.02,7.3,4.45,89.42,9.24,85.1,63.0,30.06,21.37,79.45,39.29,55.22,50.41,5.06,0.83,9.28,1.75,30.27,11.72,26.42,53.03,5.14
29,KARNATAKA,561,Gadag,Urban,77803,91.59,7.94,33.19,58.94,42.33,40.2,89.81,65.56,44.16,61.07,65.0,67.25,61.89,11.12,2.87,23.35,3.6,40.47,16.96,14.78,60.93,3.39
29,KARNATAKA,562,Dharwad,Total,372054,93.52,5.97,37.79,50.17,57.01,39.49,80.68,59.6,57.29,71.93,62.79,71.58,65.07,13.33,4.04,24.51,5.68,29.92,20.73,13.9,63.38,2.8
29,KARNATAKA,562,Dharwad,Rural,157960,90.82,8.58,5.39,81.49,23.07,75.4,68.02,26.37,29.42,79.54,43.86,61.8,57.14,4.83,0.38,10.94,2.25,31.86,14.69,21.3,55.68,3.89
29,KARNATAKA,562,Dharwad,Urban,214094,95.52,4.05,61.69,27.07,82.04,13.0,90.01,84.13,77.85,66.32,76.76,78.8,70.92,19.6,6.73,34.53,8.21,28.49,25.19,8.44,69.06,1.99
29,KARNATAKA,563,Uttara Kannada,Total,319912,90.9,8.36,27.57,66.28,59.34,38.36,27.44,17.32,58.28,78.52,52.52,68.26,57.4,6.72,1.92,23.08,4.11,38.41,16.64,16.21,49.59,5.43
29,KARNATAKA,563,Uttara Kannada,Rural,226803,88.9,10.21,14.78,78.6,50.6,48.28,21.45,9.54,51.99,77.74,43.55,63.11,50.59,4.71,1.12,18.63,3.18,36.38,16.92,19.81,45.51,6.36
29,KARNATAKA,563,Uttara Kannada,Urban,93109,95.77,3.87,58.72,36.28,80.65,14.21,42.03,36.28,73.6,80.41,74.37,80.81,73.99,11.61,3.86,33.93,6.38,43.37,15.96,7.45,59.53,3.18
29,KARNATAKA,564,Haveri,Total,325456,90.93,8.45,12.76,70.08,37.31,59.98,75.17,31.43,28.16,64.65,47.65,59.86,56.15,5.48,0.75,14.62,1.75,36.24,10.92,21.53,53.92,4.51
29,KARNATAKA,564,Haveri,Rural,254181,90.23,9.12,4.89,75.2,28.24,70.02,72.82,22.73,20.9,66.82,42.58,56.78,53.25,4.25,0.29,11.75,1.14,35.67,10.65,23.73,50.17,4.97
29,KARNATAKA,564,Haveri,Urban,71275,93.43,6.03,40.82,51.84,69.65,24.2,83.57,62.45,54.04,56.91,65.73,70.84,66.5,9.84,2.42,24.85,3.92,38.26,11.88,13.65,67.28,2.86
29,KARNATAKA,565,Bellary,Total,481704,91.42,7.7,23.67,68.73,32.41,56.45,80.64,47.48,34.19,49.82,60.43,67.89,63.54,8.34,2.0,23.1,2.94,34.19,8.51,16.62,59.99,4.47
29,KARNATAKA,565,Bellary,Rural,291383,89.04,9.9,8.59,86.75,12.11,77.74,71.6,24.12,18.63,48.81,49.68,61.44,58.18,4.65,0.47,15.36,1.55,32.05,8.12,21.81,54.64,5.41
29,KARNATAKA,565,Bellary,Urban,190321,95.07,4.33,46.77,41.15,63.48,23.87,94.48,83.24,58.0,51.38,76.89,77.77,71.75,14.0,4.33,34.93,5.07,37.47,9.1,8.67,68.18,3.04
29,KARNATAKA,566,Chitradurga,Total,354143,86.76,11.74,17.09,77.21,30.25,67.33,65.55,30.86,24.53,53.77,49.23,58.35,53.23,8.16,1.61,15.8,2.1,28.97,14.16,22.98,52.6,5.1
29,KARNATAKA,566,Chitradurga,Rural,282019,85.24,13.14,7.3,88.32,19.09,78.58,60.46,20.93,17.61,53.64,42.62,53.92,49.09,6.82,1.02,12.8,1.36,28.89,13.59,26.38,49.09,5.89
29,KARNATAKA,566,Chitradurga,Urban,72124,92.7,6.3,55.36,33.77,73.9,23.32,85.45,69.71,51.56,54.3,75.06,75.67,69.39,13.4,3.94,27.55,4.98,29.31,16.35,9.68,66.34,2.0
29,KARNATAKA,567,Davanagere,Total,404840,92.05,7.24,24.9,64.42,46.45,50.67,69.7,38.87,29.97,50.58,63.25,70.29,64.42,9.74,1.81,22.3,3.82,36.16,10.97,14.44,54.13,4.84
29,KARNATAKA,567,Davanagere,Rural,272929,90.11,9.03,9.92,78.25,29.81,68.27,62.34,20.8,16.79,49.25,55.23,66.12,60.62,6.36,0.6,17.72,2.52,35.73,10.27,17.85,48.14,5.81
29,KARNATAKA,567,Davanagere,Urban,131911,96.09,3.53,55.89,35.8,80.87,14.24,84.94,76.28,57.23,53.32,79.84,78.93,72.29,16.73,4.31,31.79,6.51,37.05,12.42,7.38,66.53,2.82
29,KARNATAKA,568,Shimoga,Total,402139,90.47,8.77,31.85,59.42,71.15,26.81,65.28,43.32,45.02,69.07,64.63,74.39,66.71,8.75,2.19,27.73,5.17,41.23,16.35,11.08,53.31,5.82
29,KARNATAKA,568,Shimoga,Rural,257060,87.33,11.77,13.94,79.93,61.79,37.18,51.65,21.28,34.22,71.39,54.47,69.81,60.89,5.35,0.77,21.74,3.27,41.16,16.64,14.16,46.96,7.27
29,KARNATAKA,568,Shimoga,Urban,145079,96.05,3.47,63.59,23.07,87.75,8.45,89.43,82.38,64.15,64.96,82.63,82.51,77.04,14.79,4.7,38.36,8.52,41.35,15.83,5.63,64.58,3.23
29,KARNATAKA,569,Udupi,Total,246313,91.27,7.97,34.03,63.48,87.21,12.26,18.57,11.67,75.27,93.71,70.25,89.7,80.27,10.08,3.68,26.46,8.67,32.33,31.88,4.81,64.73,3.56
29,KARNATAKA,569,Udupi,Rural,174548,89.23,9.92,23.39,74.24,83.59,15.98,14.28,6.73,71.59,93.39,64.4,88.16,78.3,6.22,1.78,21.3,5.96,32.18,32.5,5.74,61.37,4.17
29,KARNATAKA,569,Udupi,Urban,71765,96.23,3.23,59.9,37.31,96.01,3.21,28.99,23.7,84.24,94.51,84.48,93.44,85.07,19.46,8.31,39.01,15.26,32.69,30.37,2.53,72.89,2.07
29,KARNATAKA,570,Chikmagalur,Total,272173,87.63,11.22,27.38,67.58,61.49,37.45,68.34,31.27,39.69,65.78,62.45,72.21,58.13,6.88,1.66,21.75,5.68,28.06,18.81,13.67,52.73,4.93
29,KARNATAKA,570,Chikmagalur,Rural,215334,85.33,13.37,16.22,79.95,54.13,44.82,62.88,22.84,33.26,65.67,56.86,69.04,53.15,5.09,1.09,18.37,4.72,26.84,20.08,15.82,49.06,5.48
29,KARNATAKA,570,Chikmagalur,Urban,56839,96.36,3.07,69.67,20.71,89.4,9.52,89.04,63.2,64.07,66.21,83.61,84.2,77.0,13.65,3.82,34.53,9.28,32.68,13.99,5.49,66.63,2.87
29,KARNATAKA,571,Tumkur,Total,636394,88.43,10.8,18.31,75.64,32.5,66.06,66.84,25.03,25.74,49.21,50.57,58.6,50.14,6.56,1.25,21.65,2.35,43.46,20.83,19.97,56.87,5.08
29,KARNATAKA,571,Tumkur,Rural,495885,86.33,12.82,7.06,89.54,18.32,80.43,61.36,13.75,16.11,46.94,43.2,53.49,44.55,4.12,0.42,17.36,1.25,44.72,21.38,23.05,53.25,5.82
29,KARNATAKA,571,Tumkur,Urban,140509,95.83,3.68,58.03,26.58,82.52,15.36,86.19,64.86,59.71,57.22,76.59,76.63,69.9,15.17,4.19,36.81,6.21,39.01,18.9,9.08,69.61,2.46
29,KARNATAKA,572,Bangalore,Total,2377056,98.05,1.49,75.26,6.51,94.85,3.59,79.1,66.57,76.82,66.92,85.95,91.74,82.83,33.24,18.13,44.34,17.45,22.95,42.42,2.63,78.12,1.21
29,KARNATAKA,572,Bangalore,Rural,207628,95.76,3.52,47.76,31.71,74.83,23.34,68.09,29.71,41.34,51.14,73.56,81.73,76.4,10.95,3.05,30.68,6.53,27.49,30.57,7.27,68.72,2.45
29,KARNATAKA,572,Bangalore,Urban,2169428,98.27,1.3,77.89,4.1,96.76,1.7,80.15,70.1,80.22,68.43,87.13,92.7,83.45,35.37,19.57,45.64,18.5,22.51,43.55,2.18,79.02,1.09
29,KARNATAKA,573,Mandya,Total,426578,91.67,7.85,18.86,74.48,37.47,61.21,77.55,41.27,37.68,55.26,55.33,62.14,55.46,4.75,0.79,22.57,1.92,45.09,24.37,16.03,53.79,4.28
29,KARNATAKA,573,Mandya,Rural,354049,90.81,8.7,12.09,84.12,27.55,71.38,75.28,32.98,30.09,54.93,50.93,59.26,52.45,3.71,0.42,20.0,1.31,46.15,24.42,17.48,51.29,4.51
29,KARNATAKA,573,Mandya,Urban,72529,95.87,3.71,51.9,27.41,85.89,11.6,88.63,81.76,74.71,56.84,76.79,76.24,70.18,9.82,2.61,35.12,4.9,39.88,24.16,8.93,65.95,3.13
29,KARNATAKA,574,Hassan,Total,429292,93.34,6.15,21.1,71.6,39.88,58.18,63.42,29.97,34.46,74.16,63.43,71.62,62.16,5.46,1.13,22.74,3.49,32.2,22.11,13.37,49.86,5.38
29,KARNATAKA,574,Hassan,Rural,339911,92.16,7.25,9.45,86.0,26.74,71.19,56.82,19.34,25.31,74.31,58.14,67.92,57.44,3.7,0.45,18.53,2.34,32.6,21.88,15.5,45.12,6.16
29,KARNATAKA,574,Hassan,Urban,89381,97.82,1.96,65.44,16.85,89.86,8.71,88.54,70.39,69.23,73.62,83.53,85.66,80.11,12.16,3.73,38.74,7.85,30.71,22.98,5.28,67.91,2.4
29,KARNATAKA,575,Dakshina Kannada,Total,425291,90.83,8.42,41.21,55.68,92.66,6.9,43.68,31.89,79.28,86.69,67.1,88.4,78.49,12.99,5.48,22.95,11.21,16.45,34.63,5.62,63.49,2.71
29,KARNATAKA,575,Dakshina Kannada,Rural,220806,84.67,14.13,16.38,81.41,88.12,11.48,25.69,12.59,72.19,84.27,53.36,84.6,71.86,5.96,1.57,17.37,7.37,18.97,40.9,7.58,55.51,3.72
29,KARNATAKA,575,Dakshina Kannada,Urban,204485,97.48,2.25,68.03,27.9,97.56,1.94,63.11,52.72,86.94,89.31,81.94,92.5,85.65,20.58,9.7,28.98,15.35,13.72,27.85,3.5,72.09,1.61
29,KARNATAKA,576,Kodagu,Total,138303,82.38,15.93,29.61,67.71,81.43,17.55,48.24,32.61,54.96,69.27,60.02,75.28,59.96,7.78,2.39,16.02,12.27,14.52,47.19,11.32,56.59,4.36
29,KARNATAKA,576,Kodagu,Rural,118509,79.95,18.13,21.61,76.16,78.83,20.17,43.06,26.24,50.83,67.35,55.91,72.51,55.93,6.47,1.72,14.63,11.25,14.3,48.67,12.68,55.45,4.55
29,KARNATAKA,576,Kodagu,Urban,19794,96.9,2.78,77.53,17.12,97.02,1.84,79.3,70.78,79.7,80.79,84.63,91.85,84.09,15.64,6.43,24.35,18.37,15.8,38.31,3.19,63.39,3.2
29,KARNATAKA,577,Mysore,Total,688422,93.09,6.35,39.76,49.78,54.98,43.69,82.43,61.72,59.54,49.65,64.08,68.65,63.18,11.63,4.12,30.66,5.87,36.68,26.68,13.74,56.16,3.97
29,KARNATAKA,577,Mysore,Rural,401655,89.75,9.5,17.29,77.15,27.01,71.61,73.87,41.94,40.63,41.27,49.83,57.82,54.09,4.58,0.48,17.89,1.41,37.95,21.05,19.9,46.77,5.26
29,KARNATAKA,577,Mysore,Urban,286767,97.77,1.95,71.23,11.45,94.16,4.57,94.41,89.42,86.03,61.38,84.03,83.83,75.91,21.52,9.23,48.54,12.12,34.92,34.57,5.12,69.31,2.15
29,KARNATAKA,578,Chamarajanagar,Total,244198,86.88,12.22,16.77,77.12,23.46,74.52,63.68,32.48,31.57,34.8,46.0,50.33,46.17,4.86,0.55,14.99,1.28,39.29,23.75,24.07,47.59,6.57
29,KARNATAKA,578,Chamarajanagar,Rural,203748,85.64,13.46,11.6,84.09,15.35,82.99,58.67,24.11,26.53,34.14,41.79,47.13,43.33,4.08,0.33,12.7,0.85,39.29,24.42,25.99,45.5,6.98
29,KARNATAKA,578,Chamarajanagar,Urban,40450,93.1,5.97,42.79,41.99,64.32,31.85,88.92,74.62,56.95,38.12,67.18,66.46,60.49,8.78,1.62,26.51,3.41,39.33,20.37,14.42,58.11,4.47
29,KARNATAKA,579,Gulbarga,Total,465245,87.0,12.06,16.62,72.91,25.53,69.0,56.82,35.71,31.41,50.59,47.74,66.17,59.81,11.28,2.1,15.86,2.77,25.46,12.87,21.74,58.41,3.0
29,KARNATAKA,579,Gulbarga,Rural,311531,83.33,15.57,2.8,87.99,4.47,90.26,46.47,22.46,16.71,50.24,36.26,59.31,55.38,7.19,0.47,8.19,1.69,22.0,9.67,27.68,52.83,3.75
29,KARNATAKA,579,Gulbarga,Urban,153714,94.44,4.95,44.63,42.34,68.23,25.91,77.79,62.56,61.19,51.3,71.02,80.07,68.79,19.57,5.38,31.41,4.94,32.49,19.37,9.7,69.71,1.48
29,KARNATAKA,580,Yadgir,Total,200424,77.95,20.69,9.47,86.6,11.24,81.58,47.07,24.64,19.83,39.02,30.56,59.33,56.7,6.59,0.7,11.74,2.18,18.73,7.59,31.02,47.04,5.01
29,KARNATAKA,580,Yadgir,Rural,161665,75.09,23.44,3.15,93.29,4.29,89.37,41.43,18.16,13.34,37.57,23.98,56.44,54.06,6.08,0.45,9.35,1.88,17.86,7.36,33.9,43.3,5.5
29,KARNATAKA,580,Yadgir,Urban,38759,89.87,9.2,35.83,58.67,40.21,49.07,70.61,51.69,46.89,45.06,58.01,71.37,67.69,8.75,1.77,21.71,3.41,22.35,8.55,19.01,62.65,2.94
29,KARNATAKA,581,Kolar,Total,330990,93.51,5.79,21.88,68.54,42.8,52.88,63.13,29.12,25.97,48.86,63.35,67.42,60.21,8.23,1.53,25.74,2.78,38.38,16.74,14.84,58.0,4.0
29,KARNATAKA,581,Kolar,Rural,226245,92.37,6.87,10.11,86.14,25.49,72.68,60.85,24.71,17.56,51.99,56.42,63.9,56.35,5.38,0.56,23.65,1.95,41.65,16.32,17.76,53.93,5.13
29,KARNATAKA,581,Kolar,Urban,104745,95.96,3.46,47.29,30.52,80.21,10.12,68.06,38.65,44.13,42.08,78.34,75.02,68.56,14.38,3.62,30.25,4.58,31.32,17.65,8.53,66.79,1.56
29,KARNATAKA,582,Chikkaballapura,Total,282311,91.12,8.03,18.04,73.94,36.47,61.03,71.48,28.42,23.23,53.18,54.02,59.35,52.92,6.15,0.95,20.34,2.34,34.3,13.4,21.82,59.82,4.19
29,KARNATAKA,582,Chikkaballapura,Rural,220309,89.61,9.43,9.47,85.63,23.0,74.29,69.48,23.22,16.57,55.23,48.29,54.89,48.35,4.73,0.47,18.3,1.76,34.51,12.8,25.11,56.82,4.92
29,KARNATAKA,582,Chikkaballapura,Urban,62002,96.5,3.06,48.5,32.42,84.32,13.91,78.57,46.88,46.89,45.9,74.35,75.18,69.16,11.19,2.63,27.55,4.44,33.56,15.54,10.15,70.47,1.6
29,KARNATAKA,583,Bangalore Rural,Total,224745,95.33,4.17,34.46,54.1,79.91,18.77,66.81,19.53,26.4,49.22,69.84,73.68,68.82,7.59,1.66,30.7,4.62,41.78,27.9,10.53,62.4,3.15
29,KARNATAKA,583,Bangalore Rural,Rural,162398,94.79,4.66,24.07,68.58,75.52,23.54,61.97,19.35,21.37,47.98,66.02,70.87,66.22,5.49,0.93,30.73,3.96,45.27,27.46,11.96,59.8,3.69
29,KARNATAKA,583,Bangalore Rural,Urban,62347,96.73,2.89,61.54,16.38,91.34,6.34,79.43,19.99,39.5,52.45,79.79,81.0,75.58,13.07,3.56,30.64,6.35,32.71,29.06,6.81,69.2,1.73
29,KARNATAKA,584,Ramanagara,Total,259794,91.97,7.37,18.04,72.54,41.91,56.32,80.99,36.51,29.51,38.97,54.61,57.04,53.63,6.93,1.09,18.88,2.13,31.71,21.51,21.29,52.65,6.01
29,KARNATAKA,584,Ramanagara,Rural,200171,90.55,8.7,10.51,84.68,28.05,70.06,77.65,27.03,17.35,37.49,49.49,52.27,49.15,5.39,0.6,16.52,1.42,32.45,20.89,24.39,49.69,6.83
29,KARNATAKA,584,Ramanagara,Urban,59623,96.74,2.88,43.34,31.79,88.47,10.17,92.2,68.33,70.35,43.91,71.79,73.06,68.66,12.09,2.76,26.79,4.52,29.24,23.61,10.91,62.55,3.25
30,GOA,585,North Goa,Total,179085,97.13,2.25,74.05,19.99,78.69,18.72,83.79,80.75,80.42,87.21,81.7,88.74,77.46,31.42,13.09,56.61,24.76,23.29,32.15,4.9,77.65,1.39
30,GOA,585,North Goa,Rural,71412,96.33,2.96,62.52,32.65,68.74,29.9,78.02,74.3,74.44,84.89,75.94,83.41,72.0,23.6,6.6,50.88,16.46,20.81,23.17,7.88,75.2,1.79
30,GOA,585,North Goa,Urban,107673,97.67,1.77,81.69,11.59,85.29,11.31,87.62,85.02,84.39,88.75,85.51,92.28,81.09,36.6,17.39,60.41,30.26,24.94,38.11,2.92,79.28,1.13
30,GOA,586,South Goa,Total,143728,96.58,2.62,71.1,21.67,81.0,13.55,87.41,83.67,78.85,86.33,80.38,89.59,76.5,30.82,12.26,57.36,24.37,26.3,29.87,4.28,74.25,1.68
30,GOA,586,South Goa,Rural,53262,94.66,4.08,55.46,39.01,73.84,24.05,77.57,70.97,66.94,84.81,72.82,85.5,69.71,25.18,7.79,53.06,19.89,25.43,26.05,6.9,74.61,1.95
30,GOA,586,South Goa,Urban,90466,97.71,1.77,80.31,11.47,85.21,7.37,93.21,91.15,85.85,87.23,84.84,91.99,80.5,34.14,14.9,59.89,27.01,26.81,32.11,2.73,74.04,1.52
31,LAKSHADWEEP,587,Lakshadweep,Total,10703,99.68,0.21,16.62,54.82,97.8,1.82,20.26,9.12,83.68,85.28,64.05,93.65,85.52,14.02,3.06,38.39,2.29,84.34,20.23,1.89,78.65,0.78
31,LAKSHADWEEP,587,Lakshadweep,Rural,2523,99.76,0.2,2.85,36.5,98.06,1.66,31.03,0.75,79.75,86.64,53.98,93.18,86.33,7.57,1.19,28.97,2.14,77.37,16.29,3.13,57.39,1.74
31,LAKSHADWEEP,587,Lakshadweep,Urban,8180,99.66,0.21,20.87,60.46,97.71,1.87,16.93,11.7,84.89,84.85,67.15,93.79,85.27,16.01,3.63,41.3,2.33,86.49,21.44,1.5,85.21,0.48
32,KERALA,588,Kasaragod,Total,267762,88.76,10.65,27.67,70.1,91.78,7.09,13.72,9.65,73.05,82.46,67.1,89.42,77.17,12.13,3.88,12.8,7.26,10.36,28.14,6.19,67.42,5.77
32,KERALA,588,Kasaragod,Rural,165969,84.37,14.85,17.78,80.1,88.84,10.2,10.72,7.1,65.9,83.32,60.68,88.33,76.06,9.72,2.74,10.77,6.47,7.67,30.93,7.15,60.49,7.63
32,KERALA,588,Kasaragod,Urban,101793,95.92,3.8,43.8,53.79,96.57,2.0,18.6,13.81,84.7,81.05,77.56,91.21,78.97,16.07,5.73,16.1,8.54,14.73,23.58,4.63,78.72,2.75
32,KERALA,589,Kannur,Total,543209,94.1,5.6,21.24,76.6,97.65,1.76,11.72,8.63,81.11,86.6,77.93,92.64,81.21,15.45,6.01,14.09,8.12,12.21,44.06,3.39,72.72,3.61
32,KERALA,589,Kannur,Rural,198846,88.07,11.5,9.34,88.33,96.26,3.11,11.5,5.79,73.09,86.44,68.36,91.46,79.07,10.43,3.57,10.42,6.66,7.85,38.99,4.68,62.73,6.18
32,KERALA,589,Kannur,Urban,344363,97.59,2.2,28.11,69.82,98.45,0.97,11.84,10.27,85.74,86.69,83.46,93.32,82.44,18.36,7.42,16.2,8.96,14.72,46.99,2.64,78.5,2.12
32,KERALA,590,Wayanad,Total,185403,80.83,18.69,12.42,84.83,91.78,6.65,22.58,14.76,60.22,75.53,59.32,83.72,74.79,8.6,2.54,12.25,7.03,8.28,25.99,10.16,55.57,8.89
32,KERALA,590,Wayanad,Rural,178686,80.53,18.98,11.21,86.0,91.65,6.77,22.29,14.36,59.7,75.59,58.78,83.59,74.5,8.24,2.35,11.97,6.77,8.07,26.04,10.27,55.61,9.02
32,KERALA,590,Wayanad,Urban,6717,88.76,10.84,44.68,53.46,95.3,3.6,30.24,25.55,74.07,73.99,73.59,87.21,82.46,18.12,7.59,19.82,13.82,14.01,24.65,7.22,54.5,5.49
32,KERALA,591,Kozhikode,Total,683825,93.83,5.92,21.29,76.6,97.81,1.48,21.01,16.48,79.3,72.37,71.76,92.45,77.97,15.74,5.38,21.84,7.94,13.78,33.41,4.0,73.49,4.58
32,KERALA,591,Kozhikode,Rural,232228,90.46,9.25,8.21,89.52,96.98,2.26,17.76,11.4,73.98,71.7,61.33,91.17,73.86,12.06,3.24,16.38,5.87,9.37,31.67,5.19,66.39,6.56
32,KERALA,591,Kozhikode,Urban,451597,95.57,4.21,28.01,69.95,98.24,1.07,22.68,19.08,82.03,72.71,77.12,93.11,80.08,17.63,6.48,24.65,9.0,16.04,34.3,3.39,77.14,3.56
32,KERALA,592,Malappuram,Total,774595,94.26,5.5,18.07,80.21,97.35,1.88,14.85,11.1,81.18,68.19,62.67,93.02,83.02,15.48,3.6,17.83,7.64,12.51,26.74,4.19,71.73,3.45
32,KERALA,592,Malappuram,Rural,437511,92.99,6.74,14.56,83.79,96.5,2.58,15.22,10.79,78.49,68.99,60.13,91.93,82.55,13.64,3.03,17.37,6.72,12.03,25.73,4.97,68.29,4.16
32,KERALA,592,Malappuram,Urban,337084,95.9,3.89,22.64,75.56,98.45,0.97,14.38,11.51,84.66,67.16,65.96,94.42,83.62,17.87,4.34,18.42,8.82,13.14,28.06,3.16,76.19,2.52
32,KERALA,593,Palakkad,Total,628287,93.52,6.18,28.39,69.52,89.79,9.41,42.87,33.34,71.69,75.42,71.17,84.87,77.75,11.05,4.32,23.17,6.92,16.23,26.32,7.99,61.49,4.87
32,KERALA,593,Palakkad,Rural,476318,92.41,7.26,20.98,76.98,88.17,11.01,39.17,28.19,69.28,74.38,67.99,83.26,76.28,8.82,2.94,20.83,5.53,14.96,26.25,9.07,59.23,5.38
32,KERALA,593,Palakkad,Urban,151969,97.02,2.8,51.62,46.11,94.87,4.38,54.49,49.46,79.24,78.7,81.14,89.92,82.36,18.06,8.65,30.47,11.25,20.23,26.52,4.59,68.59,3.27
32,KERALA,594,Thrissur,Total,743830,97.01,2.75,45.49,52.53,97.85,1.48,27.49,22.24,83.75,74.67,82.9,90.22,76.78,17.85,7.55,29.66,11.3,33.47,35.31,3.74,64.83,4.44
32,KERALA,594,Thrissur,Rural,246928,95.73,3.98,35.09,62.78,96.9,2.25,29.1,23.52,80.27,71.68,79.1,88.08,74.24,12.77,4.64,24.75,7.79,28.78,31.53,5.07,59.64,5.11
32,KERALA,594,Thrissur,Urban,496902,97.66,2.13,50.65,47.44,98.32,1.09,26.69,21.61,85.48,76.16,84.79,91.29,78.04,20.38,9.0,32.09,13.04,35.79,37.18,3.08,67.4,4.1
32,KERALA,595,Ernakulam,Total,791737,97.42,2.38,63.06,34.67,97.85,1.3,57.23,52.98,80.29,78.37,87.92,93.61,85.0,23.26,11.21,40.72,17.09,31.59,34.03,2.3,71.66,3.71
32,KERALA,595,Ernakulam,Rural,256310,95.66,4.03,36.89,61.12,96.89,2.33,38.41,31.7,78.07,78.0,83.69,92.42,82.08,15.64,6.39,37.27,13.6,25.66,29.21,3.27,65.43,4.97
32,KERALA,595,Ernakulam,Urban,535427,98.26,1.59,75.59,22.01,98.31,0.81,66.25,63.17,81.35,78.55,89.95,94.17,86.4,26.91,13.52,42.37,18.76,34.42,36.34,1.84,74.64,3.1
32,KERALA,596,Idukki,Total,276976,88.4,9.8,19.72,77.48,89.13,9.35,30.2,18.39,41.44,76.61,74.92,89.2,81.69,8.98,2.98,12.95,7.93,7.0,24.37,4.89,48.81,7.98
32,KERALA,596,Idukki,Rural,264649,87.94,10.19,17.4,79.74,88.66,9.77,29.31,17.1,39.47,76.38,74.32,88.9,81.37,8.24,2.58,11.75,7.22,6.38,24.6,5.03,47.59,8.29
32,KERALA,596,Idukki,Urban,12327,98.35,1.49,69.63,28.98,99.27,0.35,49.46,46.05,83.69,81.41,87.97,95.59,88.46,24.9,11.44,38.67,23.26,20.14,19.31,1.76,75.14,1.36
32,KERALA,597,Kottayam,Total,480453,96.58,3.14,38.97,58.83,96.6,2.57,22.9,19.24,72.94,79.79,84.7,93.92,81.95,17.48,7.88,25.43,15.21,15.83,24.48,2.6,63.4,4.05
32,KERALA,597,Kottayam,Rural,342707,95.93,3.77,31.61,66.25,95.98,3.2,20.19,16.33,69.8,79.7,83.15,93.61,82.28,14.95,6.38,23.34,13.52,15.21,24.9,2.86,60.4,4.62
32,KERALA,597,Kottayam,Urban,137746,98.2,1.57,57.27,40.35,98.15,0.99,29.65,26.48,80.76,80.02,88.54,94.67,81.13,23.78,11.61,30.62,19.43,17.36,23.43,1.95,70.86,2.65
32,KERALA,598,Alappuzha,Total,528275,96.15,3.59,51.94,45.45,92.93,5.37,34.96,25.72,72.73,68.31,80.58,88.35,73.63,13.55,5.46,27.43,8.03,43.39,24.18,4.32,64.76,7.04
32,KERALA,598,Alappuzha,Rural,245849,95.27,4.4,45.57,51.8,90.93,7.13,35.27,26.36,70.0,70.26,77.86,87.54,70.2,11.62,4.44,23.54,6.81,37.09,24.13,5.14,62.4,7.67
32,KERALA,598,Alappuzha,Urban,282426,96.91,2.87,57.49,39.93,94.67,3.83,34.7,25.16,75.12,66.61,82.95,89.05,76.61,15.23,6.34,30.81,9.09,48.87,24.23,3.6,66.81,6.49
32,KERALA,599,Pathanamthitta,Total,319968,94.48,5.17,40.28,57.69,93.91,4.79,19.1,15.18,79.7,77.88,79.95,90.97,76.88,15.46,6.57,25.17,13.56,17.8,28.11,4.26,65.83,4.65
32,KERALA,599,Pathanamthitta,Rural,285389,94.26,5.38,37.87,60.08,93.65,5.04,17.32,13.36,78.93,77.7,79.32,90.72,76.26,14.31,5.83,24.36,12.57,17.66,27.96,4.4,64.89,4.88
32,KERALA,599,Pathanamthitta,Urban,34579,96.31,3.45,60.21,37.97,96.02,2.78,33.82,30.19,86.1,79.4,85.2,93.07,82.02,24.95,12.62,31.88,21.73,19.03,29.31,3.05,73.53,2.82
32,KERALA,600,Kollam,Total,663276,95.1,4.57,39.67,58.0,94.49,4.05,27.12,17.62,85.72,69.48,79.27,85.88,70.97,12.53,4.76,21.72,8.88,23.81,18.82,6.33,65.91,6.6
32,KERALA,600,Kollam,Rural,373677,93.49,6.12,29.1,68.71,93.0,5.38,22.42,12.5,85.04,69.17,75.71,84.49,69.36,10.29,3.5,17.93,7.45,16.66,20.43,7.73,62.66,7.46
32,KERALA,600,Kollam,Urban,289599,97.18,2.57,53.32,44.18,96.42,2.34,33.18,24.22,86.6,69.89,83.86,87.68,73.05,15.43,6.38,26.62,10.71,33.03,16.75,4.53,70.09,5.49
32,KERALA,601,Thiruvananthapuram,Total,828774,94.58,5.03,41.46,55.88,94.21,4.23,38.18,31.92,84.23,67.37,79.48,84.19,73.04,18.74,8.64,26.63,11.64,16.53,31.93,7.04,62.19,8.02
32,KERALA,601,Thiruvananthapuram,Rural,390607,92.27,7.21,25.09,72.25,91.85,6.28,23.01,14.42,82.14,64.5,73.85,81.04,69.9,11.15,3.44,18.05,6.03,13.84,27.4,9.22,55.61,10.22
32,KERALA,601,Thiruvananthapuram,Urban,438167,96.64,3.09,56.05,41.28,96.32,2.39,51.69,47.52,86.09,69.92,84.51,86.99,75.84,25.51,13.27,34.27,16.64,18.92,35.97,5.09,68.06,6.06
33,TAMIL NADU,602,Thiruvallur,Total,938822,96.87,2.61,66.24,22.79,67.85,29.93,66.58,45.99,36.61,56.63,91.32,82.27,75.56,18.56,8.06,38.74,5.81,39.94,23.73,2.88,75.09,1.82
33,TAMIL NADU,602,Thiruvallur,Rural,325798,94.15,4.96,41.42,52.37,28.35,69.59,90.72,60.42,22.62,40.13,89.92,66.74,61.94,7.22,1.76,26.9,1.78,36.07,14.3,4.69,64.31,3.28
33,TAMIL NADU,602,Thiruvallur,Urban,613024,98.31,1.36,79.44,7.08,88.84,8.85,53.75,38.32,44.05,65.4,92.07,90.53,82.81,24.59,11.4,45.04,7.94,41.99,28.74,1.92,80.81,1.04
33,TAMIL NADU,603,Chennai,Total,1106567,99.08,0.77,82.26,2.79,95.59,0.59,82.11,79.04,76.3,71.12,95.4,91.92,81.6,32.16,19.64,46.59,13.23,37.03,36.0,0.96,81.71,0.85
33,TAMIL NADU,603,Chennai,Rural,0,,,,,,,,,,,,,,,,,,,,,,
33,TAMIL NADU,603,Chennai,Urban,1106567,99.08,0.77,82.26,2.79,95.59,0.59,82.11,79.04,76.3,71.12,95.4,91.92,81.6,32.16,19.64,46.59,13.23,37.03,36.0,0.96,81.71,0.85
33,TAMIL NADU,604,Kancheepuram,Total,993809,96.71,2.69,62.6,26.31,65.53,32.53,73.69,56.65,43.84,58.84,91.03,83.79,77.35,20.2,10.09,42.11,6.89,42.85,24.19,2.86,76.03,1.34
33,TAMIL NADU,604,Kancheepuram,Rural,354476,94.41,4.76,36.0,56.38,29.28,69.03,86.5,61.27,24.66,42.89,88.94,71.49,67.18,7.57,2.26,32.4,2.65,39.38,17.71,4.83,66.0,2.27
33,TAMIL NADU,604,Kancheepuram,Urban,639333,97.99,1.55,77.34,9.64,85.63,12.29,66.59,54.1,54.47,67.69,92.18,90.61,82.99,27.2,14.44,47.5,9.23,44.78,27.78,1.77,81.59,0.83
33,TAMIL NADU,605,Vellore,Total,927318,93.38,5.82,45.03,49.51,41.11,56.49,82.5,49.89,34.97,41.8,86.02,70.49,65.59,7.54,2.22,30.84,2.2,52.96,10.06,5.44,73.11,1.98
33,TAMIL NADU,605,Vellore,Rural,537022,91.41,7.65,29.35,67.21,19.25,79.38,84.27,43.55,22.14,35.21,86.34,63.78,59.29,4.28,0.94,26.99,1.08,52.47,9.24,6.11,69.89,2.33
33,TAMIL NADU,605,Vellore,Urban,390296,96.08,3.31,66.59,25.16,71.18,25.0,80.07,58.62,52.63,50.86,85.58,79.73,74.26,12.03,3.99,36.14,3.73,53.64,11.19,4.53,77.53,1.51
33,TAMIL NADU,606,Tiruvannamalai,Total,593264,92.55,6.77,29.71,65.2,22.78,75.82,83.71,43.99,26.63,42.93,85.15,65.62,61.65,4.64,1.09,23.42,1.32,52.11,12.37,6.68,70.9,2.11
33,TAMIL NADU,606,Tiruvannamalai,Rural,477106,91.76,7.54,21.26,75.08,12.47,86.41,84.54,39.57,18.83,40.71,85.88,62.05,58.33,3.37,0.62,20.31,0.86,51.1,11.87,6.77,68.69,2.31
33,TAMIL NADU,606,Tiruvannamalai,Urban,116158,95.81,3.61,64.39,24.65,65.13,32.32,80.26,62.13,58.65,52.06,82.17,80.32,75.27,9.84,3.01,36.22,3.22,56.23,14.43,6.3,79.97,1.31
33,TAMIL NADU,607,Viluppuram,Total,804343,93.05,6.4,28.37,67.14,21.11,77.24,82.55,41.54,16.73,46.09,84.05,68.04,63.64,5.38,1.05,22.88,1.62,43.69,12.67,6.72,63.93,1.88
33,TAMIL NADU,607,Viluppuram,Rural,683022,92.54,6.92,21.59,74.82,13.21,85.5,82.96,39.25,11.68,43.74,84.09,65.2,61.0,4.33,0.66,20.46,1.24,42.4,11.96,7.0,62.02,1.96
33,TAMIL NADU,607,Viluppuram,Urban,121321,95.95,3.52,66.51,23.86,65.58,30.72,80.23,54.42,45.17,59.34,83.86,84.07,78.51,11.32,3.27,36.54,3.75,50.97,16.67,5.14,74.71,1.45
33,TAMIL NADU,608,Salem,Total,918899,90.91,8.12,48.86,42.23,34.95,53.88,78.79,62.08,24.69,38.83,81.61,70.74,66.53,6.95,2.25,38.32,3.34,48.03,21.44,7.79,69.92,1.79
33,TAMIL NADU,608,Salem,Rural,454964,87.91,10.75,33.57,61.27,14.58,80.85,70.85,49.13,8.97,32.15,75.54,63.85,59.9,3.57,0.77,33.9,1.72,47.66,21.89,10.76,65.47,2.3
33,TAMIL NADU,608,Salem,Urban,463935,93.85,5.53,63.85,23.56,54.93,27.43,86.57,74.79,40.1,45.39,87.56,77.5,73.02,10.27,3.69,42.66,4.92,48.4,20.99,4.88,74.29,1.28
33,TAMIL NADU,609,Namakkal,Total,477757,92.32,6.8,55.53,35.63,40.69,43.85,76.57,57.91,29.43,50.09,87.58,73.77,69.11,6.61,1.88,44.46,3.88,54.91,28.95,5.14,73.51,1.56
33,TAMIL NADU,609,Namakkal,Rural,284156,90.33,8.53,45.35,47.95,31.21,59.59,72.32,49.11,19.14,49.23,87.37,70.6,65.89,5.13,1.22,44.36,2.87,56.92,29.05,5.61,72.78,1.82
33,TAMIL NADU,609,Namakkal,Urban,193601,95.23,4.27,70.47,17.53,54.62,20.75,82.8,70.82,44.55,51.34,87.89,78.42,73.84,8.79,2.84,44.61,5.37,51.95,28.8,4.46,74.57,1.18
33,TAMIL NADU,610,Erode,Total,658734,90.36,8.45,56.32,32.34,49.01,41.88,77.71,63.8,35.55,54.2,84.63,73.39,66.55,8.94,2.82,43.8,5.07,55.96,26.56,5.53,72.26,1.55
33,TAMIL NADU,610,Erode,Rural,324097,87.44,11.05,43.75,48.1,33.74,60.71,73.5,54.7,18.52,51.91,84.4,67.06,59.13,6.03,1.56,40.71,3.35,58.36,26.85,6.28,69.34,2.04
33,TAMIL NADU,610,Erode,Urban,334637,93.18,5.93,68.5,17.08,63.8,23.64,81.78,72.61,52.05,56.42,84.85,79.51,73.74,11.75,4.05,46.79,6.73,53.62,26.28,4.81,75.1,1.07
33,TAMIL NADU,611,The Nilgiris,Total,198922,90.62,8.7,43.37,46.61,51.89,36.66,78.99,60.1,21.43,57.01,90.62,75.04,70.65,9.02,2.29,7.71,4.8,5.65,14.87,3.59,62.4,1.97
33,TAMIL NADU,611,The Nilgiris,Rural,84366,90.74,8.47,31.95,60.88,42.35,50.34,78.89,54.34,8.94,52.51,88.62,70.0,65.78,6.39,1.2,4.62,3.38,4.58,13.44,4.39,63.28,2.12
33,TAMIL NADU,611,The Nilgiris,Urban,114556,90.53,8.87,51.79,36.1,58.91,26.59,79.06,64.34,30.63,60.33,92.09,78.75,74.24,10.95,3.1,9.99,5.84,6.43,15.92,3.0,61.75,1.85
33,TAMIL NADU,612,Dindigul,Total,563172,88.79,10.05,37.22,55.25,33.28,58.71,81.56,50.89,25.01,47.93,81.41,67.45,63.21,6.87,1.63,26.23,2.76,39.57,23.25,7.75,68.98,1.63
33,TAMIL NADU,612,Dindigul,Rural,352757,86.53,12.09,26.06,68.89,18.89,76.76,79.79,41.84,14.6,45.83,80.66,61.85,57.9,5.16,0.81,23.0,1.76,38.82,21.06,8.63,66.71,1.79
33,TAMIL NADU,612,Dindigul,Urban,210415,92.59,6.64,55.95,32.37,57.41,28.45,84.54,66.07,42.45,51.44,82.67,76.82,72.11,9.73,2.99,31.65,4.43,40.82,26.93,6.28,72.78,1.36
33,TAMIL NADU,613,Karur,Total,287848,92.04,7.28,47.19,43.9,41.24,53.23,86.92,58.46,36.89,48.83,86.85,73.22,68.38,6.25,1.71,40.69,3.7,53.48,25.54,4.94,73.04,1.64
33,TAMIL NADU,613,Karur,Rural,168830,90.39,8.78,32.07,62.99,23.01,74.81,84.19,49.69,16.85,42.8,87.74,66.46,62.32,3.36,0.63,36.79,2.42,56.55,23.95,5.32,68.84,2.17
33,TAMIL NADU,613,Karur,Urban,119018,94.39,5.14,68.64,16.81,67.09,22.63,90.79,70.9,65.33,57.38,85.59,82.79,76.98,10.35,3.23,46.21,5.51,49.13,27.8,4.4,79.0,0.9
33,TAMIL NADU,614,Tiruchirappalli,Total,700852,92.98,6.4,47.58,43.05,48.52,43.14,86.72,66.58,40.98,60.89,84.49,76.68,71.71,11.36,4.29,33.43,4.08,51.79,33.38,5.54,72.52,1.83
33,TAMIL NADU,614,Tiruchirappalli,Rural,358811,89.74,9.41,27.4,68.81,24.02,71.88,86.26,56.85,22.6,54.57,81.39,67.57,63.57,5.17,1.15,26.55,1.65,53.62,27.28,7.45,67.81,2.44
33,TAMIL NADU,614,Tiruchirappalli,Urban,342041,96.37,3.25,68.76,16.03,74.22,13.0,87.2,76.79,60.26,67.52,87.74,86.24,80.26,17.84,7.58,40.64,6.62,49.87,39.77,3.53,77.47,1.18
33,TAMIL NADU,615,Perambalur,Total,149401,90.86,8.4,33.06,62.47,22.18,73.48,82.26,27.92,19.2,59.28,84.31,69.02,64.55,5.18,1.01,21.54,1.51,40.07,17.35,6.84,70.08,1.97
33,TAMIL NADU,615,Perambalur,Rural,124419,90.35,8.82,26.16,70.34,15.55,81.04,82.44,24.17,13.37,58.16,85.61,67.11,62.94,4.17,0.71,19.7,1.08,39.7,16.72,6.61,67.64,2.19
33,TAMIL NADU,615,Perambalur,Urban,24982,93.4,6.26,67.41,23.29,55.17,35.83,81.36,46.58,48.27,64.89,77.82,78.52,72.55,10.22,2.48,30.67,3.67,41.91,20.53,8.01,82.21,0.88
33,TAMIL NADU,616,Ariyalur,Total,198106,89.6,9.73,20.01,77.71,18.14,80.05,87.48,44.13,16.58,47.91,83.36,67.82,65.11,4.23,0.88,20.65,1.48,52.95,18.48,7.07,59.96,3.2
33,TAMIL NADU,616,Ariyalur,Rural,176818,89.37,9.94,14.89,83.04,14.15,84.37,86.77,41.24,14.59,46.48,83.73,66.52,63.83,3.77,0.72,19.43,1.22,52.4,17.82,7.15,58.72,3.35
33,TAMIL NADU,616,Ariyalur,Urban,21288,91.52,7.92,62.54,33.45,51.26,44.18,93.38,68.13,33.07,59.73,80.29,78.64,75.72,8.01,2.21,30.77,3.69,57.56,23.96,6.46,70.28,1.99
33,TAMIL NADU,617,Cuddalore,Total,637422,93.88,5.58,38.37,57.42,36.08,61.82,78.2,49.49,33.37,53.49,87.07,73.74,68.9,7.99,2.42,28.01,3.11,53.97,19.13,4.92,63.12,2.12
33,TAMIL NADU,617,Cuddalore,Rural,425191,94.01,5.44,23.51,73.64,19.87,78.47,81.12,46.11,22.46,48.62,88.46,68.12,63.88,4.53,0.91,21.9,1.55,50.36,16.59,4.97,58.64,2.43
33,TAMIL NADU,617,Cuddalore,Urban,212231,93.62,5.86,68.16,24.91,68.56,28.46,72.35,56.24,55.22,63.25,84.3,84.99,78.97,14.93,5.43,40.24,6.23,61.2,24.23,4.82,72.11,1.5
33,TAMIL NADU,618,Nagapattinam,Total,412656,92.56,6.93,34.86,61.91,39.54,57.83,64.69,40.93,25.32,50.31,87.78,68.44,61.22,4.77,1.35,21.07,2.19,53.29,27.01,5.05,55.27,3.02
33,TAMIL NADU,618,Nagapattinam,Rural,323340,92.3,7.19,26.25,71.33,31.21,66.95,62.29,38.36,20.55,46.34,90.02,64.95,57.66,3.45,0.87,18.75,1.7,52.61,26.08,4.68,52.16,3.18
33,TAMIL NADU,618,Nagapattinam,Urban,89316,93.48,5.96,66.03,27.81,69.71,24.78,73.38,50.2,42.6,64.7,79.65,81.07,74.13,9.57,3.1,29.47,3.97,55.72,30.41,6.4,66.53,2.44
33,TAMIL NADU,619,Thiruvarur,Total,327971,92.42,7.06,33.41,63.96,39.71,56.82,74.56,23.03,24.99,48.15,87.59,68.8,58.51,4.74,1.35,22.23,2.07,57.9,24.67,4.98,54.91,3.65
33,TAMIL NADU,619,Thiruvarur,Rural,262679,92.06,7.41,24.43,73.42,31.49,65.51,75.03,23.67,19.47,43.66,88.56,65.27,54.48,3.66,0.91,19.5,1.61,57.19,23.44,4.89,51.05,4.14
33,TAMIL NADU,619,Thiruvarur,Urban,65292,93.89,5.67,69.56,25.89,72.76,21.86,72.66,20.45,47.22,66.19,83.67,82.97,74.72,9.08,3.09,33.21,3.91,60.76,29.62,5.38,70.44,1.68
33,TAMIL NADU,620,Thanjavur,Total,605074,91.82,7.59,36.86,58.81,45.06,50.87,82.62,30.23,34.7,51.72,86.35,73.87,68.9,7.09,2.23,26.73,2.85,56.74,22.78,5.21,58.38,3.63
33,TAMIL NADU,620,Thanjavur,Rural,391191,90.12,9.21,21.92,75.76,28.8,68.75,81.67,31.76,23.54,44.11,86.85,67.94,63.16,3.88,1.01,21.8,1.73,55.81,19.52,5.59,52.4,4.53
33,TAMIL NADU,620,Thanjavur,Urban,213883,94.93,4.63,64.19,27.81,74.79,18.17,84.36,27.44,55.1,65.65,85.43,84.72,79.4,12.96,4.46,35.75,4.88,58.45,28.75,4.52,69.31,1.96
33,TAMIL NADU,621,Pudukkottai,Total,390628,90.75,8.52,21.24,75.0,27.97,69.75,77.2,44.6,14.6,48.78,83.06,73.3,68.76,4.68,1.15,28.24,2.02,53.51,22.56,5.3,59.68,3.72
33,TAMIL NADU,621,Pudukkottai,Rural,312868,89.72,9.46,12.46,85.17,17.68,80.32,74.39,39.01,7.02,45.53,83.13,70.2,66.2,3.29,0.62,25.22,1.39,53.06,21.22,5.55,56.29,4.24
33,TAMIL NADU,621,Pudukkottai,Urban,77760,94.91,4.73,56.57,34.08,69.34,27.22,88.47,67.09,45.07,61.86,82.76,85.77,79.04,10.25,3.3,40.4,4.53,55.3,27.92,4.32,73.31,1.61
33,TAMIL NADU,622,Sivaganga,Total,341960,91.9,7.09,33.29,61.19,40.7,55.65,68.89,40.08,24.66,53.94,88.94,75.69,69.85,7.15,1.69,26.68,2.4,50.48,27.87,3.82,68.75,2.5
33,TAMIL NADU,622,Sivaganga,Rural,236937,90.17,8.66,19.63,76.89,23.93,72.28,67.21,35.32,12.69,49.28,89.66,70.92,65.5,4.95,0.89,21.69,1.39,48.07,26.38,4.04,65.28,2.97
33,TAMIL NADU,622,Sivaganga,Urban,105023,95.82,3.55,64.09,25.75,78.53,18.12,72.7,50.81,51.66,64.47,87.3,86.46,79.66,12.12,3.49,37.95,4.69,55.92,31.25,3.31,76.58,1.43
33,TAMIL NADU,623,Madurai,Total,797939,94.51,4.78,49.1,35.03,59.18,35.49,85.06,65.53,37.41,55.87,88.85,77.57,72.39,11.94,4.27,28.64,3.87,40.83,28.59,4.4,75.46,1.31
33,TAMIL NADU,623,Madurai,Rural,319126,90.25,8.57,23.96,70.0,20.67,75.65,87.9,55.73,14.36,47.58,85.93,63.68,59.83,5.43,1.0,17.43,1.58,33.31,18.28,6.81,65.75,2.15
33,TAMIL NADU,623,Madurai,Urban,478813,97.35,2.25,65.86,11.72,84.85,8.72,83.17,72.07,52.78,61.39,90.79,86.82,80.76,16.28,6.46,36.12,5.39,45.84,35.46,2.79,81.94,0.76
33,TAMIL NADU,624,Theni,Total,340965,91.6,7.44,43.27,44.22,39.35,40.14,93.96,76.02,39.3,43.38,85.6,61.43,57.94,5.52,1.37,17.02,1.94,29.05,16.98,7.66,65.99,1.65
33,TAMIL NADU,624,Theni,Rural,158207,91.35,7.48,33.54,58.65,24.79,60.91,93.08,63.03,24.08,42.43,85.96,54.06,51.06,3.99,0.82,14.26,1.27,27.4,14.89,8.17,62.67,2.09
33,TAMIL NADU,624,Theni,Urban,182758,91.81,7.4,51.69,31.73,51.95,22.17,94.72,87.27,52.46,44.2,85.29,67.81,63.89,6.85,1.85,19.41,2.51,30.47,18.79,7.22,68.87,1.26
33,TAMIL NADU,625,Virudhunagar,Total,540132,93.67,5.61,43.51,45.02,30.92,52.44,83.89,45.03,21.54,41.27,84.67,65.52,61.47,6.92,1.89,22.12,1.82,52.36,20.35,7.29,75.58,1.31
33,TAMIL NADU,625,Virudhunagar,Rural,266882,91.71,7.37,31.27,62.12,14.59,77.06,82.72,37.41,9.58,37.55,85.86,60.06,55.64,4.53,0.89,18.5,1.12,46.52,17.67,7.38,71.34,1.7
33,TAMIL NADU,625,Virudhunagar,Urban,273250,95.59,3.89,55.46,28.32,46.87,28.39,85.02,52.48,33.22,44.9,83.51,70.85,67.16,9.25,2.87,25.66,2.51,58.07,22.97,7.2,79.72,0.94
33,TAMIL NADU,626,Ramanathapuram,Total,328955,88.58,10.29,30.55,63.73,36.62,60.03,58.01,29.05,10.47,49.52,86.39,76.61,71.02,6.8,1.57,15.08,1.68,38.13,20.64,5.1,65.77,2.59
33,TAMIL NADU,626,Ramanathapuram,Rural,232147,86.37,12.4,16.93,79.37,22.46,75.03,57.75,27.55,5.55,46.27,86.81,72.79,67.52,5.29,1.07,12.19,1.23,37.42,20.21,5.3,62.61,3.01
33,TAMIL NADU,626,Ramanathapuram,Urban,96808,93.9,5.25,63.19,26.23,70.59,24.06,58.65,32.67,22.25,57.3,85.37,85.75,79.39,10.42,2.77,22.0,2.75,39.85,21.67,4.6,73.32,1.6
33,TAMIL NADU,627,Thoothukkudi,Total,464324,94.31,4.98,43.21,48.79,49.98,46.08,85.64,62.96,30.44,53.89,87.84,74.3,69.61,7.71,2.47,26.89,3.16,51.42,21.63,5.28,69.87,1.63
33,TAMIL NADU,627,Thoothukkudi,Rural,239037,92.24,6.87,28.23,67.64,28.2,69.65,84.3,53.57,10.51,49.04,84.95,67.15,62.19,4.29,0.88,19.7,1.83,46.08,18.3,7.3,64.56,1.96
33,TAMIL NADU,627,Thoothukkudi,Urban,225287,96.52,2.98,59.09,28.78,73.09,21.08,87.06,72.93,51.58,59.03,90.91,81.88,77.47,11.33,4.15,34.52,4.56,57.09,25.17,3.13,75.5,1.29
33,TAMIL NADU,628,Tirunelveli,Total,820327,94.98,4.2,44.1,46.48,47.64,43.12,89.21,72.47,36.18,58.41,84.72,69.63,63.68,7.75,2.32,23.81,2.96,46.26,22.4,6.3,70.84,1.35
33,TAMIL NADU,628,Tirunelveli,Rural,422597,93.99,5.08,31.56,63.04,33.23,61.72,90.36,67.81,18.98,54.72,84.63,63.6,57.11,5.21,1.22,21.89,1.97,44.96,18.6,6.99,68.06,1.63
33,TAMIL NADU,628,Tirunelveli,Urban,397730,96.03,3.27,57.42,28.88,62.95,23.35,87.98,77.41,54.45,62.33,84.81,76.04,70.65,10.45,3.5,25.84,4.02,47.63,26.43,5.57,73.79,1.06
33,TAMIL NADU,629,Kanniyakumari,Total,489201,95.19,4.03,40.72,55.15,87.46,7.13,65.1,45.52,38.75,65.11,89.73,81.47,71.39,10.82,3.2,23.53,4.41,25.04,16.55,3.35,63.64,2.91
33,TAMIL NADU,629,Kanniyakumari,Rural,86390,94.41,4.59,45.11,51.52,83.13,10.37,74.96,46.14,34.49,67.3,88.29,79.22,68.39,8.69,2.22,20.17,2.8,25.8,14.06,3.99,61.62,2.74
33,TAMIL NADU,629,Kanniyakumari,Urban,402811,95.36,3.91,39.77,55.93,88.39,6.43,62.99,45.39,39.67,64.64,90.03,81.95,72.03,11.28,3.42,24.25,4.76,24.88,17.08,3.21,64.07,2.95
33,TAMIL NADU,630,Dharmapuri,Total,380924,88.72,10.29,27.51,67.44,19.01,79.04,55.71,27.59,9.95,47.8,81.58,67.93,62.71,4.97,0.96,28.34,1.53,43.19,13.7,8.19,66.29,2.33
33,TAMIL NADU,630,Dharmapuri,Rural,315563,87.53,11.37,21.3,74.75,10.72,88.17,54.04,24.49,4.97,45.61,81.99,65.76,60.66,3.92,0.61,26.3,1.15,42.86,13.43,8.27,64.41,2.48
33,TAMIL NADU,630,Dharmapuri,Urban,65361,94.49,5.1,57.48,32.15,59.0,34.92,63.79,42.55,33.96,58.38,79.59,78.39,72.62,10.04,2.64,38.21,3.4,44.79,15.05,7.82,75.36,1.59
33,TAMIL NADU,631,Krishnagiri,Total,450062,90.93,8.13,33.61,60.34,33.02,64.25,75.59,47.3,18.85,50.17,85.22,71.43,66.9,8.5,2.14,33.36,2.97,34.14,9.05,6.39,68.83,1.8
33,TAMIL NADU,631,Krishnagiri,Rural,344807,89.07,9.82,21.17,74.33,19.2,78.87,74.91,41.91,9.62,45.45,84.41,66.45,62.38,5.32,0.94,28.87,1.72,34.93,8.65,7.37,65.1,2.17
33,TAMIL NADU,631,Krishnagiri,Urban,105255,97.03,2.58,74.35,14.52,78.28,16.35,77.85,64.95,49.09,65.65,87.87,87.76,81.73,18.91,6.06,48.06,7.08,31.53,10.38,3.21,81.08,0.61
33,TAMIL NADU,632,Coimbatore,Total,945943,94.75,4.69,71.37,17.91,66.69,22.17,93.76,87.61,59.18,59.2,89.0,82.18,76.74,15.85,6.69,47.11,9.22,37.42,30.25,3.73,74.14,0.97
33,TAMIL NADU,632,Coimbatore,Rural,237155,90.11,9.0,48.08,45.47,33.3,56.35,84.72,74.72,35.51,44.78,84.3,69.66,65.18,6.87,1.66,39.7,4.4,37.87,27.9,6.52,70.99,1.6
33,TAMIL NADU,632,Coimbatore,Urban,708788,96.31,3.25,79.17,8.69,77.86,10.73,96.79,91.92,67.1,64.03,90.58,86.37,80.61,18.85,8.37,49.58,10.83,37.27,31.04,2.79,75.19,0.76
33,TAMIL NADU,633,Tiruppur,Total,700706,93.49,5.69,66.15,21.32,57.17,35.42,87.25,75.37,46.52,45.57,87.03,80.03,74.31,7.89,2.45,47.61,6.2,41.5,25.38,4.13,73.63,1.12
33,TAMIL NADU,633,Tiruppur,Rural,283140,89.55,9.11,50.74,42.08,30.94,63.79,77.49,59.55,21.97,46.35,86.41,71.8,65.08,5.4,1.34,45.03,4.54,49.13,27.38,5.44,70.71,1.67
33,TAMIL NADU,633,Tiruppur,Urban,417566,96.16,3.38,76.6,7.25,74.96,16.18,93.86,86.1,63.16,45.04,87.45,85.61,80.57,9.59,3.21,49.35,7.33,36.32,24.02,3.24,75.61,0.74
34,PUDUCHERRY,634,Yanam,Total,13308,96.63,3.27,78.14,15.03,81.87,16.75,99.95,99.6,79.35,40.19,55.55,58.84,56.7,4.49,1.56,19.32,1.7,49.02,3.72,18.52,83.88,0.74
34,PUDUCHERRY,634,Yanam,Rural,0,,,,,,,,,,,,,,,,,,,,,,
34,PUDUCHERRY,634,Yanam,Urban,13308,96.63,3.27,78.14,15.03,81.87,16.75,99.95,99.6,79.35,40.19,55.55,58.84,56.7,4.49,1.56,19.32,1.7,49.02,3.72,18.52,83.88,0.74
34,PUDUCHERRY,635,Puducherry,Total,230703,98.1,1.65,73.74,13.78,68.47,26.61,98.29,94.33,80.54,63.58,83.99,82.5,77.23,14.74,6.69,50.39,5.74,52.17,25.0,5.11,75.51,1.64
34,PUDUCHERRY,635,Puducherry,Rural,69275,96.58,2.86,56.03,31.78,35.82,62.84,98.32,91.93,64.66,58.69,75.83,71.45,67.63,5.45,1.16,34.97,2.24,51.13,19.02,9.31,65.5,2.59
34,PUDUCHERRY,635,Puducherry,Urban,161428,98.75,1.13,81.34,6.06,82.48,11.07,98.27,95.36,87.36,65.67,87.5,87.24,81.35,18.73,9.07,57.0,7.24,52.62,27.57,3.31,79.81,1.23
34,PUDUCHERRY,636,Mahe,Total,7197,99.35,0.58,50.47,46.6,97.83,0.64,22.29,19.49,93.01,82.88,90.15,96.05,85.26,20.62,7.98,24.27,11.92,12.06,50.47,1.5,83.17,1.06
34,PUDUCHERRY,636,Mahe,Rural,0,,,,,,,,,,,,,,,,,,,,,,
34,PUDUCHERRY,636,Mahe,Urban,7197,99.35,0.58,50.47,46.6,97.83,0.64,22.29,19.49,93.01,82.88,90.15,96.05,85.26,20.62,7.98,24.27,11.92,12.06,50.47,1.5,83.17,1.06
34,PUDUCHERRY,637,Karaikal,Total,50068,95.63,3.75,56.65,34.07,60.57,36.16,90.62,82.46,60.08,69.32,77.63,77.01,72.58,9.73,3.73,39.53,5.09,54.93,36.27,8.34,69.19,1.63
34,PUDUCHERRY,637,Karaikal,Rural,25858,93.58,5.43,44.51,47.13,47.64,50.88,86.28,79.86,50.16,70.17,72.76,70.88,66.88,5.71,1.57,33.34,3.22,56.15,32.65,10.57,61.13,2.07
34,PUDUCHERRY,637,Karaikal,Urban,24210,97.82,1.95,69.62,20.12,74.38,20.45,95.27,85.25,70.68,68.41,82.84,83.54,78.66,14.02,6.04,46.14,7.1,53.63,40.14,5.95,77.8,1.16
35,ANDAMAN & NICOBAR ISLANDS,638,Nicobars,Total,9959,93.39,4.55,36.59,49.19,80.88,18.31,79.31,70.45,55.25,91.18,48.5,66.96,64.15,2.31,0.57,19.99,1.94,43.22,33.96,10.38,74.94,1.21
35,ANDAMAN & NICOBAR ISLANDS,638,Nicobars,Rural,9959,93.39,4.55,36.59,49.19,80.88,18.31,79.31,70.45,55.25,91.18,48.5,66.96,64.15,2.31,0.57,19.99,1.94,43.22,33.96,10.38,74.94,1.21
35,ANDAMAN & NICOBAR ISLANDS,638,Nicobars,Urban,0,,,,,,,,,,,,,,,,,,,,,,
35,ANDAMAN & NICOBAR ISLANDS,639,North & Middle Andaman,Total,26327,70.81,27.96,22.4,62.09,48.25,50.8,76.67,47.73,42.79,89.58,55.97,73.71,70.35,4.53,1.47,13.48,3.46,19.26,19.25,16.27,52.6,2.82
35,ANDAMAN & NICOBAR ISLANDS,639,North & Middle Andaman,Rural,25586,70.42,28.32,22.38,62.35,48.03,51.01,76.0,46.22,42.19,89.53,55.65,73.47,70.08,4.55,1.46,13.49,3.45,19.32,19.3,16.44,53.03,2.71
35,ANDAMAN & NICOBAR ISLANDS,639,North & Middle Andaman,Urban,741,84.21,15.79,23.08,53.04,56.14,43.72,99.73,99.73,63.43,91.5,67.07,82.05,79.62,3.91,1.89,13.36,3.64,17.14,17.68,10.39,37.52,6.61
35,ANDAMAN & NICOBAR ISLANDS,640,South Andaman,Total,57090,91.92,7.43,56.05,18.1,78.28,18.29,89.84,78.3,69.8,88.8,77.77,91.13,88.19,11.86,4.89,30.71,9.32,13.47,27.94,3.96,71.45,2.15
35,ANDAMAN & NICOBAR ISLANDS,640,South Andaman,Rural,23485,83.18,15.73,39.21,39.29,64.71,34.49,78.31,57.99,49.04,90.03,65.02,86.11,82.92,6.22,1.67,23.04,5.57,22.57,29.64,6.63,62.96,3.55
35,ANDAMAN & NICOBAR ISLANDS,640,South Andaman,Urban,33605,98.04,1.62,67.82,3.29,87.77,6.98,97.9,92.5,84.31,87.94,86.68,94.63,91.88,15.8,7.13,36.07,11.94,7.12,26.76,2.09,77.38,1.18
