state_code,state_name,district_code,district_name,tru,total_households,light_electricity,light_kerosene,light_solar,light_none,fuel_lpg_png,fuel_firewood,fuel_kerosene,fuel_cowdung,fuel_crop_residue,latrine_within,public_latrine,open_defecation,tap_water,tap_treated,tap_untreated,handpump,tubewell,water_within_premises,banking,radio,tv,computer_any,computer_internet,phone_any,phone_landline_only,phone_mobile_only,phone_both,mobile_any,bicycle,two_wheeler,car_jeep_van,tv_computer_phone_all,no_assets,house_good,house_livable,house_dilapidated
01,JAMMU & KASHMIR,001,Kupwara,Total,106777,83071,11092,2968,3313,15828,85324,885,832,2573,54335,8319,44123,50339,13928,36411,2964,2066,22747,53634,59480,26828,5256,762,56495,1445,53437,1613,55050,3019,1808,2988,495,26688,37110,61204,8463
01,JAMMU & KASHMIR,001,Kupwara,Rural,96737,74011,10767,2939,3140,11278,80226,674,826,2501,47288,7878,41571,43812,11412,32400,2705,1683,18338,47498,52608,22385,4454,595,50147,1181,47761,1205,48966,2637,1534,2379,343,25296,32520,56231,7986
01,JAMMU & KASHMIR,001,Kupwara,Urban,10040,9060,325,29,173,4550,5098,211,6,72,7047,441,2552,6527,2516,4011,259,383,4409,6136,6872,4443,802,167,6348,264,5676,408,6084,382,274,609,152,1392,4590,4973,477
01,JAMMU & KASHMIR,002,Badgam,Total,99219,90190,5979,1403,400,15118,55413,621,18266,7150,83615,4962,10642,73303,30163,43140,7543,2321,51358,53447,66814,54170,5892,1999,72197,2509,65783,3905,69688,10013,5848,5091,1655,11732,51181,44305,3733
01,JAMMU & KASHMIR,002,Badgam,Rural,86083,77328,5752,1394,378,8817,51035,351,17339,6379,71734,4412,9937,61818,22534,39284,7050,1778,41585,43303,57181,43776,4295,1301,60376,2144,55460,2772,58232,7957,4469,3631,997,11333,42824,39863,3396
01,JAMMU & KASHMIR,002,Badgam,Urban,13136,12862,227,9,22,6301,4378,270,927,771,11881,550,705,11485,7629,3856,493,543,9773,10144,9633,10394,1597,698,11821,365,10323,1133,11456,2056,1379,1460,658,399,8357,4442,337
01,JAMMU & KASHMIR,003,Leh(Ladakh),Total,20777,17250,734,2645,80,13645,4685,247,1934,71,18780,216,1781,6254,1968,4286,5856,135,3031,18137,15210,13597,2150,574,13836,2646,6331,4859,11190,609,1289,4271,971,1975,9518,10888,371
01,JAMMU & KASHMIR,003,Leh(Ladakh),Rural,14590,11130,708,2623,69,7701,4577,163,1908,62,12851,146,1593,3270,576,2694,4014,65,1533,12425,10238,8101,972,212,8109,2157,3400,2552,5952,434,815,2404,267,1852,6775,7511,304
01,JAMMU & KASHMIR,003,Leh(Ladakh),Urban,6187,6120,26,22,11,5944,108,84,26,9,5929,70,188,2984,1392,1592,1842,70,1498,5712,4972,5496,1178,362,5727,489,2931,2307,5238,175,474,1867,704,123,2743,3377,67
01,JAMMU & KASHMIR,004,Kargil,Total,18212,15824,525,1811,34,3285,12569,152,1632,143,17649,81,482,10769,1934,8835,3270,19,1963,14078,10895,8008,1005,235,10562,899,7733,1930,9663,488,652,1847,249,3538,4417,13220,575
01,JAMMU & KASHMIR,004,Kargil,Rural,15442,13068,514,1810,34,1500,11706,49,1628,136,14949,77,416,9454,1304,8150,2192,14,1128,11651,9047,6025,708,139,8104,848,5709,1547,7256,403,566,1359,120,3408,3587,11313,542
01,JAMMU & KASHMIR,004,Kargil,Urban,2770,2756,11,1,0,1785,863,103,4,7,2700,4,66,1315,630,685,1078,5,835,2427,1848,1983,297,96,2458,51,2024,383,2407,85,86,488,129,130,830,1907,33
01,JAMMU & KASHMIR,005,Punch,Total,88878,62900,19258,236,4579,13160,69253,379,624,4798,16586,1822,70470,43697,14336,29361,3802,234,17078,61284,37412,16022,3342,346,36358,1908,31773,2677,34450,846,2407,1731,276,33011,36235,50596,2047
01,JAMMU & KASHMIR,005,Punch,Rural,81670,55857,19213,234,4470,7638,67924,199,611,4709,11158,1795,68717,37936,9616,28320,3588,188,11890,54716,33599,10897,2915,220,31290,1491,28139,1660,29799,493,1384,1103,111,32243,31057,48625,1988
01,JAMMU & KASHMIR,005,Punch,Urban,7208,7043,45,2,109,5522,1329,180,13,89,5428,27,1753,5761,4720,1041,214,46,5188,6568,3813,5125,427,126,5068,417,3634,1017,4651,353,1023,628,165,768,5178,1971,59
01,JAMMU & KASHMIR,006,Rajouri,Total,124000,96012,21625,401,4466,23946,94857,340,310,3533,17778,1716,104506,39628,20443,19185,6447,269,18838,80565,48002,34209,6219,673,65569,2542,60010,3017,63027,2203,7261,3128,902,37779,57477,63269,3254
01,JAMMU & KASHMIR,006,Rajouri,Rural,117183,89328,21528,387,4446,17921,94318,173,306,3477,11950,1578,103655,33705,15119,18586,6040,265,13515,74308,45236,28723,5231,387,59375,2182,54970,2223,57193,1539,5383,2048,423,37489,52047,61999,3137
01,JAMMU & KASHMIR,006,Rajouri,Urban,6817,6684,97,14,20,6025,539,167,4,56,5828,138,851,5923,5324,599,407,4,5323,6257,2766,5486,988,286,6194,360,5040,794,5834,664,1878,1080,479,290,5430,1270,117
01,JAMMU & KASHMIR,007,Kathua,Total,117836,109422,7370,93,785,32772,82158,903,189,1173,26033,1685,90118,61227,47984,13243,27582,3438,52019,91095,26172,66944,6112,1443,88964,3065,78220,7679,85899,17726,23014,4687,2732,18291,72224,41576,4036
01,JAMMU & KASHMIR,007,Kathua,Rural,100283,92022,7252,93,780,20437,77861,351,167,1034,14258,1606,84419,49541,37191,12350,22581,2858,36996,75805,22260,51882,3947,726,74062,2439,66627,4996,71623,12696,15755,2617,1129,17322,59950,36845,3488
01,JAMMU & KASHMIR,007,Kathua,Urban,17553,17400,118,0,5,12335,4297,552,22,139,11775,79,5699,11686,10793,893,5001,580,15023,15290,3912,15062,2165,717,14902,626,11593,2683,14276,5030,7259,2070,1603,969,12274,4731,548
01,JAMMU & KASHMIR,008,Baramula,Total,145990,138180,4491,330,1174,33022,93224,2674,7223,6992,113281,4567,28142,113894,54721,59173,3162,1556,78323,98006,89719,75137,10645,3698,107269,4675,97257,5337,102594,13361,8145,10075,3269,19569,74157,64177,7656
01,JAMMU & KASHMIR,008,Baramula,Rural,119791,112637,4044,301,1148,15250,87623,1236,6995,6648,89048,4257,26486,90658,37148,53510,2999,1371,57211,76659,71453,54308,6675,2095,84003,3424,77618,2961,80579,9177,5011,6232,1541,18523,58178,55279,6334
01,JAMMU & KASHMIR,008,Baramula,Urban,26199,25543,447,29,26,17772,5601,1438,228,344,24233,310,1656,23236,17573,5663,163,185,21112,21347,18266,20829,3970,1603,23266,1251,19639,2376,22015,4184,3134,3843,1728,1046,15979,8898,1322
01,JAMMU & KASHMIR,009,Bandipore,Total,56794,45469,5843,2004,2093,8868,38010,1181,4675,3058,42035,1540,13219,33973,9617,24356,1647,839,18131,26634,36389,25399,3155,985,34528,1853,31256,1419,32675,5645,2284,2237,585,9371,24460,28412,3922
01,JAMMU & KASHMIR,009,Bandipore,Rural,47620,36709,5500,1995,2074,5319,33831,662,4180,2744,33382,1374,12864,25990,7001,18989,1365,603,12436,20535,29706,19179,2321,621,27308,1443,24960,905,25865,4360,1616,1511,262,8639,18531,25566,3523
01,JAMMU & KASHMIR,009,Bandipore,Urban,9174,8760,343,9,19,3549,4179,519,495,314,8653,166,355,7983,2616,5367,282,236,5695,6099,6683,6220,834,364,7220,410,6296,514,6810,1285,668,726,323,732,5929,2846,399
01,JAMMU & KASHMIR,010,Srinagar,Total,167448,165403,562,195,298,138119,10039,8356,1257,902,164002,998,2448,164426,137350,27076,871,692,157176,140086,129337,152945,33831,16413,157875,12717,120553,24605,145158,44501,39804,34586,22024,2209,124448,39285,3715
01,JAMMU & KASHMIR,010,Srinagar,Rural,2690,2651,14,0,23,1289,1138,54,74,38,2385,23,282,2371,1004,1367,16,5,1921,1495,1712,1832,117,40,2012,30,1870,112,1982,648,254,172,53,248,1486,1034,170
01,JAMMU & KASHMIR,010,Srinagar,Urban,164758,162752,548,195,275,136830,8901,8302,1183,864,161617,975,2166,162055,136346,25709,855,687,155255,138591,127625,151113,33714,16373,155863,12687,118683,24493,143176,43853,39550,34414,21971,1961,122962,38251,3545
01,JAMMU & KASHMIR,011,Ganderbal,Total,43249,38487,1580,134,1145,10410,29767,785,458,644,31492,1650,10107,35518,23678,11840,864,569,25368,26083,29047,20350,2779,878,27786,1997,24498,1291,25789,6005,2709,2313,663,5728,20637,18818,3794
01,JAMMU & KASHMIR,011,Ganderbal,Rural,36626,32150,1522,129,1091,6751,27524,517,437,419,25446,1578,9602,29990,18807,11183,581,386,19953,21165,24597,15828,2197,644,22455,1646,19956,853,20809,4575,1949,1614,393,5232,15771,17361,3494
01,JAMMU & KASHMIR,011,Ganderbal,Urban,6623,6337,58,5,54,3659,2243,268,21,225,6046,72,505,5528,4871,657,283,183,5415,4918,4450,4522,582,234,5331,351,4542,438,4980,1430,760,699,270,496,4866,1457,300
01,JAMMU & KASHMIR,012,Pulwama,Total,81241,73629,4192,495,479,16828,49497,924,7897,4211,53836,1912,25493,56749,24257,32492,9934,3413,50893,53870,51973,45967,5293,1537,65162,1770,57529,5863,63392,5479,4551,6164,1478,8145,42831,34842,3568
01,JAMMU & KASHMIR,012,Pulwama,Rural,71063,63682,4093,487,475,9785,47132,547,7837,4080,44562,1753,24748,48554,17941,30613,9174,2655,41956,45740,45056,37763,4115,1083,56042,1491,50153,4398,54551,4772,3895,4890,1006,7709,37277,30522,3264
01,JAMMU & KASHMIR,012,Pulwama,Urban,10178,9947,99,8,4,7043,2365,377,60,131,9274,159,745,8195,6316,1879,760,758,8937,8130,6917,8204,1178,454,9120,279,7376,1465,8841,707,656,1274,472,436,5554,4320,304
01,JAMMU & KASHMIR,013,Shupiyan,Total,41947,35282,4747,356,433,3727,29434,92,6852,1242,25628,1893,14426,30968,10395,20573,2663,778,19888,22697,30191,19896,3440,884,33786,1494,29737,2555,32292,1636,4656,3634,730,3731,25605,13950,2392
01,JAMMU & KASHMIR,013,Shupiyan,Rural,39486,32827,4744,356,433,1968,29119,70,6844,1241,23296,1882,14308,28510,8444,20066,2663,778,17554,20557,28004,17802,2978,675,31416,1302,28148,1966,30114,1471,4315,3149,551,3704,24073,13103,2310
01,JAMMU & KASHMIR,013,Shupiyan,Urban,2461,2455,3,0,0,1759,315,22,8,1,2332,11,118,2458,1951,507,0,0,2334,2140,2187,2094,462,209,2370,192,1589,589,2178,165,341,485,179,27,1532,847,82
01,JAMMU & KASHMIR,014,Anantnag,Total,142987,114899,19691,407,2665,28984,102530,703,4894,3792,80917,10577,51493,103058,34276,68782,10414,2010,71259,89068,81666,67166,8612,2712,102683,3687,91482,7514,98996,6295,5541,7846,2042,23760,79436,56901,6650
01,JAMMU & KASHMIR,014,Anantnag,Rural,109465,82740,18672,351,2612,10896,89621,238,4255,3282,55613,8879,44973,73476,21323,52153,8741,1614,45644,63388,59252,42613,5130,1410,73200,2549,67105,3546,70651,3876,3390,4223,684,21942,56497,47356,5612
01,JAMMU & KASHMIR,014,Anantnag,Urban,33522,32159,1019,56,53,18088,12909,465,639,510,25304,1698,6520,29582,12953,16629,1673,396,25615,25680,22414,24553,3482,1302,29483,1138,24377,3968,28345,2419,2151,3623,1358,1818,22939,9545,1038
01,JAMMU & KASHMIR,015,Kulgam,Total,69203,47913,18608,1043,468,4301,52652,285,8431,3127,31048,3370,34785,48856,5662,43194,3103,640,23503,33415,42026,25825,3542,838,49605,1387,46828,1390,48218,1853,3318,2421,557,10558,33026,32983,3194
01,JAMMU & KASHMIR,015,Kulgam,Rural,56316,36078,17625,1018,443,2238,44593,188,6794,2236,23508,2736,30072,37474,4174,33300,2853,539,16631,25429,34190,18834,2702,612,39440,1133,37274,1033,38307,1302,2495,1716,375,9136,26100,27567,2649
01,JAMMU & KASHMIR,015,Kulgam,Urban,12887,11835,983,25,25,2063,8059,97,1637,891,7540,634,4713,11382,1488,9894,250,101,6872,7986,7836,6991,840,226,10165,254,9554,357,9911,551,823,705,182,1422,6926,5416,545
01,JAMMU & KASHMIR,016,Doda,Total,78620,61831,8400,654,4018,7963,68587,820,37,866,23060,1151,54409,66002,14626,51376,142,60,25054,60914,24106,19244,3077,596,47031,1265,44395,1371,45766,563,1550,1804,497,24556,32314,44998,1308
01,JAMMU & KASHMIR,016,Doda,Rural,72580,55848,8362,651,4005,3283,67916,229,30,834,17417,1125,54038,60219,11111,49108,126,60,19736,55483,22005,15181,2495,430,41533,1133,39550,850,40400,399,1064,1131,244,24190,27881,43566,1133
01,JAMMU & KASHMIR,016,Doda,Urban,6040,5983,38,3,13,4680,671,591,7,32,5643,26,371,5783,3515,2268,16,0,5318,5431,2101,4063,582,166,5498,132,4845,521,5366,164,486,673,253,366,4433,1432,175
01,JAMMU & KASHMIR,017,Ramban,Total,54206,34243,14576,196,2882,3982,48502,317,156,885,10892,1521,41793,33094,9891,23203,228,42,12889,39424,18397,8110,2644,417,27216,1028,25175,1013,26188,214,612,958,145,19453,25793,27270,1143
01,JAMMU & KASHMIR,017,Ramban,Rural,52261,32319,14558,196,2880,2492,48107,271,153,876,9284,1487,41490,31442,8547,22895,200,41,11506,37642,17556,6570,2506,360,25469,1001,23685,783,24468,139,404,664,80,19360,24271,26894,1096
01,JAMMU & KASHMIR,017,Ramban,Urban,1945,1924,18,0,2,1490,395,46,3,9,1608,34,303,1652,1344,308,28,1,1383,1782,841,1540,138,57,1747,27,1490,230,1720,75,208,294,65,93,1522,376,47
01,JAMMU & KASHMIR,018,Kishtwar,Total,44517,24067,6157,4564,4815,4118,39436,562,23,334,10761,699,33057,34280,9697,24583,215,82,10867,34027,16289,9281,1651,274,17702,497,16097,1108,17205,439,1533,850,350,18003,20892,22172,1453
01,JAMMU & KASHMIR,018,Kishtwar,Rural,41968,21539,6137,4564,4815,2378,38941,251,23,334,8380,694,32894,31780,7425,24355,215,82,8478,31825,15159,7265,1339,166,15525,418,14411,696,15107,265,980,500,163,17788,18704,21829,1435
01,JAMMU & KASHMIR,018,Kishtwar,Urban,2549,2528,20,0,0,1740,495,311,0,0,2381,5,163,2500,2272,228,0,0,2389,2202,1130,2016,312,108,2177,79,1686,412,2098,174,553,350,187,215,2188,343,18
01,JAMMU & KASHMIR,019,Udhampur,Total,93562,73999,14283,165,2142,20008,71820,367,219,708,18063,953,74546,47796,33884,13912,4576,166,21585,67644,30146,37323,5744,1214,64858,1459,56859,6540,63399,3948,8953,3800,2075,20912,54439,37291,1832
01,JAMMU & KASHMIR,019,Udhampur,Rural,77104,57792,14080,156,2128,6829,69099,78,198,626,5710,838,70556,33807,20505,13302,3767,153,9255,53217,24215,23441,2906,276,49904,771,46732,2401,49133,1620,3579,1229,317,20217,41070,34498,1536
01,JAMMU & KASHMIR,019,Udhampur,Urban,16458,16207,203,9,14,13179,2721,289,21,82,12353,115,3990,13989,13379,610,809,13,12330,14427,5931,13882,2838,938,14954,688,10127,4139,14266,2328,5374,2571,1758,695,13369,2793,296
01,JAMMU & KASHMIR,020,Reasi,Total,54792,31588,18469,298,2288,6552,46597,589,83,682,8334,519,45939,33866,15638,18228,1254,25,12843,40610,18452,13645,2849,602,28783,848,26081,1854,27935,1340,3551,1878,734,17744,24658,29341,793
01,JAMMU & KASHMIR,020,Reasi,Rural,49914,26894,18296,298,2277,3312,45522,113,81,643,4492,416,45006,29215,11671,17544,1198,25,9157,36350,17205,9947,2151,315,24702,591,22942,1169,24111,777,2197,1045,267,17292,21763,27413,738
01,JAMMU & KASHMIR,020,Reasi,Urban,4878,4694,173,0,11,3240,1075,476,2,39,3842,103,933,4651,3967,684,56,0,3686,4260,1247,3698,698,287,4081,257,3139,685,3824,563,1354,833,467,452,2895,1928,55
01,JAMMU & KASHMIR,021,Jammu,Total,302016,294739,5677,356,710,197168,78030,4104,16395,3236,162522,4762,134732,168693,158406,10287,109022,8076,233123,252313,76236,240478,46657,19905,241206,20542,179925,40739,220664,68272,113156,44063,32191,26740,196499,92965,12552
01,JAMMU & KASHMIR,021,Jammu,Rural,155851,150235,4424,247,513,71298,64216,789,15348,2188,38369,1128,116354,46331,40765,5566,91726,3810,101011,125657,29978,108565,8988,1924,109903,7983,91103,10817,101920,38795,42600,7507,3343,21704,88335,59871,7645
01,JAMMU & KASHMIR,021,Jammu,Urban,146165,144504,1253,109,197,125870,13814,3315,1047,1048,124153,3634,18378,122362,117641,4721,17296,4266,132112,126656,46258,131913,37669,17981,131303,12559,88822,29922,118744,29477,70556,36556,28848,5036,108164,33094,4907
01,JAMMU & KASHMIR,022,Samba,Total,62817,61159,1431,59,98,34063,24738,397,2122,957,20650,268,41899,32061,26319,5742,23429,2009,42707,53534,12466,47611,4465,992,50736,2587,43895,4254,48149,13653,17664,4093,1936,5643,43029,17925,1863
01,JAMMU & KASHMIR,022,Samba,Rural,53197,51682,1319,31,96,26043,23643,244,1999,854,13844,242,39111,24506,20198,4308,21814,1620,34912,45085,10722,39052,3261,687,42179,2137,36870,3172,40042,11840,14125,2903,1242,5271,35236,16208,1753
01,JAMMU & KASHMIR,022,Samba,Urban,9620,9477,112,28,2,8020,1095,153,123,103,6806,26,2788,7555,6121,1434,1615,389,7795,8449,1744,8559,1204,305,8557,450,7025,1082,8107,1813,3539,1190,694,372,7793,1717,110
02,HIMACHAL PRADESH,023,Chamba,Total,101972,96082,5539,110,76,21458,77954,1739,64,492,52553,1203,48216,96451,88423,8028,1022,9,36220,91309,25935,62233,5117,1615,73995,2362,64850,6783,71633,1657,8880,5074,2391,17630,62409,37356,2207
02,HIMACHAL PRADESH,023,Chamba,Rural,94574,88753,5488,107,74,15193,77460,1184,60,481,46120,923,47531,89275,81562,7713,998,9,30102,84579,24578,55646,3605,916,67296,1858,60502,4936,65438,1120,6534,3481,1315,17353,56443,35978,2153
02,HIMACHAL PRADESH,023,Chamba,Urban,7398,7329,51,3,2,6265,494,555,4,11,6433,280,685,7176,6861,315,24,0,6118,6730,1357,6587,1512,699,6699,504,4348,1847,6195,537,2346,1593,1076,277,5966,1378,54
02,HIMACHAL PRADESH,024,Kangra,Total,336407,330081,5528,221,326,148361,181025,3996,386,1664,220258,2446,113703,301016,289165,11851,16642,1716,200604,315900,74758,272579,22753,8053,274180,27803,203232,43145,246377,38456,69192,22727,12858,25445,247585,83966,4856
02,HIMACHAL PRADESH,024,Kangra,Rural,316419,310502,5175,199,315,131762,178393,3452,365,1634,203806,1850,110763,281806,270547,11259,16321,1589,184400,298291,69322,255177,18633,6169,256409,26366,191174,38869,230043,36589,62945,19132,10125,24670,231723,80167,4529
02,HIMACHAL PRADESH,024,Kangra,Urban,19988,19579,353,22,11,16599,2632,544,21,30,16452,596,2940,19210,18618,592,321,127,16204,17609,5436,17402,4120,1884,17771,1437,12058,4276,16334,1867,6247,3595,2733,775,15862,3799,327
02,HIMACHAL PRADESH,025,Lahul & Spiti,Total,6695,5618,300,752,9,2046,3591,223,789,32,5232,93,1370,6123,4812,1311,339,0,1719,6108,2489,4938,252,61,4995,452,3100,1443,4543,108,564,536,78,791,4384,2258,53
02,HIMACHAL PRADESH,025,Lahul & Spiti,Rural,6695,5618,300,752,9,2046,3591,223,789,32,5232,93,1370,6123,4812,1311,339,0,1719,6108,2489,4938,252,61,4995,452,3100,1443,4543,108,564,536,78,791,4384,2258,53
02,HIMACHAL PRADESH,025,Lahul & Spiti,Urban,0,0,0,0,0,0,0,0,0,0,0,0,0,0,0,0,0,0,0,0,0,0,0,0,0,0,0,0,0,0,0,0,0,0,0,0,0
02,HIMACHAL PRADESH,026,Kullu,Total,95545,91322,3943,45,94,40064,50810,3565,30,341,55831,1225,38489,87848,80614,7234,1482,271,46354,85503,21750,66910,7010,2623,79454,2271,68134,9049,77183,2450,6979,8479,3454,9597,69456,24972,1117
02,HIMACHAL PRADESH,026,Kullu,Rural,84501,80411,3826,44,84,30902,50145,2587,27,331,45826,827,37848,77341,70286,7055,1280,44,36793,75581,19440,57533,4465,1440,69186,1908,60178,7100,67278,1473,5063,6272,1876,9265,60258,23271,972
02,HIMACHAL PRADESH,026,Kullu,Urban,11044,10911,117,1,10,9162,665,978,3,10,10005,398,641,10507,10328,179,202,227,9561,9922,2310,9377,2545,1183,10268,363,7956,1949,9905,977,1916,2207,1578,332,9198,1701,145
02,HIMACHAL PRADESH,027,Mandi,Total,219994,214491,4648,131,343,59324,154070,2202,139,3380,181985,2500,35509,209375,201074,8301,1718,142,123062,201089,53382,157314,16401,5333,172205,21431,119439,31335,150774,10927,26366,15958,8055,26052,156616,59906,3472
02,HIMACHAL PRADESH,027,Mandi,Rural,204051,198748,4510,129,340,45668,152729,1542,136,3319,167323,1902,34826,193691,185526,8165,1699,138,108617,186488,49682,143478,12326,3587,157520,20084,110412,27024,137436,9040,20972,12184,5178,25511,143542,57146,3363
02,HIMACHAL PRADESH,027,Mandi,Urban,15943,15743,138,2,3,13656,1341,660,3,61,14662,598,683,15684,15548,136,19,4,14445,14601,3700,13836,4075,1746,14685,1347,9027,4311,13338,1887,5394,3774,2877,541,13074,2760,109
02,HIMACHAL PRADESH,028,Hamirpur,Total,105068,104120,795,44,60,34978,67972,744,109,994,93858,824,10386,94807,92096,2711,5483,208,69696,96839,23628,86324,7525,2521,90286,16840,53918,19528,73446,7094,16955,6665,3438,6964,81728,22329,1011
02,HIMACHAL PRADESH,028,Hamirpur,Rural,97893,97034,708,44,59,29134,67017,464,106,937,87232,716,9945,88197,85572,2625,5228,187,63526,90359,21374,80028,5779,1784,83812,16269,49645,17898,67543,5908,14517,5039,2292,6760,75826,21098,969
02,HIMACHAL PRADESH,028,Hamirpur,Urban,7175,7086,87,0,1,5844,955,280,3,57,6626,108,441,6610,6524,86,255,21,6170,6480,2254,6296,1746,737,6474,571,4273,1630,5903,1186,2438,1626,1146,204,5902,1231,42
02,HIMACHAL PRADESH,029,Una,Total,109699,105929,3281,92,175,43809,62165,1285,341,1603,66103,835,42761,93873,89026,4847,9208,2419,71588,97137,19820,88894,8238,2412,90729,7736,70217,12776,82993,41378,36913,8059,5342,7230,80160,27665,1874
02,HIMACHAL PRADESH,029,Una,Rural,99791,96544,2822,87,168,36617,60257,804,275,1456,58716,572,40503,85271,80872,4399,8512,2051,63604,89208,17834,80815,6739,1893,82299,7215,63863,11221,75084,37383,32450,6592,4172,6606,73152,25243,1396
02,HIMACHAL PRADESH,029,Una,Urban,9908,9385,459,5,7,7192,1908,481,66,147,7387,263,2258,8602,8154,448,696,368,7984,7929,1986,8079,1499,519,8430,521,6354,1555,7909,3995,4463,1467,1170,624,7008,2422,478
02,HIMACHAL PRADESH,030,Bilaspur,Total,80453,79146,1169,33,58,17262,60015,788,105,1888,56814,772,22867,67847,65209,2638,5140,477,42589,68433,14900,61392,6281,1574,66935,7650,47001,12284,59285,5387,11397,6573,2779,7043,58361,21046,1046
02,HIMACHAL PRADESH,030,Bilaspur,Rural,74661,73414,1116,30,56,12777,59211,488,104,1731,51401,626,22634,62225,59666,2559,5010,471,37504,63213,13402,56292,5078,1159,61448,7357,43277,10814,54091,4736,9574,5119,1961,6921,53593,20069,999
02,HIMACHAL PRADESH,030,Bilaspur,Urban,5792,5732,53,3,2,4485,804,300,1,157,5413,146,233,5622,5543,79,130,6,5085,5220,1498,5100,1203,415,5487,293,3724,1470,5194,651,1823,1454,818,122,4768,977,47
02,HIMACHAL PRADESH,031,Solan,Total,123353,119866,3089,62,159,53722,58766,7820,110,1534,90587,2330,30436,103964,97418,6546,2957,3148,74848,104254,38632,94692,14478,5250,108699,10150,76524,22025,98549,12426,25275,15117,7887,6684,92457,28701,2195
02,HIMACHAL PRADESH,031,Solan,Rural,97237,94507,2388,56,125,32107,57866,4968,95,1293,67131,1115,28991,79257,72994,6263,2758,2518,52739,81719,31851,75020,8331,2657,84806,9123,58055,17628,75683,10322,19203,10174,4150,5384,71575,23828,1834
02,HIMACHAL PRADESH,031,Solan,Urban,26116,25359,701,6,34,21615,900,2852,15,241,23456,1215,1445,24707,24424,283,199,630,22109,22535,6781,19672,6147,2593,23893,1027,18469,4397,22866,2104,6072,4943,3737,1300,20882,4873,361
02,HIMACHAL PRADESH,032,Sirmaur,Total,97090,91509,5148,84,160,28904,63145,2036,165,1761,60246,1113,35731,75607,65411,10196,7750,1045,39659,78937,26363,58902,8593,2220,75406,5229,62390,7787,70177,16691,17523,7459,3852,11075,66005,28574,2511
02,HIMACHAL PRADESH,032,Sirmaur,Rural,84317,78883,5021,75,157,17789,62450,1528,153,1466,47975,1045,35297,63382,53448,9934,7535,862,28192,67654,23292,47861,5110,931,63585,4076,54178,5331,59509,13915,12437,4650,1605,10786,55871,26058,2388
02,HIMACHAL PRADESH,032,Sirmaur,Urban,12773,12626,127,9,3,11115,695,508,12,295,12271,68,434,12225,11963,262,215,183,11467,11283,3071,11041,3483,1289,11821,1153,8212,2456,10668,2776,5086,2809,2247,289,10134,2516,123
02,HIMACHAL PRADESH,033,Shimla,Total,180770,172754,6707,149,404,108888,64226,5055,95,916,123535,4428,52807,166551,149742,16809,1312,70,102066,153347,70807,131450,24127,9177,161675,6859,125896,28920,154816,2813,8186,23107,10363,10587,136077,41003,3690
02,HIMACHAL PRADESH,033,Shimla,Rural,130864,123618,6099,128,364,63501,63411,2349,88,726,78262,1459,51143,118286,102789,15497,1152,63,60524,107468,51688,88981,8461,2168,113552,5031,91203,17318,108521,1159,4035,11355,2503,9886,95844,31989,3031
02,HIMACHAL PRADESH,033,Shimla,Urban,49906,49136,608,21,40,45387,815,2706,7,190,45273,2969,1664,48265,46953,1312,160,7,41542,45879,19119,42469,15666,7009,48123,1828,34693,11602,46295,1654,4151,11752,7860,701,40233,9014,659
02,HIMACHAL PRADESH,034,Kinnaur,Total,19535,17865,1442,111,38,10740,5945,1339,22,1148,13521,299,5715,17996,16348,1648,44,86,11752,17044,6453,12925,2563,354,16468,923,12885,2660,15545,190,857,2775,611,1639,13618,5723,194
02,HIMACHAL PRADESH,034,Kinnaur,Rural,19535,17865,1442,111,38,10740,5945,1339,22,1148,13521,299,5715,17996,16348,1648,44,86,11752,17044,6453,12925,2563,354,16468,923,12885,2660,15545,190,857,2775,611,1639,13618,5723,194
02,HIMACHAL PRADESH,034,Kinnaur,Urban,0,0,0,0,0,0,0,0,0,0,0,0,0,0,0,0,0,0,0,0,0,0,0,0,0,0,0,0,0,0,0,0,0,0,0,0,0
03,PUNJAB,035,Gurdaspur,Total,431212,411216,14380,637,3376,244468,66651,5581,95422,11714,258924,5062,167226,124910,103750,21160,208804,89511,393314,288264,49368,365644,38445,14428,336075,50731,235958,49386,285344,280874,194705,32484,26895,19639,194191,202974,34047
03,PUNJAB,035,Gurdaspur,Rural,309898,292199,12786,547,3022,143924,55794,2615,90759,10820,155114,4302,150482,57369,45922,11447,185778,61334,281757,200737,35592,255348,17672,5398,234840,36779,169153,28908,198061,217302,133669,16874,10184,15901,128994,153125,27779
03,PUNJAB,035,Gurdaspur,Urban,121314,119017,1594,90,354,100544,10857,2966,4663,894,103810,760,16744,67541,57828,9713,23026,28177,111557,87527,13776,110296,20773,9030,101235,13952,66805,20478,87283,63572,61036,15610,16711,3738,65197,49849,6268
03,PUNJAB,036,Kapurthala,Total,165336,161206,2634,158,818,110555,12680,5529,25935,7770,137713,1251,26372,87546,71969,15577,32500,42939,145612,126450,37410,144945,23145,9732,145116,10324,110664,24128,134792,107044,90508,23561,18981,4918,93414,63009,8913
03,PUNJAB,036,Kapurthala,Rural,106870,103333,2241,147,731,61605,9451,2341,24646,7111,82685,656,23529,38963,29454,9509,28224,37594,91057,80377,23367,92415,8908,3085,92406,5611,73885,12910,86795,73672,57745,12960,6931,3593,56093,44284,6493
03,PUNJAB,036,Kapurthala,Urban,58466,57873,393,11,87,48950,3229,3188,1289,659,55028,595,2843,48583,42515,6068,4276,5345,54555,46073,14043,52530,14237,6647,52710,4713,36779,11218,47997,33372,32763,10601,12050,1325,37321,18725,2420
03,PUNJAB,037,Jalandhar,Total,454073,446200,5081,293,1327,299449,36532,29295,64519,17119,392909,2764,58400,297183,223461,73722,70371,80682,409159,342469,132632,401189,79134,39082,395069,32474,283455,79140,362595,286365,238203,72374,65696,11740,237802,191372,24899
03,PUNJAB,037,Jalandhar,Rural,213390,207620,3768,221,985,104742,22425,7509,59525,15392,162223,1147,50020,79334,46454,32880,61926,67319,181914,161303,53203,185071,20213,7174,181748,15161,131836,34751,166587,151521,107815,25624,15242,6457,100353,99747,13290
03,PUNJAB,037,Jalandhar,Urban,240683,238580,1313,72,342,194707,14107,21786,4994,1727,230686,1617,8380,217849,177007,40842,8445,13363,227245,181166,79429,216118,58921,31908,213321,17313,151619,44389,196008,134844,130388,46750,50454,5283,137449,91625,11609
03,PUNJAB,038,Hoshiarpur,Total,329694,319930,7628,191,1162,201675,90545,4761,18576,9871,210621,2286,116787,177302,160976,16326,92441,52828,278909,273665,62295,285904,34328,13747,278411,24372,194786,59253,254039,227316,166862,33720,27207,11588,179025,130414,20255
03,PUNJAB,038,Hoshiarpur,Rural,258523,250124,6567,159,1035,142641,82755,2625,17984,9151,147357,1637,109529,120264,109493,10771,85664,46308,213725,216262,49198,222260,18662,6255,216257,18272,154296,43689,197985,185673,127475,21048,13784,9488,135760,105974,16789
03,PUNJAB,038,Hoshiarpur,Urban,71171,69806,1061,32,127,59034,7790,2136,592,720,63264,649,7258,57038,51483,5555,6777,6520,65184,57403,13097,63644,15666,7492,62154,6100,40490,15564,56054,41643,39387,12672,13423,2100,43265,24440,3466
03,PUNJAB,039,Shahid Bhagat Singh Nagar,Total,128634,125068,2446,183,609,64934,23214,4093,30066,4079,90711,1072,36851,62350,50859,11491,35236,28107,112136,104018,27564,109258,13936,5264,110382,12153,72838,25391,98229,91772,64143,14456,10295,4111,70934,50462,7238
03,PUNJAB,039,Shahid Bhagat Singh Nagar,Rural,102297,99348,2032,155,489,45891,20422,2597,28024,3529,68308,932,33057,44886,36535,8351,30600,24194,88277,83332,21301,86289,8991,3025,87806,10306,57637,19863,77500,76289,51321,10310,6310,3337,55772,40988,5537
03,PUNJAB,039,Shahid Bhagat Singh Nagar,Urban,26337,25720,414,28,120,19043,2792,1496,2042,550,22403,140,3794,17464,14324,3140,4636,3913,23859,20686,6263,22969,4945,2239,22576,1847,15201,5528,20729,15483,12822,4146,3985,774,15162,9474,1701
03,PUNJAB,040,Fatehgarh Sahib,Total,115753,113683,1368,53,426,64037,4836,7407,34431,2024,99858,997,14898,44186,37638,6548,21079,47359,104951,83408,13863,98080,14294,5138,98401,6773,75475,16153,91628,84834,63700,18239,11551,3449,65281,43807,6665
03,PUNJAB,040,Fatehgarh Sahib,Rural,77684,76029,1124,43,320,35085,3193,2508,32847,1682,64123,690,12871,21982,17841,4141,17229,35858,69688,55475,8863,66020,6405,1860,65374,4902,49699,10773,60472,62250,43806,11231,5008,2191,42356,30376,4952
03,PUNJAB,040,Fatehgarh Sahib,Urban,38069,37654,244,10,106,28952,1643,4899,1584,342,35735,307,2027,22204,19797,2407,3850,11501,35263,27933,5000,32060,7889,3278,33027,1871,25776,5380,31156,22584,19894,7008,6543,1258,22925,13431,1713
03,PUNJAB,041,Ludhiana,Total,716104,703624,7340,493,2463,488757,37016,49664,112754,14236,667902,6732,41470,438455,367998,70457,142518,127188,660590,465442,121375,604959,123400,58589,606726,57191,433701,115834,549535,461137,360662,120172,101595,25248,370325,304511,41268
03,PUNJAB,041,Ludhiana,Rural,278323,271505,4167,341,1416,138033,15502,6752,100636,10505,243564,2207,32552,76562,54157,22405,103421,92928,246288,181934,41815,232201,27704,9987,229887,26814,150993,52080,203073,214737,141448,39070,21287,9549,133248,125446,19629
03,PUNJAB,041,Ludhiana,Urban,437781,432119,3173,152,1047,350724,21514,42912,12118,3731,424338,4525,8918,361893,313841,48052,39097,34260,414302,283508,79560,372758,95696,48602,376839,30377,282708,63754,346462,246400,219214,81102,80308,15699,237077,179065,21639
03,PUNJAB,042,Moga,Total,191228,183396,3839,255,2536,89445,11695,2175,65891,17359,167596,1558,22074,91608,58444,33164,19795,71851,151928,109618,31170,152610,21662,7897,155841,10114,123059,22668,145727,140084,85167,26253,15888,9421,95641,81719,13868
03,PUNJAB,042,Moga,Rural,145530,139125,3182,218,2045,54620,8572,982,61108,16109,124316,1375,19839,57393,32256,25137,17673,63339,111519,79830,24397,113775,11601,3757,116551,7412,94214,14925,109139,112505,62423,18048,7727,7469,68896,65813,10821
03,PUNJAB,042,Moga,Urban,45698,44271,657,37,491,34825,3123,1193,4783,1250,43280,183,2235,34215,26188,8027,2122,8512,40409,29788,6773,38835,10061,4140,39290,2702,28845,7743,36588,27579,22744,8205,8161,1952,26745,15906,3047
03,PUNJAB,043,Firozpur,Total,374167,349662,15043,625,5052,141899,100590,4121,73735,47945,274015,4456,95696,161386,112162,49224,148710,47667,286759,197342,48714,277615,31070,10042,290671,14135,241473,35063,276536,237901,148610,37105,22046,25580,157280,180429,36458
03,PUNJAB,043,Firozpur,Rural,271536,249633,13517,562,4466,65066,86913,2093,67093,45897,180933,3315,87288,83800,53517,30283,131017,41617,194907,134157,36619,189289,13583,3655,206041,9685,176510,19846,196356,183339,101030,24133,7863,20755,104092,138235,29209
03,PUNJAB,043,Firozpur,Urban,102631,100029,1526,63,586,76833,13677,2028,6642,2048,93082,1141,8408,77586,58645,18941,17693,6050,91852,63185,12095,88326,17487,6387,84630,4450,64963,15217,80180,54562,47580,12972,14183,4825,53188,42194,7249
03,PUNJAB,044,Muktsar,Total,172792,166585,3662,197,1348,76441,51824,1903,8078,32896,133635,1316,37841,94584,67461,27123,69555,2897,125869,92879,27409,130482,14077,4571,135144,5945,110506,18693,129199,109666,62205,23185,10160,12720,70117,84974,17701
03,PUNJAB,044,Muktsar,Rural,122957,117998,2945,164,1038,39173,42978,1009,6876,31726,88889,1015,33053,65273,42411,22862,51363,1421,81921,65117,22171,88601,5913,1772,94041,4114,78012,11915,89927,81694,42654,16149,3888,9917,44912,64882,13163
03,PUNJAB,044,Muktsar,Urban,49835,48587,717,33,310,37268,8846,894,1202,1170,44746,301,4788,29311,25050,4261,18192,1476,43948,27762,5238,41881,8164,2799,41103,1831,32494,6778,39272,27972,19551,7036,6272,2803,25205,20092,4538
03,PUNJAB,045,Faridkot,Total,118193,113549,2609,135,1001,62103,23235,1005,17896,12044,99988,923,17282,48872,38121,10751,53804,11685,95315,70383,16469,93053,12276,4348,95758,5047,74148,16563,90711,82761,51638,15528,9745,6142,54619,54286,9288
03,PUNJAB,045,Faridkot,Rural,76262,72751,1879,120,819,29470,17060,448,16690,11342,61057,717,14488,25825,18201,7624,38451,9298,57297,44131,11607,57538,4259,1213,60564,3000,49110,8454,57564,57633,32248,9268,3028,4097,33021,37346,5895
03,PUNJAB,045,Faridkot,Urban,41931,40798,730,15,182,32633,6175,557,1206,702,38931,206,2794,23047,19920,3127,15353,2387,38018,26252,4862,35515,8017,3135,35194,2047,25038,8109,33147,25128,19390,6260,6717,2045,21598,16940,3393
03,PUNJAB,046,Bathinda,Total,266035,255650,6644,327,1849,118427,56334,6769,18044,60840,232629,7215,26191,151659,107489,44170,61658,43730,211601,155531,43415,204051,32253,11284,215302,11356,174630,29316,203946,176384,106010,36173,24238,16833,130266,118071,17698
03,PUNJAB,046,Bathinda,Rural,170853,162889,5024,172,1527,45242,43595,5049,15385,57809,144022,5827,21004,81016,50920,30096,46423,35977,127326,88977,27881,120530,9574,2362,132111,6410,112566,13135,125701,114502,58393,18427,5306,13938,71021,87274,12558
03,PUNJAB,046,Bathinda,Urban,95182,92761,1620,155,322,73185,12739,1720,2659,3031,88607,1388,5187,70643,56569,14074,15235,7753,84275,66554,15534,83521,22679,8922,83191,4946,62064,16181,78245,61882,47617,17746,18932,2895,59245,30797,5140
03,PUNJAB,047,Mansa,Total,147127,140099,4490,156,1489,39414,34666,382,21132,49268,99571,6427,41129,71808,52553,19255,44371,25087,108275,73723,13053,102314,10085,2673,111889,5059,96462,10368,106830,90845,48117,12805,6347,14243,72456,64425,10246
03,PUNJAB,047,Mansa,Rural,115334,109244,3960,133,1248,17074,29934,208,18962,47155,72554,6197,36583,56848,39797,17051,36270,17108,80705,55170,10411,75564,4745,1053,85101,3694,74638,6769,81407,70569,34081,8657,2258,12600,53402,53577,8355
03,PUNJAB,047,Mansa,Urban,31793,30855,530,23,241,22340,4732,174,2170,2113,27017,230,4546,14960,12756,2204,8101,7979,27570,18553,2642,26750,5340,1620,26788,1365,21824,3599,25423,20276,14036,4148,4089,1643,19054,10848,1891
03,PUNJAB,048,Patiala,Total,361740,352929,5247,247,2032,209192,26691,6402,105265,6570,309524,3670,48546,207661,168475,39186,25377,119054,306941,246192,59162,308440,55105,24274,303548,19894,241577,42077,283654,253101,193945,57008,46072,11790,190811,149652,21277
03,PUNJAB,048,Patiala,Rural,209720,202293,4391,195,1799,79890,18162,1848,98645,5577,162148,2884,44688,90567,66225,24342,20651,90150,162613,128991,30882,170123,12864,3819,166966,9211,142256,15499,157755,156062,101419,23011,8928,8765,94212,100689,14819
03,PUNJAB,048,Patiala,Urban,152020,150636,856,52,233,129302,8529,4554,6620,993,147376,786,3858,117094,102250,14844,4726,28904,144328,117201,28280,138317,42241,20455,136582,10683,99321,26578,125899,97039,92526,33997,37144,3025,96599,48963,6458
03,PUNJAB,049,Amritsar,Total,480303,461231,12359,835,3924,279993,27813,26747,123203,13867,379230,4237,96836,218410,201219,17191,125548,127669,447498,277569,71084,413460,63864,29961,379572,26625,313792,39155,352947,286368,225063,56185,49521,19506,218243,231035,31025
03,PUNJAB,049,Amritsar,Rural,212566,197950,9671,425,3001,72014,13689,3997,107049,11284,129269,2754,80543,28726,22677,6049,103744,74377,196477,111901,33087,171318,12678,4180,157709,9478,141477,6754,148231,152748,90702,15648,7276,11502,78658,117293,16615
03,PUNJAB,049,Amritsar,Urban,267737,263281,2688,410,923,207979,14124,22750,16154,2583,249961,1483,16293,189684,178542,11142,21804,53292,251021,165668,37997,242142,51186,25781,221863,17147,172315,32401,204716,133620,134361,40537,42245,8004,139585,113742,14410
03,PUNJAB,050,Tarn Taran,Total,201047,186599,8777,429,3930,73958,14866,1864,91479,12769,136239,1700,63108,27408,20266,7142,93342,74177,180712,100958,35906,162147,13102,4300,155842,7888,141814,6140,147954,134781,86013,15885,8049,12022,76211,108855,15981
03,PUNJAB,050,Tarn Taran,Rural,175080,161321,8405,394,3704,54605,12681,1300,88345,12355,113465,1623,59992,19418,13858,5560,86587,63273,156216,86103,30291,139548,9153,2755,134835,6513,124184,4138,128322,121518,74528,12675,5024,10711,63419,97535,14126
03,PUNJAB,050,Tarn Taran,Urban,25967,25278,372,35,226,19353,2185,564,3134,414,22774,77,3116,7990,6408,1582,6755,10904,24496,14855,5615,22599,3949,1545,21007,1375,17630,2002,19632,13263,11485,3210,3025,1311,12792,11320,1855
03,PUNJAB,051,Rupnagar,Total,132854,129123,2682,94,383,67749,41835,2452,15455,2465,88385,1729,42740,80769,75031,5738,29067,16514,107694,104176,18003,111937,17542,6600,114425,9268,85617,19540,105157,95548,72313,17248,13714,4232,80837,44365,7652
03,PUNJAB,051,Rupnagar,Rural,96022,93261,2077,83,302,37697,38480,1173,14444,2138,54595,1226,40201,51517,47134,4383,25348,13240,73462,73645,11998,78828,7686,2549,81226,7055,62601,11570,74171,72976,50416,9270,5221,3281,56035,34192,5795
03,PUNJAB,051,Rupnagar,Urban,36832,35862,605,11,81,30052,3355,1279,1011,327,33790,503,2539,29252,27897,1355,3719,3274,34232,30531,6005,33109,9856,4051,33199,2213,23016,7970,30986,22572,21897,7978,8493,951,24802,10173,1857
03,PUNJAB,052,Sahibzada Ajit Singh Nagar,Total,197101,191578,3896,134,901,131701,20293,7544,31289,2852,155989,2916,38196,157375,143924,13451,22939,13572,171040,151403,40940,170839,50857,25944,172826,13896,130990,27940,158930,118842,112529,49154,43939,4922,123950,62808,10343
03,PUNJAB,052,Sahibzada Ajit Singh Nagar,Rural,82601,79289,2395,107,557,34441,12735,2723,28978,2143,50179,1803,30619,55201,47854,7347,15840,9174,66900,55909,10400,67914,6720,1794,67181,4915,56456,5810,62266,58992,42483,9388,4430,3018,40942,35655,6004
03,PUNJAB,052,Sahibzada Ajit Singh Nagar,Urban,114500,112289,1501,27,344,97260,7558,4821,2311,709,105810,1113,7577,102174,96070,6104,7099,4398,104140,95494,30540,102925,44137,24150,105645,8981,74534,22130,96664,59850,70046,39766,39509,1904,83008,27153,4339
03,PUNJAB,053,Sangrur,Total,314030,305557,5085,227,1839,135280,28486,4561,119371,14849,259912,8558,45560,150522,108014,42508,32920,120978,255649,194201,28532,244837,30955,10736,252535,29806,166643,56086,222729,240629,146931,35264,23004,13970,163912,132374,17744
03,PUNJAB,053,Sangrur,Rural,215367,208192,4425,192,1475,63721,20869,2208,105295,13556,169182,7520,38665,72687,42499,30188,28730,105645,165613,133960,20358,162669,14028,4408,170316,22975,107457,39884,147341,173251,98605,22034,9466,10360,103752,98482,13133
03,PUNJAB,053,Sangrur,Urban,98663,97365,660,35,364,71559,7617,2353,14076,1293,90730,1038,6895,77835,65515,12320,4190,15333,90036,60241,8174,82168,16927,6328,82219,6831,59186,16202,75388,67378,48326,13230,13538,3610,60160,33892,4611
03,PUNJAB,054,Barnala,Total,112276,108908,2092,85,731,50276,12258,1256,30986,12362,93781,2453,16042,64117,53615,10502,6246,39491,94302,69997,13098,86481,10566,3501,89207,8035,60840,20332,81172,83685,49472,12912,8179,6178,52694,52539,7043
03,PUNJAB,054,Barnala,Rural,74819,72290,1593,53,545,23197,9339,367,26692,10619,60002,1952,12865,29567,22451,7116,5892,37316,59471,46127,8871,55761,4269,1187,58568,6316,38692,13560,52252,58454,32234,7565,2892,4325,32826,37165,4828
03,PUNJAB,054,Barnala,Urban,37457,36618,499,32,186,27079,2919,889,4294,1743,33779,501,3177,34550,31164,3386,354,2175,34831,23870,4227,30720,6297,2314,30639,1719,22148,6772,28920,25231,17238,5347,5287,1853,19868,15374,2215
04,CHANDIGARH,055,Chandigarh,Total,235061,231204,2783,182,531,168344,10915,51507,480,612,206017,21466,7578,227354,220255,7099,4166,2001,202495,188304,65936,193932,78113,44283,209783,14027,148411,47345,195756,135055,109701,60494,67323,5427,162894,63911,8256
04,CHANDIGARH,055,Chandigarh,Rural,6785,6603,162,1,7,4553,750,1222,66,8,5970,429,386,6462,6025,437,90,144,5797,4516,1117,4861,768,241,5991,125,5558,308,5866,4129,2341,519,498,194,3417,3180,188
04,CHANDIGARH,055,Chandigarh,Urban,228276,224601,2621,181,524,163791,10165,50285,414,604,200047,21037,7192,220892,214230,6662,4076,1857,196698,183788,64819,189071,77345,44042,203792,13902,142853,47037,189890,130926,107360,59975,66825,5233,159477,60731,8068
05,UTTARAKHAND,056,Uttarkashi,Total,66558,52621,11848,1691,161,21374,43190,1167,39,499,29106,695,36757,53576,41602,11974,1258,7,28531,59376,8373,29400,4104,602,43020,882,40344,1794,42138,1353,4046,1637,924,17897,47267,17384,1907
05,UTTARAKHAND,056,Uttarkashi,Rural,61149,47319,11758,1688,153,16582,42979,843,35,485,24158,475,36516,48299,36481,11818,1213,7,23707,54436,7965,24988,3113,417,37985,787,35811,1387,37198,913,2844,1176,483,17672,42763,16523,1863
05,UTTARAKHAND,056,Uttarkashi,Urban,5409,5302,90,3,8,4792,211,324,4,14,4948,220,241,5277,5121,156,45,0,4824,4940,408,4412,991,185,5035,95,4533,407,4940,440,1202,461,441,225,4504,861,44
05,UTTARAKHAND,057,Chamoli,Total,85765,71524,9396,4145,307,27853,55291,1384,38,829,45572,1313,38880,73654,54401,19253,958,9,31825,74868,17641,46579,5582,899,59079,1482,53380,4217,57597,861,2311,2516,956,18318,63153,20652,1960
05,UTTARAKHAND,057,Chamoli,Rural,72744,58791,9142,4138,304,16971,54017,737,33,790,34181,1006,37557,61446,43087,18359,858,8,21534,62847,15995,35994,3706,424,47118,1203,43309,2606,45915,385,1134,1493,305,17794,51763,19143,1838
05,UTTARAKHAND,057,Chamoli,Urban,13021,12733,254,7,3,10882,1274,647,5,39,11391,307,1323,12208,11314,894,100,1,10291,12021,1646,10585,1876,475,11961,279,10071,1611,11682,476,1177,1023,651,524,11390,1509,122
05,UTTARAKHAND,058,Rudraprayag,Total,53492,49182,3811,278,156,19859,32047,678,30,736,28272,416,24804,47111,34325,12786,1188,4,16137,42644,9107,29622,3082,418,40057,891,36551,2615,39166,432,1529,1111,368,9558,42154,10370,968
05,UTTARAKHAND,058,Rudraprayag,Rural,51064,46794,3774,278,155,17957,31881,354,29,735,26049,351,24664,44732,32263,12469,1170,4,14083,40410,8926,27829,2834,354,37808,836,34533,2439,36972,400,1270,993,274,9450,39968,10135,961
05,UTTARAKHAND,058,Rudraprayag,Urban,2428,2388,37,0,1,1902,166,324,1,1,2223,65,140,2379,2062,317,18,0,2054,2234,181,1793,248,64,2249,55,2018,176,2194,32,259,118,94,108,2186,235,7
05,UTTARAKHAND,059,Tehri Garhwal,Total,133494,117239,12552,2995,394,50929,78821,1970,77,1093,74477,979,58038,103160,78619,24541,7462,49,43048,120660,17689,68294,7831,1366,98205,2164,90594,5447,96041,3876,9697,4324,2895,25980,96057,34097,3340
05,UTTARAKHAND,059,Tehri Garhwal,Rural,116988,100992,12329,2989,386,36468,78281,791,75,1064,58644,769,57575,89147,65231,23916,5089,16,27512,105776,16245,54595,4619,651,82596,1893,76936,3767,80703,1466,4727,2252,1038,25546,81416,32346,3226
05,UTTARAKHAND,059,Tehri Garhwal,Urban,16506,16247,223,6,8,14461,540,1179,2,29,15833,210,463,14013,13388,625,2373,33,15536,14884,1444,13699,3212,715,15609,271,13658,1680,15338,2410,4970,2072,1857,434,14641,1751,114
05,UTTARAKHAND,060,Dehradun,Total,322700,310726,10036,349,631,233705,71123,13322,787,1693,278971,4588,39141,273226,248963,24263,35851,6585,261525,270511,39363,260368,71199,25862,278318,16106,217406,44806,262212,129863,152009,48070,54967,16425,238464,74396,9840
05,UTTARAKHAND,060,Dehradun,Rural,137051,129466,6410,292,309,72422,59064,3035,401,1027,102175,783,34093,107237,89687,17550,21744,2471,93252,109509,15644,96685,16997,4323,108211,5326,92888,9997,102885,57082,49358,10531,10856,11718,95143,36563,5345
05,UTTARAKHAND,060,Dehradun,Urban,185649,181260,3626,57,322,161283,12059,10287,386,666,176796,3805,5048,165989,159276,6713,14107,4114,168273,161002,23719,163683,54202,21539,170107,10780,124518,34809,159327,72781,102651,37539,44111,4707,143321,37833,4495
05,UTTARAKHAND,061,Garhwal,Total,161688,143963,14695,2249,452,70551,87128,2072,116,1112,89437,1600,70651,138948,98696,40252,4615,1998,58484,140099,34536,99662,12670,2633,113779,4149,99987,9643,109630,13681,15468,4874,4891,28945,120989,37896,2803
05,UTTARAKHAND,061,Garhwal,Rural,137102,119829,14331,2212,411,48887,85141,1362,96,1042,66160,1051,69891,115361,77989,37372,4338,1858,37001,118090,31461,78805,7578,1244,91342,3000,82748,5594,88342,9364,8515,2764,2120,27996,100213,34354,2535
05,UTTARAKHAND,061,Garhwal,Urban,24586,24134,364,37,41,21664,1987,710,20,70,23277,549,760,23587,20707,2880,277,140,21483,22009,3075,20857,5092,1389,22437,1149,17239,4049,21288,4317,6953,2110,2771,949,20776,3542,268
05,UTTARAKHAND,062,Pithoragarh,Total,111542,95421,12957,2781,187,45365,62721,2041,83,873,61543,1215,48784,88949,62473,26476,5102,16,46575,94933,20473,58954,7932,1344,67332,3628,58592,5112,63704,1600,6136,3008,2037,29763,83453,25772,2317
05,UTTARAKHAND,062,Pithoragarh,Rural,95130,79202,12802,2770,178,30228,62493,1103,77,848,45702,1086,48342,74823,48748,26075,3310,14,32732,80183,18904,44866,4455,533,52366,3007,46139,3220,49359,665,3225,1840,678,29163,68751,24147,2232
05,UTTARAKHAND,062,Pithoragarh,Urban,16412,16219,155,11,9,15137,228,938,6,25,15841,129,442,14126,13725,401,1792,2,13843,14750,1569,14088,3477,811,14966,621,12453,1892,14345,935,2911,1168,1359,600,14702,1625,85
05,UTTARAKHAND,063,Bageshwar,Total,57712,47083,9062,1028,280,13352,42658,717,75,709,31604,757,25351,45834,31546,14288,1857,31,14315,47424,12012,25873,3595,435,35364,823,32980,1561,34541,975,2005,1149,544,15425,41864,14197,1651
05,UTTARAKHAND,063,Bageshwar,Rural,55748,45172,9020,1027,274,11691,42520,566,74,702,29837,651,25260,44101,29855,14246,1725,31,12964,45560,11824,24286,3317,357,33706,776,31503,1427,32930,831,1686,994,413,15258,40096,14018,1634
05,UTTARAKHAND,063,Bageshwar,Urban,1964,1911,42,1,6,1661,138,151,1,7,1767,106,91,1733,1691,42,132,0,1351,1864,188,1587,278,78,1658,47,1477,134,1611,144,319,155,131,167,1768,179,17
05,UTTARAKHAND,064,Almora,Total,139257,109876,25175,3545,334,40199,95560,1583,100,1344,76958,2351,59948,112049,81897,30152,5819,37,36378,118996,35647,70237,9858,1830,98610,3629,86810,8171,94981,2673,6719,3396,2383,28231,104587,32364,2306
05,UTTARAKHAND,064,Almora,Rural,126476,97337,24978,3536,317,28534,95046,1087,95,1318,65214,1605,59657,99860,70136,29724,5767,36,25663,106949,31230,59021,6574,936,86681,3144,78116,5421,83537,1742,3982,2151,963,27895,93825,30506,2145
05,UTTARAKHAND,064,Almora,Urban,12781,12539,197,9,17,11665,514,496,5,26,11744,746,291,12189,11761,428,52,1,10715,12047,4417,11216,3284,894,11929,485,8694,2750,11444,931,2737,1245,1420,336,10762,1858,161
05,UTTARAKHAND,065,Champawat,Total,52356,37725,11948,2293,188,18785,32382,385,71,521,24284,542,27530,34183,25972,8211,8718,603,19181,40863,8373,22588,3159,548,31466,1173,28298,1995,30293,7523,5151,1387,1162,15325,29090,20149,3117
05,UTTARAKHAND,065,Champawat,Rural,44386,30333,11460,2286,143,13057,30533,199,71,380,17916,402,26068,28494,20416,8078,6557,579,13037,34722,7436,16311,2128,272,24932,929,22675,1328,24003,4910,3351,876,561,14725,23832,17907,2647
05,UTTARAKHAND,065,Champawat,Urban,7970,7392,488,7,45,5728,1849,186,0,141,6368,140,1462,5689,5556,133,2161,24,6144,6141,937,6277,1031,276,6534,244,5623,667,6290,2613,1800,511,601,600,5258,2242,470
05,UTTARAKHAND,066,Nainital,Total,187108,169001,15242,1827,553,99021,76000,4679,302,1360,148745,2046,36317,149782,122605,27177,15634,7767,117598,146892,26685,125994,26270,7265,145056,5879,122791,16386,139177,57123,49145,13800,15674,21992,128659,50463,7986
05,UTTARAKHAND,066,Nainital,Rural,112670,96746,13409,1801,407,39229,65764,1233,212,993,78193,1115,33362,78605,54932,23673,15038,6375,54330,88019,18875,65608,10554,2225,81813,3015,71984,6814,78798,37155,23532,5561,5334,17109,71229,35690,5751
05,UTTARAKHAND,066,Nainital,Urban,74438,72255,1833,26,146,59792,10236,3446,90,367,70552,931,2955,71177,67673,3504,596,1392,63268,58873,7810,60386,15716,5040,63243,2864,50807,9572,60379,19968,25613,8239,10340,4883,57430,14773,2235
05,UTTARAKHAND,067,Udham Singh Nagar,Total,300052,254802,41967,648,1482,116576,164558,2807,5056,6805,207848,2947,89257,110297,83118,27179,175411,9841,242986,217507,23665,192243,28053,7883,228966,10066,205913,12987,218900,194624,88369,16841,14950,22789,154922,127776,17354
05,UTTARAKHAND,067,Udham Singh Nagar,Rural,194695,156658,36023,397,894,48951,131503,1015,4394,5303,110871,1713,82111,63832,44969,18863,122592,4978,148251,141036,17147,113870,14130,3577,141728,6134,129338,6256,135594,137785,53442,9228,6291,16302,92190,89396,13109
05,UTTARAKHAND,067,Udham Singh Nagar,Urban,105357,98144,5944,251,588,67625,33055,1792,662,1502,96977,1234,7146,46465,38149,8316,52819,4863,94735,76471,6518,78373,13923,4306,87238,3932,76575,6731,83306,56839,34927,7613,8659,6487,62732,38380,4245
05,UTTARAKHAND,068,Hardwar,Total,325344,279012,42517,438,1257,125717,130595,2871,56414,7856,216744,3383,105217,131667,112856,18811,175834,12487,246771,237128,37296,207894,35023,11947,250344,12490,220399,17455,237854,210338,114469,21893,23458,25318,183877,128219,13248
05,UTTARAKHAND,068,Hardwar,Rural,199642,158117,38713,375,779,31995,109851,629,49387,6715,100292,1736,97614,42088,32606,9482,148787,4662,134023,139947,21684,105990,9542,2209,140597,5271,131123,4203,135326,133441,54453,6457,3900,20743,92682,96433,10527
05,UTTARAKHAND,068,Hardwar,Urban,125702,120895,3804,63,478,93722,20744,2242,7027,1141,116452,1647,7603,89579,80250,9329,27047,7825,112748,97181,15612,101904,25481,9738,109747,7219,89276,13252,102528,76897,60016,15436,19558,4575,91195,31786,2721
06,HARYANA,069,Panchkula,Total,110236,103455,4943,698,495,69687,28345,5783,4825,844,77967,2034,30235,99720,92711,7009,1889,3329,82195,87819,27618,88378,32174,18615,92486,7872,60941,23673,84614,42737,49972,29497,27786,6344,74636,30355,5245
06,HARYANA,069,Panchkula,Rural,42651,38486,2994,678,232,14967,21506,726,4624,525,18786,393,23472,37314,34276,3038,1031,2408,25849,31724,5635,30073,2929,717,32331,2344,26831,3156,29987,13700,15262,3246,1753,4305,25548,15018,2085
06,HARYANA,069,Panchkula,Urban,67585,64969,1949,20,263,54720,6839,5057,201,319,59181,1641,6763,62406,58435,3971,858,921,56346,56095,21983,58305,29245,17898,60155,5528,34110,20517,54627,29037,34710,26251,26033,2039,49088,15337,3160
06,HARYANA,070,Ambala,Total,208071,199681,7003,236,692,121622,39495,4460,36180,4235,142922,5534,59615,173860,155977,17883,17341,14874,175374,152316,32571,172034,32767,12899,170149,15833,124292,30024,154316,133676,92424,26122,23884,9322,123156,76891,8024
06,HARYANA,070,Ambala,Rural,112525,106598,5004,95,511,42628,32384,1422,32791,2125,57554,2599,52372,92040,79579,12461,11382,8017,89781,78561,15956,86791,8992,2446,86573,7313,69362,9898,79260,76104,42629,8553,4853,6454,57860,49776,4889
06,HARYANA,070,Ambala,Urban,95546,93083,1999,141,181,78994,7111,3038,3389,2110,85368,2935,7243,81820,76398,5422,5959,6857,85593,73755,16615,85243,23775,10453,83576,8520,54930,20126,75056,57572,49795,17569,19031,2868,65296,27115,3135
06,HARYANA,071,Yamunanagar,Total,228163,217503,9044,160,631,109080,74670,5407,33027,3555,148667,2018,77478,176944,153171,23773,35844,12740,189997,161553,27474,168506,25129,8079,175426,10257,146060,19109,165169,148002,87959,20791,17259,15454,120964,94859,12340
06,HARYANA,071,Yamunanagar,Rural,133009,124471,7500,64,420,37597,60525,837,29932,2399,61199,1297,70513,94935,76523,18412,28901,7181,103109,93492,15195,89120,7424,1610,95527,4858,83343,7326,90669,92589,47593,8051,3880,11107,61889,62604,8516
06,HARYANA,071,Yamunanagar,Urban,95154,93032,1544,96,211,71483,14145,4570,3095,1156,87468,721,6965,82009,76648,5361,6943,5559,86888,68061,12279,79386,17705,6469,79899,5399,62717,11783,74500,55413,40366,12740,13379,4347,59075,32255,3824
06,HARYANA,072,Kurukshetra,Total,179391,171908,6361,65,280,90150,24022,3252,56101,3889,136321,4157,38913,152471,130529,21942,2454,23107,144159,127686,30979,143316,21951,7356,145855,8235,119559,18061,137620,107683,73765,20261,15839,10391,98344,73816,7231
06,HARYANA,072,Kurukshetra,Rural,126220,120028,5447,57,190,47021,19006,1730,54010,2753,87171,3794,35255,100914,84242,16672,2378,21777,94677,87221,20437,96893,8562,2090,98532,5140,84234,9158,93392,78412,46293,9950,5004,8555,62738,58090,5392
06,HARYANA,072,Kurukshetra,Urban,53171,51880,914,8,90,43129,5016,1522,2091,1136,49150,363,3658,51557,46287,5270,76,1330,49482,40465,10542,46423,13389,5266,47323,3095,35325,8903,44228,29271,27472,10311,10835,1836,35606,15726,1839
06,HARYANA,073,Kaithal,Total,200221,187349,10675,108,965,62668,36384,1836,91975,5358,126896,5559,67766,116339,80483,35856,32563,45149,114419,124944,36696,140195,15301,3724,153352,6044,138662,8646,147308,95704,59238,12792,8124,20380,99250,91719,9252
06,HARYANA,073,Kaithal,Rural,154438,143624,9255,83,747,34537,28948,830,84119,4409,89039,4933,60466,78145,47554,30591,30850,40008,76344,95719,30298,102434,8072,1523,115333,4269,106431,4633,111064,72055,41595,7664,3050,17799,72231,74830,7377
06,HARYANA,073,Kaithal,Urban,45783,43725,1420,25,218,28131,7436,1006,7856,949,37857,626,7300,38194,32929,5265,1713,5141,38075,29225,6398,37761,7229,2201,38019,1775,32231,4013,36244,23649,17643,5128,5074,2581,27019,16889,1875
06,HARYANA,074,Karnal,Total,284551,267223,13405,316,1175,143133,44872,3123,87399,3748,215989,5489,63073,229500,198809,30691,21460,29657,225116,186773,39322,215813,29253,11163,215865,9579,188467,17819,206286,143754,108101,26238,20819,24361,153979,118688,11884
06,HARYANA,074,Karnal,Rural,194003,179174,11726,241,964,70614,36363,1202,81213,2980,133025,4601,56377,149584,124270,25314,17232,24109,142350,121715,28360,137046,9886,2258,138676,4463,128403,5810,134213,100091,64735,10793,4949,20464,92303,92157,9543
06,HARYANA,074,Karnal,Urban,90548,88049,1679,75,211,72519,8509,1921,6186,768,82964,888,6696,79916,74539,5377,4228,5548,82766,65058,10962,78767,19367,8905,77189,5116,60064,12009,72073,43663,43366,15445,15870,3897,61676,26531,2341
06,HARYANA,075,Panipat,Total,220388,209965,7896,280,810,121846,37988,3988,51395,3683,176766,3251,40371,145881,114020,31861,28390,41486,148894,139754,26625,162321,26719,10024,172677,8489,150926,13262,164188,90548,74923,17466,17705,19339,116783,95785,7820
06,HARYANA,075,Panipat,Rural,114922,107572,5558,202,399,42013,27924,889,40987,2362,76682,2188,36052,59912,43217,16695,25574,25900,62468,76228,14616,78729,7652,2154,84803,3140,78461,3202,81663,48564,35401,5738,3912,12698,55465,54676,4781
06,HARYANA,075,Panipat,Urban,105466,102393,2338,78,411,79833,10064,3099,10408,1321,100084,1063,4319,85969,70803,15166,2816,15586,86426,63526,12009,83592,19067,7870,87874,5349,72465,10060,82525,41984,39522,11728,13793,6641,61318,41109,3039
06,HARYANA,076,Sonipat,Total,269658,253054,13984,213,1044,126009,83152,2838,43932,12264,183719,2823,83116,164405,113697,50708,32056,59531,171176,191265,44589,192317,30697,9029,207285,12597,177741,16947,194688,119029,84519,22367,18270,26208,135727,122415,11516
06,HARYANA,076,Sonipat,Rural,180286,166412,12050,137,744,58226,72191,902,37786,10337,101337,2285,76664,98549,54607,43942,26480,43217,93325,124953,29263,119766,12064,2246,131604,6465,118279,6860,125139,75296,49513,10111,4917,21175,81266,90574,8446
06,HARYANA,076,Sonipat,Urban,89372,86642,1934,76,300,67783,10961,1936,6146,1927,82382,538,6452,65856,59090,6766,5576,16314,77851,66312,15326,72551,18633,6783,75681,6132,59462,10087,69549,43733,35006,12256,13353,5033,54461,31841,3070
06,HARYANA,077,Jind,Total,244582,222462,19055,205,931,78386,71496,903,60085,32301,146428,3812,94342,129177,99041,30136,45782,43302,119784,154031,40480,160742,23750,5263,193577,11087,168445,14045,182490,113068,61694,15836,10485,23359,118712,115017,10853
06,HARYANA,077,Jind,Rural,187059,167911,16749,184,682,40065,62033,448,54471,29041,96049,3492,87518,88755,62487,26268,40423,33289,72295,116430,33024,114453,12135,1982,144305,7512,128134,8659,136793,81571,40860,8705,3702,20439,82287,95505,9267
06,HARYANA,077,Jind,Urban,57523,54551,2306,21,249,38321,9463,455,5614,3260,50379,320,6824,40422,36554,3868,5359,10013,47489,37601,7456,46289,11615,3281,49272,3575,40311,5386,45697,31497,20834,7131,6783,2920,36425,19512,1586
06,HARYANA,078,Fatehabad,Total,176094,153301,18463,413,1701,51693,55138,522,16720,50865,134586,4107,37401,128708,111025,17683,15461,25578,122912,112594,29817,107042,13142,3210,136196,4347,120937,10912,131849,86268,52633,14030,7830,19533,89058,77279,9757
06,HARYANA,078,Fatehabad,Rural,141266,119934,17624,408,1287,25946,49481,324,14537,49999,102915,3858,34493,97992,82854,15138,14831,22647,91975,91325,26942,78156,7312,1493,107095,3270,97395,6430,103825,68955,38383,9749,3400,17540,67736,65492,8038
06,HARYANA,078,Fatehabad,Urban,34828,33367,839,5,414,25747,5657,198,2183,866,31671,249,2908,30716,28171,2545,630,2931,30937,21269,2875,28886,5830,1717,29101,1077,23542,4482,28024,17313,14250,4281,4430,1993,21322,11787,1719
06,HARYANA,079,Sirsa,Total,240217,215527,20796,448,1560,70538,78696,970,5506,83430,215371,4868,19978,204475,186003,18472,6398,19947,196564,148229,45101,150315,22706,6287,190983,7898,165463,17622,183085,117760,75692,24468,13695,24103,132329,94861,13027
06,HARYANA,079,Sirsa,Rural,178789,156134,19558,334,1278,26162,65976,370,3919,81611,156480,4591,17718,150575,136688,13887,5476,13865,140634,109976,37349,99763,10713,2134,138598,4897,123838,9863,133701,85553,49255,16280,4671,20820,93682,74572,10535
06,HARYANA,079,Sirsa,Urban,61428,59393,1238,114,282,44376,12720,600,1587,1819,58891,277,2260,53900,49315,4585,922,6082,55930,38253,7752,50552,11993,4153,52385,3001,41625,7759,49384,32207,26437,8188,9024,3283,38647,20289,2492
06,HARYANA,080,Hisar,Total,325046,285004,33599,763,1741,110495,108995,873,23525,80153,231144,6210,87692,218535,201435,17100,66878,11612,194669,219848,65713,202588,33400,10132,259276,11379,231246,16651,247897,147721,90721,24642,21142,33016,173234,136224,15588
06,HARYANA,080,Hisar,Rural,221028,185842,30062,685,1184,34626,90703,254,18621,76318,138093,5342,77593,141970,128199,13771,43878,9801,111061,145707,48132,117812,11004,1809,170167,5828,157784,6555,164339,91074,47405,10074,3949,27624,106180,102685,12163
06,HARYANA,080,Hisar,Urban,104018,99162,3537,78,557,75869,18292,619,4904,3835,93051,868,10099,76565,73236,3329,23000,1811,83608,74141,17581,84776,22396,8323,89109,5551,73462,10096,83558,56647,43316,14568,17193,5392,67054,33539,3425
06,HARYANA,081,Bhiwani,Total,308812,266244,38362,347,1636,88938,134538,1020,16391,66999,175689,2557,130566,203509,163504,40005,32430,36262,164410,200781,58375,176336,25236,5292,242718,10057,221159,11502,232661,99232,66069,16793,11346,39501,153994,138925,15893
06,HARYANA,081,Bhiwani,Rural,245761,207729,34862,317,1280,44443,123840,272,12831,63775,120948,1879,122934,149487,113067,36420,25947,35544,113259,158408,48411,126571,14502,2088,188917,6761,175555,6601,182156,65523,44761,11093,4163,35559,119924,112703,13134
06,HARYANA,081,Bhiwani,Urban,63051,58515,3500,30,356,44495,10698,748,3560,3224,54741,678,7632,54022,50437,3585,6483,718,51151,42373,9964,49765,10734,3204,53801,3296,45604,4901,50505,33709,21308,5700,7183,3942,34070,26222,2759
06,HARYANA,082,Rohtak,Total,202933,193120,8089,171,688,94633,64108,1025,23338,18849,147990,1240,53703,154010,136577,17433,25032,10545,136781,151930,39834,150160,27225,8482,160621,9432,137267,13922,151189,91682,63575,16545,17402,17642,109083,86024,7826
06,HARYANA,082,Rohtak,Rural,115506,107878,6485,114,517,26891,52776,210,17865,17182,67496,905,47105,74058,58709,15349,20342,9308,58098,85515,20491,76659,7594,1333,86400,4389,77745,4266,82011,47656,25742,4733,2601,13247,53078,56945,5483
06,HARYANA,082,Rohtak,Urban,87427,85242,1604,57,171,67742,11332,815,5473,1667,80494,335,6598,79952,77868,2084,4690,1237,78683,66415,19343,73501,19631,7149,74221,5043,59522,9656,69178,44026,37833,11812,14801,4395,56005,29079,2343
06,HARYANA,083,Jhajjar,Total,183400,168558,12717,170,569,70149,52133,739,15213,44257,123545,1541,58314,133448,95593,37855,22281,14363,114081,136104,40791,128007,19241,5034,145032,11057,123227,10748,133975,69952,52868,14298,9674,17509,94023,80633,8744
06,HARYANA,083,Jhajjar,Rural,134340,121439,11437,156,422,32172,45615,266,12830,42916,78550,1400,54390,95775,60023,35752,16260,11238,73737,99650,27295,88486,9699,1831,103179,7999,89268,5912,95180,47757,36191,8097,3763,14910,67244,60553,6543
06,HARYANA,083,Jhajjar,Urban,49060,47119,1280,14,147,37977,6518,473,2383,1341,44995,141,3924,37673,35570,2103,6021,3125,40344,36454,13496,39521,9542,3203,41853,3058,33959,4836,38795,22195,16677,6201,5911,2599,26779,20080,2201
06,HARYANA,084,Mahendragarh,Total,168525,135455,31034,207,782,45359,44292,350,868,76974,74605,992,92928,108389,53491,54898,2196,37955,80378,117225,25809,88012,13908,2624,133653,5274,119066,9313,128379,54810,45775,8538,5827,22513,93619,69774,5132
06,HARYANA,084,Mahendragarh,Rural,145235,113554,29852,191,695,30040,39632,111,743,74238,56620,780,87835,90009,36521,53488,1888,36397,63830,101290,23507,70106,10274,1601,114658,4046,104081,6531,110612,44687,37108,6415,3503,20642,79629,61117,4489
06,HARYANA,084,Mahendragarh,Urban,23290,21901,1182,16,87,15319,4660,239,125,2736,17985,212,5093,18380,16970,1410,308,1558,16548,15935,2302,17906,3634,1023,18995,1228,14985,2782,17767,10123,8667,2123,2324,1871,13990,8657,643
06,HARYANA,085,Rewari,Total,169128,152651,14409,330,868,62667,23719,582,1911,79785,100436,858,67834,122608,81520,41088,13230,24732,114709,134978,28534,108753,18092,5121,137152,8629,113600,14923,128523,71366,58897,12161,10676,16420,98052,65903,5173
06,HARYANA,085,Rewari,Rural,126261,111136,13399,292,672,29048,18612,146,1523,76674,62816,665,62780,91038,52619,38419,8929,18722,77333,101312,22327,74020,9656,2019,100134,6051,84434,9649,94083,51324,40470,7031,4608,14269,69533,52604,4124
06,HARYANA,085,Rewari,Urban,42867,41515,1010,38,196,33619,5107,436,388,3111,37620,193,5054,31570,28901,2669,4301,6010,37376,33666,6207,34733,8436,3102,37018,2578,29166,5274,34440,20042,18427,5130,6068,2151,28519,13299,1049
06,HARYANA,086,Gurgaon,Total,320642,305751,11124,378,1072,238359,44154,2080,7049,26625,271169,4944,44529,219377,193401,25976,12557,81189,257287,250865,83772,248024,102343,67087,274931,19984,201135,53812,254947,103261,131478,92934,86768,22501,210361,98306,11975
06,HARYANA,086,Gurgaon,Rural,88013,80082,6667,215,344,37008,23234,329,4682,22321,57754,496,29763,52957,38517,14440,6148,26421,56576,68039,14113,57910,7325,1615,68853,2612,63551,2690,66241,26277,32495,9177,4081,9999,50572,34581,2860
06,HARYANA,086,Gurgaon,Urban,232629,225669,4457,163,728,201351,20920,1751,2367,4304,213415,4448,14766,166420,154884,11536,6409,54768,200711,182826,69659,190114,95018,65472,206078,17372,137584,51122,188706,76984,98983,83757,82687,12502,159789,63725,9115
06,HARYANA,087,Mewat,Total,157020,96309,56534,754,1367,15593,75084,135,15851,49641,36802,915,119303,58016,35712,22304,36315,17363,36773,64127,14156,27367,10499,935,111968,2341,107323,2304,109627,37702,33748,6220,1653,32443,55412,88339,13269
06,HARYANA,087,Mewat,Rural,137261,79109,54447,733,1207,6667,68336,80,14247,47296,24448,857,111956,44142,24611,19531,33623,15721,23687,52465,11918,17228,8696,505,96823,1816,93487,1520,95007,32267,28667,4851,830,29671,44739,80193,12329
06,HARYANA,087,Mewat,Urban,19759,17200,2087,21,160,8926,6748,55,1604,2345,12354,58,7347,13874,11101,2773,2692,1642,13086,11662,2238,10139,1803,430,15145,525,13836,784,14620,5435,5081,1369,823,2772,10673,8146,940
06,HARYANA,088,Faridabad,Total,353066,333171,14433,752,2253,258422,41979,7051,36723,5298,296399,7243,49424,211123,171411,39712,68137,46224,253688,250876,67341,279652,82673,43437,302937,20485,240316,42136,282452,170927,152884,63470,64331,17981,202679,140632,9755
06,HARYANA,088,Faridabad,Rural,60315,53784,5373,171,446,14829,17685,128,25034,2268,35332,764,24219,29572,20584,8988,21979,6674,38351,40947,6717,39333,5354,1213,44806,2325,40707,1774,42481,26422,25316,5592,2606,6212,31622,26074,2619
06,HARYANA,088,Faridabad,Urban,292751,279387,9060,581,1807,243593,24294,6923,11689,3030,261067,6479,25205,181551,150827,30724,46158,39550,215337,209929,60624,240319,77319,42224,258131,18160,199609,40362,239971,144505,127568,57878,61725,11769,171057,114558,7136
06,HARYANA,089,Palwal,Total,167810,132606,31452,497,1654,46498,65553,353,42226,12265,74531,1920,91359,95032,67274,27758,49148,11507,95524,100598,15928,93313,16736,4283,121222,9969,101535,9718,111253,67580,55825,10185,7884,23376,78680,79675,9455
06,HARYANA,089,Palwal,Rural,127165,94441,29811,275,1274,20762,58632,135,35508,11511,40865,1572,84728,70126,46386,23740,36817,8870,60289,74499,11275,61270,9123,1209,88749,6256,76964,5529,82493,49810,39076,5344,2750,20260,54209,64966,7990
06,HARYANA,089,Palwal,Urban,40645,38165,1641,222,380,25736,6921,218,6718,754,33666,348,6631,24906,20888,4018,12331,2637,35235,26099,4653,32043,7613,3074,32473,3713,24571,4189,28760,17770,16749,4841,5134,3116,24471,14709,1465
07,NCT OF DELHI,090,North West,Total,730034,720900,6705,393,889,625662,35080,57234,5246,2628,618297,73175,38562,578245,533951,44294,45234,30391,516944,534173,225342,631015,188876,114044,636303,34818,476276,125209,601485,235402,263624,152362,153687,29488,449339,255851,24844
07,NCT OF DELHI,090,North West,Rural,41486,40327,821,49,146,28439,5455,5678,1149,520,26613,7748,7125,26085,21725,4360,6353,3311,24118,27622,8466,32852,4782,1490,32243,1469,28394,2380,30774,16252,13300,3883,3029,3071,20306,19330,1850
07,NCT OF DELHI,090,North West,Urban,688548,680573,5884,344,743,597223,29625,51556,4097,2108,591684,65427,31437,552160,512226,39934,38881,27080,492826,506551,216876,598163,184094,112554,604060,33349,447882,122829,570711,219150,250324,148479,150658,26417,429033,236521,22994
07,NCT OF DELHI,091,North,Total,175890,174310,1219,74,154,161067,3827,8063,866,748,158373,12983,4534,144005,136035,7970,11922,2353,131330,138505,52360,156786,40543,21418,160557,8053,129478,23026,152504,45555,63424,25574,29150,4497,105054,64825,6011
07,NCT OF DELHI,091,North,Rural,3184,3155,25,1,2,2854,114,79,109,18,3121,1,62,1143,992,151,1659,5,1947,2721,683,2902,303,75,2897,214,2603,80,2683,1108,1258,192,184,75,2350,805,29
07,NCT OF DELHI,091,North,Urban,172706,171155,1194,73,152,158213,3713,7984,757,730,155252,12982,4472,142862,135043,7819,10263,2348,129383,135784,51677,153884,40240,21343,157660,7839,126875,22946,149821,44447,62166,25382,28966,4422,102704,64020,5982
07,NCT OF DELHI,092,North East,Total,395060,391951,1842,328,281,356769,8212,22667,4202,803,375856,16739,2465,322815,302741,20074,45707,22360,303350,274696,101469,349535,69417,30390,357017,17023,303589,36405,339994,143358,152678,37482,49581,9481,246444,140641,7975
07,NCT OF DELHI,092,North East,Rural,3720,3476,56,6,1,3094,198,102,265,20,3533,0,187,1935,1909,26,1554,41,3051,2532,1554,3103,309,105,3141,297,2751,93,2844,1772,1427,401,209,275,2262,1355,103
07,NCT OF DELHI,092,North East,Urban,391340,388475,1786,322,280,353675,8014,22565,3937,783,372323,16739,2278,320880,300832,20048,44153,22319,300299,272164,99915,346432,69108,30285,353876,16726,300838,36312,337150,141586,151251,37081,49372,9206,244182,139286,7872
07,NCT OF DELHI,093,East,Total,354385,352758,1180,24,128,327253,7877,15738,1435,562,331089,17704,5592,333999,325421,8578,5147,12321,321816,300624,148483,320151,127465,80037,329844,21876,228268,79700,307968,103064,162670,87499,102512,7336,262095,85473,6817
07,NCT OF DELHI,093,East,Rural,827,825,2,0,0,821,4,0,0,0,811,2,14,827,827,0,0,0,825,822,377,794,530,345,824,51,516,257,773,210,482,370,427,0,762,55,10
07,NCT OF DELHI,093,East,Urban,353558,351933,1178,24,128,326432,7873,15738,1435,562,330278,17702,5578,333172,324594,8578,5147,12321,320991,299802,148106,319357,126935,79692,329020,21825,227752,79443,307195,102854,162188,87129,102085,7336,261333,85418,6807
07,NCT OF DELHI,094,New Delhi,Total,30385,30023,296,5,15,26681,1226,2042,27,54,23658,6127,600,28951,27681,1270,664,404,23989,26218,10803,26397,11948,7366,27920,2127,19610,6183,25793,11029,10268,7248,8650,1000,20520,8744,1121
07,NCT OF DELHI,094,New Delhi,Rural,0,0,0,0,0,0,0,0,0,0,0,0,0,0,0,0,0,0,0,0,0,0,0,0,0,0,0,0,0,0,0,0,0,0,0,0,0
07,NCT OF DELHI,094,New Delhi,Urban,30385,30023,296,5,15,26681,1226,2042,27,54,23658,6127,600,28951,27681,1270,664,404,23989,26218,10803,26397,11948,7366,27920,2127,19610,6183,25793,11029,10268,7248,8650,1000,20520,8744,1121
07,NCT OF DELHI,095,Central,Total,114587,113399,1004,43,34,101826,2704,8753,170,175,104040,9841,706,110084,106655,3429,1331,2837,105115,86343,39419,102933,30627,19724,104185,6618,77630,19937,97567,17214,39119,21001,23220,3069,65804,45088,3695
07,NCT OF DELHI,095,Central,Rural,0,0,0,0,0,0,0,0,0,0,0,0,0,0,0,0,0,0,0,0,0,0,0,0,0,0,0,0,0,0,0,0,0,0,0,0,0
07,NCT OF DELHI,095,Central,Urban,114587,113399,1004,43,34,101826,2704,8753,170,175,104040,9841,706,110084,106655,3429,1331,2837,105115,86343,39419,102933,30627,19724,104185,6618,77630,19937,97567,17214,39119,21001,23220,3069,65804,45088,3695
07,NCT OF DELHI,096,West,Total,523703,520282,2469,381,248,475985,16239,25770,1616,889,471008,40894,11801,455131,430959,24172,21398,32313,422438,411972,173913,468163,171002,109666,476978,26264,335857,114857,450714,150955,218843,134587,141965,15986,357650,151197,14856
07,NCT OF DELHI,096,West,Rural,1151,1145,4,1,0,899,146,28,53,11,1003,1,147,253,213,40,115,9,268,966,314,1046,94,29,1059,38,927,94,1021,710,648,224,80,27,574,556,21
07,NCT OF DELHI,096,West,Urban,522552,519137,2465,380,248,475086,16093,25742,1563,878,470005,40893,11654,454878,430746,24132,21283,32304,422170,411006,173599,467117,170908,109637,475919,26226,334930,114763,449693,150245,218195,134363,141885,15959,357076,150641,14835
07,NCT OF DELHI,097,South West,Total,462772,457784,3705,220,333,423855,17881,13714,3447,1882,421100,21971,19701,350289,315219,35070,9744,71283,373537,379708,164683,402661,156635,94853,425929,23937,317773,84219,401992,164362,183150,105425,122031,13389,320360,130269,12143
07,NCT OF DELHI,097,South West,Rural,26493,26221,192,8,20,21748,2646,179,1161,670,23231,304,2958,15559,12660,2899,2033,6459,18716,21877,7198,23136,4221,1244,23683,1252,20823,1608,22431,14063,12480,3089,2799,665,16231,9399,863
07,NCT OF DELHI,097,South West,Urban,436279,431563,3513,212,313,402107,15235,13535,2286,1212,397869,21667,16743,334730,302559,32171,7711,64824,354821,357831,157485,379525,152414,93609,402246,22685,296950,82611,379561,150299,170670,102336,119232,12724,304129,120870,11280
07,NCT OF DELHI,098,South,Total,553722,549402,3310,153,365,504898,19245,21462,2478,1353,487320,41014,25388,393274,332984,60290,37241,105327,421563,443063,198605,481782,176435,111453,513042,30607,391300,91135,482435,151260,204607,121101,136051,13122,369599,168128,15995
07,NCT OF DELHI,098,South,Rural,2254,2217,36,0,0,1655,364,57,170,2,2043,20,191,1202,887,315,37,991,1807,1639,827,1818,361,227,1982,53,1713,216,1929,868,849,403,297,59,1218,932,104
07,NCT OF DELHI,098,South,Urban,551468,547185,3274,153,365,503243,18881,21405,2308,1351,485277,40994,25197,392072,332097,59975,37204,104336,419756,441424,197778,479964,176074,111226,511060,30554,389587,90919,480506,150392,203758,120698,135754,13063,368381,167196,15891
08,RAJASTHAN,099,Ganganagar,Total,373877,283142,81553,3023,2597,88543,124355,3063,3544,152835,316783,2482,54612,274355,252237,22118,24711,4556,236712,288820,75327,181616,24901,6295,284669,8003,245365,31301,276666,149905,85320,21515,15323,54927,216622,147043,10212
08,RAJASTHAN,099,Ganganagar,Rural,269763,187130,74916,2923,1980,24700,94860,494,2350,146378,219300,1976,48487,177323,158429,18894,20966,4314,148524,221004,61366,105366,9535,1849,201486,5231,178613,17642,196255,97864,48413,13301,4002,44767,149432,113519,6812
08,RAJASTHAN,099,Ganganagar,Urban,104114,96012,6637,100,617,63843,29495,2569,1194,6457,97483,506,6125,97032,93808,3224,3745,242,88188,67816,13961,76250,15366,4446,83183,2772,66752,13659,80411,52041,36907,8214,11321,10160,67190,33524,3400
08,RAJASTHAN,100,Hanumangarh,Total,328871,243163,80888,957,2089,55515,151616,1344,5414,114175,278373,1954,48544,246593,232917,13676,18569,9019,192913,227879,56817,140280,16217,3360,249474,6353,221056,22065,243121,93418,56973,16537,7808,56900,202550,117956,8365
08,RAJASTHAN,100,Hanumangarh,Rural,261513,181226,76310,941,1628,16792,129190,348,3697,110931,215127,1685,44701,182726,171102,11624,17131,8649,134157,189437,48593,94712,8213,1194,195811,4243,177369,14199,191568,63247,37661,11797,2688,49503,158989,96278,6246
08,RAJASTHAN,100,Hanumangarh,Urban,67358,61937,4578,16,461,38723,22426,996,1717,3244,63246,269,3843,63867,61815,2052,1438,370,58756,38442,8224,45568,8004,2166,53663,2110,43687,7866,51553,30171,19312,4740,5120,7397,43561,21678,2119
08,RAJASTHAN,101,Bikaner,Total,375970,220793,138756,6710,6196,108812,198685,3581,54287,8572,195188,1193,179589,224200,190166,34034,5522,37355,194668,278179,73365,138480,29531,7607,287946,9934,258313,19699,278012,97914,68379,17113,15765,62914,202606,159204,14160
08,RAJASTHAN,101,Bikaner,Rural,242492,97309,131240,6538,4722,12115,182721,352,39017,7674,71545,663,170284,97607,69016,28591,5433,36958,76192,187071,44515,38020,8921,898,177036,3071,168097,5868,173965,24722,12850,7277,1057,54969,107879,122755,11858
08,RAJASTHAN,101,Bikaner,Urban,133478,123484,7516,172,1474,96697,15964,3229,15270,898,123643,530,9305,126593,121150,5443,89,397,118476,91108,28850,100460,20610,6709,110910,6863,90216,13831,104047,73192,55529,9836,14708,7945,94727,36449,2302
08,RAJASTHAN,102,Churu,Total,347351,231696,111209,394,2340,74197,261245,1062,5471,4809,200805,684,145862,268551,198281,70270,2248,22958,153018,252458,50369,131174,15259,2577,268431,8872,239082,20477,259559,46531,27698,9938,4720,64799,202532,127894,16925
08,RAJASTHAN,102,Churu,Rural,254921,148778,102530,347,1887,15026,231388,183,3923,4134,119892,541,134488,181994,122958,59036,1992,22521,71198,196564,37515,67175,7314,681,190632,5781,173527,11324,184851,16726,11357,6808,1126,55890,140240,99807,14874
08,RAJASTHAN,102,Churu,Urban,92430,82918,8679,47,453,59171,29857,879,1548,675,80913,143,11374,86557,75323,11234,256,437,81820,55894,12854,63999,7945,1896,77799,3091,65555,9153,74708,29805,16341,3130,3594,8909,62292,28087,2051
08,RAJASTHAN,103,Jhunjhunun,Total,383664,297559,83112,422,1199,131987,226595,986,694,22385,205571,845,177248,231401,123257,108144,16762,87590,191632,257310,68472,189511,24178,4828,314807,17804,260755,36248,297003,74695,59920,15861,9276,51201,280529,94479,8656
08,RAJASTHAN,103,Jhunjhunun,Rural,301647,221784,77699,351,761,74885,203843,350,437,21433,137908,687,163052,157352,64308,93044,15938,84670,127729,206365,56694,133961,14641,2091,246777,13469,207769,25539,233308,48366,41303,11325,4054,42688,220804,73630,7213
08,RAJASTHAN,103,Jhunjhunun,Urban,82017,75775,5413,71,438,57102,22752,636,257,952,67663,158,14196,74049,58949,15100,824,2920,63903,50945,11778,55550,9537,2737,68030,4335,52986,10709,63695,26329,18617,4536,5222,8513,59725,20849,1443
08,RAJASTHAN,104,Alwar,Total,628913,485723,135332,1338,2836,123478,230357,1637,18289,253299,172919,3596,452398,189088,126454,62634,179594,196407,216309,374196,108846,258862,45770,9750,477446,18353,425909,33184,459093,242678,179435,30207,22416,95538,373320,235448,20145
08,RAJASTHAN,104,Alwar,Rural,505266,367604,130992,1269,2305,36728,208288,540,14266,244375,74848,1949,428469,104277,54265,50012,167615,172424,119260,284159,87080,165027,24743,2764,371828,12729,341588,17511,359099,177988,123776,18848,6557,88587,287255,199830,18181
08,RAJASTHAN,104,Alwar,Urban,123647,118119,4340,69,531,86750,22069,1097,4023,8924,98071,1647,23929,84811,72189,12622,11979,23983,97049,90037,21766,93835,21027,6986,105618,5624,84321,15673,99994,64690,55659,11359,15859,6951,86065,35618,1964
08,RAJASTHAN,105,Bharatpur,Total,423607,288723,129814,1135,1137,61113,127822,589,32493,200170,85903,2239,335465,101103,76343,24760,154921,47246,103790,252483,44465,160190,26106,4179,303255,10763,278181,14311,292492,152915,99846,10349,8429,76392,185448,220158,18001
08,RAJASTHAN,105,Bharatpur,Rural,338086,211917,122180,1058,931,14149,102982,174,28399,191538,26485,966,310635,42364,24985,17379,143132,43627,45995,196711,38531,99902,16443,1724,236386,7155,222856,6375,229231,110081,70397,5983,2713,67525,137827,184277,15982
08,RAJASTHAN,105,Bharatpur,Urban,85521,76806,7634,77,206,46964,24840,415,4094,8632,59418,1273,24830,58739,51358,7381,11789,3619,57795,55772,5934,60288,9663,2455,66869,3608,55325,7936,63261,42834,29449,4366,5716,8867,47621,35881,2019
08,RAJASTHAN,106,Dhaulpur,Total,202184,96086,103120,965,415,24561,67610,406,9266,99615,33172,777,168235,35615,31456,4159,129998,7093,42599,94541,16775,51423,9504,1330,117770,4235,109488,4047,113535,80614,31120,3614,2139,53468,79676,110484,12024
08,RAJASTHAN,106,Dhaulpur,Rural,161598,63154,96001,917,303,5107,51101,105,8512,96348,7679,693,153226,8443,6378,2065,122648,5570,18144,73742,13281,27831,6057,588,89475,2569,85055,1851,86906,62319,20412,1989,547,46968,56659,94329,10610
08,RAJASTHAN,106,Dhaulpur,Urban,40586,32932,7119,48,112,19454,16509,301,754,3267,25493,84,15009,27172,25078,2094,7350,1523,24455,20799,3494,23592,3447,742,28295,1666,24433,2196,26629,18295,10708,1625,1592,6500,23017,16155,1414
08,RAJASTHAN,107,Karauli,Total,262659,132079,123701,4506,784,28296,132857,552,12727,87510,41754,756,220149,54328,34722,19606,91833,55000,50675,158642,23198,49752,13045,1059,166652,2891,157750,6011,163761,52008,35486,3820,2021,78030,92741,156114,13804
08,RAJASTHAN,107,Karauli,Rural,225191,100393,118449,4379,564,9811,117264,197,11891,85498,18392,462,206337,30457,16831,13626,89907,49812,30062,137098,19539,30278,10188,379,139882,2068,134734,3080,137814,42701,26744,2740,718,70101,72012,140551,12628
08,RAJASTHAN,107,Karauli,Urban,37468,31686,5252,127,220,18485,15593,355,836,2012,23362,294,13812,23871,17891,5980,1926,5188,20613,21544,3659,19474,2857,680,26770,823,23016,2931,25947,9307,8742,1080,1303,7929,20729,15563,1176
08,RAJASTHAN,108,Sawai Madhopur,Total,253987,140947,109537,1318,1096,40116,103850,923,20678,87143,52475,478,201034,54946,43710,11236,112577,35191,56544,181357,32172,61935,14310,1887,171024,4722,157946,8356,166302,66594,41953,4398,3526,62272,113008,130613,10366
08,RAJASTHAN,108,Sawai Madhopur,Rural,206526,97681,105675,1258,967,11247,89077,251,19580,85519,18225,304,187997,25200,17104,8096,103038,30028,22922,149705,25396,31249,9403,634,133133,3007,126565,3561,130126,48503,26884,2595,790,56579,83292,114105,9129
08,RAJASTHAN,108,Sawai Madhopur,Urban,47461,43266,3862,60,129,28869,14773,672,1098,1624,34250,174,13037,29746,26606,3140,9539,5163,33622,31652,6776,30686,4907,1253,37891,1715,31381,4795,36176,18091,15069,1803,2736,5693,29716,16508,1237
08,RAJASTHAN,109,Dausa,Total,290829,195277,92411,466,1151,35600,176185,506,6951,70753,50480,1175,239174,54241,39286,14955,108222,91306,60038,218565,35818,82113,14539,1719,202591,4879,189893,7819,197712,84799,62106,6664,3856,63202,146769,129883,14177
08,RAJASTHAN,109,Dausa,Rural,256059,162890,90262,444,1054,13527,165296,266,6496,69767,23695,940,231424,28593,18289,10304,104506,86968,34403,194287,31490,58088,11105,785,173899,3880,165829,4190,170019,72193,47823,4688,1506,59553,121796,120564,13699
08,RAJASTHAN,109,Dausa,Urban,34770,32387,2149,22,97,22073,10889,240,455,986,26785,235,7750,25648,20997,4651,3716,4338,25635,24278,4328,24025,3434,934,28692,999,24064,3629,27693,12606,14283,1976,2350,3649,24973,9319,478
08,RAJASTHAN,110,Jaipur,Total,1145904,990085,145097,2017,4766,570997,483687,21651,9391,51367,694107,4391,447406,661375,582597,78778,170061,199415,636260,778545,323016,764302,182350,76565,974168,46724,799337,128107,927444,393025,523398,142866,141437,99654,728871,388308,28725
08,RAJASTHAN,110,Jaipur,Rural,502634,366237,129533,1258,2993,55944,390249,1062,6460,46729,110520,1866,390248,122245,88019,34226,152256,151331,118402,313716,74950,232197,24272,3352,399516,11160,369556,18800,388356,123508,155874,24766,8682,72733,267590,213976,21068
08,RAJASTHAN,110,Jaipur,Urban,643270,623848,15564,759,1773,515053,93438,20589,2931,4638,583587,2525,57158,539130,494578,44552,17805,48084,517858,464829,248066,532105,158078,73213,574652,35564,429781,109307,539088,269517,367524,118100,132755,26921,461281,174332,7657
08,RAJASTHAN,111,Sikar,Total,445713,339457,101732,531,1881,131342,299216,1327,1054,11281,222955,997,221761,248633,133335,115298,46870,101296,212651,305578,82757,218772,28382,5647,384989,13092,337713,34184,371897,76325,77340,22494,10754,46789,298991,135428,11294
08,RAJASTHAN,111,Sikar,Rural,347063,247244,96075,488,1386,60789,273574,428,872,10461,139420,823,206820,160119,66603,93516,45272,95978,133653,245069,66615,148362,17868,2684,298108,9524,264772,23812,288584,46295,50458,16954,4774,39432,228480,108895,9688
08,RAJASTHAN,111,Sikar,Urban,98650,92213,5657,43,495,70553,25642,899,182,820,83535,174,14941,88514,66732,21782,1598,5318,78998,60509,16142,70410,10514,2963,86881,3568,72941,10372,83313,30030,26882,5540,5980,7357,70511,26533,1606
08,RAJASTHAN,112,Nagaur,Total,583941,347344,226516,3414,4335,97267,448338,1940,14450,19404,209311,2495,372135,237329,157375,79954,21030,44579,166213,358861,105371,184518,35328,4449,465022,11735,426132,27155,453287,90046,94315,26150,9194,96180,294532,256445,32964
08,RAJASTHAN,112,Nagaur,Rural,483188,256703,217683,3247,3657,36107,413974,653,12609,17955,128123,1858,353207,161696,93525,68171,20423,42801,99590,304005,86235,119784,25775,1996,379825,8206,353896,17723,371619,60292,62829,20580,4055,86380,228453,224193,30542
08,RAJASTHAN,112,Nagaur,Urban,100753,90641,8833,167,678,61160,34364,1287,1841,1449,81188,637,18928,75633,63850,11783,607,1778,66623,54856,19136,64734,9553,2453,85197,3529,72236,9432,81668,29754,31486,5570,5139,9800,66079,32252,2422
08,RAJASTHAN,113,Jodhpur,Total,626578,408808,201205,5008,7632,197135,384416,9064,16968,15893,248676,4219,373683,305339,261284,44055,22899,85467,245426,386510,185426,246002,54808,19335,491165,20401,428590,42174,470764,193641,197296,40768,35071,92168,341835,259497,25246
08,RAJASTHAN,113,Jodhpur,Rural,413367,205879,192879,4874,6385,27487,353025,803,15995,14862,56566,2347,354454,105369,69031,36338,22313,82532,63681,239540,97232,78605,14899,1504,308397,5986,292871,9540,302411,86228,74852,15773,2392,81062,187348,204439,21580
08,RAJASTHAN,113,Jodhpur,Urban,213211,202929,8326,134,1247,169648,31391,8261,973,1031,192110,1872,19229,199970,192253,7717,586,2935,181745,146970,88194,167397,39909,17831,182768,14415,135719,32634,168353,107413,122444,24995,32679,11106,154487,55058,3666
08,RAJASTHAN,114,Jaisalmer,Total,113399,43141,59091,4342,5148,12431,94133,451,2606,3197,26456,1314,85629,27456,17242,10214,6925,15114,15653,78349,19605,19388,7416,754,81102,1417,75669,4016,79685,11291,11355,5218,1426,27894,48759,61244,3396
08,RAJASTHAN,114,Jaisalmer,Rural,98284,31491,55812,4313,5027,3480,88995,202,2566,2642,16401,1204,80679,15028,7218,7810,6920,15082,5922,67929,16600,10357,5514,203,68945,782,66148,2015,68163,7355,6486,4155,337,25752,40002,55138,3144
08,RAJASTHAN,114,Jaisalmer,Urban,15115,11650,3279,29,121,8951,5138,249,40,555,10055,110,4950,12428,10024,2404,5,32,9731,10420,3005,9031,1902,551,12157,635,9521,2001,11522,3936,4869,1063,1089,2142,8757,6106,252
08,RAJASTHAN,115,Barmer,Total,447776,126494,274975,18628,23432,39580,380716,1617,2796,20381,66597,2110,379069,95785,69772,26013,11963,54551,56954,304821,69144,52926,37730,2766,299183,7606,278070,13507,291577,47366,39804,27009,5298,129174,168773,256201,22802
08,RAJASTHAN,115,Barmer,Rural,416017,97427,272873,18579,23012,16532,374159,848,2700,19660,40307,1962,373748,71124,47293,23831,11538,54330,34247,282759,62768,31094,32777,1324,271502,6045,257105,8352,265457,34758,25187,24140,2107,126833,147016,246982,22019
08,RAJASTHAN,115,Barmer,Urban,31759,29067,2102,49,420,23048,6557,769,96,721,26290,148,5321,24661,22479,2182,425,221,22707,22062,6376,21832,4953,1442,27681,1561,20965,5155,26120,12608,14617,2869,3191,2341,21757,9219,783
08,RAJASTHAN,116,Jalor,Total,329516,161845,149702,4364,10116,39745,278341,1553,1094,7311,51153,1395,276968,136516,91144,45372,6727,58639,116788,220114,41923,54245,12794,1585,237522,5259,223035,9228,232263,37596,34799,12367,2410,79468,135784,167372,26360
08,RAJASTHAN,116,Jalor,Rural,302242,138772,146567,4325,9578,24034,268198,723,1012,7090,34269,966,267007,111862,68488,43374,6487,58530,94484,203403,38644,39630,10393,886,215815,4276,204355,7184,211539,30541,26236,10634,1055,75505,119565,157406,25271
08,RAJASTHAN,116,Jalor,Urban,27274,23073,3135,39,538,15711,10143,830,82,221,16884,429,9961,24654,22656,1998,240,109,22304,16711,3279,14615,2401,699,21707,983,18680,2044,20724,7055,8563,1733,1355,3963,16219,9966,1089
08,RAJASTHAN,117,Sirohi,Total,202260,134089,65867,376,1028,47182,144971,3630,319,4760,54218,908,147134,81766,61929,19837,67355,12864,75510,141896,22809,65197,10297,2146,125006,4338,111563,9105,120668,52893,38817,6343,4483,59273,97376,92917,11967
08,RAJASTHAN,117,Sirohi,Rural,161080,96163,63011,349,885,20086,133655,1861,253,4522,26145,480,134455,49326,34627,14699,61789,11237,46465,110488,17571,36644,5344,648,91979,2835,84516,4628,89144,37151,23146,3566,1157,54707,68026,81862,11192
08,RAJASTHAN,117,Sirohi,Urban,41180,37926,2856,27,143,27096,11316,1769,66,238,28073,428,12679,32440,27302,5138,5566,1627,29045,31408,5238,28553,4953,1498,33027,1503,27047,4477,31524,15742,15671,2777,3326,4566,29350,11055,775
08,RAJASTHAN,118,Pali,Total,428992,326793,95069,977,3446,94821,321336,4334,632,4500,124303,5859,298830,197827,152231,45596,79541,17013,150135,314877,75807,154761,19270,4043,316935,15232,273115,28588,301703,175945,109098,14175,8336,72785,208198,200138,20656
08,RAJASTHAN,118,Pali,Rural,341833,246678,89076,943,2881,39989,295032,1023,433,3763,64035,4462,273336,122995,82997,39998,74957,15949,85538,259488,58478,97256,10805,1288,245052,11285,215016,18751,233767,129472,74744,8960,2617,65855,152116,171213,18504
08,RAJASTHAN,118,Pali,Urban,87159,80115,5993,34,565,54832,26304,3311,199,737,60268,1397,25494,74832,69234,5598,4584,1064,64597,55389,17329,57505,8465,2755,71883,3947,58099,9837,67936,46473,34354,5215,5719,6930,56082,28925,2152
08,RAJASTHAN,119,Ajmer,Total,483931,393498,85304,794,1913,171799,295045,6120,2723,5004,204571,5915,273445,247504,229336,18168,136029,12999,194127,370234,93013,250461,41732,13499,363250,14510,307831,40909,348740,187324,175460,24509,29286,70203,271830,200026,12075
08,RAJASTHAN,119,Ajmer,Rural,294870,210235,80512,679,1445,25140,261379,959,1428,4153,41519,1485,251866,78235,65887,12348,124122,11119,35190,234887,45995,94593,9232,1311,200465,4823,187199,8443,195642,104150,73767,6487,2725,60899,137572,147256,10042
08,RAJASTHAN,119,Ajmer,Urban,189061,183263,4792,115,468,146659,33666,5161,1295,851,163052,4430,21579,169269,163449,5820,11907,1880,158937,135347,47018,155868,32500,12188,162785,9687,120632,32466,153098,83174,101693,18022,26561,9304,134258,52770,2033
08,RAJASTHAN,120,Tonk,Total,267840,158264,106247,1067,1013,32359,192842,1291,9860,30503,49974,1304,216562,58786,50045,8741,158898,10771,54174,177680,30323,83447,12482,1908,189703,6275,172900,10528,183428,93547,68174,6295,4140,51620,127061,135322,5457
08,RAJASTHAN,120,Tonk,Rural,214114,109207,102221,997,742,7815,167209,241,9301,28908,14696,657,198761,17672,12475,5197,150250,9298,18158,147717,22944,48884,7458,553,149799,4260,139890,5649,145539,68844,48979,3717,1224,45611,94154,115838,4122
08,RAJASTHAN,120,Tonk,Urban,53726,49057,4026,70,271,24544,25633,1050,559,1595,35278,647,17801,41114,37570,3544,8648,1473,36016,29963,7379,34563,5024,1355,39904,2015,33010,4879,37889,24703,19195,2578,2916,6009,32907,19484,1335
08,RAJASTHAN,121,Bundi,Total,220071,136969,79843,374,1570,33406,151485,1787,20742,11549,42082,1283,176706,51021,43761,7260,117926,34631,60819,162474,26257,78692,7705,1392,143433,4429,131153,7851,139004,86810,58255,5787,3132,46785,99115,114155,6801
08,RAJASTHAN,121,Bundi,Rural,177525,98868,75839,349,1352,10562,134868,338,20059,10913,14773,360,162392,17966,12930,5036,112113,32748,29548,134813,20232,49081,4205,449,109843,2913,103234,3696,106930,69034,41661,3342,835,42431,71697,99861,5967
08,RAJASTHAN,121,Bundi,Urban,42546,38101,4004,25,218,22844,16617,1449,683,636,27309,923,14314,33055,30831,2224,5813,1883,31271,27661,6025,29611,3500,943,33590,1516,27919,4155,32074,17776,16594,2445,2297,4354,27418,14294,834
08,RAJASTHAN,122,Bhilwara,Total,493597,373644,111565,458,2681,93768,382738,5346,1373,7862,115740,5103,372754,183367,148848,34519,181778,37066,134845,353525,52508,175393,24014,6207,341043,11686,301587,27770,329357,212245,150972,17508,13309,93153,229390,248725,15482
08,RAJASTHAN,122,Bhilwara,Rural,394235,280313,106556,385,2328,26627,356027,1543,1216,7070,41489,3011,349735,105104,74752,30352,168975,32330,68971,282452,40834,100996,10622,1267,255237,7998,233493,13746,247239,164964,99344,7635,2715,87066,161225,218844,14166
08,RAJASTHAN,122,Bhilwara,Urban,99362,93331,5009,73,353,67141,26711,3803,157,792,74251,2092,23019,78263,74096,4167,12803,4736,65874,71073,11674,74397,13392,4940,85806,3688,68094,14024,82118,47281,51628,9873,10594,6087,68165,29881,1316
08,RAJASTHAN,123,Rajsamand,Total,245488,193276,47698,428,1436,36073,202529,1978,649,3423,49135,1670,194683,86777,62974,23803,97370,8412,70203,198077,25325,80267,9222,1989,168164,4505,154105,9554,163659,65503,62714,7060,4460,57026,110714,125613,9161
08,RAJASTHAN,123,Rajsamand,Rural,209743,159579,46072,419,1340,13678,190903,908,539,3158,23612,1220,184911,59346,36195,23151,92086,7207,44420,170181,19972,53743,5095,604,138030,3360,129486,5184,134670,54792,45003,3941,1293,54051,86376,114571,8796
08,RAJASTHAN,123,Rajsamand,Urban,35745,33697,1626,9,96,22395,11626,1070,110,265,25523,450,9772,27431,26779,652,5284,1205,25783,27896,5353,26524,4127,1385,30134,1145,24619,4370,28989,10711,17711,3119,3167,2975,24338,11042,365
08,RAJASTHAN,124,Dungarpur,Total,283556,141275,139540,511,1507,26351,245934,3218,1736,4733,38043,1230,244283,44442,31855,12587,163758,21374,52248,240875,15969,46510,11742,1477,115373,2783,105158,7432,112590,18435,34909,4385,3252,152132,97521,169233,16802
08,RAJASTHAN,124,Dungarpur,Rural,264893,123851,138402,502,1446,15118,240182,1779,1723,4620,24214,956,239723,31919,21318,10601,160392,18798,39164,228229,13980,33710,9051,647,100576,2013,94032,4531,98563,15600,26834,2907,1376,149478,84030,164453,16410
08,RAJASTHAN,124,Dungarpur,Urban,18663,17424,1138,9,61,11233,5752,1439,13,113,13829,274,4560,12523,10537,1986,3366,2576,13084,12646,1989,12800,2691,830,14797,770,11126,2901,14027,2835,8075,1478,1876,2654,13491,4780,392
08,RAJASTHAN,125,Banswara,Total,366059,120603,238909,3024,2373,34189,290701,3065,4207,30752,45574,1568,318917,38137,32137,6000,247431,13454,56756,260891,23743,48693,15062,2324,108760,2982,96893,8885,105778,39865,45930,5287,4888,223758,95430,239075,31554
08,RAJASTHAN,125,Banswara,Rural,339174,95360,237481,3017,2213,16089,283894,1452,4164,30587,23384,1308,314482,20168,15060,5108,243613,8861,35531,241793,19727,28527,11045,858,86921,1905,80638,4378,85016,33914,31888,2933,1623,220839,75487,232748,30939
08,RAJASTHAN,125,Banswara,Urban,26885,25243,1428,7,160,18100,6807,1613,43,165,22190,260,4435,17969,17077,892,3818,4593,21225,19098,4016,20166,4017,1466,21839,1077,16255,4507,20762,5951,14042,2354,3265,2919,19943,6327,615
08,RAJASTHAN,126,Chittaurgarh,Total,326449,268172,53770,285,1305,59190,253019,3426,1114,8161,67820,5821,252808,136583,97272,39311,115979,54549,96673,238499,39709,119801,16560,4941,223599,6835,199003,17761,216764,173375,103489,11261,9661,54293,152830,162903,10716
08,RAJASTHAN,126,Chittaurgarh,Rural,268363,212650,51630,253,1200,20738,237530,863,992,7296,25697,2512,240154,88466,54283,34183,113349,48837,56141,198335,29383,76542,7176,1034,174634,4582,161776,8276,170052,145774,75562,5191,2218,50026,111349,147361,9653
08,RAJASTHAN,126,Chittaurgarh,Urban,58086,55522,2140,32,105,38452,15489,2563,122,865,42123,3309,12654,48117,42989,5128,2630,5712,40532,40164,10326,43259,9384,3907,48965,2253,37227,9485,46712,27601,27927,6070,7443,4267,41481,15542,1063
08,RAJASTHAN,127,Kota,Total,379825,339899,36100,245,1500,165563,146991,12376,42526,6780,195286,7481,177058,225351,205599,19752,111916,32662,220850,252633,56930,236764,36297,12843,283909,11234,245637,27038,272675,150716,147206,24848,25780,49644,234592,136692,8541
08,RAJASTHAN,127,Kota,Rural,149275,116840,30687,170,741,12597,94337,739,36200,4591,18290,864,130121,39592,26919,12673,85442,19126,33409,104853,17106,64371,5246,749,99343,2901,92744,3698,96442,45529,41519,3681,1507,31761,76025,69137,4113
08,RAJASTHAN,127,Kota,Urban,230550,223059,5413,75,759,152966,52654,11637,6326,2189,176996,6617,46937,185759,178680,7079,26474,13536,187441,147780,39824,172393,31051,12094,184566,8333,152893,23340,176233,105187,105687,21167,24273,17883,158567,67555,4428
08,RAJASTHAN,128,Baran,Total,240321,161310,74850,874,1380,32685,142355,2446,52386,9287,42258,3194,194869,57191,41299,15892,107159,51719,60902,170217,22480,88344,9491,1363,150412,4185,140980,5247,146227,61129,59954,5741,3107,63082,119250,114213,6858
08,RAJASTHAN,128,Baran,Rural,191575,117570,70486,842,1025,9196,123794,608,49520,7644,14343,1442,175790,22961,13455,9506,100028,46102,29578,142032,18869,57565,5990,492,112851,3022,107064,2765,109829,46934,43234,3394,960,56244,88470,97207,5898
08,RAJASTHAN,128,Baran,Urban,48746,43740,4364,32,355,23489,18561,1838,2866,1643,27915,1752,19079,34230,27844,6386,7131,5617,31324,28185,3611,30779,3501,871,37561,1163,33916,2482,36398,14195,16720,2347,2147,6838,30780,17006,960
08,RAJASTHAN,129,Jhalawar,Total,282208,220428,58332,208,1013,38909,216420,3194,13592,8712,46984,5097,230127,75401,64085,11316,111962,19447,49703,176591,29902,96225,9403,1750,167020,5026,152800,9194,161994,81160,56052,5385,3516,79588,115898,155174,11136
08,RAJASTHAN,129,Jhalawar,Rural,237475,178869,55906,176,924,12131,202010,934,13114,8226,17062,2703,217710,44477,34343,10134,106425,17375,19614,149814,24451,65613,5742,712,132782,3657,124366,4759,129125,67647,40919,2966,1101,74023,85520,141739,10216
08,RAJASTHAN,129,Jhalawar,Urban,44733,41559,2426,32,89,26778,14410,2260,478,486,29922,2394,12417,30924,29742,1182,5537,2072,30089,26777,5451,30612,3661,1038,34238,1369,28434,4435,32869,13513,15133,2419,2415,5565,30378,13435,920
08,RAJASTHAN,130,Udaipur,Total,617921,357846,244261,7685,3264,128320,469570,6691,1866,8816,150738,4828,462355,150942,131360,19582,258401,45044,161112,378407,86643,180282,48517,14211,330546,13523,284548,32475,317023,145780,157259,27979,27786,226612,272605,325160,20156
08,RAJASTHAN,130,Udaipur,Rural,496777,240599,241010,7633,2942,32673,450631,1951,1624,8054,46354,2016,448407,58647,44258,14389,248747,28187,59451,282292,48657,79795,20717,1855,224407,6011,209428,8968,218396,102749,77028,7890,3751,220341,179546,298515,18716
08,RAJASTHAN,130,Udaipur,Urban,121144,117247,3251,52,322,95647,18939,4740,242,762,104384,2812,13948,92295,87102,5193,9654,16857,101661,96115,37986,100487,27800,12356,106139,7512,75120,23507,98627,43031,80231,20089,24035,6271,93059,26645,1440
08,RAJASTHAN,131,Pratapgarh,Total,178046,71612,103599,1368,806,17984,150725,946,822,6825,20284,2180,155582,23928,16803,7125,91152,13099,21922,103738,20596,37216,5961,716,78345,2318,72023,4004,76027,62048,31782,2803,1433,70758,67010,106777,4259
08,RAJASTHAN,131,Pratapgarh,Rural,163574,57959,102866,1360,791,8088,147124,389,802,6677,10132,694,152748,13442,7261,6181,88785,12169,12448,93899,18515,26470,4656,339,66325,1919,61943,2463,64406,56056,25321,1861,530,69559,56216,103303,4055
08,RAJASTHAN,131,Pratapgarh,Urban,14472,13653,733,8,15,9896,3601,557,20,148,10152,1486,2834,10486,9542,944,2367,930,9474,9839,2081,10746,1305,377,12020,399,10080,1541,11621,5992,6461,942,903,1199,10794,3474,204
09,UTTAR PRADESH,132,Saharanpur,Total,588976,404499,178691,1479,1326,149035,273054,3586,141584,18642,343084,6146,239746,190539,153126,37413,378463,9937,408736,373207,116358,294410,38816,9699,419470,16788,386772,15910,402682,365960,151620,21310,17404,63424,303317,256824,28835
09,UTTAR PRADESH,132,Saharanpur,Rural,404600,238023,163317,928,707,37923,220896,652,127229,16068,173416,3827,227357,76245,52301,23944,315075,6000,241528,268494,91145,172096,17303,2755,274391,9323,258901,6167,265068,267356,89961,9642,4143,48686,193300,188116,23184
09,UTTAR PRADESH,132,Saharanpur,Urban,184376,166476,15374,551,619,111112,52158,2934,14355,2574,169668,2319,12389,114294,100825,13469,63388,3937,167208,104713,25213,122314,21513,6944,145079,7465,127871,9743,137614,98604,61659,11668,13261,14738,110017,68708,5651
09,UTTAR PRADESH,133,Muzaffarnagar,Total,681387,368153,301293,2002,1685,147785,135999,4460,356161,32843,449383,7808,224196,203329,163175,40154,444374,21322,478281,445657,152598,331760,56149,10077,512592,26827,467994,17771,485765,377807,145278,32866,19878,77727,331104,321710,28573
09,UTTAR PRADESH,133,Muzaffarnagar,Rural,481057,206251,267445,1560,721,45433,102236,1668,303461,25681,263896,5661,211500,92805,64962,27843,368183,11485,302668,322786,120385,213526,30898,3677,353911,17426,328810,7675,336485,279399,90606,19357,7008,57242,217280,241644,22133
09,UTTAR PRADESH,133,Muzaffarnagar,Urban,200330,161902,33848,442,964,102352,33763,2792,52700,7162,185487,2147,12696,110524,98213,12311,76191,9837,175613,122871,32213,118234,25251,6400,158681,9401,139184,10096,149280,98408,54672,13509,12870,20485,113824,80066,6440
09,UTTAR PRADESH,134,Bijnor,Total,628808,268353,352866,1884,968,128042,364527,2256,58867,70530,380737,6295,241776,226734,160964,65770,383048,9808,442905,463562,119245,260312,37341,7303,445114,18248,414342,12524,426866,378636,131278,17143,11084,80338,281725,315726,31357
09,UTTAR PRADESH,134,Bijnor,Rural,476873,155714,315132,1657,698,49070,304928,946,53107,65374,240417,4348,232108,145644,95371,50273,320535,4221,315120,371030,94594,183175,23888,3802,328804,12768,308343,7693,316036,306558,98073,11116,5409,60925,199499,250908,26466
09,UTTAR PRADESH,134,Bijnor,Urban,151935,112639,37734,227,270,78972,59599,1310,5760,5156,140320,1947,9668,81090,65593,15497,62513,5587,127785,92532,24651,77137,13453,3501,116310,5480,105999,4831,110830,72078,33205,6027,5675,19413,82226,64818,4891
09,UTTAR PRADESH,135,Moradabad,Total,784739,281758,481235,5852,2258,179473,247644,10158,286699,54537,496107,10734,277898,266687,206286,60401,498602,10544,650922,517617,133640,283005,61846,11690,504670,23837,465306,15527,480833,399563,148802,19316,18797,136611,292496,452554,39689
09,UTTAR PRADESH,135,Moradabad,Rural,520831,74706,429581,5225,946,28175,186859,641,255390,47698,248974,6297,265560,139138,100277,38861,374094,1211,406058,362858,103087,124326,30613,2378,317509,13000,298925,5584,304509,286028,78650,7458,3406,100245,159020,330631,31180
09,UTTAR PRADESH,135,Moradabad,Urban,263908,207052,51654,627,1312,151298,60785,9517,31309,6839,247133,4437,12338,127549,106009,21540,124508,9333,244864,154759,30553,158679,31233,9312,187161,10837,166381,9943,176324,113535,70152,11858,15391,36366,133476,121923,8509
09,UTTAR PRADESH,136,Rampur,Total,393441,131112,255072,2444,655,62281,208177,4046,86867,29465,260618,4440,128383,145801,99263,46538,239303,3358,341262,258794,94941,134249,25960,3847,253787,15035,232709,6043,238752,247366,73261,14386,6956,51352,133029,238454,21958
09,UTTAR PRADESH,136,Rampur,Rural,291440,51555,234232,2321,342,16259,165749,823,80895,26037,164453,3395,123592,101851,62767,39084,184286,1180,244534,207102,73469,74429,18096,1782,185046,11042,170244,3760,174004,189132,49471,9950,3069,38699,84463,189011,17966
09,UTTAR PRADESH,136,Rampur,Urban,102001,79557,20840,123,313,46022,42428,3223,5972,3428,96165,1045,4791,43950,36496,7454,55017,2178,96728,51692,21472,59820,7864,2065,68741,3993,62465,2283,64748,58234,23790,4436,3887,12653,48566,49443,3992
09,UTTAR PRADESH,137,Jyotiba Phule Nagar,Total,312836,89329,217330,3270,423,55064,114873,877,125212,15183,166582,3755,142499,97536,68314,29222,205417,4824,250627,228990,60499,101804,18303,2825,206663,7487,194951,4225,199176,167023,63056,7361,4256,50887,114384,181594,16858
09,UTTAR PRADESH,137,Jyotiba Phule Nagar,Rural,234453,30041,199410,3131,131,16662,83368,457,119737,13239,94465,2713,137275,64328,41801,22527,164571,2212,178818,187264,50996,63709,11328,1261,152688,5010,145237,2441,147678,135509,48420,4659,1915,37805,78818,141877,13758
09,UTTAR PRADESH,137,Jyotiba Phule Nagar,Urban,78383,59288,17920,139,292,38402,31505,420,5475,1944,72117,1042,5224,33208,26513,6695,40846,2612,71809,41726,9503,38095,6975,1564,53975,2477,49714,1784,51498,31514,14636,2702,2341,13082,35566,39717,3100
09,UTTAR PRADESH,138,Meerut,Total,568745,425624,134793,1419,2142,236071,73166,6191,234553,14720,421643,9027,138075,248730,210527,38203,279039,32332,470187,388224,131511,354359,69473,23717,440962,28088,382571,30303,412874,331961,186553,42392,41567,48025,309854,241655,17236
09,UTTAR PRADESH,138,Meerut,Rural,268299,152588,112389,676,581,39072,38576,649,179067,9640,142479,4089,121731,57407,42835,14572,200036,6205,198140,191721,67275,131022,17543,2701,194437,9376,179252,5809,185061,161862,64207,9748,4517,30205,123518,133859,10922
09,UTTAR PRADESH,138,Meerut,Urban,300446,273036,22404,743,1561,196999,34590,5542,55486,5080,279164,4938,16344,191323,167692,23631,79003,26127,272047,196503,64236,223337,51930,21016,246525,18712,203319,24494,227813,170099,122346,32644,37050,17820,186336,107796,6314
09,UTTAR PRADESH,139,Baghpat,Total,207090,119121,84780,592,470,44732,20127,662,129691,10513,134051,2060,70979,51339,36061,15278,134890,15575,96715,148047,75783,111663,19999,2989,155781,11161,139547,5073,144620,114603,42998,13301,6646,20949,94760,105688,6642
09,UTTAR PRADESH,139,Baghpat,Rural,162811,83031,77373,519,282,23556,15762,464,115445,6645,95767,1619,65425,27118,17685,9433,121343,10254,66411,118889,62661,83794,12202,1515,120054,7648,109050,3356,112406,94114,32994,8088,3231,17025,72452,85110,5249
09,UTTAR PRADESH,139,Baghpat,Urban,44279,36090,7407,73,188,21176,4365,198,14246,3868,38284,441,5554,24221,18376,5845,13547,5321,30304,29158,13122,27869,7797,1474,35727,3513,30497,1717,32214,20489,10004,5213,3415,3924,22308,20578,1393
09,UTTAR PRADESH,140,Ghaziabad,Total,829843,695130,116817,2220,3567,501592,75250,7022,206378,29881,701900,5644,122299,347916,300254,47662,349500,112059,679606,570969,218210,592753,179552,78116,700485,62944,577047,60494,637541,409265,292502,119441,117483,48024,487659,323130,19054
09,UTTAR PRADESH,140,Ghaziabad,Rural,242727,156476,83288,522,610,44679,36830,1315,144652,13455,145152,2340,95235,46743,35896,10847,186034,5994,192942,165097,65885,129853,21103,3198,183504,12250,165389,5865,171254,144855,65822,15305,6814,22562,110989,123009,8729
09,UTTAR PRADESH,140,Ghaziabad,Urban,587116,538654,33529,1698,2957,456913,38420,5707,61726,16426,556748,3304,27064,301173,264358,36815,163466,106065,486664,405872,152325,462900,158449,74918,516981,50694,411658,54629,466287,264410,226680,104136,110669,25462,376670,200121,10325
09,UTTAR PRADESH,141,Gautam Buddha Nagar,Total,316278,257586,54675,470,745,193902,26279,2969,82614,7644,245877,6982,63419,171326,147027,24299,96220,40945,266838,237030,121832,232925,87188,53181,278982,24713,219976,34293,254269,128362,124939,78631,66759,15012,206612,104466,5200
09,UTTAR PRADESH,141,Gautam Buddha Nagar,Rural,109179,62298,44777,328,362,21966,13129,720,68059,4289,56392,1395,51392,42020,33846,8174,60232,4564,85801,80874,32419,67006,13102,4661,91709,5509,81723,4477,86200,54649,42770,15852,7170,7626,60408,46174,2597
09,UTTAR PRADESH,141,Gautam Buddha Nagar,Urban,207099,195288,9898,142,383,171936,13150,2249,14555,3355,189485,5587,12027,129306,113181,16125,35988,36381,181037,156156,89413,165919,74086,48520,187273,19204,138253,29816,168069,73713,82169,62779,59589,7386,146204,58292,2603
09,UTTAR PRADESH,142,Bulandshahr,Total,582676,223922,352339,1404,1097,124641,149044,1850,279517,25296,257848,5676,319152,152581,113851,38730,411183,10659,450820,369615,141619,254050,38225,7865,410624,17102,381418,12104,393522,321044,136765,20979,13231,80116,250516,309434,22726
09,UTTAR PRADESH,142,Bulandshahr,Rural,438742,113132,320545,1226,624,42639,117450,585,255001,21509,135518,3976,299248,91926,64571,27355,338451,2537,322241,285589,117457,167426,20475,2869,302382,11121,285049,6212,291261,256377,95205,12093,4334,62268,172868,247141,18733
09,UTTAR PRADESH,142,Bulandshahr,Urban,143934,110790,31794,178,473,82002,31594,1265,24516,3787,122330,1700,19904,60655,49280,11375,72732,8122,128579,84026,24162,86624,17750,4996,108242,5981,96369,5892,102261,64667,41560,8886,8897,17848,77648,62293,3993
09,UTTAR PRADESH,143,Aligarh,Total,604612,268120,328000,2262,2571,153283,195466,4467,206776,40710,254141,7821,342650,168309,131932,36377,376782,49598,374047,387302,96490,262098,58336,13634,445913,24398,407346,14169,421515,364661,151973,21667,23011,69188,267481,314379,22752
09,UTTAR PRADESH,143,Aligarh,Rural,406432,107935,293301,1752,1182,34625,145169,573,189096,35529,86965,3995,315472,84895,63530,21365,309111,6460,226025,271461,72878,131179,26478,2993,292354,12091,274537,5726,280263,251845,83663,8221,4870,51302,158705,230295,17432
09,UTTAR PRADESH,143,Aligarh,Urban,198180,160185,34699,510,1389,118658,50297,3894,17680,5181,167176,3826,27178,83414,68402,15012,67671,43138,148022,115841,23612,130919,31858,10641,153559,12307,132809,8443,141252,112816,68310,13446,18141,17886,108776,84084,5320
09,UTTAR PRADESH,144,Mahamaya Nagar,Total,259914,134579,121941,983,1090,48911,116782,826,60730,31068,73875,3786,182253,54051,41158,12893,182935,18085,119759,168138,37236,121618,18621,3087,187223,9169,173221,4833,178054,175072,61172,6691,5313,26763,111073,138443,10398
09,UTTAR PRADESH,144,Mahamaya Nagar,Rural,204968,88362,114070,862,771,17694,99000,363,57240,29503,33902,2655,168411,33521,24440,9081,159466,8173,78925,134238,28911,83503,13415,1665,145393,7324,134991,3078,138069,145332,45453,4395,2651,21139,83352,112955,8661
09,UTTAR PRADESH,144,Mahamaya Nagar,Urban,54946,46217,7871,121,319,31217,17782,463,3490,1565,39973,1131,13842,20530,16718,3812,23469,9912,40834,33900,8325,38115,5206,1422,41830,1845,38230,1755,39985,29740,15719,2296,2662,5624,27721,25488,1737
09,UTTAR PRADESH,145,Mathura,Total,410783,281239,125175,1331,1504,107867,182424,2316,76872,39276,154472,6035,250276,119348,87319,32029,202487,44350,193876,290862,56649,221574,37596,8726,318989,16178,287981,14830,302811,212964,124260,16580,16520,40394,192837,203560,14386
09,UTTAR PRADESH,145,Mathura,Rural,290944,170339,117532,1023,934,31481,157924,582,63584,36400,57115,3776,230053,58412,35593,22819,174514,17251,104723,207575,41761,131137,20023,2917,220196,9870,203789,6537,210326,162978,82004,7636,5856,31230,124269,155038,11637
09,UTTAR PRADESH,145,Mathura,Urban,119839,110900,7643,308,570,76386,24500,1734,13288,2876,97357,2259,20223,60936,51726,9210,27973,27099,89153,83287,14888,90437,17573,5809,98793,6308,84192,8293,92485,49986,42256,8944,10664,9164,68568,48522,2749
09,UTTAR PRADESH,146,Agra,Total,672610,536402,128486,1722,2311,251013,242422,3975,102673,66627,311695,14523,346392,224180,191304,32876,320992,96515,307051,440213,93565,433913,82012,27183,520896,36134,458049,26713,484762,444212,243761,44989,47935,44844,340139,310869,21602
09,UTTAR PRADESH,146,Agra,Rural,367102,249186,114293,830,796,31775,186031,528,85501,61514,61079,3815,302208,38317,25671,12646,262314,42809,83822,233287,38460,174203,24978,3167,269840,12569,251992,5279,257271,262732,98061,9352,6550,32045,157199,194015,15888
09,UTTAR PRADESH,146,Agra,Urban,305508,287216,14193,892,1515,219238,56391,3447,17172,5113,250616,10708,44184,185863,165633,20230,58678,53706,223229,206926,55105,259710,57034,24016,251056,23565,206057,21434,227491,181480,145700,35637,41385,12799,182940,116854,5714
09,UTTAR PRADESH,147,Firozabad,Total,412147,196080,209517,1308,1997,100919,185202,1571,89185,29573,146593,4608,260946,102602,74530,28072,236900,62870,137810,209081,42868,169583,31797,5834,283190,14099,262500,6591,269091,278168,85413,10940,8367,44787,158650,229770,23727
09,UTTAR PRADESH,147,Firozabad,Rural,271428,79452,188311,851,815,17998,144010,382,82410,25292,31039,2416,237973,36298,25487,10811,220740,8911,55910,140552,28719,76656,15793,1531,181932,6785,171913,3234,175147,200695,50483,4942,2146,29159,96826,156453,18149
09,UTTAR PRADESH,147,Firozabad,Urban,140719,116628,21206,457,1182,82921,41192,1189,6775,4281,115554,2192,22973,66304,49043,17261,16160,53959,81900,68529,14149,92927,16004,4303,101258,7314,90587,3357,93944,77473,34930,5998,6221,15628,61824,73317,5578
09,UTTAR PRADESH,148,Mainpuri,Total,311184,79022,228222,1527,577,43074,151589,1220,78895,35213,72089,3284,235811,63151,48693,14458,238729,4252,128576,207046,49983,76780,24451,2642,209597,9035,196084,4478,200562,216358,53444,7361,4061,37374,128890,160494,21800
09,UTTAR PRADESH,148,Mainpuri,Rural,262409,43084,216063,1458,314,15330,134512,255,77517,33941,35295,2892,224222,43872,33357,10515,213299,903,92743,173703,43487,48426,18974,1400,172799,7116,162519,3164,165683,188817,39143,4427,1737,31570,102569,140199,19641
09,UTTAR PRADESH,148,Mainpuri,Urban,48775,35938,12159,69,263,27744,17077,965,1378,1272,36794,392,11589,19279,15336,3943,25430,3349,35833,33343,6496,28354,5477,1242,36798,1919,33565,1314,34879,27541,14301,2934,2324,5804,26321,20295,2159
09,UTTAR PRADESH,149,Budaun,Total,610904,110177,494876,1514,997,62863,189080,2839,285563,68373,190341,6677,413886,123199,80913,42286,477070,3664,433935,289955,125198,130433,30423,3634,354565,12391,334481,7693,342174,303758,69930,9654,4610,141197,179187,384384,47333
09,UTTAR PRADESH,149,Budaun,Rural,501193,45865,450430,1390,670,19316,147293,622,271195,61148,105352,5171,390670,80404,57919,22485,414529,1091,339399,233191,107735,79820,23296,2036,281648,9479,266910,5259,272169,256732,49044,6058,2122,120379,133213,327604,40376
09,UTTAR PRADESH,149,Budaun,Urban,109711,64312,44446,124,327,43547,41787,2217,14368,7225,84989,1506,23216,42795,22994,19801,62541,2573,94536,56764,17463,50613,7127,1598,72917,2912,67571,2434,70005,47026,20886,3596,2488,20818,45974,56780,6957
09,UTTAR PRADESH,150,Bareilly,Total,746222,272830,462288,3879,1723,210687,251402,4192,229991,46218,462993,9920,273309,323722,235437,88285,406530,7796,646459,491451,192343,300504,56575,15164,481724,26144,439045,16535,455580,456654,159838,24436,23779,105073,273270,425574,47378
09,UTTAR PRADESH,150,Bareilly,Rural,475575,68497,399419,3465,404,36831,188004,932,208894,38837,213134,7103,255338,187261,120418,66843,281934,642,389916,329647,122103,127002,22284,2972,280033,11584,262135,6314,268449,304307,69873,7560,3302,77495,139584,299437,36554
09,UTTAR PRADESH,150,Bareilly,Urban,270647,204333,62869,414,1319,173856,63398,3260,21097,7381,249859,2817,17971,136461,115019,21442,124596,7154,256543,161804,70240,173502,34291,12192,201691,14560,176910,10221,187131,152347,89965,16876,20477,27578,133686,126137,10824
09,UTTAR PRADESH,151,Pilibhit,Total,361470,83006,273222,2380,426,47723,217106,1462,70358,22398,162404,3739,195327,98099,63256,34843,258898,1041,298535,261004,70230,106945,18097,2870,205860,8642,192082,5136,197218,242225,55738,7560,3823,54725,112896,215768,32806
09,UTTAR PRADESH,151,Pilibhit,Rural,297601,41713,251341,2280,285,16280,190613,452,67292,20828,105704,3096,188801,73648,44426,29222,220437,605,238009,223220,57897,72516,13065,1326,164158,6133,154322,3703,158025,210152,40689,5079,1544,43915,83538,186647,27416
09,UTTAR PRADESH,151,Pilibhit,Urban,63869,41293,21881,100,141,31443,26493,1010,3066,1570,56700,643,6526,24451,18830,5621,38461,436,60526,37784,12333,34429,5032,1544,41702,2509,37760,1433,39193,32073,15049,2481,2279,10810,29358,29121,5390
09,UTTAR PRADESH,152,Shahjahanpur,Total,518201,115163,396645,1796,841,91958,187497,2563,205591,27619,198260,5191,314750,148086,104423,43663,356170,6034,368601,346362,122562,135885,27533,3889,288372,12078,268315,7979,276294,333199,73581,9927,5667,91479,153162,306767,58272
09,UTTAR PRADESH,152,Shahjahanpur,Rural,418787,48851,364626,1683,549,34030,157574,824,198670,25399,112907,4272,301608,118518,81244,37274,292477,1620,278996,289530,106430,80373,19250,1850,222384,8316,209084,4984,214068,276120,49875,6280,2248,76886,111250,257406,50131
09,UTTAR PRADESH,152,Shahjahanpur,Urban,99414,66312,32019,113,292,57928,29923,1739,6921,2220,85353,919,13142,29568,23179,6389,63693,4414,89605,56832,16132,55512,8283,2039,65988,3762,59231,2995,62226,57079,23706,3647,3419,14593,41912,49361,8141
09,UTTAR PRADESH,153,Kheri,Total,710036,122761,579441,4640,1033,86948,463019,1794,97749,57025,176324,5674,528038,202411,117721,84690,487046,7623,432949,567416,145438,141512,29252,3402,359457,11121,338710,9626,348336,486903,94806,11395,5035,124231,193045,439852,77139
09,UTTAR PRADESH,153,Kheri,Rural,630131,72547,550379,4569,674,43981,430784,881,96810,54681,115451,5140,509540,170212,91831,78381,445798,2378,364789,512593,131356,102058,23206,1800,306212,9197,290314,6701,297015,443503,75009,7922,2274,111408,156869,403240,70022
09,UTTAR PRADESH,153,Kheri,Urban,79905,50214,29062,71,359,42967,32235,913,939,2344,60873,534,18498,32199,25890,6309,41248,5245,68160,54823,14082,39454,6046,1602,53245,1924,48396,2925,51321,43400,19797,3473,2761,12823,36176,36612,7117
09,UTTAR PRADESH,154,Sitapur,Total,793861,102040,682137,6450,768,74072,561897,1630,74452,77823,145037,7103,641721,230288,157187,73101,514563,5546,350723,624484,205606,123246,34609,3874,369436,13992,346907,8537,355444,575384,88916,11679,4775,122849,225355,475142,93364
09,UTTAR PRADESH,154,Sitapur,Rural,710299,50626,650747,6287,560,31132,526068,933,73236,75395,84856,6184,619259,192664,125171,67493,474613,1160,284692,573076,181042,83585,27613,2120,313044,10985,296093,5966,302059,527595,67850,8105,1881,110933,184359,439710,86230
09,UTTAR PRADESH,154,Sitapur,Urban,83562,51414,31390,163,208,42940,35829,697,1216,2428,60181,919,22462,37624,32016,5608,39950,4386,66031,51408,24564,39661,6996,1754,56392,3007,50814,2571,53385,47789,21066,3574,2894,11916,40996,35432,7134
09,UTTAR PRADESH,155,Hardoi,Total,708721,95508,600911,8156,863,60689,366072,1434,224056,53958,173556,8579,526586,137163,95314,41849,534233,2003,361033,481873,191429,132969,32065,3845,387803,15357,362234,10212,372446,494925,82094,12396,4764,108184,223852,427517,57352
09,UTTAR PRADESH,155,Hardoi,Rural,619495,40517,567669,7992,399,21372,323891,767,220125,51422,107538,7341,504616,106862,69142,37720,478413,727,293437,425332,168454,89752,24512,1920,326239,11579,307753,6907,314660,442252,60978,8034,1674,95135,181926,386121,51448
09,UTTAR PRADESH,155,Hardoi,Urban,89226,54991,33242,164,464,39317,42181,667,3931,2536,66018,1238,21970,30301,26172,4129,55820,1276,67596,56541,22975,43217,7553,1925,61564,3778,54481,3305,57786,52673,21116,4362,3090,13049,41926,41396,5904
09,UTTAR PRADESH,156,Unnao,Total,567491,99466,460863,4013,506,70484,381336,3228,72599,35969,141351,5077,421063,68748,52267,16481,455276,4404,210791,386631,178176,134235,28719,3476,306178,14093,283343,8742,292085,417537,79130,10191,5016,70489,206956,321119,39416
09,UTTAR PRADESH,156,Unnao,Rural,475335,40071,428945,3828,346,22254,346091,1035,70022,33720,75254,4297,395784,45703,32390,13313,390902,1370,146873,328375,151726,84257,20382,1581,244129,10497,227808,5824,233632,360934,55421,6236,1670,59686,160290,280352,34693
09,UTTAR PRADESH,156,Unnao,Urban,92156,59395,31918,185,160,48230,35245,2193,2577,2249,66097,780,25279,23045,19877,3168,64374,3034,63918,58256,26450,49978,8337,1895,62049,3596,55535,2918,58453,56603,23709,3955,3346,10803,46666,40767,4723
09,UTTAR PRADESH,157,Lucknow,Total,822591,582769,228994,1823,4873,469747,274463,19902,31890,18348,539863,17824,264904,427563,389676,37887,319907,60932,503471,614655,271988,506413,152257,68506,607420,44139,506004,57277,563281,539667,337254,90205,111961,49429,449905,327455,45231
09,UTTAR PRADESH,157,Lucknow,Rural,274212,82809,186562,960,2108,33224,199449,1573,24710,12802,58835,3629,211748,28710,21557,7153,232366,6752,62231,186831,69573,71005,14085,2376,139063,6346,128886,3831,132717,215835,52482,5861,3270,28032,94577,156885,22750
09,UTTAR PRADESH,157,Lucknow,Urban,548379,499960,42432,863,2765,436523,75014,18329,7180,5546,481028,14195,53156,398853,368119,30734,87541,54180,441240,427824,202415,435408,138172,66130,468357,37793,377118,53446,430564,323832,284772,84344,108691,21397,355328,170570,22481
09,UTTAR PRADESH,158,Rae Bareli,Total,614353,247856,362374,1461,770,65080,474699,2520,34187,33251,112567,5382,496404,125452,90119,35333,420203,10160,172901,477757,174654,130197,34788,5184,363829,15715,337107,11007,348114,509053,94437,13483,7023,48188,238473,329280,46600
09,UTTAR PRADESH,158,Rae Bareli,Rural,561905,208280,349962,1401,510,34499,456391,1003,33521,32446,75254,4301,482350,102305,70416,31889,399432,2449,140230,439270,160846,98018,28833,3307,323140,13288,301230,8622,309852,471396,73807,9853,3682,44724,206595,311413,43897
09,UTTAR PRADESH,158,Rae Bareli,Urban,52448,39576,12412,60,260,30581,18308,1517,666,805,37313,1081,14054,23147,19703,3444,20771,7711,32671,38487,13808,32179,5955,1877,40689,2427,35877,2385,38262,37657,20630,3630,3341,3464,31878,17867,2703
09,UTTAR PRADESH,159,Farrukhabad,Total,308056,88081,215435,1987,819,59209,132343,1144,69215,44078,113500,2818,191738,49109,35838,13271,247021,8522,108322,195508,64510,87314,18733,2624,198066,8653,183442,5971,189413,204261,49592,6765,3701,43895,109946,174189,23921
09,UTTAR PRADESH,159,Farrukhabad,Rural,239285,37592,197834,1838,528,17345,112421,390,65597,42161,57307,1721,180257,25881,16069,9812,208555,2259,73680,152788,52328,47135,13497,1287,147983,6233,137740,4010,141750,165696,32133,4216,1420,34970,75880,142731,20674
09,UTTAR PRADESH,159,Farrukhabad,Urban,68771,50489,17601,149,291,41864,19922,754,3618,1917,56193,1097,11481,23228,19769,3459,38466,6263,34642,42720,12182,40179,5236,1337,50083,2420,45702,1961,47663,38565,17459,2549,2281,8925,34066,31458,3247
09,UTTAR PRADESH,160,Kannauj,Total,278738,61491,212365,3099,445,32510,148772,1083,29412,64932,85404,3750,189584,47225,36325,10900,223298,2930,72121,186968,58628,64187,18082,2488,174734,7070,161683,5981,167664,178143,37935,6011,2647,42315,100055,155520,23163
09,UTTAR PRADESH,160,Kannauj,Rural,232517,32959,195245,2991,244,11812,126625,676,28786,63146,50438,3034,179045,22633,15301,7332,203348,1690,46299,160106,50416,42654,13967,1377,143757,5535,133515,4707,138222,157609,27901,4156,1341,33679,76557,135510,20450
09,UTTAR PRADESH,160,Kannauj,Urban,46221,28532,17120,108,201,20698,22147,407,626,1786,34966,716,10539,24592,21024,3568,19950,1240,25822,26862,8212,21533,4115,1111,30977,1535,28168,1274,29442,20534,10034,1855,1306,8636,23498,20010,2713
09,UTTAR PRADESH,161,Etawah,Total,275333,113098,159324,989,602,47520,173028,1499,18833,32510,93434,2437,179462,58927,46753,12174,192163,7502,92232,170123,41005,84543,21506,2964,177997,11732,160626,5639,166265,194564,47713,7736,4343,31121,114175,141923,19235
09,UTTAR PRADESH,161,Etawah,Rural,214002,62607,149113,937,355,11646,151171,285,18463,31133,42295,1855,169852,22839,14985,7854,173433,1962,47371,129161,34468,44444,15429,1434,131841,8909,119828,3104,122932,158234,29151,4761,1450,25001,80221,117109,16672
09,UTTAR PRADESH,161,Etawah,Urban,61331,50491,10211,52,247,35874,21857,1214,370,1377,51139,582,9610,36088,31768,4320,18730,5540,44861,40962,6537,40099,6077,1530,46156,2823,40798,2535,43333,36330,18562,2975,2893,6120,33954,24814,2563
09,UTTAR PRADESH,162,Auraiya,Total,248370,65479,180704,1086,184,32687,142883,513,22275,48805,72893,2076,173401,46112,36665,9447,183054,1947,85631,158513,59782,60174,14279,2404,152099,8361,139506,4232,143738,179939,35729,5088,3317,31355,97650,130327,20393
09,UTTAR PRADESH,162,Auraiya,Rural,207674,36356,169287,1049,163,10881,127014,235,21874,46790,42285,1903,163486,27951,20506,7445,162214,667,57965,130114,49166,37201,10810,1424,120915,6164,111724,3027,114751,152981,23778,3229,1618,27528,74282,114622,18770
09,UTTAR PRADESH,162,Auraiya,Urban,40696,29123,11417,37,21,21806,15869,278,401,2015,30608,173,9915,18161,16159,2002,20840,1280,27666,28399,10616,22973,3469,980,31184,2197,27782,1205,28987,26958,11951,1859,1699,3827,23368,15705,1623
09,UTTAR PRADESH,163,Kanpur Dehat,Total,329473,49753,276147,2220,290,23831,165412,884,67191,69814,89107,4144,236222,53449,40936,12513,249756,1260,85797,222197,101117,65556,25354,2682,184973,17377,163780,3816,167596,220794,40159,12752,3594,47826,120842,181877,26754
09,UTTAR PRADESH,163,Kanpur Dehat,Rural,299000,31953,263757,2176,256,12602,151750,666,65372,66624,68913,4001,226086,42336,31646,10690,231284,945,65416,201586,90841,52272,20710,2011,164213,14743,146098,3372,149470,203911,33666,9530,1971,43691,104191,169838,24971
09,UTTAR PRADESH,163,Kanpur Dehat,Urban,30473,17800,12390,44,34,11229,13662,218,1819,3190,20194,143,10136,11113,9290,1823,18472,315,20381,20611,10276,13284,4644,671,20760,2634,17682,444,18126,16883,6493,3222,1623,4135,16651,12039,1783
09,UTTAR PRADESH,164,Kanpur Nagar,Total,821148,517271,292549,3689,3057,421694,216074,30544,83801,49823,520077,39347,261724,271007,238800,32207,420050,111980,415726,607637,242173,469346,93296,33966,571582,33550,505552,32480,538032,518736,249207,51177,56666,72241,399192,376275,45681
09,UTTAR PRADESH,164,Kanpur Nagar,Rural,291529,45767,241586,2570,403,22671,148351,738,74765,43132,68800,2762,219967,21664,16583,5081,256679,2173,55109,219424,93870,59804,12195,1185,149042,5505,140732,2805,143537,210036,36264,3648,1390,42871,100003,171392,20134
09,UTTAR PRADESH,164,Kanpur Nagar,Urban,529619,471504,50963,1119,2654,399023,67723,29806,9036,6691,451277,36585,41757,249343,222217,27126,163371,109807,360617,388213,148303,409542,81101,32781,422540,28045,364820,29675,394495,308700,212943,47529,55276,29370,299189,204883,25547
09,UTTAR PRADESH,165,Jalaun,Total,287219,104176,180037,1136,419,42616,93389,1153,136340,12601,114634,2627,169958,52267,43951,8316,220038,1875,107861,213620,68232,90428,18615,2217,199931,8950,184347,6634,190981,162840,58169,7009,3599,41369,125064,153321,8834
09,UTTAR PRADESH,165,Jalaun,Rural,216920,56528,158085,1042,143,8604,66934,316,129672,10660,61478,2177,153265,21158,16630,4528,183430,646,57739,166184,56929,52632,13205,977,147060,6249,137117,3694,140811,127887,38356,4059,1402,32115,86186,124395,6339
09,UTTAR PRADESH,165,Jalaun,Urban,70299,47648,21952,94,276,34012,26455,837,6668,1941,53156,450,16693,31109,27321,3788,36608,1229,50122,47436,11303,37796,5410,1240,52871,2701,47230,2940,50170,34953,19813,2950,2197,9254,38878,28926,2495
09,UTTAR PRADESH,166,Jhansi,Total,358220,183340,170424,1489,1073,94342,141864,5525,96930,15646,147302,7204,203714,93390,81903,11487,215071,8362,135508,254544,78124,163900,40774,8517,270128,17140,241710,11278,252988,194290,94539,18860,15986,39430,202289,149008,6923
09,UTTAR PRADESH,166,Jhansi,Rural,214711,64582,147459,1164,456,10091,103215,1018,89394,9750,44527,1847,168337,17416,12882,4534,163528,1521,43113,154702,51307,60763,16601,1538,152947,7608,141593,3746,145339,119440,36625,6545,2208,29135,108778,101742,4191
09,UTTAR PRADESH,166,Jhansi,Urban,143509,118758,22965,325,617,84251,38649,4507,7536,5896,102775,5357,35377,75974,69021,6953,51543,6841,92395,99842,26817,103137,24173,6979,117181,9532,100117,7532,107649,74850,57914,12315,13778,10295,93511,47266,2732
09,UTTAR PRADESH,167,Lalitpur,Total,217878,77082,137411,2057,360,20720,173801,525,17934,4171,42178,1368,174332,20604,18673,1931,161333,2110,36945,148726,39275,53524,9906,1079,126482,4266,118747,3469,122216,118185,36718,5511,2163,44179,102137,109890,5851
09,UTTAR PRADESH,167,Lalitpur,Rural,186503,51898,131505,2017,243,4815,160405,109,16968,3705,22439,1120,162944,6072,4856,1216,147050,776,19156,129348,35959,33243,7099,444,103976,3494,98285,2197,100482,102302,26639,4038,686,40290,82945,98525,5033
09,UTTAR PRADESH,167,Lalitpur,Urban,31375,25184,5906,40,117,15905,13396,416,966,466,19739,248,11388,14532,13817,715,14283,1334,17789,19378,3316,20281,2807,635,22506,772,20462,1272,21734,15883,10079,1473,1477,3889,19192,11365,818
09,UTTAR PRADESH,168,Hamirpur,Total,209558,55929,151726,860,196,20175,101467,315,78379,8001,68771,2010,138777,40314,34910,5404,157549,588,47183,153082,54513,48564,11037,1196,137792,4934,130019,2839,132858,99240,24522,3791,1757,41470,105613,100732,3213
09,UTTAR PRADESH,168,Hamirpur,Rural,171971,31200,139263,801,68,4679,85627,130,73830,6686,42932,1560,127479,18597,14861,3736,142514,429,22764,127699,46431,29170,8540,493,109440,3424,104140,1876,106016,82234,15878,2331,699,36133,82595,86771,2605
09,UTTAR PRADESH,168,Hamirpur,Urban,37587,24729,12463,59,128,15496,15840,185,4549,1315,25839,450,11298,21717,20049,1668,15035,159,24419,25383,8082,19394,2497,703,28352,1510,25879,963,26842,17006,8644,1460,1058,5337,23018,13961,608
09,UTTAR PRADESH,169,Mahoba,Total,163474,42936,118553,1262,128,12874,87580,597,54533,6980,41692,1541,120241,18115,13788,4327,116590,1170,19921,117603,42442,35422,11298,1316,113025,5417,105277,2331,107608,85723,21276,5755,1820,26705,78642,82121,2711
09,UTTAR PRADESH,169,Mahoba,Rural,129475,23020,104821,1151,73,2775,71266,186,49323,5346,23103,1008,105364,8557,6025,2532,95070,266,9012,96239,35737,20158,8326,685,86836,3874,81635,1327,82962,67431,14009,3993,784,22637,61733,65580,2162
09,UTTAR PRADESH,169,Mahoba,Urban,33999,19916,13732,111,55,10099,16314,411,5210,1634,18589,533,14877,9558,7763,1795,21520,904,10909,21364,6705,15264,2972,631,26189,1543,23642,1004,24646,18292,7267,1762,1036,4068,16909,16541,549
09,UTTAR PRADESH,170,Banda,Total,322737,73522,246310,1685,131,26907,207831,1632,71558,13705,90787,2857,229093,51777,40537,11240,245527,1547,67368,203797,75196,52233,18612,1655,174698,6599,164115,3984,168099,183817,32236,5202,2416,71150,157012,161869,3856
09,UTTAR PRADESH,170,Banda,Rural,273445,38841,231961,1610,84,5183,185527,245,69189,12568,54571,2177,216697,25142,17316,7826,224711,1058,36390,171646,66421,26484,14453,664,139648,4705,132386,2557,134943,154733,19488,3142,638,64535,125899,144529,3017
09,UTTAR PRADESH,170,Banda,Urban,49292,34681,14349,75,47,21724,22304,1387,2369,1137,36216,680,12396,26635,23221,3414,20816,489,30978,32151,8775,25749,4159,991,35050,1894,31729,1427,33156,29084,12748,2060,1778,6615,31113,17340,839
09,UTTAR PRADESH,171,Chitrakoot,Total,167458,41046,124739,1058,122,11637,135937,427,7069,11753,27623,1067,138768,23226,19074,4152,120779,1380,26224,113520,43000,27006,9437,827,84775,2579,80095,2101,82196,105264,17911,2805,1169,33534,77384,86943,3131
09,UTTAR PRADESH,171,Chitrakoot,Rural,150784,29693,119577,981,112,4688,126849,311,7022,11436,17843,1014,131927,15095,11668,3427,113169,1279,17136,103387,40213,18614,7860,449,73704,2194,69967,1543,71510,96469,13871,2147,585,30686,68954,79152,2678
09,UTTAR PRADESH,171,Chitrakoot,Urban,16674,11353,5162,77,10,6949,9088,116,47,317,9780,53,6841,8131,7406,725,7610,101,9088,10133,2787,8392,1577,378,11071,385,10128,558,10686,8795,4040,658,584,2848,8430,7791,453
09,UTTAR PRADESH,172,Fatehpur,Total,473021,75263,393199,2488,538,43492,298161,1634,30055,97249,117023,4520,351478,65256,50329,14927,355063,3370,88566,320053,122320,97968,33501,3385,271445,20039,244195,7211,251406,331499,59754,16758,4981,62221,184676,262234,26111
09,UTTAR PRADESH,172,Fatehpur,Rural,416615,38771,373839,2347,400,16797,274587,608,28809,93984,76370,4121,336124,30013,20794,9219,336458,2493,51918,283812,109712,68234,27991,2173,232194,17141,209423,5630,215053,297774,44989,13837,2822,55419,153768,239176,23671
09,UTTAR PRADESH,172,Fatehpur,Urban,56406,36492,19360,141,138,26695,23574,1026,1246,3265,40653,399,15354,35243,29535,5708,18605,877,36648,36241,12608,29734,5510,1212,39251,2898,34772,1581,36353,33725,14765,2921,2159,6802,30908,23058,2440
09,UTTAR PRADESH,173,Pratapgarh,Total,534254,140538,389212,2102,644,46358,388266,2031,70550,23175,74799,6154,453301,113727,81510,32217,336797,4594,155290,441287,231339,135185,34400,5149,397265,16752,369563,10950,380513,447696,104506,15781,6063,28643,266505,235018,32731
09,UTTAR PRADESH,173,Pratapgarh,Rural,506922,119440,383173,2038,598,32284,377340,965,70102,22670,57279,5989,443654,101461,71316,30145,324729,3063,138533,419101,219779,118863,31611,4174,374679,15434,349490,9755,359245,427845,94230,13978,4762,27513,248654,226362,31906
09,UTTAR PRADESH,173,Pratapgarh,Urban,27332,21098,6039,64,46,14074,10926,1066,448,505,17520,165,9647,12266,10194,2072,12068,1531,16757,22186,11560,16322,2789,975,22586,1318,20073,1195,21268,19851,10276,1803,1301,1130,17851,8656,825
09,UTTAR PRADESH,174,Kaushambi,Total,276393,43753,230251,1117,292,22034,177165,558,24963,50489,46197,3735,226461,26654,20937,5717,230169,2011,33644,184222,81230,52946,15029,1503,154650,5468,145907,3275,149182,210669,35502,4403,1530,33225,114362,149848,12183
09,UTTAR PRADESH,174,Kaushambi,Rural,254926,31977,220864,1070,156,13988,165614,433,24274,49658,35156,3361,216409,15713,11715,3998,220132,1711,24528,170311,75030,44056,13518,1228,139949,4848,132151,2950,135101,197037,30960,3666,1140,30587,103047,140630,11249
09,UTTAR PRADESH,174,Kaushambi,Urban,21467,11776,9387,47,136,8046,11551,125,689,831,11041,374,10052,10941,9222,1719,10037,300,9116,13911,6200,8890,1511,275,14701,620,13756,325,14081,13632,4542,737,390,2638,11315,9218,934
09,UTTAR PRADESH,175,Allahabad,Total,898553,391542,497561,3460,1960,204357,310137,13401,329773,31142,278760,14363,605430,252326,219891,32435,483075,15852,322833,656202,334711,355913,85491,24122,616743,34753,556688,25302,581990,701941,243219,41965,37832,65704,459447,401556,37550
09,UTTAR PRADESH,175,Allahabad,Rural,696236,212004,476330,3015,1471,56805,277711,3746,323138,28310,108751,9928,577557,83680,61305,22375,459352,10548,160620,497729,239743,196905,45887,6941,446059,18863,415542,11654,427196,560729,133086,18789,8502,58239,324704,339850,31682
09,UTTAR PRADESH,175,Allahabad,Urban,202317,179538,21231,445,489,147552,32426,9655,6635,2832,170009,4435,27873,168646,158586,10060,23723,5304,162213,158473,94968,159008,39604,17181,170684,15890,141146,13648,154794,141212,110133,23176,29330,7465,134743,61706,5868
09,UTTAR PRADESH,176,Bara Banki,Total,567717,108116,451785,5045,543,60554,407702,1947,64417,30048,103904,6231,457582,110385,82586,27799,432638,1497,264344,428938,185813,116157,26293,3159,306578,12093,286603,7882,294485,446335,91664,11935,4799,56985,218791,282973,65953
09,UTTAR PRADESH,176,Bara Banki,Rural,514291,74096,432784,4923,441,34731,383598,1098,63373,28932,67681,5595,441015,89284,64706,24578,402375,955,223171,397489,168697,91552,21450,1981,270130,10396,253591,6143,259734,415242,77448,8909,2371,50456,191165,261855,61271
09,UTTAR PRADESH,176,Bara Banki,Urban,53426,34020,19001,122,102,25823,24104,849,1044,1116,36223,636,16567,21101,17880,3221,30263,542,41173,31449,17116,24605,4843,1178,36448,1697,33012,1739,34751,31093,14216,3026,2428,6529,27626,21118,4682
09,UTTAR PRADESH,177,Faizabad,Total,417829,127754,286292,1552,750,58328,259070,3816,68394,25011,94981,4450,318398,90607,67228,23379,314743,2351,229802,343215,141398,99531,28625,4746,276720,15226,252641,8853,261494,346448,74081,15426,7250,27245,175359,206136,36334
09,UTTAR PRADESH,177,Faizabad,Rural,362059,82736,276241,1442,381,24265,243238,1020,67101,24130,52490,2526,307043,70215,49205,21010,281737,750,183595,299892,123070,63516,21658,2340,232614,12131,214422,6061,220483,307891,55206,11439,3333,23825,142452,186016,33591
09,UTTAR PRADESH,177,Faizabad,Urban,55770,45018,10051,110,369,34063,15832,2796,1293,881,42491,1924,11355,20392,18023,2369,33006,1601,46207,43323,18328,36015,6967,2406,44106,3095,38219,2792,41011,38557,18875,3987,3917,3420,32907,20120,2743
09,UTTAR PRADESH,178,Ambedkar Nagar,Total,364457,99581,261857,1030,374,21512,213450,1159,83976,39866,67875,5952,290630,97529,65570,31959,259637,853,174989,276634,79722,61470,27308,2509,255512,9449,240089,5974,246063,311614,60203,9813,3412,22067,161311,167155,35991
09,UTTAR PRADESH,178,Ambedkar Nagar,Rural,321866,73049,246285,950,239,10648,189839,532,81290,35999,44689,4215,272962,82048,53475,28573,233901,505,143940,255021,73511,48421,23220,1783,227112,8111,214047,4954,219001,281806,52192,8444,2402,17056,140780,149279,31807
09,UTTAR PRADESH,178,Ambedkar Nagar,Urban,42591,26532,15572,80,135,10864,23611,627,2686,3867,23186,1737,17668,15481,12095,3386,25736,348,31049,21613,6211,13049,4088,726,28400,1338,26042,1020,27062,29808,8011,1369,1010,5011,20531,17876,4184
09,UTTAR PRADESH,179,Sultanpur,Total,627925,233701,389283,2131,642,55055,430145,1715,95423,41540,101900,7639,518386,154994,107943,47051,411778,4090,227335,497493,188306,135697,44008,5956,440274,19566,406409,14299,420708,526011,104307,18382,8061,38910,269063,306329,52533
09,UTTAR PRADESH,179,Sultanpur,Rural,595287,206257,384427,2062,595,34399,420343,973,94935,40899,78106,7148,510033,137997,92299,45698,398862,1941,203658,470327,179675,114125,39017,4147,412515,17708,382764,12043,394807,504328,91165,15290,5072,37381,247550,296625,51112
09,UTTAR PRADESH,179,Sultanpur,Urban,32638,27444,4856,69,47,20656,9802,742,488,641,23794,491,8353,16997,15644,1353,12916,2149,23677,27166,8631,21572,4991,1809,27759,1858,23645,2256,25901,21683,13142,3092,2989,1529,21513,9704,1421
09,UTTAR PRADESH,180,Bahraich,Total,595178,85814,503240,2824,943,38940,433474,2576,21954,95926,93687,4003,497488,187350,94187,93163,388914,2502,326580,388678,170698,71676,35463,2681,270422,14401,248875,7146,256021,397685,51784,13451,3444,110289,187264,358115,49799
09,UTTAR PRADESH,180,Bahraich,Rural,549894,54022,490215,2790,756,18719,412081,908,21764,94527,57667,3453,488774,174468,83260,91208,359360,698,286297,363711,158381,48309,31148,1717,242559,12502,224363,5694,230057,374778,41020,11029,1792,102718,163576,339094,47224
09,UTTAR PRADESH,180,Bahraich,Urban,45284,31792,13025,34,187,20221,21393,1668,190,1399,36020,550,8714,12882,10927,1955,29554,1804,40283,24967,12317,23367,4315,964,27863,1899,24512,1452,25964,22907,10764,2422,1652,7571,23688,19021,2575
09,UTTAR PRADESH,181,Shrawasti,Total,186276,20419,163725,1125,147,4828,146327,228,14875,19293,22439,1899,161938,74873,38232,36641,97943,134,96629,134469,51683,15978,10074,624,92836,2895,87530,2411,89941,134274,16069,2286,641,28716,69779,103581,12916
09,UTTAR PRADESH,181,Shrawasti,Rural,180317,17119,161131,1098,128,2968,142472,171,14848,19179,18685,1827,159805,71617,35188,36429,95355,126,92003,130812,50276,13878,9748,562,89170,2812,84060,2298,86358,131087,15048,2104,561,27626,66648,101346,12323
09,UTTAR PRADESH,181,Shrawasti,Urban,5959,3300,2594,27,19,1860,3855,57,27,114,3754,72,2133,3256,3044,212,2588,8,4626,3657,1407,2100,326,62,3666,83,3470,113,3583,3187,1021,182,80,1090,3131,2235,593
09,UTTAR PRADESH,182,Balrampur,Total,320991,57400,261437,1097,343,16229,237984,1829,32378,31150,48201,1702,271088,85828,44573,41255,218880,516,191185,262320,78055,34497,15510,1551,194750,5212,185379,4159,189538,232350,37816,6167,1616,42587,122136,178085,20770
09,UTTAR PRADESH,182,Balrampur,Rural,296167,38986,255309,1051,217,6289,225256,612,32208,30530,30347,1429,264391,77318,38447,38871,203085,377,169521,244699,71962,22085,13716,1034,177651,4557,169711,3383,173094,218362,32600,5158,970,39036,108393,168023,19751
09,UTTAR PRADESH,182,Balrampur,Urban,24824,18414,6128,46,126,9940,12728,1217,170,620,17854,273,6697,8510,6126,2384,15795,139,21664,17621,6093,12412,1794,517,17099,655,15668,776,16444,13988,5216,1009,646,3551,13743,10062,1019
09,UTTAR PRADESH,183,Gonda,Total,535561,104084,427333,1714,773,45517,395301,2702,39834,48001,66742,3689,465130,188037,111490,76547,336981,1831,288071,427193,172589,78099,31811,4313,346478,12470,324246,9762,334008,417980,75067,13053,4944,50494,210210,267109,58242
09,UTTAR PRADESH,183,Gonda,Rural,500060,75366,420958,1675,602,24035,384102,1228,39714,47219,39374,3171,457515,171391,97056,74335,319450,827,256382,400198,161554,56203,27071,2694,317712,10710,299442,7560,307002,395588,62462,10680,2338,47630,187835,255555,56670
09,UTTAR PRADESH,183,Gonda,Urban,35501,28718,6375,39,171,21482,11199,1474,120,782,27368,518,7615,16646,14434,2212,17531,1004,31689,26995,11035,21896,4740,1619,28766,1760,24804,2202,27006,22392,12605,2373,2606,2864,22375,11554,1572
09,UTTAR PRADESH,184,Siddharthnagar,Total,376477,93088,279902,1482,466,25883,209941,1348,87864,48042,47813,3796,324868,158749,87743,71006,210857,851,174044,294183,73326,56722,24662,2434,274281,10157,258102,6022,264124,282280,52801,9664,2445,35326,185436,166400,24641
09,UTTAR PRADESH,184,Siddharthnagar,Rural,352651,78287,271094,1418,413,17974,197078,879,86873,46816,36631,3348,312672,147974,80419,67555,198577,487,158289,277279,67337,46817,22495,2003,256294,9166,241909,5219,247128,267805,47784,8512,1793,32585,171289,157966,23396
09,UTTAR PRADESH,184,Siddharthnagar,Urban,23826,14801,8808,64,53,7909,12863,469,991,1226,11182,448,12196,10775,7324,3451,12280,364,15755,16904,5989,9905,2167,431,17987,991,16193,803,16996,14475,5017,1152,652,2741,14147,8434,1245
09,UTTAR PRADESH,185,Basti,Total,379790,108101,268196,1325,339,37593,233674,1896,54918,48434,62328,4264,313198,125645,67887,57758,247551,1065,193400,334528,100072,76856,30244,3423,278758,11537,260953,6268,267221,309655,66316,11477,4819,26042,190436,152172,37182
09,UTTAR PRADESH,185,Basti,Rural,358566,90949,264604,1290,282,24689,227746,878,54726,47895,47032,3595,307939,117511,61716,55795,235344,480,176246,317085,95405,63007,27249,2485,261805,10399,246137,5269,251406,295844,57907,9487,3154,24509,178237,144593,35736
09,UTTAR PRADESH,185,Basti,Urban,21224,17152,3592,35,57,12904,5928,1018,192,539,15296,669,5259,8134,6171,1963,12207,585,17154,17443,4667,13849,2995,938,16953,1138,14816,999,15815,13811,8409,1990,1665,1533,12199,7579,1446
09,UTTAR PRADESH,186,Sant Kabir Nagar,Total,258040,79525,176237,784,342,17671,150480,935,18317,67546,38686,2651,216703,91688,58269,33419,160490,1904,130175,207773,48323,49191,19729,2031,195440,7331,184329,3780,188109,201340,37986,6778,2386,20092,121405,111040,25595
09,UTTAR PRADESH,186,Sant Kabir Nagar,Rural,239614,67005,170504,762,288,10736,141363,485,17934,66523,29528,2445,207641,82869,51883,30986,152537,509,117277,195777,44533,40980,17695,1621,181176,6660,171109,3407,174516,189432,33824,5974,1735,18195,111144,104049,24421
09,UTTAR PRADESH,186,Sant Kabir Nagar,Urban,18426,12520,5733,22,54,6935,9117,450,383,1023,9158,206,9062,8819,6386,2433,7953,1395,12898,11996,3790,8211,2034,410,14264,671,13220,373,13593,11908,4162,804,651,1897,10261,6991,1174
09,UTTAR PRADESH,187,Mahrajganj,Total,421701,91844,324976,2768,350,23647,285937,1414,19521,88530,79375,4428,337898,196296,96882,99414,216993,1835,198951,347803,62956,84591,27339,2694,292220,11185,275217,5818,281035,338883,52155,9050,2948,34878,171090,214064,36547
09,UTTAR PRADESH,187,Mahrajganj,Rural,400326,77596,318093,2754,334,14640,275265,600,19330,88033,66900,4150,329276,186542,90057,96485,206797,710,182263,331846,59714,73460,25397,2272,276186,10602,260485,5099,265584,325948,46927,7977,2223,32452,159340,205669,35317
09,UTTAR PRADESH,187,Mahrajganj,Urban,21375,14248,6883,14,16,9007,10672,814,191,497,12475,278,8622,9754,6825,2929,10196,1125,16688,15957,3242,11131,1942,422,16034,583,14732,719,15451,12935,5228,1073,725,2426,11750,8395,1230
09,UTTAR PRADESH,188,Gorakhpur,Total,695366,296619,392643,1951,1276,149727,406360,7920,44996,79263,213529,11642,470195,238404,162473,75931,430127,16143,390464,551982,148499,255280,65360,14597,544038,27902,498764,17372,516136,531565,157765,30258,23177,51252,335870,304498,54998
09,UTTAR PRADESH,188,Gorakhpur,Rural,559062,177805,376445,1649,816,55897,375334,1888,44050,76711,103886,7815,447361,179267,114208,65059,368653,2037,272779,441799,108990,154242,39716,5353,425612,18269,398057,9286,407343,431518,93595,16191,6296,45699,247680,261399,49983
09,UTTAR PRADESH,188,Gorakhpur,Urban,136304,118814,16198,302,460,93830,31026,6032,946,2552,109643,3827,22834,59137,48265,10872,61474,14106,117685,110183,39509,101038,25644,9244,118426,9633,100707,8086,108793,100047,64170,14067,16881,5553,88190,43099,5015
09,UTTAR PRADESH,189,Kushinagar,Total,558626,127331,426307,1934,436,29304,296240,2129,19061,209006,95139,6789,456698,171798,101618,70180,376001,2702,303575,475259,89443,103014,35931,3486,404094,13754,383308,7032,390340,432174,70192,12849,3858,51062,203367,307713,47546
09,UTTAR PRADESH,189,Kushinagar,Rural,531928,110033,417106,1911,386,18791,283211,913,18892,207492,78514,6258,447156,162447,94797,67650,360506,1127,281339,455341,84584,90094,33199,2844,382784,12488,363941,6355,370296,416884,63974,11485,2892,48106,189520,297381,45027
09,UTTAR PRADESH,189,Kushinagar,Urban,26698,17298,9201,23,50,10513,13029,1216,169,1514,16625,531,9542,9351,6821,2530,15495,1575,22236,19918,4859,12920,2732,642,21310,1266,19367,677,20044,15290,6218,1364,966,2956,13847,10332,2519
09,UTTAR PRADESH,190,Deoria,Total,472564,150001,318505,1421,963,60348,290293,2251,24041,91937,100060,7696,364808,109265,77762,31503,355141,1942,274621,387689,97164,122308,36068,4469,379700,14377,358063,7260,365323,353180,84941,13388,6290,37560,219269,213873,39422
09,UTTAR PRADESH,190,Deoria,Rural,426692,118573,304501,1351,765,36176,272849,1147,23729,89870,71438,6519,348735,96699,67281,29418,323763,538,236235,352380,88242,96705,30406,2989,340844,12398,322611,5835,328446,325269,71471,10729,3829,33720,191821,198454,36417
09,UTTAR PRADESH,190,Deoria,Urban,45872,31428,14004,70,198,24172,17444,1104,312,2067,28622,1177,16073,12566,10481,2085,31378,1404,38386,35309,8922,25603,5662,1480,38856,1979,35452,1425,36877,27911,13470,2659,2461,3840,27448,15419,3005
09,UTTAR PRADESH,191,Azamgarh,Total,659930,183381,471056,1960,835,49699,341428,3226,186351,73286,135150,10243,514537,102270,72436,29834,539931,5457,316002,533558,174092,159910,47324,6652,500400,19089,468786,12525,481311,521004,116175,20757,7888,45949,289542,312974,57414
09,UTTAR PRADESH,191,Azamgarh,Rural,608684,146535,457214,1831,722,28246,317002,1364,185282,71676,102020,9239,497425,87763,60184,27579,507122,2509,275975,496185,161057,137714,40462,4862,458699,16522,431271,10906,442177,488992,103328,18134,5537,41961,259937,293801,54946
09,UTTAR PRADESH,191,Azamgarh,Urban,51246,36846,13842,129,113,21453,24426,1862,1069,1610,33130,1004,17112,14507,12252,2255,32809,2948,40027,37373,13035,22196,6862,1790,41701,2567,37515,1619,39134,32012,12847,2623,2351,3988,29605,19173,2468
09,UTTAR PRADESH,192,Mau,Total,320833,149908,167111,1264,802,40087,164430,6554,80955,25384,87874,3596,229363,42095,32753,9342,270302,3106,187140,237081,58485,82073,26716,2656,232564,9349,216857,6358,223215,228921,47576,7411,3652,34595,141239,149323,30271
09,UTTAR PRADESH,192,Mau,Rural,252219,94527,154689,1208,527,14276,134030,545,78352,22922,44291,2600,205328,23129,17249,5880,224514,643,130864,205058,48795,61440,19621,1656,184201,7371,172083,4747,176830,192057,36732,5620,2243,23749,107572,119061,25586
09,UTTAR PRADESH,192,Mau,Urban,68614,55381,12422,56,275,25811,30400,6009,2603,2462,43583,996,24035,18966,15504,3462,45788,2463,56276,32023,9690,20633,7095,1000,48363,1978,44774,1611,46385,36864,10844,1791,1409,10846,33667,30262,4685
09,UTTAR PRADESH,193,Ballia,Total,482440,119972,356085,3069,737,62157,236729,1935,136247,40483,124786,6682,350972,75078,55677,19401,394407,1502,305850,370007,108399,115533,42969,4672,342823,13488,320335,9000,329335,324245,65467,10846,5459,60434,197733,224684,60023
09,UTTAR PRADESH,193,Ballia,Rural,437289,91488,339907,3000,662,41690,217872,1029,134544,38088,97249,5898,334142,61538,44754,16784,364556,1058,269723,337640,98357,93847,37932,3607,308100,11949,288390,7761,296151,298951,56277,9387,3963,54880,173076,208384,55829
09,UTTAR PRADESH,193,Ballia,Urban,45151,28484,16178,69,75,20467,18857,906,1703,2395,27537,784,16830,13540,10923,2617,29851,444,36127,32367,10042,21686,5037,1065,34723,1539,31945,1239,33184,25294,9190,1459,1496,5554,24657,16300,4194
09,UTTAR PRADESH,194,Jaunpur,Total,666988,181467,477884,3744,875,56508,296731,3008,268417,35900,131852,11706,523430,135340,99070,36270,455126,10919,238355,548411,212662,211780,52398,8002,515736,24922,473849,16965,490814,534790,128471,22876,9848,42521,313928,306628,46432
09,UTTAR PRADESH,194,Jaunpur,Rural,615793,140191,468644,3517,697,30952,276622,1664,266855,34339,95087,10690,510016,110644,77125,33519,434395,6973,203044,511568,198890,180255,46445,6041,474697,21925,438821,13951,452772,502017,113439,20005,7218,38592,287776,283833,44184
09,UTTAR PRADESH,194,Jaunpur,Urban,51195,41276,9240,227,178,25556,20109,1344,1562,1561,36765,1016,13414,24696,21945,2751,20731,3946,35311,36843,13772,31525,5953,1961,41039,2997,35028,3014,38042,32773,15032,2871,2630,3929,26152,22795,2248
09,UTTAR PRADESH,195,Ghazipur,Total,524961,105767,413417,2714,966,36798,148441,4949,293272,35625,116171,6193,402597,58602,45006,13596,430513,3697,213999,404765,133819,139187,50180,5309,375976,23602,341596,10778,352374,383511,78218,21169,8142,51662,207946,263612,53403
09,UTTAR PRADESH,195,Ghazipur,Rural,485939,77720,403029,2625,778,20796,133398,3206,289782,34093,90595,5567,389777,38014,26171,11843,414085,3176,185554,376868,123429,117260,45199,4085,345452,21453,314938,9061,323999,358763,68314,19062,6159,47860,186730,248646,50563
09,UTTAR PRADESH,195,Ghazipur,Urban,39022,28047,10388,89,188,16002,15043,1743,3490,1532,25576,626,12820,20588,18835,1753,16428,521,28445,27897,10390,21927,4981,1224,30524,2149,26658,1717,28375,24748,9904,2107,1983,3802,21216,14966,2840
09,UTTAR PRADESH,196,Chandauli,Total,294718,99602,191560,1370,328,32433,58557,1542,183077,8831,74557,3450,216711,38260,31750,6510,206153,1895,103011,219976,83980,109887,20762,3492,190317,8197,176679,5441,182120,220298,49064,7313,4504,31068,135515,139882,19321
09,UTTAR PRADESH,196,Chandauli,Rural,256548,71113,182526,1230,199,14469,51678,730,177261,7941,48150,2975,205423,21136,16178,4958,188292,1135,75407,194595,74429,85866,16279,2199,161630,6480,150871,4279,155150,196618,38591,5602,2552,27080,113163,125826,17559
09,UTTAR PRADESH,196,Chandauli,Urban,38170,28489,9034,140,129,17964,6879,812,5816,890,26407,475,11288,17124,15572,1552,17861,760,27604,25381,9551,24021,4483,1293,28687,1717,25808,1162,26970,23680,10473,1711,1952,3988,22352,14056,1762
09,UTTAR PRADESH,197,Varanasi,Total,541704,336056,200330,2299,1136,202055,136470,10847,167368,15477,295357,8940,237407,187518,172553,14965,271592,33999,278202,403729,169964,309911,57583,19214,398076,24120,354568,19388,373956,412569,157861,24216,29831,32290,283353,229671,28680
09,UTTAR PRADESH,197,Varanasi,Rural,301485,119576,178690,1420,604,34410,97667,1647,152625,12156,81600,5642,214243,25544,20381,5163,220728,16008,85315,232636,80587,124331,19660,3677,204326,9387,188550,6389,194939,249980,61904,7892,5597,21166,137632,143643,20210
09,UTTAR PRADESH,197,Varanasi,Urban,240219,216480,21640,879,532,167645,38803,9200,14743,3321,213757,3298,23164,161974,152172,9802,50864,17991,192887,171093,89377,185580,37923,15537,193750,14733,166018,12999,179017,162589,95957,16324,24234,11124,145721,86028,8470
09,UTTAR PRADESH,198,Sant Ravidas Nagar (Bhadohi),Total,219685,83220,133497,940,827,23178,88057,1512,94664,9509,41397,2900,175388,31323,25040,6283,136290,4695,60737,162359,65631,72638,16198,2896,149061,6840,137494,4727,142221,167822,38919,6910,3912,20820,102564,103669,13452
09,UTTAR PRADESH,198,Sant Ravidas Nagar (Bhadohi),Rural,187958,60399,124959,876,684,11207,75893,548,90250,8615,23763,2458,161737,15652,10940,4712,124035,3239,45177,142051,58542,56455,13134,1896,126650,5551,117332,3767,121099,148460,31507,5405,2566,17375,86587,89717,11654
09,UTTAR PRADESH,198,Sant Ravidas Nagar (Bhadohi),Urban,31727,22821,8538,64,143,11971,12164,964,4414,894,17634,442,13651,15671,14100,1571,12255,1456,15560,20308,7089,16183,3064,1000,22411,1289,20162,960,21122,19362,7412,1505,1346,3445,15977,13952,1798
09,UTTAR PRADESH,199,Mirzapur,Total,390819,145997,240542,2302,579,43500,166392,3503,158473,14166,102361,5690,282768,44170,37435,6735,267072,7808,98038,292567,110625,136132,24518,4447,237437,11801,218005,7631,225636,309079,63155,10205,5703,37885,177178,195717,17924
09,UTTAR PRADESH,199,Mirzapur,Rural,335481,103035,228856,2123,339,17714,148418,723,152783,12891,64474,3839,267168,10110,6728,3382,250069,5190,66486,254261,95011,99379,18370,2272,196274,8724,181830,5720,187550,269154,47566,7509,2823,33745,146309,173210,15962
09,UTTAR PRADESH,199,Mirzapur,Urban,55338,42962,11686,179,240,25786,17974,2780,5690,1275,37887,1851,15600,34060,30707,3353,17003,2618,31552,38306,15614,36753,6148,2175,41163,3077,36175,1911,38086,39925,15589,2696,2880,4140,30869,22507,1962
09,UTTAR PRADESH,200,Sonbhadra,Total,326918,95582,223195,6735,576,40467,203978,2892,60628,7141,78826,5599,242493,47641,42444,5197,204721,6067,71772,269560,82293,80712,25220,5149,165535,6555,151246,7734,158980,203774,50700,10279,8208,62282,149648,169598,7672
09,UTTAR PRADESH,200,Sonbhadra,Rural,267308,45919,213848,6571,321,6801,189357,557,60009,6236,36667,2891,227750,10314,7206,3108,188277,2994,32501,219436,72081,37347,15446,1284,115014,4135,107702,3177,110879,169857,23838,4558,1388,58223,113361,149081,4866
09,UTTAR PRADESH,200,Sonbhadra,Urban,59610,49663,9347,164,255,33666,14621,2335,619,905,42159,2708,14743,37327,35238,2089,16444,3073,39271,50124,10212,43365,9774,3865,50521,2420,43544,4557,48101,33917,26862,5721,6820,4059,36287,20517,2806
09,UTTAR PRADESH,201,Etah,Total,290474,69591,215613,1323,980,37027,135981,544,87272,28144,57574,3639,229261,66179,50394,15785,211538,9330,120195,183676,52249,79090,19712,2635,200961,8565,187428,4968,192396,189111,54798,6644,3977,36790,113482,158492,18500
09,UTTAR PRADESH,201,Etah,Rural,245668,34418,206868,1256,548,10678,120795,365,85434,27203,22513,3345,219810,48866,37001,11865,192729,1277,88312,153695,45610,50435,14662,1264,166278,6579,156420,3279,159699,164949,40318,4175,1607,32433,89506,139053,17109
09,UTTAR PRADESH,201,Etah,Urban,44806,35173,8745,67,432,26349,15186,179,1838,941,35061,294,9451,17313,13393,3920,18809,8053,31883,29981,6639,28655,5050,1371,34683,1986,31008,1689,32697,24162,14480,2469,2370,4357,23976,19439,1391
09,UTTAR PRADESH,202,Kanshiram Nagar,Total,236496,50405,183084,869,462,26849,110968,609,67796,28859,56717,2056,177723,64018,44605,19413,166668,2354,158887,134082,38719,53987,13109,1623,149712,5259,140962,3491,144453,142975,30712,3854,2018,39256,77433,140183,18880
09,UTTAR PRADESH,202,Kanshiram Nagar,Rural,190576,21041,167256,804,281,5977,90622,284,65798,27021,21408,1313,167855,43559,28749,14810,143540,746,120940,109555,32848,31925,9307,816,116915,3895,110697,2323,113020,123314,22066,2449,821,31694,56514,117182,16880
09,UTTAR PRADESH,202,Kanshiram Nagar,Urban,45920,29364,15828,65,181,20872,20346,325,1998,1838,35309,743,9868,20459,15856,4603,23128,1608,37947,24527,5871,22062,3802,807,32797,1364,30265,1168,31433,19661,8646,1405,1197,7562,20919,23001,2000
10,BIHAR,203,Pashchim Champaran,Total,708065,57546,643700,3183,259,38414,378807,1016,67797,217170,112382,7301,588382,19577,13557,6020,671641,2006,368844,267514,183497,69056,41143,3495,371137,12934,346729,11474,358203,425249,48435,10911,3094,157137,231724,439706,36635
10,BIHAR,203,Pashchim Champaran,Rural,635151,25889,603151,3029,169,12801,343048,547,65475,209180,73088,5404,556659,14621,9749,4872,606246,1267,312493,232473,168116,43187,35080,2321,325336,10912,305525,8899,314424,390416,38287,9010,1576,140677,202094,401835,31222
10,BIHAR,203,Pashchim Champaran,Urban,72914,31657,40549,154,90,25613,35759,469,2322,7990,39294,1897,31723,4956,3808,1148,65395,739,56351,35041,15381,25869,6063,1174,45801,2022,41204,2575,43779,34833,10148,1901,1518,16460,29630,37871,5413
10,BIHAR,204,Purba Champaran,Total,984303,74979,898330,4510,426,52358,488204,1491,76349,355871,179522,7940,796841,20310,12061,8249,942828,2653,470416,401012,357603,96546,70258,7719,585210,24362,546993,13855,560848,611212,78531,19282,5686,174382,386680,542251,55372
10,BIHAR,204,Purba Champaran,Rural,913167,45777,857416,4265,318,25953,458397,1091,73938,345049,141111,7006,765050,14684,8849,5835,880348,1457,421017,362417,333190,71317,63164,5932,535324,22242,501797,11285,513082,571828,64497,16449,3572,163503,350149,511719,51299
10,BIHAR,204,Purba Champaran,Urban,71136,29202,40914,245,108,26405,29807,400,2411,10822,38411,934,31791,5626,3212,2414,62480,1196,49399,38595,24413,25229,7094,1787,49886,2120,45196,2570,47766,39384,14034,2833,2114,10879,36531,30532,4073
10,BIHAR,205,Sheohar,Total,148889,10004,137258,848,31,3983,51614,158,23701,66967,30398,1865,116626,2091,1337,754,144645,371,57924,80938,56957,11722,6698,478,83296,2267,79360,1669,81029,73447,7678,1410,430,36780,55736,87858,5295
10,BIHAR,205,Sheohar,Rural,143121,8247,133282,833,26,2809,49029,132,23262,65520,28267,1711,113143,1986,1271,715,139162,358,54797,77215,54616,10262,6154,413,79521,2160,75786,1575,77361,70829,7068,1288,350,35670,53024,85263,4834
10,BIHAR,205,Sheohar,Urban,5768,1757,3976,15,5,1174,2585,26,439,1447,2131,154,3483,105,66,39,5483,13,3127,3723,2341,1460,544,65,3775,107,3574,94,3668,2618,610,122,80,1110,2712,2595,461
10,BIHAR,206,Sitamarhi,Total,733083,66263,659192,3050,336,39465,317931,1245,104273,255306,152392,6961,573730,10992,6826,4166,706850,3523,251811,239565,252121,61089,42461,3460,340890,12246,318780,9864,328644,317432,38576,7292,3144,223738,263048,424411,45624
10,BIHAR,206,Sitamarhi,Rural,696184,48168,640822,2976,301,23318,303564,871,102669,251413,130062,6268,559854,8764,5456,3308,673486,3093,226023,220296,237197,47225,38711,2561,317406,11057,297923,8426,306349,301477,31976,6145,1917,215794,243961,408986,43237
10,BIHAR,206,Sitamarhi,Urban,36899,18095,18370,74,35,16147,14367,374,1604,3893,22330,693,13876,2228,1370,858,33364,430,25788,19269,14924,13864,3750,899,23484,1189,20857,1438,22295,15955,6600,1147,1227,7944,19087,15425,2387
10,BIHAR,207,Madhubani,Total,901539,113281,778444,4097,619,47090,411297,2279,246824,168676,166993,8676,725870,19775,12297,7478,828707,30900,346397,342733,300530,73851,65548,5319,486531,19016,452569,14946,467515,416574,59254,11636,4200,232482,403238,455220,43081
10,BIHAR,207,Madhubani,Rural,871575,97915,764245,4025,577,35219,399471,1948,244442,165884,150357,7935,713283,18453,11434,7019,803140,28993,328738,327895,290865,63660,62355,4718,467874,18043,435967,13864,449831,404191,54444,10754,3441,225679,388204,442429,40942
10,BIHAR,207,Madhubani,Urban,29964,15366,14199,72,42,11871,11826,331,2382,2792,16636,741,12587,1322,863,459,25567,1907,17659,14838,9665,10191,3193,601,18657,973,16602,1082,17684,12383,4810,882,759,6803,15034,12791,2139
10,BIHAR,208,Supaul,Total,440804,51028,386377,1866,189,12111,135471,625,128672,151429,47753,3504,389547,5373,3749,1624,413431,12245,273702,184880,107152,26559,25078,1845,207212,6271,195500,5441,200941,192734,21885,4064,1099,139000,146808,271806,22190
10,BIHAR,208,Supaul,Rural,420420,40417,376667,1857,159,5936,126146,483,127359,148203,38213,3217,378990,4968,3443,1525,394646,11436,259151,173923,102598,20237,23897,1599,194505,5901,183841,4763,188604,184897,19430,3646,776,133695,138580,261247,20593
10,BIHAR,208,Supaul,Urban,20384,10611,9710,9,30,6175,9325,142,1313,3226,9540,287,10557,405,306,99,18785,809,14551,10957,4554,6322,1181,246,12707,370,11659,678,12337,7837,2455,418,323,5305,8228,10559,1597
10,BIHAR,209,Araria,Total,561455,43290,514367,1412,237,17004,101983,729,31283,404613,52549,3835,505071,8056,5343,2713,488309,54827,317350,115752,125606,40387,29796,2561,240730,8513,225586,6631,232217,279254,31983,5041,1645,172555,183565,356333,21557
10,BIHAR,209,Araria,Rural,529611,24896,501133,1355,182,6026,88679,397,30451,398796,35259,3155,491197,6498,4421,2077,463334,50332,292274,101473,118562,28534,26668,1881,221415,7504,208642,5269,213911,264232,27211,4315,823,165267,169189,340891,19531
10,BIHAR,209,Araria,Urban,31844,18394,13234,57,55,10978,13304,332,832,5817,17290,680,13874,1558,922,636,24975,4495,25076,14279,7044,11853,3128,680,19315,1009,16944,1362,18306,15022,4772,726,822,7288,14376,15442,2026
10,BIHAR,210,Kishanganj,Total,335711,58718,274973,707,100,11715,50489,598,9995,252779,34858,3603,297250,4264,2960,1304,285863,29710,142448,68232,51858,28736,14073,1093,130592,4204,122353,4035,126388,177516,19539,2436,1022,103828,118476,204025,13210
10,BIHAR,210,Kishanganj,Rural,304695,42540,260263,687,48,1613,38159,467,9229,245864,18752,2817,283126,2804,1932,872,260818,26161,119509,54225,46783,17028,11974,631,113170,3475,107050,2645,109695,162130,15067,1753,358,96400,104287,189645,10763
10,BIHAR,210,Kishanganj,Urban,31016,16178,14710,20,52,10102,12330,131,766,6915,16106,786,14124,1460,1028,432,25045,3549,22939,14007,5075,11708,2099,462,17422,729,15303,1390,16693,15386,4472,683,664,7428,14189,14380,2447
10,BIHAR,211,Purnia,Total,640713,86058,549898,1469,383,33688,104858,525,15350,477922,87774,5907,547032,12331,8050,4281,546851,59597,314626,164976,126408,63200,33664,4170,258284,9510,241206,7568,248774,291919,40178,8390,4252,216266,200189,405054,35470
10,BIHAR,211,Purnia,Rural,576602,46434,525815,1344,332,6472,81484,329,14182,467032,49871,4950,521781,6782,4687,2095,503757,45997,267683,132039,110795,35093,26731,2049,218529,7673,205776,5080,210856,258352,26664,5435,1060,203653,171839,375501,29262
10,BIHAR,211,Purnia,Urban,64111,39624,24083,125,51,27216,23374,196,1168,10890,37903,957,25251,5549,3363,2186,43094,13600,46943,32937,15613,28107,6933,2121,39755,1837,35430,2488,37918,33567,13514,2955,3192,12613,28350,29553,6208
10,BIHAR,212,Katihar,Total,617063,60900,550660,1670,261,32570,115107,715,26140,434305,108018,7490,501555,13810,9770,4040,535555,44891,314391,171266,132058,60110,27263,2941,239686,8276,223358,8052,231410,285976,35004,5118,2847,209988,213303,372017,31743
10,BIHAR,212,Katihar,Rural,563679,26605,532056,1590,156,8284,94493,375,24931,428503,71443,6068,486168,6516,4656,1860,497864,39552,272510,142279,121726,33908,21876,1636,205289,6634,193542,5113,198655,261119,26230,3923,940,198945,186285,349449,27945
10,BIHAR,212,Katihar,Urban,53384,34295,18604,80,105,24286,20614,340,1209,5802,36575,1422,15387,7294,5114,2180,37691,5339,41881,28987,10332,26202,5387,1305,34397,1642,29816,2939,32755,24857,8774,1195,1907,11043,27018,22568,3798
10,BIHAR,213,Madhepura,Total,401001,23236,374908,1197,51,12302,126145,260,46472,210589,52388,3521,345092,6388,4508,1880,375819,9086,218811,122774,74766,23209,23309,1397,182773,5950,171436,5387,176823,169936,21254,4560,1231,134586,122266,253565,25170
10,BIHAR,213,Madhepura,Rural,383792,15213,365829,1166,47,5841,118044,162,45963,208767,43560,3259,336973,5723,4033,1690,360436,8563,206323,113524,71587,17841,21889,1090,172485,5536,162153,4796,166949,163569,18462,3983,811,129661,114448,245669,23675
10,BIHAR,213,Madhepura,Urban,17209,8023,9079,31,4,6461,8101,98,509,1822,8828,262,8119,665,475,190,15383,523,12488,9250,3179,5368,1420,307,10288,414,9283,591,9874,6367,2792,577,420,4925,7818,7896,1495
10,BIHAR,214,Saharsa,Total,368212,41342,323952,1279,214,21651,106480,661,64714,169002,61597,4608,302007,6629,4415,2214,338766,10505,174742,132591,60611,30518,19415,1668,166317,4957,155660,5700,161360,129847,20489,3824,1688,140426,112765,230855,24592
10,BIHAR,214,Saharsa,Rural,339776,23124,314109,1210,130,8162,95259,402,63531,167226,42377,4042,293357,5009,3436,1573,314926,8429,153075,116022,53985,18423,16623,968,146306,3970,138328,4008,142336,115213,14710,2882,633,135583,98706,218594,22476
10,BIHAR,214,Saharsa,Urban,28436,18218,9843,69,84,13489,11221,259,1183,1776,19220,566,8650,1620,979,641,23840,2076,21667,16569,6626,12095,2792,700,20011,987,17332,1692,19024,14634,5779,942,1055,4843,14059,12261,2116
10,BIHAR,215,Darbhanga,Total,805786,127442,668602,3342,731,59510,320232,2192,149716,249279,202524,11061,592201,19499,13083,6416,732449,38607,345511,306988,199508,80085,53205,6280,440719,17179,407567,15973,423540,320695,52586,10325,5197,233764,323914,416035,65837
10,BIHAR,215,Darbhanga,Rural,732270,80522,642931,3164,479,25631,293836,1287,146749,242897,153287,8750,570233,14842,9883,4959,671548,32295,294855,265218,178863,49826,45801,3939,390584,14568,363931,12085,376016,284427,38938,7555,2253,220571,286429,386607,59234
10,BIHAR,215,Darbhanga,Urban,73516,46920,25671,178,252,33879,26396,905,2967,6382,49237,2311,21968,4657,3200,1457,60901,6312,50656,41770,20645,30259,7404,2341,50135,2611,43636,3888,47524,36268,13648,2770,2944,13193,37485,29428,6603
10,BIHAR,216,Muzaffarpur,Total,947863,180651,759131,3178,833,87796,434025,3269,68410,336354,256532,11550,679781,44121,28866,15255,847806,27130,446177,449632,259307,172027,73012,10290,547479,30120,499073,18286,517359,548802,94249,23333,11643,187449,318366,550931,78566
10,BIHAR,216,Muzaffarpur,Rural,859579,113838,738509,2895,689,37326,407799,1124,67226,331434,188473,8366,662740,23288,13603,9685,794897,15024,379090,390305,241709,119830,60124,6405,479307,25918,440287,13102,453389,497661,69358,18042,5299,177901,268039,519014,72526
10,BIHAR,216,Muzaffarpur,Urban,88284,66813,20622,283,144,50470,26226,2145,1184,4920,68059,3184,17041,20833,15263,5570,52909,12106,67087,59327,17598,52197,12888,3885,68172,4202,58786,5184,63970,51141,24891,5291,6344,9548,50327,31917,6040
10,BIHAR,217,Gopalganj,Total,421727,69375,347573,2144,369,31193,203644,745,15611,167296,84425,4128,333174,16485,11448,5037,398240,786,255329,276915,154764,61380,33596,3707,316314,13560,296491,6263,302754,312727,51902,9508,3571,39548,167770,220633,33324
10,BIHAR,217,Gopalganj,Rural,396391,57322,334493,2109,324,21018,193873,515,15023,163089,71559,3806,321026,14386,10088,4298,375671,378,235015,260636,145597,51856,30340,3051,296784,12563,278594,5627,284221,297819,46626,8667,2609,36958,154004,210611,31776
10,BIHAR,217,Gopalganj,Urban,25336,12053,13080,35,45,10175,9771,230,588,4207,12866,322,12148,2099,1360,739,22569,408,20314,16279,9167,9524,3256,656,19530,997,17897,636,18533,14908,5276,841,962,2590,13766,10022,1548
10,BIHAR,218,Siwan,Total,544879,52935,484677,3382,365,42384,299389,1568,31379,164866,124672,5892,414315,19043,13978,5065,517194,1279,358850,402557,181860,74071,37833,3834,401299,14390,378819,8090,386909,382782,64065,10891,4088,60772,250186,250441,44252
10,BIHAR,218,Siwan,Rural,516701,36012,473833,3311,325,26918,290139,886,30851,163530,104557,5235,406909,16693,12427,4266,492370,627,334290,382793,173265,59357,34308,2991,377884,13604,357158,7122,364280,367070,57069,9861,2807,58284,233395,240759,42547
10,BIHAR,218,Siwan,Urban,28178,16923,10844,71,40,15466,9250,682,528,1336,20115,657,7406,2350,1551,799,24824,652,24560,19764,8595,14714,3525,843,23415,786,21661,968,22629,15712,6996,1030,1281,2488,16791,9682,1705
10,BIHAR,219,Saran,Total,641742,94787,538801,3695,701,51822,337088,1582,75117,166953,137526,8375,495841,27833,20535,7298,573321,5389,381637,393816,243581,128169,37442,4509,423960,15821,398651,9488,408139,431759,68604,10948,5009,93212,261791,324544,55407
10,BIHAR,219,Saran,Rural,585844,61892,516239,3593,603,27768,316478,919,71291,162825,104571,6625,474648,18877,13461,5416,533472,2122,342229,355157,224709,100924,31215,3101,383148,13608,361994,7546,369540,399546,58449,9224,3071,85805,233524,301332,50988
10,BIHAR,219,Saran,Urban,55898,32895,22562,102,98,24054,20610,663,3826,4128,32955,1750,21193,8956,7074,1882,39849,3267,39408,38659,18872,27245,6227,1408,40812,2213,36657,1942,38599,32213,10155,1724,1938,7407,28267,23212,4419
10,BIHAR,220,Vaishali,Total,632626,70001,555612,2630,732,47300,314041,1237,76967,181308,171904,7559,453163,18159,11725,6434,558727,11051,259500,338601,200083,101269,39564,4810,390123,15248,365200,9675,374875,397202,60246,11316,4366,111536,200588,355120,76918
10,BIHAR,220,Vaishali,Rural,595165,50840,538001,2512,493,32863,297116,1012,75266,177988,148682,6755,439728,14026,8607,5419,531891,8410,238173,316529,189242,85612,35608,3853,364086,14143,341399,8544,349943,375791,53011,9959,3032,105751,183823,338397,72945
10,BIHAR,220,Vaishali,Urban,37461,19161,17611,118,239,14437,16925,225,1701,3320,23222,804,13435,4133,3118,1015,26836,2641,21327,22072,10841,15657,3956,957,26037,1105,23801,1131,24932,21411,7235,1357,1334,5785,16765,16723,3973
10,BIHAR,221,Samastipur,Total,850353,88021,754639,2974,408,46123,311311,1017,58701,414695,159459,7848,683046,20385,13437,6948,762363,34740,352172,377365,183813,84248,50918,5379,441421,16741,412873,11807,424680,458268,56464,10621,4320,218786,271453,497429,81471
10,BIHAR,221,Samastipur,Rural,822111,70494,744281,2881,384,30596,302173,786,58201,412655,139638,7408,675065,15994,10344,5650,742155,31986,331780,359111,176369,70830,47412,4506,421298,15753,395147,10398,405545,444864,50625,9617,3063,213869,255942,486539,79630
10,BIHAR,221,Samastipur,Urban,28242,17527,10358,93,24,15527,9138,231,500,2040,19821,440,7981,4391,3093,1298,20208,2754,20392,18254,7444,13418,3506,873,20123,988,17726,1409,19135,13404,5839,1004,1257,4917,15511,10890,1841
10,BIHAR,222,Begusarai,Total,596110,120373,470680,1985,406,49493,233643,1088,52023,247577,186662,10056,399392,21384,14859,6525,542776,4641,313654,258554,106532,76761,43127,4644,334335,13978,309910,10447,320357,295852,41377,9821,4767,157678,203169,325511,67430
10,BIHAR,222,Begusarai,Rural,488062,61676,422153,1815,226,19056,183448,549,47095,229932,124302,6385,357375,12507,8131,4376,449693,2531,239448,203479,84248,41459,33406,2386,264972,10616,247291,7065,254356,237140,26782,6648,1770,134708,152722,278508,56832
10,BIHAR,222,Begusarai,Urban,108048,58697,48527,170,180,30437,50195,539,4928,17645,62360,3671,42017,8877,6728,2149,93083,2110,74206,55075,22284,35302,9721,2258,69363,3362,62619,3382,66001,58712,14595,3173,2997,22970,50447,47003,10598
10,BIHAR,223,Khagaria,Total,327701,40641,284722,1111,56,15401,79558,337,21869,207818,78061,4105,245535,9814,6597,3217,304558,6515,142226,106687,56603,31220,21654,1580,159866,5031,149998,4837,154835,99898,14047,3120,1113,123441,107752,190896,29053
10,BIHAR,223,Khagaria,Rural,312199,32153,277783,1083,53,8957,74027,286,21378,205096,67785,3639,240775,8999,6043,2956,290996,5719,130748,98306,53749,24773,20066,1259,149623,4521,141092,4010,145102,94606,12274,2830,777,119979,100695,183568,27936
10,BIHAR,223,Khagaria,Urban,15502,8488,6939,28,3,6444,5531,51,491,2722,10276,466,4760,815,554,261,13562,796,11478,8381,2854,6447,1588,321,10243,510,8906,827,9733,5292,1773,290,336,3462,7057,7328,1117
10,BIHAR,224,Bhagalpur,Total,563306,174534,381082,2642,771,63241,173357,1713,99362,170945,189954,10391,362961,45919,30227,15692,406622,30554,250177,256367,131976,117040,46929,6764,308044,13542,284153,10349,294502,220531,47618,8644,8210,162660,200033,314630,48643
10,BIHAR,224,Bhagalpur,Rural,458960,103017,349845,2267,634,21296,150568,920,93118,163347,115122,8026,335812,24806,15371,9435,348415,15664,179283,195828,106834,68371,32789,2881,235730,9326,219853,6551,226404,180099,27888,5067,2789,141796,148377,269982,40601
10,BIHAR,224,Bhagalpur,Urban,104346,71517,31237,375,137,41945,22789,793,6244,7598,74832,2365,27149,21113,14856,6257,58207,14890,70894,60539,25142,48669,14140,3883,72314,4216,64300,3798,68098,40432,19730,3577,5421,20864,51656,44648,8042
10,BIHAR,225,Banka,Total,380013,62359,312859,2126,168,15459,123710,611,135226,88584,46555,2948,330510,15071,8986,6085,251485,2243,108991,141737,78757,32859,22300,1704,181116,6235,170898,3983,174881,159201,24398,3258,1339,125029,126137,228235,25641
10,BIHAR,225,Banka,Rural,366656,56187,305807,2095,165,11028,120475,544,132060,86852,40569,2827,323260,13739,8195,5544,241460,2072,100812,135134,76097,28615,21133,1499,173046,5976,163369,3701,167070,154016,22438,2941,1049,121430,119715,221977,24964
10,BIHAR,225,Banka,Urban,13357,6172,7052,31,3,4431,3235,67,3166,1732,5986,121,7250,1332,791,541,10025,171,8179,6603,2660,4244,1167,205,8070,259,7529,282,7811,5185,1960,317,290,3599,6422,6258,677
10,BIHAR,226,Munger,Total,263749,90461,170124,1015,366,49141,119178,1137,54949,33151,102385,2822,158542,20237,14660,5577,176865,7168,126411,152376,56958,69973,17946,2653,149671,6558,138260,4853,143113,112707,24259,3755,2838,75019,102646,141038,20065
10,BIHAR,226,Munger,Rural,193801,41941,149504,885,131,15759,94188,384,49678,30901,50489,1818,141494,13179,9075,4104,130176,940,74275,104315,42590,32519,11919,1174,99272,3969,92736,2567,95303,72742,13603,2342,1025,64422,64764,113641,15396
10,BIHAR,226,Munger,Urban,69948,48520,20620,130,235,33382,24990,753,5271,2250,51896,1004,17048,7058,5585,1473,46689,6228,52136,48061,14368,37454,6027,1479,50399,2589,45524,2286,47810,39965,10656,1413,1813,10597,37882,27397,4669
10,BIHAR,227,Lakhisarai,Total,164430,44491,117551,1555,137,12938,49609,723,64932,32743,52316,2274,109840,9477,6046,3431,125323,1875,75362,83837,28996,31048,8862,1186,95917,2869,90531,2517,93048,49052,9577,2415,747,52760,56365,95238,12827
10,BIHAR,227,Lakhisarai,Rural,140728,29250,109313,1495,108,5803,42610,404,59062,31019,37717,1849,101162,7156,4548,2608,107415,482,59185,68626,25048,21477,7408,902,79877,2479,75357,2041,77398,42276,7689,1989,467,46979,47050,82838,10840
10,BIHAR,227,Lakhisarai,Urban,23702,15241,8238,60,29,7135,6999,319,5870,1724,14599,425,8678,2321,1498,823,17908,1393,16177,15211,3948,9571,1454,284,16040,390,15174,476,15650,6776,1888,426,280,5781,9315,12400,1987
10,BIHAR,228,Sheikhpura,Total,103748,20065,81838,1020,55,6803,9875,485,56949,25319,30019,1463,72266,5094,3038,2056,85021,526,38651,42689,20176,16279,8873,631,61568,2163,57043,2362,59405,33652,6933,1728,635,30681,34741,59609,9398
10,BIHAR,228,Sheikhpura,Rural,86465,9831,74916,986,40,1857,6917,356,50826,23912,21004,1381,64080,3386,2095,1291,73430,241,28556,33890,16526,9513,7380,411,49889,1640,46321,1928,48249,27029,4905,1278,395,27225,26463,51882,8120
10,BIHAR,228,Sheikhpura,Urban,17283,10234,6922,34,15,4946,2958,129,6123,1407,9015,82,8186,1708,943,765,11591,285,10095,8799,3650,6766,1493,220,11679,523,10722,434,11156,6623,2028,450,240,3456,8278,7727,1278
10,BIHAR,229,Nalanda,Total,487322,101378,375684,6267,737,43761,68777,3186,264000,83172,149675,6946,330701,38617,26457,12160,383937,6072,223694,233259,81505,87070,43848,4156,273472,12973,250849,9650,260499,121583,29239,7955,3720,162821,165892,276808,44622
10,BIHAR,229,Nalanda,Rural,411602,49039,353477,5943,396,14853,53025,1905,250960,78041,93939,5868,311795,16098,9162,6936,346216,1086,171482,191595,68891,54407,35847,2589,223213,9883,205830,7500,213330,96253,19571,6097,1801,145671,127271,245122,39209
10,BIHAR,229,Nalanda,Urban,75720,52339,22207,324,341,28908,15752,1281,13040,5131,55736,1078,18906,22519,17295,5224,37721,4986,52212,41664,12614,32663,8001,1567,50259,3090,45019,2150,47169,25330,9668,1858,1919,17150,38621,31686,5413
10,BIHAR,230,Patna,Total,957441,546859,400713,4188,1246,321307,153228,6831,358640,70320,507581,16305,433555,231255,178595,52660,575942,90643,607942,598395,227469,453344,132582,40692,662665,38617,590486,33562,624048,430595,176114,49821,61156,176092,440301,446060,71080
10,BIHAR,230,Patna,Rural,544392,173979,363530,3371,578,34058,101366,2017,323580,61813,150106,6260,388026,24834,15125,9709,474129,4619,262732,282711,111458,141047,42040,4832,316742,15192,291756,9794,301550,228401,43198,8741,4047,145299,176639,317986,49767
10,BIHAR,230,Patna,Urban,413049,372880,37183,817,668,287249,51862,4814,35060,8507,357475,10045,45529,206421,163470,42951,101813,86024,345210,315684,116011,312297,90542,35860,345923,23425,298730,23768,322498,202194,132916,41080,57109,30793,263662,128074,21313
10,BIHAR,231,Bhojpur,Total,415555,62153,342369,7202,573,45763,101788,1930,221654,30125,112983,5611,296961,15589,11297,4292,383740,3508,312557,258692,119372,87879,34658,3661,268330,11934,246774,9622,256396,206776,43689,7391,4227,89322,149112,230558,35885
10,BIHAR,231,Bhojpur,Rural,357782,24311,323095,7025,480,16951,86911,1389,213965,27936,73342,4805,279635,12028,8730,3298,333926,511,262511,219783,104225,57360,27774,2187,225190,9598,208610,6982,215592,179105,32539,5879,2026,80274,119826,206831,31125
10,BIHAR,231,Bhojpur,Urban,57773,37842,19274,177,93,28812,14877,541,7689,2189,39641,806,17326,3561,2567,994,49814,2997,50046,38909,15147,30519,6884,1474,43140,2336,38164,2640,40804,27671,11150,1512,2201,9048,29286,23727,4760
10,BIHAR,232,Buxar,Total,262398,46760,210396,2960,338,27362,57946,1288,152284,16590,64826,3143,194429,10728,7270,3458,237528,3437,188476,148905,78643,48405,19324,1784,174119,7107,162604,4408,167012,137996,26325,5341,2034,51693,90732,144611,27055
10,BIHAR,232,Buxar,Rural,236453,28507,202895,2910,311,13949,50159,945,149860,15964,47387,2672,186394,8306,5674,2632,217712,941,168617,131908,72605,34983,17092,1306,155007,6331,145026,3650,148676,125569,21594,4545,1286,47367,77338,134334,24781
10,BIHAR,232,Buxar,Urban,25945,18253,7501,50,27,13413,7787,343,2424,626,17439,471,8035,2422,1596,826,19816,2496,19859,16997,6038,13422,2232,478,19112,776,17578,758,18336,12427,4731,796,748,4326,13394,10277,2274
10,BIHAR,233,Kaimur (Bhabua),Total,245048,52899,188682,1129,336,12540,56243,1142,156808,12572,40996,2135,201917,9201,5934,3267,208477,1678,135987,107884,62200,48728,17223,2100,149676,6400,138835,4441,143276,111045,22998,6503,1909,57411,84201,145090,15757
10,BIHAR,233,Kaimur (Bhabua),Rural,235155,45272,186478,1112,322,7174,53168,1062,155873,12367,34049,2022,199084,8530,5479,3051,200061,1071,127765,101793,59004,43350,16014,1863,141855,5878,131868,4109,135977,106889,21037,6108,1497,56028,78076,141774,15305
10,BIHAR,233,Kaimur (Bhabua),Urban,9893,7627,2204,17,14,5366,3075,80,935,205,6947,113,2833,671,455,216,8416,607,8222,6091,3196,5378,1209,237,7821,522,6967,332,7299,4156,1961,395,412,1383,6125,3316,452
10,BIHAR,234,Rohtas,Total,455878,114893,334537,2762,444,41659,95735,1771,267568,28139,128652,4849,322377,25242,19462,5780,407358,5158,356548,270296,123491,106218,36279,4594,312557,12400,291988,8169,300157,224824,49892,10819,4727,87387,174992,252138,28748
10,BIHAR,234,Rohtas,Rural,387316,70402,311170,2622,297,14128,80300,1014,255664,25509,81750,3931,301635,11600,8736,2864,358732,1271,298400,225057,105671,72495,28988,2920,260424,9956,244669,5799,250468,194848,37345,8469,2657,77004,139160,223451,24705
10,BIHAR,234,Rohtas,Urban,68562,44491,23367,140,147,27531,15435,757,11904,2630,46902,918,20742,13642,10726,2916,48626,3887,58148,45239,17820,33723,7291,1674,52133,2444,47319,2370,49689,29976,12547,2350,2070,10383,35832,28687,4043
10,BIHAR,235,Aurangabad,Total,387122,44456,333531,6291,371,24106,88242,1398,223708,35595,84329,4371,298422,13998,9263,4735,346754,2770,247664,197084,102946,45871,31168,2362,235248,8511,221469,5268,226737,195301,32335,7145,2292,88099,144183,217920,25019
10,BIHAR,235,Aurangabad,Rural,351828,24928,318291,5958,353,9309,80120,1136,217447,33992,60345,3877,287606,11816,7646,4170,316616,1097,217839,174220,92514,31125,27752,1691,208617,7484,196418,4715,201133,178219,25902,5890,1377,82890,125295,203426,23107
10,BIHAR,235,Aurangabad,Urban,35294,19528,15240,333,18,14797,8122,262,6261,1603,23984,494,10816,2182,1617,565,30138,1673,29825,22864,10432,14746,3416,671,26631,1027,25051,553,25604,17082,6433,1255,915,5209,18888,14494,1912
10,BIHAR,236,Gaya,Total,690505,112617,566409,6515,1083,57738,239076,2105,256318,92836,167232,6842,516431,37002,23563,13439,561462,15636,312298,327030,161992,107970,57011,6856,383973,16741,356281,10951,367232,294227,59202,11827,7865,201327,228961,410055,51489
10,BIHAR,236,Gaya,Rural,603194,41494,551428,6274,482,12251,227632,1061,247854,89577,99305,5209,498680,17343,9353,7990,511194,1560,243060,265130,136109,51939,43410,3125,313174,12081,293254,7839,301093,243483,35807,7811,2096,192880,177170,378643,47381
10,BIHAR,236,Gaya,Urban,87311,71123,14981,241,601,45487,11444,1044,8464,3259,67927,1633,17751,19659,14210,5449,50268,14076,69238,61900,25883,56031,13601,3731,70799,4660,63027,3112,66139,50744,23395,4016,5769,8447,51791,31412,4108
10,BIHAR,237,Nawada,Total,346749,31162,308039,5269,208,20522,107007,1182,141146,56009,77297,3523,265929,10224,5583,4641,297531,2137,149765,117960,57986,34020,28411,1841,182748,5805,172239,4704,176943,75606,15948,3991,1322,130347,103611,208644,34494
10,BIHAR,237,Nawada,Rural,313669,12558,294090,5066,182,7776,100437,820,136866,54049,54368,3065,256236,7938,4317,3621,270910,814,124515,100575,50593,20335,25145,1227,158586,4547,150022,4017,154039,65494,11810,3108,650,123632,85784,195508,32377
10,BIHAR,237,Nawada,Urban,33080,18604,13949,203,26,12746,6570,362,4280,1960,22929,458,9693,2286,1266,1020,26621,1323,25250,17385,7393,13685,3266,614,24162,1258,22217,687,22904,10112,4138,883,672,6715,17827,13136,2117
10,BIHAR,238,Jamui,Total,308291,32633,270973,2618,335,12984,166832,1175,73908,43587,45733,2499,260059,12828,7463,5365,160910,2079,66941,116912,51172,27056,22414,1839,159792,8130,147950,3712,151662,113424,18411,4842,1341,102781,89388,194095,24808
10,BIHAR,238,Jamui,Rural,283684,19753,259579,2558,306,6084,158490,881,70484,41308,33712,2223,247749,10324,5581,4743,144048,873,52916,103501,46356,18098,20030,1280,142949,6895,132855,3199,136054,103105,15076,4081,781,97680,78889,182074,22721
10,BIHAR,238,Jamui,Urban,24607,12880,11394,60,29,6900,8342,294,3424,2279,12021,276,12310,2504,1882,622,16862,1206,14025,13411,4816,8958,2384,559,16843,1235,15095,513,15608,10319,3335,761,560,5101,10499,12021,2087
10,BIHAR,239,Jehanabad,Total,181646,27641,150447,1940,119,15507,32428,540,102344,21977,50439,1776,129431,6054,3652,2402,164518,1009,99381,90400,49416,32086,11302,1106,100130,3263,94340,2527,96867,69637,13682,2522,1251,54130,59350,106309,15987
10,BIHAR,239,Jehanabad,Rural,159632,12845,143688,1846,111,5537,29179,404,98088,20556,35536,1622,122474,3734,2072,1662,146684,194,82436,76404,42745,20792,9324,692,84060,2624,79277,2159,81436,61390,10395,1912,671,50218,47489,97671,14472
10,BIHAR,239,Jehanabad,Urban,22014,14796,6759,94,8,9970,3249,136,4256,1421,14903,154,6957,2320,1580,740,17834,815,16945,13996,6671,11294,1978,414,16070,639,15063,368,15431,8247,3287,610,580,3912,11861,8638,1515
10,BIHAR,240,Arwal,Total,117803,2203,110761,4161,46,4176,14257,223,85672,10924,27875,1164,88764,1659,1104,555,111815,159,83287,62383,35782,11482,6378,413,63570,1883,60636,1051,61687,55439,7667,1386,360,32814,36647,72123,9033
10,BIHAR,240,Arwal,Rural,109546,1385,103639,4005,46,2785,12816,213,81397,10259,24653,1155,83738,1527,1072,455,103838,151,76354,57269,33100,9649,5955,378,58337,1780,55589,968,56557,51004,6857,1267,309,31139,33160,67854,8532
10,BIHAR,240,Arwal,Urban,8257,818,7122,156,0,1391,1441,10,4275,665,3222,9,5026,132,32,100,7977,8,6933,5114,2682,1833,423,35,5233,103,5047,83,5130,4435,810,119,51,1675,3487,4269,501
11,SIKKIM,241,North District,Total,8903,7826,945,44,58,2343,5710,483,34,66,6887,112,1904,6402,565,5837,0,2,3337,5691,1919,4193,590,116,6150,142,5882,126,6008,62,239,638,141,1901,4791,3798,314
11,SIKKIM,241,North District,Rural,7951,6883,937,44,57,1628,5634,333,33,64,5961,102,1888,5521,553,4968,0,2,2604,5040,1535,3473,426,58,5266,129,5045,92,5137,43,209,521,83,1870,4049,3605,297
11,SIKKIM,241,North District,Urban,952,943,8,0,1,715,76,150,1,2,926,10,16,881,12,869,0,0,733,651,384,720,164,58,884,13,837,34,871,19,30,117,58,31,742,193,17
11,SIKKIM,242,West District,Total,27860,25272,2339,65,147,5337,21525,490,77,279,23481,341,4038,23303,3714,19589,0,2,10086,19456,4911,10840,1956,286,16776,274,15914,588,16502,131,641,1379,436,8224,11707,13973,2180
11,SIKKIM,242,West District,Rural,26731,24151,2332,65,147,4470,21390,392,76,275,22473,232,4026,22217,2714,19503,0,2,9341,18625,4636,9981,1744,229,15763,232,15022,509,15531,119,589,1209,340,8154,10826,13799,2106
11,SIKKIM,242,West District,Urban,1129,1121,7,0,0,867,135,98,1,4,1008,109,12,1086,1000,86,0,0,745,831,275,859,212,57,1013,42,892,79,971,12,52,170,96,70,881,174,74
11,SIKKIM,243,South District,Total,30246,27587,2453,31,123,10021,18714,930,48,171,26286,150,3810,27600,8307,19293,1,5,18293,19438,6360,14689,2626,591,21124,436,20095,593,20688,208,759,2026,821,6280,16438,12258,1550
11,SIKKIM,243,South District,Rural,25476,22881,2404,26,113,6041,18417,507,46,156,21617,116,3743,22981,3998,18983,1,5,14668,16132,5812,11033,1533,296,16729,270,16114,345,16459,130,573,1320,413,6070,12440,11528,1508
11,SIKKIM,243,South District,Urban,4770,4706,49,5,10,3980,297,423,2,15,4669,34,67,4619,4309,310,0,0,3625,3306,548,3656,1093,295,4395,166,3981,248,4229,78,186,706,408,210,3998,730,42
11,SIKKIM,244,East District,Total,61122,57893,2651,165,322,35170,21361,3730,60,253,55080,1282,4760,51963,24824,27139,20,44,35687,41872,16254,40378,9662,3291,49441,1397,44805,3239,48044,734,1991,6556,3623,6907,39506,18710,2906
11,SIKKIM,244,East District,Rural,32212,29362,2402,158,210,10299,19977,1424,43,190,27643,496,4073,25622,5102,20520,14,10,12249,18899,8792,17005,2478,500,22825,575,21478,772,22250,220,867,1871,611,5812,16414,13387,2411
11,SIKKIM,244,East District,Urban,28910,28531,249,7,112,24871,1384,2306,17,63,27437,786,687,26341,19722,6619,6,34,23438,22973,7462,23373,7184,2791,26616,822,23327,2467,25794,514,1124,4685,3012,1095,23092,5323,495
12,ARUNACHAL PRADESH,245,Tawang,Total,9477,8635,630,119,45,3794,5442,160,1,27,7026,106,2345,7643,4352,3291,0,8,3806,7313,2356,4824,494,96,4036,771,2310,955,3265,105,205,895,247,3232,5046,4098,333
12,ARUNACHAL PRADESH,245,Tawang,Rural,7891,7053,626,119,45,2311,5427,97,1,25,5480,90,2321,6072,2855,3217,0,8,2288,5854,1810,3418,249,48,2620,664,1524,432,1956,36,118,501,95,3185,3865,3702,324
12,ARUNACHAL PRADESH,245,Tawang,Urban,1586,1582,4,0,0,1483,15,63,0,2,1546,16,24,1571,1497,74,0,0,1518,1459,546,1406,245,48,1416,107,786,523,1309,69,87,394,152,47,1181,396,9
12,ARUNACHAL PRADESH,246,West Kameng,Total,16405,14188,1276,83,444,7133,8948,180,10,68,8253,681,7471,14074,8810,5264,0,92,6902,9404,3081,8634,887,202,7942,434,6641,867,7508,348,1045,1299,371,5087,8306,7670,429
12,ARUNACHAL PRADESH,246,West Kameng,Rural,12542,10413,1209,81,428,3732,8630,71,9,57,4876,566,7100,10261,6102,4159,0,92,4347,6172,2354,5474,397,75,4708,374,3927,407,4334,266,738,697,109,4835,6169,6058,315
12,ARUNACHAL PRADESH,246,West Kameng,Urban,3863,3775,67,2,16,3401,318,109,1,11,3377,115,371,3813,2708,1105,0,0,2555,3232,727,3160,490,127,3234,60,2714,460,3174,82,307,602,262,252,2137,1612,114
12,ARUNACHAL PRADESH,247,East Kameng,Total,14610,5318,2039,753,5436,3583,10761,42,4,142,4703,675,9232,11181,4943,6238,2,44,2839,5897,2116,3169,885,57,4178,262,3378,538,3916,755,1382,577,203,8242,6117,8122,371
12,ARUNACHAL PRADESH,247,East Kameng,Rural,11078,1852,1982,749,5434,592,10328,7,3,120,2442,332,8304,7886,3022,4864,2,44,1147,2878,1737,955,518,13,1807,102,1530,175,1705,550,798,247,39,7540,4343,6451,284
12,ARUNACHAL PRADESH,247,East Kameng,Urban,3532,3466,57,4,2,2991,433,35,1,22,2261,343,928,3295,1921,1374,0,0,1692,3019,379,2214,367,44,2371,160,1848,363,2211,205,584,330,164,702,1774,1671,87
12,ARUNACHAL PRADESH,248,Papum Pare,Total,33476,30539,1675,150,776,22966,9309,290,37,298,25706,1457,6313,25063,19052,6011,160,502,19772,25850,5958,23203,7418,2477,27411,1397,22828,3186,26014,3898,8668,6454,4243,3302,19966,12267,1243
12,ARUNACHAL PRADESH,248,Papum Pare,Rural,13537,11035,1397,128,733,5119,8024,57,8,155,7413,489,5635,8167,4259,3908,118,210,5722,8618,3052,6756,2026,513,8653,415,7611,627,8238,2686,3390,1925,972,2735,6997,5998,542
12,ARUNACHAL PRADESH,248,Papum Pare,Urban,19939,19504,278,22,43,17847,1285,233,29,143,18293,968,678,16896,14793,2103,42,292,14050,17232,2906,16447,5392,1964,18758,982,15217,2559,17776,1212,5278,4529,3271,567,12969,6269,701
12,ARUNACHAL PRADESH,249,Upper Subansiri,Total,15541,5373,3962,696,4171,3123,12138,59,28,106,6658,851,8032,11712,3715,7997,36,11,3847,6840,4629,3580,750,139,3653,475,2569,609,3178,782,1435,569,189,7284,6037,9150,354
12,ARUNACHAL PRADESH,249,Upper Subansiri,Rural,12952,2807,3943,694,4171,877,11867,12,27,98,4455,701,7796,9175,1876,7299,36,11,1956,4699,3989,1513,515,47,1743,260,1207,276,1483,529,856,330,53,7029,4476,8153,323
12,ARUNACHAL PRADESH,249,Upper Subansiri,Urban,2589,2566,19,2,0,2246,271,47,1,8,2203,150,236,2537,1839,698,0,0,1891,2141,640,2067,235,92,1910,215,1362,333,1695,253,579,239,136,255,1561,997,31
12,ARUNACHAL PRADESH,250,West Siang,Total,20474,14204,1916,1345,2407,6115,14065,57,12,138,15800,501,4173,17389,3933,13456,457,84,9685,12180,4771,9593,1300,303,10217,869,7725,1623,9348,2129,4023,1964,621,6004,12385,7861,228
12,ARUNACHAL PRADESH,250,West Siang,Rural,15387,9172,1864,1344,2406,1633,13573,10,8,124,10936,392,4059,13029,2900,10129,78,31,5758,7672,4078,5480,712,96,5959,558,4712,689,5401,1403,2692,1074,260,5725,8930,6336,121
12,ARUNACHAL PRADESH,250,West Siang,Urban,5087,5032,52,1,1,4482,492,47,4,14,4864,109,114,4360,1033,3327,379,53,3927,4508,693,4113,588,207,4258,311,3013,934,3947,726,1331,890,361,279,3455,1525,107
12,ARUNACHAL PRADESH,251,East Siang,Total,19095,14231,4380,323,53,4866,13895,99,15,107,11735,503,6857,12954,4484,8470,3343,455,7504,12455,7467,9363,1582,450,12744,943,10557,1244,11801,6380,4568,2072,930,3083,11530,7100,465
12,ARUNACHAL PRADESH,251,East Siang,Rural,12904,8548,3905,321,52,1050,11689,11,12,83,6119,307,6478,8321,2503,5818,2324,199,3677,7352,4871,4960,715,201,7431,438,6308,685,6993,4177,2753,1241,393,2800,9097,3610,197
12,ARUNACHAL PRADESH,251,East Siang,Urban,6191,5683,475,2,1,3816,2206,88,3,24,5616,196,379,4633,1981,2652,1019,256,3827,5103,2596,4403,867,249,5313,505,4249,559,4808,2203,1815,831,537,283,2433,3490,268
12,ARUNACHAL PRADESH,252,Upper Siang,Total,7186,6198,161,467,111,1504,5575,39,4,46,4413,123,2650,6796,3308,3488,0,1,2537,4117,1415,2823,392,97,3491,99,2890,502,3392,136,1031,430,165,2602,4766,2380,40
12,ARUNACHAL PRADESH,252,Upper Siang,Rural,5652,4692,147,463,103,444,5131,24,2,41,3183,98,2371,5272,2504,2768,0,1,1411,2795,1234,1647,168,17,2230,42,1948,240,2188,80,702,190,53,2472,3978,1651,23
12,ARUNACHAL PRADESH,252,Upper Siang,Urban,1534,1506,14,4,8,1060,444,15,2,5,1230,25,279,1524,804,720,0,0,1126,1322,181,1176,224,80,1261,57,942,262,1204,56,329,240,112,130,788,729,17
12,ARUNACHAL PRADESH,253,Changlang,Total,28428,14593,11907,224,1463,4762,22902,522,12,137,19606,476,8346,12297,2425,9872,7107,2057,12040,9265,6639,9314,1486,170,10621,434,9224,963,10187,13306,2450,1102,499,7516,14273,13700,455
12,ARUNACHAL PRADESH,253,Changlang,Rural,24444,10913,11670,222,1422,2217,21554,476,12,129,15970,370,8104,8695,1998,6697,7105,2050,9444,6274,6078,6457,1022,67,7773,330,6987,456,7443,12320,1693,624,192,6909,11847,12175,422
12,ARUNACHAL PRADESH,253,Changlang,Urban,3984,3680,237,2,41,2545,1348,46,0,8,3636,106,242,3602,427,3175,2,7,2596,2991,561,2857,464,103,2848,104,2237,507,2744,986,757,478,307,607,2426,1525,33
12,ARUNACHAL PRADESH,254,Tirap,Total,19485,16026,2275,60,999,3104,16206,78,6,46,16937,582,1966,11931,4639,7292,16,117,4989,13004,2281,6118,888,98,7182,163,6563,456,7019,963,1369,679,216,9493,10669,8601,215
12,ARUNACHAL PRADESH,254,Tirap,Rural,15458,12127,2180,58,981,749,14620,23,4,33,13235,503,1720,9303,3343,5960,11,112,2492,9655,1966,3287,573,26,4165,84,3917,164,4081,521,820,282,49,8954,8601,6701,156
12,ARUNACHAL PRADESH,254,Tirap,Urban,4027,3899,95,2,18,2355,1586,55,2,13,3702,79,246,2628,1296,1332,5,5,2497,3349,315,2831,315,72,3017,79,2646,292,2938,442,549,397,167,539,2068,1900,59
12,ARUNACHAL PRADESH,255,Lower Subansiri,Total,15134,12493,979,17,1180,4211,10422,253,10,128,11232,338,3564,12831,3525,9306,0,142,7800,10004,3921,7285,1598,381,9532,505,7429,1598,9027,1063,2973,2002,655,3513,9331,5599,204
12,ARUNACHAL PRADESH,255,Lower Subansiri,Rural,12066,9450,970,17,1180,1939,9875,52,7,122,8211,298,3557,9810,2197,7613,0,142,5175,7513,3408,4829,1127,240,6749,396,5482,871,6353,794,2357,1513,371,3344,7035,4848,183
12,ARUNACHAL PRADESH,255,Lower Subansiri,Urban,3068,3043,9,0,0,2272,547,201,3,6,3021,40,7,3021,1328,1693,0,0,2625,2491,513,2456,471,141,2783,109,1947,727,2674,269,616,489,284,169,2296,751,21
12,ARUNACHAL PRADESH,256,Kurung Kumey,Total,15962,3911,1531,869,8852,586,15070,25,10,192,4066,564,11332,6770,1736,5034,0,99,1688,3288,3167,1320,969,95,3318,156,2988,174,3162,189,884,605,106,9711,6843,7157,1962
12,ARUNACHAL PRADESH,256,Kurung Kumey,Rural,15417,3413,1499,869,8851,468,14685,16,10,173,3627,512,11278,6240,1477,4763,0,99,1525,2895,3067,1026,905,66,2860,135,2582,143,2725,176,826,509,74,9648,6597,6886,1934
12,ARUNACHAL PRADESH,256,Kurung Kumey,Urban,545,498,32,0,1,118,385,9,0,19,439,52,54,530,259,271,0,0,163,393,100,294,64,29,458,21,406,31,437,13,58,96,32,63,246,271,28
12,ARUNACHAL PRADESH,257,Dibang Valley,Total,1871,1074,200,213,307,605,1230,6,3,14,1311,107,453,1649,352,1297,0,0,932,956,386,685,133,17,816,60,662,94,756,46,283,96,35,637,821,925,125
12,ARUNACHAL PRADESH,257,Dibang Valley,Rural,1297,524,176,213,307,130,1139,5,3,7,839,26,432,1080,230,850,0,0,521,490,341,244,61,7,361,27,318,16,334,30,209,51,12,588,559,645,93
12,ARUNACHAL PRADESH,257,Dibang Valley,Urban,574,550,24,0,0,475,91,1,0,7,472,81,21,569,122,447,0,0,411,466,45,441,72,10,455,33,344,78,422,16,74,45,23,49,262,280,32
12,ARUNACHAL PRADESH,258,Lower Dibang Valley,Total,10883,5932,3189,1223,340,3068,7636,40,4,100,6143,494,4246,7059,1286,5773,2438,139,5416,5424,2736,4345,742,207,6616,217,5804,595,6399,4410,2128,703,346,2035,5247,5277,359
12,ARUNACHAL PRADESH,258,Lower Dibang Valley,Rural,8626,3737,3141,1222,338,1216,7280,13,4,89,4143,430,4053,4908,1177,3731,2438,139,3661,3577,2457,2592,472,110,4623,172,4177,274,4451,3757,1550,519,184,1886,3802,4549,275
12,ARUNACHAL PRADESH,258,Lower Dibang Valley,Urban,2257,2195,48,1,2,1852,356,27,0,11,2000,64,193,2151,109,2042,0,0,1755,1847,279,1753,270,97,1993,45,1627,321,1948,653,578,184,162,149,1445,728,84
12,ARUNACHAL PRADESH,259,Lohit,Total,29407,17157,11350,40,738,6549,22381,64,50,200,17327,911,11169,8500,1328,7172,14307,2548,16365,10888,6169,12215,1471,312,13372,752,11499,1121,12620,16426,3884,1203,631,6426,12415,15402,1590
12,ARUNACHAL PRADESH,259,Lohit,Rural,22412,10984,10637,38,636,2468,19587,23,45,178,11087,778,10547,4301,882,3419,12022,2175,11180,6225,4527,7066,815,84,7968,436,7035,497,7532,11978,2292,585,194,5833,8937,12136,1339
12,ARUNACHAL PRADESH,259,Lohit,Urban,6995,6173,713,2,102,4081,2794,41,5,22,6240,133,622,4199,446,3753,2285,373,5185,4663,1642,5149,656,228,5404,316,4464,624,5088,4448,1592,618,437,593,3478,3266,251
12,ARUNACHAL PRADESH,260,Anjaw,Total,4180,1949,830,1015,234,476,3626,15,0,40,1200,76,2904,3624,1238,2386,0,0,1307,1845,479,1153,252,27,1239,55,1027,157,1184,51,363,79,28,2087,1711,2227,242
12,ARUNACHAL PRADESH,260,Anjaw,Rural,4060,1830,829,1015,234,418,3567,15,0,38,1123,76,2861,3504,1164,2340,0,0,1230,1765,475,1071,240,27,1151,54,944,153,1097,51,346,73,26,2070,1673,2145,242
12,ARUNACHAL PRADESH,260,Anjaw,Urban,120,119,1,0,0,58,59,0,0,2,77,0,43,120,74,46,0,0,77,80,4,82,12,0,88,1,83,4,87,0,17,6,2,17,38,82,0
13,NAGALAND,261,Mon,Total,41347,14398,24210,132,1781,1080,39500,82,18,488,27663,3876,9808,20867,1046,19821,53,58,8005,6585,6509,5647,2844,178,13012,235,12301,476,12777,2148,1571,1007,233,23271,14923,25608,816
13,NAGALAND,261,Mon,Rural,35804,9273,23836,126,1751,125,35043,15,16,436,22444,3675,9685,17866,972,16894,46,22,5701,3563,5660,2857,2263,75,8617,161,8136,320,8456,1676,915,491,45,22452,12385,22911,508
13,NAGALAND,261,Mon,Urban,5543,5125,374,6,30,955,4457,67,2,52,5219,201,123,3001,74,2927,7,36,2304,3022,849,2790,581,103,4395,74,4165,156,4321,472,656,516,188,819,2538,2697,308
13,NAGALAND,262,Mokokchung,Total,42344,40154,1890,117,62,7236,34501,134,9,272,41057,821,466,24062,2264,21798,16,164,10166,14224,11753,20192,2728,537,22667,628,20356,1683,22039,2132,5184,3805,1101,10713,27792,14305,247
13,NAGALAND,262,Mokokchung,Rural,30016,28032,1728,99,50,2183,27558,10,8,184,28908,692,416,18320,1406,16914,5,111,6444,6836,9531,11819,1101,162,12958,260,12075,623,12698,1345,3493,1825,265,9457,19622,10239,155
13,NAGALAND,262,Mokokchung,Urban,12328,12122,162,18,12,5053,6943,124,1,88,12149,129,50,5742,858,4884,11,53,3722,7388,2222,8373,1627,375,9709,368,8281,1060,9341,787,1691,1980,836,1256,8170,4066,92
13,NAGALAND,263,Zunheboto,Total,30333,28846,1088,156,184,1433,28266,206,51,291,22868,1347,6118,18102,3930,14172,1,107,5742,8704,7899,9954,2008,261,15491,357,14194,940,15134,713,1033,2258,424,10311,16877,13014,442
13,NAGALAND,263,Zunheboto,Rural,25388,24046,1001,123,162,637,24343,51,21,258,18200,1163,6025,15621,3420,12201,0,106,4024,5700,7002,6752,1532,135,11373,279,10571,523,11094,546,762,1468,201,9772,13723,11231,434
13,NAGALAND,263,Zunheboto,Urban,4945,4800,87,33,22,796,3923,155,30,33,4668,184,93,2481,510,1971,1,1,1718,3004,897,3202,476,126,4118,78,3623,417,4040,167,271,790,223,539,3154,1783,8
13,NAGALAND,264,Wokha,Total,33269,25268,6934,161,276,3228,29390,82,34,201,22108,1886,9275,8234,621,7613,250,225,4293,11588,13543,10923,1757,198,14850,400,13898,552,14450,2907,1713,1592,429,10228,17678,15304,287
13,NAGALAND,264,Wokha,Rural,27028,19111,6872,161,265,930,25577,11,33,168,16075,1846,9107,5929,518,5411,248,216,2628,7196,10962,6704,1154,96,9821,286,9210,325,9535,2674,1249,911,151,9566,12803,13950,275
13,NAGALAND,264,Wokha,Urban,6241,6157,62,0,11,2298,3813,71,1,33,6033,40,168,2305,103,2202,2,9,1665,4392,2581,4219,603,102,5029,114,4688,227,4915,233,464,681,278,662,4875,1354,12
13,NAGALAND,265,Dimapur,Total,76732,71413,4631,62,325,42378,31505,1272,196,594,72398,1411,2923,10539,4378,6161,8191,16544,51177,42503,15788,50453,12077,3303,60055,2112,53082,4861,57943,18820,10821,10008,6070,7354,44528,30192,2012
13,NAGALAND,265,Dimapur,Rural,36034,31571,3899,48,272,12475,22747,250,107,255,33004,583,2447,3971,1189,2782,3620,3266,18444,15671,7954,20030,3874,953,25265,769,22870,1626,24496,11248,4649,4248,1898,4463,18776,16119,1139
13,NAGALAND,265,Dimapur,Urban,40698,39842,732,14,53,29903,8758,1022,89,339,39394,828,476,6568,3189,3379,4571,13278,32733,26832,7834,30423,8203,2350,34790,1343,30212,3235,33447,7572,6172,5760,4172,2891,25752,14073,873
13,NAGALAND,266,Phek,Total,37891,36182,1089,17,182,2073,35386,19,19,236,29489,2810,5592,31634,4658,26976,7,156,6764,11773,9557,9553,1558,170,17005,362,15543,1100,16643,549,838,1780,406,15691,17257,19841,793
13,NAGALAND,266,Phek,Rural,32889,31256,1027,16,178,847,31662,13,19,203,24807,2705,5377,28011,3815,24196,6,152,4733,8909,8367,6875,1201,109,13189,290,12163,736,12899,480,661,1320,242,14839,14222,17893,774
13,NAGALAND,266,Phek,Urban,5002,4926,62,1,4,1226,3724,6,0,33,4682,105,215,3623,843,2780,1,4,2031,2864,1190,2678,357,61,3816,72,3380,364,3744,69,177,460,164,852,3035,1948,19
13,NAGALAND,267,Tuensang,Total,38987,24998,10743,127,1007,773,37611,48,6,452,22080,4173,12734,28436,2168,26268,5,5,9252,7365,6436,7687,2251,155,13878,300,13037,541,13578,355,738,1063,208,20137,16302,21370,1315
13,NAGALAND,267,Tuensang,Rural,32185,18446,10529,119,996,145,31613,20,4,345,16043,3718,12424,24147,1463,22684,1,2,6947,3734,5498,3969,1554,57,8779,136,8272,371,8643,255,463,504,52,19006,13373,17705,1107
13,NAGALAND,267,Tuensang,Urban,6802,6552,214,8,11,628,5998,28,2,107,6037,455,310,4289,705,3584,4,3,2305,3631,938,3718,697,98,5099,164,4765,170,4935,100,275,559,156,1131,2929,3665,208
13,NAGALAND,268,Longleng,Total,11580,6416,4806,39,205,186,11169,5,7,96,8100,171,3309,1185,239,946,3,11,281,1574,1781,1711,635,37,3813,80,3650,83,3733,253,369,303,58,6610,3649,7614,317
13,NAGALAND,268,Longleng,Rural,9896,4994,4592,37,165,41,9689,1,3,79,6826,152,2918,1181,237,944,3,11,280,745,1469,929,455,12,2648,72,2502,74,2576,228,291,134,14,6248,3133,6541,222
13,NAGALAND,268,Longleng,Urban,1684,1422,214,2,40,145,1480,4,4,17,1274,19,391,4,2,2,0,0,1,829,312,782,180,25,1165,8,1148,9,1157,25,78,169,44,362,516,1073,95
13,NAGALAND,269,Kiphire,Total,16655,14147,1676,104,301,120,16310,32,26,126,8012,1418,7225,13033,810,12223,0,0,2444,2094,2557,2139,478,47,4911,66,4775,70,4845,103,172,239,41,9768,7938,8573,144
13,NAGALAND,269,Kiphire,Rural,13400,11076,1549,103,290,5,13239,0,25,105,4911,1411,7078,10925,708,10217,0,0,1541,655,2165,863,340,18,2763,54,2686,23,2709,60,98,113,14,8912,5602,7668,130
13,NAGALAND,269,Kiphire,Urban,3255,3071,127,1,11,115,3071,32,1,21,3101,7,147,2108,102,2006,0,0,903,1439,392,1276,138,29,2148,12,2089,47,2136,43,74,126,27,856,2336,905,14
13,NAGALAND,270,Kohima,Total,52136,50724,1093,41,105,20712,30173,689,21,231,37427,9438,5271,25045,2830,22215,135,602,13645,29198,20803,29077,7982,1928,38531,487,36160,1884,38044,1472,2011,8428,4116,7535,34403,17083,650
13,NAGALAND,270,Kohima,Rural,26421,25307,919,32,56,1568,24540,31,7,166,13779,7780,4862,14827,2356,12471,127,41,2815,10473,11400,9810,1623,247,15109,220,14497,392,14889,568,1078,2970,619,6312,17371,8889,161
13,NAGALAND,270,Kohima,Urban,25715,25417,174,9,49,19144,5633,658,14,65,23648,1658,409,10218,474,9744,8,561,10830,18725,9403,19267,6359,1681,23422,267,21663,1492,23155,904,933,5458,3497,1223,17032,8194,489
13,NAGALAND,271,Peren,Total,18691,13859,4330,301,53,605,17898,8,10,121,14866,430,3395,7456,1367,6089,23,47,5380,3915,3304,4334,1414,121,8013,301,7249,463,7712,2001,824,649,186,7601,8344,10138,209
13,NAGALAND,271,Peren,Rural,15850,11207,4154,299,46,180,15526,5,8,95,12226,400,3224,6749,1305,5444,22,34,3673,2267,2716,2895,856,54,5701,247,5147,307,5454,1486,604,368,59,7300,7299,8401,150
13,NAGALAND,271,Peren,Urban,2841,2652,176,2,7,425,2372,3,2,26,2640,30,171,707,62,645,1,13,1707,1648,588,1439,558,67,2312,54,2102,156,2258,515,220,281,127,301,1045,1737,59
14,MANIPUR,272,Senapati,Total,82048,60696,17420,963,724,5065,75525,87,148,852,59876,3721,18451,38132,11606,26526,1508,313,10140,15490,27094,18163,4723,626,29062,1237,26662,1163,27825,7579,2276,2173,500,33619,31262,49022,1764
14,MANIPUR,272,Senapati,Rural,80529,59188,17410,962,724,4177,74958,87,147,841,58394,3712,18423,37390,11388,26002,1507,295,9736,14766,26470,17064,4584,588,27976,1203,25636,1137,26773,7408,2151,2081,447,33447,30734,48059,1736
14,MANIPUR,272,Senapati,Urban,1519,1508,10,1,0,888,567,0,1,11,1482,9,28,742,218,524,1,18,404,724,624,1099,139,38,1086,34,1026,26,1052,171,125,92,53,172,528,963,28
14,MANIPUR,273,Tamenglong,Total,24477,11541,9885,2420,172,1229,22742,26,54,345,17284,442,6751,9250,2102,7148,16,45,3786,2571,7564,5233,1362,125,6037,174,5388,475,5863,826,723,495,152,12214,8571,13789,2117
14,MANIPUR,273,Tamenglong,Rural,21069,8670,9383,2404,170,289,20383,14,41,303,13990,414,6665,8093,1697,6396,10,18,3237,1149,5858,3320,1032,67,3948,91,3646,211,3857,733,430,258,53,11619,7380,11925,1764
14,MANIPUR,273,Tamenglong,Urban,3408,2871,502,16,2,940,2359,12,13,42,3294,28,86,1157,405,752,6,27,549,1422,1706,1913,330,58,2089,83,1742,264,2006,93,293,237,99,595,1191,1864,353
14,MANIPUR,274,Churachandpur,Total,49916,29894,14681,4082,484,13371,32713,66,106,653,41638,372,7906,16414,5508,10906,2174,490,8001,19960,16193,17498,4496,837,24266,816,22068,1382,23450,12613,6387,1807,1484,14418,22050,26716,1150
14,MANIPUR,274,Churachandpur,Rural,46647,26685,14645,4065,483,10904,32372,60,94,625,38408,363,7876,16130,5337,10793,2076,485,6562,17012,15147,15082,3941,658,21391,740,19418,1233,20651,11362,5418,1512,1166,14285,20571,25001,1075
14,MANIPUR,274,Churachandpur,Urban,3269,3209,36,17,1,2467,341,6,12,28,3230,9,30,284,171,113,98,5,1439,2948,1046,2416,555,179,2875,76,2650,149,2799,1251,969,295,318,133,1479,1715,75
14,MANIPUR,275,Bishnupur,Total,44891,34364,9016,150,159,11393,31854,69,102,656,41441,1349,2101,19612,12767,6845,682,29,3454,9937,26950,23140,3447,676,28217,1739,25635,843,26478,25026,5782,2009,848,4906,27729,14807,2355
14,MANIPUR,275,Bishnupur,Rural,28147,19969,7479,91,60,5263,22248,20,47,294,25640,880,1627,9169,4944,4225,613,27,647,5881,16562,13469,1700,294,16793,1017,15220,556,15776,15564,3241,948,327,3390,16713,9768,1666
14,MANIPUR,275,Bishnupur,Urban,16744,14395,1537,59,99,6130,9606,49,55,362,15801,469,474,10443,7823,2620,69,2,2807,4056,10388,9671,1747,382,11424,722,10415,287,10702,9462,2541,1061,521,1516,11016,5039,689
14,MANIPUR,276,Thoubal,Total,85295,49507,31709,168,393,15994,65573,60,236,1650,78949,1873,4473,13391,11257,2134,9514,315,3978,16255,51320,34893,5110,880,48254,2683,44149,1422,45571,57139,11574,3141,1189,9456,54190,26514,4591
14,MANIPUR,276,Thoubal,Rural,54653,28157,24808,117,235,5824,46570,43,198,1176,50106,1145,3402,5288,4695,593,6959,106,1401,7955,32579,19179,2830,475,28363,1376,26234,753,26987,36197,5880,1489,487,6963,33335,18311,3007
14,MANIPUR,276,Thoubal,Urban,30642,21350,6901,51,158,10170,19003,17,38,474,28843,728,1071,8103,6562,1541,2555,209,2577,8300,18741,15714,2280,405,19891,1307,17915,669,18584,20942,5694,1652,702,2493,20855,8203,1584
14,MANIPUR,277,Imphal West,Total,111393,87078,16102,541,513,61736,44389,328,251,805,105743,2256,3394,63716,58316,5400,3866,314,33720,45697,71687,77994,15066,4913,83432,4967,75082,3383,78465,62287,41705,12386,9625,5572,71099,35060,5234
14,MANIPUR,277,Imphal West,Rural,41512,30795,8763,210,150,14046,25612,67,146,482,38200,1114,2198,12849,9610,3239,1567,185,3560,12146,25985,24521,3624,905,27844,1924,24950,970,25920,27156,10858,2866,1570,2796,25581,13744,2187
14,MANIPUR,277,Imphal West,Urban,69881,56283,7339,331,363,47690,18777,261,105,323,67543,1142,1196,50867,48706,2161,2299,129,30160,33551,45702,53473,11442,4008,55588,3043,50132,2413,52545,35131,30847,9520,8055,2776,45518,21316,3047
14,MANIPUR,278,Imphal East,Total,91806,78663,12002,266,154,41213,47802,185,134,597,85211,1443,5152,31080,29206,1874,12519,122,16337,37558,60187,56265,9837,2739,63361,3360,58059,1942,60001,52575,28471,7743,5366,8186,56530,31585,3691
14,MANIPUR,278,Imphal East,Rural,54014,43389,10113,170,81,14365,38514,97,75,420,49105,729,4180,9302,8226,1076,10278,40,3041,19875,33079,27332,3858,791,33308,1760,30597,951,31548,30826,12179,2758,1394,6817,31834,19683,2497
14,MANIPUR,278,Imphal East,Urban,37792,35274,1889,96,73,26848,9288,88,59,177,36106,714,972,21778,20980,798,2241,82,13296,17683,27108,28933,5979,1948,30053,1600,27462,991,28453,21749,16292,4985,3972,1369,24696,11902,1194
14,MANIPUR,279,Ukhrul,Total,35790,14026,15834,1072,659,1659,33327,20,58,401,29549,628,5613,18080,4741,13339,438,112,3749,5772,13981,7360,2437,276,12142,413,11239,490,11729,1275,944,1107,260,14239,9465,24518,1807
14,MANIPUR,279,Ukhrul,Rural,30882,10836,14901,936,565,478,29830,15,50,344,24832,569,5481,15584,2808,12776,418,94,2079,3798,12055,4959,1979,191,9169,337,8517,315,8832,1070,734,775,170,13189,7535,21748,1599
14,MANIPUR,279,Ukhrul,Urban,4908,3190,933,136,94,1181,3497,5,8,57,4717,59,132,2496,1933,563,20,18,1670,1974,1926,2401,458,85,2973,76,2722,175,2897,205,210,332,90,1050,1930,2770,208
14,MANIPUR,280,Chandel,Total,29097,18764,8302,360,291,1424,23524,10,66,302,23065,295,5737,5580,1545,4035,2271,185,2681,5621,12475,8319,1782,184,12428,670,11205,553,11758,7705,3263,908,336,8330,11125,16413,1559
14,MANIPUR,280,Chandel,Rural,25860,15653,8186,358,288,1069,23083,8,63,275,19929,227,5704,5001,1183,3818,2243,160,1148,5087,11615,6706,1435,134,10957,403,10150,404,10554,7360,2977,824,296,7506,9711,15094,1055
14,MANIPUR,280,Chandel,Urban,3237,3111,116,2,3,355,441,2,3,27,3136,68,33,579,362,217,28,25,1533,534,860,1613,347,50,1471,267,1055,149,1204,345,286,84,40,824,1414,1319,504
15,MIZORAM,281,Mamit,Total,17204,12158,4509,313,56,4010,12883,104,53,83,14784,254,2166,4404,2433,1971,110,22,2372,5971,5255,6263,1073,90,10031,120,9444,467,9911,550,1619,565,388,5193,8680,7659,865
15,MIZORAM,281,Mamit,Rural,14048,9155,4384,300,52,2076,11752,45,52,70,11668,231,2149,2291,809,1482,110,18,1180,3964,4355,4460,695,55,7437,105,6954,378,7332,329,1035,324,198,4810,6229,6985,834
15,MIZORAM,281,Mamit,Urban,3156,3003,125,13,4,1934,1131,59,1,13,3116,23,17,2113,1624,489,0,4,1192,2007,900,1803,378,35,2594,15,2490,89,2579,221,584,241,190,383,2451,674,31
15,MIZORAM,282,Kolasib,Total,17296,14853,2344,25,39,8787,7974,251,10,102,16632,159,505,11477,9657,1820,29,421,4736,7734,3227,8392,1986,367,12841,238,11315,1288,12603,1119,2488,867,908,3224,9574,7319,403
15,MIZORAM,282,Kolasib,Rural,7664,5930,1675,19,31,2320,5247,20,5,34,7332,92,240,4080,3170,910,10,297,832,2406,1525,2777,420,38,5147,93,4758,296,5054,525,759,167,110,1829,3887,3609,168
15,MIZORAM,282,Kolasib,Urban,9632,8923,669,6,8,6467,2727,231,5,68,9300,67,265,7397,6487,910,19,124,3904,5328,1702,5615,1566,329,7694,145,6557,992,7549,594,1729,700,798,1395,5687,3710,235
15,MIZORAM,283,Aizawl,Total,81912,79804,1610,307,42,64710,13869,2600,24,121,80980,401,531,55588,47273,8315,626,351,40948,54808,37753,59257,21093,4019,73438,1771,63205,8462,71667,4713,16909,9581,11817,5176,64487,16677,748
15,MIZORAM,283,Aizawl,Rural,17157,15585,1238,282,15,6015,10928,92,6,33,16708,138,311,5835,2563,3272,100,1,1249,8145,6014,8398,782,98,12921,174,11685,1062,12747,722,2002,690,325,2837,10925,5942,290
15,MIZORAM,283,Aizawl,Urban,64755,64219,372,25,27,58695,2941,2508,18,88,64272,263,220,49753,44710,5043,526,350,39699,46663,31739,50859,20311,3921,60517,1597,51520,7400,58920,3991,14907,8891,11492,2339,53562,10735,458
15,MIZORAM,284,Champhai,Total,25660,23948,1436,100,76,9115,15654,65,4,81,24612,271,777,17370,10635,6735,549,648,3082,13003,4342,13445,2263,186,19039,310,17391,1338,18729,911,3135,1237,911,4661,12766,11995,899
15,MIZORAM,284,Champhai,Rural,15604,14105,1304,96,50,2154,13058,18,4,50,14815,156,633,10742,5514,5228,394,513,1233,7309,3731,6606,937,58,10373,241,9329,803,10132,577,1560,442,225,3645,7325,7528,751
15,MIZORAM,284,Champhai,Urban,10056,9843,132,4,26,6961,2596,47,0,31,9797,115,144,6628,5121,1507,155,135,1849,5694,611,6839,1326,128,8666,69,8062,535,8597,334,1575,795,686,1016,5441,4467,148
15,MIZORAM,285,Serchhip,Total,12580,12315,220,2,9,5511,6917,61,0,36,12317,77,186,8459,5274,3185,169,4,3737,11399,3150,7043,987,131,10185,105,9139,941,10080,482,1723,702,492,1625,5386,6203,991
15,MIZORAM,285,Serchhip,Rural,6309,6201,84,1,2,1352,4913,10,0,20,6082,62,165,3856,1063,2793,106,0,286,5275,1950,2980,276,50,4897,54,4496,347,4843,185,667,241,113,980,2638,3280,391
15,MIZORAM,285,Serchhip,Urban,6271,6114,136,1,7,4159,2004,51,0,16,6235,15,21,4603,4211,392,63,4,3451,6124,1200,4063,711,81,5288,51,4643,594,5237,297,1056,461,379,645,2748,2923,600
15,MIZORAM,286,Lunglei,Total,32617,26394,4976,507,295,14037,18080,300,8,73,28570,267,3780,17757,10027,7730,160,249,9906,16557,12944,15871,3725,482,21471,435,19185,1851,21036,1020,3706,1982,1814,7815,18732,13048,837
15,MIZORAM,286,Lunglei,Rural,18748,12756,4786,505,268,2043,16569,35,2,54,15092,129,3527,6415,655,5760,78,211,765,5402,6338,5477,895,51,9183,227,8131,825,8956,225,1144,343,229,6901,8687,9329,732
15,MIZORAM,286,Lunglei,Urban,13869,13638,190,2,27,11994,1511,265,6,19,13478,138,253,11342,9372,1970,82,38,9141,11155,6606,10394,2830,431,12288,208,11054,1026,12080,795,2562,1639,1585,914,10045,3719,105
15,MIZORAM,287,Lawngtlai,Total,22894,9283,11610,1436,80,5213,17256,260,10,74,15309,1573,6012,7684,1103,6581,92,131,1720,6359,5083,6657,1329,162,7895,427,6598,870,7468,487,658,631,392,10671,11051,10793,1050
15,MIZORAM,287,Lawngtlai,Rural,19039,5511,11557,1429,78,2070,16765,75,9,64,11518,1564,5957,6343,1065,5278,7,102,1017,3606,4587,3987,650,76,4748,368,3758,622,4380,367,299,306,102,10222,8591,9458,990
15,MIZORAM,287,Lawngtlai,Urban,3855,3772,53,7,2,3143,491,185,1,10,3791,9,55,1341,38,1303,85,29,703,2753,496,2670,679,86,3147,59,2840,248,3088,120,359,325,290,449,2460,1335,60
15,MIZORAM,288,Saiha,Total,10914,7400,3198,246,27,4783,5734,239,2,43,9981,340,593,7068,786,6282,82,135,2381,5454,2359,4797,1194,168,5856,288,4977,591,5568,143,337,507,322,3562,7105,3370,439
15,MIZORAM,288,Saiha,Rural,6305,2895,3131,240,4,770,5484,14,0,32,5483,273,549,3834,485,3349,19,135,118,1576,1293,1438,310,26,2033,189,1665,179,1844,22,77,94,27,3154,3929,2045,331
15,MIZORAM,288,Saiha,Urban,4609,4505,67,6,23,4013,250,225,2,11,4498,67,44,3234,301,2933,63,0,2263,3878,1066,3359,884,142,3823,99,3312,412,3724,121,260,413,295,408,3176,1325,108
16,TRIPURA,289,West Tripura,Total,403470,314567,79933,6697,1188,103228,290809,3490,776,3506,365146,9163,29161,134228,92789,41439,104482,82054,213918,321470,50815,231324,36186,6394,228799,9575,203802,15422,219224,182610,44499,11356,9977,75889,236200,151877,15393
16,TRIPURA,289,West Tripura,Rural,238261,161720,70410,4521,846,15715,218468,367,404,2372,203076,7562,27623,56627,31386,25241,58752,49524,86767,187483,31233,104214,14496,1276,105607,4493,97646,3468,101114,107489,13472,3467,1341,61202,130101,98680,9480
16,TRIPURA,289,West Tripura,Urban,165209,152847,9523,2176,342,87513,72341,3123,372,1134,162070,1601,1538,77601,61403,16198,45730,32530,127151,133987,19582,127110,21690,5118,123192,5082,106156,11954,118110,75121,31027,7889,8636,14687,106099,53197,5913
16,TRIPURA,290,South Tripura,Total,205283,133744,67109,3185,719,20246,182103,614,271,1513,174397,6116,24770,80036,35287,44749,36773,31137,54383,169598,31321,78159,10393,948,87445,4149,78220,5076,83296,83598,12757,3454,1254,63260,113113,83196,8974
16,TRIPURA,290,South Tripura,Rural,173665,104977,64531,3012,667,7010,164375,315,244,1350,143409,5988,24268,57065,16720,40345,32991,28367,35454,142019,27580,56204,7857,493,65124,3015,59022,3087,62109,66163,7851,2152,537,59556,91283,74541,7841
16,TRIPURA,290,South Tripura,Urban,31618,28767,2578,173,52,13236,17728,299,27,163,30988,128,502,22971,18567,4404,3782,2770,18929,27579,3741,21955,2536,455,22321,1134,19198,1989,21187,17435,4906,1302,717,3704,21830,8655,1133
16,TRIPURA,291,Dhalai,Total,83097,46875,32206,3514,352,5532,76344,330,55,574,58161,2255,22681,16802,9287,7515,5913,12133,13042,65872,8049,24750,5067,273,25563,1248,22302,2013,24315,22716,3006,907,338,36515,38159,38748,6190
16,TRIPURA,291,Dhalai,Rural,73160,37846,31377,3487,315,2780,69446,158,51,507,48584,2193,22383,11376,4708,6668,5431,10260,8832,57858,7473,18820,4124,183,19775,932,17476,1367,18843,18811,2072,594,199,34671,33094,34772,5294
16,TRIPURA,291,Dhalai,Urban,9937,9029,829,27,37,2752,6898,172,4,67,9577,62,298,5426,4579,847,482,1873,4210,8014,576,5930,943,90,5788,316,4826,646,5472,3905,934,313,139,1844,5065,3976,896
16,TRIPURA,292,North Tripura,Total,150931,81601,66125,2472,347,19631,128922,860,71,980,127388,3536,20007,48723,33804,14919,5197,11656,31151,110825,17810,43755,10310,997,63308,2519,55819,4970,60789,42636,9201,2726,1215,58974,69653,69138,12140
16,TRIPURA,292,North Tripura,Rural,122693,57030,62635,2348,319,6415,114688,260,64,876,99984,3339,19370,27820,16189,11631,4897,10119,17846,87879,14460,26445,8001,537,43451,1539,39878,2034,41912,31409,5056,1626,451,54282,53121,59426,10146
16,TRIPURA,292,North Tripura,Urban,28238,24571,3490,124,28,13216,14234,600,7,104,27404,197,637,20903,17615,3288,300,1537,13305,22946,3350,17310,2309,460,19857,980,15941,2936,18877,11227,4145,1100,764,4692,16532,9712,1994
17,MEGHALAYA,293,West Garo Hills,Total,121780,51301,68421,1027,809,10006,107225,985,916,1896,73800,3097,44883,20818,16693,4125,12348,7388,34389,39615,28675,35051,8872,1630,45766,2760,39386,3620,43006,32839,10923,3589,2270,41998,57336,57608,6836
17,MEGHALAYA,293,West Garo Hills,Rural,107941,38892,67124,1016,730,3054,101556,95,887,1799,60807,2561,44573,10590,7019,3571,12342,7329,26403,29307,26107,25105,5957,773,34388,2225,29313,2850,32163,32121,7788,1492,640,40606,49099,52882,5960
17,MEGHALAYA,293,West Garo Hills,Urban,13839,12409,1297,11,79,6952,5669,890,29,97,12993,536,310,10228,9674,554,6,59,7986,10308,2568,9946,2915,857,11378,535,10073,770,10843,718,3135,2097,1630,1392,8237,4726,876
17,MEGHALAYA,294,East Garo Hills,Total,57357,24550,31773,566,299,1839,54832,134,93,279,46851,1603,8903,10343,5265,5078,162,329,15707,13608,14539,15115,2368,288,15314,1037,13572,705,14277,22238,4732,1167,547,20261,27959,27523,1875
17,MEGHALAYA,294,East Garo Hills,Rural,49612,17596,31045,558,256,313,48855,47,73,237,39362,1506,8744,7270,2647,4623,74,112,10729,9636,13004,10505,1501,126,10427,643,9246,538,9784,18590,2993,557,167,19203,23581,24250,1781
17,MEGHALAYA,294,East Garo Hills,Urban,7745,6954,728,8,43,1526,5977,87,20,42,7489,97,159,3073,2618,455,88,217,4978,3972,1535,4610,867,162,4887,394,4326,167,4493,3648,1739,610,380,1058,4378,3273,94
17,MEGHALAYA,295,South Garo Hills,Total,24208,10940,12337,530,346,482,22952,249,127,231,15916,1167,7125,6492,3622,2870,21,73,2719,4828,7211,6721,1625,179,6235,363,5402,470,5872,2581,1700,695,199,9613,11099,12177,932
17,MEGHALAYA,295,South Garo Hills,Rural,21836,9016,11914,525,332,108,21204,115,112,201,13842,1116,6878,5822,3067,2755,18,62,2228,3483,6867,5446,1252,116,4755,293,4077,385,4462,2347,1328,509,107,9161,9785,11184,867
17,MEGHALAYA,295,South Garo Hills,Urban,2372,1924,423,5,14,374,1748,134,15,30,2074,51,247,670,555,115,3,11,491,1345,344,1275,373,63,1480,70,1325,85,1410,234,372,186,92,452,1314,993,65
17,MEGHALAYA,296,West Khasi Hills,Total,63620,32873,29031,897,393,476,61484,143,50,593,29492,2326,31802,22687,14226,8461,299,1175,5615,12261,13553,12548,2462,149,19192,350,18167,675,18842,3325,922,1683,210,31910,23104,35012,5504
17,MEGHALAYA,296,West Khasi Hills,Rural,56508,26775,28078,889,374,135,55430,61,48,529,23056,2183,31269,17785,10320,7465,242,1105,4097,9175,12771,9407,2098,95,15330,322,14392,616,15008,3233,761,1177,101,29427,19649,31684,5175
17,MEGHALAYA,296,West Khasi Hills,Urban,7112,6098,953,8,19,341,6054,82,2,64,6436,143,533,4902,3906,996,57,70,1518,3086,782,3141,364,54,3862,28,3775,59,3834,92,161,506,109,2483,3455,3328,329
17,MEGHALAYA,297,Ribhoi,Total,45660,30676,13691,501,599,2319,41240,313,57,341,30296,1118,14246,21866,11211,10655,288,692,6324,15352,15090,14471,1906,291,20670,765,19231,674,19905,3769,1628,1865,402,14409,19216,23858,2586
17,MEGHALAYA,297,Ribhoi,Rural,41925,27526,13139,488,594,1737,38431,235,56,311,26883,1090,13952,19682,9725,9957,257,629,5426,13301,13928,12492,1753,265,18203,743,16823,637,17460,3599,1447,1597,342,13693,16872,22584,2469
17,MEGHALAYA,297,Ribhoi,Urban,3735,3150,552,13,5,582,2809,78,1,30,3413,28,294,2184,1486,698,31,63,898,2051,1162,1979,153,26,2467,22,2408,37,2445,170,181,268,60,716,2344,1274,117
17,MEGHALAYA,298,East Khasi Hills,Total,160832,135941,22964,313,845,41496,83618,17627,61,669,111335,3059,46438,112619,86892,25727,1824,2251,56403,92357,46211,79933,19306,5032,93619,2304,85408,5907,91315,5188,7975,15048,9037,47919,88736,62657,9439
17,MEGHALAYA,298,East Khasi Hills,Rural,84694,61312,21873,283,647,2504,76111,1871,23,464,37535,1872,45287,47083,29307,17776,1527,1032,8299,34714,16158,20418,2885,355,28269,576,27120,573,27693,1613,1233,2921,721,42854,32069,44777,7848
17,MEGHALAYA,298,East Khasi Hills,Urban,76138,74629,1091,30,198,38992,7507,15756,38,205,73800,1187,1151,65536,57585,7951,297,1219,48104,57643,30053,59515,16421,4677,65350,1728,58288,5334,63622,3575,6742,12127,8316,5065,56667,17880,1591
17,MEGHALAYA,299,Jaintia Hills,Total,64842,41677,20829,468,858,7150,54002,599,45,592,30960,2707,31175,16522,11799,4723,174,2259,8371,23791,10181,17352,4333,510,30613,652,29307,654,29961,1826,978,4790,888,26407,31295,28434,5113
17,MEGHALAYA,299,Jaintia Hills,Rural,59681,36622,20776,465,835,2932,53822,460,44,567,26002,2598,31081,13031,8501,4530,138,2207,5405,19457,9339,13467,3333,309,26072,467,25098,507,25605,1493,726,3779,418,26097,26963,27711,5007
17,MEGHALAYA,299,Jaintia Hills,Urban,5161,5055,53,3,23,4218,180,139,1,25,4958,109,94,3491,3298,193,36,52,2966,4334,842,3885,1000,201,4541,185,4209,147,4356,333,252,1011,470,310,4332,723,106
18,ASSAM,300,Kokrajhar,Total,180071,41373,136738,900,437,15089,157907,215,835,4282,52532,4818,122721,5098,3858,1240,73177,23313,103512,60687,17083,32320,14063,1218,75903,2751,70925,2227,73152,115712,12191,2996,2167,40715,62195,95519,22357
18,ASSAM,300,Kokrajhar,Rural,168278,31270,135120,894,383,7668,153913,77,816,4189,41904,4717,121657,4231,3265,966,68697,20719,93084,51147,16391,23891,11876,716,66032,2385,62223,1424,63647,108866,9374,1977,1155,39764,53886,92590,21802
18,ASSAM,300,Kokrajhar,Urban,11793,10103,1618,6,54,7421,3994,138,19,93,10628,101,1064,867,593,274,4480,2594,10428,9540,692,8429,2187,502,9871,366,8702,803,9505,6846,2817,1019,1012,951,8309,2929,555
18,ASSAM,301,Dhubri,Total,414689,72232,338150,3422,556,28963,270896,506,10481,94989,179665,7304,227720,7876,6139,1737,315294,34613,270415,96653,31649,44414,26263,1828,139069,3415,129839,5815,135654,139403,15757,3672,2170,191852,88685,255548,70456
18,ASSAM,301,Dhubri,Rural,370734,42819,323840,3353,427,8883,249663,156,10294,93544,144461,6776,219497,4347,3373,974,286305,26863,233147,71696,27878,22869,20886,861,110530,2644,104315,3571,107886,122267,11100,2059,821,181238,67579,238072,65083
18,ASSAM,301,Dhubri,Urban,43955,29413,14310,69,129,20080,21233,350,187,1445,35204,528,8223,3529,2766,763,28989,7750,37268,24957,3771,21545,5377,967,28539,771,25524,2244,27768,17136,4657,1613,1349,10614,21106,17476,5373
18,ASSAM,302,Goalpara,Total,197545,78641,116180,1980,397,21455,149248,208,1857,22145,129311,2713,65521,4201,2949,1252,117422,9092,115683,65703,42290,42628,13524,1364,93630,2747,87967,2916,90883,113964,15292,4112,2183,47578,58598,115388,23559
18,ASSAM,302,Goalpara,Rural,168874,60084,106336,1850,295,9425,133495,91,1770,21742,104937,2262,61675,2731,1949,782,99500,6567,95959,50603,38168,29349,10079,720,74714,2178,70741,1795,72536,100132,10695,2431,880,42285,45538,102079,21257
18,ASSAM,302,Goalpara,Urban,28671,18557,9844,130,102,12030,15753,117,87,403,24374,451,3846,1470,1000,470,17922,2525,19724,15100,4122,13279,3445,644,18916,569,17226,1121,18347,13832,4597,1681,1303,5293,13060,13309,2302
18,ASSAM,303,Barpeta,Total,338472,84804,249912,2714,405,50806,171213,460,6215,100216,243504,3630,91338,5966,4550,1416,276008,20547,220128,124857,66059,55319,25286,2078,151699,4125,143945,3629,147574,181352,24913,5560,3522,99205,73792,204723,59957
18,ASSAM,303,Barpeta,Rural,306688,59473,243708,2678,339,30461,161359,276,6182,99158,213994,3363,89331,2997,1899,1098,250710,18648,191151,102396,59482,36199,21274,1232,127131,3276,121383,2472,123855,163180,18843,3504,1781,95420,55116,193971,57601
18,ASSAM,303,Barpeta,Urban,31784,25331,6204,36,66,20345,9854,184,33,1058,29510,267,2007,2969,2651,318,25298,1899,28977,22461,6577,19120,4012,846,24568,849,22562,1157,23719,18172,6070,2056,1741,3785,18676,10752,2356
18,ASSAM,304,Morigaon,Total,185523,52404,131065,1294,190,20083,141988,475,5656,15307,111528,3168,70827,5999,5245,754,152512,2512,128837,83694,45581,32449,15145,1421,80962,3432,74407,3123,77530,112160,13952,3927,2408,43859,46334,112694,26495
18,ASSAM,304,Morigaon,Rural,169007,39942,127097,1277,166,10874,135392,232,5622,15070,96614,3072,69321,3663,3060,603,143287,1952,115098,71095,41333,23079,12589,795,68613,2747,63543,2323,65866,102984,9968,2248,1095,41792,38411,105626,24970
18,ASSAM,304,Morigaon,Urban,16516,12462,3968,17,24,9209,6596,243,34,237,14914,96,1506,2336,2185,151,9225,560,13739,12599,4248,9370,2556,626,12349,685,10864,800,11664,9176,3984,1679,1313,2067,7923,7068,1525
18,ASSAM,305,Nagaon,Total,560857,195631,360954,2418,891,89206,421222,2169,8176,34938,422431,7580,130846,33210,28787,4423,401300,35623,362290,212238,90067,127523,45956,5121,271238,10616,246649,13973,260622,333149,47693,13979,8180,126259,169838,320071,70948
18,ASSAM,305,Nagaon,Rural,480208,132395,344347,2025,726,42845,390751,617,7984,33682,345629,6721,127858,17644,14222,3422,355886,25911,294410,155213,79218,78169,34735,2572,209626,8009,192651,8966,201617,291704,32200,8217,3554,116717,129211,284797,66200
18,ASSAM,305,Nagaon,Urban,80649,63236,16607,393,165,46361,30471,1552,192,1256,76802,859,2988,15566,14565,1001,45414,9712,67880,57025,10849,49354,11221,2549,61612,2607,53998,5007,59005,41445,15493,5762,4626,9542,40627,35274,4748
18,ASSAM,306,Sonitpur,Total,386899,133368,250342,1600,868,70047,304412,1740,1583,6744,228882,6917,151100,33448,28449,4999,118961,16215,207718,157351,76121,106909,31254,4358,163277,6865,147652,8760,156412,275119,39796,11760,7942,63100,135557,214338,37004
18,ASSAM,306,Sonitpur,Rural,346401,97988,245446,1540,764,40529,295513,544,1546,6381,190422,6338,149641,24049,20067,3982,112008,11208,172921,125704,69835,77784,24107,2540,130415,5182,120368,4865,125233,249951,27543,6783,3804,60246,109928,201304,35169
18,ASSAM,306,Sonitpur,Urban,40498,35380,4896,60,104,29518,8899,1196,37,363,38460,579,1459,9399,8382,1017,6953,5007,34797,31647,6286,29125,7147,1818,32862,1683,27284,3895,31179,25168,12253,4977,4138,2854,25629,13034,1835
18,ASSAM,307,Lakhimpur,Total,203272,60296,140396,2116,173,32104,165697,667,397,3631,117971,3196,82105,10937,8960,1977,77255,23337,115599,96319,57507,45689,15011,1948,92394,3071,86234,3089,89323,133214,25699,6904,3851,38517,58672,125854,18746
18,ASSAM,307,Lakhimpur,Rural,181790,43150,136138,2101,155,19118,158143,154,366,3410,97627,2885,81278,5906,4791,1115,69946,19935,96899,79827,52021,32841,12079,1087,76148,2380,71497,2271,73768,121056,19952,4497,2157,36052,46471,117759,17560
18,ASSAM,307,Lakhimpur,Urban,21482,17146,4258,15,18,12986,7554,513,31,221,20344,311,827,5031,4169,862,7309,3402,18700,16492,5486,12848,2932,861,16246,691,14737,818,15555,12158,5747,2407,1694,2465,12201,8095,1186
18,ASSAM,308,Dhemaji,Total,129559,28195,98218,2720,294,16547,109485,193,415,2199,57995,3427,68137,2965,2374,591,65838,36334,71165,46196,41278,25776,10410,1192,57166,2358,53184,1624,54808,83663,12293,3504,1764,24675,33059,83869,12631
18,ASSAM,308,Dhemaji,Rural,119112,20336,95696,2700,258,10729,105226,127,397,2036,48003,3357,67752,2238,1732,506,61260,31688,62344,38985,38379,19595,8961,716,49232,1904,45874,1454,47328,77412,9865,2450,1033,23668,28403,78826,11883
18,ASSAM,308,Dhemaji,Urban,10447,7859,2522,20,36,5818,4259,66,18,163,9992,70,385,727,642,85,4578,4646,8821,7211,2899,6181,1449,476,7934,454,7310,170,7480,6251,2428,1054,731,1007,4656,5043,748
18,ASSAM,309,Tinsukia,Total,268383,161718,104908,519,560,70471,186889,3798,346,2781,217556,5249,45578,25386,20843,4543,164902,57599,177588,131439,47780,111738,27948,5135,124737,5236,111267,8234,119501,168890,31363,13323,8908,50557,115694,139247,13442
18,ASSAM,309,Tinsukia,Rural,209603,110129,98002,453,446,29263,175303,715,269,2306,162008,3421,44174,9561,8096,1465,140116,41599,133258,87135,39399,70661,16555,1980,77969,3094,71140,3735,74875,133763,19112,6607,3172,45626,81649,117465,10489
18,ASSAM,309,Tinsukia,Urban,58780,51589,6906,66,114,41208,11586,3083,77,475,55548,1828,1404,15825,12747,3078,24786,16000,44330,44304,8381,41077,11393,3155,46768,2142,40127,4499,44626,35127,12251,6716,5736,4931,34045,21782,2953
18,ASSAM,310,Dibrugarh,Total,272941,136685,134603,546,715,76292,189046,2557,254,3344,214721,5732,52488,29708,25069,4639,162642,65235,184468,144773,70499,121737,34479,8817,139869,8009,122011,9849,131860,172503,44664,21112,14742,48140,123713,134479,14749
18,ASSAM,310,Dibrugarh,Rural,218256,86792,130117,489,542,34448,179295,503,205,2853,161992,4789,51475,9814,7504,2310,143414,50238,136519,100798,57023,79602,18567,2853,93234,4687,85162,3385,88547,139825,27416,10363,5188,45278,87532,118232,12492
18,ASSAM,310,Dibrugarh,Urban,54685,49893,4486,57,173,41844,9751,2054,49,491,52729,943,1013,19894,17565,2329,19228,14997,47949,43975,13476,42135,15912,5964,46635,3322,36849,6464,43313,32678,17248,10749,9554,2862,36181,16247,2257
18,ASSAM,311,Sivasagar,Total,246983,123430,121639,989,516,61450,178927,1884,273,3064,183253,4652,59078,49397,43221,6176,104831,47404,122653,126040,57991,97792,22124,5146,137392,5568,124692,7132,131824,161789,44887,18234,9968,43777,89785,142625,14573
18,ASSAM,311,Sivasagar,Rural,220760,99787,119174,954,471,42013,173885,592,248,2877,158805,4195,57760,39470,34038,5432,96056,41009,103036,105997,52834,79092,16258,3022,115287,4358,106015,4914,110929,147162,36393,12876,5926,41896,74127,133073,13560
18,ASSAM,311,Sivasagar,Urban,26223,23643,2465,35,45,19437,5042,1292,25,187,24448,457,1318,9927,9183,744,8775,6395,19617,20043,5157,18700,5866,2124,22105,1210,18677,2218,20895,14627,8494,5358,4042,1881,15658,9552,1013
18,ASSAM,312,Jorhat,Total,233118,122063,108612,1570,603,71639,154515,2328,305,2652,155435,3864,73819,65585,60115,5470,71839,36039,104722,130921,53465,92598,26357,5651,128081,7387,114237,6457,120694,164118,44159,16081,11198,33164,87516,128769,16833
18,ASSAM,312,Jorhat,Rural,181811,77520,102159,1526,382,34886,143149,333,191,2201,107081,3326,71404,34002,29807,4195,64545,29896,67757,90691,42255,56785,14966,2073,87214,4372,79559,3283,82842,133361,27977,7864,4211,29009,56346,110676,14789
18,ASSAM,312,Jorhat,Urban,51307,44543,6453,44,221,36753,11366,1995,114,451,48354,538,2415,31583,30308,1275,7294,6143,36965,40230,11210,35813,11391,3578,40867,3015,34678,3174,37852,30757,16182,8217,6987,4155,31170,18093,2044
18,ASSAM,313,Golaghat,Total,224853,82345,140358,1533,353,40889,178840,605,564,2846,153723,3426,67704,31806,28508,3298,121953,43628,103715,112961,59992,70930,17636,3073,103909,5124,93847,4938,98785,157029,27300,9295,5146,38040,69765,138213,16875
18,ASSAM,313,Golaghat,Rural,202469,62385,137994,1520,337,24540,173489,215,533,2713,131864,3209,67396,25249,22149,3100,110745,39235,84438,95582,54595,55019,13450,1661,85570,3854,78248,3468,81716,142186,21068,6200,2664,36481,56993,129544,15932
18,ASSAM,313,Golaghat,Urban,22384,19960,2364,13,16,16349,5351,390,31,133,21859,217,308,6557,6359,198,11208,4393,19277,17379,5397,15911,4186,1412,18339,1270,15599,1470,17069,14843,6232,3095,2482,1559,12772,8669,943
18,ASSAM,314,Karbi Anglong,Total,176991,53918,112888,8457,392,18763,151285,567,2579,2856,96932,4236,75823,12163,8124,4039,40995,14978,62343,73800,49689,56689,11340,1923,78269,4399,69985,3885,73870,97148,13699,3934,2124,35388,57546,112010,7435
18,ASSAM,314,Karbi Anglong,Rural,152873,34545,108313,8374,346,6902,140061,165,2508,2532,74151,4019,74703,7943,4443,3500,36650,12855,48890,56125,45744,41002,8507,1188,59730,3781,53073,2876,55949,89940,9417,2237,939,32675,46833,99471,6569
18,ASSAM,314,Karbi Anglong,Urban,24118,19373,4575,83,46,11861,11224,402,71,324,22781,217,1120,4220,3681,539,4345,2123,13453,17675,3945,15687,2833,735,18539,618,16912,1009,17921,7208,4282,1697,1185,2713,10713,12539,866
18,ASSAM,315,Dima Hasao,Total,42888,19389,21735,1627,99,9202,30727,1496,121,504,29780,1740,11368,10812,8007,2805,83,65,7654,22006,8324,14210,3753,524,18890,806,16787,1297,18084,2636,2327,1326,793,16834,16684,24443,1761
18,ASSAM,315,Dima Hasao,Rural,29499,7238,20607,1556,67,1451,27242,228,55,279,16843,1608,11048,4515,2602,1913,41,52,2035,10964,5433,5002,1759,125,8219,376,7410,433,7843,2258,885,356,106,15312,9788,18395,1316
18,ASSAM,315,Dima Hasao,Urban,13389,12151,1128,71,32,7751,3485,1268,66,225,12937,132,320,6297,5405,892,42,13,5619,11042,2891,9208,1994,399,10671,430,9377,864,10241,378,1442,970,687,1522,6896,6048,445
18,ASSAM,316,Cachar,Total,368043,140205,221411,4159,1059,62135,292241,3004,2257,5813,298041,8183,61819,134160,126712,7448,6995,11692,80138,150922,57825,99887,37541,5316,168487,8808,149865,9814,159679,93297,22647,8700,6365,133426,131385,195858,40800
18,ASSAM,316,Cachar,Rural,299194,85408,208573,3579,641,22362,267257,525,2129,5027,232066,7133,59995,88039,83148,4891,3007,4707,35990,104864,46822,56768,24584,1699,116931,5555,107068,4308,111376,76967,11785,4471,1735,123062,92378,170230,36586
18,ASSAM,316,Cachar,Urban,68849,54797,12838,580,418,39773,24984,2479,128,786,65975,1050,1824,46121,43564,2557,3988,6985,44148,46058,11003,43119,12957,3617,51556,3253,42797,5506,48303,16330,10862,4229,4630,10364,39007,25628,4214
18,ASSAM,317,Karimganj,Total,247247,70951,172861,2001,483,28261,211823,1224,309,4491,210254,6481,30512,31884,24692,7192,21326,17639,44183,92740,24956,38570,24699,1933,105749,4786,94620,6343,100963,38218,7289,3757,1529,111942,74488,137354,35405
18,ASSAM,317,Karimganj,Rural,223720,52373,168380,1611,440,12871,205040,444,294,4225,187335,6137,30248,18479,13914,4565,19591,14753,29036,74990,22322,24161,21112,1130,87010,3867,80056,3087,83143,32429,4667,2659,558,108795,61500,128855,33365
18,ASSAM,317,Karimganj,Urban,23527,18578,4481,390,43,15390,6783,780,15,266,22919,344,264,13405,10778,2627,1735,2886,15147,17750,2634,14409,3587,803,18739,919,14564,3256,17820,5789,2622,1098,971,3147,12988,8499,2040
18,ASSAM,318,Hailakandi,Total,143567,44143,98210,864,246,11035,128466,608,134,2355,119292,3345,20930,24859,22571,2288,4282,5379,15369,100891,17228,19998,10615,1211,55345,3256,49610,2479,52089,27808,5589,2583,880,67491,38038,82402,23127
18,ASSAM,318,Hailakandi,Rural,133055,35276,96708,797,194,4590,124902,318,113,2256,108979,3253,20823,17995,15793,2202,3656,3963,9435,92691,15659,13247,9104,807,46783,2755,42667,1361,44028,24640,3798,1837,385,66236,31532,79196,22327
18,ASSAM,318,Hailakandi,Urban,10512,8867,1502,67,52,6445,3564,290,21,99,10313,92,107,6864,6778,86,626,1416,5934,8200,1569,6751,1511,404,8562,501,6943,1118,8061,3168,1791,746,495,1255,6506,3206,800
18,ASSAM,319,Bongaigaon,Total,150287,49866,99769,324,212,29937,101810,811,1411,14578,84687,2065,63535,8885,8067,818,75343,10563,103898,88489,26375,36350,12959,2523,78595,3604,70455,4536,74991,97820,16579,5837,4174,28779,45896,87724,16667
18,ASSAM,319,Bongaigaon,Rural,124874,29347,95012,286,144,11676,96057,217,1362,14096,61405,1766,61703,1882,1478,404,69545,6964,82792,67747,23102,18546,7246,621,57715,2325,54036,1354,55390,81331,9325,2479,857,26758,28950,80346,15578
18,ASSAM,319,Bongaigaon,Urban,25413,20519,4757,38,68,18261,5753,594,49,482,23282,299,1832,7003,6589,414,5798,3599,21106,20742,3273,17804,5713,1902,20880,1279,16419,3182,19601,16489,7254,3358,3317,2021,16946,7378,1089
18,ASSAM,320,Chirang,Total,97259,22502,71963,1534,998,8135,85196,228,299,2368,27951,3656,65652,2988,1923,1065,33951,8255,51384,35928,15035,16559,8627,747,43203,2118,39832,1253,41085,65675,6568,1814,1052,19525,31754,54587,10918
18,ASSAM,320,Chirang,Rural,89657,17460,69506,1488,961,5059,81189,130,271,2083,21494,3539,64624,2587,1653,934,30888,6853,45299,31164,14223,12771,7904,635,37997,1907,35088,1002,36090,60825,5597,1509,858,18441,28284,51582,9791
18,ASSAM,320,Chirang,Urban,7602,5042,2457,46,37,3076,4007,98,28,285,6457,117,1028,401,270,131,3063,1402,6085,4764,812,3788,723,112,5206,211,4744,251,4995,4850,971,305,194,1084,3470,3005,1127
18,ASSAM,321,Kamrup,Total,305342,122191,180794,1412,481,70272,195646,1026,3950,30827,180800,5683,118859,11130,9290,1840,237058,5577,197830,138497,113039,90941,23468,3109,164899,8214,152132,4553,156685,199425,34461,10052,4861,50495,92601,176288,36453
18,ASSAM,321,Kamrup,Rural,274590,97752,174649,1391,377,51838,184478,521,3907,30495,156599,4753,113238,6804,5254,1550,215344,5068,175502,117915,101467,72401,19841,2387,142493,7119,131647,3727,135374,179939,28159,7967,3479,47410,78350,162416,33824
18,ASSAM,321,Kamrup,Urban,30752,24439,6145,21,104,18434,11168,505,43,332,24201,930,5621,4326,4036,290,21714,509,22328,20582,11572,18540,3627,722,22406,1095,20485,826,21311,19486,6302,2085,1382,3085,14251,13872,2629
18,ASSAM,322,Kamrup Metropolitan,Total,290388,250861,37641,531,842,223368,49207,11809,1069,2158,268146,2482,19760,87009,78710,8299,41608,42978,222725,232436,108185,212645,85123,29117,252808,15781,218591,18436,237027,90467,81305,53778,50749,14578,186418,89944,14026
18,ASSAM,322,Kamrup Metropolitan,Rural,42247,21856,19903,163,172,11901,27975,597,712,505,27345,373,14529,5676,4349,1327,8803,579,18863,24680,15788,17180,3764,730,26200,1223,24159,818,24977,23941,5207,2166,1143,5615,15856,22128,4263
18,ASSAM,322,Kamrup Metropolitan,Urban,248141,229005,17738,368,670,211467,21232,11212,357,1653,240801,2109,5231,81333,74361,6972,32805,42399,203862,207756,92397,195465,81359,28387,226608,14558,194432,17618,212050,66526,76098,51612,49606,8963,170562,67816,9763
18,ASSAM,323,Nalbari,Total,155352,68313,86075,533,189,37849,107935,477,1666,6506,103600,2816,48936,4373,3944,429,143370,1234,109448,86730,60699,45938,12360,1631,86710,3749,80390,2571,82961,107774,18810,4785,2667,23549,49106,91686,14560
18,ASSAM,323,Nalbari,Rural,137639,54378,82401,516,156,27798,100966,212,1630,6334,87643,2757,47239,2430,2068,362,128817,932,94288,73240,54003,35488,10146,1054,74305,2986,69286,2033,71319,95795,14688,3461,1660,21852,40560,84022,13057
18,ASSAM,323,Nalbari,Urban,17713,13935,3674,17,33,10051,6969,265,36,172,15957,59,1697,1943,1876,67,14553,302,15160,13490,6696,10450,2214,577,12405,763,11104,538,11642,11979,4122,1324,1007,1697,8546,7664,1503
18,ASSAM,324,Baksa,Total,190667,44425,144107,1017,586,11281,173345,159,775,3979,75132,4365,111170,5135,3351,1784,123573,6036,107389,64045,64307,36032,13566,1175,86067,3786,79674,2607,82281,137745,11924,2479,1254,30289,46951,122368,21348
18,ASSAM,324,Baksa,Rural,188191,42785,143273,1016,585,10471,171753,140,771,3936,72803,4360,111028,5066,3287,1779,121573,5705,105168,62603,63785,34845,13422,1137,84482,3746,78179,2557,80736,136283,11627,2402,1217,29920,45979,121050,21162
18,ASSAM,324,Baksa,Urban,2476,1640,834,1,1,810,1592,19,4,43,2329,5,142,69,64,5,2000,331,2221,1442,522,1187,144,38,1585,40,1495,50,1545,1462,297,77,37,369,972,1318,186
18,ASSAM,325,Darrang,Total,188052,45444,140632,1669,136,17676,139692,395,997,27056,95080,3649,89323,4865,4075,790,155348,7467,110458,68681,52657,30616,12084,1166,72141,2954,67484,1703,69187,109858,13662,3533,2046,52349,50428,105352,32272
18,ASSAM,325,Darrang,Rural,175393,35211,138300,1645,114,10200,135133,158,958,26799,83453,3489,88451,3838,3238,600,145086,6658,99069,60567,49022,22782,10129,792,62545,2158,59036,1351,60387,103208,10912,2412,1171,50796,43209,100995,31189
18,ASSAM,325,Darrang,Urban,12659,10233,2332,24,22,7476,4559,237,39,257,11627,160,872,1027,837,190,10262,809,11389,8114,3635,7834,1955,374,9596,796,8448,352,8800,6650,2750,1121,875,1553,7219,4357,1083
18,ASSAM,326,Udalguri,Total,168047,53507,113148,769,439,13666,144322,183,1213,7442,73729,4425,89893,16301,14360,1941,85901,5226,88378,62172,49071,44972,11893,1448,77068,4296,70225,2547,72772,124472,11591,2867,1676,25733,51808,98545,17694
18,ASSAM,326,Udalguri,Rural,159630,46522,111854,747,333,9006,140924,114,1145,7301,66168,4311,89151,15529,13654,1875,80952,4857,80825,56373,46874,39470,10841,1227,70295,3942,64103,2250,66353,118489,9946,2328,1235,25056,46967,95573,17090
18,ASSAM,326,Udalguri,Urban,8417,6985,1294,22,106,4660,3398,69,68,141,7561,114,742,772,706,66,4949,369,7553,5799,2197,5502,1052,221,6773,354,6122,297,6419,5983,1645,539,441,677,4841,2972,604
19,WEST BENGAL,327,Darjiling,Total,382289,297176,77085,3383,3644,141897,203044,7559,6512,15252,251140,17390,113759,130225,80185,50040,28770,27749,144712,210940,71054,222987,38065,10943,239601,7465,214598,17538,232136,125953,39828,15192,14213,63789,181823,173885,26581
19,WEST BENGAL,327,Darjiling,Rural,234411,162970,66664,1274,2805,39485,169457,2002,5831,13496,122530,9222,102659,55203,17588,37615,18051,20427,67397,106801,38228,109005,11673,2029,119665,2571,113097,3997,117094,76506,13105,5199,2248,51591,88698,126950,18763
19,WEST BENGAL,327,Darjiling,Urban,147878,134206,10421,2109,839,102412,33587,5557,681,1756,128610,8168,11100,75022,62597,12425,10719,7322,77315,104139,32826,113982,26392,8914,119936,4894,101501,13541,115042,49447,26723,9993,11965,12198,93125,46935,7818
19,WEST BENGAL,328,Jalpaiguri,Total,861401,382500,467318,6055,3512,138522,557316,7892,18579,120732,428531,12784,420086,187441,132223,55218,206742,97725,478249,361742,69407,268908,48818,9322,332800,13310,292839,26651,319490,502539,67075,16431,12288,225174,288825,448004,124572
19,WEST BENGAL,328,Jalpaiguri,Rural,620432,203636,409179,3780,2399,25486,451594,1468,16096,112467,230195,9379,380858,109143,62596,46547,170469,70729,334316,228627,43907,126972,24529,2303,174957,6287,161216,7454,168670,358959,28352,7219,2212,189301,162690,358431,99311
19,WEST BENGAL,328,Jalpaiguri,Urban,240969,178864,58139,2275,1113,113036,105722,6424,2483,8265,198336,3405,39228,78298,69627,8671,36273,26996,143933,133115,25500,141936,24289,7019,157843,7023,131623,19197,150820,143580,38723,9212,10076,35873,126135,89573,25261
19,WEST BENGAL,329,Koch Bihar,Total,673931,186195,479677,4809,1426,49914,438461,2344,13353,153119,399224,10711,263996,85766,43357,42409,395600,130105,544326,265580,35736,110969,34438,3534,215363,8064,194557,12742,207299,368564,32771,8121,4363,226903,220275,372146,81510
19,WEST BENGAL,329,Koch Bihar,Rural,604602,129045,468687,4316,1057,13161,411121,796,13002,150920,336643,9604,258355,51983,25425,26558,375528,116455,495387,220467,31469,66188,26671,1703,166951,5886,155405,5660,161065,325656,20896,5811,1384,216694,179897,348675,76030
19,WEST BENGAL,329,Koch Bihar,Urban,69329,57150,10990,493,369,36753,27340,1548,351,2199,62581,1107,5641,33783,17932,15851,20072,13650,48939,45113,4267,44781,7767,1831,48412,2178,39152,7082,46234,42908,11875,2310,2979,10209,40378,23471,5480
19,WEST BENGAL,330,Uttar Dinajpur,Total,598172,199307,391814,3690,1315,39138,114518,827,32318,385416,164644,7015,426513,31795,20140,11655,450758,95954,343480,158254,56216,105431,31210,2883,198832,5984,185285,7563,192848,362567,31859,8150,3450,165071,188730,333812,75630
19,WEST BENGAL,330,Uttar Dinajpur,Rural,529416,147941,375583,3232,915,9702,87205,298,29645,379746,109212,5651,414553,22343,13966,8377,408350,80704,289084,119011,50853,64633,24899,1181,154802,4450,146596,3756,150352,322061,22352,6126,1200,153461,157478,306314,65624
19,WEST BENGAL,330,Uttar Dinajpur,Urban,68756,51366,16231,458,400,29436,27313,529,2673,5670,55432,1364,11960,9452,6174,3278,42408,15250,54396,39243,5363,40798,6311,1702,44030,1534,38689,3807,42496,40506,9507,2024,2250,11610,31252,27498,10006
19,WEST BENGAL,331,Dakshin Dinajpur,Total,396221,168069,221715,3492,1885,37186,88875,614,37714,211770,145974,7033,243214,30454,18185,12269,273063,86398,149127,133618,38250,103980,24318,2518,154925,5278,140781,8866,149647,225689,20163,6211,3105,111848,135647,214895,45679
19,WEST BENGAL,331,Dakshin Dinajpur,Rural,338680,121365,212262,2682,1539,8795,69544,195,35366,208659,93272,6590,238818,23268,14184,9084,241183,68934,101545,96511,34663,63780,16085,761,113220,3183,106957,3080,110037,188736,11532,4424,855,104632,103166,195160,40354
19,WEST BENGAL,331,Dakshin Dinajpur,Urban,57541,46704,9453,810,346,28391,19331,419,2348,3111,52702,443,4396,7186,4001,3185,31880,17464,47582,37107,3587,40200,8233,1757,41705,2095,33824,5786,39610,36953,8631,1787,2250,7216,32481,19735,5325
19,WEST BENGAL,332,Maldah,Total,838938,297716,525247,7229,5054,54213,188043,1044,105387,406509,266247,14920,557771,129224,94392,34832,439764,182281,305711,249826,80307,142659,63525,5357,295922,12266,269454,14202,283656,401774,41600,9639,6001,304509,263867,483372,91699
19,WEST BENGAL,332,Maldah,Rural,729770,218159,499071,5752,3747,16692,150367,506,98851,394070,185109,12131,532530,78809,55550,23259,410600,156858,237005,192370,71850,84610,50500,2219,228377,8363,211187,8827,220014,339655,27067,6226,1916,283448,216796,430389,82585
19,WEST BENGAL,332,Maldah,Urban,109168,79557,26176,1477,1307,37521,37676,538,6536,12439,81138,2789,25241,50415,38842,11573,29164,25423,68706,57456,8457,58049,13025,3138,67545,3903,58267,5375,63642,62119,14533,3413,4085,21061,47071,52983,9114
19,WEST BENGAL,333,Murshidabad,Total,1561892,541169,998296,10511,7447,92742,248368,2410,286805,776788,617358,28340,916194,109233,78209,31024,1182660,236393,656450,563226,171487,296566,79729,7951,530442,20640,485151,24651,509802,840951,74313,14050,9190,527116,456554,854660,250678
19,WEST BENGAL,333,Murshidabad,Rural,1282692,375096,890739,8179,5631,29509,169272,1321,269364,737756,444813,21024,816855,72199,46418,25781,1003861,179168,505981,417864,131846,184370,57815,3301,385691,14030,358486,13175,371661,681804,45627,9062,2787,455490,345071,719299,218322
19,WEST BENGAL,333,Murshidabad,Urban,279200,166073,107557,2332,1816,63233,79096,1089,17441,39032,172545,7316,99339,37034,31791,5243,178799,57225,150469,145362,39641,112196,21914,4650,144751,6610,126665,11476,138141,159147,28686,4988,6403,71626,111483,135361,32356
19,WEST BENGAL,334,Birbhum,Total,812954,333752,466425,5762,4483,57010,158329,1944,268199,215058,195797,5737,611420,129079,102481,26598,485413,147657,140634,377895,102820,191514,39636,5210,272320,12843,238435,21042,259477,451618,54557,7305,6622,273172,284434,407803,120717
19,WEST BENGAL,334,Birbhum,Rural,711236,260403,439936,5073,3704,21483,140364,1150,258425,209970,133155,4493,573588,77286,53972,23314,466112,127690,104376,315520,84891,133588,30153,2329,208300,9734,186316,12250,198566,387150,36385,4769,2445,254083,230080,369889,111267
19,WEST BENGAL,334,Birbhum,Urban,101718,73349,26489,689,779,35527,17965,794,9774,5088,62642,1244,37832,51793,48509,3284,19301,19967,36258,62375,17929,57926,9483,2881,64020,3109,52119,8792,60911,64468,18172,2536,4177,19089,54354,37914,9450
19,WEST BENGAL,335,Barddhaman,Total,1705506,1049943,619383,16891,11638,292585,338834,7027,290892,300314,949552,44164,711790,615383,532542,82841,726148,239336,603999,1080343,263907,747286,141387,32323,930784,46649,810210,73925,884135,1104486,263368,46714,51392,335650,768785,795736,140985
19,WEST BENGAL,335,Barddhaman,Rural,1064226,519670,525091,9428,5490,56196,273647,1764,275241,289840,490739,22986,550501,172824,120917,51907,673296,175565,325149,642757,154746,303512,59594,6789,457164,24342,403714,29108,432822,671274,90762,18351,7250,268519,413122,550785,100319
19,WEST BENGAL,335,Barddhaman,Urban,641280,530273,94292,7463,6148,236389,65187,5263,15651,10474,458813,21178,161289,442559,411625,30934,52852,63771,278850,437586,109161,443774,81793,25534,473620,22307,406496,44817,451313,433212,172606,28363,44142,67131,355663,244951,40666
19,WEST BENGAL,336,Nadia,Total,1231856,623729,589299,8636,6224,168314,417079,4386,63409,476613,955780,22797,253279,199423,140698,58725,829309,181019,837334,493811,140988,384314,77210,12787,544290,22088,491932,30270,522202,796698,76698,18658,11880,286411,438203,619549,174104
19,WEST BENGAL,336,Nadia,Rural,879934,342187,525371,5912,3873,38571,297324,1065,49344,455759,627523,17042,235369,97001,59332,37669,641024,125598,573007,288975,89321,179579,44690,4105,316883,11965,293584,11334,304918,549404,41922,10987,3007,239884,268329,474712,136893
19,WEST BENGAL,336,Nadia,Urban,351922,281542,63928,2724,2351,129743,119755,3321,14065,20854,328257,5755,17910,102422,81366,21056,188285,55421,264327,204836,51667,204735,32520,8682,227407,10123,198348,18936,217284,247294,34776,7671,8873,46527,169874,144837,37211
19,WEST BENGAL,337,North Twenty Four Parganas,Total,2283567,1608749,625735,30587,11357,791267,782543,61578,83106,261512,1998032,91799,193736,887270,737482,149788,918092,437410,1264795,1357490,508092,1151793,307381,105185,1475106,81083,1239980,154043,1394023,1279632,194653,83803,71934,355879,1129998,889769,263800
19,WEST BENGAL,337,North Twenty Four Parganas,Rural,988219,431034,535214,13650,4955,46970,589087,2575,64923,242374,780037,34406,173776,125829,95009,30820,684698,158660,367665,407869,128738,196893,76418,8212,430249,18450,398924,12875,411799,558670,56651,21760,5838,265905,336276,457652,194291
19,WEST BENGAL,337,North Twenty Four Parganas,Urban,1295348,1177715,90521,16937,6402,744297,193456,59003,18183,19138,1217995,57393,19960,761441,642473,118968,233394,278750,897130,949621,379354,954900,230963,96973,1044857,62633,841056,141168,982224,720962,138002,62043,66096,89974,793722,432117,69509
19,WEST BENGAL,338,Hugli,Total,1269438,965258,278072,13115,8574,319815,398358,16864,83462,240029,903933,42316,323189,442520,369729,72791,554450,249220,483054,740502,303088,628340,118459,31725,780325,40997,661149,78179,739328,903374,167753,24013,30270,170098,632693,519635,117110
19,WEST BENGAL,338,Hugli,Rural,777386,519678,242398,7381,5087,71250,330955,2002,71520,231222,467152,17415,292819,122461,79564,42897,472056,170326,196786,387830,145122,276647,46600,6250,402884,18664,358115,26105,384220,558939,93814,11021,7696,132110,332504,353729,91153
19,WEST BENGAL,338,Hugli,Urban,492052,445580,35674,5734,3487,248565,67403,14862,11942,8807,436781,24901,30370,320059,290165,29894,82394,78894,286268,352672,157966,351693,71859,25475,377441,22333,303034,52074,355108,344435,73939,12992,22574,37988,300189,165906,25957
19,WEST BENGAL,339,Bankura,Total,756438,334670,410293,5641,3503,45126,423865,1001,43404,88471,153487,6011,596940,90581,58384,32197,394758,175975,149249,413555,108877,177819,34128,4273,297338,12915,263516,20907,284423,546543,72350,7898,6298,156937,282229,387434,86775
19,WEST BENGAL,339,Bankura,Rural,691417,283726,397237,5260,3062,20840,410745,615,42492,87220,114190,4715,572512,51927,32033,19894,388626,164396,120742,367692,95602,137701,27699,2397,252887,10556,227187,15144,242331,500177,57165,5966,3236,148297,248226,362209,80982
19,WEST BENGAL,339,Bankura,Urban,65021,50944,13056,381,441,24286,13120,386,912,1251,39297,1296,24428,38654,26351,12303,6132,11579,28507,45863,13275,40118,6429,1876,44451,2359,36329,5763,42092,46366,15185,1932,3062,8640,34003,25225,5793
19,WEST BENGAL,340,Puruliya,Total,569254,189889,370122,5080,2441,30675,353377,857,40907,43368,67448,5301,496505,69266,62486,6780,200764,114439,55184,244882,50759,104489,32862,3551,191057,7054,175211,8792,184003,393127,49630,6602,5019,133488,184630,342873,41751
19,WEST BENGAL,340,Puruliya,Rural,496403,140851,348217,4318,1758,7967,338614,392,39066,41918,30378,4606,461419,33557,28973,4584,188620,101637,34253,201418,41132,64527,25402,1515,145445,5210,135004,5231,140235,345967,33885,4360,1820,119632,148319,311197,36887
19,WEST BENGAL,340,Puruliya,Urban,72851,49038,21905,762,683,22708,14763,465,1841,1450,37070,695,35086,35709,33513,2196,12144,12802,20931,43464,9627,39962,7460,2036,45612,1844,40207,3561,43768,47160,15745,2242,3199,13856,36311,31676,4864
19,WEST BENGAL,341,Haora,Total,1029114,796953,208283,13875,7591,325053,315933,38144,39854,130533,768670,46059,214385,329473,289518,39955,466683,216717,255927,535218,340533,539312,99261,30751,659579,33008,572020,54551,626571,576054,122818,22295,29557,171428,551711,382267,95136
19,WEST BENGAL,341,Haora,Rural,388459,240924,140976,3253,2249,32512,180165,1367,29364,106756,233665,14127,140667,46623,30462,16161,255199,84090,27378,137747,99223,129424,19723,2195,192457,7250,178561,6646,185207,211460,28875,3909,2170,99832,177615,157039,53805
19,WEST BENGAL,341,Haora,Urban,640655,556029,67307,10622,5342,292541,135768,36777,10490,23777,535005,31932,73718,282850,259056,23794,211484,132627,228549,397471,241310,409888,79538,28556,467122,25758,393459,47905,441364,364594,93943,18386,27387,71596,374096,225228,41331
19,WEST BENGAL,342,Kolkata,Total,964183,927602,17413,15471,2000,623579,47349,232818,3209,5484,915319,41861,7003,849526,818544,30982,40189,55389,698088,807582,458342,816141,252644,136618,857883,58403,631098,168382,799480,252887,117173,85605,96030,34826,640423,297901,25859
19,WEST BENGAL,342,Kolkata,Rural,0,0,0,0,0,0,0,0,0,0,0,0,0,0,0,0,0,0,0,0,0,0,0,0,0,0,0,0,0,0,0,0,0,0,0,0,0
19,WEST BENGAL,342,Kolkata,Urban,964183,927602,17413,15471,2000,623579,47349,232818,3209,5484,915319,41861,7003,849526,818544,30982,40189,55389,698088,807582,458342,816141,252644,136618,857883,58403,631098,168382,799480,252887,117173,85605,96030,34826,640423,297901,25859
19,WEST BENGAL,343,South Twenty Four Parganas,Total,1770331,837874,861949,58383,7539,232355,700081,36735,145895,535095,1108082,47830,614419,413818,374950,38868,1071508,272795,228977,701116,424906,569137,115871,20665,869569,28591,802296,38682,840978,749020,86416,38610,17195,530150,693235,829486,247610
19,WEST BENGAL,343,South Twenty Four Parganas,Rural,1291490,451540,777857,53873,5053,54232,535337,7359,139600,495117,710150,31089,550251,199093,174796,24297,897914,187653,93697,416307,278125,280743,66004,5356,538343,15342,509802,13199,523001,508347,43792,25907,4390,456747,437522,644926,209042
19,WEST BENGAL,343,South Twenty Four Parganas,Urban,478841,386334,84092,4510,2486,178123,164744,29376,6295,39978,397932,16741,64168,214725,200154,14571,173594,85142,135280,284809,146781,288394,49867,15309,331226,13249,292494,25483,317977,240673,42624,12703,12805,73403,255713,184560,38568
19,WEST BENGAL,344,Paschim Medinipur,Total,1262269,663811,576250,14373,4748,108068,605554,2950,224110,269855,582455,19989,659825,246740,175817,70923,600010,232713,304169,633971,231864,304905,62108,8970,533930,19418,487801,26711,514512,926551,136067,14598,14413,228808,474208,629179,158882
19,WEST BENGAL,344,Paschim Medinipur,Rural,1109569,542598,548438,12718,3390,31240,558919,1333,216964,265240,464610,14788,630171,137797,73834,63963,591779,221723,236834,529523,205667,204308,44542,3369,422136,14096,393811,14229,408040,810164,90625,9392,4676,214585,384345,579027,146197
19,WEST BENGAL,344,Paschim Medinipur,Urban,152700,121213,27812,1655,1358,76828,46635,1617,7146,4615,117845,5201,29654,108943,101983,6960,8231,10990,67335,104448,26197,100597,17566,5601,111794,5322,93990,12482,106472,116387,45442,5206,9737,14223,89863,50152,12685
19,WEST BENGAL,345,Purba Medinipur,Total,1099545,530761,550923,11588,3180,55834,257414,2315,223470,491897,937702,34579,127264,123719,91931,31788,796419,164984,111005,454078,223311,225190,67707,9076,499045,18794,460289,19962,480251,667366,61199,14605,7746,269938,388550,521829,189166
19,WEST BENGAL,345,Purba Medinipur,Rural,978844,438673,524811,10416,2606,19290,211967,956,210762,477333,837779,29937,111128,91097,63704,27393,738465,137022,78099,377572,195395,163247,53897,4411,414223,15786,385931,12506,398437,584792,45212,10223,3115,255263,321992,479820,177032
19,WEST BENGAL,345,Purba Medinipur,Urban,120701,92088,26112,1172,574,36544,45447,1359,12708,14564,99923,4642,16136,32622,28227,4395,57954,27962,32906,76506,27916,61943,13810,4665,84822,3008,74358,7456,81814,82574,15987,4382,4631,14675,66558,42009,12134
20,JHARKHAND,346,Garhwa,Total,254710,29373,222916,1973,45,6798,216111,227,20451,8929,18018,1019,235673,9562,5700,3862,178439,2359,42515,101116,47454,21864,8881,565,100748,2218,96766,1764,98530,108161,16578,2671,934,92056,86250,156469,11991
20,JHARKHAND,346,Garhwa,Rural,241497,21027,218094,1951,36,2612,209189,137,19962,8706,11897,919,228681,7062,3496,3566,171122,280,36452,92521,44295,16018,7720,316,91812,1897,88403,1512,89915,102538,13603,2169,412,89576,79820,150591,11086
20,JHARKHAND,346,Garhwa,Urban,13213,8346,4822,22,9,4186,6922,90,489,223,6121,100,6992,2500,2204,296,7317,2079,6063,8595,3159,5846,1161,249,8936,321,8363,252,8615,5623,2975,502,522,2480,6430,5878,905
20,JHARKHAND,347,Chatra,Total,180912,27037,151457,1762,52,5307,151180,136,10957,3684,18298,2030,160584,7066,4698,2368,84622,930,29054,87405,43535,17627,9115,590,82823,2320,78668,1835,80503,90400,15107,2110,852,53880,70062,102767,8083
20,JHARKHAND,347,Chatra,Rural,170239,19196,148659,1745,50,1535,145748,114,10806,3585,11286,1905,157048,4303,2285,2018,78895,623,23306,79783,41668,12466,8152,304,74895,2006,71252,1637,72889,85487,12179,1638,383,52231,64775,97818,7646
20,JHARKHAND,347,Chatra,Urban,10673,7841,2798,17,2,3772,5432,22,151,99,7012,125,3536,2763,2413,350,5727,307,5748,7622,1867,5161,963,286,7928,314,7416,198,7614,4913,2928,472,469,1649,5287,4949,437
20,JHARKHAND,348,Kodarma,Total,114060,62318,50748,340,136,11810,81120,209,11298,2176,18818,937,94305,5781,3848,1933,34725,2072,26469,72927,16401,28323,7195,845,78836,2007,75083,1746,76829,57819,17265,2538,1548,20306,51167,57835,5058
20,JHARKHAND,348,Kodarma,Rural,90207,41961,47338,326,128,2578,70849,71,10641,1932,6817,807,82583,2866,1882,984,28240,403,13920,55541,13622,15134,4907,276,59818,1526,57248,1044,58292,45462,11615,1321,419,17765,39259,47175,3773
20,JHARKHAND,348,Kodarma,Urban,23853,20357,3410,14,8,9232,10271,138,657,244,12001,130,11722,2915,1966,949,6485,1669,12549,17386,2779,13189,2288,569,19018,481,17835,702,18537,12357,5650,1217,1129,2541,11908,10660,1285
20,JHARKHAND,349,Giridih,Total,391448,125431,261699,2826,191,16909,206215,307,60045,13916,42269,2904,346275,20116,12464,7652,86077,3294,64045,219590,77769,63911,19976,1944,242670,6569,231728,4373,236101,226550,57582,6290,3341,71320,175299,203877,12272
20,JHARKHAND,349,Giridih,Rural,356247,95872,256334,2763,104,5758,204467,244,59326,13421,20703,2432,333112,7925,3978,3947,79465,897,44777,195860,73269,41940,16282,971,216323,5288,207952,3083,211035,207359,46983,4680,1362,67857,154320,190846,11081
20,JHARKHAND,349,Giridih,Urban,35201,29559,5365,63,87,11151,1748,63,719,495,21566,472,13163,12191,8486,3705,6612,2397,19268,23730,4500,21971,3694,973,26347,1281,23776,1290,25066,19191,10599,1610,1979,3463,20979,13031,1191
20,JHARKHAND,350,Deoghar,Total,260316,130193,128716,789,67,26760,119711,779,74742,10285,42762,2137,215417,10813,6471,4342,130925,9593,51356,128726,32959,64890,13550,1944,126305,3976,119254,3075,122329,174959,32553,3714,3384,46913,100194,147192,12930
20,JHARKHAND,350,Deoghar,Rural,214896,89935,123780,717,48,3062,109238,278,71687,9437,11752,1320,201824,6286,3176,3110,116661,2445,23864,95345,27696,34394,8127,390,91164,2828,86399,1937,88336,148401,19746,1798,700,42821,73658,130215,11023
20,JHARKHAND,350,Deoghar,Urban,45420,40258,4936,72,19,23698,10473,501,3055,848,31010,817,13593,4527,3295,1232,14264,7148,27492,33381,5263,30496,5423,1554,35141,1148,32855,1138,33993,26558,12807,1916,2684,4092,26536,16977,1907
20,JHARKHAND,351,Godda,Total,251018,43230,205218,1361,55,7421,88423,481,75499,24309,26348,1999,222671,9377,5128,4249,165907,2969,36301,98460,48401,25764,11925,874,89533,2481,84687,2365,87052,133332,19859,1754,1458,79832,74174,154361,22483
20,JHARKHAND,351,Godda,Rural,239500,34249,202756,1334,52,3582,87515,466,75011,24110,18870,1968,218662,7435,3706,3729,161578,2067,29532,90267,45664,19300,10644,470,81099,2215,76920,1964,78884,126375,16003,1272,759,78474,67373,150126,22001
20,JHARKHAND,351,Godda,Urban,11518,8981,2462,27,3,3839,908,15,488,199,7478,31,4009,1942,1422,520,4329,902,6769,8193,2737,6464,1281,404,8434,266,7767,401,8168,6957,3856,482,699,1358,6801,4235,482
20,JHARKHAND,352,Sahibganj,Total,224517,34879,187703,1043,81,11545,134628,322,17711,40068,34451,1262,188804,10049,5792,4257,140089,8021,44115,74705,45998,24604,9563,591,64808,1611,60592,2605,63197,95511,10359,1285,808,90768,67545,140493,16479
20,JHARKHAND,352,Sahibganj,Rural,193809,16515,175523,972,69,2985,122405,147,16720,38559,17774,920,175115,7141,3796,3345,121521,6506,30441,57239,40538,11935,7575,236,48083,949,45666,1468,47134,82465,7094,848,295,82425,53510,126223,14076
20,JHARKHAND,352,Sahibganj,Urban,30708,18364,12180,71,12,8560,12223,175,991,1509,16677,342,13689,2908,1996,912,18568,1515,13674,17466,5460,12669,1988,355,16725,662,14926,1137,16063,13046,3265,437,513,8343,14035,14270,2403
20,JHARKHAND,353,Pakur,Total,180578,31414,148175,551,85,5316,78200,320,26129,28494,18395,1619,160564,5590,1837,3753,132348,7257,11757,57247,24266,16500,4535,328,39592,1156,37087,1349,38436,102037,9725,923,605,60852,61404,106490,12684
20,JHARKHAND,353,Pakur,Rural,167362,22444,144011,545,22,1849,77092,237,25646,28299,12244,1474,153644,2987,1458,1529,125236,5812,7915,50159,23177,10914,3623,137,32932,917,30971,1044,32015,96550,7798,707,251,57079,55113,100323,11926
20,JHARKHAND,353,Pakur,Urban,13216,8970,4164,6,63,3467,1108,83,483,195,6151,145,6920,2603,379,2224,7112,1445,3842,7088,1089,5586,912,191,6660,239,6116,305,6421,5487,1927,216,354,3773,6291,6167,758
20,JHARKHAND,354,Dhanbad,Total,499179,427173,68537,1689,523,83995,99147,1151,7940,6178,198464,6745,293970,199454,150970,48484,130812,22792,163958,333386,47744,290580,46646,11568,328776,13811,303871,11094,314965,283681,131398,18631,23334,64512,240232,237937,21010
20,JHARKHAND,354,Dhanbad,Rural,207157,153837,51985,627,167,7747,90549,248,3653,2971,25325,1242,180590,22039,14498,7541,80328,4135,34864,118319,19427,84169,11338,1358,108725,3773,102508,2444,104952,141029,40393,3476,3082,32096,89310,108114,9733
20,JHARKHAND,354,Dhanbad,Urban,292022,273336,16552,1062,356,76248,8598,903,4287,3207,173139,5503,113380,177415,136472,40943,50484,18657,129094,215067,28317,206411,35308,10210,220051,10038,201363,8650,210013,142652,91005,15155,20252,32416,150922,129823,11277
20,JHARKHAND,355,Bokaro,Total,391438,274726,112539,2268,146,67157,128242,1110,13287,11099,130956,3693,256789,101797,87128,14669,125121,12123,139394,251233,53133,179570,37997,9754,239204,10961,215478,12765,228243,247231,108998,21098,22508,52291,205794,171389,14255
20,JHARKHAND,355,Bokaro,Rural,204021,110216,90896,1802,41,2677,116116,111,9574,6762,13525,1866,188630,7606,4458,3148,74982,1915,27413,102932,29520,47635,9249,731,90538,3926,84644,1968,86612,134960,29155,3693,1527,37946,93097,102651,8273
20,JHARKHAND,355,Bokaro,Urban,187417,164510,21643,466,105,64480,12126,999,3713,4337,117431,1827,68159,94191,82670,11521,50139,10208,111981,148301,23613,131935,28748,9023,148666,7035,130834,10797,141631,112271,79843,17405,20981,14345,112697,68738,5982
20,JHARKHAND,356,Lohardaga,Total,91302,28769,61875,239,16,8016,72716,38,749,7668,13613,499,77190,2682,1903,779,40035,435,10565,52545,18498,12504,2954,351,32713,946,31101,666,31767,66235,10065,1102,677,15490,34419,54130,2753
20,JHARKHAND,356,Lohardaga,Rural,80295,20009,59659,234,13,2131,68239,18,708,7573,5849,238,74208,1250,803,447,36638,122,4865,44750,16785,6275,2043,94,24604,649,23573,382,23955,60065,6563,589,137,14075,27883,50145,2267
20,JHARKHAND,356,Lohardaga,Urban,11007,8760,2216,5,3,5885,4477,20,41,95,7764,261,2982,1432,1100,332,3397,313,5700,7795,1713,6229,911,257,8109,297,7528,284,7812,6170,3502,513,540,1415,6536,3985,486
20,JHARKHAND,357,Purbi Singhbhum,Total,469702,382507,85273,729,563,159644,210395,2917,4592,9162,234485,7051,228166,140971,123254,17717,187813,42702,212215,307275,88424,228411,63985,22042,274111,16934,229290,27887,257177,302921,147472,32092,44635,53412,275776,175535,18391
20,JHARKHAND,357,Purbi Singhbhum,Rural,215676,146987,68012,361,142,8564,188378,334,621,4868,29437,851,185388,9550,5972,3578,118484,11811,26317,108445,26461,39284,8278,871,68089,2852,63084,2153,65237,161998,23446,2024,1746,38299,93099,110087,12490
20,JHARKHAND,357,Purbi Singhbhum,Urban,254026,235520,17261,368,421,151080,22017,2583,3971,4294,205048,6200,42778,131421,117282,14139,69329,30891,185898,198830,61963,189127,55707,21171,206022,14082,166206,25734,191940,140923,124026,30068,42889,15113,182677,65448,5901
20,JHARKHAND,358,Palamu,Total,355515,68238,283967,1551,407,17270,271109,598,41620,15490,46445,1580,307490,16934,9200,7734,235462,3755,93084,181061,75238,51012,19981,2155,167482,7230,155997,4255,160252,159105,29434,8015,2931,109609,119064,214387,22064
20,JHARKHAND,358,Palamu,Rural,316135,41155,272061,1485,230,3262,254982,346,39604,14412,23502,866,291767,12385,5999,6386,206469,1441,70206,154561,67186,31717,15374,1006,138610,5934,129822,2854,132676,142492,19004,5805,908,103687,97586,198613,19936
20,JHARKHAND,358,Palamu,Urban,39380,27083,11906,66,177,14008,16127,252,2016,1078,22943,714,15723,4549,3201,1348,28993,2314,22878,26500,8052,19295,4607,1149,28872,1296,26175,1401,27576,16613,10430,2210,2023,5922,21478,15774,2128
20,JHARKHAND,359,Latehar,Total,132685,38194,91094,2498,191,2177,113603,166,795,1732,14317,474,117894,3795,2090,1705,70024,736,13556,50986,28620,10697,6240,340,39512,1000,37343,1169,38512,63127,8012,1268,440,49453,54220,75215,3250
20,JHARKHAND,359,Latehar,Rural,122902,31449,88211,2480,114,748,110760,70,655,1623,8858,340,113704,2662,1067,1595,63389,319,8736,44545,26528,6485,5647,174,32730,813,30999,918,31917,58912,5910,850,239,47602,48902,71242,2758
20,JHARKHAND,359,Latehar,Urban,9783,6745,2883,18,77,1429,2843,96,140,109,5459,134,4190,1133,1023,110,6635,417,4820,6441,2092,4212,593,166,6782,187,6344,251,6595,4215,2102,418,201,1851,5318,3973,492
20,JHARKHAND,360,Hazaribagh,Total,301227,176888,122163,1011,161,23057,171783,348,19207,4453,59041,2245,239941,21574,14865,6709,67590,7197,78545,202420,53964,84424,18181,3532,201427,7510,189395,4522,193917,168989,51617,9803,6121,49080,152676,138760,9791
20,JHARKHAND,360,Hazaribagh,Rural,252871,132695,118263,907,104,4753,167377,234,17519,3966,23515,1481,227875,7735,4088,3647,57145,1239,46820,165683,45634,51667,11310,1247,162815,5263,155116,2436,157552,141978,34289,4992,1584,44871,121770,122737,8364
20,JHARKHAND,360,Hazaribagh,Urban,48356,44193,3900,104,57,18304,4406,114,1688,487,35526,764,12066,13839,10777,3062,10445,5958,31725,36737,8330,32757,6871,2285,38612,2247,34279,2086,36365,27011,17328,4811,4537,4209,30906,16023,1427
20,JHARKHAND,361,Ramgarh,Total,177197,149265,27111,334,67,24095,32976,287,1469,1583,58313,2275,116609,45344,38889,6455,37015,4175,60452,115597,27735,87482,12021,2876,117980,4455,110861,2664,113525,95218,43672,7418,6152,23490,90048,80618,6531
20,JHARKHAND,361,Ramgarh,Rural,97889,75611,21781,241,27,2175,30414,35,381,1015,10752,1024,86113,6727,4395,2332,24378,940,14548,56115,14309,33158,3838,538,55995,2084,53059,852,53911,59908,17308,2092,986,15763,45120,49056,3713
20,JHARKHAND,361,Ramgarh,Urban,79308,73654,5330,93,40,21920,2562,252,1088,568,47561,1251,30496,38617,34494,4123,12637,3235,45904,59482,13426,54324,8183,2338,61985,2371,57802,1812,59614,35310,26364,5326,5166,7727,44928,31562,2818
20,JHARKHAND,362,Dumka,Total,272925,62110,208586,1055,160,11836,223022,480,15980,12871,26873,2127,243925,10184,6245,3939,168491,9715,23295,120584,36546,32443,10396,1193,75323,3086,70067,2170,72237,175375,23058,2912,1785,72320,87533,169235,16157
20,JHARKHAND,362,Dumka,Rural,255926,48227,205543,1022,149,4091,216688,326,15465,12574,15965,1925,238036,7980,4737,3243,161615,7380,14514,108752,34639,21910,8728,655,63214,2635,59003,1576,60579,165495,17831,2034,715,70035,77079,163548,15299
20,JHARKHAND,362,Dumka,Urban,16999,13883,3043,33,11,7745,6334,154,515,297,10908,202,5889,2204,1508,696,6876,2335,8781,11832,1907,10533,1668,538,12109,451,11064,594,11658,9880,5227,878,1070,2285,10454,5687,858
20,JHARKHAND,363,Jamtara,Total,150103,49419,99961,316,57,5564,78270,125,23937,4302,14710,872,134521,3369,1699,1670,97078,6404,20557,68306,21154,31194,4959,808,55601,2377,52099,1125,53224,116861,16906,1632,1057,20800,53276,89728,7099
20,JHARKHAND,363,Jamtara,Rural,135540,37315,97563,301,40,976,76751,66,23269,4214,5964,714,128862,2280,1059,1221,92547,5576,11683,58715,19426,21689,3780,476,44826,2081,41981,764,42745,106962,12727,1175,371,19306,44066,84852,6622
20,JHARKHAND,363,Jamtara,Urban,14563,12104,2398,15,17,4588,1519,59,668,88,8746,158,5659,1089,640,449,4531,828,8874,9591,1728,9505,1179,332,10775,296,10118,361,10479,9899,4179,457,686,1494,9210,4876,477
20,JHARKHAND,364,Ranchi,Total,556789,350908,201601,1744,528,164237,287550,2103,12242,26871,227932,10712,318145,101302,84884,16418,167637,44162,199059,363335,137964,247137,76565,22538,334055,19068,293292,21695,314987,344888,141089,34053,43660,68070,285459,251909,19421
20,JHARKHAND,364,Ranchi,Rural,322679,139416,180372,1336,319,16841,256256,391,9168,23927,42680,4626,275373,14467,8695,5772,125819,3250,33544,179053,70119,70127,19004,1650,138345,5635,128939,3771,132710,225649,40310,4295,2974,54225,135527,177355,9797
20,JHARKHAND,364,Ranchi,Urban,234110,211492,21229,408,209,147396,31294,1712,3074,2944,185252,6086,42772,86835,76189,10646,41818,40912,165515,184282,67845,177010,57561,20888,195710,13433,164353,17924,182277,119239,100779,29758,40686,13845,149932,74554,9624
20,JHARKHAND,365,Khunti,Total,102654,29157,68974,4142,20,3779,95398,167,1052,1449,8580,825,93249,3831,2572,1259,31199,550,9007,45199,18395,11314,4747,417,27125,1322,24812,991,25803,70981,7844,1016,542,22187,41646,57517,3491
20,JHARKHAND,365,Khunti,Rural,93762,22098,67194,4117,13,922,90361,95,761,1353,3789,728,89245,2868,1793,1075,28415,271,4424,38951,16814,6531,3895,202,21066,1050,19300,716,20016,66238,5425,602,150,21029,36414,54124,3224
20,JHARKHAND,365,Khunti,Urban,8892,7059,1780,25,7,2857,5037,72,291,96,4791,97,4004,963,779,184,2784,279,4583,6248,1581,4783,852,215,6059,272,5512,275,5787,4743,2419,414,392,1158,5232,3393,267
20,JHARKHAND,366,Gumla,Total,188849,31687,155295,1006,65,9108,172123,182,585,5935,19545,1659,167645,7231,4332,2899,51922,961,20129,99770,36472,18701,7807,831,55186,2529,51241,1416,52657,130700,16146,2181,1114,39461,66540,116582,5727
20,JHARKHAND,366,Gumla,Rural,176770,22226,152763,934,61,3466,166100,85,573,5861,11274,1504,163992,4678,1981,2697,48864,498,13087,90900,34953,11904,6682,491,46158,2180,42857,1121,43978,124484,12390,1470,386,37890,59702,111948,5120
20,JHARKHAND,366,Gumla,Urban,12079,9461,2532,72,4,5642,6023,97,12,74,8271,155,3653,2553,2351,202,3058,463,7042,8870,1519,6797,1125,340,9028,349,8384,295,8679,6216,3756,711,728,1571,6838,4634,607
20,JHARKHAND,367,Simdega,Total,116606,16865,98853,728,21,3472,111444,149,217,1104,9547,772,106287,3519,1931,1588,43030,535,9151,50988,17801,7606,4649,423,27504,1190,25218,1096,26314,86022,9742,1158,476,22073,45177,67905,3524
20,JHARKHAND,367,Simdega,Rural,108683,11520,96333,692,19,940,106314,83,185,996,5313,546,102824,2707,1281,1426,38702,312,5478,46230,16773,4249,4022,238,22249,995,20425,829,21254,80965,7175,827,182,21062,40747,64732,3204
20,JHARKHAND,367,Simdega,Urban,7923,5345,2520,36,2,2532,5130,66,32,108,4234,226,3463,812,650,162,4328,223,3673,4758,1028,3357,627,185,5255,195,4793,267,5060,5057,2567,331,294,1011,4430,3173,320
20,JHARKHAND,368,Pashchimi Singhbhum,Total,299883,121955,166199,10919,157,19441,267470,1103,561,2815,35357,2908,261618,29479,22118,7361,175839,7128,29880,120600,42634,40486,12472,1959,76341,3931,68999,3411,72410,180400,31568,3704,3183,87313,140796,146871,12216
20,JHARKHAND,368,Pashchimi Singhbhum,Rural,256019,87673,156904,10843,113,2718,249009,167,212,2471,9501,1763,244755,11140,6355,4785,159089,4576,8966,90171,37558,15771,7955,604,46453,2945,41857,1651,43508,158200,16758,1756,435,80049,115370,130412,10237
20,JHARKHAND,368,Pashchimi Singhbhum,Urban,43864,34282,9295,76,44,16723,18461,936,349,344,25856,1145,16863,18339,15763,2576,16750,2552,20914,30429,5076,24715,4517,1355,29888,986,27142,1760,28902,22200,14810,1948,2748,7264,25426,16459,1979
20,JHARKHAND,369,Saraikela-Kharsawan,Total,217994,138131,75419,4045,56,26118,146585,873,2487,4525,44330,2063,171601,25817,18481,7336,124584,14670,44723,131415,37515,60378,12081,2606,90836,3777,82876,4183,87059,156146,36326,4584,5182,33806,102367,107857,7770
20,JHARKHAND,369,Saraikela-Kharsawan,Rural,165883,92417,69244,3988,20,5049,141282,218,1370,4067,10697,1405,153781,11967,7249,4718,100922,6558,13357,96067,26901,29214,5962,554,55038,2026,51580,1432,53012,124254,19245,1647,979,29082,71132,88769,5982
20,JHARKHAND,369,Saraikela-Kharsawan,Urban,52111,45714,6175,57,36,21069,5303,655,1117,458,33633,658,17820,13850,11232,2618,23662,8112,31366,35348,10614,31164,6119,2052,35798,1751,31296,2751,34047,31892,17081,2937,4203,4724,31235,19088,1788
21,ODISHA,370,Bargarh,Total,373391,166909,202404,872,2670,16880,313898,2379,25750,8587,60231,3265,309895,62792,23455,39337,192472,80931,37116,136690,19291,106176,12343,2401,123180,4526,113293,5361,118654,273955,48055,4546,3707,74366,100084,242931,30376
21,ODISHA,370,Bargarh,Rural,339364,136817,198851,826,2361,5880,295455,686,25270,8139,41802,2860,294702,51020,16001,35019,188822,68802,21833,117043,17178,83891,8836,1071,101559,3709,94579,3271,97850,248961,37207,3057,1475,70193,83573,227024,28767
21,ODISHA,370,Bargarh,Urban,34027,30092,3553,46,309,11000,18443,1693,480,448,18429,405,15193,11772,7454,4318,3650,12129,15283,19647,2113,22285,3507,1330,21621,817,18714,2090,20804,24994,10848,1489,2232,4173,16511,15907,1609
21,ODISHA,371,Jharsuguda,Total,134624,81433,50862,246,1743,18950,77035,963,3407,1229,35184,1396,98044,24394,18937,5457,34815,41543,34670,75755,7135,57831,7555,2498,65742,2216,59416,4110,63526,102328,32916,3966,4526,16601,43810,83010,7804
21,ODISHA,371,Jharsuguda,Rural,83664,37112,45082,200,1101,2339,69521,372,2958,783,7852,749,75063,6154,3404,2750,31722,28607,8818,41805,3953,23139,2358,363,30337,1052,28382,903,29285,66669,13156,1138,687,12065,18907,59810,4947
21,ODISHA,371,Jharsuguda,Urban,50960,44321,5780,46,642,16611,7514,591,449,446,27332,647,22981,18240,15533,2707,3093,12936,25852,33950,3182,34692,5197,2135,35405,1164,31034,3207,34241,35659,19760,2828,3839,4536,24903,23200,2857
21,ODISHA,372,Sambalpur,Total,248829,126498,119109,441,2517,33612,190170,7702,4111,2592,56878,3360,188591,60077,48227,11850,72331,62261,57438,127821,18670,91058,14521,5231,104722,4343,91751,8628,100379,176565,47662,5946,8681,45846,77843,153507,17479
21,ODISHA,372,Sambalpur,Rural,178958,63987,112587,366,1809,5470,163505,736,3105,1735,15326,1506,162126,15253,6353,8900,67423,49006,18637,79179,12318,39809,4353,685,55010,1919,50895,2196,53091,126828,20163,1935,1094,39646,40401,124687,13870
21,ODISHA,372,Sambalpur,Urban,69871,62511,6522,75,708,28142,26665,6966,1006,857,41552,1854,26465,44824,41874,2950,4908,13255,38801,48642,6352,51249,10168,4546,49712,2424,40856,6432,47288,49737,27499,4011,7587,6200,37442,28820,3609
21,ODISHA,373,Debagarh,Total,75942,22453,51938,247,946,2236,71476,265,66,704,6971,454,68517,5477,3780,1697,32327,18465,8550,31645,6087,10554,3247,825,19048,1500,16773,775,17548,40025,7347,1033,462,26973,9886,56290,9766
21,ODISHA,373,Debagarh,Rural,70511,18487,50555,240,881,778,67988,95,57,663,4186,262,66063,3015,1346,1669,31621,17638,6371,28480,5513,7663,2871,675,15976,1365,14117,494,14611,37163,5794,814,259,25660,8136,52909,9466
21,ODISHA,373,Debagarh,Urban,5431,3966,1383,7,65,1458,3488,170,9,41,2785,192,2454,2462,2434,28,706,827,2179,3165,574,2891,376,150,3072,135,2656,281,2937,2862,1553,219,203,1313,1750,3381,300
21,ODISHA,374,Sundargarh,Total,473293,223537,239813,2442,6348,77581,332879,15239,4849,5318,132466,8499,332328,93762,80923,12839,161559,103204,118116,270108,58867,164585,35024,12787,214427,9691,191015,13721,204736,341323,102703,14641,20964,75680,135959,312226,25108
21,ODISHA,374,Sundargarh,Rural,310762,79585,223841,2197,4412,7075,286769,1209,2747,3748,26001,4964,279797,15397,8113,7284,135904,65239,29156,149875,29019,48045,10120,1629,91185,3697,84502,2986,87488,221400,30954,3334,1651,64479,56782,236019,17961
21,ODISHA,374,Sundargarh,Urban,162531,143952,15972,245,1936,70506,46110,14030,2102,1570,106465,3535,52531,78365,72810,5555,25655,37965,88960,120233,29848,116540,24904,11158,123242,5994,106513,10735,117248,119923,71749,11307,19313,11201,79177,76207,7147
21,ODISHA,375,Kendujhar,Total,406629,121830,277926,2022,3469,30240,258698,3713,11234,33231,61402,4014,341213,41186,32954,8232,151419,91897,69464,200877,65482,74858,13167,2622,134123,3404,125986,4733,130719,232920,57029,7608,4791,115890,99555,272546,34528
21,ODISHA,375,Kendujhar,Rural,349736,80481,263466,1937,2718,9710,232820,1003,10559,31846,32526,3293,313917,16180,10148,6032,147329,81715,44211,165785,59630,43850,8176,913,98292,2597,93478,2217,95695,206843,37075,4021,1371,103919,74804,244810,30122
21,ODISHA,375,Kendujhar,Urban,56893,41349,14460,85,751,20530,25878,2710,675,1385,28876,721,27296,25006,22806,2200,4090,10182,25253,35092,5852,31008,4991,1709,35831,807,32508,2516,35024,26077,19954,3587,3420,11971,24751,27736,4406
21,ODISHA,376,Mayurbhanj,Total,587648,140189,441039,1578,4197,29031,457102,2431,10436,52715,109355,6914,471379,37517,23720,13797,193504,98896,96329,297045,74035,83167,17999,2950,166662,6698,151621,8343,159964,418435,62502,6279,4642,125856,123550,413800,50298
21,ODISHA,376,Mayurbhanj,Rural,544764,107023,431910,1526,3705,9594,438142,856,10134,51604,81889,6412,456463,23031,11697,11334,187834,94170,69923,266585,70045,56394,13639,1382,136440,5640,126412,4388,130800,388624,44582,4154,1568,121087,102913,395008,46843
21,ODISHA,376,Mayurbhanj,Urban,42884,33166,9129,52,492,19437,18960,1575,302,1111,27466,502,14916,14486,12023,2463,5670,4726,26406,30460,3990,26773,4360,1568,30222,1058,25209,3955,29164,29811,17920,2125,3074,4769,20637,18792,3455
21,ODISHA,377,Baleshwar,Total,529407,296834,224150,1893,4762,36478,223201,3074,61491,184970,145565,8692,375150,71889,44869,27020,342596,78155,208631,251940,41966,161266,28289,7370,256167,15504,227957,12706,240663,365510,75401,8591,7571,95101,152895,317781,58731
21,ODISHA,377,Baleshwar,Rural,473512,249429,216443,1804,4195,13049,198984,721,59969,181740,107566,7800,358146,45606,31586,14020,326589,66819,174786,214966,37897,125547,21102,4684,215965,13124,195513,7328,202841,322697,54108,5987,3002,90422,124616,294192,54704
21,ODISHA,377,Baleshwar,Urban,55895,47405,7707,89,567,23429,24217,2353,1522,3230,37999,892,17004,26283,13283,13000,16007,11336,33845,36974,4069,35719,7187,2686,40202,2380,32444,5378,37822,42813,21293,2604,4569,4679,28279,23589,4027
21,ODISHA,378,Bhadrak,Total,309527,164636,140290,927,3175,15864,52000,1098,86445,146278,62233,6399,240895,13097,8667,4430,236128,48040,108838,135041,51374,86821,15609,2637,165031,6947,152222,5862,158084,184434,34791,3670,3134,69235,87429,194992,27106
21,ODISHA,378,Bhadrak,Rural,274191,138080,132319,842,2523,7033,39428,455,79504,140800,43944,5765,224482,9868,6164,3704,213705,39864,86988,117227,46473,69489,12255,1593,141734,5723,132129,3882,136011,158847,25732,2532,1506,64793,73315,176369,24507
21,ODISHA,378,Bhadrak,Urban,35336,26556,7971,85,652,8831,12572,643,6941,5478,18289,634,16413,3229,2503,726,22423,8176,21850,17814,4901,17332,3354,1044,23297,1224,20093,1980,22073,25587,9059,1138,1628,4442,14114,18623,2599
21,ODISHA,379,Kendrapara,Total,327405,173107,149682,1399,2550,15879,84462,1652,122034,96916,58387,4186,264832,26190,18149,8041,194259,78721,57321,194791,57287,96234,11836,1628,172218,4759,162310,5149,167459,189402,37980,2686,2095,74244,118016,184713,24676
21,ODISHA,379,Kendrapara,Rural,311465,159811,147154,1379,2469,11434,77182,1169,120885,95021,49170,3926,258369,18763,11515,7248,190686,76217,48027,185010,54684,87201,10620,1326,161084,4403,152324,4357,156681,178103,33582,2191,1571,72337,110597,177600,23268
21,ODISHA,379,Kendrapara,Urban,15940,13296,2528,20,81,4445,7280,483,1149,1895,9217,260,6463,7427,6634,793,3573,2504,9294,9781,2603,9033,1216,302,11134,356,9986,792,10778,11299,4398,495,524,1907,7419,7113,1408
21,ODISHA,380,Jagatsinghapur,Total,265588,139646,121847,1144,2084,20225,101533,2669,97384,30337,65115,4145,196328,30099,19342,10757,192378,23341,103798,153973,50183,87312,13312,3199,150044,6571,137436,6037,143473,170536,44412,4349,3695,45876,95644,152163,17781
21,ODISHA,380,Jagatsinghapur,Rural,237411,121609,112323,1045,1732,10566,92594,1265,95964,29653,52480,1727,183204,15138,5731,9407,185727,19070,89607,135606,44469,73474,10308,2218,129396,5632,119303,4461,123764,151892,35490,3308,1957,42503,84615,136050,16746
21,ODISHA,380,Jagatsinghapur,Urban,28177,18037,9524,99,352,9659,8939,1404,1420,684,12635,2418,13124,14961,13611,1350,6651,4271,14191,18367,5714,13838,3004,981,20648,939,18133,1576,19709,18644,8922,1041,1738,3373,11029,16113,1035
21,ODISHA,381,Cuttack,Total,566831,349587,208194,1075,7016,103177,271510,16730,112673,44760,205665,8947,352219,123194,105424,17770,174111,129190,236109,305557,101749,236867,40589,15046,298570,15390,258129,25051,283180,391982,132934,15494,23064,96174,229222,285690,51919
21,ODISHA,381,Cuttack,Rural,425082,219784,198234,922,5457,21585,236785,1831,107822,43143,95094,3811,326177,32319,20208,12111,164978,107542,130854,201921,57279,128136,15147,2678,183520,9041,165971,8508,174479,286844,64095,4699,3329,87959,148421,233793,42868
21,ODISHA,381,Cuttack,Urban,141749,129803,9960,153,1559,81592,34725,14899,4851,1617,110571,5136,26042,90875,85216,5659,9133,21648,105255,103636,44470,108731,25442,12368,115050,6349,92158,16543,108701,105138,68839,10795,19735,8215,80801,51897,9051
21,ODISHA,382,Jajapur,Total,407572,192249,207597,1036,5442,25969,149023,3110,109368,102255,93204,6771,307597,28238,17057,11181,197022,45318,139663,172351,51627,106545,17922,3831,174831,8429,158999,7403,166402,246283,54436,5921,4187,100807,119056,231208,57308
21,ODISHA,382,Jajapur,Rural,378135,169035,201905,994,5032,15654,138734,1848,106136,99318,75193,6298,296644,16089,7946,8143,188840,41884,122142,153896,46485,90529,14832,2702,154836,7407,141427,6002,147429,226208,44260,4470,2348,97505,104309,218593,55233
21,ODISHA,382,Jajapur,Urban,29437,23214,5692,42,410,10315,10289,1262,3232,2937,18011,473,10953,12149,9111,3038,8182,3434,17521,18455,5142,16016,3090,1129,19995,1022,17572,1401,18973,20075,10176,1451,1839,3302,14747,12615,2075
21,ODISHA,383,Dhenkanal,Total,278370,117172,156604,450,3675,19846,227371,1329,14099,7625,51080,2887,224403,17395,11822,5573,34708,62796,54498,107443,23281,66148,10600,1810,98136,3472,88778,5886,94664,159449,36224,3533,3383,85231,70849,176378,31143
21,ODISHA,383,Dhenkanal,Rural,253118,97381,151455,434,3437,9336,215412,541,13743,7046,35980,2595,214543,10740,6043,4697,33878,59232,41019,92320,20589,50780,7403,733,81662,3001,75281,3380,78661,142360,26364,2199,1056,81583,58080,165822,29216
21,ODISHA,383,Dhenkanal,Urban,25252,19791,5149,16,238,10510,11959,788,356,579,15100,292,9860,6655,5779,876,830,3564,13479,15123,2692,15368,3197,1077,16474,471,13497,2506,16003,17089,9860,1334,2327,3648,12769,10556,1927
21,ODISHA,384,Anugul,Total,295922,131916,157553,999,4717,27099,205780,884,1487,5415,71436,4003,220483,41387,31415,9972,50783,77490,73959,140726,23515,77495,15658,5564,117477,9779,97214,10484,107698,185886,58323,9449,7636,74038,84212,178742,32968
21,ODISHA,384,Anugul,Rural,249585,94796,149057,902,4171,10893,197096,402,1169,5041,41774,3494,204317,18106,11952,6154,48532,68698,47073,107882,17636,47020,9011,2357,83402,7946,71410,4046,75456,152909,35581,4870,2392,69920,58932,160751,29902
21,ODISHA,384,Anugul,Urban,46337,37120,8496,97,546,16206,8684,482,318,374,29662,509,16166,23281,19463,3818,2251,8792,26886,32844,5879,30475,6647,3207,34075,1833,25804,6438,32242,32977,22742,4579,5244,4118,25280,17991,3066
21,ODISHA,385,Nayagarh,Total,230968,124984,100813,957,3645,11159,179093,666,3059,27122,43798,2575,184595,32053,16797,15256,43160,66154,27799,76554,15421,50425,8278,1163,88288,3710,81278,3300,84578,141578,24290,2270,1529,61931,57878,145798,27292
21,ODISHA,385,Nayagarh,Rural,213265,111131,97230,936,3419,5697,168024,374,2876,26720,33917,2341,177007,28054,14407,13647,40986,62715,20461,66466,13624,40650,6897,797,76463,3287,70864,2312,73176,129901,18926,1631,814,59458,50115,137210,25940
21,ODISHA,385,Nayagarh,Urban,17703,13853,3583,21,226,5462,11069,292,183,402,9881,234,7588,3999,2390,1609,2174,3439,7338,10088,1797,9775,1381,366,11825,423,10414,988,11402,11677,5364,639,715,2473,7763,8588,1352
21,ODISHA,386,Khordha,Total,489636,349860,129959,932,7859,160277,216168,20655,34658,42507,230413,8585,250638,147354,132661,14693,65589,102035,230972,255059,87424,253754,75588,35701,324544,16692,271314,36538,307852,325139,165342,33514,56193,58771,212935,243147,33554
21,ODISHA,386,Khordha,Rural,247940,141984,100200,512,4759,14775,153006,1319,29192,39185,45385,3081,199474,23200,16057,7143,52978,56871,62822,85345,31426,84933,9662,2016,125427,5138,115081,5208,120289,172650,41543,3256,2990,43465,72000,154743,21197
21,ODISHA,386,Khordha,Urban,241696,207876,29759,420,3100,145502,63162,19336,5466,3322,185028,5504,51164,124154,116604,7550,12611,45164,168150,169714,55998,168821,65926,33685,199117,11554,156233,31330,187563,152489,123799,30258,53203,15306,140935,88404,12357
21,ODISHA,387,Puri,Total,369482,201605,161998,863,4466,33331,125285,5693,92980,98905,87997,4919,276566,34363,25893,8470,203704,74251,123180,172960,51221,118112,16006,3416,178144,7427,161039,9678,170717,244309,57033,4693,4984,71413,103317,227667,38498
21,ODISHA,387,Puri,Rural,317002,155294,156415,803,3994,8406,106449,898,91235,97788,49504,3574,263924,15104,8184,6920,185383,62016,85162,139104,43469,81833,10774,1498,138007,5634,127390,4983,132373,208044,39660,2911,1807,66241,78228,203321,35453
21,ODISHA,387,Puri,Urban,52480,46311,5583,60,472,24925,18836,4795,1745,1117,38493,1345,12642,19259,17709,1550,18321,12235,38018,33856,7752,36279,5232,1918,40137,1793,33649,4695,38344,36265,17373,1782,3177,5172,25089,24346,3045
21,ODISHA,388,Ganjam,Total,756894,405298,336631,1667,11588,120191,515402,9328,59234,39706,215821,11313,529760,196326,137455,58871,145954,172552,140804,360351,47866,257515,41059,9049,368877,14496,335644,18737,354381,369914,100866,9066,15361,235538,259139,432516,65239
21,ODISHA,388,Ganjam,Rural,602216,278201,312092,1444,9103,37507,460852,2913,54069,36599,114865,8681,478670,105338,60197,45141,138763,155648,67585,260966,30589,154577,21835,2620,257723,9801,238678,9244,247922,272209,49837,3957,2983,211991,174120,370863,57233
21,ODISHA,388,Ganjam,Urban,154678,127097,24539,223,2485,82684,54550,6415,5165,3107,100956,2632,51090,90988,77258,13730,7191,16904,73219,99385,17277,102938,19224,6429,111154,4695,96966,9493,106459,97705,51029,5109,12378,23547,85019,61653,8006
21,ODISHA,389,Gajapati,Total,128818,63112,63721,485,1132,12035,114362,311,213,1161,23322,1577,103919,27133,12618,14515,21796,21718,12927,70146,5245,23672,5523,635,34820,1791,31087,1942,33029,28704,8521,656,871,73868,39263,82107,7448
21,ODISHA,389,Gajapati,Rural,112872,50484,60598,468,986,3990,107023,123,185,1012,14279,1488,97105,17756,5423,12333,20795,20006,6620,60211,4538,13572,4240,287,24360,1434,21752,1174,22926,22002,4835,349,229,70450,30594,75623,6655
21,ODISHA,389,Gajapati,Urban,15946,12628,3123,17,146,8045,7339,188,28,149,9043,89,6814,9377,7195,2182,1001,1712,6307,9935,707,10100,1283,348,10460,357,9335,768,10103,6702,3686,307,642,3418,8669,6484,793
21,ODISHA,390,Kandhamal,Total,172004,28736,140923,765,1332,6938,157205,284,282,1396,19176,1915,150913,8309,6747,1562,37553,15761,16935,91813,24424,19477,6609,768,37068,2556,31279,3233,34512,66979,11947,1278,1182,79005,45946,114686,11372
21,ODISHA,390,Kandhamal,Rural,155335,17001,136255,743,1180,1758,149352,123,248,1242,9751,1741,143843,3303,2074,1229,34501,13105,10586,80513,22869,10100,5056,322,25759,2240,21560,1959,23519,57855,6937,690,264,75787,38088,106940,10307
21,ODISHA,390,Kandhamal,Urban,16669,11735,4668,22,152,5180,7853,161,34,154,9425,174,7070,5006,4673,333,3052,2656,6349,11300,1555,9377,1553,446,11309,316,9719,1274,10993,9124,5010,588,918,3218,7858,7746,1065
21,ODISHA,391,Baudh,Total,107727,19191,87213,283,780,3105,95714,254,5722,2079,11585,1499,94643,4637,3751,886,66118,13285,9023,44666,10610,13253,3430,245,24261,738,22714,809,23523,76760,7778,755,437,24746,22639,80004,5084
21,ODISHA,391,Baudh,Rural,103239,15832,86173,273,707,1370,93198,134,5684,2038,9283,1357,92599,1974,1148,826,65346,12917,7496,41608,10338,10534,3147,136,21384,662,20031,691,20722,73582,6451,619,253,24078,20911,77488,4840
21,ODISHA,391,Baudh,Urban,4488,3359,1040,10,73,1735,2516,120,38,41,2302,142,2044,2663,2603,60,772,368,1527,3058,272,2719,283,109,2877,76,2683,118,2801,3178,1327,136,184,668,1728,2516,244
21,ODISHA,392,Subarnapur,Total,152454,50028,100186,311,1514,5168,128717,701,11641,4027,15651,2209,134594,11679,6199,5480,94510,25055,11017,53550,8813,31103,4289,708,43134,1512,40431,1191,41622,110604,14201,1332,885,32232,30336,111268,10850
21,ODISHA,392,Subarnapur,Rural,140714,41563,97025,297,1427,2435,121018,240,11220,3797,11074,2088,127552,7032,1838,5194,90737,24033,7480,46630,7875,25024,3493,440,36710,1236,34665,809,35474,101903,11409,989,451,30534,26488,104059,10167
21,ODISHA,392,Subarnapur,Urban,11740,8465,3161,14,87,2733,7699,461,421,230,4577,121,7042,4647,4361,286,3773,1022,3537,6920,938,6079,796,268,6424,276,5766,382,6148,8701,2792,343,434,1698,3848,7209,683
21,ODISHA,393,Balangir,Total,432081,123446,300789,1621,5440,21268,386024,1060,13398,6394,65156,5674,361251,44064,30251,13813,212208,110070,37440,134608,31836,83505,17274,3286,125574,6504,112601,6469,119070,296141,43512,4629,4457,101360,115201,286673,30207
21,ODISHA,393,Balangir,Rural,387345,87948,292681,1504,4600,4154,360921,413,12975,5781,39149,4994,343202,25891,14215,11676,206993,97801,17797,108750,27084,55726,12162,1301,96154,5109,87787,3258,91045,265461,28428,2817,1078,95343,94526,265673,27146
21,ODISHA,393,Balangir,Urban,44736,35498,8108,117,840,17114,25103,647,423,613,26007,680,18049,18173,16036,2137,5215,12269,19643,25858,4752,27779,5112,1985,29420,1395,24814,3211,28025,30680,15084,1812,3379,6017,20675,21000,3061
21,ODISHA,394,Nuapada,Total,159947,43976,113370,1132,1316,6414,148513,348,2211,1769,23219,1295,135433,16217,4681,11536,103750,19366,11802,47548,16882,21975,4221,757,38600,1254,36291,1055,37346,107595,12482,1346,1029,40626,37137,114956,7854
21,ODISHA,394,Nuapada,Rural,151921,37851,111626,1116,1197,3632,143805,238,2041,1623,19333,1251,131337,11953,3682,8271,102032,17790,9325,43517,16341,17592,3588,525,34050,1127,32106,817,32923,102830,10236,955,613,39090,33856,110729,7336
21,ODISHA,394,Nuapada,Urban,8026,6125,1744,16,119,2782,4708,110,170,146,3886,44,4096,4264,999,3265,1718,1576,2477,4031,541,4383,633,232,4550,127,4185,238,4423,4765,2246,391,416,1536,3281,4227,518
21,ODISHA,395,Kalahandi,Total,404814,91171,305985,3420,3696,17610,364829,672,11221,6575,47442,3107,354265,19264,13151,6113,261050,71395,34340,111976,36291,58571,12622,1953,95057,3469,88061,3527,91588,226852,34156,3547,2825,138490,88843,278485,37486
21,ODISHA,395,Kalahandi,Rural,377001,70132,299920,3344,3130,7024,350134,373,11141,6256,31078,2959,342964,12552,7580,4972,255344,60725,22467,95180,33621,41313,9877,974,76663,2842,71710,2111,73821,208355,24931,2356,1009,134492,76251,265180,35570
21,ODISHA,395,Kalahandi,Urban,27813,21039,6065,76,566,10586,14695,299,80,319,16364,148,11301,6712,5571,1141,5706,10670,11873,16796,2670,17258,2745,979,18394,627,16351,1416,17767,18497,9225,1191,1816,3998,12592,13305,1916
21,ODISHA,396,Rayagada,Total,225964,61543,161042,888,1933,24924,194282,1021,283,1705,33500,3349,189115,41952,31116,10836,94744,53070,26498,101731,11774,42998,9166,1553,56834,3016,48672,5146,53818,80566,19440,2090,2465,113989,67632,145941,12391
21,ODISHA,396,Rayagada,Rural,191615,33587,155198,847,1594,6350,181233,432,239,1447,12703,2975,175937,20209,12605,7604,91188,46744,9055,79251,9852,19755,5876,502,32850,2081,28408,2361,30769,60892,9285,978,509,108540,47070,133640,10905
21,ODISHA,396,Rayagada,Urban,34349,27956,5844,41,339,18574,13049,589,44,258,20797,374,13178,21743,18511,3232,3556,6326,17443,22480,1922,23243,3290,1051,23984,935,20264,2785,23049,19674,10155,1112,1956,5449,20562,12301,1486
21,ODISHA,397,Nabarangapur,Total,273663,34570,235541,1580,1060,9347,237015,505,6360,15798,25523,4349,243791,15353,10019,5334,171413,53963,20286,65893,46942,23582,8128,1324,56803,4208,50559,2036,52595,166031,21081,2030,1187,82204,75719,185909,12035
21,ODISHA,397,Nabarangapur,Rural,253461,21511,228728,1541,826,2038,227051,210,5961,15317,14740,3819,234902,9501,5226,4275,166237,49990,12765,55500,44894,13058,6148,813,44575,3662,39829,1084,40913,155560,15104,1232,302,77793,66887,175524,11050
21,ODISHA,397,Nabarangapur,Urban,20202,13059,6813,39,234,7309,9964,295,399,481,10783,530,8889,5852,4793,1059,5176,3973,7521,10393,2048,10524,1980,511,12228,546,10730,952,11682,10471,5977,798,885,4411,8832,10385,985
21,ODISHA,398,Koraput,Total,338205,85766,247687,1550,2714,39631,275324,2273,2012,9460,58682,4332,275191,53017,39779,13238,129055,74178,46292,121746,36148,60021,17294,3988,87649,4832,72881,9936,82817,112569,37192,6922,6604,167319,112362,207610,18233
21,ODISHA,398,Koraput,Rural,283522,42352,237188,1467,2180,7948,258585,807,1738,8929,23180,3804,256538,24791,13292,11499,125958,63050,15864,85726,28271,22978,9515,718,48465,3459,42221,2785,45006,84495,15271,3216,858,158329,82022,186340,15160
21,ODISHA,398,Koraput,Urban,54683,43414,10499,83,534,31683,16739,1466,274,531,35502,528,18653,28226,26487,1739,3097,11128,30428,36020,7877,37043,7779,3270,39184,1373,30660,7151,37811,28074,21921,3706,5746,8990,30340,21270,3073
21,ODISHA,399,Malkangiri,Total,137450,24604,110704,991,868,4738,125402,313,2294,1292,12839,1768,122843,8613,4547,4066,93188,15899,7862,40739,18860,16397,3908,448,26853,766,25105,982,26087,62048,10535,820,578,58670,37004,90159,10287
21,ODISHA,399,Malkangiri,Rural,126306,16964,107316,961,798,1654,119891,184,1976,1211,7528,1693,117085,4964,1481,3483,89411,13647,4321,34646,18238,10541,3260,259,20191,630,18884,677,19561,56465,7674,520,215,55889,31892,85065,9349
21,ODISHA,399,Malkangiri,Urban,11144,7640,3388,30,70,3084,5511,129,318,81,5311,75,5758,3649,3066,583,3777,2252,3541,6093,622,5856,648,189,6662,136,6221,305,6526,5583,2861,300,363,2781,5112,5094,938
22,CHATTISGARH,400,Koriya,Total,152075,80023,66308,5161,337,25605,112761,625,3793,1541,35636,1343,115096,36605,30470,6135,62227,2198,38999,106683,19360,38765,7609,1667,50432,2414,45265,2753,48018,67318,26365,3402,3527,52535,78121,70998,2956
22,CHATTISGARH,400,Koriya,Rural,107424,38824,63067,5051,286,2588,99553,106,3550,1182,9179,374,97871,4352,2472,1880,57165,1584,16159,73128,13983,9512,2975,288,19927,1182,18190,555,18745,49348,8503,1183,336,45299,50817,54239,2368
22,CHATTISGARH,400,Koriya,Urban,44651,41199,3241,110,51,23017,13208,519,243,359,26457,969,17225,32253,27998,4255,5062,614,22840,33555,5377,29253,4634,1379,30505,1232,27075,2198,29273,17970,17862,2219,3191,7236,27304,16759,588
22,CHATTISGARH,401,Surguja,Total,520566,253131,261064,3078,1568,29433,470588,1180,11845,3960,130736,1911,387919,36922,25976,10946,276041,21245,75066,304662,62468,74614,18983,2737,118767,4330,108569,5868,114437,277773,56480,8096,6399,188423,264096,245616,10854
22,CHATTISGARH,401,Surguja,Rural,472991,209404,257456,3047,1457,6177,449288,287,11685,3535,101581,1462,369948,16425,8448,7977,262417,14540,48485,270314,54903,44042,11924,763,85057,2878,79730,2449,82179,249992,35308,3560,1149,182819,231296,231607,10088
22,CHATTISGARH,401,Surguja,Urban,47575,43727,3608,31,111,23256,21300,893,160,425,29155,449,17971,20497,17528,2969,13624,6705,26581,34348,7565,30572,7059,1974,33710,1452,28839,3419,32258,27781,21172,4536,5250,5604,32800,14009,766
22,CHATTISGARH,402,Jashpur,Total,190527,76783,105972,7145,228,6628,178995,477,2447,1446,27142,874,162511,7961,4587,3374,127301,1360,17829,85076,12309,20512,5755,567,35940,1633,32732,1575,34307,100725,15547,2442,1252,73791,108035,79232,3260
22,CHATTISGARH,402,Jashpur,Rural,175008,63589,103729,7135,205,1939,168707,177,2418,1351,20600,823,153585,2203,816,1387,120837,845,11502,76346,11302,12832,4496,267,27024,1349,24629,1046,25675,92753,10946,1523,459,70441,98573,73368,3067
22,CHATTISGARH,402,Jashpur,Urban,15519,13194,2243,10,23,4689,10288,300,29,95,6542,51,8926,5758,3771,1987,6464,515,6327,8730,1007,7680,1259,300,8916,284,8103,529,8632,7972,4601,919,793,3350,9462,5864,193
22,CHATTISGARH,403,Raigarh,Total,361664,297308,62804,422,511,27771,320472,1519,2901,3191,69909,1807,289948,71114,24232,46882,193894,59354,57621,124745,29814,98784,13857,3342,96724,5270,86142,5312,91454,225249,50302,5979,6693,99992,147901,197298,16465
22,CHATTISGARH,403,Raigarh,Rural,309691,247641,60730,368,445,7276,293114,545,2682,2532,40112,957,268622,33279,7259,26020,189399,51411,30626,95034,21801,66613,7258,1445,64715,3451,58289,2975,61264,194403,33380,3242,2348,92220,117136,177661,14894
22,CHATTISGARH,403,Raigarh,Urban,51973,49667,2074,54,66,20495,27358,974,219,659,29797,850,21326,37835,16973,20862,4495,7943,26995,29711,8013,32171,6599,1897,32009,1819,27853,2337,30190,30846,16922,2737,4345,7772,30765,19637,1571
22,CHATTISGARH,404,Korba,Total,277071,202380,65460,7761,639,43357,197700,1041,1330,1769,77854,1060,198157,59627,43237,16390,132088,12483,71646,124617,23166,95963,18004,4544,90312,4118,80152,6042,86194,162148,55579,8677,11842,78204,142702,127033,7336
22,CHATTISGARH,404,Korba,Rural,180798,113166,58813,7697,551,4028,169023,152,715,1207,21460,473,158865,11423,6225,5198,112261,3350,20200,65216,14815,29423,3974,304,27668,1320,24895,1453,26348,95605,14369,945,639,69102,76580,98402,5816
22,CHATTISGARH,404,Korba,Urban,96273,89214,6647,64,88,39329,28677,889,615,562,56394,587,39292,48204,37012,11192,19827,9133,51446,59401,8351,66540,14030,4240,62644,2798,55257,4589,59846,66543,41210,7732,11203,9102,66122,28631,1520
22,CHATTISGARH,405,Janjgir - Champa,Total,377496,339090,36188,480,1100,19129,337691,870,13284,4299,57417,1522,318557,51202,20346,30856,274055,29310,58461,112668,24557,126788,10833,1706,109908,4361,102814,2733,105547,225754,42565,3976,3756,110459,141542,215550,20404
22,CHATTISGARH,405,Janjgir - Champa,Rural,330103,294265,33823,461,998,5879,305801,350,12744,3777,36385,1276,292442,28139,9850,18289,258245,22119,39758,90170,19856,98301,6862,763,84340,3276,79327,1737,81064,197269,30242,2210,1395,101971,116751,194772,18580
22,CHATTISGARH,405,Janjgir - Champa,Urban,47393,44825,2365,19,102,13250,31890,520,540,522,21032,246,26115,23063,10496,12567,15810,7191,18703,22498,4701,28487,3971,943,25568,1085,23487,996,24483,28485,12323,1766,2361,8488,24791,20778,1824
22,CHATTISGARH,406,Bilaspur,Total,615895,519704,89139,4451,1326,77727,495909,3429,27358,6413,171271,10326,434298,152156,99314,52842,343969,41286,143705,258228,92443,193337,30892,8566,177334,9398,157089,10847,167936,345789,84851,13137,17978,187227,255269,331520,29106
22,CHATTISGARH,406,Bilaspur,Rural,475742,386751,82551,4359,1090,6904,433925,579,26784,5425,79176,1703,394863,53833,23734,30099,323696,22669,61587,178308,56977,97580,10086,1160,87594,4345,80500,2749,83249,261573,30409,2526,1591,170027,169963,280964,24815
22,CHATTISGARH,406,Bilaspur,Urban,140153,132953,6588,92,236,70823,61984,2850,574,988,92095,8623,39435,98323,75580,22743,20273,18617,82118,79920,35466,95757,20806,7406,89740,5053,76589,8098,84687,84216,54442,10611,16387,17200,85306,50556,4291
22,CHATTISGARH,407,Kabeerdham,Total,176758,150649,22820,2596,345,6375,154737,663,12657,1792,23347,193,153218,23473,9535,13938,126199,10357,22976,116896,14622,36347,2962,682,42291,1367,39929,995,40924,96973,17444,1496,1001,61426,62702,103248,10808
22,CHATTISGARH,407,Kabeerdham,Rural,158483,133312,22014,2589,276,1047,142573,229,12565,1638,14300,119,144064,10215,3219,6996,122450,9321,14667,108950,12761,27026,1668,426,32946,1071,31255,620,31875,87304,12801,808,256,57174,52066,96543,9874
22,CHATTISGARH,407,Kabeerdham,Urban,18275,17337,806,7,69,5328,12164,434,92,154,9047,74,9154,13258,6316,6942,3749,1036,8309,7946,1861,9321,1294,256,9345,296,8674,375,9049,9669,4643,688,745,4252,10636,6705,934
22,CHATTISGARH,408,Rajnandgaon,Total,315535,275501,37514,1106,676,26486,278934,1902,2703,1604,78798,5157,231580,72754,45115,27639,198761,13715,54190,218280,32445,106198,11790,2111,102053,7304,87442,7307,94749,225710,44532,4613,5396,60049,163706,141704,10125
22,CHATTISGARH,408,Rajnandgaon,Rural,256900,219917,34728,1085,553,3159,248364,472,2445,1270,47612,472,208816,29615,8566,21049,189978,10135,28958,183278,26922,68717,5715,559,68011,5455,58916,3640,62556,188589,26184,1823,943,51884,125752,122500,8648
22,CHATTISGARH,408,Rajnandgaon,Urban,58635,55584,2786,21,123,23327,30570,1430,258,334,31186,4685,22764,43139,36549,6590,8783,3580,25232,35002,5523,37481,6075,1552,34042,1849,28526,3667,32193,37121,18348,2790,4453,8165,37954,19204,1477
22,CHATTISGARH,409,Durg,Total,693001,614109,74864,399,1666,129193,427167,4761,52254,6107,228551,25436,439014,248578,150864,97714,338904,73761,179501,394392,89110,343369,51289,16141,315664,16940,271429,27295,298724,489008,177048,28840,36672,115006,364208,301487,27306
22,CHATTISGARH,409,Durg,Rural,422563,359826,60349,268,1092,7544,364213,615,42884,4422,59341,1600,361622,62083,19171,42912,290318,45924,50584,225198,41054,146998,8615,1021,130228,6124,119279,4825,124104,295453,60219,4159,2138,92816,179750,221482,21331
22,CHATTISGARH,409,Durg,Urban,270438,254283,14515,131,574,121649,62954,4146,9370,1685,169210,23836,77392,186495,131693,54802,48586,27837,128917,169194,48056,196371,42674,15120,185436,10816,152150,22470,174620,193555,116829,24681,34534,22190,184458,80005,5975
22,CHATTISGARH,410,Raipur,Total,861067,728556,121085,5982,2777,166505,598264,5840,61856,11300,267090,23194,570783,228246,156073,72173,466697,97810,207630,411000,114738,378113,59523,20261,340237,18806,295646,25785,321431,549069,177517,30572,39381,181378,408558,410499,42010
22,CHATTISGARH,410,Raipur,Rural,561916,441964,110340,5810,1824,12088,477274,863,58561,6569,72634,2180,487102,56309,22063,34246,420991,29186,59256,253904,51242,164911,12594,1793,143425,6406,132493,4526,137019,363886,63119,4665,2947,151829,208168,320435,33313
22,CHATTISGARH,410,Raipur,Urban,299151,286592,10745,172,953,154417,120990,4977,3295,4731,194456,21014,83681,171937,134010,37927,45706,68624,148374,157096,63496,213202,46929,18468,196812,12400,163153,21259,184412,185183,114398,25907,36434,29549,200390,90064,8697
22,CHATTISGARH,411,Mahasamund,Total,256504,212487,42291,188,881,13200,230573,609,5841,2045,48150,455,207899,32733,11337,21396,188530,15861,29289,136505,13649,68012,5614,961,65540,2205,61420,1915,63335,175231,31472,3546,2279,61364,95828,148925,11751
22,CHATTISGARH,411,Mahasamund,Rural,230027,187949,40474,177,819,3362,215008,211,5773,1644,34892,292,194843,15926,6058,9868,186255,13711,16816,124166,11469,52842,3098,449,51196,1650,48345,1201,49546,159325,23472,2040,701,56504,81355,138011,10661
22,CHATTISGARH,411,Mahasamund,Urban,26477,24538,1817,11,62,9838,15565,398,68,401,13258,163,13056,16807,5279,11528,2275,2150,12473,12339,2180,15170,2516,512,14344,555,13075,714,13789,15906,8000,1506,1578,4860,14473,10914,1090
22,CHATTISGARH,412,Dhamtari,Total,168278,148926,17214,1401,369,14568,140518,500,10318,1243,50033,3601,114644,52879,24369,28510,85754,12167,37269,92583,14229,67737,4804,1016,55660,2391,50012,3257,53269,119931,30621,3069,2686,32876,73759,87662,6857
22,CHATTISGARH,412,Dhamtari,Rural,136570,119388,15242,1356,275,2554,121784,155,10130,1020,33041,151,103378,30599,10450,20149,82130,7834,22377,76954,11716,48492,2168,272,38643,1728,35159,1756,36915,100360,20891,1303,695,27533,55574,75245,5751
22,CHATTISGARH,412,Dhamtari,Urban,31708,29538,1972,45,94,12014,18734,345,188,223,16992,3450,11266,22280,13919,8361,3624,4333,14892,15629,2513,19245,2636,744,17017,663,14853,1501,16354,19571,9730,1766,1991,5343,18185,12417,1106
22,CHATTISGARH,413,Uttar Bastar Kanker,Total,158184,110208,44364,2710,388,7736,147662,948,334,800,31240,385,126559,17399,4661,12738,116225,7370,21718,78544,16404,37017,4084,579,36065,1642,32294,2129,34423,111429,19503,1932,1317,33279,81342,72087,4755
22,CHATTISGARH,413,Uttar Bastar Kanker,Rural,141247,94546,43164,2703,340,1593,137876,233,324,672,20931,242,120074,9598,3418,6180,110733,4513,12917,68180,15041,26553,2736,198,25545,1321,22957,1267,24224,101854,13203,1057,374,30785,71358,65682,4207
22,CHATTISGARH,413,Uttar Bastar Kanker,Urban,16937,15662,1200,7,48,6143,9786,715,10,128,10309,143,6485,7801,1243,6558,5492,2857,8801,10364,1363,10464,1348,381,10520,321,9337,862,10199,9575,6300,875,943,2494,9984,6405,548
22,CHATTISGARH,414,Bastar,Total,306807,157646,144994,2742,748,22075,278605,2375,102,1533,62326,1595,242886,49120,26190,22930,212248,4335,35465,123955,37956,50155,9042,1782,58619,2574,51885,4160,56045,192012,32802,4227,4002,86785,143627,153046,10134
22,CHATTISGARH,414,Bastar,Rural,265210,121360,139956,2711,622,3318,258055,657,67,1288,36956,541,227713,17346,7591,9755,205566,2486,14100,98896,33345,24137,4448,451,33102,1504,30221,1377,31598,167719,16956,1358,486,80878,117932,138340,8938
22,CHATTISGARH,414,Bastar,Urban,41597,36286,5038,31,126,18757,20550,1718,35,245,25370,1054,15173,31774,18599,13175,6682,1849,21365,25059,4611,26018,4594,1331,25517,1070,21664,2783,24447,24293,15846,2869,3516,5907,25695,14706,1196
22,CHATTISGARH,415,Narayanpur,Total,26953,9316,16136,200,438,1384,25172,137,10,145,2892,20,24041,4432,1311,3121,16338,148,2369,6889,4074,4126,589,86,4069,180,3612,277,3889,14813,1976,196,134,9950,10429,15427,1097
22,CHATTISGARH,415,Narayanpur,Rural,22516,5527,15580,197,391,81,22178,52,9,129,929,1,21586,1886,912,974,14643,101,408,4278,3763,1570,355,22,1387,88,1232,67,1299,11589,747,42,11,9457,8543,12975,998
22,CHATTISGARH,415,Narayanpur,Urban,4437,3789,556,3,47,1303,2994,85,1,16,1963,19,2455,2546,399,2147,1695,47,1961,2611,311,2556,234,64,2682,92,2380,210,2590,3224,1229,154,123,493,1886,2452,99
22,CHATTISGARH,416,Dakshin Bastar Dantewada,Total,114067,43608,64749,2003,1652,10406,100945,1289,40,455,17471,838,95758,14034,11671,2363,86033,1102,12296,35953,10364,16799,3879,955,21606,930,18214,2462,20676,32802,10771,1827,1719,62863,56479,53985,3603
22,CHATTISGARH,416,Dakshin Bastar Dantewada,Rural,92379,24798,62140,1962,1489,1514,89370,482,30,329,6665,687,85027,3049,1917,1132,77688,341,3158,21854,8453,4506,1618,150,7895,372,7010,513,7523,25919,3373,401,117,58198,43081,46324,2974
22,CHATTISGARH,416,Dakshin Bastar Dantewada,Urban,21688,18810,2609,41,163,8892,11575,807,10,126,10806,151,10731,10985,9754,1231,8345,761,9138,14099,1911,12293,2261,805,13711,558,11204,1949,13153,6883,7398,1426,1602,4665,13398,7661,629
22,CHATTISGARH,417,Bijapur,Total,50402,12516,33354,1973,989,1022,48408,304,77,222,2843,522,47037,1982,1272,710,40985,230,2460,12504,6766,4215,1462,117,5033,513,4019,501,4520,16830,2625,305,156,27557,19590,28740,2072
22,CHATTISGARH,417,Bijapur,Rural,44544,8652,31436,1959,940,130,43825,81,20,151,1197,500,42847,1329,794,535,36290,68,1606,9015,6135,2083,1114,53,2336,405,1651,280,1931,14704,1419,140,30,25715,17494,25157,1893
22,CHATTISGARH,417,Bijapur,Urban,5858,3864,1918,14,49,892,4583,223,57,71,1646,22,4190,653,478,175,4695,162,854,3489,631,2132,348,64,2697,108,2368,221,2589,2126,1206,165,126,1842,2096,3583,179
23,MADHYA PRADESH,418,Sheopur,Total,144748,74770,67260,1643,542,11701,91767,428,26951,13364,18710,790,125248,20123,9019,11104,102797,9277,20137,60016,12553,29266,5393,273,57366,1471,54563,1332,55895,32178,17878,1634,698,64480,54069,83395,7284
23,MADHYA PRADESH,418,Sheopur,Rural,124647,56621,65465,1632,509,2445,83439,152,25828,12443,7203,311,117133,3830,1696,2134,99714,8763,7455,48898,11495,17095,4469,78,43181,1120,41299,762,42061,27187,12861,1151,237,60878,42764,75236,6647
23,MADHYA PRADESH,418,Sheopur,Urban,20101,18149,1795,11,33,9256,8328,276,1123,921,11507,479,8115,16293,7323,8970,3083,514,12682,11118,1058,12171,924,195,14185,351,13264,570,13834,4991,5017,483,461,3602,11305,8159,637
23,MADHYA PRADESH,419,Morena,Total,362309,131486,227377,774,1099,45113,172747,1048,27894,114197,75574,2095,284640,47948,26702,21246,258890,21698,72770,128607,38502,89156,20172,1781,195957,6371,185231,4355,189586,172169,48525,5829,3354,96000,165672,180189,16448
23,MADHYA PRADESH,419,Morena,Rural,286015,63420,219882,708,761,5444,143781,260,26017,109652,19249,1351,265415,7093,3931,3162,238941,7364,22372,80499,30725,39322,13941,460,139086,3840,133324,1922,135246,131719,28432,3158,643,87330,118203,152935,14877
23,MADHYA PRADESH,419,Morena,Urban,76294,68066,7495,66,338,39669,28966,788,1877,4545,56325,744,19225,40855,22771,18084,19949,14334,50398,48108,7777,49834,6231,1321,56871,2531,51907,2433,54340,40450,20093,2671,2711,8670,47469,27254,1571
23,MADHYA PRADESH,420,Bhind,Total,298256,107819,187797,584,474,32268,171014,475,47434,46013,68734,2103,227419,39417,28366,11051,216611,9089,51290,102502,44068,75539,14368,1166,177168,5223,169384,2561,171945,165675,46137,4463,2276,62941,139924,146153,12179
23,MADHYA PRADESH,420,Bhind,Rural,227645,51778,173991,473,280,3662,136734,118,43800,42548,21232,1670,204743,2752,1208,1544,191534,2878,15087,61175,36004,35005,10099,370,125696,3171,121173,1352,122525,121818,28445,2547,645,55005,99789,117435,10421
23,MADHYA PRADESH,420,Bhind,Urban,70611,56041,13806,111,194,28606,34280,357,3634,3465,47502,433,22676,36665,27158,9507,25077,6211,36203,41327,8064,40534,4269,796,51472,2052,48211,1209,49420,43857,17692,1916,1631,7936,40135,28718,1758
23,MADHYA PRADESH,421,Gwalior,Total,369505,306859,58583,1481,1126,165061,110926,10872,69435,10103,221052,7391,141062,163561,135962,27599,130636,51301,177949,203748,55302,232840,46454,15779,253163,15878,212669,24616,237285,194763,126189,21313,30277,49878,228512,129961,11032
23,MADHYA PRADESH,421,Gwalior,Rural,144130,88553,52754,1330,587,6690,68625,259,59395,7940,24871,1486,117773,10516,5043,5473,106722,11779,18891,48402,15576,47126,6483,419,75922,2538,71971,1413,73384,66947,24949,2716,964,37708,68229,69345,6556
23,MADHYA PRADESH,421,Gwalior,Urban,225375,218306,5829,151,539,158371,42301,10613,10040,2163,196181,5905,23289,153045,130919,22126,23914,39522,159058,155346,39726,185714,39971,15360,177241,13340,140698,23203,163901,127816,101240,18597,29313,12170,160283,60616,4476
23,MADHYA PRADESH,422,Datia,Total,159536,97696,60177,188,413,17555,84184,842,51478,4733,35209,1071,123256,21821,17201,4620,105202,6790,33638,66718,22895,55966,5251,616,89056,2856,83971,2229,86200,65191,25575,2897,1382,41112,84513,70576,4447
23,MADHYA PRADESH,422,Datia,Rural,126467,68053,57179,171,232,2282,70586,120,48674,4244,14344,795,111328,5487,3050,2437,95665,2439,14327,46400,18228,33703,3353,194,64758,2054,61566,1138,62704,49456,16251,1779,295,36948,63960,59057,3450
23,MADHYA PRADESH,422,Datia,Urban,33069,29643,2998,17,181,15273,13598,722,2804,489,20865,276,11928,16334,14151,2183,9537,4351,19311,20318,4667,22263,1898,422,24298,802,22405,1091,23496,15735,9324,1118,1087,4164,20553,11519,997
23,MADHYA PRADESH,423,Shivpuri,Total,356362,148128,203713,691,522,35706,253837,1455,54736,9686,52090,2516,301756,38459,21536,16923,186287,26331,39750,132553,44377,71501,15304,1852,148509,4610,138219,5680,143899,125237,48952,5417,3913,137556,160760,181335,14267
23,MADHYA PRADESH,423,Shivpuri,Rural,303041,99207,200198,641,396,7119,231436,315,54421,8984,17084,1083,284874,10468,4414,6054,177417,15862,17282,101103,37253,35656,10100,371,111394,2837,106192,2365,108557,99655,30784,2874,676,130480,125748,164537,12756
23,MADHYA PRADESH,423,Shivpuri,Urban,53321,48921,3515,50,126,28587,22401,1140,315,702,35006,1433,16882,27991,17122,10869,8870,10469,22468,31450,7124,35845,5204,1481,37115,1773,32027,3315,35342,25582,18168,2543,3237,7076,35012,16798,1511
23,MADHYA PRADESH,424,Tikamgarh,Total,299214,132725,164536,576,327,21489,248508,510,21579,6453,30506,1109,267599,17280,12786,4494,151658,8854,26114,111712,51019,62828,10899,1090,140118,3932,133356,2830,136186,153933,35388,4139,2393,83777,162307,128427,8480
23,MADHYA PRADESH,424,Tikamgarh,Rural,253752,98575,153473,497,296,4595,221893,204,20718,5963,9966,842,242944,3524,1409,2115,133037,3144,10433,84811,44418,38422,7485,387,109038,2617,104824,1597,106421,128397,23404,2535,566,77255,133038,113452,7262
23,MADHYA PRADESH,424,Tikamgarh,Urban,45462,34150,11063,79,31,16894,26615,306,861,490,20540,267,24655,13756,11377,2379,18621,5710,15681,26901,6601,24406,3414,703,31080,1315,28532,1233,29765,25536,11984,1604,1827,6522,29269,14975,1218
23,MADHYA PRADESH,425,Chhatarpur,Total,370885,176056,192108,820,446,36506,303072,670,22574,7251,56851,1948,312086,25858,17324,8534,184609,14706,47529,156073,65630,82967,15567,1880,180063,5312,169223,5528,174751,197839,48339,6206,4684,101770,205618,156309,8958
23,MADHYA PRADESH,425,Chhatarpur,Rural,299608,117229,180345,743,253,4523,265859,104,22180,6451,15576,1162,282870,9160,4729,4431,154649,3030,19021,111099,53986,40396,8586,334,128353,3103,123359,1891,125250,150884,25931,2540,559,94543,156216,135561,7831
23,MADHYA PRADESH,425,Chhatarpur,Urban,71277,58827,11763,77,193,31983,37213,566,394,800,41275,786,29216,16698,12595,4103,29960,11676,28508,44974,11644,42571,6981,1546,51710,2209,45864,3637,49501,46955,22408,3666,4125,7227,49402,20748,1127
23,MADHYA PRADESH,426,Panna,Total,233654,76097,156291,669,148,13285,186233,291,27650,5694,23811,1148,208695,20499,13199,7300,128100,4118,25909,104073,42939,30800,8501,653,82991,2542,78395,2054,80449,96258,18488,2219,1301,91285,118630,108217,6807
23,MADHYA PRADESH,426,Panna,Rural,209035,56944,150914,627,129,3984,171847,160,27271,5408,10556,941,197538,10997,5647,5350,120465,2144,15281,89013,38777,17492,6457,228,66521,1589,63853,1079,64932,82127,12325,1243,441,87724,103429,99360,6246
23,MADHYA PRADESH,426,Panna,Urban,24619,19153,5377,42,19,9301,14386,131,379,286,13255,207,11157,9502,7552,1950,7635,1974,10628,15060,4162,13308,2044,425,16470,953,14542,975,15517,14131,6163,976,860,3561,15201,8857,561
23,MADHYA PRADESH,427,Sagar,Total,509355,366494,139587,646,1151,68482,393184,3081,32228,8828,127876,8704,372775,108648,82982,25666,213704,26759,107537,196816,81461,160622,24811,4546,213013,10491,191397,11125,202522,174324,71201,11291,10066,185797,251172,237091,21092
23,MADHYA PRADESH,427,Sagar,Rural,376804,246845,127606,546,823,7417,330818,280,30448,6355,42181,1326,333297,25941,11652,14289,193603,12084,40411,117431,59713,74419,10586,732,122831,5275,114854,2702,117556,117191,32363,4445,1132,165403,164484,194581,17739
23,MADHYA PRADESH,427,Sagar,Urban,132551,119649,11981,100,328,61065,62366,2801,1780,2473,85695,7378,39478,82707,71330,11377,20101,14675,67126,79385,21748,86203,14225,3814,90182,5216,76543,8423,84966,57133,38838,6846,8934,20394,86688,42510,3353
23,MADHYA PRADESH,428,Damoh,Total,301115,187731,111888,434,427,23270,250218,1016,17145,8615,43355,1446,256314,37933,22515,15418,144220,9635,36196,91702,45871,66044,10504,1432,104780,5284,95511,3985,99496,116361,28333,3031,2473,123642,134393,152731,13991
23,MADHYA PRADESH,428,Damoh,Rural,250346,142620,106550,373,351,4268,220365,338,16804,8023,14815,453,235078,17175,6659,10516,129365,5650,17374,64177,39567,35098,6698,524,72928,3384,67871,1673,69544,86040,15508,1509,497,116008,102445,135402,12499
23,MADHYA PRADESH,428,Damoh,Urban,50769,45111,5338,61,76,19002,29853,678,341,592,28540,993,21236,20758,15856,4902,14855,3985,18822,27525,6304,30946,3806,908,31852,1900,27640,2312,29952,30321,12825,1522,1976,7634,31948,17329,1492
23,MADHYA PRADESH,429,Satna,Total,478753,294702,181815,772,560,55196,343855,1733,65547,10353,142613,2429,333711,51222,37786,13436,308721,38092,92951,256340,79228,117176,22751,3754,212078,10002,190089,11987,202076,251079,64484,9401,7853,137613,294480,173598,10675
23,MADHYA PRADESH,429,Satna,Rural,390426,217651,171073,685,355,10915,304840,518,63404,9521,89208,1417,299801,14429,8739,5690,284538,21806,48789,195705,68227,62169,12671,1009,149832,6619,138602,4611,143213,199454,35528,4397,1543,126882,228814,152958,8654
23,MADHYA PRADESH,429,Satna,Urban,88327,77051,10742,87,205,44281,39015,1215,2143,832,53405,1012,33910,36793,29047,7746,24183,16286,44162,60635,11001,55007,10080,2745,62246,3383,51487,7376,58863,51625,28956,5004,6310,10731,65666,20640,2021
23,MADHYA PRADESH,430,Rewa,Total,540373,251132,286128,1407,604,45180,284034,1586,195866,11724,126470,6216,407687,40976,32309,8667,351268,40568,119338,230119,129005,109351,31194,3406,237937,14929,212466,10542,223008,302445,67856,11833,6849,147152,350664,177935,11774
23,MADHYA PRADESH,430,Rewa,Rural,467403,190365,274461,1273,436,11387,252654,526,191066,10409,83018,4534,379851,12634,8481,4153,326508,27103,82392,180811,113311,68532,22182,915,188292,11187,170901,6204,177105,258726,43907,6385,1674,137410,295410,161996,9997
23,MADHYA PRADESH,430,Rewa,Urban,72970,60767,11667,134,168,33793,31380,1060,4800,1315,43452,1682,27836,28342,23828,4514,24760,13465,36946,49308,15694,40819,9012,2491,49645,3742,41565,4338,45903,43719,23949,5448,5175,9742,55254,15939,1777
23,MADHYA PRADESH,431,Umaria,Total,144429,67975,75419,195,383,12713,128624,338,578,1524,19781,452,124196,17731,14645,3086,65264,3491,29250,89029,26128,22502,6360,839,39260,1987,35134,2139,37273,66004,14918,1873,1527,56834,75073,63795,5561
23,MADHYA PRADESH,431,Umaria,Rural,121448,49520,70972,175,372,1889,117229,91,554,1348,7093,313,114042,4136,2854,1282,61904,1958,16511,73829,22793,9360,4331,208,24394,1241,22325,828,23153,53290,6941,883,231,53027,59075,57300,5073
23,MADHYA PRADESH,431,Umaria,Urban,22981,18455,4447,20,11,10824,11395,247,24,176,12688,139,10154,13595,11791,1804,3360,1533,12739,15200,3335,13142,2029,631,14866,746,12809,1311,14120,12714,7977,990,1296,3807,15998,6495,488
23,MADHYA PRADESH,432,Neemuch,Total,175666,145258,29266,152,576,34666,120807,1720,2062,15426,46190,5776,123700,74329,40824,33505,38516,12257,50706,74213,16426,73279,8342,1945,105328,6579,87978,10771,98749,84293,47549,4498,4382,39802,98605,72817,4244
23,MADHYA PRADESH,432,Neemuch,Rural,129968,101754,27335,121,445,8018,105724,413,1638,13562,17121,909,111938,36946,12243,24703,36365,10949,24527,47211,11855,39806,3527,510,70005,4035,60743,5227,65970,59782,29201,1674,959,35733,66144,60212,3612
23,MADHYA PRADESH,432,Neemuch,Urban,45698,43504,1931,31,131,26648,15083,1307,424,1864,29069,4867,11762,37383,28581,8802,2151,1308,26179,27002,4571,33473,4815,1435,35323,2544,27235,5544,32779,24511,18348,2824,3423,4069,32461,12605,632
23,MADHYA PRADESH,433,Mandsaur,Total,284411,239885,42711,277,784,47723,196797,2836,3535,31639,68287,5607,210517,100429,57620,42809,67902,7858,69544,110811,33459,109904,12507,2324,166980,8913,145378,12689,158067,123272,62695,5435,5253,69518,148034,130129,6248
23,MADHYA PRADESH,433,Mandsaur,Rural,229006,186564,40805,241,715,13048,179473,981,3374,30730,30478,797,197731,61344,26583,34761,63794,6223,37450,77732,28056,68443,6739,661,123889,6781,110448,6660,117108,97932,42483,2659,1205,64157,109933,113760,5313
23,MADHYA PRADESH,433,Mandsaur,Urban,55405,53321,1906,36,69,34675,17324,1855,161,909,37809,4810,12786,39085,31037,8048,4108,1635,32094,33079,5403,41461,5768,1663,43091,2132,34930,6029,40959,25340,20212,2776,4048,5361,38101,16369,935
23,MADHYA PRADESH,434,Ratlam,Total,293116,213825,76595,336,1299,67830,184641,4491,7873,26026,96263,5466,191387,92722,63606,29116,116400,34546,62856,134890,26769,107463,14905,3644,146318,6917,127248,12153,139401,106605,67819,5757,7825,104055,140150,144373,8593
23,MADHYA PRADESH,434,Ratlam,Rural,211063,135046,73813,292,1142,10211,166585,564,7420,24893,28302,889,181872,31244,14889,16355,111447,22030,14253,81991,18340,42156,5602,391,81397,3197,74598,3602,78200,65158,31857,1623,978,97522,81869,121790,7404
23,MADHYA PRADESH,434,Ratlam,Urban,82053,78779,2782,44,157,57619,18056,3927,453,1133,67961,4577,9515,61478,48717,12761,4953,12516,48603,52899,8429,65307,9303,3253,64921,3720,52650,8551,61201,41447,35962,4134,6847,6533,58281,22583,1189
23,MADHYA PRADESH,435,Ujjain,Total,384278,323379,58422,388,906,123526,209117,7727,34553,6779,165304,9757,209217,129402,112205,17197,156790,48137,111850,184415,45472,181659,27733,7501,248508,11588,214879,22041,236920,163671,107407,12167,16645,82427,197928,174555,11795
23,MADHYA PRADESH,435,Ujjain,Rural,237288,181166,54503,288,630,15590,180820,433,33566,5744,42368,1074,193846,17974,8618,9356,142216,37556,21664,89554,23124,66899,7267,438,132369,4626,123344,4399,127743,83737,48839,3080,1142,71230,97935,130363,8990
23,MADHYA PRADESH,435,Ujjain,Urban,146990,142213,3919,100,276,107936,28297,7294,987,1035,122936,8683,15371,111428,103587,7841,14574,10581,90186,94861,22348,114760,20466,7063,116139,6962,91535,17642,109177,79934,58568,9087,15503,11197,99993,44192,2805
23,MADHYA PRADESH,436,Shajapur,Total,298266,232735,64077,460,478,32204,250154,1678,7306,5226,68975,3568,225723,57416,38342,19074,141629,24080,45762,114990,32266,88946,10797,1382,160720,6996,146511,7213,153724,105728,49847,4200,3344,90249,130494,155711,12061
23,MADHYA PRADESH,436,Shajapur,Rural,243638,181240,61181,438,433,6594,224135,303,6418,4821,32561,1022,210055,20705,8524,12181,134300,18693,19338,86014,26544,53496,6329,351,120820,5029,112549,3242,115791,82518,34397,2120,664,82885,94716,138193,10729
23,MADHYA PRADESH,436,Shajapur,Urban,54628,51495,2896,22,45,25610,26019,1375,888,405,36414,2546,15668,36711,29818,6893,7329,5387,26424,28976,5722,35450,4468,1031,39900,1967,33962,3971,37933,23210,15450,2080,2680,7364,35778,17518,1332
23,MADHYA PRADESH,437,Dewas,Total,304742,270457,32576,358,625,59521,207946,3064,20547,8389,112895,2175,189672,64926,45552,19374,133576,57651,69986,143806,35470,124826,16523,3518,168269,8237,149660,10372,160032,117794,77281,9017,7862,84673,154928,133847,15967
23,MADHYA PRADESH,437,Dewas,Rural,220809,189027,30436,285,438,10824,178705,501,19465,7325,47987,1210,171612,21078,10416,10662,125774,33404,31692,92568,19227,63299,6819,549,104480,4615,96714,3151,99865,69769,44880,3784,1133,77359,98749,108281,13779
23,MADHYA PRADESH,437,Dewas,Urban,83933,81430,2140,73,187,48697,29241,2563,1082,1064,64908,965,18060,43848,35136,8712,7802,24247,38294,51238,16243,61527,9704,2969,63789,3622,52946,7221,60167,48025,32401,5233,6729,7314,56179,25566,2188
23,MADHYA PRADESH,438,Dhar,Total,419813,349639,67015,874,1290,75637,226070,6874,34781,71650,126246,4291,289276,122739,84075,38664,189578,30085,89435,179333,31650,123750,18626,2388,183741,7096,166280,10365,176645,114497,85477,8080,5900,172230,184867,216601,18345
23,MADHYA PRADESH,438,Dhar,Rural,339844,273348,64003,525,1105,24055,206067,1274,34087,70355,65132,2322,272390,66823,34404,32419,181074,20751,45923,133187,21769,69967,12156,806,122969,4806,112501,5662,118163,87362,59871,4446,1917,162103,131853,192035,15956
23,MADHYA PRADESH,438,Dhar,Urban,79969,76291,3012,349,185,51582,20003,5600,694,1295,61114,1969,16886,55916,49671,6245,8504,9334,43512,46146,9881,53783,6470,1582,60772,2290,53779,4703,58482,27135,25606,3634,3983,10127,53014,24566,2389
23,MADHYA PRADESH,439,Indore,Total,615334,593576,18176,821,1518,417170,114923,24516,46167,4870,480633,18497,116204,291070,260115,30955,90071,201907,302125,380531,199866,464337,111478,48691,479762,35467,382419,61876,444295,318881,286973,64865,88099,49805,424838,171047,19449
23,MADHYA PRADESH,439,Indore,Rural,153259,140133,12167,292,334,35567,67316,2093,44238,2609,63603,1413,88243,21442,16088,5354,73276,48887,30537,71907,28491,76851,9074,1720,96437,4711,88084,3642,91726,68382,54887,6839,4452,30562,82843,63375,7041
23,MADHYA PRADESH,439,Indore,Urban,462075,453443,6009,529,1184,381603,47607,22423,1929,2261,417030,17084,27961,269628,244027,25601,16795,153020,271588,308624,171375,387486,102404,46971,383325,30756,294335,58234,352569,250499,232086,58026,83647,19243,341995,107672,12408
23,MADHYA PRADESH,440,West Nimar,Total,366578,304291,59728,361,1293,51538,154768,3383,1792,148844,82265,4750,279563,176601,95920,80681,126513,9877,110243,134305,27569,111950,14189,2162,146889,6188,132724,7977,140701,87416,67290,4992,5429,162004,152117,193115,21346
23,MADHYA PRADESH,440,West Nimar,Rural,309603,250450,56983,315,1124,17019,136836,1510,1547,146939,40236,1104,268263,127320,53604,73716,124231,6765,76284,103340,21523,73112,8086,777,105691,4309,97194,4188,101382,63525,46188,2203,1318,153905,113801,176281,19521
23,MADHYA PRADESH,440,West Nimar,Urban,56975,53841,2745,46,169,34519,17932,1873,245,1905,42029,3646,11300,49281,42316,6965,2282,3112,33959,30965,6046,38838,6103,1385,41198,1879,35530,3789,39319,23891,21102,2789,4111,8099,38316,16834,1825
23,MADHYA PRADESH,441,Barwani,Total,243061,181139,59132,920,922,30115,144360,1830,4153,61288,45979,3431,193651,70117,45493,24624,118314,12669,48225,93187,18097,48847,8516,1158,70169,3163,63051,3955,67006,51163,31152,3102,2713,132371,93223,137704,12134
23,MADHYA PRADESH,441,Barwani,Rural,205589,146726,56235,899,832,8019,132480,595,3967,59584,21212,1217,183160,36433,17897,18536,117389,11154,31016,73198,14381,24430,5076,279,44568,2015,40798,1755,42553,38692,18998,1315,563,125785,71278,123699,10612
23,MADHYA PRADESH,441,Barwani,Urban,37472,34413,2897,21,90,22096,11880,1235,186,1704,24767,2214,10491,33684,27596,6088,925,1515,17209,19989,3716,24417,3440,879,25601,1148,22253,2200,24453,12471,12154,1787,2150,6586,21945,14005,1522
23,MADHYA PRADESH,442,Rajgarh,Total,341848,231130,108167,717,319,30688,254857,2104,43065,9972,54463,1771,285614,44489,30897,13592,146140,26787,35811,123791,32273,76942,12718,1611,150010,8243,136111,5656,141767,85879,46026,4185,2597,139224,127858,193538,20452
23,MADHYA PRADESH,442,Rajgarh,Rural,289795,183211,104304,672,235,6198,230280,504,42587,9366,22696,1036,266063,9676,5365,4311,142029,21793,12960,95287,26750,45074,8901,671,112028,6264,102712,3052,105764,70658,32697,2233,662,131105,96031,174981,18783
23,MADHYA PRADESH,442,Rajgarh,Urban,52053,47919,3863,45,84,24490,24577,1600,478,606,31767,735,19551,34813,25532,9281,4111,4994,22851,28504,5523,31868,3817,940,37982,1979,33399,2604,36003,15221,13329,1952,1935,8119,31827,18557,1669
23,MADHYA PRADESH,443,Vidisha,Total,297419,181510,113529,332,668,41617,171451,2450,75027,5724,73505,1807,222107,47389,35115,12274,196117,12846,80188,111331,31152,96565,12888,1926,150643,4770,139131,6742,145873,70884,55126,5682,4922,104014,164187,124892,8340
23,MADHYA PRADESH,443,Vidisha,Rural,231876,122472,107621,266,360,5577,147184,269,73214,5024,26654,532,204690,15210,7273,7937,174365,4242,40802,75437,25694,54554,6350,293,104698,2728,99879,2091,101970,47390,34468,2994,682,93758,120062,104837,6977
23,MADHYA PRADESH,443,Vidisha,Urban,65543,59038,5908,66,308,36040,24267,2181,1813,700,46851,1275,17417,32179,27842,4337,21752,8604,39386,35894,5458,42011,6538,1633,45945,2042,39252,4651,43903,23494,20658,2688,4240,10256,44125,20055,1363
23,MADHYA PRADESH,444,Bhopal,Total,487750,452912,31691,583,873,281442,131753,58933,6699,4147,352351,12276,123123,290507,250494,40013,87636,72331,237019,301988,128211,339750,94729,40788,353909,26655,281718,45536,327254,159808,213130,60383,73852,61193,311485,161912,14353
23,MADHYA PRADESH,444,Bhopal,Rural,91084,68041,22137,149,133,8085,75540,399,5039,1663,19583,421,71080,9320,3618,5702,58284,11414,14009,33212,11741,33899,3678,626,43540,3129,38591,1820,40411,23515,21738,2770,1408,31162,44706,42481,3897
23,MADHYA PRADESH,444,Bhopal,Urban,396666,384871,9554,434,740,273357,56213,58534,1660,2484,332768,11855,52043,281187,246876,34311,29352,60917,223010,268776,116470,305851,91051,40162,310369,23526,243127,43716,286843,136293,191392,57613,72444,30031,266779,119431,10456
23,MADHYA PRADESH,445,Sehore,Total,251586,212138,38312,199,425,30868,200443,1973,12695,3642,80229,1454,169903,42540,24295,18245,128066,29423,55011,131887,24647,100011,11166,1566,141356,14285,119776,7295,127071,82644,60435,6041,3694,69563,132641,104170,14775
23,MADHYA PRADESH,445,Sehore,Rural,206935,169834,36222,179,303,6433,182703,395,12462,3305,44898,1150,160887,19733,8243,11490,116876,21735,32406,102644,19165,68315,7499,567,106946,11675,89950,5321,95271,61398,43789,3634,1198,65261,103061,90215,13659
23,MADHYA PRADESH,445,Sehore,Urban,44651,42304,2090,20,122,24435,17740,1578,233,337,35331,304,9016,22807,16052,6755,11190,7688,22605,29243,5482,31696,3667,999,34410,2610,29826,1974,31800,21246,16646,2407,2496,4302,29580,13955,1116
23,MADHYA PRADESH,446,Raisen,Total,274210,194373,76614,1731,558,34499,210429,3131,16724,7973,82664,1440,190106,55642,31595,24047,167196,18211,70591,96515,30270,87258,9931,1141,133315,3639,126533,3143,129676,64233,48130,6017,2842,99117,135054,121379,17777
23,MADHYA PRADESH,446,Raisen,Rural,214616,140270,71384,1673,483,6743,182843,238,16228,7398,39752,1024,173840,21582,9337,12245,153137,8911,40759,63337,21707,52850,6099,353,91853,2510,87640,1703,89343,46186,32411,3317,722,88841,99560,99660,15396
23,MADHYA PRADESH,446,Raisen,Urban,59594,54103,5230,58,75,27756,27586,2893,496,575,42912,416,16266,34060,22258,11802,14059,9300,29832,33178,8563,34408,3832,788,41462,1129,38893,1440,40333,18047,15719,2700,2120,10276,35494,21719,2381
23,MADHYA PRADESH,447,Betul,Total,327074,230974,88951,5602,650,45270,261285,2211,11031,3029,81190,995,244889,88762,44073,44689,150742,20222,68321,202719,40590,94586,13755,2109,121106,11017,98857,11232,110089,114524,59230,5740,5615,132138,173653,138985,14436
23,MADHYA PRADESH,447,Betul,Rural,260878,168945,85080,5580,530,7259,237800,393,10797,2719,33773,722,226383,45441,16680,28761,139989,11912,34647,155897,29456,47559,7267,569,73163,8357,59525,5281,64806,81523,31277,2272,879,124237,129457,118951,12470
23,MADHYA PRADESH,447,Betul,Urban,66196,62029,3871,22,120,38011,23485,1818,234,310,47417,273,18506,43321,27393,15928,10753,8310,33674,46822,11134,47027,6488,1540,47943,2660,39332,5951,45283,33001,27953,3468,4736,7901,44196,20034,1966
23,MADHYA PRADESH,448,Harda,Total,110981,95066,15290,156,233,22174,83145,707,133,1661,51766,1335,57880,21860,14509,7351,54036,11807,38378,50040,6664,45661,5376,986,63615,2312,58528,2775,61303,29025,30952,3556,2269,33347,59921,43302,7758
23,MADHYA PRADESH,448,Harda,Rural,88422,73645,14239,140,220,7610,76121,175,110,1466,33883,205,54334,7722,4679,3043,50250,7961,24880,35472,5259,29191,2794,414,45655,1527,42842,1286,44128,18881,22099,2322,692,31264,44330,37326,6766
23,MADHYA PRADESH,448,Harda,Urban,22559,21421,1051,16,13,14564,7024,532,23,195,17883,1130,3546,14138,9830,4308,3786,3846,13498,14568,1405,16470,2582,572,17960,785,15686,1489,17175,10144,8853,1234,1577,2083,15591,5976,992
23,MADHYA PRADESH,449,Hoshangabad,Total,252562,198076,52496,715,423,61415,169833,2273,12664,3739,122069,2418,128075,64944,41578,23366,116724,31892,108846,125993,22634,112371,14456,2871,138517,5440,125466,7611,133077,106654,67460,7335,7754,64519,133217,98985,20360
23,MADHYA PRADESH,449,Hoshangabad,Rural,174226,124038,48674,646,322,10384,145885,241,12387,3266,58949,658,114619,16869,12751,4118,107740,13053,55503,72291,14498,54251,4985,520,79287,3033,74176,2078,76254,67528,35893,3018,1212,56648,79954,76540,17732
23,MADHYA PRADESH,449,Hoshangabad,Urban,78336,74038,3822,69,101,51031,23948,2032,277,473,63120,1760,13456,48075,28827,19248,8984,18839,53343,53702,8136,58120,9471,2351,59230,2407,51290,5533,56823,39126,31567,4317,6542,7871,53263,22445,2628
23,MADHYA PRADESH,450,Katni,Total,289026,172416,115231,356,529,38086,243266,1596,1055,2926,56180,1436,231410,50054,30668,19386,174211,18098,55142,145653,35724,76207,13094,2179,100862,4570,91302,4990,96292,133962,35359,3958,4652,103924,152992,124503,11531
23,MADHYA PRADESH,450,Katni,Rural,234239,123083,110205,322,270,6356,223215,291,920,2457,20108,826,213305,20801,9975,10826,161896,6538,21987,109043,30389,36163,7305,464,62140,2793,57569,1778,59347,103284,15492,1432,666,98034,115201,108820,10218
23,MADHYA PRADESH,450,Katni,Urban,54787,49333,5026,34,259,31730,20051,1305,135,469,36072,610,18105,29253,20693,8560,12315,11560,33155,36610,5335,40044,5789,1715,38722,1777,33733,3212,36945,30678,19867,2526,3986,5890,37791,15683,1313
23,MADHYA PRADESH,451,Jabalpur,Total,515029,452023,59941,526,1260,192581,296679,11828,3987,5884,286802,13690,214537,229977,190918,39059,202052,48976,187442,296870,96985,285248,58601,20443,274726,19978,225299,29449,254748,271469,154678,26487,40531,110077,302500,191071,21458
23,MADHYA PRADESH,451,Jabalpur,Rural,236023,186984,47841,277,470,11359,217046,358,3000,3431,63162,1285,171576,28798,16766,12032,172968,10106,31151,116897,28608,68101,7186,804,71182,3573,65595,2014,67609,103720,27312,2878,1161,87975,113599,109062,13362
23,MADHYA PRADESH,451,Jabalpur,Urban,279006,265039,12100,249,790,181222,79633,11470,987,2453,223640,12405,42961,201179,174152,27027,29084,38870,156291,179973,68377,217147,51415,19639,203544,16405,159704,27435,187139,167749,127366,23609,39370,22102,188901,82009,8096
23,MADHYA PRADESH,452,Narsimhapur,Total,247616,172144,72761,872,792,28462,196555,2100,9528,7881,87038,1979,158599,54904,37847,17057,160201,21047,70455,97806,22902,71602,9751,1603,90668,6998,75550,8120,83670,84570,39769,4664,3298,102572,110262,114694,22660
23,MADHYA PRADESH,452,Narsimhapur,Rural,204994,134408,68250,829,629,6936,178192,331,9460,7474,56433,964,147597,27554,16639,10915,151806,15147,45192,73193,18541,44673,5933,541,63379,5206,53972,4201,58173,65871,26760,2787,862,94416,84513,100335,20146
23,MADHYA PRADESH,452,Narsimhapur,Urban,42622,37736,4511,43,163,21526,18363,1769,68,407,30605,1015,11002,27350,21208,6142,8395,5900,25263,24613,4361,26929,3818,1062,27289,1792,21578,3919,25497,18699,13009,1877,2436,8156,25749,14359,2514
23,MADHYA PRADESH,453,Dindori,Total,168999,62372,102671,3550,152,4576,160281,316,1426,1780,9945,1326,157728,11475,7937,3538,91433,770,10050,116775,25563,13765,6447,554,25956,1759,22759,1438,24197,26743,7979,1291,754,109680,78681,85596,4722
23,MADHYA PRADESH,453,Dindori,Rural,161808,56322,101572,3531,151,1631,156694,190,1384,1667,5965,1264,154579,6779,4668,2111,90139,487,6712,112721,24601,9710,5703,395,21429,1575,18602,1252,19854,24956,5957,959,393,108024,74594,82888,4326
23,MADHYA PRADESH,453,Dindori,Urban,7191,6050,1099,19,1,2945,3587,126,42,113,3980,62,3149,4696,3269,1427,1294,283,3338,4054,962,4055,744,159,4527,184,4157,186,4343,1787,2022,332,361,1656,4087,2708,396
23,MADHYA PRADESH,454,Mandla,Total,249187,143803,103177,1489,176,18413,226180,1073,847,1561,33217,1247,214723,33609,23807,9802,120583,4740,30628,193207,30273,40591,9042,912,51683,3436,44731,3516,48247,80798,19880,2246,2156,129258,135118,103440,10629
23,MADHYA PRADESH,454,Mandla,Rural,220889,118481,100332,1459,146,4606,213087,291,808,1406,14796,189,205904,17258,9155,8103,115264,1556,15605,174909,25826,22636,6420,290,33971,2554,29539,1878,31417,67368,10725,1093,494,124045,116057,95339,9493
23,MADHYA PRADESH,454,Mandla,Urban,28298,25322,2845,30,30,13807,13093,782,39,155,18421,1058,8819,16351,14652,1699,5319,3184,15023,18298,4447,17955,2622,622,17712,882,15192,1638,16830,13430,9155,1153,1662,5213,19061,8101,1136
23,MADHYA PRADESH,455,Chhindwara,Total,438389,344875,90655,672,1031,73284,338853,7206,7148,6102,111901,5179,321309,164167,94785,69382,146418,13482,102108,243012,64121,138316,20034,3588,150476,12765,123094,14617,137711,158956,75332,8235,8969,172429,215037,202529,20823
23,MADHYA PRADESH,455,Chhindwara,Rural,330846,245850,82654,589,828,17570,297154,906,6774,5112,40577,788,289481,80838,31318,49520,138102,10576,47773,170568,44257,68449,9324,785,84458,9030,68497,6931,75428,113104,38674,3178,1769,153288,147538,166498,16810
23,MADHYA PRADESH,455,Chhindwara,Urban,107543,99025,8001,83,203,55714,41699,6300,374,990,71324,4391,31828,83329,63467,19862,8316,2906,54335,72444,19864,69867,10710,2803,66018,3735,54597,7686,62283,45852,36658,5057,7200,19141,67499,36031,4013
23,MADHYA PRADESH,456,Seoni,Total,313274,228695,83165,238,390,26893,269246,1508,8886,2234,68267,1341,243666,65941,39590,26351,143696,9647,61065,168044,28048,66919,10417,1182,84804,5460,72913,6431,79344,140883,37873,4048,2951,125148,163167,135128,14979
23,MADHYA PRADESH,456,Seoni,Rural,277982,196185,80467,207,365,7033,255694,351,8802,1912,42174,703,235105,40552,16900,23652,138920,7757,41171,146320,24050,43446,6940,320,61551,4271,53999,3281,57280,123824,25636,2353,672,119456,138880,125342,13760
23,MADHYA PRADESH,456,Seoni,Urban,35292,32510,2698,31,25,19860,13552,1157,84,322,26093,638,8561,25389,22690,2699,4776,1890,19894,21724,3998,23473,3477,862,23253,1189,18914,3150,22064,17059,12237,1695,2279,5692,24287,9786,1219
23,MADHYA PRADESH,457,Balaghat,Total,394310,277927,114322,643,401,27283,357056,1931,335,2183,73522,1016,319772,38273,22876,15397,212290,4190,87044,151803,53640,82475,13306,1712,100910,7640,85942,7328,93270,252422,46168,4045,4072,106436,227791,146319,20200
23,MADHYA PRADESH,457,Balaghat,Rural,341221,230378,109048,623,356,5267,328483,314,290,1849,40004,781,300436,16461,7761,8700,198298,949,60695,121483,43617,49976,8286,415,68050,5371,59095,3584,62679,218041,27667,1746,783,99124,192111,130735,18375
23,MADHYA PRADESH,457,Balaghat,Urban,53089,47549,5274,20,45,22016,28573,1617,45,334,33518,235,19336,21812,15115,6697,13992,3241,26349,30320,10023,32499,5020,1297,32860,2269,26847,3744,30591,34381,18501,2299,3289,7312,35680,15584,1825
23,MADHYA PRADESH,458,Guna,Total,241433,144248,94626,515,683,34184,176058,1884,24029,3362,47903,1674,191856,46271,39431,6840,126001,18012,50611,82151,36818,80642,11740,2482,120895,4328,110861,5706,116567,76571,43568,5968,4802,78019,124461,109705,7267
23,MADHYA PRADESH,458,Guna,Rural,183767,93931,88010,452,379,4162,152250,244,22888,2780,13556,824,169387,10032,6678,3354,115102,12651,16622,49973,28825,41785,5614,235,79872,2357,75877,1638,77515,51202,25629,2768,525,70201,88048,90331,5388
23,MADHYA PRADESH,458,Guna,Urban,57666,50317,6616,63,304,30022,23808,1640,1141,582,34347,850,22469,36239,32753,3486,10899,5361,33989,32178,7993,38857,6126,2247,41023,1971,34984,4068,39052,25369,17939,3200,4277,7818,36413,19374,1879
23,MADHYA PRADESH,459,Ashoknagar,Total,170704,84720,84519,319,383,15886,100669,449,48888,3934,26227,866,143611,17501,13662,3839,113014,7376,30468,51865,20551,42898,6016,619,81251,2816,75605,2830,78435,43637,23638,2373,1332,64146,93176,73278,4250
23,MADHYA PRADESH,459,Ashoknagar,Rural,141801,60226,80416,273,247,3160,86146,87,48013,3639,9963,558,131280,5826,3674,2152,101151,4379,16714,36918,18479,25106,4214,174,61874,1968,58486,1420,59906,34134,16855,1531,331,58897,75687,62341,3773
23,MADHYA PRADESH,459,Ashoknagar,Urban,28903,24494,4103,46,136,12726,14523,362,875,295,16264,308,12331,11675,9988,1687,11863,2997,13754,14947,2072,17792,1802,445,19377,848,17119,1410,18529,9503,6783,842,1001,5249,17489,10937,477
23,MADHYA PRADESH,460,Shahdol,Total,248783,113184,134177,386,486,24255,211760,796,2397,3098,43590,1521,203672,26235,20482,5753,110054,8129,74971,154785,53612,45685,10817,1733,72253,3614,64955,3684,68639,132313,29839,3819,3472,82820,138340,103325,7118
23,MADHYA PRADESH,460,Shahdol,Rural,204690,75426,128114,355,340,3431,194837,178,2226,2756,15485,959,188246,4658,3019,1639,100083,2682,49191,123217,44571,18031,6168,406,42451,1990,39116,1345,40461,105370,13609,1333,516,77396,108347,90431,5912
23,MADHYA PRADESH,460,Shahdol,Urban,44093,37758,6063,31,146,20824,16923,618,171,342,28105,562,15426,21577,17463,4114,9971,5447,25780,31568,9041,27654,4649,1327,29802,1624,25839,2339,28178,26943,16230,2486,2956,5424,29993,12894,1206
23,MADHYA PRADESH,461,Anuppur,Total,168819,81338,86854,253,114,23388,135991,650,1288,1138,29828,1298,137693,29861,25257,4604,69259,1924,47278,117621,27223,41067,7266,1290,57032,2908,51002,3122,54124,84977,29063,2895,3062,57034,108446,57067,3306
23,MADHYA PRADESH,461,Anuppur,Rural,126225,44567,81236,229,56,2310,120767,163,1061,798,5582,1015,119628,2411,1683,728,62442,785,22814,85777,21456,13903,3370,230,27249,1496,24726,1027,25753,58771,10963,836,367,51804,77458,46404,2363
23,MADHYA PRADESH,461,Anuppur,Urban,42594,36771,5618,24,58,21078,15224,487,227,340,24246,283,18065,27450,23574,3876,6817,1139,24464,31844,5767,27164,3896,1060,29783,1412,26276,2095,28371,26206,18100,2059,2695,5230,30988,10663,943
23,MADHYA PRADESH,462,Sidhi,Total,238474,102228,133613,664,898,9569,208716,438,12439,6738,17833,1732,218909,8738,5905,2833,147022,11852,39769,89325,53315,26502,10790,837,82709,2568,78044,2097,80141,90963,18017,3320,1208,100445,144899,89034,4541
23,MADHYA PRADESH,462,Sidhi,Rural,220630,86554,131521,648,883,2701,198351,266,12247,6594,9083,1589,209958,3646,1971,1675,137899,9230,33126,77762,49666,17913,9642,530,71277,2294,67427,1556,68983,82345,13320,2414,602,96900,132119,84246,4265
23,MADHYA PRADESH,462,Sidhi,Urban,17844,15674,2092,16,15,6868,10365,172,192,144,8750,143,8951,5092,3934,1158,9123,2622,6643,11563,3649,8589,1148,307,11432,274,10617,541,11158,8618,4697,906,606,3545,12780,4788,276
23,MADHYA PRADESH,463,Singrauli,Total,237186,73091,161417,545,1444,22141,190983,521,11932,6307,26814,2125,208247,18880,16110,2770,75605,5781,48819,113744,38660,34162,13939,2627,81892,2594,75778,3520,79298,102643,31059,6599,5615,93603,134667,97758,4761
23,MADHYA PRADESH,463,Singrauli,Rural,193734,39109,152365,463,1284,1735,175683,109,10192,5544,4184,1143,188407,3051,1599,1452,60361,1830,25046,80334,32946,8554,6755,154,49353,1131,47404,818,48222,76043,11476,1745,327,89492,104117,85976,3641
23,MADHYA PRADESH,463,Singrauli,Urban,43452,33982,9052,82,160,20406,15300,412,1740,763,22630,982,19840,15829,14511,1318,15244,3951,23773,33410,5714,25608,7184,2473,32539,1463,28374,2702,31076,26600,19583,4854,5288,4111,30550,11782,1120
23,MADHYA PRADESH,464,Jhabua,Total,207621,125411,80898,137,646,16683,139161,1166,5479,44290,24293,1163,182165,22215,15468,6747,145068,4294,19449,88081,9554,22470,5591,744,60130,1463,56006,2661,58667,31319,20076,2215,1718,125091,74061,123525,10035
23,MADHYA PRADESH,464,Jhabua,Rural,190362,109003,80111,135,609,5314,134583,426,5290,44159,11030,595,178737,9727,3285,6442,142222,2657,8891,76353,7611,10066,3447,185,46644,837,44550,1257,45807,27505,13123,1142,255,122791,61505,119129,9728
23,MADHYA PRADESH,464,Jhabua,Urban,17259,16408,787,2,37,11369,4578,740,189,131,13263,568,3428,12488,12183,305,2846,1637,10558,11728,1943,12404,2144,559,13486,626,11456,1404,12860,3814,6953,1073,1463,2300,12556,4396,307
23,MADHYA PRADESH,465,Alirajpur,Total,131747,81006,47055,2720,540,9021,116830,852,566,4165,13859,663,117225,7327,5140,2187,102868,2190,15030,47622,8532,11262,5126,297,33439,922,31337,1180,32517,27778,9888,1174,724,75843,48146,78445,5156
23,MADHYA PRADESH,465,Alirajpur,Rural,121337,71095,46605,2712,522,2364,113835,283,548,4121,6023,587,114727,1526,1059,467,99857,1056,9692,40846,7241,4168,4178,75,25217,553,23960,704,24664,25012,6016,616,176,74603,41105,75345,4887
23,MADHYA PRADESH,465,Alirajpur,Urban,10410,9911,450,8,18,6657,2995,569,18,44,7836,76,2498,5801,4081,1720,3011,1134,5338,6776,1291,7094,948,222,8222,369,7377,476,7853,2766,3872,558,548,1240,7041,3100,269
23,MADHYA PRADESH,466,East Nimar,Total,265657,202710,60606,241,1319,40893,173226,2717,5434,40887,71544,4066,190047,89058,60460,28598,101440,18514,60966,130899,37790,78218,10404,1907,100376,4523,89409,6444,95853,69960,44522,3697,4704,114876,117377,128729,19551
23,MADHYA PRADESH,466,East Nimar,Rural,216711,156945,57758,211,1184,10466,157981,653,5104,40380,37613,582,178516,51462,26818,24644,100145,12109,34644,102869,26472,42999,4773,398,65372,2488,60839,2045,62884,47743,25880,1535,628,109056,85770,113529,17412
23,MADHYA PRADESH,466,East Nimar,Urban,48946,45765,2848,30,135,30427,15245,2064,330,507,33931,3484,11531,37596,33642,3954,1295,6405,26322,28030,11318,35219,5631,1509,35004,2035,28570,4399,32969,22217,18642,2162,4076,5820,31607,15200,2139
23,MADHYA PRADESH,467,Burhanpur,Total,144154,112420,30487,101,732,40478,82695,1080,282,18962,50613,9243,84298,95022,22902,72120,29794,2288,50687,61229,11224,58527,5058,986,55999,2568,48291,5140,53431,37369,22453,2142,2394,59052,69511,66565,8078
23,MADHYA PRADESH,467,Burhanpur,Rural,96440,67306,28206,85,521,11093,65963,280,240,18465,17879,885,77676,48862,14269,34593,29597,1698,25462,39049,7572,26068,1703,164,27389,1173,24370,1846,26216,16725,11424,1041,364,50373,43557,46682,6201
23,MADHYA PRADESH,467,Burhanpur,Urban,47714,45114,2281,16,211,29385,16732,800,42,497,32734,8358,6622,46160,8633,37527,197,590,25225,22180,3652,32459,3355,822,28610,1395,23921,3294,27215,20644,11029,1101,2030,8679,25954,19883,1877
24,GUJARAT,468,Kachchh,Total,444761,403294,33451,387,4801,140067,238455,48637,2287,4795,280257,8944,155560,367140,181106,186034,2673,22738,313045,254320,68552,250397,31961,9631,339331,9226,304000,26105,330105,83904,140540,28788,21858,72132,333462,106518,4781
24,GUJARAT,468,Kachchh,Rural,285991,250045,29719,339,3609,46878,199079,28200,1810,4086,140634,6818,138539,224937,77830,147107,850,19940,182866,146379,38478,129635,10260,1904,205676,4034,190329,11313,201642,40540,64627,12464,4519,59920,210270,72528,3193
24,GUJARAT,468,Kachchh,Urban,158770,153249,3732,48,1192,93189,39376,20437,477,709,139623,2126,17021,142203,103276,38927,1823,2798,130179,107941,30074,120762,21701,7727,133655,5192,113671,14792,128463,43364,75913,16324,17339,12212,123192,33990,1588
24,GUJARAT,469,Banas Kantha,Total,561128,396873,134954,984,16839,84832,413828,20244,2596,36307,146022,3671,411435,347860,89251,258609,21766,151670,295278,310739,53646,144792,23149,3424,369986,8029,345550,16407,361957,75914,68665,22723,8302,157550,335479,205371,20278
24,GUJARAT,469,Banas Kantha,Rural,479308,320718,130629,955,15984,38020,390513,10389,2386,35485,82201,2685,394422,272500,50050,222450,21312,146930,228568,259442,45121,91100,14236,1375,305254,5863,289108,10283,299391,56807,41317,15869,2480,146591,274345,185928,19035
24,GUJARAT,469,Banas Kantha,Urban,81820,76155,4325,29,855,46812,23315,9855,210,822,63821,986,17013,75360,39201,36159,454,4740,66710,51297,8525,53692,8913,2049,64732,2166,56442,6124,62566,19107,27348,6854,5822,10959,61134,19443,1243
24,GUJARAT,470,Patan,Total,269174,223424,39171,328,3573,66310,174726,9500,2247,12849,123977,4519,140678,233095,64411,168684,1218,20071,182619,141153,22405,108006,12870,2231,176829,7733,158057,11039,169096,66270,41235,7802,5271,66833,166872,93468,8834
24,GUJARAT,470,Patan,Rural,210593,167897,36684,317,3169,29295,160403,5036,1587,12440,75691,2394,132508,176609,40045,136564,807,19264,131968,102328,17534,66519,6474,730,131887,5542,120019,6326,126345,41123,21317,4197,1164,59767,124091,78541,7961
24,GUJARAT,470,Patan,Urban,58581,55527,2487,11,404,37015,14323,4464,660,409,48286,2125,8170,56486,24366,32120,411,807,50651,38825,4871,41487,6396,1501,44942,2191,38038,4713,42751,25147,19918,3605,4107,7066,42781,14927,873
24,GUJARAT,471,Mahesana,Total,425907,385609,33247,255,5160,180985,185875,23095,2148,27789,232825,6179,186903,375792,185929,189863,736,37143,328355,271470,44999,245131,33731,7759,301436,15705,255293,30438,285731,143818,119579,25163,21611,78566,288581,127810,9516
24,GUJARAT,471,Mahesana,Rural,318040,282698,29427,157,4320,104257,164580,16283,1937,26665,141139,3421,173480,278885,114695,164190,678,28774,236173,192415,29609,161798,14737,2460,212094,11153,183399,17542,200941,96821,68360,11783,6249,68796,205664,104254,8122
24,GUJARAT,471,Mahesana,Urban,107867,102911,3820,98,840,76728,21295,6812,211,1124,91686,2758,13423,96907,71234,25673,58,8369,92182,79055,15390,83333,18994,5299,89342,4552,71894,12896,84790,46997,51219,13380,15362,9770,82917,23556,1394
24,GUJARAT,472,Sabar Kantha,Total,478497,438606,31474,263,6364,99037,268290,27005,4136,69022,182583,6105,289809,294228,56414,237814,69724,69046,251245,284308,36688,180909,25425,5262,269423,15518,216346,37559,253905,112045,122399,22379,12807,154800,282496,186361,9640
24,GUJARAT,472,Sabar Kantha,Rural,404203,367378,29550,199,5700,57452,247830,17905,3863,67760,125630,3690,274883,225811,25019,200792,68657,66378,193216,232898,28359,131182,16215,2448,213957,12289,175208,26460,201668,92285,90718,14692,6190,143376,229508,166240,8455
24,GUJARAT,472,Sabar Kantha,Urban,74294,71228,1924,64,664,41585,20460,9100,273,1262,56953,2415,14926,68417,31395,37022,1067,2668,58029,51410,8329,49727,9210,2814,55466,3229,41138,11099,52237,19760,31681,7687,6617,11424,52988,20121,1185
24,GUJARAT,473,Gandhinagar,Total,287200,262539,19542,162,3733,132683,118802,13132,2016,16402,171166,4273,111761,257436,151077,106359,1688,24410,222079,182707,62348,178594,33662,12107,204833,10124,171699,23010,194709,121735,106981,26385,25749,46170,192275,89625,5300
24,GUJARAT,473,Gandhinagar,Rural,160460,144168,13065,81,2291,44455,90704,6962,1500,14512,68724,1509,90227,141207,57072,84135,264,17106,112528,89475,21784,80949,7199,1371,101297,4195,91011,6091,97102,56451,39933,6890,3027,35408,98004,58758,3698
24,GUJARAT,473,Gandhinagar,Urban,126740,118371,6477,81,1442,88228,28098,6170,516,1890,102442,2764,21534,116229,94005,22224,1424,7304,109551,93232,40564,97645,26463,10736,103536,5929,80688,16919,97607,65284,67048,19495,22722,10762,94271,30867,1602
24,GUJARAT,474,Ahmadabad,Total,1494656,1456046,28771,624,6511,965017,282941,181459,22923,19566,1241055,54595,199006,1265476,1001894,263582,22659,158096,1286525,1006391,501082,1159650,273651,126341,1196482,77256,923594,195632,1119226,680535,692591,174812,228737,119295,1087201,395278,12177
24,GUJARAT,474,Ahmadabad,Rural,228886,210869,14553,231,2219,24157,161976,7836,16669,15992,75235,3054,150597,168101,46315,121786,3848,21103,137050,115623,31223,112291,7312,1002,141063,5484,130481,5098,135579,69795,42283,5470,1864,51960,131552,92770,4564
24,GUJARAT,474,Ahmadabad,Urban,1265770,1245177,14218,393,4292,940860,120965,173623,6254,3574,1165820,51541,48409,1097375,955579,141796,18811,136993,1149475,890768,469859,1047359,266339,125339,1055419,71772,793113,190534,983647,610740,650308,169342,226873,67335,955649,302508,7613
24,GUJARAT,475,Surendranagar,Total,342337,302068,32781,389,4551,77857,188729,19437,7977,44499,120741,7840,213756,238259,119782,118477,13044,19438,198405,178636,43874,177591,15309,2975,246026,6932,228637,10457,239094,135074,99436,10088,8028,56081,223508,111820,7009
24,GUJARAT,475,Surendranagar,Rural,241831,206654,28528,357,4120,23866,161768,6995,4436,42913,50371,1951,189509,146636,48701,97935,11575,16764,119352,116288,29428,102916,6182,751,166565,4138,157660,4767,162427,80863,60362,4751,1567,47503,148336,87939,5556
24,GUJARAT,475,Surendranagar,Urban,100506,95414,4253,32,431,53991,26961,12442,3541,1586,70370,5889,24247,91623,71081,20542,1469,2674,79053,62348,14446,74675,9127,2224,79461,2794,70977,5690,76667,54211,39074,5337,6461,8578,75172,23881,1453
24,GUJARAT,476,Rajkot,Total,782631,747352,28835,404,3980,362140,166529,87395,65362,81528,543342,22179,217110,651594,414274,237320,38122,41220,605196,510873,211531,571843,67370,21785,651936,30503,558748,62685,621433,355586,428744,55289,52563,55011,581066,191841,9724
24,GUJARAT,476,Rajkot,Rural,313713,290296,20109,202,1979,52229,111990,14691,49165,76926,137949,4596,171168,239589,59259,180330,21421,23079,210923,203331,46498,184972,9228,1575,246046,9774,218339,17933,236272,112198,146923,9901,4204,34995,219731,89208,4774
24,GUJARAT,476,Rajkot,Urban,468918,457056,8726,202,2001,309911,54539,72704,16197,4602,405393,17583,45942,412005,355015,56990,16701,18141,394273,307542,165033,386871,58142,20210,405890,20729,340409,44752,385161,243388,281821,45388,48359,20016,361335,102633,4950
24,GUJARAT,477,Jamnagar,Total,424336,386538,29424,754,5299,142974,153922,35026,53650,27023,242841,12831,168664,290541,161226,129315,36833,33615,276247,276992,67005,270555,30384,11573,331968,12625,291406,27937,319343,157250,185194,20471,20728,43989,304901,113770,5665
24,GUJARAT,477,Jamnagar,Rural,230295,199065,25323,565,3991,24123,124385,11335,41418,24665,80204,4090,146001,133045,37397,95648,23333,23736,123105,147401,37299,113364,7191,1287,176122,5609,161448,9065,170513,65255,95122,6689,2722,31713,157277,69233,3785
24,GUJARAT,477,Jamnagar,Urban,194041,187473,4101,189,1308,118851,29537,23691,12232,2358,162637,8741,22663,157496,123829,33667,13500,9879,153142,129591,29706,157191,23193,10286,155846,7016,129958,18872,148830,91995,90072,13782,18006,12276,147624,44537,1880
24,GUJARAT,478,Porbandar,Total,124769,117040,6458,423,475,41686,53749,7271,16664,2556,72287,4190,48292,77490,53034,24456,9297,6942,72890,85992,17522,80820,5639,1653,92715,4008,81985,6722,88707,40784,45156,4395,3545,16861,88090,34410,2269
24,GUJARAT,478,Porbandar,Rural,63553,57397,5104,406,358,6482,43238,1621,8432,2211,24880,956,37717,28566,10818,17748,4012,3017,31110,44569,8154,32667,1648,268,45729,1607,41752,2370,44122,15321,21080,1698,697,11528,42715,19345,1493
24,GUJARAT,478,Porbandar,Urban,61216,59643,1354,17,117,35204,10511,5650,8232,345,47407,3234,10575,48924,42216,6708,5285,3925,41780,41423,9368,48153,3991,1385,46986,2401,40233,4352,44585,25463,24076,2697,2848,5333,45375,15065,776
24,GUJARAT,479,Junagadh,Total,526674,498326,23826,630,2705,144561,280241,23118,37791,27525,313730,10539,202405,336428,103899,232529,52624,48359,317838,348370,60302,318954,26991,6628,406578,15291,364428,26859,391287,189600,195597,17447,15979,63887,361864,156439,8371
24,GUJARAT,479,Junagadh,Rural,346939,322584,20784,540,2121,40932,231569,8672,32080,23862,159716,4695,182528,213760,48086,165674,35867,19330,189818,232148,38023,182783,9776,1752,260833,9452,238192,13189,251381,119271,120511,7009,3762,49616,227586,113429,5924
24,GUJARAT,479,Junagadh,Urban,179735,175742,3042,90,584,103629,48672,14446,5711,3663,154014,5844,19877,122668,55813,66855,16757,29029,128020,116222,22279,136171,17215,4876,145745,5839,126236,13670,139906,70329,75086,10438,12217,14271,134278,43010,2447
24,GUJARAT,480,Amreli,Total,294071,273331,15710,348,3314,80378,124868,11034,14565,55262,173045,4496,116530,200362,50238,150124,31069,32323,191055,185870,31204,164282,12765,2538,222389,9469,198302,14618,212920,96477,113906,10236,6639,42508,207753,81818,4500
24,GUJARAT,480,Amreli,Rural,218891,200799,13798,320,2799,35837,104972,5469,12754,52920,114124,2403,102364,137671,27090,110581,27737,26496,133695,138013,23009,108646,6498,1123,162806,6833,146771,9202,155973,62974,82752,5939,2465,35535,151904,63222,3765
24,GUJARAT,480,Amreli,Urban,75180,72532,1912,28,515,44541,19896,5565,1811,2342,58921,2093,14166,62691,23148,39543,3332,5827,57360,47857,8195,55636,6267,1415,59583,2636,51531,5416,56947,33503,31154,4297,4174,6973,55849,18596,735
24,GUJARAT,481,Bhavnagar,Total,542464,500757,33370,418,5015,171327,248057,38021,13213,64644,292210,12401,237853,390572,232152,158420,43348,35266,361542,275075,74663,293361,28925,7297,400446,13792,363545,23109,386654,238912,200864,17517,18127,71055,373013,162150,7301
24,GUJARAT,481,Bhavnagar,Rural,303727,271671,27217,296,3192,33798,191348,7960,7435,60413,97517,4426,201784,187389,68201,119188,33112,26387,171622,138086,39751,125512,6916,927,216705,6166,204488,6051,210539,118577,97821,5493,2077,49452,198393,100741,4593
24,GUJARAT,481,Bhavnagar,Urban,238737,229086,6153,122,1823,137529,56709,30061,5778,4231,194693,7975,36069,203183,163951,39232,10236,8879,189920,136989,34912,167849,22009,6370,183741,7626,159057,17058,176115,120335,103043,12024,16050,21603,174620,61409,2708
24,GUJARAT,482,Anand,Total,427164,378310,40987,290,6263,147122,236768,13922,3769,20559,230571,5446,191147,323542,154335,169207,26962,51975,283725,239894,64013,203467,32523,9902,244185,21978,187528,34679,222207,172466,104613,19352,20391,102966,262549,156648,7967
24,GUJARAT,482,Anand,Rural,297069,256461,34291,166,5162,60314,205214,7546,3124,18450,122559,2345,172165,216167,67490,148677,22912,37347,177474,151934,38106,114017,12443,2461,148672,13954,117290,17428,134718,114329,52412,7088,5271,87217,168122,122730,6217
24,GUJARAT,482,Anand,Urban,130095,121849,6696,124,1101,86808,31554,6376,645,2109,108012,3101,18982,107375,86845,20530,4050,14628,106251,87960,25907,89450,20080,7441,95513,8024,70238,17251,87489,58137,52201,12264,15120,15749,94427,33918,1750
24,GUJARAT,483,Kheda,Total,462134,372226,78878,405,8226,99982,296813,15266,4750,38827,172599,5933,283602,302055,134884,167171,56557,68378,233592,212666,61231,171342,24502,5710,218734,14099,181434,23201,204635,146364,84414,12788,12080,157100,274395,177092,10647
24,GUJARAT,483,Kheda,Rural,358132,276187,72191,344,7251,40006,263819,8365,4354,37493,90966,2800,264366,212992,67288,145704,53488,59466,150504,148927,39851,102803,12649,1646,147625,8658,127555,11412,138967,105058,47891,5751,3416,140204,197922,151139,9071
24,GUJARAT,483,Kheda,Urban,104002,96039,6687,61,975,59976,32994,6901,396,1334,81633,3133,19236,89063,67596,21467,3069,8912,83088,63739,21380,68539,11853,4064,71109,5441,53879,11789,65668,41306,36523,7037,8664,16896,76473,25953,1576
24,GUJARAT,484,Panch Mahals,Total,446746,398937,42327,608,3980,59096,346281,9534,3424,21844,121676,4980,320090,121463,46576,74887,181725,20886,129165,200668,51901,90896,19753,3456,214889,8391,192790,13708,206498,120545,72703,9656,7024,167853,228470,207584,10692
24,GUJARAT,484,Panch Mahals,Rural,378617,333520,40081,589,3609,16888,327782,3623,3276,21362,64384,3837,310396,68234,16927,51307,176470,15447,79564,159275,37370,51767,11164,844,164768,5514,153209,6045,159254,102177,46067,4880,1437,156983,177724,190930,9963
24,GUJARAT,484,Panch Mahals,Urban,68129,65417,2246,19,371,42208,18499,5911,148,482,57292,1143,9694,53229,29649,23580,5255,5439,49601,41393,14531,39129,8589,2612,50121,2877,39581,7663,47244,18368,26636,4776,5587,10870,50746,16654,729
24,GUJARAT,485,Dohad,Total,329872,241117,81456,577,5353,28030,257701,3474,25143,13648,43164,2600,284108,32287,23904,8383,148377,7088,54413,124352,18723,41178,13497,1733,152144,4564,138489,9091,147580,61360,40551,5222,4104,147629,139579,183675,6618
24,GUJARAT,485,Dohad,Rural,294997,209440,78555,551,5121,7244,246421,2123,24797,13299,18141,1696,275160,9101,3776,5325,141941,4975,32090,100122,15835,18487,8845,362,126107,2799,120490,2818,123308,50915,24839,3033,734,142143,113318,175433,6246
24,GUJARAT,485,Dohad,Urban,34875,31677,2901,26,232,20786,11280,1351,346,349,25023,904,8948,23186,20128,3058,6436,2113,22323,24230,2888,22691,4652,1371,26037,1765,17999,6273,24272,10445,15712,2189,3370,5486,26261,8242,372
24,GUJARAT,486,Vadodara,Total,880121,798277,68015,2566,8797,411734,345100,51903,8156,53126,543474,13310,323337,639002,465772,173230,158163,39945,567053,544808,264896,497049,117818,53606,583926,37602,462473,83851,546324,399901,351423,72630,95845,156467,583985,284248,11888
24,GUJARAT,486,Vadodara,Rural,418851,348321,59749,2465,6487,50792,299839,7044,6157,51504,119555,5856,293440,214827,78286,136541,142186,25184,174275,176623,60313,117203,11655,1580,193839,8680,175927,9232,185159,166034,76675,7344,3152,133400,218025,192474,8352
24,GUJARAT,486,Vadodara,Urban,461270,449956,8266,101,2310,360942,45261,44859,1999,1622,423919,7454,29897,424175,387486,36689,15977,14761,392778,368185,204583,379846,106163,52026,390087,28922,286546,74619,361165,233867,274748,65286,92693,23067,365960,91774,3536
24,GUJARAT,487,Narmada,Total,122039,101940,14610,3915,1084,12997,95779,1075,1775,9127,27223,1585,93231,41369,15098,26271,68613,5565,40740,54310,12913,31194,4081,576,43827,2354,38303,3170,41473,29316,18771,2442,1182,55570,68149,52221,1669
24,GUJARAT,487,Narmada,Rural,109005,89749,13966,3911,927,5117,91630,556,1715,8989,17483,1217,90305,30289,7152,23137,67465,4996,30306,44747,10815,22272,2844,205,34808,1658,31260,1890,33150,26020,13636,1435,398,53388,59746,47835,1424
24,GUJARAT,487,Narmada,Urban,13034,12191,644,4,157,7880,4149,519,60,138,9740,368,2926,11080,7946,3134,1148,569,10434,9563,2098,8922,1237,371,9019,696,7043,1280,8323,3296,5135,1007,784,2182,8403,4386,245
24,GUJARAT,488,Bharuch,Total,335098,309091,22294,227,1777,121542,158840,20110,6308,22134,204943,4795,125360,253257,131425,121832,34169,24691,204663,183082,50018,178535,29531,10257,215142,12246,176875,26021,202896,96508,104126,21579,20255,72615,224258,106817,4023
24,GUJARAT,488,Bharuch,Rural,217028,194063,20101,201,1225,37892,140573,8944,5418,21027,99410,2158,115460,154550,59225,95325,32543,10012,112537,99783,27282,89270,9332,2227,119111,7556,98821,12734,111555,59096,48933,7785,4047,62469,130834,82918,3276
24,GUJARAT,488,Bharuch,Urban,118070,115028,2193,26,552,83650,18267,11166,890,1107,105533,2637,9900,98707,72200,26507,1626,14679,92126,83299,22736,89265,20199,8030,96031,4690,78054,13287,91341,37412,55193,13794,16208,10146,93424,23899,747
24,GUJARAT,489,The Dangs,Total,48448,29794,17904,86,529,2029,45816,174,27,193,13736,1147,33565,8485,4068,4417,21842,1894,5457,22323,8955,9262,1393,137,11148,784,9243,1121,10364,6914,5662,991,271,25778,30808,17145,495
24,GUJARAT,489,The Dangs,Rural,43842,25723,17456,84,476,356,43199,41,7,169,11074,785,31983,6473,2377,4096,20275,1563,4334,19359,8247,6602,1070,60,8638,590,7219,829,8048,5980,4234,654,83,24664,27469,15910,463
24,GUJARAT,489,The Dangs,Urban,4606,4071,448,2,53,1673,2617,133,20,24,2662,362,1582,2012,1691,321,1567,331,1123,2964,708,2660,323,77,2510,194,2024,292,2316,934,1428,337,188,1114,3339,1235,32
24,GUJARAT,490,Navsari,Total,294176,267679,24189,68,1608,114620,159769,10103,694,2061,168150,8459,117567,148017,66432,81585,64406,50626,157653,171171,57934,153431,24397,6726,191691,10792,155168,25731,180899,136665,115177,18669,16602,48444,202289,88306,3581
24,GUJARAT,490,Navsari,Rural,203615,179882,21831,60,1326,45891,148026,2185,494,1859,90542,3268,109805,72144,16499,55645,62151,39759,84152,105029,35138,84070,10383,2097,118454,6804,98509,13141,111650,100507,73281,9661,5853,41402,130661,70182,2772
24,GUJARAT,490,Navsari,Urban,90561,87797,2358,8,282,68729,11743,7918,200,202,77608,5191,7762,75873,49933,25940,2255,10867,73501,66142,22796,69361,14014,4629,73237,3988,56659,12590,69249,36158,41896,9008,10749,7042,71628,18124,809
24,GUJARAT,491,Valsad,Total,361928,329218,29681,330,1899,137209,189458,27541,660,1907,170861,14125,176942,119981,87264,32717,122252,66781,163491,220197,52199,188248,31285,11020,242422,10408,209929,22085,232014,119338,128491,23938,21685,74724,236258,121533,4137
24,GUJARAT,491,Valsad,Rural,215288,186677,26304,265,1434,40162,166591,4372,329,1324,59386,3841,152061,37224,17951,19273,90587,40007,68642,112189,26170,83796,8389,1519,120058,4775,109380,5903,115283,70297,63917,7598,3791,62736,126910,85489,2889
24,GUJARAT,491,Valsad,Urban,146640,142541,3377,65,465,97047,22867,23169,331,583,111475,10284,24881,82757,69313,13444,31665,26774,94849,108008,26029,104452,22896,9501,122364,5633,100549,16182,116731,49041,64574,16340,17894,11988,109348,36044,1248
24,GUJARAT,492,Surat,Total,1299670,1252452,41569,414,3489,815423,198290,223961,6735,11977,1103767,46093,149810,1047402,831748,215654,90110,117310,1009087,687979,395329,788447,149331,55694,995637,39959,855336,100342,955678,397563,530528,106983,112976,164013,1004620,286752,8298
24,GUJARAT,492,Surat,Rural,263433,230212,30174,118,1990,85090,145890,13353,4212,9317,131542,4284,127607,145451,66654,78797,73355,25054,116837,129380,50644,106078,13551,3292,144668,7232,120606,16830,137436,79285,79519,16597,7625,73932,178753,81448,3232
24,GUJARAT,492,Surat,Urban,1036237,1022240,11395,296,1499,730333,52400,210608,2523,2660,972225,41809,22203,901951,765094,136857,16755,92256,892250,558599,344685,682369,135780,52402,850969,32727,734730,83512,818242,318278,451009,90386,105351,90081,825867,205304,5066
24,GUJARAT,493,Tapi,Total,175717,142370,30889,161,1578,27759,133031,912,3990,8177,49441,2382,123894,45663,27626,18037,97491,14494,49776,74951,26848,52359,7567,1601,75676,3581,67669,4426,72095,56290,41058,5534,3704,63645,111255,62707,1755
24,GUJARAT,493,Tapi,Rural,159096,126797,30066,155,1433,15652,129371,597,3725,8121,36566,1841,120689,31224,14083,17141,96321,13794,37626,63939,22989,40740,4846,659,63050,2636,57842,2572,60414,51229,33658,3435,1629,61523,99724,57753,1619
24,GUJARAT,493,Tapi,Urban,16621,15573,823,6,145,12107,3660,315,265,56,12875,541,3205,14439,13543,896,1170,700,12150,11012,3859,11619,2721,942,12626,945,9827,1854,11681,5061,7400,2099,2075,2122,11531,4954,136
25,DAMAN & DIU,494,Diu,Total,10689,10575,106,1,2,6177,2676,930,13,774,6282,2395,2012,10499,10453,46,22,10,9022,8109,2162,8405,1055,368,9001,776,6306,1919,8225,3739,4820,398,825,823,9412,1253,24
25,DAMAN & DIU,494,Diu,Rural,5410,5349,57,1,1,1963,2484,112,10,759,2341,1170,1899,5266,5242,24,4,0,4361,3659,730,3943,266,75,4437,309,3540,588,4128,1631,2049,124,187,535,4706,689,15
25,DAMAN & DIU,494,Diu,Urban,5279,5226,49,0,1,4214,192,818,3,15,3941,1225,113,5233,5211,22,18,10,4661,4450,1432,4462,789,293,4564,467,2766,1331,4097,2108,2771,274,638,288,4706,564,9
25,DAMAN & DIU,495,Daman,Total,49692,49249,356,7,50,25844,3854,17676,82,99,40951,4434,4307,34905,22513,12392,3276,10900,37112,31407,10502,28433,4543,1316,43171,1718,39565,1888,41453,14642,14167,3163,2827,3771,31736,17643,313
25,DAMAN & DIU,495,Daman,Rural,7340,7183,128,3,24,3434,2269,1225,11,40,4209,670,2461,5542,4507,1035,732,926,4897,4976,1270,4816,577,121,6280,289,5750,241,5991,3003,3067,574,337,502,5335,1938,67
25,DAMAN & DIU,495,Daman,Urban,42352,42066,228,4,26,22410,1585,16451,71,59,36742,3764,1846,29363,18006,11357,2544,9974,32215,26431,9232,23617,3966,1195,36891,1429,33815,1647,35462,11639,11100,2589,2490,3269,26401,15705,246
26,DADRA & NAGAR HAVELI,496,Dadra & Nagar Haveli,Total,73063,69558,3208,20,238,29101,29505,13025,155,270,39999,3842,29222,34001,19011,14990,17866,15041,38461,41412,11354,34467,6017,2013,45973,1706,41837,2430,44267,17822,18647,4136,3669,18155,48767,23928,368
26,DADRA & NAGAR HAVELI,496,Dadra & Nagar Haveli,Rural,35408,32452,2697,19,208,4185,25636,5089,120,181,9389,979,25040,15049,5586,9463,10653,4151,11536,13901,3801,9984,1335,239,13924,478,12936,510,13446,7438,5603,722,357,15107,19036,16094,278
26,DADRA & NAGAR HAVELI,496,Dadra & Nagar Haveli,Urban,37655,37106,511,1,30,24916,3869,7936,35,89,30610,2863,4182,18952,13425,5527,7213,10890,26925,27511,7553,24483,4682,1774,32049,1228,28901,1920,30821,10384,13044,3414,3312,3048,29731,7834,90
27,MAHARASHTRA,497,Nandurbar,Total,319623,186202,104256,18490,7596,54335,220610,2637,6910,32960,91574,18978,209071,181543,93419,88124,82346,12702,117970,107763,23172,83144,17047,2579,101758,6958,85451,9349,94800,40529,39350,6135,4587,175252,160726,146668,12229
27,MAHARASHTRA,497,Nandurbar,Rural,270533,142704,99967,18438,6608,22775,206902,1062,6336,31902,60391,9954,200188,141299,65325,75974,80523,6959,84126,80058,19479,50593,11664,1005,66352,4741,56069,5542,61611,27531,22724,3459,1436,166787,127574,132335,10624
27,MAHARASHTRA,497,Nandurbar,Urban,49090,43498,4289,52,988,31560,13708,1575,574,1058,31183,9024,8883,40244,28094,12150,1823,5743,33844,27705,3693,32551,5383,1574,35406,2217,29382,3807,33189,12998,16626,2676,3151,8465,33152,14333,1605
27,MAHARASHTRA,498,Dhule,Total,408700,315332,84208,967,6168,126138,234633,12858,4063,27875,127610,88096,192994,343030,255803,87227,23579,6159,246027,178267,51566,174524,27139,6065,210557,17041,175173,18343,193516,107616,74859,10912,12022,143859,259813,136788,12099
27,MAHARASHTRA,498,Dhule,Rural,298915,211375,79818,930,5173,50892,213770,2354,3796,26391,55870,59121,183924,242550,159968,82582,22811,4307,158669,114517,27134,93373,12450,1564,124218,10311,105709,8198,113907,48132,33787,4525,2006,133098,176772,111836,10307
27,MAHARASHTRA,498,Dhule,Urban,109785,103957,4390,37,995,75246,20863,10504,267,1484,71740,28975,9070,100480,95835,4645,768,1852,87358,63750,24432,81151,14689,4501,86339,6730,69464,10145,79609,59484,41072,6387,10016,10761,83041,24952,1792
27,MAHARASHTRA,499,Jalgaon,Total,891657,720791,146381,1127,15291,350029,446400,13118,4433,68387,316969,157136,417552,790910,614899,176011,27642,14410,573516,449779,92379,431221,56775,14297,459652,50297,350725,58630,409355,229955,170551,19560,26385,293723,538508,314616,38533
27,MAHARASHTRA,499,Jalgaon,Rural,618314,463651,135013,989,12187,145431,392904,5693,3676,64599,139685,102234,376395,538911,382569,156342,22383,7005,363630,286659,47617,230545,25009,3287,256394,32595,198605,25194,223799,107505,76724,7661,4432,258714,343919,240541,33854
27,MAHARASHTRA,499,Jalgaon,Urban,273343,257140,11368,138,3104,204598,53496,7425,757,3788,177284,54902,41157,251999,232330,19669,5259,7405,209886,163120,44762,200676,31766,11010,203258,17702,152120,33436,185556,122450,93827,11899,21953,35009,194589,74075,4679
27,MAHARASHTRA,500,Buldana,Total,553031,423036,119338,1057,6217,103898,374530,3604,2519,64288,195038,14803,343190,299430,183332,116098,88541,21939,247668,339235,43579,225282,24877,4767,293299,16240,257109,19950,277059,121784,84546,10034,8993,185946,273629,245651,33751
27,MAHARASHTRA,500,Buldana,Rural,445247,326847,109206,953,5362,43502,335029,1178,2036,60365,129428,5107,310712,222625,110597,112028,76055,14161,180005,274607,33942,154967,15278,1946,218042,12500,194413,11129,205542,80929,53446,5777,3135,167550,206663,208608,29976
27,MAHARASHTRA,500,Buldana,Urban,107784,96189,10132,104,855,60396,39501,2426,483,3923,65610,9696,32478,76805,72735,4070,12486,7778,67663,64628,9637,70315,9599,2821,75257,3740,62696,8821,71517,40855,31100,4257,5858,18396,66966,37043,3775
27,MAHARASHTRA,501,Akola,Total,391135,314490,69988,494,3780,107463,215178,7743,2481,55199,180311,16673,194151,229535,179019,50516,84851,36379,190594,221129,51950,176674,24232,6163,195210,14360,164233,16617,180850,126856,72460,9037,11896,124492,201957,166123,23055
27,MAHARASHTRA,501,Akola,Rural,247752,183510,59873,336,2583,25499,166620,937,1186,52020,76633,2221,168898,136825,93086,43739,65515,9884,99199,141258,24954,80733,8714,1264,97167,7370,84874,4923,89797,55736,26026,2510,1378,103481,112373,117697,17682
27,MAHARASHTRA,501,Akola,Urban,143383,130980,10115,158,1197,81964,48558,6806,1295,3179,103678,14452,25253,92710,85933,6777,19336,26495,91395,79871,26996,95941,15518,4899,98043,6990,79359,11694,91053,71120,46434,6527,10518,21011,89584,48426,5373
27,MAHARASHTRA,502,Washim,Total,257892,196022,56395,505,3239,36840,197069,1911,2110,18272,87120,4356,166416,106117,62121,43996,36134,15457,92664,159963,21548,97022,10757,1875,125662,7506,111191,6965,118156,66675,37729,3623,2868,90270,127285,115074,15533
27,MAHARASHTRA,502,Washim,Rural,217490,160443,52548,465,2643,17298,178982,760,1724,17434,59916,2186,155388,81641,39014,42627,28198,11252,69360,138285,18153,72890,7845,980,99370,5882,88716,4772,93488,48536,26224,2345,1145,82531,102377,100639,14474
27,MAHARASHTRA,502,Washim,Urban,40402,35579,3847,40,596,19542,18087,1151,386,838,27204,2170,11028,24476,23107,1369,7936,4205,23304,21678,3395,24132,2912,895,26292,1624,22475,2193,24668,18139,11505,1278,1723,7739,24908,14435,1059
27,MAHARASHTRA,503,Amravati,Total,637446,512492,112481,2506,6362,175917,371157,10952,2406,70603,342031,26642,268773,496146,401730,94416,67468,11118,354238,345924,54714,302188,36185,9438,295756,28565,235775,31416,267191,211384,124261,15285,18992,202915,346898,256139,34409
27,MAHARASHTRA,503,Amravati,Rural,424563,314699,100732,2307,4143,46461,304986,1586,1874,66414,174645,5401,244517,319606,233479,86127,51235,4705,205189,222836,36381,151555,12783,2078,148797,17636,119724,11437,131161,105836,45430,4182,2165,175634,206859,189551,28153
27,MAHARASHTRA,503,Amravati,Urban,212883,197793,11749,199,2219,129456,66171,9366,532,4189,167386,21241,24256,176540,168251,8289,16233,6413,149049,123088,18333,150633,23402,7360,146959,10929,116051,19979,136030,105548,78831,11103,16827,27281,140039,66588,6256
27,MAHARASHTRA,504,Wardha,Total,302680,266155,32705,352,2684,114029,155457,4058,878,24122,171680,9354,121646,192075,139982,52093,39115,15618,172982,206748,38959,170620,16260,4313,166398,14587,135009,16802,151811,129060,70849,6970,8251,67497,165236,114093,23351
27,MAHARASHTRA,504,Wardha,Rural,210284,178443,28788,271,2155,43132,140129,1223,645,23214,99199,1850,109235,130318,83123,47195,30913,8181,104408,141254,26305,99194,7357,1366,98780,9144,82468,7168,89636,77030,33916,2604,1917,59294,98354,91958,19972
27,MAHARASHTRA,504,Wardha,Urban,92396,87712,3917,81,529,70897,15328,2835,233,908,72481,7504,12411,61757,56859,4898,8202,7437,68574,65494,12654,71426,8903,2947,67618,5443,52541,9634,62175,52030,36933,4366,6334,8203,66882,22135,3379
27,MAHARASHTRA,505,Nagpur,Total,995808,917626,66828,873,6830,599780,318235,40045,2666,9442,753520,23377,218911,760675,655957,104718,81216,27620,710516,705043,268402,728714,135750,57964,719955,110280,518071,91604,609675,577214,426007,71592,106415,103447,664253,285458,46097
27,MAHARASHTRA,505,Nagpur,Rural,324568,267600,50929,569,3580,78374,229878,4563,1426,6255,149493,4429,170646,207932,126438,81494,49409,9193,161045,215130,47388,164970,12768,2856,171102,47632,102651,20819,123470,154055,70654,5751,4254,74363,171138,126437,26993
27,MAHARASHTRA,505,Nagpur,Urban,671240,650026,15899,304,3250,521406,88357,35482,1240,3187,604027,18948,48265,552743,529519,23224,31807,18427,549471,489913,221014,563744,122982,55108,548853,62648,415420,70785,486205,423159,355353,65841,102161,29084,493115,159021,19104
27,MAHARASHTRA,506,Bhandara,Total,275773,227025,44659,315,2805,55948,209533,2717,691,2051,168707,4013,103053,104699,69130,35569,80913,17788,110541,166900,20500,117299,13165,2932,131424,10685,110171,10568,120739,182892,54974,5184,5536,50483,145362,110589,19822
27,MAHARASHTRA,506,Bhandara,Rural,223299,177263,42394,273,2466,20456,195148,1046,626,1811,124493,1253,97553,70412,36545,33867,77965,12220,72629,129164,15467,78512,8029,1110,93408,7148,81031,5229,86260,150913,33628,2446,1700,45074,107800,97466,18033
27,MAHARASHTRA,506,Bhandara,Urban,52474,49762,2265,42,339,35492,14385,1671,65,240,44214,2760,5500,34287,32585,1702,2948,5568,37912,37736,5033,38787,5136,1822,38016,3537,29140,5339,34479,31979,21346,2738,3836,5409,37562,13123,1789
27,MAHARASHTRA,507,Gondiya,Total,289431,239981,45271,277,2671,38044,239599,2692,735,2636,151792,3012,134627,50702,34264,16438,112029,17597,94573,202905,31287,104997,13595,2866,123673,9117,105702,8854,114556,200918,49085,5074,5357,50109,164793,110400,14238
27,MAHARASHTRA,507,Gondiya,Rural,241802,196252,42112,233,2172,11571,221265,879,649,2278,114972,1641,125189,30546,17857,12689,102974,11648,66400,170714,25996,71143,8224,1149,90691,6607,79409,4675,84084,171113,30753,2619,1521,45226,131633,97520,12649
27,MAHARASHTRA,507,Gondiya,Urban,47629,43729,3159,44,499,26473,18334,1813,86,358,36820,1371,9438,20156,16407,3749,9055,5949,28173,32191,5291,33854,5371,1717,32982,2510,26293,4179,30472,29805,18332,2455,3836,4883,33160,12880,1589
27,MAHARASHTRA,508,Gadchiroli,Total,245745,145459,89992,3545,5369,31014,206155,2057,961,2472,66240,2843,176662,47920,34276,13644,97437,8725,66231,186138,20026,63613,11064,1663,73787,5277,63385,5125,68510,130592,29827,3098,2643,74221,125214,100524,20007
27,MAHARASHTRA,508,Gadchiroli,Rural,218935,121155,87864,3511,5091,15990,195882,1274,903,2207,48581,2547,167807,29756,17230,12526,94476,7600,46818,167377,18115,45628,8850,1013,55360,4127,47823,3410,51233,116925,19656,1944,1124,70442,106708,93289,18938
27,MAHARASHTRA,508,Gadchiroli,Urban,26810,24304,2128,34,278,15024,10273,783,58,265,17659,296,8855,18164,17046,1118,2961,1125,19413,18761,1911,17985,2214,650,18427,1150,15562,1715,17277,13667,10171,1154,1519,3779,18506,7235,1069
27,MAHARASHTRA,509,Chandrapur,Total,529612,418666,102687,572,6129,172661,316139,6430,2853,12464,229471,12269,287872,215128,163308,51820,145654,53175,217282,358825,39608,229635,31419,8239,250418,17042,212167,21209,233376,248585,113039,12746,16949,145991,293762,190152,45698
27,MAHARASHTRA,509,Chandrapur,Rural,352643,254066,92448,457,4534,46876,282140,2364,2404,11261,102534,3588,246521,98766,59396,39370,126900,25380,92836,230429,22236,97084,11442,1522,118801,7670,104073,7058,111131,153764,39836,3152,2213,128419,167459,145564,39620
27,MAHARASHTRA,509,Chandrapur,Urban,176969,164600,10239,115,1595,125785,33999,4066,449,1203,126937,8681,41351,116362,103912,12450,18754,27795,124446,128396,17372,132551,19977,6717,131617,9372,108094,14151,122245,94821,73203,9594,14736,17572,126303,44588,6078
27,MAHARASHTRA,510,Yavatmal,Total,640385,446516,178739,1230,8610,134500,452878,5494,1611,39099,198454,18395,423536,281437,169566,111871,125704,35746,228633,373082,59201,245261,29917,6094,279184,16735,242458,19991,262449,168661,99346,12132,11514,247979,315860,277905,46620
27,MAHARASHTRA,510,Yavatmal,Rural,513041,330291,169575,1103,7470,54078,413970,1811,1456,37476,111592,4461,396988,190886,83278,107608,113958,23964,143478,292330,43116,156724,17323,1889,189978,10643,170667,8668,179335,107705,51863,5450,2517,229673,230767,240642,41632
27,MAHARASHTRA,510,Yavatmal,Urban,127344,116225,9164,127,1140,80422,38908,3683,155,1623,86862,13934,26548,90551,86288,4263,11746,11782,85155,80752,16085,88537,12594,4205,89206,6092,71791,11323,83114,60956,47483,6682,8997,18306,85093,37263,4988
27,MAHARASHTRA,511,Nanded,Total,656303,488748,147320,1235,11733,116284,454593,6642,4442,69643,217163,8530,430610,308749,177648,131101,106733,116462,249852,310057,88374,216364,43055,7548,384823,18983,344527,21313,365840,109371,83106,12341,12589,213919,303170,308444,44689
27,MAHARASHTRA,511,Nanded,Rural,487624,332383,138190,1060,9617,26956,388011,869,3789,65304,93762,3975,389887,193297,75362,117935,93169,84197,137621,217195,60042,110059,23362,2073,253420,10746,233261,9413,242674,58932,38332,5123,2121,190438,200277,249450,37897
27,MAHARASHTRA,511,Nanded,Urban,168679,156365,9130,175,2116,89328,66582,5773,653,4339,123401,4555,40723,115452,102286,13166,13564,32265,112231,92862,28332,106305,19693,5475,131403,8237,111266,11900,123166,50439,44774,7218,10468,23481,102893,58994,6792
27,MAHARASHTRA,512,Hingoli,Total,227041,159114,61767,339,3602,27700,170310,2245,2179,23363,73460,2690,150891,81482,40789,40693,59913,33349,83549,150296,29798,73640,9676,1221,134812,5768,124247,4797,129044,48246,29815,3833,2130,68940,110791,103466,12784
27,MAHARASHTRA,512,Hingoli,Rural,195143,129622,59861,296,3275,12580,156150,993,1876,22657,52497,1790,140856,63970,24031,39939,55206,25862,63179,132159,26611,53829,6862,541,110987,4062,103830,3095,106925,36917,21429,2863,868,64040,92251,91108,11784
27,MAHARASHTRA,512,Hingoli,Urban,31898,29492,1906,43,327,15120,14160,1252,303,706,20963,900,10035,17512,16758,754,4707,7487,20370,18137,3187,19811,2814,680,23825,1706,20417,1702,22119,11329,8386,970,1262,4900,18540,12358,1000
27,MAHARASHTRA,513,Parbhani,Total,360186,272486,74451,700,7143,59272,218068,4019,4534,71646,103819,4019,252348,148444,95167,53277,113269,38790,157423,217964,49166,135933,21196,3982,224888,11554,199804,13530,213334,82350,50197,6973,6057,98573,175892,158352,25942
27,MAHARASHTRA,513,Parbhani,Rural,256063,178020,67735,482,5186,11426,169909,929,4028,68464,34136,1832,220095,87404,39934,47470,89896,24581,84834,160482,34186,69720,11088,946,146482,6144,135269,5069,140338,37926,22909,3357,866,84781,113685,121040,21338
27,MAHARASHTRA,513,Parbhani,Urban,104123,94466,6716,218,1957,47846,48159,3090,506,3182,69683,2187,32253,61040,55233,5807,23373,14209,72589,57482,14980,66213,10108,3036,78406,5410,64535,8461,72996,44424,27288,3616,5191,13792,62207,37312,4604
27,MAHARASHTRA,514,Jalna,Total,388116,288895,88866,762,5261,60219,241903,6876,3912,71179,141841,6770,239505,160526,98198,62328,73220,35098,149695,258364,43810,158182,17236,3791,255420,28619,194534,32267,226801,84022,75655,8400,6111,97512,208013,156095,24008
27,MAHARASHTRA,514,Jalna,Rural,318563,223954,85705,609,4519,18746,221026,2292,3405,69967,93044,5135,220384,127324,67752,59572,63174,15342,104775,217707,36543,107847,9812,1343,200181,24483,150591,25107,175698,56371,51424,5074,1362,90526,165997,130708,21858
27,MAHARASHTRA,514,Jalna,Urban,69553,64941,3161,153,742,41473,20877,4584,507,1212,48797,1635,19121,33202,30446,2756,10046,19756,44920,40657,7267,50335,7424,2448,55239,4136,43943,7160,51103,27651,24231,3326,4749,6986,42016,25387,2150
27,MAHARASHTRA,515,Aurangabad,Total,736587,589477,129955,1000,10111,246324,349275,72268,5312,55196,360410,12532,363645,459847,372234,87613,58781,47614,422166,470406,94872,403594,69937,23258,526483,34570,454647,37266,491913,192027,230188,33322,43514,138760,460693,237872,38022
27,MAHARASHTRA,515,Aurangabad,Rural,419120,281642,122901,751,8660,41805,306372,11241,4346,51967,82852,5840,330428,200057,121824,78233,47223,18439,167014,261218,40658,162484,15804,2243,257037,12293,235977,8767,244744,96948,92566,7685,3227,115373,219345,166206,33569
27,MAHARASHTRA,515,Aurangabad,Urban,317467,307835,7054,249,1451,204519,42903,61027,966,3229,277558,6692,33217,259790,250410,9380,11558,29175,255152,209188,54214,241110,54133,21015,269446,22277,218670,28499,247169,95079,137622,25637,40287,23387,241348,71666,4453
27,MAHARASHTRA,516,Nashik,Total,1180293,904710,257841,3430,8690,536781,498665,86369,20628,21364,551864,175065,453364,745698,619137,126561,66568,38456,689923,734854,185442,630639,138887,45039,798663,56688,668207,73768,741975,400486,396040,79590,89201,247250,775657,354600,50036
27,MAHARASHTRA,516,Nashik,Rural,661977,411152,237837,2837,6673,166613,439222,12764,18405,17442,193783,58373,409821,269317,154804,114513,57929,21276,278601,389891,66554,247168,31827,6151,374570,23486,334239,16845,351084,174873,175136,25618,9685,205339,396288,228460,37229
27,MAHARASHTRA,516,Nashik,Urban,518316,493558,20004,593,2017,370168,59443,73605,2223,3922,358081,116692,43543,476381,464333,12048,8639,17180,411322,344963,118888,383471,107060,38888,424093,33202,333968,56923,390891,225613,220904,53972,79516,41911,379369,126140,12807
27,MAHARASHTRA,517,Thane,Total,2430616,2231800,181058,3490,9574,1610460,411259,357499,5740,11517,1627847,456013,346756,1964564,1857166,107398,125108,90875,1748215,1806376,566768,1741244,551643,256170,2011713,196291,1484589,330833,1815422,403936,499186,172210,255987,276036,1771721,607021,51874
27,MAHARASHTRA,517,Thane,Rural,526397,369450,145889,1843,6934,148968,330465,34139,2742,4749,208969,48701,268727,183976,145106,38870,93249,50975,191160,294692,59990,199479,37117,9652,285335,47819,193900,43616,237516,85195,79685,15421,12698,185681,302338,193709,30350
27,MAHARASHTRA,517,Thane,Urban,1904219,1862350,35169,1647,2640,1461492,80794,323360,2998,6768,1418878,407312,78029,1780588,1712060,68528,31859,39900,1557055,1511684,506778,1541765,514526,246518,1726378,148472,1290689,287217,1577906,318741,419501,156789,243289,90355,1469383,413312,21524
27,MAHARASHTRA,518,Mumbai Suburban,Total,2027743,1964657,56251,1839,3159,1586946,43518,357625,2224,7517,1108623,870222,48898,1956872,1904960,51912,8602,5506,1565035,1745173,739957,1725154,652946,404757,1918659,178939,1290029,449691,1739720,233596,310929,259702,322194,45370,1450475,549098,28170
27,MAHARASHTRA,518,Mumbai Suburban,Rural,0,0,0,0,0,0,0,0,0,0,0,0,0,0,0,0,0,0,0,0,0,0,0,0,0,0,0,0,0,0,0,0,0,0,0,0,0
27,MAHARASHTRA,518,Mumbai Suburban,Urban,2027743,1964657,56251,1839,3159,1586946,43518,357625,2224,7517,1108623,870222,48898,1956872,1904960,51912,8602,5506,1565035,1745173,739957,1725154,652946,404757,1918659,178939,1290029,449691,1739720,233596,310929,259702,322194,45370,1450475,549098,28170
27,MAHARASHTRA,519,Mumbai,Total,637738,625927,9733,922,652,494883,11426,111123,829,2440,427208,201190,9340,623468,610427,13041,7432,275,541324,559957,221503,543699,204234,121344,602209,61038,390211,150960,541171,56086,105842,80168,100244,14289,460753,167160,9825
27,MAHARASHTRA,519,Mumbai,Rural,0,0,0,0,0,0,0,0,0,0,0,0,0,0,0,0,0,0,0,0,0,0,0,0,0,0,0,0,0,0,0,0,0,0,0,0,0
27,MAHARASHTRA,519,Mumbai,Urban,637738,625927,9733,922,652,494883,11426,111123,829,2440,427208,201190,9340,623468,610427,13041,7432,275,541324,559957,221503,543699,204234,121344,602209,61038,390211,150960,541171,56086,105842,80168,100244,14289,460753,167160,9825
27,MAHARASHTRA,520,Raigarh,Total,596514,547206,43173,1549,3425,328277,214667,37606,1848,4410,369857,118214,108443,440717,358693,82024,28293,36724,338725,391603,86139,374021,96301,38570,453122,85087,280834,87201,368035,136247,158119,43536,53397,100675,435410,145380,15724
27,MAHARASHTRA,520,Raigarh,Rural,376520,333096,38092,1369,2992,146184,200138,19736,1345,3398,191750,85936,98834,234140,164125,70015,26557,30548,153452,209015,42080,190901,28685,6872,250291,63369,136728,50194,186922,74106,74901,13655,10596,91680,256581,106543,13396
27,MAHARASHTRA,520,Raigarh,Urban,219994,214110,5081,180,433,182093,14529,17870,503,1012,178107,32278,9609,206577,194568,12009,1736,6176,185273,182588,44059,183120,67616,31698,202831,21718,144106,37007,181113,62141,83218,29881,42801,8995,178829,38837,2328
27,MAHARASHTRA,521,Pune,Total,2076607,1925019,134784,1857,10353,1410448,410527,185204,12145,14540,1531966,260192,284449,1674141,1537819,136322,76729,102403,1575922,1678829,675621,1555272,490260,235018,1792197,130854,1451086,210257,1661343,735590,1013058,273326,382527,147194,1566282,456655,53670
27,MAHARASHTRA,521,Pune,Rural,744114,619760,112020,1277,8011,310231,361798,37322,10320,10732,459543,38431,246140,382134,268586,113548,74311,84507,399145,561412,126951,431066,58771,15134,567513,29682,515369,22462,537831,295431,288049,44333,31675,104082,529300,178113,36701
27,MAHARASHTRA,521,Pune,Urban,1332493,1305259,22764,580,2342,1100217,48729,147882,1825,3808,1072423,221761,38309,1292007,1269233,22774,2418,17896,1176777,1117417,548670,1124206,431489,219884,1224684,101172,935717,187795,1123512,440159,725009,228993,350852,43112,1036982,278542,16969
27,MAHARASHTRA,522,Ahmadnagar,Total,901748,677592,206874,1745,11467,300116,521972,35313,7848,20176,415902,46813,439033,454298,363834,90464,65407,76924,483467,634892,138055,474009,68902,18370,639160,41944,540314,56902,597216,443393,320361,41423,37444,141968,581901,262242,57605
27,MAHARASHTRA,522,Ahmadnagar,Rural,717718,502955,199058,1542,10442,167416,494753,17419,7061,18572,280537,21861,415320,294667,209734,84933,60251,68719,332474,502678,92063,327387,38707,7588,485575,30100,420562,34913,455475,346490,233839,24838,14768,129971,445020,219727,52971
27,MAHARASHTRA,522,Ahmadnagar,Urban,184030,174637,7816,203,1025,132700,27219,17894,787,1604,135365,24952,23713,159631,154100,5531,5156,8205,150993,132214,45992,146622,30195,10782,153585,11844,119752,21989,141741,96903,86522,16585,22676,11997,136881,42515,4634
27,MAHARASHTRA,523,Bid,Total,545073,402052,128468,958,7843,82098,345265,10184,9644,92248,136943,8899,399231,230929,163187,67742,122676,65540,209824,357071,54715,205352,29198,5614,346380,17352,306141,22887,329028,119991,91909,12836,8484,145475,293019,213456,38598
27,MAHARASHTRA,523,Bid,Rural,446114,310222,123449,832,6618,29298,308295,4937,9083,90311,68597,5155,372362,153707,89833,63874,119115,52190,137661,295153,41099,139651,18831,2389,269879,12170,243462,14247,257709,88901,61851,8195,2689,132417,227448,182987,35679
27,MAHARASHTRA,523,Bid,Urban,98959,91830,5019,126,1225,52800,36970,5247,561,1937,68346,3744,26869,77222,73354,3868,3561,13350,72163,61918,13616,65701,10367,3225,76501,5182,62679,8640,71319,31090,30058,4641,5795,13058,65571,30469,2919
27,MAHARASHTRA,524,Latur,Total,474149,381722,83601,562,5343,96018,272183,14187,14325,72121,178478,5089,290582,276749,188118,88631,53931,78205,231657,305414,33408,190739,29758,6217,302745,21703,257877,23165,281042,108626,81052,13150,10060,126562,271433,179284,23432
27,MAHARASHTRA,524,Latur,Rural,359858,273727,78531,431,4534,29095,240088,3136,13783,70303,89416,2657,267785,183076,98443,84633,51670,64524,140973,232021,24400,114575,16357,2074,210445,15091,182532,12822,195354,73193,43297,6680,2084,113405,195021,144347,20490
27,MAHARASHTRA,524,Latur,Urban,114291,107995,5070,131,809,66923,32095,11051,542,1818,89062,2432,22797,93673,89675,3998,2261,13681,90684,73393,9008,76164,13401,4143,92300,6612,75345,10343,85688,35433,37755,6470,7976,13157,76412,34937,2942
27,MAHARASHTRA,525,Osmanabad,Total,348760,240042,98787,490,6686,49180,238468,10395,16468,30311,96586,11900,240274,197371,118867,78504,53108,52455,148545,240852,37076,117741,18183,3209,200323,13991,171426,14906,186332,93061,51577,7974,4182,105594,199335,129751,19674
27,MAHARASHTRA,525,Osmanabad,Rural,294816,191608,94129,426,6180,22841,220269,4195,15757,28670,65408,7899,221509,155027,85685,69342,51399,45098,112799,203093,29017,82963,12686,1589,159387,10989,137952,10446,148398,75342,36016,5444,1415,97791,163924,112720,18172
27,MAHARASHTRA,525,Osmanabad,Urban,53944,48434,4658,64,506,26339,18199,6200,711,1641,31178,4001,18765,42344,33182,9162,1709,7357,35746,37759,8059,34778,5497,1620,40936,3002,33474,4460,37934,17719,15561,2530,2767,7803,35411,17031,1502
27,MAHARASHTRA,526,Solapur,Total,858981,595560,247129,1019,11326,248255,507927,56663,10596,24532,355107,89081,414793,489698,403120,86578,123047,69961,427955,599035,163776,376000,59296,15145,576726,35124,501095,40507,541602,419488,229240,28219,27734,151313,551005,257481,50495
27,MAHARASHTRA,526,Solapur,Rural,583706,339930,230387,854,9228,75661,459911,10171,8843,22019,187414,21934,374358,241924,162190,79734,112246,63121,243117,422756,103023,181480,24451,3820,370195,19091,332238,18866,351104,275099,139009,14660,5507,122557,365663,172736,45307
27,MAHARASHTRA,526,Solapur,Urban,275275,255630,16742,165,2098,172594,48016,46492,1753,2513,167693,67147,40435,247774,240930,6844,10801,6840,184838,176279,60753,194520,34845,11325,206531,16033,168857,21641,190498,144389,90231,13559,22227,28756,185342,84745,5188
27,MAHARASHTRA,527,Satara,Total,639999,562653,70472,698,4748,271186,326337,13375,4800,11887,455235,100196,84568,470030,398114,71916,45968,43779,419171,510818,132762,374085,57423,14093,463058,34682,378300,50076,428376,246949,195582,36046,31351,101639,440199,169086,30714
27,MAHARASHTRA,527,Satara,Rural,518187,447138,65081,640,4051,174761,309785,7457,4566,11254,363338,77047,77802,364572,294649,69923,43584,34800,316074,412711,93414,277324,33555,6358,359701,27631,300593,31477,332070,196505,139579,21936,13529,93380,346904,143896,27387
27,MAHARASHTRA,527,Satara,Urban,121812,115515,5391,58,697,96425,16552,5918,234,633,91897,23149,6766,105458,103465,1993,2384,8979,103097,98107,39348,96761,23868,7735,103357,7051,77707,18599,96306,50444,56003,14110,17822,8259,93295,25190,3327
27,MAHARASHTRA,528,Ratnagiri,Total,393379,367352,23050,663,1752,100860,277160,7741,419,3170,273162,65265,54952,237852,182023,55829,4903,16054,184194,232293,40484,163470,31062,7752,258015,74069,137452,46494,183946,49177,61559,15191,13304,108645,272750,105829,14800
27,MAHARASHTRA,528,Ratnagiri,Rural,333645,309792,21198,611,1612,53487,268643,4988,343,2975,224155,56967,52523,196993,143926,53067,4794,12290,133493,183321,31894,117120,19402,3788,204953,69339,102303,33311,135614,31782,36715,9063,5140,104828,224061,95921,13663
27,MAHARASHTRA,528,Ratnagiri,Urban,59734,57560,1852,52,140,47373,8517,2753,76,195,49007,8298,2429,40859,38097,2762,109,3764,50701,48972,8590,46350,11660,3964,53062,4730,35149,13183,48332,17395,24844,6128,8164,3817,48689,9908,1137
27,MAHARASHTRA,529,Sindhudurg,Total,205119,194228,9563,330,804,42540,149308,6076,235,3107,155696,20478,28945,62947,42000,20947,1636,5910,111982,130330,16413,98475,15721,3517,131855,18320,93385,20150,113535,39669,37159,9264,6101,51974,140239,55760,9120
27,MAHARASHTRA,529,Sindhudurg,Rural,180494,170195,9037,327,758,25267,144767,3807,187,2989,134314,18318,27862,54880,36144,18736,1495,5108,92710,110744,14301,79260,11852,2248,110955,16574,78803,15578,94381,31359,27235,6716,3424,50051,122215,49902,8377
27,MAHARASHTRA,529,Sindhudurg,Urban,24625,24033,526,3,46,17273,4541,2269,48,118,21382,2160,1083,8067,5856,2211,141,802,19272,19586,2112,19215,3869,1269,20900,1746,14582,4572,19154,8310,9924,2548,2677,1923,18024,5858,743
27,MAHARASHTRA,530,Kolhapur,Total,821483,770005,45766,1142,3271,340318,260892,18328,101944,17427,612194,150119,59170,701593,493333,208260,20532,44231,611991,618233,257521,507573,71879,22269,595768,62018,444091,89659,533750,383946,283565,49081,45061,105562,613327,193808,14348
27,MAHARASHTRA,530,Kolhapur,Rural,556628,512764,39266,1005,2622,123108,237472,4932,97426,15733,414284,90873,51471,451970,255963,196007,19491,35560,387208,430480,143801,296524,29385,6901,375893,43003,280618,52272,332890,253548,159963,21108,11986,90450,410440,135114,11074
27,MAHARASHTRA,530,Kolhapur,Urban,264855,257241,6500,137,649,217210,23420,13396,4518,1694,197910,59246,7699,249623,237370,12253,1041,8671,224783,187753,113720,211049,42494,15368,219875,19015,163473,37387,200860,130398,123602,27973,33075,15112,202887,58694,3274
27,MAHARASHTRA,531,Sangli,Total,585227,485126,93539,549,4417,227034,261477,24616,27830,24837,380072,69093,136062,393990,345153,48837,40190,58025,379231,460374,167105,310230,49056,13212,415009,43027,319625,52357,371982,335852,190760,29515,26191,77311,402338,157204,25685
27,MAHARASHTRA,531,Sangli,Rural,432579,339590,87416,479,3807,119987,239083,7364,26818,22632,261623,48436,122520,259960,214328,45632,34925,49857,258271,352277,108159,197659,25624,4809,292989,32826,226401,33762,260163,242257,126697,16198,9500,66701,292015,118616,21948
27,MAHARASHTRA,531,Sangli,Urban,152648,145536,6123,70,610,107047,22394,17252,1012,2205,118449,20657,13542,134030,130825,3205,5265,8168,120960,108097,58946,112571,23432,8403,122020,10201,93224,18595,111819,93595,64063,13317,16691,10610,110323,38588,3737
28,ANDHRA PRADESH,532,Adilabad,Total,651770,566108,74641,2405,5320,194954,429205,5415,1988,11712,191052,14704,446014,270862,179641,91221,187879,79354,229686,345214,25190,306433,45202,5512,403530,15483,374630,13417,388047,150289,96998,8338,9483,169552,404863,211084,35823
28,ANDHRA PRADESH,532,Adilabad,Rural,473949,396371,68458,1639,4582,78126,378942,1506,1631,9654,65289,8645,400015,148245,70881,77364,172571,57311,122166,236200,18380,177434,29393,1978,261321,9721,244433,7167,251600,88052,42821,3650,2434,151865,273936,169239,30774
28,ANDHRA PRADESH,532,Adilabad,Urban,177821,169737,6183,766,738,116828,50263,3909,357,2058,125763,6059,45999,122617,108760,13857,15308,22043,107520,109014,6810,128999,15809,3534,142209,5762,130197,6250,136447,62237,54177,4688,7049,17687,130927,41845,5049
28,ANDHRA PRADESH,533,Nizamabad,Total,590733,545913,37701,1821,2997,186740,371311,16825,2273,8355,245523,6739,338471,450359,288950,161409,35731,78420,242762,348963,46837,308270,35036,5261,428744,23277,385123,20344,405467,212631,102049,10088,9899,99472,388185,179831,22717
28,ANDHRA PRADESH,533,Nizamabad,Rural,462799,421249,35516,1197,2786,106667,336555,6319,2057,7298,136076,5605,321118,357263,210459,146804,32613,53757,170983,276345,32418,219985,21609,2016,322605,18374,289334,14897,304231,162101,63269,5297,3268,88641,295501,147369,19929
28,ANDHRA PRADESH,533,Nizamabad,Urban,127934,124664,2185,624,211,80073,34756,10506,216,1057,109447,1134,17353,93096,78491,14605,3118,24663,71779,72618,14419,88285,13427,3245,106139,4903,95789,5447,101236,50530,38780,4791,6631,10831,92684,32462,2788
28,ANDHRA PRADESH,534,Karimnagar,Total,980739,926768,43970,1891,5208,344667,583083,27006,1253,11051,452865,9416,518458,681510,415688,265822,69990,65437,633350,512015,37212,589283,46584,8831,691495,25539,648422,17534,665956,406211,192965,14175,16190,163689,646998,291248,42493
28,ANDHRA PRADESH,534,Karimnagar,Rural,746956,697765,40220,1617,4692,183744,536710,8034,992,9326,255524,7088,484344,499376,250747,248629,61908,43079,458645,363567,26910,410801,26673,2808,494511,16576,468515,9420,477935,309046,108124,5855,4018,147240,466625,242130,38201
28,ANDHRA PRADESH,534,Karimnagar,Urban,233783,229003,3750,274,516,160923,46373,18972,261,1725,197341,2328,34114,182134,164941,17193,8082,22358,174705,148448,10302,178482,19911,6023,196984,8963,179907,8114,188021,97165,84841,8320,12172,16449,180373,49118,4292
28,ANDHRA PRADESH,535,Medak,Total,666764,604719,53814,2104,3343,163074,467370,17254,2590,10067,293838,9626,363300,494042,292385,201657,56857,92845,278173,357986,69729,349304,47170,8635,482440,28285,430639,23516,454155,232114,119276,14362,15872,111903,435278,207013,24473
28,ANDHRA PRADESH,535,Medak,Rural,511576,453958,50182,1840,3083,62237,429887,4313,2383,8434,162523,8142,340911,365032,185735,179297,54260,73525,176997,270945,46765,233502,25093,2070,349241,19730,314387,15124,329511,177310,69191,6850,3746,101806,312196,176846,22534
28,ANDHRA PRADESH,535,Medak,Urban,155188,150761,3632,264,260,100837,37483,12941,207,1633,131315,1484,22389,129010,106650,22360,2597,19320,101176,87041,22964,115802,22077,6565,133199,8555,116252,8392,124644,54804,50085,7512,12126,10097,123082,30167,1939
28,ANDHRA PRADESH,536,Hyderabad,Total,881512,869721,5802,3678,1159,581509,32523,244310,1247,3591,868186,5399,7927,862054,846470,15584,2620,6139,814362,519597,288188,746818,274653,149034,799174,91702,583744,123728,707472,229561,439890,124106,200317,27013,704661,168653,8198
28,ANDHRA PRADESH,536,Hyderabad,Rural,0,0,0,0,0,0,0,0,0,0,0,0,0,0,0,0,0,0,0,0,0,0,0,0,0,0,0,0,0,0,0,0,0,0,0,0,0
28,ANDHRA PRADESH,536,Hyderabad,Urban,881512,869721,5802,3678,1159,581509,32523,244310,1247,3591,868186,5399,7927,862054,846470,15584,2620,6139,814362,519597,288188,746818,274653,149034,799174,91702,583744,123728,707472,229561,439890,124106,200317,27013,704661,168653,8198
28,ANDHRA PRADESH,537,Rangareddy,Total,1263714,1211352,40526,5484,2876,773246,315437,133630,3082,12141,1028259,11093,224362,1099746,914218,185528,38800,72143,907391,781336,265298,949853,291745,142879,1094233,75653,900605,117975,1018580,271193,498040,125225,199886,91707,1011828,237809,14077
28,ANDHRA PRADESH,537,Rangareddy,Rural,352247,318531,29404,1132,1465,86798,244827,10178,905,5546,153274,6162,192811,269373,135859,133514,30619,36292,144340,200485,36266,190108,22006,3537,256376,11104,237404,7868,245272,64723,71890,8189,5785,62048,254603,89967,7677
28,ANDHRA PRADESH,537,Rangareddy,Urban,911467,892821,11122,4352,1411,686448,70610,123452,2177,6595,874985,4931,31551,830373,778359,52014,8181,35851,763051,580851,229032,759745,269739,139342,837857,64549,663201,110107,773308,206470,426150,117036,194101,29659,757225,147842,6400
28,ANDHRA PRADESH,538,Mahbubnagar,Total,873859,757821,100732,3022,6730,136843,700754,11695,1259,14602,231015,21696,621148,681260,323236,358024,107143,58931,290371,448713,60282,362791,60812,6153,570261,23880,527437,18944,546381,151754,121553,12615,11293,216056,570203,254888,48768
28,ANDHRA PRADESH,538,Mahbubnagar,Rural,750446,638770,97432,2674,6332,61859,663979,4111,1038,13065,134686,18518,597242,572376,244222,328154,105370,50599,211248,377033,47351,270952,46346,2478,466348,17318,437294,11736,449030,117215,78509,7622,3888,206053,472280,231462,46704
28,ANDHRA PRADESH,538,Mahbubnagar,Urban,123413,119051,3300,348,398,74984,36775,7584,221,1537,96329,3178,23906,108884,79014,29870,1773,8332,79123,71680,12931,91839,14466,3675,103913,6562,90143,7208,97351,34539,43044,4993,7405,10003,97923,23426,2064
28,ANDHRA PRADESH,539,Nalgonda,Total,875432,789225,74807,1889,5040,228818,590536,17815,1646,22154,355700,7664,512068,598439,287303,311136,95616,66625,347474,432185,44340,464172,53777,7715,588791,23899,545350,19542,564892,286559,143010,18927,15308,173782,545644,284430,45358
28,ANDHRA PRADESH,539,Nalgonda,Rural,720569,638888,71149,1728,4590,129220,552357,7586,1321,17921,230023,6692,483854,473692,185333,288359,92533,59392,257367,341479,32570,346977,36845,3829,458908,18223,428103,12582,440685,229737,92625,11708,6285,162559,431065,246786,42718
28,ANDHRA PRADESH,539,Nalgonda,Urban,154863,150337,3658,161,450,99598,38179,10229,325,4233,125677,972,28214,124747,101970,22777,3083,7233,90107,90706,11770,117195,16932,3886,129883,5676,117247,6960,124207,56822,50385,7219,9023,11223,114579,37644,2640
28,ANDHRA PRADESH,540,Warangal,Total,888553,828077,50790,1494,4550,237349,606082,21958,2161,12069,388583,8309,491661,597926,302055,295871,103893,70325,461825,428950,71400,462819,59006,12952,568508,34782,508632,25094,533726,311837,139404,15727,22196,190795,517572,308823,62158
28,ANDHRA PRADESH,540,Warangal,Rural,652254,599262,45074,1116,3868,83018,547465,3993,1562,10245,193970,6333,451951,421377,151663,269714,94999,50280,303716,289057,39741,283367,26911,2961,374305,23521,338109,12675,350784,225416,60408,5683,3078,172235,344113,252809,55332
28,ANDHRA PRADESH,540,Warangal,Urban,236299,228815,5716,378,682,154331,58617,17965,599,1824,194613,1976,39710,176549,150392,26157,8894,20045,158109,139893,31659,179452,32095,9991,194203,11261,170523,12419,182942,86421,78996,10044,19118,18560,173459,56014,6826
28,ANDHRA PRADESH,541,Khammam,Total,747586,668519,70022,1773,4047,219710,482183,11156,1693,9814,360531,7377,379678,468045,306372,161673,149331,61127,354579,340102,35761,416734,42171,8628,427722,19525,389453,18744,408197,267852,115078,11887,15140,165900,479870,234183,33533
28,ANDHRA PRADESH,541,Khammam,Rural,578490,505386,65166,1453,3618,109226,438695,2854,1373,7379,216183,6617,355690,333940,184951,148989,140938,45691,250357,243778,24484,292152,23149,2913,297136,13622,273207,10307,283514,208001,64177,5125,4305,148441,352646,196028,29816
28,ANDHRA PRADESH,541,Khammam,Urban,169096,163133,4856,320,429,110484,43488,8302,320,2435,144348,760,23988,134105,121421,12684,8393,15436,104222,96324,11277,124582,19022,5715,130586,5903,116246,8437,124683,59851,50901,6762,10835,17459,127224,38155,3717
28,ANDHRA PRADESH,542,Srikakulam,Total,689323,615432,69572,931,1736,149554,488911,4967,18883,16609,146386,9203,533734,179917,136644,43273,197256,85253,107308,331482,19494,297418,32280,3988,332230,18802,294830,18598,313428,180824,64087,5264,6316,228508,457775,209587,21961
28,ANDHRA PRADESH,542,Srikakulam,Rural,580048,510272,65946,850,1442,80718,457522,1503,17393,15213,74367,7777,497904,121646,83757,37889,185348,67850,63836,266005,16088,217796,24306,1782,258402,15176,231417,11809,243226,135071,40288,2971,2214,213218,373675,186238,20135
28,ANDHRA PRADESH,542,Srikakulam,Urban,109275,105160,3626,81,294,68836,31389,3464,1490,1396,72019,1426,35830,58271,52887,5384,11908,17403,43472,65477,3406,79622,7974,2206,73828,3626,63413,6789,70202,45753,23799,2293,4102,15290,84100,23349,1826
28,ANDHRA PRADESH,543,Vizianagaram,Total,596605,527736,65540,758,1210,140361,430256,4709,1009,9086,131289,8604,456712,259205,205787,53418,186896,59276,95138,322947,28633,278230,24128,4453,265587,13208,236327,16052,252379,168297,61858,5002,7516,198130,407618,171084,17903
28,ANDHRA PRADESH,543,Vizianagaram,Rural,475145,411882,60417,642,1041,61047,398427,1212,783,7972,50645,4762,419738,164496,115132,49364,180456,46568,42268,255917,21512,187823,14172,1126,185213,9500,167950,7763,175713,117684,32971,1918,1705,182030,312737,146766,15642
28,ANDHRA PRADESH,543,Vizianagaram,Urban,121460,115854,5123,116,169,79314,31829,3497,226,1114,80644,3842,36974,94709,90655,4054,6440,12708,52870,67030,7121,90407,9956,3327,80374,3708,68377,8289,76666,50613,28887,3084,5811,16100,94881,24318,2261
28,ANDHRA PRADESH,544,Visakhapatnam,Total,1126166,1010250,106249,4369,2784,495389,558463,29696,1520,15872,577722,43612,504832,634191,543184,91007,174449,145141,384258,584782,181071,666976,124729,45492,657824,39493,561627,56704,618331,297276,241192,46469,71289,258426,836340,265309,24517
28,ANDHRA PRADESH,544,Visakhapatnam,Rural,583474,485509,92084,2078,1861,74371,483979,2765,939,11879,124676,18581,440217,253084,184527,68557,140253,49195,55192,243039,56921,223800,24418,2752,223641,10746,205478,7417,212895,153408,47927,4833,3067,219967,391907,173100,18467
28,ANDHRA PRADESH,544,Visakhapatnam,Urban,542692,524741,14165,2291,923,421018,74484,26931,581,3993,453046,25031,64615,381107,358657,22450,34196,95946,329066,341743,124150,443176,100311,42740,434183,28747,356149,49287,405436,143868,193265,41636,68222,38459,444433,92209,6050
28,ANDHRA PRADESH,545,East Godavari,Total,1407410,1297273,102146,2776,3295,479914,809378,26170,32027,24425,800168,96640,510602,908806,750871,157935,302370,40397,613789,551705,113126,821421,93784,22411,732492,65415,614288,52789,667077,779052,232073,25381,34494,243851,965312,395125,46973
28,ANDHRA PRADESH,545,East Godavari,Rural,1063044,962059,94372,2161,2861,254012,737755,7818,29287,19881,499628,81932,481484,619238,479762,139476,275272,22000,395310,372308,69915,562029,49059,6897,491730,47564,415650,28516,444166,609831,132558,10885,8881,209748,698824,323212,41008
28,ANDHRA PRADESH,545,East Godavari,Urban,344366,335214,7774,615,434,225902,71623,18352,2740,4544,300540,14708,29118,289568,271109,18459,27098,18397,218479,179397,43211,259392,44725,15514,240762,17851,198638,24273,222911,169221,99515,14496,25613,34103,266488,71913,5965
28,ANDHRA PRADESH,546,West Godavari,Total,1075780,1017568,52448,1026,3176,435334,571910,25397,19794,11255,694857,73060,307863,900503,782190,118313,108483,17816,593261,468728,70135,648607,55613,12050,578252,56671,478091,43490,521581,605463,182698,14687,19128,176794,724787,304650,46343
28,ANDHRA PRADESH,546,West Godavari,Rural,870607,817534,48102,812,2745,295323,527746,10249,18649,9734,512818,64563,293226,719115,608198,110917,95285,11950,447352,365928,51043,498552,33618,4648,439075,45743,365603,27729,393332,496800,127093,7986,7247,154005,567307,261410,41890
28,ANDHRA PRADESH,546,West Godavari,Urban,205173,200034,4346,214,431,140011,44164,15148,1145,1521,182039,8497,14637,181388,173992,7396,13198,5866,145909,102800,19092,150055,21995,7402,139177,10928,112488,15761,128249,108663,55605,6701,11881,22789,157480,43240,4453
28,ANDHRA PRADESH,547,Krishna,Total,1227257,1163932,53310,3440,4065,632890,502861,43746,13663,12889,863417,12361,351479,903992,774668,129324,161701,43371,611878,648787,112568,794346,101450,30438,743696,76037,598166,69493,667659,525079,212111,27969,43264,200104,858579,327461,41217
28,ANDHRA PRADESH,547,Krishna,Rural,754361,701904,45622,1956,3061,269636,439997,10431,12479,9483,423638,7483,323240,496244,392519,103725,127479,20658,247512,380777,43539,432701,35587,4441,381918,50700,304511,26707,331218,345068,89077,7314,6598,157947,489099,232227,33035
28,ANDHRA PRADESH,547,Krishna,Urban,472896,462028,7688,1484,1004,363254,62864,33315,1184,3406,439779,4878,28239,407748,382149,25599,34222,22713,364366,268010,69029,361645,65863,25997,361778,25337,293655,42786,336441,180011,123034,20655,36666,42157,369480,95234,8182
28,ANDHRA PRADESH,548,Guntur,Total,1287831,1186028,90231,2960,5424,648568,566524,31411,4615,20954,762845,11699,513287,739450,611480,127970,355296,73453,554667,620301,106907,816849,80434,19383,733133,62229,617321,53583,670904,454586,190079,17424,28457,253430,881444,361419,44968
28,ANDHRA PRADESH,548,Guntur,Rural,877109,791217,77239,1705,4510,355267,482978,7912,3805,17114,408253,8799,460057,420900,310726,110174,291314,60572,286100,407514,59368,505850,36298,4109,443089,43615,377168,22306,399474,292549,90510,5198,5287,207050,568390,271480,37239
28,ANDHRA PRADESH,548,Guntur,Urban,410722,394811,12992,1255,914,293301,83546,23499,810,3840,354592,2900,53230,318550,300754,17796,63982,12881,268567,212787,47539,310999,44136,15274,290044,18614,240153,31277,271430,162037,99569,12226,23170,46380,313054,89939,7729
28,ANDHRA PRADESH,549,Prakasam,Total,857276,763746,84769,1920,4446,290947,533102,8100,2579,12315,321332,9218,526726,481021,286836,194185,166016,78693,197300,497558,40847,468022,43611,6151,494689,25076,451056,18557,469613,226045,105940,9071,10365,205121,583767,241414,32095
28,ANDHRA PRADESH,549,Prakasam,Rural,692542,606603,78484,1551,3871,181401,486599,3553,2418,10951,193809,7361,491372,356700,189146,167554,151717,69881,125756,398953,30717,343077,29770,2369,375042,19123,344125,11794,355919,170078,70280,5282,3891,186186,457301,206455,28786
28,ANDHRA PRADESH,549,Prakasam,Urban,164734,157143,6285,369,575,109546,46503,4547,161,1364,127523,1857,35354,124321,97690,26631,14299,8812,71544,98605,10130,124945,13841,3782,119647,5953,106931,6763,113694,55967,35660,3789,6474,18935,126466,34959,3309
28,ANDHRA PRADESH,550,Sri Potti Sriramulu Nellore,Total,772625,696024,71049,1098,2554,233623,499722,23249,780,6051,306095,6671,459859,529838,339448,190390,111551,56033,338967,417498,41899,486148,39583,10201,443579,29524,380926,33129,414055,162980,108096,11661,15387,172285,551856,192541,28228
28,ANDHRA PRADESH,550,Sri Potti Sriramulu Nellore,Rural,567914,498049,65361,740,2244,104205,445965,6653,599,4561,144760,4437,418717,387773,211928,175845,97859,30772,207047,300093,26826,319151,17026,2311,291504,21154,254387,15963,270350,99840,52508,3799,2951,153962,385027,158509,24378
28,ANDHRA PRADESH,550,Sri Potti Sriramulu Nellore,Urban,204711,197975,5688,358,310,129418,53757,16596,181,1490,161335,2234,41142,142065,127520,14545,13692,25261,131920,117405,15073,166997,22557,7890,152075,8370,126539,17166,143705,63140,55588,7862,12436,18323,166829,34032,3850
28,ANDHRA PRADESH,551,Y.S.R.,Total,703136,671764,27291,1709,1289,209532,454328,21826,756,8323,314726,18340,370070,598146,338411,259735,57186,25759,238688,423213,54033,409629,39923,6667,439641,18578,408374,12689,421063,130524,98736,7558,10415,155265,542151,146275,14710
28,ANDHRA PRADESH,551,Y.S.R.,Rural,475919,449954,23102,1023,1010,84159,376531,4086,445,6161,135062,14038,326819,396362,173552,222810,48680,21299,122175,290378,34879,236062,20647,2216,271735,10922,255117,5696,260813,57880,44189,3131,2413,131606,359635,104109,12175
28,ANDHRA PRADESH,551,Y.S.R.,Urban,227217,221810,4189,686,279,125373,77797,17740,311,2162,179664,4302,43251,201784,164859,36925,8506,4460,116513,132835,19154,173567,19276,4451,167906,7656,153257,6993,160250,72644,54547,4427,8002,23659,182516,42166,2535
28,ANDHRA PRADESH,552,Kurnool,Total,877182,816721,50591,3649,3636,195001,628517,23060,1113,18042,353289,86398,437495,696977,496042,200935,100250,38696,227045,511370,79714,543044,56478,10081,572406,30605,519103,22698,541801,271815,118153,10622,15373,152928,630861,221989,24332
28,ANDHRA PRADESH,552,Kurnool,Rural,630786,578505,44930,2084,3187,73122,532946,3336,750,14384,174207,61305,395274,461861,287685,174176,97632,34243,95827,365329,47881,351412,29554,2502,381090,18285,351233,11572,362805,164211,55656,3748,2840,133872,439493,170334,20959
28,ANDHRA PRADESH,552,Kurnool,Urban,246396,238216,5661,1565,449,121879,95571,19724,363,3658,179082,25093,42221,235116,208357,26759,2618,4453,131218,146041,31833,191632,26924,7579,191316,12320,167870,11126,178996,107604,62497,6874,12533,19056,191368,51655,3373
28,ANDHRA PRADESH,553,Anantapur,Total,961165,897970,55180,2255,2671,223016,691115,25152,929,9918,353948,26166,581051,819675,452281,367394,73316,43685,225275,610085,63528,559461,48299,8606,581087,24039,534408,22640,557048,206433,144214,9915,14470,216929,730648,206618,23899
28,ANDHRA PRADESH,553,Anantapur,Rural,698439,642064,49934,1591,2333,78811,598605,5305,726,7777,153780,19319,525340,581959,260195,321764,68578,37397,111643,465135,43730,352152,25627,2395,384672,14382,359296,10994,370290,112333,72315,4405,2938,192213,526060,151816,20563
28,ANDHRA PRADESH,553,Anantapur,Urban,262726,255906,5246,664,338,144205,92510,19847,203,2141,200168,6847,55711,237716,192086,45630,4738,6288,113632,144950,19798,207309,22672,6211,196415,9657,175112,11646,186758,94100,71899,5510,11532,24716,204588,54802,3336
28,ANDHRA PRADESH,554,Chittoor,Total,1022116,944555,69695,2553,2352,324406,636971,34890,1107,10391,382377,11375,628364,835606,423929,411677,42880,92651,342011,659766,93489,611465,67087,13763,632803,35378,561188,36237,597425,225856,186568,16296,24934,212648,785176,206091,30849
28,ANDHRA PRADESH,554,Chittoor,Rural,727635,656721,64450,1802,2032,125159,575628,6897,774,8204,142429,8887,576319,612444,265019,347425,39887,62418,191069,473238,58965,374126,32393,2913,402207,22979,362829,16399,379228,134805,96144,5627,4734,189753,537635,162736,27264
28,ANDHRA PRADESH,554,Chittoor,Urban,294481,287834,5245,751,320,199247,61343,27993,333,2187,239948,2488,52045,223162,158910,64252,2993,30233,150942,186528,34524,237339,34694,10850,230596,12399,198359,19838,218197,91051,90424,10669,20200,22895,247541,43355,3585
29,KARNATAKA,555,Belgaum,Total,963825,808827,144369,1852,6619,240742,611049,17238,14489,58676,316225,74989,572611,520520,353192,167328,75729,186601,340306,681000,152541,468274,73497,17560,641485,48042,543121,50322,593443,519937,228887,35104,31642,141923,587866,338059,37900
29,KARNATAKA,555,Belgaum,Rural,708069,565135,134036,1563,5551,75090,543951,2863,13890,55265,131009,42997,534063,318799,169071,149728,70380,167072,171238,509443,108929,281404,34115,4197,441628,32057,386333,23238,409571,399884,136153,16339,6578,120194,402388,272717,32964
29,KARNATAKA,555,Belgaum,Urban,255756,243692,10333,289,1068,165652,67098,14375,599,3411,185216,31992,38548,201721,184121,17600,5349,19529,169068,171557,43612,186870,39382,13363,199857,15985,156788,27084,183872,120053,92734,18765,25064,21729,185478,65342,4936
29,KARNATAKA,556,Bagalkot,Total,355377,301389,49877,627,2222,49345,291673,3720,308,7381,66813,35618,252946,225386,124175,101211,26341,73403,102487,224914,37022,161280,26297,3745,234284,14552,205045,14687,219732,153879,69279,9726,7247,66116,197844,140832,16701
29,KARNATAKA,556,Bagalkot,Rural,238746,195847,40039,442,1577,9690,221199,525,137,5855,17187,16411,205148,140905,54025,86880,19088,54499,49335,157726,23573,87993,14199,849,151537,9161,134412,7964,142376,107551,40125,4829,1752,49130,123850,102480,12416
29,KARNATAKA,556,Bagalkot,Urban,116631,105542,9838,185,645,39655,70474,3195,171,1526,49626,19207,47798,84481,70150,14331,7253,18904,53152,67188,13449,73287,12098,2896,82747,5391,70633,6723,77356,46328,29154,4897,5495,16986,73994,38352,4285
29,KARNATAKA,557,Bijapur,Total,405076,326594,73723,1001,2622,58890,324271,6876,768,10464,73300,34408,297368,195318,128175,67143,92148,50631,104504,261200,55653,164015,36571,4987,284523,21320,247885,15318,263203,161995,67663,11722,9673,69994,225944,155314,23818
29,KARNATAKA,557,Bijapur,Rural,307984,237181,67049,886,1897,12889,283882,583,575,8312,15516,25000,267468,117573,57390,60183,87762,43122,45681,202410,41322,95649,21896,1155,208967,13111,186845,9011,195856,124206,38587,6768,2199,60191,158582,128412,20990
29,KARNATAKA,557,Bijapur,Urban,97092,89413,6674,115,725,46001,40389,6293,193,2152,57784,9408,29900,77745,70785,6960,4386,7509,58823,58790,14331,68366,14675,3832,75556,8209,61040,6307,67347,37789,29076,4954,7474,9803,67362,26902,2828
29,KARNATAKA,558,Bidar,Total,313521,271439,37907,539,2575,34924,224223,6037,2103,42966,72805,9605,231111,158928,79881,79047,40221,53317,92061,152132,21485,116314,36072,3971,187983,28962,141567,17454,159021,102869,44813,9724,6751,77501,141876,157540,14105
29,KARNATAKA,558,Bidar,Rural,237380,201272,32741,418,2208,6430,187716,712,1794,39079,20983,7033,209364,116496,48576,67920,37849,46241,47698,112577,15285,69524,24212,1646,131352,22098,98294,10960,109254,71968,22432,5903,2085,68047,90838,134705,11837
29,KARNATAKA,558,Bidar,Urban,76141,70167,5166,121,367,28494,36507,5325,309,3887,51822,2572,21747,42432,31305,11127,2372,7076,44363,39555,6200,46790,11860,2325,56631,6864,43273,6494,49767,30901,22381,3821,4666,9454,51038,22835,2268
29,KARNATAKA,559,Raichur,Total,359337,314547,40009,1101,2706,51443,285093,4772,684,10041,74326,30573,254438,219549,138154,81395,34236,42399,86575,181738,43144,162411,33903,5200,242634,18739,211894,12001,223895,120959,70603,11104,8915,72312,193763,143473,22101
29,KARNATAKA,559,Raichur,Rural,264274,227259,33197,942,2089,16806,235141,1186,488,7883,26397,17951,219926,133529,64354,69175,31792,39120,41245,128290,28637,95880,20070,1851,168517,11979,149726,6812,156538,81724,39092,6554,2326,62641,131504,114104,18666
29,KARNATAKA,559,Raichur,Urban,95063,87288,6812,159,617,34637,49952,3586,196,2158,47929,12622,34512,86020,73800,12220,2444,3279,45330,53448,14507,66531,13833,3349,74117,6760,62168,5189,67357,39235,31511,4550,6589,9671,62259,29369,3435
29,KARNATAKA,560,Koppal,Total,259396,223166,33221,388,1877,31673,218282,3243,410,3720,47931,35878,175587,186903,91504,95399,17406,39908,58883,158016,27892,113995,15263,2135,166636,8929,148202,9505,157707,97577,45100,6211,4246,54309,150331,96367,12698
29,KARNATAKA,560,Koppal,Rural,213217,181159,29480,334,1580,15560,191289,1455,378,3241,25565,25448,162204,146586,59075,87511,15970,36212,41056,129373,21730,82474,10889,1093,131390,7277,117288,6825,124113,77565,31061,4274,1836,49192,118184,84023,11010
29,KARNATAKA,560,Koppal,Urban,46179,42007,3741,54,297,16113,26993,1788,32,479,22366,10430,13383,40317,32429,7888,1436,3696,17827,28643,6162,31521,4374,1042,35246,1652,30914,2680,33594,20012,14039,1937,2410,5117,32147,12344,1688
29,KARNATAKA,561,Gadag,Total,215602,198064,16236,370,551,31959,169077,2408,142,9588,45668,21389,148545,156686,92432,64254,11253,18113,63805,156994,29345,104708,15625,3373,128416,10794,108418,9204,117622,73191,30957,5205,4457,47903,120487,85394,9721
29,KARNATAKA,561,Gadag,Rural,137799,126805,10061,244,414,6136,123221,251,60,7451,12732,7801,117266,86810,41424,45386,9470,15070,29447,109479,16146,54138,6974,1143,76091,6623,64176,5292,69468,41705,12791,2405,673,36403,73081,57635,7083
29,KARNATAKA,561,Gadag,Urban,77803,71259,6175,126,137,25823,45856,2157,82,2137,32936,13588,31279,69876,51008,18868,1783,3043,34358,47515,13199,50570,8651,2230,52325,4171,44242,3912,48154,31486,18166,2800,3784,11500,47406,27759,2638
29,KARNATAKA,562,Dharwad,Total,372054,347962,22217,414,850,140584,186669,17132,598,22282,212091,13024,146939,300159,221760,78399,6768,33936,213137,267629,77142,233604,49585,15013,266330,24241,211479,30610,242089,111313,91208,21127,27168,51706,235797,125855,10402
29,KARNATAKA,562,Dharwad,Rural,157960,143454,13549,215,407,8518,128718,547,125,18987,36449,2408,119103,107452,41653,65799,4657,20701,46473,125642,23205,69276,7623,602,97624,7368,83076,7180,90256,50322,17282,3553,961,33643,87949,63862,6149
29,KARNATAKA,562,Dharwad,Urban,214094,204508,8668,199,443,132066,57951,16585,473,3295,175642,10616,27836,192707,180107,12600,2111,13235,166664,141987,53937,164328,41962,14411,168706,16873,128403,23430,151833,60991,73926,17574,26207,18063,147848,61993,4253
29,KARNATAKA,563,Uttara Kannada,Total,319912,290791,26754,1251,604,88187,212051,3612,297,2326,189843,7346,122723,87791,55411,32380,9589,13926,186452,251186,53228,168026,21501,6129,218382,34749,147851,35782,183633,122891,73848,13152,10099,51863,158636,143890,17386
29,KARNATAKA,563,Uttara Kannada,Rural,226803,201620,23147,1142,475,33518,178275,959,192,1792,114752,2561,109490,48660,21629,27031,7797,10650,117926,176321,38371,98778,10688,2534,143143,28399,93424,21320,114744,82509,42254,7209,3849,44931,103212,109168,14423
29,KARNATAKA,563,Uttara Kannada,Urban,93109,89171,3607,109,129,54669,33776,2653,105,534,75091,4785,13233,39131,33782,5349,1792,3276,68526,74865,14857,69248,10813,3595,75239,6350,54427,14462,68889,40382,31594,5943,6250,6932,55424,34722,2963
29,KARNATAKA,564,Haveri,Total,325456,295937,27487,392,1190,41517,228090,1783,244,50428,121420,8814,195222,244655,102302,142353,8710,61867,91633,210416,35550,155076,17819,2456,194815,12071,173044,9700,182744,117943,47577,5681,4509,70061,175470,135306,14680
29,KARNATAKA,564,Haveri,Rural,254181,229348,23186,292,1009,12422,191142,328,226,47519,71774,4430,177977,185089,57788,127301,6885,55840,53117,169852,27082,108227,10804,732,144321,8978,129580,5763,135343,90670,29862,2885,1232,60329,127519,114020,12642
29,KARNATAKA,564,Haveri,Urban,71275,66589,4301,100,181,29095,36948,1455,18,2909,49646,4384,17245,59566,44514,15052,1825,6027,38516,40564,8468,46849,7015,1724,50494,3093,43464,3937,47401,27273,17715,2796,3277,9732,47951,21286,2038
29,KARNATAKA,565,Bellary,Total,481704,440374,37092,602,2297,114040,331082,19552,470,10511,156110,53650,271944,388435,228709,159726,17060,53592,164676,239994,40985,291101,40190,9626,327050,20960,288487,17603,306090,164714,111250,14163,17678,80060,288974,171176,21554
29,KARNATAKA,565,Bellary,Rural,291383,259439,28851,447,1594,25033,252771,2432,224,8474,35296,29564,226523,208623,70291,138332,15272,48145,54295,142212,23659,144772,13541,1380,179033,9494,162645,6894,169539,93392,44767,4512,2119,63554,159207,116407,15769
29,KARNATAKA,565,Bellary,Urban,190321,180935,8241,155,703,89007,78311,17120,246,2037,120814,24086,45421,179812,158418,21394,1788,5447,110381,97782,17326,146329,26649,8246,148017,11466,125842,10709,136551,71322,66483,9651,15559,16506,129767,54769,5785
29,KARNATAKA,566,Chitradurga,Total,354143,307257,41592,1967,2608,60522,273424,6718,753,9233,107142,8573,238428,232128,109294,122834,23526,88921,86859,190436,50130,174344,28897,5711,206637,18143,168893,19601,188494,102607,55959,7425,6484,81370,186293,149796,18054
29,KARNATAKA,566,Chitradurga,Rural,282019,240398,37047,1780,2146,20593,249066,949,683,8382,53839,6570,221610,170501,59019,111482,22127,81900,49671,151275,38338,120208,19230,2870,152058,13613,124302,14143,138445,81469,36092,3834,2200,74385,138443,126966,16610
29,KARNATAKA,566,Chitradurga,Urban,72124,66859,4545,187,462,39929,24358,5769,70,851,53303,2003,16818,61627,50275,11352,1399,7021,37188,39161,11792,54136,9667,2841,54579,4530,44591,5458,50049,21138,19867,3591,4284,6985,47850,22830,1444
29,KARNATAKA,567,Davanagere,Total,404840,372671,29297,578,1608,100812,260797,6268,459,29883,188046,11669,205125,282186,157378,124808,16896,92179,121315,204753,44415,256051,39416,7320,284572,23773,239519,21280,260799,146389,90291,15449,15464,58460,219133,166127,19580
29,KARNATAKA,567,Davanagere,Rural,272929,245923,24638,442,1347,27086,213579,621,352,26759,81363,5226,186340,170147,56761,113386,16090,77675,45824,134412,28026,150737,17348,1639,180461,15018,153277,12166,165443,97521,48354,6868,3409,48720,131378,125689,15862
29,KARNATAKA,567,Davanagere,Urban,131911,126748,4659,136,261,73726,47218,5647,107,3124,106683,6443,18785,112039,100617,11422,806,14504,75491,70341,16389,105314,22068,5681,104111,8755,86242,9114,95356,48868,41937,8581,12055,9740,87755,40438,3718
29,KARNATAKA,568,Shimoga,Total,402139,363835,35281,753,1317,128087,238951,16435,375,7295,286129,8178,107832,262501,174223,88278,6842,36589,181024,277769,65755,259899,35207,8791,299155,30873,234606,33676,268282,165796,111532,20781,16632,44572,214397,164357,23385
29,KARNATAKA,568,Shimoga,Rural,257060,224484,30246,541,1078,35825,205476,1087,270,6270,158828,2657,95575,132759,54713,78046,6189,32767,87956,183523,42783,140021,13748,1967,179456,22942,136584,19930,156514,105804,55885,8414,3201,36398,120704,117658,18698
29,KARNATAKA,568,Shimoga,Urban,145079,139351,5035,212,239,92262,33475,15348,105,1025,127301,5521,12257,129742,119510,10232,653,3822,93068,94246,22972,119878,21459,6824,119699,7931,98022,13746,111768,59992,55647,12367,13431,8174,93693,46699,4687
29,KARNATAKA,569,Udupi,Total,246313,224814,19643,933,417,83810,156350,1157,95,1196,214808,1300,30205,45737,28751,16986,2899,9990,185404,230832,78521,173033,24817,9070,220948,23229,145571,52148,197719,79637,65169,21349,13822,11837,159432,78112,8769
29,KARNATAKA,569,Udupi,Rural,174548,155753,17322,843,320,40825,129577,453,67,908,145909,739,27900,24931,11746,13185,1710,7034,124952,163004,56729,112409,10850,3107,153888,17218,103554,33116,136670,56176,37174,10396,4481,10023,107126,60140,7282
29,KARNATAKA,569,Udupi,Urban,71765,69061,2321,90,97,42985,26773,704,28,288,68899,561,2305,20806,17005,3801,1189,2956,60452,67828,21792,60624,13967,5963,67060,6011,42017,19032,61049,23461,27995,10953,9341,1814,52306,17972,1487
29,KARNATAKA,570,Chikmagalur,Total,272173,238505,30527,1082,1250,74534,183934,5099,143,3948,167369,2870,101934,186014,85114,100900,10670,35987,108037,179046,51203,169969,18727,4510,196527,38308,123117,35102,158219,76379,59192,15446,6865,37194,143522,115231,13420
29,KARNATAKA,570,Chikmagalur,Rural,215334,183737,28782,1022,1150,34933,172164,926,114,3711,116556,2256,96522,135403,49189,86214,9999,31927,71623,141413,43249,122446,10969,2337,148670,34218,85707,28745,114452,57805,39563,10169,2589,34074,105648,97896,11790
29,KARNATAKA,570,Chikmagalur,Urban,56839,54768,1745,60,100,39601,11770,4173,29,237,50813,614,5412,50611,35925,14686,671,4060,36414,37633,7954,47523,7758,2173,47857,4090,37410,6357,43767,18574,19629,5277,4276,3120,37874,17335,1630
29,KARNATAKA,571,Tumkur,Total,636394,562769,68728,710,2689,116539,481361,21307,436,10322,206821,9165,420408,425369,159314,266055,40196,152051,163780,313186,132572,321848,41751,7971,372910,53802,285439,33669,319108,276586,137806,14929,16675,127061,361891,242179,32324
29,KARNATAKA,571,Tumkur,Rural,495885,428121,63556,590,2333,35000,444010,3331,361,9539,90868,6187,398830,304259,68176,236083,38509,140787,79881,232783,106010,214233,20439,2086,265238,44341,197347,23550,220897,221768,86088,6198,3388,114302,264081,202939,28865
29,KARNATAKA,571,Tumkur,Urban,140509,134648,5172,120,356,81539,37351,17976,75,783,115953,2978,21578,121110,91138,29972,1687,11264,83899,80403,26562,107615,21312,5885,107672,9461,88092,10119,98211,54818,51718,8731,13287,12759,97810,39240,3459
29,KARNATAKA,572,Bangalore,Total,2377056,2330631,35488,2646,4213,1788912,154686,379053,1621,8388,2254599,37061,85396,1880155,1582408,297747,11094,389833,1826106,1590792,1008239,2042977,790103,430880,2180792,211852,1609899,359041,1968940,545433,1053876,414862,560098,62491,1856874,491407,28775
29,KARNATAKA,572,Bangalore,Rural,207628,198822,7312,226,730,99170,65830,35250,122,1714,155366,3799,48463,141373,61696,79677,1847,58011,85827,106191,63466,152740,22743,6332,169704,11078,151152,7474,158626,57068,63709,13552,9912,15092,142689,59850,5089
29,KARNATAKA,572,Bangalore,Urban,2169428,2131809,28176,2420,3483,1689742,88856,343803,1499,6674,2099233,33262,36933,1738782,1520712,218070,9247,331822,1740279,1484601,944773,1890237,767360,424548,2011088,200774,1458747,351567,1810314,488365,990167,401310,550186,47399,1714185,431557,23686
29,KARNATAKA,573,Mandya,Total,426578,391033,33480,408,1135,80452,317724,16614,217,7501,159818,5637,261123,330827,176055,154772,26044,58173,160714,235721,103964,236020,20265,3367,265094,28508,221352,15234,236586,192330,96273,8188,6547,68369,229438,178902,18238
29,KARNATAKA,573,Mandya,Rural,354049,321501,30786,359,986,42809,297842,3409,179,6899,97526,3814,252709,266544,116756,149788,25279,52335,106527,194494,86442,180326,13140,1473,209795,24113,174121,11561,185682,163406,70800,4635,2664,61895,181606,156478,15965
29,KARNATAKA,573,Mandya,Urban,72529,69532,2694,49,149,37643,19882,13205,38,602,62292,1823,8414,64283,59299,4984,765,5838,54187,41227,17522,55694,7125,1894,55299,4395,47231,3673,50904,28924,25473,3553,3883,6474,47832,22424,2273
29,KARNATAKA,574,Hassan,Total,429292,400702,26408,374,1299,90599,307383,16012,237,7053,171212,8327,249753,272269,128638,143631,37074,103177,147920,318373,94906,272295,23444,4851,307439,40596,239448,27395,266843,138247,97603,14979,9263,57405,214060,192140,23092
29,KARNATAKA,574,Hassan,Rural,339911,313271,24660,332,1191,32111,292325,2227,188,6717,90891,7050,241970,193129,65725,127404,36207,94643,86038,252574,74370,197633,12577,1521,230873,35632,174931,20310,195241,110799,62981,7962,2383,52682,153365,165596,20950
29,KARNATAKA,574,Hassan,Urban,89381,87431,1748,42,108,58488,15058,13785,49,336,80321,1277,7783,79140,62913,16227,867,8534,61882,65799,20536,74662,10867,3330,76566,4964,64517,7085,71602,27448,34622,7017,6880,4723,60695,26544,2142
29,KARNATAKA,575,Dakshina Kannada,Total,425291,386300,35795,1714,856,175270,236792,6449,183,1668,394069,1888,29334,185763,135616,50147,3103,34891,337171,368706,147263,285365,55233,23305,375945,42129,231383,102433,333816,69944,97610,47655,31907,23899,270000,143784,11507
29,KARNATAKA,575,Dakshina Kannada,Rural,220806,186967,31202,1588,630,36161,179749,504,111,1077,194578,869,25359,56718,27809,28909,1803,23162,159390,186078,90305,117817,13152,3476,186795,28118,107144,51533,158677,41884,38349,16270,5041,16742,122579,90016,8211
29,KARNATAKA,575,Dakshina Kannada,Urban,204485,199333,4593,126,226,139109,57043,5945,72,591,199491,1019,3975,129045,107807,21238,1300,11729,177781,182628,56958,167548,42081,19829,189150,14011,124239,50900,175139,28060,59261,31385,26866,7157,147421,53768,3296
29,KARNATAKA,576,Kodagu,Total,138303,113931,22033,1116,854,40958,93640,1147,54,1011,112626,1411,24266,66724,45107,21617,3437,13535,76018,95808,65260,83016,10758,3308,104109,21188,58144,24777,82921,20075,22161,16963,4548,15662,78265,54006,6032
29,KARNATAKA,576,Kodagu,Rural,118509,94751,21483,1099,818,25612,90252,554,43,884,93421,1187,23901,51028,31097,19931,3142,12621,60243,79816,57677,66264,7663,2035,85929,19652,45170,21107,66277,16948,17341,13327,2822,15030,65717,47394,5398
29,KARNATAKA,576,Kodagu,Urban,19794,19180,550,17,36,15346,3388,593,11,127,19205,224,365,15696,14010,1686,295,914,15775,15992,7583,16752,3095,1273,18180,1536,12974,3670,16644,3127,4820,3636,1726,632,12548,6612,634
29,KARNATAKA,577,Mysore,Total,688422,640868,43747,766,2095,273706,342686,50560,501,13232,378503,9177,300742,567444,424907,142537,45607,56899,409885,341785,183684,441131,80086,28397,472605,37642,396142,38821,434963,252546,211066,40420,49016,94602,386616,274502,27304
29,KARNATAKA,577,Mysore,Rural,401655,360495,38156,584,1744,69439,309861,5771,245,12200,108475,5539,287641,296694,168466,128228,43199,46835,163192,165771,84551,200154,18377,1933,232217,14946,209178,8093,217271,152410,71858,5665,3373,79913,187869,192658,21128
29,KARNATAKA,577,Mysore,Urban,286767,280373,5591,182,351,204267,32825,44789,256,1032,270028,3638,13101,270750,256441,14309,2408,10064,246693,176014,99133,240977,61709,26464,240388,22696,186964,30728,217692,100136,139208,34755,45643,14689,198747,81844,6176
29,KARNATAKA,578,Chamarajanagar,Total,244198,212156,29837,620,1173,40944,188325,6253,171,6003,57295,4937,181966,155514,79316,76198,30416,44366,77087,84983,57986,112332,11863,1334,122899,10155,107022,5722,112744,95957,36601,3122,2240,58780,116213,111953,16032
29,KARNATAKA,578,Chamarajanagar,Rural,203748,174499,27423,577,895,23637,171341,1629,149,5456,31279,3386,169083,119546,49131,70415,29839,41273,54049,69565,49747,85156,8311,677,96017,7741,83962,4314,88276,80049,25879,1742,897,52949,92709,96816,14223
29,KARNATAKA,578,Chamarajanagar,Urban,40450,37657,2414,43,278,17307,16984,4624,22,547,26016,1551,12883,35968,30185,5783,577,3093,23038,15418,8239,27176,3552,657,26882,2414,23060,1408,24468,15908,10722,1380,1343,5831,23504,15137,1809
29,KARNATAKA,579,Gulbarga,Total,465245,404767,56097,800,2541,77334,339203,12836,1181,30082,118792,25426,321027,264350,166153,98197,70038,68364,146124,235360,59889,222126,52483,9752,307848,29585,261706,16557,278263,118463,73797,12872,16365,101151,271754,179550,13941
29,KARNATAKA,579,Gulbarga,Rural,311531,259604,48493,622,1948,8730,274115,742,807,25629,13911,16423,281197,144778,69984,74794,62477,47300,52071,156512,30113,112958,22401,1478,184776,12260,164006,8510,172516,68529,25508,5273,1746,86243,164594,135265,11672
29,KARNATAKA,579,Gulbarga,Urban,153714,145163,7604,178,593,68604,65088,12094,374,4453,104881,9003,39830,119572,96169,23403,7561,21064,94053,78848,29776,109168,30082,8274,123072,17325,97700,8047,105747,49934,48289,7599,14619,14908,107160,44285,2269
29,KARNATAKA,580,Yadgir,Total,200424,156222,41459,532,1627,18978,173561,1179,236,5034,22523,14395,163506,94346,49385,44961,50091,24386,39739,78202,15218,61249,13216,1410,118907,5273,109522,4112,113634,37532,23524,4365,1856,62179,94282,96106,10036
29,KARNATAKA,580,Yadgir,Rural,161665,121388,37893,467,1450,5092,150822,339,194,4251,6938,10239,144488,66977,29352,37625,45796,19567,21564,60738,11903,38766,9825,723,91243,3845,84693,2705,87398,28871,15108,3044,721,54811,69998,82772,8895
29,KARNATAKA,580,Yadgir,Urban,38759,34834,3566,65,177,13886,22739,840,42,783,15585,4156,19018,27369,20033,7336,4295,4819,18175,17464,3315,22483,3391,687,27664,1428,24829,1407,26236,8661,8416,1321,1135,7368,24284,13334,1141
29,KARNATAKA,581,Kolar,Total,330990,309494,19167,518,1170,72407,226857,23128,341,4433,141675,14285,175030,208954,96398,112556,2686,92512,85949,161708,55405,209698,27235,5051,223139,23838,177116,22185,199301,127046,85198,9208,10291,49129,191989,125748,13253
29,KARNATAKA,581,Kolar,Rural,226245,208976,15538,350,851,22875,194885,2689,208,3296,57664,4156,164425,137663,55909,81754,2215,80626,39722,117634,36913,127639,12171,1262,144562,17075,112903,14584,127487,94242,53512,4411,2876,40190,122025,92603,11617
29,KARNATAKA,581,Kolar,Urban,104745,100518,3629,168,319,49532,31972,20439,133,1137,84011,10129,10605,71291,40489,30802,471,11886,46227,44074,18492,82059,15064,3789,78577,6763,64213,7601,71814,32804,31686,4797,7415,8939,69964,33145,1636
29,KARNATAKA,582,Chikkaballapura,Total,282311,257243,22679,389,1412,50936,208742,12989,188,4211,102957,7052,172302,201796,80234,121562,3057,67599,65572,150135,37835,152493,17360,2672,167548,18142,135265,14141,149406,96837,57408,6620,4772,61611,168881,101591,11839
29,KARNATAKA,582,Chikkaballapura,Rural,220309,197413,20781,299,1300,20866,188641,2629,148,3656,50677,5957,163675,153080,51165,101915,2910,58963,36501,121674,28197,106394,10420,1041,120934,14409,96177,10348,106525,76031,40327,3870,1734,55316,125189,84273,10847
29,KARNATAKA,582,Chikkaballapura,Urban,62002,59830,1898,90,112,30070,20101,10360,40,555,52280,1095,8627,48716,29069,19647,147,8636,29071,28461,9638,46099,6940,1631,46614,3733,39088,3793,42881,20806,17081,2750,3038,6295,43692,17318,992
29,KARNATAKA,583,Bangalore Rural,Total,224745,214253,9369,190,516,77454,121593,19968,144,1596,179589,2979,42177,150162,43888,106274,2308,63010,59332,110630,62715,156967,17066,3729,165588,10920,146993,7675,154668,93908,69005,10389,7181,23665,140252,77423,7070
29,KARNATAKA,583,Bangalore Rural,Rural,162398,153944,7567,146,406,39087,111379,7520,103,1260,122643,1528,38227,100639,31424,69215,2119,56927,34706,77926,44594,107218,8917,1512,115089,7544,102780,4765,107545,73513,49900,6427,3048,19421,97109,59295,5994
29,KARNATAKA,583,Bangalore Rural,Urban,62347,60309,1802,44,110,38367,10214,12448,41,336,56946,1451,3950,49523,12464,37059,189,6083,24626,32704,18121,49749,8149,2217,50499,3376,44213,2910,47123,20395,19105,3962,4133,4244,43143,18128,1076
29,KARNATAKA,584,Ramanagara,Total,259794,238926,19140,447,871,46872,188454,16406,263,4538,108891,4593,146310,210395,94850,115545,4185,41557,76665,101233,55886,141873,18003,2844,148199,8877,132654,6668,139322,82389,49046,5537,4775,55318,136769,107419,15606
29,KARNATAKA,584,Ramanagara,Rural,200171,181246,17420,395,762,21029,169498,3321,117,4013,56142,3782,140247,155424,54108,101316,3991,38084,34721,75054,41808,99067,10795,1199,104636,6250,94132,4254,98386,64957,33073,2843,1822,48815,99473,87029,13669
29,KARNATAKA,584,Ramanagara,Urban,59623,57680,1720,52,109,25843,18956,13085,146,525,52749,811,6063,54971,40742,14229,194,3473,41944,26179,14078,42806,7208,1645,43563,2627,38522,2414,40936,17432,15973,2694,2953,6503,37296,20390,1937
30,GOA,585,North Goa,Total,179085,173951,4026,301,589,132612,35792,6186,357,1579,140924,4633,33528,150059,144604,5455,73,388,144020,156177,57581,146307,56266,23440,158921,20197,99169,39555,138724,41713,101378,44342,40352,8775,139062,37529,2494
30,GOA,585,North Goa,Rural,71412,68792,2116,101,325,44650,23313,1758,117,806,49092,971,21349,55718,53061,2657,28,212,53157,60620,16547,54231,16856,4712,59562,8146,38580,12836,51416,14863,36331,11755,10435,5629,53700,16437,1275
30,GOA,585,North Goa,Urban,107673,105159,1910,200,264,87962,12479,4428,240,773,91832,3662,12179,94341,91543,2798,45,176,90863,95557,41034,92076,39410,18728,99359,12051,60589,26719,87308,26850,65047,32587,29917,3146,85362,21092,1219
30,GOA,586,South Goa,Total,143728,138810,3771,275,684,102191,31148,7142,353,1278,116414,7839,19475,125635,120260,5375,178,467,113324,124082,42926,115535,44299,17624,128759,18811,74364,35584,109948,37799,82436,35031,31413,6146,106722,34586,2420
30,GOA,586,South Goa,Rural,53262,50416,2171,168,450,29537,20776,1486,128,658,39331,1123,12808,41315,37801,3514,94,324,35655,45172,13873,38784,13410,4149,45540,8413,24973,12154,37127,13544,28260,10595,8374,3673,39739,12482,1041
30,GOA,586,South Goa,Urban,90466,88394,1600,107,234,72654,10372,5656,225,620,77083,6716,6667,84320,82459,1861,84,143,77669,78910,29053,76751,30889,13475,83219,10398,49391,23430,72821,24255,54176,24436,23039,2473,66983,22104,1379
31,LAKSHADWEEP,587,Lakshadweep,Total,10703,10669,22,4,3,1779,5867,1470,13,1149,10467,41,195,2168,976,1192,266,5,8956,9127,2165,6855,1501,327,10023,870,4977,4176,9153,9027,4109,245,842,202,8418,2202,83
31,LAKSHADWEEP,587,Lakshadweep,Rural,2523,2517,5,0,0,72,921,307,3,1124,2474,7,42,783,19,764,4,1,2012,2186,411,1362,191,30,2351,173,1396,782,2178,1952,731,54,86,79,1448,1031,44
31,LAKSHADWEEP,587,Lakshadweep,Urban,8180,8152,17,4,3,1707,4946,1163,10,25,7993,34,153,1385,957,428,262,4,6944,6941,1754,5493,1310,297,7672,697,3581,3394,6975,7075,3378,191,756,123,6970,1171,39
32,KERALA,588,Kasaragod,Total,267762,237670,28514,794,210,74092,187707,896,138,2169,245747,3042,18973,36736,25837,10899,4995,35578,195593,220790,75335,179664,32484,10378,239445,32813,110808,95824,206632,27736,34267,19438,12210,16584,180524,71775,15463
32,KERALA,588,Kasaragod,Rural,165969,140030,24649,722,138,29502,132948,362,88,1337,147447,1585,16937,17800,11782,6018,937,17898,109370,138283,51331,100711,16130,4544,146600,20357,69413,56830,126243,12737,17879,10740,5140,11866,100391,52911,12667
32,KERALA,588,Kasaragod,Urban,101793,97640,3865,72,72,44590,54759,534,50,832,98300,1457,2036,18936,14055,4881,4058,17680,86223,82507,24004,78953,16354,5834,92845,12456,41395,38994,80389,14999,16388,8698,7070,4718,80133,18864,2796
32,KERALA,589,Kannur,Total,543209,511167,30442,538,132,115356,416099,1060,148,4971,530436,3238,9535,63652,46889,16763,982,12764,440610,470411,239332,423337,83940,32653,503214,62097,247886,193231,441117,66300,76530,44108,34105,18400,395045,128570,19594
32,KERALA,589,Kannur,Rural,198846,175116,22865,362,40,18564,175648,204,72,1577,191409,1255,6182,22877,11506,11371,271,6155,145344,171883,77532,135930,20731,7104,181865,24629,84385,72851,157236,15615,20729,13247,7093,9303,124737,61816,12293
32,KERALA,589,Kannur,Urban,344363,336051,7577,176,92,96792,240451,856,76,3394,339027,1983,3353,40775,35383,5392,711,6609,295266,298528,161800,287407,63209,25549,321349,37468,163501,120380,283881,50685,55801,30861,27012,9097,270308,66754,7301
32,KERALA,590,Wayanad,Total,185403,149864,34645,545,27,23028,157269,584,146,1509,170170,2897,12336,41863,27374,14489,241,5784,111648,140037,48187,109972,15944,4712,155220,16555,91600,47065,138665,15359,22721,13027,6438,18829,103024,65890,16489
32,KERALA,590,Wayanad,Rural,178686,143902,33917,539,27,20027,153678,548,142,1467,163769,2823,12094,39832,25658,14174,220,5648,106673,135067,46531,105029,14727,4202,149362,16236,87821,45305,133126,14418,21390,12099,5741,18344,99363,63203,16120
32,KERALA,590,Wayanad,Urban,6717,5962,728,6,0,3001,3591,36,4,42,6401,74,242,2031,1716,315,21,136,4975,4970,1656,4943,1217,510,5858,319,3779,1760,5539,941,1331,928,697,485,3661,2687,369
32,KERALA,591,Kozhikode,Total,683825,641660,40466,715,122,145558,523789,1933,311,7078,668842,4889,10094,143663,112666,30997,1794,12553,542267,494865,228436,490719,107602,36791,632201,99037,294411,238753,533164,94227,149330,54277,51258,27363,502527,149990,31308
32,KERALA,591,Kozhikode,Rural,232228,210083,21470,306,35,19073,207891,297,134,3055,225213,1774,5241,41236,26479,14757,349,3074,171803,166519,73556,142431,28001,7519,211731,40214,87122,84395,171517,21769,38032,13625,10091,12046,154176,62823,15229
32,KERALA,591,Kozhikode,Urban,451597,431577,18996,409,87,126485,315898,1636,177,4023,443629,3115,4853,102427,86187,16240,1445,9479,370464,328346,154880,348288,79601,29272,420470,58823,207289,154358,361647,72458,111298,40652,41167,15317,348351,87167,16079
32,KERALA,592,Malappuram,Total,774595,730119,42603,715,178,139994,621279,1411,405,6369,754074,5963,14558,115058,85989,29069,2964,22831,628805,528229,207137,485406,119918,27909,720497,77464,424435,218598,643033,96908,138096,59145,43503,32424,555591,192315,26689
32,KERALA,592,Malappuram,Rural,437511,406846,29476,507,96,63685,366587,601,275,3875,422205,4002,11304,66581,47206,19375,2266,13444,343421,301835,112557,263081,59668,13268,402209,41058,246133,115018,361151,52615,76008,29403,20378,21756,298772,120541,18198
32,KERALA,592,Malappuram,Urban,337084,323273,13127,208,82,76309,254692,810,130,2494,331869,1961,3254,48477,38783,9694,698,9387,285384,226394,94580,222325,60250,14641,318288,36406,178302,103580,281882,44293,62088,29742,23125,10668,256819,71774,8491
32,KERALA,593,Palakkad,Total,628287,587583,38818,842,337,178386,436762,2610,433,5428,564142,5046,59099,269352,209449,59903,1925,33936,450438,473862,165350,447169,69440,27162,533223,44746,352106,136371,488477,101999,145549,43458,36289,50198,386355,211343,30589
32,KERALA,593,Palakkad,Rural,476318,440142,34565,752,286,99934,366691,1277,341,4573,419962,3916,52440,186550,134291,52259,1696,26595,330012,354268,125053,323865,41998,14012,396574,33252,269641,93681,363322,71252,99237,26362,18941,43216,282115,168576,25627
32,KERALA,593,Palakkad,Urban,151969,147441,4253,90,51,78452,70071,1333,92,855,144180,1130,6659,82802,75158,7644,229,7341,120426,119594,40297,123304,27442,13150,136649,11494,82465,42690,125155,30747,46312,17096,17348,6982,104240,42767,4962
32,KERALA,594,Thrissur,Total,743830,721625,20422,696,311,338350,390744,2276,257,4353,727823,5019,10988,204494,165453,39041,18968,39221,622975,555426,262620,616644,132774,56148,671105,99998,318301,252806,571107,248933,220583,84016,79552,27856,482202,228626,33002
32,KERALA,594,Thrissur,Rural,246928,236373,9826,321,125,86659,155013,499,102,1722,239266,2110,5552,71852,58070,13782,5759,11374,198211,176998,77860,195330,31524,11447,217487,34167,106024,77296,183320,71078,61115,19240,16585,12531,147267,87035,12626
32,KERALA,594,Thrissur,Urban,496902,485252,10596,375,186,251691,235731,1777,155,2631,488557,2909,5436,132642,107383,25259,13209,27847,424764,378428,184760,421314,101250,44701,453618,65831,212277,175510,387787,177855,159468,64776,62967,15325,334935,141591,20376
32,KERALA,595,Ernakulam,Total,791737,771287,18835,675,204,499291,274482,5898,333,3067,774743,6679,10315,453148,419490,33658,694,6856,635670,620488,269428,696129,184167,88737,741106,68129,386537,286440,672977,250078,322394,135307,132533,18231,567348,195030,29359
32,KERALA,595,Ernakulam,Rural,256310,245191,10317,439,49,94552,156649,551,171,1334,248348,1980,5982,98449,81238,17211,147,1419,200111,199912,74864,214507,40087,16374,236877,26493,106334,104050,210384,65765,95532,34868,26745,8392,167700,75868,12742
32,KERALA,595,Ernakulam,Urban,535427,526096,8518,236,155,404739,117833,5347,162,1733,526395,4699,4333,354699,338252,16447,547,5437,435559,420576,194564,481622,144080,72363,504229,41636,280203,182390,462593,184313,226862,100439,105788,9839,399648,119162,16617
32,KERALA,596,Idukki,Total,276976,244844,27149,4170,201,54626,214613,606,215,2488,246878,4191,25907,83659,50931,32728,572,10710,114778,212188,67489,207519,24863,8250,247060,20807,154910,71343,226253,19378,35855,21976,11163,13531,135197,119675,22104
32,KERALA,596,Idukki,Rural,264649,232721,26965,4162,197,46043,211041,560,214,2448,234641,4144,25864,77562,45255,32307,561,10517,104461,202152,65109,196675,21794,6840,235277,19928,148709,66640,215349,16895,31088,19109,8950,13314,125935,116778,21936
32,KERALA,596,Idukki,Urban,12327,12123,184,8,4,8583,3572,46,1,40,12237,47,43,6097,5676,421,11,193,10317,10036,2380,10844,3069,1410,11783,879,6201,4703,10904,2483,4767,2867,2213,217,9262,2897,168
32,KERALA,597,Kottayam,Total,480453,464039,15074,628,124,187213,282629,1533,295,3163,464124,3989,12340,110023,92447,17576,665,6897,350435,383372,117604,406922,83999,37849,451226,57483,191404,202339,393743,76041,122177,73096,50903,12484,304617,156358,19478
32,KERALA,597,Kottayam,Rural,342707,328771,12918,492,76,108323,227044,880,187,2450,328926,2807,10974,69185,55978,13207,501,5903,239193,273149,85334,284967,51248,21863,320821,38834,139472,142515,281987,52129,80000,46329,29465,9793,207008,119867,15832
32,KERALA,597,Kottayam,Urban,137746,135268,2156,136,48,78890,55585,653,108,713,135198,1182,1366,40838,36469,4369,164,994,111242,110223,32270,121955,32751,15986,130405,18649,51932,59824,111756,23912,42177,26767,21438,2691,97609,36491,3646
32,KERALA,598,Alappuzha,Total,528275,507913,18941,553,235,274392,240127,2571,739,4589,490935,8976,28364,184698,135848,48850,2316,73399,384239,360849,127759,425707,71593,28842,466736,77782,237117,151837,388954,229196,144891,42404,41112,22804,342099,148988,37188
32,KERALA,598,Alappuzha,Rural,245849,234218,10828,350,131,112025,127343,881,261,2757,223557,4753,17539,86699,64796,21903,1350,25717,172093,172728,59316,191426,28574,10927,215226,42633,98473,74120,172593,91179,57881,16740,14733,12632,153414,73574,18861
32,KERALA,598,Alappuzha,Urban,282426,273695,8113,203,104,162367,112784,1690,478,1832,267378,4223,10825,97999,71052,26947,966,47682,212146,188121,68443,234281,43019,17915,251510,35149,138644,77717,216361,138017,87010,25664,26379,10172,188685,75414,18327
32,KERALA,599,Pathanamthitta,Total,319968,302296,16556,500,108,128889,184593,683,259,2814,300484,4149,15335,61113,48567,12546,472,3807,255020,249188,89930,255822,49466,21015,291089,45084,120334,125671,246005,56968,80551,43382,28760,13617,210624,94451,14893
32,KERALA,599,Pathanamthitta,Rural,285389,268994,15362,473,91,108069,171464,616,248,2617,267280,3735,14374,49420,38128,11292,437,3593,225249,221734,79794,226360,40837,16650,258905,41262,106198,111445,217643,50389,69526,35868,22929,12561,185198,86272,13919
32,KERALA,599,Pathanamthitta,Urban,34579,33302,1194,27,17,20820,13129,67,11,197,33204,414,961,11693,10439,1254,35,214,29771,27454,10136,29462,8629,4365,32184,3822,14136,14226,28362,6579,11025,7514,5831,1056,25426,8179,974
32,KERALA,600,Kollam,Total,663276,630767,30323,890,284,263148,384687,1820,369,6778,626758,9658,26860,179861,116849,63012,686,4608,568555,460855,124857,525754,83133,31542,569631,98910,278359,192362,470721,157906,144080,58867,42989,41991,437133,182379,43764
32,KERALA,600,Kollam,Rural,373677,349342,22887,636,175,108742,256741,525,176,4303,347521,6067,20089,83769,46710,37059,324,2531,317765,258456,76350,282902,38459,13074,315710,56540,151037,108133,259170,62257,67000,27857,17410,28886,234161,111656,27860
32,KERALA,600,Kollam,Urban,289599,281425,7436,254,109,154406,127946,1295,193,2475,279237,3591,6771,96092,70139,25953,362,2077,250790,202399,48507,242852,44674,18468,253921,42370,127322,84229,211551,95649,77080,31010,25579,13105,202972,70723,15904
32,KERALA,601,Thiruvananthapuram,Total,828774,783872,41725,1262,435,343590,463087,3465,563,7040,780821,12933,35020,316393,264552,51841,1128,16450,698056,558316,264663,658734,155321,71621,697741,92401,400748,204592,605340,136964,220675,96456,94612,58323,515413,246861,66500
32,KERALA,601,Thiruvananthapuram,Rural,390607,360408,28180,936,246,98000,282215,685,340,4217,358783,7293,24531,89886,56337,33549,609,9222,320847,251950,107038,288457,43555,13455,316565,43532,190185,82848,273033,54076,70509,23536,17637,36018,217198,133476,39933
32,KERALA,601,Thiruvananthapuram,Urban,438167,423464,13545,326,189,245590,180872,2780,223,2823,422038,5640,10489,226507,208215,18292,519,7228,377209,306366,157625,370277,111766,58166,381176,48869,210563,121744,332307,82888,150166,72920,76975,22305,298215,113385,26567
33,TAMIL NADU,602,Thiruvallur,Total,938822,909400,24469,775,2819,621907,213987,88488,1895,5393,636991,20846,280985,625071,431772,193299,26635,148885,343722,531658,222750,857364,174279,75634,772398,62993,630578,78827,709405,374923,363741,54505,112276,27037,704925,216840,17057
33,TAMIL NADU,602,Thiruvallur,Rural,325798,306751,16146,184,1919,134942,170611,12780,1258,3496,92361,6715,226722,295552,196847,98705,3954,18459,73705,130741,46585,292971,23522,5750,217439,15654,192120,9665,201785,117505,87630,5808,9322,15279,209514,105588,10696
33,TAMIL NADU,602,Thiruvallur,Urban,613024,602649,8323,591,900,486965,43376,75708,637,1897,544630,14131,54263,329519,234925,94594,22681,130426,270017,400917,176165,564393,150757,69884,554959,47339,438458,69162,507620,257418,276111,48697,102954,11758,495411,111252,6361
33,TAMIL NADU,603,Chennai,Total,1106567,1096334,8547,296,767,910262,30908,154969,744,1757,1057802,42212,6553,908587,874596,33991,126701,43461,844285,787027,398414,1055696,355838,217368,1017122,114191,688857,214074,902931,409796,515581,146388,264763,10634,904152,192980,9435
33,TAMIL NADU,603,Chennai,Rural,0,0,0,0,0,0,0,0,0,0,0,0,0,0,0,0,0,0,0,0,0,0,0,0,0,0,0,0,0,0,0,0,0,0,0,0,0
33,TAMIL NADU,603,Chennai,Urban,1106567,1096334,8547,296,767,910262,30908,154969,744,1757,1057802,42212,6553,908587,874596,33991,126701,43461,844285,787027,398414,1055696,355838,217368,1017122,114191,688857,214074,902931,409796,515581,146388,264763,10634,904152,192980,9435
33,TAMIL NADU,604,Kancheepuram,Total,993809,961161,26775,833,3356,622095,261460,94744,2094,4322,651240,19327,323242,732354,563040,169314,33248,129924,435671,584794,240359,904619,200738,100322,832716,63983,665334,103399,768733,425865,418526,68427,137686,28452,755597,224868,13344
33,TAMIL NADU,604,Kancheepuram,Rural,354476,334667,16856,264,1806,127608,199849,19170,1370,2393,103803,5984,244689,306633,217191,89442,5796,22325,87416,152037,62775,315281,26845,8021,253414,15293,225858,12263,238121,139603,114839,9391,12975,17109,233946,112501,8029
33,TAMIL NADU,604,Kancheepuram,Urban,639333,626494,9919,569,1550,494487,61611,75574,724,1929,547437,13343,78553,425721,345849,79872,27452,107599,348255,432757,177584,589338,173893,92301,579302,48690,439476,91136,530612,286262,303687,59036,124711,11343,521651,112367,5315
33,TAMIL NADU,605,Vellore,Total,927318,865913,53987,632,4511,417535,459136,34420,2459,5967,381181,22292,523845,765045,462661,302384,23126,91887,324328,387588,93309,797713,69912,20623,653681,45427,562422,45832,608254,491133,286002,20393,36342,50488,677946,231001,18371
33,TAMIL NADU,605,Vellore,Rural,537022,490904,41086,387,3043,157635,360931,7936,1780,3970,103369,7364,426289,452554,233879,218675,11673,46964,118902,189100,49634,463690,22970,5055,342503,24090,301463,16950,318413,281765,144941,5816,7898,32789,375343,149183,12496
33,TAMIL NADU,605,Vellore,Urban,390296,375009,12901,245,1468,259900,98205,26484,679,1997,277812,14928,97556,312491,228782,83709,11453,44923,205426,198488,43675,334023,46942,15568,311178,21337,260959,28882,289841,209368,141061,14577,28444,17699,302603,81818,5875
33,TAMIL NADU,606,Tiruvannamalai,Total,593264,549077,40146,459,2041,176242,386832,18690,1779,4639,135162,8277,449825,496596,260956,235640,12537,40597,157967,254679,73410,505170,27529,6445,389329,23596,345750,19983,365733,309133,138956,7851,10740,39621,420616,160107,12541
33,TAMIL NADU,606,Tiruvannamalai,Rural,477106,437790,35954,395,1656,101444,358197,7805,1611,3889,59505,5324,412277,403362,188782,214580,9191,25463,89839,194211,56644,409722,16096,2953,296031,17734,266621,11676,278297,243813,96887,4106,4022,32304,327726,138361,11019
33,TAMIL NADU,606,Tiruvannamalai,Urban,116158,111287,4192,64,385,74798,28635,10885,168,750,75657,2953,37548,93234,72174,21060,3346,15134,68128,60468,16766,95448,11433,3492,93298,5862,79129,8307,87436,65320,42069,3745,6718,7317,92890,21746,1522
33,TAMIL NADU,607,Viluppuram,Total,804343,748444,51517,571,2261,228172,540000,20732,2279,6923,169801,13266,621276,663958,334087,329871,30848,59841,134578,370748,101921,676077,43311,8472,547305,35440,484134,27731,511865,351418,184050,13030,14829,54084,514219,274981,15143
33,TAMIL NADU,607,Viluppuram,Rural,683022,632042,47242,481,1894,147477,511050,11110,2084,6103,90241,8776,584005,566625,268060,298565,25539,48014,79783,298751,81694,574336,29582,4507,445314,28694,398226,18394,416620,289580,139719,8484,7471,47845,423580,246060,13382
33,TAMIL NADU,607,Viluppuram,Urban,121321,116402,4275,90,367,80695,28950,9622,195,820,79560,4490,37271,97333,66027,31306,5309,11827,54795,71997,20227,101741,13729,3965,101991,6746,85908,9337,95245,61838,44331,4546,7358,6239,90639,28921,1761
33,TAMIL NADU,608,Salem,Total,918899,835377,74586,954,5755,448968,388082,65043,1099,5167,321173,102631,495095,723966,570477,153489,18883,77409,226846,356820,196973,749932,63867,20660,650064,38760,564666,46638,611304,441388,352121,30660,39279,71584,642510,259966,16423
33,TAMIL NADU,608,Salem,Rural,454964,399967,48925,756,3902,152740,278761,13475,707,3046,66314,20827,367823,322334,223519,98815,13383,46711,40793,146250,99605,343702,16236,3522,290498,17952,256002,16544,272546,216823,154213,7825,6329,48937,297854,146624,10486
33,TAMIL NADU,608,Salem,Urban,463935,435410,25661,198,1853,296228,109321,51568,392,2121,254859,81804,127272,401632,346958,54674,5500,30698,186053,210570,97368,406230,47631,17138,359566,20808,308664,30094,338758,224565,197908,22835,32950,22647,344656,113342,5937
33,TAMIL NADU,609,Namakkal,Total,477757,441044,32504,392,2634,265276,170204,32811,476,1936,194417,73846,209494,365810,276658,89152,4143,61860,140627,239297,138294,418420,31581,8960,352439,22258,300910,29271,330181,262313,212434,18550,19466,24569,351179,119116,7462
33,TAMIL NADU,609,Namakkal,Rural,284156,256681,24236,334,1983,128855,136260,12408,360,1438,88674,26154,169328,205507,139556,65951,2436,40842,54376,139902,82537,248264,14572,3468,200611,13377,170718,16516,187234,161740,126065,8162,7745,15939,206819,72161,5176
33,TAMIL NADU,609,Namakkal,Urban,193601,184363,8268,58,651,136421,33944,20403,116,498,105743,47692,40166,160303,137102,23201,1707,21018,86251,99395,55757,170156,17009,5492,151828,8881,130192,12755,142947,100573,86369,10388,11721,8630,144360,46955,2286
33,TAMIL NADU,610,Erode,Total,658734,595211,55657,596,5106,371015,213039,59097,973,3853,322847,60009,275878,511890,420277,91613,7934,88031,234189,357030,174975,557479,58861,18604,483430,45036,383623,54771,438394,368604,288543,33405,37339,36442,476013,172525,10196
33,TAMIL NADU,610,Erode,Rural,324097,283383,35803,501,3138,141790,155881,16746,704,2407,109349,17974,196774,238209,177285,60924,4598,51063,60020,168226,87027,273552,19529,5041,217352,25727,166721,24904,191625,189158,131950,10868,10038,20343,224717,92771,6609
33,TAMIL NADU,610,Erode,Urban,334637,311828,19854,95,1968,229225,57158,42351,269,1446,213498,42035,79104,273681,242992,30689,3336,36968,174169,188804,87948,283927,39332,13563,266078,19309,216902,29867,246769,179446,156593,22537,27301,16099,251296,79754,3587
33,TAMIL NADU,611,The Nilgiris,Total,198922,180261,17303,193,635,86277,92713,17300,170,1241,103216,22775,72931,157127,119549,37578,209,2431,42631,113412,29574,180262,17935,4561,149269,8728,126977,13564,140541,11234,15344,9543,5399,7147,124119,70891,3912
33,TAMIL NADU,611,The Nilgiris,Rural,84366,76550,7146,118,302,26951,51360,4800,70,593,35729,6169,42468,66558,45841,20717,43,1385,7540,44298,11341,74768,5393,1013,59059,3565,50651,4843,55494,3865,3900,2850,818,3705,53384,29191,1791
33,TAMIL NADU,611,The Nilgiris,Urban,114556,103711,10157,75,333,59326,41353,12500,100,648,67487,16606,30463,90569,73708,16861,166,1046,35091,69114,18233,105494,12542,3548,90210,5163,76326,8721,85047,7369,11444,6693,4581,3442,70735,41700,2121
33,TAMIL NADU,612,Dindigul,Total,563172,500057,56598,581,4146,209640,311128,31109,1016,4989,187447,45101,330624,459347,286624,172723,9069,57892,140831,269912,130963,458486,38677,9155,379839,23837,335455,20547,356002,222834,147737,15538,15800,43651,388458,165523,9191
33,TAMIL NADU,612,Dindigul,Rural,352757,305224,42636,480,3124,91923,243015,10044,770,3622,66645,15349,270763,281469,147611,133858,4614,39012,51511,161683,74295,284527,18214,2870,218188,13925,195619,8644,204263,136953,81144,6221,4491,30446,235321,111108,6328
33,TAMIL NADU,612,Dindigul,Urban,210415,194833,13962,101,1022,117717,68113,21065,246,1367,120802,29752,59861,177878,139013,38865,4455,18880,89320,108229,56668,173959,20463,6285,161651,9912,139836,11903,151739,85881,66593,9317,11309,13205,153137,54415,2863
33,TAMIL NADU,613,Karur,Total,287848,264949,20942,139,1328,135831,126357,20999,428,1755,118708,15906,153234,250198,168269,81929,5173,20977,106194,140544,73515,250010,17995,4915,210748,13922,183206,13620,196826,153941,117119,10648,10393,14222,210243,72881,4724
33,TAMIL NADU,613,Karur,Rural,168830,152603,14822,107,970,54142,106351,5385,291,1168,38855,3678,126297,142141,83888,58253,2706,14536,28440,72251,40428,148137,5675,1072,112209,7000,98941,6268,105209,95470,62119,4088,2287,8989,116215,48959,3656
33,TAMIL NADU,613,Karur,Urban,119018,112346,6120,32,358,81689,20006,15614,137,587,79853,12228,26937,108057,84381,23676,2467,6441,77754,68293,33087,101873,12320,3843,98539,6922,84265,7352,91617,58471,55000,6560,8106,5233,94028,23922,1068
33,TAMIL NADU,614,Tiruchirappalli,Total,700852,651621,44878,273,2933,333478,301740,54695,1033,3829,340058,58417,302377,607773,466640,141133,22438,47674,287219,426767,233925,592152,79588,30046,537414,34800,447223,55391,502614,362952,234290,28571,49741,38824,508269,179779,12804
33,TAMIL NADU,614,Tiruchirappalli,Rural,358811,321989,33751,167,2111,98297,246904,6294,784,2920,86190,14710,257911,309509,203995,105514,12889,20981,81103,195811,97892,292047,18565,4122,242442,14355,213773,14314,228087,192388,95271,5930,7213,26735,243293,106752,8766
33,TAMIL NADU,614,Tiruchirappalli,Urban,342041,329632,11127,106,822,235181,54836,48401,249,909,253868,43707,44466,298264,262645,35619,9549,26693,206116,230956,136033,300105,61023,25924,294972,20445,233450,41077,274527,170564,139019,22641,42528,12089,264976,73027,4038
33,TAMIL NADU,615,Perambalur,Total,149401,135751,12543,69,612,49390,93333,3834,253,1569,33135,6488,109778,122903,41710,81193,6301,9740,28692,88568,25925,125953,7745,1507,103116,6678,90597,5841,96438,59863,32178,2259,2687,10223,104697,41764,2940
33,TAMIL NADU,615,Perambalur,Rural,124419,112418,10978,65,580,32550,87515,1850,230,1403,19353,4240,100826,102577,30073,72504,5849,7124,16632,72358,20797,106511,5192,887,83501,5188,74295,4018,78313,49392,24515,1342,1295,8221,84159,37540,2720
33,TAMIL NADU,615,Perambalur,Urban,24982,23333,1565,4,32,16840,5818,1984,23,166,13782,2248,8952,20326,11637,8689,452,2616,12060,16210,5128,19442,2553,620,19615,1490,16302,1823,18125,10471,7663,917,1392,2002,20538,4224,220
33,TAMIL NADU,616,Ariyalur,Total,198106,177502,19267,91,890,39642,153953,1467,383,1622,35933,3585,158588,173304,87425,85879,6097,8599,32840,94905,36609,165150,8371,1749,134358,5367,121775,7216,128991,104900,40913,2937,3046,14013,118791,72967,6348
33,TAMIL NADU,616,Ariyalur,Rural,176818,158020,17580,84,793,26329,146832,932,344,1505,25021,2614,149183,153425,72922,80503,6088,7769,25801,82190,31508,148057,6665,1279,117618,4747,107378,5493,112871,92646,34363,2152,2053,12637,103830,67063,5925
33,TAMIL NADU,616,Ariyalur,Urban,21288,19482,1687,7,97,13313,7121,535,39,117,10912,971,9405,19879,14503,5376,9,830,7039,12715,5101,17093,1706,470,16740,620,14397,1723,16120,12254,6550,785,993,1376,14961,5904,423
33,TAMIL NADU,617,Cuddalore,Total,637422,598412,35580,302,2121,244610,365987,15871,2462,4785,230004,13361,394057,498446,315433,183013,60026,62059,212704,340949,121956,555029,50938,15396,470021,30829,409698,29494,439192,343988,178515,19828,27077,31348,402357,221549,13516
33,TAMIL NADU,617,Cuddalore,Rural,425191,399731,23137,223,1508,99963,313123,4312,2132,3409,84489,7037,333665,344905,196067,148838,48274,23651,95503,206721,70539,376120,19250,3875,289636,18038,260610,10988,271598,214109,93120,6599,5822,21121,249321,165546,10324
33,TAMIL NADU,617,Cuddalore,Urban,212231,198681,12443,79,613,144647,52864,11559,330,1376,145515,6324,60392,153541,119366,34175,11752,38408,117201,134228,51417,178909,31688,11521,180385,12791,149088,18506,167594,129879,85395,13229,21255,10227,153036,56003,3192
33,TAMIL NADU,618,Nagapattinam,Total,412656,381940,28580,157,1401,143846,255488,7783,847,2666,163184,10851,238621,266938,168886,98052,114339,20471,104497,207612,111474,362211,19692,5585,282418,29771,216892,35755,252647,219886,86939,9042,9238,20848,228087,172100,12469
33,TAMIL NADU,618,Nagapattinam,Rural,323340,298443,23260,126,1100,84873,230649,3206,779,2217,100925,5923,216492,201394,124049,77345,98061,15021,66452,149821,84311,291069,11144,2816,210011,23578,160676,25757,186433,170123,60616,5494,4302,15129,168667,144387,10286
33,TAMIL NADU,618,Nagapattinam,Urban,89316,83497,5320,31,301,58973,24839,4577,68,449,62259,4928,22129,65544,44837,20707,16278,5450,38045,57791,27163,71142,8548,2769,72407,6193,56216,9998,66214,49763,26323,3548,4936,5719,59420,27713,2183
33,TAMIL NADU,619,Thiruvarur,Total,327971,303114,23155,134,1076,109580,209761,4194,740,2223,130231,11398,186342,244534,75521,169013,56561,21924,81976,157902,80899,287260,15535,4416,225629,33727,159818,32084,191902,189906,72916,6790,6894,16347,180084,135907,11980
33,TAMIL NADU,619,Thiruvarur,Rural,262679,241813,19454,106,932,64164,192854,1811,693,1951,82723,7884,172072,197096,62170,134926,47811,13804,51143,114683,61561,232632,9606,2400,171455,28338,119705,23412,143117,150237,51234,4234,3327,12834,134092,117707,10880
33,TAMIL NADU,619,Thiruvarur,Urban,65292,61301,3701,28,144,45416,16907,2383,47,272,47508,3514,14270,47438,13351,34087,8750,8120,30833,43219,19338,54628,5929,2016,54174,5389,40113,8672,48785,39669,21682,2556,3567,3513,45992,18200,1100
33,TAMIL NADU,620,Thanjavur,Total,605074,555582,45935,183,2347,223044,355855,17859,989,3705,272623,24652,307799,499900,182944,316956,62766,34935,209948,312971,137848,522490,42912,13495,446982,30075,374054,42853,416907,343328,161750,17231,24121,31524,353227,229910,21937
33,TAMIL NADU,620,Thanjavur,Rural,391191,352543,36038,136,1716,85752,296375,3088,815,2948,112661,9588,268942,319470,124254,195216,48859,17429,92104,172561,76355,339764,15197,3949,265784,18707,225644,21433,247077,218322,85294,6783,6030,21866,204988,168465,17738
33,TAMIL NADU,620,Thanjavur,Urban,213883,203039,9897,47,631,137292,59480,14771,174,757,159962,15064,38857,180430,58690,121740,13907,17506,117844,140410,61493,182726,27715,9546,181198,11368,148410,21420,169830,125006,76456,10448,18091,9658,148239,61445,4199
33,TAMIL NADU,621,Pudukkottai,Total,390628,354493,33277,479,1687,82967,292959,8958,965,2410,109247,8932,272449,301552,174217,127335,10705,28927,57015,190537,88107,324444,18272,4494,286329,17749,249584,18996,268580,209024,110324,7882,8191,20721,233119,142993,14516
33,TAMIL NADU,621,Pudukkottai,Rural,312868,280693,29596,446,1535,38977,266457,2683,873,2036,55329,6259,251280,232757,122047,110710,9816,23919,21965,142436,66393,260088,10299,1926,219634,12518,195843,11273,207116,166020,78907,4363,3023,17360,176112,123490,13266
33,TAMIL NADU,621,Pudukkottai,Urban,77760,73800,3681,33,152,43990,26502,6275,92,374,53918,2673,21169,68795,52170,16625,889,5008,35050,48101,21714,64356,7973,2568,66695,5231,53741,7723,61464,43004,31417,3519,5168,3361,57007,19503,1250
33,TAMIL NADU,622,Sivaganga,Total,341960,314270,24245,308,2324,113822,209229,12921,1006,2319,139173,12503,190284,235593,137051,98542,12528,36636,84326,184468,95318,304124,24456,5773,258837,19993,218773,20071,238844,172619,91250,8222,10799,13050,235101,98325,8534
33,TAMIL NADU,622,Sivaganga,Rural,236937,213642,20514,251,1869,46511,182184,3505,908,1945,56697,8987,171253,159241,83694,75547,11286,22329,30076,116764,62500,212443,11727,2109,168035,12849,146082,9104,155186,113891,51393,3297,3222,9573,154676,75226,7035
33,TAMIL NADU,622,Sivaganga,Urban,105023,100628,3731,57,455,67311,27045,9416,98,374,82476,3516,19031,76352,53357,22995,1242,14307,54250,67704,32818,91681,12729,3664,90802,7144,72691,10967,83658,58728,39857,4925,7577,3477,80425,23099,1499
33,TAMIL NADU,623,Madurai,Total,797939,754141,38103,375,3894,391821,279508,112747,1670,4395,472221,42539,283179,678712,522894,155818,27920,62999,298527,445776,228106,708942,95311,34097,618922,41298,530152,47472,577624,325803,228557,30852,54832,35096,602164,185296,10479
33,TAMIL NADU,623,Madurai,Rural,319126,288006,27338,178,2670,76464,223374,11891,886,3121,65964,11743,241419,280500,177833,102667,8734,21736,45828,151831,58340,274214,17338,3184,203207,12287,184636,6284,190920,106312,55612,5036,4679,21728,209813,102465,6848
33,TAMIL NADU,623,Madurai,Urban,478813,466135,10765,197,1224,315357,56134,100856,784,1274,406257,30796,41760,398212,345061,53151,19186,41263,252699,293945,169766,434728,77973,30913,415715,29011,345516,41188,386704,219491,172945,25816,50153,13368,392351,82831,3631
33,TAMIL NADU,624,Theni,Total,340965,312310,25371,702,1674,147529,150771,33699,454,3162,134167,69925,136873,320379,259203,61176,1394,11199,133986,147921,57897,291879,18830,4667,209456,11907,187358,10191,197549,99044,58034,6607,6570,26106,225016,110335,5614
33,TAMIL NADU,624,Theni,Rural,158207,144522,11839,602,854,53060,92782,8082,231,1791,39224,22621,96362,147262,99711,47551,595,5996,38104,67134,23558,135998,6317,1292,85529,4746,77009,3774,80783,43356,22560,2012,1447,12919,99144,55757,3306
33,TAMIL NADU,624,Theni,Urban,182758,167788,13532,100,820,94469,57989,25617,223,1371,94943,47304,40511,173117,159492,13625,799,5203,95882,80787,34339,155881,12513,3375,123927,7161,110349,6417,116766,55688,35474,4595,5123,13187,125872,54578,2308
33,TAMIL NADU,625,Virudhunagar,Total,540132,505950,30275,264,2658,235005,243146,51625,612,2883,167021,89874,283237,453098,243243,209855,26695,35098,116349,222918,109937,457317,37357,10219,353909,21904,308362,23643,332005,282826,119486,9845,17403,39368,408215,124833,7084
33,TAMIL NADU,625,Virudhunagar,Rural,266882,244754,19656,155,1700,83454,165774,12432,328,1691,38947,22279,205656,220771,99843,120928,16013,20747,25563,100224,47166,229135,12093,2369,160300,11820,140001,8479,148480,124162,49369,2998,3891,19687,190387,71966,4529
33,TAMIL NADU,625,Virudhunagar,Urban,273250,261196,10619,109,958,151551,77372,39193,284,1192,128074,67595,77581,232327,143400,88927,10682,14351,90786,122694,62771,228182,25264,7850,193609,10084,168361,15164,183525,158664,70117,6847,13512,19681,217828,52867,2555
33,TAMIL NADU,626,Ramanathapuram,Total,328955,291400,33865,558,2203,100484,209650,12555,1201,2455,120474,11009,197472,190837,95574,95263,12584,13731,34430,162893,67893,284169,22379,5172,252000,18385,217349,16266,233615,125445,49605,5524,5886,16764,216340,104081,8534
33,TAMIL NADU,626,Ramanathapuram,Rural,232147,200496,28783,422,1730,39310,184262,4122,972,1836,52135,5832,174180,134057,63947,70110,8642,9844,12886,107423,46919,201526,12289,2486,168983,12226,147970,8787,156757,86867,28306,2864,1975,12315,145358,79800,6989
33,TAMIL NADU,626,Ramanathapuram,Urban,96808,90904,5082,136,473,61174,25388,8433,229,619,68339,5177,23292,56780,31627,25153,3942,3887,21544,55470,20974,82643,10090,2686,83017,6159,69379,7479,76858,38578,21299,2660,3911,4449,70982,24281,1545
33,TAMIL NADU,627,Thoothukkudi,Total,464324,437916,23139,205,2281,200616,226532,28092,703,2408,232062,18279,213983,397652,292350,105302,22355,22241,141338,250217,100451,407876,35791,11455,344974,21769,291485,31720,323205,238770,124851,14650,18842,24497,324412,132326,7586
33,TAMIL NADU,627,Thoothukkudi,Rural,239037,220477,16426,81,1523,67488,161690,5295,447,1586,67404,5151,166482,201507,128052,73455,12340,12581,25128,117232,43736,203066,10256,2100,160502,11834,137711,10957,148668,110150,47090,4381,2963,17440,154315,80039,4683
33,TAMIL NADU,627,Thoothukkudi,Urban,225287,217439,6713,124,758,133128,64842,22797,256,822,164658,13128,47501,196145,164298,31847,10015,9660,116210,132985,56715,204810,25535,9355,184472,9935,153774,20763,174537,128620,77761,10269,15879,7057,170097,52287,2903
33,TAMIL NADU,628,Tirunelveli,Total,820327,779130,34486,374,4697,361760,381273,59925,1545,6119,390799,75817,353711,731794,594461,137333,20460,43906,296790,479152,183729,694984,63590,19070,571195,48828,468175,54192,522367,379446,195295,24290,29935,51709,581126,228090,11111
33,TAMIL NADU,628,Tirunelveli,Rural,422597,397192,21466,209,2762,133371,266416,13011,929,3811,140433,21334,260830,381868,286566,95302,5351,24840,80207,231248,78611,357662,22021,5150,268773,27414,218411,22948,241359,189988,92512,8318,7429,29558,287630,128087,6880
33,TAMIL NADU,628,Tirunelveli,Urban,397730,381938,13020,165,1935,228389,114857,46914,616,2308,250366,54483,92881,349926,307895,42031,15109,19066,216583,247904,105118,337322,41569,13920,302422,21414,249764,31244,281008,189458,102783,15972,22506,22151,293496,100003,4231
33,TAMIL NADU,629,Kanniyakumari,Total,489201,465692,19710,881,1850,199188,269800,11558,1009,4102,427853,26470,34878,318483,222685,95798,4264,50632,189576,318512,80942,438938,52943,15673,398548,49311,302741,46496,349237,122491,115092,21577,23194,16366,311313,163636,14252
33,TAMIL NADU,629,Kanniyakumari,Rural,86390,81558,3962,260,378,38970,44508,1171,252,757,71816,5614,8960,64754,39857,24897,510,7466,29796,58142,12145,76277,7511,1914,68440,9361,50986,8093,59079,22287,17425,2419,2607,3448,53230,30795,2365
33,TAMIL NADU,629,Kanniyakumari,Urban,402811,384134,15748,621,1472,160218,225292,10387,757,3345,356037,20856,25918,253729,182828,70901,3754,43166,159780,260370,68797,362661,45432,13759,330108,39950,251755,38403,290158,100204,97667,19158,20587,12918,258083,132841,11887
33,TAMIL NADU,630,Dharmapuri,Total,380924,337972,39212,260,2182,104785,256898,11228,592,2681,72402,7457,301065,212222,105083,107139,50973,48634,37897,182073,52200,310765,18927,3651,258752,19859,222790,16103,238893,164521,107968,5843,7687,31194,252524,119529,8871
33,TAMIL NADU,630,Dharmapuri,Rural,315563,276213,35876,232,2035,67216,235886,5653,488,2368,33840,3480,278243,170525,77271,93254,45356,36248,15698,143918,42365,258743,12362,1924,207515,16088,180291,11136,191427,135247,82994,3618,3674,26085,203267,104467,7829
33,TAMIL NADU,630,Dharmapuri,Urban,65361,61759,3336,28,147,37569,21012,5575,104,313,38562,3977,22822,41697,27812,13885,5617,12386,22199,38155,9835,52022,6565,1727,51237,3771,42499,4967,47466,29274,24974,2225,4013,5109,49257,15062,1042
33,TAMIL NADU,631,Krishnagiri,Total,450062,409237,36570,357,2756,151246,271584,17633,753,4263,148607,12286,289169,340224,212861,127363,28173,50206,84846,225813,40737,383553,38239,9619,321489,20376,283487,17626,301113,153645,150122,13381,19571,28778,309800,132141,8121
33,TAMIL NADU,631,Krishnagiri,Rural,344807,307103,33857,297,2504,72984,256297,7516,676,3818,66210,6641,271956,258280,144503,113777,25076,34509,33175,156715,29815,291061,18337,3236,229116,14026,206219,8871,215090,120453,99538,5931,6029,25402,224458,112869,7480
33,TAMIL NADU,631,Krishnagiri,Urban,105255,102134,2713,60,252,78262,15287,10117,77,445,82397,5645,17213,81944,68358,13586,3097,15697,51671,69098,10922,92492,19902,6383,92373,6350,77268,8755,86023,33192,50584,7450,13542,3376,85342,19272,641
33,TAMIL NADU,632,Coimbatore,Total,945943,896325,44364,626,3300,675153,169413,86614,1273,3916,630809,105457,209677,886960,828741,58219,2998,27863,559777,560045,286145,841918,149920,63273,777347,51417,635226,90704,725930,353990,445588,87211,109489,35281,701277,235528,9138
33,TAMIL NADU,632,Coimbatore,Rural,237155,213700,21342,141,1363,114021,107841,10530,373,1717,78982,24541,133632,200922,177205,23717,1294,19097,84202,106193,66160,199931,16302,3931,165193,10607,141542,13044,154586,89806,94154,10444,8067,15471,168367,65003,3785
33,TAMIL NADU,632,Coimbatore,Urban,708788,682625,23022,485,1937,561132,61572,76084,900,2199,551827,80916,76045,686038,651536,34502,1704,8766,475575,453852,219985,641987,133618,59342,612154,40810,493684,77660,571344,264184,351434,76767,101422,19810,532910,170525,5353
33,TAMIL NADU,633,Tiruppur,Total,700706,655073,39903,650,3717,463530,149413,75987,650,2888,400593,51932,248181,611353,528129,83224,5279,47188,325939,319296,177832,609808,55311,17181,560785,40073,475349,45363,520712,290774,333579,43477,34742,28959,515918,176974,7814
33,TAMIL NADU,633,Tiruppur,Rural,283140,253551,25788,532,2312,143671,119152,14203,391,1800,87605,14916,180619,219418,168605,50813,3357,35703,62193,131227,77513,244661,15284,3785,203297,19018,165433,18846,184279,139106,127501,12861,7676,15414,200200,78222,4718
33,TAMIL NADU,633,Tiruppur,Urban,417566,401522,14115,118,1405,319859,30261,61784,259,1088,312988,37016,67562,391935,359524,32411,1922,11485,263746,188069,100319,365147,40027,13396,357488,21055,309916,26517,336433,151668,206078,30616,27066,13545,315718,98752,3096
34,PUDUCHERRY,634,Yanam,Total,13308,12859,435,1,4,10399,2000,726,41,47,10895,184,2229,13301,13255,46,0,1,10560,5349,495,7393,597,207,7831,286,7023,522,7545,6523,2571,226,379,2464,11163,2046,99
34,PUDUCHERRY,634,Yanam,Rural,0,0,0,0,0,0,0,0,0,0,0,0,0,0,0,0,0,0,0,0,0,0,0,0,0,0,0,0,0,0,0,0,0,0,0,0,0
34,PUDUCHERRY,634,Yanam,Urban,13308,12859,435,1,4,10399,2000,726,41,47,10895,184,2229,13301,13255,46,0,1,10560,5349,495,7393,597,207,7831,286,7023,522,7545,6523,2571,226,379,2464,11163,2046,99
34,PUDUCHERRY,635,Puducherry,Total,230703,226316,3809,17,403,170120,31794,26213,179,492,157959,11345,61399,226748,217628,9120,1028,2234,185817,146675,57682,193771,34007,15437,190330,12158,149552,28620,178172,120365,116241,13245,26962,11790,174209,52707,3787
34,PUDUCHERRY,635,Puducherry,Rural,69275,66907,1982,13,275,38818,22016,7519,122,282,24812,934,43529,68109,63683,4426,449,533,44793,40659,13178,52528,3775,802,49495,2643,43988,2864,46852,35421,24228,1555,1860,6451,45376,22102,1797
34,PUDUCHERRY,635,Puducherry,Urban,161428,159409,1827,4,128,131302,9778,18694,57,210,133147,10411,17870,158639,153945,4694,579,1701,141024,106016,44504,141243,30232,14635,140835,9515,105564,25756,131320,84944,92013,11690,25102,5339,128833,30605,1990
34,PUDUCHERRY,636,Mahe,Total,7197,7150,42,2,1,3632,3354,89,3,98,7041,110,46,1604,1403,201,7,140,6694,5965,3632,6488,1484,574,6913,777,2954,3182,6136,868,1747,858,817,108,5986,1135,76
34,PUDUCHERRY,636,Mahe,Rural,0,0,0,0,0,0,0,0,0,0,0,0,0,0,0,0,0,0,0,0,0,0,0,0,0,0,0,0,0,0,0,0,0,0,0,0,0
34,PUDUCHERRY,636,Mahe,Urban,7197,7150,42,2,1,3632,3354,89,3,98,7041,110,46,1604,1403,201,7,140,6694,5965,3632,6488,1484,574,6913,777,2954,3182,6136,868,1747,858,817,108,5986,1135,76
34,PUDUCHERRY,637,Karaikal,Total,50068,47880,1876,10,229,28366,17058,4045,40,183,30326,1635,18107,45373,41287,4086,2448,1788,30082,34706,18161,38869,4870,1868,38555,2218,29352,6985,36337,27503,19793,2550,3646,4174,34644,14608,816
34,PUDUCHERRY,637,Karaikal,Rural,25858,24198,1405,9,209,11510,12186,1800,28,118,12318,384,13156,22309,20649,1660,1994,1361,12971,18144,8443,18813,1476,405,18329,1036,14609,2684,17293,14518,8622,832,939,2733,15808,9515,535
34,PUDUCHERRY,637,Karaikal,Urban,24210,23682,471,1,20,16856,4872,2245,12,65,18008,1251,4951,23064,20638,2426,454,427,17111,16562,9718,20056,3394,1463,20226,1182,14743,4301,19044,12985,11171,1718,2707,1441,18836,5093,281
35,ANDAMAN & NICOBAR ISLANDS,638,Nicobars,Total,9959,9301,453,8,48,3644,4899,1184,3,25,8055,81,1823,7898,7016,882,1,4,5502,9081,3382,4830,230,57,6669,280,6238,151,6389,4304,1991,193,78,1034,7463,2375,121
35,ANDAMAN & NICOBAR ISLANDS,638,Nicobars,Rural,9959,9301,453,8,48,3644,4899,1184,3,25,8055,81,1823,7898,7016,882,1,4,5502,9081,3382,4830,230,57,6669,280,6238,151,6389,4304,1991,193,78,1034,7463,2375,121
35,ANDAMAN & NICOBAR ISLANDS,638,Nicobars,Urban,0,0,0,0,0,0,0,0,0,0,0,0,0,0,0,0,0,0,0,0,0,0,0,0,0,0,0,0,0,0,0,0,0,0,0,0,0
35,ANDAMAN & NICOBAR ISLANDS,639,North & Middle Andaman,Total,26327,18641,7362,102,167,5897,16346,3710,10,84,12704,248,13375,20185,12566,7619,5,140,11266,23585,5069,14735,1193,388,19406,885,16145,2376,18521,5070,3550,910,561,4284,13847,11737,743
35,ANDAMAN & NICOBAR ISLANDS,639,North & Middle Andaman,Rural,25586,18017,7245,102,167,5726,15953,3544,10,83,12288,247,13051,19446,11827,7619,5,140,10796,22907,4938,14238,1164,374,18798,867,15651,2280,17931,4943,3451,883,546,4207,13569,11323,694
35,ANDAMAN & NICOBAR ISLANDS,639,North & Middle Andaman,Urban,741,624,117,0,0,171,393,166,0,1,416,1,324,739,739,0,0,0,470,678,131,497,29,14,608,18,494,96,590,127,99,27,15,77,278,414,49
35,ANDAMAN & NICOBAR ISLANDS,640,South Andaman,Total,57090,52479,4240,27,206,31998,10333,13551,23,270,44691,1956,10443,51292,44704,6588,9,338,39847,50697,15953,44400,6771,2789,52025,1676,44903,5446,50349,7692,17535,5323,4460,2260,40791,15071,1228
35,ANDAMAN & NICOBAR ISLANDS,640,South Andaman,Rural,23485,19534,3695,22,127,9208,9227,4504,19,215,15197,189,8099,18392,13618,4774,6,296,11516,21144,6961,15271,1461,393,20224,750,17502,1972,19474,5300,5412,1309,708,1557,14787,7865,833
35,ANDAMAN & NICOBAR ISLANDS,640,South Andaman,Urban,33605,32945,545,5,79,22790,1106,9047,4,55,29494,1767,2344,32900,31086,1814,3,42,28331,29553,8992,29129,5310,2396,31801,926,27401,3474,30875,2392,12123,4014,3752,703,26004,7206,395
