local_path,table,idno,title,catalog_url,download_url,bytes,sha256,fetched_utc,licence
raw/DDW-HH0101-0000.xls,HL-01,PC11_HL01-00,"HL-01: Households (excluding institutional households) by the condition of census houses occupied by them, India - 2011",https://censusindia.gov.in/nada/index.php/catalog/7751,https://censusindia.gov.in/nada/index.php/catalog/7751/download/10863,55296,eb7563c809dd16a104cb35cb3ebba2b54e542e7800861e34d89d5725205c68f9,2026-09-29T13:42:08Z,"ORGI Census of India 2011 table (GoI). ORGI site T&C: reproduce accurately, not derogatory/misleading, acknowledge source prominently. ORGI HLO tables are also published on data.gov.in, whose content is licensed under GODL-India (commercial use permitted with attribution); see LICENCE_AND_SOURCES.txt."
raw/DDW-HH0101-0100.xls,HL-01,PC11_HL01-01,"HL-01: Households (excluding institutional households) by the condition of census houses occupied by them, Jammu and Kashmir - 2011",https://censusindia.gov.in/nada/index.php/catalog/7766,https://censusindia.gov.in/nada/index.php/catalog/7766/download/10878,46080,ed4c1c1a5671a02329c38596e96baf55c567696916f285b3cd33e87c7d35ddd3,2026-09-29T13:42:09Z,"ORGI Census of India 2011 table (GoI). ORGI site T&C: reproduce accurately, not derogatory/misleading, acknowledge source prominently. ORGI HLO tables are also published on data.gov.in, whose content is licensed under GODL-India (commercial use permitted with attribution); see LICENCE_AND_SOURCES.txt."
raw/DDW-HH0101-0200.xls,HL-01,PC11_HL01-02,"HL-01: Households (excluding institutional households) by the condition of census houses occupied by them, Himachal Pradesh - 2011",https://censusindia.gov.in/nada/index.php/catalog/7765,https://censusindia.gov.in/nada/index.php/catalog/7765/download/10877,38912,f285c1e80507bd3dbe7ff444bec680c65bb4c46adc96c0c18becaaeb06f88618,2026-09-29T13:42:09Z,"ORGI Census of India 2011 table (GoI). ORGI site T&C: reproduce accurately, not derogatory/misleading, acknowledge source prominently. ORGI HLO tables are also published on data.gov.in, whose content is licensed under GODL-India (commercial use permitted with attribution); see LICENCE_AND_SOURCES.txt."
raw/DDW-HH0101-0300.xls,HL-01,PC11_HL01-03,"HL-01: Households (excluding institutional households) by the condition of census houses occupied by them, Punjab - 2011",https://censusindia.gov.in/nada/index.php/catalog/7779,https://censusindia.gov.in/nada/index.php/catalog/7779/download/10891,49152,c9ea709cf5fbd45d8a56423ba6f9530214f6484e9bb9dde9076f2e79741f34ff,2026-09-29T13:42:10Z,"ORGI Census of India 2011 table (GoI). ORGI site T&C: reproduce accurately, not derogatory/misleading, acknowledge source prominently. ORGI HLO tables are also published on data.gov.in, whose content is licensed under GODL-India (commercial use permitted with attribution); see LICENCE_AND_SOURCES.txt."
raw/DDW-HH0101-0400.xls,HL-01,PC11_HL01-04,"HL-01: Households (excluding institutional households) by the condition of census houses occupied by them, Chandigarh - 2011",https://censusindia.gov.in/nada/index.php/catalog/7757,https://censusindia.gov.in/nada/index.php/catalog/7757/download/10869,31744,6d473726a5c5aa006770ffb13c467be9742908026fa63eefcd4f3f6ea9243104,2026-09-29T13:42:11Z,"ORGI Census of India 2011 table (GoI). ORGI site T&C: reproduce accurately, not derogatory/misleading, acknowledge source prominently. ORGI HLO tables are also published on data.gov.in, whose content is licensed under GODL-India (commercial use permitted with attribution); see LICENCE_AND_SOURCES.txt."
raw/DDW-HH0101-0500.xls,HL-01,PC11_HL01-05,"HL-01: Households (excluding institutional households) by the condition of census houses occupied by them, Uttarakhand - 2011",https://censusindia.gov.in/nada/index.php/catalog/7785,https://censusindia.gov.in/nada/index.php/catalog/7785/download/10897,40448,696cdceea0a42adc0be0d356b4b2aae0758d7cf83bbd2dfeac9b1fb40952c78d,2026-09-29T13:42:12Z,"ORGI Census of India 2011 table (GoI). ORGI site T&C: reproduce accurately, not derogatory/misleading, acknowledge source prominently. ORGI HLO tables are also published on data.gov.in, whose content is licensed under GODL-India (commercial use permitted with attribution); see LICENCE_AND_SOURCES.txt."
raw/DDW-HH0101-0600.xls,HL-01,PC11_HL01-06,"HL-01: Households (excluding institutional households) by the condition of census houses occupied by them, Haryana - 2011",https://censusindia.gov.in/nada/index.php/catalog/7764,https://censusindia.gov.in/nada/index.php/catalog/7764/download/10876,49152,8566969b35cc3be39c5d76d29afe3ff4059ae1d9f23e3943e05f27dd13b053ef,2026-09-29T13:42:13Z,"ORGI Census of India 2011 table (GoI). ORGI site T&C: reproduce accurately, not derogatory/misleading, acknowledge source prominently. ORGI HLO tables are also published on data.gov.in, whose content is licensed under GODL-India (commercial use permitted with attribution); see LICENCE_AND_SOURCES.txt."
raw/DDW-HH0101-0700.xls,HL-01,PC11_HL01-07,"HL-01: Households (excluding institutional households) by the condition of census houses occupied by them, NCT of Delhi - 2011",https://censusindia.gov.in/nada/index.php/catalog/7761,https://censusindia.gov.in/nada/index.php/catalog/7761/download/10873,47616,ceb3bac227c7d9060789d4d94e884234a8e1eff77e3e31dd59f40bb3d163b27f,2026-09-29T13:42:14Z,"ORGI Census of India 2011 table (GoI). ORGI site T&C: reproduce accurately, not derogatory/misleading, acknowledge source prominently. ORGI HLO tables are also published on data.gov.in, whose content is licensed under GODL-India (commercial use permitted with attribution); see LICENCE_AND_SOURCES.txt."
raw/DDW-HH0101-0800.xls,HL-01,PC11_HL01-08,"HL-01: Households (excluding institutional households) by the condition of census houses occupied by them, Rajasthan - 2011",https://censusindia.gov.in/nada/index.php/catalog/7780,https://censusindia.gov.in/nada/index.php/catalog/7780/download/10892,59904,0e9f9c99645087be934ab74454b26cd35df033210c450de453df31683f25b4f3,2026-09-29T13:42:14Z,"ORGI Census of India 2011 table (GoI). ORGI site T&C: reproduce accurately, not derogatory/misleading, acknowledge source prominently. ORGI HLO tables are also published on data.gov.in, whose content is licensed under GODL-India (commercial use permitted with attribution); see LICENCE_AND_SOURCES.txt."
raw/DDW-HH0101-0900.xls,HL-01,PC11_HL01-09,"HL-01: Households (excluding institutional households) by the condition of census houses occupied by them, Uttar Pradesh - 2011",https://censusindia.gov.in/nada/index.php/catalog/7784,https://censusindia.gov.in/nada/index.php/catalog/7784/download/10896,92160,e3ec99168a0019e67641c1ce3e593d15efdacdbc601c848b4a7e1c899a750dcd,2026-09-29T13:42:15Z,"ORGI Census of India 2011 table (GoI). ORGI site T&C: reproduce accurately, not derogatory/misleading, acknowledge source prominently. ORGI HLO tables are also published on data.gov.in, whose content is licensed under GODL-India (commercial use permitted with attribution); see LICENCE_AND_SOURCES.txt."
raw/DDW-HH0101-1000.xls,HL-01,PC11_HL01-10,"HL-01: Households (excluding institutional households) by the condition of census houses occupied by them, Bihar - 2011",https://censusindia.gov.in/nada/index.php/catalog/7756,https://censusindia.gov.in/nada/index.php/catalog/7756/download/10868,60928,584671ead627a80acbb175b5bad93178526be7cbc05e1b7927568c28168374db,2026-09-29T13:42:16Z,"ORGI Census of India 2011 table (GoI). ORGI site T&C: reproduce accurately, not derogatory/misleading, acknowledge source prominently. ORGI HLO tables are also published on data.gov.in, whose content is licensed under GODL-India (commercial use permitted with attribution); see LICENCE_AND_SOURCES.txt."
raw/DDW-HH0101-1100.xls,HL-01,PC11_HL01-11,"HL-01: Households (excluding institutional households) by the condition of census houses occupied by them, Sikkim - 2011",https://censusindia.gov.in/nada/index.php/catalog/7781,https://censusindia.gov.in/nada/index.php/catalog/7781/download/10893,33280,ccd3d1fa79465cfd7b31baf6b6b8004aa3369d713daa5b139155254790ef5df2,2026-09-29T13:42:17Z,"ORGI Census of India 2011 table (GoI). ORGI site T&C: reproduce accurately, not derogatory/misleading, acknowledge source prominently. ORGI HLO tables are also published on data.gov.in, whose content is licensed under GODL-India (commercial use permitted with attribution); see LICENCE_AND_SOURCES.txt."
raw/DDW-HH0101-1200.xls,HL-01,PC11_HL01-12,"HL-01: Households (excluding institutional households) by the condition of census houses occupied by them, Arunachal Pradesh - 2011",https://censusindia.gov.in/nada/index.php/catalog/7754,https://censusindia.gov.in/nada/index.php/catalog/7754/download/10866,40960,58be6c43bc94ccb2509b871e0644be7cdabf5fd9f921d28c50feae80e1c3bba4,2026-09-29T13:42:18Z,"ORGI Census of India 2011 table (GoI). ORGI site T&C: reproduce accurately, not derogatory/misleading, acknowledge source prominently. ORGI HLO tables are also published on data.gov.in, whose content is licensed under GODL-India (commercial use permitted with attribution); see LICENCE_AND_SOURCES.txt."
raw/DDW-HH0101-1300.xls,HL-01,PC11_HL01-13,"HL-01: Households (excluding institutional households) by the condition of census houses occupied by them, Nagaland - 2011",https://censusindia.gov.in/nada/index.php/catalog/7776,https://censusindia.gov.in/nada/index.php/catalog/7776/download/10888,37888,18453fadd10ce492e4a7973559aa20be9e992f29a5ab8ce3ff6811c7ef59d6c0,2026-09-29T13:42:19Z,"ORGI Census of India 2011 table (GoI). ORGI site T&C: reproduce accurately, not derogatory/misleading, acknowledge source prominently. ORGI HLO tables are also published on data.gov.in, whose content is licensed under GODL-India (commercial use permitted with attribution); see LICENCE_AND_SOURCES.txt."
raw/DDW-HH0101-1400.xls,HL-01,PC11_HL01-14,"HL-01: Households (excluding institutional households) by the condition of census houses occupied by them, Manipur - 2011",https://censusindia.gov.in/nada/index.php/catalog/7773,https://censusindia.gov.in/nada/index.php/catalog/7773/download/10885,28160,c14d7e0da0f93b251311222f74896143957db3e911d8c7e7942cba38d48ddbca,2026-09-29T13:42:19Z,"ORGI Census of India 2011 table (GoI). ORGI site T&C: reproduce accurately, not derogatory/misleading, acknowledge source prominently. ORGI HLO tables are also published on data.gov.in, whose content is licensed under GODL-India (commercial use permitted with attribution); see LICENCE_AND_SOURCES.txt."
raw/DDW-HH0101-1500.xls,HL-01,PC11_HL01-15,"HL-01: Households (excluding institutional households) by the condition of census houses occupied by them, Mizoram - 2011",https://censusindia.gov.in/nada/index.php/catalog/7775,https://censusindia.gov.in/nada/index.php/catalog/7775/download/10887,36352,aaf17b9bd0fb6044a57e5fb23dce1cfca6937189fa450d697603a4d8efba3db2,2026-09-29T13:42:20Z,"ORGI Census of India 2011 table (GoI). ORGI site T&C: reproduce accurately, not derogatory/misleading, acknowledge source prominently. ORGI HLO tables are also published on data.gov.in, whose content is licensed under GODL-India (commercial use permitted with attribution); see LICENCE_AND_SOURCES.txt."
raw/DDW-HH0101-1600.xls,HL-01,PC11_HL01-16,"HL-01: Households (excluding institutional households) by the condition of census houses occupied by them, Tripura - 2011",https://censusindia.gov.in/nada/index.php/catalog/7783,https://censusindia.gov.in/nada/index.php/catalog/7783/download/10895,33792,09d24064d1502cd0b9814f83f97cd1066ab2c8f5c1ea3f1708e583effc0892ef,2026-09-29T13:42:21Z,"ORGI Census of India 2011 table (GoI). ORGI site T&C: reproduce accurately, not derogatory/misleading, acknowledge source prominently. ORGI HLO tables are also published on data.gov.in, whose content is licensed under GODL-India (commercial use permitted with attribution); see LICENCE_AND_SOURCES.txt."
raw/DDW-HH0101-1700.xls,HL-01,PC11_HL01-17,"HL-01: Households (excluding institutional households) by the condition of census houses occupied by them, Meghalaya - 2011",https://censusindia.gov.in/nada/index.php/catalog/7774,https://censusindia.gov.in/nada/index.php/catalog/7774/download/10886,35840,f40d491461ebbc9845876ce0b4811d57eb8761ead73530740e95ba2dfffaba4c,2026-09-29T13:42:22Z,"ORGI Census of India 2011 table (GoI). ORGI site T&C: reproduce accurately, not derogatory/misleading, acknowledge source prominently. ORGI HLO tables are also published on data.gov.in, whose content is licensed under GODL-India (commercial use permitted with attribution); see LICENCE_AND_SOURCES.txt."
raw/DDW-HH0101-1800.xls,HL-01,PC11_HL01-18,"HL-01: Households (excluding institutional households) by the condition of census houses occupied by them, Assam - 2011",https://censusindia.gov.in/nada/index.php/catalog/7755,https://censusindia.gov.in/nada/index.php/catalog/7755/download/10867,50176,a90c09d1554048a5898f8962ab045bf744604935d17ef546f4f418ef4d6b5955,2026-09-29T13:42:23Z,"ORGI Census of India 2011 table (GoI). ORGI site T&C: reproduce accurately, not derogatory/misleading, acknowledge source prominently. ORGI HLO tables are also published on data.gov.in, whose content is licensed under GODL-India (commercial use permitted with attribution); see LICENCE_AND_SOURCES.txt."
raw/DDW-HH0101-1900.xls,HL-01,PC11_HL01-19,"HL-01: Households (excluding institutional households) by the condition of census houses occupied by them, West Bengal - 2011",https://censusindia.gov.in/nada/index.php/catalog/7786,https://censusindia.gov.in/nada/index.php/catalog/7786/download/10898,58368,136e2f1f410f9b9d27db7deb19ec854fa195a391ed43da2e0e924c8db5532f5b,2026-09-29T13:42:24Z,"ORGI Census of India 2011 table (GoI). ORGI site T&C: reproduce accurately, not derogatory/misleading, acknowledge source prominently. ORGI HLO tables are also published on data.gov.in, whose content is licensed under GODL-India (commercial use permitted with attribution); see LICENCE_AND_SOURCES.txt."
raw/DDW-HH0101-2000.xls,HL-01,PC11_HL01-20,"HL-01: Households (excluding institutional households) by the condition of census houses occupied by them, Jharkhand - 2011",https://censusindia.gov.in/nada/index.php/catalog/7767,https://censusindia.gov.in/nada/index.php/catalog/7767/download/10879,48640,2b0dbe3f6c2efb0802c103cf1f6c3239a05fddcd42dd66109ec99e437b10b815,2026-09-29T13:42:24Z,"ORGI Census of India 2011 table (GoI). ORGI site T&C: reproduce accurately, not derogatory/misleading, acknowledge source prominently. ORGI HLO tables are also published on data.gov.in, whose content is licensed under GODL-India (commercial use permitted with attribution); see LICENCE_AND_SOURCES.txt."
raw/DDW-HH0101-2100.xls,HL-01,PC11_HL01-21,"HL-01: Households (excluding institutional households) by the condition of census houses occupied by them, Odisha - 2011",https://censusindia.gov.in/nada/index.php/catalog/7777,https://censusindia.gov.in/nada/index.php/catalog/7777/download/10889,52736,2f55274a4f24a4551226af2c154e1d7ae271b07a6327570df46901f5b236689a,2026-09-29T13:42:25Z,"ORGI Census of India 2011 table (GoI). ORGI site T&C: reproduce accurately, not derogatory/misleading, acknowledge source prominently. ORGI HLO tables are also published on data.gov.in, whose content is licensed under GODL-India (commercial use permitted with attribution); see LICENCE_AND_SOURCES.txt."
raw/DDW-HH0101-2200.xls,HL-01,PC11_HL01-22,"HL-01: Households (excluding institutional households) by the condition of census houses occupied by them, Chhattisgarh - 2011",https://censusindia.gov.in/nada/index.php/catalog/7758,https://censusindia.gov.in/nada/index.php/catalog/7758/download/10870,45568,01c3103bf91beb17c37ae19ba04e63c121617faef5b89951a9c4de8045b3bd7a,2026-09-29T13:42:26Z,"ORGI Census of India 2011 table (GoI). ORGI site T&C: reproduce accurately, not derogatory/misleading, acknowledge source prominently. ORGI HLO tables are also published on data.gov.in, whose content is licensed under GODL-India (commercial use permitted with attribution); see LICENCE_AND_SOURCES.txt."
raw/DDW-HH0101-2300.xls,HL-01,PC11_HL01-23,"HL-01: Households (excluding institutional households) by the condition of census houses occupied by them, Madhya Pradesh - 2011",https://censusindia.gov.in/nada/index.php/catalog/7771,https://censusindia.gov.in/nada/index.php/catalog/7771/download/10883,70656,e3e3582455d3cb83da9c5e5010bc2661709d1396533f5f46fdb9e881adfb30bb,2026-09-29T13:42:27Z,"ORGI Census of India 2011 table (GoI). ORGI site T&C: reproduce accurately, not derogatory/misleading, acknowledge source prominently. ORGI HLO tables are also published on data.gov.in, whose content is licensed under GODL-India (commercial use permitted with attribution); see LICENCE_AND_SOURCES.txt."
raw/DDW-HH0101-2400.xls,HL-01,PC11_HL01-24,"HL-01: Households (excluding institutional households) by the condition of census houses occupied by them, Gujarat - 2011",https://censusindia.gov.in/nada/index.php/catalog/7763,https://censusindia.gov.in/nada/index.php/catalog/7763/download/10875,56320,3024b83f49a6807a0ff09341761ac0802e6b7385c505e6e9a899f19809368445,2026-09-29T13:42:28Z,"ORGI Census of India 2011 table (GoI). ORGI site T&C: reproduce accurately, not derogatory/misleading, acknowledge source prominently. ORGI HLO tables are also published on data.gov.in, whose content is licensed under GODL-India (commercial use permitted with attribution); see LICENCE_AND_SOURCES.txt."
raw/DDW-HH0101-2500.xls,HL-01,PC11_HL01-25,"HL-01: Households (excluding institutional households) by the condition of census houses occupied by them, Daman & Diu - 2011",https://censusindia.gov.in/nada/index.php/catalog/7760,https://censusindia.gov.in/nada/index.php/catalog/7760/download/10872,32256,063f07fe0083752bf7e59f5d7e0c50a5b3296f13f1373fd5364cc114575098cb,2026-09-29T13:42:29Z,"ORGI Census of India 2011 table (GoI). ORGI site T&C: reproduce accurately, not derogatory/misleading, acknowledge source prominently. ORGI HLO tables are also published on data.gov.in, whose content is licensed under GODL-India (commercial use permitted with attribution); see LICENCE_AND_SOURCES.txt."
raw/DDW-HH0101-2600.xls,HL-01,PC11_HL01-26,"HL-01: Households (excluding institutional households) by the condition of census houses occupied by them, Dadra & Nagar Haveli - 2011",https://censusindia.gov.in/nada/index.php/catalog/7759,https://censusindia.gov.in/nada/index.php/catalog/7759/download/10871,31744,b269e08b84c3498562966788e53990c3537bd318f5b08b1f473e17815a55e012,2026-09-29T13:42:30Z,"ORGI Census of India 2011 table (GoI). ORGI site T&C: reproduce accurately, not derogatory/misleading, acknowledge source prominently. ORGI HLO tables are also published on data.gov.in, whose content is licensed under GODL-India (commercial use permitted with attribution); see LICENCE_AND_SOURCES.txt."
raw/DDW-HH0101-2700.xls,HL-01,PC11_HL01-27,"HL-01: Households (excluding institutional households) by the condition of census houses occupied by them, Maharashtra - 2011",https://censusindia.gov.in/nada/index.php/catalog/7772,https://censusindia.gov.in/nada/index.php/catalog/7772/download/10884,65024,62c7aecc411e13674eac3884cd4d7ef1d2053f6c037910c5fac2d8425e74d418,2026-09-29T13:42:30Z,"ORGI Census of India 2011 table (GoI). ORGI site T&C: reproduce accurately, not derogatory/misleading, acknowledge source prominently. ORGI HLO tables are also published on data.gov.in, whose content is licensed under GODL-India (commercial use permitted with attribution); see LICENCE_AND_SOURCES.txt."
raw/DDW-HH0101-2800.xls,HL-01,PC11_HL01-28,"HL-01: Households (excluding institutional households) by the condition of census houses occupied by them, Andhra Pradesh - 2011",https://censusindia.gov.in/nada/index.php/catalog/7753,https://censusindia.gov.in/nada/index.php/catalog/7753/download/10865,134656,2fbe0db111eda801db4503e01aedfe8d2c35fa58f778e861bab2097107716d8f,2026-09-29T13:42:31Z,"ORGI Census of India 2011 table (GoI). ORGI site T&C: reproduce accurately, not derogatory/misleading, acknowledge source prominently. ORGI HLO tables are also published on data.gov.in, whose content is licensed under GODL-India (commercial use permitted with attribution); see LICENCE_AND_SOURCES.txt."
raw/DDW-HH0101-2900.xls,HL-01,PC11_HL01-29,"HL-01: Households (excluding institutional households) by the condition of census houses occupied by them, Karnataka - 2011",https://censusindia.gov.in/nada/index.php/catalog/7768,https://censusindia.gov.in/nada/index.php/catalog/7768/download/10880,56320,eb1286a1a05fd1fc7be6929c4b1a594e2dba8681b36bbd841b60b7f4c89ac5b7,2026-09-29T13:42:32Z,"ORGI Census of India 2011 table (GoI). ORGI site T&C: reproduce accurately, not derogatory/misleading, acknowledge source prominently. ORGI HLO tables are also published on data.gov.in, whose content is licensed under GODL-India (commercial use permitted with attribution); see LICENCE_AND_SOURCES.txt."
raw/DDW-HH0101-3000.xls,HL-01,PC11_HL01-30,"HL-01: Households (excluding institutional households) by the condition of census houses occupied by them, Goa - 2011",https://censusindia.gov.in/nada/index.php/catalog/7762,https://censusindia.gov.in/nada/index.php/catalog/7762/download/10874,32256,65efb2e14edb6e753e8d958b29637f36f40b1000f476dc3b082fd7256688762e,2026-09-29T13:42:33Z,"ORGI Census of India 2011 table (GoI). ORGI site T&C: reproduce accurately, not derogatory/misleading, acknowledge source prominently. ORGI HLO tables are also published on data.gov.in, whose content is licensed under GODL-India (commercial use permitted with attribution); see LICENCE_AND_SOURCES.txt."
raw/DDW-HH0101-3100.xls,HL-01,PC11_HL01-31,"HL-01: Households (excluding institutional households) by the condition of census houses occupied by them, Lakshadweep - 2011",https://censusindia.gov.in/nada/index.php/catalog/7770,https://censusindia.gov.in/nada/index.php/catalog/7770/download/10882,31744,4312fadffec57237b7fa9e927c8722d8931742677543e203e931abc218032d8c,2026-09-29T13:42:34Z,"ORGI Census of India 2011 table (GoI). ORGI site T&C: reproduce accurately, not derogatory/misleading, acknowledge source prominently. ORGI HLO tables are also published on data.gov.in, whose content is licensed under GODL-India (commercial use permitted with attribution); see LICENCE_AND_SOURCES.txt."
raw/DDW-HH0101-3200.xls,HL-01,PC11_HL01-32,"HL-01: Households (excluding institutional households) by the condition of census houses occupied by them, Kerala - 2011",https://censusindia.gov.in/nada/index.php/catalog/7769,https://censusindia.gov.in/nada/index.php/catalog/7769/download/10881,44032,d380ae3d4a1c7b5932a21bf32f6268795c0afa277da9fbb228a5518e5304c1f1,2026-09-29T13:42:35Z,"ORGI Census of India 2011 table (GoI). ORGI site T&C: reproduce accurately, not derogatory/misleading, acknowledge source prominently. ORGI HLO tables are also published on data.gov.in, whose content is licensed under GODL-India (commercial use permitted with attribution); see LICENCE_AND_SOURCES.txt."
raw/DDW-HH0101-3300.xls,HL-01,PC11_HL01-33,"HL-01: Households (excluding institutional households) by the condition of census houses occupied by them, Tamil Nadu - 2011",https://censusindia.gov.in/nada/index.php/catalog/7782,https://censusindia.gov.in/nada/index.php/catalog/7782/download/10894,59392,31126265687a66c2fd0e476de876effcee22159e097da546f4c1350c069e9f82,2026-09-29T13:42:35Z,"ORGI Census of India 2011 table (GoI). ORGI site T&C: reproduce accurately, not derogatory/misleading, acknowledge source prominently. ORGI HLO tables are also published on data.gov.in, whose content is licensed under GODL-India (commercial use permitted with attribution); see LICENCE_AND_SOURCES.txt."
raw/DDW-HH0101-3400.xls,HL-01,PC11_HL01-34,"HL-01: Households (excluding institutional households) by the condition of census houses occupied by them, Puducherry - 2011",https://censusindia.gov.in/nada/index.php/catalog/7778,https://censusindia.gov.in/nada/index.php/catalog/7778/download/10890,33792,57f15f66580944d87af8f0696f041dc21488c4cb6e311c9760ea0b311778a76e,2026-09-29T13:42:36Z,"ORGI Census of India 2011 table (GoI). ORGI site T&C: reproduce accurately, not derogatory/misleading, acknowledge source prominently. ORGI HLO tables are also published on data.gov.in, whose content is licensed under GODL-India (commercial use permitted with attribution); see LICENCE_AND_SOURCES.txt."
raw/DDW-HH0101-3500.xls,HL-01,PC11_HL01-35,"HL-01: Households (excluding institutional households) by the condition of census houses occupied by them, Andaman and Nicobar Islands - 2011",https://censusindia.gov.in/nada/index.php/catalog/7752,https://censusindia.gov.in/nada/index.php/catalog/7752/download/10864,33280,f9e1b47d4ccf692e7a2f1ddb654cdc74271cb3f925425ddd80ce2ccf45c09560,2026-09-29T13:42:37Z,"ORGI Census of India 2011 table (GoI). ORGI site T&C: reproduce accurately, not derogatory/misleading, acknowledge source prominently. ORGI HLO tables are also published on data.gov.in, whose content is licensed under GODL-India (commercial use permitted with attribution); see LICENCE_AND_SOURCES.txt."
raw/DDW-HH2206-0000.xls,HL-06,PC11_HL06-00,"HL-06: Households (excluding institutional households) by main source of drinking water and location, India - 2011",https://censusindia.gov.in/nada/index.php/catalog/8444,https://censusindia.gov.in/nada/index.php/catalog/8444/download/11556,221696,f74b547f84919ef290775b82e48ccd8f787e2e5824da67b1114939e02d0d51ed,2026-09-29T13:42:38Z,"ORGI Census of India 2011 table (GoI). ORGI site T&C: reproduce accurately, not derogatory/misleading, acknowledge source prominently. ORGI HLO tables are also published on data.gov.in, whose content is licensed under GODL-India (commercial use permitted with attribution); see LICENCE_AND_SOURCES.txt."
raw/DDW-HH2206-0100.xls,HL-06,PC11_HL06-01,"HL-06: Households (excluding institutional households) by main source of drinking water and location, Jammu and Kashmir - 2011",https://censusindia.gov.in/nada/index.php/catalog/8459,https://censusindia.gov.in/nada/index.php/catalog/8459/download/11571,413184,7ce158b1782c59c1a89855a9a098f1eb935e96e8fb9b9ca205fab9827f6a8f7c,2026-09-29T13:42:39Z,"ORGI Census of India 2011 table (GoI). ORGI site T&C: reproduce accurately, not derogatory/misleading, acknowledge source prominently. ORGI HLO tables are also published on data.gov.in, whose content is licensed under GODL-India (commercial use permitted with attribution); see LICENCE_AND_SOURCES.txt."
raw/DDW-HH2206-0200.xls,HL-06,PC11_HL06-02,"HL-06: Households (excluding institutional households) by main source of drinking water and location, Himachal Pradesh - 2011",https://censusindia.gov.in/nada/index.php/catalog/8458,https://censusindia.gov.in/nada/index.php/catalog/8458/download/11570,417280,ef397f3e7005632532f3474edca07f8d158b3919d8742404d3808e34a004dbfa,2026-09-29T13:42:40Z,"ORGI Census of India 2011 table (GoI). ORGI site T&C: reproduce accurately, not derogatory/misleading, acknowledge source prominently. ORGI HLO tables are also published on data.gov.in, whose content is licensed under GODL-India (commercial use permitted with attribution); see LICENCE_AND_SOURCES.txt."
raw/DDW-HH2206-0300.xls,HL-06,PC11_HL06-03,"HL-06: Households (excluding institutional households) by main source of drinking water and location, Punjab - 2011",https://censusindia.gov.in/nada/index.php/catalog/8472,https://censusindia.gov.in/nada/index.php/catalog/8472/download/11584,477184,0cf8a6725d1c5bccbd43083d3c31d3dacc6eba02277760e8404b03c6c25af2bd,2026-09-29T13:42:41Z,"ORGI Census of India 2011 table (GoI). ORGI site T&C: reproduce accurately, not derogatory/misleading, acknowledge source prominently. ORGI HLO tables are also published on data.gov.in, whose content is licensed under GODL-India (commercial use permitted with attribution); see LICENCE_AND_SOURCES.txt."
raw/DDW-HH2206-0400.xls,HL-06,PC11_HL06-04,"HL-06: Households (excluding institutional households) by main source of drinking water and location, Chandigarh - 2011",https://censusindia.gov.in/nada/index.php/catalog/8450,https://censusindia.gov.in/nada/index.php/catalog/8450/download/11562,43008,b5fbc39fd4dae09ff67ecaf74ca91e67f402ee5ad3faa8a43464949af151d696,2026-09-29T13:42:42Z,"ORGI Census of India 2011 table (GoI). ORGI site T&C: reproduce accurately, not derogatory/misleading, acknowledge source prominently. ORGI HLO tables are also published on data.gov.in, whose content is licensed under GODL-India (commercial use permitted with attribution); see LICENCE_AND_SOURCES.txt."
raw/DDW-HH2206-0500.xls,HL-06,PC11_HL06-05,"HL-06: Households (excluding institutional households) by main source of drinking water and location, Uttarakhand - 2011",https://censusindia.gov.in/nada/index.php/catalog/8478,https://censusindia.gov.in/nada/index.php/catalog/8478/download/11590,371200,0e76f49ce30a8e909ff6bd9bde13bb19a726bbfc0a711d8b232953d225ae135b,2026-09-29T13:42:43Z,"ORGI Census of India 2011 table (GoI). ORGI site T&C: reproduce accurately, not derogatory/misleading, acknowledge source prominently. ORGI HLO tables are also published on data.gov.in, whose content is licensed under GODL-India (commercial use permitted with attribution); see LICENCE_AND_SOURCES.txt."
raw/DDW-HH2206-0600.xls,HL-06,PC11_HL06-06,"HL-06: Households (excluding institutional households) by main source of drinking water and location, Haryana - 2011",https://censusindia.gov.in/nada/index.php/catalog/8457,https://censusindia.gov.in/nada/index.php/catalog/8457/download/11569,413184,403d20bee8fc0472c1f083be59369688cd9aef6903c8d47433b78f31399492eb,2026-09-29T13:42:44Z,"ORGI Census of India 2011 table (GoI). ORGI site T&C: reproduce accurately, not derogatory/misleading, acknowledge source prominently. ORGI HLO tables are also published on data.gov.in, whose content is licensed under GODL-India (commercial use permitted with attribution); see LICENCE_AND_SOURCES.txt."
raw/DDW-HH2206-0700.xls,HL-06,PC11_HL06-07,"HL-06: Households (excluding institutional households) by main source of drinking water and location, NCT of Delhi - 2011",https://censusindia.gov.in/nada/index.php/catalog/8454,https://censusindia.gov.in/nada/index.php/catalog/8454/download/11566,254464,2cc88da6b61c6af6934a2f514436bcbf7fd9605baeb68a179d28fe0a22099466,2026-09-29T13:42:45Z,"ORGI Census of India 2011 table (GoI). ORGI site T&C: reproduce accurately, not derogatory/misleading, acknowledge source prominently. ORGI HLO tables are also published on data.gov.in, whose content is licensed under GODL-India (commercial use permitted with attribution); see LICENCE_AND_SOURCES.txt."
raw/DDW-HH2206-0800.xls,HL-06,PC11_HL06-08,"HL-06: Households (excluding institutional households) by main source of drinking water and location, Rajasthan - 2011",https://censusindia.gov.in/nada/index.php/catalog/8473,https://censusindia.gov.in/nada/index.php/catalog/8473/download/11585,1010176,5d4bd2d1f16b1b00ec9eb5c5fae536da20a252e8550fc08e91ce56ad944955fe,2026-09-29T13:42:46Z,"ORGI Census of India 2011 table (GoI). ORGI site T&C: reproduce accurately, not derogatory/misleading, acknowledge source prominently. ORGI HLO tables are also published on data.gov.in, whose content is licensed under GODL-India (commercial use permitted with attribution); see LICENCE_AND_SOURCES.txt."
raw/DDW-HH2206-0900.xls,HL-06,PC11_HL06-09,"HL-06: Households (excluding institutional households) by main source of drinking water and location, Uttar Pradesh - 2011",https://censusindia.gov.in/nada/index.php/catalog/8477,https://censusindia.gov.in/nada/index.php/catalog/8477/download/11589,1819648,8edc7e2b6cac9df1a23ba0f0126f83049b9c066a0a2acf7fc930c13386f37930,2026-09-29T13:42:47Z,"ORGI Census of India 2011 table (GoI). ORGI site T&C: reproduce accurately, not derogatory/misleading, acknowledge source prominently. ORGI HLO tables are also published on data.gov.in, whose content is licensed under GODL-India (commercial use permitted with attribution); see LICENCE_AND_SOURCES.txt."
raw/DDW-HH2206-1000.xls,HL-06,PC11_HL06-10,"HL-06: Households (excluding institutional households) by main source of drinking water and location, Bihar - 2011",https://censusindia.gov.in/nada/index.php/catalog/8449,https://censusindia.gov.in/nada/index.php/catalog/8449/download/11561,1682432,cf05d59d61efc3e10c68947b16208fcee080e2a3d7e6c2aa2355e66e28acc6de,2026-09-29T13:42:49Z,"ORGI Census of India 2011 table (GoI). ORGI site T&C: reproduce accurately, not derogatory/misleading, acknowledge source prominently. ORGI HLO tables are also published on data.gov.in, whose content is licensed under GODL-India (commercial use permitted with attribution); see LICENCE_AND_SOURCES.txt."
raw/DDW-HH2206-1100.xls,HL-06,PC11_HL06-11,"HL-06: Households (excluding institutional households) by main source of drinking water and location, Sikkim - 2011",https://censusindia.gov.in/nada/index.php/catalog/8474,https://censusindia.gov.in/nada/index.php/catalog/8474/download/11586,74752,dee288b85c905bbf5bfbc3c74a1d53f5f53990b21e36bbdfdd09692d1bef9c1b,2026-09-29T13:42:49Z,"ORGI Census of India 2011 table (GoI). ORGI site T&C: reproduce accurately, not derogatory/misleading, acknowledge source prominently. ORGI HLO tables are also published on data.gov.in, whose content is licensed under GODL-India (commercial use permitted with attribution); see LICENCE_AND_SOURCES.txt."
raw/DDW-HH2206-1200.xls,HL-06,PC11_HL06-12,"HL-06: Households (excluding institutional households) by main source of drinking water and location, Arunachal Pradesh - 2011",https://censusindia.gov.in/nada/index.php/catalog/8447,https://censusindia.gov.in/nada/index.php/catalog/8447/download/11559,582656,da2167727f6882b181d390a694e8ebc9c8024b1fa8e48c714b414593f1fb425f,2026-09-29T13:42:50Z,"ORGI Census of India 2011 table (GoI). ORGI site T&C: reproduce accurately, not derogatory/misleading, acknowledge source prominently. ORGI HLO tables are also published on data.gov.in, whose content is licensed under GODL-India (commercial use permitted with attribution); see LICENCE_AND_SOURCES.txt."
raw/DDW-HH2206-1300.xls,HL-06,PC11_HL06-13,"HL-06: Households (excluding institutional households) by main source of drinking water and location, Nagaland - 2011",https://censusindia.gov.in/nada/index.php/catalog/8469,https://censusindia.gov.in/nada/index.php/catalog/8469/download/11581,377856,5bcf9005f17fce83bab4cc1092492646116d65ccf3e8351e33b241622fcf95c7,2026-09-29T13:42:51Z,"ORGI Census of India 2011 table (GoI). ORGI site T&C: reproduce accurately, not derogatory/misleading, acknowledge source prominently. ORGI HLO tables are also published on data.gov.in, whose content is licensed under GODL-India (commercial use permitted with attribution); see LICENCE_AND_SOURCES.txt."
raw/DDW-HH2206-1400.xls,HL-06,PC11_HL06-14,"HL-06: Households (excluding institutional households) by main source of drinking water and location, Manipur - 2011",https://censusindia.gov.in/nada/index.php/catalog/8466,https://censusindia.gov.in/nada/index.php/catalog/8466/download/11578,197120,a56afd01c54ff2ba22222b8a2f3ad0f808ec64bb23e9fe0fc60f6d1750a5abf1,2026-09-29T13:42:52Z,"ORGI Census of India 2011 table (GoI). ORGI site T&C: reproduce accurately, not derogatory/misleading, acknowledge source prominently. ORGI HLO tables are also published on data.gov.in, whose content is licensed under GODL-India (commercial use permitted with attribution); see LICENCE_AND_SOURCES.txt."
raw/DDW-HH2206-1500.xls,HL-06,PC11_HL06-15,"HL-06: Households (excluding institutional households) by main source of drinking water and location, Mizoram - 2011",https://censusindia.gov.in/nada/index.php/catalog/8468,https://censusindia.gov.in/nada/index.php/catalog/8468/download/11580,148480,13108029183c47afeaaf0280c403418ade2180d60f629f3756a410575b49b61c,2026-09-29T13:42:53Z,"ORGI Census of India 2011 table (GoI). ORGI site T&C: reproduce accurately, not derogatory/misleading, acknowledge source prominently. ORGI HLO tables are also published on data.gov.in, whose content is licensed under GODL-India (commercial use permitted with attribution); see LICENCE_AND_SOURCES.txt."
raw/DDW-HH2206-1600.xls,HL-06,PC11_HL06-16,"HL-06: Households (excluding institutional households) by main source of drinking water and location, Tripura - 2011",https://censusindia.gov.in/nada/index.php/catalog/8476,https://censusindia.gov.in/nada/index.php/catalog/8476/download/11588,193024,774ae380d9b84cdb1a8a3da404b1e414b9a4e6ae436711feb3d0cb4f54c4cee1,2026-09-29T13:42:54Z,"ORGI Census of India 2011 table (GoI). ORGI site T&C: reproduce accurately, not derogatory/misleading, acknowledge source prominently. ORGI HLO tables are also published on data.gov.in, whose content is licensed under GODL-India (commercial use permitted with attribution); see LICENCE_AND_SOURCES.txt."
raw/DDW-HH2206-1700.xls,HL-06,PC11_HL06-17,"HL-06: Households (excluding institutional households) by main source of drinking water and location, Meghalaya - 2011",https://censusindia.gov.in/nada/index.php/catalog/8467,https://censusindia.gov.in/nada/index.php/catalog/8467/download/11579,171008,5307a9f733531e3cb68e943ff3eacd0b08b613805696f5df9381b4f410886c5a,2026-09-29T13:42:55Z,"ORGI Census of India 2011 table (GoI). ORGI site T&C: reproduce accurately, not derogatory/misleading, acknowledge source prominently. ORGI HLO tables are also published on data.gov.in, whose content is licensed under GODL-India (commercial use permitted with attribution); see LICENCE_AND_SOURCES.txt."
raw/DDW-HH2206-1800.xls,HL-06,PC11_HL06-18,"HL-06: Households (excluding institutional households) by main source of drinking water and location, Assam - 2011",https://censusindia.gov.in/nada/index.php/catalog/8448,https://censusindia.gov.in/nada/index.php/catalog/8448/download/11560,795136,38212489c7d5519246871c1d75e076f7f120da3da91e7b7ac9be4862aad1ec1c,2026-09-29T13:42:56Z,"ORGI Census of India 2011 table (GoI). ORGI site T&C: reproduce accurately, not derogatory/misleading, acknowledge source prominently. ORGI HLO tables are also published on data.gov.in, whose content is licensed under GODL-India (commercial use permitted with attribution); see LICENCE_AND_SOURCES.txt."
raw/DDW-HH2206-1900.xls,HL-06,PC11_HL06-19,"HL-06: Households (excluding institutional households) by main source of drinking water and location, West Bengal - 2011",https://censusindia.gov.in/nada/index.php/catalog/8479,https://censusindia.gov.in/nada/index.php/catalog/8479/download/11591,1812480,74623f31fcdeb18a1b4bd8038f149103caec521b5ea36e357621e8db36fadc99,2026-09-29T13:42:57Z,"ORGI Census of India 2011 table (GoI). ORGI site T&C: reproduce accurately, not derogatory/misleading, acknowledge source prominently. ORGI HLO tables are also published on data.gov.in, whose content is licensed under GODL-India (commercial use permitted with attribution); see LICENCE_AND_SOURCES.txt."
raw/DDW-HH2206-2000.xls,HL-06,PC11_HL06-20,"HL-06: Households (excluding institutional households) by main source of drinking water and location, Jharkhand - 2011",https://censusindia.gov.in/nada/index.php/catalog/8460,https://censusindia.gov.in/nada/index.php/catalog/8460/download/11572,962560,86a748b4175b0f64b068aedde5d522e57b6b7b6cb7b23608ebb948c7af3541f2,2026-09-29T13:43:00Z,"ORGI Census of India 2011 table (GoI). ORGI site T&C: reproduce accurately, not derogatory/misleading, acknowledge source prominently. ORGI HLO tables are also published on data.gov.in, whose content is licensed under GODL-India (commercial use permitted with attribution); see LICENCE_AND_SOURCES.txt."
raw/DDW-HH2206-2100.xls,HL-06,PC11_HL06-21,"HL-06: Households (excluding institutional households) by main source of drinking water and location, Odisha - 2011",https://censusindia.gov.in/nada/index.php/catalog/8470,https://censusindia.gov.in/nada/index.php/catalog/8470/download/11582,1534976,e1b6c84c780c763784bfcb5b634d5568f95265d39fa28c78dc53eab705529eac,2026-09-29T13:43:02Z,"ORGI Census of India 2011 table (GoI). ORGI site T&C: reproduce accurately, not derogatory/misleading, acknowledge source prominently. ORGI HLO tables are also published on data.gov.in, whose content is licensed under GODL-India (commercial use permitted with attribution); see LICENCE_AND_SOURCES.txt."
raw/DDW-HH2206-2200.xls,HL-06,PC11_HL06-22,"HL-06: Households (excluding institutional households) by main source of drinking water and location, Chhattisgarh - 2011",https://censusindia.gov.in/nada/index.php/catalog/8451,https://censusindia.gov.in/nada/index.php/catalog/8451/download/11563,637952,7b2267b845d72a7f5150ad9374aa15e140fc583c1f8c01bf32dd865cfe8d016f,2026-09-29T13:43:03Z,"ORGI Census of India 2011 table (GoI). ORGI site T&C: reproduce accurately, not derogatory/misleading, acknowledge source prominently. ORGI HLO tables are also published on data.gov.in, whose content is licensed under GODL-India (commercial use permitted with attribution); see LICENCE_AND_SOURCES.txt."
raw/DDW-HH2206-2300.xls,HL-06,PC11_HL06-23,"HL-06: Households (excluding institutional households) by main source of drinking water and location, Madhya Pradesh - 2011",https://censusindia.gov.in/nada/index.php/catalog/8464,https://censusindia.gov.in/nada/index.php/catalog/8464/download/11576,1462272,e5fe71c90e441bfa3ade0c55a30e82535c24f860a479ea926f903b076bd2f0cd,2026-09-29T13:43:05Z,"ORGI Census of India 2011 table (GoI). ORGI site T&C: reproduce accurately, not derogatory/misleading, acknowledge source prominently. ORGI HLO tables are also published on data.gov.in, whose content is licensed under GODL-India (commercial use permitted with attribution); see LICENCE_AND_SOURCES.txt."
raw/DDW-HH2206-2400.xls,HL-06,PC11_HL06-24,"HL-06: Households (excluding institutional households) by main source of drinking water and location, Gujarat - 2011",https://censusindia.gov.in/nada/index.php/catalog/8456,https://censusindia.gov.in/nada/index.php/catalog/8456/download/11568,989184,3b8e965ac28aa08c853ecc8cccfa191fe804693ba490dcb6375878a1836751b6,2026-09-29T13:43:06Z,"ORGI Census of India 2011 table (GoI). ORGI site T&C: reproduce accurately, not derogatory/misleading, acknowledge source prominently. ORGI HLO tables are also published on data.gov.in, whose content is licensed under GODL-India (commercial use permitted with attribution); see LICENCE_AND_SOURCES.txt."
raw/DDW-HH2206-2500.xls,HL-06,PC11_HL06-25,"HL-06: Households (excluding institutional households) by main source of drinking water and location, Daman & Diu - 2011",https://censusindia.gov.in/nada/index.php/catalog/8453,https://censusindia.gov.in/nada/index.php/catalog/8453/download/11565,50176,9411851509df0f7c10d23c2c2d9ba582722f3ff3ff42626897a1928e9cfdac57,2026-09-29T13:43:07Z,"ORGI Census of India 2011 table (GoI). ORGI site T&C: reproduce accurately, not derogatory/misleading, acknowledge source prominently. ORGI HLO tables are also published on data.gov.in, whose content is licensed under GODL-India (commercial use permitted with attribution); see LICENCE_AND_SOURCES.txt."
raw/DDW-HH2206-2600.xls,HL-06,PC11_HL06-26,"HL-06: Households (excluding institutional households) by main source of drinking water and location, Dadra & Nagar Haveli - 2011",https://censusindia.gov.in/nada/index.php/catalog/8452,https://censusindia.gov.in/nada/index.php/catalog/8452/download/11564,43520,b30816f45ca2b2b260882675f7a599a3fbd76044f75247fa7816064f83ba36e5,2026-09-29T13:43:08Z,"ORGI Census of India 2011 table (GoI). ORGI site T&C: reproduce accurately, not derogatory/misleading, acknowledge source prominently. ORGI HLO tables are also published on data.gov.in, whose content is licensed under GODL-India (commercial use permitted with attribution); see LICENCE_AND_SOURCES.txt."
raw/DDW-HH2206-2700.xls,HL-06,PC11_HL06-27,"HL-06: Households (excluding institutional households) by main source of drinking water and location, Maharashtra - 2011",https://censusindia.gov.in/nada/index.php/catalog/8465,https://censusindia.gov.in/nada/index.php/catalog/8465/download/11577,1513472,d36ab7de0648df1601fdc8090fc5684a3055ce6acca47512aad1a503c65925fc,2026-09-29T13:43:10Z,"ORGI Census of India 2011 table (GoI). ORGI site T&C: reproduce accurately, not derogatory/misleading, acknowledge source prominently. ORGI HLO tables are also published on data.gov.in, whose content is licensed under GODL-India (commercial use permitted with attribution); see LICENCE_AND_SOURCES.txt."
raw/DDW-HH2206-2800.xls,HL-06,PC11_HL06-28,"HL-06: Households (excluding institutional households) by main source of drinking water and location, Andhra Pradesh - 2011",https://censusindia.gov.in/nada/index.php/catalog/8446,https://censusindia.gov.in/nada/index.php/catalog/8446/download/11558,3382784,891a4a61b3cb1b2834b4274beb00b54a6dbb0ba9f363266d34358fa6d2800a10,2026-09-29T13:43:13Z,"ORGI Census of India 2011 table (GoI). ORGI site T&C: reproduce accurately, not derogatory/misleading, acknowledge source prominently. ORGI HLO tables are also published on data.gov.in, whose content is licensed under GODL-India (commercial use permitted with attribution); see LICENCE_AND_SOURCES.txt."
raw/DDW-HH2206-2900.xls,HL-06,PC11_HL06-29,"HL-06: Households (excluding institutional households) by main source of drinking water and location, Karnataka - 2011",https://censusindia.gov.in/nada/index.php/catalog/8461,https://censusindia.gov.in/nada/index.php/catalog/8461/download/11573,879104,1e85ee5bf396e902fc6c497e225e47e11a0e6780a31b5693a1542e4bcacc7ebd,2026-09-29T13:43:16Z,"ORGI Census of India 2011 table (GoI). ORGI site T&C: reproduce accurately, not derogatory/misleading, acknowledge source prominently. ORGI HLO tables are also published on data.gov.in, whose content is licensed under GODL-India (commercial use permitted with attribution); see LICENCE_AND_SOURCES.txt."
raw/DDW-HH2206-3000.xls,HL-06,PC11_HL06-30,"HL-06: Households (excluding institutional households) by main source of drinking water and location, Goa - 2011",https://censusindia.gov.in/nada/index.php/catalog/8455,https://censusindia.gov.in/nada/index.php/catalog/8455/download/11567,127488,b883a14166f02c5c7aea4b3dcd3c6f3d85a214c69d96171b96cb5cae878d216d,2026-09-29T13:43:17Z,"ORGI Census of India 2011 table (GoI). ORGI site T&C: reproduce accurately, not derogatory/misleading, acknowledge source prominently. ORGI HLO tables are also published on data.gov.in, whose content is licensed under GODL-India (commercial use permitted with attribution); see LICENCE_AND_SOURCES.txt."
raw/DDW-HH2206-3100.xls,HL-06,PC11_HL06-31,"HL-06: Households (excluding institutional households) by main source of drinking water and location, Lakshadweep - 2011",https://censusindia.gov.in/nada/index.php/catalog/8463,https://censusindia.gov.in/nada/index.php/catalog/8463/download/11575,66048,265f8305d981efb21cee3bb77cfebce51a9d16fd795007bea2d05264716156b4,2026-09-29T13:43:18Z,"ORGI Census of India 2011 table (GoI). ORGI site T&C: reproduce accurately, not derogatory/misleading, acknowledge source prominently. ORGI HLO tables are also published on data.gov.in, whose content is licensed under GODL-India (commercial use permitted with attribution); see LICENCE_AND_SOURCES.txt."
raw/DDW-HH2206-3200.xls,HL-06,PC11_HL06-32,"HL-06: Households (excluding institutional households) by main source of drinking water and location, Kerala - 2011",https://censusindia.gov.in/nada/index.php/catalog/8462,https://censusindia.gov.in/nada/index.php/catalog/8462/download/11574,694784,41d4caa8fbe8eb4c06186c79e053bddc51f5a860d3c991b275fd46ac85e4ad6e,2026-09-29T13:43:19Z,"ORGI Census of India 2011 table (GoI). ORGI site T&C: reproduce accurately, not derogatory/misleading, acknowledge source prominently. ORGI HLO tables are also published on data.gov.in, whose content is licensed under GODL-India (commercial use permitted with attribution); see LICENCE_AND_SOURCES.txt."
raw/DDW-HH2206-3300.xls,HL-06,PC11_HL06-33,"HL-06: Households (excluding institutional households) by main source of drinking water and location, Tamil Nadu - 2011",https://censusindia.gov.in/nada/index.php/catalog/8475,https://censusindia.gov.in/nada/index.php/catalog/8475/download/11587,1634816,b80ff3d64f2449af20b23d7ae06c2adb2c7d2eadc63c08f7196891577fd3f80a,2026-09-29T13:43:21Z,"ORGI Census of India 2011 table (GoI). ORGI site T&C: reproduce accurately, not derogatory/misleading, acknowledge source prominently. ORGI HLO tables are also published on data.gov.in, whose content is licensed under GODL-India (commercial use permitted with attribution); see LICENCE_AND_SOURCES.txt."
raw/DDW-HH2206-3400.xls,HL-06,PC11_HL06-34,"HL-06: Households (excluding institutional households) by main source of drinking water and location, Puducherry - 2011",https://censusindia.gov.in/nada/index.php/catalog/8471,https://censusindia.gov.in/nada/index.php/catalog/8471/download/11583,72704,8ca60389fb789f881ca9b349302108c6536c612604aee8073441b69e60216a3e,2026-09-29T13:43:22Z,"ORGI Census of India 2011 table (GoI). ORGI site T&C: reproduce accurately, not derogatory/misleading, acknowledge source prominently. ORGI HLO tables are also published on data.gov.in, whose content is licensed under GODL-India (commercial use permitted with attribution); see LICENCE_AND_SOURCES.txt."
raw/DDW-HH2206-3500.xls,HL-06,PC11_HL06-35,"HL-06: Households (excluding institutional households) by main source of drinking water and location, Andaman and Nicobar Islands - 2011",https://censusindia.gov.in/nada/index.php/catalog/8445,https://censusindia.gov.in/nada/index.php/catalog/8445/download/11557,68608,e392354f82620aa8da87baf354004ac80a78e049844674a640b68aaeb15b1137,2026-09-29T13:43:23Z,"ORGI Census of India 2011 table (GoI). ORGI site T&C: reproduce accurately, not derogatory/misleading, acknowledge source prominently. ORGI HLO tables are also published on data.gov.in, whose content is licensed under GODL-India (commercial use permitted with attribution); see LICENCE_AND_SOURCES.txt."
raw/DDW-HH2507-0000.xls,HL-07,PC11_HL07-00,"HL-07: Households (excluding institutional households) by main source of lighting, India - 2011",https://censusindia.gov.in/nada/index.php/catalog/8543,https://censusindia.gov.in/nada/index.php/catalog/8543/download/11655,72192,6e6f94922d6ef44b6240569d1fa4752069a4f0c8fe1d969afafcaa4d35edc765,2026-09-29T13:41:26Z,"ORGI Census of India 2011 table (GoI). ORGI site T&C: reproduce accurately, not derogatory/misleading, acknowledge source prominently. ORGI HLO tables are also published on data.gov.in, whose content is licensed under GODL-India (commercial use permitted with attribution); see LICENCE_AND_SOURCES.txt."
raw/DDW-HH2507-0100.xls,HL-07,PC11_HL07-01,"HL-07: Households (excluding institutional households) by main source of lighting, Jammu and Kashmir - 2011",https://censusindia.gov.in/nada/index.php/catalog/8558,https://censusindia.gov.in/nada/index.php/catalog/8558/download/11670,113664,6dbb413ca42c303285c27fe0a0f1db75bf4809e681ff8fd3c322c1a89c7e4b1a,2026-09-29T13:41:27Z,"ORGI Census of India 2011 table (GoI). ORGI site T&C: reproduce accurately, not derogatory/misleading, acknowledge source prominently. ORGI HLO tables are also published on data.gov.in, whose content is licensed under GODL-India (commercial use permitted with attribution); see LICENCE_AND_SOURCES.txt."
raw/DDW-HH2507-0200.xls,HL-07,PC11_HL07-02,"HL-07: Households (excluding institutional households) by main source of lighting, Himachal Pradesh - 2011",https://censusindia.gov.in/nada/index.php/catalog/8557,https://censusindia.gov.in/nada/index.php/catalog/8557/download/11669,113664,ddfe98f1e7098878d4948bc96414fd8d52b290ce890db52e015dfa8222aded68,2026-09-29T13:41:28Z,"ORGI Census of India 2011 table (GoI). ORGI site T&C: reproduce accurately, not derogatory/misleading, acknowledge source prominently. ORGI HLO tables are also published on data.gov.in, whose content is licensed under GODL-India (commercial use permitted with attribution); see LICENCE_AND_SOURCES.txt."
raw/DDW-HH2507-0300.xls,HL-07,PC11_HL07-03,"HL-07: Households (excluding institutional households) by main source of lighting, Punjab - 2011",https://censusindia.gov.in/nada/index.php/catalog/8571,https://censusindia.gov.in/nada/index.php/catalog/8571/download/11683,129024,0c23b5ea8f316847c44b3806ba5799b9215a7dc08674789f78ce64efa1432063,2026-09-29T13:41:29Z,"ORGI Census of India 2011 table (GoI). ORGI site T&C: reproduce accurately, not derogatory/misleading, acknowledge source prominently. ORGI HLO tables are also published on data.gov.in, whose content is licensed under GODL-India (commercial use permitted with attribution); see LICENCE_AND_SOURCES.txt."
raw/DDW-HH2507-0400.xls,HL-07,PC11_HL07-04,"HL-07: Households (excluding institutional households) by main source of lighting, Chandigarh - 2011",https://censusindia.gov.in/nada/index.php/catalog/8549,https://censusindia.gov.in/nada/index.php/catalog/8549/download/11661,32768,d8c0f4e13c728b087d90245905153d91e098a10ae4220dfa044b9d997206c645,2026-09-29T13:41:29Z,"ORGI Census of India 2011 table (GoI). ORGI site T&C: reproduce accurately, not derogatory/misleading, acknowledge source prominently. ORGI HLO tables are also published on data.gov.in, whose content is licensed under GODL-India (commercial use permitted with attribution); see LICENCE_AND_SOURCES.txt."
raw/DDW-HH2507-0500.xls,HL-07,PC11_HL07-05,"HL-07: Households (excluding institutional households) by main source of lighting, Uttarakhand - 2011",https://censusindia.gov.in/nada/index.php/catalog/8577,https://censusindia.gov.in/nada/index.php/catalog/8577/download/11689,104960,aaca21b25285c1127a083c7e38462b1a774884d3015c1ccf3b0d510cc71044cb,2026-09-29T13:41:30Z,"ORGI Census of India 2011 table (GoI). ORGI site T&C: reproduce accurately, not derogatory/misleading, acknowledge source prominently. ORGI HLO tables are also published on data.gov.in, whose content is licensed under GODL-India (commercial use permitted with attribution); see LICENCE_AND_SOURCES.txt."
raw/DDW-HH2507-0600.xls,HL-07,PC11_HL07-06,"HL-07: Households (excluding institutional households) by main source of lighting, Haryana - 2011",https://censusindia.gov.in/nada/index.php/catalog/8556,https://censusindia.gov.in/nada/index.php/catalog/8556/download/11668,114176,064a0c6bd420f4549c03e7e1f6616cac11ee4e78717ccb69ea0b97cd1c52e3e0,2026-09-29T13:41:31Z,"ORGI Census of India 2011 table (GoI). ORGI site T&C: reproduce accurately, not derogatory/misleading, acknowledge source prominently. ORGI HLO tables are also published on data.gov.in, whose content is licensed under GODL-India (commercial use permitted with attribution); see LICENCE_AND_SOURCES.txt."
raw/DDW-HH2507-0700.xls,HL-07,PC11_HL07-07,"HL-07: Households (excluding institutional households) by main source of lighting, NCT of Delhi - 2011",https://censusindia.gov.in/nada/index.php/catalog/8553,https://censusindia.gov.in/nada/index.php/catalog/8553/download/11665,79872,f62baee2ccae811d8ca3dfa7d53b1b32650537476ff3a478a68f66cf3c817878,2026-09-29T13:41:32Z,"ORGI Census of India 2011 table (GoI). ORGI site T&C: reproduce accurately, not derogatory/misleading, acknowledge source prominently. ORGI HLO tables are also published on data.gov.in, whose content is licensed under GODL-India (commercial use permitted with attribution); see LICENCE_AND_SOURCES.txt."
raw/DDW-HH2507-0800.xls,HL-07,PC11_HL07-08,"HL-07: Households (excluding institutional households) by main source of lighting, Rajasthan - 2011",https://censusindia.gov.in/nada/index.php/catalog/8572,https://censusindia.gov.in/nada/index.php/catalog/8572/download/11684,244224,c2480ba523683e0ebcaadd547c9e6454e44c5817d14420d3de761fd0159e356c,2026-09-29T13:41:33Z,"ORGI Census of India 2011 table (GoI). ORGI site T&C: reproduce accurately, not derogatory/misleading, acknowledge source prominently. ORGI HLO tables are also published on data.gov.in, whose content is licensed under GODL-India (commercial use permitted with attribution); see LICENCE_AND_SOURCES.txt."
raw/DDW-HH2507-0900.xls,HL-07,PC11_HL07-09,"HL-07: Households (excluding institutional households) by main source of lighting, Uttar Pradesh - 2011",https://censusindia.gov.in/nada/index.php/catalog/8576,https://censusindia.gov.in/nada/index.php/catalog/8576/download/11688,426496,6fa7f299a4bb85596a954278421124c533ed926e11e13983a07b6c431923477d,2026-09-29T13:41:34Z,"ORGI Census of India 2011 table (GoI). ORGI site T&C: reproduce accurately, not derogatory/misleading, acknowledge source prominently. ORGI HLO tables are also published on data.gov.in, whose content is licensed under GODL-India (commercial use permitted with attribution); see LICENCE_AND_SOURCES.txt."
raw/DDW-HH2507-1000.xls,HL-07,PC11_HL07-10,"HL-07: Households (excluding institutional households) by main source of lighting, Bihar - 2011",https://censusindia.gov.in/nada/index.php/catalog/8548,https://censusindia.gov.in/nada/index.php/catalog/8548/download/11660,387584,6d25bee6bdf099d3f282ed9a52e0f48be9c304f63b44db96b165aacde375099b,2026-09-29T13:41:35Z,"ORGI Census of India 2011 table (GoI). ORGI site T&C: reproduce accurately, not derogatory/misleading, acknowledge source prominently. ORGI HLO tables are also published on data.gov.in, whose content is licensed under GODL-India (commercial use permitted with attribution); see LICENCE_AND_SOURCES.txt."
raw/DDW-HH2507-1100.xls,HL-07,PC11_HL07-11,"HL-07: Households (excluding institutional households) by main source of lighting, Sikkim - 2011",https://censusindia.gov.in/nada/index.php/catalog/8573,https://censusindia.gov.in/nada/index.php/catalog/8573/download/11685,39424,628b90f4f63df365a432256a9bfedc4bbfa7d565000bde1ca91a1bb2d56d6637,2026-09-29T13:41:36Z,"ORGI Census of India 2011 table (GoI). ORGI site T&C: reproduce accurately, not derogatory/misleading, acknowledge source prominently. ORGI HLO tables are also published on data.gov.in, whose content is licensed under GODL-India (commercial use permitted with attribution); see LICENCE_AND_SOURCES.txt."
raw/DDW-HH2507-1200.xls,HL-07,PC11_HL07-12,"HL-07: Households (excluding institutional households) by main source of lighting, Arunachal Pradesh - 2011",https://censusindia.gov.in/nada/index.php/catalog/8546,https://censusindia.gov.in/nada/index.php/catalog/8546/download/11658,149504,ffc5194420ecaa0d8d23d8175747b30f46802e371bd7fdaa931e219ee6767901,2026-09-29T13:41:37Z,"ORGI Census of India 2011 table (GoI). ORGI site T&C: reproduce accurately, not derogatory/misleading, acknowledge source prominently. ORGI HLO tables are also published on data.gov.in, whose content is licensed under GODL-India (commercial use permitted with attribution); see LICENCE_AND_SOURCES.txt."
raw/DDW-HH2507-1300.xls,HL-07,PC11_HL07-13,"HL-07: Households (excluding institutional households) by main source of lighting, Nagaland - 2011",https://censusindia.gov.in/nada/index.php/catalog/8568,https://censusindia.gov.in/nada/index.php/catalog/8568/download/11680,104960,f76de29b389225d4db3744fdc910d7743465ec50f87d91f6e3a1340b0fb4317c,2026-09-29T13:41:38Z,"ORGI Census of India 2011 table (GoI). ORGI site T&C: reproduce accurately, not derogatory/misleading, acknowledge source prominently. ORGI HLO tables are also published on data.gov.in, whose content is licensed under GODL-India (commercial use permitted with attribution); see LICENCE_AND_SOURCES.txt."
raw/DDW-HH2507-1400.xls,HL-07,PC11_HL07-14,"HL-07: Households (excluding institutional households) by main source of lighting, Manipur - 2011",https://censusindia.gov.in/nada/index.php/catalog/8565,https://censusindia.gov.in/nada/index.php/catalog/8565/download/11677,58880,49780ad9328bd80ff60bcae5bca476d7ff6d22e737c13ab5be81699555c1b2f8,2026-09-29T13:41:39Z,"ORGI Census of India 2011 table (GoI). ORGI site T&C: reproduce accurately, not derogatory/misleading, acknowledge source prominently. ORGI HLO tables are also published on data.gov.in, whose content is licensed under GODL-India (commercial use permitted with attribution); see LICENCE_AND_SOURCES.txt."
raw/DDW-HH2507-1500.xls,HL-07,PC11_HL07-15,"HL-07: Households (excluding institutional households) by main source of lighting, Mizoram - 2011",https://censusindia.gov.in/nada/index.php/catalog/8567,https://censusindia.gov.in/nada/index.php/catalog/8567/download/11679,55296,ecc287e0c88a81b1546a3bfd55b7867fb861f528c111fe4e5041f57a058b514b,2026-09-29T13:41:39Z,"ORGI Census of India 2011 table (GoI). ORGI site T&C: reproduce accurately, not derogatory/misleading, acknowledge source prominently. ORGI HLO tables are also published on data.gov.in, whose content is licensed under GODL-India (commercial use permitted with attribution); see LICENCE_AND_SOURCES.txt."
raw/DDW-HH2507-1600.xls,HL-07,PC11_HL07-16,"HL-07: Households (excluding institutional households) by main source of lighting, Tripura - 2011",https://censusindia.gov.in/nada/index.php/catalog/8575,https://censusindia.gov.in/nada/index.php/catalog/8575/download/11687,64512,17121bc822ec081909c8234ebc5d4390ad03d2cff1bf9293327a7147558cce4c,2026-09-29T13:41:40Z,"ORGI Census of India 2011 table (GoI). ORGI site T&C: reproduce accurately, not derogatory/misleading, acknowledge source prominently. ORGI HLO tables are also published on data.gov.in, whose content is licensed under GODL-India (commercial use permitted with attribution); see LICENCE_AND_SOURCES.txt."
raw/DDW-HH2507-1700.xls,HL-07,PC11_HL07-17,"HL-07: Households (excluding institutional households) by main source of lighting, Meghalaya - 2011",https://censusindia.gov.in/nada/index.php/catalog/8566,https://censusindia.gov.in/nada/index.php/catalog/8566/download/11678,60416,da097b79cf4df6c9c1906161b16195c13f0432c4c5940aec7a0cf59a3e7160e8,2026-09-29T13:41:41Z,"ORGI Census of India 2011 table (GoI). ORGI site T&C: reproduce accurately, not derogatory/misleading, acknowledge source prominently. ORGI HLO tables are also published on data.gov.in, whose content is licensed under GODL-India (commercial use permitted with attribution); see LICENCE_AND_SOURCES.txt."
raw/DDW-HH2507-1800.xls,HL-07,PC11_HL07-18,"HL-07: Households (excluding institutional households) by main source of lighting, Assam - 2011",https://censusindia.gov.in/nada/index.php/catalog/8547,https://censusindia.gov.in/nada/index.php/catalog/8547/download/11659,217600,9b94652df3a85f3294cb1eabdb7be899acf2372a485de734397e259f312d2ab1,2026-09-29T13:41:42Z,"ORGI Census of India 2011 table (GoI). ORGI site T&C: reproduce accurately, not derogatory/misleading, acknowledge source prominently. ORGI HLO tables are also published on data.gov.in, whose content is licensed under GODL-India (commercial use permitted with attribution); see LICENCE_AND_SOURCES.txt."
raw/DDW-HH2507-1900.xls,HL-07,PC11_HL07-19,"HL-07: Households (excluding institutional households) by main source of lighting, West Bengal - 2011",https://censusindia.gov.in/nada/index.php/catalog/8578,https://censusindia.gov.in/nada/index.php/catalog/8578/download/11690,424960,c77d0faf0291bfad0c9fe1fe13377c5373ac0d542e7d7c6c5a2cd943614cd6bf,2026-09-29T13:41:43Z,"ORGI Census of India 2011 table (GoI). ORGI site T&C: reproduce accurately, not derogatory/misleading, acknowledge source prominently. ORGI HLO tables are also published on data.gov.in, whose content is licensed under GODL-India (commercial use permitted with attribution); see LICENCE_AND_SOURCES.txt."
raw/DDW-HH2507-2000.xls,HL-07,PC11_HL07-20,"HL-07: Households (excluding institutional households) by main source of lighting, Jharkhand - 2011",https://censusindia.gov.in/nada/index.php/catalog/8559,https://censusindia.gov.in/nada/index.php/catalog/8559/download/11671,233472,918c9bac21cd28058e96e0e488921efb812740117a707107ebf4a004daf8b685,2026-09-29T13:41:44Z,"ORGI Census of India 2011 table (GoI). ORGI site T&C: reproduce accurately, not derogatory/misleading, acknowledge source prominently. ORGI HLO tables are also published on data.gov.in, whose content is licensed under GODL-India (commercial use permitted with attribution); see LICENCE_AND_SOURCES.txt."
raw/DDW-HH2507-2100.xls,HL-07,PC11_HL07-21,"HL-07: Households (excluding institutional households) by main source of lighting, Odisha - 2011",https://censusindia.gov.in/nada/index.php/catalog/8569,https://censusindia.gov.in/nada/index.php/catalog/8569/download/11681,357376,f2b33c035a0081ad6861aa3a47a1e4b9a5ffefdf9436efb64a417f4e9c347a89,2026-09-29T13:41:45Z,"ORGI Census of India 2011 table (GoI). ORGI site T&C: reproduce accurately, not derogatory/misleading, acknowledge source prominently. ORGI HLO tables are also published on data.gov.in, whose content is licensed under GODL-India (commercial use permitted with attribution); see LICENCE_AND_SOURCES.txt."
raw/DDW-HH2507-2200.xls,HL-07,PC11_HL07-22,"HL-07: Households (excluding institutional households) by main source of lighting, Chhattisgarh - 2011",https://censusindia.gov.in/nada/index.php/catalog/8550,https://censusindia.gov.in/nada/index.php/catalog/8550/download/11662,163328,660d88bb2d53299c2525a387b8d99df122139e4701266c7e919ec60483b9548a,2026-09-29T13:41:46Z,"ORGI Census of India 2011 table (GoI). ORGI site T&C: reproduce accurately, not derogatory/misleading, acknowledge source prominently. ORGI HLO tables are also published on data.gov.in, whose content is licensed under GODL-India (commercial use permitted with attribution); see LICENCE_AND_SOURCES.txt."
raw/DDW-HH2507-2300.xls,HL-07,PC11_HL07-23,"HL-07: Households (excluding institutional households) by main source of lighting, Madhya Pradesh - 2011",https://censusindia.gov.in/nada/index.php/catalog/8563,https://censusindia.gov.in/nada/index.php/catalog/8563/download/11675,344064,4cd327389a06e94478441cfdf7bd6b1a7d6ef810449b631a68f01bc85e9cc820,2026-09-29T13:41:47Z,"ORGI Census of India 2011 table (GoI). ORGI site T&C: reproduce accurately, not derogatory/misleading, acknowledge source prominently. ORGI HLO tables are also published on data.gov.in, whose content is licensed under GODL-India (commercial use permitted with attribution); see LICENCE_AND_SOURCES.txt."
raw/DDW-HH2507-2400.xls,HL-07,PC11_HL07-24,"HL-07: Households (excluding institutional households) by main source of lighting, Gujarat - 2011",https://censusindia.gov.in/nada/index.php/catalog/8555,https://censusindia.gov.in/nada/index.php/catalog/8555/download/11667,240640,58d10de37a953540761e8336fca670f6cc765e457b329c4c7fc108f33efd852c,2026-09-29T13:41:48Z,"ORGI Census of India 2011 table (GoI). ORGI site T&C: reproduce accurately, not derogatory/misleading, acknowledge source prominently. ORGI HLO tables are also published on data.gov.in, whose content is licensed under GODL-India (commercial use permitted with attribution); see LICENCE_AND_SOURCES.txt."
raw/DDW-HH2507-2500.xls,HL-07,PC11_HL07-25,"HL-07: Households (excluding institutional households) by main source of lighting, Daman & Diu - 2011",https://censusindia.gov.in/nada/index.php/catalog/8552,https://censusindia.gov.in/nada/index.php/catalog/8552/download/11664,33792,dccb0b4299e8b09c13ba99917a7af5fd5db8278259cb9bf6751c953afd7b20c8,2026-09-29T13:41:48Z,"ORGI Census of India 2011 table (GoI). ORGI site T&C: reproduce accurately, not derogatory/misleading, acknowledge source prominently. ORGI HLO tables are also published on data.gov.in, whose content is licensed under GODL-India (commercial use permitted with attribution); see LICENCE_AND_SOURCES.txt."
raw/DDW-HH2507-2600.xls,HL-07,PC11_HL07-26,"HL-07: Households (excluding institutional households) by main source of lighting, Dadra & Nagar Haveli - 2011",https://censusindia.gov.in/nada/index.php/catalog/8551,https://censusindia.gov.in/nada/index.php/catalog/8551/download/11663,32768,07d0005c8adcde5aecfe1120d18200e1d845eec3d98da4bd007e03f333cb9bc6,2026-09-29T13:41:49Z,"ORGI Census of India 2011 table (GoI). ORGI site T&C: reproduce accurately, not derogatory/misleading, acknowledge source prominently. ORGI HLO tables are also published on data.gov.in, whose content is licensed under GODL-India (commercial use permitted with attribution); see LICENCE_AND_SOURCES.txt."
raw/DDW-HH2507-2700.xls,HL-07,PC11_HL07-27,"HL-07: Households (excluding institutional households) by main source of lighting, Maharashtra - 2011",https://censusindia.gov.in/nada/index.php/catalog/8564,https://censusindia.gov.in/nada/index.php/catalog/8564/download/11676,355840,503170bd9066c7fa8d24e1529b74666a0e7391d43e5cf554cb3dd5027457efc5,2026-09-29T13:41:50Z,"ORGI Census of India 2011 table (GoI). ORGI site T&C: reproduce accurately, not derogatory/misleading, acknowledge source prominently. ORGI HLO tables are also published on data.gov.in, whose content is licensed under GODL-India (commercial use permitted with attribution); see LICENCE_AND_SOURCES.txt."
raw/DDW-HH2507-2800.xls,HL-07,PC11_HL07-28,"HL-07: Households (excluding institutional households) by main source of lighting, Andhra Pradesh - 2011",https://censusindia.gov.in/nada/index.php/catalog/8545,https://censusindia.gov.in/nada/index.php/catalog/8545/download/11657,758272,42d86a00cb3f427d8ebba6716dc2eea87170e216f3720dbba527c6a684c00ee8,2026-09-29T13:41:52Z,"ORGI Census of India 2011 table (GoI). ORGI site T&C: reproduce accurately, not derogatory/misleading, acknowledge source prominently. ORGI HLO tables are also published on data.gov.in, whose content is licensed under GODL-India (commercial use permitted with attribution); see LICENCE_AND_SOURCES.txt."
raw/DDW-HH2507-2900.xls,HL-07,PC11_HL07-29,"HL-07: Households (excluding institutional households) by main source of lighting, Karnataka - 2011",https://censusindia.gov.in/nada/index.php/catalog/8560,https://censusindia.gov.in/nada/index.php/catalog/8560/download/11672,217600,eabd17874134a94f9d9440c6c4eac619bff78bb1522b4056b266dc473884ec85,2026-09-29T13:41:53Z,"ORGI Census of India 2011 table (GoI). ORGI site T&C: reproduce accurately, not derogatory/misleading, acknowledge source prominently. ORGI HLO tables are also published on data.gov.in, whose content is licensed under GODL-India (commercial use permitted with attribution); see LICENCE_AND_SOURCES.txt."
raw/DDW-HH2507-3000.xls,HL-07,PC11_HL07-30,"HL-07: Households (excluding institutional households) by main source of lighting, Goa - 2011",https://censusindia.gov.in/nada/index.php/catalog/8554,https://censusindia.gov.in/nada/index.php/catalog/8554/download/11666,51200,811886175fd8d0cbc6545aee600f2ba12a76ffdaf38fca7bbf32e5580924b8b4,2026-09-29T13:41:53Z,"ORGI Census of India 2011 table (GoI). ORGI site T&C: reproduce accurately, not derogatory/misleading, acknowledge source prominently. ORGI HLO tables are also published on data.gov.in, whose content is licensed under GODL-India (commercial use permitted with attribution); see LICENCE_AND_SOURCES.txt."
raw/DDW-HH2507-3100.xls,HL-07,PC11_HL07-31,"HL-07: Households (excluding institutional households) by main source of lighting, Lakshadweep - 2011",https://censusindia.gov.in/nada/index.php/catalog/8562,https://censusindia.gov.in/nada/index.php/catalog/8562/download/11674,37376,cdeecf2c717db24458b45bef76b11f8be97afa09bb79382754b983a88c7565a2,2026-09-29T13:41:54Z,"ORGI Census of India 2011 table (GoI). ORGI site T&C: reproduce accurately, not derogatory/misleading, acknowledge source prominently. ORGI HLO tables are also published on data.gov.in, whose content is licensed under GODL-India (commercial use permitted with attribution); see LICENCE_AND_SOURCES.txt."
raw/DDW-HH2507-3200.xls,HL-07,PC11_HL07-32,"HL-07: Households (excluding institutional households) by main source of lighting, Kerala - 2011",https://censusindia.gov.in/nada/index.php/catalog/8561,https://censusindia.gov.in/nada/index.php/catalog/8561/download/11673,180224,db1948da24828703044e1c94c6873d1c8cfa92eaf79c7a2c432292a8943adac7,2026-09-29T13:41:55Z,"ORGI Census of India 2011 table (GoI). ORGI site T&C: reproduce accurately, not derogatory/misleading, acknowledge source prominently. ORGI HLO tables are also published on data.gov.in, whose content is licensed under GODL-India (commercial use permitted with attribution); see LICENCE_AND_SOURCES.txt."
raw/DDW-HH2507-3300.xls,HL-07,PC11_HL07-33,"HL-07: Households (excluding institutional households) by main source of lighting, Tamil Nadu - 2011",https://censusindia.gov.in/nada/index.php/catalog/8574,https://censusindia.gov.in/nada/index.php/catalog/8574/download/11686,390144,3eff3ad40762369059d738e7be8db16d996be4904153b6f5dbe3847cc4d8ca69,2026-09-29T13:41:56Z,"ORGI Census of India 2011 table (GoI). ORGI site T&C: reproduce accurately, not derogatory/misleading, acknowledge source prominently. ORGI HLO tables are also published on data.gov.in, whose content is licensed under GODL-India (commercial use permitted with attribution); see LICENCE_AND_SOURCES.txt."
raw/DDW-HH2507-3400.xls,HL-07,PC11_HL07-34,"HL-07: Households (excluding institutional households) by main source of lighting, Puducherry - 2011",https://censusindia.gov.in/nada/index.php/catalog/8570,https://censusindia.gov.in/nada/index.php/catalog/8570/download/11682,38912,0352dc2a5ec39b7520a4ac42ecf13b6e65033f6dfd06c6a4fde0697dd1e2c07b,2026-09-29T13:41:57Z,"ORGI Census of India 2011 table (GoI). ORGI site T&C: reproduce accurately, not derogatory/misleading, acknowledge source prominently. ORGI HLO tables are also published on data.gov.in, whose content is licensed under GODL-India (commercial use permitted with attribution); see LICENCE_AND_SOURCES.txt."
raw/DDW-HH2507-3500.xls,HL-07,PC11_HL07-35,"HL-07: Households (excluding institutional households) by main source of lighting, Andaman and Nicobar Islands - 2011",https://censusindia.gov.in/nada/index.php/catalog/8544,https://censusindia.gov.in/nada/index.php/catalog/8544/download/11656,37888,1e3c4e66097a3dcdb6c5aa9d0e8ddb43652972c490ad0200800568a83661f693,2026-09-29T13:41:58Z,"ORGI Census of India 2011 table (GoI). ORGI site T&C: reproduce accurately, not derogatory/misleading, acknowledge source prominently. ORGI HLO tables are also published on data.gov.in, whose content is licensed under GODL-India (commercial use permitted with attribution); see LICENCE_AND_SOURCES.txt."
raw/DDW-HH2808-0000.xls,HL-08,PC11_HL08-00,"HL-08: Households (excluding institutional households) by availability of type of latrine facility, India - 2011",https://censusindia.gov.in/nada/index.php/catalog/8642,https://censusindia.gov.in/nada/index.php/catalog/8642/download/11754,91136,525bd625528fa31426e092997eed285641a6340e99d04f8e59a38bf17d4a0686,2026-09-29T13:43:24Z,"ORGI Census of India 2011 table (GoI). ORGI site T&C: reproduce accurately, not derogatory/misleading, acknowledge source prominently. ORGI HLO tables are also published on data.gov.in, whose content is licensed under GODL-India (commercial use permitted with attribution); see LICENCE_AND_SOURCES.txt."
raw/DDW-HH2808-0100.xls,HL-08,PC11_HL08-01,"HL-08: Households (excluding institutional households) by availability of type of latrine facility, Jammu and Kashmir - 2011",https://censusindia.gov.in/nada/index.php/catalog/8657,https://censusindia.gov.in/nada/index.php/catalog/8657/download/11769,140800,49ec8c4fb72283c663f65d3b03c4b360d49be49264c8a51554fb8d0ace946be2,2026-09-29T13:43:25Z,"ORGI Census of India 2011 table (GoI). ORGI site T&C: reproduce accurately, not derogatory/misleading, acknowledge source prominently. ORGI HLO tables are also published on data.gov.in, whose content is licensed under GODL-India (commercial use permitted with attribution); see LICENCE_AND_SOURCES.txt."
raw/DDW-HH2808-0200.xls,HL-08,PC11_HL08-02,"HL-08: Households (excluding institutional households) by availability of type of latrine facility, Himachal Pradesh - 2011",https://censusindia.gov.in/nada/index.php/catalog/8656,https://censusindia.gov.in/nada/index.php/catalog/8656/download/11768,140800,4b201a812f0ef0e3a1eaf0b4dff3693de7e03d1b2d56a6c2e7347cc28211a2d5,2026-09-29T13:43:26Z,"ORGI Census of India 2011 table (GoI). ORGI site T&C: reproduce accurately, not derogatory/misleading, acknowledge source prominently. ORGI HLO tables are also published on data.gov.in, whose content is licensed under GODL-India (commercial use permitted with attribution); see LICENCE_AND_SOURCES.txt."
raw/DDW-HH2808-0300.xls,HL-08,PC11_HL08-03,"HL-08: Households (excluding institutional households) by availability of type of latrine facility, Punjab - 2011",https://censusindia.gov.in/nada/index.php/catalog/8670,https://censusindia.gov.in/nada/index.php/catalog/8670/download/11782,158720,7cab02e01dd80db8e133792908c33ba416a8eb344abe7cb6cc1615f8b1d25dac,2026-09-29T13:43:27Z,"ORGI Census of India 2011 table (GoI). ORGI site T&C: reproduce accurately, not derogatory/misleading, acknowledge source prominently. ORGI HLO tables are also published on data.gov.in, whose content is licensed under GODL-India (commercial use permitted with attribution); see LICENCE_AND_SOURCES.txt."
raw/DDW-HH2808-0400.xls,HL-08,PC11_HL08-04,"HL-08: Households (excluding institutional households) by availability of type of latrine facility, Chandigarh - 2011",https://censusindia.gov.in/nada/index.php/catalog/8648,https://censusindia.gov.in/nada/index.php/catalog/8648/download/11760,44032,e0ce7325cebd9256aa6cc49e78fd22d180b64f71f48e2d4105172a1233ba8a86,2026-09-29T13:43:27Z,"ORGI Census of India 2011 table (GoI). ORGI site T&C: reproduce accurately, not derogatory/misleading, acknowledge source prominently. ORGI HLO tables are also published on data.gov.in, whose content is licensed under GODL-India (commercial use permitted with attribution); see LICENCE_AND_SOURCES.txt."
raw/DDW-HH2808-0500.xls,HL-08,PC11_HL08-05,"HL-08: Households (excluding institutional households) by availability of type of latrine facility, Uttarakhand - 2011",https://censusindia.gov.in/nada/index.php/catalog/8676,https://censusindia.gov.in/nada/index.php/catalog/8676/download/11788,130048,912fd7999158453cb6bd41a2e8c1f5b9c09be17ef5d4eb26bf258a93885e4142,2026-09-29T13:43:28Z,"ORGI Census of India 2011 table (GoI). ORGI site T&C: reproduce accurately, not derogatory/misleading, acknowledge source prominently. ORGI HLO tables are also published on data.gov.in, whose content is licensed under GODL-India (commercial use permitted with attribution); see LICENCE_AND_SOURCES.txt."
raw/DDW-HH2808-0600.xls,HL-08,PC11_HL08-06,"HL-08: Households (excluding institutional households) by availability of type of latrine facility, Haryana - 2011",https://censusindia.gov.in/nada/index.php/catalog/8655,https://censusindia.gov.in/nada/index.php/catalog/8655/download/11767,141312,43d2ec6c1c65b501e8c8b904f9df9f407eaff5ee2c9c0d54ee58ee96ba8e066f,2026-09-29T13:43:29Z,"ORGI Census of India 2011 table (GoI). ORGI site T&C: reproduce accurately, not derogatory/misleading, acknowledge source prominently. ORGI HLO tables are also published on data.gov.in, whose content is licensed under GODL-India (commercial use permitted with attribution); see LICENCE_AND_SOURCES.txt."
raw/DDW-HH2808-0700.xls,HL-08,PC11_HL08-07,"HL-08: Households (excluding institutional households) by availability of type of latrine facility, NCT of Delhi - 2011",https://censusindia.gov.in/nada/index.php/catalog/8652,https://censusindia.gov.in/nada/index.php/catalog/8652/download/11764,99328,c3d2cd844177aa9ca9d75ed2039bf44cfdc7f279ac8d732945134b3cd59b1bf5,2026-09-29T13:43:30Z,"ORGI Census of India 2011 table (GoI). ORGI site T&C: reproduce accurately, not derogatory/misleading, acknowledge source prominently. ORGI HLO tables are also published on data.gov.in, whose content is licensed under GODL-India (commercial use permitted with attribution); see LICENCE_AND_SOURCES.txt."
raw/DDW-HH2808-0800.xls,HL-08,PC11_HL08-08,"HL-08: Households (excluding institutional households) by availability of type of latrine facility, Rajasthan - 2011",https://censusindia.gov.in/nada/index.php/catalog/8671,https://censusindia.gov.in/nada/index.php/catalog/8671/download/11783,296448,272c1c8cd0c94b4d5848ffd1a83841161b72d80b7a83a090e53b2ef2e7405025,2026-09-29T13:43:31Z,"ORGI Census of India 2011 table (GoI). ORGI site T&C: reproduce accurately, not derogatory/misleading, acknowledge source prominently. ORGI HLO tables are also published on data.gov.in, whose content is licensed under GODL-India (commercial use permitted with attribution); see LICENCE_AND_SOURCES.txt."
raw/DDW-HH2808-0900.xls,HL-08,PC11_HL08-09,"HL-08: Households (excluding institutional households) by availability of type of latrine facility, Uttar Pradesh - 2011",https://censusindia.gov.in/nada/index.php/catalog/8675,https://censusindia.gov.in/nada/index.php/catalog/8675/download/11787,512000,2475661a14d64819288e9c8335901d3f1974455b2282cf00fc4289ecaf973549,2026-09-29T13:43:33Z,"ORGI Census of India 2011 table (GoI). ORGI site T&C: reproduce accurately, not derogatory/misleading, acknowledge source prominently. ORGI HLO tables are also published on data.gov.in, whose content is licensed under GODL-India (commercial use permitted with attribution); see LICENCE_AND_SOURCES.txt."
raw/DDW-HH2808-1000.xls,HL-08,PC11_HL08-10,"HL-08: Households (excluding institutional households) by availability of type of latrine facility, Bihar - 2011",https://censusindia.gov.in/nada/index.php/catalog/8647,https://censusindia.gov.in/nada/index.php/catalog/8647/download/11759,468992,7eadb7510c363bf3d3bf36088d18a5d2708ac3ea24cb72e5a07dde0f18da30b4,2026-09-29T13:43:34Z,"ORGI Census of India 2011 table (GoI). ORGI site T&C: reproduce accurately, not derogatory/misleading, acknowledge source prominently. ORGI HLO tables are also published on data.gov.in, whose content is licensed under GODL-India (commercial use permitted with attribution); see LICENCE_AND_SOURCES.txt."
raw/DDW-HH2808-1100.xls,HL-08,PC11_HL08-11,"HL-08: Households (excluding institutional households) by availability of type of latrine facility, Sikkim - 2011",https://censusindia.gov.in/nada/index.php/catalog/8672,https://censusindia.gov.in/nada/index.php/catalog/8672/download/11784,51712,8003b325f1ebf349d7f8851d299f017258ee98122a9cc32ad0beeb2758897c4f,2026-09-29T13:43:35Z,"ORGI Census of India 2011 table (GoI). ORGI site T&C: reproduce accurately, not derogatory/misleading, acknowledge source prominently. ORGI HLO tables are also published on data.gov.in, whose content is licensed under GODL-India (commercial use permitted with attribution); see LICENCE_AND_SOURCES.txt."
raw/DDW-HH2808-1200.xls,HL-08,PC11_HL08-12,"HL-08: Households (excluding institutional households) by availability of type of latrine facility, Arunachal Pradesh - 2011",https://censusindia.gov.in/nada/index.php/catalog/8645,https://censusindia.gov.in/nada/index.php/catalog/8645/download/11757,183296,261a197fe0d68aab8a20b2cab07e71180e530104e68119e2fca85890bab5ae38,2026-09-29T13:43:36Z,"ORGI Census of India 2011 table (GoI). ORGI site T&C: reproduce accurately, not derogatory/misleading, acknowledge source prominently. ORGI HLO tables are also published on data.gov.in, whose content is licensed under GODL-India (commercial use permitted with attribution); see LICENCE_AND_SOURCES.txt."
raw/DDW-HH2808-1300.xls,HL-08,PC11_HL08-13,"HL-08: Households (excluding institutional households) by availability of type of latrine facility, Nagaland - 2011",https://censusindia.gov.in/nada/index.php/catalog/8667,https://censusindia.gov.in/nada/index.php/catalog/8667/download/11779,130560,9f637433960ac7d340c6a548bfeb62fd6f368e13680991d629703b16e38d7721,2026-09-29T13:43:37Z,"ORGI Census of India 2011 table (GoI). ORGI site T&C: reproduce accurately, not derogatory/misleading, acknowledge source prominently. ORGI HLO tables are also published on data.gov.in, whose content is licensed under GODL-India (commercial use permitted with attribution); see LICENCE_AND_SOURCES.txt."
raw/DDW-HH2808-1400.xls,HL-08,PC11_HL08-14,"HL-08: Households (excluding institutional households) by availability of type of latrine facility, Manipur - 2011",https://censusindia.gov.in/nada/index.php/catalog/8664,https://censusindia.gov.in/nada/index.php/catalog/8664/download/11776,77824,00137eaf59ab3b1f6abf3e783a04548f88e0475d01a5a7fca2b1bfc454e00dd4,2026-09-29T13:43:37Z,"ORGI Census of India 2011 table (GoI). ORGI site T&C: reproduce accurately, not derogatory/misleading, acknowledge source prominently. ORGI HLO tables are also published on data.gov.in, whose content is licensed under GODL-India (commercial use permitted with attribution); see LICENCE_AND_SOURCES.txt."
raw/DDW-HH2808-1500.xls,HL-08,PC11_HL08-15,"HL-08: Households (excluding institutional households) by availability of type of latrine facility, Mizoram - 2011",https://censusindia.gov.in/nada/index.php/catalog/8666,https://censusindia.gov.in/nada/index.php/catalog/8666/download/11778,71680,abb5f864cf83c035912ecae1a9badd15c157825e35acb781106af33972265859,2026-09-29T13:43:38Z,"ORGI Census of India 2011 table (GoI). ORGI site T&C: reproduce accurately, not derogatory/misleading, acknowledge source prominently. ORGI HLO tables are also published on data.gov.in, whose content is licensed under GODL-India (commercial use permitted with attribution); see LICENCE_AND_SOURCES.txt."
raw/DDW-HH2808-1600.xls,HL-08,PC11_HL08-16,"HL-08: Households (excluding institutional households) by availability of type of latrine facility, Tripura - 2011",https://censusindia.gov.in/nada/index.php/catalog/8674,https://censusindia.gov.in/nada/index.php/catalog/8674/download/11786,83456,02302d60c252a6fdcfdb1411994c994f5cb7dd743e4a63a0761cf6ccb7765b88,2026-09-29T13:43:39Z,"ORGI Census of India 2011 table (GoI). ORGI site T&C: reproduce accurately, not derogatory/misleading, acknowledge source prominently. ORGI HLO tables are also published on data.gov.in, whose content is licensed under GODL-India (commercial use permitted with attribution); see LICENCE_AND_SOURCES.txt."
raw/DDW-HH2808-1700.xls,HL-08,PC11_HL08-17,"HL-08: Households (excluding institutional households) by availability of type of latrine facility, Meghalaya - 2011",https://censusindia.gov.in/nada/index.php/catalog/8665,https://censusindia.gov.in/nada/index.php/catalog/8665/download/11777,77312,6b3ba3eaf5998715d7f980702b60c8d1db69c14f5821892e332ff41c27a95c66,2026-09-29T13:43:40Z,"ORGI Census of India 2011 table (GoI). ORGI site T&C: reproduce accurately, not derogatory/misleading, acknowledge source prominently. ORGI HLO tables are also published on data.gov.in, whose content is licensed under GODL-India (commercial use permitted with attribution); see LICENCE_AND_SOURCES.txt."
raw/DDW-HH2808-1800.xls,HL-08,PC11_HL08-18,"HL-08: Households (excluding institutional households) by availability of type of latrine facility, Assam - 2011",https://censusindia.gov.in/nada/index.php/catalog/8646,https://censusindia.gov.in/nada/index.php/catalog/8646/download/11758,256000,0adf9ef76e62e195e9f3997341bb609af5db6672900a751ad21b0fc9c1206d29,2026-09-29T13:43:41Z,"ORGI Census of India 2011 table (GoI). ORGI site T&C: reproduce accurately, not derogatory/misleading, acknowledge source prominently. ORGI HLO tables are also published on data.gov.in, whose content is licensed under GODL-India (commercial use permitted with attribution); see LICENCE_AND_SOURCES.txt."
raw/DDW-HH2808-1900.xls,HL-08,PC11_HL08-19,"HL-08: Households (excluding institutional households) by availability of type of latrine facility, West Bengal - 2011",https://censusindia.gov.in/nada/index.php/catalog/8677,https://censusindia.gov.in/nada/index.php/catalog/8677/download/11789,509952,624e0da29eac4e698cfe6d950006a417b74b9a264813d928293ba9e1e3dc66da,2026-09-29T13:43:42Z,"ORGI Census of India 2011 table (GoI). ORGI site T&C: reproduce accurately, not derogatory/misleading, acknowledge source prominently. ORGI HLO tables are also published on data.gov.in, whose content is licensed under GODL-India (commercial use permitted with attribution); see LICENCE_AND_SOURCES.txt."
raw/DDW-HH2808-2000.xls,HL-08,PC11_HL08-20,"HL-08: Households (excluding institutional households) by availability of type of latrine facility, Jharkhand - 2011",https://censusindia.gov.in/nada/index.php/catalog/8658,https://censusindia.gov.in/nada/index.php/catalog/8658/download/11770,284160,535d5ecb4f3528f7b854578a06833b4e43470e0e7d22a1dee6772f855faefaa1,2026-09-29T13:43:43Z,"ORGI Census of India 2011 table (GoI). ORGI site T&C: reproduce accurately, not derogatory/misleading, acknowledge source prominently. ORGI HLO tables are also published on data.gov.in, whose content is licensed under GODL-India (commercial use permitted with attribution); see LICENCE_AND_SOURCES.txt."
raw/DDW-HH2808-2100.xls,HL-08,PC11_HL08-21,"HL-08: Households (excluding institutional households) by availability of type of latrine facility, Odisha - 2011",https://censusindia.gov.in/nada/index.php/catalog/8668,https://censusindia.gov.in/nada/index.php/catalog/8668/download/11780,431616,b09923b6e4e4698f7bdc19b1a1c54e2845960e6d0e451ecc179582f7d68a2e6e,2026-09-29T13:43:44Z,"ORGI Census of India 2011 table (GoI). ORGI site T&C: reproduce accurately, not derogatory/misleading, acknowledge source prominently. ORGI HLO tables are also published on data.gov.in, whose content is licensed under GODL-India (commercial use permitted with attribution); see LICENCE_AND_SOURCES.txt."
raw/DDW-HH2808-2200.xls,HL-08,PC11_HL08-22,"HL-08: Households (excluding institutional households) by availability of type of latrine facility, Chhattisgarh - 2011",https://censusindia.gov.in/nada/index.php/catalog/8649,https://censusindia.gov.in/nada/index.php/catalog/8649/download/11761,199680,7f495b61e057344cb41a5a0726654ac76d3edca4480b045403b71949e3cf77aa,2026-09-29T13:43:45Z,"ORGI Census of India 2011 table (GoI). ORGI site T&C: reproduce accurately, not derogatory/misleading, acknowledge source prominently. ORGI HLO tables are also published on data.gov.in, whose content is licensed under GODL-India (commercial use permitted with attribution); see LICENCE_AND_SOURCES.txt."
raw/DDW-HH2808-2300.xls,HL-08,PC11_HL08-23,"HL-08: Households (excluding institutional households) by availability of type of latrine facility, Madhya Pradesh - 2011",https://censusindia.gov.in/nada/index.php/catalog/8662,https://censusindia.gov.in/nada/index.php/catalog/8662/download/11774,414720,cd88785cb0e11e0e2cd49ca5dca0c6c2f2d6b7b44eef01b535bd899ceb1598e9,2026-09-29T13:43:46Z,"ORGI Census of India 2011 table (GoI). ORGI site T&C: reproduce accurately, not derogatory/misleading, acknowledge source prominently. ORGI HLO tables are also published on data.gov.in, whose content is licensed under GODL-India (commercial use permitted with attribution); see LICENCE_AND_SOURCES.txt."
raw/DDW-HH2808-2400.xls,HL-08,PC11_HL08-24,"HL-08: Households (excluding institutional households) by availability of type of latrine facility, Gujarat - 2011",https://censusindia.gov.in/nada/index.php/catalog/8654,https://censusindia.gov.in/nada/index.php/catalog/8654/download/11766,291328,77ca1c3c5c6c7e01085afb0ea4efdd56f13e4f32b298aa9d235cec12c3d18884,2026-09-29T13:43:47Z,"ORGI Census of India 2011 table (GoI). ORGI site T&C: reproduce accurately, not derogatory/misleading, acknowledge source prominently. ORGI HLO tables are also published on data.gov.in, whose content is licensed under GODL-India (commercial use permitted with attribution); see LICENCE_AND_SOURCES.txt."
raw/DDW-HH2808-2500.xls,HL-08,PC11_HL08-25,"HL-08: Households (excluding institutional households) by availability of type of latrine facility, Daman & Diu - 2011",https://censusindia.gov.in/nada/index.php/catalog/8651,https://censusindia.gov.in/nada/index.php/catalog/8651/download/11763,45056,7e1bc24b2e955c08446d6d29ea66ecccca5a5c458bac8cf6c3afc55c26ddc025,2026-09-29T13:43:48Z,"ORGI Census of India 2011 table (GoI). ORGI site T&C: reproduce accurately, not derogatory/misleading, acknowledge source prominently. ORGI HLO tables are also published on data.gov.in, whose content is licensed under GODL-India (commercial use permitted with attribution); see LICENCE_AND_SOURCES.txt."
raw/DDW-HH2808-2600.xls,HL-08,PC11_HL08-26,"HL-08: Households (excluding institutional households) by availability of type of latrine facility, Dadra & Nagar Haveli - 2011",https://censusindia.gov.in/nada/index.php/catalog/8650,https://censusindia.gov.in/nada/index.php/catalog/8650/download/11762,44032,5aa0c83a65d7d8b33c8174d70c587d16f6fb7177a38eaf7d16feb1277dbff294,2026-09-29T13:43:49Z,"ORGI Census of India 2011 table (GoI). ORGI site T&C: reproduce accurately, not derogatory/misleading, acknowledge source prominently. ORGI HLO tables are also published on data.gov.in, whose content is licensed under GODL-India (commercial use permitted with attribution); see LICENCE_AND_SOURCES.txt."
raw/DDW-HH2808-2700.xls,HL-08,PC11_HL08-27,"HL-08: Households (excluding institutional households) by availability of type of latrine facility, Maharashtra - 2011",https://censusindia.gov.in/nada/index.php/catalog/8663,https://censusindia.gov.in/nada/index.php/catalog/8663/download/11775,429056,7c8af7bdf75a6e35b76361ae1ba70b31e85ed5b83c256845a40ed97d84022706,2026-09-29T13:43:50Z,"ORGI Census of India 2011 table (GoI). ORGI site T&C: reproduce accurately, not derogatory/misleading, acknowledge source prominently. ORGI HLO tables are also published on data.gov.in, whose content is licensed under GODL-India (commercial use permitted with attribution); see LICENCE_AND_SOURCES.txt."
raw/DDW-HH2808-2800.xls,HL-08,PC11_HL08-28,"HL-08: Households (excluding institutional households) by availability of type of latrine facility, Andhra Pradesh - 2011",https://censusindia.gov.in/nada/index.php/catalog/8644,https://censusindia.gov.in/nada/index.php/catalog/8644/download/11756,909312,c8e73c780c0b58299518a2b56ef49aaf96eb9d12c719cf581805e2211259f466,2026-09-29T13:43:52Z,"ORGI Census of India 2011 table (GoI). ORGI site T&C: reproduce accurately, not derogatory/misleading, acknowledge source prominently. ORGI HLO tables are also published on data.gov.in, whose content is licensed under GODL-India (commercial use permitted with attribution); see LICENCE_AND_SOURCES.txt."
raw/DDW-HH2808-2900.xls,HL-08,PC11_HL08-29,"HL-08: Households (excluding institutional households) by availability of type of latrine facility, Karnataka - 2011",https://censusindia.gov.in/nada/index.php/catalog/8659,https://censusindia.gov.in/nada/index.php/catalog/8659/download/11771,264192,f071cafa1abb2582930cdf3d969567cf3102bc1f4c958cbf061307b13ee787f1,2026-09-29T13:43:53Z,"ORGI Census of India 2011 table (GoI). ORGI site T&C: reproduce accurately, not derogatory/misleading, acknowledge source prominently. ORGI HLO tables are also published on data.gov.in, whose content is licensed under GODL-India (commercial use permitted with attribution); see LICENCE_AND_SOURCES.txt."
raw/DDW-HH2808-3000.xls,HL-08,PC11_HL08-30,"HL-08: Households (excluding institutional households) by availability of type of latrine facility, Goa - 2011",https://censusindia.gov.in/nada/index.php/catalog/8653,https://censusindia.gov.in/nada/index.php/catalog/8653/download/11765,66048,49e5b4bc25c2e9f82378d8433ba0c11a6aa48b0ff16749a72e1070bb9bdb689e,2026-09-29T13:43:53Z,"ORGI Census of India 2011 table (GoI). ORGI site T&C: reproduce accurately, not derogatory/misleading, acknowledge source prominently. ORGI HLO tables are also published on data.gov.in, whose content is licensed under GODL-India (commercial use permitted with attribution); see LICENCE_AND_SOURCES.txt."
raw/DDW-HH2808-3100.xls,HL-08,PC11_HL08-31,"HL-08: Households (excluding institutional households) by availability of type of latrine facility, Lakshadweep - 2011",https://censusindia.gov.in/nada/index.php/catalog/8661,https://censusindia.gov.in/nada/index.php/catalog/8661/download/11773,49664,ed93874d1f76a30e46ad4a60302065f8c3969c982c005053401a549176b40212,2026-09-29T13:43:54Z,"ORGI Census of India 2011 table (GoI). ORGI site T&C: reproduce accurately, not derogatory/misleading, acknowledge source prominently. ORGI HLO tables are also published on data.gov.in, whose content is licensed under GODL-India (commercial use permitted with attribution); see LICENCE_AND_SOURCES.txt."
raw/DDW-HH2808-3200.xls,HL-08,PC11_HL08-32,"HL-08: Households (excluding institutional households) by availability of type of latrine facility, Kerala - 2011",https://censusindia.gov.in/nada/index.php/catalog/8660,https://censusindia.gov.in/nada/index.php/catalog/8660/download/11772,218624,c0c513e8b276aad22d6955c57000273ac4ed2004ae85e9997a4ad4ac55c25087,2026-09-29T13:43:55Z,"ORGI Census of India 2011 table (GoI). ORGI site T&C: reproduce accurately, not derogatory/misleading, acknowledge source prominently. ORGI HLO tables are also published on data.gov.in, whose content is licensed under GODL-India (commercial use permitted with attribution); see LICENCE_AND_SOURCES.txt."
raw/DDW-HH2808-3300.xls,HL-08,PC11_HL08-33,"HL-08: Households (excluding institutional households) by availability of type of latrine facility, Tamil Nadu - 2011",https://censusindia.gov.in/nada/index.php/catalog/8673,https://censusindia.gov.in/nada/index.php/catalog/8673/download/11785,468480,f9800c0f02046821d3007eb705d6a6b57610b46851dedc2b9b47264edaaf7303,2026-09-29T13:43:56Z,"ORGI Census of India 2011 table (GoI). ORGI site T&C: reproduce accurately, not derogatory/misleading, acknowledge source prominently. ORGI HLO tables are also published on data.gov.in, whose content is licensed under GODL-India (commercial use permitted with attribution); see LICENCE_AND_SOURCES.txt."
raw/DDW-HH2808-3400.xls,HL-08,PC11_HL08-34,"HL-08: Households (excluding institutional households) by availability of type of latrine facility, Puducherry - 2011",https://censusindia.gov.in/nada/index.php/catalog/8669,https://censusindia.gov.in/nada/index.php/catalog/8669/download/11781,51712,20d313b5434e83ba1c664584058fad9a5c6616574fd48aee8f7b87ba326d5a5d,2026-09-29T13:43:57Z,"ORGI Census of India 2011 table (GoI). ORGI site T&C: reproduce accurately, not derogatory/misleading, acknowledge source prominently. ORGI HLO tables are also published on data.gov.in, whose content is licensed under GODL-India (commercial use permitted with attribution); see LICENCE_AND_SOURCES.txt."
raw/DDW-HH2808-3500.xls,HL-08,PC11_HL08-35,"HL-08: Households (excluding institutional households) by availability of type of latrine facility, Andaman and Nicobar Islands - 2011",https://censusindia.gov.in/nada/index.php/catalog/8643,https://censusindia.gov.in/nada/index.php/catalog/8643/download/11755,50176,4b59d0bd14fce917980b2d38544dd19d76ac347150abb9f5bea2f5a18162bed9,2026-09-29T13:43:58Z,"ORGI Census of India 2011 table (GoI). ORGI site T&C: reproduce accurately, not derogatory/misleading, acknowledge source prominently. ORGI HLO tables are also published on data.gov.in, whose content is licensed under GODL-India (commercial use permitted with attribution); see LICENCE_AND_SOURCES.txt."
raw/DDW-HH3410-0000.xls,HL-10,PC11_HL10-00,"HL-10: Households (excluding institutional households) by availability of separate kitchen and type of fuel used for cooking, India - 2011",https://censusindia.gov.in/nada/index.php/catalog/8840,https://censusindia.gov.in/nada/index.php/catalog/8840/download/11952,418304,492144891d2f633222c8b1dbd03e4efacd7143d65b3cf07ca8084e3fa723c796,2026-09-29T13:43:59Z,"ORGI Census of India 2011 table (GoI). ORGI site T&C: reproduce accurately, not derogatory/misleading, acknowledge source prominently. ORGI HLO tables are also published on data.gov.in, whose content is licensed under GODL-India (commercial use permitted with attribution); see LICENCE_AND_SOURCES.txt."
raw/DDW-HH3410-0100.xls,HL-10,PC11_HL10-01,"HL-10: Households (excluding institutional households) by availability of separate kitchen and type of fuel used for cooking, Jammu and Kashmir - 2011",https://censusindia.gov.in/nada/index.php/catalog/8855,https://censusindia.gov.in/nada/index.php/catalog/8855/download/11967,797184,a27808bda8b5308748e5ffc6eb55c024e8b7456e3d2e1981a82ae1aea497c75b,2026-09-29T13:44:01Z,"ORGI Census of India 2011 table (GoI). ORGI site T&C: reproduce accurately, not derogatory/misleading, acknowledge source prominently. ORGI HLO tables are also published on data.gov.in, whose content is licensed under GODL-India (commercial use permitted with attribution); see LICENCE_AND_SOURCES.txt."
raw/DDW-HH3410-0200.xls,HL-10,PC11_HL10-02,"HL-10: Households (excluding institutional households) by availability of separate kitchen and type of fuel used for cooking, Himachal Pradesh - 2011",https://censusindia.gov.in/nada/index.php/catalog/8854,https://censusindia.gov.in/nada/index.php/catalog/8854/download/11966,806912,b7c31626c8ec6b613b858d8f337b54f66977e918255f30ffd52a902b9ea874f9,2026-09-29T13:44:02Z,"ORGI Census of India 2011 table (GoI). ORGI site T&C: reproduce accurately, not derogatory/misleading, acknowledge source prominently. ORGI HLO tables are also published on data.gov.in, whose content is licensed under GODL-India (commercial use permitted with attribution); see LICENCE_AND_SOURCES.txt."
raw/DDW-HH3410-0300.xls,HL-10,PC11_HL10-03,"HL-10: Households (excluding institutional households) by availability of separate kitchen and type of fuel used for cooking, Punjab - 2011",https://censusindia.gov.in/nada/index.php/catalog/8868,https://censusindia.gov.in/nada/index.php/catalog/8868/download/11980,922112,2bb0c370361a9bd695879967467c63120a5738675b3d82d03361bc98a0446c73,2026-09-29T13:44:04Z,"ORGI Census of India 2011 table (GoI). ORGI site T&C: reproduce accurately, not derogatory/misleading, acknowledge source prominently. ORGI HLO tables are also published on data.gov.in, whose content is licensed under GODL-India (commercial use permitted with attribution); see LICENCE_AND_SOURCES.txt."
raw/DDW-HH3410-0400.xls,HL-10,PC11_HL10-04,"HL-10: Households (excluding institutional households) by availability of separate kitchen and type of fuel used for cooking, Chandigarh - 2011",https://censusindia.gov.in/nada/index.php/catalog/8846,https://censusindia.gov.in/nada/index.php/catalog/8846/download/11958,64512,699716c042142cdaf9acfdca875ca42371b86bcadfed82c7f482e369678b90f0,2026-09-29T13:44:05Z,"ORGI Census of India 2011 table (GoI). ORGI site T&C: reproduce accurately, not derogatory/misleading, acknowledge source prominently. ORGI HLO tables are also published on data.gov.in, whose content is licensed under GODL-India (commercial use permitted with attribution); see LICENCE_AND_SOURCES.txt."
raw/DDW-HH3410-0500.xls,HL-10,PC11_HL10-05,"HL-10: Households (excluding institutional households) by availability of separate kitchen and type of fuel used for cooking, Uttarakhand - 2011",https://censusindia.gov.in/nada/index.php/catalog/8874,https://censusindia.gov.in/nada/index.php/catalog/8874/download/11986,713216,b7b00f29aad480942939caf89589a87e8cb9ac5d495c244677cd1f7ea6c04a86,2026-09-29T13:44:06Z,"ORGI Census of India 2011 table (GoI). ORGI site T&C: reproduce accurately, not derogatory/misleading, acknowledge source prominently. ORGI HLO tables are also published on data.gov.in, whose content is licensed under GODL-India (commercial use permitted with attribution); see LICENCE_AND_SOURCES.txt."
raw/DDW-HH3410-0600.xls,HL-10,PC11_HL10-06,"HL-10: Households (excluding institutional households) by availability of separate kitchen and type of fuel used for cooking, Haryana - 2011",https://censusindia.gov.in/nada/index.php/catalog/8853,https://censusindia.gov.in/nada/index.php/catalog/8853/download/11965,796672,d0383987f4f2eac674741c5a9b2bdcc5aac36accacbf6c43ecdf06f01a1af666,2026-09-29T13:44:07Z,"ORGI Census of India 2011 table (GoI). ORGI site T&C: reproduce accurately, not derogatory/misleading, acknowledge source prominently. ORGI HLO tables are also published on data.gov.in, whose content is licensed under GODL-India (commercial use permitted with attribution); see LICENCE_AND_SOURCES.txt."
raw/DDW-HH3410-0700.xls,HL-10,PC11_HL10-07,"HL-10: Households (excluding institutional households) by availability of separate kitchen and type of fuel used for cooking, NCT of Delhi - 2011",https://censusindia.gov.in/nada/index.php/catalog/8850,https://censusindia.gov.in/nada/index.php/catalog/8850/download/11962,481792,777147f9382642b1e6ef9263a21deb72b5ebeb00393d48d3b27c894002602f7c,2026-09-29T13:44:09Z,"ORGI Census of India 2011 table (GoI). ORGI site T&C: reproduce accurately, not derogatory/misleading, acknowledge source prominently. ORGI HLO tables are also published on data.gov.in, whose content is licensed under GODL-India (commercial use permitted with attribution); see LICENCE_AND_SOURCES.txt."
raw/DDW-HH3410-0800.xls,HL-10,PC11_HL10-08,"HL-10: Households (excluding institutional households) by availability of separate kitchen and type of fuel used for cooking, Rajasthan - 2011",https://censusindia.gov.in/nada/index.php/catalog/8869,https://censusindia.gov.in/nada/index.php/catalog/8869/download/11981,1980928,addeec9be6a611acea6ba3408dd85341fe5667a48976f2bb1cd096d59d5c8c8e,2026-09-29T13:44:10Z,"ORGI Census of India 2011 table (GoI). ORGI site T&C: reproduce accurately, not derogatory/misleading, acknowledge source prominently. ORGI HLO tables are also published on data.gov.in, whose content is licensed under GODL-India (commercial use permitted with attribution); see LICENCE_AND_SOURCES.txt."
raw/DDW-HH3410-0900.xls,HL-10,PC11_HL10-09,"HL-10: Households (excluding institutional households) by availability of separate kitchen and type of fuel used for cooking, Uttar Pradesh - 2011",https://censusindia.gov.in/nada/index.php/catalog/8873,https://censusindia.gov.in/nada/index.php/catalog/8873/download/11985,3579392,27181b18c3554cd91dfe2fb126402136f8cfe002d363957b2f27a60ee28924e6,2026-09-29T13:44:12Z,"ORGI Census of India 2011 table (GoI). ORGI site T&C: reproduce accurately, not derogatory/misleading, acknowledge source prominently. ORGI HLO tables are also published on data.gov.in, whose content is licensed under GODL-India (commercial use permitted with attribution); see LICENCE_AND_SOURCES.txt."
raw/DDW-HH3410-1000.xls,HL-10,PC11_HL10-10,"HL-10: Households (excluding institutional households) by availability of separate kitchen and type of fuel used for cooking, Bihar - 2011",https://censusindia.gov.in/nada/index.php/catalog/8845,https://censusindia.gov.in/nada/index.php/catalog/8845/download/11957,3317760,072629a257dcf0ff9c2022f3fd9becc8c1c7990a1ce00bff415e1faadd9010e0,2026-09-29T13:44:14Z,"ORGI Census of India 2011 table (GoI). ORGI site T&C: reproduce accurately, not derogatory/misleading, acknowledge source prominently. ORGI HLO tables are also published on data.gov.in, whose content is licensed under GODL-India (commercial use permitted with attribution); see LICENCE_AND_SOURCES.txt."
raw/DDW-HH3410-1100.xls,HL-10,PC11_HL10-11,"HL-10: Households (excluding institutional households) by availability of separate kitchen and type of fuel used for cooking, Sikkim - 2011",https://censusindia.gov.in/nada/index.php/catalog/8870,https://censusindia.gov.in/nada/index.php/catalog/8870/download/11982,125952,d596ae382cac1ab2d3539a10cb567e01a45d2a91d8de46d35eb6d20d38dda9c1,2026-09-29T13:44:15Z,"ORGI Census of India 2011 table (GoI). ORGI site T&C: reproduce accurately, not derogatory/misleading, acknowledge source prominently. ORGI HLO tables are also published on data.gov.in, whose content is licensed under GODL-India (commercial use permitted with attribution); see LICENCE_AND_SOURCES.txt."
raw/DDW-HH3410-1200.xls,HL-10,PC11_HL10-12,"HL-10: Households (excluding institutional households) by availability of separate kitchen and type of fuel used for cooking, Arunachal Pradesh - 2011",https://censusindia.gov.in/nada/index.php/catalog/8843,https://censusindia.gov.in/nada/index.php/catalog/8843/download/11955,1136128,ecf8b207bf2bf120d9a21aba651bd3323615cec37505925637973ac75a78617b,2026-09-29T13:44:16Z,"ORGI Census of India 2011 table (GoI). ORGI site T&C: reproduce accurately, not derogatory/misleading, acknowledge source prominently. ORGI HLO tables are also published on data.gov.in, whose content is licensed under GODL-India (commercial use permitted with attribution); see LICENCE_AND_SOURCES.txt."
raw/DDW-HH3410-1300.xls,HL-10,PC11_HL10-13,"HL-10: Households (excluding institutional households) by availability of separate kitchen and type of fuel used for cooking, Nagaland - 2011",https://censusindia.gov.in/nada/index.php/catalog/8865,https://censusindia.gov.in/nada/index.php/catalog/8865/download/11977,729600,6078dda45d940c7696e8ee291b95454079baf4f9949aa3e34437f69e5715472e,2026-09-29T13:44:18Z,"ORGI Census of India 2011 table (GoI). ORGI site T&C: reproduce accurately, not derogatory/misleading, acknowledge source prominently. ORGI HLO tables are also published on data.gov.in, whose content is licensed under GODL-India (commercial use permitted with attribution); see LICENCE_AND_SOURCES.txt."
raw/DDW-HH3410-1400.xls,HL-10,PC11_HL10-14,"HL-10: Households (excluding institutional households) by availability of separate kitchen and type of fuel used for cooking, Manipur - 2011",https://censusindia.gov.in/nada/index.php/catalog/8862,https://censusindia.gov.in/nada/index.php/catalog/8862/download/11974,379392,c3a642bbc5aa9edd73157f27a3459f9d17750eee881add89ab53964fde5b0884,2026-09-29T13:44:18Z,"ORGI Census of India 2011 table (GoI). ORGI site T&C: reproduce accurately, not derogatory/misleading, acknowledge source prominently. ORGI HLO tables are also published on data.gov.in, whose content is licensed under GODL-India (commercial use permitted with attribution); see LICENCE_AND_SOURCES.txt."
raw/DDW-HH3410-1500.xls,HL-10,PC11_HL10-15,"HL-10: Households (excluding institutional households) by availability of separate kitchen and type of fuel used for cooking, Mizoram - 2011",https://censusindia.gov.in/nada/index.php/catalog/8864,https://censusindia.gov.in/nada/index.php/catalog/8864/download/11976,273408,777a3749e913899a4676da219138c61bab067af952ccbf920f74a4e7016dbf72,2026-09-29T13:44:20Z,"ORGI Census of India 2011 table (GoI). ORGI site T&C: reproduce accurately, not derogatory/misleading, acknowledge source prominently. ORGI HLO tables are also published on data.gov.in, whose content is licensed under GODL-India (commercial use permitted with attribution); see LICENCE_AND_SOURCES.txt."
raw/DDW-HH3410-1600.xls,HL-10,PC11_HL10-16,"HL-10: Households (excluding institutional households) by availability of separate kitchen and type of fuel used for cooking, Tripura - 2011",https://censusindia.gov.in/nada/index.php/catalog/8872,https://censusindia.gov.in/nada/index.php/catalog/8872/download/11984,362496,8a88b4632eb74ce9f12f2fe33d7e5997bdfacbd8851ce4fc106618c63b534d1e,2026-09-29T13:44:21Z,"ORGI Census of India 2011 table (GoI). ORGI site T&C: reproduce accurately, not derogatory/misleading, acknowledge source prominently. ORGI HLO tables are also published on data.gov.in, whose content is licensed under GODL-India (commercial use permitted with attribution); see LICENCE_AND_SOURCES.txt."
raw/DDW-HH3410-1700.xls,HL-10,PC11_HL10-17,"HL-10: Households (excluding institutional households) by availability of separate kitchen and type of fuel used for cooking, Meghalaya - 2011",https://censusindia.gov.in/nada/index.php/catalog/8863,https://censusindia.gov.in/nada/index.php/catalog/8863/download/11975,317440,f12e7c271a571a8c0b869c4d2751e31006882fb705243b629d039fd0a8543d52,2026-09-29T13:44:22Z,"ORGI Census of India 2011 table (GoI). ORGI site T&C: reproduce accurately, not derogatory/misleading, acknowledge source prominently. ORGI HLO tables are also published on data.gov.in, whose content is licensed under GODL-India (commercial use permitted with attribution); see LICENCE_AND_SOURCES.txt."
raw/DDW-HH3410-1800.xls,HL-10,PC11_HL10-18,"HL-10: Households (excluding institutional households) by availability of separate kitchen and type of fuel used for cooking, Assam - 2011",https://censusindia.gov.in/nada/index.php/catalog/8844,https://censusindia.gov.in/nada/index.php/catalog/8844/download/11956,1534976,9ca95becc62b5f8bfa2ba3bbee7c78fb90ed20f0292299c754c480bf39a73783,2026-09-29T13:44:23Z,"ORGI Census of India 2011 table (GoI). ORGI site T&C: reproduce accurately, not derogatory/misleading, acknowledge source prominently. ORGI HLO tables are also published on data.gov.in, whose content is licensed under GODL-India (commercial use permitted with attribution); see LICENCE_AND_SOURCES.txt."
raw/DDW-HH3410-1900.xls,HL-10,PC11_HL10-19,"HL-10: Households (excluding institutional households) by availability of separate kitchen and type of fuel used for cooking, West Bengal - 2011",https://censusindia.gov.in/nada/index.php/catalog/8875,https://censusindia.gov.in/nada/index.php/catalog/8875/download/11987,3565056,45b0878ca4118cb171c76b8d062263ea4a71b7828685873dd719e9a683aefe13,2026-09-29T13:44:26Z,"ORGI Census of India 2011 table (GoI). ORGI site T&C: reproduce accurately, not derogatory/misleading, acknowledge source prominently. ORGI HLO tables are also published on data.gov.in, whose content is licensed under GODL-India (commercial use permitted with attribution); see LICENCE_AND_SOURCES.txt."
raw/DDW-HH3410-2000.xls,HL-10,PC11_HL10-20,"HL-10: Households (excluding institutional households) by availability of separate kitchen and type of fuel used for cooking, Jharkhand - 2011",https://censusindia.gov.in/nada/index.php/catalog/8856,https://censusindia.gov.in/nada/index.php/catalog/8856/download/11968,1887232,c65784674dbef7bd9747698168437836378cb65e22b270744e9ffab4fef2c342,2026-09-29T13:44:27Z,"ORGI Census of India 2011 table (GoI). ORGI site T&C: reproduce accurately, not derogatory/misleading, acknowledge source prominently. ORGI HLO tables are also published on data.gov.in, whose content is licensed under GODL-India (commercial use permitted with attribution); see LICENCE_AND_SOURCES.txt."
raw/DDW-HH3410-2100.xls,HL-10,PC11_HL10-21,"HL-10: Households (excluding institutional households) by availability of separate kitchen and type of fuel used for cooking, Odisha - 2011",https://censusindia.gov.in/nada/index.php/catalog/8866,https://censusindia.gov.in/nada/index.php/catalog/8866/download/11978,3023360,d0bb380e6462d1cc752d988b09cc1fa8d06994022445e7c93272c41875902764,2026-09-29T13:44:29Z,"ORGI Census of India 2011 table (GoI). ORGI site T&C: reproduce accurately, not derogatory/misleading, acknowledge source prominently. ORGI HLO tables are also published on data.gov.in, whose content is licensed under GODL-India (commercial use permitted with attribution); see LICENCE_AND_SOURCES.txt."
raw/DDW-HH3410-2200.xls,HL-10,PC11_HL10-22,"HL-10: Households (excluding institutional households) by availability of separate kitchen and type of fuel used for cooking, Chhattisgarh - 2011",https://censusindia.gov.in/nada/index.php/catalog/8847,https://censusindia.gov.in/nada/index.php/catalog/8847/download/11959,1242624,4a44dc83b4f6e29babfeb357ab9042a15a9086d3ac4a1489865af6e5f4680cae,2026-09-29T13:44:31Z,"ORGI Census of India 2011 table (GoI). ORGI site T&C: reproduce accurately, not derogatory/misleading, acknowledge source prominently. ORGI HLO tables are also published on data.gov.in, whose content is licensed under GODL-India (commercial use permitted with attribution); see LICENCE_AND_SOURCES.txt."
raw/DDW-HH3410-2300.xls,HL-10,PC11_HL10-23,"HL-10: Households (excluding institutional households) by availability of separate kitchen and type of fuel used for cooking, Madhya Pradesh - 2011",https://censusindia.gov.in/nada/index.php/catalog/8860,https://censusindia.gov.in/nada/index.php/catalog/8860/download/11972,2875904,ca6301d5ffa9f46c6140c39b6a9478dcf139ca1f1dec92ac3ce5cef997072609,2026-09-29T13:44:34Z,"ORGI Census of India 2011 table (GoI). ORGI site T&C: reproduce accurately, not derogatory/misleading, acknowledge source prominently. ORGI HLO tables are also published on data.gov.in, whose content is licensed under GODL-India (commercial use permitted with attribution); see LICENCE_AND_SOURCES.txt."
raw/DDW-HH3410-2400.xls,HL-10,PC11_HL10-24,"HL-10: Households (excluding institutional households) by availability of separate kitchen and type of fuel used for cooking, Gujarat - 2011",https://censusindia.gov.in/nada/index.php/catalog/8852,https://censusindia.gov.in/nada/index.php/catalog/8852/download/11964,1936896,12aa48db2c171a918318f97b23d9e3a74833c30e9b18040b6d9c0d8bb6f820df,2026-09-29T13:44:35Z,"ORGI Census of India 2011 table (GoI). ORGI site T&C: reproduce accurately, not derogatory/misleading, acknowledge source prominently. ORGI HLO tables are also published on data.gov.in, whose content is licensed under GODL-India (commercial use permitted with attribution); see LICENCE_AND_SOURCES.txt."
raw/DDW-HH3410-2500.xls,HL-10,PC11_HL10-25,"HL-10: Households (excluding institutional households) by availability of separate kitchen and type of fuel used for cooking, Daman & Diu - 2011",https://censusindia.gov.in/nada/index.php/catalog/8849,https://censusindia.gov.in/nada/index.php/catalog/8849/download/11961,78336,037d3bb46a9e60f8dcc00685831554aaf88402e591e3d1887a83132c0f169d4c,2026-09-29T13:44:36Z,"ORGI Census of India 2011 table (GoI). ORGI site T&C: reproduce accurately, not derogatory/misleading, acknowledge source prominently. ORGI HLO tables are also published on data.gov.in, whose content is licensed under GODL-India (commercial use permitted with attribution); see LICENCE_AND_SOURCES.txt."
raw/DDW-HH3410-2600.xls,HL-10,PC11_HL10-26,"HL-10: Households (excluding institutional households) by availability of separate kitchen and type of fuel used for cooking, Dadra & Nagar Haveli - 2011",https://censusindia.gov.in/nada/index.php/catalog/8848,https://censusindia.gov.in/nada/index.php/catalog/8848/download/11960,64512,9a8229b6b5b9e424b81af0003b8fafc381fd5d19aeed0a1e06759f4b595fcecc,2026-09-29T13:44:37Z,"ORGI Census of India 2011 table (GoI). ORGI site T&C: reproduce accurately, not derogatory/misleading, acknowledge source prominently. ORGI HLO tables are also published on data.gov.in, whose content is licensed under GODL-India (commercial use permitted with attribution); see LICENCE_AND_SOURCES.txt."
raw/DDW-HH3410-2700.xls,HL-10,PC11_HL10-27,"HL-10: Households (excluding institutional households) by availability of separate kitchen and type of fuel used for cooking, Maharashtra - 2011",https://censusindia.gov.in/nada/index.php/catalog/8861,https://censusindia.gov.in/nada/index.php/catalog/8861/download/11973,2976768,cb696948d8c24404c06d5c4f05cbc6f46ab40c3ee59893a620c9d7b138eb25e9,2026-09-29T13:44:40Z,"ORGI Census of India 2011 table (GoI). ORGI site T&C: reproduce accurately, not derogatory/misleading, acknowledge source prominently. ORGI HLO tables are also published on data.gov.in, whose content is licensed under GODL-India (commercial use permitted with attribution); see LICENCE_AND_SOURCES.txt."
raw/DDW-HH3410-2800.xls,HL-10,PC11_HL10-28,"HL-10: Households (excluding institutional households) by availability of separate kitchen and type of fuel used for cooking, Andhra Pradesh - 2011",https://censusindia.gov.in/nada/index.php/catalog/8842,https://censusindia.gov.in/nada/index.php/catalog/8842/download/11954,6691840,3aaa5e291407f91c00fc0aff2c6c90b1d9fdae9d18c9a41c98a1f7a22d93e0bf,2026-09-29T13:44:43Z,"ORGI Census of India 2011 table (GoI). ORGI site T&C: reproduce accurately, not derogatory/misleading, acknowledge source prominently. ORGI HLO tables are also published on data.gov.in, whose content is licensed under GODL-India (commercial use permitted with attribution); see LICENCE_AND_SOURCES.txt."
raw/DDW-HH3410-2900.xls,HL-10,PC11_HL10-29,"HL-10: Households (excluding institutional households) by availability of separate kitchen and type of fuel used for cooking, Karnataka - 2011",https://censusindia.gov.in/nada/index.php/catalog/8857,https://censusindia.gov.in/nada/index.php/catalog/8857/download/11969,1718784,85a4c5c3fe2659355a27cfd0fd4d5dbd0c29125337756fc73806134721a34071,2026-09-29T13:44:45Z,"ORGI Census of India 2011 table (GoI). ORGI site T&C: reproduce accurately, not derogatory/misleading, acknowledge source prominently. ORGI HLO tables are also published on data.gov.in, whose content is licensed under GODL-India (commercial use permitted with attribution); see LICENCE_AND_SOURCES.txt."
raw/DDW-HH3410-3000.xls,HL-10,PC11_HL10-30,"HL-10: Households (excluding institutional households) by availability of separate kitchen and type of fuel used for cooking, Goa - 2011",https://censusindia.gov.in/nada/index.php/catalog/8851,https://censusindia.gov.in/nada/index.php/catalog/8851/download/11963,230912,a297eabe1bc83203bd603ca8fa42fdb70396ed6d030f3e55abe5f40a20333ee3,2026-09-29T13:44:46Z,"ORGI Census of India 2011 table (GoI). ORGI site T&C: reproduce accurately, not derogatory/misleading, acknowledge source prominently. ORGI HLO tables are also published on data.gov.in, whose content is licensed under GODL-India (commercial use permitted with attribution); see LICENCE_AND_SOURCES.txt."
raw/DDW-HH3410-3100.xls,HL-10,PC11_HL10-31,"HL-10: Households (excluding institutional households) by availability of separate kitchen and type of fuel used for cooking, Lakshadweep - 2011",https://censusindia.gov.in/nada/index.php/catalog/8859,https://censusindia.gov.in/nada/index.php/catalog/8859/download/11971,110592,227ca0cad02b0c0c09496f305e065f454dcb93fd28fe81866cdde578830706d4,2026-09-29T13:44:46Z,"ORGI Census of India 2011 table (GoI). ORGI site T&C: reproduce accurately, not derogatory/misleading, acknowledge source prominently. ORGI HLO tables are also published on data.gov.in, whose content is licensed under GODL-India (commercial use permitted with attribution); see LICENCE_AND_SOURCES.txt."
raw/DDW-HH3410-3200.xls,HL-10,PC11_HL10-32,"HL-10: Households (excluding institutional households) by availability of separate kitchen and type of fuel used for cooking, Kerala - 2011",https://censusindia.gov.in/nada/index.php/catalog/8858,https://censusindia.gov.in/nada/index.php/catalog/8858/download/11970,1349120,120ac680c9ad630f6af5b41bd97e2d61f9561cf32819c09c92fc76e3f7986877,2026-09-29T13:44:48Z,"ORGI Census of India 2011 table (GoI). ORGI site T&C: reproduce accurately, not derogatory/misleading, acknowledge source prominently. ORGI HLO tables are also published on data.gov.in, whose content is licensed under GODL-India (commercial use permitted with attribution); see LICENCE_AND_SOURCES.txt."
raw/DDW-HH3410-3300.xls,HL-10,PC11_HL10-33,"HL-10: Households (excluding institutional households) by availability of separate kitchen and type of fuel used for cooking, Tamil Nadu - 2011",https://censusindia.gov.in/nada/index.php/catalog/8871,https://censusindia.gov.in/nada/index.php/catalog/8871/download/11983,3207168,315edbe8ddf79df331cae9068ed7ab54b2eb01ced0f1ddf11a47e6162a9ce68b,2026-09-29T13:44:51Z,"ORGI Census of India 2011 table (GoI). ORGI site T&C: reproduce accurately, not derogatory/misleading, acknowledge source prominently. ORGI HLO tables are also published on data.gov.in, whose content is licensed under GODL-India (commercial use permitted with attribution); see LICENCE_AND_SOURCES.txt."
raw/DDW-HH3410-3400.xls,HL-10,PC11_HL10-34,"HL-10: Households (excluding institutional households) by availability of separate kitchen and type of fuel used for cooking, Puducherry - 2011",https://censusindia.gov.in/nada/index.php/catalog/8867,https://censusindia.gov.in/nada/index.php/catalog/8867/download/11979,122368,560c912946a7de8fb8c443cb64df51e1d22d8c0e803936cf5c72e54e5303bed1,2026-09-29T13:44:51Z,"ORGI Census of India 2011 table (GoI). ORGI site T&C: reproduce accurately, not derogatory/misleading, acknowledge source prominently. ORGI HLO tables are also published on data.gov.in, whose content is licensed under GODL-India (commercial use permitted with attribution); see LICENCE_AND_SOURCES.txt."
raw/DDW-HH3410-3500.xls,HL-10,PC11_HL10-35,"HL-10: Households (excluding institutional households) by availability of separate kitchen and type of fuel used for cooking, Andaman and Nicobar Islands - 2011",https://censusindia.gov.in/nada/index.php/catalog/8841,https://censusindia.gov.in/nada/index.php/catalog/8841/download/11953,113664,35c76fe3bc6afb2bee936dba6408a76a160f9473417eeb71f9c1ee2e7f9f2ea4,2026-09-29T13:44:52Z,"ORGI Census of India 2011 table (GoI). ORGI site T&C: reproduce accurately, not derogatory/misleading, acknowledge source prominently. ORGI HLO tables are also published on data.gov.in, whose content is licensed under GODL-India (commercial use permitted with attribution); see LICENCE_AND_SOURCES.txt."
raw/DDW-HH4012-0000.xls,HL-12,PC11_HL12-00,"HL-12: Number of households (excluding institutional households) availing banking services and number of households having each of the specified assets, India - 2011",https://censusindia.gov.in/nada/index.php/catalog/9038,https://censusindia.gov.in/nada/index.php/catalog/9038/download/12150,90112,6c4adb45606676d680d73f0f25de58c82f371ce4636a7b99f362a3e4da4b6741,2026-09-29T13:44:53Z,"ORGI Census of India 2011 table (GoI). ORGI site T&C: reproduce accurately, not derogatory/misleading, acknowledge source prominently. ORGI HLO tables are also published on data.gov.in, whose content is licensed under GODL-India (commercial use permitted with attribution); see LICENCE_AND_SOURCES.txt."
raw/DDW-HH4012-0100.xls,HL-12,PC11_HL12-01,"HL-12: Number of households (excluding institutional households) availing banking services and number of households having each of the specified assets, Jammu and Kashmir - 2011",https://censusindia.gov.in/nada/index.php/catalog/9053,https://censusindia.gov.in/nada/index.php/catalog/9053/download/12165,141312,b52bdfa05e9344174b0c305b46744ddfb80807800f8db07d3a8b0b2224980e8f,2026-09-29T13:44:54Z,"ORGI Census of India 2011 table (GoI). ORGI site T&C: reproduce accurately, not derogatory/misleading, acknowledge source prominently. ORGI HLO tables are also published on data.gov.in, whose content is licensed under GODL-India (commercial use permitted with attribution); see LICENCE_AND_SOURCES.txt."
raw/DDW-HH4012-0200.xls,HL-12,PC11_HL12-02,"HL-12: Number of households (excluding institutional households) availing banking services and number of households having each of the specified assets, Himachal Pradesh - 2011",https://censusindia.gov.in/nada/index.php/catalog/9052,https://censusindia.gov.in/nada/index.php/catalog/9052/download/12164,141824,4e4996f2b44f2dc4dceca8b27419fc536a454139cf5bfac9c01953a8a542dd28,2026-09-29T13:44:55Z,"ORGI Census of India 2011 table (GoI). ORGI site T&C: reproduce accurately, not derogatory/misleading, acknowledge source prominently. ORGI HLO tables are also published on data.gov.in, whose content is licensed under GODL-India (commercial use permitted with attribution); see LICENCE_AND_SOURCES.txt."
raw/DDW-HH4012-0300.xls,HL-12,PC11_HL12-03,"HL-12: Number of households (excluding institutional households) availing banking services and number of households having each of the specified assets, Punjab - 2011",https://censusindia.gov.in/nada/index.php/catalog/9066,https://censusindia.gov.in/nada/index.php/catalog/9066/download/12178,159744,56a5aa940577ae565409a25ee74235f229ea39bd1476489c1b0377a354c5a59a,2026-09-29T13:44:56Z,"ORGI Census of India 2011 table (GoI). ORGI site T&C: reproduce accurately, not derogatory/misleading, acknowledge source prominently. ORGI HLO tables are also published on data.gov.in, whose content is licensed under GODL-India (commercial use permitted with attribution); see LICENCE_AND_SOURCES.txt."
raw/DDW-HH4012-0400.xls,HL-12,PC11_HL12-04,"HL-12: Number of households (excluding institutional households) availing banking services and number of households having each of the specified assets, Chandigarh - 2011",https://censusindia.gov.in/nada/index.php/catalog/9044,https://censusindia.gov.in/nada/index.php/catalog/9044/download/12156,41984,e56ae3a562e4befe75df142a21afca226f02a2c65ff62702d0b02146d6f49b47,2026-09-29T13:44:57Z,"ORGI Census of India 2011 table (GoI). ORGI site T&C: reproduce accurately, not derogatory/misleading, acknowledge source prominently. ORGI HLO tables are also published on data.gov.in, whose content is licensed under GODL-India (commercial use permitted with attribution); see LICENCE_AND_SOURCES.txt."
raw/DDW-HH4012-0500.xls,HL-12,PC11_HL12-05,"HL-12: Number of households (excluding institutional households) availing banking services and number of households having each of the specified assets, Uttarakhand - 2011",https://censusindia.gov.in/nada/index.php/catalog/9072,https://censusindia.gov.in/nada/index.php/catalog/9072/download/12184,130048,702ed6edfde9b2d42e0aeb819890e2d9cbbfdb2347d8fec911d8e7f004f2a9bf,2026-09-29T13:44:58Z,"ORGI Census of India 2011 table (GoI). ORGI site T&C: reproduce accurately, not derogatory/misleading, acknowledge source prominently. ORGI HLO tables are also published on data.gov.in, whose content is licensed under GODL-India (commercial use permitted with attribution); see LICENCE_AND_SOURCES.txt."
raw/DDW-HH4012-0600.xls,HL-12,PC11_HL12-06,"HL-12: Number of households (excluding institutional households) availing banking services and number of households having each of the specified assets, Haryana - 2011",https://censusindia.gov.in/nada/index.php/catalog/9051,https://censusindia.gov.in/nada/index.php/catalog/9051/download/12163,141824,f7e7abc6e1a14211859876cf3e06644e33d93309bb159ccbd9e1b1cb520d2e13,2026-09-29T13:44:59Z,"ORGI Census of India 2011 table (GoI). ORGI site T&C: reproduce accurately, not derogatory/misleading, acknowledge source prominently. ORGI HLO tables are also published on data.gov.in, whose content is licensed under GODL-India (commercial use permitted with attribution); see LICENCE_AND_SOURCES.txt."
raw/DDW-HH4012-0700.xls,HL-12,PC11_HL12-07,"HL-12: Number of households (excluding institutional households) availing banking services and number of households having each of the specified assets, NCT of Delhi - 2011",https://censusindia.gov.in/nada/index.php/catalog/9048,https://censusindia.gov.in/nada/index.php/catalog/9048/download/12160,98816,7d873121e22eeedb616cc0655facf09aa18ccadfd6dc74d567bfc158f48ad76f,2026-09-29T13:44:59Z,"ORGI Census of India 2011 table (GoI). ORGI site T&C: reproduce accurately, not derogatory/misleading, acknowledge source prominently. ORGI HLO tables are also published on data.gov.in, whose content is licensed under GODL-India (commercial use permitted with attribution); see LICENCE_AND_SOURCES.txt."
raw/DDW-HH4012-0800.xls,HL-12,PC11_HL12-08,"HL-12: Number of households (excluding institutional households) availing banking services and number of households having each of the specified assets, Rajasthan - 2011",https://censusindia.gov.in/nada/index.php/catalog/9067,https://censusindia.gov.in/nada/index.php/catalog/9067/download/12179,301056,867d811a67b4d11e2c98c700dd1cfaaee6b5fce54eed08b322f973bf4758bd17,2026-09-29T13:45:00Z,"ORGI Census of India 2011 table (GoI). ORGI site T&C: reproduce accurately, not derogatory/misleading, acknowledge source prominently. ORGI HLO tables are also published on data.gov.in, whose content is licensed under GODL-India (commercial use permitted with attribution); see LICENCE_AND_SOURCES.txt."
raw/DDW-HH4012-0900.xls,HL-12,PC11_HL12-09,"HL-12: Number of households (excluding institutional households) availing banking services and number of households having each of the specified assets, Uttar Pradesh - 2011",https://censusindia.gov.in/nada/index.php/catalog/9071,https://censusindia.gov.in/nada/index.php/catalog/9071/download/12183,521728,4cebc0bac0969ba97c13036eec358b1223f38a4d0c0a7ac879e63988b6f4b19d,2026-09-29T13:45:02Z,"ORGI Census of India 2011 table (GoI). ORGI site T&C: reproduce accurately, not derogatory/misleading, acknowledge source prominently. ORGI HLO tables are also published on data.gov.in, whose content is licensed under GODL-India (commercial use permitted with attribution); see LICENCE_AND_SOURCES.txt."
raw/DDW-HH4012-1000.xls,HL-12,PC11_HL12-10,"HL-12: Number of households (excluding institutional households) availing banking services and number of households having each of the specified assets, Bihar - 2011",https://censusindia.gov.in/nada/index.php/catalog/9043,https://censusindia.gov.in/nada/index.php/catalog/9043/download/12155,478208,f847c8411cd2d686868a6f393f22ceae00cbf327b09f27e8c1cbcb7dedada118,2026-09-29T13:45:03Z,"ORGI Census of India 2011 table (GoI). ORGI site T&C: reproduce accurately, not derogatory/misleading, acknowledge source prominently. ORGI HLO tables are also published on data.gov.in, whose content is licensed under GODL-India (commercial use permitted with attribution); see LICENCE_AND_SOURCES.txt."
raw/DDW-HH4012-1100.xls,HL-12,PC11_HL12-11,"HL-12: Number of households (excluding institutional households) availing banking services and number of households having each of the specified assets, Sikkim - 2011",https://censusindia.gov.in/nada/index.php/catalog/9068,https://censusindia.gov.in/nada/index.php/catalog/9068/download/12180,49664,7c4df2a49b238823a65131ee7b1fea926196adaa1a3fcc7e795abecb3c3c1207,2026-09-29T13:45:04Z,"ORGI Census of India 2011 table (GoI). ORGI site T&C: reproduce accurately, not derogatory/misleading, acknowledge source prominently. ORGI HLO tables are also published on data.gov.in, whose content is licensed under GODL-India (commercial use permitted with attribution); see LICENCE_AND_SOURCES.txt."
raw/DDW-HH4012-1200.xls,HL-12,PC11_HL12-12,"HL-12: Number of households (excluding institutional households) availing banking services and number of households having each of the specified assets, Arunachal Pradesh - 2011",https://censusindia.gov.in/nada/index.php/catalog/9041,https://censusindia.gov.in/nada/index.php/catalog/9041/download/12153,184832,d75a5a286fb6edaaa55d367cc085d2d5461187e69e3b7ac5bd83c64a991c79cb,2026-09-29T13:45:05Z,"ORGI Census of India 2011 table (GoI). ORGI site T&C: reproduce accurately, not derogatory/misleading, acknowledge source prominently. ORGI HLO tables are also published on data.gov.in, whose content is licensed under GODL-India (commercial use permitted with attribution); see LICENCE_AND_SOURCES.txt."
raw/DDW-HH4012-1300.xls,HL-12,PC11_HL12-13,"HL-12: Number of households (excluding institutional households) availing banking services and number of households having each of the specified assets, Nagaland - 2011",https://censusindia.gov.in/nada/index.php/catalog/9063,https://censusindia.gov.in/nada/index.php/catalog/9063/download/12175,130560,09a8e2109600c9b2892ff308da0c96e09549dc92d09a899a2d2ed4e9506758ef,2026-09-29T13:45:05Z,"ORGI Census of India 2011 table (GoI). ORGI site T&C: reproduce accurately, not derogatory/misleading, acknowledge source prominently. ORGI HLO tables are also published on data.gov.in, whose content is licensed under GODL-India (commercial use permitted with attribution); see LICENCE_AND_SOURCES.txt."
raw/DDW-HH4012-1400.xls,HL-12,PC11_HL12-14,"HL-12: Number of households (excluding institutional households) availing banking services and number of households having each of the specified assets, Manipur - 2011",https://censusindia.gov.in/nada/index.php/catalog/9060,https://censusindia.gov.in/nada/index.php/catalog/9060/download/12172,76288,f163bfed0b527a7007ecf7f4adcb93f040a68811274ccc12342683a26eed4398,2026-09-29T13:45:06Z,"ORGI Census of India 2011 table (GoI). ORGI site T&C: reproduce accurately, not derogatory/misleading, acknowledge source prominently. ORGI HLO tables are also published on data.gov.in, whose content is licensed under GODL-India (commercial use permitted with attribution); see LICENCE_AND_SOURCES.txt."
raw/DDW-HH4012-1500.xls,HL-12,PC11_HL12-15,"HL-12: Number of households (excluding institutional households) availing banking services and number of households having each of the specified assets, Mizoram - 2011",https://censusindia.gov.in/nada/index.php/catalog/9062,https://censusindia.gov.in/nada/index.php/catalog/9062/download/12174,70144,6812cf5a4430d3025fe13d516a2e1907b1bd1383b604fc1027f4991f4a878a25,2026-09-29T13:45:07Z,"ORGI Census of India 2011 table (GoI). ORGI site T&C: reproduce accurately, not derogatory/misleading, acknowledge source prominently. ORGI HLO tables are also published on data.gov.in, whose content is licensed under GODL-India (commercial use permitted with attribution); see LICENCE_AND_SOURCES.txt."
raw/DDW-HH4012-1600.xls,HL-12,PC11_HL12-16,"HL-12: Number of households (excluding institutional households) availing banking services and number of households having each of the specified assets, Tripura - 2011",https://censusindia.gov.in/nada/index.php/catalog/9070,https://censusindia.gov.in/nada/index.php/catalog/9070/download/12182,82432,9987be02f6f218ef3cf3971ade6a983790c6afce977592b0972ad366c1794734,2026-09-29T13:45:08Z,"ORGI Census of India 2011 table (GoI). ORGI site T&C: reproduce accurately, not derogatory/misleading, acknowledge source prominently. ORGI HLO tables are also published on data.gov.in, whose content is licensed under GODL-India (commercial use permitted with attribution); see LICENCE_AND_SOURCES.txt."
raw/DDW-HH4012-1700.xls,HL-12,PC11_HL12-17,"HL-12: Number of households (excluding institutional households) availing banking services and number of households having each of the specified assets, Meghalaya - 2011",https://censusindia.gov.in/nada/index.php/catalog/9061,https://censusindia.gov.in/nada/index.php/catalog/9061/download/12173,75776,9451d6fb2fb684694dc494d3218ee98c8886fec82bbb16718185d77ed19df67d,2026-09-29T13:45:09Z,"ORGI Census of India 2011 table (GoI). ORGI site T&C: reproduce accurately, not derogatory/misleading, acknowledge source prominently. ORGI HLO tables are also published on data.gov.in, whose content is licensed under GODL-India (commercial use permitted with attribution); see LICENCE_AND_SOURCES.txt."
raw/DDW-HH4012-1800.xls,HL-12,PC11_HL12-18,"HL-12: Number of households (excluding institutional households) availing banking services and number of households having each of the specified assets, Assam - 2011",https://censusindia.gov.in/nada/index.php/catalog/9042,https://censusindia.gov.in/nada/index.php/catalog/9042/download/12154,237056,ab1b945203bb8b2fba6526022310401c0aa2af2dbf1bd83d22cbe1cb3c1a1b70,2026-09-29T13:45:10Z,"ORGI Census of India 2011 table (GoI). ORGI site T&C: reproduce accurately, not derogatory/misleading, acknowledge source prominently. ORGI HLO tables are also published on data.gov.in, whose content is licensed under GODL-India (commercial use permitted with attribution); see LICENCE_AND_SOURCES.txt."
raw/DDW-HH4012-1900.xls,HL-12,PC11_HL12-19,"HL-12: Number of households (excluding institutional households) availing banking services and number of households having each of the specified assets, West Bengal - 2011",https://censusindia.gov.in/nada/index.php/catalog/9073,https://censusindia.gov.in/nada/index.php/catalog/9073/download/12185,520704,1b5660817bb4b3d16f96a00bcf660966c363a3ae989d4c32a940ef9102c7d439,2026-09-29T13:45:11Z,"ORGI Census of India 2011 table (GoI). ORGI site T&C: reproduce accurately, not derogatory/misleading, acknowledge source prominently. ORGI HLO tables are also published on data.gov.in, whose content is licensed under GODL-India (commercial use permitted with attribution); see LICENCE_AND_SOURCES.txt."
raw/DDW-HH4012-2000.xls,HL-12,PC11_HL12-20,"HL-12: Number of households (excluding institutional households) availing banking services and number of households having each of the specified assets, Jharkhand - 2011",https://censusindia.gov.in/nada/index.php/catalog/9054,https://censusindia.gov.in/nada/index.php/catalog/9054/download/12166,288256,104e4cd42d8985d97fe3bff2dd155f06202aa37d82f9c5def2d401ceb83b1ac8,2026-09-29T13:45:12Z,"ORGI Census of India 2011 table (GoI). ORGI site T&C: reproduce accurately, not derogatory/misleading, acknowledge source prominently. ORGI HLO tables are also published on data.gov.in, whose content is licensed under GODL-India (commercial use permitted with attribution); see LICENCE_AND_SOURCES.txt."
raw/DDW-HH4012-2100.xls,HL-12,PC11_HL12-21,"HL-12: Number of households (excluding institutional households) availing banking services and number of households having each of the specified assets, Odisha - 2011",https://censusindia.gov.in/nada/index.php/catalog/9064,https://censusindia.gov.in/nada/index.php/catalog/9064/download/12176,439808,1a1e1c13d2ad6c22704bda08a1e463834ede32de5876c65f86c5e460035c4b29,2026-09-29T13:45:13Z,"ORGI Census of India 2011 table (GoI). ORGI site T&C: reproduce accurately, not derogatory/misleading, acknowledge source prominently. ORGI HLO tables are also published on data.gov.in, whose content is licensed under GODL-India (commercial use permitted with attribution); see LICENCE_AND_SOURCES.txt."
raw/DDW-HH4012-2200.xls,HL-12,PC11_HL12-22,"HL-12: Number of households (excluding institutional households) availing banking services and number of households having each of the specified assets, Chhattisgarh - 2011",https://censusindia.gov.in/nada/index.php/catalog/9045,https://censusindia.gov.in/nada/index.php/catalog/9045/download/12157,201728,911c31da190fb04bd8665dba355bcd4e98408f0687188aa177282433beecdd8a,2026-09-29T13:45:14Z,"ORGI Census of India 2011 table (GoI). ORGI site T&C: reproduce accurately, not derogatory/misleading, acknowledge source prominently. ORGI HLO tables are also published on data.gov.in, whose content is licensed under GODL-India (commercial use permitted with attribution); see LICENCE_AND_SOURCES.txt."
raw/DDW-HH4012-2300.xls,HL-12,PC11_HL12-23,"HL-12: Number of households (excluding institutional households) availing banking services and number of households having each of the specified assets, Madhya Pradesh - 2011",https://censusindia.gov.in/nada/index.php/catalog/9058,https://censusindia.gov.in/nada/index.php/catalog/9058/download/12170,422400,664156c4d28549dd94379c95a08c872410fcf5abbdc84be804d81cb24a3e753e,2026-09-29T13:45:15Z,"ORGI Census of India 2011 table (GoI). ORGI site T&C: reproduce accurately, not derogatory/misleading, acknowledge source prominently. ORGI HLO tables are also published on data.gov.in, whose content is licensed under GODL-India (commercial use permitted with attribution); see LICENCE_AND_SOURCES.txt."
raw/DDW-HH4012-2400.xls,HL-12,PC11_HL12-24,"HL-12: Number of households (excluding institutional households) availing banking services and number of households having each of the specified assets, Gujarat - 2011",https://censusindia.gov.in/nada/index.php/catalog/9050,https://censusindia.gov.in/nada/index.php/catalog/9050/download/12162,295936,bc0e0ed8c5b04580b089fdde325b6f5faff2ae9bd32b6417665e497a1c130b82,2026-09-29T13:45:16Z,"ORGI Census of India 2011 table (GoI). ORGI site T&C: reproduce accurately, not derogatory/misleading, acknowledge source prominently. ORGI HLO tables are also published on data.gov.in, whose content is licensed under GODL-India (commercial use permitted with attribution); see LICENCE_AND_SOURCES.txt."
raw/DDW-HH4012-2500.xls,HL-12,PC11_HL12-25,"HL-12: Number of households (excluding institutional households) availing banking services and number of households having each of the specified assets, Daman & Diu - 2011",https://censusindia.gov.in/nada/index.php/catalog/9047,https://censusindia.gov.in/nada/index.php/catalog/9047/download/12159,43520,56c5ea463652aca8257c8196117ffe4a566fa0229418554b64d0fbedfc260dd2,2026-09-29T13:45:17Z,"ORGI Census of India 2011 table (GoI). ORGI site T&C: reproduce accurately, not derogatory/misleading, acknowledge source prominently. ORGI HLO tables are also published on data.gov.in, whose content is licensed under GODL-India (commercial use permitted with attribution); see LICENCE_AND_SOURCES.txt."
raw/DDW-HH4012-2600.xls,HL-12,PC11_HL12-26,"HL-12: Number of households (excluding institutional households) availing banking services and number of households having each of the specified assets, Dadra & Nagar Haveli - 2011",https://censusindia.gov.in/nada/index.php/catalog/9046,https://censusindia.gov.in/nada/index.php/catalog/9046/download/12158,41472,27d4f1ec7932c17027e034ca384f99b3aa1e3c487476fc10e02f2e56ec2fdeb9,2026-09-29T13:45:18Z,"ORGI Census of India 2011 table (GoI). ORGI site T&C: reproduce accurately, not derogatory/misleading, acknowledge source prominently. ORGI HLO tables are also published on data.gov.in, whose content is licensed under GODL-India (commercial use permitted with attribution); see LICENCE_AND_SOURCES.txt."
raw/DDW-HH4012-2700.xls,HL-12,PC11_HL12-27,"HL-12: Number of households (excluding institutional households) availing banking services and number of households having each of the specified assets, Maharashtra - 2011",https://censusindia.gov.in/nada/index.php/catalog/9059,https://censusindia.gov.in/nada/index.php/catalog/9059/download/12171,437248,027c93fdd9f8af8d1494b1a857c3703133977b3c4991baa6911585c0acb11e7b,2026-09-29T13:45:19Z,"ORGI Census of India 2011 table (GoI). ORGI site T&C: reproduce accurately, not derogatory/misleading, acknowledge source prominently. ORGI HLO tables are also published on data.gov.in, whose content is licensed under GODL-India (commercial use permitted with attribution); see LICENCE_AND_SOURCES.txt."
raw/DDW-HH4012-2800.xls,HL-12,PC11_HL12-28,"HL-12: Number of households (excluding institutional households) availing banking services and number of households having each of the specified assets, Andhra Pradesh - 2011",https://censusindia.gov.in/nada/index.php/catalog/9040,https://censusindia.gov.in/nada/index.php/catalog/9040/download/12152,930816,06096a8d9881553fece35be5ada2491962c846ad5b7a57d4ff8fa71047160a62,2026-09-29T13:45:21Z,"ORGI Census of India 2011 table (GoI). ORGI site T&C: reproduce accurately, not derogatory/misleading, acknowledge source prominently. ORGI HLO tables are also published on data.gov.in, whose content is licensed under GODL-India (commercial use permitted with attribution); see LICENCE_AND_SOURCES.txt."
raw/DDW-HH4012-2900.xls,HL-12,PC11_HL12-29,"HL-12: Number of households (excluding institutional households) availing banking services and number of households having each of the specified assets, Karnataka - 2011",https://censusindia.gov.in/nada/index.php/catalog/9055,https://censusindia.gov.in/nada/index.php/catalog/9055/download/12167,267776,71aa40217ae27f55872964949895caba31f92eff3f77c68be7bfb06283f3bb99,2026-09-29T13:45:22Z,"ORGI Census of India 2011 table (GoI). ORGI site T&C: reproduce accurately, not derogatory/misleading, acknowledge source prominently. ORGI HLO tables are also published on data.gov.in, whose content is licensed under GODL-India (commercial use permitted with attribution); see LICENCE_AND_SOURCES.txt."
raw/DDW-HH4012-3000.xls,HL-12,PC11_HL12-30,"HL-12: Number of households (excluding institutional households) availing banking services and number of households having each of the specified assets, Goa - 2011",https://censusindia.gov.in/nada/index.php/catalog/9049,https://censusindia.gov.in/nada/index.php/catalog/9049/download/12161,64512,d67cf5dafbad42593a1965f1c5ed59634c313e4f6514e2235f153c49b5235292,2026-09-29T13:45:22Z,"ORGI Census of India 2011 table (GoI). ORGI site T&C: reproduce accurately, not derogatory/misleading, acknowledge source prominently. ORGI HLO tables are also published on data.gov.in, whose content is licensed under GODL-India (commercial use permitted with attribution); see LICENCE_AND_SOURCES.txt."
raw/DDW-HH4012-3100.xls,HL-12,PC11_HL12-31,"HL-12: Number of households (excluding institutional households) availing banking services and number of households having each of the specified assets, Lakshadweep - 2011",https://censusindia.gov.in/nada/index.php/catalog/9057,https://censusindia.gov.in/nada/index.php/catalog/9057/download/12169,47616,2055d91a546d17d6bd716076cf1b1a807e1a94562fef1e3cc16185a520df968d,2026-09-29T13:45:23Z,"ORGI Census of India 2011 table (GoI). ORGI site T&C: reproduce accurately, not derogatory/misleading, acknowledge source prominently. ORGI HLO tables are also published on data.gov.in, whose content is licensed under GODL-India (commercial use permitted with attribution); see LICENCE_AND_SOURCES.txt."
raw/DDW-HH4012-3200.xls,HL-12,PC11_HL12-32,"HL-12: Number of households (excluding institutional households) availing banking services and number of households having each of the specified assets, Kerala - 2011",https://censusindia.gov.in/nada/index.php/catalog/9056,https://censusindia.gov.in/nada/index.php/catalog/9056/download/12168,220672,23091f1a0d8149b06812a892cfad03ed689cb1087499ccddd851b4fc78cefce0,2026-09-29T13:45:24Z,"ORGI Census of India 2011 table (GoI). ORGI site T&C: reproduce accurately, not derogatory/misleading, acknowledge source prominently. ORGI HLO tables are also published on data.gov.in, whose content is licensed under GODL-India (commercial use permitted with attribution); see LICENCE_AND_SOURCES.txt."
raw/DDW-HH4012-3300.xls,HL-12,PC11_HL12-33,"HL-12: Number of households (excluding institutional households) availing banking services and number of households having each of the specified assets, Tamil Nadu - 2011",https://censusindia.gov.in/nada/index.php/catalog/9069,https://censusindia.gov.in/nada/index.php/catalog/9069/download/12181,477696,7694b304816e82548a2a1b37ad8b45b10ccdbee4f4c8656a9d8c2a49227062df,2026-09-29T13:45:25Z,"ORGI Census of India 2011 table (GoI). ORGI site T&C: reproduce accurately, not derogatory/misleading, acknowledge source prominently. ORGI HLO tables are also published on data.gov.in, whose content is licensed under GODL-India (commercial use permitted with attribution); see LICENCE_AND_SOURCES.txt."
raw/DDW-HH4012-3400.xls,HL-12,PC11_HL12-34,"HL-12: Number of households (excluding institutional households) availing banking services and number of households having each of the specified assets, Puducherry - 2011",https://censusindia.gov.in/nada/index.php/catalog/9065,https://censusindia.gov.in/nada/index.php/catalog/9065/download/12177,49152,7a3d0191f3621625023827397d1b8b042b922206ff56f39b60c0601b87a1d057,2026-09-29T13:45:26Z,"ORGI Census of India 2011 table (GoI). ORGI site T&C: reproduce accurately, not derogatory/misleading, acknowledge source prominently. ORGI HLO tables are also published on data.gov.in, whose content is licensed under GODL-India (commercial use permitted with attribution); see LICENCE_AND_SOURCES.txt."
raw/DDW-HH4012-3500.xls,HL-12,PC11_HL12-35,"HL-12: Number of households (excluding institutional households) availing banking services and number of households having each of the specified assets, Andaman and Nicobar Islands - 2011",https://censusindia.gov.in/nada/index.php/catalog/9039,https://censusindia.gov.in/nada/index.php/catalog/9039/download/12151,48128,aa3cdb778cca231ca73218a3fc3c65c3375dd5b54352aa7cddfddc28962d10c9,2026-09-29T13:45:26Z,"ORGI Census of India 2011 table (GoI). ORGI site T&C: reproduce accurately, not derogatory/misleading, acknowledge source prominently. ORGI HLO tables are also published on data.gov.in, whose content is licensed under GODL-India (commercial use permitted with attribution); see LICENCE_AND_SOURCES.txt."
raw/hl14_sample/HLPCA-01001-2011_H14_census.xlsx,HL-14,PC11_HL14-01-001,"HL-14: Percentage of households to total households by amenities and assets, Jammu and Kashmir, district Kupwara - 2011",https://censusindia.gov.in/nada/index.php/catalog/9299,https://censusindia.gov.in/nada/index.php/catalog/9299/download/12411,339677,8d29eb42965a0ca98459a244f815561db303c3a489e7e20126db073608c6266b,2026-09-29T13:50:08Z,"ORGI Census of India 2011 table (GoI). ORGI site T&C: reproduce accurately, not derogatory/misleading, acknowledge source prominently. ORGI HLO tables are also published on data.gov.in, whose content is licensed under GODL-India (commercial use permitted with attribution); see LICENCE_AND_SOURCES.txt."
raw/hl14_sample/HLPCA-07095-2011_H14_census.xlsx,HL-14,PC11_HL14-07-095,"HL-14: Percentage of households to total households by amenities and assets, NCT of Delhi, district Central - 2011",https://censusindia.gov.in/nada/index.php/catalog/9393,https://censusindia.gov.in/nada/index.php/catalog/9393/download/12505,40405,f444a0c037a57cd508ce3027caf504e3cecaa92b7b6fc28caa63e9ef9d40e128,2026-09-29T13:50:05Z,"ORGI Census of India 2011 table (GoI). ORGI site T&C: reproduce accurately, not derogatory/misleading, acknowledge source prominently. ORGI HLO tables are also published on data.gov.in, whose content is licensed under GODL-India (commercial use permitted with attribution); see LICENCE_AND_SOURCES.txt."
raw/hl14_sample/HLPCA-09146-2011_H14_census.xlsx,HL-14,PC11_HL14-09-146,"HL-14: Percentage of households to total households by amenities and assets, Uttar Pradesh, district Agra - 2011",https://censusindia.gov.in/nada/index.php/catalog/9444,https://censusindia.gov.in/nada/index.php/catalog/9444/download/12556,1056766,af7aa9dc5b1a39cab999b9d29621be9920a7ef06cea893b6f6ec3427bde855ba,2026-09-29T13:50:02Z,"ORGI Census of India 2011 table (GoI). ORGI site T&C: reproduce accurately, not derogatory/misleading, acknowledge source prominently. ORGI HLO tables are also published on data.gov.in, whose content is licensed under GODL-India (commercial use permitted with attribution); see LICENCE_AND_SOURCES.txt."
raw/hl14_sample/HLPCA-10213-2011_H14_census.xlsx,HL-14,PC11_HL14-10-213,"HL-14: Percentage of households to total households by amenities and assets, Bihar, district Madhepura - 2011",https://censusindia.gov.in/nada/index.php/catalog/9511,https://censusindia.gov.in/nada/index.php/catalog/9511/download/12623,399801,46c3455157b95d661ff76b43a859b102fd012c0d080806166b847cdb1b908309,2026-09-29T13:50:03Z,"ORGI Census of India 2011 table (GoI). ORGI site T&C: reproduce accurately, not derogatory/misleading, acknowledge source prominently. ORGI HLO tables are also published on data.gov.in, whose content is licensed under GODL-India (commercial use permitted with attribution); see LICENCE_AND_SOURCES.txt."
raw/hl14_sample/HLPCA-12247-2011_H14_census.xlsx,HL-14,PC11_HL14-12-247,"HL-14: Percentage of households to total households by amenities and assets, Arunachal Pradesh, district East Kameng - 2011",https://censusindia.gov.in/nada/index.php/catalog/9545,https://censusindia.gov.in/nada/index.php/catalog/9545/download/12657,262241,d2d3be6d231fdb62fb16ce611d263f2d48ee3201fc9b2bbd2e80914ae5e409d8,2026-09-29T13:50:14Z,"ORGI Census of India 2011 table (GoI). ORGI site T&C: reproduce accurately, not derogatory/misleading, acknowledge source prominently. ORGI HLO tables are also published on data.gov.in, whose content is licensed under GODL-India (commercial use permitted with attribution); see LICENCE_AND_SOURCES.txt."
raw/hl14_sample/HLPCA-18300-2011_H14_census.xlsx,HL-14,PC11_HL14-18-300,"HL-14: Percentage of households to total households by amenities and assets, Assam, district Kokrajhar - 2011",https://censusindia.gov.in/nada/index.php/catalog/9598,https://censusindia.gov.in/nada/index.php/catalog/9598/download/12710,845624,6856a0b8b705781fcd8285b88b973c65d4ce475d1a59889ea6c98c1e41708289,2026-09-29T13:50:09Z,"ORGI Census of India 2011 table (GoI). ORGI site T&C: reproduce accurately, not derogatory/misleading, acknowledge source prominently. ORGI HLO tables are also published on data.gov.in, whose content is licensed under GODL-India (commercial use permitted with attribution); see LICENCE_AND_SOURCES.txt."
raw/hl14_sample/HLPCA-19342-2011_H14_census.xlsx,HL-14,PC11_HL14-19-342,"HL-14: Percentage of households to total households by amenities and assets, West Bengal, district Kolkata - 2011",https://censusindia.gov.in/nada/index.php/catalog/9640,https://censusindia.gov.in/nada/index.php/catalog/9640/download/12752,138888,b3ab07584aa7bf290b947f276d6c01ae509d5d4a225404b84c80bd5761fc8955,2026-09-29T13:50:06Z,"ORGI Census of India 2011 table (GoI). ORGI site T&C: reproduce accurately, not derogatory/misleading, acknowledge source prominently. ORGI HLO tables are also published on data.gov.in, whose content is licensed under GODL-India (commercial use permitted with attribution); see LICENCE_AND_SOURCES.txt."
raw/hl14_sample/HLPCA-23461-2011_H14_census.xlsx,HL-14,PC11_HL14-23-461,"HL-14: Percentage of households to total households by amenities and assets, Madhya Pradesh, district Anuppur - 2011",https://censusindia.gov.in/nada/index.php/catalog/9759,https://censusindia.gov.in/nada/index.php/catalog/9759/download/12871,544340,426f94982ada4a27f3e84d9e0d98d245b34c5600c4dfe41cbdc4ef9e8b34dd90,2026-09-29T13:50:10Z,"ORGI Census of India 2011 table (GoI). ORGI site T&C: reproduce accurately, not derogatory/misleading, acknowledge source prominently. ORGI HLO tables are also published on data.gov.in, whose content is licensed under GODL-India (commercial use permitted with attribution); see LICENCE_AND_SOURCES.txt."
raw/hl14_sample/HLPCA-24474-2011_H14_census.xlsx,HL-14,PC11_HL14-24-474,"HL-14: Percentage of households to total households by amenities and assets, Gujarat, district Ahmadabad - 2011",https://censusindia.gov.in/nada/index.php/catalog/9772,https://censusindia.gov.in/nada/index.php/catalog/9772/download/12884,593403,01852a9a7826c86d87b46df3d0d942118ed6919c829dc0cd3457618e5d22b2e4,2026-09-29T13:50:11Z,"ORGI Census of India 2011 table (GoI). ORGI site T&C: reproduce accurately, not derogatory/misleading, acknowledge source prominently. ORGI HLO tables are also published on data.gov.in, whose content is licensed under GODL-India (commercial use permitted with attribution); see LICENCE_AND_SOURCES.txt."
raw/hl14_sample/HLPCA-27519-2011_H14_census.xlsx,HL-14,PC11_HL14-27-519,"HL-14: Percentage of households to total households by amenities and assets, Maharashtra, district Mumbai - 2011",https://censusindia.gov.in/nada/index.php/catalog/9817,https://censusindia.gov.in/nada/index.php/catalog/9817/download/12929,50992,53179258a3d8cd7c33d9df94d14f15d4a8498718523abca448cc49cd31fa5bb7,2026-09-29T13:50:04Z,"ORGI Census of India 2011 table (GoI). ORGI site T&C: reproduce accurately, not derogatory/misleading, acknowledge source prominently. ORGI HLO tables are also published on data.gov.in, whose content is licensed under GODL-India (commercial use permitted with attribution); see LICENCE_AND_SOURCES.txt."
raw/hl14_sample/HLPCA-28536-2011_H14_census.xlsx,HL-14,PC11_HL14-28-536,"HL-14: Percentage of households to total households by amenities and assets, Andhra Pradesh, district Hyderabad - 2011",https://censusindia.gov.in/nada/index.php/catalog/9834,https://censusindia.gov.in/nada/index.php/catalog/9834/download/12946,144507,8c25065bf17cff44e78c5a84213e7a8f5b3303d2321c26e95e007971f287e53c,2026-09-29T13:50:13Z,"ORGI Census of India 2011 table (GoI). ORGI site T&C: reproduce accurately, not derogatory/misleading, acknowledge source prominently. ORGI HLO tables are also published on data.gov.in, whose content is licensed under GODL-India (commercial use permitted with attribution); see LICENCE_AND_SOURCES.txt."
raw/hl14_sample/HLPCA-29572-2011_H14_census.xlsx,HL-14,PC11_HL14-29-572,"HL-14: Percentage of households to total households by amenities and assets, Karnataka, district Bangalore - 2011",https://censusindia.gov.in/nada/index.php/catalog/9870,https://censusindia.gov.in/nada/index.php/catalog/9870/download/12982,711134,536c22f27e24dcb5a97ff16c779fed2efa64e1ee89016f98213f50adba13d8fd,2026-09-29T13:50:12Z,"ORGI Census of India 2011 table (GoI). ORGI site T&C: reproduce accurately, not derogatory/misleading, acknowledge source prominently. ORGI HLO tables are also published on data.gov.in, whose content is licensed under GODL-India (commercial use permitted with attribution); see LICENCE_AND_SOURCES.txt."
raw/hl14_sample/HLPCA-31587-2011_H14_census.xlsx,HL-14,PC11_HL14-31-587,"HL-14: Percentage of households to total households by amenities and assets, Lakshadweep, district Lakshadweep - 2011",https://censusindia.gov.in/nada/index.php/catalog/9885,https://censusindia.gov.in/nada/index.php/catalog/9885/download/12997,43131,83eed48fde80645b2e4b176e4b6b966308a0c6ee971910901d2ec2224758b09f,2026-09-29T13:50:15Z,"ORGI Census of India 2011 table (GoI). ORGI site T&C: reproduce accurately, not derogatory/misleading, acknowledge source prominently. ORGI HLO tables are also published on data.gov.in, whose content is licensed under GODL-India (commercial use permitted with attribution); see LICENCE_AND_SOURCES.txt."
raw/hl14_sample/HLPCA-32595-2011_H14_census.xlsx,HL-14,PC11_HL14-32-595,"HL-14: Percentage of households to total households by amenities and assets, Kerala, district Ernakulam - 2011",https://censusindia.gov.in/nada/index.php/catalog/9893,https://censusindia.gov.in/nada/index.php/catalog/9893/download/13005,420630,5139734e61380b0394fde7840731a7c0d03825fb9c73322751224d03603b98d3,2026-09-29T13:50:07Z,"ORGI Census of India 2011 table (GoI). ORGI site T&C: reproduce accurately, not derogatory/misleading, acknowledge source prominently. ORGI HLO tables are also published on data.gov.in, whose content is licensed under GODL-India (commercial use permitted with attribution); see LICENCE_AND_SOURCES.txt."
raw/hl14_sample/HLPCA-33603-2011_H14_census.xlsx,HL-14,PC11_HL14-33-603,"HL-14: Percentage of households to total households by amenities and assets, Tamil Nadu, district Chennai - 2011",https://censusindia.gov.in/nada/index.php/catalog/9901,https://censusindia.gov.in/nada/index.php/catalog/9901/download/13013,148414,61d6d8c46b5f2cec8836d9f6dfdde4d4327049205deb0990c135ec7059941669,2026-09-29T13:50:04Z,"ORGI Census of India 2011 table (GoI). ORGI site T&C: reproduce accurately, not derogatory/misleading, acknowledge source prominently. ORGI HLO tables are also published on data.gov.in, whose content is licensed under GODL-India (commercial use permitted with attribution); see LICENCE_AND_SOURCES.txt."
