layer,geo_state,seat_no,seat_name,pc_name,district_code,share,dist_2008
AC,ANDHRA PRADESH,1,Sirpur,ADILABAD(ST),532,1.0,ADILABAD
AC,ANDHRA PRADESH,2,Chennur (SC),PEDDAPALLE (SC),532,1.0,ADILABAD
AC,ANDHRA PRADESH,3,Bellampalle (SC),PEDDAPALLE (SC),532,1.0,ADILABAD
AC,ANDHRA PRADESH,4,Mancherial,PEDDAPALLE (SC),532,1.0,ADILABAD
AC,ANDHRA PRADESH,5,Asifabad (ST),ADILABAD(ST),532,1.0,ADILABAD
AC,ANDHRA PRADESH,6,Khanapur (ST),ADILABAD(ST),532,1.0,ADILABAD
AC,ANDHRA PRADESH,7,Adilabad,ADILABAD(ST),532,1.0,ADILABAD
AC,ANDHRA PRADESH,8,Boath (ST),ADILABAD(ST),532,1.0,ADILABAD
AC,ANDHRA PRADESH,9,Nirmal,ADILABAD(ST),532,1.0,ADILABAD
AC,ANDHRA PRADESH,10,Mudhole,ADILABAD(ST),532,1.0,ADILABAD
AC,ANDHRA PRADESH,11,Armur,NIZAMABAD,533,1.0,NIZAMABAD
AC,ANDHRA PRADESH,12,Bodhan,NIZAMABAD,533,1.0,NIZAMABAD
AC,ANDHRA PRADESH,13,Jukkal (SC),ZAHIRABAD,533,1.0,NIZAMABAD
AC,ANDHRA PRADESH,14,Banswada,ZAHIRABAD,533,1.0,NIZAMABAD
AC,ANDHRA PRADESH,15,Yellareddy,ZAHIRABAD,533,1.0,NIZAMABAD
AC,ANDHRA PRADESH,16,Kamareddy,ZAHIRABAD,533,1.0,NIZAMABAD
AC,ANDHRA PRADESH,17,Nizamabad (Urban),NIZAMABAD,533,1.0,NIZAMABAD
AC,ANDHRA PRADESH,18,Nizamabad (Rural),NIZAMABAD,533,1.0,NIZAMABAD
AC,ANDHRA PRADESH,19,Balkonda,NIZAMABAD,533,1.0,NIZAMABAD
AC,ANDHRA PRADESH,20,Koratla,NIZAMABAD,534,1.0,KARIMNAGAR
AC,ANDHRA PRADESH,21,Jagtial,NIZAMABAD,534,1.0,KARIMNAGAR
AC,ANDHRA PRADESH,22,Dharmapuri (SC),PEDDAPALLE (SC),534,1.0,KARIMNAGAR
AC,ANDHRA PRADESH,23,Ramagundam,PEDDAPALLE (SC),534,1.0,KARIMNAGAR
AC,ANDHRA PRADESH,24,Manthani,PEDDAPALLE (SC),534,1.0,KARIMNAGAR
AC,ANDHRA PRADESH,25,Peddapalle,PEDDAPALLE (SC),534,1.0,KARIMNAGAR
AC,ANDHRA PRADESH,26,Karimnagar,KARIMNAGAR,534,1.0,KARIMNAGAR
AC,ANDHRA PRADESH,27,Choppadandi (SC),KARIMNAGAR,534,1.0,KARIMNAGAR
AC,ANDHRA PRADESH,28,Vemulawada,KARIMNAGAR,534,1.0,KARIMNAGAR
AC,ANDHRA PRADESH,29,Sircilla,KARIMNAGAR,534,1.0,KARIMNAGAR
AC,ANDHRA PRADESH,30,Manakondur (SC),KARIMNAGAR,534,1.0,KARIMNAGAR
AC,ANDHRA PRADESH,31,Huzurabad,KARIMNAGAR,534,1.0,KARIMNAGAR
AC,ANDHRA PRADESH,32,Husnabad,KARIMNAGAR,534,1.0,KARIMNAGAR
AC,ANDHRA PRADESH,33,Siddipet,MEDAK,535,1.0,MEDAK
AC,ANDHRA PRADESH,34,Medak,MEDAK,535,1.0,MEDAK
AC,ANDHRA PRADESH,35,Narayankhed,ZAHIRABAD,535,1.0,MEDAK
AC,ANDHRA PRADESH,36,Andole (SC),ZAHIRABAD,535,1.0,MEDAK
AC,ANDHRA PRADESH,37,Narsapur,MEDAK,535,1.0,MEDAK
AC,ANDHRA PRADESH,38,Zahirabad (SC),ZAHIRABAD,535,1.0,MEDAK
AC,ANDHRA PRADESH,39,Sangareddy,MEDAK,535,1.0,MEDAK
AC,ANDHRA PRADESH,40,Patancheru,MEDAK,535,1.0,MEDAK
AC,ANDHRA PRADESH,41,Dubbak,MEDAK,535,1.0,MEDAK
AC,ANDHRA PRADESH,42,Gajwel,MEDAK,535,1.0,MEDAK
AC,ANDHRA PRADESH,43,Medchal,MALKAJGIRI,537,1.0,RANGAREDDI
AC,ANDHRA PRADESH,44,Malkajgiri,MALKAJGIRI,537,1.0,RANGAREDDI
AC,ANDHRA PRADESH,45,Quthbullapur,MALKAJGIRI,537,1.0,RANGAREDDI
AC,ANDHRA PRADESH,46,Kukatpalle,MALKAJGIRI,537,1.0,RANGAREDDI
AC,ANDHRA PRADESH,47,Uppal,MALKAJGIRI,537,1.0,RANGAREDDI
AC,ANDHRA PRADESH,48,Ibrahimpatnam,BHONGIR,537,1.0,RANGAREDDI
AC,ANDHRA PRADESH,49,Lal Bahadur Nagar,MALKAJGIRI,537,1.0,RANGAREDDI
AC,ANDHRA PRADESH,50,Maheswaram,CHEVELLA,537,1.0,RANGAREDDI
AC,ANDHRA PRADESH,51,Rajendranagar,CHEVELLA,537,1.0,RANGAREDDI
AC,ANDHRA PRADESH,52,Serilingampally,CHEVELLA,537,1.0,RANGAREDDI
AC,ANDHRA PRADESH,53,Chevella (SC),CHEVELLA,537,1.0,RANGAREDDI
AC,ANDHRA PRADESH,54,Pargi,CHEVELLA,537,1.0,RANGAREDDI
AC,ANDHRA PRADESH,55,Vicarabad (SC),CHEVELLA,537,1.0,RANGAREDDI
AC,ANDHRA PRADESH,56,Tandur,CHEVELLA,537,1.0,RANGAREDDI
AC,ANDHRA PRADESH,57,Musheerabad,SECUNDERABAD,536,1.0,HYDERABAD
AC,ANDHRA PRADESH,58,Malakpet,HYDERABAD,536,1.0,HYDERABAD
AC,ANDHRA PRADESH,59,Amberpet,SECUNDERABAD,537,0.6139,HYDERABAD
AC,ANDHRA PRADESH,59,Amberpet,SECUNDERABAD,536,0.3861,HYDERABAD
AC,ANDHRA PRADESH,60,Khairatabad,SECUNDERABAD,536,1.0,HYDERABAD
AC,ANDHRA PRADESH,61,Jubilee Hills,SECUNDERABAD,536,0.7927,HYDERABAD
AC,ANDHRA PRADESH,61,Jubilee Hills,SECUNDERABAD,537,0.2073,HYDERABAD
AC,ANDHRA PRADESH,62,Sanathnagar,SECUNDERABAD,536,0.62,HYDERABAD
AC,ANDHRA PRADESH,62,Sanathnagar,SECUNDERABAD,537,0.38,HYDERABAD
AC,ANDHRA PRADESH,63,Nampally,SECUNDERABAD,536,1.0,HYDERABAD
AC,ANDHRA PRADESH,64,Karwan,HYDERABAD,536,0.8067,HYDERABAD
AC,ANDHRA PRADESH,64,Karwan,HYDERABAD,537,0.1933,HYDERABAD
AC,ANDHRA PRADESH,65,Goshamahal,HYDERABAD,536,1.0,HYDERABAD
AC,ANDHRA PRADESH,66,Charminar,HYDERABAD,536,0.8025,HYDERABAD
AC,ANDHRA PRADESH,66,Charminar,HYDERABAD,537,0.1975,HYDERABAD
AC,ANDHRA PRADESH,67,Chandrayangutta,HYDERABAD,536,0.8623,HYDERABAD
AC,ANDHRA PRADESH,67,Chandrayangutta,HYDERABAD,537,0.1377,HYDERABAD
AC,ANDHRA PRADESH,68,Yakutpura,HYDERABAD,536,1.0,HYDERABAD
AC,ANDHRA PRADESH,69,Bahadurpura,HYDERABAD,536,1.0,HYDERABAD
AC,ANDHRA PRADESH,70,Secunderabad,SECUNDERABAD,536,0.881,HYDERABAD
AC,ANDHRA PRADESH,70,Secunderabad,SECUNDERABAD,537,0.119,HYDERABAD
AC,ANDHRA PRADESH,71,Secunderabad Cantt. (SC,MALKAJGIRI,536,0.868,HYDERABAD
AC,ANDHRA PRADESH,71,Secunderabad Cantt. (SC,MALKAJGIRI,537,0.132,HYDERABAD
AC,ANDHRA PRADESH,72,Kodangal,MAHBUBNAGAR,538,1.0,MAHBUBNAGAR
AC,ANDHRA PRADESH,73,Narayanpet,MAHBUBNAGAR,538,1.0,MAHBUBNAGAR
AC,ANDHRA PRADESH,74,Mahbubnagar,MAHBUBNAGAR,538,1.0,MAHBUBNAGAR
AC,ANDHRA PRADESH,75,Jadcherla,MAHBUBNAGAR,538,1.0,MAHBUBNAGAR
AC,ANDHRA PRADESH,76,Devarkadra,MAHBUBNAGAR,538,1.0,MAHBUBNAGAR
AC,ANDHRA PRADESH,77,Makthal,MAHBUBNAGAR,538,1.0,MAHBUBNAGAR
AC,ANDHRA PRADESH,78,Wanaparthy,NAGARKURNOOL(SC),538,1.0,MAHBUBNAGAR
AC,ANDHRA PRADESH,79,Gadwal,NAGARKURNOOL(SC),538,1.0,MAHBUBNAGAR
AC,ANDHRA PRADESH,80,Alampur (SC),NAGARKURNOOL(SC),538,1.0,MAHBUBNAGAR
AC,ANDHRA PRADESH,81,Nagarkurnool,NAGARKURNOOL(SC),538,1.0,MAHBUBNAGAR
AC,ANDHRA PRADESH,82,Achampet (SC),NAGARKURNOOL(SC),538,1.0,MAHBUBNAGAR
AC,ANDHRA PRADESH,83,Kalwakurthy,NAGARKURNOOL(SC),538,1.0,MAHBUBNAGAR
AC,ANDHRA PRADESH,84,Shadnagar,MAHBUBNAGAR,538,1.0,MAHBUBNAGAR
AC,ANDHRA PRADESH,85,Kollapur,NAGARKURNOOL(SC),538,1.0,MAHBUBNAGAR
AC,ANDHRA PRADESH,86,Devarakonda (ST),NALGONDA,539,1.0,NALGONDA
AC,ANDHRA PRADESH,87,Nagarjuna Sagar,NALGONDA,539,1.0,NALGONDA
AC,ANDHRA PRADESH,88,Miryalaguda,NALGONDA,539,1.0,NALGONDA
AC,ANDHRA PRADESH,89,Huzurnagar,NALGONDA,539,1.0,NALGONDA
AC,ANDHRA PRADESH,90,Kodad,NALGONDA,539,1.0,NALGONDA
AC,ANDHRA PRADESH,91,Suryapet,NALGONDA,539,1.0,NALGONDA
AC,ANDHRA PRADESH,92,Nalgonda,NALGONDA,539,1.0,NALGONDA
AC,ANDHRA PRADESH,93,Munugode,BHONGIR,539,1.0,NALGONDA
AC,ANDHRA PRADESH,94,Bhongir,BHONGIR,539,1.0,NALGONDA
AC,ANDHRA PRADESH,95,Nakrekal (SC),BHONGIR,539,1.0,NALGONDA
AC,ANDHRA PRADESH,96,Thungathurthi (SC),BHONGIR,539,1.0,NALGONDA
AC,ANDHRA PRADESH,97,Alair,BHONGIR,539,1.0,NALGONDA
AC,ANDHRA PRADESH,98,Jangoan,BHONGIR,540,1.0,WARANGAL
AC,ANDHRA PRADESH,99,Ghanpur (Station) (SC),WARANGAL(SC),540,1.0,WARANGAL
AC,ANDHRA PRADESH,100,Palakurthi,WARANGAL(SC),540,1.0,WARANGAL
AC,ANDHRA PRADESH,101,Dornakal (ST),MAHABUBABAD(ST),540,1.0,WARANGAL
AC,ANDHRA PRADESH,102,Mahabubabad (ST),MAHABUBABAD(ST),540,1.0,WARANGAL
AC,ANDHRA PRADESH,103,Narsampet,MAHABUBABAD(ST),540,1.0,WARANGAL
AC,ANDHRA PRADESH,104,Parkal,WARANGAL(SC),540,1.0,WARANGAL
AC,ANDHRA PRADESH,105,Warangal West,WARANGAL(SC),540,1.0,WARANGAL
AC,ANDHRA PRADESH,106,Warangal East,WARANGAL(SC),540,1.0,WARANGAL
AC,ANDHRA PRADESH,107,Waradhanapet (SC),WARANGAL(SC),540,1.0,WARANGAL
AC,ANDHRA PRADESH,108,Bhupalpalle,WARANGAL(SC),540,1.0,WARANGAL
AC,ANDHRA PRADESH,109,Mulug (ST),MAHABUBABAD(ST),540,1.0,WARANGAL
AC,ANDHRA PRADESH,110,Pinapaka (ST),MAHABUBABAD(ST),541,1.0,KHAMMAM
AC,ANDHRA PRADESH,111,Yellandu (ST),MAHABUBABAD(ST),541,1.0,KHAMMAM
AC,ANDHRA PRADESH,112,Khammam,KHAMMAM,541,1.0,KHAMMAM
AC,ANDHRA PRADESH,113,Palair,KHAMMAM,541,1.0,KHAMMAM
AC,ANDHRA PRADESH,114,Madhira (SC),KHAMMAM,541,1.0,KHAMMAM
AC,ANDHRA PRADESH,115,Wyra (ST),KHAMMAM,541,1.0,KHAMMAM
AC,ANDHRA PRADESH,116,Sathupalle (SC),KHAMMAM,541,1.0,KHAMMAM
AC,ANDHRA PRADESH,117,Kothagudem,KHAMMAM,541,1.0,KHAMMAM
AC,ANDHRA PRADESH,118,Aswaraopeta (ST),KHAMMAM,541,1.0,KHAMMAM
AC,ANDHRA PRADESH,119,Bhadrachalam (ST),MAHABUBABAD(ST),541,1.0,KHAMMAM
AC,ANDHRA PRADESH,120,Ichchapuram,SRIKAKULAM,542,1.0,SRIKAKULAM
AC,ANDHRA PRADESH,121,Palasa,SRIKAKULAM,542,1.0,SRIKAKULAM
AC,ANDHRA PRADESH,122,Tekkali,SRIKAKULAM,542,1.0,SRIKAKULAM
AC,ANDHRA PRADESH,123,Pathapatnam,SRIKAKULAM,542,1.0,SRIKAKULAM
AC,ANDHRA PRADESH,124,Srikakulam,SRIKAKULAM,542,1.0,SRIKAKULAM
AC,ANDHRA PRADESH,125,Amadalavalasa,SRIKAKULAM,542,1.0,SRIKAKULAM
AC,ANDHRA PRADESH,126,Etcherla,VIZIANAGARAM,542,1.0,SRIKAKULAM
AC,ANDHRA PRADESH,127,Narasannapeta,SRIKAKULAM,542,1.0,SRIKAKULAM
AC,ANDHRA PRADESH,128,Rajam (SC),VIZIANAGARAM,542,1.0,SRIKAKULAM
AC,ANDHRA PRADESH,129,Palakonda (ST),ARAKU (ST),542,1.0,SRIKAKULAM
AC,ANDHRA PRADESH,130,Kurupam (ST),ARAKU (ST),543,1.0,VIZIANAGARAM
AC,ANDHRA PRADESH,131,Parvathipuram (SC),ARAKU (ST),543,1.0,VIZIANAGARAM
AC,ANDHRA PRADESH,132,Salur (ST),ARAKU (ST),543,0.8234,VIZIANAGARAM
AC,ANDHRA PRADESH,132,Salur (ST),ARAKU (ST),398,0.1766,VIZIANAGARAM
AC,ANDHRA PRADESH,133,Bobbili,VIZIANAGARAM,543,1.0,VIZIANAGARAM
AC,ANDHRA PRADESH,134,Cheepurupalle,VIZIANAGARAM,542,0.7114,VIZIANAGARAM
AC,ANDHRA PRADESH,134,Cheepurupalle,VIZIANAGARAM,543,0.2886,VIZIANAGARAM
AC,ANDHRA PRADESH,135,Gajapathinagaram,VIZIANAGARAM,543,1.0,VIZIANAGARAM
AC,ANDHRA PRADESH,136,Nellimarla,VIZIANAGARAM,543,1.0,VIZIANAGARAM
AC,ANDHRA PRADESH,137,Vizianagaram,VIZIANAGARAM,543,1.0,VIZIANAGARAM
AC,ANDHRA PRADESH,138,Srungavarapukota,VISAKHAPATNAM,543,1.0,VIZIANAGARAM
AC,ANDHRA PRADESH,139,Bhimili,VISAKHAPATNAM,544,1.0,VISAKHAPATNAM
AC,ANDHRA PRADESH,140,Visakhapatnam East,VISAKHAPATNAM,544,1.0,VISAKHAPATNAM
AC,ANDHRA PRADESH,141,Visakhapatnam South,VISAKHAPATNAM,544,1.0,VISAKHAPATNAM
AC,ANDHRA PRADESH,142,Visakhapatnam North,VISAKHAPATNAM,544,1.0,VISAKHAPATNAM
AC,ANDHRA PRADESH,143,Visakhapatnam West,VISAKHAPATNAM,544,1.0,VISAKHAPATNAM
AC,ANDHRA PRADESH,144,Gajuwaka,VISAKHAPATNAM,544,1.0,VISAKHAPATNAM
AC,ANDHRA PRADESH,145,Chodavaram,ANAKAPALLE,544,1.0,VISAKHAPATNAM
AC,ANDHRA PRADESH,146,Madugula,ANAKAPALLE,544,1.0,VISAKHAPATNAM
AC,ANDHRA PRADESH,147,Araku Valley (ST),ARAKU (ST),544,1.0,VISAKHAPATNAM
AC,ANDHRA PRADESH,148,Paderu (ST),ARAKU (ST),544,1.0,VISAKHAPATNAM
AC,ANDHRA PRADESH,149,Anakapalle,ANAKAPALLE,544,1.0,VISAKHAPATNAM
AC,ANDHRA PRADESH,150,Pendurthi,ANAKAPALLE,544,1.0,VISAKHAPATNAM
AC,ANDHRA PRADESH,151,Yelamanchili,ANAKAPALLE,544,1.0,VISAKHAPATNAM
AC,ANDHRA PRADESH,152,Payakaraopet (SC),ANAKAPALLE,544,1.0,VISAKHAPATNAM
AC,ANDHRA PRADESH,153,Narsipatnam,ANAKAPALLE,544,1.0,VISAKHAPATNAM
AC,ANDHRA PRADESH,154,Tuni,KAKINADA,545,1.0,EAST GODAVARI
AC,ANDHRA PRADESH,155,Prathipadu,KAKINADA,545,1.0,EAST GODAVARI
AC,ANDHRA PRADESH,156,Pithapuram,KAKINADA,545,1.0,EAST GODAVARI
AC,ANDHRA PRADESH,157,Kakinada Rural,KAKINADA,545,1.0,EAST GODAVARI
AC,ANDHRA PRADESH,158,Peddapuram,KAKINADA,545,1.0,EAST GODAVARI
AC,ANDHRA PRADESH,159,Anaparthy,RAJAHMUNDRY,545,1.0,EAST GODAVARI
AC,ANDHRA PRADESH,160,Kakinada City,KAKINADA,545,1.0,EAST GODAVARI
AC,ANDHRA PRADESH,161,Ramachandrapuram,AMALAPURAM (SC),545,1.0,EAST GODAVARI
AC,ANDHRA PRADESH,162,Mummidivaram,AMALAPURAM (SC),545,1.0,EAST GODAVARI
AC,ANDHRA PRADESH,163,Amalapuram (SC),AMALAPURAM (SC),545,1.0,EAST GODAVARI
AC,ANDHRA PRADESH,164,Razole (SC),AMALAPURAM (SC),545,1.0,EAST GODAVARI
AC,ANDHRA PRADESH,165,Gannavaram (SC),AMALAPURAM (SC),545,1.0,EAST GODAVARI
AC,ANDHRA PRADESH,166,Kothapeta,AMALAPURAM (SC),545,1.0,EAST GODAVARI
AC,ANDHRA PRADESH,167,Mandapeta,AMALAPURAM (SC),545,1.0,EAST GODAVARI
AC,ANDHRA PRADESH,168,Rajanagaram,RAJAHMUNDRY,545,1.0,EAST GODAVARI
AC,ANDHRA PRADESH,169,Rajahmundry City,RAJAHMUNDRY,545,1.0,EAST GODAVARI
AC,ANDHRA PRADESH,170,Rajahmundry Rural,RAJAHMUNDRY,545,1.0,EAST GODAVARI
AC,ANDHRA PRADESH,171,Jaggampeta,KAKINADA,545,1.0,EAST GODAVARI
AC,ANDHRA PRADESH,172,Rampachodavaram(ST),ARAKU (ST),545,1.0,EAST GODAVARI
AC,ANDHRA PRADESH,173,Kovvur (SC),RAJAHMUNDRY,546,1.0,WEST GODAVARI
AC,ANDHRA PRADESH,174,Nidadavole,RAJAHMUNDRY,546,1.0,WEST GODAVARI
AC,ANDHRA PRADESH,175,Achanta,NARSAPURAM,546,1.0,WEST GODAVARI
AC,ANDHRA PRADESH,176,Palacole,NARSAPURAM,546,0.8858,WEST GODAVARI
AC,ANDHRA PRADESH,176,Palacole,NARSAPURAM,545,0.1142,WEST GODAVARI
AC,ANDHRA PRADESH,177,Narasapuram,NARSAPURAM,546,1.0,WEST GODAVARI
AC,ANDHRA PRADESH,178,Bhimavaram,NARSAPURAM,546,1.0,WEST GODAVARI
AC,ANDHRA PRADESH,179,Undi,NARSAPURAM,546,1.0,WEST GODAVARI
AC,ANDHRA PRADESH,180,Tanuku,NARSAPURAM,546,1.0,WEST GODAVARI
AC,ANDHRA PRADESH,181,Tadepalligudem,NARSAPURAM,546,1.0,WEST GODAVARI
AC,ANDHRA PRADESH,182,Ungutur,ELURU,546,1.0,WEST GODAVARI
AC,ANDHRA PRADESH,183,Denduluru,ELURU,546,1.0,WEST GODAVARI
AC,ANDHRA PRADESH,184,Eluru,ELURU,546,1.0,WEST GODAVARI
AC,ANDHRA PRADESH,185,Gopalapuram (SC),RAJAHMUNDRY,546,1.0,WEST GODAVARI
AC,ANDHRA PRADESH,186,Polavaram (ST),ELURU,546,1.0,WEST GODAVARI
AC,ANDHRA PRADESH,187,Chintalapudi (SC),ELURU,546,1.0,WEST GODAVARI
AC,ANDHRA PRADESH,188,Tiruvuru (SC),VIJAYAWADA,547,1.0,KRISHNA
AC,ANDHRA PRADESH,189,Nuzvid,ELURU,547,1.0,KRISHNA
AC,ANDHRA PRADESH,190,Gannavaram,MACHILIPATNAM,547,1.0,KRISHNA
AC,ANDHRA PRADESH,191,Gudivada,MACHILIPATNAM,547,1.0,KRISHNA
AC,ANDHRA PRADESH,192,Kaikalur,ELURU,547,1.0,KRISHNA
AC,ANDHRA PRADESH,193,Pedana,MACHILIPATNAM,547,1.0,KRISHNA
AC,ANDHRA PRADESH,194,Machilipatnam,MACHILIPATNAM,547,1.0,KRISHNA
AC,ANDHRA PRADESH,195,Avanigadda,MACHILIPATNAM,547,1.0,KRISHNA
AC,ANDHRA PRADESH,196,Pamarru (SC),MACHILIPATNAM,547,1.0,KRISHNA
AC,ANDHRA PRADESH,197,Penamaluru,MACHILIPATNAM,547,1.0,KRISHNA
AC,ANDHRA PRADESH,198,Vijayawada West,VIJAYAWADA,547,0.6673,KRISHNA
AC,ANDHRA PRADESH,198,Vijayawada West,VIJAYAWADA,548,0.3327,KRISHNA
AC,ANDHRA PRADESH,199,Vijayawada Central,VIJAYAWADA,547,1.0,KRISHNA
AC,ANDHRA PRADESH,200,Vijayawada East,VIJAYAWADA,547,0.808,KRISHNA
AC,ANDHRA PRADESH,200,Vijayawada East,VIJAYAWADA,548,0.192,KRISHNA
AC,ANDHRA PRADESH,201,Mylavaram,VIJAYAWADA,547,1.0,KRISHNA
AC,ANDHRA PRADESH,202,Nandigama (SC),VIJAYAWADA,547,1.0,KRISHNA
AC,ANDHRA PRADESH,203,Jaggayyapeta,VIJAYAWADA,547,1.0,KRISHNA
AC,ANDHRA PRADESH,204,Pedakurapadu,NARASARAOPET,548,1.0,GUNTUR
AC,ANDHRA PRADESH,205,Tadikonda (SC),GUNTUR,548,1.0,GUNTUR
AC,ANDHRA PRADESH,206,Mangalagiri,GUNTUR,548,1.0,GUNTUR
AC,ANDHRA PRADESH,207,Ponnur,GUNTUR,548,1.0,GUNTUR
AC,ANDHRA PRADESH,208,Vemuru (SC),BAPATLA (SC),548,1.0,GUNTUR
AC,ANDHRA PRADESH,209,Repalle,BAPATLA (SC),548,1.0,GUNTUR
AC,ANDHRA PRADESH,210,Tenali,GUNTUR,548,1.0,GUNTUR
AC,ANDHRA PRADESH,211,Bapatla,BAPATLA (SC),548,0.895,GUNTUR
AC,ANDHRA PRADESH,211,Bapatla,BAPATLA (SC),549,0.105,GUNTUR
AC,ANDHRA PRADESH,212,Prathipadu (SC),GUNTUR,548,1.0,GUNTUR
AC,ANDHRA PRADESH,213,Guntur West,GUNTUR,548,1.0,GUNTUR
AC,ANDHRA PRADESH,214,Guntur East,GUNTUR,548,1.0,GUNTUR
AC,ANDHRA PRADESH,215,Chilakaluripet,NARASARAOPET,548,1.0,GUNTUR
AC,ANDHRA PRADESH,216,Narasaraopet,NARASARAOPET,548,1.0,GUNTUR
AC,ANDHRA PRADESH,217,Sattenapalle,NARASARAOPET,548,1.0,GUNTUR
AC,ANDHRA PRADESH,218,Vinukonda,NARASARAOPET,548,1.0,GUNTUR
AC,ANDHRA PRADESH,219,Gurajala,NARASARAOPET,548,1.0,GUNTUR
AC,ANDHRA PRADESH,220,Macherla,NARASARAOPET,548,1.0,GUNTUR
AC,ANDHRA PRADESH,221,Yerragondapalem (SC),ONGOLE,549,1.0,PRAKASAM
AC,ANDHRA PRADESH,222,Darsi,ONGOLE,549,1.0,PRAKASAM
AC,ANDHRA PRADESH,223,Parchur,BAPATLA (SC),549,1.0,PRAKASAM
AC,ANDHRA PRADESH,224,Addanki,BAPATLA (SC),549,1.0,PRAKASAM
AC,ANDHRA PRADESH,225,Chirala,BAPATLA (SC),549,1.0,PRAKASAM
AC,ANDHRA PRADESH,226,Santhanuthalapadu (SC),BAPATLA (SC),549,1.0,PRAKASAM
AC,ANDHRA PRADESH,227,Ongole,ONGOLE,549,1.0,PRAKASAM
AC,ANDHRA PRADESH,228,Kandukur,NELLORE,549,1.0,PRAKASAM
AC,ANDHRA PRADESH,229,Kondapi (SC),ONGOLE,549,1.0,PRAKASAM
AC,ANDHRA PRADESH,230,Markapuram,ONGOLE,549,1.0,PRAKASAM
AC,ANDHRA PRADESH,231,Giddalur,ONGOLE,549,1.0,PRAKASAM
AC,ANDHRA PRADESH,232,Kanigiri,ONGOLE,549,1.0,PRAKASAM
AC,ANDHRA PRADESH,233,Kavali,NELLORE,550,1.0,NELLORE
AC,ANDHRA PRADESH,234,Atmakur,NELLORE,550,1.0,NELLORE
AC,ANDHRA PRADESH,235,Kovur,NELLORE,550,1.0,NELLORE
AC,ANDHRA PRADESH,236,Nellore City,NELLORE,550,1.0,NELLORE
AC,ANDHRA PRADESH,237,Nellore Rural,NELLORE,550,1.0,NELLORE
AC,ANDHRA PRADESH,238,Sarvepalli,TIRUPATI (SC),550,1.0,NELLORE
AC,ANDHRA PRADESH,239,Gudur (SC),TIRUPATI (SC),550,1.0,NELLORE
AC,ANDHRA PRADESH,240,Sullurpeta (SC),TIRUPATI (SC),550,1.0,NELLORE
AC,ANDHRA PRADESH,241,Venkatagiri,TIRUPATI (SC),550,1.0,NELLORE
AC,ANDHRA PRADESH,242,Udayagiri,NELLORE,550,1.0,NELLORE
AC,ANDHRA PRADESH,243,Badvel (SC),KADAPA,551,1.0,CUDDAPAH
AC,ANDHRA PRADESH,244,Rajampet,RAJAMPET,551,1.0,CUDDAPAH
AC,ANDHRA PRADESH,245,Kadapa,KADAPA,551,1.0,CUDDAPAH
AC,ANDHRA PRADESH,246,Kodur (SC),RAJAMPET,551,1.0,CUDDAPAH
AC,ANDHRA PRADESH,247,Rayachoti,RAJAMPET,551,1.0,CUDDAPAH
AC,ANDHRA PRADESH,248,Pulivendla,KADAPA,551,1.0,CUDDAPAH
AC,ANDHRA PRADESH,249,Kamalapuram,KADAPA,551,1.0,CUDDAPAH
AC,ANDHRA PRADESH,250,Jammalamadugu,KADAPA,551,1.0,CUDDAPAH
AC,ANDHRA PRADESH,251,Proddatur,KADAPA,551,1.0,CUDDAPAH
AC,ANDHRA PRADESH,252,Mydukur,KADAPA,551,1.0,CUDDAPAH
AC,ANDHRA PRADESH,253,Allagadda,NANDYAL,552,1.0,KURNOOL
AC,ANDHRA PRADESH,254,Srisailam,NANDYAL,552,1.0,KURNOOL
AC,ANDHRA PRADESH,255,Nandikotkur (SC),NANDYAL,552,1.0,KURNOOL
AC,ANDHRA PRADESH,256,Kurnool,KURNOOL,552,1.0,KURNOOL
AC,ANDHRA PRADESH,257,Panyam,NANDYAL,552,1.0,KURNOOL
AC,ANDHRA PRADESH,258,Nandyal,NANDYAL,552,1.0,KURNOOL
AC,ANDHRA PRADESH,259,Banaganapalle,NANDYAL,552,1.0,KURNOOL
AC,ANDHRA PRADESH,260,Dhone,NANDYAL,552,1.0,KURNOOL
AC,ANDHRA PRADESH,261,Pattikonda,KURNOOL,552,1.0,KURNOOL
AC,ANDHRA PRADESH,262,Kodumur (SC),KURNOOL,552,1.0,KURNOOL
AC,ANDHRA PRADESH,263,Yemmiganur,KURNOOL,552,1.0,KURNOOL
AC,ANDHRA PRADESH,264,Mantralayam,KURNOOL,552,1.0,KURNOOL
AC,ANDHRA PRADESH,265,Adoni,KURNOOL,552,1.0,KURNOOL
AC,ANDHRA PRADESH,266,Alur,KURNOOL,552,1.0,KURNOOL
AC,ANDHRA PRADESH,267,Rayadurg,ANANTAPUR,553,1.0,ANANTAPUR
AC,ANDHRA PRADESH,268,Uravakonda,ANANTAPUR,553,1.0,ANANTAPUR
AC,ANDHRA PRADESH,269,Guntakal,ANANTAPUR,553,1.0,ANANTAPUR
AC,ANDHRA PRADESH,270,Tadpatri,ANANTAPUR,553,1.0,ANANTAPUR
AC,ANDHRA PRADESH,271,Singanamala (SC),ANANTAPUR,553,1.0,ANANTAPUR
AC,ANDHRA PRADESH,272,Anantapur Urban,ANANTAPUR,553,1.0,ANANTAPUR
AC,ANDHRA PRADESH,273,Kalyandurg,ANANTAPUR,553,1.0,ANANTAPUR
AC,ANDHRA PRADESH,274,Raptadu,HINDUPUR,553,1.0,ANANTAPUR
AC,ANDHRA PRADESH,275,Madakasira (SC),HINDUPUR,553,1.0,ANANTAPUR
AC,ANDHRA PRADESH,276,Hindupur,HINDUPUR,553,1.0,ANANTAPUR
AC,ANDHRA PRADESH,277,Penukonda,HINDUPUR,553,1.0,ANANTAPUR
AC,ANDHRA PRADESH,278,Puttaparthi,HINDUPUR,553,1.0,ANANTAPUR
AC,ANDHRA PRADESH,279,Dharmavaram,HINDUPUR,553,1.0,ANANTAPUR
AC,ANDHRA PRADESH,280,Kadiri,HINDUPUR,553,1.0,ANANTAPUR
AC,ANDHRA PRADESH,281,Thamballapalle,RAJAMPET,554,1.0,CHITTOOR
AC,ANDHRA PRADESH,282,Pileru,RAJAMPET,554,1.0,CHITTOOR
AC,ANDHRA PRADESH,283,Madanapalle,RAJAMPET,554,1.0,CHITTOOR
AC,ANDHRA PRADESH,284,Punganur,RAJAMPET,554,1.0,CHITTOOR
AC,ANDHRA PRADESH,285,Chandragiri,CHITTOOR (SC),554,1.0,CHITTOOR
AC,ANDHRA PRADESH,286,Tirupati,TIRUPATI (SC),554,1.0,CHITTOOR
AC,ANDHRA PRADESH,287,Srikalahasti,TIRUPATI (SC),554,1.0,CHITTOOR
AC,ANDHRA PRADESH,288,Satyavedu (SC),TIRUPATI (SC),554,1.0,CHITTOOR
AC,ANDHRA PRADESH,289,Nagari,CHITTOOR (SC),554,1.0,CHITTOOR
AC,ANDHRA PRADESH,290,Gangadhara Nellore (SC),CHITTOOR (SC),554,1.0,CHITTOOR
AC,ANDHRA PRADESH,291,Chittoor,CHITTOOR (SC),554,1.0,CHITTOOR
AC,ANDHRA PRADESH,292,Puthalapattu (SC),CHITTOOR (SC),554,1.0,CHITTOOR
AC,ANDHRA PRADESH,293,Palamaner,CHITTOOR (SC),554,1.0,CHITTOOR
AC,ANDHRA PRADESH,294,Kuppam,CHITTOOR (SC),554,1.0,CHITTOOR
AC,ARUNACHAL PRADESH,1,Lumla,ARUNACHAL WEST,245,1.0,TAWANG
AC,ARUNACHAL PRADESH,2,Tawang,ARUNACHAL WEST,245,1.0,TAWANG
AC,ARUNACHAL PRADESH,3,Mukto,ARUNACHAL WEST,245,1.0,TAWANG
AC,ARUNACHAL PRADESH,4,Dirang,ARUNACHAL WEST,246,1.0,WEST KAMENG
AC,ARUNACHAL PRADESH,5,Kalaktang,ARUNACHAL WEST,246,1.0,WEST KAMENG
AC,ARUNACHAL PRADESH,6,Thrizino-Buragaon,ARUNACHAL WEST,246,1.0,WEST KAMENG
AC,ARUNACHAL PRADESH,7,Bomdila,ARUNACHAL WEST,246,1.0,WEST KAMENG
AC,ARUNACHAL PRADESH,8,Bameng,ARUNACHAL WEST,247,1.0,EAST KAMENG
AC,ARUNACHAL PRADESH,9,Chayangtajo,ARUNACHAL WEST,247,1.0,EAST KAMENG
AC,ARUNACHAL PRADESH,10,Seppa East,ARUNACHAL WEST,247,1.0,EAST KAMENG
AC,ARUNACHAL PRADESH,11,Seppa West,ARUNACHAL WEST,247,1.0,EAST KAMENG
AC,ARUNACHAL PRADESH,12,Pakke-Kasang,ARUNACHAL WEST,247,1.0,EAST KAMENG
AC,ARUNACHAL PRADESH,13,Itanagar,ARUNACHAL WEST,248,1.0,PAPUM PARE *
AC,ARUNACHAL PRADESH,14,Doimukh,ARUNACHAL WEST,248,1.0,PAPUM PARE *
AC,ARUNACHAL PRADESH,15,Sagalee,ARUNACHAL WEST,248,1.0,PAPUM PARE *
AC,ARUNACHAL PRADESH,16,Yachuli,ARUNACHAL WEST,255,1.0,LOWER SUBANSIRI
AC,ARUNACHAL PRADESH,17,Ziro-Hapoli,ARUNACHAL WEST,255,1.0,LOWER SUBANSIRI
AC,ARUNACHAL PRADESH,18,Palin,ARUNACHAL WEST,256,1.0,KURUNG KUMEY
AC,ARUNACHAL PRADESH,19,Nyapin,ARUNACHAL WEST,256,1.0,KURUNG KUMEY
AC,ARUNACHAL PRADESH,20,Tali,ARUNACHAL WEST,256,1.0,KURUNG KUMEY
AC,ARUNACHAL PRADESH,21,Koloriang,ARUNACHAL WEST,256,1.0,KURUNG KUMEY
AC,ARUNACHAL PRADESH,22,Nacho,ARUNACHAL WEST,249,1.0,UPPER SUBANSIRI
AC,ARUNACHAL PRADESH,23,Taliha,ARUNACHAL WEST,249,1.0,UPPER SUBANSIRI
AC,ARUNACHAL PRADESH,24,Daporijo,ARUNACHAL WEST,249,1.0,UPPER SUBANSIRI
AC,ARUNACHAL PRADESH,25,Raga,ARUNACHAL WEST,255,0.7708,LOWER SUBANSIRI
AC,ARUNACHAL PRADESH,25,Raga,ARUNACHAL WEST,249,0.2292,LOWER SUBANSIRI
AC,ARUNACHAL PRADESH,26,Damporijo,ARUNACHAL WEST,249,1.0,UPPER SUBANSIRI
AC,ARUNACHAL PRADESH,27,Liromoba,ARUNACHAL WEST,250,1.0,WEST SIANG
AC,ARUNACHAL PRADESH,28,Likabali,ARUNACHAL WEST,250,1.0,WEST SIANG
AC,ARUNACHAL PRADESH,29,Basar,ARUNACHAL WEST,250,1.0,WEST SIANG
AC,ARUNACHAL PRADESH,30,Along West,ARUNACHAL WEST,250,1.0,WEST SIANG
AC,ARUNACHAL PRADESH,31,Along East,ARUNACHAL WEST,250,1.0,WEST SIANG
AC,ARUNACHAL PRADESH,32,Rumgong,ARUNACHAL WEST,250,1.0,WEST SIANG
AC,ARUNACHAL PRADESH,33,Mechuka,ARUNACHAL WEST,250,1.0,WEST SIANG
AC,ARUNACHAL PRADESH,34,Tuting-Yinkgkiong,ARUNACHAL EAST,252,1.0,UPPER SIANG *
AC,ARUNACHAL PRADESH,35,Pangin,ARUNACHAL EAST,251,1.0,EAST SIANG
AC,ARUNACHAL PRADESH,36,Nari-Koyu,ARUNACHAL EAST,251,1.0,EAST SIANG
AC,ARUNACHAL PRADESH,37,Pasighat West,ARUNACHAL EAST,251,1.0,EAST SIANG
AC,ARUNACHAL PRADESH,38,Pasighat East,ARUNACHAL EAST,251,1.0,EAST SIANG
AC,ARUNACHAL PRADESH,39,Mebo,ARUNACHAL EAST,251,1.0,EAST SIANG
AC,ARUNACHAL PRADESH,40,Mariyang-Geku,ARUNACHAL EAST,252,1.0,UPPER SIANG *
AC,ARUNACHAL PRADESH,41,Anini,ARUNACHAL EAST,257,0.808,DIBANG VALLEY
AC,ARUNACHAL PRADESH,41,Anini,ARUNACHAL EAST,258,0.192,DIBANG VALLEY
AC,ARUNACHAL PRADESH,42,Dambuk,ARUNACHAL EAST,258,1.0,LOWER DIBANG VALLEY
AC,ARUNACHAL PRADESH,43,Roing,ARUNACHAL EAST,258,1.0,LOWER DIBANG VALLEY
AC,ARUNACHAL PRADESH,44,Tezu,ARUNACHAL EAST,259,1.0,LOHIT
AC,ARUNACHAL PRADESH,45,Hauyuliang,ARUNACHAL EAST,260,1.0,ANJAW
AC,ARUNACHAL PRADESH,46,Chowkham,ARUNACHAL EAST,259,1.0,LOHIT
AC,ARUNACHAL PRADESH,47,Namsai,ARUNACHAL EAST,259,1.0,LOHIT
AC,ARUNACHAL PRADESH,48,Lekang,ARUNACHAL EAST,259,1.0,LOHIT
AC,ARUNACHAL PRADESH,49,Bordumsa-Diyum,ARUNACHAL EAST,253,1.0,CHANGLANG
AC,ARUNACHAL PRADESH,50,Miao,ARUNACHAL EAST,253,1.0,CHANGLANG
AC,ARUNACHAL PRADESH,51,Nampong,ARUNACHAL EAST,253,1.0,CHANGLANG
AC,ARUNACHAL PRADESH,52,Changlang South,ARUNACHAL EAST,253,1.0,CHANGLANG
AC,ARUNACHAL PRADESH,53,Changlang North,ARUNACHAL EAST,253,1.0,CHANGLANG
AC,ARUNACHAL PRADESH,54,Namsang,ARUNACHAL EAST,254,1.0,TIRAP
AC,ARUNACHAL PRADESH,55,Khonsa East,ARUNACHAL EAST,254,1.0,TIRAP
AC,ARUNACHAL PRADESH,56,Khonsa West,ARUNACHAL EAST,254,1.0,TIRAP
AC,ARUNACHAL PRADESH,57,Borduria- Bagapani,ARUNACHAL EAST,254,1.0,TIRAP
AC,ARUNACHAL PRADESH,58,Kanubari,ARUNACHAL EAST,254,1.0,TIRAP
AC,ARUNACHAL PRADESH,59,Longding-Pumao,ARUNACHAL EAST,254,1.0,TIRAP
AC,ARUNACHAL PRADESH,60,Pongchou-Wakka,ARUNACHAL EAST,254,1.0,TIRAP
AC,ASSAM,1,Ratabari,KARIMGANJ,317,1.0,KARIMGANJ
AC,ASSAM,2,Patharkandi,KARIMGANJ,317,1.0,KARIMGANJ
AC,ASSAM,3,Karimganj North,KARIMGANJ,317,1.0,KARIMGANJ
AC,ASSAM,4,Karimganj South,KARIMGANJ,317,1.0,KARIMGANJ
AC,ASSAM,5,Badarpur,KARIMGANJ,317,1.0,KARIMGANJ
AC,ASSAM,6,Hailakandi,KARIMGANJ,318,1.0,HAILAKANDI
AC,ASSAM,7,Katlicherra,KARIMGANJ,318,1.0,HAILAKANDI
AC,ASSAM,8,Algapur,KARIMGANJ,318,0.67,CACHAR
AC,ASSAM,8,Algapur,KARIMGANJ,316,0.33,CACHAR
AC,ASSAM,9,Silchar,SILCHAR,316,1.0,CACHAR
AC,ASSAM,10,Sonai,SILCHAR,316,1.0,CACHAR
AC,ASSAM,11,Dholai,SILCHAR,316,1.0,CACHAR
AC,ASSAM,12,Udharbond,SILCHAR,316,1.0,CACHAR
AC,ASSAM,13,Lakhipur,SILCHAR,316,1.0,CACHAR
AC,ASSAM,14,Barkhola,SILCHAR,316,1.0,CACHAR
AC,ASSAM,15,Katigora,SILCHAR,316,1.0,CACHAR
AC,ASSAM,16,Haflong,AUTONOMOUS DISTRICT,315,1.0,NORTH CACHAR HILLS
AC,ASSAM,17,Bokajan,AUTONOMOUS DISTRICT,314,1.0,KARBI ANGLONG
AC,ASSAM,18,Howraghat,AUTONOMOUS DISTRICT,314,1.0,KARBI ANGLONG
AC,ASSAM,19,Diphu,AUTONOMOUS DISTRICT,314,1.0,KARBI ANGLONG
AC,ASSAM,20,Baithalangso,AUTONOMOUS DISTRICT,314,1.0,KARBI ANGLONG
AC,ASSAM,21,Mankachar,DHUBRI,301,1.0,DHUBRI
AC,ASSAM,22,Salmara South,DHUBRI,301,1.0,DHUBRI
AC,ASSAM,23,Dhubri,DHUBRI,301,1.0,DHUBRI
AC,ASSAM,24,Gauripur,DHUBRI,300,0.6059,DHUBRI
AC,ASSAM,24,Gauripur,DHUBRI,301,0.3941,DHUBRI
AC,ASSAM,25,Golakganj,DHUBRI,301,0.8092,DHUBRI
AC,ASSAM,25,Golakganj,DHUBRI,300,0.1908,DHUBRI
AC,ASSAM,26,Bilasipara West,DHUBRI,301,0.6777,DHUBRI
AC,ASSAM,26,Bilasipara West,DHUBRI,300,0.3223,DHUBRI
AC,ASSAM,27,Bilasipara East,DHUBRI,301,0.8372,DHUBRI
AC,ASSAM,27,Bilasipara East,DHUBRI,300,0.1628,DHUBRI
AC,ASSAM,28,Gossaigaon,KOKRAJHAR,300,1.0,KOKRAJHAR
AC,ASSAM,29,Kokrajhar West,KOKRAJHAR,300,1.0,KOKRAJHAR
AC,ASSAM,30,Kokrajhar East,KOKRAJHAR,300,1.0,KOKRAJHAR
AC,ASSAM,31,Sidli,KOKRAJHAR,320,0.7302,KOKRAJHAR
AC,ASSAM,31,Sidli,KOKRAJHAR,300,0.2698,KOKRAJHAR
AC,ASSAM,32,Bongaigaon,BARPETA,320,0.5727,BONGAIGAON
AC,ASSAM,32,Bongaigaon,BARPETA,319,0.4273,BONGAIGAON
AC,ASSAM,33,Bijni,KOKRAJHAR,320,1.0,BONGAIGAON
AC,ASSAM,34,Abhayapuri North,BARPETA,319,1.0,BONGAIGAON
AC,ASSAM,35,Abhayapuri South,BARPETA,319,1.0,BONGAIGAON
AC,ASSAM,36,Dudhnai,GAUHATI,302,1.0,GOALPARA
AC,ASSAM,37,Goalpara East,DHUBRI,302,1.0,GOALPARA
AC,ASSAM,38,Goalpara West,DHUBRI,302,1.0,GOALPARA
AC,ASSAM,39,Jaleswar,DHUBRI,302,0.84,GOALPARA
AC,ASSAM,39,Jaleswar,DHUBRI,301,0.16,GOALPARA
AC,ASSAM,40,Sorbhog,KOKRAJHAR,324,0.7454,BARPETA
AC,ASSAM,40,Sorbhog,KOKRAJHAR,303,0.2546,BARPETA
AC,ASSAM,41,Bhabanipur,KOKRAJHAR,324,0.716,BARPETA
AC,ASSAM,41,Bhabanipur,KOKRAJHAR,303,0.284,BARPETA
AC,ASSAM,42,Patacharkuchi,BARPETA,303,0.8535,NALBARI
AC,ASSAM,42,Patacharkuchi,BARPETA,323,0.1465,NALBARI
AC,ASSAM,43,Barpeta,BARPETA,303,1.0,BARPETA
AC,ASSAM,44,Jania,BARPETA,303,1.0,BARPETA
AC,ASSAM,45,Baghbar,BARPETA,303,1.0,BARPETA
AC,ASSAM,46,Sarukhetri,BARPETA,303,1.0,BARPETA
AC,ASSAM,47,Chenga,BARPETA,303,1.0,BARPETA
AC,ASSAM,48,Boko,GAUHATI,321,1.0,KAMRUP
AC,ASSAM,49,Chaygaon,GAUHATI,321,1.0,KAMRUP
AC,ASSAM,50,Palasbari,GAUHATI,321,0.6985,KAMRUP
AC,ASSAM,50,Palasbari,GAUHATI,322,0.3015,KAMRUP
AC,ASSAM,51,Jalukbari,GAUHATI,321,1.0,KAMRUP
AC,ASSAM,52,Dispur,GAUHATI,322,1.0,KAMRUP
AC,ASSAM,53,Gauhati East,GAUHATI,322,0.784,KAMRUP
AC,ASSAM,53,Gauhati East,GAUHATI,321,0.216,KAMRUP
AC,ASSAM,54,Gauhati West,GAUHATI,322,0.801,KAMRUP
AC,ASSAM,54,Gauhati West,GAUHATI,321,0.199,KAMRUP
AC,ASSAM,55,Hajo,GAUHATI,321,1.0,KAMRUP
AC,ASSAM,56,Kamalpur,MANGALDOI,321,0.5819,KAMRUP
AC,ASSAM,56,Kamalpur,MANGALDOI,324,0.4181,KAMRUP
AC,ASSAM,57,Rangiya,MANGALDOI,321,0.7767,KAMRUP
AC,ASSAM,57,Rangiya,MANGALDOI,324,0.2233,KAMRUP
AC,ASSAM,58,Tamulpur,KOKRAJHAR,324,1.0,NALBARI
AC,ASSAM,59,Nalbari,MANGALDOI,323,1.0,NALBARI
AC,ASSAM,60,Barkhetry,GAUHATI,323,1.0,NALBARI
AC,ASSAM,61,Dharmapur,BARPETA,323,1.0,NALBARI
AC,ASSAM,62,Barama,KOKRAJHAR,324,1.0,NALBARI
AC,ASSAM,63,Chapaguri,KOKRAJHAR,324,1.0,NALBARI
AC,ASSAM,64,Panery,MANGALDOI,326,1.0,DARRANG
AC,ASSAM,65,Kalaigaon,MANGALDOI,326,0.6105,DARRANG
AC,ASSAM,65,Kalaigaon,MANGALDOI,325,0.3895,DARRANG
AC,ASSAM,66,Sipajhar,MANGALDOI,325,1.0,DARRANG
AC,ASSAM,67,Mangaldoi,MANGALDOI,325,1.0,DARRANG
AC,ASSAM,68,Dalgaon,MANGALDOI,325,1.0,DARRANG
AC,ASSAM,69,Udalguri,MANGALDOI,326,1.0,DARRANG
AC,ASSAM,70,Majbat,MANGALDOI,326,0.8997,DARRANG
AC,ASSAM,70,Majbat,MANGALDOI,325,0.1003,DARRANG
AC,ASSAM,71,Dhekiajuli,TEZPUR,306,1.0,SONITPUR
AC,ASSAM,72,Barchalla,TEZPUR,306,1.0,SONITPUR
AC,ASSAM,73,Tezpur,TEZPUR,306,1.0,SONITPUR
AC,ASSAM,74,Rangapara,TEZPUR,306,1.0,SONITPUR
AC,ASSAM,75,Sootea,TEZPUR,306,1.0,SONITPUR
AC,ASSAM,76,Biswanath,TEZPUR,306,1.0,SONITPUR
AC,ASSAM,77,Behali,TEZPUR,306,1.0,SONITPUR
AC,ASSAM,78,Gohpur,TEZPUR,306,1.0,SONITPUR
AC,ASSAM,79,Jagiroad,NOWGONG,304,1.0,MARIGAON
AC,ASSAM,80,Marigaon,NOWGONG,304,1.0,MARIGAON
AC,ASSAM,81,Laharighat,NOWGONG,304,1.0,MARIGAON
AC,ASSAM,82,Raha,NOWGONG,305,1.0,NAGAON
AC,ASSAM,83,Dhing,KALIABOR,305,1.0,NAGAON
AC,ASSAM,84,Batadroba,KALIABOR,305,1.0,NAGAON
AC,ASSAM,85,Rupohihat,KALIABOR,305,1.0,NAGAON
AC,ASSAM,86,Nowgong,NOWGONG,305,1.0,NAGAON
AC,ASSAM,87,Barhampur,NOWGONG,305,1.0,NAGAON
AC,ASSAM,88,Samaguri,KALIABOR,305,1.0,NAGAON
AC,ASSAM,89,Kaliabor,KALIABOR,305,1.0,NAGAON
AC,ASSAM,90,Jamunamukh,NOWGONG,305,1.0,NAGAON
AC,ASSAM,91,Hojai,NOWGONG,305,1.0,NAGAON
AC,ASSAM,92,Lumding,NOWGONG,305,1.0,NAGAON
AC,ASSAM,93,Bokakhat,KALIABOR,313,0.8824,GOLAGHAT
AC,ASSAM,93,Bokakhat,KALIABOR,312,0.1176,GOLAGHAT
AC,ASSAM,94,Sarupathar,KALIABOR,313,1.0,GOLAGHAT
AC,ASSAM,95,Golaghat,KALIABOR,313,1.0,GOLAGHAT
AC,ASSAM,96,Khumtai,KALIABOR,313,1.0,GOLAGHAT
AC,ASSAM,97,Dergaon,KALIABOR,312,1.0,JORHAT
AC,ASSAM,98,Jorhat,JORHAT,312,1.0,JORHAT
AC,ASSAM,99,Majuli,LAKHIMPUR,312,1.0,JORHAT
AC,ASSAM,100,Titabar,JORHAT,312,1.0,JORHAT
AC,ASSAM,101,Mariani,JORHAT,312,1.0,JORHAT
AC,ASSAM,102,Teok,JORHAT,312,1.0,JORHAT
AC,ASSAM,103,Amguri,JORHAT,311,1.0,SIBSAGAR
AC,ASSAM,104,Nazira,JORHAT,311,1.0,SIBSAGAR
AC,ASSAM,105,Mahmara,JORHAT,311,1.0,SIBSAGAR
AC,ASSAM,106,Sonari,JORHAT,311,1.0,SIBSAGAR
AC,ASSAM,107,Thowra,JORHAT,311,1.0,SIBSAGAR
AC,ASSAM,108,Sibsagar,JORHAT,311,1.0,SIBSAGAR
AC,ASSAM,109,Bihpuria,TEZPUR,307,1.0,LAKHIMPUR
AC,ASSAM,110,Naoboicha,LAKHIMPUR,307,1.0,LAKHIMPUR
AC,ASSAM,111,Lakhimpur,LAKHIMPUR,307,1.0,LAKHIMPUR
AC,ASSAM,112,Dhakuakhana,LAKHIMPUR,307,0.7755,DHEMAJI
AC,ASSAM,112,Dhakuakhana,LAKHIMPUR,308,0.2245,DHEMAJI
AC,ASSAM,113,Dhemaji,LAKHIMPUR,308,1.0,DHEMAJI
AC,ASSAM,114,Jonai,LAKHIMPUR,308,1.0,DHEMAJI
AC,ASSAM,115,Moran,DIBRUGARH,310,1.0,DIBRUGARH
AC,ASSAM,116,Dibrugarh,DIBRUGARH,310,1.0,DIBRUGARH
AC,ASSAM,117,Lahowal,DIBRUGARH,310,1.0,DIBRUGARH
AC,ASSAM,118,Duliajan,DIBRUGARH,310,1.0,DIBRUGARH
AC,ASSAM,119,Tingkhong,DIBRUGARH,310,1.0,DIBRUGARH
AC,ASSAM,120,Naharkatia,DIBRUGARH,310,1.0,DIBRUGARH
AC,ASSAM,121,Chabua,LAKHIMPUR,309,0.6322,DIBRUGARH
AC,ASSAM,121,Chabua,LAKHIMPUR,310,0.3678,DIBRUGARH
AC,ASSAM,122,Tinsukia,DIBRUGARH,309,1.0,TINSUKIA
AC,ASSAM,123,Digboi,DIBRUGARH,309,1.0,TINSUKIA
AC,ASSAM,124,Margherita,DIBRUGARH,309,1.0,TINSUKIA
AC,ASSAM,125,Doom Dooma,LAKHIMPUR,309,1.0,TINSUKIA
AC,ASSAM,126,Sadiya,LAKHIMPUR,309,1.0,TINSUKIA
AC,BIHAR,1,Valmiki Nagar,VALMIKI NAGAR,203,1.0,PASHCHIM CHAMPARAN
AC,BIHAR,2,Ramnagar (SC),VALMIKI NAGAR,203,1.0,PASHCHIM CHAMPARAN
AC,BIHAR,3,Narkatiaganj,VALMIKI NAGAR,203,1.0,PASHCHIM CHAMPARAN
AC,BIHAR,4,Bagaha,VALMIKI NAGAR,203,1.0,PASHCHIM CHAMPARAN
AC,BIHAR,5,Lauriya,VALMIKI NAGAR,203,1.0,PASHCHIM CHAMPARAN
AC,BIHAR,6,Nautan,PASCHIM CHAMPARAN,203,1.0,PASHCHIM CHAMPARAN
AC,BIHAR,7,Chanpatia,PASCHIM CHAMPARAN,203,1.0,PASHCHIM CHAMPARAN
AC,BIHAR,8,Bettiah,PASCHIM CHAMPARAN,203,1.0,PASHCHIM CHAMPARAN
AC,BIHAR,9,Sikta,VALMIKI NAGAR,203,1.0,PASHCHIM CHAMPARAN
AC,BIHAR,10,Raxaul,PASCHIM CHAMPARAN,204,1.0,PURBA CHAMPARAN
AC,BIHAR,11,Sugauli,PASCHIM CHAMPARAN,204,1.0,PURBA CHAMPARAN
AC,BIHAR,12,Narkatia,PASCHIM CHAMPARAN,204,1.0,PURBA CHAMPARAN
AC,BIHAR,13,Harsidhi (SC),PURVI CHAMPARAN,204,1.0,PURBA CHAMPARAN
AC,BIHAR,14,Govindganj,PURVI CHAMPARAN,204,1.0,PURBA CHAMPARAN
AC,BIHAR,15,Kesaria,PURVI CHAMPARAN,204,1.0,PURBA CHAMPARAN
AC,BIHAR,16,Kalyanpur,PURVI CHAMPARAN,204,1.0,PURBA CHAMPARAN
AC,BIHAR,17,Pipra,PURVI CHAMPARAN,204,1.0,PURBA CHAMPARAN
AC,BIHAR,18,Madhuban,SHEOHAR,204,1.0,PURBA CHAMPARAN
AC,BIHAR,19,Motihari,PURVI CHAMPARAN,204,1.0,PURBA CHAMPARAN
AC,BIHAR,20,Chiraia,SHEOHAR,204,1.0,PURBA CHAMPARAN
AC,BIHAR,21,Dhaka,SHEOHAR,204,1.0,PURBA CHAMPARAN
AC,BIHAR,22,Sheohar,SHEOHAR,205,0.6543,SHEOHAR *
AC,BIHAR,22,Sheohar,SHEOHAR,206,0.3457,SHEOHAR *
AC,BIHAR,23,Riga,SHEOHAR,206,1.0,SITAMARHI
AC,BIHAR,24,Bathnaha (SC),SITAMARHI,206,1.0,SITAMARHI
AC,BIHAR,25,Parihar,SITAMARHI,206,1.0,SITAMARHI
AC,BIHAR,26,Sursand,SITAMARHI,206,1.0,SITAMARHI
AC,BIHAR,27,Bajpatti,SITAMARHI,206,1.0,SITAMARHI
AC,BIHAR,28,Sitamarhi,SITAMARHI,206,1.0,SITAMARHI
AC,BIHAR,29,Runnisaidpur,SITAMARHI,206,1.0,SITAMARHI
AC,BIHAR,30,Belsand,SHEOHAR,206,1.0,SITAMARHI
AC,BIHAR,31,Harlakhi,MADHUBANI,207,1.0,MADHUBANI
AC,BIHAR,32,Benipatti,MADHUBANI,207,1.0,MADHUBANI
AC,BIHAR,33,Khajauli,JHANJHARPUR,207,1.0,MADHUBANI
AC,BIHAR,34,Babubarhi,JHANJHARPUR,207,1.0,MADHUBANI
AC,BIHAR,35,Bisfi,MADHUBANI,207,1.0,MADHUBANI
AC,BIHAR,36,Madhubani,MADHUBANI,207,1.0,MADHUBANI
AC,BIHAR,37,Rajnagar (SC),JHANJHARPUR,207,1.0,MADHUBANI
AC,BIHAR,38,Jhanjharpur,JHANJHARPUR,207,1.0,MADHUBANI
AC,BIHAR,39,Phulparas,JHANJHARPUR,207,1.0,MADHUBANI
AC,BIHAR,40,Laukaha,JHANJHARPUR,207,1.0,MADHUBANI
AC,BIHAR,41,Nirmali,SUPAUL,208,1.0,SUPAUL *
AC,BIHAR,42,Pipra,SUPAUL,208,1.0,SUPAUL *
AC,BIHAR,43,Supaul,SUPAUL,208,1.0,SUPAUL *
AC,BIHAR,44,Triveniganj (SC),SUPAUL,208,1.0,SUPAUL *
AC,BIHAR,45,Chhatapur,SUPAUL,208,1.0,SUPAUL *
AC,BIHAR,46,Narpatganj,ARARIA,209,1.0,ARARIA
AC,BIHAR,47,Raniganj (SC),ARARIA,209,1.0,ARARIA
AC,BIHAR,48,Forbesganj,ARARIA,209,1.0,ARARIA
AC,BIHAR,49,Araria,ARARIA,209,1.0,ARARIA
AC,BIHAR,50,Jokihat,ARARIA,209,1.0,ARARIA
AC,BIHAR,51,Sikti,ARARIA,209,1.0,ARARIA
AC,BIHAR,52,Bahadurganj,KISHANGANJ,210,1.0,KISHANGANJ
AC,BIHAR,53,Thakurganj,KISHANGANJ,210,1.0,KISHANGANJ
AC,BIHAR,54,Kishanganj,KISHANGANJ,210,1.0,KISHANGANJ
AC,BIHAR,55,Kochadhaman,KISHANGANJ,210,1.0,KISHANGANJ
AC,BIHAR,56,Amour,KISHANGANJ,211,1.0,PURNIA
AC,BIHAR,57,Baisi,KISHANGANJ,211,1.0,PURNIA
AC,BIHAR,58,Kasba,PURNIA,211,1.0,PURNIA
AC,BIHAR,59,Banmankhi (SC),PURNIA,211,1.0,PURNIA
AC,BIHAR,60,Rupauli,PURNIA,211,1.0,PURNIA
AC,BIHAR,61,Dhamdaha,PURNIA,211,1.0,PURNIA
AC,BIHAR,62,Purnia,PURNIA,211,1.0,PURNIA
AC,BIHAR,63,Katihar,KATIHAR,212,1.0,KATIHAR
AC,BIHAR,64,Kadwa,KATIHAR,212,1.0,KATIHAR
AC,BIHAR,65,Balrampur,KATIHAR,212,1.0,KATIHAR
AC,BIHAR,66,Pranpur,KATIHAR,212,1.0,KATIHAR
AC,BIHAR,67,Manihari (ST),KATIHAR,212,1.0,KATIHAR
AC,BIHAR,68,Barari,KATIHAR,212,1.0,KATIHAR
AC,BIHAR,69,Korha (SC),PURNIA,212,1.0,KATIHAR
AC,BIHAR,70,Alamnagar,MADHEPURA,213,1.0,MADHEPURA
AC,BIHAR,71,Bihariganj,MADHEPURA,213,1.0,MADHEPURA
AC,BIHAR,72,Singheshwar (SC),SUPAUL,213,1.0,MADHEPURA
AC,BIHAR,73,Madhepura,MADHEPURA,213,1.0,MADHEPURA
AC,BIHAR,74,Sonbarsha (SC),MADHEPURA,214,1.0,SAHARSA
AC,BIHAR,75,Saharsa,MADHEPURA,214,1.0,SAHARSA
AC,BIHAR,76,Simri Bakhtiarpur,KHAGARIA,214,1.0,SAHARSA
AC,BIHAR,77,Mahishi,MADHEPURA,214,1.0,SAHARSA
AC,BIHAR,78,Kusheshwar Asthan (SC),SAMASTIPUR (SC),221,0.8134,DARBHANGA
AC,BIHAR,78,Kusheshwar Asthan (SC),SAMASTIPUR (SC),215,0.1866,DARBHANGA
AC,BIHAR,79,Gaura Bauram,DARBHANGA,215,1.0,DARBHANGA
AC,BIHAR,80,Benipur,DARBHANGA,215,1.0,DARBHANGA
AC,BIHAR,81,Alinagar,DARBHANGA,215,1.0,DARBHANGA
AC,BIHAR,82,Darbhanga Rural,DARBHANGA,215,1.0,DARBHANGA
AC,BIHAR,83,Darbhanga,DARBHANGA,215,1.0,DARBHANGA
AC,BIHAR,84,Hayaghat,SAMASTIPUR (SC),215,1.0,DARBHANGA
AC,BIHAR,85,Bahadurpur,DARBHANGA,215,1.0,DARBHANGA
AC,BIHAR,86,Keoti,MADHUBANI,215,1.0,DARBHANGA
AC,BIHAR,87,Jale,MADHUBANI,215,1.0,DARBHANGA
AC,BIHAR,88,Gaighat,MUZAFFARPUR,216,1.0,MUZAFFARPUR
AC,BIHAR,89,Aurai,MUZAFFARPUR,216,1.0,MUZAFFARPUR
AC,BIHAR,90,Minapur,VAISHALI,216,1.0,MUZAFFARPUR
AC,BIHAR,91,Bochaha (SC),MUZAFFARPUR,216,1.0,MUZAFFARPUR
AC,BIHAR,92,Sakra (SC),MUZAFFARPUR,216,1.0,MUZAFFARPUR
AC,BIHAR,93,Kurhani,MUZAFFARPUR,216,1.0,MUZAFFARPUR
AC,BIHAR,94,Muzaffarpur,MUZAFFARPUR,216,1.0,MUZAFFARPUR
AC,BIHAR,95,Kanti,VAISHALI,216,1.0,MUZAFFARPUR
AC,BIHAR,96,Baruraj,VAISHALI,216,1.0,MUZAFFARPUR
AC,BIHAR,97,Paroo,VAISHALI,216,1.0,MUZAFFARPUR
AC,BIHAR,98,Sahebganj,VAISHALI,216,1.0,MUZAFFARPUR
AC,BIHAR,99,Baikunthpur,GOPALGANJ (SC),217,1.0,GOPALGANJ
AC,BIHAR,100,Barauli,GOPALGANJ (SC),217,1.0,GOPALGANJ
AC,BIHAR,101,Gopalganj,GOPALGANJ (SC),217,1.0,GOPALGANJ
AC,BIHAR,102,Kuchaikote,GOPALGANJ (SC),217,1.0,GOPALGANJ
AC,BIHAR,103,Bhorey (SC),GOPALGANJ (SC),217,1.0,GOPALGANJ
AC,BIHAR,104,Hathua,GOPALGANJ (SC),217,1.0,GOPALGANJ
AC,BIHAR,105,Siwan,SIWAN,218,1.0,SIWAN
AC,BIHAR,106,Ziradei,SIWAN,218,1.0,SIWAN
AC,BIHAR,107,Darauli (SC),SIWAN,218,1.0,SIWAN
AC,BIHAR,108,Raghunathpur,SIWAN,218,1.0,SIWAN
AC,BIHAR,109,Daraundha,SIWAN,218,1.0,SIWAN
AC,BIHAR,110,Barharia,SIWAN,218,1.0,SIWAN
AC,BIHAR,111,Goriakothi,MAHARAJGANJ,218,1.0,SIWAN
AC,BIHAR,112,Maharajganj,MAHARAJGANJ,218,1.0,SIWAN
AC,BIHAR,113,Ekma,MAHARAJGANJ,219,1.0,SARAN
AC,BIHAR,114,Manjhi,MAHARAJGANJ,219,1.0,SARAN
AC,BIHAR,115,Baniapur,MAHARAJGANJ,219,1.0,SARAN
AC,BIHAR,116,Taraiya,MAHARAJGANJ,219,1.0,SARAN
AC,BIHAR,117,Marhaura,SARAN,219,1.0,SARAN
AC,BIHAR,118,Chapra,SARAN,219,1.0,SARAN
AC,BIHAR,119,Garkha (SC),SARAN,219,1.0,SARAN
AC,BIHAR,120,Amnour,SARAN,219,1.0,SARAN
AC,BIHAR,121,Parsa,SARAN,219,1.0,SARAN
AC,BIHAR,122,Sonepur,SARAN,219,1.0,VAISHALI
AC,BIHAR,123,Hajipur,HAJIPUR (SC),220,1.0,VAISHALI
AC,BIHAR,124,Lalganj,HAJIPUR (SC),220,1.0,VAISHALI
AC,BIHAR,125,Vaishali,VAISHALI,220,1.0,VAISHALI
AC,BIHAR,126,Mahua,HAJIPUR (SC),220,1.0,VAISHALI
AC,BIHAR,127,Raja Pakar (SC),HAJIPUR (SC),220,1.0,VAISHALI
AC,BIHAR,128,Raghopur,HAJIPUR (SC),220,1.0,VAISHALI
AC,BIHAR,129,Mahnar,HAJIPUR (SC),220,1.0,VAISHALI
AC,BIHAR,130,Patepur (SC),UJIARPUR,220,1.0,VAISHALI
AC,BIHAR,131,Kalyanpur (SC),SAMASTIPUR (SC),221,1.0,SAMASTIPUR
AC,BIHAR,132,Warisnagar,SAMASTIPUR (SC),221,1.0,SAMASTIPUR
AC,BIHAR,133,Samastipur,SAMASTIPUR (SC),221,1.0,SAMASTIPUR
AC,BIHAR,134,Ujiarpur,UJIARPUR,221,1.0,SAMASTIPUR
AC,BIHAR,135,Morwa,UJIARPUR,221,1.0,SAMASTIPUR
AC,BIHAR,136,Sarairanjan,UJIARPUR,221,1.0,SAMASTIPUR
AC,BIHAR,137,Mohiuddinnagar,UJIARPUR,221,1.0,SAMASTIPUR
AC,BIHAR,138,Bibhutipur,UJIARPUR,221,1.0,SAMASTIPUR
AC,BIHAR,139,Rosera (SC),SAMASTIPUR (SC),221,1.0,SAMASTIPUR
AC,BIHAR,140,Hasanpur,KHAGARIA,221,1.0,SAMASTIPUR
AC,BIHAR,141,Cheria Bariarpur,BEGUSARAI,222,1.0,BEGUSARAI
AC,BIHAR,142,Bachhwara,BEGUSARAI,222,1.0,BEGUSARAI
AC,BIHAR,143,Teghra,BEGUSARAI,222,1.0,BEGUSARAI
AC,BIHAR,144,Matihani,BEGUSARAI,222,1.0,BEGUSARAI
AC,BIHAR,145,Sahebpur Kamal,BEGUSARAI,222,1.0,BEGUSARAI
AC,BIHAR,146,Begusarai,BEGUSARAI,222,1.0,BEGUSARAI
AC,BIHAR,147,Bakhri (SC),BEGUSARAI,222,1.0,BEGUSARAI
AC,BIHAR,148,Alauli (SC),KHAGARIA,223,1.0,KHAGARIA
AC,BIHAR,149,Khagaria,KHAGARIA,223,1.0,KHAGARIA
AC,BIHAR,150,Beldaur,KHAGARIA,223,1.0,KHAGARIA
AC,BIHAR,151,Parbatta,KHAGARIA,223,1.0,KHAGARIA
AC,BIHAR,152,Bihpur,BHAGALPUR,224,1.0,BHAGALPUR
AC,BIHAR,153,Gopalpur,BHAGALPUR,224,1.0,BHAGALPUR
AC,BIHAR,154,Pirpainti (SC),BHAGALPUR,224,1.0,BHAGALPUR
AC,BIHAR,155,Kahalgaon,BHAGALPUR,224,1.0,BHAGALPUR
AC,BIHAR,156,Bhagalpur,BHAGALPUR,224,1.0,BHAGALPUR
AC,BIHAR,157,Sultanganj,BANKA,224,1.0,BHAGALPUR
AC,BIHAR,158,Nathnagar,BHAGALPUR,224,1.0,BHAGALPUR
AC,BIHAR,159,Amarpur,BANKA,225,1.0,BANKA *
AC,BIHAR,160,Dhauraiya (SC),BANKA,225,1.0,BANKA *
AC,BIHAR,161,Banka,BANKA,225,1.0,BANKA *
AC,BIHAR,162,Katoria (ST),BANKA,225,1.0,BANKA *
AC,BIHAR,163,Belhar,BANKA,225,1.0,BANKA *
AC,BIHAR,164,Tarapur,JAMUI (SC),226,1.0,MUNGER
AC,BIHAR,165,Munger,MUNGER,226,1.0,MUNGER
AC,BIHAR,166,Jamalpur,MUNGER,226,1.0,MUNGER
AC,BIHAR,167,Suryagarha,MUNGER,227,1.0,LAKHISARAI *
AC,BIHAR,168,Lakhisarai,MUNGER,227,1.0,LAKHISARAI *
AC,BIHAR,169,Sheikhpura,JAMUI (SC),228,0.8752,SHEIKHPURA *
AC,BIHAR,169,Sheikhpura,JAMUI (SC),227,0.1248,SHEIKHPURA *
AC,BIHAR,170,Barbigha,NAWADA,228,1.0,SHEIKHPURA *
AC,BIHAR,171,Asthawan,NALANDA,229,1.0,NALANDA
AC,BIHAR,172,Biharsharif,NALANDA,229,1.0,NALANDA
AC,BIHAR,173,Rajgir (SC),NALANDA,229,1.0,NALANDA
AC,BIHAR,174,Islampur,NALANDA,229,1.0,NALANDA
AC,BIHAR,175,Hilsa,NALANDA,229,1.0,NALANDA
AC,BIHAR,176,Nalanda,NALANDA,229,1.0,NALANDA
AC,BIHAR,177,Harnaut,NALANDA,229,1.0,NALANDA
AC,BIHAR,178,Mokama,MUNGER,230,1.0,PATNA
AC,BIHAR,179,Barh,MUNGER,230,1.0,PATNA
AC,BIHAR,180,Bakhtiarpur,PATNA SAHIB,230,0.8816,PATNA
AC,BIHAR,180,Bakhtiarpur,PATNA SAHIB,220,0.1184,PATNA
AC,BIHAR,181,Digha,PATNA SAHIB,230,1.0,PATNA
AC,BIHAR,182,Bankipur,PATNA SAHIB,230,1.0,PATNA
AC,BIHAR,183,Kumhrar,PATNA SAHIB,230,1.0,PATNA
AC,BIHAR,184,Patna Sahib,PATNA SAHIB,230,1.0,PATNA
AC,BIHAR,185,Fatuha,PATNA SAHIB,230,1.0,PATNA
AC,BIHAR,186,Danapur,PATALIPUTRA,230,1.0,PATNA
AC,BIHAR,187,Maner,PATALIPUTRA,230,1.0,PATNA
AC,BIHAR,188,Phulwari (SC),PATALIPUTRA,230,1.0,PATNA
AC,BIHAR,189,Masaurhi (SC),PATALIPUTRA,230,1.0,PATNA
AC,BIHAR,190,Paliganj,PATALIPUTRA,230,1.0,PATNA
AC,BIHAR,191,Bikram,PATALIPUTRA,230,1.0,PATNA
AC,BIHAR,192,Sandesh,ARRAH,231,1.0,BHOJPUR
AC,BIHAR,193,Barhara,ARRAH,231,1.0,BHOJPUR
AC,BIHAR,194,Arrah,ARRAH,231,1.0,BHOJPUR
AC,BIHAR,195,Agiaon (SC),ARRAH,231,1.0,BHOJPUR
AC,BIHAR,196,Tarari,ARRAH,231,1.0,BHOJPUR
AC,BIHAR,197,Jagdishpur,ARRAH,231,1.0,BHOJPUR
AC,BIHAR,198,Shahpur,ARRAH,231,1.0,BHOJPUR
AC,BIHAR,199,Brahampur,BUXAR,232,1.0,BUXAR *
AC,BIHAR,200,Buxar,BUXAR,232,1.0,BUXAR *
AC,BIHAR,201,Dumraon,BUXAR,232,1.0,BUXAR *
AC,BIHAR,202,Rajpur (SC),BUXAR,232,1.0,BUXAR *
AC,BIHAR,203,Ramgarh,BUXAR,233,1.0,KAIMUR (BHABUA) *
AC,BIHAR,204,Mohania (SC),SASARAM (SC),233,1.0,KAIMUR (BHABUA) *
AC,BIHAR,205,Bhabua,SASARAM (SC),233,1.0,KAIMUR (BHABUA) *
AC,BIHAR,206,Chainpur,SASARAM (SC),233,1.0,ROHTAS
AC,BIHAR,207,Chenari (SC),SASARAM (SC),234,1.0,ROHTAS
AC,BIHAR,208,Sasaram,SASARAM (SC),234,1.0,ROHTAS
AC,BIHAR,209,Kargahar,SASARAM (SC),234,1.0,ROHTAS
AC,BIHAR,210,Dinara,BUXAR,234,1.0,ROHTAS
AC,BIHAR,211,Nokha,KARAKAT,234,1.0,ROHTAS
AC,BIHAR,212,Dehri,KARAKAT,234,1.0,ROHTAS
AC,BIHAR,213,Karakat,KARAKAT,234,1.0,ROHTAS
AC,BIHAR,214,Arwal,JAHANABAD,240,1.0,JEHANABAD
AC,BIHAR,215,Kurtha,JAHANABAD,240,1.0,JEHANABAD
AC,BIHAR,216,Jehanabad,JAHANABAD,239,0.8617,JEHANABAD
AC,BIHAR,216,Jehanabad,JAHANABAD,240,0.1383,JEHANABAD
AC,BIHAR,217,Ghosi,JAHANABAD,239,1.0,JEHANABAD
AC,BIHAR,218,Makhdumpur (SC),JAHANABAD,239,1.0,JEHANABAD
AC,BIHAR,219,Goh,KARAKAT,235,1.0,AURANGABAD
AC,BIHAR,220,Obra,KARAKAT,235,1.0,AURANGABAD
AC,BIHAR,221,Nabinagar,KARAKAT,235,1.0,AURANGABAD
AC,BIHAR,222,Kutumba (SC),AURANGABAD,235,1.0,AURANGABAD
AC,BIHAR,223,Aurangabad,AURANGABAD,235,1.0,AURANGABAD
AC,BIHAR,224,Rafiganj,AURANGABAD,235,1.0,AURANGABAD
AC,BIHAR,225,Gurua,AURANGABAD,236,1.0,GAYA
AC,BIHAR,226,Sherghati,GAYA (SC),236,1.0,GAYA
AC,BIHAR,227,Imamganj (SC),AURANGABAD,236,1.0,GAYA
AC,BIHAR,228,Barachatti (SC),GAYA (SC),236,1.0,GAYA
AC,BIHAR,229,Bodh Gaya (SC),GAYA (SC),236,1.0,GAYA
AC,BIHAR,230,Gaya Town,GAYA (SC),236,1.0,GAYA
AC,BIHAR,231,Tikari,AURANGABAD,236,1.0,GAYA
AC,BIHAR,232,Belaganj,GAYA (SC),236,1.0,GAYA
AC,BIHAR,233,Atri,JAHANABAD,236,1.0,GAYA
AC,BIHAR,234,Wazirganj,GAYA (SC),236,1.0,GAYA
AC,BIHAR,235,Rajauli (SC),NAWADA,237,1.0,NAWADA
AC,BIHAR,236,Hisua,NAWADA,237,1.0,NAWADA
AC,BIHAR,237,Nawada,NAWADA,237,1.0,NAWADA
AC,BIHAR,238,Gobindpur,NAWADA,237,1.0,NAWADA
AC,BIHAR,239,Warsaliganj,NAWADA,237,1.0,JAMUI *
AC,BIHAR,240,Sikandra (SC),JAMUI (SC),238,1.0,JAMUI *
AC,BIHAR,241,Jamui,JAMUI (SC),238,1.0,JAMUI *
AC,BIHAR,242,Jhajha,JAMUI (SC),238,1.0,JAMUI *
AC,BIHAR,243,Chakai,JAMUI (SC),238,1.0,JAMUI *
AC,CHHATTISGARH,1,Bharatpur-Sonhat (S,KORBA,400,1.0,KORIYA *
AC,CHHATTISGARH,2,Manendragarh,KORBA,400,1.0,KORIYA *
AC,CHHATTISGARH,3,Baikunthpur,KORBA,400,1.0,KORIYA *
AC,CHHATTISGARH,4,Premnagar,SURGUJA (ST),401,1.0,SURGUJA
AC,CHHATTISGARH,5,Bhatgaon,SURGUJA (ST),401,1.0,SURGUJA
AC,CHHATTISGARH,6,Pratappur (ST),SURGUJA (ST),401,1.0,SURGUJA
AC,CHHATTISGARH,7,Ramanujganj (ST),SURGUJA (ST),401,1.0,SURGUJA
AC,CHHATTISGARH,8,Samri (ST),SURGUJA (ST),401,1.0,SURGUJA
AC,CHHATTISGARH,9,Lundra (ST),SURGUJA (ST),401,1.0,SURGUJA
AC,CHHATTISGARH,10,Ambikapur,SURGUJA (ST),401,1.0,SURGUJA
AC,CHHATTISGARH,11,Sitapur (ST),SURGUJA (ST),401,1.0,SURGUJA
AC,CHHATTISGARH,12,Jashpur (ST),RAIGARH (ST),402,1.0,JASHPUR *
AC,CHHATTISGARH,13,Kunkuri (ST),RAIGARH (ST),402,1.0,JASHPUR *
AC,CHHATTISGARH,14,Pathalgaon (ST),RAIGARH (ST),402,1.0,JASHPUR *
AC,CHHATTISGARH,15,Lailunga (ST),RAIGARH (ST),403,1.0,RAIGARH
AC,CHHATTISGARH,16,Raigarh,RAIGARH (ST),403,1.0,RAIGARH
AC,CHHATTISGARH,17,Sarangarh (SC),RAIGARH (ST),403,1.0,RAIGARH
AC,CHHATTISGARH,18,Kharsia,RAIGARH (ST),403,1.0,RAIGARH
AC,CHHATTISGARH,19,Dharamjaigarh (ST),RAIGARH (ST),403,1.0,RAIGARH
AC,CHHATTISGARH,20,Rampur (ST),KORBA,404,1.0,KORBA *
AC,CHHATTISGARH,21,Korba,KORBA,404,1.0,KORBA *
AC,CHHATTISGARH,22,Katghora,KORBA,404,1.0,KORBA *
AC,CHHATTISGARH,23,Pali-Tanakhar (ST),KORBA,404,1.0,KORBA *
AC,CHHATTISGARH,24,Marwahi (ST),KORBA,406,1.0,BILASPUR
AC,CHHATTISGARH,25,Kota,BILASPUR,406,1.0,BILASPUR
AC,CHHATTISGARH,26,Lormi,BILASPUR,406,1.0,BILASPUR
AC,CHHATTISGARH,27,Mungeli (SC),BILASPUR,406,1.0,BILASPUR
AC,CHHATTISGARH,28,Takhatpur,BILASPUR,406,1.0,BILASPUR
AC,CHHATTISGARH,29,Bilha,BILASPUR,406,1.0,BILASPUR
AC,CHHATTISGARH,30,Bilaspur,BILASPUR,406,1.0,BILASPUR
AC,CHHATTISGARH,31,Beltara,BILASPUR,406,1.0,BILASPUR
AC,CHHATTISGARH,32,Masturi (SC),BILASPUR,406,1.0,BILASPUR
AC,CHHATTISGARH,33,Akaltara,JANJGIR-CHAMPA (SC,405,1.0,JANJGIR - CHAMPA*
AC,CHHATTISGARH,34,Janjgir-Champa,JANJGIR-CHAMPA (SC,405,1.0,JANJGIR - CHAMPA*
AC,CHHATTISGARH,35,Sakti,JANJGIR-CHAMPA (SC,405,1.0,JANJGIR - CHAMPA*
AC,CHHATTISGARH,36,Chandrapur,JANJGIR-CHAMPA (SC,405,1.0,JANJGIR - CHAMPA*
AC,CHHATTISGARH,37,Jaijaipur,JANJGIR-CHAMPA (SC,405,1.0,JANJGIR - CHAMPA*
AC,CHHATTISGARH,38,Pamgarh (SC),JANJGIR-CHAMPA (SC,405,1.0,JANJGIR - CHAMPA*
AC,CHHATTISGARH,39,Saraipali (SC),MAHASAMUND,411,1.0,MAHASAMUND *
AC,CHHATTISGARH,40,Basna,MAHASAMUND,411,1.0,MAHASAMUND *
AC,CHHATTISGARH,41,Khallari,MAHASAMUND,411,1.0,MAHASAMUND *
AC,CHHATTISGARH,42,Mahasamund,MAHASAMUND,411,1.0,MAHASAMUND *
AC,CHHATTISGARH,43,Bilaigarh (SC),JANJGIR-CHAMPA (SC,410,1.0,RAIPUR
AC,CHHATTISGARH,44,Kasdol,JANJGIR-CHAMPA (SC,410,1.0,RAIPUR
AC,CHHATTISGARH,45,Baloda Bazar,RAIPUR,410,1.0,RAIPUR
AC,CHHATTISGARH,46,Bhatapara,RAIPUR,410,1.0,RAIPUR
AC,CHHATTISGARH,47,Dharsiwa,RAIPUR,410,1.0,RAIPUR
AC,CHHATTISGARH,48,Raipur Rural,RAIPUR,410,1.0,RAIPUR
AC,CHHATTISGARH,49,Raipur City West,RAIPUR,410,1.0,RAIPUR
AC,CHHATTISGARH,50,Raipur City North,RAIPUR,410,1.0,RAIPUR
AC,CHHATTISGARH,51,Raipur City South,RAIPUR,410,1.0,RAIPUR
AC,CHHATTISGARH,52,Arang (SC),RAIPUR,410,1.0,RAIPUR
AC,CHHATTISGARH,53,Abhanpur,RAIPUR,410,1.0,RAIPUR
AC,CHHATTISGARH,54,Rajim,MAHASAMUND,410,1.0,RAIPUR
AC,CHHATTISGARH,55,Bindranawagarh (ST),MAHASAMUND,410,1.0,RAIPUR
AC,CHHATTISGARH,56,Sihawa (ST),KANKER (ST),412,1.0,DHAMTARI *
AC,CHHATTISGARH,57,Kurud,MAHASAMUND,412,1.0,DHAMTARI *
AC,CHHATTISGARH,58,Dhamtari,MAHASAMUND,412,1.0,DHAMTARI *
AC,CHHATTISGARH,59,Sanjari Balod,KANKER (ST),409,1.0,DURG
AC,CHHATTISGARH,60,Dondi Lohara (ST),KANKER (ST),409,1.0,DURG
AC,CHHATTISGARH,61,Gunderdehi,KANKER (ST),409,1.0,DURG
AC,CHHATTISGARH,62,Patan,DURG,409,1.0,DURG
AC,CHHATTISGARH,63,Durg-Rural,DURG,409,1.0,DURG
AC,CHHATTISGARH,64,Durg City,DURG,409,1.0,DURG
AC,CHHATTISGARH,65,Bhilai Nagar,DURG,409,1.0,DURG
AC,CHHATTISGARH,66,Vaishali Nagar,DURG,409,1.0,DURG
AC,CHHATTISGARH,67,Ahiwara (SC),DURG,409,1.0,DURG
AC,CHHATTISGARH,68,Saja,DURG,409,1.0,DURG
AC,CHHATTISGARH,69,Bemetara,DURG,409,1.0,DURG
AC,CHHATTISGARH,70,Nawagarh (SC),DURG,409,1.0,DURG
AC,CHHATTISGARH,71,Pandariya,RAJNANDGAON,407,1.0,KAWARDHA *
AC,CHHATTISGARH,72,Kawardha,RAJNANDGAON,407,1.0,KAWARDHA *
AC,CHHATTISGARH,73,Khairagarh,RAJNANDGAON,408,1.0,RAJNANDGAON
AC,CHHATTISGARH,74,Dongargarh (SC),RAJNANDGAON,408,1.0,RAJNANDGAON
AC,CHHATTISGARH,75,Rajnandgaon,RAJNANDGAON,408,1.0,RAJNANDGAON
AC,CHHATTISGARH,76,Dongargaon,RAJNANDGAON,408,1.0,RAJNANDGAON
AC,CHHATTISGARH,77,Khujji,RAJNANDGAON,408,1.0,RAJNANDGAON
AC,CHHATTISGARH,78,Mohla-Manpur (ST),RAJNANDGAON,408,1.0,RAJNANDGAON
AC,CHHATTISGARH,79,Antagarh (ST),KANKER (ST),413,0.8889,KANKER *
AC,CHHATTISGARH,79,Antagarh (ST),KANKER (ST),415,0.1111,KANKER *
AC,CHHATTISGARH,80,Bhanupratappur (ST),KANKER (ST),413,1.0,KANKER *
AC,CHHATTISGARH,81,Kanker (ST),KANKER (ST),413,1.0,KANKER *
AC,CHHATTISGARH,82,Keshkal (ST),KANKER (ST),414,1.0,BASTER
AC,CHHATTISGARH,83,Kondagaon (ST),BASTAR (ST),414,1.0,BASTER
AC,CHHATTISGARH,84,Narayanpur (ST),BASTAR (ST),415,0.7358,BASTER
AC,CHHATTISGARH,84,Narayanpur (ST),BASTAR (ST),414,0.2642,BASTER
AC,CHHATTISGARH,85,Bastar (ST),BASTAR (ST),414,1.0,BASTER
AC,CHHATTISGARH,86,Jagdalpur,BASTAR (ST),414,1.0,BASTER
AC,CHHATTISGARH,87,Chitrakot (ST),BASTAR (ST),414,1.0,BASTER
AC,CHHATTISGARH,88,Dantewada (ST),BASTAR (ST),416,1.0,DANTEWADA*
AC,CHHATTISGARH,89,Bijapur (ST),BASTAR (ST),417,1.0,DANTEWADA*
AC,CHHATTISGARH,90,Konta (ST),BASTAR (ST),416,1.0,DANTEWADA*
AC,DELHI,1,Nerela,NORTH WEST DELHI (SC),90,1.0,
AC,DELHI,2,Burari,NORTH EAST DELHI,91,0.602,
AC,DELHI,2,Burari,NORTH EAST DELHI,90,0.398,
AC,DELHI,3,Timarpur,NORTH EAST DELHI,91,0.529,
AC,DELHI,3,Timarpur,NORTH EAST DELHI,90,0.471,
AC,DELHI,4,Adarsh Nagar,CHANDNI CHOWK,90,1.0,
AC,DELHI,5,Badli,NORTH WEST DELHI (SC),90,1.0,
AC,DELHI,6,Rithala,NORTH WEST DELHI (SC),90,1.0,
AC,DELHI,7,Bawana (SC),NORTH WEST DELHI (SC),90,1.0,
AC,DELHI,8,Mundka,NORTH WEST DELHI (SC),90,0.7013,
AC,DELHI,8,Mundka,NORTH WEST DELHI (SC),96,0.2987,
AC,DELHI,9,Kirari,NORTH WEST DELHI (SC),90,1.0,
AC,DELHI,10,Sultan Pur Majra(SC),NORTH WEST DELHI (SC),90,1.0,
AC,DELHI,11,Nangloi Jat,NORTH WEST DELHI (SC),96,1.0,
AC,DELHI,12,Mangol Puri (SC),NORTH WEST DELHI (SC),90,1.0,
AC,DELHI,13,Rohini,NORTH WEST DELHI (SC),90,1.0,
AC,DELHI,14,Shalimar Bagh,CHANDNI CHOWK,90,1.0,
AC,DELHI,15,Shakur Basti,CHANDNI CHOWK,90,0.5408,
AC,DELHI,15,Shakur Basti,CHANDNI CHOWK,96,0.4592,
AC,DELHI,16,Tri Nagar,CHANDNI CHOWK,90,1.0,
AC,DELHI,17,Wazirpur,CHANDNI CHOWK,90,1.0,
AC,DELHI,18,Model Town,CHANDNI CHOWK,90,0.5977,
AC,DELHI,18,Model Town,CHANDNI CHOWK,91,0.4023,
AC,DELHI,19,Sadar Bazar,CHANDNI CHOWK,91,1.0,
AC,DELHI,20,Chandni Chowk,CHANDNI CHOWK,91,0.8615,
AC,DELHI,20,Chandni Chowk,CHANDNI CHOWK,95,0.1385,
AC,DELHI,21,Matia Mahal,CHANDNI CHOWK,95,0.5579,
AC,DELHI,21,Matia Mahal,CHANDNI CHOWK,94,0.4421,
AC,DELHI,22,Ballimaran,CHANDNI CHOWK,95,0.6091,
AC,DELHI,22,Ballimaran,CHANDNI CHOWK,91,0.3909,
AC,DELHI,23,Karol Bagh (SC),NEW DELHI,95,0.7478,
AC,DELHI,23,Karol Bagh (SC),NEW DELHI,96,0.1464,
AC,DELHI,23,Karol Bagh (SC),NEW DELHI,94,0.1058,
AC,DELHI,24,Patel Nagar (SC),NEW DELHI,96,0.6029,
AC,DELHI,24,Patel Nagar (SC),NEW DELHI,97,0.2576,
AC,DELHI,24,Patel Nagar (SC),NEW DELHI,91,0.1395,
AC,DELHI,25,Moti Nagar,NEW DELHI,96,1.0,
AC,DELHI,26,Madipur (SC),WEST DELHI,96,1.0,
AC,DELHI,27,Rajouri Garden,WEST DELHI,96,1.0,
AC,DELHI,28,Hari Nagar,WEST DELHI,96,0.7641,
AC,DELHI,28,Hari Nagar,WEST DELHI,97,0.2359,
AC,DELHI,29,Tilak Nagar,WEST DELHI,96,1.0,
AC,DELHI,30,Janakpuri,WEST DELHI,96,0.6414,
AC,DELHI,30,Janakpuri,WEST DELHI,97,0.3586,
AC,DELHI,31,Vikaspuri,WEST DELHI,96,1.0,
AC,DELHI,32,Uttam Nagar,WEST DELHI,97,0.5623,
AC,DELHI,32,Uttam Nagar,WEST DELHI,96,0.4377,
AC,DELHI,33,Dwarka,WEST DELHI,97,1.0,
AC,DELHI,34,Matiala,WEST DELHI,97,1.0,
AC,DELHI,35,Najafgarh,WEST DELHI,97,1.0,
AC,DELHI,36,Bijwasan,SOUTH DELHI,97,1.0,
AC,DELHI,37,Palam,SOUTH DELHI,97,1.0,
AC,DELHI,38,Delhi Cantt,NEW DELHI,97,1.0,
AC,DELHI,39,Rajinder Nagar,NEW DELHI,97,0.8552,
AC,DELHI,39,Rajinder Nagar,NEW DELHI,95,0.1448,
AC,DELHI,40,New Delhi,NEW DELHI,94,0.8575,
AC,DELHI,40,New Delhi,NEW DELHI,98,0.1425,
AC,DELHI,41,Jangpura,EAST DELHI,98,0.5755,
AC,DELHI,41,Jangpura,EAST DELHI,95,0.2154,
AC,DELHI,41,Jangpura,EAST DELHI,94,0.2091,
AC,DELHI,42,Kasturba Nagar,NEW DELHI,98,1.0,
AC,DELHI,43,Malviya Nagar,NEW DELHI,98,0.7349,
AC,DELHI,43,Malviya Nagar,NEW DELHI,97,0.2651,
AC,DELHI,44,R.K. Puram,NEW DELHI,97,1.0,
AC,DELHI,45,Mehrauli,SOUTH DELHI,97,0.8357,
AC,DELHI,45,Mehrauli,SOUTH DELHI,98,0.1643,
AC,DELHI,46,Chhatarpur,SOUTH DELHI,98,1.0,
AC,DELHI,47,Deoli (SC),SOUTH DELHI,98,1.0,
AC,DELHI,48,Ambedkar Nagar(SC),SOUTH DELHI,98,1.0,
AC,DELHI,49,Sangam Vihar,SOUTH DELHI,98,1.0,
AC,DELHI,50,Greater Kailash,NEW DELHI,98,1.0,
AC,DELHI,51,Kalkaji,SOUTH DELHI,98,1.0,
AC,DELHI,52,Tughlakabad,SOUTH DELHI,98,1.0,
AC,DELHI,53,Badarpur,SOUTH DELHI,98,1.0,
AC,DELHI,54,Okhla,EAST DELHI,98,1.0,
AC,DELHI,55,Trilokpuri (SC),EAST DELHI,93,0.5851,
AC,DELHI,55,Trilokpuri (SC),EAST DELHI,98,0.4149,
AC,DELHI,56,Kondli (SC),EAST DELHI,93,1.0,
AC,DELHI,57,Patparganj,EAST DELHI,93,1.0,
AC,DELHI,58,Laxmi Nagar,EAST DELHI,93,1.0,
AC,DELHI,59,Vishwas Nagar,EAST DELHI,93,1.0,
AC,DELHI,60,Krishna Nagar,EAST DELHI,93,1.0,
AC,DELHI,61,Gandhi Nagar,EAST DELHI,93,1.0,
AC,DELHI,62,Shahdara,EAST DELHI,93,0.6375,
AC,DELHI,62,Shahdara,EAST DELHI,92,0.3625,
AC,DELHI,63,Seemapuri (SC),NORTH EAST DELHI,92,1.0,
AC,DELHI,64,Rohtas Nagar,NORTH EAST DELHI,92,0.7185,
AC,DELHI,64,Rohtas Nagar,NORTH EAST DELHI,93,0.2815,
AC,DELHI,65,Seelam Pur,NORTH EAST DELHI,92,0.8433,
AC,DELHI,65,Seelam Pur,NORTH EAST DELHI,91,0.1567,
AC,DELHI,66,Ghonda,NORTH EAST DELHI,92,0.7397,
AC,DELHI,66,Ghonda,NORTH EAST DELHI,91,0.2603,
AC,DELHI,67,Babarpur,NORTH EAST DELHI,92,1.0,
AC,DELHI,68,Gokalpur (SC),NORTH EAST DELHI,92,0.8727,
AC,DELHI,68,Gokalpur (SC),NORTH EAST DELHI,140,0.1273,
AC,DELHI,69,Mustafabad,NORTH EAST DELHI,92,1.0,
AC,DELHI,70,Karawal Nagar,NORTH EAST DELHI,92,0.8834,
AC,DELHI,70,Karawal Nagar,NORTH EAST DELHI,91,0.1166,
AC,GOA,1,Mandrem,NORTH GOA,585,1.0,NORTH GOA
AC,GOA,2,Pernem (SC),NORTH GOA,585,1.0,NORTH GOA
AC,GOA,3,Bicholim,NORTH GOA,585,1.0,NORTH GOA
AC,GOA,4,Tivim,NORTH GOA,585,1.0,NORTH GOA
AC,GOA,5,Mapusa,NORTH GOA,585,1.0,NORTH GOA
AC,GOA,6,Siolim,NORTH GOA,585,1.0,NORTH GOA
AC,GOA,7,Saligao,NORTH GOA,585,1.0,NORTH GOA
AC,GOA,8,Calangute,NORTH GOA,585,1.0,NORTH GOA
AC,GOA,9,Porvorim,NORTH GOA,585,1.0,NORTH GOA
AC,GOA,10,Aldona,NORTH GOA,585,1.0,NORTH GOA
AC,GOA,11,Panaji,NORTH GOA,585,1.0,NORTH GOA
AC,GOA,12,Taleigao,NORTH GOA,585,1.0,NORTH GOA
AC,GOA,13,St. Cruz,NORTH GOA,585,1.0,NORTH GOA
AC,GOA,14,St. Andre,NORTH GOA,585,1.0,NORTH GOA
AC,GOA,15,Cumbarjua,NORTH GOA,585,1.0,NORTH GOA
AC,GOA,16,Maem,NORTH GOA,585,1.0,NORTH GOA
AC,GOA,17,Sanquelim,NORTH GOA,585,1.0,NORTH GOA
AC,GOA,18,Poriem,NORTH GOA,585,1.0,NORTH GOA
AC,GOA,19,Valpoi,NORTH GOA,585,1.0,NORTH GOA
AC,GOA,20,Priol,NORTH GOA,585,1.0,NORTH GOA
AC,GOA,21,Ponda,SOUTH GOA,585,1.0,NORTH GOA
AC,GOA,22,Siroda,SOUTH GOA,585,1.0,NORTH GOA
AC,GOA,23,Marcaim,SOUTH GOA,585,1.0,NORTH GOA
AC,GOA,24,Mormugao,SOUTH GOA,586,1.0,SOUTH GOA
AC,GOA,25,Vasco-Da-Gama,SOUTH GOA,586,1.0,SOUTH GOA
AC,GOA,26,Dabolim,SOUTH GOA,586,1.0,SOUTH GOA
AC,GOA,27,Cortalim,SOUTH GOA,586,1.0,SOUTH GOA
AC,GOA,28,Nuvem,SOUTH GOA,586,1.0,SOUTH GOA
AC,GOA,29,Curtorim,SOUTH GOA,586,1.0,SOUTH GOA
AC,GOA,30,Fatorda,SOUTH GOA,586,1.0,SOUTH GOA
AC,GOA,31,Margao,SOUTH GOA,586,1.0,SOUTH GOA
AC,GOA,32,Benaulim,SOUTH GOA,586,1.0,SOUTH GOA
AC,GOA,33,Navelim,SOUTH GOA,586,1.0,SOUTH GOA
AC,GOA,34,Cuncolim,SOUTH GOA,586,1.0,SOUTH GOA
AC,GOA,35,Velim,SOUTH GOA,586,1.0,SOUTH GOA
AC,GOA,36,Quepem,SOUTH GOA,586,1.0,SOUTH GOA
AC,GOA,37,Curchorem,SOUTH GOA,586,1.0,SOUTH GOA
AC,GOA,38,Sanvordem,SOUTH GOA,586,1.0,SOUTH GOA
AC,GOA,39,Sanguem,SOUTH GOA,586,1.0,SOUTH GOA
AC,GOA,40,Canacona,SOUTH GOA,586,1.0,SOUTH GOA
AC,GUJARAT,1,Abdasa,KACHCHH (SC),468,1.0,KACHCHH
AC,GUJARAT,2,Mandvi,KACHCHH (SC),468,1.0,KACHCHH
AC,GUJARAT,3,Bhuj,KACHCHH (SC),468,1.0,KACHCHH
AC,GUJARAT,4,Anjar,KACHCHH (SC),468,1.0,KACHCHH
AC,GUJARAT,5,Gandhidham(SC),KACHCHH (SC),468,1.0,KACHCHH
AC,GUJARAT,6,Rapar,KACHCHH (SC),468,1.0,KACHCHH
AC,GUJARAT,7,Vav,BANASKANTHA,469,1.0,BANAS KANTHA
AC,GUJARAT,8,Tharad,BANASKANTHA,469,1.0,BANAS KANTHA
AC,GUJARAT,9,Dhanera,BANASKANTHA,469,1.0,BANAS KANTHA
AC,GUJARAT,10,Danta (ST),BANASKANTHA,469,1.0,BANAS KANTHA
AC,GUJARAT,11,Vadgam (SC),PATAN,469,1.0,BANAS KANTHA
AC,GUJARAT,12,Palanpur,BANASKANTHA,469,1.0,BANAS KANTHA
AC,GUJARAT,13,Deesa,BANASKANTHA,469,1.0,BANAS KANTHA
AC,GUJARAT,14,Deodar,BANASKANTHA,469,1.0,BANAS KANTHA
AC,GUJARAT,15,Kankrej,PATAN,469,1.0,BANAS KANTHA
AC,GUJARAT,16,Radhanpur,PATAN,470,1.0,PATAN  *
AC,GUJARAT,17,Chanasma,PATAN,470,1.0,PATAN  *
AC,GUJARAT,18,Patan,PATAN,470,1.0,PATAN  *
AC,GUJARAT,19,Sidhpur,PATAN,470,1.0,PATAN  *
AC,GUJARAT,20,Kheralu,PATAN,471,1.0,MAHESANA
AC,GUJARAT,21,Unjha,MAHESANA,471,1.0,MAHESANA
AC,GUJARAT,22,Visnagar,MAHESANA,471,1.0,MAHESANA
AC,GUJARAT,23,Becharaji,MAHESANA,471,1.0,MAHESANA
AC,GUJARAT,24,Kadi (SC),MAHESANA,471,1.0,MAHESANA
AC,GUJARAT,25,Mahesana,MAHESANA,471,1.0,MAHESANA
AC,GUJARAT,26,Vijapur,MAHESANA,471,1.0,MAHESANA
AC,GUJARAT,27,Himatnagar,SABARKANTHA,472,1.0,SABAR KANTHA
AC,GUJARAT,28,Idar (SC),SABARKANTHA,472,1.0,SABAR KANTHA
AC,GUJARAT,29,Khedbrahma(ST),SABARKANTHA,472,1.0,SABAR KANTHA
AC,GUJARAT,30,Bhiloda (ST),SABARKANTHA,472,1.0,SABAR KANTHA
AC,GUJARAT,31,Modasa,SABARKANTHA,472,1.0,SABAR KANTHA
AC,GUJARAT,32,Bayad,SABARKANTHA,472,1.0,SABAR KANTHA
AC,GUJARAT,33,Prantij,SABARKANTHA,472,1.0,SABAR KANTHA
AC,GUJARAT,34,Dahegam,AHMEDABAD EAST,473,1.0,GANDHINAGAR
AC,GUJARAT,35,Gandhinagar(South),AHMEDABAD EAST,473,1.0,GANDHINAGAR
AC,GUJARAT,36,Gandhinagar(North),GANDHINAGAR,473,1.0,GANDHINAGAR
AC,GUJARAT,37,Mansa,MAHESANA,473,1.0,GANDHINAGAR
AC,GUJARAT,38,Kalol,GANDHINAGAR,473,1.0,GANDHINAGAR
AC,GUJARAT,39,Viramgam,SURENDRANAGAR,474,1.0,AHMADABAD
AC,GUJARAT,40,Sanand,GANDHINAGAR,474,1.0,AHMADABAD
AC,GUJARAT,41,Ghatlodia,GANDHINAGAR,474,1.0,AHMADABAD
AC,GUJARAT,42,Vejalpur,GANDHINAGAR,474,1.0,AHMADABAD
AC,GUJARAT,43,Vatva,AHMEDABAD EAST,474,1.0,AHMADABAD
AC,GUJARAT,44,Ellisbridge,AHMEDABAD WEST(SC),474,1.0,AHMADABAD
AC,GUJARAT,57,Daskroi,KHEDA,474,1.0,AHMADABAD
AC,GUJARAT,58,Dholka,KHEDA,474,1.0,AHMADABAD
AC,GUJARAT,59,Dhandhuka,SURENDRANAGAR,474,1.0,AHMADABAD
AC,GUJARAT,60,Dasada (SC),SURENDRANAGAR,475,1.0,SURENDRANAGAR
AC,GUJARAT,61,Limbdi,SURENDRANAGAR,475,1.0,SURENDRANAGAR
AC,GUJARAT,62,Wadhwan,SURENDRANAGAR,475,1.0,SURENDRANAGAR
AC,GUJARAT,63,Chotila,SURENDRANAGAR,475,1.0,SURENDRANAGAR
AC,GUJARAT,64,Dhrangadhra,SURENDRANAGAR,475,1.0,SURENDRANAGAR
AC,GUJARAT,65,Morbi,KACHCHH (SC),476,1.0,RAJKOT
AC,GUJARAT,66,Tankara,RAJKOT,476,1.0,RAJKOT
AC,GUJARAT,67,Wankaner,RAJKOT,476,1.0,RAJKOT
AC,GUJARAT,68,Rajkot East,RAJKOT,476,1.0,RAJKOT
AC,GUJARAT,69,Rajkot West,RAJKOT,476,1.0,RAJKOT
AC,GUJARAT,70,Rajkot South,RAJKOT,476,1.0,RAJKOT
AC,GUJARAT,71,Rajkot Rural(SC),RAJKOT,476,1.0,RAJKOT
AC,GUJARAT,72,Jasdan,RAJKOT,476,1.0,RAJKOT
AC,GUJARAT,73,Gondal,PORBANDAR,476,1.0,RAJKOT
AC,GUJARAT,74,Jetpur,PORBANDAR,476,1.0,RAJKOT
AC,GUJARAT,75,Dhoraji,PORBANDAR,476,1.0,RAJKOT
AC,GUJARAT,76,Kalavad (SC),JAMNAGAR,477,1.0,JAMNAGAR
AC,GUJARAT,77,Jamnagar,JAMNAGAR,477,1.0,JAMNAGAR
AC,GUJARAT,78,Jamnagar North,JAMNAGAR,477,1.0,JAMNAGAR
AC,GUJARAT,79,Jamnagar South,JAMNAGAR,477,1.0,JAMNAGAR
AC,GUJARAT,80,Jamjodhpur,JAMNAGAR,477,1.0,JAMNAGAR
AC,GUJARAT,81,Khambhalia,JAMNAGAR,477,1.0,JAMNAGAR
AC,GUJARAT,82,Dwarka,JAMNAGAR,477,1.0,JAMNAGAR
AC,GUJARAT,83,Porbandar,PORBANDAR,478,1.0,PORBANDAR  *
AC,GUJARAT,84,Kutiyana,PORBANDAR,478,1.0,PORBANDAR  *
AC,GUJARAT,85,Manavadar,PORBANDAR,479,1.0,JUNAGADH
AC,GUJARAT,86,Junagadh,JUNAGADH,479,1.0,JUNAGADH
AC,GUJARAT,87,Visavadar,JUNAGADH,479,1.0,JUNAGADH
AC,GUJARAT,88,Keshod,PORBANDAR,479,1.0,JUNAGADH
AC,GUJARAT,89,Mangrol,JUNAGADH,479,1.0,JUNAGADH
AC,GUJARAT,90,Somnath,JUNAGADH,479,1.0,JUNAGADH
AC,GUJARAT,91,Talala,JUNAGADH,479,1.0,JUNAGADH
AC,GUJARAT,92,Kodinar (SC),JUNAGADH,480,0.6823,JUNAGADH
AC,GUJARAT,92,Kodinar (SC),JUNAGADH,479,0.3177,JUNAGADH
AC,GUJARAT,93,Una,JUNAGADH,479,1.0,JUNAGADH
AC,GUJARAT,94,Dhari,AMRELI,480,1.0,AMRELI
AC,GUJARAT,95,Amreli,AMRELI,480,1.0,AMRELI
AC,GUJARAT,96,Lathi,AMRELI,480,1.0,AMRELI
AC,GUJARAT,97,Savarkundla,AMRELI,480,1.0,AMRELI
AC,GUJARAT,98,Rajula,AMRELI,480,1.0,AMRELI
AC,GUJARAT,99,Mahuva,AMRELI,481,1.0,BHAVNAGAR
AC,GUJARAT,100,Talaja,BHAVNAGAR,481,1.0,BHAVNAGAR
AC,GUJARAT,101,Gariadhar,AMRELI,481,1.0,BHAVNAGAR
AC,GUJARAT,102,Palitana,BHAVNAGAR,481,1.0,BHAVNAGAR
AC,GUJARAT,103,Bhavnagar Rural,BHAVNAGAR,481,1.0,BHAVNAGAR
AC,GUJARAT,104,Bhavnagar East,BHAVNAGAR,481,1.0,BHAVNAGAR
AC,GUJARAT,105,Bhavnagar West,BHAVNAGAR,481,1.0,BHAVNAGAR
AC,GUJARAT,106,Gadhada (SC),BHAVNAGAR,481,1.0,BHAVNAGAR
AC,GUJARAT,107,Botad,BHAVNAGAR,481,1.0,BHAVNAGAR
AC,GUJARAT,108,Khambhat,ANAND,482,1.0,ANAND  *
AC,GUJARAT,109,Borsad,ANAND,482,1.0,ANAND  *
AC,GUJARAT,110,Anklav,ANAND,482,1.0,ANAND  *
AC,GUJARAT,111,Umreth,ANAND,482,1.0,ANAND  *
AC,GUJARAT,112,Anand,ANAND,482,1.0,ANAND  *
AC,GUJARAT,113,Petlad,ANAND,482,1.0,ANAND  *
AC,GUJARAT,114,Sojitra,ANAND,482,1.0,ANAND  *
AC,GUJARAT,115,Matar,KHEDA,483,1.0,KHEDA
AC,GUJARAT,116,Nadiad,KHEDA,483,1.0,KHEDA
AC,GUJARAT,117,Mehmedabad,KHEDA,483,1.0,KHEDA
AC,GUJARAT,118,Mahudha,KHEDA,483,1.0,KHEDA
AC,GUJARAT,119,Thasra,PANCHMAHAL,483,1.0,KHEDA
AC,GUJARAT,120,Kapadvanj,KHEDA,483,1.0,KHEDA
AC,GUJARAT,121,Balasinor,PANCHMAHAL,483,1.0,KHEDA
AC,GUJARAT,122,Lunawada,PANCHMAHAL,484,1.0,PANCH MAHALS
AC,GUJARAT,123,Santrampur,DAHOD (ST),484,1.0,PANCH MAHALS
AC,GUJARAT,124,Shehra,PANCHMAHAL,484,1.0,PANCH MAHALS
AC,GUJARAT,125,Morva Hadaf,PANCHMAHAL,484,1.0,PANCH MAHALS
AC,GUJARAT,126,Godhra,PANCHMAHAL,484,1.0,PANCH MAHALS
AC,GUJARAT,127,Kalol,PANCHMAHAL,484,1.0,PANCH MAHALS
AC,GUJARAT,128,Halol,CHHOTA UDAIPUR(ST),484,1.0,PANCH MAHALS
AC,GUJARAT,129,Fatepura (ST),DAHOD (ST),485,0.8997,DOHAD  *
AC,GUJARAT,129,Fatepura (ST),DAHOD (ST),484,0.1003,DOHAD  *
AC,GUJARAT,130,Jhalod (ST),DAHOD (ST),485,1.0,DOHAD  *
AC,GUJARAT,131,Limkheda (ST),DAHOD (ST),485,1.0,DOHAD  *
AC,GUJARAT,132,Dahod (ST),DAHOD (ST),485,1.0,DOHAD  *
AC,GUJARAT,133,Garbada (ST),DAHOD (ST),485,1.0,DOHAD  *
AC,GUJARAT,134,Devgadhbaria,DAHOD (ST),485,1.0,DOHAD  *
AC,GUJARAT,135,Savli,VADODARA,486,1.0,VADODARA
AC,GUJARAT,136,Vaghodia,VADODARA,486,1.0,VADODARA
AC,GUJARAT,137,Chhota Udaipur (ST,CHHOTA UDAIPUR(ST),486,1.0,VADODARA
AC,GUJARAT,138,Jetpur (ST),CHHOTA UDAIPUR(ST),486,1.0,VADODARA
AC,GUJARAT,139,Sankheda(ST),CHHOTA UDAIPUR(ST),486,1.0,VADODARA
AC,GUJARAT,140,Dabhoi,CHHOTA UDAIPUR(ST),486,1.0,VADODARA
AC,GUJARAT,141,Vadodara City(SC),VADODARA,486,1.0,VADODARA
AC,GUJARAT,142,Sayajigunj,VADODARA,486,1.0,VADODARA
AC,GUJARAT,143,Akota,VADODARA,486,1.0,VADODARA
AC,GUJARAT,144,Raopura,VADODARA,486,1.0,VADODARA
AC,GUJARAT,145,Manjalpur,VADODARA,486,1.0,VADODARA
AC,GUJARAT,146,Padra,CHHOTA UDAIPUR(ST),486,1.0,VADODARA
AC,GUJARAT,147,Karjan,BHARUCH,486,1.0,VADODARA
AC,GUJARAT,148,Nandod (ST),CHHOTA UDAIPUR(ST),487,1.0,NARMADA  *
AC,GUJARAT,149,Dediapada(ST),BHARUCH,487,1.0,NARMADA  *
AC,GUJARAT,150,Jambusar,BHARUCH,488,1.0,BHARUCH
AC,GUJARAT,151,Vagra,BHARUCH,488,1.0,BHARUCH
AC,GUJARAT,152,Jhagadia (ST),BHARUCH,488,1.0,BHARUCH
AC,GUJARAT,153,Bharuch,BHARUCH,488,1.0,BHARUCH
AC,GUJARAT,154,Ankleshwar,BHARUCH,488,1.0,BHARUCH
AC,GUJARAT,155,Olpad,SURAT,492,1.0,SURAT
AC,GUJARAT,156,Mangrol (ST),BARDOLI (ST),492,1.0,SURAT
AC,GUJARAT,157,Mandvi (ST),BARDOLI (ST),492,0.518,SURAT
AC,GUJARAT,157,Mandvi (ST),BARDOLI (ST),493,0.482,SURAT
AC,GUJARAT,158,Kamrej,BARDOLI (ST),492,1.0,SURAT
AC,GUJARAT,159,Surat East,SURAT,492,1.0,SURAT
AC,GUJARAT,168,Choryasi,NAVSARI,492,1.0,SURAT
AC,GUJARAT,169,Bardoli (SC),BARDOLI (ST),492,1.0,SURAT
AC,GUJARAT,170,Mahuva (ST),BARDOLI (ST),492,0.7165,SURAT
AC,GUJARAT,170,Mahuva (ST),BARDOLI (ST),493,0.2835,SURAT
AC,GUJARAT,171,Vyara (ST),BARDOLI (ST),493,1.0,SURAT
AC,GUJARAT,172,Nizar (ST),BARDOLI (ST),493,1.0,SURAT
AC,GUJARAT,173,Dangs (ST),VALSAD (ST),489,1.0,THE DANGS
AC,GUJARAT,174,Jalalpore,NAVSARI,490,1.0,NAVSARI  *
AC,GUJARAT,175,Navsari,NAVSARI,490,1.0,NAVSARI  *
AC,GUJARAT,176,Gandevi (ST),NAVSARI,490,1.0,NAVSARI  *
AC,GUJARAT,177,Vansda (ST),VALSAD (ST),490,1.0,NAVSARI  *
AC,GUJARAT,178,Dharampur,VALSAD (ST),491,1.0,VALSAD
AC,GUJARAT,179,Valsad,VALSAD (ST),491,1.0,VALSAD
AC,GUJARAT,180,Pardi,VALSAD (ST),491,1.0,VALSAD
AC,GUJARAT,181,Kaprada (ST),VALSAD (ST),491,1.0,VALSAD
AC,GUJARAT,182,Umbergaon,VALSAD (ST),491,1.0,NAVSARI  *
AC,HARYANA,1,Kalka,AMBALA (SC),69,1.0,PANCHKULA *
AC,HARYANA,2,Panchkula,AMBALA (SC),69,1.0,PANCHKULA *
AC,HARYANA,3,Naraingarh,AMBALA (SC),70,0.8211,AMBALA
AC,HARYANA,3,Naraingarh,AMBALA (SC),69,0.1789,AMBALA
AC,HARYANA,4,Ambala Cantt.,AMBALA (SC),70,1.0,AMBALA
AC,HARYANA,5,Ambala City,AMBALA (SC),70,1.0,AMBALA
AC,HARYANA,6,Mulana (SC),AMBALA (SC),70,1.0,AMBALA
AC,HARYANA,7,Sadhaura (SC),AMBALA (SC),71,1.0,YAMUNANAGAR
AC,HARYANA,8,Jagadhri,AMBALA (SC),71,1.0,YAMUNANAGAR
AC,HARYANA,9,Yamunanagar,AMBALA (SC),71,1.0,YAMUNANAGAR
AC,HARYANA,10,Radaur,KURUKSHETRA,71,1.0,YAMUNANAGAR
AC,HARYANA,11,Ladwa,KURUKSHETRA,72,1.0,KURUKSHETRA
AC,HARYANA,12,Shahbad (SC),KURUKSHETRA,72,1.0,KURUKSHETRA
AC,HARYANA,13,Thanesar,KURUKSHETRA,72,0.7241,KURUKSHETRA
AC,HARYANA,13,Thanesar,KURUKSHETRA,74,0.2759,KURUKSHETRA
AC,HARYANA,14,Pehowa,KURUKSHETRA,72,1.0,KURUKSHETRA
AC,HARYANA,15,Guhla (SC),KURUKSHETRA,73,1.0,KAITHAL
AC,HARYANA,16,Kalayat,KURUKSHETRA,73,1.0,KAITHAL
AC,HARYANA,17,Kaithal,KURUKSHETRA,73,1.0,KAITHAL
AC,HARYANA,18,Pundri,KURUKSHETRA,73,1.0,KAITHAL
AC,HARYANA,19,Nilokheri(SC),KARNAL,74,1.0,KARNAL
AC,HARYANA,20,Indri,KARNAL,74,1.0,KARNAL
AC,HARYANA,21,Karnal,KARNAL,74,1.0,KARNAL
AC,HARYANA,22,Gharaunda,KARNAL,74,1.0,KARNAL
AC,HARYANA,23,Assandh,KARNAL,74,1.0,KARNAL
AC,HARYANA,24,Panipat Rural,KARNAL,75,1.0,PANIPAT
AC,HARYANA,25,Panipat City,KARNAL,75,1.0,PANIPAT
AC,HARYANA,26,Israna (SC),KARNAL,75,1.0,PANIPAT
AC,HARYANA,27,Samalkha,KARNAL,75,1.0,PANIPAT
AC,HARYANA,28,Ganaur,SONIPAT,76,1.0,SONIPAT
AC,HARYANA,29,Rai,SONIPAT,76,1.0,SONIPAT
AC,HARYANA,30,Kharkhauda (SC),SONIPAT,76,1.0,SONIPAT
AC,HARYANA,31,Sonipat,SONIPAT,76,1.0,SONIPAT
AC,HARYANA,32,Gohana,SONIPAT,76,1.0,SONIPAT
AC,HARYANA,33,Baroda,SONIPAT,76,1.0,SONIPAT
AC,HARYANA,34,Julana,SONIPAT,77,1.0,JIND
AC,HARYANA,35,Safidon,SONIPAT,77,1.0,JIND
AC,HARYANA,36,Jind,SONIPAT,77,1.0,JIND
AC,HARYANA,37,Uchana Kalan,HISAR,77,1.0,JIND
AC,HARYANA,38,Narwana (SC),SIRSA (SC),77,1.0,JIND
AC,HARYANA,39,Tohana,SIRSA (SC),78,1.0,FATEHABAD *
AC,HARYANA,40,Fatehabad,SIRSA (SC),78,1.0,FATEHABAD *
AC,HARYANA,41,Ratia (SC),SIRSA (SC),78,1.0,FATEHABAD *
AC,HARYANA,42,Kalanwali (SC),SIRSA (SC),79,1.0,SIRSA
AC,HARYANA,43,Dabwali,SIRSA (SC),79,1.0,SIRSA
AC,HARYANA,44,Rania,SIRSA (SC),79,1.0,SIRSA
AC,HARYANA,45,Sirsa,SIRSA (SC),79,1.0,SIRSA
AC,HARYANA,46,Ellenabad,SIRSA (SC),79,1.0,SIRSA
AC,HARYANA,47,Adampur,HISAR,80,1.0,HISAR
AC,HARYANA,48,Uklana (SC),HISAR,80,1.0,HISAR
AC,HARYANA,49,Narnaund,HISAR,80,1.0,HISAR
AC,HARYANA,50,Hansi,HISAR,80,1.0,HISAR
AC,HARYANA,51,Barwala,HISAR,80,1.0,HISAR
AC,HARYANA,52,Hisar,HISAR,80,1.0,HISAR
AC,HARYANA,53,Nalwa,HISAR,80,1.0,HISAR
AC,HARYANA,54,Loharu,BHIWANI-MAHENDRAGARH,81,1.0,BHIWANI
AC,HARYANA,55,Badhra,BHIWANI-MAHENDRAGARH,81,1.0,BHIWANI
AC,HARYANA,56,Dadri,BHIWANI-MAHENDRAGARH,81,1.0,BHIWANI
AC,HARYANA,57,Bhiwani,BHIWANI-MAHENDRAGARH,81,1.0,BHIWANI
AC,HARYANA,58,Tosham,BHIWANI-MAHENDRAGARH,81,1.0,BHIWANI
AC,HARYANA,59,Bawani Khera (SC),HISAR,81,1.0,BHIWANI
AC,HARYANA,60,Meham,ROHTAK,82,1.0,ROHTAK
AC,HARYANA,61,Garhi Sampla-Kilo,ROHTAK,82,1.0,ROHTAK
AC,HARYANA,62,Rohtak,ROHTAK,82,1.0,ROHTAK
AC,HARYANA,63,Kalanaur (SC),ROHTAK,82,1.0,ROHTAK
AC,HARYANA,64,Bahadurgarh,ROHTAK,83,1.0,JHAJJAR *
AC,HARYANA,65,Badli,ROHTAK,83,1.0,JHAJJAR *
AC,HARYANA,66,Jhajjar (SC),ROHTAK,83,1.0,JHAJJAR *
AC,HARYANA,67,Beri,ROHTAK,83,1.0,JHAJJAR *
AC,HARYANA,68,Ateli,BHIWANI-MAHENDRAGARH,84,1.0,MAHENDRAGARH
AC,HARYANA,69,Mahendragarh,BHIWANI-MAHENDRAGARH,84,1.0,MAHENDRAGARH
AC,HARYANA,70,Narnaul,BHIWANI-MAHENDRAGARH,84,1.0,MAHENDRAGARH
AC,HARYANA,71,Nangal Chaudhry,BHIWANI-MAHENDRAGARH,84,1.0,MAHENDRAGARH
AC,HARYANA,72,Bawal (SC),GURGAON,85,1.0,REWARI
AC,HARYANA,73,Kosli,ROHTAK,85,1.0,REWARI
AC,HARYANA,74,Rewari,GURGAON,85,1.0,REWARI
AC,HARYANA,75,Pataudi (SC),GURGAON,86,1.0,GURGAON
AC,HARYANA,76,Badshahpur,GURGAON,86,1.0,GURGAON
AC,HARYANA,77,Gurgaon,GURGAON,86,1.0,GURGAON
AC,HARYANA,78,Sohna,GURGAON,86,0.5798,GURGAON
AC,HARYANA,78,Sohna,GURGAON,87,0.4202,GURGAON
AC,HARYANA,79,Nuh,GURGAON,87,1.0,GURGAON
AC,HARYANA,80,Ferozepur Jhirka,GURGAON,87,1.0,GURGAON
AC,HARYANA,81,Punahana,GURGAON,87,1.0,GURGAON
AC,HARYANA,82,Hathin,FARIDABAD,89,1.0,FARIDABAD
AC,HARYANA,83,Hodal (SC),FARIDABAD,89,1.0,FARIDABAD
AC,HARYANA,84,Palwal,FARIDABAD,89,0.8635,FARIDABAD
AC,HARYANA,84,Palwal,FARIDABAD,88,0.1365,FARIDABAD
AC,HARYANA,85,Prithla,FARIDABAD,88,1.0,FARIDABAD
AC,HARYANA,86,Faridabad NIT,FARIDABAD,88,1.0,FARIDABAD
AC,HARYANA,87,Badkhal,FARIDABAD,88,1.0,FARIDABAD
AC,HARYANA,88,Ballabhgarh,FARIDABAD,88,1.0,FARIDABAD
AC,HARYANA,89,Faridabad,FARIDABAD,88,1.0,FARIDABAD
AC,HARYANA,90,Tigaon,FARIDABAD,88,1.0,FARIDABAD
AC,HIMACHAL PRADESH,1,Churah (SC),KANGRA,23,1.0,CHAMBA
AC,HIMACHAL PRADESH,2,Bharmour (ST),MANDI,23,1.0,CHAMBA
AC,HIMACHAL PRADESH,3,Chamba,KANGRA,23,1.0,CHAMBA
AC,HIMACHAL PRADESH,4,Dalhousie,KANGRA,23,1.0,CHAMBA
AC,HIMACHAL PRADESH,5,Bhattiyat,KANGRA,23,1.0,CHAMBA
AC,HIMACHAL PRADESH,6,Nurpur,KANGRA,24,1.0,KANGRA
AC,HIMACHAL PRADESH,7,Indora (SC),KANGRA,24,1.0,KANGRA
AC,HIMACHAL PRADESH,8,Fatehpur,KANGRA,24,1.0,KANGRA
AC,HIMACHAL PRADESH,9,Jawali,KANGRA,24,1.0,KANGRA
AC,HIMACHAL PRADESH,10,Dehra,HAMIRPUR,24,1.0,KANGRA
AC,HIMACHAL PRADESH,11,Jaswan-Pragpur,HAMIRPUR,24,1.0,KANGRA
AC,HIMACHAL PRADESH,12,Jawalamukhi,KANGRA,24,1.0,KANGRA
AC,HIMACHAL PRADESH,13,Jaisinghpur (SC),KANGRA,24,1.0,KANGRA
AC,HIMACHAL PRADESH,14,Sullah,KANGRA,24,1.0,KANGRA
AC,HIMACHAL PRADESH,15,Nagrota,KANGRA,24,1.0,KANGRA
AC,HIMACHAL PRADESH,16,Kangra,KANGRA,24,1.0,KANGRA
AC,HIMACHAL PRADESH,17,Shahpur,KANGRA,24,1.0,KANGRA
AC,HIMACHAL PRADESH,18,Dharamshala,KANGRA,24,1.0,KANGRA
AC,HIMACHAL PRADESH,19,Palampur,KANGRA,24,1.0,KANGRA
AC,HIMACHAL PRADESH,20,Baijnath (SC),KANGRA,24,1.0,KANGRA
AC,HIMACHAL PRADESH,21,Lahaul & Spiti (ST),MANDI,25,1.0,LAHUL & SPITI
AC,HIMACHAL PRADESH,22,Manali,MANDI,26,1.0,KULLU
AC,HIMACHAL PRADESH,23,Kullu,MANDI,26,1.0,KULLU
AC,HIMACHAL PRADESH,24,Banjar,MANDI,26,1.0,KULLU
AC,HIMACHAL PRADESH,25,Anni (SC),MANDI,26,1.0,KULLU
AC,HIMACHAL PRADESH,26,Karsog (SC),MANDI,27,1.0,MANDI
AC,HIMACHAL PRADESH,27,Sundernagar,MANDI,27,1.0,MANDI
AC,HIMACHAL PRADESH,28,Nachan (SC),MANDI,27,1.0,MANDI
AC,HIMACHAL PRADESH,29,Seraj,MANDI,27,1.0,MANDI
AC,HIMACHAL PRADESH,30,Darang,MANDI,27,1.0,MANDI
AC,HIMACHAL PRADESH,31,Jogindernagar,MANDI,27,1.0,MANDI
AC,HIMACHAL PRADESH,32,Dharampur,HAMIRPUR,27,1.0,MANDI
AC,HIMACHAL PRADESH,33,Mandi,MANDI,27,1.0,MANDI
AC,HIMACHAL PRADESH,34,Balh (SC),MANDI,27,1.0,MANDI
AC,HIMACHAL PRADESH,35,Sarkaghat,MANDI,27,1.0,MANDI
AC,HIMACHAL PRADESH,36,Bhoranj (SC),HAMIRPUR,28,1.0,HAMIRPUR
AC,HIMACHAL PRADESH,37,Sujanpur,HAMIRPUR,28,1.0,HAMIRPUR
AC,HIMACHAL PRADESH,38,Hamirpur,HAMIRPUR,28,1.0,HAMIRPUR
AC,HIMACHAL PRADESH,39,Barsar,HAMIRPUR,28,1.0,HAMIRPUR
AC,HIMACHAL PRADESH,40,Nadaun,HAMIRPUR,28,1.0,HAMIRPUR
AC,HIMACHAL PRADESH,41,Chintpurni (SC),HAMIRPUR,29,1.0,UNA
AC,HIMACHAL PRADESH,42,Gagret,HAMIRPUR,29,1.0,UNA
AC,HIMACHAL PRADESH,43,Haroli,HAMIRPUR,29,1.0,UNA
AC,HIMACHAL PRADESH,44,Una,HAMIRPUR,29,1.0,UNA
AC,HIMACHAL PRADESH,45,Kutlehar,HAMIRPUR,29,1.0,UNA
AC,HIMACHAL PRADESH,46,Jhanduta (SC),HAMIRPUR,30,1.0,BILASPUR
AC,HIMACHAL PRADESH,47,Ghumarwin,HAMIRPUR,30,1.0,BILASPUR
AC,HIMACHAL PRADESH,48,Bilaspur,HAMIRPUR,30,1.0,BILASPUR
AC,HIMACHAL PRADESH,49,Sri Naina Deviji,HAMIRPUR,30,1.0,BILASPUR
AC,HIMACHAL PRADESH,50,Arki,SHIMLA (SC),31,1.0,SOLAN
AC,HIMACHAL PRADESH,51,Nalagarh,SHIMLA (SC),31,1.0,SOLAN
AC,HIMACHAL PRADESH,52,Doon,SHIMLA (SC),31,1.0,SOLAN
AC,HIMACHAL PRADESH,53,Solan (SC),SHIMLA (SC),31,1.0,SOLAN
AC,HIMACHAL PRADESH,54,Kasauli (SC),SHIMLA (SC),31,1.0,SOLAN
AC,HIMACHAL PRADESH,55,Pachhad (SC),SHIMLA (SC),32,1.0,SIRMAUR
AC,HIMACHAL PRADESH,56,Nahan,SHIMLA (SC),32,1.0,SIRMAUR
AC,HIMACHAL PRADESH,57,Sri Renukaji (SC,SHIMLA (SC),32,1.0,SIRMAUR
AC,HIMACHAL PRADESH,58,Paonta Sahib,SHIMLA (SC),32,1.0,SIRMAUR
AC,HIMACHAL PRADESH,59,Shillai,SHIMLA (SC),32,1.0,SIRMAUR
AC,HIMACHAL PRADESH,60,Chopal,SHIMLA (SC),33,1.0,SHIMLA
AC,HIMACHAL PRADESH,61,Theog,SHIMLA (SC),33,1.0,SHIMLA
AC,HIMACHAL PRADESH,62,Kasumpti,SHIMLA (SC),33,1.0,SHIMLA
AC,HIMACHAL PRADESH,63,Shimla,SHIMLA (SC),33,1.0,SHIMLA
AC,HIMACHAL PRADESH,64,Shimla Rural,SHIMLA (SC),33,1.0,SHIMLA
AC,HIMACHAL PRADESH,65,Jubbal-Kotkhai,SHIMLA (SC),33,1.0,SHIMLA
AC,HIMACHAL PRADESH,66,Rampur (SC),MANDI,33,1.0,SHIMLA
AC,HIMACHAL PRADESH,67,Rohru (SC),SHIMLA (SC),33,1.0,SHIMLA
AC,HIMACHAL PRADESH,68,Kinnaur (ST),MANDI,34,1.0,KINNAUR
AC,JAMMU & KASHMIR,1,KARNAH,BARAMULLA,1,1.0,KUPWARA
AC,JAMMU & KASHMIR,2,KUPWARA,BARAMULLA,1,1.0,KUPWARA
AC,JAMMU & KASHMIR,3,LOLAB,BARAMULLA,1,1.0,KUPWARA
AC,JAMMU & KASHMIR,4,HANDWARA,BARAMULLA,1,1.0,KUPWARA
AC,JAMMU & KASHMIR,5,LANGATE,BARAMULLA,1,0.8457,KUPWARA
AC,JAMMU & KASHMIR,5,LANGATE,BARAMULLA,8,0.1543,KUPWARA
AC,JAMMU & KASHMIR,6,URI,BARAMULLA,5,0.8687,BARAMULA
AC,JAMMU & KASHMIR,6,URI,BARAMULLA,8,0.1313,BARAMULA
AC,JAMMU & KASHMIR,7,RAFIABAD,BARAMULLA,8,1.0,BARAMULA
AC,JAMMU & KASHMIR,8,SOPORE,BARAMULLA,8,0.5035,BARAMULA
AC,JAMMU & KASHMIR,8,SOPORE,BARAMULLA,9,0.4965,BARAMULA
AC,JAMMU & KASHMIR,9,GUREZ,BARAMULLA,9,1.0,BARAMULA
AC,JAMMU & KASHMIR,10,BANDIPORA,BARAMULLA,9,1.0,BARAMULA
AC,JAMMU & KASHMIR,11,SONAWARI,BARAMULLA,8,0.5535,BARAMULA
AC,JAMMU & KASHMIR,11,SONAWARI,BARAMULLA,9,0.4465,BARAMULA
AC,JAMMU & KASHMIR,12,SANGRAMA,BARAMULLA,8,1.0,BARAMULA
AC,JAMMU & KASHMIR,13,BARAMULA,BARAMULLA,8,1.0,BARAMULA
AC,JAMMU & KASHMIR,14,GULMARG,BARAMULLA,8,1.0,BARAMULA
AC,JAMMU & KASHMIR,15,PATTAN,BARAMULLA,8,1.0,BARAMULA
AC,JAMMU & KASHMIR,16,KANGAN,SRINAGAR,11,0.7526,SRINAGAR
AC,JAMMU & KASHMIR,16,KANGAN,SRINAGAR,10,0.2474,SRINAGAR
AC,JAMMU & KASHMIR,17,GANDERBAL,SRINAGAR,10,0.8923,SRINAGAR
AC,JAMMU & KASHMIR,17,GANDERBAL,SRINAGAR,8,0.1077,SRINAGAR
AC,JAMMU & KASHMIR,18,HAZRATBAL,SRINAGAR,10,1.0,SRINAGAR
AC,JAMMU & KASHMIR,19,ZADIBAL,SRINAGAR,10,1.0,SRINAGAR
AC,JAMMU & KASHMIR,20,EIDGAH,SRINAGAR,10,1.0,SRINAGAR
AC,JAMMU & KASHMIR,21,KHANIYAR,SRINAGAR,10,1.0,SRINAGAR
AC,JAMMU & KASHMIR,22,HABBA KADA,SRINAGAR,10,1.0,SRINAGAR
AC,JAMMU & KASHMIR,23,AMIRA KADA,SRINAGAR,10,0.6563,SRINAGAR
AC,JAMMU & KASHMIR,23,AMIRA KADA,SRINAGAR,8,0.3437,SRINAGAR
AC,JAMMU & KASHMIR,24,SONAWAR,SRINAGAR,10,0.8944,SRINAGAR
AC,JAMMU & KASHMIR,24,SONAWAR,SRINAGAR,2,0.1056,SRINAGAR
AC,JAMMU & KASHMIR,25,BATAMALOO,SRINAGAR,10,1.0,SRINAGAR
AC,JAMMU & KASHMIR,26,CHADOORA,SRINAGAR,2,1.0,BADGAM
AC,JAMMU & KASHMIR,27,BADGAM,SRINAGAR,2,0.5227,BADGAM
AC,JAMMU & KASHMIR,27,BADGAM,SRINAGAR,8,0.4773,BADGAM
AC,JAMMU & KASHMIR,28,BEERWAH,SRINAGAR,8,0.6549,BADGAM
AC,JAMMU & KASHMIR,28,BEERWAH,SRINAGAR,2,0.3451,BADGAM
AC,JAMMU & KASHMIR,29,KHAN SAHEB,SRINAGAR,2,1.0,BADGAM
AC,JAMMU & KASHMIR,30,CHRAR SHAR,SRINAGAR,2,1.0,BADGAM
AC,JAMMU & KASHMIR,31,TRAL,ANANTANAG,12,0.829,PULWAMA
AC,JAMMU & KASHMIR,31,TRAL,ANANTANAG,14,0.171,PULWAMA
AC,JAMMU & KASHMIR,32,PAMPORE,ANANTANAG,12,0.6304,PULWAMA
AC,JAMMU & KASHMIR,32,PAMPORE,ANANTANAG,10,0.2678,PULWAMA
AC,JAMMU & KASHMIR,32,PAMPORE,ANANTANAG,2,0.1018,PULWAMA
AC,JAMMU & KASHMIR,33,PULWAMA,ANANTANAG,12,0.7214,PULWAMA
AC,JAMMU & KASHMIR,33,PULWAMA,ANANTANAG,2,0.2786,PULWAMA
AC,JAMMU & KASHMIR,34,RAJPORA,ANANTANAG,2,0.3942,PULWAMA
AC,JAMMU & KASHMIR,34,RAJPORA,ANANTANAG,12,0.3691,PULWAMA
AC,JAMMU & KASHMIR,34,RAJPORA,ANANTANAG,13,0.2367,PULWAMA
AC,JAMMU & KASHMIR,35,WACHI,ANANTANAG,13,0.7817,PULWAMA
AC,JAMMU & KASHMIR,35,WACHI,ANANTANAG,15,0.2183,PULWAMA
AC,JAMMU & KASHMIR,36,SHOPIAN,ANANTANAG,13,1.0,PULWAMA
AC,JAMMU & KASHMIR,37,NOORABAD,ANANTANAG,15,1.0,ANANTNAG
AC,JAMMU & KASHMIR,38,KULGAM,ANANTANAG,15,0.8935,ANANTNAG
AC,JAMMU & KASHMIR,38,KULGAM,ANANTANAG,13,0.1065,ANANTNAG
AC,JAMMU & KASHMIR,39,HOM SHALI,ANANTANAG,15,0.8504,ANANTNAG
AC,JAMMU & KASHMIR,39,HOM SHALI,ANANTANAG,14,0.1496,ANANTNAG
AC,JAMMU & KASHMIR,40,ANANTNAG,ANANTANAG,14,0.8175,ANANTNAG
AC,JAMMU & KASHMIR,40,ANANTNAG,ANANTANAG,15,0.1825,ANANTNAG
AC,JAMMU & KASHMIR,41,DEVSAR,ANANTANAG,15,0.7314,ANANTNAG
AC,JAMMU & KASHMIR,41,DEVSAR,ANANTANAG,14,0.2686,ANANTNAG
AC,JAMMU & KASHMIR,42,DORU,ANANTANAG,14,0.8191,ANANTNAG
AC,JAMMU & KASHMIR,42,DORU,ANANTANAG,17,0.1809,ANANTNAG
AC,JAMMU & KASHMIR,43,KOKERNAG,ANANTANAG,14,1.0,ANANTNAG
AC,JAMMU & KASHMIR,44,SHANGUS,ANANTANAG,14,1.0,ANANTNAG
AC,JAMMU & KASHMIR,45,BIJBEHARA,ANANTANAG,14,1.0,ANANTNAG
AC,JAMMU & KASHMIR,46,PAHALGAM,ANANTANAG,14,0.8863,ANANTNAG
AC,JAMMU & KASHMIR,46,PAHALGAM,ANANTANAG,11,0.1137,ANANTNAG
AC,JAMMU & KASHMIR,47,NURBRA,LADAKH,3,1.0,LEH(LADAKH)
AC,JAMMU & KASHMIR,48,LEH,LADAKH,3,1.0,LEH(LADAKH)
AC,JAMMU & KASHMIR,49,KARGIL,LADAKH,4,1.0,KARGIL
AC,JAMMU & KASHMIR,50,ZANSKAR,LADAKH,4,1.0,KARGIL
AC,JAMMU & KASHMIR,51,KISHTWAR,UDHAMPUR,18,1.0,DODA
AC,JAMMU & KASHMIR,52,INDERWAL,UDHAMPUR,18,0.8884,DODA
AC,JAMMU & KASHMIR,52,INDERWAL,UDHAMPUR,14,0.1116,DODA
AC,JAMMU & KASHMIR,53,DODA,UDHAMPUR,16,0.8901,DODA
AC,JAMMU & KASHMIR,53,DODA,UDHAMPUR,19,0.1099,DODA
AC,JAMMU & KASHMIR,54,BHADERWAH,UDHAMPUR,16,0.8163,DODA
AC,JAMMU & KASHMIR,54,BHADERWAH,UDHAMPUR,18,0.1837,DODA
AC,JAMMU & KASHMIR,55,RAMBAN,UDHAMPUR,16,0.5237,DODA
AC,JAMMU & KASHMIR,55,RAMBAN,UDHAMPUR,17,0.4763,DODA
AC,JAMMU & KASHMIR,56,BANIHAL,UDHAMPUR,17,0.8547,DODA
AC,JAMMU & KASHMIR,56,BANIHAL,UDHAMPUR,15,0.1453,DODA
AC,JAMMU & KASHMIR,57,GULABGARH,UDHAMPUR,20,1.0,UDHAMPUR
AC,JAMMU & KASHMIR,58,REASI,UDHAMPUR,20,0.7935,UDHAMPUR
AC,JAMMU & KASHMIR,58,REASI,UDHAMPUR,19,0.2065,UDHAMPUR
AC,JAMMU & KASHMIR,59,GOOL-ARNAS,UDHAMPUR,20,1.0,UDHAMPUR
AC,JAMMU & KASHMIR,60,UDHAMPUR,UDHAMPUR,19,1.0,UDHAMPUR
AC,JAMMU & KASHMIR,61,CHENANI,UDHAMPUR,19,1.0,UDHAMPUR
AC,JAMMU & KASHMIR,62,RAM NAGAR,UDHAMPUR,19,1.0,UDHAMPUR
AC,JAMMU & KASHMIR,63,BANI,UDHAMPUR,7,0.8345,KATHUA
AC,JAMMU & KASHMIR,63,BANI,UDHAMPUR,19,0.1655,KATHUA
AC,JAMMU & KASHMIR,64,BASOHLI,UDHAMPUR,7,1.0,KATHUA
AC,JAMMU & KASHMIR,65,KATHUA,UDHAMPUR,7,1.0,KATHUA
AC,JAMMU & KASHMIR,66,BILLAWAR,UDHAMPUR,7,1.0,KATHUA
AC,JAMMU & KASHMIR,67,HIRA NAGAR,UDHAMPUR,7,0.5838,KATHUA
AC,JAMMU & KASHMIR,67,HIRA NAGAR,UDHAMPUR,22,0.4162,KATHUA
AC,JAMMU & KASHMIR,68,SAMBA,JAMMU,22,0.8633,JAMMU
AC,JAMMU & KASHMIR,68,SAMBA,JAMMU,21,0.1367,JAMMU
AC,JAMMU & KASHMIR,69,VIJAYPUR,JAMMU,22,0.7235,JAMMU
AC,JAMMU & KASHMIR,69,VIJAYPUR,JAMMU,21,0.2765,JAMMU
AC,JAMMU & KASHMIR,70,NAGROTA,JAMMU,21,0.8767,JAMMU
AC,JAMMU & KASHMIR,70,NAGROTA,JAMMU,20,0.1233,JAMMU
AC,JAMMU & KASHMIR,71,GANDHI NAGAR,JAMMU,21,1.0,JAMMU
AC,JAMMU & KASHMIR,72,JAMMU EAST,JAMMU,21,1.0,JAMMU
AC,JAMMU & KASHMIR,73,JAMMU WEST,JAMMU,21,1.0,JAMMU
AC,JAMMU & KASHMIR,74,BISHNAH,JAMMU,21,0.8274,JAMMU
AC,JAMMU & KASHMIR,74,BISHNAH,JAMMU,22,0.1726,JAMMU
AC,JAMMU & KASHMIR,75,RANBIR SINGH PURA,JAMMU,21,1.0,JAMMU
AC,JAMMU & KASHMIR,76,SUCHET GARH,JAMMU,21,1.0,JAMMU
AC,JAMMU & KASHMIR,77,MARH,JAMMU,21,1.0,JAMMU
AC,JAMMU & KASHMIR,78,RAIPUR DOMANA,JAMMU,21,0.8501,JAMMU
AC,JAMMU & KASHMIR,78,RAIPUR DOMANA,JAMMU,20,0.1499,JAMMU
AC,JAMMU & KASHMIR,79,AKHNOOR,JAMMU,21,0.7992,JAMMU
AC,JAMMU & KASHMIR,79,AKHNOOR,JAMMU,20,0.2008,JAMMU
AC,JAMMU & KASHMIR,80,CHHAMB,JAMMU,21,1.0,JAMMU
AC,JAMMU & KASHMIR,81,NAUSHEHRA,JAMMU,6,1.0,RAJAURI
AC,JAMMU & KASHMIR,82,DARHAL,JAMMU,6,1.0,RAJAURI
AC,JAMMU & KASHMIR,83,RAJAURI,JAMMU,6,1.0,RAJAURI
AC,JAMMU & KASHMIR,84,KALA KOTE,JAMMU,6,1.0,RAJAURI
AC,JAMMU & KASHMIR,85,SURAN KOTE,JAMMU,5,1.0,PUNCH
AC,JAMMU & KASHMIR,86,MENDHAR,JAMMU,5,1.0,PUNCH
AC,JAMMU & KASHMIR,87,POONCH HAVELI,JAMMU,5,1.0,PUNCH
AC,JHARKHAND,1,RAJMAHAL,RAJMAHAL (ST),352,1.0,SAHIBGANJ
AC,JHARKHAND,2,BORIO (ST),RAJMAHAL (ST),352,0.7272,GODDA
AC,JHARKHAND,2,BORIO (ST),RAJMAHAL (ST),351,0.2728,GODDA
AC,JHARKHAND,3,BARHAIT (ST),RAJMAHAL (ST),351,0.5074,GODDA
AC,JHARKHAND,3,BARHAIT (ST),RAJMAHAL (ST),352,0.4926,GODDA
AC,JHARKHAND,4,LITIPARA (ST),RAJMAHAL (ST),353,0.783,DUMKA
AC,JHARKHAND,4,LITIPARA (ST),RAJMAHAL (ST),362,0.217,DUMKA
AC,JHARKHAND,5,PAKAUR,RAJMAHAL (ST),353,0.5157,PAKAUR
AC,JHARKHAND,5,PAKAUR,RAJMAHAL (ST),352,0.4843,PAKAUR
AC,JHARKHAND,6,MAHESHPUR (ST),RAJMAHAL (ST),353,1.0,PAKAUR
AC,JHARKHAND,7,SIKARIPARA (ST),DUMKA (ST),362,1.0,DUMKA
AC,JHARKHAND,8,NALA,DUMKA (ST),363,1.0,JAMTARA
AC,JHARKHAND,9,JAMTARA,DUMKA (ST),363,1.0,JAMTARA
AC,JHARKHAND,10,DUMKA (ST),DUMKA (ST),362,1.0,DUMKA
AC,JHARKHAND,11,JAMA (ST),DUMKA (ST),362,1.0,DUMKA
AC,JHARKHAND,12,JARMUNDI,GODDA,362,0.5431,DEOGHAR
AC,JHARKHAND,12,JARMUNDI,GODDA,350,0.4569,DEOGHAR
AC,JHARKHAND,13,MADHUPUR,GODDA,350,1.0,DEOGHAR
AC,JHARKHAND,14,SARATH,DUMKA (ST),350,0.8438,JAMTARA
AC,JHARKHAND,14,SARATH,DUMKA (ST),363,0.1562,JAMTARA
AC,JHARKHAND,15,DEOGHAR (SC),GODDA,350,1.0,DEOGHAR
AC,JHARKHAND,16,POREYAHAT,GODDA,351,0.6817,DUMKA
AC,JHARKHAND,16,POREYAHAT,GODDA,362,0.3183,DUMKA
AC,JHARKHAND,17,GODDA,GODDA,351,1.0,GODDA
AC,JHARKHAND,18,MAHAGAMA,GODDA,351,1.0,GODDA
AC,JHARKHAND,19,KODARMA,KODARMA,348,1.0,KODARMA
AC,JHARKHAND,20,BARKATHA,KODARMA,348,0.6031,HAZARIBAG
AC,JHARKHAND,20,BARKATHA,KODARMA,360,0.3969,HAZARIBAG
AC,JHARKHAND,21,BARHI,HAZARIBAGH,348,0.5744,HAZARIBAG
AC,JHARKHAND,21,BARHI,HAZARIBAGH,360,0.4256,HAZARIBAG
AC,JHARKHAND,22,BARKAGAON,HAZARIBAGH,360,0.7537,HAZARIBAG
AC,JHARKHAND,22,BARKAGAON,HAZARIBAGH,361,0.2463,HAZARIBAG
AC,JHARKHAND,23,RAMGARH,HAZARIBAGH,361,1.0,HAZARIBAG
AC,JHARKHAND,24,MANDU,HAZARIBAGH,360,0.6993,HAZARIBAG
AC,JHARKHAND,24,MANDU,HAZARIBAGH,361,0.3007,HAZARIBAG
AC,JHARKHAND,25,HAZARIBAGH,HAZARIBAGH,360,1.0,HAZARIBAG
AC,JHARKHAND,26,SIMARIA (SC),CHATRA,347,1.0,CHATRA
AC,JHARKHAND,27,CHATRA (SC),CHATRA,347,1.0,CHATRA
AC,JHARKHAND,28,DHANWAR,KODARMA,349,1.0,GIRIDIH
AC,JHARKHAND,29,BAGODAR,KODARMA,349,1.0,GIRIDIH
AC,JHARKHAND,30,JAMUA (SC),KODARMA,349,1.0,GIRIDIH
AC,JHARKHAND,31,GANDEY,KODARMA,349,1.0,GIRIDIH
AC,JHARKHAND,32,GIRIDIH,GIRIDIH,349,1.0,DHANBAD
AC,JHARKHAND,33,DUMRI,GIRIDIH,349,0.5504,BOKARO
AC,JHARKHAND,33,DUMRI,GIRIDIH,355,0.4496,BOKARO
AC,JHARKHAND,34,GOMIA,GIRIDIH,355,1.0,BOKARO
AC,JHARKHAND,35,BERMO,GIRIDIH,355,1.0,BOKARO
AC,JHARKHAND,36,BOKARO,DHANBAD,355,1.0,BOKARO
AC,JHARKHAND,37,CHANDANKIYARI (SC),DHANBAD,355,1.0,BOKARO
AC,JHARKHAND,38,SINDRI,DHANBAD,354,1.0,DHANBAD
AC,JHARKHAND,39,NIRSA,DHANBAD,354,1.0,DHANBAD
AC,JHARKHAND,40,DHANBAD,DHANBAD,354,1.0,DHANBAD
AC,JHARKHAND,41,JHARIA,DHANBAD,354,1.0,DHANBAD
AC,JHARKHAND,42,TUNDI,GIRIDIH,354,1.0,DHANBAD
AC,JHARKHAND,43,BAGHMARA,GIRIDIH,354,1.0,DHANBAD
AC,JHARKHAND,44,BAHARAGORA,JAMSHEDPUR,357,1.0,PURBI SINGHBHUM
AC,JHARKHAND,45,GHATSILA (ST),JAMSHEDPUR,357,1.0,PURBI SINGHBHUM
AC,JHARKHAND,46,POTKA (ST),JAMSHEDPUR,357,1.0,PURBI SINGHBHUM
AC,JHARKHAND,47,JUGSALAI (SC),JAMSHEDPUR,357,1.0,PURBI SINGHBHUM
AC,JHARKHAND,48,JAMSHEDPUR EAST,JAMSHEDPUR,357,1.0,PURBI SINGHBHUM
AC,JHARKHAND,49,JAMSHEDPUR WEST,JAMSHEDPUR,357,1.0,PURBI SINGHBHUM
AC,JHARKHAND,50,ICHAGARH,RANCHI,369,1.0,SARAIKELA
AC,JHARKHAND,51,SERAIKELLA (ST),SINGHBHUM (ST),369,1.0,SARAIKELA
AC,JHARKHAND,52,CHAIBASA (ST),SINGHBHUM (ST),368,1.0,PACHIM SINGHBHUM
AC,JHARKHAND,53,MAJHGAON (ST),SINGHBHUM (ST),368,1.0,PACHIM SINGHBHUM
AC,JHARKHAND,54,JAGANATHPUR (ST),SINGHBHUM (ST),368,1.0,PACHIM SINGHBHUM
AC,JHARKHAND,55,MANOHARPUR (ST),SINGHBHUM (ST),368,1.0,PACHIM SINGHBHUM
AC,JHARKHAND,56,CHAKRADHARPUR (ST),SINGHBHUM (ST),368,1.0,PACHIM SINGHBHUM
AC,JHARKHAND,57,KHARASAWAN (ST),KHUNTI (ST),369,0.8135,PACHIM SINGHBHUM
AC,JHARKHAND,57,KHARASAWAN (ST),KHUNTI (ST),368,0.1865,PACHIM SINGHBHUM
AC,JHARKHAND,58,TAMAR (ST),KHUNTI (ST),364,0.5061,RANCHI
AC,JHARKHAND,58,TAMAR (ST),KHUNTI (ST),365,0.4939,RANCHI
AC,JHARKHAND,59,TORPA (ST),KHUNTI (ST),365,0.623,SIMDEGA
AC,JHARKHAND,59,TORPA (ST),KHUNTI (ST),367,0.377,SIMDEGA
AC,JHARKHAND,60,KHUNTI (ST),KHUNTI (ST),365,1.0,RANCHI
AC,JHARKHAND,61,SILLI,RANCHI,364,1.0,RANCHI
AC,JHARKHAND,62,KHIJRI (ST),RANCHI,364,1.0,RANCHI
AC,JHARKHAND,63,RANCHI,RANCHI,364,1.0,RANCHI
AC,JHARKHAND,64,HATIA,RANCHI,364,1.0,RANCHI
AC,JHARKHAND,65,KANKE (SC),RANCHI,364,1.0,RANCHI
AC,JHARKHAND,66,MANDAR (ST),LOHARDAGA (ST),364,1.0,RANCHI
AC,JHARKHAND,67,SISAI (ST),LOHARDAGA (ST),366,1.0,GUMLA
AC,JHARKHAND,68,GUMLA (ST),LOHARDAGA (ST),366,1.0,GUMLA
AC,JHARKHAND,69,BISHNUPUR (ST),LOHARDAGA (ST),366,1.0,GUMLA
AC,JHARKHAND,70,SIMDEGA (ST),KHUNTI (ST),367,0.67,SIMDEGA
AC,JHARKHAND,70,SIMDEGA (ST),KHUNTI (ST),366,0.33,SIMDEGA
AC,JHARKHAND,71,KOLEBIRA (ST),KHUNTI (ST),367,1.0,SIMDEGA
AC,JHARKHAND,72,LOHARDAGA (ST),LOHARDAGA (ST),356,1.0,LOHARDAGA
AC,JHARKHAND,73,MANIKA (ST),CHATRA,359,1.0,LATEHAR
AC,JHARKHAND,74,LATEHAR (SC),CHATRA,359,1.0,LATEHAR
AC,JHARKHAND,75,PANKI,CHATRA,358,1.0,PALAMU
AC,JHARKHAND,76,DALTONGANJ,PALAMU (SC),358,0.6842,GARHWA
AC,JHARKHAND,76,DALTONGANJ,PALAMU (SC),346,0.3158,GARHWA
AC,JHARKHAND,77,BISHRAMPUR,PALAMU (SC),346,1.0,GARHWA
AC,JHARKHAND,78,CHHATARPUR (SC),PALAMU (SC),358,1.0,PALAMU
AC,JHARKHAND,79,HUSSAINABAD,PALAMU (SC),358,1.0,PALAMU
AC,JHARKHAND,80,GARHWA,PALAMU (SC),346,1.0,GARHWA
AC,JHARKHAND,81,BHAWANATHPUR,PALAMU (SC),346,1.0,GARHWA
AC,KARNATAKA,1,Nippani,CHIKKODI,555,1.0,BELGAUM
AC,KARNATAKA,2,Chikkodi-Sadalga,CHIKKODI,555,1.0,BELGAUM
AC,KARNATAKA,3,Athani,CHIKKODI,555,1.0,BELGAUM
AC,KARNATAKA,4,Kagwad,CHIKKODI,555,1.0,BELGAUM
AC,KARNATAKA,5,Kudachi (SC),CHIKKODI,555,1.0,BELGAUM
AC,KARNATAKA,6,Raybag (SC),CHIKKODI,555,1.0,BELGAUM
AC,KARNATAKA,7,Hukkeri,CHIKKODI,555,1.0,BELGAUM
AC,KARNATAKA,8,Arabhavi,BELGAUM,555,1.0,BELGAUM
AC,KARNATAKA,9,Gokak,BELGAUM,555,1.0,BELGAUM
AC,KARNATAKA,10,Yemkanmardi (ST),CHIKKODI,555,1.0,BELGAUM
AC,KARNATAKA,11,Belgaum Uttar,BELGAUM,555,1.0,BELGAUM
AC,KARNATAKA,12,Belgaum Dakshin,BELGAUM,555,1.0,BELGAUM
AC,KARNATAKA,13,Belgaum Rural,BELGAUM,555,1.0,BELGAUM
AC,KARNATAKA,14,Khanapur,UTTARA KANNADA,555,1.0,BELGAUM
AC,KARNATAKA,15,Kittur,UTTARA KANNADA,555,1.0,BELGAUM
AC,KARNATAKA,16,Bailhongal,BELGAUM,555,1.0,BELGAUM
AC,KARNATAKA,17,Saundatti Yellamma,BELGAUM,555,1.0,BELGAUM
AC,KARNATAKA,18,Ramdurg,BELGAUM,555,1.0,BELGAUM
AC,KARNATAKA,19,Mudhol (SC),BAGALKOT,556,1.0,BAGALKOT *
AC,KARNATAKA,20,Terdal,BAGALKOT,556,1.0,BAGALKOT *
AC,KARNATAKA,21,Jamkhandi,BAGALKOT,556,1.0,BAGALKOT *
AC,KARNATAKA,22,Bilgi,BAGALKOT,556,1.0,BAGALKOT *
AC,KARNATAKA,23,Badami,BAGALKOT,556,1.0,BAGALKOT *
AC,KARNATAKA,24,Bagalkot,BAGALKOT,556,1.0,BAGALKOT *
AC,KARNATAKA,25,Hungund,BAGALKOT,556,1.0,BAGALKOT *
AC,KARNATAKA,26,Muddebihal,BIJAPUR (SC),557,1.0,BIJAPUR
AC,KARNATAKA,27,Devar Hippargi,BIJAPUR (SC),557,1.0,BIJAPUR
AC,KARNATAKA,28,Basavana Bagevadi,BIJAPUR (SC),557,1.0,BIJAPUR
AC,KARNATAKA,29,Babaleshwar,BIJAPUR (SC),557,1.0,BIJAPUR
AC,KARNATAKA,30,Bijapur City,BIJAPUR (SC),557,1.0,BIJAPUR
AC,KARNATAKA,31,Nagthan (SC),BIJAPUR (SC),557,1.0,BIJAPUR
AC,KARNATAKA,32,Indi,BIJAPUR (SC),557,1.0,BIJAPUR
AC,KARNATAKA,33,Sindgi,BIJAPUR (SC),557,1.0,BIJAPUR
AC,KARNATAKA,34,Afzalpur,GULBARGA (SC),579,1.0,GULBARGA
AC,KARNATAKA,35,Jevargi,GULBARGA (SC),579,1.0,GULBARGA
AC,KARNATAKA,36,Shorapur (ST),RAICHUR (ST),580,1.0,GULBARGA
AC,KARNATAKA,37,Shahapur,RAICHUR (ST),580,1.0,GULBARGA
AC,KARNATAKA,38,Yadgir,RAICHUR (ST),580,1.0,GULBARGA
AC,KARNATAKA,39,Gurmitkal,GULBARGA (SC),580,1.0,GULBARGA
AC,KARNATAKA,40,Chittapur (SC),GULBARGA (SC),579,1.0,GULBARGA
AC,KARNATAKA,41,Sedam,GULBARGA (SC),579,1.0,GULBARGA
AC,KARNATAKA,42,Chincholi (SC),BIDAR,579,1.0,GULBARGA
AC,KARNATAKA,43,Gulbarga Rural(SC),GULBARGA (SC),579,1.0,GULBARGA
AC,KARNATAKA,44,Gulbarga Dakshin,GULBARGA (SC),579,1.0,GULBARGA
AC,KARNATAKA,45,Gulbarga Uttar,GULBARGA (SC),579,1.0,GULBARGA
AC,KARNATAKA,46,Aland,BIDAR,579,1.0,GULBARGA
AC,KARNATAKA,47,Basavakalyan,BIDAR,558,1.0,BIDAR
AC,KARNATAKA,48,Homnabad,BIDAR,558,1.0,BIDAR
AC,KARNATAKA,49,Bidar South,BIDAR,558,1.0,BIDAR
AC,KARNATAKA,50,Bidar,BIDAR,558,1.0,BIDAR
AC,KARNATAKA,51,Bhalki,BIDAR,558,1.0,BIDAR
AC,KARNATAKA,52,Aurad (SC),BIDAR,558,1.0,BIDAR
AC,KARNATAKA,53,Raichur Rural (ST),RAICHUR (ST),559,1.0,RAICHUR
AC,KARNATAKA,54,Raichur,RAICHUR (ST),559,1.0,RAICHUR
AC,KARNATAKA,55,Manvi (ST),RAICHUR (ST),559,1.0,RAICHUR
AC,KARNATAKA,56,Devadurga (ST),RAICHUR (ST),559,1.0,RAICHUR
AC,KARNATAKA,57,Lingsugur (SC),RAICHUR (ST),559,1.0,RAICHUR
AC,KARNATAKA,58,Sindhanur,KOPPAL,559,1.0,RAICHUR
AC,KARNATAKA,59,Maski (ST),KOPPAL,559,1.0,RAICHUR
AC,KARNATAKA,60,Kushtagi,KOPPAL,560,1.0,KOPPAL *
AC,KARNATAKA,61,Kanakagiri (SC),KOPPAL,560,1.0,KOPPAL *
AC,KARNATAKA,62,Gangawati,KOPPAL,560,1.0,KOPPAL *
AC,KARNATAKA,63,Yelburga,KOPPAL,560,1.0,KOPPAL *
AC,KARNATAKA,64,Koppal,KOPPAL,560,1.0,KOPPAL *
AC,KARNATAKA,65,Shirahatti (SC),HAVERI,561,1.0,GADAG *
AC,KARNATAKA,66,Gadag,HAVERI,561,1.0,GADAG *
AC,KARNATAKA,67,Ron,HAVERI,561,1.0,GADAG *
AC,KARNATAKA,68,Nargund,BAGALKOT,561,1.0,GADAG *
AC,KARNATAKA,69,Navalgund,DHARWAD,562,1.0,DHARWAD
AC,KARNATAKA,70,Kundgol,DHARWAD,562,1.0,DHARWAD
AC,KARNATAKA,71,Dharwad,DHARWAD,562,1.0,DHARWAD
AC,KARNATAKA,72,Hubli-Dharwad-East(SC),DHARWAD,562,1.0,DHARWAD
AC,KARNATAKA,73,Hubli-Dharwad-Central,DHARWAD,562,1.0,DHARWAD
AC,KARNATAKA,74,Hubli-Dharwad- West,DHARWAD,562,1.0,DHARWAD
AC,KARNATAKA,75,Kalghatgi,DHARWAD,562,1.0,DHARWAD
AC,KARNATAKA,76,Haliyal,UTTARA KANNADA,563,1.0,UTTARA KANNADA
AC,KARNATAKA,77,Karwar,UTTARA KANNADA,563,1.0,UTTARA KANNADA
AC,KARNATAKA,78,Kumta,UTTARA KANNADA,563,1.0,UTTARA KANNADA
AC,KARNATAKA,79,Bhatkal,UTTARA KANNADA,563,1.0,UTTARA KANNADA
AC,KARNATAKA,80,Sirsi,UTTARA KANNADA,563,1.0,UTTARA KANNADA
AC,KARNATAKA,81,Yellapur,UTTARA KANNADA,563,1.0,UTTARA KANNADA
AC,KARNATAKA,82,Hangal,HAVERI,564,1.0,HAVERI *
AC,KARNATAKA,83,Shiggaon,DHARWAD,564,1.0,HAVERI *
AC,KARNATAKA,84,Haveri (SC),HAVERI,564,1.0,HAVERI *
AC,KARNATAKA,85,Byadgi,HAVERI,564,1.0,HAVERI *
AC,KARNATAKA,86,Hirekerur,HAVERI,564,1.0,HAVERI *
AC,KARNATAKA,87,Ranibennur,HAVERI,564,1.0,HAVERI *
AC,KARNATAKA,88,Hadagalli (SC),BELLARY (ST),565,1.0,BELLARY
AC,KARNATAKA,89,Hagaribommanahalli(SC),BELLARY (ST),565,1.0,BELLARY
AC,KARNATAKA,90,Vijayanagara,BELLARY (ST),565,1.0,BELLARY
AC,KARNATAKA,91,Kampli (ST),BELLARY (ST),565,1.0,BELLARY
AC,KARNATAKA,92,Siruguppa (ST),KOPPAL,565,1.0,BELLARY
AC,KARNATAKA,93,Bellary (ST),BELLARY (ST),565,1.0,BELLARY
AC,KARNATAKA,94,Bellary City,BELLARY (ST),565,1.0,BELLARY
AC,KARNATAKA,95,Sandur (ST),BELLARY (ST),565,1.0,BELLARY
AC,KARNATAKA,96,Kudligi (ST),BELLARY (ST),565,1.0,BELLARY
AC,KARNATAKA,97,Molakalmuru (ST),CHITRADURGA (SC),566,1.0,CHITRADURGA
AC,KARNATAKA,98,Challakere (ST),CHITRADURGA (SC),566,1.0,CHITRADURGA
AC,KARNATAKA,99,Chitradurga,CHITRADURGA (SC),566,1.0,CHITRADURGA
AC,KARNATAKA,100,Hiriyur,CHITRADURGA (SC),566,1.0,CHITRADURGA
AC,KARNATAKA,101,Hosadurga,CHITRADURGA (SC),566,1.0,CHITRADURGA
AC,KARNATAKA,102,Holalkere (SC),CHITRADURGA (SC),566,1.0,CHITRADURGA
AC,KARNATAKA,103,Jagalur (ST),DAVANAGERE,567,1.0,DAVANGERE*
AC,KARNATAKA,104,Harapanahalli,DAVANAGERE,567,1.0,DAVANGERE*
AC,KARNATAKA,105,Harihar,DAVANAGERE,567,1.0,DAVANGERE*
AC,KARNATAKA,106,Davanagere North,DAVANAGERE,567,1.0,DAVANGERE*
AC,KARNATAKA,107,Davanagere South,DAVANAGERE,567,1.0,DAVANGERE*
AC,KARNATAKA,108,Mayakonda (SC),DAVANAGERE,567,1.0,DAVANGERE*
AC,KARNATAKA,109,Channagiri,DAVANAGERE,567,1.0,DAVANGERE*
AC,KARNATAKA,110,Honnali,DAVANAGERE,567,1.0,DAVANGERE*
AC,KARNATAKA,111,Shimoga Rural (SC),SHIMOGA,568,1.0,SHIMOGA
AC,KARNATAKA,112,Bhadravati,SHIMOGA,568,1.0,SHIMOGA
AC,KARNATAKA,113,Shimoga,SHIMOGA,568,1.0,SHIMOGA
AC,KARNATAKA,114,Tirthahalli,SHIMOGA,568,1.0,SHIMOGA
AC,KARNATAKA,115,Shikaripura,SHIMOGA,568,1.0,SHIMOGA
AC,KARNATAKA,116,Sorab,SHIMOGA,568,1.0,SHIMOGA
AC,KARNATAKA,117,Sagar,SHIMOGA,568,1.0,SHIMOGA
AC,KARNATAKA,118,Byndoor,SHIMOGA,569,1.0,UDUPI *
AC,KARNATAKA,119,Kundapura,UDUPI CHIKMAGALUR,569,1.0,UDUPI *
AC,KARNATAKA,120,Udupi,UDUPI CHIKMAGALUR,569,1.0,UDUPI *
AC,KARNATAKA,121,Kapu,UDUPI CHIKMAGALUR,569,1.0,UDUPI *
AC,KARNATAKA,122,Karkal,UDUPI CHIKMAGALUR,569,1.0,UDUPI *
AC,KARNATAKA,123,Sringeri,UDUPI CHIKMAGALUR,570,1.0,CHIKMAGALUR
AC,KARNATAKA,124,Mudigere (SC),UDUPI CHIKMAGALUR,570,1.0,CHIKMAGALUR
AC,KARNATAKA,125,Chikmagalur,UDUPI CHIKMAGALUR,570,1.0,CHIKMAGALUR
AC,KARNATAKA,126,Tarikere,UDUPI CHIKMAGALUR,570,1.0,CHIKMAGALUR
AC,KARNATAKA,127,Kadur,HASSAN,570,1.0,CHIKMAGALUR
AC,KARNATAKA,128,Chiknayakanhalli,TUMKUR,571,1.0,TUMKUR
AC,KARNATAKA,129,Tiptur,TUMKUR,571,1.0,TUMKUR
AC,KARNATAKA,130,Turuvekere,TUMKUR,571,1.0,TUMKUR
AC,KARNATAKA,131,Kunigal,BANGALORE RURAL,571,1.0,TUMKUR
AC,KARNATAKA,132,Tumkur City,TUMKUR,571,1.0,TUMKUR
AC,KARNATAKA,133,Tumkur Rural,TUMKUR,571,1.0,TUMKUR
AC,KARNATAKA,134,Koratagere (SC),TUMKUR,571,1.0,TUMKUR
AC,KARNATAKA,135,Gubbi,TUMKUR,571,1.0,TUMKUR
AC,KARNATAKA,136,Sira,CHITRADURGA (SC),571,1.0,TUMKUR
AC,KARNATAKA,137,Pavagada (SC),CHITRADURGA (SC),571,1.0,TUMKUR
AC,KARNATAKA,138,Madhugiri,TUMKUR,571,1.0,TUMKUR
AC,KARNATAKA,139,Gauribidanur,CHIKKBALLAPUR,582,1.0,KOLAR
AC,KARNATAKA,140,Bagepalli,CHIKKBALLAPUR,582,1.0,KOLAR
AC,KARNATAKA,141,Chikkaballapur,CHIKKBALLAPUR,582,1.0,KOLAR
AC,KARNATAKA,142,Sidlaghatta,KOLAR (SC),582,1.0,KOLAR
AC,KARNATAKA,143,Chintamani,KOLAR (SC),582,1.0,KOLAR
AC,KARNATAKA,144,Srinivaspur,KOLAR (SC),581,1.0,KOLAR
AC,KARNATAKA,145,Mulbagal (SC),KOLAR (SC),581,1.0,KOLAR
AC,KARNATAKA,146,Kolar Gold Field(SC),KOLAR (SC),581,1.0,KOLAR
AC,KARNATAKA,147,Bangarapet (SC),KOLAR (SC),581,1.0,KOLAR
AC,KARNATAKA,148,Kolar,KOLAR (SC),581,1.0,KOLAR
AC,KARNATAKA,149,Malur,KOLAR (SC),581,1.0,KOLAR
AC,KARNATAKA,150,Yelahanka,CHIKKBALLAPUR,572,1.0,BANGALORE
AC,KARNATAKA,151,K.R.Pura,BANGALORE NORTH,572,1.0,BANGALORE
AC,KARNATAKA,152,Byatarayanapura,BANGALORE NORTH,572,1.0,BANGALORE
AC,KARNATAKA,153,Yeshvanthapura,BANGALORE NORTH,572,1.0,BANGALORE
AC,KARNATAKA,154,Rajarajeshwarinagar,BANGALORE RURAL,572,1.0,BANGALORE
AC,KARNATAKA,155,Dasarahalli,BANGALORE NORTH,572,1.0,BANGALORE
AC,KARNATAKA,156,Mahalakshmi Layout,BANGALORE NORTH,572,1.0,BANGALORE
AC,KARNATAKA,157,Malleshwaram,BANGALORE NORTH,572,1.0,BANGALORE
AC,KARNATAKA,158,Hebbal,BANGALORE NORTH,572,1.0,BANGALORE
AC,KARNATAKA,159,Pulakeshinagar(SC),BANGALORE NORTH,572,1.0,BANGALORE
AC,KARNATAKA,160,Sarvagnanagar,BANGALORE CENTRAL,572,1.0,BANGALORE
AC,KARNATAKA,161,C.V. Raman Nagar(SC),BANGALORE CENTRAL,572,1.0,BANGALORE
AC,KARNATAKA,162,Shivajinagar,BANGALORE CENTRAL,572,1.0,BANGALORE
AC,KARNATAKA,163,Shanti Nagar,BANGALORE CENTRAL,572,1.0,BANGALORE
AC,KARNATAKA,164,Gandhi Nagar,BANGALORE CENTRAL,572,1.0,BANGALORE
AC,KARNATAKA,165,Rajaji Nagar,BANGALORE CENTRAL,572,1.0,BANGALORE
AC,KARNATAKA,166,Govindraj Nagar,BANGALORE SOUTH,572,1.0,BANGALORE
AC,KARNATAKA,167,Vijay Nagar,BANGALORE SOUTH,572,1.0,BANGALORE
AC,KARNATAKA,168,Chamrajpet,BANGALORE CENTRAL,572,1.0,BANGALORE
AC,KARNATAKA,169,Chickpet,BANGALORE SOUTH,572,1.0,BANGALORE
AC,KARNATAKA,170,Basavanagudi,BANGALORE SOUTH,572,1.0,BANGALORE
AC,KARNATAKA,171,Padmanaba Nagar,BANGALORE SOUTH,572,1.0,BANGALORE
AC,KARNATAKA,172,B.T.M Layout,BANGALORE SOUTH,572,1.0,BANGALORE
AC,KARNATAKA,173,Jayanagar,BANGALORE SOUTH,572,1.0,BANGALORE
AC,KARNATAKA,174,Mahadevapura,BANGALORE CENTRAL,572,1.0,BANGALORE
AC,KARNATAKA,175,Bommanahalli,BANGALORE SOUTH,572,1.0,BANGALORE
AC,KARNATAKA,176,Bangalore South,BANGALORE RURAL,572,1.0,BANGALORE
AC,KARNATAKA,177,Anekal (SC),BANGALORE RURAL,572,1.0,BANGALORE
AC,KARNATAKA,178,Hosakote,CHIKKBALLAPUR,583,1.0,BANGALORE RURAL
AC,KARNATAKA,179,Devanahalli (SC),CHIKKBALLAPUR,583,1.0,BANGALORE RURAL
AC,KARNATAKA,180,Doddaballapur,CHIKKBALLAPUR,583,1.0,BANGALORE RURAL
AC,KARNATAKA,181,Nelamangala (SC),CHIKKBALLAPUR,583,0.7647,BANGALORE RURAL
AC,KARNATAKA,181,Nelamangala (SC),CHIKKBALLAPUR,584,0.2353,BANGALORE RURAL
AC,KARNATAKA,182,Magadi,BANGALORE RURAL,584,1.0,BANGALORE RURAL
AC,KARNATAKA,183,Ramanagaram,BANGALORE RURAL,584,1.0,BANGALORE RURAL
AC,KARNATAKA,184,Kanakapura,BANGALORE RURAL,584,1.0,BANGALORE RURAL
AC,KARNATAKA,185,Channapatna,BANGALORE RURAL,584,1.0,BANGALORE RURAL
AC,KARNATAKA,186,Malavalli (SC),MANDYA,573,1.0,MANDYA
AC,KARNATAKA,187,Maddur,MANDYA,573,1.0,MANDYA
AC,KARNATAKA,188,Melukote,MANDYA,573,1.0,MANDYA
AC,KARNATAKA,189,Mandya,MANDYA,573,1.0,MANDYA
AC,KARNATAKA,190,Shrirangapattana,MANDYA,573,1.0,MANDYA
AC,KARNATAKA,191,Nagamangala,MANDYA,573,1.0,MANDYA
AC,KARNATAKA,192,Krishnarajpet,MANDYA,573,1.0,MANDYA
AC,KARNATAKA,193,Shravanabelagola,HASSAN,574,1.0,HASSAN
AC,KARNATAKA,194,Arsikere,HASSAN,574,1.0,HASSAN
AC,KARNATAKA,195,Belur,HASSAN,574,1.0,HASSAN
AC,KARNATAKA,196,Hassan,HASSAN,574,1.0,HASSAN
AC,KARNATAKA,197,Holenarasipur,HASSAN,574,1.0,HASSAN
AC,KARNATAKA,198,Arkalgud,HASSAN,574,1.0,HASSAN
AC,KARNATAKA,199,Sakleshpur (SC),HASSAN,574,1.0,HASSAN
AC,KARNATAKA,200,Belthangady,DAKSHINA KANNADA,575,1.0,DAKSHINA KANNADA
AC,KARNATAKA,201,Moodabidri,DAKSHINA KANNADA,569,0.6106,DAKSHINA KANNADA
AC,KARNATAKA,201,Moodabidri,DAKSHINA KANNADA,575,0.3894,DAKSHINA KANNADA
AC,KARNATAKA,202,Mangalore City North,DAKSHINA KANNADA,575,1.0,DAKSHINA KANNADA
AC,KARNATAKA,203,Mangalore City South,DAKSHINA KANNADA,575,1.0,DAKSHINA KANNADA
AC,KARNATAKA,204,Mangalore,DAKSHINA KANNADA,575,1.0,DAKSHINA KANNADA
AC,KARNATAKA,205,Bantval,DAKSHINA KANNADA,575,1.0,DAKSHINA KANNADA
AC,KARNATAKA,206,Puttur,DAKSHINA KANNADA,575,1.0,DAKSHINA KANNADA
AC,KARNATAKA,207,Sullia (SC),DAKSHINA KANNADA,575,1.0,DAKSHINA KANNADA
AC,KARNATAKA,208,Madikeri,MYSORE,576,1.0,KODAGU
AC,KARNATAKA,209,Virajpet,MYSORE,576,1.0,KODAGU
AC,KARNATAKA,210,Piriyapatna,MYSORE,577,1.0,MYSORE
AC,KARNATAKA,211,Krishnarajanagara,MANDYA,577,1.0,MYSORE
AC,KARNATAKA,212,Hunsur,MYSORE,577,1.0,MYSORE
AC,KARNATAKA,213,Heggadadevankote(ST),CHAMARAJANAGAR(SC),577,1.0,MYSORE
AC,KARNATAKA,214,Nanjangud (SC),CHAMARAJANAGAR(SC),577,1.0,MYSORE
AC,KARNATAKA,215,Chamundeshwari,MYSORE,577,1.0,MYSORE
AC,KARNATAKA,216,Krishnaraja,MYSORE,577,1.0,MYSORE
AC,KARNATAKA,217,Chamaraja,MYSORE,577,1.0,MYSORE
AC,KARNATAKA,218,Narasimharaja,MYSORE,577,1.0,MYSORE
AC,KARNATAKA,219,Varuna,CHAMARAJANAGAR(SC),577,1.0,MYSORE
AC,KARNATAKA,220,T.Narasipur (SC),CHAMARAJANAGAR(SC),577,1.0,MYSORE
AC,KARNATAKA,221,Hanur,CHAMARAJANAGAR(SC),578,1.0,CHAMRAJNAGAR*
AC,KARNATAKA,222,Kollegal (SC),CHAMARAJANAGAR(SC),578,1.0,CHAMRAJNAGAR*
AC,KARNATAKA,223,Chamarajanagar,CHAMARAJANAGAR(SC),578,1.0,CHAMRAJNAGAR*
AC,KARNATAKA,224,Gundlupet,CHAMARAJANAGAR(SC),578,1.0,CHAMRAJNAGAR*
AC,KERALA,1,Ma njeshwar,KASARAGOD,588,1.0,KASARAGOD
AC,KERALA,2,Kasaragod,KASARAGOD,588,1.0,KASARAGOD
AC,KERALA,3,Udma,KASARAGOD,588,1.0,KASARAGOD
AC,KERALA,4,Kanhangad,KASARAGOD,588,1.0,KASARAGOD
AC,KERALA,5,Trikaripur,KASARAGOD,588,1.0,KASARAGOD
AC,KERALA,6,Payyannur,KASARAGOD,589,1.0,KANNUR
AC,KERALA,7,Kalliasseri,KASARAGOD,589,1.0,KANNUR
AC,KERALA,8,Taliparamba,KANNUR,589,1.0,KANNUR
AC,KERALA,9,Irikkur,KANNUR,589,1.0,KANNUR
AC,KERALA,10,Azhikode,KANNUR,589,1.0,KANNUR
AC,KERALA,11,Kannur,KANNUR,589,1.0,KANNUR
AC,KERALA,12,Dharmadam,KANNUR,589,1.0,KANNUR
AC,KERALA,13,Thalassery,VADAKARA,589,1.0,KANNUR
AC,KERALA,14,Kuthuparamba,VADAKARA,589,1.0,KANNUR
AC,KERALA,15,Mattannur,KANNUR,589,1.0,KANNUR
AC,KERALA,16,Peravoor,KANNUR,589,1.0,KANNUR
AC,KERALA,17,Mananthavady (ST),WAYANAD,590,1.0,WAYANAD
AC,KERALA,18,Sulthanbathery (S,WAYANAD,590,1.0,WAYANAD
AC,KERALA,19,Kalpetta,WAYANAD,590,1.0,WAYANAD
AC,KERALA,20,Vadakara,VADAKARA,591,1.0,KOZHIKODE
AC,KERALA,21,Kuttiadi,VADAKARA,591,1.0,KOZHIKODE
AC,KERALA,22,Nadapuram,VADAKARA,591,1.0,KOZHIKODE
AC,KERALA,23,Quilandy,VADAKARA,591,1.0,KOZHIKODE
AC,KERALA,24,Perambra,VADAKARA,591,1.0,KOZHIKODE
AC,KERALA,25,Balusseri (SC),KOZHIKODE,591,1.0,KOZHIKODE
AC,KERALA,26,Elathur,KOZHIKODE,591,1.0,KOZHIKODE
AC,KERALA,27,Kozhikode North,KOZHIKODE,591,1.0,KOZHIKODE
AC,KERALA,28,Kozhikode South,KOZHIKODE,591,1.0,KOZHIKODE
AC,KERALA,29,Beypore,KOZHIKODE,591,1.0,KOZHIKODE
AC,KERALA,30,Kunnamangalam,KOZHIKODE,591,1.0,KOZHIKODE
AC,KERALA,31,Koduvally,KOZHIKODE,591,1.0,KOZHIKODE
AC,KERALA,32,Thiruvambadi,WAYANAD,591,1.0,KOZHIKODE
AC,KERALA,33,Kondotty,MALAPPURAM,592,1.0,MALAPPURAM
AC,KERALA,34,Ernad,WAYANAD,592,1.0,MALAPPURAM
AC,KERALA,35,Nilambur,WAYANAD,592,1.0,MALAPPURAM
AC,KERALA,36,Wandoor (SC),WAYANAD,592,1.0,MALAPPURAM
AC,KERALA,37,Manjeri,MALAPPURAM,592,1.0,MALAPPURAM
AC,KERALA,38,Perinthalmanna,MALAPPURAM,592,1.0,MALAPPURAM
AC,KERALA,39,Mankada,MALAPPURAM,592,1.0,MALAPPURAM
AC,KERALA,40,Malappuram,MALAPPURAM,592,1.0,MALAPPURAM
AC,KERALA,41,Vengara,MALAPPURAM,592,1.0,MALAPPURAM
AC,KERALA,42,Vallikunnu,MALAPPURAM,592,1.0,MALAPPURAM
AC,KERALA,43,Tirurangadi,PONNANI,592,1.0,MALAPPURAM
AC,KERALA,44,Tanur,PONNANI,592,1.0,MALAPPURAM
AC,KERALA,45,Tirur,PONNANI,592,1.0,MALAPPURAM
AC,KERALA,46,Kottakkal,PONNANI,592,1.0,MALAPPURAM
AC,KERALA,47,Thavanur,PONNANI,592,1.0,MALAPPURAM
AC,KERALA,48,Ponnani,PONNANI,592,1.0,MALAPPURAM
AC,KERALA,49,Thrithala,PONNANI,593,1.0,PALAKKAD
AC,KERALA,50,Pattambi,PALAKKAD,593,1.0,PALAKKAD
AC,KERALA,51,Shornur,PALAKKAD,593,1.0,PALAKKAD
AC,KERALA,52,Ottappalam,PALAKKAD,593,1.0,PALAKKAD
AC,KERALA,53,Kongad(SC),PALAKKAD,593,1.0,PALAKKAD
AC,KERALA,54,Mannarkkad,PALAKKAD,593,1.0,PALAKKAD
AC,KERALA,55,Malampuzha,PALAKKAD,593,1.0,PALAKKAD
AC,KERALA,56,Palakkad,PALAKKAD,593,1.0,PALAKKAD
AC,KERALA,57,Tarur (SC),ALATHUR (SC),593,1.0,PALAKKAD
AC,KERALA,58,Chittur,ALATHUR (SC),593,1.0,PALAKKAD
AC,KERALA,59,Nemmara,ALATHUR (SC),593,1.0,PALAKKAD
AC,KERALA,60,Alathur,ALATHUR (SC),593,1.0,PALAKKAD
AC,KERALA,61,Chelakkara (SC),ALATHUR (SC),594,1.0,THRISSUR
AC,KERALA,62,Kunnamkulam,ALATHUR (SC),594,1.0,THRISSUR
AC,KERALA,63,Guruvayoor,THRISSUR,594,1.0,THRISSUR
AC,KERALA,64,Manalur,THRISSUR,594,1.0,THRISSUR
AC,KERALA,65,Wadakkanchery,ALATHUR (SC),594,1.0,THRISSUR
AC,KERALA,66,Ollur,THRISSUR,594,1.0,THRISSUR
AC,KERALA,67,Thrissur,THRISSUR,594,1.0,THRISSUR
AC,KERALA,68,Nattika(SC),THRISSUR,594,1.0,THRISSUR
AC,KERALA,69,Kaipamangalam,CHALAKUDY,594,1.0,THRISSUR
AC,KERALA,70,Irinjalakuda,THRISSUR,594,1.0,THRISSUR
AC,KERALA,71,Puthukkad,THRISSUR,594,1.0,THRISSUR
AC,KERALA,72,Chalakudy,CHALAKUDY,594,1.0,THRISSUR
AC,KERALA,73,Kodungallur,CHALAKUDY,594,1.0,THRISSUR
AC,KERALA,74,Perumbavoor,CHALAKUDY,595,1.0,ERNAKULAM
AC,KERALA,75,Angamaly,CHALAKUDY,595,1.0,ERNAKULAM
AC,KERALA,76,Aluva,CHALAKUDY,595,1.0,ERNAKULAM
AC,KERALA,77,Kalamassery,ERNAKULAM,595,1.0,ERNAKULAM
AC,KERALA,78,Paravur,ERNAKULAM,595,1.0,ERNAKULAM
AC,KERALA,79,Vypeen,ERNAKULAM,595,1.0,ERNAKULAM
AC,KERALA,80,Kochi,ERNAKULAM,595,1.0,ERNAKULAM
AC,KERALA,81,Thripunithura,ERNAKULAM,595,1.0,ERNAKULAM
AC,KERALA,82,Ernakulam,ERNAKULAM,595,1.0,ERNAKULAM
AC,KERALA,83,Thrikkakara,ERNAKULAM,595,1.0,ERNAKULAM
AC,KERALA,84,Kunnathunad (SC),CHALAKUDY,595,1.0,ERNAKULAM
AC,KERALA,85,Piravom,KOTTAYAM,595,1.0,ERNAKULAM
AC,KERALA,86,Muvattupuzha,IDUKKI,595,1.0,ERNAKULAM
AC,KERALA,87,Kothamangalam,IDUKKI,596,0.7037,ERNAKULAM
AC,KERALA,87,Kothamangalam,IDUKKI,595,0.2963,ERNAKULAM
AC,KERALA,88,Devikulam (SC),IDUKKI,596,1.0,IDUKKI
AC,KERALA,89,Udumbanchola,IDUKKI,596,1.0,IDUKKI
AC,KERALA,90,Thodupuzha,IDUKKI,596,1.0,IDUKKI
AC,KERALA,91,Idukki,IDUKKI,596,1.0,IDUKKI
AC,KERALA,92,Peerumade,IDUKKI,596,1.0,IDUKKI
AC,KERALA,93,Pala,KOTTAYAM,597,1.0,KOTTAYAM
AC,KERALA,94,Kaduthuruthy,KOTTAYAM,597,1.0,KOTTAYAM
AC,KERALA,95,Vaikom (SC),KOTTAYAM,597,1.0,KOTTAYAM
AC,KERALA,96,Ettumanoor,KOTTAYAM,597,1.0,KOTTAYAM
AC,KERALA,97,Kottayam,KOTTAYAM,597,1.0,KOTTAYAM
AC,KERALA,98,Puthuppally,KOTTAYAM,597,1.0,KOTTAYAM
AC,KERALA,99,Changanassery,MAVELIKKARA (SC),597,1.0,KOTTAYAM
AC,KERALA,100,Kanjirappally,PATHANAMTHITTA,597,1.0,KOTTAYAM
AC,KERALA,101,Poonjar,PATHANAMTHITTA,597,1.0,KOTTAYAM
AC,KERALA,102,Aroor,ALAPPUZHA,598,1.0,ALAPPUZHA
AC,KERALA,103,Cherthala,ALAPPUZHA,598,1.0,ALAPPUZHA
AC,KERALA,104,Alappuzha,ALAPPUZHA,598,1.0,ALAPPUZHA
AC,KERALA,105,Ambalappuzha,ALAPPUZHA,598,1.0,ALAPPUZHA
AC,KERALA,106,Kuttanad,MAVELIKKARA (SC),598,1.0,ALAPPUZHA
AC,KERALA,107,Haripad,ALAPPUZHA,598,1.0,ALAPPUZHA
AC,KERALA,108,Kayamkulam,ALAPPUZHA,598,1.0,ALAPPUZHA
AC,KERALA,109,Mavelikkara (SC),MAVELIKKARA (SC),598,1.0,ALAPPUZHA
AC,KERALA,110,Chengannur,MAVELIKKARA (SC),598,1.0,ALAPPUZHA
AC,KERALA,111,Thiruvalla,PATHANAMTHITTA,599,1.0,PATHANAMTHITTA
AC,KERALA,112,Ranni,PATHANAMTHITTA,599,1.0,PATHANAMTHITTA
AC,KERALA,113,Aranmula,PATHANAMTHITTA,599,1.0,PATHANAMTHITTA
AC,KERALA,114,Konni,PATHANAMTHITTA,599,1.0,PATHANAMTHITTA
AC,KERALA,115,Adoor (SC),PATHANAMTHITTA,599,1.0,PATHANAMTHITTA
AC,KERALA,116,Karunagappally,ALAPPUZHA,600,1.0,KOLLAM
AC,KERALA,117,Chavara,KOLLAM,600,1.0,KOLLAM
AC,KERALA,118,Kunnathur (SC),MAVELIKKARA (SC),600,1.0,KOLLAM
AC,KERALA,119,Kottarakkara,MAVELIKKARA (SC),600,1.0,KOLLAM
AC,KERALA,120,Pathanapuram,MAVELIKKARA (SC),600,1.0,KOLLAM
AC,KERALA,121,Punalur,KOLLAM,600,1.0,KOLLAM
AC,KERALA,122,Chadayamangalam,KOLLAM,600,1.0,KOLLAM
AC,KERALA,123,Kundara,KOLLAM,600,1.0,KOLLAM
AC,KERALA,124,Kollam,KOLLAM,600,1.0,KOLLAM
AC,KERALA,125,Eravipuram,KOLLAM,600,1.0,KOLLAM
AC,KERALA,126,Chathannoor,KOLLAM,600,1.0,KOLLAM
AC,KERALA,127,Varkala,ATTINGAL,601,1.0,THIRUVANANTHAPURAM
AC,KERALA,128,Attingal (SC),ATTINGAL,601,1.0,THIRUVANANTHAPURAM
AC,KERALA,129,Chirayinkeezhu,ATTINGAL,601,1.0,THIRUVANANTHAPURAM
AC,KERALA,130,Nedumangad,ATTINGAL,601,1.0,THIRUVANANTHAPURAM
AC,KERALA,131,Vamanapuram,ATTINGAL,601,1.0,THIRUVANANTHAPURAM
AC,KERALA,132,Kazhakoottam,THIRUVANANTHAPURA,601,1.0,THIRUVANANTHAPURAM
AC,KERALA,133,Vattiyoorkavu(SC),THIRUVANANTHAPURA,601,1.0,THIRUVANANTHAPURAM
AC,KERALA,134,Thiruvananthapura,THIRUVANANTHAPURA,601,1.0,THIRUVANANTHAPURAM
AC,KERALA,135,Nemom,THIRUVANANTHAPURA,601,1.0,THIRUVANANTHAPURAM
AC,KERALA,136,Aruvikkara,ATTINGAL,601,1.0,THIRUVANANTHAPURAM
AC,KERALA,137,Parassala,THIRUVANANTHAPURA,601,1.0,THIRUVANANTHAPURAM
AC,KERALA,138,Kattakkada,ATTINGAL,601,1.0,THIRUVANANTHAPURAM
AC,KERALA,139,Kovalam,THIRUVANANTHAPURA,601,1.0,THIRUVANANTHAPURAM
AC,KERALA,140,Neyyattinkara,THIRUVANANTHAPURA,601,1.0,THIRUVANANTHAPURAM
AC,MADHYA PRADESH,1,Sheopur,MORENA,418,1.0,SHEOPUR *
AC,MADHYA PRADESH,2,Vijaypur,MORENA,418,1.0,SHEOPUR *
AC,MADHYA PRADESH,3,Sabalgarh,MORENA,419,1.0,MORENA
AC,MADHYA PRADESH,4,Joura,MORENA,419,1.0,MORENA
AC,MADHYA PRADESH,5,Sumawali,MORENA,419,1.0,MORENA
AC,MADHYA PRADESH,6,Morena,MORENA,419,1.0,MORENA
AC,MADHYA PRADESH,7,Dimani,MORENA,419,1.0,MORENA
AC,MADHYA PRADESH,8,Ambah (SC),MORENA,419,1.0,MORENA
AC,MADHYA PRADESH,9,Ater,BHIND (SC),420,1.0,BHIND
AC,MADHYA PRADESH,10,Bhind,BHIND (SC),420,1.0,BHIND
AC,MADHYA PRADESH,11,Lahar,BHIND (SC),420,1.0,BHIND
AC,MADHYA PRADESH,12,Mehgaon,BHIND (SC),420,1.0,BHIND
AC,MADHYA PRADESH,13,Gohad (SC),BHIND (SC),420,1.0,BHIND
AC,MADHYA PRADESH,14,Gwalior Rural,GWALIOR,421,1.0,GWALIOR
AC,MADHYA PRADESH,15,Gwalior,GWALIOR,421,1.0,GWALIOR
AC,MADHYA PRADESH,16,Gwalior East,GWALIOR,421,1.0,GWALIOR
AC,MADHYA PRADESH,17,Gwalior South,GWALIOR,421,1.0,GWALIOR
AC,MADHYA PRADESH,18,Bhitarwar,GWALIOR,421,1.0,GWALIOR
AC,MADHYA PRADESH,19,Dabra (SC),GWALIOR,421,1.0,GWALIOR
AC,MADHYA PRADESH,20,Sewda,BHIND (SC),422,1.0,DATIA
AC,MADHYA PRADESH,21,Bhander (SC),BHIND (SC),421,0.5893,DATIA
AC,MADHYA PRADESH,21,Bhander (SC),BHIND (SC),422,0.4107,DATIA
AC,MADHYA PRADESH,22,Datia,BHIND (SC),422,1.0,DATIA
AC,MADHYA PRADESH,23,Karera (SC),GWALIOR,423,1.0,SHIVPURI
AC,MADHYA PRADESH,24,Pohari,GWALIOR,423,1.0,SHIVPURI
AC,MADHYA PRADESH,25,Shivpuri,GUNA,423,1.0,SHIVPURI
AC,MADHYA PRADESH,26,Pichhore,GUNA,423,1.0,SHIVPURI
AC,MADHYA PRADESH,27,Kolaras,GUNA,423,1.0,SHIVPURI
AC,MADHYA PRADESH,28,Bamori,GUNA,458,1.0,GUNA
AC,MADHYA PRADESH,29,Guna (SC),GUNA,458,1.0,GUNA
AC,MADHYA PRADESH,30,Chachoura,RAJGARH,458,1.0,GUNA
AC,MADHYA PRADESH,31,Raghogarh,RAJGARH,458,1.0,GUNA
AC,MADHYA PRADESH,32,Ashok Nagar (SC),GUNA,459,1.0,ASHOK NAGAR
AC,MADHYA PRADESH,33,Chanderi,GUNA,459,1.0,ASHOK NAGAR
AC,MADHYA PRADESH,34,Mungaoli,GUNA,459,1.0,ASHOK NAGAR
AC,MADHYA PRADESH,35,Bina (SC),SAGAR,427,1.0,SAGAR
AC,MADHYA PRADESH,36,Khurai,SAGAR,427,1.0,SAGAR
AC,MADHYA PRADESH,37,Surkhi,SAGAR,427,1.0,SAGAR
AC,MADHYA PRADESH,38,Deori,DAMOH,427,1.0,SAGAR
AC,MADHYA PRADESH,39,Rehli,DAMOH,427,1.0,SAGAR
AC,MADHYA PRADESH,40,Naryoli (SC),SAGAR,427,1.0,SAGAR
AC,MADHYA PRADESH,41,Sagar,SAGAR,427,1.0,SAGAR
AC,MADHYA PRADESH,42,Banda,DAMOH,427,1.0,SAGAR
AC,MADHYA PRADESH,43,Tikamgarh,TIKAMGARH(SC),424,1.0,TIKAMGARH
AC,MADHYA PRADESH,44,Jatara (SC),TIKAMGARH(SC),424,1.0,TIKAMGARH
AC,MADHYA PRADESH,45,Prithvipur,TIKAMGARH(SC),424,1.0,TIKAMGARH
AC,MADHYA PRADESH,46,Niwari,TIKAMGARH(SC),424,1.0,TIKAMGARH
AC,MADHYA PRADESH,47,Khargapur,TIKAMGARH(SC),424,1.0,TIKAMGARH
AC,MADHYA PRADESH,48,Maharajpur,TIKAMGARH(SC),425,1.0,CHHATARPUR
AC,MADHYA PRADESH,49,Chandla (SC),KHAJURAHO,425,1.0,CHHATARPUR
AC,MADHYA PRADESH,50,Rajnagar,KHAJURAHO,425,1.0,CHHATARPUR
AC,MADHYA PRADESH,51,Chhatarpur,TIKAMGARH(SC),425,1.0,CHHATARPUR
AC,MADHYA PRADESH,52,Bijawar,TIKAMGARH(SC),425,1.0,CHHATARPUR
AC,MADHYA PRADESH,53,Malhara,DAMOH,425,1.0,CHHATARPUR
AC,MADHYA PRADESH,54,Pathariya,DAMOH,428,1.0,DAMOH
AC,MADHYA PRADESH,55,Damoh,DAMOH,428,1.0,DAMOH
AC,MADHYA PRADESH,56,Jabera,DAMOH,428,1.0,DAMOH
AC,MADHYA PRADESH,57,Hatta (SC),DAMOH,428,1.0,DAMOH
AC,MADHYA PRADESH,58,Pawai,KHAJURAHO,426,1.0,PANNA
AC,MADHYA PRADESH,59,Gunnaor (SC),KHAJURAHO,426,1.0,PANNA
AC,MADHYA PRADESH,60,Panna,KHAJURAHO,426,1.0,PANNA
AC,MADHYA PRADESH,61,Chitrakoot,SATNA,429,1.0,SATNA
AC,MADHYA PRADESH,62,Raigaon (SC),SATNA,429,1.0,SATNA
AC,MADHYA PRADESH,63,Satna,SATNA,429,1.0,SATNA
AC,MADHYA PRADESH,64,Nagod,SATNA,429,1.0,SATNA
AC,MADHYA PRADESH,65,Maihar,SATNA,429,1.0,SATNA
AC,MADHYA PRADESH,66,Amarpatan,SATNA,429,1.0,SATNA
AC,MADHYA PRADESH,67,Rampur-Baghelan,SATNA,429,1.0,SATNA
AC,MADHYA PRADESH,68,Sirmour,REWA,430,1.0,REWA
AC,MADHYA PRADESH,69,Semariya,REWA,430,1.0,REWA
AC,MADHYA PRADESH,70,Teonthar,REWA,430,1.0,REWA
AC,MADHYA PRADESH,71,Mauganj,REWA,430,1.0,REWA
AC,MADHYA PRADESH,72,Deotalab,REWA,430,1.0,REWA
AC,MADHYA PRADESH,73,Mangawan (SC),REWA,430,1.0,REWA
AC,MADHYA PRADESH,74,Rewa,REWA,430,1.0,REWA
AC,MADHYA PRADESH,75,Gurh,REWA,430,1.0,REWA
AC,MADHYA PRADESH,76,Churhat,SIDHI,462,1.0,SIDHI
AC,MADHYA PRADESH,77,Sidhi,SIDHI,462,1.0,SIDHI
AC,MADHYA PRADESH,78,Sihawal,SIDHI,462,0.544,SIDHI
AC,MADHYA PRADESH,78,Sihawal,SIDHI,463,0.456,SIDHI
AC,MADHYA PRADESH,79,Chitrangi (ST),SIDHI,463,1.0,SIDHI
AC,MADHYA PRADESH,80,Singrauli,SIDHI,463,1.0,SIDHI
AC,MADHYA PRADESH,81,Devsar (SC),SIDHI,463,1.0,SIDHI
AC,MADHYA PRADESH,82,Dhauhani (ST),SIDHI,462,0.7506,SIDHI
AC,MADHYA PRADESH,82,Dhauhani (ST),SIDHI,463,0.2494,SIDHI
AC,MADHYA PRADESH,83,Beohari (ST),SIDHI,460,1.0,SHAHDOL
AC,MADHYA PRADESH,84,Jaisinghnagar (ST),SHAHDOL (ST),460,1.0,SHAHDOL
AC,MADHYA PRADESH,85,Jaitpur (ST),SHAHDOL (ST),460,1.0,SHAHDOL
AC,MADHYA PRADESH,86,Kotma,SHAHDOL (ST),461,1.0,ANUPPUR
AC,MADHYA PRADESH,87,Anuppur (ST),SHAHDOL (ST),461,1.0,ANUPPUR
AC,MADHYA PRADESH,88,Pushprajgarh (ST),SHAHDOL (ST),461,1.0,ANUPPUR
AC,MADHYA PRADESH,89,Bandhavgarh (ST),SHAHDOL (ST),431,1.0,UMARIA *
AC,MADHYA PRADESH,90,Manpur (ST),SHAHDOL (ST),431,1.0,UMARIA *
AC,MADHYA PRADESH,91,Barwara (ST),SHAHDOL (ST),450,1.0,KATNI *
AC,MADHYA PRADESH,92,Vijayraghavgarh,KHAJURAHO,450,1.0,KATNI *
AC,MADHYA PRADESH,93,Murwara,KHAJURAHO,450,1.0,KATNI *
AC,MADHYA PRADESH,94,Bahoriband,KHAJURAHO,450,0.6028,KATNI *
AC,MADHYA PRADESH,94,Bahoriband,KHAJURAHO,451,0.3972,KATNI *
AC,MADHYA PRADESH,95,Patan,JABALPUR,451,1.0,JABALPUR
AC,MADHYA PRADESH,96,Bargi,JABALPUR,451,1.0,JABALPUR
AC,MADHYA PRADESH,97,Jabalpur Purba(SC),JABALPUR,451,1.0,JABALPUR
AC,MADHYA PRADESH,98,Jabalpur Uttar,JABALPUR,451,1.0,JABALPUR
AC,MADHYA PRADESH,99,Jabalpur Cantt.,JABALPUR,451,1.0,JABALPUR
AC,MADHYA PRADESH,100,Jabalpur Paschim,JABALPUR,451,1.0,JABALPUR
AC,MADHYA PRADESH,101,Panagar,JABALPUR,451,1.0,JABALPUR
AC,MADHYA PRADESH,102,Sihora (ST),JABALPUR,451,1.0,JABALPUR
AC,MADHYA PRADESH,103,Shahpura (ST),MANDLA (ST),453,1.0,DINDORI *
AC,MADHYA PRADESH,104,Dindori (ST),MANDLA (ST),453,1.0,DINDORI *
AC,MADHYA PRADESH,105,Bichhiya (ST),MANDLA (ST),454,1.0,MANDLA
AC,MADHYA PRADESH,106,Niwas (ST),MANDLA (ST),454,1.0,MANDLA
AC,MADHYA PRADESH,107,Mandla (ST),MANDLA (ST),454,1.0,MANDLA
AC,MADHYA PRADESH,108,Baihar (ST),BALAGHAT,457,1.0,BALAGHAT
AC,MADHYA PRADESH,109,Lanji,BALAGHAT,457,1.0,BALAGHAT
AC,MADHYA PRADESH,110,Paraswada,BALAGHAT,457,1.0,BALAGHAT
AC,MADHYA PRADESH,111,Balaghat,BALAGHAT,457,1.0,BALAGHAT
AC,MADHYA PRADESH,112,Waraseoni,BALAGHAT,457,1.0,BALAGHAT
AC,MADHYA PRADESH,113,Katangi,BALAGHAT,457,1.0,BALAGHAT
AC,MADHYA PRADESH,114,Barghat (ST),BALAGHAT,456,1.0,SEONI
AC,MADHYA PRADESH,115,Seoni,BALAGHAT,456,1.0,SEONI
AC,MADHYA PRADESH,116,Keolari,MANDLA (ST),456,1.0,SEONI
AC,MADHYA PRADESH,117,Lakhnadon(ST),MANDLA (ST),456,1.0,SEONI
AC,MADHYA PRADESH,118,Gotegaon (SC),MANDLA (ST),452,1.0,NARSIMHAPUR
AC,MADHYA PRADESH,119,Narsingpur,HOSHANGABAD,452,1.0,NARSIMHAPUR
AC,MADHYA PRADESH,120,Tendukheda,HOSHANGABAD,452,1.0,NARSIMHAPUR
AC,MADHYA PRADESH,121,Gadarwara,HOSHANGABAD,452,1.0,NARSIMHAPUR
AC,MADHYA PRADESH,122,Junnardeo (ST),CHHINDWARA,455,1.0,CHHINDWARA
AC,MADHYA PRADESH,123,Amarwara (ST),CHHINDWARA,455,1.0,CHHINDWARA
AC,MADHYA PRADESH,124,Churai,CHHINDWARA,455,1.0,CHHINDWARA
AC,MADHYA PRADESH,125,Saunsar,CHHINDWARA,455,1.0,CHHINDWARA
AC,MADHYA PRADESH,126,Chhindwara,CHHINDWARA,455,1.0,CHHINDWARA
AC,MADHYA PRADESH,127,Parasia (SC),CHHINDWARA,455,1.0,CHHINDWARA
AC,MADHYA PRADESH,128,Pandhurna (ST),CHHINDWARA,455,1.0,CHHINDWARA
AC,MADHYA PRADESH,129,Multai,BETUL (ST),447,1.0,BETUL
AC,MADHYA PRADESH,130,Amla (SC),BETUL (ST),447,1.0,BETUL
AC,MADHYA PRADESH,131,Betul,BETUL (ST),447,1.0,BETUL
AC,MADHYA PRADESH,132,Ghoradongri (ST),BETUL (ST),447,1.0,BETUL
AC,MADHYA PRADESH,133,Bhainsdehi (ST),BETUL (ST),447,1.0,BETUL
AC,MADHYA PRADESH,134,Timarni (ST),BETUL (ST),448,1.0,HARDA *
AC,MADHYA PRADESH,135,Harda,BETUL (ST),448,1.0,HARDA *
AC,MADHYA PRADESH,136,Seoni-Malwa,HOSHANGABAD,449,1.0,HOSHANGABAD
AC,MADHYA PRADESH,137,Hoshangabad,HOSHANGABAD,449,1.0,HOSHANGABAD
AC,MADHYA PRADESH,138,Sohagpur,HOSHANGABAD,449,1.0,HOSHANGABAD
AC,MADHYA PRADESH,139,Pipariya (SC),HOSHANGABAD,449,1.0,HOSHANGABAD
AC,MADHYA PRADESH,140,Udaipura,HOSHANGABAD,446,1.0,RAISEN
AC,MADHYA PRADESH,141,Bhojpur,VIDISHA,446,1.0,RAISEN
AC,MADHYA PRADESH,142,Sanchi (SC),VIDISHA,446,1.0,RAISEN
AC,MADHYA PRADESH,143,Silwani,VIDISHA,446,1.0,RAISEN
AC,MADHYA PRADESH,144,Vidisha,VIDISHA,443,1.0,VIDISHA
AC,MADHYA PRADESH,145,Basoda,VIDISHA,443,1.0,VIDISHA
AC,MADHYA PRADESH,146,Kurwai (SC),SAGAR,443,1.0,VIDISHA
AC,MADHYA PRADESH,147,Sironj,SAGAR,443,1.0,VIDISHA
AC,MADHYA PRADESH,148,Shamshabad,SAGAR,443,1.0,VIDISHA
AC,MADHYA PRADESH,149,Berasia (SC),BHOPAL,444,1.0,BHOPAL
AC,MADHYA PRADESH,150,Bhopal Uttar,BHOPAL,444,1.0,BHOPAL
AC,MADHYA PRADESH,151,Narela,BHOPAL,444,1.0,BHOPAL
AC,MADHYA PRADESH,152,Bhopal Dakshin-Paschim,BHOPAL,444,1.0,BHOPAL
AC,MADHYA PRADESH,153,Bhopal Madhya,BHOPAL,444,1.0,BHOPAL
AC,MADHYA PRADESH,154,Govindpura,BHOPAL,444,1.0,BHOPAL
AC,MADHYA PRADESH,155,Huzur,BHOPAL,444,1.0,BHOPAL
AC,MADHYA PRADESH,156,Budhni,VIDISHA,445,1.0,SEHORE
AC,MADHYA PRADESH,157,Ashta (SC),DEWAS (SC),445,1.0,SEHORE
AC,MADHYA PRADESH,158,Ichhawar,VIDISHA,445,1.0,SEHORE
AC,MADHYA PRADESH,159,Sehore,BHOPAL,445,1.0,SEHORE
AC,MADHYA PRADESH,160,Narsinghgarh,RAJGARH,442,1.0,RAJGARH
AC,MADHYA PRADESH,161,Biaora,RAJGARH,442,1.0,RAJGARH
AC,MADHYA PRADESH,162,Rajgarh,RAJGARH,442,1.0,RAJGARH
AC,MADHYA PRADESH,163,Khilchipur,RAJGARH,442,1.0,RAJGARH
AC,MADHYA PRADESH,164,Sarangpur (SC),RAJGARH,442,1.0,RAJGARH
AC,MADHYA PRADESH,165,Susner,RAJGARH,436,1.0,SHAJAPUR
AC,MADHYA PRADESH,166,Agar (SC),DEWAS (SC),436,1.0,SHAJAPUR
AC,MADHYA PRADESH,167,Shajapur,DEWAS (SC),436,1.0,SHAJAPUR
AC,MADHYA PRADESH,168,Shujalpur,DEWAS (SC),436,1.0,SHAJAPUR
AC,MADHYA PRADESH,169,Kalapipal,DEWAS (SC),436,1.0,SHAJAPUR
AC,MADHYA PRADESH,170,Sonkatch (SC),DEWAS (SC),437,1.0,DEWAS
AC,MADHYA PRADESH,171,Dewas,DEWAS (SC),437,1.0,DEWAS
AC,MADHYA PRADESH,172,Hatpipliya,DEWAS (SC),437,1.0,DEWAS
AC,MADHYA PRADESH,173,Khategaon,VIDISHA,437,1.0,DEWAS
AC,MADHYA PRADESH,174,Bagali (ST),KHANDWA,437,1.0,DEWAS
AC,MADHYA PRADESH,175,Mandhata,KHANDWA,466,1.0,EAST NIMAR
AC,MADHYA PRADESH,176,Harsud (ST),BETUL (ST),466,1.0,EAST NIMAR
AC,MADHYA PRADESH,177,Khandwa (SC),KHANDWA,466,1.0,EAST NIMAR
AC,MADHYA PRADESH,178,Pandhana (ST),KHANDWA,466,1.0,EAST NIMAR
AC,MADHYA PRADESH,179,Nepanagar (ST),KHANDWA,467,1.0,BURHANPUR
AC,MADHYA PRADESH,180,Burhanpur,KHANDWA,467,1.0,BURHANPUR
AC,MADHYA PRADESH,181,Bhikangaon (ST),KHANDWA,440,1.0,WEST NIMAR
AC,MADHYA PRADESH,182,Badwah,KHANDWA,440,1.0,WEST NIMAR
AC,MADHYA PRADESH,183,Maheshwar (SC),KHARGONE(ST),440,1.0,WEST NIMAR
AC,MADHYA PRADESH,184,Kasrawad,KHARGONE(ST),440,1.0,WEST NIMAR
AC,MADHYA PRADESH,185,Khargone,KHARGONE(ST),440,1.0,WEST NIMAR
AC,MADHYA PRADESH,186,Bhagwanpura(ST),KHARGONE(ST),440,1.0,WEST NIMAR
AC,MADHYA PRADESH,187,Sendhawa (ST),KHARGONE(ST),441,1.0,BARWANI *
AC,MADHYA PRADESH,188,Rajpur (ST),KHARGONE(ST),441,1.0,BARWANI *
AC,MADHYA PRADESH,189,Pansemal (ST),KHARGONE(ST),441,1.0,BARWANI *
AC,MADHYA PRADESH,190,Badwani (ST),KHARGONE(ST),441,1.0,BARWANI *
AC,MADHYA PRADESH,191,Alirajpur (ST),RATLAM (ST),465,1.0,JHABUA
AC,MADHYA PRADESH,192,Jobat (ST),RATLAM (ST),465,1.0,JHABUA
AC,MADHYA PRADESH,193,Jhabua (ST),RATLAM (ST),464,0.8491,JHABUA
AC,MADHYA PRADESH,193,Jhabua (ST),RATLAM (ST),465,0.1509,JHABUA
AC,MADHYA PRADESH,194,Thandla (ST),RATLAM (ST),464,1.0,JHABUA
AC,MADHYA PRADESH,195,Petlawad (ST),RATLAM (ST),464,1.0,JHABUA
AC,MADHYA PRADESH,196,Sardarpur (ST),DHAR (ST),438,1.0,DHAR
AC,MADHYA PRADESH,197,Gandhwani (ST),DHAR (ST),438,1.0,DHAR
AC,MADHYA PRADESH,198,Kukshi (ST),DHAR (ST),438,1.0,DHAR
AC,MADHYA PRADESH,199,Manawar (ST),DHAR (ST),438,1.0,DHAR
AC,MADHYA PRADESH,200,Dharampuri (ST),DHAR (ST),438,1.0,DHAR
AC,MADHYA PRADESH,201,Dhar,DHAR (ST),438,1.0,DHAR
AC,MADHYA PRADESH,202,Badnawar,DHAR (ST),438,1.0,DHAR
AC,MADHYA PRADESH,203,Depalpur,INDORE,439,1.0,INDORE
AC,MADHYA PRADESH,204,Indore-1,INDORE,439,1.0,INDORE
AC,MADHYA PRADESH,209,Dr. Ambedkar Nagar-Mhow,DHAR (ST),439,1.0,INDORE
AC,MADHYA PRADESH,210,Rau,INDORE,439,1.0,INDORE
AC,MADHYA PRADESH,211,Sanwer (SC),INDORE,439,1.0,INDORE
AC,MADHYA PRADESH,212,Nagada-Khachrod,UJJAIN (SC),435,1.0,UJJAIN
AC,MADHYA PRADESH,213,Mahidpur,UJJAIN (SC),435,1.0,UJJAIN
AC,MADHYA PRADESH,214,Tarana (SC),UJJAIN (SC),435,1.0,UJJAIN
AC,MADHYA PRADESH,215,Ghatiya (SC),UJJAIN (SC),435,1.0,UJJAIN
AC,MADHYA PRADESH,216,Ujjain Uttar,UJJAIN (SC),435,1.0,UJJAIN
AC,MADHYA PRADESH,217,Ujjain Dakshin,UJJAIN (SC),435,1.0,UJJAIN
AC,MADHYA PRADESH,218,Badnagar,UJJAIN (SC),435,1.0,UJJAIN
AC,MADHYA PRADESH,219,Ratlam Rural (ST),RATLAM (ST),434,1.0,RATLAM
AC,MADHYA PRADESH,220,Ratlam City,RATLAM (ST),434,1.0,RATLAM
AC,MADHYA PRADESH,221,Sailana (ST),RATLAM (ST),434,1.0,RATLAM
AC,MADHYA PRADESH,222,Jaora,MANDSOUR,434,1.0,RATLAM
AC,MADHYA PRADESH,223,Alot (SC),UJJAIN (SC),434,1.0,RATLAM
AC,MADHYA PRADESH,224,Mandsour,MANDSOUR,433,1.0,MANDSAUR
AC,MADHYA PRADESH,225,Malhargarh (SC),MANDSOUR,433,1.0,MANDSAUR
AC,MADHYA PRADESH,226,Suwasra,MANDSOUR,433,1.0,MANDSAUR
AC,MADHYA PRADESH,227,Garoth,MANDSOUR,433,1.0,MANDSAUR
AC,MADHYA PRADESH,228,Manasa,MANDSOUR,432,1.0,NEEMUCH *
AC,MADHYA PRADESH,229,Neemuch,MANDSOUR,432,1.0,NEEMUCH *
AC,MADHYA PRADESH,230,Jawad,MANDSOUR,432,1.0,NEEMUCH *
AC,MAHARASHTRA,1,Akkalkuwa (ST),NANDURBAR (ST),497,1.0,NANDURBAR *
AC,MAHARASHTRA,2,Shahada (ST),NANDURBAR (ST),497,1.0,NANDURBAR *
AC,MAHARASHTRA,3,Nandurbar (ST),NANDURBAR (ST),497,1.0,NANDURBAR *
AC,MAHARASHTRA,4,Nawapur (ST),NANDURBAR (ST),497,1.0,NANDURBAR *
AC,MAHARASHTRA,5,Sakri (ST),NANDURBAR (ST),498,1.0,DHULE
AC,MAHARASHTRA,6,Dhule Rural,DHULE,498,1.0,DHULE
AC,MAHARASHTRA,7,Dhule City,DHULE,498,1.0,DHULE
AC,MAHARASHTRA,8,Sindkheda,DHULE,498,1.0,DHULE
AC,MAHARASHTRA,9,Shirpur (ST),NANDURBAR (ST),498,1.0,DHULE
AC,MAHARASHTRA,10,Chopda (ST),RAVER,499,1.0,JALGAON
AC,MAHARASHTRA,11,Raver,RAVER,499,1.0,JALGAON
AC,MAHARASHTRA,12,Bhusawal (SC),RAVER,499,1.0,JALGAON
AC,MAHARASHTRA,13,Jalgaon City,JALGAON,499,1.0,JALGAON
AC,MAHARASHTRA,14,Jalgaon Rural,JALGAON,499,1.0,JALGAON
AC,MAHARASHTRA,15,Amalner,JALGAON,499,1.0,JALGAON
AC,MAHARASHTRA,16,Erandol,JALGAON,499,1.0,JALGAON
AC,MAHARASHTRA,17,Chalisgaon,JALGAON,499,1.0,JALGAON
AC,MAHARASHTRA,18,Pachora,JALGAON,499,1.0,JALGAON
AC,MAHARASHTRA,19,Jamner,RAVER,499,1.0,JALGAON
AC,MAHARASHTRA,20,Muktainagar,RAVER,499,1.0,JALGAON
AC,MAHARASHTRA,21,Malkapur,RAVER,500,1.0,BULDANA
AC,MAHARASHTRA,22,Buldhana,BULDHANA,500,1.0,BULDANA
AC,MAHARASHTRA,23,Chikhli,BULDHANA,500,1.0,BULDANA
AC,MAHARASHTRA,24,Sindkhed Raja,BULDHANA,500,1.0,BULDANA
AC,MAHARASHTRA,25,Mehkar (SC),BULDHANA,500,1.0,BULDANA
AC,MAHARASHTRA,26,Khamgaon,BULDHANA,500,1.0,BULDANA
AC,MAHARASHTRA,27,Jalgaon (Jamod),BULDHANA,500,1.0,BULDANA
AC,MAHARASHTRA,28,Akot,AKOLA,501,1.0,AKOLA
AC,MAHARASHTRA,29,Balapur,AKOLA,501,1.0,AKOLA
AC,MAHARASHTRA,30,Akola West,AKOLA,501,1.0,AKOLA
AC,MAHARASHTRA,31,Akola East,AKOLA,501,1.0,AKOLA
AC,MAHARASHTRA,32,Murtizapur (SC),AKOLA,501,1.0,AKOLA
AC,MAHARASHTRA,33,Risod,AKOLA,502,1.0,WASHIM *
AC,MAHARASHTRA,34,Washim (SC),YAVATMAL-WASHIM,502,1.0,WASHIM *
AC,MAHARASHTRA,35,Karanja,YAVATMAL-WASHIM,502,1.0,WASHIM *
AC,MAHARASHTRA,36,Dhamangaon Railway,WARDHA,503,1.0,AMRAVATI
AC,MAHARASHTRA,37,Badnera,AMRAVATI (SC),503,1.0,AMRAVATI
AC,MAHARASHTRA,38,Amravati,AMRAVATI (SC),503,1.0,AMRAVATI
AC,MAHARASHTRA,39,Teosa,AMRAVATI (SC),503,1.0,AMRAVATI
AC,MAHARASHTRA,40,Daryapur (SC),AMRAVATI (SC),503,1.0,AMRAVATI
AC,MAHARASHTRA,41,Melghat (ST),AMRAVATI (SC),503,1.0,AMRAVATI
AC,MAHARASHTRA,42,Achalpur,AMRAVATI (SC),503,1.0,AMRAVATI
AC,MAHARASHTRA,43,Morshi,WARDHA,503,1.0,AMRAVATI
AC,MAHARASHTRA,44,Arvi,WARDHA,504,1.0,WARDHA
AC,MAHARASHTRA,45,Deoli,WARDHA,504,1.0,WARDHA
AC,MAHARASHTRA,46,Hinganghat,WARDHA,504,1.0,WARDHA
AC,MAHARASHTRA,47,Wardha,WARDHA,504,1.0,WARDHA
AC,MAHARASHTRA,48,Katol,RAMTEK (SC),505,1.0,NAGPUR
AC,MAHARASHTRA,49,Savner,RAMTEK (SC),505,1.0,NAGPUR
AC,MAHARASHTRA,50,Hingna,RAMTEK (SC),505,1.0,NAGPUR
AC,MAHARASHTRA,51,Umred (SC),RAMTEK (SC),505,1.0,NAGPUR
AC,MAHARASHTRA,52,Nagpur South West,NAGPUR,505,1.0,NAGPUR
AC,MAHARASHTRA,53,Nagpur South,NAGPUR,505,1.0,NAGPUR
AC,MAHARASHTRA,54,Nagpur East,NAGPUR,505,1.0,NAGPUR
AC,MAHARASHTRA,55,Nagpur Central,NAGPUR,505,1.0,NAGPUR
AC,MAHARASHTRA,56,Nagpur West,NAGPUR,505,1.0,NAGPUR
AC,MAHARASHTRA,57,Nagpur North,NAGPUR,505,1.0,NAGPUR
AC,MAHARASHTRA,58,Kamthi,RAMTEK (SC),505,1.0,NAGPUR
AC,MAHARASHTRA,59,Ramtek,RAMTEK (SC),505,1.0,NAGPUR
AC,MAHARASHTRA,60,Tumsar,BHANDARA-GONDIYA,506,1.0,BHANDARA
AC,MAHARASHTRA,61,Bhandara (SC),BHANDARA-GONDIYA,506,1.0,BHANDARA
AC,MAHARASHTRA,62,Sakoli,BHANDARA-GONDIYA,506,0.8516,BHANDARA
AC,MAHARASHTRA,62,Sakoli,BHANDARA-GONDIYA,507,0.1484,BHANDARA
AC,MAHARASHTRA,63,Arjuni Morgaon(SC),BHANDARA-GONDIYA,507,1.0,GONDIYA *
AC,MAHARASHTRA,64,Tirora,BHANDARA-GONDIYA,507,1.0,GONDIYA *
AC,MAHARASHTRA,65,Gondiya,BHANDARA-GONDIYA,507,1.0,GONDIYA *
AC,MAHARASHTRA,66,Amgaon (ST),GADCHIROLI-CHIMUR,507,1.0,GONDIYA *
AC,MAHARASHTRA,67,Armori (ST),GADCHIROLI-CHIMUR,508,1.0,GADCHIROLI
AC,MAHARASHTRA,68,Gadchiroli (ST),GADCHIROLI-CHIMUR,508,1.0,GADCHIROLI
AC,MAHARASHTRA,69,Aheri (ST),GADCHIROLI-CHIMUR,508,1.0,GADCHIROLI
AC,MAHARASHTRA,70,Rajura,CHANDRAPUR,509,1.0,CHANDRAPUR
AC,MAHARASHTRA,71,Chandrapur (SC),CHANDRAPUR,509,1.0,CHANDRAPUR
AC,MAHARASHTRA,72,Ballarpur,CHANDRAPUR,509,1.0,CHANDRAPUR
AC,MAHARASHTRA,73,Brahmapuri,GADCHIROLI-CHIMUR,509,1.0,CHANDRAPUR
AC,MAHARASHTRA,74,Chimur,GADCHIROLI-CHIMUR,509,1.0,CHANDRAPUR
AC,MAHARASHTRA,75,Warora,CHANDRAPUR,509,1.0,YAVATMAL
AC,MAHARASHTRA,76,Wani,CHANDRAPUR,510,1.0,YAVATMAL
AC,MAHARASHTRA,77,Ralegaon (ST),YAVATMAL-WASHIM,510,1.0,YAVATMAL
AC,MAHARASHTRA,78,Yavatmal,YAVATMAL-WASHIM,510,1.0,YAVATMAL
AC,MAHARASHTRA,79,Digras,YAVATMAL-WASHIM,510,1.0,YAVATMAL
AC,MAHARASHTRA,80,Arni (ST),CHANDRAPUR,510,1.0,YAVATMAL
AC,MAHARASHTRA,81,Pusad,YAVATMAL-WASHIM,510,1.0,YAVATMAL
AC,MAHARASHTRA,82,Umarkhed (SC),HINGOLI,510,1.0,YAVATMAL
AC,MAHARASHTRA,83,Kinwat,HINGOLI,511,1.0,NANDED
AC,MAHARASHTRA,84,Hadgaon,HINGOLI,511,1.0,NANDED
AC,MAHARASHTRA,85,Bhokar,NANDED,511,1.0,NANDED
AC,MAHARASHTRA,86,Nanded North,NANDED,511,1.0,NANDED
AC,MAHARASHTRA,87,Nanded South,NANDED,511,1.0,NANDED
AC,MAHARASHTRA,88,Loha,LATUR (SC),511,1.0,NANDED
AC,MAHARASHTRA,89,Naigaon,NANDED,511,1.0,NANDED
AC,MAHARASHTRA,90,Deglur (SC),NANDED,511,1.0,NANDED
AC,MAHARASHTRA,91,Mukhed,NANDED,511,1.0,NANDED
AC,MAHARASHTRA,92,Basmath,HINGOLI,512,1.0,HINGOLI *
AC,MAHARASHTRA,93,Kalamnuri,HINGOLI,512,1.0,HINGOLI *
AC,MAHARASHTRA,94,Hingoli,HINGOLI,512,1.0,HINGOLI *
AC,MAHARASHTRA,95,Jintur,PARBHANI,513,1.0,PARBHANI
AC,MAHARASHTRA,96,Parbhani,PARBHANI,513,1.0,PARBHANI
AC,MAHARASHTRA,97,Gangakhed,PARBHANI,513,1.0,PARBHANI
AC,MAHARASHTRA,98,Pathri,PARBHANI,513,1.0,PARBHANI
AC,MAHARASHTRA,99,Partur,PARBHANI,514,1.0,JALNA
AC,MAHARASHTRA,100,Ghansawangi,PARBHANI,514,1.0,JALNA
AC,MAHARASHTRA,101,Jalna,JALNA,514,1.0,JALNA
AC,MAHARASHTRA,102,Badnapur (SC),JALNA,514,1.0,JALNA
AC,MAHARASHTRA,103,Bhokardan,JALNA,514,1.0,JALNA
AC,MAHARASHTRA,104,Sillod,JALNA,515,1.0,AURANGABAD
AC,MAHARASHTRA,105,Kannad,AURANGABAD,515,1.0,AURANGABAD
AC,MAHARASHTRA,106,Phulambri,JALNA,515,1.0,AURANGABAD
AC,MAHARASHTRA,107,Aurangabad Central,AURANGABAD,515,1.0,AURANGABAD
AC,MAHARASHTRA,108,AurangabadWest(SC),AURANGABAD,515,1.0,AURANGABAD
AC,MAHARASHTRA,109,Aurangabad East,AURANGABAD,515,1.0,AURANGABAD
AC,MAHARASHTRA,110,Paithan,JALNA,515,1.0,AURANGABAD
AC,MAHARASHTRA,111,Gangapur,AURANGABAD,515,1.0,AURANGABAD
AC,MAHARASHTRA,112,Vaijapur,AURANGABAD,515,1.0,AURANGABAD
AC,MAHARASHTRA,113,Nandgaon,DINDORI (ST),516,1.0,NASHIK
AC,MAHARASHTRA,114,Malegaon Central,DHULE,516,1.0,NASHIK
AC,MAHARASHTRA,115,Malegaon Outer,DHULE,516,1.0,NASHIK
AC,MAHARASHTRA,116,Baglan (ST),DHULE,516,1.0,NASHIK
AC,MAHARASHTRA,117,Kalwan (ST),DINDORI (ST),516,1.0,NASHIK
AC,MAHARASHTRA,118,Chandvad,DINDORI (ST),516,1.0,NASHIK
AC,MAHARASHTRA,119,Yevla,DINDORI (ST),516,1.0,NASHIK
AC,MAHARASHTRA,120,Sinnar,NASHIK,516,1.0,NASHIK
AC,MAHARASHTRA,121,Niphad,DINDORI (ST),516,1.0,NASHIK
AC,MAHARASHTRA,122,Dindori (ST),DINDORI (ST),516,1.0,NASHIK
AC,MAHARASHTRA,123,Nashik East,NASHIK,516,1.0,NASHIK
AC,MAHARASHTRA,124,Nashik Central,NASHIK,516,1.0,NASHIK
AC,MAHARASHTRA,125,Nashik West,NASHIK,516,1.0,NASHIK
AC,MAHARASHTRA,126,Deolali (SC),NASHIK,516,1.0,NASHIK
AC,MAHARASHTRA,127,Igatpuri (ST),NASHIK,516,1.0,NASHIK
AC,MAHARASHTRA,128,Dahanu (ST),PALGHAR (ST),517,1.0,THANE
AC,MAHARASHTRA,129,Vikramgad (ST),PALGHAR (ST),517,1.0,THANE
AC,MAHARASHTRA,130,Palghar (ST),PALGHAR (ST),517,1.0,THANE
AC,MAHARASHTRA,131,Boisar (ST),PALGHAR (ST),517,1.0,THANE
AC,MAHARASHTRA,132,Nalasopara,PALGHAR (ST),517,1.0,THANE
AC,MAHARASHTRA,133,Vasai,PALGHAR (ST),517,1.0,THANE
AC,MAHARASHTRA,134,Bhiwandi Rural(ST),BHIWANDI,517,1.0,THANE
AC,MAHARASHTRA,135,Shahapur (ST),BHIWANDI,517,1.0,THANE
AC,MAHARASHTRA,136,Bhiwandi West,BHIWANDI,517,1.0,THANE
AC,MAHARASHTRA,137,Bhiwandi East,BHIWANDI,517,1.0,THANE
AC,MAHARASHTRA,138,Kalyan West,BHIWANDI,517,1.0,THANE
AC,MAHARASHTRA,139,Murbad,BHIWANDI,517,1.0,THANE
AC,MAHARASHTRA,140,Ambernath (SC),KALYAN,517,1.0,THANE
AC,MAHARASHTRA,141,Ulhasnagar,KALYAN,517,1.0,THANE
AC,MAHARASHTRA,142,Kalyan East,KALYAN,517,1.0,THANE
AC,MAHARASHTRA,143,Dombivali,KALYAN,517,1.0,THANE
AC,MAHARASHTRA,144,Kalyan Rural,KALYAN,517,1.0,THANE
AC,MAHARASHTRA,145,Mira Bhayandar,THANE,517,1.0,THANE
AC,MAHARASHTRA,146,Ovala ?Majiwada,THANE,517,1.0,THANE
AC,MAHARASHTRA,147,Kopri-Pachpakhadi,THANE,517,1.0,THANE
AC,MAHARASHTRA,148,Thane,THANE,517,1.0,THANE
AC,MAHARASHTRA,149,Mumbra-Kalwa,KALYAN,517,1.0,THANE
AC,MAHARASHTRA,150,Airoli,THANE,517,1.0,THANE
AC,MAHARASHTRA,151,Belapur,THANE,517,1.0,THANE
AC,MAHARASHTRA,152,Borivali,MUMBAI NORTH,518,1.0,MUMBAI (SUBURBAN) *
AC,MAHARASHTRA,153,Dahisar,MUMBAI NORTH,518,1.0,MUMBAI (SUBURBAN) *
AC,MAHARASHTRA,154,Magathane,MUMBAI NORTH,518,1.0,MUMBAI (SUBURBAN) *
AC,MAHARASHTRA,155,Mulund,MUMBAI NORTH-EAST,518,1.0,MUMBAI (SUBURBAN) *
AC,MAHARASHTRA,156,Vikhroli,MUMBAI NORTH-EAST,518,1.0,MUMBAI (SUBURBAN) *
AC,MAHARASHTRA,157,Bhandup West,MUMBAI NORTH-EAST,518,1.0,MUMBAI (SUBURBAN) *
AC,MAHARASHTRA,158,Jogeshwari East,MUMBAI NORTH-WEST,518,1.0,MUMBAI (SUBURBAN) *
AC,MAHARASHTRA,159,Dindoshi,MUMBAI NORTH-WEST,518,1.0,MUMBAI (SUBURBAN) *
AC,MAHARASHTRA,160,Kandivali East,MUMBAI NORTH,518,1.0,MUMBAI (SUBURBAN) *
AC,MAHARASHTRA,161,Charkop,MUMBAI NORTH,518,1.0,MUMBAI (SUBURBAN) *
AC,MAHARASHTRA,162,Malad West,MUMBAI NORTH,518,1.0,MUMBAI (SUBURBAN) *
AC,MAHARASHTRA,163,Goregaon,MUMBAI NORTH-WEST,518,1.0,MUMBAI (SUBURBAN) *
AC,MAHARASHTRA,164,Versova,MUMBAI NORTH-WEST,518,1.0,MUMBAI (SUBURBAN) *
AC,MAHARASHTRA,165,Andheri West,MUMBAI NORTH-WEST,518,1.0,MUMBAI (SUBURBAN) *
AC,MAHARASHTRA,166,Andheri East,MUMBAI NORTH-WEST,518,1.0,MUMBAI (SUBURBAN) *
AC,MAHARASHTRA,167,Vile Parle,MUMBAI NORTH-CENTRAL,518,1.0,MUMBAI (SUBURBAN) *
AC,MAHARASHTRA,168,Chandivali,MUMBAI NORTH-CENTRAL,518,1.0,MUMBAI (SUBURBAN) *
AC,MAHARASHTRA,169,Ghatkopar West,MUMBAI NORTH-EAST,518,1.0,MUMBAI (SUBURBAN) *
AC,MAHARASHTRA,170,Ghatkopar East,MUMBAI NORTH-EAST,518,1.0,MUMBAI (SUBURBAN) *
AC,MAHARASHTRA,171,Mankhurd Shivaji Nagar,MUMBAI NORTH-EAST,518,1.0,MUMBAI (SUBURBAN) *
AC,MAHARASHTRA,172,Anushakti Nagar,MUMBAI SOUTH -CENTRA,518,1.0,MUMBAI (SUBURBAN) *
AC,MAHARASHTRA,173,Chembur,MUMBAI SOUTH -CENTRA,518,1.0,MUMBAI (SUBURBAN) *
AC,MAHARASHTRA,174,Kurla (SC),MUMBAI NORTH-CENTRAL,518,1.0,MUMBAI (SUBURBAN) *
AC,MAHARASHTRA,175,Kalina,MUMBAI NORTH-CENTRAL,518,1.0,MUMBAI (SUBURBAN) *
AC,MAHARASHTRA,176,Vandre East,MUMBAI NORTH-CENTRAL,518,1.0,MUMBAI (SUBURBAN) *
AC,MAHARASHTRA,177,Vandre West,MUMBAI NORTH-CENTRAL,518,1.0,MUMBAI (SUBURBAN) *
AC,MAHARASHTRA,178,Dharavi (SC),MUMBAI SOUTH -CENTRA,519,0.8589,MUMBAI
AC,MAHARASHTRA,178,Dharavi (SC),MUMBAI SOUTH -CENTRA,518,0.1411,MUMBAI
AC,MAHARASHTRA,179,Sion Koliwada,MUMBAI SOUTH -CENTRA,519,0.7895,MUMBAI
AC,MAHARASHTRA,179,Sion Koliwada,MUMBAI SOUTH -CENTRA,518,0.2105,MUMBAI
AC,MAHARASHTRA,180,Wadala,MUMBAI SOUTH -CENTRA,519,1.0,MUMBAI
AC,MAHARASHTRA,181,Mahim,MUMBAI SOUTH -CENTRA,519,1.0,MUMBAI
AC,MAHARASHTRA,182,Worli,MUMBAI SOUTH,519,1.0,MUMBAI
AC,MAHARASHTRA,183,Shivadi,MUMBAI SOUTH,519,1.0,MUMBAI
AC,MAHARASHTRA,184,Byculla,MUMBAI SOUTH,519,1.0,MUMBAI
AC,MAHARASHTRA,185,Malabar Hill,MUMBAI SOUTH,519,1.0,MUMBAI
AC,MAHARASHTRA,186,Mumbadevi,MUMBAI SOUTH,519,1.0,MUMBAI
AC,MAHARASHTRA,187,Colaba,MUMBAI SOUTH,519,1.0,MUMBAI
AC,MAHARASHTRA,188,Panvel,MAVAL,520,1.0,RAIGARH
AC,MAHARASHTRA,189,Karjat,MAVAL,520,1.0,RAIGARH
AC,MAHARASHTRA,190,Uran,MAVAL,520,1.0,RAIGARH
AC,MAHARASHTRA,191,Pen,RAIGAD,520,1.0,RAIGARH
AC,MAHARASHTRA,192,Alibag,RAIGAD,520,1.0,RAIGARH
AC,MAHARASHTRA,193,Shrivardhan,RAIGAD,520,1.0,RAIGARH
AC,MAHARASHTRA,194,Mahad,RAIGAD,520,1.0,RAIGARH
AC,MAHARASHTRA,195,Junnar,SHIRUR,521,1.0,PUNE
AC,MAHARASHTRA,196,Ambegaon,SHIRUR,521,1.0,PUNE
AC,MAHARASHTRA,197,Khed Alandi,SHIRUR,521,1.0,PUNE
AC,MAHARASHTRA,198,Shirur,SHIRUR,521,1.0,PUNE
AC,MAHARASHTRA,199,Daund,BARAMATI,521,1.0,PUNE
AC,MAHARASHTRA,200,Indapur,BARAMATI,521,1.0,PUNE
AC,MAHARASHTRA,201,Baramati,BARAMATI,521,1.0,PUNE
AC,MAHARASHTRA,202,Purandar,BARAMATI,521,1.0,PUNE
AC,MAHARASHTRA,203,Bhor,BARAMATI,521,1.0,PUNE
AC,MAHARASHTRA,204,Maval,MAVAL,521,1.0,PUNE
AC,MAHARASHTRA,205,Chinchwad,MAVAL,521,1.0,PUNE
AC,MAHARASHTRA,206,Pimpri (SC),MAVAL,521,1.0,PUNE
AC,MAHARASHTRA,207,Bhosari,SHIRUR,521,1.0,PUNE
AC,MAHARASHTRA,208,Vadgaon Sheri,PUNE,521,1.0,PUNE
AC,MAHARASHTRA,209,Shivajinagar,PUNE,521,1.0,PUNE
AC,MAHARASHTRA,210,Kothrud,PUNE,521,1.0,PUNE
AC,MAHARASHTRA,211,Khadakwasala,BARAMATI,521,1.0,PUNE
AC,MAHARASHTRA,212,Parvati,PUNE,521,1.0,PUNE
AC,MAHARASHTRA,213,Hadapsar,SHIRUR,521,1.0,PUNE
AC,MAHARASHTRA,214,Pune Cantonment (SC),PUNE,521,1.0,PUNE
AC,MAHARASHTRA,215,Kasba Peth,PUNE,521,1.0,PUNE
AC,MAHARASHTRA,216,Akole (ST),SHIRDI (SC),522,1.0,AHMADNAGAR
AC,MAHARASHTRA,217,Sangamner,SHIRDI (SC),522,1.0,AHMADNAGAR
AC,MAHARASHTRA,218,Shirdi,SHIRDI (SC),522,1.0,AHMADNAGAR
AC,MAHARASHTRA,219,Kopargaon,SHIRDI (SC),522,1.0,AHMADNAGAR
AC,MAHARASHTRA,220,Shrirampur(SC),SHIRDI (SC),522,1.0,AHMADNAGAR
AC,MAHARASHTRA,221,Nevasa,SHIRDI (SC),522,1.0,AHMADNAGAR
AC,MAHARASHTRA,222,Shevgaon,AHMEDNAGAR,522,1.0,AHMADNAGAR
AC,MAHARASHTRA,223,Rahuri,AHMEDNAGAR,522,1.0,AHMADNAGAR
AC,MAHARASHTRA,224,Parner,AHMEDNAGAR,522,1.0,AHMADNAGAR
AC,MAHARASHTRA,225,Ahmednagar,AHMEDNAGAR,522,1.0,AHMADNAGAR
AC,MAHARASHTRA,226,Shrigonda,AHMEDNAGAR,522,1.0,AHMADNAGAR
AC,MAHARASHTRA,227,Karjat Jamkhed,AHMEDNAGAR,522,1.0,AHMADNAGAR
AC,MAHARASHTRA,228,Georai,BEED,523,1.0,BID
AC,MAHARASHTRA,229,Majalgaon,BEED,523,1.0,BID
AC,MAHARASHTRA,230,Beed,BEED,523,1.0,BID
AC,MAHARASHTRA,231,Ashti,BEED,523,1.0,BID
AC,MAHARASHTRA,232,Kaij (SC),BEED,523,1.0,BID
AC,MAHARASHTRA,233,Parli,BEED,523,1.0,BID
AC,MAHARASHTRA,234,Latur Rural,LATUR (SC),524,0.7245,LATUR
AC,MAHARASHTRA,234,Latur Rural,LATUR (SC),523,0.2755,LATUR
AC,MAHARASHTRA,235,Latur City,LATUR (SC),524,1.0,LATUR
AC,MAHARASHTRA,236,Ahmadpur,LATUR (SC),524,1.0,LATUR
AC,MAHARASHTRA,237,Udgir (SC),LATUR (SC),524,1.0,LATUR
AC,MAHARASHTRA,238,Nilanga,LATUR (SC),524,1.0,LATUR
AC,MAHARASHTRA,239,Ausa,OSMANABAD,524,1.0,LATUR
AC,MAHARASHTRA,240,Umarga (SC),OSMANABAD,525,1.0,OSMANABAD
AC,MAHARASHTRA,241,Tuljapur,OSMANABAD,525,1.0,OSMANABAD
AC,MAHARASHTRA,242,Osmanabad,OSMANABAD,525,1.0,OSMANABAD
AC,MAHARASHTRA,243,Paranda,OSMANABAD,525,1.0,OSMANABAD
AC,MAHARASHTRA,244,Karmala,MADHA,526,1.0,SOLAPUR
AC,MAHARASHTRA,245,Madha,MADHA,526,1.0,SOLAPUR
AC,MAHARASHTRA,246,Barshi,OSMANABAD,526,1.0,SOLAPUR
AC,MAHARASHTRA,247,Mohol (SC),SOLAPUR (SC),526,1.0,SOLAPUR
AC,MAHARASHTRA,248,Solapur City North,SOLAPUR (SC),526,1.0,SOLAPUR
AC,MAHARASHTRA,249,Solapur City Central,SOLAPUR (SC),526,1.0,SOLAPUR
AC,MAHARASHTRA,250,Akkalkot,SOLAPUR (SC),526,1.0,SOLAPUR
AC,MAHARASHTRA,251,Solapur South,SOLAPUR (SC),526,1.0,SOLAPUR
AC,MAHARASHTRA,252,Pandharpur,SOLAPUR (SC),526,1.0,SOLAPUR
AC,MAHARASHTRA,253,Sangole,MADHA,526,1.0,SOLAPUR
AC,MAHARASHTRA,254,Malshiras (SC),MADHA,526,1.0,SOLAPUR
AC,MAHARASHTRA,255,Phaltan (SC),MADHA,527,1.0,SATARA
AC,MAHARASHTRA,256,Wai,SATARA,527,1.0,SATARA
AC,MAHARASHTRA,257,Koregaon,SATARA,527,1.0,SATARA
AC,MAHARASHTRA,258,Man,MADHA,527,1.0,SATARA
AC,MAHARASHTRA,259,Karad North,SATARA,527,1.0,SATARA
AC,MAHARASHTRA,260,Karad South,SATARA,527,1.0,SATARA
AC,MAHARASHTRA,261,Patan,SATARA,527,1.0,SATARA
AC,MAHARASHTRA,262,Satara,SATARA,527,1.0,SATARA
AC,MAHARASHTRA,263,Dapoli,RAIGAD,528,1.0,RATNAGIRI
AC,MAHARASHTRA,264,Guhagar,RAIGAD,528,1.0,RATNAGIRI
AC,MAHARASHTRA,265,Chiplun,RATNAGIRI ?SINDHUDUR,528,1.0,RATNAGIRI
AC,MAHARASHTRA,266,Ratnagiri,RATNAGIRI ?SINDHUDUR,528,1.0,RATNAGIRI
AC,MAHARASHTRA,267,Rajapur,RATNAGIRI ?SINDHUDUR,528,1.0,RATNAGIRI
AC,MAHARASHTRA,268,Kankavli,RATNAGIRI ?SINDHUDUR,529,1.0,SINDHUDURG
AC,MAHARASHTRA,269,Kudal,RATNAGIRI ?SINDHUDUR,529,1.0,SINDHUDURG
AC,MAHARASHTRA,270,Sawantwadi,RATNAGIRI ?SINDHUDUR,529,1.0,SINDHUDURG
AC,MAHARASHTRA,271,Chandgad,KOLHAPUR,530,1.0,KOLHAPUR
AC,MAHARASHTRA,272,Radhanagari,KOLHAPUR,530,1.0,KOLHAPUR
AC,MAHARASHTRA,273,Kagal,KOLHAPUR,530,1.0,KOLHAPUR
AC,MAHARASHTRA,274,Kolhapur South,KOLHAPUR,530,1.0,KOLHAPUR
AC,MAHARASHTRA,275,Karvir,KOLHAPUR,530,1.0,KOLHAPUR
AC,MAHARASHTRA,276,Kolhapur North,KOLHAPUR,530,1.0,KOLHAPUR
AC,MAHARASHTRA,277,Shahuwadi,HATKANANGLE,530,1.0,KOLHAPUR
AC,MAHARASHTRA,278,Hatkanangle(SC),HATKANANGLE,530,1.0,KOLHAPUR
AC,MAHARASHTRA,279,Ichalkaranji,HATKANANGLE,530,1.0,KOLHAPUR
AC,MAHARASHTRA,280,Shirol,HATKANANGLE,530,1.0,KOLHAPUR
AC,MAHARASHTRA,281,Miraj (SC),SANGLI,531,1.0,SANGLI
AC,MAHARASHTRA,282,Sangli,SANGLI,531,1.0,SANGLI
AC,MAHARASHTRA,283,Islampur,HATKANANGLE,531,1.0,SANGLI
AC,MAHARASHTRA,284,Shirala,HATKANANGLE,531,1.0,SANGLI
AC,MAHARASHTRA,285,Palus-Kadegaon,SANGLI,531,1.0,SANGLI
AC,MAHARASHTRA,286,Khanapur,SANGLI,531,1.0,SANGLI
AC,MAHARASHTRA,287,Tasgaon-Kavathe Mahankal,SANGLI,531,1.0,SANGLI
AC,MAHARASHTRA,288,Jat,SANGLI,531,1.0,SANGLI
AC,MANIPUR,1,Khundrakpam,INNER MANIPUR,278,0.878,IMPHAL EAST *
AC,MANIPUR,1,Khundrakpam,INNER MANIPUR,272,0.122,IMPHAL EAST *
AC,MANIPUR,2,Heingang,INNER MANIPUR,278,1.0,IMPHAL WEST
AC,MANIPUR,3,Khurai,INNER MANIPUR,278,1.0,IMPHAL EAST *
AC,MANIPUR,4,Khetrigao,INNER MANIPUR,278,1.0,IMPHAL EAST *
AC,MANIPUR,5,Thongju,INNER MANIPUR,278,1.0,IMPHAL EAST *
AC,MANIPUR,6,Keirao,INNER MANIPUR,278,0.7023,THOUBAL
AC,MANIPUR,6,Keirao,INNER MANIPUR,276,0.2977,THOUBAL
AC,MANIPUR,7,Andro,INNER MANIPUR,278,0.5895,THOUBAL
AC,MANIPUR,7,Andro,INNER MANIPUR,272,0.4105,THOUBAL
AC,MANIPUR,8,Lamlai,INNER MANIPUR,278,1.0,IMPHAL EAST *
AC,MANIPUR,9,Thangmeiband,INNER MANIPUR,278,1.0,IMPHAL EAST *
AC,MANIPUR,10,Uripok,INNER MANIPUR,278,1.0,IMPHAL EAST *
AC,MANIPUR,11,Sagolband,INNER MANIPUR,278,1.0,IMPHAL EAST *
AC,MANIPUR,12,Keisamthong,INNER MANIPUR,278,1.0,IMPHAL EAST *
AC,MANIPUR,13,Singjamei,INNER MANIPUR,278,1.0,IMPHAL EAST *
AC,MANIPUR,14,Yaiskul,INNER MANIPUR,278,1.0,IMPHAL EAST *
AC,MANIPUR,15,Wangkhei,INNER MANIPUR,278,1.0,IMPHAL EAST *
AC,MANIPUR,16,Sekmai,INNER MANIPUR,278,1.0,IMPHAL WEST
AC,MANIPUR,17,Lamsang,INNER MANIPUR,278,1.0,IMPHAL WEST
AC,MANIPUR,18,Konthoujam,INNER MANIPUR,278,1.0,IMPHAL WEST
AC,MANIPUR,19,Patsoi,INNER MANIPUR,278,1.0,IMPHAL WEST
AC,MANIPUR,20,langthabal,INNER MANIPUR,278,1.0,IMPHAL EAST *
AC,MANIPUR,21,Naoriya Pakhanglak*,INNER MANIPUR,278,1.0,IMPHAL WEST
AC,MANIPUR,22,Wangoi,INNER MANIPUR,276,0.5854,IMPHAL WEST
AC,MANIPUR,22,Wangoi,INNER MANIPUR,278,0.4146,IMPHAL WEST
AC,MANIPUR,23,Mayang Imphal,INNER MANIPUR,278,1.0,IMPHAL WEST
AC,MANIPUR,24,Nambol,INNER MANIPUR,278,0.6121,THOUBAL
AC,MANIPUR,24,Nambol,INNER MANIPUR,275,0.3879,THOUBAL
AC,MANIPUR,25,Oinam,INNER MANIPUR,275,1.0,BISHNUPUR
AC,MANIPUR,26,Bishenpur,INNER MANIPUR,275,1.0,BISHNUPUR
AC,MANIPUR,27,Moirang,INNER MANIPUR,275,1.0,BISHNUPUR
AC,MANIPUR,28,Thanga,INNER MANIPUR,275,1.0,BISHNUPUR
AC,MANIPUR,29,Kumbi,INNER MANIPUR,275,0.8957,BISHNUPUR
AC,MANIPUR,29,Kumbi,INNER MANIPUR,274,0.1043,BISHNUPUR
AC,MANIPUR,30,Lilong,INNER MANIPUR,276,1.0,THOUBAL
AC,MANIPUR,31,Thoubal,INNER MANIPUR,276,1.0,THOUBAL
AC,MANIPUR,32,Wangkhem,INNER MANIPUR,276,0.418,THOUBAL
AC,MANIPUR,32,Wangkhem,INNER MANIPUR,278,0.2928,THOUBAL
AC,MANIPUR,32,Wangkhem,INNER MANIPUR,272,0.2892,THOUBAL
AC,MANIPUR,33,Heirok,OUTER MANIPUR,276,1.0,THOUBAL
AC,MANIPUR,34,Wangjing Tentha,OUTER MANIPUR,276,1.0,THOUBAL
AC,MANIPUR,35,Khangabo,OUTER MANIPUR,276,1.0,THOUBAL
AC,MANIPUR,36,Wabgai,OUTER MANIPUR,276,1.0,THOUBAL
AC,MANIPUR,37,Kakching,OUTER MANIPUR,276,1.0,THOUBAL
AC,MANIPUR,38,Hiyanglam,OUTER MANIPUR,276,1.0,THOUBAL
AC,MANIPUR,39,Sugnoo,OUTER MANIPUR,276,1.0,THOUBAL
AC,MANIPUR,40,Jiribam,OUTER MANIPUR,277,0.8432,IMPHAL EAST *
AC,MANIPUR,40,Jiribam,OUTER MANIPUR,273,0.1568,IMPHAL EAST *
AC,MANIPUR,41,Chandel,OUTER MANIPUR,280,1.0,CHANDEL
AC,MANIPUR,42,Tengnoupal,OUTER MANIPUR,280,1.0,CHANDEL
AC,MANIPUR,43,Phungyar,OUTER MANIPUR,279,1.0,UKHRUL
AC,MANIPUR,44,Ukhrul,OUTER MANIPUR,279,1.0,UKHRUL
AC,MANIPUR,45,Chingai,OUTER MANIPUR,279,1.0,UKHRUL
AC,MANIPUR,46,Saikul,OUTER MANIPUR,272,1.0,SENAPATI
AC,MANIPUR,47,Karong,OUTER MANIPUR,272,1.0,SENAPATI
AC,MANIPUR,48,Mao,OUTER MANIPUR,272,1.0,SENAPATI
AC,MANIPUR,49,Tadubi,OUTER MANIPUR,272,1.0,SENAPATI
AC,MANIPUR,50,Kangpokpi,OUTER MANIPUR,272,1.0,SENAPATI
AC,MANIPUR,51,Saitu,OUTER MANIPUR,272,1.0,SENAPATI
AC,MANIPUR,52,Tamei,OUTER MANIPUR,273,1.0,TAMENGLONG
AC,MANIPUR,53,Tamenglong,OUTER MANIPUR,273,1.0,TAMENGLONG
AC,MANIPUR,54,Nungba,OUTER MANIPUR,273,1.0,TAMENGLONG
AC,MANIPUR,55,Tipaimukh,OUTER MANIPUR,274,1.0,CHURACHANDPUR
AC,MANIPUR,56,Thanlon,OUTER MANIPUR,274,1.0,CHURACHANDPUR
AC,MANIPUR,57,Henglep,OUTER MANIPUR,274,1.0,CHURACHANDPUR
AC,MANIPUR,58,Churachandpur,OUTER MANIPUR,274,1.0,CHURACHANDPUR
AC,MANIPUR,59,Saikot,OUTER MANIPUR,274,1.0,CHURACHANDPUR
AC,MANIPUR,60,Singhat,OUTER MANIPUR,274,1.0,CHURACHANDPUR
AC,MEGHALAYA,1,Nartiang (ST),SHILLONG (ST),299,1.0,JAINTIA HILLS
AC,MEGHALAYA,2,Jowai (ST),SHILLONG (ST),299,1.0,JAINTIA HILLS
AC,MEGHALAYA,3,Raliang (ST),SHILLONG (ST),299,1.0,JAINTIA HILLS
AC,MEGHALAYA,4,Mowkaiaw (ST),SHILLONG (ST),299,1.0,JAINTIA HILLS
AC,MEGHALAYA,5,Sutnga-Saipung (ST),SHILLONG (ST),299,1.0,JAINTIA HILLS
AC,MEGHALAYA,6,Khliehriat (ST),SHILLONG (ST),299,1.0,JAINTIA HILLS
AC,MEGHALAYA,7,Amlarem (ST),SHILLONG (ST),299,1.0,JAINTIA HILLS
AC,MEGHALAYA,8,Mawhati (ST),SHILLONG (ST),297,1.0,RI BHOI  *
AC,MEGHALAYA,9,Nongpoh (ST),SHILLONG (ST),297,1.0,RI BHOI  *
AC,MEGHALAYA,10,Jirang (ST),SHILLONG (ST),297,1.0,RI BHOI  *
AC,MEGHALAYA,11,Umsning (ST),SHILLONG (ST),297,1.0,RI BHOI  *
AC,MEGHALAYA,12,Umroi (ST),SHILLONG (ST),297,1.0,RI BHOI  *
AC,MEGHALAYA,13,Mawryngkneng(ST),SHILLONG (ST),298,1.0,EAST KHASI HILLS
AC,MEGHALAYA,14,Pynthorumkhrah,SHILLONG (ST),298,1.0,EAST KHASI HILLS
AC,MEGHALAYA,15,Mawlai (ST),SHILLONG (ST),298,1.0,EAST KHASI HILLS
AC,MEGHALAYA,16,East Shillong (ST),SHILLONG (ST),298,1.0,EAST KHASI HILLS
AC,MEGHALAYA,17,North Shillong (ST),SHILLONG (ST),298,1.0,EAST KHASI HILLS
AC,MEGHALAYA,18,West Shillong,SHILLONG (ST),298,1.0,EAST KHASI HILLS
AC,MEGHALAYA,19,South Shillong,SHILLONG (ST),298,1.0,EAST KHASI HILLS
AC,MEGHALAYA,20,Mylliem (ST),SHILLONG (ST),298,1.0,EAST KHASI HILLS
AC,MEGHALAYA,21,Nongthymmai (ST),SHILLONG (ST),298,1.0,EAST KHASI HILLS
AC,MEGHALAYA,22,Nongkrem (ST),SHILLONG (ST),298,1.0,EAST KHASI HILLS
AC,MEGHALAYA,23,Sohing (ST),SHILLONG (ST),298,1.0,EAST KHASI HILLS
AC,MEGHALAYA,24,Mawphlang (ST),SHILLONG (ST),298,1.0,EAST KHASI HILLS
AC,MEGHALAYA,25,Mawsynram (ST),SHILLONG (ST),298,1.0,EAST KHASI HILLS
AC,MEGHALAYA,26,Shella (ST),SHILLONG (ST),298,1.0,EAST KHASI HILLS
AC,MEGHALAYA,27,Pynursla (ST),SHILLONG (ST),298,1.0,EAST KHASI HILLS
AC,MEGHALAYA,28,Sohra (ST),SHILLONG (ST),298,1.0,EAST KHASI HILLS
AC,MEGHALAYA,29,Mawkynrew (ST),SHILLONG (ST),298,1.0,EAST KHASI HILLS
AC,MEGHALAYA,30,Mairang (ST),SHILLONG (ST),296,1.0,WEST KHASI HILLS
AC,MEGHALAYA,31,Mawthadraishan (ST),SHILLONG (ST),296,1.0,WEST KHASI HILLS
AC,MEGHALAYA,32,Nongstoin (ST),SHILLONG (ST),296,1.0,WEST KHASI HILLS
AC,MEGHALAYA,33,Rambrai Jyrngam (ST,SHILLONG (ST),296,1.0,WEST KHASI HILLS
AC,MEGHALAYA,34,Mawshynrut (ST),SHILLONG (ST),296,1.0,WEST KHASI HILLS
AC,MEGHALAYA,35,Ranikor (ST),SHILLONG (ST),296,1.0,WEST KHASI HILLS
AC,MEGHALAYA,36,Mawkyrwat (ST),SHILLONG (ST),296,1.0,WEST KHASI HILLS
AC,MEGHALAYA,37,Kharkutta (ST),TURA (ST),294,1.0,EAST GARO HILLS
AC,MEGHALAYA,38,Mendipathar (ST),TURA (ST),294,1.0,EAST GARO HILLS
AC,MEGHALAYA,39,Resubelpara (ST),TURA (ST),294,1.0,EAST GARO HILLS
AC,MEGHALAYA,40,Bajengdoba (ST),TURA (ST),294,1.0,EAST GARO HILLS
AC,MEGHALAYA,41,Songsak (ST),TURA (ST),294,1.0,EAST GARO HILLS
AC,MEGHALAYA,42,Rongjeng (ST),TURA (ST),294,1.0,EAST GARO HILLS
AC,MEGHALAYA,43,William Nagar (ST),TURA (ST),294,1.0,EAST GARO HILLS
AC,MEGHALAYA,44,Raksamgre (ST),TURA (ST),293,1.0,WEST GARO HILLS
AC,MEGHALAYA,45,Tikrikila (ST),TURA (ST),293,1.0,WEST GARO HILLS
AC,MEGHALAYA,46,Phulbari,TURA (ST),293,1.0,WEST GARO HILLS
AC,MEGHALAYA,47,Rajabala,TURA (ST),293,1.0,WEST GARO HILLS
AC,MEGHALAYA,48,Selsella (ST),TURA (ST),293,1.0,WEST GARO HILLS
AC,MEGHALAYA,49,Dadenggre (ST),TURA (ST),293,1.0,WEST GARO HILLS
AC,MEGHALAYA,50,North Tura (ST),TURA (ST),293,1.0,WEST GARO HILLS
AC,MEGHALAYA,51,SouthTura (ST),TURA (ST),293,1.0,WEST GARO HILLS
AC,MEGHALAYA,52,Rangsakona (ST),TURA (ST),293,1.0,WEST GARO HILLS
AC,MEGHALAYA,53,Ampathi (ST),TURA (ST),293,1.0,WEST GARO HILLS
AC,MEGHALAYA,54,Mahendraganj (ST),TURA (ST),293,1.0,WEST GARO HILLS
AC,MEGHALAYA,55,Salmanpara (ST),TURA (ST),293,1.0,WEST GARO HILLS
AC,MEGHALAYA,56,Gambegre (ST),TURA (ST),293,1.0,WEST GARO HILLS
AC,MEGHALAYA,57,Dalu (ST),TURA (ST),293,1.0,WEST GARO HILLS
AC,MEGHALAYA,58,Rongara-Siju (ST),TURA (ST),295,1.0,SOUTH GARO HILLS *
AC,MEGHALAYA,59,Chokpot (ST),TURA (ST),295,1.0,SOUTH GARO HILLS *
AC,MEGHALAYA,60,Baghmara (ST),TURA (ST),295,1.0,SOUTH GARO HILLS *
AC,MIZORAM,1,Hachhek (ST),MIZORAM (ST),281,1.0,MAMIT *
AC,MIZORAM,2,Dampa (ST),MIZORAM (ST),281,1.0,MAMIT *
AC,MIZORAM,3,Mamit (ST),MIZORAM (ST),281,1.0,MAMIT *
AC,MIZORAM,4,Tuirial (ST),MIZORAM (ST),282,0.7296,KOLASIB *
AC,MIZORAM,4,Tuirial (ST),MIZORAM (ST),283,0.2704,KOLASIB *
AC,MIZORAM,5,Kolasib (ST),MIZORAM (ST),282,1.0,KOLASIB *
AC,MIZORAM,6,Serlui (ST),MIZORAM (ST),282,1.0,KOLASIB *
AC,MIZORAM,7,Tuivawl (ST),MIZORAM (ST),283,1.0,AIZAWL
AC,MIZORAM,8,Chalfilh (ST),MIZORAM (ST),283,1.0,AIZAWL
AC,MIZORAM,9,Tawi (ST),MIZORAM (ST),283,1.0,AIZAWL
AC,MIZORAM,10,Aizawl North-I (ST),MIZORAM (ST),283,1.0,AIZAWL
AC,MIZORAM,11,Aizawl North-II (ST,MIZORAM (ST),283,1.0,AIZAWL
AC,MIZORAM,12,Aizawl North-III (S,MIZORAM (ST),283,1.0,AIZAWL
AC,MIZORAM,13,Aizawl East-I,MIZORAM (ST),283,1.0,AIZAWL
AC,MIZORAM,14,Aizawl East-II (ST),MIZORAM (ST),283,1.0,AIZAWL
AC,MIZORAM,15,Aizawl West-I (ST),MIZORAM (ST),283,1.0,AIZAWL
AC,MIZORAM,16,Aizawl West-II (ST),MIZORAM (ST),283,1.0,AIZAWL
AC,MIZORAM,17,Aizawl West-III (ST,MIZORAM (ST),283,1.0,AIZAWL
AC,MIZORAM,18,Aizawl South-I (ST),MIZORAM (ST),283,1.0,AIZAWL
AC,MIZORAM,19,Aizawl South-II (ST,MIZORAM (ST),283,1.0,AIZAWL
AC,MIZORAM,20,Aizawl South-III (S,MIZORAM (ST),283,1.0,AIZAWL
AC,MIZORAM,21,Lengteng (ST),MIZORAM (ST),284,1.0,CHAMPHAI *
AC,MIZORAM,22,Tuichang (ST),MIZORAM (ST),284,1.0,CHAMPHAI *
AC,MIZORAM,23,Champhai North (ST),MIZORAM (ST),284,1.0,CHAMPHAI *
AC,MIZORAM,24,Champhai South (ST),MIZORAM (ST),284,1.0,CHAMPHAI *
AC,MIZORAM,25,East Tuipui (ST),MIZORAM (ST),284,1.0,CHAMPHAI *
AC,MIZORAM,26,Serchhip (ST),MIZORAM (ST),285,1.0,SERCHHIP *
AC,MIZORAM,27,Tuikum (ST),MIZORAM (ST),285,0.8404,SERCHHIP *
AC,MIZORAM,27,Tuikum (ST),MIZORAM (ST),283,0.1596,SERCHHIP *
AC,MIZORAM,28,Hrangturzo (ST),MIZORAM (ST),285,1.0,SERCHHIP *
AC,MIZORAM,29,South Tuipui (ST),MIZORAM (ST),286,1.0,LUNGLEI
AC,MIZORAM,30,Lunglei North (ST),MIZORAM (ST),286,1.0,LUNGLEI
AC,MIZORAM,31,Lunglei East (ST),MIZORAM (ST),286,1.0,LUNGLEI
AC,MIZORAM,32,Lunglei West (ST),MIZORAM (ST),286,1.0,LUNGLEI
AC,MIZORAM,33,Lunglei South (ST),MIZORAM (ST),286,1.0,LUNGLEI
AC,MIZORAM,34,Thorang (ST),MIZORAM (ST),286,1.0,LUNGLEI
AC,MIZORAM,35,West Tuipui (ST),MIZORAM (ST),286,1.0,LUNGLEI
AC,MIZORAM,36,Tuichawng (ST),MIZORAM (ST),287,1.0,LAWNGTLAI
AC,MIZORAM,37,Lawngtlai West (ST),MIZORAM (ST),287,1.0,LAWNGTLAI
AC,MIZORAM,38,Lawngtlai East (ST),MIZORAM (ST),288,0.6329,LAWNGTLAI
AC,MIZORAM,38,Lawngtlai East (ST),MIZORAM (ST),286,0.3671,LAWNGTLAI
AC,MIZORAM,39,Saiha (ST),MIZORAM (ST),288,1.0,SAIHA *
AC,MIZORAM,40,Palak (ST),MIZORAM (ST),288,1.0,SAIHA *
AC,NAGALAND,1,Dimapur-I,NAGALAND,265,1.0,DIMAPUR *
AC,NAGALAND,2,Dimapur-II,NAGALAND,265,1.0,DIMAPUR *
AC,NAGALAND,3,Dimapur-III,NAGALAND,265,0.8737,DIMAPUR *
AC,NAGALAND,3,Dimapur-III,NAGALAND,271,0.1263,DIMAPUR *
AC,NAGALAND,4,Ghaspani-I,NAGALAND,265,0.894,DIMAPUR *
AC,NAGALAND,4,Ghaspani-I,NAGALAND,271,0.106,DIMAPUR *
AC,NAGALAND,5,Ghaspani-II,NAGALAND,265,0.7983,DIMAPUR *
AC,NAGALAND,5,Ghaspani-II,NAGALAND,270,0.2017,DIMAPUR *
AC,NAGALAND,6,Tenning,NAGALAND,271,1.0,KOHIMA
AC,NAGALAND,7,Peren,NAGALAND,271,1.0,KOHIMA
AC,NAGALAND,8,Western Angami,NAGALAND,270,1.0,KOHIMA
AC,NAGALAND,9,Kohima Town,NAGALAND,270,1.0,KOHIMA
AC,NAGALAND,10,Northern Angami - I,NAGALAND,270,1.0,KOHIMA
AC,NAGALAND,11,Northern Angami -II,NAGALAND,270,1.0,KOHIMA
AC,NAGALAND,12,Tseminyu,NAGALAND,270,1.0,KOHIMA
AC,NAGALAND,13,Pughoboto,NAGALAND,270,1.0,KOHIMA
AC,NAGALAND,14,Southern Angami-I,NAGALAND,270,1.0,KOHIMA
AC,NAGALAND,15,Southern Angami-II,NAGALAND,270,1.0,KOHIMA
AC,NAGALAND,16,Pfutsero,NAGALAND,266,1.0,PHEK
AC,NAGALAND,17,Chizami,NAGALAND,266,1.0,PHEK
AC,NAGALAND,18,Chazouba,NAGALAND,266,1.0,PHEK
AC,NAGALAND,19,Phek,NAGALAND,266,1.0,PHEK
AC,NAGALAND,20,Meluri,NAGALAND,266,1.0,PHEK
AC,NAGALAND,21,Tuli,NAGALAND,262,1.0,MOKOKCHUNG
AC,NAGALAND,22,Arkakong,NAGALAND,262,1.0,MOKOKCHUNG
AC,NAGALAND,23,Impur,NAGALAND,262,1.0,MOKOKCHUNG
AC,NAGALAND,24,Angetyongpang,NAGALAND,262,1.0,MOKOKCHUNG
AC,NAGALAND,25,Monguya,NAGALAND,262,1.0,MOKOKCHUNG
AC,NAGALAND,26,Aonglenden,NAGALAND,262,1.0,MOKOKCHUNG
AC,NAGALAND,27,Mokokchung Town,NAGALAND,262,1.0,MOKOKCHUNG
AC,NAGALAND,28,Koridang,NAGALAND,262,1.0,MOKOKCHUNG
AC,NAGALAND,29,Jangpetkong,NAGALAND,262,1.0,MOKOKCHUNG
AC,NAGALAND,30,Alungtaki,NAGALAND,262,1.0,MOKOKCHUNG
AC,NAGALAND,31,Akuluto,NAGALAND,263,1.0,ZUNHEBOTO
AC,NAGALAND,32,Atoizu,NAGALAND,263,1.0,ZUNHEBOTO
AC,NAGALAND,33,Suruhuto,NAGALAND,263,1.0,ZUNHEBOTO
AC,NAGALAND,34,Aghunato,NAGALAND,263,1.0,ZUNHEBOTO
AC,NAGALAND,35,Zunheboto,NAGALAND,263,1.0,ZUNHEBOTO
AC,NAGALAND,36,Satakha,NAGALAND,263,1.0,ZUNHEBOTO
AC,NAGALAND,37,Tyui,NAGALAND,264,1.0,WOKHA
AC,NAGALAND,38,Wokha,NAGALAND,264,1.0,WOKHA
AC,NAGALAND,39,Sanis,NAGALAND,264,1.0,WOKHA
AC,NAGALAND,40,Bhandari,NAGALAND,264,1.0,WOKHA
AC,NAGALAND,41,Tizit,NAGALAND,261,1.0,MON
AC,NAGALAND,42,Wakching,NAGALAND,261,1.0,MON
AC,NAGALAND,43,Tapi,NAGALAND,261,1.0,MON
AC,NAGALAND,44,Phomching,NAGALAND,261,1.0,MON
AC,NAGALAND,45,Tehok,NAGALAND,261,1.0,MON
AC,NAGALAND,46,Mon Town,NAGALAND,261,1.0,MON
AC,NAGALAND,47,Aboi,NAGALAND,261,1.0,MON
AC,NAGALAND,48,Moka,NAGALAND,261,1.0,MON
AC,NAGALAND,49,Tamlu,NAGALAND,268,1.0,TUENSANG
AC,NAGALAND,50,Longleng,NAGALAND,268,1.0,TUENSANG
AC,NAGALAND,51,Noksen,NAGALAND,267,0.6993,TUENSANG
AC,NAGALAND,51,Noksen,NAGALAND,268,0.3007,TUENSANG
AC,NAGALAND,52,Longkhim Chare,NAGALAND,267,1.0,TUENSANG
AC,NAGALAND,53,Tuensang Sadar-I,NAGALAND,267,1.0,TUENSANG
AC,NAGALAND,54,Tuensang Sadar-II,NAGALAND,267,1.0,TUENSANG
AC,NAGALAND,55,Tobu,NAGALAND,267,1.0,TUENSANG
AC,NAGALAND,56,Noklak,NAGALAND,267,1.0,TUENSANG
AC,NAGALAND,57,Thonoknyu,NAGALAND,267,1.0,TUENSANG
AC,NAGALAND,58,Shamtorr-Chessore,NAGALAND,267,1.0,TUENSANG
AC,NAGALAND,59,Siyuchong-Sitimi,NAGALAND,269,1.0,TUENSANG
AC,NAGALAND,60,Pungro-Kiphire,NAGALAND,269,1.0,TUENSANG
AC,ORISSA,1,PADAMPUR,BARGARH,370,1.0,BARGARH  *
AC,ORISSA,2,BIJEPUR,BARGARH,370,1.0,BARGARH  *
AC,ORISSA,3,BARGARH,BARGARH,370,1.0,BARGARH  *
AC,ORISSA,4,ATTABIRA (SC),BARGARH,370,1.0,BARGARH  *
AC,ORISSA,5,BHATLI,BARGARH,370,1.0,BARGARH  *
AC,ORISSA,6,BRAJARAJNAGAR,BARGARH,371,1.0,JHARSUGUDA  *
AC,ORISSA,7,JHARSUGUDA,BARGARH,371,1.0,JHARSUGUDA  *
AC,ORISSA,8,TALSARA (ST),SUNDARGARH (ST),374,1.0,SUNDARGARH
AC,ORISSA,9,SUNDARGARH (ST),SUNDARGARH (ST),374,1.0,SUNDARGARH
AC,ORISSA,10,BIRAMITRAPUR (ST),SUNDARGARH (ST),374,1.0,SUNDARGARH
AC,ORISSA,11,RAGHUNATHPALI (SC),SUNDARGARH (ST),374,1.0,SUNDARGARH
AC,ORISSA,12,ROURKELA,SUNDARGARH (ST),374,1.0,SUNDARGARH
AC,ORISSA,13,RAJGANGPUR (ST),SUNDARGARH (ST),374,1.0,SUNDARGARH
AC,ORISSA,14,BONAI (ST),SUNDARGARH (ST),374,1.0,SUNDARGARH
AC,ORISSA,15,KUCHINDA (ST),SAMBALPUR,372,1.0,SAMBALPUR
AC,ORISSA,16,RENGALI (SC),SAMBALPUR,372,1.0,SAMBALPUR
AC,ORISSA,17,SAMBALPUR,SAMBALPUR,372,1.0,SAMBALPUR
AC,ORISSA,18,RAIRAKHOL,SAMBALPUR,372,1.0,SAMBALPUR
AC,ORISSA,19,DEOGARH,SAMBALPUR,373,1.0,DEBAGARH  *
AC,ORISSA,20,TELKOI (ST),KEONJHAR (ST),375,1.0,KENDUJHAR
AC,ORISSA,21,GHASIPURA,KEONJHAR (ST),375,1.0,KENDUJHAR
AC,ORISSA,22,ANANDAPUR (SC),KEONJHAR (ST),375,1.0,KENDUJHAR
AC,ORISSA,23,PATNA (ST),KEONJHAR (ST),375,1.0,KENDUJHAR
AC,ORISSA,24,KEONJHAR (ST),KEONJHAR (ST),375,1.0,KENDUJHAR
AC,ORISSA,25,CHAMPUA,KEONJHAR (ST),375,1.0,KENDUJHAR
AC,ORISSA,26,JASHIPUR (ST),MAYURBHANJ (ST),376,1.0,MAYURBHANJ
AC,ORISSA,27,SARASKANA (ST),MAYURBHANJ (ST),376,1.0,MAYURBHANJ
AC,ORISSA,28,RAIRANGPUR (ST),MAYURBHANJ (ST),376,1.0,MAYURBHANJ
AC,ORISSA,29,BANGRIPOSI (ST),MAYURBHANJ (ST),376,1.0,MAYURBHANJ
AC,ORISSA,30,KARANJIA (ST),KEONJHAR (ST),376,1.0,MAYURBHANJ
AC,ORISSA,31,UDALA (ST),MAYURBHANJ (ST),376,1.0,MAYURBHANJ
AC,ORISSA,32,BADASAHI (SC),BALASORE,376,1.0,MAYURBHANJ
AC,ORISSA,33,BARIPADA (ST),MAYURBHANJ (ST),376,1.0,MAYURBHANJ
AC,ORISSA,34,MORADA,MAYURBHANJ (ST),376,1.0,MAYURBHANJ
AC,ORISSA,35,JALESWAR,BALASORE,377,1.0,BALESHWAR
AC,ORISSA,36,BHOGRAI,BALASORE,377,1.0,BALESHWAR
AC,ORISSA,37,BASTA,BALASORE,377,1.0,BALESHWAR
AC,ORISSA,38,BALASORE,BALASORE,377,1.0,BALESHWAR
AC,ORISSA,39,REMUNA (SC),BALASORE,377,1.0,BALESHWAR
AC,ORISSA,40,NILGIRI,BALASORE,377,1.0,BALESHWAR
AC,ORISSA,41,SORO (SC),BHADRAK (SC),377,1.0,BALESHWAR
AC,ORISSA,42,SIMULIA,BHADRAK (SC),377,1.0,BALESHWAR
AC,ORISSA,43,BHANDARIPOKHARI,BHADRAK (SC),378,1.0,BHADRAK  *
AC,ORISSA,44,BHADRAK,BHADRAK (SC),378,1.0,BHADRAK  *
AC,ORISSA,45,BASUDEVPUR,BHADRAK (SC),378,1.0,BHADRAK  *
AC,ORISSA,46,DHAMNAGAR (SC),BHADRAK (SC),378,1.0,BHADRAK  *
AC,ORISSA,47,CHANDABALI,BHADRAK (SC),378,1.0,BHADRAK  *
AC,ORISSA,48,BINJHARPUR (SC),JAJPUR (SC),382,1.0,JAJAPUR  *
AC,ORISSA,49,BARI,JAJPUR (SC),382,1.0,JAJAPUR  *
AC,ORISSA,50,BARACHANA,JAJPUR (SC),382,1.0,JAJAPUR  *
AC,ORISSA,51,DHARMASALA,JAJPUR (SC),382,1.0,JAJAPUR  *
AC,ORISSA,52,JAJPUR,JAJPUR (SC),382,1.0,JAJAPUR  *
AC,ORISSA,53,KOREI,JAJPUR (SC),382,1.0,JAJAPUR  *
AC,ORISSA,54,SUKINDA,JAJPUR (SC),382,1.0,JAJAPUR  *
AC,ORISSA,55,DHENKANAL,DHENKANAL,383,1.0,DHENKANAL
AC,ORISSA,56,HINDOL (SC),DHENKANAL,383,1.0,DHENKANAL
AC,ORISSA,57,KAMAKHYANAGAR,DHENKANAL,383,1.0,DHENKANAL
AC,ORISSA,58,PARJANGA,DHENKANAL,383,1.0,DHENKANAL
AC,ORISSA,59,PALLAHARA,DHENKANAL,384,1.0,ANUGUL  *
AC,ORISSA,60,TALCHER,DHENKANAL,384,1.0,ANUGUL  *
AC,ORISSA,61,ANGUL,DHENKANAL,384,1.0,ANUGUL  *
AC,ORISSA,62,CHHENDIPADA (SC),SAMBALPUR,384,1.0,ANUGUL  *
AC,ORISSA,63,ATHAMALLIK,SAMBALPUR,384,1.0,ANUGUL  *
AC,ORISSA,64,BIRMAHARAJPUR (SC),BOLANGIR,392,1.0,SONAPUR  *
AC,ORISSA,65,SONEPUR,BOLANGIR,392,1.0,SONAPUR  *
AC,ORISSA,66,LOISINGHA (SC),BOLANGIR,393,1.0,BALANGIR
AC,ORISSA,67,PATNAGARH,BOLANGIR,393,1.0,BALANGIR
AC,ORISSA,68,BOLANGIR,BOLANGIR,393,1.0,BALANGIR
AC,ORISSA,69,TITLAGARH,BOLANGIR,393,1.0,BALANGIR
AC,ORISSA,70,KANTABANJI,BOLANGIR,393,1.0,BALANGIR
AC,ORISSA,71,NUAPADA,KALAHANDI,394,1.0,NUAPADA  *
AC,ORISSA,72,KHARIAR,KALAHANDI,394,1.0,NUAPADA  *
AC,ORISSA,73,UMERKOTE (ST),NABARANGPUR (ST),397,1.0,NABARANGAPUR  *
AC,ORISSA,74,JHARIGAM (ST),NABARANGPUR (ST),397,1.0,NABARANGAPUR  *
AC,ORISSA,75,NABARANGPUR (ST),NABARANGPUR (ST),397,0.8596,NABARANGAPUR  *
AC,ORISSA,75,NABARANGPUR (ST),NABARANGPUR (ST),398,0.1404,NABARANGAPUR  *
AC,ORISSA,76,DABUGAM (ST),NABARANGPUR (ST),397,1.0,NABARANGAPUR  *
AC,ORISSA,77,LANJIGARH (ST),KALAHANDI,395,1.0,KALAHANDI
AC,ORISSA,78,JUNAGARH,KALAHANDI,395,1.0,KALAHANDI
AC,ORISSA,79,DHARMGARH,KALAHANDI,395,1.0,KALAHANDI
AC,ORISSA,80,BHAWANIPATNA (SC),KALAHANDI,395,1.0,KALAHANDI
AC,ORISSA,81,NARLA,KALAHANDI,395,1.0,KALAHANDI
AC,ORISSA,82,BALIGUDA (ST),KANDHAMAL,390,1.0,KANDHAMAL
AC,ORISSA,83,G. UDAYAGIRI (ST),KANDHAMAL,390,1.0,KANDHAMAL
AC,ORISSA,84,PHULBANI (ST),KANDHAMAL,390,1.0,KANDHAMAL
AC,ORISSA,85,KANTAMAL,KANDHAMAL,391,1.0,BAUDH  *
AC,ORISSA,86,BOUDH,KANDHAMAL,391,1.0,BAUDH  *
AC,ORISSA,87,BARAMBA,CUTTACK,381,1.0,CUTTACK
AC,ORISSA,88,BANKI,CUTTACK,381,1.0,CUTTACK
AC,ORISSA,89,ATHAGARH,CUTTACK,381,1.0,CUTTACK
AC,ORISSA,90,BARABATI-CUTTACK,CUTTACK,381,1.0,CUTTACK
AC,ORISSA,91,CHOUDWAR-CUTTACK,CUTTACK,381,1.0,CUTTACK
AC,ORISSA,92,NIALI (SC),JAGATSINGHPUR (SC),381,1.0,CUTTACK
AC,ORISSA,93,CUTTACK SADAR (SC),CUTTACK,381,1.0,CUTTACK
AC,ORISSA,94,SALIPUR,KENDRAPARA,381,1.0,CUTTACK
AC,ORISSA,95,MAHANGA,KENDRAPARA,381,1.0,CUTTACK
AC,ORISSA,96,PATKURA,KENDRAPARA,379,1.0,KENDRAPARA *
AC,ORISSA,97,KENDRAPARA (SC),KENDRAPARA,379,1.0,KENDRAPARA *
AC,ORISSA,98,AUL,KENDRAPARA,379,1.0,KENDRAPARA *
AC,ORISSA,99,RAJANAGAR,KENDRAPARA,379,1.0,KENDRAPARA *
AC,ORISSA,100,MAHAKALAPADA,KENDRAPARA,379,1.0,KENDRAPARA *
AC,ORISSA,101,PARADEEP,JAGATSINGHPUR (SC),380,1.0,JAGATSINGHAPUR  *
AC,ORISSA,102,TIRTOL (SC),JAGATSINGHPUR (SC),380,1.0,JAGATSINGHAPUR  *
AC,ORISSA,103,BALIKUDA-ERASAMA,JAGATSINGHPUR (SC),380,1.0,JAGATSINGHAPUR  *
AC,ORISSA,104,JAGATSINGHPUR,JAGATSINGHPUR (SC),380,1.0,JAGATSINGHAPUR  *
AC,ORISSA,105,KAKATPUR (SC),JAGATSINGHPUR (SC),387,1.0,PURI
AC,ORISSA,106,NIMAPARA,JAGATSINGHPUR (SC),387,1.0,PURI
AC,ORISSA,107,PURI,PURI,387,1.0,PURI
AC,ORISSA,108,BRAHMAGIRI,PURI,387,1.0,PURI
AC,ORISSA,109,SATYABADI,PURI,387,1.0,PURI
AC,ORISSA,110,PIPILI,PURI,387,1.0,PURI
AC,ORISSA,111,JAYADEV (SC),PURI,386,1.0,KHORDHA  *
AC,ORISSA,112,BHUBANESWAR(MADHYA),BHUBANESWAR,386,1.0,KHORDHA  *
AC,ORISSA,113,BHUBANESWAR(UTTAR),BHUBANESWAR,381,0.8509,KHORDHA  *
AC,ORISSA,113,BHUBANESWAR(UTTAR),BHUBANESWAR,386,0.1491,KHORDHA  *
AC,ORISSA,114,EKAMRA-BHUBANESHWAR,BHUBANESWAR,386,0.6423,KHORDHA  *
AC,ORISSA,114,EKAMRA-BHUBANESHWAR,BHUBANESWAR,381,0.3577,KHORDHA  *
AC,ORISSA,115,JATANI,BHUBANESWAR,386,1.0,KHORDHA  *
AC,ORISSA,116,BEGUNIA,BHUBANESWAR,386,1.0,KHORDHA  *
AC,ORISSA,117,KHURDA,BHUBANESWAR,386,1.0,KHORDHA  *
AC,ORISSA,118,CHILIKA,PURI,386,1.0,KHORDHA  *
AC,ORISSA,119,RANPUR,PURI,385,1.0,NAYAGARH  *
AC,ORISSA,120,KHANDAPADA,CUTTACK,385,1.0,NAYAGARH  *
AC,ORISSA,121,DASPALLA (SC),KANDHAMAL,385,1.0,NAYAGARH  *
AC,ORISSA,122,NAYAGARH,PURI,385,1.0,NAYAGARH  *
AC,ORISSA,123,BHANJANAGAR,KANDHAMAL,388,1.0,GANJAM
AC,ORISSA,124,POLASARA,ASKA,388,1.0,GANJAM
AC,ORISSA,125,KABISURYANAGAR,ASKA,388,1.0,GANJAM
AC,ORISSA,126,KHALIKOTE (SC),ASKA,388,1.0,GANJAM
AC,ORISSA,127,CHHATRAPUR (SC),BERHAMPUR,388,1.0,GANJAM
AC,ORISSA,128,ASKA,ASKA,388,1.0,GANJAM
AC,ORISSA,129,SURADA,ASKA,388,1.0,GANJAM
AC,ORISSA,130,SANAKHEMUNDI,ASKA,388,1.0,GANJAM
AC,ORISSA,131,HINJILI,ASKA,388,1.0,GANJAM
AC,ORISSA,132,GOPALPUR,BERHAMPUR,388,1.0,GANJAM
AC,ORISSA,133,BERHAMPUR,BERHAMPUR,388,1.0,GANJAM
AC,ORISSA,134,DIGAPAHANDI,BERHAMPUR,388,1.0,GANJAM
AC,ORISSA,135,CHIKITI,BERHAMPUR,388,1.0,GANJAM
AC,ORISSA,136,MOHANA (ST),BERHAMPUR,389,1.0,GAJAPATI  *
AC,ORISSA,137,PARALAKHEMUNDI,BERHAMPUR,389,1.0,GAJAPATI  *
AC,ORISSA,138,GUNUPUR (ST),KORAPUT (ST),396,1.0,RAYAGADA  *
AC,ORISSA,139,BISSAM CUTTACK (ST),KORAPUT (ST),396,1.0,RAYAGADA  *
AC,ORISSA,140,RAYAGADA (ST),KORAPUT (ST),396,1.0,RAYAGADA  *
AC,ORISSA,141,LAKSHMIPUR (ST),KORAPUT (ST),398,1.0,KORAPUT
AC,ORISSA,142,KOTPAD (ST),NABARANGPUR (ST),398,1.0,KORAPUT
AC,ORISSA,143,JEYPORE,KORAPUT (ST),398,1.0,KORAPUT
AC,ORISSA,144,KORAPUT (SC),KORAPUT (ST),398,1.0,KORAPUT
AC,ORISSA,145,POTTANGI (ST),KORAPUT (ST),398,1.0,KORAPUT
AC,ORISSA,146,MALKANGIRI (ST),NABARANGPUR (ST),399,1.0,MALKANGIRI  *
AC,ORISSA,147,CHITRAKONDA (ST),NABARANGPUR (ST),399,1.0,MALKANGIRI  *
AC,PUDUCHERRY,1,Mannadipet,PONDICHERRY,635,1.0,PONDICHERRY
AC,PUDUCHERRY,2,Thirubhuvanai (SC),PONDICHERRY,635,1.0,PONDICHERRY
AC,PUDUCHERRY,3,Oussudu (SC),PONDICHERRY,635,1.0,PONDICHERRY
AC,PUDUCHERRY,4,Mangalam,PONDICHERRY,635,1.0,PONDICHERRY
AC,PUDUCHERRY,5,Villianur,PONDICHERRY,635,1.0,PONDICHERRY
AC,PUDUCHERRY,6,Ozhukarai,PONDICHERRY,635,1.0,PONDICHERRY
AC,PUDUCHERRY,7,Kadirgamam,PONDICHERRY,635,1.0,PONDICHERRY
AC,PUDUCHERRY,8,Indira Nagar,PONDICHERRY,635,0.888,PONDICHERRY
AC,PUDUCHERRY,8,Indira Nagar,PONDICHERRY,607,0.112,PONDICHERRY
AC,PUDUCHERRY,9,Thattanchavady,PONDICHERRY,635,1.0,PONDICHERRY
AC,PUDUCHERRY,10,Kamraj Nagar,PONDICHERRY,635,1.0,PONDICHERRY
AC,PUDUCHERRY,11,Lawspet,PONDICHERRY,635,1.0,PONDICHERRY
AC,PUDUCHERRY,12,Kalapet,PONDICHERRY,635,1.0,PONDICHERRY
AC,PUDUCHERRY,13,Muthialpet,PONDICHERRY,635,0.871,PONDICHERRY
AC,PUDUCHERRY,13,Muthialpet,PONDICHERRY,607,0.129,PONDICHERRY
AC,PUDUCHERRY,14,Raj Bhavan,PONDICHERRY,635,1.0,PONDICHERRY
AC,PUDUCHERRY,15,Oupalam,PONDICHERRY,635,1.0,PONDICHERRY
AC,PUDUCHERRY,16,Orleampeth,PONDICHERRY,635,1.0,PONDICHERRY
AC,PUDUCHERRY,17,Nellithope,PONDICHERRY,635,1.0,PONDICHERRY
AC,PUDUCHERRY,18,Mudaliarpet,PONDICHERRY,635,1.0,PONDICHERRY
AC,PUDUCHERRY,19,Ariankuppam,PONDICHERRY,635,1.0,PONDICHERRY
AC,PUDUCHERRY,20,Manavely,PONDICHERRY,635,1.0,PONDICHERRY
AC,PUDUCHERRY,21,Embalam (SC),PONDICHERRY,635,1.0,PONDICHERRY
AC,PUDUCHERRY,22,Nettapakkam (SC),PONDICHERRY,635,1.0,PONDICHERRY
AC,PUDUCHERRY,23,Bahour,PONDICHERRY,635,1.0,PONDICHERRY
AC,PUDUCHERRY,24,Nedungadu (SC),PONDICHERRY,637,1.0,KARAIKAL
AC,PUDUCHERRY,25,Thirunallar,PONDICHERRY,637,1.0,KARAIKAL
AC,PUDUCHERRY,26,Karaikal North,PONDICHERRY,637,1.0,KARAIKAL
AC,PUDUCHERRY,27,Karaikal South,PONDICHERRY,637,1.0,KARAIKAL
AC,PUDUCHERRY,28,Neravy- T.R. Pattin,PONDICHERRY,637,1.0,KARAIKAL
AC,PUDUCHERRY,29,Mahe,PONDICHERRY,636,0.869,MAHE
AC,PUDUCHERRY,29,Mahe,PONDICHERRY,589,0.131,MAHE
AC,PUDUCHERRY,30,Yanam,PONDICHERRY,634,0.8686,YANAM
AC,PUDUCHERRY,30,Yanam,PONDICHERRY,545,0.1314,YANAM
AC,PUNJAB,1,Sujanpur,GURDASPUR,35,1.0,GURDASPUR
AC,PUNJAB,2,Bhoa (SC),GURDASPUR,35,1.0,GURDASPUR
AC,PUNJAB,3,Pathankot,GURDASPUR,35,1.0,GURDASPUR
AC,PUNJAB,4,Gurdaspur,GURDASPUR,35,1.0,GURDASPUR
AC,PUNJAB,5,Dina Nagar (SC),GURDASPUR,35,1.0,GURDASPUR
AC,PUNJAB,6,Qadian,GURDASPUR,35,1.0,GURDASPUR
AC,PUNJAB,7,Batala,GURDASPUR,35,1.0,GURDASPUR
AC,PUNJAB,8,Sri Hargobindpur (S,HOSHIARPUR (SC),35,1.0,GURDASPUR
AC,PUNJAB,9,Fatehgarh Churian,GURDASPUR,35,1.0,GURDASPUR
AC,PUNJAB,10,Dera Baba Nanak,GURDASPUR,35,1.0,GURDASPUR
AC,PUNJAB,11,Ajnala,AMRITSAR,49,1.0,AMRITSAR
AC,PUNJAB,12,Raja Sansi,AMRITSAR,49,1.0,AMRITSAR
AC,PUNJAB,13,Majitha,AMRITSAR,49,1.0,AMRITSAR
AC,PUNJAB,14,Jandiala (SC),KHADOOR SAHIB,49,1.0,AMRITSAR
AC,PUNJAB,15,Amritsar North,AMRITSAR,49,1.0,AMRITSAR
AC,PUNJAB,16,Amritsar West (SC),AMRITSAR,49,1.0,AMRITSAR
AC,PUNJAB,17,Amritsar Central,AMRITSAR,49,1.0,AMRITSAR
AC,PUNJAB,18,Amritsar East,AMRITSAR,49,1.0,AMRITSAR
AC,PUNJAB,19,Amritsar South,AMRITSAR,49,1.0,AMRITSAR
AC,PUNJAB,20,Attari (SC),AMRITSAR,49,1.0,AMRITSAR
AC,PUNJAB,21,Tarn Taran,KHADOOR SAHIB,50,1.0,AMRITSAR
AC,PUNJAB,22,Khem Karan,KHADOOR SAHIB,50,1.0,AMRITSAR
AC,PUNJAB,23,Patti,KHADOOR SAHIB,50,1.0,AMRITSAR
AC,PUNJAB,24,Khadoor Sahib,KHADOOR SAHIB,50,1.0,AMRITSAR
AC,PUNJAB,25,Baba Bakala (SC),KHADOOR SAHIB,50,0.6006,AMRITSAR
AC,PUNJAB,25,Baba Bakala (SC),KHADOOR SAHIB,49,0.3994,AMRITSAR
AC,PUNJAB,26,Bholath,HOSHIARPUR (SC),36,1.0,KAPURTHALA
AC,PUNJAB,27,Kapurthala,KHADOOR SAHIB,36,1.0,KAPURTHALA
AC,PUNJAB,28,Sultanpur Lodhi,KHADOOR SAHIB,36,1.0,KAPURTHALA
AC,PUNJAB,29,Phagwara (SC),HOSHIARPUR (SC),36,1.0,KAPURTHALA
AC,PUNJAB,30,Phillaur (SC),JALANDHAR (SC),37,1.0,JALANDHAR
AC,PUNJAB,31,Nakodar,JALANDHAR (SC),37,1.0,JALANDHAR
AC,PUNJAB,32,Shahkot,JALANDHAR (SC),37,1.0,JALANDHAR
AC,PUNJAB,33,Kartarpur (SC),JALANDHAR (SC),37,0.8814,JALANDHAR
AC,PUNJAB,33,Kartarpur (SC),JALANDHAR (SC),36,0.1186,JALANDHAR
AC,PUNJAB,34,Jalandhar West (SC),JALANDHAR (SC),37,1.0,JALANDHAR
AC,PUNJAB,35,Jalandhar Central,JALANDHAR (SC),37,1.0,JALANDHAR
AC,PUNJAB,36,Jalandhar North,JALANDHAR (SC),37,1.0,JALANDHAR
AC,PUNJAB,37,Jalandhar Cantt.,JALANDHAR (SC),37,1.0,JALANDHAR
AC,PUNJAB,38,Adampur (SC),JALANDHAR (SC),37,1.0,JALANDHAR
AC,PUNJAB,39,Mukerian,HOSHIARPUR (SC),38,1.0,HOSHIARPUR
AC,PUNJAB,40,Dasuya,HOSHIARPUR (SC),38,1.0,HOSHIARPUR
AC,PUNJAB,41,Urmar,HOSHIARPUR (SC),38,1.0,HOSHIARPUR
AC,PUNJAB,42,Sham Chaurasi (SC),HOSHIARPUR (SC),38,1.0,HOSHIARPUR
AC,PUNJAB,43,Hoshiarpur,HOSHIARPUR (SC),38,1.0,HOSHIARPUR
AC,PUNJAB,44,Chabbewal (SC),HOSHIARPUR (SC),38,1.0,HOSHIARPUR
AC,PUNJAB,45,Garhshankar,ANANDPUR SAHIB,38,1.0,HOSHIARPUR
AC,PUNJAB,46,Banga (SC),ANANDPUR SAHIB,39,1.0,NAWANSHAHR *
AC,PUNJAB,47,Nawan Shahr,ANANDPUR SAHIB,39,1.0,NAWANSHAHR *
AC,PUNJAB,48,Balachaur,ANANDPUR SAHIB,39,1.0,NAWANSHAHR *
AC,PUNJAB,49,Anandpur Sahib,ANANDPUR SAHIB,51,1.0,RUPNAGAR
AC,PUNJAB,50,Rupnagar,ANANDPUR SAHIB,51,1.0,RUPNAGAR
AC,PUNJAB,51,Chamkaur Sahib (SC),ANANDPUR SAHIB,51,0.8419,RUPNAGAR
AC,PUNJAB,51,Chamkaur Sahib (SC),ANANDPUR SAHIB,52,0.1581,RUPNAGAR
AC,PUNJAB,52,Kharar,ANANDPUR SAHIB,52,1.0,RUPNAGAR
AC,PUNJAB,53,S.A.S.Nagar,ANANDPUR SAHIB,52,1.0,RUPNAGAR
AC,PUNJAB,54,Bassi Pathana (SC),FATEHGARH SAHIB (SC,40,0.8864,FATEHGARH SAHIB *
AC,PUNJAB,54,Bassi Pathana (SC),FATEHGARH SAHIB (SC,51,0.1136,FATEHGARH SAHIB *
AC,PUNJAB,55,Fatehgarh Sahib,FATEHGARH SAHIB (SC,40,1.0,FATEHGARH SAHIB *
AC,PUNJAB,56,Amloh,FATEHGARH SAHIB (SC,40,1.0,FATEHGARH SAHIB *
AC,PUNJAB,57,Khanna,FATEHGARH SAHIB (SC,41,1.0,LUDHIANA
AC,PUNJAB,58,Samrala,FATEHGARH SAHIB (SC,41,1.0,LUDHIANA
AC,PUNJAB,59,Sahnewal,FATEHGARH SAHIB (SC,41,1.0,LUDHIANA
AC,PUNJAB,60,Ludhiana East,LUDHIANA,41,1.0,LUDHIANA
AC,PUNJAB,61,Ludhiana South,LUDHIANA,41,1.0,LUDHIANA
AC,PUNJAB,62,Atam Nagar,LUDHIANA,41,1.0,LUDHIANA
AC,PUNJAB,63,Ludhiana Central,LUDHIANA,41,1.0,LUDHIANA
AC,PUNJAB,64,Ludhiana West,LUDHIANA,41,1.0,LUDHIANA
AC,PUNJAB,65,Ludhiana North,LUDHIANA,41,1.0,LUDHIANA
AC,PUNJAB,66,Gill (SC),LUDHIANA,41,1.0,LUDHIANA
AC,PUNJAB,67,Payal (SC),FATEHGARH SAHIB (SC,41,1.0,LUDHIANA
AC,PUNJAB,68,Dakha,LUDHIANA,41,1.0,LUDHIANA
AC,PUNJAB,69,Raikot (SC),FATEHGARH SAHIB (SC,41,0.854,LUDHIANA
AC,PUNJAB,69,Raikot (SC),FATEHGARH SAHIB (SC,54,0.146,LUDHIANA
AC,PUNJAB,70,Jagraon (SC),LUDHIANA,41,1.0,LUDHIANA
AC,PUNJAB,71,Nihal Singhwala (SC,FARIDKOT (SC),42,1.0,MOGA *
AC,PUNJAB,72,Bhagha Purana,FARIDKOT (SC),42,1.0,MOGA *
AC,PUNJAB,73,Moga,FARIDKOT (SC),42,1.0,MOGA *
AC,PUNJAB,74,Dharamkot,FARIDKOT (SC),42,1.0,MOGA *
AC,PUNJAB,75,Zira,KHADOOR SAHIB,43,0.8969,FIROZPUR
AC,PUNJAB,75,Zira,KHADOOR SAHIB,42,0.1031,FIROZPUR
AC,PUNJAB,76,Firozpur City,FIROZPUR,43,1.0,FIROZPUR
AC,PUNJAB,77,Firozpur Rural (SC),FIROZPUR,43,1.0,FIROZPUR
AC,PUNJAB,78,Guru Har Sahai,FIROZPUR,43,1.0,FIROZPUR
AC,PUNJAB,79,Jalalabad,FIROZPUR,43,1.0,FIROZPUR
AC,PUNJAB,80,Fazilka,FIROZPUR,43,1.0,FIROZPUR
AC,PUNJAB,81,Abohar,FIROZPUR,43,1.0,FIROZPUR
AC,PUNJAB,82,Balluana (SC),FIROZPUR,43,1.0,FIROZPUR
AC,PUNJAB,83,Lambi,BATHINDA,44,1.0,MUKTSAR *
AC,PUNJAB,84,Gidderbaha,FARIDKOT (SC),44,1.0,MUKTSAR *
AC,PUNJAB,85,Malout (SC),FIROZPUR,44,1.0,MUKTSAR *
AC,PUNJAB,86,Muktsar,FIROZPUR,44,1.0,MUKTSAR *
AC,PUNJAB,87,Faridkot,FARIDKOT (SC),45,1.0,FARIDKOT
AC,PUNJAB,88,Kotkapura,FARIDKOT (SC),45,1.0,FARIDKOT
AC,PUNJAB,89,Jaitu (SC),FARIDKOT (SC),45,1.0,FARIDKOT
AC,PUNJAB,90,Rampura Phul,FARIDKOT (SC),46,1.0,BATHINDA
AC,PUNJAB,91,Bhucho Mandi (SC),BATHINDA,46,1.0,BATHINDA
AC,PUNJAB,92,Bathinda Urban,BATHINDA,46,1.0,BATHINDA
AC,PUNJAB,93,Bathinda Rural (SC),BATHINDA,46,1.0,BATHINDA
AC,PUNJAB,94,Talwandi Sabo,BATHINDA,46,1.0,BATHINDA
AC,PUNJAB,95,Maur,BATHINDA,46,1.0,BATHINDA
AC,PUNJAB,96,Mansa,BATHINDA,47,1.0,MANSA *
AC,PUNJAB,97,Sardulgarh,BATHINDA,47,1.0,MANSA *
AC,PUNJAB,98,Budhlada (SC),BATHINDA,47,1.0,MANSA *
AC,PUNJAB,99,Lehra,SANGRUR,53,1.0,SANGRUR
AC,PUNJAB,100,Dirba (SC),SANGRUR,53,1.0,SANGRUR
AC,PUNJAB,101,Sunam,SANGRUR,53,1.0,SANGRUR
AC,PUNJAB,102,Bhadaur (SC),SANGRUR,54,1.0,SANGRUR
AC,PUNJAB,103,Barnala,SANGRUR,54,1.0,SANGRUR
AC,PUNJAB,104,Mehal Kalan (SC),SANGRUR,54,0.7693,SANGRUR
AC,PUNJAB,104,Mehal Kalan (SC),SANGRUR,53,0.2307,SANGRUR
AC,PUNJAB,105,Malerkotla,SANGRUR,53,1.0,SANGRUR
AC,PUNJAB,106,Amargarh,FATEHGARH SAHIB (SC,53,1.0,SANGRUR
AC,PUNJAB,107,Dhuri,PATIALA,53,1.0,SANGRUR
AC,PUNJAB,108,Sangrur,PATIALA,53,1.0,SANGRUR
AC,PUNJAB,109,Nabha (SC),PATIALA,48,1.0,PATIALA
AC,PUNJAB,110,Patiala Rural,PATIALA,48,0.886,PATIALA
AC,PUNJAB,110,Patiala Rural,PATIALA,40,0.114,PATIALA
AC,PUNJAB,111,Rajpura,PATIALA,48,1.0,PATIALA
AC,PUNJAB,112,Dera Bassi,PATIALA,52,1.0,PATIALA
AC,PUNJAB,113,Ghanaur,PATIALA,48,1.0,PATIALA
AC,PUNJAB,114,Sanour,PATIALA,48,1.0,PATIALA
AC,PUNJAB,115,Patiala,PATIALA,48,1.0,PATIALA
AC,PUNJAB,116,Samana,PATIALA,48,1.0,PATIALA
AC,PUNJAB,117,Shutrana (SC),PATIALA,48,1.0,PATIALA
AC,RAJASTHAN,1,Sadulshahar,GANGANAGAR(SC),99,0.8677,GANGANAGAR
AC,RAJASTHAN,1,Sadulshahar,GANGANAGAR(SC),100,0.1323,GANGANAGAR
AC,RAJASTHAN,2,Ganganagar,GANGANAGAR(SC),99,1.0,GANGANAGAR
AC,RAJASTHAN,3,Karanpur,GANGANAGAR(SC),99,1.0,GANGANAGAR
AC,RAJASTHAN,4,Suratgarh,GANGANAGAR(SC),99,1.0,GANGANAGAR
AC,RAJASTHAN,5,Raisinghnagar(SC),GANGANAGAR(SC),99,1.0,GANGANAGAR
AC,RAJASTHAN,6,Anupgarh (SC),BIKANER (SC),99,1.0,GANGANAGAR
AC,RAJASTHAN,7,Sangaria,GANGANAGAR(SC),100,1.0,HANUMANGARH *
AC,RAJASTHAN,8,Hanumangarh,GANGANAGAR(SC),100,1.0,HANUMANGARH *
AC,RAJASTHAN,9,Pilibanga (SC),GANGANAGAR(SC),100,0.8714,HANUMANGARH *
AC,RAJASTHAN,9,Pilibanga (SC),GANGANAGAR(SC),99,0.1286,HANUMANGARH *
AC,RAJASTHAN,10,Nohar,CHURU,100,1.0,HANUMANGARH *
AC,RAJASTHAN,11,Bhadra,CHURU,100,1.0,HANUMANGARH *
AC,RAJASTHAN,12,Khajuwala(SC),BIKANER (SC),101,1.0,BIKANER
AC,RAJASTHAN,13,Bikaner West,BIKANER (SC),101,1.0,BIKANER
AC,RAJASTHAN,14,Bikaner East,BIKANER (SC),101,1.0,BIKANER
AC,RAJASTHAN,15,Kolayat,BIKANER (SC),101,1.0,BIKANER
AC,RAJASTHAN,16,Lunkaransar,BIKANER (SC),101,1.0,BIKANER
AC,RAJASTHAN,17,Dungargarh,BIKANER (SC),101,1.0,BIKANER
AC,RAJASTHAN,18,Nokha,BIKANER (SC),101,1.0,BIKANER
AC,RAJASTHAN,19,Sadulpur,CHURU,102,1.0,CHURU
AC,RAJASTHAN,20,Taranagar,CHURU,102,1.0,CHURU
AC,RAJASTHAN,21,Sardarshahar,CHURU,102,1.0,CHURU
AC,RAJASTHAN,22,Churu,CHURU,102,1.0,CHURU
AC,RAJASTHAN,23,Ratangarh,CHURU,102,1.0,CHURU
AC,RAJASTHAN,24,Sujangarh(SC),CHURU,102,1.0,CHURU
AC,RAJASTHAN,25,Pilani (SC),JHUNJHUNU,103,1.0,JHUNJHUNUN
AC,RAJASTHAN,26,Surajgarh,JHUNJHUNU,103,1.0,JHUNJHUNUN
AC,RAJASTHAN,27,Jhunjhunu,JHUNJHUNU,103,1.0,JHUNJHUNUN
AC,RAJASTHAN,28,Mandawa,JHUNJHUNU,103,1.0,JHUNJHUNUN
AC,RAJASTHAN,29,Nawalgarh,JHUNJHUNU,103,1.0,JHUNJHUNUN
AC,RAJASTHAN,30,Udaipurwati,JHUNJHUNU,103,1.0,JHUNJHUNUN
AC,RAJASTHAN,31,Khetri,JHUNJHUNU,103,1.0,JHUNJHUNUN
AC,RAJASTHAN,32,Fatehpur,JHUNJHUNU,111,1.0,SIKAR
AC,RAJASTHAN,33,Lachhmangarh,SIKAR,111,1.0,SIKAR
AC,RAJASTHAN,34,Dhod (SC),SIKAR,111,1.0,SIKAR
AC,RAJASTHAN,35,Sikar,SIKAR,111,1.0,SIKAR
AC,RAJASTHAN,36,Danta Ramgarh,SIKAR,111,1.0,SIKAR
AC,RAJASTHAN,37,Khandela,SIKAR,111,1.0,SIKAR
AC,RAJASTHAN,38,Neema Ka Thana,SIKAR,111,1.0,SIKAR
AC,RAJASTHAN,39,Srimadhopur,SIKAR,111,1.0,SIKAR
AC,RAJASTHAN,40,Kotputli,JAIPUR RURAL,110,1.0,JAIPUR
AC,RAJASTHAN,41,Viratnagar,JAIPUR RURAL,110,1.0,JAIPUR
AC,RAJASTHAN,42,Shahpura,JAIPUR RURAL,110,1.0,JAIPUR
AC,RAJASTHAN,43,Chomu,SIKAR,110,1.0,JAIPUR
AC,RAJASTHAN,44,Phulera,JAIPUR RURAL,110,1.0,JAIPUR
AC,RAJASTHAN,45,Dudu (SC),AJMER,110,1.0,JAIPUR
AC,RAJASTHAN,46,Jhotwara,JAIPUR RURAL,110,1.0,JAIPUR
AC,RAJASTHAN,47,Amber,JAIPUR RURAL,110,1.0,JAIPUR
AC,RAJASTHAN,48,Jamwa Ramgarh (ST),JAIPUR RURAL,110,1.0,JAIPUR
AC,RAJASTHAN,49,Hawa Mahal,JAIPUR,110,1.0,JAIPUR
AC,RAJASTHAN,50,Vidhyadhar Nagar,JAIPUR,110,1.0,JAIPUR
AC,RAJASTHAN,51,Civil Lines,JAIPUR,110,1.0,JAIPUR
AC,RAJASTHAN,52,KIshan Pole,JAIPUR,110,1.0,JAIPUR
AC,RAJASTHAN,53,Adarsh Nagar,JAIPUR,110,1.0,JAIPUR
AC,RAJASTHAN,54,Malviya Nagar,JAIPUR,110,1.0,JAIPUR
AC,RAJASTHAN,55,Sanganer,JAIPUR,110,1.0,JAIPUR
AC,RAJASTHAN,56,Bagru (SC),JAIPUR,110,1.0,JAIPUR
AC,RAJASTHAN,57,Bassi (ST),DAUSA (ST),110,1.0,JAIPUR
AC,RAJASTHAN,58,Chaksu (SC),DAUSA (ST),110,1.0,JAIPUR
AC,RAJASTHAN,59,Tijara,ALWAR,104,1.0,ALWAR
AC,RAJASTHAN,60,Kishangarh bas,ALWAR,104,1.0,ALWAR
AC,RAJASTHAN,61,Mundawar,ALWAR,104,1.0,ALWAR
AC,RAJASTHAN,62,Behror,ALWAR,104,1.0,ALWAR
AC,RAJASTHAN,63,Bansur,JAIPUR RURAL,104,1.0,ALWAR
AC,RAJASTHAN,64,Thanagazi,DAUSA (ST),104,1.0,ALWAR
AC,RAJASTHAN,65,Alwar Rural (SC),BHARATPUR (SC),104,1.0,ALWAR
AC,RAJASTHAN,66,Alwar Urban,BHARATPUR (SC),104,1.0,ALWAR
AC,RAJASTHAN,67,Ramgarh,BHARATPUR (SC),104,1.0,ALWAR
AC,RAJASTHAN,68,Rajgarh-Laxmangarh (ST),BHARATPUR (SC),104,1.0,ALWAR
AC,RAJASTHAN,69,Kathumar (SC),BHARATPUR (SC),104,1.0,ALWAR
AC,RAJASTHAN,70,Kaman,BHARATPUR (SC),105,1.0,BHARATPUR
AC,RAJASTHAN,71,Nagar,BHARATPUR (SC),105,1.0,BHARATPUR
AC,RAJASTHAN,72,Deeg-Kumher,BHARATPUR (SC),105,1.0,BHARATPUR
AC,RAJASTHAN,73,Bharatpur,BHARATPUR (SC),105,1.0,BHARATPUR
AC,RAJASTHAN,74,Nadbai,BHARATPUR (SC),105,1.0,BHARATPUR
AC,RAJASTHAN,75,Weir (SC),BHARATPUR (SC),105,1.0,BHARATPUR
AC,RAJASTHAN,76,Bayana (SC),BHARATPUR (SC),105,1.0,BHARATPUR
AC,RAJASTHAN,77,Baseri (SC),KARAULI ?DHOLPUR(SC),106,1.0,DHAULPUR
AC,RAJASTHAN,78,Bari,KARAULI ?DHOLPUR(SC),106,1.0,DHAULPUR
AC,RAJASTHAN,79,Dholpur,KARAULI ?DHOLPUR(SC),106,1.0,DHAULPUR
AC,RAJASTHAN,80,Rajakhera,KARAULI ?DHOLPUR(SC),106,1.0,DHAULPUR
AC,RAJASTHAN,81,Todabhim(ST),KARAULI ?DHOLPUR(SC),107,0.8253,KARAULI *
AC,RAJASTHAN,81,Todabhim(ST),KARAULI ?DHOLPUR(SC),108,0.1747,KARAULI *
AC,RAJASTHAN,82,Hindaun (SC),KARAULI ?DHOLPUR(SC),107,0.8383,KARAULI *
AC,RAJASTHAN,82,Hindaun (SC),KARAULI ?DHOLPUR(SC),108,0.1617,KARAULI *
AC,RAJASTHAN,83,Karauli,KARAULI ?DHOLPUR(SC),107,1.0,KARAULI *
AC,RAJASTHAN,84,Sapotra (ST),KARAULI ?DHOLPUR(SC),107,1.0,KARAULI *
AC,RAJASTHAN,85,Bandikui,DAUSA (ST),109,1.0,DAUSA *
AC,RAJASTHAN,86,Mahuwa,DAUSA (ST),109,0.8576,DAUSA *
AC,RAJASTHAN,86,Mahuwa,DAUSA (ST),107,0.1424,DAUSA *
AC,RAJASTHAN,87,Sikrai (SC),DAUSA (ST),109,1.0,DAUSA *
AC,RAJASTHAN,88,Dausa,DAUSA (ST),109,1.0,DAUSA *
AC,RAJASTHAN,89,Lalsot (ST),DAUSA (ST),109,1.0,DAUSA *
AC,RAJASTHAN,90,Gangapur,TONK ? SAWAI MADHOPUR,108,0.5394,SAWAI MADHOPUR
AC,RAJASTHAN,90,Gangapur,TONK ? SAWAI MADHOPUR,107,0.4606,SAWAI MADHOPUR
AC,RAJASTHAN,91,Bamanwas(ST),TONK ? SAWAI MADHOPUR,108,1.0,SAWAI MADHOPUR
AC,RAJASTHAN,92,Sawai Madhopur,TONK ? SAWAI MADHOPUR,108,1.0,SAWAI MADHOPUR
AC,RAJASTHAN,93,Khandar (SC),TONK ? SAWAI MADHOPUR,108,1.0,SAWAI MADHOPUR
AC,RAJASTHAN,94,Malpura,TONK ? SAWAI MADHOPUR,120,1.0,TONK
AC,RAJASTHAN,95,Niwai (SC),TONK ? SAWAI MADHOPUR,120,1.0,TONK
AC,RAJASTHAN,96,Tonk,TONK ? SAWAI MADHOPUR,120,1.0,TONK
AC,RAJASTHAN,97,Deoli-Uniara,TONK ? SAWAI MADHOPUR,120,1.0,TONK
AC,RAJASTHAN,98,Kishangarh,AJMER,119,1.0,AJMER
AC,RAJASTHAN,99,Pushkar,AJMER,119,1.0,AJMER
AC,RAJASTHAN,100,Ajmer North,AJMER,119,1.0,AJMER
AC,RAJASTHAN,101,Ajmer South (SC),AJMER,119,1.0,AJMER
AC,RAJASTHAN,102,Nasirabad,AJMER,119,1.0,AJMER
AC,RAJASTHAN,103,Beawar,RAJSAMAND,119,1.0,AJMER
AC,RAJASTHAN,104,Masuda,AJMER,119,1.0,AJMER
AC,RAJASTHAN,105,Kekri,AJMER,119,1.0,AJMER
AC,RAJASTHAN,106,Ladnun,NAGAUR,112,1.0,NAGAUR
AC,RAJASTHAN,107,Deedwana,NAGAUR,112,1.0,NAGAUR
AC,RAJASTHAN,108,Jayal (SC),NAGAUR,112,1.0,NAGAUR
AC,RAJASTHAN,109,Nagaur,NAGAUR,112,1.0,NAGAUR
AC,RAJASTHAN,110,Khinwsar,NAGAUR,112,1.0,NAGAUR
AC,RAJASTHAN,111,Merta (SC),RAJSAMAND,112,1.0,NAGAUR
AC,RAJASTHAN,112,Degana,RAJSAMAND,112,1.0,NAGAUR
AC,RAJASTHAN,113,Makrana,NAGAUR,112,1.0,NAGAUR
AC,RAJASTHAN,114,Parbatsar,NAGAUR,112,1.0,NAGAUR
AC,RAJASTHAN,115,Nawan,NAGAUR,112,1.0,NAGAUR
AC,RAJASTHAN,116,Jaitaran,RAJSAMAND,118,1.0,PALI
AC,RAJASTHAN,117,Sojat (SC),PALI,118,1.0,PALI
AC,RAJASTHAN,118,Pali,PALI,118,1.0,PALI
AC,RAJASTHAN,119,Marwar Junction,PALI,118,1.0,PALI
AC,RAJASTHAN,120,Bali,PALI,118,1.0,PALI
AC,RAJASTHAN,121,Sumerpur,PALI,118,1.0,PALI
AC,RAJASTHAN,122,Phalodi,JODHPUR,113,1.0,JODHPUR
AC,RAJASTHAN,123,Lohawat,JODHPUR,113,1.0,JODHPUR
AC,RAJASTHAN,124,Shergarh,JODHPUR,113,1.0,JODHPUR
AC,RAJASTHAN,125,Osian,PALI,113,1.0,JODHPUR
AC,RAJASTHAN,126,Bhopalgarh(SC),PALI,113,1.0,JODHPUR
AC,RAJASTHAN,127,Sardarpura,JODHPUR,113,1.0,JODHPUR
AC,RAJASTHAN,128,Jodhpur,JODHPUR,113,1.0,JODHPUR
AC,RAJASTHAN,129,Soorsagar,JODHPUR,113,1.0,JODHPUR
AC,RAJASTHAN,130,Luni,JODHPUR,113,1.0,JODHPUR
AC,RAJASTHAN,131,Bilara (SC),PALI,113,1.0,JODHPUR
AC,RAJASTHAN,132,Jaisalmer,BARMER,114,1.0,JAISALMER
AC,RAJASTHAN,133,Pokaran,JODHPUR,114,1.0,JAISALMER
AC,RAJASTHAN,134,Sheo,BARMER,115,1.0,BARMER
AC,RAJASTHAN,135,Barmer,BARMER,115,1.0,BARMER
AC,RAJASTHAN,136,Baytoo,BARMER,115,1.0,BARMER
AC,RAJASTHAN,137,Pachpadra,BARMER,115,1.0,BARMER
AC,RAJASTHAN,138,Siwana,BARMER,115,1.0,BARMER
AC,RAJASTHAN,139,Gudha Malani,BARMER,115,1.0,BARMER
AC,RAJASTHAN,140,Chohtan (SC),BARMER,115,1.0,BARMER
AC,RAJASTHAN,141,Ahore,JALORE,116,1.0,JALOR
AC,RAJASTHAN,142,Jalore (SC),JALORE,116,1.0,JALOR
AC,RAJASTHAN,143,Bhinmal,JALORE,116,1.0,JALOR
AC,RAJASTHAN,144,Sanchore,JALORE,116,1.0,JALOR
AC,RAJASTHAN,145,Raniwara,JALORE,116,1.0,JALOR
AC,RAJASTHAN,146,Sirohi,JALORE,117,1.0,SIROHI
AC,RAJASTHAN,147,Pindwara Abu (ST),JALORE,117,1.0,SIROHI
AC,RAJASTHAN,148,Reodar(SC),JALORE,117,1.0,SIROHI
AC,RAJASTHAN,149,Gogunda(ST),UDAIPUR (ST),130,1.0,UDAIPUR
AC,RAJASTHAN,150,Jhadol(ST),UDAIPUR (ST),130,1.0,UDAIPUR
AC,RAJASTHAN,151,Kherwara(ST),UDAIPUR (ST),130,1.0,UDAIPUR
AC,RAJASTHAN,152,Udaipur Rural(ST),UDAIPUR (ST),130,1.0,UDAIPUR
AC,RAJASTHAN,153,Udaipur,UDAIPUR (ST),130,1.0,UDAIPUR
AC,RAJASTHAN,154,Mavli,CHITTORGARH,130,1.0,UDAIPUR
AC,RAJASTHAN,155,Vallabhnagar,CHITTORGARH,130,1.0,UDAIPUR
AC,RAJASTHAN,156,Salumber(ST),UDAIPUR (ST),130,1.0,UDAIPUR
AC,RAJASTHAN,157,Dhariawad(ST),UDAIPUR (ST),130,0.6767,UDAIPUR
AC,RAJASTHAN,157,Dhariawad(ST),UDAIPUR (ST),131,0.3233,UDAIPUR
AC,RAJASTHAN,158,Dungarpur(ST),BANSWARA(ST),124,1.0,DUNGARPUR
AC,RAJASTHAN,159,Aspur (ST),UDAIPUR (ST),124,1.0,DUNGARPUR
AC,RAJASTHAN,160,Sagwara(ST),BANSWARA(ST),124,1.0,DUNGARPUR
AC,RAJASTHAN,161,Chorasi (ST),BANSWARA(ST),124,1.0,DUNGARPUR
AC,RAJASTHAN,162,Ghatol (ST),BANSWARA(ST),125,0.6059,BANSWARA
AC,RAJASTHAN,162,Ghatol (ST),BANSWARA(ST),131,0.3941,BANSWARA
AC,RAJASTHAN,163,Garhi (ST),BANSWARA(ST),125,1.0,BANSWARA
AC,RAJASTHAN,164,Banswara(ST),BANSWARA(ST),125,1.0,BANSWARA
AC,RAJASTHAN,165,Bagidora(ST),BANSWARA(ST),125,1.0,BANSWARA
AC,RAJASTHAN,166,Kushalgarh(ST),BANSWARA(ST),125,1.0,BANSWARA
AC,RAJASTHAN,167,Kapasan(SC),CHITTORGARH,126,1.0,CHITTAURGARH
AC,RAJASTHAN,168,Begun,CHITTORGARH,126,1.0,CHITTAURGARH
AC,RAJASTHAN,169,Chittorgarh,CHITTORGARH,126,1.0,CHITTAURGARH
AC,RAJASTHAN,170,Nimbahera,CHITTORGARH,126,0.5738,CHITTAURGARH
AC,RAJASTHAN,170,Nimbahera,CHITTORGARH,131,0.4262,CHITTAURGARH
AC,RAJASTHAN,171,Bari Sadri,CHITTORGARH,126,0.5749,CHITTAURGARH
AC,RAJASTHAN,171,Bari Sadri,CHITTORGARH,131,0.4251,CHITTAURGARH
AC,RAJASTHAN,172,Pratapgarh(ST),CHITTORGARH,131,1.0,CHITTAURGARH
AC,RAJASTHAN,173,Bhim,RAJSAMAND,123,1.0,RAJSAMAND *
AC,RAJASTHAN,174,Kumbhalgarh,RAJSAMAND,123,1.0,RAJSAMAND *
AC,RAJASTHAN,175,Rajsamand,RAJSAMAND,123,1.0,RAJSAMAND *
AC,RAJASTHAN,176,Nathdwara,RAJSAMAND,123,1.0,RAJSAMAND *
AC,RAJASTHAN,177,Asind,BHILWARA,122,1.0,BHILWARA
AC,RAJASTHAN,178,Mandal,BHILWARA,122,1.0,BHILWARA
AC,RAJASTHAN,179,Sahara,BHILWARA,122,1.0,BHILWARA
AC,RAJASTHAN,180,Bhilwara,BHILWARA,122,1.0,BHILWARA
AC,RAJASTHAN,181,Shahpura(SC),BHILWARA,122,1.0,BHILWARA
AC,RAJASTHAN,182,Jahazpur,BHILWARA,122,1.0,BHILWARA
AC,RAJASTHAN,183,Mandalgarh,BHILWARA,122,1.0,BHILWARA
AC,RAJASTHAN,184,Hindoli,BHILWARA,121,1.0,BUNDI
AC,RAJASTHAN,185,Keshoraipatan(SC),KOTA,121,1.0,BUNDI
AC,RAJASTHAN,186,Bundi,KOTA,121,1.0,BUNDI
AC,RAJASTHAN,187,Pipalda,KOTA,127,1.0,KOTA
AC,RAJASTHAN,188,Sangod,KOTA,127,1.0,KOTA
AC,RAJASTHAN,189,Kota North,KOTA,127,0.7682,KOTA
AC,RAJASTHAN,189,Kota North,KOTA,121,0.2318,KOTA
AC,RAJASTHAN,190,Kota South,KOTA,127,1.0,KOTA
AC,RAJASTHAN,191,Ladpura,KOTA,127,1.0,KOTA
AC,RAJASTHAN,192,Ramganj Mandi (SC),KOTA,127,1.0,KOTA
AC,RAJASTHAN,193,Anta,JHALAWAR-BARAN,128,1.0,BARAN *
AC,RAJASTHAN,194,Kishanganj,JHALAWAR-BARAN,128,1.0,BARAN *
AC,RAJASTHAN,195,Baran?Atru (SC),JHALAWAR-BARAN,128,1.0,BARAN *
AC,RAJASTHAN,196,Chhabra,JHALAWAR-BARAN,128,1.0,BARAN *
AC,RAJASTHAN,197,Dag (SC),JHALAWAR-BARAN,129,1.0,JHALAWAR
AC,RAJASTHAN,198,Jhalrapatan,JHALAWAR-BARAN,129,1.0,JHALAWAR
AC,RAJASTHAN,199,Khanpur,JHALAWAR-BARAN,129,1.0,JHALAWAR
AC,RAJASTHAN,200,Manohar Thana,JHALAWAR-BARAN,129,1.0,JHALAWAR
AC,SIKKIM,1,Yoksam-Tashiding(BL),SIKKIM,242,1.0,WEST
AC,SIKKIM,2,Yangthang,SIKKIM,242,1.0,WEST
AC,SIKKIM,3,Maneybung-Dentam,SIKKIM,242,1.0,WEST
AC,SIKKIM,4,Gyalshing-Barnyak,SIKKIM,242,1.0,WEST
AC,SIKKIM,5,Rinchenpong(BL),SIKKIM,242,1.0,WEST
AC,SIKKIM,6,Daramdin(BL),SIKKIM,242,1.0,WEST
AC,SIKKIM,7,Soreong-Chakung,SIKKIM,242,1.0,WEST
AC,SIKKIM,8,Salghari-Zoom (SC),SIKKIM,242,0.7841,SOUTH
AC,SIKKIM,8,Salghari-Zoom (SC),SIKKIM,243,0.2159,SOUTH
AC,SIKKIM,9,Barfung(BL),SIKKIM,243,0.8985,SOUTH
AC,SIKKIM,9,Barfung(BL),SIKKIM,242,0.1015,SOUTH
AC,SIKKIM,10,Poklok-Kamrang,SIKKIM,243,1.0,SOUTH
AC,SIKKIM,11,Namchi-Singhithang,SIKKIM,243,1.0,SOUTH
AC,SIKKIM,12,Melli,SIKKIM,243,1.0,SOUTH
AC,SIKKIM,13,Namthang-Rateypani,SIKKIM,243,1.0,SOUTH
AC,SIKKIM,14,Temi-Namphing,SIKKIM,243,1.0,SOUTH
AC,SIKKIM,15,Rangang-Yangang,SIKKIM,243,1.0,SOUTH
AC,SIKKIM,16,Tumen-Lingi(BL),SIKKIM,244,0.6939,SOUTH
AC,SIKKIM,16,Tumen-Lingi(BL),SIKKIM,243,0.3061,SOUTH
AC,SIKKIM,17,Khamdong-Singtam,SIKKIM,244,0.8951,EAST
AC,SIKKIM,17,Khamdong-Singtam,SIKKIM,243,0.1049,EAST
AC,SIKKIM,18,West Pendam(SC),SIKKIM,244,0.8926,EAST
AC,SIKKIM,18,West Pendam(SC),SIKKIM,243,0.1074,EAST
AC,SIKKIM,19,Rhenock,SIKKIM,244,0.8858,EAST
AC,SIKKIM,19,Rhenock,SIKKIM,327,0.1142,EAST
AC,SIKKIM,20,Chujachen,SIKKIM,244,1.0,EAST
AC,SIKKIM,21,Gnathang-Machong(BL),SIKKIM,244,1.0,EAST
AC,SIKKIM,22,Namcheybung,SIKKIM,244,1.0,EAST
AC,SIKKIM,23,Shyari(BL),SIKKIM,244,1.0,EAST
AC,SIKKIM,24,Martam-Rumtek (BL),SIKKIM,244,1.0,EAST
AC,SIKKIM,25,Upper Tadong,SIKKIM,244,1.0,EAST
AC,SIKKIM,26,Arithang,SIKKIM,244,1.0,EAST
AC,SIKKIM,27,Gangtok(BL),SIKKIM,244,1.0,EAST
AC,SIKKIM,28,Upper Burtuk,SIKKIM,244,1.0,EAST
AC,SIKKIM,29,Kabi Lungchuk(BL),SIKKIM,241,0.7922,EAST
AC,SIKKIM,29,Kabi Lungchuk(BL),SIKKIM,244,0.2078,EAST
AC,SIKKIM,30,Djongu(BL),SIKKIM,241,1.0,NORTH
AC,SIKKIM,31,Lachen Mangan(BL),SIKKIM,241,1.0,NORTH
AC,TAMIL NADU,1,Gummidipoondi,TIRUVALLUR (SC),602,1.0,THIRUVALLUR
AC,TAMIL NADU,2,Ponneri (SC),TIRUVALLUR (SC),602,1.0,THIRUVALLUR
AC,TAMIL NADU,3,Tiruttani,ARAKKONAM,602,1.0,THIRUVALLUR
AC,TAMIL NADU,4,Thiruvallur,TIRUVALLUR (SC),602,1.0,THIRUVALLUR
AC,TAMIL NADU,5,Poonamallee (SC),TIRUVALLUR (SC),602,0.6885,THIRUVALLUR
AC,TAMIL NADU,5,Poonamallee (SC),TIRUVALLUR (SC),604,0.3115,THIRUVALLUR
AC,TAMIL NADU,6,Avadi,TIRUVALLUR (SC),604,0.5661,THIRUVALLUR
AC,TAMIL NADU,6,Avadi,TIRUVALLUR (SC),602,0.4339,THIRUVALLUR
AC,TAMIL NADU,7,Maduravoyal,SRIPERUMBUDUR,602,1.0,THIRUVALLUR
AC,TAMIL NADU,8,Ambattur,SRIPERUMBUDUR,602,1.0,THIRUVALLUR
AC,TAMIL NADU,9,Madavaram,TIRUVALLUR (SC),602,1.0,THIRUVALLUR
AC,TAMIL NADU,10,Tiruvottiyur,CHENNAI NORTH,602,1.0,THIRUVALLUR
AC,TAMIL NADU,11,Dr.Radhakrishnan Naga,CHENNAI NORTH,603,0.8849,CHENNAI
AC,TAMIL NADU,11,Dr.Radhakrishnan Naga,CHENNAI NORTH,602,0.1151,CHENNAI
AC,TAMIL NADU,12,Perambur,CHENNAI NORTH,602,0.6528,CHENNAI
AC,TAMIL NADU,12,Perambur,CHENNAI NORTH,603,0.3472,CHENNAI
AC,TAMIL NADU,13,Kolathur,CHENNAI NORTH,603,0.5305,CHENNAI
AC,TAMIL NADU,13,Kolathur,CHENNAI NORTH,602,0.4695,CHENNAI
AC,TAMIL NADU,14,Villivakkam,CHENNAI CENTRAL,602,0.5656,CHENNAI
AC,TAMIL NADU,14,Villivakkam,CHENNAI CENTRAL,603,0.4344,CHENNAI
AC,TAMIL NADU,15,Thiru-Vi-Ka-Nagar(SC),CHENNAI NORTH,603,1.0,CHENNAI
AC,TAMIL NADU,16,Egmore (SC),CHENNAI CENTRAL,603,1.0,CHENNAI
AC,TAMIL NADU,17,Royapuram,CHENNAI NORTH,603,1.0,CHENNAI
AC,TAMIL NADU,18,Harbour,CHENNAI CENTRAL,603,1.0,CHENNAI
AC,TAMIL NADU,19,Chepauk-Thiruvalliken,CHENNAI CENTRAL,603,1.0,CHENNAI
AC,TAMIL NADU,20,Thousand Lights,CHENNAI CENTRAL,603,1.0,CHENNAI
AC,TAMIL NADU,21,Anna Nagar,CHENNAI CENTRAL,603,0.8036,CHENNAI
AC,TAMIL NADU,21,Anna Nagar,CHENNAI CENTRAL,602,0.1964,CHENNAI
AC,TAMIL NADU,22,Virugampakkam,CHENNAI SOUTH,602,1.0,CHENNAI
AC,TAMIL NADU,23,Saidapet,CHENNAI SOUTH,603,1.0,CHENNAI
AC,TAMIL NADU,24,Thiyagarayanagar,CHENNAI SOUTH,603,0.8393,CHENNAI
AC,TAMIL NADU,24,Thiyagarayanagar,CHENNAI SOUTH,602,0.1607,CHENNAI
AC,TAMIL NADU,25,Mylapore,CHENNAI SOUTH,603,1.0,CHENNAI
AC,TAMIL NADU,26,Velachery,CHENNAI SOUTH,604,0.6643,CHENNAI
AC,TAMIL NADU,26,Velachery,CHENNAI SOUTH,603,0.3357,CHENNAI
AC,TAMIL NADU,27,Shozhinganallur,CHENNAI SOUTH,604,1.0,KANCHEEPURAM
AC,TAMIL NADU,28,Alandur,SRIPERUMBUDUR,604,1.0,KANCHEEPURAM
AC,TAMIL NADU,29,Sriperumbudur (SC),SRIPERUMBUDUR,604,1.0,KANCHEEPURAM
AC,TAMIL NADU,30,Pallavaram,SRIPERUMBUDUR,604,1.0,KANCHEEPURAM
AC,TAMIL NADU,31,Tambaram,SRIPERUMBUDUR,604,1.0,KANCHEEPURAM
AC,TAMIL NADU,32,Chengalpattu,KANCHEEPURAM (SC),604,1.0,KANCHEEPURAM
AC,TAMIL NADU,33,Thiruporur,KANCHEEPURAM (SC),604,1.0,KANCHEEPURAM
AC,TAMIL NADU,34,Cheyyur (SC),KANCHEEPURAM (SC),604,1.0,KANCHEEPURAM
AC,TAMIL NADU,35,Madurantakam (SC),KANCHEEPURAM (SC),604,1.0,KANCHEEPURAM
AC,TAMIL NADU,36,Uthiramerur,KANCHEEPURAM (SC),604,1.0,KANCHEEPURAM
AC,TAMIL NADU,37,Kancheepuram,KANCHEEPURAM (SC),604,1.0,KANCHEEPURAM
AC,TAMIL NADU,38,Arakkonam (SC),ARAKKONAM,605,1.0,VELLORE
AC,TAMIL NADU,39,Sholingur,ARAKKONAM,605,1.0,VELLORE
AC,TAMIL NADU,40,Katpadi,ARAKKONAM,605,1.0,VELLORE
AC,TAMIL NADU,41,Ranipet,ARAKKONAM,605,1.0,VELLORE
AC,TAMIL NADU,42,Arcot,ARAKKONAM,605,1.0,VELLORE
AC,TAMIL NADU,43,Vellore,VELLORE,605,1.0,VELLORE
AC,TAMIL NADU,44,Anaikattu,VELLORE,605,1.0,VELLORE
AC,TAMIL NADU,45,Kilvaithinankuppam(SC,VELLORE,605,1.0,VELLORE
AC,TAMIL NADU,46,Gudiyattam (SC),VELLORE,605,1.0,VELLORE
AC,TAMIL NADU,47,Vaniyambadi,VELLORE,605,1.0,VELLORE
AC,TAMIL NADU,48,Ambur,VELLORE,605,1.0,VELLORE
AC,TAMIL NADU,49,Jolarpet,TIRUVANNAMALAI,605,1.0,VELLORE
AC,TAMIL NADU,50,Tiruppattur,TIRUVANNAMALAI,605,1.0,VELLORE
AC,TAMIL NADU,51,Uthangarai (SC),KRISHNAGIRI,631,1.0,KRISHNAGIRI
AC,TAMIL NADU,52,Bargur,KRISHNAGIRI,631,1.0,KRISHNAGIRI
AC,TAMIL NADU,53,Krishnagiri,KRISHNAGIRI,631,1.0,KRISHNAGIRI
AC,TAMIL NADU,54,Veppanahalli,KRISHNAGIRI,631,1.0,KRISHNAGIRI
AC,TAMIL NADU,55,Hosur,KRISHNAGIRI,631,1.0,KRISHNAGIRI
AC,TAMIL NADU,56,Thalli,KRISHNAGIRI,631,1.0,KRISHNAGIRI
AC,TAMIL NADU,57,Palacodu,DHARMAPURI,630,1.0,DHARMAPURI
AC,TAMIL NADU,58,Pennagaram,DHARMAPURI,630,1.0,DHARMAPURI
AC,TAMIL NADU,59,Dharmapuri,DHARMAPURI,630,1.0,DHARMAPURI
AC,TAMIL NADU,60,Pappireddippatti,DHARMAPURI,630,1.0,DHARMAPURI
AC,TAMIL NADU,61,Harur (SC),DHARMAPURI,630,1.0,DHARMAPURI
AC,TAMIL NADU,62,Chengam (SC),TIRUVANNAMALAI,606,1.0,TIRUVANNAMALAI
AC,TAMIL NADU,63,Tiruvannamalai,TIRUVANNAMALAI,606,1.0,TIRUVANNAMALAI
AC,TAMIL NADU,64,Kilpennathur,TIRUVANNAMALAI,606,1.0,TIRUVANNAMALAI
AC,TAMIL NADU,65,Kalasapakkam,TIRUVANNAMALAI,606,1.0,TIRUVANNAMALAI
AC,TAMIL NADU,66,Polur,ARANI,606,1.0,TIRUVANNAMALAI
AC,TAMIL NADU,67,Arani,ARANI,606,1.0,TIRUVANNAMALAI
AC,TAMIL NADU,68,Cheyyar,ARANI,606,1.0,TIRUVANNAMALAI
AC,TAMIL NADU,69,Vandavasi (SC),ARANI,606,1.0,TIRUVANNAMALAI
AC,TAMIL NADU,70,Vandavasi (SC),ARANI,607,1.0,VILUPPURAM
AC,TAMIL NADU,71,Mailam,ARANI,607,1.0,VILUPPURAM
AC,TAMIL NADU,72,Tindivanam (SC),VILUPPURAM (SC),607,1.0,VILUPPURAM
AC,TAMIL NADU,73,Vanur (SC),VILUPPURAM (SC),607,1.0,VILUPPURAM
AC,TAMIL NADU,74,Viluppuram,VILUPPURAM (SC),607,1.0,VILUPPURAM
AC,TAMIL NADU,75,Vikravandi,VILUPPURAM (SC),607,1.0,VILUPPURAM
AC,TAMIL NADU,76,Tirukkoyilur,VILUPPURAM (SC),607,1.0,VILUPPURAM
AC,TAMIL NADU,77,Ulundurpettai,VILUPPURAM (SC),607,1.0,VILUPPURAM
AC,TAMIL NADU,78,Rishivandiyam,KALLAKURICHI,607,1.0,VILUPPURAM
AC,TAMIL NADU,79,Sankarapuram,KALLAKURICHI,607,1.0,VILUPPURAM
AC,TAMIL NADU,80,Kallakurichi (SC),KALLAKURICHI,607,1.0,VILUPPURAM
AC,TAMIL NADU,81,Gangavalli (SC),KALLAKURICHI,608,1.0,SALEM
AC,TAMIL NADU,82,Attur(SC),KALLAKURICHI,608,1.0,SALEM
AC,TAMIL NADU,83,Yercaud (ST),KALLAKURICHI,608,1.0,SALEM
AC,TAMIL NADU,84,Omalur,SALEM,608,1.0,SALEM
AC,TAMIL NADU,85,Mettur,DHARMAPURI,608,1.0,SALEM
AC,TAMIL NADU,86,Edappadi,SALEM,608,1.0,SALEM
AC,TAMIL NADU,87,Sankari,NAMAKKAL,608,1.0,SALEM
AC,TAMIL NADU,88,Salem (West),SALEM,608,1.0,SALEM
AC,TAMIL NADU,89,Salem (North),SALEM,608,1.0,SALEM
AC,TAMIL NADU,90,Salem (South),SALEM,608,1.0,SALEM
AC,TAMIL NADU,91,Veerapandi,SALEM,608,1.0,SALEM
AC,TAMIL NADU,92,Rasipuram (SC),NAMAKKAL,609,1.0,NAMAKKAL   *
AC,TAMIL NADU,93,Senthamangalam(ST),NAMAKKAL,609,1.0,NAMAKKAL   *
AC,TAMIL NADU,94,Namakkal,NAMAKKAL,609,1.0,NAMAKKAL   *
AC,TAMIL NADU,95,Paramathi-Velur,NAMAKKAL,609,1.0,NAMAKKAL   *
AC,TAMIL NADU,96,Tiruchengodu,NAMAKKAL,609,1.0,NAMAKKAL   *
AC,TAMIL NADU,97,Kumarapalayam,ERODE,609,1.0,NAMAKKAL   *
AC,TAMIL NADU,98,Erode (East),ERODE,610,1.0,ERODE
AC,TAMIL NADU,99,Erode (West),ERODE,610,1.0,ERODE
AC,TAMIL NADU,100,Modakkurichi,ERODE,610,1.0,ERODE
AC,TAMIL NADU,101,Dharapuram (SC),ERODE,633,1.0,ERODE
AC,TAMIL NADU,102,Kangayam,ERODE,633,0.8658,ERODE
AC,TAMIL NADU,102,Kangayam,ERODE,610,0.1342,ERODE
AC,TAMIL NADU,103,Perundurai,TIRUPPUR,610,0.6346,ERODE
AC,TAMIL NADU,103,Perundurai,TIRUPPUR,633,0.3654,ERODE
AC,TAMIL NADU,104,Bhavani,TIRUPPUR,610,1.0,ERODE
AC,TAMIL NADU,105,Anthiyur,TIRUPPUR,610,1.0,ERODE
AC,TAMIL NADU,106,Gobichettipalayam,TIRUPPUR,610,1.0,ERODE
AC,TAMIL NADU,107,Bhavanisagar,NILGIRIS (SC),610,1.0,ERODE
AC,TAMIL NADU,108,Udhagamandalam,NILGIRIS (SC),611,1.0,THE NILGIRIS
AC,TAMIL NADU,109,Gudalur (SC),NILGIRIS (SC),611,1.0,THE NILGIRIS
AC,TAMIL NADU,110,Coonoor,NILGIRIS (SC),611,1.0,THE NILGIRIS
AC,TAMIL NADU,111,Mettuppalayam,NILGIRIS (SC),632,1.0,COIMBATORE
AC,TAMIL NADU,112,Avanashi (SC),NILGIRIS (SC),633,0.5704,COIMBATORE
AC,TAMIL NADU,112,Avanashi (SC),NILGIRIS (SC),632,0.4296,COIMBATORE
AC,TAMIL NADU,113,Tiruppur (North),TIRUPPUR,633,1.0,COIMBATORE
AC,TAMIL NADU,114,Tiruppur (South),TIRUPPUR,633,1.0,COIMBATORE
AC,TAMIL NADU,115,Palladam,COIMBATORE,633,1.0,COIMBATORE
AC,TAMIL NADU,116,Sulur,COIMBATORE,632,1.0,COIMBATORE
AC,TAMIL NADU,117,Kavundampalayam,COIMBATORE,632,1.0,COIMBATORE
AC,TAMIL NADU,118,Coimbatore(North),COIMBATORE,632,1.0,COIMBATORE
AC,TAMIL NADU,119,Thondamuthur,POLLACHI,632,1.0,COIMBATORE
AC,TAMIL NADU,120,Coimbatore(South),COIMBATORE,632,1.0,COIMBATORE
AC,TAMIL NADU,121,Singanallur,COIMBATORE,632,1.0,COIMBATORE
AC,TAMIL NADU,122,Kinathukadavu,POLLACHI,632,1.0,COIMBATORE
AC,TAMIL NADU,123,Pollachi,POLLACHI,632,1.0,COIMBATORE
AC,TAMIL NADU,124,Valparai (SC),POLLACHI,632,1.0,COIMBATORE
AC,TAMIL NADU,125,Udumalaipettai,POLLACHI,633,0.6167,COIMBATORE
AC,TAMIL NADU,125,Udumalaipettai,POLLACHI,632,0.3833,COIMBATORE
AC,TAMIL NADU,126,Madathukulam,POLLACHI,633,1.0,COIMBATORE
AC,TAMIL NADU,127,Palani,DINDIGUL,612,1.0,DINDIGUL
AC,TAMIL NADU,128,Oddanchatram,DINDIGUL,612,1.0,DINDIGUL
AC,TAMIL NADU,129,Athoor,DINDIGUL,612,1.0,DINDIGUL
AC,TAMIL NADU,130,Nilakkottai (SC),DINDIGUL,612,1.0,DINDIGUL
AC,TAMIL NADU,131,Natham,DINDIGUL,612,1.0,DINDIGUL
AC,TAMIL NADU,132,Dindigul,DINDIGUL,612,1.0,DINDIGUL
AC,TAMIL NADU,133,Vedasandur,KARUR,612,1.0,DINDIGUL
AC,TAMIL NADU,134,Aravakurichi,KARUR,613,1.0,KARUR  *
AC,TAMIL NADU,135,Karur,KARUR,613,1.0,KARUR  *
AC,TAMIL NADU,136,Krishnarayapuram(SC),KARUR,613,1.0,KARUR  *
AC,TAMIL NADU,137,Kulithalai,PERAMBALUR,613,1.0,KARUR  *
AC,TAMIL NADU,138,Manapparai,KARUR,614,1.0,TIRUCHIRAPPALLI
AC,TAMIL NADU,139,Srirangam,TIRUCHIRAPPALLI,614,1.0,TIRUCHIRAPPALLI
AC,TAMIL NADU,140,Tiruchirappalli,TIRUCHIRAPPALLI,614,1.0,TIRUCHIRAPPALLI
AC,TAMIL NADU,141,Tiruchirappalli,TIRUCHIRAPPALLI,614,1.0,TIRUCHIRAPPALLI
AC,TAMIL NADU,142,Thiruverumbur,TIRUCHIRAPPALLI,614,1.0,TIRUCHIRAPPALLI
AC,TAMIL NADU,143,Lalgudi,PERAMBALUR,614,1.0,TIRUCHIRAPPALLI
AC,TAMIL NADU,144,Manachanallur,PERAMBALUR,614,1.0,TIRUCHIRAPPALLI
AC,TAMIL NADU,145,Musiri,PERAMBALUR,614,1.0,TIRUCHIRAPPALLI
AC,TAMIL NADU,146,Thuraiyur (SC),PERAMBALUR,614,1.0,TIRUCHIRAPPALLI
AC,TAMIL NADU,147,Perambalur (SC),PERAMBALUR,615,1.0,PERAMBALUR
AC,TAMIL NADU,148,Kunnam,CHIDAMBARAM (SC),615,0.69,PERAMBALUR
AC,TAMIL NADU,148,Kunnam,CHIDAMBARAM (SC),616,0.31,PERAMBALUR
AC,TAMIL NADU,149,Ariyalur,CHIDAMBARAM (SC),616,1.0,PERAMBALUR
AC,TAMIL NADU,150,Jayankondam,CHIDAMBARAM (SC),616,1.0,PERAMBALUR
AC,TAMIL NADU,151,Tittakudi (SC),CUDDALORE,617,1.0,CUDDALORE
AC,TAMIL NADU,152,Vriddhachalam,CUDDALORE,617,1.0,CUDDALORE
AC,TAMIL NADU,153,Neyveli,CUDDALORE,617,1.0,CUDDALORE
AC,TAMIL NADU,154,Panruti,CUDDALORE,617,1.0,CUDDALORE
AC,TAMIL NADU,155,Cuddalore,CUDDALORE,617,1.0,CUDDALORE
AC,TAMIL NADU,156,Kurinjipadi,CUDDALORE,617,1.0,CUDDALORE
AC,TAMIL NADU,157,Bhuvanagiri,CHIDAMBARAM (SC),617,1.0,CUDDALORE
AC,TAMIL NADU,158,Chidambaram,CHIDAMBARAM (SC),617,1.0,CUDDALORE
AC,TAMIL NADU,159,Kattumannarkoil(SC),CHIDAMBARAM (SC),617,1.0,CUDDALORE
AC,TAMIL NADU,160,Sirkazhi (SC),MAYILADUTHURAI,618,1.0,NAGAPATTINAM  *
AC,TAMIL NADU,161,Mayiladuthurai,MAYILADUTHURAI,618,1.0,NAGAPATTINAM  *
AC,TAMIL NADU,162,Poompuhar,MAYILADUTHURAI,618,1.0,NAGAPATTINAM  *
AC,TAMIL NADU,163,Nagapattinam,NAGAPATTINAM (SC),618,1.0,NAGAPATTINAM  *
AC,TAMIL NADU,164,Kilvelur (SC),NAGAPATTINAM (SC),618,1.0,NAGAPATTINAM  *
AC,TAMIL NADU,165,Vedaranyam,NAGAPATTINAM (SC),618,1.0,NAGAPATTINAM  *
AC,TAMIL NADU,166,Thiruthuraipoondi(SC),NAGAPATTINAM (SC),619,1.0,THIRUVARUR
AC,TAMIL NADU,167,Mannargudi,THANJAVUR,619,1.0,THIRUVARUR
AC,TAMIL NADU,168,Thiruvarur,NAGAPATTINAM (SC),619,1.0,THIRUVARUR
AC,TAMIL NADU,169,Nannilam,NAGAPATTINAM (SC),619,1.0,THIRUVARUR
AC,TAMIL NADU,170,Thiruvidaimarudur,MAYILADUTHURAI,620,1.0,THANJAVUR
AC,TAMIL NADU,171,Kumbakonam,MAYILADUTHURAI,620,1.0,THANJAVUR
AC,TAMIL NADU,172,Papanasam,MAYILADUTHURAI,620,1.0,THANJAVUR
AC,TAMIL NADU,173,Thiruvaiyaru,THANJAVUR,620,1.0,THANJAVUR
AC,TAMIL NADU,174,Thanjavur,THANJAVUR,620,1.0,THANJAVUR
AC,TAMIL NADU,175,Orathanadu,THANJAVUR,620,1.0,THANJAVUR
AC,TAMIL NADU,176,Pattukkottai,THANJAVUR,620,1.0,THANJAVUR
AC,TAMIL NADU,177,Peravurani,THANJAVUR,620,1.0,THANJAVUR
AC,TAMIL NADU,178,Gandharvakottai(SC),TIRUCHIRAPPALLI,621,1.0,PUDUKKOTTAI
AC,TAMIL NADU,179,Viralimalai,KARUR,621,1.0,PUDUKKOTTAI
AC,TAMIL NADU,180,Pudukkottai,TIRUCHIRAPPALLI,621,1.0,PUDUKKOTTAI
AC,TAMIL NADU,181,Thirumayam,SIVAGANGA,621,1.0,PUDUKKOTTAI
AC,TAMIL NADU,182,Alangudi,SIVAGANGA,621,1.0,PUDUKKOTTAI
AC,TAMIL NADU,183,Aranthangi,RAMANATHAPURAM,621,1.0,PUDUKKOTTAI
AC,TAMIL NADU,184,Karaikudi,SIVAGANGA,622,1.0,SIVAGANGA
AC,TAMIL NADU,185,Tiruppattur,SIVAGANGA,622,1.0,SIVAGANGA
AC,TAMIL NADU,186,Sivaganga,SIVAGANGA,622,1.0,SIVAGANGA
AC,TAMIL NADU,187,Manamadurai(SC),SIVAGANGA,622,1.0,SIVAGANGA
AC,TAMIL NADU,188,Melur,MADURAI,623,1.0,MADURAI
AC,TAMIL NADU,189,Madurai East,MADURAI,623,1.0,MADURAI
AC,TAMIL NADU,190,Sholavandan(SC),THENI,623,1.0,MADURAI
AC,TAMIL NADU,191,Madurai North,MADURAI,623,1.0,MADURAI
AC,TAMIL NADU,192,Madurai South,MADURAI,623,1.0,MADURAI
AC,TAMIL NADU,193,Madurai Central,MADURAI,623,1.0,MADURAI
AC,TAMIL NADU,194,Madurai West,MADURAI,623,1.0,MADURAI
AC,TAMIL NADU,195,Thiruparankundram,VIRUDHUNAGAR,623,1.0,MADURAI
AC,TAMIL NADU,196,Thirumangalam,VIRUDHUNAGAR,623,1.0,MADURAI
AC,TAMIL NADU,197,Usilampatti,THENI,623,1.0,MADURAI
AC,TAMIL NADU,198,Andipatti,THENI,624,1.0,THENI  *
AC,TAMIL NADU,199,Periyakulam,THENI,624,1.0,THENI  *
AC,TAMIL NADU,200,Bodinayakanur,THENI,624,1.0,THENI  *
AC,TAMIL NADU,201,Cumbum,THENI,624,1.0,THENI  *
AC,TAMIL NADU,202,Rajapalayam,TENKASI (SC),625,1.0,VIRUDHUNAGAR
AC,TAMIL NADU,203,Srivilliputhur(SC),TENKASI (SC),625,1.0,VIRUDHUNAGAR
AC,TAMIL NADU,204,Sattur,VIRUDHUNAGAR,625,1.0,VIRUDHUNAGAR
AC,TAMIL NADU,205,Sivakasi,VIRUDHUNAGAR,625,1.0,VIRUDHUNAGAR
AC,TAMIL NADU,206,Virudhunagar,VIRUDHUNAGAR,625,1.0,VIRUDHUNAGAR
AC,TAMIL NADU,207,Aruppukkottai,VIRUDHUNAGAR,625,1.0,VIRUDHUNAGAR
AC,TAMIL NADU,208,Tiruchuli,RAMANATHAPURAM,625,1.0,VIRUDHUNAGAR
AC,TAMIL NADU,209,Paramakudi (SC),RAMANATHAPURAM,626,1.0,RAMANATHAPURAM
AC,TAMIL NADU,210,Tiruvadanai,RAMANATHAPURAM,626,1.0,RAMANATHAPURAM
AC,TAMIL NADU,211,Ramanathapuram,RAMANATHAPURAM,626,0.8375,RAMANATHAPURAM
AC,TAMIL NADU,211,Ramanathapuram,RAMANATHAPURAM,625,0.1625,RAMANATHAPURAM
AC,TAMIL NADU,212,Mudhukulathur,RAMANATHAPURAM,626,1.0,RAMANATHAPURAM
AC,TAMIL NADU,213,Vilathikulam,THOOTHUKKUDI,627,1.0,THOOTHUKKUDI
AC,TAMIL NADU,214,Thoothukkudi,THOOTHUKKUDI,627,1.0,THOOTHUKKUDI
AC,TAMIL NADU,215,Tiruchendur,THOOTHUKKUDI,627,1.0,THOOTHUKKUDI
AC,TAMIL NADU,216,Srivaikuntam,THOOTHUKKUDI,627,1.0,THOOTHUKKUDI
AC,TAMIL NADU,217,Ottapidaram(SC),THOOTHUKKUDI,627,1.0,THOOTHUKKUDI
AC,TAMIL NADU,218,Kovilpatti,THOOTHUKKUDI,627,1.0,THOOTHUKKUDI
AC,TAMIL NADU,219,Sankarankovil(SC),TENKASI (SC),628,1.0,TIRUNELVELI
AC,TAMIL NADU,220,Vasudevanallur(SC),TENKASI (SC),628,1.0,TIRUNELVELI
AC,TAMIL NADU,221,Kadayanallur,TENKASI (SC),628,1.0,TIRUNELVELI
AC,TAMIL NADU,222,Tenkasi,TENKASI (SC),628,1.0,TIRUNELVELI
AC,TAMIL NADU,223,Alangulam,TENKASI (SC),628,1.0,TIRUNELVELI
AC,TAMIL NADU,224,Tirunelveli,TIRUNELVELI,628,1.0,TIRUNELVELI
AC,TAMIL NADU,225,Ambasamudram,TIRUNELVELI,628,1.0,TIRUNELVELI
AC,TAMIL NADU,226,Palayamkottai,TIRUNELVELI,628,1.0,TIRUNELVELI
AC,TAMIL NADU,227,Nanguneri,TIRUNELVELI,628,1.0,TIRUNELVELI
AC,TAMIL NADU,228,Radhapuram,TIRUNELVELI,628,1.0,TIRUNELVELI
AC,TAMIL NADU,229,Kanniyakumari,KANNIYAKUMARI,629,1.0,KANNIYAKUMARI
AC,TAMIL NADU,230,Nagercoil,KANNIYAKUMARI,629,1.0,KANNIYAKUMARI
AC,TAMIL NADU,231,Colachel,KANNIYAKUMARI,629,1.0,KANNIYAKUMARI
AC,TAMIL NADU,232,Padmanabhapuram,KANNIYAKUMARI,629,1.0,KANNIYAKUMARI
AC,TAMIL NADU,233,Vilavancode,KANNIYAKUMARI,629,1.0,KANNIYAKUMARI
AC,TAMIL NADU,234,Killiyoor,KANNIYAKUMARI,629,1.0,KANNIYAKUMARI
AC,TRIPURA,1,SIMNA (ST),TRIPURA WEST,289,1.0,WEST TRIPURA
AC,TRIPURA,2,MOHANPUR,TRIPURA WEST,289,1.0,WEST TRIPURA
AC,TRIPURA,3,BAMUTIA (SC),TRIPURA WEST,289,1.0,WEST TRIPURA
AC,TRIPURA,4,BARJALA (SC),TRIPURA WEST,289,1.0,WEST TRIPURA
AC,TRIPURA,5,KHAYERPUR,TRIPURA WEST,289,1.0,WEST TRIPURA
AC,TRIPURA,6,AGARTALA,TRIPURA WEST,289,1.0,WEST TRIPURA
AC,TRIPURA,7,RAMNAGAR,TRIPURA WEST,289,1.0,WEST TRIPURA
AC,TRIPURA,8,TOWN BORDOWALI,TRIPURA WEST,289,1.0,WEST TRIPURA
AC,TRIPURA,9,BANAMALIPUR,TRIPURA WEST,289,1.0,WEST TRIPURA
AC,TRIPURA,10,MAJLISHPUR,TRIPURA WEST,289,1.0,WEST TRIPURA
AC,TRIPURA,11,MANDAIBAZAR(ST),TRIPURA WEST,289,1.0,WEST TRIPURA
AC,TRIPURA,12,TAKARJALA (ST),TRIPURA WEST,289,1.0,WEST TRIPURA
AC,TRIPURA,13,PRATAPGARH (SC),TRIPURA WEST,289,1.0,WEST TRIPURA
AC,TRIPURA,14,BADHARGHAT (SC),TRIPURA WEST,289,1.0,WEST TRIPURA
AC,TRIPURA,15,KAMALASAGAR,TRIPURA WEST,289,1.0,WEST TRIPURA
AC,TRIPURA,16,BISHALGARH,TRIPURA WEST,289,1.0,WEST TRIPURA
AC,TRIPURA,17,GOLAGHATI (ST),TRIPURA WEST,289,1.0,WEST TRIPURA
AC,TRIPURA,18,SURYAMANINAGAR,TRIPURA WEST,289,1.0,WEST TRIPURA
AC,TRIPURA,19,CHARILAM (ST),TRIPURA WEST,289,1.0,WEST TRIPURA
AC,TRIPURA,20,BOXANAGAR,TRIPURA WEST,289,1.0,WEST TRIPURA
AC,TRIPURA,21,NALCHAR (SC),TRIPURA WEST,289,1.0,WEST TRIPURA
AC,TRIPURA,22,SONAMURA,TRIPURA WEST,289,1.0,WEST TRIPURA
AC,TRIPURA,23,DHANPUR,TRIPURA WEST,289,1.0,WEST TRIPURA
AC,TRIPURA,24,RAMCHANDRAGHAT(ST),TRIPURA EAST,289,1.0,WEST TRIPURA
AC,TRIPURA,25,KHOWAI,TRIPURA EAST(ST),289,1.0,WEST TRIPURA
AC,TRIPURA,26,ASHARAMBARI (ST),TRIPURA EAST(ST),289,1.0,WEST TRIPURA
AC,TRIPURA,27,KALYANPUR-PRAMODENAGAR,TRIPURA EAST(ST),289,1.0,WEST TRIPURA
AC,TRIPURA,28,TELIAMURA,TRIPURA EAST(ST),289,1.0,WEST TRIPURA
AC,TRIPURA,29,KRISHNAPUR (ST),TRIPURA WEST,289,1.0,WEST TRIPURA
AC,TRIPURA,30,BAGMA (ST),TRIPURA WEST,290,1.0,SOUTH TRIPURA
AC,TRIPURA,31,RADHAKISHOREPUR,TRIPURA WEST,290,1.0,SOUTH TRIPURA
AC,TRIPURA,32,MATARBARI,TRIPURA WEST,290,1.0,SOUTH TRIPURA
AC,TRIPURA,33,KAKRABAN-SALGARAH(SC),TRIPURA WEST,290,1.0,SOUTH TRIPURA
AC,TRIPURA,34,RAJNAGAR (SC),TRIPURA WEST,290,1.0,SOUTH TRIPURA
AC,TRIPURA,35,BELONIA,TRIPURA WEST,290,1.0,SOUTH TRIPURA
AC,TRIPURA,36,SANTIRBAZAR (ST),TRIPURA WEST,290,1.0,SOUTH TRIPURA
AC,TRIPURA,37,HRISHYAMUKH,TRIPURA EAST(ST),290,1.0,SOUTH TRIPURA
AC,TRIPURA,38,JOLAIBARI (ST),TRIPURA EAST(ST),290,1.0,SOUTH TRIPURA
AC,TRIPURA,39,MANU (ST),TRIPURA EAST(ST),290,1.0,SOUTH TRIPURA
AC,TRIPURA,40,SABROOM,TRIPURA EAST(ST),290,1.0,SOUTH TRIPURA
AC,TRIPURA,41,AMPINAGAR (ST),TRIPURA EAST(ST),290,1.0,SOUTH TRIPURA
AC,TRIPURA,42,AMARPUR,TRIPURA EAST(ST),290,1.0,SOUTH TRIPURA
AC,TRIPURA,43,KARBOOK (ST),TRIPURA EAST(ST),290,1.0,SOUTH TRIPURA
AC,TRIPURA,44,RAIMA VALLEY (ST),TRIPURA EAST(ST),291,1.0,DHALAI  *
AC,TRIPURA,45,KAMALPUR,TRIPURA EAST(ST),291,1.0,DHALAI  *
AC,TRIPURA,46,SURMA (SC),TRIPURA EAST(ST),291,1.0,DHALAI  *
AC,TRIPURA,47,AMBASSA (ST),TRIPURA EAST(ST),291,1.0,DHALAI  *
AC,TRIPURA,48,KARAMCHHARA (ST),TRIPURA EAST(ST),291,1.0,DHALAI  *
AC,TRIPURA,49,CHHAWMANU (ST),TRIPURA EAST(ST),291,1.0,DHALAI  *
AC,TRIPURA,50,PABIACHHARA (SC),TRIPURA EAST(ST),292,1.0,NORTH TRIPURA
AC,TRIPURA,51,FATIKROY (SC),TRIPURA EAST(ST),292,1.0,NORTH TRIPURA
AC,TRIPURA,52,CHANDIPUR,TRIPURA EAST(ST),292,1.0,NORTH TRIPURA
AC,TRIPURA,53,KAILASAHAR,TRIPURA EAST(ST),292,1.0,NORTH TRIPURA
AC,TRIPURA,54,KADAMTALA - KURTI,TRIPURA EAST(ST),292,1.0,NORTH TRIPURA
AC,TRIPURA,55,BAGBASSA,TRIPURA EAST(ST),292,1.0,NORTH TRIPURA
AC,TRIPURA,56,DHARMANAGAR,TRIPURA EAST(ST),292,1.0,NORTH TRIPURA
AC,TRIPURA,57,JUBARAJNAGAR,TRIPURA EAST(ST),292,1.0,NORTH TRIPURA
AC,TRIPURA,58,PANISAGAR,TRIPURA EAST(ST),292,1.0,NORTH TRIPURA
AC,TRIPURA,59,PENCHARTHAL (ST),TRIPURA EAST(ST),292,1.0,NORTH TRIPURA
AC,TRIPURA,60,KANCHANPUR (ST),TRIPURA EAST(ST),292,1.0,NORTH TRIPURA
AC,UTTAR PRADESH,1,Behat,SAHARANPUR,132,1.0,SAHARANPUR
AC,UTTAR PRADESH,2,Nakur,KAIRANA,132,1.0,SAHARANPUR
AC,UTTAR PRADESH,3,Saharanpur Nagar,SAHARANPUR,132,1.0,SAHARANPUR
AC,UTTAR PRADESH,4,Saharanpur,SAHARANPUR,132,1.0,SAHARANPUR
AC,UTTAR PRADESH,5,Deoband,SAHARANPUR,132,1.0,SAHARANPUR
AC,UTTAR PRADESH,6,Rampur Maniharan(SC),SAHARANPUR,132,1.0,SAHARANPUR
AC,UTTAR PRADESH,7,Gangoh,KAIRANA,132,1.0,SAHARANPUR
AC,UTTAR PRADESH,8,Kairana,KAIRANA,133,1.0,MUZAFFARNAGAR
AC,UTTAR PRADESH,9,Thana Bhawan,KAIRANA,133,1.0,MUZAFFARNAGAR
AC,UTTAR PRADESH,10,Shamli,KAIRANA,133,1.0,MUZAFFARNAGAR
AC,UTTAR PRADESH,11,Budhana,MUZAFFARNAGAR,133,1.0,MUZAFFARNAGAR
AC,UTTAR PRADESH,12,Charthawal,MUZAFFARNAGAR,133,1.0,MUZAFFARNAGAR
AC,UTTAR PRADESH,13,Purqazi (SC),BIJNOR,133,1.0,MUZAFFARNAGAR
AC,UTTAR PRADESH,14,Muzaffar Nagar,MUZAFFARNAGAR,133,1.0,MUZAFFARNAGAR
AC,UTTAR PRADESH,15,Khatauli,MUZAFFARNAGAR,133,1.0,MUZAFFARNAGAR
AC,UTTAR PRADESH,16,Meerapur,BIJNOR,133,1.0,MUZAFFARNAGAR
AC,UTTAR PRADESH,17,Najibabad,NAGINA (SC),134,1.0,BIJNOR
AC,UTTAR PRADESH,18,Nagina (SC),NAGINA (SC),134,1.0,BIJNOR
AC,UTTAR PRADESH,19,Barhapur,MORADABAD,134,1.0,BIJNOR
AC,UTTAR PRADESH,20,Dhampur,NAGINA (SC),134,1.0,BIJNOR
AC,UTTAR PRADESH,21,Nehtaur (SC),NAGINA (SC),134,1.0,BIJNOR
AC,UTTAR PRADESH,22,Bijnor,BIJNOR,134,1.0,BIJNOR
AC,UTTAR PRADESH,23,Chandpur,BIJNOR,134,1.0,BIJNOR
AC,UTTAR PRADESH,24,Noorpur,MORADABAD,134,1.0,BIJNOR
AC,UTTAR PRADESH,25,Kanth,MORADABAD,135,1.0,MORADABAD
AC,UTTAR PRADESH,26,Thakurdwara,MORADABAD,135,1.0,MORADABAD
AC,UTTAR PRADESH,27,Moradabad Rural,MORADABAD,135,1.0,MORADABAD
AC,UTTAR PRADESH,28,Moradabad Nagar,MORADABAD,135,1.0,MORADABAD
AC,UTTAR PRADESH,29,Kundarki,SAMBHAL,135,0.8543,MORADABAD
AC,UTTAR PRADESH,29,Kundarki,SAMBHAL,136,0.1457,MORADABAD
AC,UTTAR PRADESH,30,Bilari,SAMBHAL,135,1.0,MORADABAD
AC,UTTAR PRADESH,31,Chandausi (SC),SAMBHAL,135,1.0,MORADABAD
AC,UTTAR PRADESH,32,Asmoli,SAMBHAL,135,1.0,MORADABAD
AC,UTTAR PRADESH,33,Sambhal,SAMBHAL,135,1.0,MORADABAD
AC,UTTAR PRADESH,34,Suar,RAMPUR,136,1.0,RAMPUR
AC,UTTAR PRADESH,35,Chamraua,RAMPUR,136,1.0,RAMPUR
AC,UTTAR PRADESH,36,Bilaspur,RAMPUR,136,1.0,RAMPUR
AC,UTTAR PRADESH,37,Rampur,RAMPUR,136,1.0,RAMPUR
AC,UTTAR PRADESH,38,Milak (SC),RAMPUR,136,1.0,RAMPUR
AC,UTTAR PRADESH,39,Dhanaura (SC),AMROHA,137,1.0,JYOTIBA PHULE NAGAR *
AC,UTTAR PRADESH,40,Naugawan Sadat,AMROHA,137,1.0,JYOTIBA PHULE NAGAR *
AC,UTTAR PRADESH,41,Amroha,AMROHA,137,1.0,JYOTIBA PHULE NAGAR *
AC,UTTAR PRADESH,42,Hasanpur,AMROHA,137,1.0,JYOTIBA PHULE NAGAR *
AC,UTTAR PRADESH,43,Siwalkhas,BAGHPAT,138,1.0,MEERUT
AC,UTTAR PRADESH,44,Sardhana,MUZAFFARNAGAR,138,1.0,MEERUT
AC,UTTAR PRADESH,45,Hastinapur (SC),BIJNOR,138,1.0,MEERUT
AC,UTTAR PRADESH,46,Kithore,MEERUT,138,1.0,MEERUT
AC,UTTAR PRADESH,47,Meerut Cantt.,MEERUT,138,1.0,MEERUT
AC,UTTAR PRADESH,48,Meerut,MEERUT,138,1.0,MEERUT
AC,UTTAR PRADESH,49,Meerut South,MEERUT,138,1.0,MEERUT
AC,UTTAR PRADESH,50,Chhaprauli,BAGHPAT,139,1.0,BAGHPAT *
AC,UTTAR PRADESH,51,Baraut,BAGHPAT,139,1.0,BAGHPAT *
AC,UTTAR PRADESH,52,Baghpat,BAGHPAT,139,1.0,BAGHPAT *
AC,UTTAR PRADESH,53,Loni,GHAZIABAD,140,1.0,GHAZIABAD
AC,UTTAR PRADESH,54,Muradnagar,GHAZIABAD,140,1.0,GHAZIABAD
AC,UTTAR PRADESH,55,Sahibabad,GHAZIABAD,140,0.5907,GHAZIABAD
AC,UTTAR PRADESH,55,Sahibabad,GHAZIABAD,141,0.4093,GHAZIABAD
AC,UTTAR PRADESH,56,Ghaziabad,GHAZIABAD,140,0.8723,GHAZIABAD
AC,UTTAR PRADESH,56,Ghaziabad,GHAZIABAD,141,0.1277,GHAZIABAD
AC,UTTAR PRADESH,57,Modi Nagar,BAGHPAT,140,1.0,GHAZIABAD
AC,UTTAR PRADESH,58,Dholana,GHAZIABAD,140,1.0,GHAZIABAD
AC,UTTAR PRADESH,59,Hapur (SC),MEERUT,140,1.0,GHAZIABAD
AC,UTTAR PRADESH,60,Garhmukteshwar,AMROHA,140,1.0,GHAZIABAD
AC,UTTAR PRADESH,61,Noida,GAUTAM BUDDHA NAGAR,141,1.0,GAUTAM BUDDHA NAGAR *
AC,UTTAR PRADESH,62,Dadri,GAUTAM BUDDHA NAGAR,141,1.0,GAUTAM BUDDHA NAGAR *
AC,UTTAR PRADESH,63,Jewar,GAUTAM BUDDHA NAGAR,141,1.0,GAUTAM BUDDHA NAGAR *
AC,UTTAR PRADESH,64,Sikandrabad,GAUTAM BUDDHA NAGAR,142,1.0,BULANDSHAHR
AC,UTTAR PRADESH,65,Bulandshahr,BULANDSHAHR (SC),142,1.0,BULANDSHAHR
AC,UTTAR PRADESH,66,Syana,BULANDSHAHR (SC),142,1.0,BULANDSHAHR
AC,UTTAR PRADESH,67,Anupshahr,BULANDSHAHR (SC),142,1.0,BULANDSHAHR
AC,UTTAR PRADESH,68,Debai,BULANDSHAHR (SC),142,1.0,BULANDSHAHR
AC,UTTAR PRADESH,69,Shikarpur,BULANDSHAHR (SC),142,1.0,BULANDSHAHR
AC,UTTAR PRADESH,70,Khurja (SC),GAUTAM BUDDHA NAGAR,142,1.0,BULANDSHAHR
AC,UTTAR PRADESH,71,Khair (SC),ALIGARH,143,1.0,ALIGARH
AC,UTTAR PRADESH,72,Barauli,ALIGARH,143,1.0,ALIGARH
AC,UTTAR PRADESH,73,Atrauli,ALIGARH,143,1.0,ALIGARH
AC,UTTAR PRADESH,74,Chharra,HATHRAS (SC),143,1.0,ALIGARH
AC,UTTAR PRADESH,75,Koil,ALIGARH,143,1.0,ALIGARH
AC,UTTAR PRADESH,76,Aligarh,ALIGARH,143,1.0,ALIGARH
AC,UTTAR PRADESH,77,Iglas (SC),HATHRAS (SC),143,1.0,ALIGARH
AC,UTTAR PRADESH,78,Hathras (SC),HATHRAS (SC),144,1.0,HATHRAS *
AC,UTTAR PRADESH,79,Sadabad,HATHRAS (SC),144,1.0,HATHRAS *
AC,UTTAR PRADESH,80,Sikandra Rao,HATHRAS (SC),144,1.0,HATHRAS *
AC,UTTAR PRADESH,81,Chhata,MATHURA,145,1.0,MATHURA
AC,UTTAR PRADESH,82,Mant,MATHURA,145,1.0,MATHURA
AC,UTTAR PRADESH,83,Goverdhan,MATHURA,145,1.0,MATHURA
AC,UTTAR PRADESH,84,Mathura,MATHURA,145,1.0,MATHURA
AC,UTTAR PRADESH,85,Baldev (SC),MATHURA,145,1.0,MATHURA
AC,UTTAR PRADESH,86,Etmadpur,AGRA (SC),146,1.0,AGRA
AC,UTTAR PRADESH,87,Agra Cantt. (SC),AGRA (SC),146,1.0,AGRA
AC,UTTAR PRADESH,88,Agra South,AGRA (SC),146,1.0,AGRA
AC,UTTAR PRADESH,89,Agra North,AGRA (SC),146,1.0,AGRA
AC,UTTAR PRADESH,90,Agra Rural (SC),FATEHPUR SIKRI,146,1.0,AGRA
AC,UTTAR PRADESH,91,Fatehpur Sikri,FATEHPUR SIKRI,146,1.0,AGRA
AC,UTTAR PRADESH,92,Kheragarh,FATEHPUR SIKRI,146,1.0,AGRA
AC,UTTAR PRADESH,93,Fatehabad,FATEHPUR SIKRI,146,1.0,AGRA
AC,UTTAR PRADESH,94,Bah,FATEHPUR SIKRI,146,1.0,AGRA
AC,UTTAR PRADESH,95,Tundla (SC),FIROZABAD,147,1.0,FIROZABAD
AC,UTTAR PRADESH,96,Jasrana,FIROZABAD,147,1.0,FIROZABAD
AC,UTTAR PRADESH,97,Firozabad,FIROZABAD,147,1.0,FIROZABAD
AC,UTTAR PRADESH,98,Shikohabad,FIROZABAD,147,1.0,FIROZABAD
AC,UTTAR PRADESH,99,Sirsaganj,FIROZABAD,147,1.0,FIROZABAD
AC,UTTAR PRADESH,100,Kasganj,ETAH,202,1.0,ETAH
AC,UTTAR PRADESH,101,Amanpur,ETAH,202,1.0,ETAH
AC,UTTAR PRADESH,102,Patiyali,ETAH,202,1.0,ETAH
AC,UTTAR PRADESH,103,Aliganj,FARRUKHABAD,201,1.0,ETAH
AC,UTTAR PRADESH,104,Etah,ETAH,201,1.0,ETAH
AC,UTTAR PRADESH,105,Marhara,ETAH,201,1.0,ETAH
AC,UTTAR PRADESH,106,Jalesar (SC),AGRA (SC),201,1.0,ETAH
AC,UTTAR PRADESH,107,Mainpuri,MAINPURI,148,1.0,MAINPURI
AC,UTTAR PRADESH,108,Bhongaon,MAINPURI,148,1.0,MAINPURI
AC,UTTAR PRADESH,109,Kishani (SC),MAINPURI,148,1.0,MAINPURI
AC,UTTAR PRADESH,110,Karhal,MAINPURI,148,1.0,MAINPURI
AC,UTTAR PRADESH,111,Gunnaur,BADAUN,149,1.0,BUDAUN
AC,UTTAR PRADESH,112,Bisauli (SC),BADAUN,149,1.0,BUDAUN
AC,UTTAR PRADESH,113,Sahaswan,BADAUN,149,1.0,BUDAUN
AC,UTTAR PRADESH,114,Bilsi,BADAUN,149,1.0,BUDAUN
AC,UTTAR PRADESH,115,Badaun,BADAUN,149,1.0,BUDAUN
AC,UTTAR PRADESH,116,Shekhupur,AONLA,149,1.0,BUDAUN
AC,UTTAR PRADESH,117,Dataganj,AONLA,149,1.0,BUDAUN
AC,UTTAR PRADESH,118,Baheri,PILIBHIT,150,1.0,BAREILLY
AC,UTTAR PRADESH,119,Meerganj,BAREILLY,150,0.8728,BAREILLY
AC,UTTAR PRADESH,119,Meerganj,BAREILLY,136,0.1272,BAREILLY
AC,UTTAR PRADESH,120,Bhojipura,BAREILLY,150,1.0,BAREILLY
AC,UTTAR PRADESH,121,Nawabganj,BAREILLY,150,0.8613,BAREILLY
AC,UTTAR PRADESH,121,Nawabganj,BAREILLY,151,0.1387,BAREILLY
AC,UTTAR PRADESH,122,Faridpur (SC),AONLA,150,1.0,BAREILLY
AC,UTTAR PRADESH,123,Bithari Chainpur,AONLA,150,1.0,BAREILLY
AC,UTTAR PRADESH,124,Bareilly,BAREILLY,150,1.0,BAREILLY
AC,UTTAR PRADESH,125,Bareilly Cantt.,BAREILLY,150,1.0,BAREILLY
AC,UTTAR PRADESH,126,Aonla,AONLA,150,1.0,BAREILLY
AC,UTTAR PRADESH,127,Pilibhit,PILIBHIT,151,1.0,PILIBHIT
AC,UTTAR PRADESH,128,Barkhera,PILIBHIT,151,1.0,PILIBHIT
AC,UTTAR PRADESH,129,Puranpur (SC),PILIBHIT,151,1.0,PILIBHIT
AC,UTTAR PRADESH,130,Bisalpur,PILIBHIT,151,0.8563,PILIBHIT
AC,UTTAR PRADESH,130,Bisalpur,PILIBHIT,152,0.1437,PILIBHIT
AC,UTTAR PRADESH,131,Katra,SHAHJAHANPUR (SC),152,1.0,SHAHJAHANPUR
AC,UTTAR PRADESH,132,Jalalabad,SHAHJAHANPUR (SC),152,1.0,SHAHJAHANPUR
AC,UTTAR PRADESH,133,Tilhar,SHAHJAHANPUR (SC),152,1.0,SHAHJAHANPUR
AC,UTTAR PRADESH,134,Powayan (SC),SHAHJAHANPUR (SC),152,1.0,SHAHJAHANPUR
AC,UTTAR PRADESH,135,Shahjahanpur,SHAHJAHANPUR (SC),152,1.0,SHAHJAHANPUR
AC,UTTAR PRADESH,136,Dadraul,SHAHJAHANPUR (SC),152,1.0,SHAHJAHANPUR
AC,UTTAR PRADESH,137,Palia,KHERI,153,1.0,KHERI
AC,UTTAR PRADESH,138,Nighasan,KHERI,153,1.0,KHERI
AC,UTTAR PRADESH,139,Gola Gokrannath,KHERI,153,1.0,KHERI
AC,UTTAR PRADESH,140,Sri Nagar (SC),KHERI,153,1.0,KHERI
AC,UTTAR PRADESH,141,Dhaurahra,DHAURAHRA,153,1.0,KHERI
AC,UTTAR PRADESH,142,Lakhimpur,KHERI,153,1.0,KHERI
AC,UTTAR PRADESH,143,Kasta (SC),DHAURAHRA,153,1.0,KHERI
AC,UTTAR PRADESH,144,Mohammdi,DHAURAHRA,153,1.0,KHERI
AC,UTTAR PRADESH,145,Maholi,DHAURAHRA,154,1.0,SITAPUR
AC,UTTAR PRADESH,146,Sitapur,SITAPUR,154,1.0,SITAPUR
AC,UTTAR PRADESH,147,Hargaon (SC),DHAURAHRA,154,1.0,SITAPUR
AC,UTTAR PRADESH,148,Laharpur,SITAPUR,154,1.0,SITAPUR
AC,UTTAR PRADESH,149,Biswan,SITAPUR,154,1.0,SITAPUR
AC,UTTAR PRADESH,150,Sevata,SITAPUR,154,1.0,SITAPUR
AC,UTTAR PRADESH,151,Mahmoodabad,SITAPUR,154,1.0,SITAPUR
AC,UTTAR PRADESH,152,Sidhauli (SC),MOHANLALGANJ (SC),154,1.0,SITAPUR
AC,UTTAR PRADESH,153,Misrikh (SC),MISRIKH (SC),154,1.0,SITAPUR
AC,UTTAR PRADESH,154,Sawaijpur,HARDOI (SC),155,1.0,HARDOI
AC,UTTAR PRADESH,155,Shahabad,HARDOI (SC),155,1.0,HARDOI
AC,UTTAR PRADESH,156,Hardoi,HARDOI (SC),155,1.0,HARDOI
AC,UTTAR PRADESH,157,Gopamau (SC),HARDOI (SC),155,1.0,HARDOI
AC,UTTAR PRADESH,158,Sandi (SC),HARDOI (SC),155,1.0,HARDOI
AC,UTTAR PRADESH,159,Bilgram-Mallanwan,MISRIKH (SC),155,1.0,HARDOI
AC,UTTAR PRADESH,160,Balamau (SC),MISRIKH (SC),155,1.0,HARDOI
AC,UTTAR PRADESH,161,Sandila,MISRIKH (SC),155,1.0,HARDOI
AC,UTTAR PRADESH,162,Bangermau,UNNAO,156,1.0,UNNAO
AC,UTTAR PRADESH,163,Safipur (SC),UNNAO,156,1.0,UNNAO
AC,UTTAR PRADESH,164,Mohan (SC),UNNAO,156,1.0,UNNAO
AC,UTTAR PRADESH,165,Unnao,UNNAO,156,1.0,UNNAO
AC,UTTAR PRADESH,166,Bhagwantnagar,UNNAO,156,1.0,UNNAO
AC,UTTAR PRADESH,167,Purwa,UNNAO,156,1.0,UNNAO
AC,UTTAR PRADESH,168,Malihabad (SC),MOHANLALGANJ (SC),157,1.0,LUCKNOW
AC,UTTAR PRADESH,169,Bakshi Kaa Talab,MOHANLALGANJ (SC),157,1.0,LUCKNOW
AC,UTTAR PRADESH,170,Sarojini Nagar,MOHANLALGANJ (SC),157,1.0,LUCKNOW
AC,UTTAR PRADESH,171,Lucknow West,LUCKNOW,157,1.0,LUCKNOW
AC,UTTAR PRADESH,172,Lucknow North,LUCKNOW,157,1.0,LUCKNOW
AC,UTTAR PRADESH,173,Lucknow East,LUCKNOW,157,1.0,LUCKNOW
AC,UTTAR PRADESH,174,Lucknow Central,LUCKNOW,157,1.0,LUCKNOW
AC,UTTAR PRADESH,175,Lucknow Cantt.,LUCKNOW,157,1.0,LUCKNOW
AC,UTTAR PRADESH,176,Mohanlalganj (SC),MOHANLALGANJ (SC),157,1.0,LUCKNOW
AC,UTTAR PRADESH,177,Bachhrawan (SC),RAE BARELI,158,1.0,RAE BARELI
AC,UTTAR PRADESH,178,Tiloi,AMETHI,158,1.0,RAE BARELI
AC,UTTAR PRADESH,179,Harchandpur,RAE BARELI,158,1.0,RAE BARELI
AC,UTTAR PRADESH,180,Rae Bareli,RAE BARELI,158,1.0,RAE BARELI
AC,UTTAR PRADESH,181,Salon (SC),AMETHI,158,1.0,RAE BARELI
AC,UTTAR PRADESH,182,Sareni,RAE BARELI,158,1.0,RAE BARELI
AC,UTTAR PRADESH,183,Unchahar,RAE BARELI,158,1.0,RAE BARELI
AC,UTTAR PRADESH,184,Jagdishpur (SC),AMETHI,179,1.0,SULTANPUR
AC,UTTAR PRADESH,185,Gauriganj,AMETHI,179,1.0,SULTANPUR
AC,UTTAR PRADESH,186,Amethi,AMETHI,179,1.0,SULTANPUR
AC,UTTAR PRADESH,187,Isauli,SULTANPUR,179,1.0,SULTANPUR
AC,UTTAR PRADESH,188,Sultanpur,SULTANPUR,179,1.0,SULTANPUR
AC,UTTAR PRADESH,189,Sadar,SULTANPUR,179,1.0,SULTANPUR
AC,UTTAR PRADESH,190,Lambhua,SULTANPUR,179,1.0,SULTANPUR
AC,UTTAR PRADESH,191,Kadipur (SC),SULTANPUR,179,1.0,SULTANPUR
AC,UTTAR PRADESH,192,Kaimganj (SC),FARRUKHABAD,159,1.0,FARRUKHABAD
AC,UTTAR PRADESH,193,Amritpur,FARRUKHABAD,159,1.0,FARRUKHABAD
AC,UTTAR PRADESH,194,Farrukhabad,FARRUKHABAD,159,1.0,FARRUKHABAD
AC,UTTAR PRADESH,195,Bhojpur,FARRUKHABAD,159,1.0,FARRUKHABAD
AC,UTTAR PRADESH,196,Chhibramau,KANNAUJ,160,1.0,KANNAUJ *
AC,UTTAR PRADESH,197,Tirwa,KANNAUJ,160,1.0,KANNAUJ *
AC,UTTAR PRADESH,198,Kannauj (SC),KANNAUJ,160,1.0,KANNAUJ *
AC,UTTAR PRADESH,199,Jaswantnagar,MAINPURI,161,1.0,ETAWAH
AC,UTTAR PRADESH,200,Etawah,ETAWAH (SC),161,1.0,ETAWAH
AC,UTTAR PRADESH,201,Bharthana (SC),ETAWAH (SC),161,1.0,ETAWAH
AC,UTTAR PRADESH,202,Bidhuna,KANNAUJ,162,1.0,AURAIYA *
AC,UTTAR PRADESH,203,Dibiyapur,ETAWAH (SC),162,1.0,AURAIYA *
AC,UTTAR PRADESH,204,Auraiya (SC),ETAWAH (SC),162,1.0,AURAIYA *
AC,UTTAR PRADESH,205,Rasulabad (SC),KANNAUJ,163,1.0,KANPUR DEHAT
AC,UTTAR PRADESH,206,Akbarpur-Raniya,AKBARPUR,163,1.0,KANPUR DEHAT
AC,UTTAR PRADESH,207,Sikandra,ETAWAH (SC),163,1.0,KANPUR DEHAT
AC,UTTAR PRADESH,208,Bhognipur,JALAUN (SC),163,1.0,KANPUR DEHAT
AC,UTTAR PRADESH,209,Bilhaur (SC),MISRIKH (SC),164,1.0,KANPUR NAGAR
AC,UTTAR PRADESH,210,Bithoor,AKBARPUR,164,1.0,KANPUR NAGAR
AC,UTTAR PRADESH,211,Kalyanpur,AKBARPUR,164,0.7793,KANPUR NAGAR
AC,UTTAR PRADESH,211,Kalyanpur,AKBARPUR,156,0.2207,KANPUR NAGAR
AC,UTTAR PRADESH,212,Govindnagar,KANPUR,164,1.0,KANPUR NAGAR
AC,UTTAR PRADESH,213,Sishamau,KANPUR,164,1.0,KANPUR NAGAR
AC,UTTAR PRADESH,214,Arya Nagar,KANPUR,164,0.7357,KANPUR NAGAR
AC,UTTAR PRADESH,214,Arya Nagar,KANPUR,156,0.2643,KANPUR NAGAR
AC,UTTAR PRADESH,215,Kidwai Nagar,KANPUR,164,1.0,KANPUR NAGAR
AC,UTTAR PRADESH,216,Kanpur Cantt.,KANPUR,164,1.0,KANPUR NAGAR
AC,UTTAR PRADESH,217,Maharajpur,AKBARPUR,164,1.0,KANPUR NAGAR
AC,UTTAR PRADESH,218,Ghatampur (SC),AKBARPUR,164,1.0,KANPUR NAGAR
AC,UTTAR PRADESH,219,Madhaugarh,JALAUN (SC),165,1.0,JALAUN
AC,UTTAR PRADESH,220,Kalpi,JALAUN (SC),165,1.0,JALAUN
AC,UTTAR PRADESH,221,Orai (SC),JALAUN (SC),165,1.0,JALAUN
AC,UTTAR PRADESH,222,Babina,JHANSI,166,1.0,JHANSI
AC,UTTAR PRADESH,223,Jhansi Nagar,JHANSI,166,1.0,JHANSI
AC,UTTAR PRADESH,224,Mauranipur (SC),JHANSI,166,1.0,JHANSI
AC,UTTAR PRADESH,225,Garautha,JALAUN (SC),166,1.0,JHANSI
AC,UTTAR PRADESH,226,Lalitpur,JHANSI,167,1.0,LALITPUR
AC,UTTAR PRADESH,227,Mehroni (SC),JHANSI,167,1.0,LALITPUR
AC,UTTAR PRADESH,228,Hamirpur,HAMIRPUR,168,1.0,HAMIRPUR
AC,UTTAR PRADESH,229,Rath (SC),HAMIRPUR,168,1.0,HAMIRPUR
AC,UTTAR PRADESH,230,Mahoba,HAMIRPUR,169,1.0,MAHOBA *
AC,UTTAR PRADESH,231,Charkhari,HAMIRPUR,169,1.0,MAHOBA *
AC,UTTAR PRADESH,232,Tindwari,HAMIRPUR,170,1.0,BANDA
AC,UTTAR PRADESH,233,Baberu,BANDA,170,1.0,BANDA
AC,UTTAR PRADESH,234,Naraini (SC),BANDA,170,1.0,BANDA
AC,UTTAR PRADESH,235,Banda,BANDA,170,1.0,BANDA
AC,UTTAR PRADESH,236,Chitrakoot,BANDA,171,1.0,CHITRAKOOT *
AC,UTTAR PRADESH,237,Manikpur,BANDA,171,1.0,CHITRAKOOT *
AC,UTTAR PRADESH,238,Jahanabad,FATEHPUR,172,1.0,FATEHPUR
AC,UTTAR PRADESH,239,Bindki,FATEHPUR,172,1.0,FATEHPUR
AC,UTTAR PRADESH,240,Fatehpur,FATEHPUR,172,1.0,FATEHPUR
AC,UTTAR PRADESH,241,Ayah Shah,FATEHPUR,172,1.0,FATEHPUR
AC,UTTAR PRADESH,242,Husainganj,FATEHPUR,172,1.0,FATEHPUR
AC,UTTAR PRADESH,243,Khaga (SC),FATEHPUR,172,1.0,FATEHPUR
AC,UTTAR PRADESH,244,Rampur Khas,PRATAPGARH,173,1.0,PRATAPGARH
AC,UTTAR PRADESH,245,Babaganj (SC),KAUSHAMBI (SC),173,1.0,PRATAPGARH
AC,UTTAR PRADESH,246,Kunda,KAUSHAMBI (SC),173,1.0,PRATAPGARH
AC,UTTAR PRADESH,247,Bishwavnathganj,PRATAPGARH,173,1.0,PRATAPGARH
AC,UTTAR PRADESH,248,Pratapgarh,PRATAPGARH,173,1.0,PRATAPGARH
AC,UTTAR PRADESH,249,Patti,PRATAPGARH,173,1.0,PRATAPGARH
AC,UTTAR PRADESH,250,Raniganj,PRATAPGARH,173,1.0,PRATAPGARH
AC,UTTAR PRADESH,251,Sirathu,KAUSHAMBI (SC),174,1.0,KAUSHAMBI *
AC,UTTAR PRADESH,252,Manjhanpur (SC),KAUSHAMBI (SC),174,1.0,KAUSHAMBI *
AC,UTTAR PRADESH,253,Chail,KAUSHAMBI (SC),174,1.0,KAUSHAMBI *
AC,UTTAR PRADESH,254,Phaphamau,PHULPUR,175,1.0,ALLAHABAD
AC,UTTAR PRADESH,255,Soraon (SC),PHULPUR,175,1.0,ALLAHABAD
AC,UTTAR PRADESH,256,Phulpur,PHULPUR,175,1.0,ALLAHABAD
AC,UTTAR PRADESH,257,Pratappur,BHADOHI,175,1.0,ALLAHABAD
AC,UTTAR PRADESH,258,Handia,BHADOHI,175,1.0,ALLAHABAD
AC,UTTAR PRADESH,259,Meja,ALLAHABAD,175,1.0,ALLAHABAD
AC,UTTAR PRADESH,260,Karachhana,ALLAHABAD,175,1.0,ALLAHABAD
AC,UTTAR PRADESH,261,Allahabad West,PHULPUR,175,1.0,ALLAHABAD
AC,UTTAR PRADESH,262,Allahabad North,PHULPUR,175,1.0,ALLAHABAD
AC,UTTAR PRADESH,263,Allahabad South,ALLAHABAD,175,1.0,ALLAHABAD
AC,UTTAR PRADESH,264,Bara (SC),ALLAHABAD,175,1.0,ALLAHABAD
AC,UTTAR PRADESH,265,Koraon (SC),ALLAHABAD,175,1.0,ALLAHABAD
AC,UTTAR PRADESH,266,Kursi,BARABANKI (SC),176,1.0,BARABANKI
AC,UTTAR PRADESH,267,Ram Nagar,BARABANKI (SC),176,1.0,BARABANKI
AC,UTTAR PRADESH,268,Barabanki,BARABANKI (SC),176,1.0,BARABANKI
AC,UTTAR PRADESH,269,Zaidpur (SC),BARABANKI (SC),176,1.0,BARABANKI
AC,UTTAR PRADESH,270,Dariyabad,FAIZABAD,176,0.8974,BARABANKI
AC,UTTAR PRADESH,270,Dariyabad,FAIZABAD,177,0.1026,BARABANKI
AC,UTTAR PRADESH,271,Rudauli,FAIZABAD,177,0.8815,BARABANKI
AC,UTTAR PRADESH,271,Rudauli,FAIZABAD,176,0.1185,BARABANKI
AC,UTTAR PRADESH,272,Haidergarh (SC),BARABANKI (SC),176,1.0,BARABANKI
AC,UTTAR PRADESH,273,Milkipur (SC),FAIZABAD,177,1.0,FAIZABAD
AC,UTTAR PRADESH,274,Bikapur,FAIZABAD,177,1.0,FAIZABAD
AC,UTTAR PRADESH,275,Ayodhya,FAIZABAD,177,0.8405,FAIZABAD
AC,UTTAR PRADESH,275,Ayodhya,FAIZABAD,185,0.1595,FAIZABAD
AC,UTTAR PRADESH,276,Goshainganj,AMBEDKAR NAGAR,177,1.0,FAIZABAD
AC,UTTAR PRADESH,277,Katehari,AMBEDKAR NAGAR,178,1.0,AMBEDKAR NAGAR *
AC,UTTAR PRADESH,278,Tanda,AMBEDKAR NAGAR,178,1.0,AMBEDKAR NAGAR *
AC,UTTAR PRADESH,279,Alapur (SC),SANT KABIR NAGAR,178,1.0,AMBEDKAR NAGAR *
AC,UTTAR PRADESH,280,Jalalpur,AMBEDKAR NAGAR,178,1.0,AMBEDKAR NAGAR *
AC,UTTAR PRADESH,281,Akbarpur,AMBEDKAR NAGAR,178,1.0,AMBEDKAR NAGAR *
AC,UTTAR PRADESH,282,Balha (SC),BAHRAICH (SC),180,1.0,BAHRAICH
AC,UTTAR PRADESH,283,Nanpara,BAHRAICH (SC),180,1.0,BAHRAICH
AC,UTTAR PRADESH,284,Matera,BAHRAICH (SC),180,1.0,BAHRAICH
AC,UTTAR PRADESH,285,Mahasi,BAHRAICH (SC),180,1.0,BAHRAICH
AC,UTTAR PRADESH,286,Bahraich,BAHRAICH (SC),180,0.6471,BAHRAICH
AC,UTTAR PRADESH,286,Bahraich,BAHRAICH (SC),181,0.3529,BAHRAICH
AC,UTTAR PRADESH,287,Payagpur,KAISERGANJ,181,0.6213,BAHRAICH
AC,UTTAR PRADESH,287,Payagpur,KAISERGANJ,180,0.3787,BAHRAICH
AC,UTTAR PRADESH,288,Kaiserganj,KAISERGANJ,180,1.0,BAHRAICH
AC,UTTAR PRADESH,289,Bhinga,SHRAWASTI,181,1.0,SHRAWASTI *
AC,UTTAR PRADESH,290,Shrawasti,SHRAWASTI,181,1.0,SHRAWASTI *
AC,UTTAR PRADESH,291,Tulsipur,SHRAWASTI,182,1.0,BALRAMPUR *
AC,UTTAR PRADESH,292,Gainsari,SHRAWASTI,182,1.0,BALRAMPUR *
AC,UTTAR PRADESH,293,Utraula,GONDA,182,1.0,BALRAMPUR *
AC,UTTAR PRADESH,294,Balrampur (SC),SHRAWASTI,182,1.0,BALRAMPUR *
AC,UTTAR PRADESH,295,Mehnaun,GONDA,183,1.0,GONDA
AC,UTTAR PRADESH,296,Gonda,GONDA,183,1.0,GONDA
AC,UTTAR PRADESH,297,Katra Bazar,KAISERGANJ,183,1.0,GONDA
AC,UTTAR PRADESH,298,Colonelganj,KAISERGANJ,183,1.0,GONDA
AC,UTTAR PRADESH,299,Tarabganj,KAISERGANJ,183,1.0,GONDA
AC,UTTAR PRADESH,300,Mankapur (SC),GONDA,183,1.0,GONDA
AC,UTTAR PRADESH,301,Gaura,GONDA,183,1.0,GONDA
AC,UTTAR PRADESH,302,Shohratgarh,DOMARIYAGANJ,184,1.0,SIDDHARTHNAGAR
AC,UTTAR PRADESH,303,Kapilvastu (SC),DOMARIYAGANJ,184,1.0,SIDDHARTHNAGAR
AC,UTTAR PRADESH,304,Bansi,DOMARIYAGANJ,184,1.0,SIDDHARTHNAGAR
AC,UTTAR PRADESH,305,Itwa,DOMARIYAGANJ,184,1.0,SIDDHARTHNAGAR
AC,UTTAR PRADESH,306,Domariyaganj,DOMARIYAGANJ,184,1.0,SIDDHARTHNAGAR
AC,UTTAR PRADESH,307,Harraiya,BASTI,185,1.0,BASTI
AC,UTTAR PRADESH,308,Kaptanganj,BASTI,185,1.0,BASTI
AC,UTTAR PRADESH,309,Rudhauli,BASTI,185,1.0,BASTI
AC,UTTAR PRADESH,310,Basti Sadar,BASTI,185,1.0,BASTI
AC,UTTAR PRADESH,311,Mahadewa (SC),BASTI,185,1.0,BASTI
AC,UTTAR PRADESH,312,Menhdawal,SANT KABIR NAGAR,186,1.0,SANT KABIR NAGAR *
AC,UTTAR PRADESH,313,Khalilabad,SANT KABIR NAGAR,186,1.0,SANT KABIR NAGAR *
AC,UTTAR PRADESH,314,Dhanghata (SC),SANT KABIR NAGAR,186,1.0,SANT KABIR NAGAR *
AC,UTTAR PRADESH,315,Pharenda,MAHARAJGANJ,187,1.0,MAHARAJGANJ
AC,UTTAR PRADESH,316,Nautanwa,MAHARAJGANJ,187,1.0,MAHARAJGANJ
AC,UTTAR PRADESH,317,Siswa,MAHARAJGANJ,187,1.0,MAHARAJGANJ
AC,UTTAR PRADESH,318,Maharajganj (SC),MAHARAJGANJ,187,1.0,MAHARAJGANJ
AC,UTTAR PRADESH,319,Paniyra,MAHARAJGANJ,187,1.0,MAHARAJGANJ
AC,UTTAR PRADESH,320,Caimpiyarganj,GORAKHPUR,188,1.0,GORAKHPUR
AC,UTTAR PRADESH,321,Pipraich,GORAKHPUR,188,1.0,GORAKHPUR
AC,UTTAR PRADESH,322,Gorakhpur Urban,GORAKHPUR,188,1.0,GORAKHPUR
AC,UTTAR PRADESH,323,Gorakhpur Rural,GORAKHPUR,188,1.0,GORAKHPUR
AC,UTTAR PRADESH,324,Sahajanwa,GORAKHPUR,188,1.0,GORAKHPUR
AC,UTTAR PRADESH,325,Khajani (SC),SANT KABIR NAGAR,188,1.0,GORAKHPUR
AC,UTTAR PRADESH,326,Chauri-Chaura,BANSGAON (SC),188,1.0,GORAKHPUR
AC,UTTAR PRADESH,327,Bansgaon (SC),BANSGAON (SC),188,1.0,GORAKHPUR
AC,UTTAR PRADESH,328,Chillupar,BANSGAON (SC),188,1.0,GORAKHPUR
AC,UTTAR PRADESH,329,Khadda,KUSHI NAGAR,189,1.0,KUSHINAGAR *
AC,UTTAR PRADESH,330,Padrauna,KUSHI NAGAR,189,1.0,KUSHINAGAR *
AC,UTTAR PRADESH,331,Tamkuhi Raj,DEORIA,189,1.0,KUSHINAGAR *
AC,UTTAR PRADESH,332,Fazilnagar,DEORIA,189,1.0,KUSHINAGAR *
AC,UTTAR PRADESH,333,Kushinagar,KUSHI NAGAR,189,1.0,KUSHINAGAR *
AC,UTTAR PRADESH,334,Hata,KUSHI NAGAR,189,1.0,KUSHINAGAR *
AC,UTTAR PRADESH,335,Ramkola (SC),KUSHI NAGAR,189,1.0,KUSHINAGAR *
AC,UTTAR PRADESH,336,Rudrapur,BANSGAON (SC),190,1.0,DEORIA
AC,UTTAR PRADESH,337,Deoria,DEORIA,190,1.0,DEORIA
AC,UTTAR PRADESH,338,Pathardeva,DEORIA,190,1.0,DEORIA
AC,UTTAR PRADESH,339,Rampur Karkhana,DEORIA,190,1.0,DEORIA
AC,UTTAR PRADESH,340,Bhatpar Rani,SALEMPUR,190,1.0,DEORIA
AC,UTTAR PRADESH,341,Salempur (SC),SALEMPUR,190,1.0,DEORIA
AC,UTTAR PRADESH,342,Barhaj,BANSGAON (SC),190,1.0,DEORIA
AC,UTTAR PRADESH,343,Atrauliya,LALGANJ (SC),191,1.0,AZAMGARH
AC,UTTAR PRADESH,344,Gopalpur,AZAMGARH,191,1.0,AZAMGARH
AC,UTTAR PRADESH,345,Sagri,AZAMGARH,191,1.0,AZAMGARH
AC,UTTAR PRADESH,346,Mubarakpur,AZAMGARH,191,0.8762,AZAMGARH
AC,UTTAR PRADESH,346,Mubarakpur,AZAMGARH,192,0.1238,AZAMGARH
AC,UTTAR PRADESH,347,Azamgarh,AZAMGARH,191,1.0,AZAMGARH
AC,UTTAR PRADESH,348,Nizamabad,LALGANJ (SC),191,1.0,AZAMGARH
AC,UTTAR PRADESH,349,Phoolpur-Pawai,LALGANJ (SC),191,1.0,AZAMGARH
AC,UTTAR PRADESH,350,Didarganj,LALGANJ (SC),191,1.0,AZAMGARH
AC,UTTAR PRADESH,351,Lalganj (SC),LALGANJ (SC),191,1.0,AZAMGARH
AC,UTTAR PRADESH,352,Mehnagar (SC),AZAMGARH,191,1.0,AZAMGARH
AC,UTTAR PRADESH,353,Madhuban,GHOSI,192,1.0,MAU
AC,UTTAR PRADESH,354,Ghosi,GHOSI,192,1.0,MAU
AC,UTTAR PRADESH,355,Muhammadabad-Gohna (SC),GHOSI,192,1.0,MAU
AC,UTTAR PRADESH,356,Mau,GHOSI,192,1.0,MAU
AC,UTTAR PRADESH,357,Belthara Road (SC),SALEMPUR,193,1.0,BALLIA
AC,UTTAR PRADESH,358,Rasara,GHOSI,193,1.0,BALLIA
AC,UTTAR PRADESH,359,Sikanderpur,SALEMPUR,193,1.0,BALLIA
AC,UTTAR PRADESH,360,Phephana,BALLIA,193,1.0,BALLIA
AC,UTTAR PRADESH,361,Ballia Nagar,BALLIA,193,1.0,BALLIA
AC,UTTAR PRADESH,362,Bansdih,SALEMPUR,193,1.0,BALLIA
AC,UTTAR PRADESH,363,Bairia,BALLIA,193,1.0,BALLIA
AC,UTTAR PRADESH,364,Badlapur,JAUNPUR,194,1.0,JAUNPUR
AC,UTTAR PRADESH,365,Shahganj,JAUNPUR,194,1.0,JAUNPUR
AC,UTTAR PRADESH,366,Jaunpur,JAUNPUR,194,1.0,JAUNPUR
AC,UTTAR PRADESH,367,Malhani,JAUNPUR,194,1.0,JAUNPUR
AC,UTTAR PRADESH,368,Mungra Badshahpur,JAUNPUR,194,1.0,JAUNPUR
AC,UTTAR PRADESH,369,Machhlishahr (SC),MACHHLISHAHR (SC),194,1.0,JAUNPUR
AC,UTTAR PRADESH,370,Mariyahu,MACHHLISHAHR (SC),194,1.0,JAUNPUR
AC,UTTAR PRADESH,371,Zafrabad,MACHHLISHAHR (SC),194,1.0,JAUNPUR
AC,UTTAR PRADESH,372,Kerakat (SC),MACHHLISHAHR (SC),194,1.0,JAUNPUR
AC,UTTAR PRADESH,373,Jakhanian,GHAZIPUR,195,1.0,GHAZIPUR
AC,UTTAR PRADESH,374,Saidpur (SC),GHAZIPUR,195,1.0,GHAZIPUR
AC,UTTAR PRADESH,375,Ghazipur,GHAZIPUR,195,1.0,GHAZIPUR
AC,UTTAR PRADESH,376,Jangipur (SC),GHAZIPUR,195,1.0,GHAZIPUR
AC,UTTAR PRADESH,377,Zahoorabad,BALLIA,195,1.0,GHAZIPUR
AC,UTTAR PRADESH,378,Mohammadabad,BALLIA,195,1.0,GHAZIPUR
AC,UTTAR PRADESH,379,Zamania,GHAZIPUR,195,1.0,GHAZIPUR
AC,UTTAR PRADESH,380,Mughalsarai,CHANDAULI,196,1.0,CHANDAULI *
AC,UTTAR PRADESH,381,Sakaldiha,CHANDAULI,196,1.0,CHANDAULI *
AC,UTTAR PRADESH,382,Saiyadraja,CHANDAULI,196,1.0,CHANDAULI *
AC,UTTAR PRADESH,383,Chakia (SC),ROBERTSGANJ (SC),196,1.0,CHANDAULI *
AC,UTTAR PRADESH,384,Pindra,MACHHLISHAHR (SC),197,1.0,VARANASI
AC,UTTAR PRADESH,385,Ajagara (SC),CHANDAULI,197,1.0,VARANASI
AC,UTTAR PRADESH,386,Shivpur,CHANDAULI,197,1.0,VARANASI
AC,UTTAR PRADESH,387,Rohaniya,VARANASI,197,1.0,VARANASI
AC,UTTAR PRADESH,388,Varanasi North,VARANASI,197,1.0,VARANASI
AC,UTTAR PRADESH,389,Varanasi South,VARANASI,197,1.0,VARANASI
AC,UTTAR PRADESH,390,Varanasi Cantt.,VARANASI,197,1.0,VARANASI
AC,UTTAR PRADESH,391,Sevapuri,VARANASI,197,1.0,VARANASI
AC,UTTAR PRADESH,392,Bhadohi,BHADOHI,198,1.0,SANT RAVIDAS NAGAR *
AC,UTTAR PRADESH,393,Gyanpur,BHADOHI,198,1.0,SANT RAVIDAS NAGAR *
AC,UTTAR PRADESH,394,Aurai (SC),BHADOHI,198,1.0,SANT RAVIDAS NAGAR *
AC,UTTAR PRADESH,395,Chhanbey (SC),MIRZAPUR,199,1.0,MIRZAPUR
AC,UTTAR PRADESH,396,Mirzapur,MIRZAPUR,199,1.0,MIRZAPUR
AC,UTTAR PRADESH,397,Majhawan,MIRZAPUR,199,1.0,MIRZAPUR
AC,UTTAR PRADESH,398,Chunar,MIRZAPUR,199,1.0,MIRZAPUR
AC,UTTAR PRADESH,399,Marihan,MIRZAPUR,199,1.0,MIRZAPUR
AC,UTTAR PRADESH,400,Ghorawal,ROBERTSGANJ (SC),200,1.0,SONBHADRA
AC,UTTAR PRADESH,401,Robertsganj,ROBERTSGANJ (SC),200,1.0,SONBHADRA
AC,UTTAR PRADESH,402,Obra,ROBERTSGANJ (SC),200,1.0,SONBHADRA
AC,UTTAR PRADESH,403,Duddhi (SC),ROBERTSGANJ (SC),200,1.0,SONBHADRA
AC,UTTARKHAND,1,Purola (SC),TEHRI GARHWAL,56,1.0,UTTARKASHI
AC,UTTARKHAND,2,Yamunotri,TEHRI GARHWAL,56,1.0,UTTARKASHI
AC,UTTARKHAND,3,Gangotri,TEHRI GARHWAL,56,1.0,UTTARKASHI
AC,UTTARKHAND,4,Badrinath,GARHWAL,57,1.0,CHAMOLI
AC,UTTARKHAND,5,Tharali (SC),GARHWAL,57,1.0,CHAMOLI
AC,UTTARKHAND,6,Karnprayag,GARHWAL,57,1.0,CHAMOLI
AC,UTTARKHAND,7,Kedarnath,GARHWAL,58,1.0,RUDRAPRAYAG *
AC,UTTARKHAND,8,Rudraprayag,GARHWAL,58,0.7581,RUDRAPRAYAG *
AC,UTTARKHAND,8,Rudraprayag,GARHWAL,61,0.2419,RUDRAPRAYAG *
AC,UTTARKHAND,9,Ghanshali (SC),TEHRI GARHWAL,59,1.0,TEHRI GARHWAL
AC,UTTARKHAND,10,Deoprayag,GARHWAL,59,1.0,TEHRI GARHWAL
AC,UTTARKHAND,11,Narendranagar,GARHWAL,59,1.0,TEHRI GARHWAL
AC,UTTARKHAND,12,Pratapnagar,TEHRI GARHWAL,59,1.0,TEHRI GARHWAL
AC,UTTARKHAND,13,Tehri,TEHRI GARHWAL,59,1.0,TEHRI GARHWAL
AC,UTTARKHAND,14,Dhanolti,TEHRI GARHWAL,59,1.0,TEHRI GARHWAL
AC,UTTARKHAND,15,Chakrata (ST),TEHRI GARHWAL,60,1.0,DEHRADUN
AC,UTTARKHAND,16,Vikasnagar,TEHRI GARHWAL,60,1.0,DEHRADUN
AC,UTTARKHAND,17,Sahaspur,TEHRI GARHWAL,60,1.0,DEHRADUN
AC,UTTARKHAND,18,Dharampur,HARDWAR,60,1.0,DEHRADUN
AC,UTTARKHAND,19,Raipur,TEHRI GARHWAL,60,1.0,DEHRADUN
AC,UTTARKHAND,20,Rajpur Road (SC,TEHRI GARHWAL,60,1.0,DEHRADUN
AC,UTTARKHAND,21,Dehradun Cantt.,TEHRI GARHWAL,60,1.0,DEHRADUN
AC,UTTARKHAND,22,Mussoorie,TEHRI GARHWAL,60,1.0,DEHRADUN
AC,UTTARKHAND,23,Doiwala,HARDWAR,60,1.0,DEHRADUN
AC,UTTARKHAND,24,Rishikesh,HARDWAR,60,1.0,DEHRADUN
AC,UTTARKHAND,25,Hardwar,HARDWAR,68,0.6629,HARDWAR
AC,UTTARKHAND,25,Hardwar,HARDWAR,60,0.3371,HARDWAR
AC,UTTARKHAND,26,B.H.E.L. Ranipu,HARDWAR,68,1.0,HARDWAR
AC,UTTARKHAND,27,Jwalapur (SC),HARDWAR,68,1.0,HARDWAR
AC,UTTARKHAND,28,Bhagwanpur (SC),HARDWAR,68,1.0,HARDWAR
AC,UTTARKHAND,29,Jhabrera (SC),HARDWAR,68,1.0,HARDWAR
AC,UTTARKHAND,30,Pirankaliyar,HARDWAR,68,1.0,HARDWAR
AC,UTTARKHAND,31,Roorkee,HARDWAR,68,1.0,HARDWAR
AC,UTTARKHAND,32,Khanpur,HARDWAR,68,1.0,HARDWAR
AC,UTTARKHAND,33,Manglaur,HARDWAR,68,1.0,HARDWAR
AC,UTTARKHAND,34,Laksar,HARDWAR,68,1.0,HARDWAR
AC,UTTARKHAND,35,Hardwar Rural,HARDWAR,68,1.0,HARDWAR
AC,UTTARKHAND,36,Yamkeshwar,GARHWAL,61,1.0,GARHWAL
AC,UTTARKHAND,37,Pauri (SC),GARHWAL,61,1.0,GARHWAL
AC,UTTARKHAND,38,Srinagar,GARHWAL,61,1.0,GARHWAL
AC,UTTARKHAND,39,Chaubattakhal,GARHWAL,61,1.0,GARHWAL
AC,UTTARKHAND,40,Lansdowne,GARHWAL,61,1.0,GARHWAL
AC,UTTARKHAND,41,Kotdwar,GARHWAL,61,1.0,GARHWAL
AC,UTTARKHAND,42,Dharchula,ALMORA (SC),62,1.0,PITHORAGARH
AC,UTTARKHAND,43,Didihat,ALMORA (SC),62,1.0,PITHORAGARH
AC,UTTARKHAND,44,Pithoragarh,ALMORA (SC),62,1.0,PITHORAGARH
AC,UTTARKHAND,45,Gangolihat (SC),ALMORA (SC),62,1.0,PITHORAGARH
AC,UTTARKHAND,46,Kapkote,ALMORA (SC),63,1.0,BAGESHWAR
AC,UTTARKHAND,47,Bageshwar (SC),ALMORA (SC),63,1.0,BAGESHWAR
AC,UTTARKHAND,48,Dwarahat,ALMORA (SC),64,1.0,ALMORA
AC,UTTARKHAND,49,Salt,ALMORA (SC),64,1.0,ALMORA
AC,UTTARKHAND,50,Ranikhet,ALMORA (SC),64,1.0,ALMORA
AC,UTTARKHAND,51,Someshwar (SC),ALMORA (SC),64,1.0,ALMORA
AC,UTTARKHAND,52,Almora,ALMORA (SC),64,1.0,ALMORA
AC,UTTARKHAND,53,Jageshwar,ALMORA (SC),64,1.0,ALMORA
AC,UTTARKHAND,54,Lohaghat,ALMORA (SC),65,1.0,CHAMPAWAT
AC,UTTARKHAND,55,Champawat,ALMORA (SC),65,0.8641,CHAMPAWAT
AC,UTTARKHAND,55,Champawat,ALMORA (SC),67,0.1359,CHAMPAWAT
AC,UTTARKHAND,56,Lalkuwa,NAINITAL-UDHAMSINGH NAG,66,1.0,NAINITAL
AC,UTTARKHAND,57,Bhimtal,NAINITAL-UDHAMSINGH NAG,66,1.0,NAINITAL
AC,UTTARKHAND,58,Nainital (SC),NAINITAL-UDHAMSINGH NAG,66,1.0,NAINITAL
AC,UTTARKHAND,59,Haldwani,NAINITAL-UDHAMSINGH NAG,66,1.0,NAINITAL
AC,UTTARKHAND,60,Kaladhungi,NAINITAL-UDHAMSINGH NAG,66,1.0,NAINITAL
AC,UTTARKHAND,61,Ramnagar,GARHWAL,66,1.0,NAINITAL
AC,UTTARKHAND,62,Jaspur,NAINITAL-UDHAMSINGH NAG,67,1.0,UDHAM SINGH NAGAR *
AC,UTTARKHAND,63,Kashipur,NAINITAL-UDHAMSINGH NAG,67,1.0,UDHAM SINGH NAGAR *
AC,UTTARKHAND,64,Bajpur (SC),NAINITAL-UDHAMSINGH NAG,67,1.0,UDHAM SINGH NAGAR *
AC,UTTARKHAND,65,Gadarpur,NAINITAL-UDHAMSINGH NAG,67,1.0,UDHAM SINGH NAGAR *
AC,UTTARKHAND,66,Rudrapur,NAINITAL-UDHAMSINGH NAG,67,1.0,UDHAM SINGH NAGAR *
AC,UTTARKHAND,67,Kichha,NAINITAL-UDHAMSINGH NAG,67,1.0,UDHAM SINGH NAGAR *
AC,UTTARKHAND,68,Sitarganj,NAINITAL-UDHAMSINGH NAG,67,1.0,UDHAM SINGH NAGAR *
AC,UTTARKHAND,69,Nanak Matta (ST,NAINITAL-UDHAMSINGH NAG,67,1.0,UDHAM SINGH NAGAR *
AC,UTTARKHAND,70,Khatima,NAINITAL-UDHAMSINGH NAG,67,1.0,UDHAM SINGH NAGAR *
AC,WEST BENGAL,1,MEKLIGANJ (SC),JALPAIGURI (SC),329,1.0,KOCH BIHAR
AC,WEST BENGAL,2,MATHABHANGA (SC),COOCHBEHAR (SC),329,1.0,KOCH BIHAR
AC,WEST BENGAL,3,COOCHBEHAR UTTAR (SC),COOCHBEHAR (SC),329,1.0,KOCH BIHAR
AC,WEST BENGAL,4,COOCHBEHAR DAKSHIN,COOCHBEHAR (SC),329,1.0,KOCH BIHAR
AC,WEST BENGAL,5,SITALKUCHI (SC),COOCHBEHAR (SC),329,1.0,KOCH BIHAR
AC,WEST BENGAL,6,SITAI (SC),COOCHBEHAR (SC),329,1.0,KOCH BIHAR
AC,WEST BENGAL,7,DINHATA,COOCHBEHAR (SC),329,1.0,KOCH BIHAR
AC,WEST BENGAL,8,NATABARI,COOCHBEHAR (SC),329,1.0,KOCH BIHAR
AC,WEST BENGAL,9,TUFANGANJ,ALIPURDUARS (ST),329,1.0,KOCH BIHAR
AC,WEST BENGAL,10,KUMARGRAM (ST),ALIPURDUARS (ST),328,1.0,JALPAIGURI
AC,WEST BENGAL,11,KALCHINI (ST),ALIPURDUARS (ST),328,1.0,JALPAIGURI
AC,WEST BENGAL,12,ALIPURDUARS,ALIPURDUARS (ST),328,1.0,JALPAIGURI
AC,WEST BENGAL,13,FALAKATA (SC),ALIPURDUARS (ST),328,1.0,JALPAIGURI
AC,WEST BENGAL,14,MADARIHAT (ST),ALIPURDUARS (ST),328,1.0,JALPAIGURI
AC,WEST BENGAL,15,DHUPGURI (SC),JALPAIGURI (SC),328,1.0,JALPAIGURI
AC,WEST BENGAL,16,MAYNAGURI (SC),JALPAIGURI (SC),328,1.0,JALPAIGURI
AC,WEST BENGAL,17,JALPAIGURI (SC),JALPAIGURI (SC),328,1.0,JALPAIGURI
AC,WEST BENGAL,18,RAJGANJ (SC),JALPAIGURI (SC),328,1.0,JALPAIGURI
AC,WEST BENGAL,19,DABGRAM-PHULBARI,JALPAIGURI (SC),328,1.0,JALPAIGURI
AC,WEST BENGAL,20,MAL (ST),JALPAIGURI (SC),328,1.0,JALPAIGURI
AC,WEST BENGAL,21,NAGRAKATA (ST),ALIPURDUARS (ST),328,1.0,JALPAIGURI
AC,WEST BENGAL,22,KALIMPONG,DARJEELING,327,1.0,DARJILING
AC,WEST BENGAL,23,DARJEELING,DARJEELING,327,1.0,DARJILING
AC,WEST BENGAL,24,KURSEONG,DARJEELING,327,1.0,DARJILING
AC,WEST BENGAL,25,MATIGARA-NAXALBARI(SC),DARJEELING,327,1.0,DARJILING
AC,WEST BENGAL,26,SILIGURI,DARJEELING,327,1.0,DARJILING
AC,WEST BENGAL,27,PHANSIDEWA (ST),DARJEELING,327,1.0,DARJILING
AC,WEST BENGAL,28,CHOPRA,DARJEELING,330,1.0,UTTAR DINAJPUR
AC,WEST BENGAL,29,ISLAMPUR,RAIGANJ,330,1.0,UTTAR DINAJPUR
AC,WEST BENGAL,30,GOALPOKHAR,RAIGANJ,330,1.0,UTTAR DINAJPUR
AC,WEST BENGAL,31,CHAKULIA,RAIGANJ,330,1.0,UTTAR DINAJPUR
AC,WEST BENGAL,32,KARANDIGHI,RAIGANJ,330,1.0,UTTAR DINAJPUR
AC,WEST BENGAL,33,HEMTABAD (SC),RAIGANJ,330,1.0,UTTAR DINAJPUR
AC,WEST BENGAL,34,KALIAGANJ (SC),RAIGANJ,330,1.0,UTTAR DINAJPUR
AC,WEST BENGAL,35,RAIGANJ,RAIGANJ,330,1.0,UTTAR DINAJPUR
AC,WEST BENGAL,36,ITAHAR,BALURGHAT,330,1.0,UTTAR DINAJPUR
AC,WEST BENGAL,37,KUSHMANDI (SC),BALURGHAT,331,1.0,DAKSHIN DINAJPUR *
AC,WEST BENGAL,38,KUMARGANJ,BALURGHAT,331,1.0,DAKSHIN DINAJPUR *
AC,WEST BENGAL,39,BALURGHAT,BALURGHAT,331,1.0,DAKSHIN DINAJPUR *
AC,WEST BENGAL,40,TAPAN(ST),BALURGHAT,331,1.0,DAKSHIN DINAJPUR *
AC,WEST BENGAL,41,GANGARAMPUR (SC),BALURGHAT,331,1.0,DAKSHIN DINAJPUR *
AC,WEST BENGAL,42,HARIRAMPUR,BALURGHAT,331,0.8407,DAKSHIN DINAJPUR *
AC,WEST BENGAL,42,HARIRAMPUR,BALURGHAT,330,0.1593,DAKSHIN DINAJPUR *
AC,WEST BENGAL,43,HABIBPUR (ST),MALDAHA UTTAR,332,1.0,MALDAH
AC,WEST BENGAL,44,GAZOLE (SC),MALDAHA UTTAR,332,1.0,MALDAH
AC,WEST BENGAL,45,CHANCHAL,MALDAHA UTTAR,332,1.0,MALDAH
AC,WEST BENGAL,46,HARISCHANDRAPUR,MALDAHA UTTAR,332,1.0,MALDAH
AC,WEST BENGAL,47,MALATIPUR,MALDAHA UTTAR,332,1.0,MALDAH
AC,WEST BENGAL,48,RATUA,MALDAHA UTTAR,332,1.0,MALDAH
AC,WEST BENGAL,49,MANIKCHAK,MALDAHA DAKSHIN,332,1.0,MALDAH
AC,WEST BENGAL,50,MALDAHA (SC),MALDAHA UTTAR,332,1.0,MALDAH
AC,WEST BENGAL,51,ENGLISH BAZAR,MALDAHA DAKSHIN,332,1.0,MALDAH
AC,WEST BENGAL,52,MOTHABARI,MALDAHA DAKSHIN,332,0.7937,MALDAH
AC,WEST BENGAL,52,MOTHABARI,MALDAHA DAKSHIN,352,0.2063,MALDAH
AC,WEST BENGAL,53,SUJAPUR,MALDAHA DAKSHIN,332,1.0,MALDAH
AC,WEST BENGAL,54,BAISNABNAGAR,MALDAHA DAKSHIN,332,1.0,MALDAH
AC,WEST BENGAL,55,FARAKKA,MALDAHA DAKSHIN,333,1.0,MURSHIDABAD
AC,WEST BENGAL,56,SAMSERGANJ,MALDAHA DAKSHIN,333,1.0,MURSHIDABAD
AC,WEST BENGAL,57,SUTI,JANGIPUR,333,1.0,MURSHIDABAD
AC,WEST BENGAL,58,JANGIPUR,JANGIPUR,333,1.0,MURSHIDABAD
AC,WEST BENGAL,59,RAGHUNATHGANJ,JANGIPUR,333,1.0,MURSHIDABAD
AC,WEST BENGAL,60,SAGARDIGHI,JANGIPUR,333,1.0,MURSHIDABAD
AC,WEST BENGAL,61,LALGOLA,JANGIPUR,333,1.0,MURSHIDABAD
AC,WEST BENGAL,62,BHAGABANGOLA,MURSHIDABAD,333,1.0,MURSHIDABAD
AC,WEST BENGAL,63,RANINAGAR,MURSHIDABAD,333,1.0,MURSHIDABAD
AC,WEST BENGAL,64,MURSHIDABAD,MURSHIDABAD,333,1.0,MURSHIDABAD
AC,WEST BENGAL,65,NABAGRAM (SC),JANGIPUR,333,1.0,MURSHIDABAD
AC,WEST BENGAL,66,KHARGRAM (SC),JANGIPUR,333,1.0,MURSHIDABAD
AC,WEST BENGAL,67,BURWAN (SC),BAHARAMPUR,333,1.0,MURSHIDABAD
AC,WEST BENGAL,68,KANDI,BAHARAMPUR,333,1.0,MURSHIDABAD
AC,WEST BENGAL,69,BHARATPUR,BAHARAMPUR,333,1.0,MURSHIDABAD
AC,WEST BENGAL,70,REJINAGAR,BAHARAMPUR,333,1.0,MURSHIDABAD
AC,WEST BENGAL,71,BELDANGA,BAHARAMPUR,333,1.0,MURSHIDABAD
AC,WEST BENGAL,72,BAHARAMPUR,BAHARAMPUR,333,1.0,MURSHIDABAD
AC,WEST BENGAL,73,HARIHARPARA,MURSHIDABAD,333,1.0,MURSHIDABAD
AC,WEST BENGAL,74,NAODA,BAHARAMPUR,333,1.0,MURSHIDABAD
AC,WEST BENGAL,75,DOMKAL,MURSHIDABAD,333,1.0,MURSHIDABAD
AC,WEST BENGAL,76,JALANGI,MURSHIDABAD,333,1.0,MURSHIDABAD
AC,WEST BENGAL,77,KARIMPUR,MURSHIDABAD,336,1.0,NADIA
AC,WEST BENGAL,78,TEHATTA,KRISHNANAGAR,336,1.0,NADIA
AC,WEST BENGAL,79,PALASHIPARA,KRISHNANAGAR,336,1.0,NADIA
AC,WEST BENGAL,80,KALIGANJ,KRISHNANAGAR,336,1.0,NADIA
AC,WEST BENGAL,81,NAKASHIPARA,KRISHNANAGAR,336,1.0,NADIA
AC,WEST BENGAL,82,CHAPRA,KRISHNANAGAR,336,1.0,NADIA
AC,WEST BENGAL,83,KRISHNANAGAR UTTAR,KRISHNANAGAR,336,1.0,NADIA
AC,WEST BENGAL,84,NABADWIP,KRISHNANAGAR,336,1.0,NADIA
AC,WEST BENGAL,85,KRISHNANAGAR DAKSHIN,RANAGHAT (SC),336,1.0,NADIA
AC,WEST BENGAL,86,SANTIPUR,RANAGHAT (SC),336,1.0,NADIA
AC,WEST BENGAL,87,RANAGHAT UTTAR PASCHIM,RANAGHAT (SC),336,1.0,NADIA
AC,WEST BENGAL,88,KRISHNAGANJ (SC),RANAGHAT (SC),336,1.0,NADIA
AC,WEST BENGAL,89,RANAGHAT UTTAR PURBA(SC),RANAGHAT (SC),336,1.0,NADIA
AC,WEST BENGAL,90,RANAGHAT DAKSHIN (SC),RANAGHAT (SC),336,1.0,NADIA
AC,WEST BENGAL,91,CHAKDAHA,RANAGHAT (SC),336,1.0,NADIA
AC,WEST BENGAL,92,KALYANI (SC),BANGAON (SC),336,1.0,NADIA
AC,WEST BENGAL,93,HARINGHATA (SC),BANGAON (SC),336,1.0,NADIA
AC,WEST BENGAL,94,BAGDA (SC),BANGAON (SC),337,1.0,NORTH 24 PARGANAS
AC,WEST BENGAL,95,BANGAON UTTAR (SC),BANGAON (SC),337,1.0,NORTH 24 PARGANAS
AC,WEST BENGAL,96,BANGAON DAKSHIN (SC),BANGAON (SC),337,1.0,NORTH 24 PARGANAS
AC,WEST BENGAL,97,GAIGHATA (SC),BANGAON (SC),337,1.0,NORTH 24 PARGANAS
AC,WEST BENGAL,98,SWARUPNAGAR,BANGAON (SC),337,1.0,NORTH 24 PARGANAS
AC,WEST BENGAL,99,BADURIA,BASIRHAT,337,1.0,NORTH 24 PARGANAS
AC,WEST BENGAL,100,HABRA,BARASAT,337,1.0,NORTH 24 PARGANAS
AC,WEST BENGAL,101,ASHOKNAGAR,BARASAT,337,1.0,NORTH 24 PARGANAS
AC,WEST BENGAL,102,AMDANGA,BARRACKPUR,337,1.0,NORTH 24 PARGANAS
AC,WEST BENGAL,103,BIJPUR,BARRACKPUR,337,1.0,NORTH 24 PARGANAS
AC,WEST BENGAL,104,NAIHATI,BARRACKPUR,337,1.0,NORTH 24 PARGANAS
AC,WEST BENGAL,105,BHATPARA,BARRACKPUR,337,0.8451,NORTH 24 PARGANAS
AC,WEST BENGAL,105,BHATPARA,BARRACKPUR,338,0.1549,NORTH 24 PARGANAS
AC,WEST BENGAL,106,JAGATDAL,BARRACKPUR,337,1.0,NORTH 24 PARGANAS
AC,WEST BENGAL,107,NOAPARA,BARRACKPUR,337,0.8964,NORTH 24 PARGANAS
AC,WEST BENGAL,107,NOAPARA,BARRACKPUR,338,0.1036,NORTH 24 PARGANAS
AC,WEST BENGAL,108,BARRACKPUR,BARRACKPUR,337,1.0,NORTH 24 PARGANAS
AC,WEST BENGAL,109,KHARDAHA,DUM DUM,337,1.0,NORTH 24 PARGANAS
AC,WEST BENGAL,110,DUM DUM UTTAR,DUM DUM,337,1.0,NORTH 24 PARGANAS
AC,WEST BENGAL,111,PANIHATI,DUM DUM,337,1.0,NORTH 24 PARGANAS
AC,WEST BENGAL,112,KAMARHATI,DUM DUM,337,1.0,NORTH 24 PARGANAS
AC,WEST BENGAL,113,BARANAGAR,DUM DUM,337,1.0,NORTH 24 PARGANAS
AC,WEST BENGAL,114,DUM DUM,DUM DUM,337,1.0,NORTH 24 PARGANAS
AC,WEST BENGAL,115,RAJARHAT NEW TOWN,BARASAT,337,1.0,NORTH 24 PARGANAS
AC,WEST BENGAL,116,BIDHANNAGAR,BARASAT,343,1.0,NORTH 24 PARGANAS
AC,WEST BENGAL,117,RAJARHAT GOPALPUR,DUM DUM,337,1.0,NORTH 24 PARGANAS
AC,WEST BENGAL,118,MADHYAMGRAM,BARASAT,337,1.0,NORTH 24 PARGANAS
AC,WEST BENGAL,119,BARASAT,BARASAT,337,1.0,NORTH 24 PARGANAS
AC,WEST BENGAL,120,DEGANGA,BARASAT,337,1.0,NORTH 24 PARGANAS
AC,WEST BENGAL,121,HAROA,BASIRHAT,337,1.0,NORTH 24 PARGANAS
AC,WEST BENGAL,122,MINAKHAN (SC),BASIRHAT,337,1.0,NORTH 24 PARGANAS
AC,WEST BENGAL,123,SANDESHKHALI (ST),BASIRHAT,337,1.0,NORTH 24 PARGANAS
AC,WEST BENGAL,124,BASIRHAT DAKSHIN,BASIRHAT,337,1.0,NORTH 24 PARGANAS
AC,WEST BENGAL,125,BASIRHAT UTTAR,BASIRHAT,337,1.0,NORTH 24 PARGANAS
AC,WEST BENGAL,126,HINGALGANJ (SC),BASIRHAT,337,1.0,NORTH 24 PARGANAS
AC,WEST BENGAL,127,GOSABA (SC),JAYNAGAR (SC),337,1.0,SOUTH 24 PARGANAS
AC,WEST BENGAL,128,BASANTI (SC),JAYNAGAR (SC),343,1.0,SOUTH 24 PARGANAS
AC,WEST BENGAL,129,KULTALI (SC),JAYNAGAR (SC),343,1.0,SOUTH 24 PARGANAS
AC,WEST BENGAL,130,PATHARPRATIMA,MATHURAPUR (SC),343,1.0,SOUTH 24 PARGANAS
AC,WEST BENGAL,131,KAKDWIP,MATHURAPUR (SC),343,1.0,SOUTH 24 PARGANAS
AC,WEST BENGAL,132,SAGAR,MATHURAPUR (SC),343,1.0,SOUTH 24 PARGANAS
AC,WEST BENGAL,133,KULPI,MATHURAPUR (SC),343,1.0,SOUTH 24 PARGANAS
AC,WEST BENGAL,134,RAIDIGHI,MATHURAPUR (SC),343,1.0,SOUTH 24 PARGANAS
AC,WEST BENGAL,135,MANDIRBAZAR (SC),MATHURAPUR (SC),343,1.0,SOUTH 24 PARGANAS
AC,WEST BENGAL,136,JAYNAGAR (SC),JAYNAGAR (SC),343,1.0,SOUTH 24 PARGANAS
AC,WEST BENGAL,137,BARUIPUR PURBA(SC),JADAVPUR,343,1.0,SOUTH 24 PARGANAS
AC,WEST BENGAL,138,CANNING PASCHIM(SC),JAYNAGAR (SC),343,1.0,SOUTH 24 PARGANAS
AC,WEST BENGAL,139,CANNING PURBA,JAYNAGAR (SC),343,1.0,SOUTH 24 PARGANAS
AC,WEST BENGAL,140,BARUIPUR PASCHIM,JADAVPUR,343,1.0,SOUTH 24 PARGANAS
AC,WEST BENGAL,141,MAGRAHAT PURBA(SC),JAYNAGAR (SC),343,1.0,SOUTH 24 PARGANAS
AC,WEST BENGAL,142,MAGRAHAT PASCHIM,MATHURAPUR (SC),343,1.0,SOUTH 24 PARGANAS
AC,WEST BENGAL,143,DIAMOND HARBOUR,DIAMOND HARBOUR,343,1.0,SOUTH 24 PARGANAS
AC,WEST BENGAL,144,FALTA,DIAMOND HARBOUR,343,1.0,SOUTH 24 PARGANAS
AC,WEST BENGAL,145,SATGACHHIA,DIAMOND HARBOUR,343,1.0,SOUTH 24 PARGANAS
AC,WEST BENGAL,146,BISHNUPUR (SC),DIAMOND HARBOUR,343,1.0,SOUTH 24 PARGANAS
AC,WEST BENGAL,147,SONARPUR DAKSHIN,JADAVPUR,343,1.0,SOUTH 24 PARGANAS
AC,WEST BENGAL,148,BHANGAR,JADAVPUR,343,1.0,SOUTH 24 PARGANAS
AC,WEST BENGAL,149,KASBA,KOLKATA DAKSHIN,343,1.0,SOUTH 24 PARGANAS
AC,WEST BENGAL,150,JADAVPUR,JADAVPUR,343,1.0,SOUTH 24 PARGANAS
AC,WEST BENGAL,151,SONARPUR UTTAR,JADAVPUR,343,1.0,SOUTH 24 PARGANAS
AC,WEST BENGAL,152,TOLLYGANJ,JADAVPUR,343,1.0,SOUTH 24 PARGANAS
AC,WEST BENGAL,153,BEHALA PURBA,KOLKATA DAKSHIN,343,1.0,SOUTH 24 PARGANAS
AC,WEST BENGAL,154,BEHALA PASCHIM,KOLKATA DAKSHIN,343,1.0,SOUTH 24 PARGANAS
AC,WEST BENGAL,155,MAHESHTALA,DIAMOND HARBOUR,343,1.0,SOUTH 24 PARGANAS
AC,WEST BENGAL,156,BUDGE BUDGE,DIAMOND HARBOUR,343,1.0,SOUTH 24 PARGANAS
AC,WEST BENGAL,157,METIABURUZ,DIAMOND HARBOUR,343,1.0,SOUTH 24 PARGANAS
AC,WEST BENGAL,158,KOLKATA PORT,KOLKATA DAKSHIN,342,1.0,KOLKATA
AC,WEST BENGAL,159,BHABANIPUR,KOLKATA DAKSHIN,342,1.0,KOLKATA
AC,WEST BENGAL,160,RASHBEHARI,KOLKATA DAKSHIN,342,1.0,KOLKATA
AC,WEST BENGAL,161,BALLYGUNGE,KOLKATA DAKSHIN,342,1.0,KOLKATA
AC,WEST BENGAL,162,CHOWRANGEE,KOLKATA UTTAR,342,0.8463,KOLKATA
AC,WEST BENGAL,162,CHOWRANGEE,KOLKATA UTTAR,341,0.1537,KOLKATA
AC,WEST BENGAL,163,ENTALLY,KOLKATA UTTAR,342,1.0,KOLKATA
AC,WEST BENGAL,164,BELEGHATA,KOLKATA UTTAR,342,1.0,KOLKATA
AC,WEST BENGAL,165,JORASANKO,KOLKATA UTTAR,342,1.0,KOLKATA
AC,WEST BENGAL,166,SHYAMPUKUR,KOLKATA UTTAR,342,0.7743,KOLKATA
AC,WEST BENGAL,166,SHYAMPUKUR,KOLKATA UTTAR,341,0.2257,KOLKATA
AC,WEST BENGAL,167,MANIKTALA,KOLKATA UTTAR,342,1.0,KOLKATA
AC,WEST BENGAL,168,KASHIPURBELGACHHIA,KOLKATA UTTAR,342,1.0,KOLKATA
AC,WEST BENGAL,169,BALLY,HOWRAH,341,1.0,HAORA
AC,WEST BENGAL,170,HOWRAH UTTAR,HOWRAH,341,1.0,HAORA
AC,WEST BENGAL,171,HOWRAH MADHYA,HOWRAH,341,1.0,HAORA
AC,WEST BENGAL,172,SHIBPUR,HOWRAH,341,1.0,HAORA
AC,WEST BENGAL,173,HOWRAH DAKSHIN,HOWRAH,341,1.0,HAORA
AC,WEST BENGAL,174,SANKRAIL (SC),HOWRAH,341,1.0,HAORA
AC,WEST BENGAL,175,PANCHLA,HOWRAH,341,1.0,HAORA
AC,WEST BENGAL,176,ULUBERIA PURBA,ULUBERIA,341,1.0,HAORA
AC,WEST BENGAL,177,ULUBERIA UTTAR (SC),ULUBERIA,341,1.0,HAORA
AC,WEST BENGAL,178,ULUBERIA DAKSHIN,ULUBERIA,341,1.0,HAORA
AC,WEST BENGAL,179,SHYAMPUR,ULUBERIA,341,1.0,HAORA
AC,WEST BENGAL,180,BAGNAN,ULUBERIA,341,1.0,HAORA
AC,WEST BENGAL,181,AMTA,ULUBERIA,341,1.0,HAORA
AC,WEST BENGAL,182,UDAYNARAYANPUR,ULUBERIA,341,1.0,HAORA
AC,WEST BENGAL,183,JAGATBALLAVPUR,SREERAMPUR,341,1.0,HAORA
AC,WEST BENGAL,184,DOMJUR,SREERAMPUR,341,1.0,HAORA
AC,WEST BENGAL,185,UTTARPARA,SREERAMPUR,338,1.0,HUGLI
AC,WEST BENGAL,186,SREERAMPUR,SREERAMPUR,338,1.0,HUGLI
AC,WEST BENGAL,187,CHAMPDANI,SREERAMPUR,338,1.0,HUGLI
AC,WEST BENGAL,188,SINGUR,HOOGHLY,338,1.0,HUGLI
AC,WEST BENGAL,189,CHANDANNAGAR,HOOGHLY,338,1.0,HUGLI
AC,WEST BENGAL,190,CHUNCHURA,HOOGHLY,338,1.0,HUGLI
AC,WEST BENGAL,191,BALAGARH (SC),HOOGHLY,338,1.0,HUGLI
AC,WEST BENGAL,192,PANDUA,HOOGHLY,338,1.0,HUGLI
AC,WEST BENGAL,193,SAPTAGRAM,HOOGHLY,338,1.0,HUGLI
AC,WEST BENGAL,194,CHANDITALA,SREERAMPUR,338,1.0,HUGLI
AC,WEST BENGAL,195,JANGIPARA,SREERAMPUR,338,1.0,HUGLI
AC,WEST BENGAL,196,HARIPAL,ARAMBAG (SC),338,1.0,HUGLI
AC,WEST BENGAL,197,DHANEKHALI(SC),HOOGHLY,338,1.0,HUGLI
AC,WEST BENGAL,198,TARAKESWAR,ARAMBAG (SC),338,1.0,HUGLI
AC,WEST BENGAL,199,PURSURAH,ARAMBAG (SC),338,1.0,HUGLI
AC,WEST BENGAL,200,ARAMBAG (SC),ARAMBAG (SC),338,1.0,HUGLI
AC,WEST BENGAL,201,GOGHAT (SC),ARAMBAG (SC),338,1.0,HUGLI
AC,WEST BENGAL,202,KHANAKUL,ARAMBAG (SC),338,1.0,HUGLI
AC,WEST BENGAL,203,TAMLUK,TAMLUK,345,1.0,PURBA MEDINAPUR
AC,WEST BENGAL,204,PANSKURA PURBA,TAMLUK,345,1.0,PURBA MEDINAPUR
AC,WEST BENGAL,205,PANSKURA PASCHIM,GHATAL,345,1.0,PURBA MEDINAPUR
AC,WEST BENGAL,206,MOYNA,TAMLUK,345,1.0,PURBA MEDINAPUR
AC,WEST BENGAL,207,NANDAKUMAR,TAMLUK,345,1.0,PURBA MEDINAPUR
AC,WEST BENGAL,208,MAHISADAL,TAMLUK,345,1.0,PURBA MEDINAPUR
AC,WEST BENGAL,209,HALDIA (SC),TAMLUK,345,1.0,PURBA MEDINAPUR
AC,WEST BENGAL,210,NANDIGRAM,TAMLUK,345,1.0,PURBA MEDINAPUR
AC,WEST BENGAL,211,CHANDIPUR,KANTHI,345,1.0,PURBA MEDINAPUR
AC,WEST BENGAL,212,PATASHPUR,KANTHI,345,1.0,PURBA MEDINAPUR
AC,WEST BENGAL,213,KANTHI UTTAR,KANTHI,345,1.0,PURBA MEDINAPUR
AC,WEST BENGAL,214,BHAGABANPUR,KANTHI,345,1.0,PURBA MEDINAPUR
AC,WEST BENGAL,215,KHEJURI (SC),KANTHI,345,1.0,PURBA MEDINAPUR
AC,WEST BENGAL,216,KANTHI DAKSHIN,KANTHI,345,1.0,PURBA MEDINAPUR
AC,WEST BENGAL,217,RAMNAGAR,KANTHI,345,1.0,PURBA MEDINAPUR
AC,WEST BENGAL,218,EGRA,MEDINIPUR,345,1.0,PURBA MEDINAPUR
AC,WEST BENGAL,219,DANTAN,MEDINIPUR,344,1.0,PASCHIM MEDINAPUR
AC,WEST BENGAL,220,NAYAGRAM (ST),JHARGRAM (ST),344,1.0,PASCHIM MEDINAPUR
AC,WEST BENGAL,221,GOPIBALLAVPUR,JHARGRAM (ST),344,1.0,PASCHIM MEDINAPUR
AC,WEST BENGAL,222,JHARGRAM,JHARGRAM (ST),344,1.0,PASCHIM MEDINAPUR
AC,WEST BENGAL,223,KESHIARY (ST),MEDINIPUR,344,1.0,PASCHIM MEDINAPUR
AC,WEST BENGAL,224,KHARAGPUR SADAR,MEDINIPUR,344,1.0,PASCHIM MEDINAPUR
AC,WEST BENGAL,225,NARAYANGARH,MEDINIPUR,344,1.0,PASCHIM MEDINAPUR
AC,WEST BENGAL,226,SABANG,GHATAL,344,1.0,PASCHIM MEDINAPUR
AC,WEST BENGAL,227,PINGLA,GHATAL,344,1.0,PASCHIM MEDINAPUR
AC,WEST BENGAL,228,KHARAGPUR,MEDINIPUR,344,1.0,PASCHIM MEDINAPUR
AC,WEST BENGAL,229,DEBRA,GHATAL,344,1.0,PASCHIM MEDINAPUR
AC,WEST BENGAL,230,DASPUR,GHATAL,344,1.0,PASCHIM MEDINAPUR
AC,WEST BENGAL,231,GHATAL (SC),GHATAL,344,1.0,PASCHIM MEDINAPUR
AC,WEST BENGAL,232,CHANDRAKONA (SC),ARAMBAG (SC),344,1.0,PASCHIM MEDINAPUR
AC,WEST BENGAL,233,GARBETA,JHARGRAM (ST),344,1.0,PASCHIM MEDINAPUR
AC,WEST BENGAL,234,SALBONI,JHARGRAM (ST),344,1.0,PASCHIM MEDINAPUR
AC,WEST BENGAL,235,KESHPUR (SC),GHATAL,344,1.0,PASCHIM MEDINAPUR
AC,WEST BENGAL,236,MEDINIPUR,MEDINIPUR,344,1.0,PASCHIM MEDINAPUR
AC,WEST BENGAL,237,BINPUR (ST),JHARGRAM (ST),344,1.0,PASCHIM MEDINAPUR
AC,WEST BENGAL,238,BANDWAN (ST),JHARGRAM (ST),340,1.0,PURULIYA
AC,WEST BENGAL,239,BALARAMPUR,PURULIA,340,1.0,PURULIYA
AC,WEST BENGAL,240,BAGHMUNDI,PURULIA,340,1.0,PURULIYA
AC,WEST BENGAL,241,JOYPUR,PURULIA,340,1.0,PURULIYA
AC,WEST BENGAL,242,PURULIA,PURULIA,340,1.0,PURULIYA
AC,WEST BENGAL,243,MANBAZAR (ST),PURULIA,340,1.0,PURULIYA
AC,WEST BENGAL,244,KASHIPUR,PURULIA,340,1.0,PURULIYA
AC,WEST BENGAL,245,PARA (SC),PURULIA,340,1.0,PURULIYA
AC,WEST BENGAL,246,RAGHUNATHPUR(SC),BANKURA,340,1.0,PURULIYA
AC,WEST BENGAL,247,SALTORA (SC),BANKURA,339,1.0,BANKURA
AC,WEST BENGAL,248,CHHATNA,BANKURA,339,1.0,BANKURA
AC,WEST BENGAL,249,RANIBANDH (ST),BANKURA,339,1.0,BANKURA
AC,WEST BENGAL,250,RAIPUR (ST),BANKURA,339,1.0,BANKURA
AC,WEST BENGAL,251,TALDANGRA,BANKURA,339,1.0,BANKURA
AC,WEST BENGAL,252,BANKURA,BANKURA,339,1.0,BANKURA
AC,WEST BENGAL,253,BARJORA,BISHNUPUR (SC),339,1.0,BANKURA
AC,WEST BENGAL,254,ONDA,BISHNUPUR (SC),339,1.0,BANKURA
AC,WEST BENGAL,255,BISHNUPUR,BISHNUPUR (SC),339,1.0,BANKURA
AC,WEST BENGAL,256,KATULPUR (SC),BISHNUPUR (SC),339,1.0,BANKURA
AC,WEST BENGAL,257,INDUS (SC),BISHNUPUR (SC),339,1.0,BANKURA
AC,WEST BENGAL,258,SONAMUKHI (SC),BISHNUPUR (SC),339,1.0,BANKURA
AC,WEST BENGAL,259,KHANDAGHOSH (SC),BISHNUPUR (SC),335,1.0,BARDDHAMAN
AC,WEST BENGAL,260,BARDHAMAN DAKSHIN,BARDHAMAN-DURGAPUR,335,1.0,BARDDHAMAN
AC,WEST BENGAL,261,RAINA (SC),BARDHAMAN PURBA(SC),335,1.0,BARDDHAMAN
AC,WEST BENGAL,262,JAMALPUR (SC),BARDHAMAN PURBA(SC),335,1.0,BARDDHAMAN
AC,WEST BENGAL,263,MONTESWAR,BARDHAMAN-DURGAPUR,335,1.0,BARDDHAMAN
AC,WEST BENGAL,264,KALNA (SC),BARDHAMAN PURBA(SC),335,1.0,BARDDHAMAN
AC,WEST BENGAL,265,MEMARI,BARDHAMAN PURBA(SC),335,1.0,BARDDHAMAN
AC,WEST BENGAL,266,BARDHAMAN UTTAR,BARDHAMAN-DURGAPUR,335,1.0,BARDDHAMAN
AC,WEST BENGAL,267,BHATAR,BARDHAMAN-DURGAPUR,335,1.0,BARDDHAMAN
AC,WEST BENGAL,268,PURBASTHALI DAKSHIN,BARDHAMAN PURBA(SC),335,1.0,BARDDHAMAN
AC,WEST BENGAL,269,PURBASTHALI UTTAR,BARDHAMAN PURBA(SC),335,1.0,BARDDHAMAN
AC,WEST BENGAL,270,KATWA,BARDHAMAN PURBA(SC),335,1.0,BARDDHAMAN
AC,WEST BENGAL,271,KETUGRAM,BOLPUR (SC),335,1.0,BARDDHAMAN
AC,WEST BENGAL,272,MANGALKOT,BOLPUR (SC),335,1.0,BARDDHAMAN
AC,WEST BENGAL,273,AUSGRAM (SC),BOLPUR (SC),335,1.0,BARDDHAMAN
AC,WEST BENGAL,274,GALSI (SC),BARDHAMAN-DURGAPUR,335,1.0,BARDDHAMAN
AC,WEST BENGAL,275,PANDABESWAR,ASANSOL,335,1.0,BARDDHAMAN
AC,WEST BENGAL,276,DURGAPUR PURBA,BARDHAMAN-DURGAPUR,335,1.0,BARDDHAMAN
AC,WEST BENGAL,277,DURGAPUR PASCHIM,BARDHAMAN-DURGAPUR,335,1.0,BARDDHAMAN
AC,WEST BENGAL,278,RANIGANJ,ASANSOL,335,1.0,BARDDHAMAN
AC,WEST BENGAL,279,JAMURIA,ASANSOL,335,1.0,BARDDHAMAN
AC,WEST BENGAL,280,ASANSOL DAKSHIN,ASANSOL,335,1.0,BARDDHAMAN
AC,WEST BENGAL,281,ASANSOL UTTAR,ASANSOL,335,1.0,BARDDHAMAN
AC,WEST BENGAL,282,KULTI,ASANSOL,335,1.0,BARDDHAMAN
AC,WEST BENGAL,283,BARABANI,ASANSOL,335,1.0,BARDDHAMAN
AC,WEST BENGAL,284,DUBRAJPUR (SC),BIRBHUM,334,1.0,BIRBHUM
AC,WEST BENGAL,285,SURI,BIRBHUM,334,1.0,BIRBHUM
AC,WEST BENGAL,286,BOLPUR,BOLPUR (SC),334,1.0,BIRBHUM
AC,WEST BENGAL,287,NANOOR (SC),BOLPUR (SC),334,1.0,BIRBHUM
AC,WEST BENGAL,288,LABPUR,BOLPUR (SC),334,1.0,BIRBHUM
AC,WEST BENGAL,289,SAINTHIA (SC),BIRBHUM,334,1.0,BIRBHUM
AC,WEST BENGAL,290,MAYURESWAR,BOLPUR (SC),334,1.0,BIRBHUM
AC,WEST BENGAL,291,RAMPURHAT,BIRBHUM,334,1.0,BIRBHUM
AC,WEST BENGAL,292,HANSAN,BIRBHUM,334,1.0,BIRBHUM
AC,WEST BENGAL,293,NALHATI,BIRBHUM,334,1.0,BIRBHUM
AC,WEST BENGAL,294,MURARAI,BIRBHUM,334,1.0,BIRBHUM
PC,HIMACHAL PRADESH,1,Kangra,Kangra,24,0.5232,
PC,HIMACHAL PRADESH,1,Kangra,Kangra,23,0.4768,
PC,HIMACHAL PRADESH,2,Mandi,Mandi,25,0.4707,
PC,HIMACHAL PRADESH,2,Mandi,Mandi,34,0.2177,
PC,HIMACHAL PRADESH,2,Mandi,Mandi,26,0.1868,
PC,HIMACHAL PRADESH,2,Mandi,Mandi,27,0.1248,
PC,HIMACHAL PRADESH,3,Hamirpur,Hamirpur,29,0.3278,
PC,HIMACHAL PRADESH,3,Hamirpur,Hamirpur,30,0.2455,
PC,HIMACHAL PRADESH,3,Hamirpur,Hamirpur,28,0.2383,
PC,HIMACHAL PRADESH,3,Hamirpur,Hamirpur,24,0.1884,
PC,HIMACHAL PRADESH,4,Shimla,Shimla,33,0.4668,
PC,HIMACHAL PRADESH,4,Shimla,Shimla,32,0.3155,
PC,HIMACHAL PRADESH,4,Shimla,Shimla,31,0.2177,
PC,PUNJAB,1,Gurdaspur,Gurdaspur,35,1.0,
PC,PUNJAB,2,Amritsar,Amritsar,49,1.0,
PC,PUNJAB,3,Khadoor Sahib,Khadoor Sahib,50,0.5213,
PC,PUNJAB,3,Khadoor Sahib,Khadoor Sahib,36,0.1961,
PC,PUNJAB,3,Khadoor Sahib,Khadoor Sahib,43,0.144,
PC,PUNJAB,3,Khadoor Sahib,Khadoor Sahib,49,0.1386,
PC,PUNJAB,4,Jalandhar,Jalandhar,37,1.0,
PC,PUNJAB,5,Hoshiarpur,Hoshiarpur,38,0.7212,
PC,PUNJAB,5,Hoshiarpur,Hoshiarpur,36,0.1751,
PC,PUNJAB,5,Hoshiarpur,Hoshiarpur,35,0.1037,
PC,PUNJAB,6,Anandpur Sahib,Anandpur Sahib,51,0.3543,
PC,PUNJAB,6,Anandpur Sahib,Anandpur Sahib,39,0.3446,
PC,PUNJAB,6,Anandpur Sahib,Anandpur Sahib,52,0.1831,
PC,PUNJAB,6,Anandpur Sahib,Anandpur Sahib,38,0.118,
PC,PUNJAB,7,Ludhiana,Ludhiana,41,1.0,
PC,PUNJAB,8,Fatehgarh Sahib,Fatehgarh Sahib,41,0.5609,
PC,PUNJAB,8,Fatehgarh Sahib,Fatehgarh Sahib,40,0.3115,
PC,PUNJAB,8,Fatehgarh Sahib,Fatehgarh Sahib,53,0.1276,
PC,PUNJAB,9,Faridkot,Faridkot,42,0.4651,
PC,PUNJAB,9,Faridkot,Faridkot,45,0.2992,
PC,PUNJAB,9,Faridkot,Faridkot,44,0.1247,
PC,PUNJAB,9,Faridkot,Faridkot,46,0.111,
PC,PUNJAB,10,Firozepur,Firozepur,43,0.7945,
PC,PUNJAB,10,Firozepur,Firozepur,44,0.2055,
PC,PUNJAB,11,Bathinda,Bathinda,46,0.4835,
PC,PUNJAB,11,Bathinda,Bathinda,47,0.3726,
PC,PUNJAB,11,Bathinda,Bathinda,44,0.144,
PC,PUNJAB,12,Sangrur,Sangrur,53,0.6119,
PC,PUNJAB,12,Sangrur,Sangrur,54,0.3881,
PC,PUNJAB,13,Patiala,Patiala,48,0.7793,
PC,PUNJAB,13,Patiala,Patiala,53,0.2207,
PC,UTTARAKHAND,1,Tehri Garhwal,Tehri Garhwal,56,0.6186,
PC,UTTARAKHAND,1,Tehri Garhwal,Tehri Garhwal,59,0.2107,
PC,UTTARAKHAND,1,Tehri Garhwal,Tehri Garhwal,60,0.1707,
PC,UTTARAKHAND,2,Garhwal,Garhwal,57,0.5193,
PC,UTTARAKHAND,2,Garhwal,Garhwal,61,0.3589,
PC,UTTARAKHAND,2,Garhwal,Garhwal,58,0.1218,
PC,UTTARAKHAND,3,Almora,Almora,62,0.5087,
PC,UTTARAKHAND,3,Almora,Almora,64,0.2166,
PC,UTTARAKHAND,3,Almora,Almora,63,0.1606,
PC,UTTARAKHAND,3,Almora,Almora,65,0.1142,
PC,UTTARAKHAND,4,Nainital-Udhamsingh Nagar,Nainital-Udhamsingh Nagar,66,0.5746,
PC,UTTARAKHAND,4,Nainital-Udhamsingh Nagar,Nainital-Udhamsingh Nagar,67,0.4254,
PC,UTTARAKHAND,5,Haridwar,Haridwar,68,0.7377,
PC,UTTARAKHAND,5,Haridwar,Haridwar,60,0.2623,
PC,HARYANA,1,Ambala,Ambala,70,0.4189,
PC,HARYANA,1,Ambala,Ambala,71,0.3459,
PC,HARYANA,1,Ambala,Ambala,69,0.2352,
PC,HARYANA,2,Kurukshetra,Kurukshetra,73,0.522,
PC,HARYANA,2,Kurukshetra,Kurukshetra,72,0.3644,
PC,HARYANA,2,Kurukshetra,Kurukshetra,71,0.1136,
PC,HARYANA,3,Sirsa,Sirsa,79,0.6383,
PC,HARYANA,3,Sirsa,Sirsa,78,0.3617,
PC,HARYANA,4,Hisar,Hisar,80,0.7151,
PC,HARYANA,4,Hisar,Hisar,77,0.1536,
PC,HARYANA,4,Hisar,Hisar,81,0.1313,
PC,HARYANA,5,Karnal,Karnal,74,0.6751,
PC,HARYANA,5,Karnal,Karnal,75,0.3249,
PC,HARYANA,6,Sonipat,Sonipat,76,0.6183,
PC,HARYANA,6,Sonipat,Sonipat,77,0.3817,
PC,HARYANA,7,Rohtak,Rohtak,83,0.4569,
PC,HARYANA,7,Rohtak,Rohtak,82,0.385,
PC,HARYANA,7,Rohtak,Rohtak,85,0.1582,
PC,HARYANA,8,Bhiwani-Mahendragarh,Bhiwani-Mahendragarh,81,0.6683,
PC,HARYANA,8,Bhiwani-Mahendragarh,Bhiwani-Mahendragarh,84,0.3317,
PC,HARYANA,9,Gurgaon,Gurgaon,87,0.4115,
PC,HARYANA,9,Gurgaon,Gurgaon,86,0.3558,
PC,HARYANA,9,Gurgaon,Gurgaon,85,0.2327,
PC,HARYANA,10,Faridabad,Faridabad,89,0.61,
PC,HARYANA,10,Faridabad,Faridabad,88,0.39,
PC,DELHI,1,Chandni Chowk,Chandni Chowk,90,0.6784,
PC,DELHI,1,Chandni Chowk,Chandni Chowk,91,0.3216,
PC,RAJASTHAN,9,Bharatpur,Bharatpur,105,0.8818,
PC,RAJASTHAN,9,Bharatpur,Bharatpur,104,0.1182,
PC,RAJASTHAN,10,Karauli-Dholpur,Karauli-Dholpur,107,0.5982,
PC,RAJASTHAN,10,Karauli-Dholpur,Karauli-Dholpur,106,0.4018,
PC,RAJASTHAN,11,Dausa,Dausa,109,0.4973,
PC,RAJASTHAN,11,Dausa,Dausa,110,0.3037,
PC,RAJASTHAN,11,Dausa,Dausa,104,0.199,
PC,RAJASTHAN,12,Tonk-Sawai Madhopur,Tonk-Sawai Madhopur,120,0.6066,
PC,RAJASTHAN,12,Tonk-Sawai Madhopur,Tonk-Sawai Madhopur,108,0.3934,
PC,RAJASTHAN,13,Ajmer,Ajmer,119,0.7903,
PC,RAJASTHAN,13,Ajmer,Ajmer,110,0.2097,
PC,RAJASTHAN,14,Nagaur,Nagaur,112,1.0,
PC,RAJASTHAN,15,Pali,Pali,118,0.585,
PC,RAJASTHAN,15,Pali,Pali,113,0.415,
PC,RAJASTHAN,16,Jodhpur,Jodhpur,113,0.6144,
PC,RAJASTHAN,16,Jodhpur,Jodhpur,114,0.3856,
PC,RAJASTHAN,17,Barmer,Barmer,114,0.506,
PC,RAJASTHAN,17,Barmer,Barmer,115,0.494,
PC,RAJASTHAN,18,Jalore,Jalore,116,0.6778,
PC,RAJASTHAN,18,Jalore,Jalore,117,0.3222,
PC,RAJASTHAN,19,Udaipur,Udaipur,130,1.0,
PC,RAJASTHAN,20,Banswara,Banswara,125,0.6297,
PC,RAJASTHAN,20,Banswara,Banswara,124,0.3703,
PC,DELHI,2,North East Delhi,North East Delhi,92,0.4425,
PC,DELHI,2,North East Delhi,North East Delhi,91,0.3551,
PC,DELHI,2,North East Delhi,North East Delhi,90,0.2024,
PC,RAJASTHAN,21,Chittorgarh,Chittorgarh,126,0.5956,
PC,RAJASTHAN,21,Chittorgarh,Chittorgarh,131,0.2365,
PC,RAJASTHAN,21,Chittorgarh,Chittorgarh,130,0.1679,
PC,RAJASTHAN,22,Rajsamand,Rajsamand,123,0.4396,
PC,RAJASTHAN,22,Rajsamand,Rajsamand,112,0.3608,
PC,RAJASTHAN,22,Rajsamand,Rajsamand,118,0.1996,
PC,RAJASTHAN,23,Bhilwara,Bhilwara,122,0.8405,
PC,RAJASTHAN,23,Bhilwara,Bhilwara,121,0.1595,
PC,RAJASTHAN,24,Kota,Kota,127,0.5984,
PC,RAJASTHAN,24,Kota,Kota,121,0.4016,
PC,RAJASTHAN,25,Jhalawar-Baran,Jhalawar-Baran,128,0.5258,
PC,RAJASTHAN,25,Jhalawar-Baran,Jhalawar-Baran,129,0.4742,
PC,UTTAR PRADESH,1,Saharanpur,Saharanpur,132,1.0,
PC,UTTAR PRADESH,2,Kairana,Kairana,133,0.5003,
PC,UTTAR PRADESH,2,Kairana,Kairana,132,0.4997,
PC,UTTAR PRADESH,3,Muzaffarnagar,Muzaffarnagar,133,0.7729,
PC,UTTAR PRADESH,3,Muzaffarnagar,Muzaffarnagar,138,0.2271,
PC,DELHI,3,East Delhi,East Delhi,93,0.6198,
PC,DELHI,3,East Delhi,East Delhi,98,0.3802,
PC,DELHI,4,New Delhi,New Delhi,97,0.5506,
PC,DELHI,4,New Delhi,New Delhi,98,0.2324,
PC,DELHI,4,New Delhi,New Delhi,94,0.217,
PC,UTTAR PRADESH,4,Bijnor,Bijnor,134,0.3958,
PC,UTTAR PRADESH,4,Bijnor,Bijnor,133,0.3602,
PC,UTTAR PRADESH,4,Bijnor,Bijnor,138,0.244,
PC,UTTAR PRADESH,5,Nagina,Nagina,134,1.0,
PC,UTTAR PRADESH,6,Moradabad,Moradabad,135,0.5066,
PC,UTTAR PRADESH,6,Moradabad,Moradabad,134,0.4934,
PC,DELHI,5,North West Delhi,North West Delhi,90,1.0,
PC,DELHI,6,West Delhi,West Delhi,97,0.8214,
PC,DELHI,6,West Delhi,West Delhi,96,0.1786,
PC,UTTAR PRADESH,7,Rampur,Rampur,136,1.0,
PC,UTTAR PRADESH,8,Sambhal,Sambhal,135,1.0,
PC,UTTAR PRADESH,9,Amroha,Amroha,137,0.8087,
PC,UTTAR PRADESH,9,Amroha,Amroha,140,0.1913,
PC,UTTAR PRADESH,10,Meerut,Meerut,138,0.7265,
PC,UTTAR PRADESH,10,Meerut,Meerut,140,0.2735,
PC,UTTAR PRADESH,11,Baghpat,Baghpat,139,0.5895,
PC,UTTAR PRADESH,11,Baghpat,Baghpat,138,0.2463,
PC,UTTAR PRADESH,11,Baghpat,Baghpat,140,0.1642,
PC,UTTAR PRADESH,12,Ghaziabad,Ghaziabad,140,1.0,
PC,UTTAR PRADESH,13,Gautam Buddha Nagar,Gautam Buddha Nagar,141,0.5635,
PC,UTTAR PRADESH,13,Gautam Buddha Nagar,Gautam Buddha Nagar,142,0.4365,
PC,UTTAR PRADESH,14,Bulandshahr,Bulandshahr,142,1.0,
PC,UTTAR PRADESH,15,Aligarh,Aligarh,143,1.0,
PC,UTTAR PRADESH,16,Hathras,Hathras,144,0.55,
PC,UTTAR PRADESH,16,Hathras,Hathras,143,0.45,
PC,DELHI,7,South Delhi,South Delhi,98,0.807,
PC,DELHI,7,South Delhi,South Delhi,97,0.193,
PC,RAJASTHAN,1,Ganganagar,Ganganagar,99,0.6344,
PC,RAJASTHAN,1,Ganganagar,Ganganagar,100,0.3656,
PC,RAJASTHAN,2,Bikaner,Bikaner,101,1.0,
PC,RAJASTHAN,3,Churu,Churu,102,0.7302,
PC,RAJASTHAN,3,Churu,Churu,100,0.2698,
PC,RAJASTHAN,4,Jhunjhunu,Jhunjhunu,103,0.8478,
PC,RAJASTHAN,4,Jhunjhunu,Jhunjhunu,111,0.1522,
PC,RAJASTHAN,5,Sikar,Sikar,111,1.0,
PC,RAJASTHAN,6,Jaipur Rural,Jaipur Rural,110,0.8723,
PC,RAJASTHAN,6,Jaipur Rural,Jaipur Rural,104,0.1277,
PC,RAJASTHAN,7,Jaipur,Jaipur,110,1.0,
PC,RAJASTHAN,8,Alwar,Alwar,104,1.0,
PC,UTTAR PRADESH,17,Mathura,Mathura,145,1.0,
PC,UTTAR PRADESH,18,Agra,Agra,201,0.532,
PC,UTTAR PRADESH,18,Agra,Agra,146,0.468,
PC,UTTAR PRADESH,19,Fatehpur Sikri,Fatehpur Sikri,146,1.0,
PC,UTTAR PRADESH,20,Firozabad,Firozabad,147,1.0,
PC,UTTAR PRADESH,21,Mainpuri,Mainpuri,148,0.7806,
PC,UTTAR PRADESH,21,Mainpuri,Mainpuri,161,0.2194,
PC,UTTAR PRADESH,22,Etah,Etah,202,0.6222,
PC,UTTAR PRADESH,22,Etah,Etah,201,0.3778,
PC,UTTAR PRADESH,23,Badaun,Badaun,149,1.0,
PC,UTTAR PRADESH,24,Aonla,Aonla,149,0.5025,
PC,UTTAR PRADESH,24,Aonla,Aonla,150,0.4975,
PC,BIHAR,25,Khagaria,Khagaria,223,0.6465,
PC,BIHAR,25,Khagaria,Khagaria,214,0.2198,
PC,BIHAR,25,Khagaria,Khagaria,221,0.1337,
PC,BIHAR,26,Bhagalpur,Bhagalpur,224,1.0,
PC,BIHAR,27,Banka,Banka,225,0.8878,
PC,BIHAR,27,Banka,Banka,224,0.1122,
PC,BIHAR,28,Munger,Munger,227,0.4208,
PC,BIHAR,28,Munger,Munger,226,0.3075,
PC,BIHAR,28,Munger,Munger,230,0.2717,
PC,BIHAR,29,Nalanda,Nalanda,229,1.0,
PC,BIHAR,30,Patna Sahib,Patna Sahib,230,1.0,
PC,BIHAR,31,Pataliputra,Pataliputra,230,1.0,
PC,BIHAR,32,Arrah,Arrah,231,1.0,
PC,UTTAR PRADESH,25,Bareilly,Bareilly,150,1.0,
PC,UTTAR PRADESH,26,Pilibhit,Pilibhit,151,0.8786,
PC,UTTAR PRADESH,26,Pilibhit,Pilibhit,150,0.1214,
PC,UTTAR PRADESH,27,Shahjahanpur,Shahjahanpur,152,1.0,
PC,UTTAR PRADESH,28,Kheri,Kheri,153,1.0,
PC,UTTAR PRADESH,29,Dhaurahra,Dhaurahra,153,0.6102,
PC,UTTAR PRADESH,29,Dhaurahra,Dhaurahra,154,0.3898,
PC,UTTAR PRADESH,30,Sitapur,Sitapur,154,1.0,
PC,UTTAR PRADESH,31,Hardoi,Hardoi,155,1.0,
PC,UTTAR PRADESH,32,Misrikh,Misrikh,155,0.5981,
PC,UTTAR PRADESH,32,Misrikh,Misrikh,154,0.2025,
PC,UTTAR PRADESH,32,Misrikh,Misrikh,164,0.1994,
PC,UTTAR PRADESH,33,Unnao,Unnao,156,1.0,
PC,UTTAR PRADESH,34,Mohanlalganj,Mohanlalganj,157,0.7722,
PC,UTTAR PRADESH,34,Mohanlalganj,Mohanlalganj,154,0.2278,
PC,UTTAR PRADESH,35,Lucknow,Lucknow,157,1.0,
PC,UTTAR PRADESH,36,Rae Bareli,Rae Bareli,158,1.0,
PC,UTTAR PRADESH,37,Amethi,Amethi,179,0.5855,
PC,UTTAR PRADESH,37,Amethi,Amethi,158,0.4145,
PC,UTTAR PRADESH,38,Sultanpur,Sultanpur,179,1.0,
PC,UTTAR PRADESH,39,Pratapgarh,Pratapgarh,173,1.0,
PC,UTTAR PRADESH,40,Farrukhabad,Farrukhabad,159,0.7704,
PC,UTTAR PRADESH,40,Farrukhabad,Farrukhabad,201,0.2296,
PC,UTTAR PRADESH,41,Etawah,Etawah,161,0.4355,
PC,UTTAR PRADESH,41,Etawah,Etawah,162,0.3303,
PC,UTTAR PRADESH,41,Etawah,Etawah,163,0.2342,
PC,UTTAR PRADESH,42,Kannauj,Kannauj,160,0.5517,
PC,UTTAR PRADESH,42,Kannauj,Kannauj,163,0.23,
PC,UTTAR PRADESH,42,Kannauj,Kannauj,162,0.2184,
PC,UTTAR PRADESH,43,Kanpur,Kanpur,164,1.0,
PC,UTTAR PRADESH,44,Akbarpur,Akbarpur,164,0.747,
PC,UTTAR PRADESH,44,Akbarpur,Akbarpur,163,0.253,
PC,UTTAR PRADESH,45,Jalaun,Jalaun,165,0.6351,
PC,UTTAR PRADESH,45,Jalaun,Jalaun,166,0.2558,
PC,UTTAR PRADESH,45,Jalaun,Jalaun,163,0.1091,
PC,UTTAR PRADESH,46,Jhansi,Jhansi,167,0.6119,
PC,UTTAR PRADESH,46,Jhansi,Jhansi,166,0.3881,
PC,UTTAR PRADESH,47,Hamirpur,Hamirpur,168,0.4951,
PC,UTTAR PRADESH,47,Hamirpur,Hamirpur,169,0.3315,
PC,UTTAR PRADESH,47,Hamirpur,Hamirpur,170,0.1734,
PC,UTTAR PRADESH,48,Banda,Banda,170,0.5002,
PC,UTTAR PRADESH,48,Banda,Banda,171,0.4998,
PC,UTTAR PRADESH,49,Fatehpur,Fatehpur,172,1.0,
PC,UTTAR PRADESH,50,Kaushambi,Kaushambi,174,0.6296,
PC,UTTAR PRADESH,50,Kaushambi,Kaushambi,173,0.3704,
PC,UTTAR PRADESH,51,Phulpur,Phulpur,175,1.0,
PC,UTTAR PRADESH,52,Allahabad,Allahabad,175,1.0,
PC,UTTAR PRADESH,53,Barabanki,Barabanki,176,1.0,
PC,UTTAR PRADESH,54,Faizabad,Faizabad,177,0.7412,
PC,UTTAR PRADESH,54,Faizabad,Faizabad,176,0.2588,
PC,UTTAR PRADESH,55,Ambedkar Nagar,Ambedkar Nagar,178,0.764,
PC,UTTAR PRADESH,55,Ambedkar Nagar,Ambedkar Nagar,177,0.236,
PC,UTTAR PRADESH,56,Bahraich,Bahraich,180,1.0,
PC,UTTAR PRADESH,57,Kaiserganj,Kaiserganj,183,0.5918,
PC,UTTAR PRADESH,57,Kaiserganj,Kaiserganj,180,0.2761,
PC,UTTAR PRADESH,57,Kaiserganj,Kaiserganj,181,0.1321,
PC,UTTAR PRADESH,58,Shrawasti,Shrawasti,182,0.5845,
PC,UTTAR PRADESH,58,Shrawasti,Shrawasti,181,0.4155,
PC,UTTAR PRADESH,59,Gonda,Gonda,183,0.7889,
PC,UTTAR PRADESH,59,Gonda,Gonda,182,0.2111,
PC,UTTAR PRADESH,60,Domariyaganj,Domariyaganj,184,1.0,
PC,UTTAR PRADESH,61,Basti,Basti,185,1.0,
PC,UTTAR PRADESH,62,Sant Kabir Nagar,Sant Kabir Nagar,186,0.6366,
PC,UTTAR PRADESH,62,Sant Kabir Nagar,Sant Kabir Nagar,188,0.1856,
PC,UTTAR PRADESH,62,Sant Kabir Nagar,Sant Kabir Nagar,178,0.1778,
PC,UTTAR PRADESH,63,Maharajganj,Maharajganj,187,1.0,
PC,UTTAR PRADESH,64,Gorakhpur,Gorakhpur,188,1.0,
PC,UTTAR PRADESH,65,Kushi Nagar,Kushi Nagar,189,1.0,
PC,UTTAR PRADESH,66,Deoria,Deoria,190,0.5581,
PC,UTTAR PRADESH,66,Deoria,Deoria,189,0.4419,
PC,UTTAR PRADESH,67,Bansgaon,Bansgaon,188,0.6131,
PC,UTTAR PRADESH,67,Bansgaon,Bansgaon,190,0.3869,
PC,UTTAR PRADESH,68,Lalganj,Lalganj,191,1.0,
PC,UTTAR PRADESH,69,Azamgarh,Azamgarh,191,1.0,
PC,UTTAR PRADESH,70,Ghosi,Ghosi,192,0.7783,
PC,UTTAR PRADESH,70,Ghosi,Ghosi,193,0.2217,
PC,UTTAR PRADESH,71,Salempur,Salempur,193,0.6577,
PC,UTTAR PRADESH,71,Salempur,Salempur,190,0.3423,
PC,UTTAR PRADESH,72,Ballia,Ballia,193,0.5505,
PC,UTTAR PRADESH,72,Ballia,Ballia,195,0.4495,
PC,UTTAR PRADESH,73,Jaunpur,Jaunpur,194,1.0,
PC,UTTAR PRADESH,74,Machhlishahr,Machhlishahr,194,0.8309,
PC,UTTAR PRADESH,74,Machhlishahr,Machhlishahr,197,0.1691,
PC,UTTAR PRADESH,75,Ghazipur,Ghazipur,195,1.0,
PC,UTTAR PRADESH,76,Chandauli,Chandauli,196,0.6601,
PC,UTTAR PRADESH,76,Chandauli,Chandauli,197,0.3399,
PC,UTTAR PRADESH,77,Varanasi,Varanasi,197,1.0,
PC,UTTAR PRADESH,78,Bhadohi,Bhadohi,198,0.5488,
PC,UTTAR PRADESH,78,Bhadohi,Bhadohi,175,0.4512,
PC,UTTAR PRADESH,79,Mirzapur,Mirzapur,199,1.0,
PC,UTTAR PRADESH,80,Robertsganj,Robertsganj,200,0.8351,
PC,UTTAR PRADESH,80,Robertsganj,Robertsganj,196,0.1649,
PC,BIHAR,1,Valmiki Nagar,Valmiki Nagar,203,1.0,
PC,BIHAR,2,Paschim Champaran,Paschim Champaran,203,0.5202,
PC,BIHAR,2,Paschim Champaran,Paschim Champaran,204,0.4798,
PC,BIHAR,3,Purvi Champaran,Purvi Champaran,204,1.0,
PC,BIHAR,4,Sheohar,Sheohar,204,0.5177,
PC,BIHAR,4,Sheohar,Sheohar,206,0.3186,
PC,BIHAR,4,Sheohar,Sheohar,205,0.1637,
PC,BIHAR,5,Sitamarhi,Sitamarhi,206,1.0,
PC,BIHAR,6,Madhubani,Madhubani,207,0.6816,
PC,BIHAR,6,Madhubani,Madhubani,215,0.3184,
PC,BIHAR,7,Jhanjharpur,Jhanjharpur,207,1.0,
PC,BIHAR,8,Supaul,Supaul,208,0.8307,
PC,BIHAR,8,Supaul,Supaul,213,0.1693,
PC,BIHAR,9,Araria,Araria,209,1.0,
PC,BIHAR,10,Kishanganj,Kishanganj,210,0.6823,
PC,BIHAR,10,Kishanganj,Kishanganj,211,0.3177,
PC,BIHAR,11,Katihar,Katihar,212,1.0,
PC,BIHAR,12,Purnia,Purnia,211,0.8371,
PC,BIHAR,12,Purnia,Purnia,212,0.1629,
PC,BIHAR,13,Madhepura,Madhepura,213,0.537,
PC,BIHAR,13,Madhepura,Madhepura,214,0.463,
PC,BIHAR,14,Darbhanga,Darbhanga,215,1.0,
PC,BIHAR,15,Muzaffarpur,Muzaffarpur,216,1.0,
PC,BIHAR,16,Vaishali,Vaishali,216,0.8512,
PC,BIHAR,16,Vaishali,Vaishali,220,0.1488,
PC,BIHAR,17,Gopalganj,Gopalganj,217,1.0,
PC,BIHAR,18,Siwan,Siwan,218,1.0,
PC,BIHAR,19,Maharajganj,Maharajganj,219,0.6617,
PC,BIHAR,19,Maharajganj,Maharajganj,218,0.3383,
PC,BIHAR,20,Saran,Saran,219,1.0,
PC,BIHAR,21,Hajipur,Hajipur,220,1.0,
PC,BIHAR,22,Ujiarpur,Ujiarpur,221,0.8142,
PC,BIHAR,22,Ujiarpur,Ujiarpur,220,0.1858,
PC,BIHAR,23,Samastipur,Samastipur,221,0.8155,
PC,BIHAR,23,Samastipur,Samastipur,215,0.1845,
PC,BIHAR,24,Begusarai,Begusarai,222,1.0,
PC,BIHAR,33,Buxar,Buxar,232,0.63,
PC,BIHAR,33,Buxar,Buxar,233,0.195,
PC,BIHAR,33,Buxar,Buxar,234,0.1749,
PC,BIHAR,34,Sasaram,Sasaram,233,0.5513,
PC,BIHAR,34,Sasaram,Sasaram,234,0.4487,
PC,BIHAR,35,Karakat,Karakat,235,0.5992,
PC,BIHAR,35,Karakat,Karakat,234,0.4008,
PC,BIHAR,36,Jahanabad,Jahanabad,239,0.4169,
PC,BIHAR,36,Jahanabad,Jahanabad,240,0.3107,
PC,BIHAR,36,Jahanabad,Jahanabad,236,0.2724,
PC,BIHAR,37,Aurangabad,Aurangabad,236,0.5185,
PC,BIHAR,37,Aurangabad,Aurangabad,235,0.4815,
PC,BIHAR,38,Gaya,Gaya,236,1.0,
PC,BIHAR,39,Nawada,Nawada,237,1.0,
PC,BIHAR,40,Jamui,Jamui,238,0.8494,
PC,BIHAR,40,Jamui,Jamui,226,0.1506,
PC,SIKKIM,1,Sikkim,Sikkim,241,0.5971,
PC,SIKKIM,1,Sikkim,Sikkim,242,0.1694,
PC,SIKKIM,1,Sikkim,Sikkim,244,0.1307,
PC,SIKKIM,1,Sikkim,Sikkim,243,0.1027,
PC,ARUNACHAL PRADESH,1,Arunachal West,Arunachal West,250,0.2442,
PC,ARUNACHAL PRADESH,1,Arunachal West,Arunachal West,256,0.2101,
PC,ARUNACHAL PRADESH,1,Arunachal West,Arunachal West,249,0.1991,
PC,ARUNACHAL PRADESH,1,Arunachal West,Arunachal West,247,0.1848,
PC,ARUNACHAL PRADESH,1,Arunachal West,Arunachal West,246,0.1618,
PC,ARUNACHAL PRADESH,2,Arunachal East,Arunachal East,257,0.2368,
PC,ARUNACHAL PRADESH,2,Arunachal East,Arunachal East,252,0.2175,
PC,ARUNACHAL PRADESH,2,Arunachal East,Arunachal East,260,0.2065,
PC,ARUNACHAL PRADESH,2,Arunachal East,Arunachal East,258,0.182,
PC,ARUNACHAL PRADESH,2,Arunachal East,Arunachal East,253,0.1572,
PC,NAGALAND,1,Nagaland,Nagaland,267,0.307,
PC,NAGALAND,1,Nagaland,Nagaland,266,0.2511,
PC,NAGALAND,1,Nagaland,Nagaland,261,0.228,
PC,NAGALAND,1,Nagaland,Nagaland,271,0.2139,
PC,MANIPUR,1,Inner Manipur,Inner Manipur,278,0.644,
PC,MANIPUR,1,Inner Manipur,Inner Manipur,275,0.356,
PC,MANIPUR,2,Outer Manipur,Outer Manipur,274,0.2295,
PC,MANIPUR,2,Outer Manipur,Outer Manipur,279,0.2239,
PC,MANIPUR,2,Outer Manipur,Outer Manipur,273,0.2129,
PC,MANIPUR,2,Outer Manipur,Outer Manipur,272,0.1739,
PC,MANIPUR,2,Outer Manipur,Outer Manipur,280,0.1598,
PC,MIZORAM,1,Mizoram,Mizoram,286,0.3092,
PC,MIZORAM,1,Mizoram,Mizoram,283,0.257,
PC,MIZORAM,1,Mizoram,Mizoram,284,0.2248,
PC,MIZORAM,1,Mizoram,Mizoram,281,0.209,
PC,TRIPURA,2,Tripura East,Tripura East,291,0.3115,
PC,TRIPURA,2,Tripura East,Tripura East,292,0.2835,
PC,TRIPURA,2,Tripura East,Tripura East,290,0.2616,
PC,TRIPURA,2,Tripura East,Tripura East,289,0.1434,
PC,MEGHALAYA,1,Shillong,Shillong,296,0.3686,
PC,MEGHALAYA,1,Shillong,Shillong,299,0.2659,
PC,MEGHALAYA,1,Shillong,Shillong,298,0.1974,
PC,MEGHALAYA,1,Shillong,Shillong,297,0.1681,
PC,MEGHALAYA,2,Tura,Tura,293,0.4104,
PC,MEGHALAYA,2,Tura,Tura,294,0.357,
PC,MEGHALAYA,2,Tura,Tura,295,0.2326,
PC,ASSAM,1,Karimganj,Karimganj,317,0.5858,
PC,ASSAM,1,Karimganj,Karimganj,318,0.4142,
PC,ASSAM,2,Silchar,Silchar,316,1.0,
PC,ASSAM,3,Autonomous District,Autonomous District,314,0.6808,
PC,ASSAM,3,Autonomous District,Autonomous District,315,0.3192,
PC,ASSAM,4,Dhubri,Dhubri,301,0.5283,
PC,ASSAM,4,Dhubri,Dhubri,302,0.3288,
PC,ASSAM,4,Dhubri,Dhubri,300,0.143,
PC,ASSAM,5,Kokrajhar,Kokrajhar,300,0.4251,
PC,ASSAM,5,Kokrajhar,Kokrajhar,324,0.3394,
PC,ASSAM,5,Kokrajhar,Kokrajhar,320,0.2355,
PC,ASSAM,6,Barpeta,Barpeta,303,0.6748,
PC,ASSAM,6,Barpeta,Barpeta,319,0.3252,
PC,ASSAM,7,Gauhati,Gauhati,321,0.5739,
PC,ASSAM,7,Gauhati,Gauhati,322,0.2799,
PC,ASSAM,7,Gauhati,Gauhati,302,0.1462,
PC,ASSAM,8,Mangaldoi,Mangaldoi,326,0.5509,
PC,ASSAM,8,Mangaldoi,Mangaldoi,325,0.4491,
PC,ASSAM,9,Tezpur,Tezpur,306,1.0,
PC,ASSAM,10,Nowgong,Nowgong,305,0.632,
PC,ASSAM,10,Nowgong,Nowgong,304,0.368,
PC,ASSAM,11,Kaliabor,Kaliabor,313,0.6416,
PC,ASSAM,11,Kaliabor,Kaliabor,305,0.252,
PC,ASSAM,11,Kaliabor,Kaliabor,312,0.1064,
PC,ASSAM,12,Jorhat,Jorhat,311,0.6348,
PC,ASSAM,12,Jorhat,Jorhat,312,0.3652,
PC,ASSAM,13,Dibrugarh,Dibrugarh,310,0.6432,
PC,ASSAM,13,Dibrugarh,Dibrugarh,309,0.3568,
PC,ASSAM,14,Lakhimpur,Lakhimpur,308,0.3302,
PC,ASSAM,14,Lakhimpur,Lakhimpur,307,0.2964,
PC,ASSAM,14,Lakhimpur,Lakhimpur,309,0.2544,
PC,ASSAM,14,Lakhimpur,Lakhimpur,312,0.119,
PC,WEST BENGAL,1,Cooch Behar,Cooch Behar,329,1.0,
PC,WEST BENGAL,2,Alipurduars,Alipurduars,328,1.0,
PC,WEST BENGAL,3,Jalpaiguri,Jalpaiguri,328,0.8496,
PC,WEST BENGAL,3,Jalpaiguri,Jalpaiguri,329,0.1504,
PC,WEST BENGAL,4,Darjeeling,Darjeeling,327,0.8859,
PC,WEST BENGAL,4,Darjeeling,Darjeeling,330,0.1141,
PC,WEST BENGAL,5,Raiganj,Raiganj,330,1.0,
PC,WEST BENGAL,6,Balurghat,Balurghat,331,0.8399,
PC,WEST BENGAL,6,Balurghat,Balurghat,330,0.1601,
PC,WEST BENGAL,7,Maldaha Uttar,Maldaha Uttar,332,1.0,
PC,WEST BENGAL,8,Maldaha Dakshin,Maldaha Dakshin,332,0.8134,
PC,WEST BENGAL,8,Maldaha Dakshin,Maldaha Dakshin,333,0.1866,
PC,WEST BENGAL,9,Jangipur,Jangipur,333,1.0,
PC,WEST BENGAL,10,Baharampur,Baharampur,333,1.0,
PC,WEST BENGAL,11,Murshidabad,Murshidabad,333,0.8543,
PC,WEST BENGAL,11,Murshidabad,Murshidabad,336,0.1457,
PC,WEST BENGAL,12,Krishnanagar,Krishnanagar,336,1.0,
PC,WEST BENGAL,13,Ranaghat,Ranaghat,336,1.0,
PC,WEST BENGAL,14,Bangaon,Bangaon,337,0.7646,
PC,WEST BENGAL,14,Bangaon,Bangaon,336,0.2354,
PC,WEST BENGAL,15,Barrackpore,Barrackpore,337,1.0,
PC,WEST BENGAL,16,Dum Dum,Dum Dum,337,1.0,
PC,WEST BENGAL,17,Barasat,Barasat,337,1.0,
PC,WEST BENGAL,18,Basirhat,Basirhat,337,1.0,
PC,WEST BENGAL,19,Jaynagar,Jaynagar,337,0.501,
PC,WEST BENGAL,19,Jaynagar,Jaynagar,343,0.499,
PC,WEST BENGAL,20,Mathurapur,Mathurapur,343,1.0,
PC,WEST BENGAL,21,Diamond Harbour,Diamond Harbour,343,1.0,
PC,WEST BENGAL,22,Jadavpur,Jadavpur,343,1.0,
PC,WEST BENGAL,26,Uluberia,Uluberia,341,1.0,
PC,WEST BENGAL,27,Sreerampur,Sreerampur,338,0.6314,
PC,WEST BENGAL,27,Sreerampur,Sreerampur,341,0.3686,
PC,WEST BENGAL,28,Hooghly,Hooghly,338,1.0,
PC,WEST BENGAL,29,Arambagh,Arambagh,338,0.7574,
PC,WEST BENGAL,29,Arambagh,Arambagh,344,0.2426,
PC,WEST BENGAL,30,Tamluk,Tamluk,345,1.0,
PC,WEST BENGAL,23,Kolkata Dakshin,Kolkata Dakshin,343,0.6063,
PC,WEST BENGAL,23,Kolkata Dakshin,Kolkata Dakshin,342,0.3937,
PC,WEST BENGAL,24,Kolkata Uttar,Kolkata Uttar,342,1.0,
PC,WEST BENGAL,31,Kanthi,Kanthi,345,1.0,
PC,WEST BENGAL,32,Ghatal,Ghatal,344,0.8932,
PC,WEST BENGAL,32,Ghatal,Ghatal,345,0.1068,
PC,WEST BENGAL,33,Jhargram,Jhargram,344,0.7972,
PC,WEST BENGAL,33,Jhargram,Jhargram,340,0.2028,
PC,WEST BENGAL,34,Medinipur,Medinipur,344,0.8617,
PC,WEST BENGAL,34,Medinipur,Medinipur,345,0.1383,
PC,WEST BENGAL,35,Purulia,Purulia,340,1.0,
PC,WEST BENGAL,25,Howrah,Howrah,341,1.0,
PC,WEST BENGAL,36,Bankura,Bankura,339,0.8691,
PC,WEST BENGAL,36,Bankura,Bankura,340,0.1309,
PC,WEST BENGAL,37,Bishnupur,Bishnupur,339,0.8762,
PC,WEST BENGAL,37,Bishnupur,Bishnupur,335,0.1238,
PC,WEST BENGAL,38,Bardhaman Purba,Bardhaman Purba,335,1.0,
PC,WEST BENGAL,39,Bardhaman-Durgapur,Bardhaman-Durgapur,335,1.0,
PC,WEST BENGAL,40,Asansol,Asansol,335,1.0,
PC,WEST BENGAL,41,Bolpur,Bolpur,334,0.5526,
PC,WEST BENGAL,41,Bolpur,Bolpur,335,0.4474,
PC,WEST BENGAL,42,Birbhum,Birbhum,334,1.0,
PC,ORISSA,1,Bargarh,Bargarh,370,0.7333,
PC,ORISSA,1,Bargarh,Bargarh,371,0.2667,
PC,ORISSA,2,Sundargarh,Sundargarh,374,1.0,
PC,ORISSA,3,Sambalpur,Sambalpur,372,0.5145,
PC,ORISSA,3,Sambalpur,Sambalpur,384,0.2716,
PC,ORISSA,3,Sambalpur,Sambalpur,373,0.214,
PC,ORISSA,4,Keonjhar,Keonjhar,375,0.8108,
PC,ORISSA,4,Keonjhar,Keonjhar,376,0.1892,
PC,ORISSA,5,Mayurbhanj,Mayurbhanj,376,1.0,
PC,ORISSA,6,Balasore,Balasore,377,0.8219,
PC,ORISSA,6,Balasore,Balasore,376,0.1781,
PC,ORISSA,7,Bhadrak,Bhadrak,378,0.7124,
PC,ORISSA,7,Bhadrak,Bhadrak,377,0.2876,
PC,ORISSA,8,Jajpur,Jajpur,382,1.0,
PC,ORISSA,9,Dhenkanal,Dhenkanal,383,0.6138,
PC,ORISSA,9,Dhenkanal,Dhenkanal,384,0.3862,
PC,ORISSA,10,Bolangir,Bolangir,393,0.7379,
PC,ORISSA,10,Bolangir,Bolangir,392,0.2621,
PC,ORISSA,11,Kalahandi,Kalahandi,395,0.6724,
PC,ORISSA,11,Kalahandi,Kalahandi,394,0.3276,
PC,ORISSA,12,Nabarangpur,Nabarangpur,399,0.4384,
PC,ORISSA,12,Nabarangpur,Nabarangpur,397,0.4063,
PC,ORISSA,12,Nabarangpur,Nabarangpur,398,0.1554,
PC,ORISSA,13,Kandhamal,Kandhamal,390,0.5504,
PC,ORISSA,13,Kandhamal,Kandhamal,391,0.2113,
PC,ORISSA,13,Kandhamal,Kandhamal,385,0.13,
PC,ORISSA,13,Kandhamal,Kandhamal,388,0.1083,
PC,ORISSA,14,Cuttack,Cuttack,381,0.8184,
PC,ORISSA,14,Cuttack,Cuttack,385,0.1816,
PC,ORISSA,15,Kendrapara,Kendrapara,379,0.7639,
PC,ORISSA,15,Kendrapara,Kendrapara,381,0.2361,
PC,ORISSA,16,Jagatsinghpur,Jagatsinghpur,380,0.5564,
PC,ORISSA,16,Jagatsinghpur,Jagatsinghpur,387,0.3115,
PC,ORISSA,16,Jagatsinghpur,Jagatsinghpur,381,0.1321,
PC,ORISSA,17,Puri,Puri,387,0.5194,
PC,ORISSA,17,Puri,Puri,385,0.2866,
PC,ORISSA,17,Puri,Puri,386,0.1941,
PC,ORISSA,18,Bhubaneswar,Bhubaneswar,386,1.0,
PC,ORISSA,19,Aska,Aska,388,1.0,
PC,ORISSA,20,Berhampur,Berhampur,389,0.6298,
PC,ORISSA,20,Berhampur,Berhampur,388,0.3702,
PC,ORISSA,21,Koraput,Koraput,396,0.53,
PC,ORISSA,21,Koraput,Koraput,398,0.47,
PC,CHHATTISGARH,1,Surguja,Surguja,401,1.0,
PC,CHHATTISGARH,2,Raigarh,Raigarh,403,0.5472,
PC,CHHATTISGARH,2,Raigarh,Raigarh,402,0.4528,
PC,CHHATTISGARH,3,Janjgir,Janjgir,405,0.5485,
PC,CHHATTISGARH,3,Janjgir,Janjgir,410,0.4515,
PC,CHHATTISGARH,4,Korba,Korba,400,0.4486,
PC,CHHATTISGARH,4,Korba,Korba,404,0.443,
PC,CHHATTISGARH,4,Korba,Korba,406,0.1084,
PC,CHHATTISGARH,5,Bilaspur,Bilaspur,406,1.0,
PC,CHHATTISGARH,6,Rajnandgaon,Rajnandgaon,408,0.6542,
PC,CHHATTISGARH,6,Rajnandgaon,Rajnandgaon,407,0.3458,
PC,CHHATTISGARH,7,Durg,Durg,409,1.0,
PC,CHHATTISGARH,8,Raipur,Raipur,410,1.0,
PC,CHHATTISGARH,9,Mahasamund,Mahasamund,410,0.4457,
PC,CHHATTISGARH,9,Mahasamund,Mahasamund,411,0.4271,
PC,CHHATTISGARH,9,Mahasamund,Mahasamund,412,0.1272,
PC,CHHATTISGARH,10,Bastar,Bastar,416,0.2999,
PC,CHHATTISGARH,10,Bastar,Bastar,417,0.2979,
PC,CHHATTISGARH,10,Bastar,Bastar,414,0.2709,
PC,CHHATTISGARH,10,Bastar,Bastar,415,0.1313,
PC,CHHATTISGARH,11,Kanker,Kanker,413,0.4461,
PC,CHHATTISGARH,11,Kanker,Kanker,409,0.2222,
PC,CHHATTISGARH,11,Kanker,Kanker,412,0.176,
PC,CHHATTISGARH,11,Kanker,Kanker,414,0.1557,
PC,MADHYA PRADESH,1,Morena,Morena,418,0.5667,
PC,MADHYA PRADESH,1,Morena,Morena,419,0.4333,
PC,MADHYA PRADESH,2,Bhind,Bhind,420,0.7036,
PC,MADHYA PRADESH,2,Bhind,Bhind,422,0.2964,
PC,MADHYA PRADESH,3,Gwalior,Gwalior,423,0.512,
PC,MADHYA PRADESH,3,Gwalior,Gwalior,421,0.488,
PC,MADHYA PRADESH,4,Guna,Guna,423,0.4142,
PC,MADHYA PRADESH,4,Guna,Guna,459,0.3444,
PC,MADHYA PRADESH,4,Guna,Guna,458,0.2414,
PC,MADHYA PRADESH,5,Sagar,Sagar,443,0.5037,
PC,MADHYA PRADESH,5,Sagar,Sagar,427,0.4963,
PC,MADHYA PRADESH,6,Tikamgarh,Tikamgarh,424,0.5781,
PC,MADHYA PRADESH,6,Tikamgarh,Tikamgarh,425,0.4219,
PC,MADHYA PRADESH,7,Damoh,Damoh,428,0.5053,
PC,MADHYA PRADESH,7,Damoh,Damoh,427,0.3595,
PC,MADHYA PRADESH,7,Damoh,Damoh,425,0.1352,
PC,MADHYA PRADESH,8,Khajuraho,Khajuraho,426,0.5249,
PC,MADHYA PRADESH,8,Khajuraho,Khajuraho,450,0.2454,
PC,MADHYA PRADESH,8,Khajuraho,Khajuraho,425,0.2297,
PC,MADHYA PRADESH,9,Satna,Satna,429,1.0,
PC,MADHYA PRADESH,10,Rewa,Rewa,430,1.0,
PC,MADHYA PRADESH,11,Sidhi,Sidhi,463,0.4441,
PC,MADHYA PRADESH,11,Sidhi,Sidhi,462,0.3669,
PC,MADHYA PRADESH,11,Sidhi,Sidhi,460,0.189,
PC,MADHYA PRADESH,12,Shahdol,Shahdol,431,0.3438,
PC,MADHYA PRADESH,12,Shahdol,Shahdol,461,0.2826,
PC,MADHYA PRADESH,12,Shahdol,Shahdol,460,0.2433,
PC,MADHYA PRADESH,12,Shahdol,Shahdol,450,0.1302,
PC,MADHYA PRADESH,13,Jabalpur,Jabalpur,451,1.0,
PC,MADHYA PRADESH,14,Mandla,Mandla,454,0.4151,
PC,MADHYA PRADESH,14,Mandla,Mandla,453,0.3136,
PC,MADHYA PRADESH,14,Mandla,Mandla,456,0.2713,
PC,MADHYA PRADESH,15,Balaghat,Balaghat,457,0.7061,
PC,MADHYA PRADESH,15,Balaghat,Balaghat,456,0.2939,
PC,MADHYA PRADESH,16,Chhindwara,Chhindwara,455,1.0,
PC,MADHYA PRADESH,17,Hoshangabad,Hoshangabad,449,0.5625,
PC,MADHYA PRADESH,17,Hoshangabad,Hoshangabad,452,0.2986,
PC,MADHYA PRADESH,17,Hoshangabad,Hoshangabad,446,0.139,
PC,MADHYA PRADESH,18,Vidisha,Vidisha,446,0.4619,
PC,MADHYA PRADESH,18,Vidisha,Vidisha,445,0.2765,
PC,MADHYA PRADESH,18,Vidisha,Vidisha,443,0.1483,
PC,MADHYA PRADESH,18,Vidisha,Vidisha,437,0.1133,
PC,MADHYA PRADESH,19,Bhopal,Bhopal,444,0.733,
PC,MADHYA PRADESH,19,Bhopal,Bhopal,445,0.267,
PC,MADHYA PRADESH,20,Rajgarh,Rajgarh,442,0.5709,
PC,MADHYA PRADESH,20,Rajgarh,Rajgarh,458,0.2804,
PC,MADHYA PRADESH,20,Rajgarh,Rajgarh,436,0.1487,
PC,MADHYA PRADESH,21,Dewas,Dewas,436,0.5287,
PC,MADHYA PRADESH,21,Dewas,Dewas,437,0.3079,
PC,MADHYA PRADESH,21,Dewas,Dewas,445,0.1634,
PC,MADHYA PRADESH,22,Ujjain,Ujjain,435,0.8169,
PC,MADHYA PRADESH,22,Ujjain,Ujjain,434,0.1831,
PC,MADHYA PRADESH,23,Mandsaur,Mandsaur,433,0.5836,
PC,MADHYA PRADESH,23,Mandsaur,Mandsaur,432,0.4164,
PC,MADHYA PRADESH,24,Ratlam,Ratlam,464,0.3715,
PC,MADHYA PRADESH,24,Ratlam,Ratlam,465,0.3589,
PC,MADHYA PRADESH,24,Ratlam,Ratlam,434,0.2696,
PC,MADHYA PRADESH,25,Dhar,Dhar,438,0.8804,
PC,MADHYA PRADESH,25,Dhar,Dhar,439,0.1196,
PC,MADHYA PRADESH,26,Indore,Indore,439,1.0,
PC,MADHYA PRADESH,27,Khargone,Khargone,441,0.5164,
PC,MADHYA PRADESH,27,Khargone,Khargone,440,0.4836,
PC,MADHYA PRADESH,28,Khandwa,Khandwa,466,0.3488,
PC,MADHYA PRADESH,28,Khandwa,Khandwa,467,0.2383,
PC,MADHYA PRADESH,28,Khandwa,Khandwa,440,0.2232,
PC,MADHYA PRADESH,28,Khandwa,Khandwa,437,0.1897,
PC,MADHYA PRADESH,29,Betul,Betul,447,0.6219,
PC,MADHYA PRADESH,29,Betul,Betul,448,0.2046,
PC,MADHYA PRADESH,29,Betul,Betul,466,0.1735,
PC,GUJARAT,1,Kachchh,Kachchh,468,1.0,
PC,GUJARAT,2,Banaskantha,Banaskantha,469,1.0,
PC,GUJARAT,3,Patan,Patan,470,0.739,
PC,GUJARAT,3,Patan,Patan,469,0.261,
PC,GUJARAT,4,Mahesana,Mahesana,471,0.8794,
PC,GUJARAT,4,Mahesana,Mahesana,473,0.1206,
PC,GUJARAT,5,Sabarkantha,Sabarkantha,472,1.0,
PC,GUJARAT,6,Gandhinagar,Gandhinagar,474,0.7189,
PC,GUJARAT,6,Gandhinagar,Gandhinagar,473,0.2811,
PC,GUJARAT,7,Ahmedabad East,Ahmedabad East,473,0.895,
PC,GUJARAT,7,Ahmedabad East,Ahmedabad East,474,0.105,
PC,GUJARAT,8,Ahmedabad West,Ahmedabad West,474,1.0,
PC,GUJARAT,9,Surendranagar,Surendranagar,475,0.7154,
PC,GUJARAT,9,Surendranagar,Surendranagar,474,0.2846,
PC,GUJARAT,10,Rajkot,Rajkot,476,1.0,
PC,GUJARAT,11,Porbandar,Porbandar,476,0.4455,
PC,GUJARAT,11,Porbandar,Porbandar,479,0.2798,
PC,GUJARAT,11,Porbandar,Porbandar,478,0.2747,
PC,GUJARAT,12,Jamnagar,Jamnagar,477,1.0,
PC,GUJARAT,13,Junagadh,Junagadh,479,1.0,
PC,GUJARAT,14,Amreli,Amreli,480,0.8073,
PC,GUJARAT,14,Amreli,Amreli,481,0.1927,
PC,GUJARAT,15,Bhavnagar,Bhavnagar,481,1.0,
PC,GUJARAT,16,Anand,Anand,482,1.0,
PC,GUJARAT,17,Kheda,Kheda,483,0.5809,
PC,GUJARAT,17,Kheda,Kheda,474,0.4191,
PC,GUJARAT,18,Panchmahal,Panchmahal,484,0.6885,
PC,GUJARAT,18,Panchmahal,Panchmahal,483,0.3115,
PC,GUJARAT,19,Dahod,Dahod,485,0.8016,
PC,GUJARAT,19,Dahod,Dahod,484,0.1984,
PC,GUJARAT,20,Vadodara,Vadodara,486,1.0,
PC,GUJARAT,21,Chhota Udaipur,Chhota Udaipur,486,0.6868,
PC,GUJARAT,21,Chhota Udaipur,Chhota Udaipur,487,0.1949,
PC,GUJARAT,21,Chhota Udaipur,Chhota Udaipur,484,0.1183,
PC,GUJARAT,22,Bharuch,Bharuch,488,0.6642,
PC,GUJARAT,22,Bharuch,Bharuch,487,0.2004,
PC,GUJARAT,22,Bharuch,Bharuch,486,0.1354,
PC,GUJARAT,23,Bardoli,Bardoli,492,0.5022,
PC,GUJARAT,23,Bardoli,Bardoli,493,0.4978,
PC,GUJARAT,24,Surat,Surat,492,1.0,
PC,GUJARAT,25,Navsari,Navsari,490,0.8604,
PC,GUJARAT,25,Navsari,Navsari,492,0.1396,
PC,GUJARAT,26,Valsad,Valsad,491,0.5221,
PC,GUJARAT,26,Valsad,Valsad,489,0.315,
PC,GUJARAT,26,Valsad,Valsad,490,0.1629,
PC,MAHARASHTRA,1,Nandurbar,Nandurbar,497,0.6141,
PC,MAHARASHTRA,1,Nandurbar,Nandurbar,498,0.3859,
PC,MAHARASHTRA,2,Dhule,Dhule,498,0.5711,
PC,MAHARASHTRA,2,Dhule,Dhule,516,0.4289,
PC,MAHARASHTRA,3,Jalgaon,Jalgaon,499,1.0,
PC,MAHARASHTRA,4,Raver,Raver,499,0.8583,
PC,MAHARASHTRA,4,Raver,Raver,500,0.1417,
PC,MAHARASHTRA,5,Buldhana,Buldhana,500,1.0,
PC,MAHARASHTRA,6,Akola,Akola,501,0.7486,
PC,MAHARASHTRA,6,Akola,Akola,502,0.2514,
PC,MAHARASHTRA,7,Amravati,Amravati,503,1.0,
PC,MAHARASHTRA,8,Wardha,Wardha,504,0.658,
PC,MAHARASHTRA,8,Wardha,Wardha,503,0.342,
PC,MAHARASHTRA,9,Ramtek,Ramtek,505,1.0,
PC,MAHARASHTRA,45,Satara,Satara,527,1.0,
PC,MAHARASHTRA,46,Ratnagiri-Sindhudurg,Ratnagiri-Sindhudurg,529,0.5104,
PC,MAHARASHTRA,46,Ratnagiri-Sindhudurg,Ratnagiri-Sindhudurg,528,0.4896,
PC,MAHARASHTRA,47,Kolhapur,Kolhapur,530,1.0,
PC,MAHARASHTRA,10,Nagpur,Nagpur,505,1.0,
PC,MAHARASHTRA,11,Bhandara-Gondiya,Bhandara-Gondiya,506,0.5112,
PC,MAHARASHTRA,11,Bhandara-Gondiya,Bhandara-Gondiya,507,0.4888,
PC,MAHARASHTRA,12,Gadchiroli-Chimur,Gadchiroli-Chimur,508,0.7761,
PC,MAHARASHTRA,12,Gadchiroli-Chimur,Gadchiroli-Chimur,509,0.2239,
PC,MAHARASHTRA,13,Chandrapur,Chandrapur,509,0.6109,
PC,MAHARASHTRA,13,Chandrapur,Chandrapur,510,0.3891,
PC,MAHARASHTRA,14,Yavatmal-Washim,Yavatmal-Washim,510,0.6756,
PC,MAHARASHTRA,14,Yavatmal-Washim,Yavatmal-Washim,502,0.3244,
PC,MAHARASHTRA,15,Hingoli,Hingoli,512,0.4575,
PC,MAHARASHTRA,15,Hingoli,Hingoli,511,0.3507,
PC,MAHARASHTRA,15,Hingoli,Hingoli,510,0.1917,
PC,MAHARASHTRA,16,Nanded,Nanded,511,1.0,
PC,MAHARASHTRA,17,Parbhani,Parbhani,513,0.6328,
PC,MAHARASHTRA,17,Parbhani,Parbhani,514,0.3672,
PC,MAHARASHTRA,18,Jalna,Jalna,515,0.5307,
PC,MAHARASHTRA,18,Jalna,Jalna,514,0.4693,
PC,MAHARASHTRA,19,Aurangabad,Aurangabad,515,1.0,
PC,MAHARASHTRA,20,Dindori,Dindori,516,1.0,
PC,MAHARASHTRA,21,Nashik,Nashik,516,1.0,
PC,MAHARASHTRA,22,Palghar,Palghar,517,1.0,
PC,MAHARASHTRA,23,Bhiwandi,Bhiwandi,517,1.0,
PC,MAHARASHTRA,48,Hatkanangle,Hatkanangle,530,0.6122,
PC,MAHARASHTRA,48,Hatkanangle,Hatkanangle,531,0.3878,
PC,TELANGANA,1,Adilabad,Adilabad,532,1.0,
PC,TELANGANA,2,Peddapalli,Peddapalli,534,0.5805,
PC,TELANGANA,2,Peddapalli,Peddapalli,532,0.4195,
PC,TELANGANA,3,Karimnagar,Karimnagar,534,1.0,
PC,TELANGANA,4,Nizamabad,Nizamabad,533,0.7305,
PC,TELANGANA,4,Nizamabad,Nizamabad,534,0.2695,
PC,MAHARASHTRA,24,Kalyan,Kalyan,517,1.0,
PC,MAHARASHTRA,25,Thane,Thane,517,1.0,
PC,MAHARASHTRA,29,Mumbai North Central,Mumbai North Central,518,1.0,
PC,MAHARASHTRA,26,Mumbai North,Mumbai North,518,1.0,
PC,MAHARASHTRA,32,Raigad,Raigad,520,0.5938,
PC,MAHARASHTRA,32,Raigad,Raigad,528,0.4062,
PC,MAHARASHTRA,33,Maval,Maval,520,0.58,
PC,MAHARASHTRA,33,Maval,Maval,521,0.42,
PC,MAHARASHTRA,27,Mumbai North West,Mumbai North West,518,1.0,
PC,MAHARASHTRA,34,Pune,Pune,521,1.0,
PC,MAHARASHTRA,35,Baramati,Baramati,521,1.0,
PC,MAHARASHTRA,36,Shirur,Shirur,521,1.0,
PC,MAHARASHTRA,37,Ahmednagar,Ahmednagar,522,1.0,
PC,MAHARASHTRA,38,Shirdi,Shirdi,522,1.0,
PC,MAHARASHTRA,39,Beed,Beed,523,1.0,
PC,MAHARASHTRA,28,Mumbai North East,Mumbai North East,518,1.0,
PC,MAHARASHTRA,40,Osmanabad,Osmanabad,525,0.7047,
PC,MAHARASHTRA,40,Osmanabad,Osmanabad,526,0.1482,
PC,MAHARASHTRA,40,Osmanabad,Osmanabad,524,0.1471,
PC,MAHARASHTRA,41,Latur,Latur,524,0.8027,
PC,MAHARASHTRA,41,Latur,Latur,511,0.1973,
PC,MAHARASHTRA,42,Solapur,Solapur,526,1.0,
PC,MAHARASHTRA,43,Madha,Madha,526,0.655,
PC,MAHARASHTRA,43,Madha,Madha,527,0.345,
PC,MAHARASHTRA,44,Sangli,Sangli,531,1.0,
PC,MAHARASHTRA,30,Mumbai South,Mumbai South,518,0.5652,
PC,MAHARASHTRA,30,Mumbai South,Mumbai South,519,0.4348,
PC,MAHARASHTRA,31,Mumbai South,Mumbai South,519,1.0,
PC,TELANGANA,5,Zahirabad,Zahirabad,533,0.5371,
PC,TELANGANA,5,Zahirabad,Zahirabad,535,0.4629,
PC,TELANGANA,6,Medak,Medak,535,1.0,
PC,TELANGANA,7,Malkajgiri,Malkajgiri,537,1.0,
PC,TELANGANA,8,Secunderabad,Secunderabad,536,0.7993,
PC,TELANGANA,8,Secunderabad,Secunderabad,537,0.2007,
PC,TELANGANA,9,Hyderabad,Hyderabad,536,1.0,
PC,TELANGANA,10,Chevella,Chevella,537,1.0,
PC,TELANGANA,11,Mahabubnagar,Mahabubnagar,538,1.0,
PC,TELANGANA,12,Nagarkurnool,Nagarkurnool,538,1.0,
PC,TELANGANA,13,Nalgonda,Nalgonda,539,1.0,
PC,TELANGANA,14,Bhuvanagiri,Bhuvanagiri,539,0.7319,
PC,TELANGANA,14,Bhuvanagiri,Bhuvanagiri,537,0.1343,
PC,TELANGANA,14,Bhuvanagiri,Bhuvanagiri,540,0.1338,
PC,TELANGANA,15,Warangal,Warangal,540,1.0,
PC,TELANGANA,16,Mahabubabad,Mahabubabad,541,0.5487,
PC,TELANGANA,16,Mahabubabad,Mahabubabad,540,0.4513,
PC,TELANGANA,17,Khammam,Khammam,541,1.0,
PC,ANDHRA PRADESH,1,Araku,Araku,544,0.4957,
PC,ANDHRA PRADESH,1,Araku,Araku,545,0.3013,
PC,ANDHRA PRADESH,1,Araku,Araku,543,0.203,
PC,ANDHRA PRADESH,2,Srikakulam,Srikakulam,542,1.0,
PC,ANDHRA PRADESH,3,Vizianagaram,Vizianagaram,543,0.5732,
PC,ANDHRA PRADESH,3,Vizianagaram,Vizianagaram,542,0.4268,
PC,ANDHRA PRADESH,4,Visakhapatnam,Visakhapatnam,544,0.5216,
PC,ANDHRA PRADESH,4,Visakhapatnam,Visakhapatnam,543,0.4784,
PC,ANDHRA PRADESH,5,Anakapalli,Anakapalli,544,1.0,
PC,ANDHRA PRADESH,6,Kakinada,Kakinada,545,1.0,
PC,ANDHRA PRADESH,7,Amalapuram,Amalapuram,545,1.0,
PC,ANDHRA PRADESH,8,Rajahmundry,Rajahmundry,546,0.5597,
PC,ANDHRA PRADESH,8,Rajahmundry,Rajahmundry,545,0.4403,
PC,ANDHRA PRADESH,9,Narsapuram,Narsapuram,546,1.0,
PC,ANDHRA PRADESH,10,Eluru,Eluru,546,0.7113,
PC,ANDHRA PRADESH,10,Eluru,Eluru,547,0.2887,
PC,ANDHRA PRADESH,11,Machilipatnam,Machilipatnam,547,1.0,
PC,ANDHRA PRADESH,12,Vijayawada,Vijayawada,547,1.0,
PC,ANDHRA PRADESH,17,Nandyal,Nandyal,552,1.0,
PC,ANDHRA PRADESH,18,Kurnool,Kurnool,552,1.0,
PC,ANDHRA PRADESH,19,Anantapuramu,Anantapuramu,553,1.0,
PC,ANDHRA PRADESH,20,Hindupur,Hindupur,553,1.0,
PC,ANDHRA PRADESH,21,Kadapa,Kadapa,551,1.0,
PC,ANDHRA PRADESH,22,Nellore,Nellore,550,0.8387,
PC,ANDHRA PRADESH,22,Nellore,Nellore,549,0.1613,
PC,ANDHRA PRADESH,23,Tirupati,Tirupati,550,0.6633,
PC,ANDHRA PRADESH,23,Tirupati,Tirupati,554,0.3367,
PC,ANDHRA PRADESH,24,Rajampet,Rajampet,551,0.5154,
PC,ANDHRA PRADESH,24,Rajampet,Rajampet,554,0.4846,
PC,ANDHRA PRADESH,25,Chittoor,Chittoor,554,1.0,
PC,ANDHRA PRADESH,13,Guntur,Guntur,548,1.0,
PC,ANDHRA PRADESH,14,Narasaraopet,Narasaraopet,548,1.0,
PC,ANDHRA PRADESH,15,Bapatla,Bapatla,549,0.6541,
PC,ANDHRA PRADESH,15,Bapatla,Bapatla,548,0.3459,
PC,ANDHRA PRADESH,16,Ongole,Ongole,549,1.0,
PC,KARNATAKA,3,Bagalkot,Bagalkot,556,0.8374,
PC,KARNATAKA,3,Bagalkot,Bagalkot,561,0.1626,
PC,KARNATAKA,4,Bijapur,Bijapur,557,1.0,
PC,KARNATAKA,5,Gulbarga,Gulbarga,579,0.8436,
PC,KARNATAKA,5,Gulbarga,Gulbarga,580,0.1564,
PC,KARNATAKA,6,Raichur,Raichur,559,0.6109,
PC,KARNATAKA,6,Raichur,Raichur,580,0.3891,
PC,KARNATAKA,7,Bidar,Bidar,558,0.6495,
PC,KARNATAKA,7,Bidar,Bidar,579,0.3505,
PC,KARNATAKA,8,Koppal,Koppal,560,0.6124,
PC,KARNATAKA,8,Koppal,Koppal,559,0.2727,
PC,KARNATAKA,8,Koppal,Koppal,565,0.1149,
PC,KARNATAKA,9,Bellary,Bellary,565,1.0,
PC,KARNATAKA,10,Haveri,Haveri,564,0.5419,
PC,KARNATAKA,10,Haveri,Haveri,561,0.4581,
PC,KARNATAKA,11,Dharwad,Dharwad,562,0.8367,
PC,KARNATAKA,11,Dharwad,Dharwad,564,0.1633,
PC,KARNATAKA,12,Uttara Kannada,Uttara Kannada,563,0.8002,
PC,KARNATAKA,12,Uttara Kannada,Uttara Kannada,555,0.1998,
PC,KARNATAKA,13,Davangere,Davangere,567,1.0,
PC,KARNATAKA,14,Shimoga,Shimoga,568,0.8779,
PC,KARNATAKA,14,Shimoga,Shimoga,569,0.1221,
PC,KARNATAKA,15,Udupi Chikmagalur,Udupi Chikmagalur,570,0.7175,
PC,KARNATAKA,15,Udupi Chikmagalur,Udupi Chikmagalur,569,0.2825,
PC,KARNATAKA,16,Haasan,Haasan,574,0.8506,
PC,KARNATAKA,16,Haasan,Haasan,570,0.1494,
PC,KARNATAKA,17,Dakshina Kannada,Dakshina Kannada,575,1.0,
PC,KARNATAKA,18,Chitradurga,Chitradurga,566,0.7706,
PC,KARNATAKA,18,Chitradurga,Chitradurga,571,0.2294,
PC,KARNATAKA,19,Tumkur,Tumkur,571,1.0,
PC,KARNATAKA,20,Mandya,Mandya,573,0.8884,
PC,KARNATAKA,20,Mandya,Mandya,577,0.1116,
PC,KARNATAKA,21,Mysore,Mysore,576,0.6385,
PC,KARNATAKA,21,Mysore,Mysore,577,0.3615,
PC,KARNATAKA,22,Chamarajanagar,Chamarajanagar,578,0.6228,
PC,KARNATAKA,22,Chamarajanagar,Chamarajanagar,577,0.3772,
PC,KARNATAKA,23,Bangalore Rural,Bangalore Rural,584,0.6661,
PC,KARNATAKA,23,Bangalore Rural,Bangalore Rural,571,0.199,
PC,KARNATAKA,23,Bangalore Rural,Bangalore Rural,572,0.1349,
PC,KARNATAKA,24,Bangalore North,Bangalore North,572,1.0,
PC,KARNATAKA,25,Bangalore Central,Bangalore Central,572,1.0,
PC,KERALA,12,Ernakulam,Ernakulam,595,1.0,
PC,KARNATAKA,26,Bangalore South,Bangalore South,572,1.0,
PC,GOA,1,North Goa,North Goa,585,1.0,
PC,GOA,2,South Goa,South Goa,586,1.0,
PC,KERALA,1,Kasaragod,Kasaragod,588,0.7757,
PC,KERALA,1,Kasaragod,Kasaragod,589,0.2243,
PC,KERALA,2,Kannur,Kannur,589,1.0,
PC,KERALA,3,Vadakara,Vadakara,591,0.7483,
PC,KERALA,3,Vadakara,Vadakara,589,0.2517,
PC,KERALA,4,Wayanad,Wayanad,590,0.5134,
PC,KERALA,4,Wayanad,Wayanad,592,0.382,
PC,KERALA,4,Wayanad,Wayanad,591,0.1046,
PC,KERALA,5,Kozhikode,Kozhikode,591,1.0,
PC,KERALA,6,Malappuram,Malappuram,592,1.0,
PC,KERALA,7,Ponnani,Ponnani,592,0.7935,
PC,KERALA,7,Ponnani,Ponnani,593,0.2065,
PC,KERALA,8,Palakkad,Palakkad,593,1.0,
PC,KERALA,9,Alathur,Alathur,593,0.6935,
PC,KERALA,9,Alathur,Alathur,594,0.3065,
PC,KERALA,10,Thrissur,Thrissur,594,1.0,
PC,KERALA,11,Chalakudy,Chalakudy,595,0.5289,
PC,KERALA,11,Chalakudy,Chalakudy,594,0.4711,
PC,KERALA,13,Idukki,Idukki,596,1.0,
PC,KERALA,14,Kottayam,Kottayam,597,0.8242,
PC,KERALA,14,Kottayam,Kottayam,595,0.1758,
PC,KERALA,15,Alappuzha,Alappuzha,598,0.8852,
PC,KERALA,15,Alappuzha,Alappuzha,600,0.1148,
PC,KERALA,16,Mavelikara,Mavelikara,600,0.5229,
PC,KERALA,16,Mavelikara,Mavelikara,598,0.4771,
PC,KERALA,17,Pathanamthitta,Pathanamthitta,599,0.7865,
PC,KERALA,17,Pathanamthitta,Pathanamthitta,597,0.2135,
PC,KERALA,18,Kollam,Kollam,600,1.0,
PC,KERALA,19,Attingal,Attingal,601,1.0,
PC,KERALA,20,Thiruvananthapuram,Thiruvananthapuram,601,1.0,
PC,TAMIL NADU,1,Thiruvallur,Thiruvallur,602,1.0,
PC,TAMIL NADU,4,Chennai Central,Chennai Central,603,0.8613,
PC,TAMIL NADU,4,Chennai Central,Chennai Central,602,0.1387,
PC,TAMIL NADU,5,Sriperumbudur,Sriperumbudur,604,1.0,
PC,TAMIL NADU,2,Chennai North,Chennai North,602,0.646,
PC,TAMIL NADU,2,Chennai North,Chennai North,603,0.354,
PC,TAMIL NADU,6,Kancheepuram,Kancheepuram,604,1.0,
PC,TAMIL NADU,3,Chennai South,Chennai South,604,0.7554,
PC,TAMIL NADU,3,Chennai South,Chennai South,603,0.2446,
PC,TAMIL NADU,7,Arakkonam,Arakkonam,605,0.7972,
PC,TAMIL NADU,7,Arakkonam,Arakkonam,602,0.2028,
PC,TAMIL NADU,8,Vellore,Vellore,605,1.0,
PC,TAMIL NADU,9,Krishnagiri,Krishnagiri,631,1.0,
PC,TAMIL NADU,10,Dharmapuri,Dharmapuri,630,0.8738,
PC,TAMIL NADU,10,Dharmapuri,Dharmapuri,608,0.1262,
PC,TAMIL NADU,11,Tiruvannamalai,Tiruvannamalai,606,0.7704,
PC,TAMIL NADU,11,Tiruvannamalai,Tiruvannamalai,605,0.2296,
PC,TAMIL NADU,12,Arani,Arani,606,0.647,
PC,TAMIL NADU,12,Arani,Arani,607,0.353,
PC,TAMIL NADU,13,Viluppuram,Viluppuram,607,1.0,
PC,TAMIL NADU,14,Kallakurichi,Kallakurichi,608,0.5013,
PC,TAMIL NADU,14,Kallakurichi,Kallakurichi,607,0.4987,
PC,TAMIL NADU,15,Salem,Salem,608,1.0,
PC,TAMIL NADU,16,Namakkal,Namakkal,609,0.8627,
PC,TAMIL NADU,16,Namakkal,Namakkal,608,0.1373,
PC,TAMIL NADU,17,Erode,Erode,633,0.6961,
PC,TAMIL NADU,17,Erode,Erode,610,0.3039,
PC,TAMIL NADU,18,Tiruppur,Tiruppur,610,0.859,
PC,TAMIL NADU,18,Tiruppur,Tiruppur,633,0.141,
PC,TAMIL NADU,19,Nilgiris,Nilgiris,611,0.4422,
PC,TAMIL NADU,19,Nilgiris,Nilgiris,610,0.3878,
PC,TAMIL NADU,19,Nilgiris,Nilgiris,632,0.17,
PC,TAMIL NADU,20,Coimbatore,Coimbatore,632,0.5902,
PC,TAMIL NADU,20,Coimbatore,Coimbatore,633,0.4098,
PC,TAMIL NADU,21,Pollachi,Pollachi,632,0.643,
PC,TAMIL NADU,21,Pollachi,Pollachi,633,0.357,
PC,TAMIL NADU,22,Dindigul,Dindigul,612,1.0,
PC,TAMIL NADU,23,Karur,Karur,613,0.4219,
PC,TAMIL NADU,23,Karur,Karur,612,0.2055,
PC,TAMIL NADU,23,Karur,Karur,614,0.1949,
PC,TAMIL NADU,23,Karur,Karur,621,0.1777,
PC,TAMIL NADU,24,Tiruchirappalli,Tiruchirappalli,621,0.6296,
PC,TAMIL NADU,24,Tiruchirappalli,Tiruchirappalli,614,0.3704,
PC,TAMIL NADU,25,Perambalur,Perambalur,614,0.6033,
PC,TAMIL NADU,25,Perambalur,Perambalur,615,0.2358,
PC,TAMIL NADU,25,Perambalur,Perambalur,613,0.1609,
PC,TAMIL NADU,26,Cuddalore,Cuddalore,617,1.0,
PC,TAMIL NADU,27,Chidambaram,Chidambaram,616,0.4947,
PC,TAMIL NADU,27,Chidambaram,Chidambaram,617,0.3267,
PC,TAMIL NADU,27,Chidambaram,Chidambaram,615,0.1785,
PC,TAMIL NADU,28,Mayiladuturai,Mayiladuturai,618,0.5564,
PC,TAMIL NADU,28,Mayiladuturai,Mayiladuturai,620,0.4436,
PC,TAMIL NADU,29,Nagapattinam,Nagapattinam,619,0.5749,
PC,TAMIL NADU,29,Nagapattinam,Nagapattinam,618,0.4251,
PC,TAMIL NADU,30,Thanjavur,Thanjavur,620,0.8347,
PC,TAMIL NADU,30,Thanjavur,Thanjavur,619,0.1653,
PC,TAMIL NADU,31,Sivaganga,Sivaganga,622,0.7365,
PC,TAMIL NADU,31,Sivaganga,Sivaganga,621,0.2635,
PC,TAMIL NADU,32,Madurai,Madurai,623,1.0,
PC,TAMIL NADU,33,Theni,Theni,624,0.6498,
PC,TAMIL NADU,33,Theni,Theni,623,0.3502,
PC,TAMIL NADU,34,Virudhunagar,Virudhunagar,625,0.6502,
PC,TAMIL NADU,34,Virudhunagar,Virudhunagar,623,0.3498,
PC,TAMIL NADU,35,Ramanathapuram,Ramanathapuram,626,0.6332,
PC,TAMIL NADU,35,Ramanathapuram,Ramanathapuram,625,0.2214,
PC,TAMIL NADU,35,Ramanathapuram,Ramanathapuram,621,0.1454,
PC,TAMIL NADU,36,Thoothukudi,Thoothukudi,627,1.0,
PC,TAMIL NADU,37,Tenkasi,Tenkasi,628,0.7182,
PC,TAMIL NADU,37,Tenkasi,Tenkasi,625,0.2818,
PC,TAMIL NADU,38,Tirunelveli,Tirunelveli,628,1.0,
PC,TAMIL NADU,39,Kanyakumari,Kanyakumari,629,1.0,
PC,PUDUCHERRY,1,Puducherry,Puducherry,635,0.6491,
PC,PUDUCHERRY,1,Puducherry,Puducherry,637,0.3509,
PC,CHANDIGARH,1,Chandigarh,Chandigarh,55,1.0,
PC,DAMAN & DIU,1,Daman and Diu,Daman and Diu,495,0.6227,
PC,DAMAN & DIU,1,Daman and Diu,Daman and Diu,494,0.3773,
PC,DADRA & NAGAR HAVELI,1,Dadra and Nagar Haveli,Dadra and Nagar Haveli,496,1.0,
PC,ANDAMAN & NICOBAR,1,Andaman and Nicobar Islands,Andaman and Nicobar Islands,639,0.4451,
PC,ANDAMAN & NICOBAR,1,Andaman and Nicobar Islands,Andaman and Nicobar Islands,640,0.3314,
PC,ANDAMAN & NICOBAR,1,Andaman and Nicobar Islands,Andaman and Nicobar Islands,638,0.2235,
PC,LAKSHADWEEP,1,Lakshadweep,Lakshadweep,587,1.0,
PC,JAMMU & KASHMIR,1,Baramulla,Baramulla,1,0.3698,
PC,JAMMU & KASHMIR,1,Baramulla,Baramulla,9,0.3611,
PC,JAMMU & KASHMIR,1,Baramulla,Baramulla,8,0.269,
PC,JAMMU & KASHMIR,2,Srinagar,Srinagar,2,0.3775,
PC,JAMMU & KASHMIR,2,Srinagar,Srinagar,10,0.33,
PC,JAMMU & KASHMIR,2,Srinagar,Srinagar,11,0.2925,
PC,JAMMU & KASHMIR,4,Ladakh,Ladakh,3,0.8444,
PC,JAMMU & KASHMIR,4,Ladakh,Ladakh,4,0.1556,
PC,JAMMU & KASHMIR,5,Udhampur,Udhampur,18,0.4814,
PC,JAMMU & KASHMIR,5,Udhampur,Udhampur,19,0.1404,
PC,JAMMU & KASHMIR,5,Udhampur,Udhampur,7,0.136,
PC,JAMMU & KASHMIR,5,Udhampur,Udhampur,16,0.1237,
PC,JAMMU & KASHMIR,5,Udhampur,Udhampur,20,0.1185,
PC,JAMMU & KASHMIR,6,Jammu,Jammu,21,0.3124,
PC,JAMMU & KASHMIR,6,Jammu,Jammu,6,0.2979,
PC,JAMMU & KASHMIR,6,Jammu,Jammu,5,0.2819,
PC,JAMMU & KASHMIR,6,Jammu,Jammu,22,0.1078,
PC,KARNATAKA,1,Chikodi,Chikodi,555,1.0,
PC,KARNATAKA,2,Belagavi,Belagavi,555,1.0,
PC,KARNATAKA,27,Chikballapur,Chikballapur,582,0.5384,
PC,KARNATAKA,27,Chikballapur,Chikballapur,583,0.4616,
PC,KARNATAKA,28,Kolar,Kolar,581,0.7182,
PC,KARNATAKA,28,Kolar,Kolar,582,0.2818,
PC,JHARKHAND,1,Rajmahal,Rajmahal,352,0.4456,
PC,JHARKHAND,1,Rajmahal,Rajmahal,353,0.3719,
PC,JHARKHAND,1,Rajmahal,Rajmahal,351,0.1825,
PC,JHARKHAND,2,Dumka,Dumka,362,0.545,
PC,JHARKHAND,2,Dumka,Dumka,363,0.3353,
PC,JHARKHAND,2,Dumka,Dumka,350,0.1197,
PC,JHARKHAND,3,Godda,Godda,350,0.4732,
PC,JHARKHAND,3,Godda,Godda,351,0.3543,
PC,JHARKHAND,3,Godda,Godda,362,0.1725,
PC,JHARKHAND,4,Chatra,Chatra,359,0.471,
PC,JHARKHAND,4,Chatra,Chatra,347,0.4076,
PC,JHARKHAND,4,Chatra,Chatra,358,0.1215,
PC,JHARKHAND,5,Kodarma,Kodarma,349,0.6835,
PC,JHARKHAND,5,Kodarma,Kodarma,348,0.3165,
PC,JHARKHAND,6,Giridih,Giridih,355,0.4835,
PC,JHARKHAND,6,Giridih,Giridih,349,0.2736,
PC,JHARKHAND,6,Giridih,Giridih,354,0.2429,
PC,JHARKHAND,7,Dhanbad,Dhanbad,354,0.5701,
PC,JHARKHAND,7,Dhanbad,Dhanbad,355,0.4299,
PC,JHARKHAND,8,Ranchi,Ranchi,364,0.7529,
PC,JHARKHAND,8,Ranchi,Ranchi,369,0.2471,
PC,JHARKHAND,9,Jamshedpur,Jamshedpur,357,1.0,
PC,JHARKHAND,10,Singhbhum,Singhbhum,368,0.8935,
PC,JHARKHAND,10,Singhbhum,Singhbhum,369,0.1065,
PC,JHARKHAND,11,Khunti,Khunti,367,0.5835,
PC,JHARKHAND,11,Khunti,Khunti,365,0.4165,
PC,JHARKHAND,12,Lohardaga,Lohardaga,366,0.6365,
PC,JHARKHAND,12,Lohardaga,Lohardaga,356,0.2008,
PC,JHARKHAND,12,Lohardaga,Lohardaga,364,0.1627,
PC,JHARKHAND,13,Palamu,Palamu,346,0.5514,
PC,JHARKHAND,13,Palamu,Palamu,358,0.4486,
PC,JHARKHAND,14,Hazaribagh,Hazaribagh,360,0.6106,
PC,JHARKHAND,14,Hazaribagh,Hazaribagh,361,0.2571,
PC,JHARKHAND,14,Hazaribagh,Hazaribagh,348,0.1323,
PC,JAMMU & KASHMIR,3,Anantnag,Anantnag,14,0.5298,
PC,JAMMU & KASHMIR,3,Anantnag,Anantnag,15,0.2315,
PC,JAMMU & KASHMIR,3,Anantnag,Anantnag,12,0.1267,
PC,JAMMU & KASHMIR,3,Anantnag,Anantnag,13,0.112,
PC,TRIPURA,1,Tripura West,Tripura West,289,0.6142,
PC,TRIPURA,1,Tripura West,Tripura West,290,0.3858,
