n,name,extent,class
1,Gummidipoondi,Gummidipoondi and Uthukkottai Taluks.,A_whole_subdistricts_and_towns_only
2,Ponneri (SC),"Ponneri Taluk (Part) Poongulam, Injur, Seliambedu, Mangodu, Keerapakkam, Kallur, Annamalaicheri, Periaveppathur, Uppunelvoyal, Agaram, Devampattu, Kanganimedu, Umipedu, Seganyam, Periakarumbur, Panapakkam, Kumaranjeri, Ilupakkam, Kolur, Sirulapakkam, Avurivakkam, Kanavanthurai, Pakkam, Thirupalaivanam, Poovami, Vembedu, Avoor, Vidathandalam, Sombattu, Paranambedu, Kilikodi, Kattavur, Medur, Asanabudur, Vanjivakkam, Pralayambakkam, Andarmadam, Pazhaverkadu, Thangalperumbalam, Sirupazhaverkadu, Kadapakkam, Thathamanji, Perumbedu, Chinnakavanam, Kuduvancheri, Kanagavallipuram, Thirupair, Eliambedu, Lingipaiyanpettai, Somanjeri, Athamananieri, Sirulappancheri, Kattur, Karungali, Kalanji, Kattupalli, Vayalur, Thiruvellavoyal, Eripillaikuppam, Velur, Aladu, Kumarasirulapakkam, Kaniambakkam, Kadamanjeri, Thinaipakkam, Meratur, Devadanam, Thadaperumbakkam, Vairavankuppam, Peravallur, Durainallur, Vadakkunallur, Sevittupanapakkam, Pondavakkam, Madhavaram, Malliankuppam, Chinnambedu, Keelmeni, Thachur, Anuppampattu, Vellambakkam, Thottakadu, Kalpakkam, Neithavayal, Nalur, Vannipakkam, Amoor, Panjetty, Adambakkam, Natham, Ernavakkam, Pandigavanur, Jaganathapuram, Nandiambakkam, Puzhudivakkam, Vallur, Seemapuram, Madiyur, Valudigaimedu, Nayar, Mafaskanpet, Pudupakkam, Periyamullaivoyal, Chinnamullaivoyal, Thirunilai, Kodipallam, Arumandai, Vichoor, Vellivoyal, Edayanchavadi, Arasur, Appalavaram and Andavoyal villages. Arani (TP), Ponneri (TP), Minjur (TP) and Athipattu (CT).",B_sub_tehsil_units(GP/village/circle/KC/PC/mouza)
3,Tiruttani,"Pallipattu Taluk Tiruttani Taluk (Part) Thalavedu, Ponpadi, Alamelumangapuram, Maddur, Krishnasamudram, Sirunguni, Veeraganallur, Suryanagaram, Agoor, Koramangalam, Thadur, Veerakaverirajapuram, Beerakuppam, T.C.Kandigai, V.K.N.Kandigai, S.Agraharam, Cherukkanur, Chinnakadambur, Periyakadambur, Karthikeyapuram, Tiruttani, Murukkambattu, Dharanivaragapuram, Velanjeri, Pattabiramapuram, Sathranjeyapuram, Gollakuppam, Poonimangadu, Nallattur, Chivvada, Nemili and Santhanagopalapuram villages. Tiruttani (TP).",B_sub_tehsil_units(GP/village/circle/KC/PC/mouza)
4,Thiruvallur,"Tiruttani Taluk (Part) Arungulam, Mamandur, Arumbakkam, Kuppam, Arcot, Nedambaram, Panapakkam, Gulur, Kanchipadi, Muthukondapuram, Illuppur, Nabalur, Ramapuram, Kaverirajapuram, Athipattu, Venugopalapuram, Veeraraghavapuram, Vyasapuram, Thiruvalangadu, Palayanur, Jagirmangalam, Rajapadmapuram, Manavur, Kapulakandigai, Marudavallipuram, Harichandrapuram, J.S.Ramapuram, Perikalakattur, Orathur, Lakshmivilasapuram, Pakasalai, Chinnamandali and Kalambakkam villages. Thiruvallur Taluk (Part) Hudsonpuram, Placepalayam, Gengulukandigai, Allikuzhi, Greenvelnatham, Sendrayanpalayam, Thomur, Thiruppair, Arumbakkam, Rangapuram, Krishnapuram, Poondi, Kannammapettai, Movoor, Neyveli, Ramathandalam, Cheyancheri, Eraiyur, Monnavedu, Chithambakkam, Ramanjeri, Karanizampet, Kunnavalam, Pattaraiperumbudur, Kanagavallipuram, Pandur, Thirupachur, Tiruvallur, Pirayankuppam, Palliaraikuppam, Karanai, Attupakkam, Nemiliagaram, Keelvilagam, Melvalagam, Kalianur, Vidaiyur, Venmanambudur, Kadambathur, Egattur, Melnallathur, Koppur, Nayapakkam, Papparambakkam, Valasaivettikadu, Elluppur, Polivakkam, Nungambakkam, Pinjivakkam, Kasavanallathur, Agaram, Panambakkam, Ramankoil, Madathukuppam, Senji, Thenkaranai, Chitrambakkam, Kavankolathur, Pudumavilangai, Satharai, Erayamangalam, Alinjivakkam, Mappedu, Kilacheri, Kondancheri, Perambakkam, Narasingapuram, Irulanjeri, Kumaracheri, Koovam, Pillaiyarkuppam, Govindamedu, Ulundai, Thodukadu, Vayalur, Kottaiyur, Karanai, Kallambedu, Uttarampakkam, Kannur, Pudupattu, Selai and Tirupandiyur villages. Thiruvallur (M) and Vengathur (CT).",B_sub_tehsil_units(GP/village/circle/KC/PC/mouza)
5,Poonamallee (SC),"Thiruvallur Taluk (Part) Arumbakkam, Thirukanacheri, Vilapakkam, Gerugampoondi, Sembedu, Vengal, Velliyur, Ammanambakkam, Agaram, Sethupakkam, Guruvoyal, Arkkampattu, Singilikuppam, Ayalacheri, Pudukuppam, Koduveli, Karanai, Magaral, Thamaraipakkam, Melakondaiyur, Vathattur, Karikalavakkam, Vishnuvakkam, Kizhanur, Melanur, Othikkadu, Punnapakkam, Pullarambakkam, Ikkadu, Kalyanakuppam, Chittathur, Perathur, Ayalur, Punnapattu, Sivanvoyal, Nallankavanur, Puliyur, Pakkam, Veppampattu, Ayathur, Sirukalathur, Thottikalai, Kilambakkam, Thandalam, Thaneerkulam, Kakkalur, Putlur, Thozhur, Sirukadal, Sevvapettai, Perumalpattu, Veppambattu, Thiruvur and Aranvoyal villages. Poonamallee Taluk (Part) Gudapakkam, Varadarajapuram, Vellavedu, Nemam, Nochimedu, Meyyur, Padur, Kuthambakkam, Narasingapuram, Parvatharajapuram, Sembarambakkam, Meppur, Agaramel Nazarathpet, Kannapalayam, Melpakkam, Soranjeri, Amudurmedu, Agraharamel, Thiruninravur, Korattur, Voyalanallur, Kolappancheri, Banaveduthottam, Pidarithangal, Parivakkam, Senneerkuppam, Korattur, Kilmanambedu, Kattupakkam and Goparasanallur villages. Poonamallee (TP) and Thirumazhisai (TP).",B_sub_tehsil_units(GP/village/circle/KC/PC/mouza)
6,Avadi,"Poonamalle Taluk (Part) Nadukuthagai, Nemilicheri and Karunakaracheri villages. Thirunindravur (TP), Tiruverkadu (TP) and Avadi (M).",B_sub_tehsil_units(GP/village/circle/KC/PC/mouza)
7,Maduravoyal,"Ambattur Taluk (Part) Ayappakkam, Nolambur, Adayalampattu and Vanagaram villages. Ambattur (M) (Part) Ambattur (M) - Ward No. 35, 36 and 52. Nerkundram (CT), Maduravoyal (TP), Valasaravakkam (TP), Karambakkam (CT), Porur (TP) and Ramapuram (CT).",C_ward_or_EB_level
8,Ambattur,Ambattur Taluk (Part) Ambattur (M) (Part) Ambattur (M) - Ward No. 1 to 34 and 37 to 51.,C_ward_or_EB_level
9,Madavaram,"Ambattur Taluk (Part) - Kilkondaiyar, Alathur, Pandeswaram, Arakkambakkam, Morai, Melpakkam, Kadavur, Vellacheri, Palavedu, Vellanur, Pothur, Pammadukulam, Theerthagiriyampattu, Palavoyal, Vilangadupakkam, Sirugavur, Ariyalur, Kadapakkam, Sadayankuppam, Elanthanjeri, Mathur, Manjampakkam, Kosapur, Chettimedu, Vadaperumbakkam, Lyon, Payasambakkam, Grant Lyon, Alinjivakkam, Athivakkam, Vadagarai, Soorapattu, Kadhirvedu and Puthagaram villages. Naravarikuppam (TP), Puzhal (TP) and Madavaram (M). Ponneri Taluk (Part) - Nerkundram, Chekkanjeri, Soorapattu, Sothuperumbedu, Karanodai, Athur (I), Pudu Erumaivettipalayam, Pazhaya Erumaivettipalayam, Sholavaram, Orakkadu, Budur, Kandigai, Marambedu, Kummanur, Angadu, Siruniam, Sembulivaram, Nallur, Alamathi, Attanthangal, Vijayanallur and Perungavoor villages. Padianallur (CT).",B_sub_tehsil_units(GP/village/circle/KC/PC/mouza)
10,Tiruvottiyur,"Ambattur Taluk (Part) Kattivakkam (M), Tiruvottiyur (M), Manali (TP) and Chinnasekkadu (TP).",B2_part_unit_other
11,Dr.Radhakrishnan Nagar,"Chennai (M Corp.) (Part) Chennai (M Corp.) Ward No. 3 to 8, 10, 11 and 14.",C_ward_or_EB_level
12,Perambur,"Chennai (M Corp.) (Part) Chennai (M Corp.) Ward No.1, 2 and 32 to 36.",C_ward_or_EB_level
13,Kolathur,Chennai (M Corp.) (Part) Chennai (M Corp.) Ward No. 50 to 54 and 62.,C_ward_or_EB_level
14,Villivakkam,"Chennai (M Corp.) (Part) Chennai (M Corp.) Ward No.55 to 58, 63 and 64.",C_ward_or_EB_level
15,Thiru-Vi-Ka-Nagar (SC),"Chennai (M Corp.) (Part) Chennai (M Corp.) Ward No.37 to 41, 59, 60 and 97 to 99.",C_ward_or_EB_level
16,Egmore (SC),"Chennai (M Corp.) (Part) Chennai (M Corp.) Ward No.42, 45 to 47, 61, 71, 72 and 100 to 106.",C_ward_or_EB_level
17,Royapuram,"Chennai (M Corp.) (Part) Chennai (M Corp.) Ward No.9, 12, 13, 15 to 22 and 31.",C_ward_or_EB_level
18,Harbour,"Chennai (M Corp.) (Part) Chennai (M Corp.) Ward No.23 to 30, 43, 44, 48, 49 and 80.",C_ward_or_EB_level
19,Chepauk- Thiruvallikeni,"Chennai (M Corp.) (Part) Chennai (M Corp.) Ward No.79, 81 to 93, 95 and 111.",C_ward_or_EB_level
20,Thousand Lights,"Chennai (M Corp.) (Part) Chennai (M Corp.) Ward No.76 to 78, 107 to 110, 112 to 114, 118 and 119.",C_ward_or_EB_level
21,Anna Nagar,Chennai (M Corp.) (Part) Chennai (M Corp.) Ward No.66 to 70 and 73 to 75.,C_ward_or_EB_level
22,Virugampakkam,"Chennai (M Corp.) (Part) Chennai (M Corp.) Ward No.65, 128 to 131.",C_ward_or_EB_level
23,Saidapet,Chennai (M Corp.) Part Chennai (M Corp.) Ward No.132 to 136 and 138 to 141.,C_ward_or_EB_level
24,Thiyagarayanagar,"Chennai (M Corp.) Part Chennai (M Corp.) Ward No. 117, 120 to 127 and 137",C_ward_or_EB_level
25,Mylapore,"Chennai (M Corp.) Part Chennai (M Corp.) Ward No.94, 96, 115, 116 and 142 to 150.",C_ward_or_EB_level
26,Velachery,Chennai (M Corp.) Part Chennai (M Corp.) Ward No. 151 to 155.,C_ward_or_EB_level
27,Shozhinganallur,"Tambaram Taluk (Part) Nanmangalam, Kovilambakkam, Medavakkam, Karapakkam, Perumbakkam, Vengavasal, Chittalapakkam, Ottiambakkam, Arasankalani, Semmanjeri and Uthandi villages. Puzhithivakkam (Ullagaram) (TP), Perungudi (TP), Kottivakkam (CT), Palavakkam (CT), Neelankarai (CT), Injambakkam (CT), Okkiyamthuraipakkam (CT), Pallikaranai (TP), Madipakkam (CT), Jalladianpettai (CT) and Shozhinganallur (TP). Sriperumbudur Taluk (Part) - Ayyappanthangal,",B_sub_tehsil_units(GP/village/circle/KC/PC/mouza)
28,Alandur,"Thelliaragaram, Koluthuvancheri, Srinivasapuram, Kovur, Chinnapanicheri, Paraniputhur, Periyapanicheri, Moulivakkam, Madanandapuram, Mugalivakkam, Kolapakkam, Gerugambakkam, Thandalam, Tharapakkam and Irandankattalai villages. Manapakkam (CT). Tambaram Taluk (Part) Cowl Bazaar village. Nandambakkam (TP), St.Thomas Mount-cum-Pallavaram (CB), Alandur (M) and Moovarasampettai (CT).",B_sub_tehsil_units(GP/village/circle/KC/PC/mouza)
29,Sriperumbudur (SC),"Sriperumbudur Taluk (Part) Kozhumanivakkam, Malayambakkam, Mevalurkuppam, Valarpuram, Mannur, Kandamangalam, Sengadu, Sivapuram, O.M.Mangalam, Pichivakkam, Thulasapuram, Kandivakkam, Kappankottur, Kottur, Elimiyankottur, Kiloy, Ayakolathur, Nemili, Irungattukottai, Thandalam, Katrambakkam, Tharavur, Sirukalathur, Kavanur, Kollacheri, Nandambakkam, Puduppair, Nallur, Amarambedu, Pennalur, Sirukiloy, Padicheri, Ettikuthimedu, Gunagarambakkam, Edayarpakkam, Akkamapuram, Ekanapuram, Mahadevimangalam, Kannanthangal, Vadamangalam, Pillaipakkam, Vengadu, Irumbedu, Somangalam, Poonthandalam, Pazhanthandalam, Thirumudivakkam, Erumaiyur, Naduveerapattu, Puducheri, Chetthuppattu, Karunakaracheri, Kolathur, Navalur, Oddankaranai, Kaduvancheri, Pondur, Irungulam, Mambakkam, Thirumangalam, Molachur, Sogandi, Kanthur, Maduramangalam, Singilipadi, Kodamanallur, Melmaduramangalam, Koothavakkam, Sivankoodal, Ramanujapuram, Keeranallur, Podavur, Nandimedu, Santhavellore, Sirumangadu, Araneri, Vadakal, Sirukalathur, Valathancheri, Gunduperumbedu, Nallamperumbedu, Alagoor, Mahanyam, Vellarai, Malaipattu, Mahanyam (RF), Manimangalam, Varadharajapuram, Karasangal, Thundalkalani, Padappai, Sirumathur, Salamangalam, Nariyambakkam, Koolangacheri, Perinjambakkam, Vaipoor, Vallam, Mettupalayam, Echoor, Kunnam, Pappankuzhi, Sendamangalam, Vittaveedagai, Jambodai, Selvazhimangalam, Panrutti, Mathur, Panapakkam, Serapanacheri, Karanaithangal, Venjuvancheri, Vellerithangal, Arambakkam, Athanancheri, Korukkanthangal, Adhanur, Madambakkam, Neelamangalam, Orathur, Navalur, Vattambakkam, Oragadam, Sennakuppam, Panaiyyur, Ezhichur, Poondi, Vadakkupattu, Padarvadi, Valayakaranai, Umayalparanancheri, Kanchivakkam, Nattarasampattu, Siruvanjur, Vadamelpakkam, Erivakkam, Keelakalani, Kuthanur, Kavanur and Kattupakkam villages. Mangadu (TP), Sikkarayapuram (CT), Kundrathur (TP) and Sriperumbudur (TP).",B_sub_tehsil_units(GP/village/circle/KC/PC/mouza)
30,Pallavaram,"Tambaram Taluk (Part) Polichalur (CT), Anakaputhur (TP), Pammal (TP), Tirusulam (CT), Pallavaram (M), Thiruneermalai (TP) and Meenambakkam (TP).",B2_part_unit_other
31,Tambaram,"Tambaram Taluk (Part) Kadaperi, Tiruvancheri, Mudichur, Kasbapuram, Vengapakkam, Agaramthen, Kovilancheri, Madurapakkam and Moolacheri villages. Tambaram (M), Chitlapakkam (TP), Sembakkam (TP), Madambakkam (TP), Perungalathur (TP) and Peerkankaranai (TP).",B_sub_tehsil_units(GP/village/circle/KC/PC/mouza)
32,Chengalpattu,"Chengalpattu Taluk (Part) Mannivakkam, Nedungundram, Puthur, Kolapakkam, Unamancheri, Rattinamangalam, Vengadamangalam, Nallambakkam, Arungal, Karanaipuducheri, Gudalore R.F, Kayarambedu, Perumathunallur, Keerappakkam, Murugamangalam, Kumizhi, Othivakkam, Kannivakkam, Pandur, Appur R.F, Senthamangalam, Appur, Kalvoy, Hasthinapuram, Karunilam, Karambur, Kolathur, Dasarikunnathur, Guruvanmedu, Melmanapakkam, Palur, Villiambakkam, Sasthirambakkam, Vembakkam, Venkatapuram, Chettipunyam, Kachadimangalam, Kondamangalam, Anjur, Thenmelpakkam, Veerapuram, Paranur, Paranur R.F, Kanthalur, Athur, Pulipakkam, Rajakulipettai, Hanumanthai, Kunnavakkam, Echankaranai, Pattaravakkam, Senneri, Thenur, Ammanambakkam (Guduvanchery firka), Porunthavakkam, Vallam, Pazhaveli, Ozhalur, and Ammanambakkam ( Chengalpattu firka) villages. Melamaiyur (CT), Alapakkam (CT), Vandalur (CT) and Urapakkam (CT), Nandivaram-Guduvancheri (TP), Maraimalainagar (TP), Singaperumalkoil (CT) and Chengalpattu (M).",B_sub_tehsil_units(GP/village/circle/KC/PC/mouza)
33,Thiruporur,"Chengalpattu Taluk (Part) Ponmar, Karanai, Thazhambur, Navalur, Kannathur Reddy Kuppam, Muthukadu, Egattur, Kazhipattur, Siruseri, Polacheri, Sonallur, Mambakkam, Keelakottiyur, Melakottiyur, Pudupakkam, Padur, Kunnakkadu, Kovalam, Semencheri, Kelambakkam, Sathankuppam, Velichi, Kolathur, Panangathupakkam, Kayar, Thaiyur, Thiruvidanthai, Vadanemmeli, Nemmeli, Sengadu, Illalur, Vembedu, Nellikuppam, Agaram, Kondangi, Maruderi, Hanumanthapuram, Melaiyur RF, Kizhur, Kattur, Krishanankaranai, Thandalam, Kottamedu, Vengur Sirunkundram, Dasarikuppam, Perunthandalam, Pooiluppai, Karumbakkam, Viralpakkam, Mailai, Sembakkam, Chettipatturayamankuppam, Madayathur, Vengaleri, Alathur, Pattipulam, Karunguzhipallam, Sirudavoor, Acharavakkam, Poondi, Edarkundram, Royalpattu, Mullipakkam, Valarkundram, Konerikuppam, Reddikuppam, Kammalampattu, PeriyaIrumbedu, Otteri, Rayamangalam, Manamathy, Agaram, Amoor, Poranthavakkam, Athigamanallur, Salavankuppam, Paiyanur, Panchanthiruthy, Kunnappattu, Dhakshnavarthy, Santhanampattu, Amaiyampattu, Melkanagampattu, Thirunilai, Periyavippedu, Chinnavippedu, Kattakhazhani, Amirthampallam, Chinna Irumbedu, Orathur, Thandarai, Oragadam, Kalanipakkam, Arungundram, Mannavedudevadanam, Valavanthangal, Karanai, Periyaputheri and Thiruvadisoolam villages. Thiruporur (TP), Tirukkalukundram Taluk (Part) - Nemmeli, Nemmeli RF, Pulleri, Thunjam, Keelavedu, Meleripakkam, Thirumani, Thirumani RF, Janakipuram, Alagusamudram, Keerapakkam, Melapattu, Nelvoy, Kuzhippanthandalam, Vadakadumbady, Perumaleri, Kadumbady, Nallanpethal, Melkuppam, Echur, Pulikundram, Irumbuli, Thazambedu, Kankeyamkuppam, Sogandy, Adavilagam, Osivakkam, Pudupakkam, Manapakkam, Othivakkam, P.V.Kalathur, Veerakuppam, Edaiyur, Kothimangalam, Puliyur, Egai, Acharavakkam, Pattikadu, Nallur, Manamai, Kokilamedu, Kunnathur, Amaipakkam, Narasankuppam, Nathamkariamcheri, Mullakolathur, Echankaranai, Soorakuppam, Ammanambakkam, Thathalur, Narapakkam, Salur RF, Salur, Ponpathirkoodam, Venbakkam, Udayambakkam, Punnapattu, Anoor, Korappattu, Mambakkam, Mudaiyur, Kurumughi, Elumichampattu, Sadurangapattinam, Neikuppi, Meiyur, Kalpakkam and Karmarapakkam villages. Tirukalukundram (TP) and Mamallapuram (TP).",B_sub_tehsil_units(GP/village/circle/KC/PC/mouza)
34,Cheyyur (SC),"Cheyyur Taluk Tirukkalukundram Taluk (Part) Kilapakkam, Perumbedu, Amanambakkam RF, Kunnavakkam, Veerapuram, Vengabakkam, Arambakkam, Poonthandalam, Kudiperumbakkam, Perambakkam, Aminjikarai, Periayakattupakkam, Nadurvakkarai, Pakkam, Pandur, Vellapandal, Vazhuvodur, Thimmur, Vallipuram, Vilagam, Edayathur, Erumbilicheri, Theppanamapattu, Attavattam, Nerumbur, Chinnakattupakkam, Angamampattu, Chitlambakkam, Punnapattu, Somaspattu, Solaikuppam, Ilayanarkuppam, Vittalapuram I, Vittalapuram II, Merkandai, Lattur, Sooradimangalam, Kondakarikuppam, Panangattucheri, Bommarajapuram, Nallathur, Ayapakkam, Vasavasamudram, Voyalur and Vengadu villages. Pudupattinam (CT).",B_sub_tehsil_units(GP/village/circle/KC/PC/mouza)
35,Madurantakam (SC),Madurantakam Taluk,A_whole_subdistricts_and_towns_only
36,Uthiramerur,"Uthiramerur Taluk Kancheepuram Taluk (Part) Valluvapakkam, Poosivakkam, Uthukadu, Kattavakkam, Vilagam, Thalayampattu, Alavur, Varanavasi, Vembakkam, Chinnamadurapakkam, Ambakkam, Thollazhi, Kosapattu, Devariyambakkam, Thonankulam, Ullavur, Palayaseevaram, Nathanallur, Puliyambakkam, Vengudi, Kilottivakkam, Seeyamangalam, Thimmarajampettai, Bavasahibpettai, Thangi, Ekanampettai, Naickenpettai, Villivalam, Koyambakkam, Erivoy, Thimmaiyanpettai, Muthialpettai, Padappam, Chinnaiyankulam, Kottakkaval, Orikkai, Kolivakkam, Iyangarkulam, Punjarasanthangal, Valathottam, Kamugampallam, Kuruvimalai, Vitchanthangal, Kalur, Asoor, Avalur, Angambakkam, Thammanur, Melputhur, Kolathur, Perumanallur, Vedal, Kalakattur, Thalaiyillaperumbakkam, Arpakkam, Magaral, Kavanthandalam, Nelveli, Kilputhur, Kambarajapuram, Elayanarvelur, Chithaathur, Manjamedu, Suramenikuppam, Ayimicheri, Kovalavedu, Navettikulam, Thiruvenkaranai, Kunnavakkam, Agaram, Thenneri, Madavilagam, Sirupagal, Oddanthangal, Naickenkuppam, Sinnivakkam, Vadaveripattu, Marutham and Puthagaram villages. Thenambakkam (CT), Ayyampettai (CT) and Walajabad (TP).",B_sub_tehsil_units(GP/village/circle/KC/PC/mouza)
37,Kancheepuram,"Kancheepuram Taluk (Part) Pullalur, Thandalam, Purisai, Valathur, Pullambakkam, Pondavakkam, Moolapattu, Padunelli, Govindavadi, Uveri, Putheri, Maniyachi, Kottavakkam, Parandur, Thandalam, Nelvoy, Podavur, Siruvallur, Siruvakkam, Veliyur, Pudupakkam, Olakkalpattu, Thaipakkam, Melbangaram, Vathiyur, Kuram, Periyakarambur, Vishakandikuppam, Sembarambakkam, Injambakkam, Karai, Seeyati, Poondithangal, Kuthirambakkam, Thodur, Ariyambakkam, Neervalur, Attuputhur, Illuppapattu, Vedal, Enadur, Chitterimedu, Thulukkanthandalam, Ariyaperumbakkam, Sirunaiperugal, Muttavakkam, Damal, Kilar, Thiruppukuzhi, Melambi, Kilambi, Sirukaveripakkam, Thimmasamudram, Netteri, Achukattu, Karuppadithattadai, Sittiyambakkam, Sekkankulam, Singadivakkam, Siruvedal, Athivakkam, Nummappattu, Thirumalpattu, Alapakkam, Karur, Murukkanthangal, Olaiyur, Kaliyanur, Vaiyavur, Nallur, Konerikuppam, Arappanacheri, Putheri, Velinkapattadai, Kilkadirpoor, Melkadirpoor, Mettukuppam, Melottivakkam, Musaravakkam, Perumbakkam, Muthavedu, Pitchavadi, Vishar, Sadathangal, Narapakkam, Alavandarmedu and Vippedu villages. Kancheepuram (M), Nattapettai (CT) and Sevilimedu (TP).",B_sub_tehsil_units(GP/village/circle/KC/PC/mouza)
38,Arakkonam (SC),"Arakkonam Taluk (Part) Sembedu, Chithambadi, Itchiputhur, Kilvanam, Polur, Uliambakkam, Kilandur, Perungalathur, Krishnapuram, Valarpuram, Mudur, Velur, Konalam, Anaipakkam, Mulvoy, Kilpakkam, Kavanur, Kilkuppam, Vadamambakkam, Kainoor, Thandalam, Perumalrajapet, Vedal, Asamandur, Chitheri, Parithiputhur, Melpakkam, Ammanur, Puliyamangalam, Ambarishpuram, Mosur, Seyyur, Nagarikuppam, Uriyur, Anaikattuputhur, Pudukesavaram, Ananthapuram, Athur, Mangattucheri(Kadambanallur), Arigilapadi, Poyyapakkam, Kilandurai, Melandurai, Negavedu, Ochalam, Arumbakkam, Sillamandai, Melkalathur, Sirunamalli, Illuppaithandalam, Parameswaramangalam, Murungai, Chittoor, Pinnavaram, Attupakkam, Sayanavaram (Jagir), Kilvenkatapuram, Pallur and Ganapathipuram villages. Arakonam (M), Perumuchi (CT) and Thakkolam (TP).",B_sub_tehsil_units(GP/village/circle/KC/PC/mouza)
39,Sholingur,"Walajah Taluk (Part) Somasamudram, Kalpattu, Pandiyanellore, Kallankuppam, Kodakkal, Pulivalam, Kadappanthangal, Thagarakuppam, Sengalnatham, Sekkadikuppam, Rendadi, Venkatapuram (Mel), Kesavanakuppam, Jambukulam, Velam, Kolatheri, Marudalam, Kattarampakkam, Thalangai, Vanghur, Ponnappanthangal, Ozhughur, Chithathoor, Melveeranam, Govindacherikuppam and Govindacheri villages. Sholingur (TP). Arakkonam Taluk (Part) Vengapattu, Paravathur, Akkachikuppam, Paranji, Nandi Veduthangal, Minnal, Vailambadi, Cuddalore, Thalikkal, Ayipedu, Ariyur, Karikkal, Nandimangalam, Soorai, Ayal, Polipakkam, Tappur, Pazhayapalayam, Kunnathur, Anverthikanpettai, Kattupakkam, Banavaram, Mangalam, Koothambakkam, Velithangipuram, Meleri, Elathur, Kilakalathur, Kizhveedhi, Kodambakkam, Mahendravadi, Karnavoor, Pudur, Kizveeranam, Panniyur, Pudupattu, Siruvalayam, Perapperi, Uliyanallur, Vepperi, Vettangulam, Asanallikuppam, Thirumalpur, Nelvoy, S.Kolathur, Reddivalam, Agavalam, Nedumpuli, Thuraiyur, Peruvalayam, Alapakkam, Thuraiperumbakkam, Maganipattu, Cheri, Kattalai, Eralacheri, Uthirampattu, Dharmaneedhi, Nangamangalam, Melapulam, Poigainallur, Velianallur, Thandalam (Jagir), Melvenbakkam, Kilvenbakkam, Perumbulipakkam, Avalur, Karivedu, Ayarpadi, Ocheri, Sirukarumbur, Athipattu, Vegamangalam, Mamandur, Kalathur and Sankarampadi villages. Nemili (TP), Kaveripakkam (TP) and Panapakkam (TP)",B_sub_tehsil_units(GP/village/circle/KC/PC/mouza)
40,Katpadi,"Katpadi Taluk (Part) Thengal, Balekuppam, Kondareddipalli, Ponnai, Paramasathu, Madandakuppam, Keeraisathu, Gollapalli, Ammavaripalle, Mahimandalam, Perumalkuppam, Erukkambattu, Vallimalai, Melpadi, Mutharasikuppam, Vinnampalli, Kodukkanthangal, Elayanellore, Thenpalli, Veppalai, Sripadanallore, Kugaiyanallore, Eranthangal, Serkadu, Oddanthangal, Karigiri, Kandipettu, Puthur, Sembarayanallore, Brahmapuram, Sevur, Arumparuthi, Karnampattu, Ammundi, Vandaranthangal, Karasamangalam, Unnamalaisamudram, Thalayarampattu, Thandalamkrishnapuram, Virudampattu and Dharapadavedu villages. Dharapadavedu (TP), Kalinjur (TP), Katpadi (TP), Kangeyanallur (CT), Gandhinagar (Katpadi Extn) (TP), Thiruvalam (TP), and Senur (CT). Vellore Taluk (Part) Shenpakkam (TP) Walajah Taluk (Part) Vasur, Palleri, Kondakuppam, Marudampakkam, Ekambaranellur, Sikarajapuram, Mukundarayapuram, Katharikuppam and Lalapettai, villages.",B_sub_tehsil_units(GP/village/circle/KC/PC/mouza)
41,Ranipet,"Walajah Taluk (Part) Padiyampakkam, Sengadu, Vanapadi, Maniyambattu, Karai, Manthangal, Pinji, Anandhalai, Musiri, Valluvambakkam, Sumaithangi, Bagaveli, Thenkadappanthangal, Ammananthangal, Vannivedu, Navlock, Thengal, Kilminnal, Arapakkam, Melakuppam, Thimmanacherikuppam, Nandiyalam, Veppur, Gudimallur, Chennesamudram, Kadapperi, Poondi, Thirumalaicheri, Thalanur, Kathiavadi, Ayilam, Arunkundram, Kilkuppam, Koorambadi, Sathambakkam, Thiruparkadal and Kalmelkuppam villages. Ammoor (TP), Chettithangal (CT), Ranipet (M), Walajapet (M), Narasingapuram (CT) and Melvisharam (TP).",B_sub_tehsil_units(GP/village/circle/KC/PC/mouza)
42,Arcot,"Arcot Taluk Vellore Taluk (Part) Palamadai, Edayansathu, Adukkamparai, Thuttipattu, Sirukalambur, Nelvoy, Sathumadurai, Munjurpattu, Pangalathan, Selamanatham, Kaniyambadi, Veppampattu, Kanikkaniyan, Kathalampattu, Palathuvannan, Singarikoil, Vallam, Kilpallipattu, Mottupalayam, Kammasamudram and Mothakkal villages.",B_sub_tehsil_units(GP/village/circle/KC/PC/mouza)
43,Vellore,"Vellore Taluk (Part) Sampanginallore, Venkatapuram, Perumugai and Alamelumangapuram villages. Sathuvacheri (TP), Vellore (M), Allapuram (TP), Thorapadi (TP) and Konavattam (CT).",B_sub_tehsil_units(GP/village/circle/KC/PC/mouza)
44,Anaikattu,"Vellore Taluk (Part) Kandaneri, Kalanipakkam, Erayangadu, Okkanapuram, Virinchipuram, Seduvalai, Sathiyamangalam, Poigai, Anpundi, Melmanavur, Kilmanavur, Sadupperi, Sirukanchi, Sembedu, Abdullapuram, Thellur, Puthur, Elavambadi, Vallandaraman, Vasanthanadai, Anaikattu, Unai, Kommalankuttai, Brahmanamangalam, Kilkrishnapuram, Tippasamudram, Odiyathur, Vaniyambadi, Genganallore, Pulimedu, Budur, Sekkanur, Kuppam, Murukkeri, Ariyur, Kattuputhur, Usur, Athiyur, Appukal, Karadikudi, Devichettikuppam, Karunkali, Mahammadapuram, Ongapadi, Varadalampattu, Alleri, Sholavaram, Sathapalaiyam, Palampakkam, Thuttikadu, Thellai, Elluparai, Kilkothur, Pinnanthurai, Nemandapuram, Athikuppam, Madayapattu, Serpadi, Pudukuppam, Peenjamandai, Katharikuppam, Gengasanikuppam, Vannanthangal, Melarasampattu, Umayampattu, Mullavadi, Periyapanaparai, Palampattu, Jarthankollai and Kil Arasampattu villages Pallikonda (TP), Karugampattur (CT), Palavansathu (CT), Ariyur (CT), Pennathur (TP) Odugathur (TP) and Virupakshipuram (CT).",B_sub_tehsil_units(GP/village/circle/KC/PC/mouza)
45,Kilvaithinankuppa m (SC),"Gudiyattam Taluk (Part) Danakondapalli, Viludonapaliam, Dakshinapathapalayam, Rangasamudram, Paradarami, Puttavaripalli, Veerasettipalli (R.F), Veerichettipalli, Varadhareddipalli, Chengundram, Modikuppam, Thattaparai, Chinnalapalli, Mukkundram, Pakkam, Ramalai, Thattimanapalli, Kallapadi, Kondasamudram, Pichanur, Rajakuppam, Nellorepettai, Seruvangi, Thalayatham, Chedukkarai, Melalathur, Melmuttukur, Chettikuppam, Bojanapuram, Sembedu, Singalpadi, Goodanagaram, Ananganallore, Kothakuppam, Pattu, Olakasi and Chithathoor villages. Katpadi Taluk (Part) Thondanthulasi, Chenji, Panamadangi, Maliyapattu, Melmankuppam, Melmoil, Kilmuttukur, Kalambattu, Arumbakkam, Latteri, Vilundakkal, Jaffrapet, Vanjur, Olaiyathur, Annangudi, Bomminayakkanpalayam, Angarankuppam, Alanganeri, Murukkambattu, Kanguppam, Devarishikuppam, Nagal, Kilalathur, Sethuvandai, Ammanankuppam, Veppur, Netteri, Pasumathur, Sennankuppam, Machanur, Palayakrishnapuram, Kavanur, Kilvaithinankuppam, Veppanganeri, Thuthithangal, Melvilachur, Pillanthipattu, Melur, Kilur, Mudinampattu, Kilvilachur, Vaduganthangal, Vikramachi, Velampattu, Valuvankundram, Vadavirinjipuram, Kothamangalam, Cholamur and Thirumani villages.",B_sub_tehsil_units(GP/village/circle/KC/PC/mouza)
46,Gudiyattam (SC),"Gudiyattam Taluk (Part) Aravatla, Mordana, Rangampettai, Gundalapalli, Bathalapalli, Erukkampattu, Erikuthi, Semballi, Katherikuppam, Moongapattu, Perumbadi, Agraharam, Rangasamudram, Erthangal, Morasapalli, Thottithoraimottur, Pernambut, Kothapalli, Chinnadamal Cheruvu, Masigam, Sarakkal, Kempasamudram, Pallalakuppam, Pugalur, Paravakkal, Pangarishikuppam, Kothamarikuppam, Karkur, Vasanampalli, Paloor, Machampattu, Melkothakuppam, Rajakkal, Reddimankuppam, Chokkarishikuppam, Chendathur, Melmurungai, Alinjikuppam, Melvaithinankuppam, Melpatti, kilpatti, Kulidikai, Chinnathottalam, Valathur, Karuneekasamudram and Ulli villages. Pernampattu (TP), Gudiyatham (M) and Seevur (CT). Vaniyambadi Taluk (Part) Bairapalli, Kailasagiri, Nariambattu, Sathambakkam, Komeswaram Kommeswaram, Somalapuram, Bavaravuthampattadai, Aiyathambattu, Chinnavarikam, Periavarikam, Devalapuram and Labbaimankuppam villages. Thuthipattu (CT).",B_sub_tehsil_units(GP/village/circle/KC/PC/mouza)
47,Vaniyambadi,"Vaniyambadi Taluk (Part) Thumberi, Neknamalai, Alangayam R.F, Nimmiyambattu, Vellakuttai, Kothakottai, Valayambattu, Vaniambadi, Chiknankuppam, Thimmampettai, Pullur, Simugampattu, Alasandapuram, Venkatarajapuram, Narayanapuram, Javadhiramasamudram, Kollapalli, Guruvanikunda, Ramanaickenpettai, Vadakkupattu, Kavukkapattu, Devasthanam, Ambalur, Govindapuram, Amburpettai, Vallipattu, Thekkupattu, Mallankuppam Mallangunta, Reddiyur, Narasingapuram, Marimanikuppam, Nachiarkuppam, Poongulam, Naickanoor, Bheemakulam, Andiyappanur, Irunapattu, Perumapattu and Kurisilapattu villages. Uthayendram (TP), Jaffrabad (CT), Vaniyambadi (M) and Alangayam (TP).",B_sub_tehsil_units(GP/village/circle/KC/PC/mouza)
48,Ambur,"Vellore Taluk (Part) Agraharam, Thollapalli, Guruvarajapalayam, Agaram, Arjathi, Palapadi, Nedumipalayam, Arimalai, Ramanayanikuppam, Kuppambattu, Veppankuppam, Kuppampalayam, Pakkampalayam, Pakkam, Chinnapallukuppam, Melpallipattu, Asanampattu, Thenpudipattu and Kallaparai villages. Vaniyambadi Taluk (Part) Vadapudupattu, Kilmurungai, Vengili, Kulithigi, Thottalam, Madanur, Koothambakkam, Agaramcheri, Gollamangalam, Pallikuppam, Palur, Thirumalaikuppam, Mittalam, Vengatasamudram, Karapattu, Kathavalam, Parasanapalli, Karumbur, Nayakaneri, Periyankuppam, Solur, Kammakrishnapalli, Kumaramangalam, Malayambattu, Thennambattu, Maniyarakuppam, Veerankuppam, Alankuppam, Kannadikuppam, Kammiyambattu, Nacharkuppam, Vinnamangalam, Minnur, Vadakarai, Melsanankuppam, Chinnapallikuppam, Eachampattu, Elayanagaram, Velathigamanibenta, Chinthagambenta, Madanancheri, Gollakuppam, Vadacheri, Bapanapalli, Chengilikuppam, Vellakkal and Girisamudram villages. Ambur (M).",B_sub_tehsil_units(GP/village/circle/KC/PC/mouza)
49,Jolarpet,"Vaniyambadi Taluk (Part) Kalendira, Chinnaveppambattu, Peddakallupalli and Kethandapatty villages. Tiruppattur Taluk (Part) Kothur R.F, Kothur, Soraikayalnatham, Nayanaseruvu, Thoppalagunda, Kathari, Athurkuppam, Kudiyanakuppam, Chinnamottur, Mandalavadi, Jolarpettai R.F., Mangalam R.F., Mangalam Extension, Elagiri Hills, Nagalathu R.F., Nagalathu Extension R.F., Ponneri, Elagiri Village, Katteri, Thiriyalam, Vettapattu, Bandarapalli, Pachoor, Bynapalli, Velakalnatham, Nandibenda R.F., Mandalanayanagunda, Gollankuttai, Paniyandapalli, Mallapalli, Agraharam, Ammanankoil, Mookanur, Achamangalam, Damalerimuthur, Palnankuppam, Pachchal, Kadirimangalam, Periagaram, Puthagaram, Chandrapuram, Virupatchipuram, Thokkiyam, Kandili and Chinnakandili villages. Natrampalli (TP) and Jolarpet (TP).",B_sub_tehsil_units(GP/village/circle/KC/PC/mouza)
50,Tiruppattur,"Tiruppattur Taluk (Part) Thathavalli, Madapalli, Tirupattur, Gummidigampatti, Badanavadi, Nariyaneri, Elakkinayakkanpatti, Kasinaickenpatti, Pallipattu, Adiyur, Rachamangalam, Venkatapuram, Konerikuppam, Kadirampatti, Kudappattu, Pungampattunadu, Inner Javudu R.F, Pudurnadu, Mambakkam R.F, Bommikuppam, Mottur, Matrapalli, Odayamuthur, Koratti, Elavampatti, Molagarampatti, Kunichi, Chinnakannalapatti, Periyakannalapatti, Errampatti, Avalnaickenpatti, Krishnapuram, Sundarampalli, Pudupatti, Natham, Karungalipatti, Naravindampatti, Chokkananpatti, Ganganayakanpatti, Kakangarai, Sevvathur, Chinnarampatti, Perampattu, Vishamangalam, Kurumberi, Simmanapudur, Nellivasalnadu, Govindapuram R.F, Singarapet R.F and Singarapet Extension R.F. villages. Tirupathur (M).",B_sub_tehsil_units(GP/village/circle/KC/PC/mouza)
51,Uthangarai (SC),"Uthangarai Taluk Pochampalli Taluk (Part) Kannandahalli, Bommepalli, Sivampatti, Nagampatti, Pichugoundanhalli, Batrahalli, Sonarahalli, Rengampatti, Kondireddipatti, Gendigampatti, Balethottam, Mookkampatti, Marappanaickanpatti, Parandapalli, Thadampatti and Jinglekadirampatti villages.",B_sub_tehsil_units(GP/village/circle/KC/PC/mouza)
52,Bargur,"Krishnagiri Taluk (Part) Guruvinayanapalli, Oppathavadi, Salinayanapalli, Chinniamttarapalli, Varattanapalli, Chinnathimminayanapalli, Palepalli, Madepalli, Mallapadi, Sigaralapalli, Kondappanayanapalli, Achamangalam, Balinayanapalli, Orappam, Soolamalai, Chendarapalli, Jagadevipalayam, Pasinayanapalli, Battalapalli, Guttur, Puligunta, Ikondamkothapalli, Majeethgollahalli, Modikuppam, Balekuli, Thallihalli, Marichettihalli, Mottur, Pennaswaramadam and Thatrahalli villages. Bargur (TP). Pochampalli Taluk (Part) Mahadevagollahalli, Kadappasandampatti, Kattagaram, Veppalampatti, Peddappanpatti, Alerahalli, Mathinaickenpatti, Vadamalampatti, Thimminaikanpatti, Veeramalai, Maruderi, Kudimenahalli, Vilangamudi, Jambukuttapatti, Keelkuppam, Barur, Chellakuttapatti, Pannandur, Dhamodarahalli, Puliyampatti, Vadamangalam, Bendarahalli and Kottapatti villages. Nagojanahalli (TP).",B_sub_tehsil_units(GP/village/circle/KC/PC/mouza)
53,Krishnagiri,"Krishnagiri Taluk (Part) Polupalli, Kurubarapalli, Ragimaganapalli, Junjupalli, Byanapalli, Kothapetta, Kattinayanapalli, Kammaampalli, Boganapalli, Pethathalapalli, Gangaleri, Kondepalli, Kompalli, Sembadamuthur, Gooliam, Bellampalli, Chikkapoovathi, Thandegoundanahalli, Alapatti, Agaram, Marikkampalli, Bellarampalli, Periyamuthur, Devasamudiram, Agasipalli, Chowttahalli, Sundekuppam, Timmapuram, Katteri, Gundalapatti, Sokkadi, Velakalahalli, Chaparthi, Bannihalli, Mittahalli, Errahalli, Kaveripattinam, Paiyur, Jagadab, Kallukurukki and Karadihalli villages. Krishnagiri (M), Kattiganapalli (CT) and Kaveripattinam (TP).",B_sub_tehsil_units(GP/village/circle/KC/PC/mouza)
54,Veppanahalli,"Hosur Taluk (Part) Gollapalli, Selavandoddi, Sapparappalli, Gedalandhoddi, Chinnarendoddi, Malagalakki, Doddagounipalli, Gudisadanapalli, Koollu, Nerigam, Kariyasandiram, Pannapalli, Meenandoddi, Sokkapuram, Kottasadanapalli, Muthunaickanpodur, Ramandoddi, Kumbalam, Peddasigarlapalli, Amuthokondapalli, Athimugam, Venkatesapuram, Bukkasagaram, Doripalli, Pattakurubarapalli, Kodiga Timmanapalli, Kalingavaram, Chembarasanapalli, Settipalli, Addakurikki, Nallaganakothapalli, Maranapalli, Marudandapalli, Sorakayalapalli, Sagadevapuram, Thoddur, Mattampalli, Pasthalapalli, Bukkanapalli, Mudipinayanapalayam, Beerapalli, Bedapalli, Shoolagiri, Thiyagarsanapalli, Kamandoddi, Subbagiri, Sanamavu, Holekotta, Samanapalli, Enusonai, Chennapalli, Devarkuttapalli, Gudisalapalli, Errandapalli, Malasandiram, Balagondarayanadurgam, Chinnagidibala, Immidinayakkanapalli, Ullatti, Agaram , Agraharam, Thuppuganapalli, Thiyanadurgam, Uddanapalli, Ayaranapalli, Ulagam, Hosahalli, Sekkalaikottai, Melumalai, Bukkanapalli and Medithepalli villages. Denkanikottai Taluk (Part) Nagamangalam, Udedurgam, Thimijepalli, Muthanhalli, T.Gollahalli, Karukkanahalli, Sengodachinnahalli, Soolakunda, Rayakotta, Pillari Agraharam, Nellur, Eachinahalli and Odaiyanahalli villages. Krishnagiri Taluk (Part) Bathimadugu, Idipalli, Oddapalli, Idipalli, Sigaralapalli, Kasiruganapalli, Gollapalli, Singiripalli, Ebbirai, Konganapalli, Sigaramaganapalli, Thottaganama, Gangamadugu, Manavarnapalli, Seeranapalli, Neralagiri, Balanapalli, Krishnanaickanpudur, Helekrishnnapuram, Theertham, Ettipalli, Ettipallitalav, Pannapalli, Boothimutlu, Undiganatham, Ariyanapalli, Nachikuppam, Thankadikuppam, Ragimanapalli, Kariyasaharamthalav, Alekundani, Nallur, Nimmalvadi, Devarkundani, Edayanapalli, Kathiripalli, Kadavarapalli, Veppanapalli, Thallipalli, Dasigowripalli, Naduvanapalli, Puram, Appinaickankottai, Avalnatham, Kondappanayanapalli, Viruppachandran, Dasiripalli, Madepalli, Thattatharai, Bommarasanapalli, Soolaumalai, Pandikurkki, Chinnakothur, Chennasandiram, Kuppachiparai, Beemandapalli, Kundapalli, Lakkabethalapalli, Marachandiram, Ponnagoundapalli, Kodipalli, Naralapalli, Kothigutalapalli, Pethanapalli, Kundarapalli, Billanakuppam, Gollapalli and Puliyancheri villages.",B_sub_tehsil_units(GP/village/circle/KC/PC/mouza)
55,Hosur,"Hosur Taluk (Part) Sevaganapalli, Kagganoor, Sokkarasanapalli, Singasadanapalli, Belathur, Bebebalapuram, Deveerapalli, Baliganapalli, Edipalli, Puram, B.S. Thimmasandiram, Vanamangalam, Kattinaickanduddi, Eluvappalli, Mahadevapuram, Suligunta, Berigai, Amuthugondapalli, Mugalpalli, Vathirapalli, Alur, Oddapalli, Alasapalli, Muthuganapalli, Thinnapalli, Bagalur, Kodiyalam, Kothapalli, Koosthanapalli, Sokkanathapuram, Egchangoor, Moorthyganadinna, Lingapuram, Battavarapalli, Mallasandiram, Thumanapalli, Koladasapuram, Nariganapuram, Seekkalapalli, Kurubarapalli, Advanapalli, Alenatham, Sudugondapalli, Palavanapalli, Nandimangalam, Attur, Badathapalli, Nanjapuram, Kembasandiram, Kanimangalam, Zeemangalam, Nallur, Begepalli, Anumepali, Govinda Agraharam, Zuzuvadi, Santhapuram, Viswanathapuram, Eluvapalli, Marasandiram, Kalasthipuram, Siddanapalli, Thattiganapalli, Karupalli, Peddamuthali, Muthalli, Attur, Dasepalli, Alur, Peddakullu, Chinnakullu, Kelavarapalli, Punugandoddi, Avalapalli, Mookandapalli, Motham Agraharam, Kothagondapalli, Poonapalli, Naligabetta Agraharam, Chennathur, Moranapalli, Gollapalli, Thorapalli Agraharam, Onnalvadi, Achettipalli, Nagondapalli, Muthuganapalli, Gopanapalli, Mugalur and Panchakshipuram villages. Hosur (M) and Mathigiri (TP).",B_sub_tehsil_units(GP/village/circle/KC/PC/mouza)
56,Thalli,"Denkanikottai Taluk (Part) Komaranapalli, Belagundapalli, Kalugondapalli, Madagondapalli, Saragapalli, Kodiyalam, Anniyalam, Maruthanapalli, Kasi Agraharam, Thandarai, Jagirkarupalli, Nagappan Agraharam, Hosappuram, Kundumaranapalli, Bairamangalam, Bodichipalli, Pachappanatti, Jakkeri, Anekollu, Mallasandiram, Thogarai Agraharam, Devaganapalli, Periamadakondapalli, Kempatti, Sathanur, Ulimaranapalli, Gumlapuram, Unisenatham, Binnamangalam, Doddaubbanur, Kuppatti, Kakkadasam, Ulimangalam, Arasakuppam, Bethireddi, Bevanatham, Bettamugulalam, Hanumanthapuram, Rathinagiri, Sandanapalli, Noganoor, Thavarakarai, Gettur, Ballapalli, Sarandapalli, Daravendram, Thallikothanoor, Kottamaduvu, Arupalli, Thalli, Chudasandiram, Achubalu, Chikkaverapalli, Averipally Agraharam, Nallumaru Agraharam, Kunchan Agraharam, Marupalli, Jawalagiri, Agalakotta, Settipalli, Palayamkotta, Karandapalli, Andevanapalli, Irudukotta, Belalam, Kolatti, Salivaram, Malligarjunadurgam, Madakkal, Nandimangalam, Thaggatti, Manchukondapalli, Kottaiyur, Urigam, Anchetty, Doddamanchi and Natrapalayam villages. Kelamangalam (TP) and Denkanikottai (TP).",B_sub_tehsil_units(GP/village/circle/KC/PC/mouza)
57,Palacodu,"Palacodu Taluk (Part) Panjapalli, Periyanur, Namandahalli, Chinnagowndanahalli, Chudanur, Gummanur, Jittandahalli, Mahendramangalam, Maravadi, Themmarayanahalli, Murukkalnatham, Bikkanahalli, Karukkanahalli, Velakalahalli, Jakkasamudram, Giddanahalli, Chikkadornabettam, Samanur, Bodikuttalapally, Athimutlu, Gendanahalli, Marandahalli, Chennamenahalli, Chikkamarandhahalli, Sengabasuvantalar, P.Settighalli, Dandukaranahalli, Annamalaihalli, Hanumanthapuram, Elumichanahalli, Mukkulam, Kumbarahalli, Pachchiganapalli, Kerakodahalli, Karimangalam, Bommahalli, Nariyanahalli, Pulikkal, Kondachamanahalli, Chikkardanahalli, Jertalar, Karagadahalli, Palacode, Bolabhaguthanhalli, Kottumaranahalli, Naganampatty, Periyanahalli, Adilam, Dindal, Thellanahalli, Bandarahalli, Murukkampatti, Indamangalam, Molappanahalli, Poonathanahalli, Chennarayanahalli, Donnenahalli, Baisuhalli, Kanavenahalli, Nallur, Budihalli, Belamaranahalli, Thirumalvadi, Bevuhalli, Sirenahalli, Errakuttahalli, Boppidi, Erudukuttahalli, Erranahalli, Gujjarahalli, Upparahalli, Rengampatti and Sirandapuram villages. Marandahalli (TP), Kariamangalam (TP) and Palacodu (TP).",B_sub_tehsil_units(GP/village/circle/KC/PC/mouza)
58,Pennagaram,"Pennagaram Taluk Palacodu Taluk (Part) Settihalli, Papinayakanahalli, P. Gollahalli, Pulikkarai, Jagirburgur, Selliyampatti, Booganahalli, Sekkodi, Kalappanahalli, Begarahalli, Sitiganahalli, Guthalahalli, Kattanahalli, Karukkamaranhalli, Modugulahalli, Neralamarudahalli, Bathalahalli, Pothalahalli, Pumandahalli, Domalahalli and Mallikuttai villages.",B_sub_tehsil_units(GP/village/circle/KC/PC/mouza)
59,Dharmapuri,"Dharmapuri Taluk (Part) Mookkanahalli, Palavadi, Kadagathur, A.Reddihalli, Pappinaickanahalli, Adagapadi, Dhalavaihalli, Somenahalli, Pangunatham, Konangihalli, Kumbalapadi, Nathathahalli, Thadangam, Virupatchipuram, A.Jettihalli, Adiyamankottai, Balajangamanhalli, Nagarkoodal, Nekkundhi, Errabaiyanahalli, Echanahalli, Elagiri, Pagalahalli, Nallampalli, Laligam, Mademangalam, Dhinnahalli, Mittareddihalli, Budanahalli, Sivadi, Palayam, Dokkubodanahalli, Boalanahalli, Maniathahalli, Kammampatti, Thoppur, T.Kanigarahalli, K. Thoppur (R.F.), Annasagaram and Vellegoundan Palayam villages. Dharmapuri (M).",B_sub_tehsil_units(GP/village/circle/KC/PC/mouza)
60,Pappireddippatti,"Dharmapuri Taluk (Part) K.Naduhalli, Nallanahalli, Konanginaickanahalli, Vellalapatti, Andihalli, Krishnapuram, Pulidikarai, Kondampatti, Kuppur, Haledharmapuri, Settikarai, Naickanahalli, Akkamanahalli, Mookanur, Vellolai, Ungaranhalli, Noolahalli, Mukkalnaickanahalli, Vathalamalai, Thippireddihalli, Veppilaimuthempatti, Kondagarahalli and Kukkalmalai villages. Pappireddippatti Taluk (Part) Maniyabadi, Singirihalli, Kerekodahalli, Chintalpadi, Linginaickenhalli, Bosinaickenhalli, Nallagudlahalli, Gedakarahally, Kadathur, Madathahally, Buddireddipatti, Basuvapuram, Gurubarahalli, Thinnahalli, Balasamudram, Peddur, Sikkampatti, Gopichettipalayam, Papichettipatti, Annamalaipatty, Allalapatty, Tenkaraikottai, Thurinjihalli, Rameyanahalli, Pethasamudram, Thadhanur, Obilinayakkanahalli, Thalanatham, Kettureddipatty, Mottankurichi, Sunkarahalli, Unisenahalli, Battalamalai, Regadahalli, Mekalanayakanahalli, Pappambadi, Pudupatti, Alapuram, Menasi, Pudinattam, Gundalamaduvu, Kadiripuram, Kumbarahalli, Bommidi, Vellalapatti, B.Pallipatti, Jangalahalli, Bairanatham, Devarajapalayam, Molayanur, Venkatesamudram, Kolimekkenur, Adigarapatty, Thadampatti, Kavandampatty, Mookkareddipatti, Irulapatty, A. Pallipatti, Naranapuram, Gopalapuram, Bothakkadu, Sembiyanur, Ajjampatty and Kadaranampatty villages. Kadathur (TP), B.Mallapuram (TP) and Pappireddipatti (TP).",B_sub_tehsil_units(GP/village/circle/KC/PC/mouza)
61,Harur (SC),"Harur Taluk Pappireddippatti Taluk (Part) Andipatty, Mangade, Kolagampatty, Nambippatti, Pethathampatti, Chinnankuppam, Annamalaihalli, Jammanahalli, Parayapatti, Devarajapalayam, Puludiyur, Kokkarapatty, Malagapadi, Sitteri, Vachathi, Erumiyampatty, Kombur, Chinnamanjavadi, Manjavadi, Kallattupatti, Nadupatti, Nonanganur, Elandaikuttapatty, Pattukonampatty, Nachikutti R.F., Ammapalayam and Kullampatty villages.",B_sub_tehsil_units(GP/village/circle/KC/PC/mouza)
62,Chengam (SC),"Chengam Taluk (Part) Kuppanatham, Paramanandal, Theethandapattu, Valayempattu, Pudupattu, Alaputhur, Quilam, Anvarabath, Se.Nachipattu, Kayampattu, Chennasamudram, Pakkiripalayam, Arasankanni, Melchengam, Melchengam RF, Andanur, Melpulidiyur, Perumpattam, Manmalai, Kariyamangalam, Pinjur, Vedankuppam, Melpallipattu, Melvanakkambadi, Anandavadi RF, Anandavadi, Kattamaduvu, Naradapattu, Melravandavadi, Karimalaipadi, Andipatti, Thambunaickenpatti, Manandipatti, Porasapattu, Thalayuthu, Arattavadi, Ariyakunju, Sorppanandal, Melpennathur, Uchimalaikuppam, Vinnavanur, Pachal, Nallur, Kannakurukkai, Chinnakolapadi, Paliyapattu, Aswanagasurunai, Periakolapadi, Beemanandal, Melkaripur, Kolundampattu, Sathanur, Sathanur Dam, Neepathurai, Vellalampatti, Elangunni, Kurumapatti, Kalladavi, Manikkal, Puliyampatti, Karungalipadipatti, Veppurchekkadi, Veeranam, Tharadapattu, Kanakkandal, Nedungavadi, Agaram (se), Perumbakkam, Seranthangal, Kilvanakkambadi, Thandarampattu, Keelravandavandi, Olagalapadi, Keelamanjanoor, Melamanjanoor, T. Velur, Se.Andapattu, Thanipadi, Chinniyampettai, Reddiapalayam, Malaiyanurchekkadi, Kilpachar, Melpachar, Mothakkal, Melmuthanur, Athipadi, Pudurchekkadi, Jambodai, Bondai, Narayanakuppam, Appunaickanpalayam, Thiruvidathanur, Edathanur, Thenmudiyanur, Agarampallipattu, Allappanur, Royandapuram, Puthurchekkadi, Beemarapatti, Melmalachi, Akkarapatti, Semmampatti, Perunkolathur, Thondamanur, Sadakuppam, Unnamalaipalayam, Valavachanur, Kottaiyur, Palamarathur, Vannankuttai, Bandirev, Padapanjamarathur, Melsilambadi, Kilthatiyapattu, Melthathiyapattu, Puliyur, Urgoundanur, Kilaiyur, Erukampattu, Nellivoy, Athipattu, Perumuttam, Kallathur, Melpattu, Chinnakilpattu and Kilpattu villages. Chengam (TP).",B_sub_tehsil_units(GP/village/circle/KC/PC/mouza)
63,Tiruvannamalai,"Chengam Taluk (Part) Melsirupakkam, Kilsirupakkam, Radhapuram, Vakkilapattu, Serpapattu, Se.Gudalur, Varagur, Kambattu, Vanapuram, Mazhuvampattu, Thenkarimbalur, Perunduraipattu, Kungilinatham, Perayampattu and Edakkal villages. Tiruvannamalai Taluk (Part) Su.Palliampattu, Malappambadi, Drugainammiyandal, Vengikkal, Adaiyur, Devanandal, Ayyam Palayam, Adiannamalai, Kosalai, Nochimalai, Vaniyanthangal, S.O.Kilnachipattu, Chinnakangeyanur, Sammandanur, Nallanpillaipettral, Pallikondapattu, Kilnathur, Melathikan, Kilanakkarai, Samuthiram, Anaipirandan, Athiyandel, Kaveriyampoondi, Pandithapattu, Kananthampoondi, Melchettipattu, Kilchettipattu, Nallavanpalayam, Sevalpundi, Melputtiyandal, Su.Kilnachipattu, Nedupattu, Kannapandal, Alaganandal, Udaiyanandal, Thenmathur, Kilkachirapattu, Melkachirapattu, Arasudaiyampattu, Manjampundi, Viswanthangal, Meyyur, Nachanadal, Kolakkudi, Su.Andapttu, Aradapattu, Kattampundi, Pavupattu, Paraiyampattu, Nariyapattu, Sakkaratamadai, Talayampallam, Su. Pappambadi, Thatchampattu, Allikondapattu, Athipadi, Palaiyanur, Kandiyankuppam, Valaiyampakkam, Kallottu, Navambattu, Appupattu, Pavithiram, Periyakallapadi and Chinnakallapadi villages. Tiruvannamalai (M).",B_sub_tehsil_units(GP/village/circle/KC/PC/mouza)
64,Kilpennathur,"Tiruvannamalai Taluk (Part) Kilathur, Meppaturai, Sirukilambadi, Mutharasampundi, Narthampoondi, Nellimedu, VadaPulithiyur, Agaramsippandhi, Nayadumangalam, Porkunam, Salaiyanur, Mallappanaicken palayam, Karkonam, Kovur, Kamalaputhur, Arpakkam, Budhamangalam, Vairaperiyankuppam, Vedandavadi, Mangalam, Palanandal, Velunganandal, Sorakolathur, Vada Karungalippadi, Maruthuvambadi, C. Andapattu, Devanampattu, Periyakilambadi, Udirampundi, Kattuputhur, Kolakkaravadi, Karunthuvambadi, Mallavadi, Sorandai, Koothala Vadi, Vadakarimbalore, Medalampadi, Nookampadi, Randam, Ganalapadi, Kothantavadi, Erumpundi, Sevarapundi, Keekklur, Kathalampattu, Mekkalur, Valudalangunam, Kanapapuram, Kazhikulam, Oothampoondi, Namiyandal, Kalasthambadi, Thurinjapuram, Usambadi, Silappandal, Pichanandal, EnamKariyandal, Muniyandal, Velukanandal, Sadaianoodai, Sananandal, Thellanandal, Vallivagai, Vatraputhur, Iyngunam, Karnampoondi, Nariyamangalam, Kalpundi, Sirunathur, Somasipadi, So.Namiyandal, Kunniyandal, Kumarakudi, Aranji, Kalitheri, Sirukothan, Kadambai, Kunnankuppam, Rayampettai, Andalur, Manavaram, Karikilambadi, Kaniyampundi, Vedanatham, Kolathur, Kattumalaiyanur, Kattuvelanandal, Su.Polakonam, Kalingaleri, Sorpanandal, Kiranur, Arumbakkam, Velanandal, Neikuppam, Konalur, Nadazhakanandal, Sanipundi, Erpakkam, Z.Gudalur, Neivanatham, Avur, Vayalur, Rajanthangal, Iluppanthangal, NA.Gangupattu, Cheyyaleri, Sellamkuppam, Thandarai, Isukalikatteri, Kilkaripoor, Kallanai, Venniyandal, Olaipadi, Anukkumalai, Ponnamedu, Kallayee, Sorathur, Vaippur, Agaram, Panniyur, Andampallam, Su.Nallur, Thiruvarangam Valavetti, Tirukalur Valavetti, Veraiyur, Nayarpattu, Thiruvanaimugam, Angunam, Ananandal, Su.Valavetti, Kalleri, Aruthirapattu, Perumanam, Devanur, Panaiyur, Porikkal, Kadagaman, Madurampattu, Virudhuvilanginan, Kiliapattu, Kunnumuringi, V.Andapattu, Vengayavellore and Naraiyur villages. Kilpennathur (TP) and Vettavalam (TP).",B_sub_tehsil_units(GP/village/circle/KC/PC/mouza)
65,Kalasapakkam,"Polur Taluk (Part) Amirthi, Neepalampattu, Kalpattu, Irumbili, Kuppam, Kalkuppam, Vazhiyur, Kalasamudram, Ananthapuram, Kanamalai, Nammiyampattu, Mandaparai, Veerappanur, Pudupattu, Eriyur, Kilkanavayur, Puliyankuppam, Padavedu, Senbagathoppu, Seengadu, Kuttakarai, Odamangalam, Kovilur, Pattarvaikadu, Thumbakkadu, Kidampalayam, Gengavaram, Melchippili, Erumaiyanur, Kilthatiyapattu, MelCholankuppam, Vadakarainammiyandal, Seenandal, Deverayanpalayam, Kandapalayam, Adamangalam, Kettavarampalayam, Sengaputheri, Mel Arani, Anaivady, Kappalur, Vanniyanur, Kachirimangalam, Mel Vilvarayanallur, Ernamangalam, Siruvallur, Arunagirimangalam, Gangalamahadevi, Nallanpillaipetral, Veeralur, Mattavettu, Mel palur, Kil palur, Kadalady, ThenMathimangalam, Banampattu, Sholavaram, Kilpotharai, Thenagaram, Pazhan koil, Elathur, Priyampattu, Poondi, Pillur, Kalasapakkam, Then Pallipattu, Vinnuvampattu, Kalur, Pathiyavady, Kampattu, Aniyalai, Ladavaram, Genganallur, Alangaramangalam, Padagam, Seetampattu and Padiyamputtu villages. Chengam Taluk (Part) Veeranandal, Munnuramangalam, Pudurchengam, Unnamalaipalayam, Karapattu, Pudupattu, Korattambattu, Kanji, Aridharimangalam, Thamaraipakkam, Nayampadi, Mashar, Kallarapadi, Endal, Nammiyandal, Alathur, Oravandavadi, Nandimangalam, Panaiolaipadi, Periyeri, Kottakulam, Muthanur, Thorapadi, Narasinganallur, Padiagraharam, Alliyandal, Japthikariyandal, Gengampattu, Kilpadur, Voividanthangal, Melpadur, Kulalpadi, Nathavadi, Vadamathur, Melnachipattu, Senthamangalam, Annandal, Melapunjai, Vasudevampattu, Eraiyur and Melmudiyanur villages. Pudupalayam (TP).",B_sub_tehsil_units(GP/village/circle/KC/PC/mouza)
66,Polur,"Vandavasi Taluk (Part) Melanur, Soodrakatteri, Anmarudai, Avaniyapuram, Mel Sathamangalam, Nariyambadi, Vinayagapuram, Konaiyur, Gengapuram, Kozhappalur, Imapuram, Narayanamangalam, Marakkunam, Alliyandal, Mahadevimangalam, Melpalayam, Thavani, Thellarampattu, Namathodu, Semmambadi, Anadimangalam, Konamangalam, Mela Poondi, Visamangalam, Melathangal, Jagannathapuram, Arasampattu, Nedungunam, Then Kadapanthangal, Peranambakkam, Morakkaniyanur, MelVillivalam, Veppambattu and MelNandiyambadi villages. Polur Taluk (Part) Thulavapushpagiri, Vellore, Sedarampattu, Parvathiagaram, Alliyabath, Eluppagunam, Narayanamangalam, Kangiranandal, Pushpagiri, Thurunchikuppam, Vilankuppam, Kalvasal, Muniyanthangal, Sandavasal, Kasthambady, Enthuvambadi, Mukkurambai, Kilpattu, Vadamathimangalam, Theppanandal, Chitteri, Kelur, Athuvambadi, Kattipoondy, Palvarthuvendran, Ettivady, Alampoondy, Othiyanthangal, Rayankuppam, Gudalur, Saduperipalayam, Saduperi, Madavilagam, Jambukonampattu, Ariyathur, Thirumalai, Sengunam, Potharai, Periyagaram, Athimoor, Kaliyam, Tindivanam, Renderipattu, Kunnathur, Murugapady, Ogur, Karikathur, Kilkarikathur, Vambalore, Oothur, Othalavady, Veerasambanur, Modanapalayam, Thumbur, Indravanam, Appedu, Ulagampattu, Kothandavady, Kolakkaravady, Narasingapuram, Modaiyur, Odanagaram, Arumbalore, Manickavalli, Mandakolathur, Eyakolathur, Venmani, Pappampady, Mampattu, Ezhuvambadi, Jadatharikuppam, Somanthaputhur, Edapirai, Thiruchur, Padiyampattu, Su.Nammiyanthal , Kangayanoor, Pudupalayam, Vasur, Sanikkavady, Karapoondy, Pulivanandal, Otteri, Mattapirayur, Kozhavur, Koralpakkam, Chothukkani, Semmiyamangalam, Alliyalmangalam, Athurai, Thatchampadi, Nambedu, Devimangalam, Cheyyanandal, Chithathurai, Peranambakkam, Randam, Vilapakkam, Pelasur, Kuruvimalai, Mansurabad, Severapoondi, Edayankulathur, Maruthuvambady and Gangasoodamani villages. Kalambur (TP), Polur (TP) and Chetpet (TP).",B_sub_tehsil_units(GP/village/circle/KC/PC/mouza)
67,Arani,"Arani Taluk Cheyyar Taluk (Part) Kaduganur, Melnagarambedu, Melmattai, Vinnamangalam, Agatheripattu, Maligaipattu, Melkovalaivedu, Valleripattu, Pudukottai, Navalpakkam, Korukkathur, Munugapattu, Mel Seeshamangalam, Thirumani, Melputhur, Devanathur and Pillanthi villages.",B_sub_tehsil_units(GP/village/circle/KC/PC/mouza)
68,Cheyyar,"Cheyyar Taluk (Part) Ariyur, Panamugai, Brahmadesam, Seevaram, Sirunavalpattu, Vadailuppai, Cheyyanur, Vengalathur, Umaiyalpuram, Arasankuppam, Chettithangal, Ozhukkavakkam, Thalikkal, Vellakulam, Thirupanangadu, Vembakkam, Kuthanur, Natteri, Sunaipattu, Pulivalam, Poonthandalam, Sattuvanthangal, Munjurpattu, Siruvanjipattu, Irumaram, Randam, Nayanthangal, Thennampattu, Thandappanthangal R.F., Azhividaithangi, Seleri, Thiruppanamur, Pillanthangal, Namandi, VadaMavanthal, Abdullapuram, Kuranganilmuttam, Pallavaram, Kanikiluppai, Seniyanallur, Kundiyanthandalam, Suruttal, Poonaithangal, Menallur, Girijapuram, Kizhnaickenpalayam, Vadakalpakkam, Vazhavandal, Mamandur, Hariharapakkam, Thiruvadirayapuram, Kilnelli, Karandai, Sumangali, Alanthangal, Kodayambakkam, Perungattur, Perumanthangal, Thandappanthangal, Vedamanapakkam, Melbooderi, Moranam, Talarapadi, Pulinthai, Pullavakkam, Kammanthangal, Pootheri, Arathirivellur, Hasanampettai, Thenkalani, Kunnathur, Kaganam, Chithathur, Kanagambakkam, Perumpulimedu, Chellaperumpulimedu, Alinjalpattu, Narasamangalam, Mathur, Sodiyambakkam, Bagavandapuram, Elacheri, Sithalapakkam, Vayalathur, Arasanipalai, Punnai, Dharmacheri, Pavoor, Ukkamperumbakkam, Mangal, Mahajanambakkam, Kunnavakkam, Cholavaram, Karanai, Pandiyambakkam, Palli, Mangalam, Vadapoondipattu, Mariyanallur, Perumpoondi, Nedumparai, Jaderi, Thenpoondipattu, Barathanthangal, Ramakrishnapuram, Sirungattur, Arumparuthi, Endavadi, Sengattankundil, Pappanthangal, Duli, Periakoil, Vinnavadi, Perungalathur, Thumbai, Vadaelapakkam, Vadagampattu, Madipakkam, Edaval, Akkur, Koolamandal, Ukkal, Nemili, Sirunallur, Pudupalayam, Kil Nethapakkam, Siruvelianalloore, Velianallore, Kaliyur, Puliyarambakkam, Kilpudupakkam, Painkinar, Vadathandalam, Arugavoor, Perumpallam, Sundivakkam, Thandarai, Murukkathampoondi, Vadugapattu, Serampattu, Thozhupedu, Eraiyur, Kilathur, Cheyyatraivendran, Vellai, Kilmattai, Anakkavoor, Anapathur, Vada Alapirandan, Athi, Elaneerkundram, Kilneerkundram, Nedungal, Thethurai, Kurumbur, Narmapallam, Kilkolathur, Erumaivetti, Thenthandalam, Perumpalai, Vilaripattu, Thavasi, Nelvoy, Parasur, Madurai, Mukkur, Korukkai, Kizhapalanthai, Vakkadai, Kazhanipakkam, Naval, Irungal, Mulagiripattu, Then Mavandal, Chithamur, Arasur, Purisai, Thenilluppai, Veerambakkam, Melma, Ayyavadi, Vachanur, Melnarma, Soundariyapuram, Vadanangur, Thirumpoondi, Nallalam, Kovilur, Sengadu, Mel Kolathur, Vada Thinallur, Mel Nemili, Kottagaram, Pazhanjur, Echur, Thenelapakkam, Thenkalpakkam, Paiyur, Alathurai, Alathur and Venkodu villages. Dusi (CT) and Tiruvethipuram (M).",B_sub_tehsil_units(GP/village/circle/KC/PC/mouza)
69,Vandavasi (SC),"Vandavasi Taluk (Part) Cholavaram, Nambedu, Anaibogi, Vilanallur, Ayalavadi, Kilkovalaivedu, Sethupattu, Thellur, Pulivai, Thennangur, Karam, Kosapattu, Ozhapakkam, Ariyathur, Vilangadu, Irumbedu, Kovalai, Kilnarma, Kilpakkam, Sathanoor, Koilkuppam, Vazhur, Vizhuthupattu, Thazhuthazhy, Salukkai, Thazhampallam, Vengunam, Mummuni, Karanai, Thensenthamangalam, Erumbur, Thenalapiranthan, MelSembedu, Urgudi, Vallam, Vadugamangalam, Septankulam, Ariyapadi, Injimedu, Chandirambadi, Kattamangalam, Mosavadi, Thadinolambai, Kothandapuram, Thenkkarai, Vada Vanakkambadi, Melpathi, Thakkandarayapuram, Arasur, Mampattu, Kilsathamangalam, Pathiri, Sennavaram, Birudur, Manganallur, Agaram, MelKodungalur, KilKodungalur, Kavedu, Ulundai, Salavedu, Mangalam, Mamandur, Marudhadu, Kodanallur, Sedarakuppam, Sembur, llangadu, Avanavadi, Vengaram, KilVelliyur, Kadambai, Mazhiyur, Endal, Manickkamangalam, Reddikuppam, Ragunathasamudram, Kozhipuliyur, Kalyanapuram, Aliyur, Solaiarugavur, Singampoondi, Kandavaratti, Koothampattu, Ponnur, Nalleri, Jammampattu, Nadukuppam, Eripattu, Athipakkam, Navalpakkam, KilVillivalam, Mazhuvankaranai, Punnai, Kottai, Veliampakkam, KilSeeshamangalam , Garudapuram, Seeyalam, Ammanampakkam, Badur, Adiyanoor, Adiyankuppam, Osur, Nelliankulam, Sri Rangarajapuram, Kandiyanallur, Ramasamudram, Sogathur, Embalam, ThenVanakkambadi, Japthikaranai, Soraputhur, KilPuthur, Tirakoil, Sathapoondi, Perunkadaputhur, Ariyampoondi, Madam, Isakolathur, Kottupakkam, Melacheri, Nalladisenai, Thennathur, Seeyamangalam, Thenthinnalur, Sivanam, Pappanallur, Thellar, Meesanallur, Nallur, Eramalur, Mudur, Kavaniyathur, Kalpattu Nainankuppam, Eyppakkam, Venmandai, KilSembedu, Amudur, Padur, Theyyar, Kodiyalam, Gudalur, Koothavedu, Agarakorakottai, Goonambadi, Pancharai, Achamangalam, Chitharugavoor, Kizhangunam, Gengampoondi, Arunthodu, Vayaloor, Poongunam, Vadakkupattu, Mahamayi Thirumani, Vedal, Kunnagampundi, Nerkunam, Kilnamandi, Korakkottai, Senal, Pennattagaram, Irumbili, Pazhaveri, Su.Katteri, Arungunam, Mavalavadi and Sathiyavadi villages. Peranamallur (TP), Vandavasi (M) and Desur (TP).",B_sub_tehsil_units(GP/village/circle/KC/PC/mouza)
70,Gingee,"Gingee Taluk (Part) Edapattu, Vailamur (Mel), Teppirampattu, Nandipuram, Paruttipuram, Periyanolambai, Pinnanur, Kammantangal, Devandavadi, Kaividantangal, Modipattu, Peruvalur, Marakonam, MelNemili, Chinnanolambai, Eyyal, Mel Sevalambadi, Unnamanandal, Naranamangalam, Talankunram, Paraiyanpattu, Kappalambadi, Kottaipoondi, Sangilikkuppam, Paraiyantangal, Palampoondi, Sindagampoondi, Kilavampoondi, Kuduvampoondi, Pappantangal, Chokkapalam, Sevalambadi (Kil), Mel Karanai, Vadavetti, Arukkampoondi, Sathambadi, Sirudalaipoondi, Kodukankuppam, Sindipattu, Nochaloor, Kundalampattu, Kodambadi, Vaduganpoondi, Kadapanandal, Avalurpet, Kovilporaiyur, Tayanur, Mel Malaiyanur, Valathi, Devanur, Gangapuram, Chitteri, Samathankuppam, Annamangalam, Sathanandal, Kannalam, Sattaputhur, Melmambattu, Torappadi, Siyappundi, Manandal, Puduppattu (Mel.), Vadapalai, Eyyakunnam, Embalam, Turinjippundi, Mannur (Mel.), Porkunam, Kadali, Mavanandal, Vanakkambadi, Melacheri, Sevalapurai, Siruvadi R.F., Alampundi, Tenpalai, Chokkanandal, Kalathambattu, Melarangunam, Melathipattu, Kuzhapalur, Pappambadi (Mel), Semmedu, Viramanallur, Satyamangalam, Nayampadi, Bharatantangal, Pasumalaitangal, Perungappur, Muttakadu R.F., Singavaram, Uranitangal, Anjancheri, Idayalam (Mel), Ponpatti, Jayankondan, Narasingarayanpettai, Konai, Sennalur, Odiyathur, Chinnaponnampundi, Manalapadi, Periyamur, Devadanampettai, Sorattupperiyankuppam, Pullipattu, Pudupalayam, Pakkam, Pettai (Gingee), Puttagaram, Kamagaram, Tadanguppam, Kattuchittamur, Madappundi, Kanjur, Nagalampattu, Nallampillaipetral, Uliyampattu, Settavarai, Tadagam, Pothuvoy,Palavalam, Malarasankuppam, Malavantangal, Gangavaram, Kanakkankuppam, Tandavasamudram, Padippallam, Tachchampattu, Attiyur, Sittampundi, Sirunampundi, Appampattu, Kavarai, Kadagampundi, Minamur, Jambodi, Kommedu, Tenpuduppattu, Mavattambadi, Palappattu, Karai R.F., Karai, Varikkal, Melarungunam, Mullur, Tandavasamudram R.F., Tuttipattu, Ponnankuppam, Konalur, Anaiyeri, Pulivandi, MatturTirukkai, Oddambattu, Thiruvadikunnam and Mattaparai villages. Gingee (TP) and Ananthapuram (TP).",B_sub_tehsil_units(GP/village/circle/KC/PC/mouza)
71,Mailam,"Gingee Taluk (Part) Udaiyantangal, Kallapuliyur, Irumbuli, Kandamanallur, Cholangunam, Perumpundi, Damanur, Buderi, Tondur, Chinnagaram, Pennagar, Sandisakshi, Mahadevimangalam, Illodu, Karunguli, Eachur, Mukkunam, Melolakkur, Viranamur, Neerperuthagaram, Ethanemili, Melathipakkam, Edaimalai, Bondai, Agalur, Neganur, Kariyamangalam, Chellapiratti, Kalavay (Mel), Perumpugai, Anathur, Virpattu, Seturayanallur, Puttur (Vada), Anangur, Aviyur, Nangiyanandal, Arugavur, Pallikulam, Kuttapakkam (Mel), Indirasankuppam, Chittamur (Mel), Melathur, Panappakkam, Nattarmangalam, Koravanandal, Kalaiyur, Kadambur, Servilagam, Vadavanur, Nangilikondan, Rajampuliyur, Kurinjipai, Tuduppakkam, Modaiyur, Vallam, Maruderi, Kongarappattu, Sevur (Mel), Kilaiyur, Maniyampattu ,Kammandur, Taiyur, Sorattur, Pappambadi (Kil), Vadataram, Kilmambattu, Thiruvambattu, Kappai, Kallalipattu, Dalavanur, Vilvamadevi, Errambattu, Anilady, Vowalkunram, Koodaloor (Mel), Kizh Vailamur, Kalladikuppam, Marur, Nagandur, Dalavalappattu, TenPuthur , Perampattu and Amur villages. Tindivanam Taluk (Part) Mambakkam, Sembakkam, Konalur, Siviri (Mel), Attipakkam, Neduntondi, Vellimedupettai, Puttanandal, Dadapuram, Singanikuppam, Kilmalayanur, Meladhanur, Ammanambakkam, Vairapuram, Tengapakkam, Purangarai, Kilkaranai, Evalur, Sattanur, Sitteripattu, Melpakkam, Neykuppi, Pulaiyur, Kodiam, Kilmavilangai, Mel Mavilangai, Nagavaram, Siruvalur North, Taniyal, Puliyanur, Kalpakkam, Kirandipuram, Vadampundi, Perapari, Karuvapakkam, Ural, Pattanam, T. Panchalam, Mel Palakuppam, Venmaniyathur, Kattusiviri, Pampundi, Naduvanandal, Mannampoondi, Ilamangalam, Vilukkam, Deevanur, Agoor, Mel Peradikuppam, Salai, Kollar, Vempundi, Nettiyur, Peramandur, Asur, Vengandur, Rettanai, Avayakuppam, Muppuli, Kodima, Padamangalam, T. Kenipattu, Nallamur, Kolliyankunam, Chinnanerkunam, Kutteripattu, Chinnavalavanur, Soliasokkulam, Alagrammam, Nedumozhianur, Senjikothamangalam, V. Nallalam, V. Panchalam, Sendiyampakkam, Chendur, Velangampadi, Mailam, Thenkulapakkam, Taludali, Kanniyam, Tennalapakkam, Kuralur, Padirapuliyur, Palapattu, Perani, Periathatchur, Chittani, Ezhaoi, Athikuppam, Anganikuppam, Vidur, Konamangalam, Ganapathipattu and Kadur (S) villages.",B_sub_tehsil_units(GP/village/circle/KC/PC/mouza)
72,Tindivanam (SC),"Tindivanam Taluk (Part) Koochikolathur, Padiri, Kambur, Karikambattu, Ongur, Annambakkam, Kattupunjai, Vada Kalavoi, Kadavambakkam, Avanipur, Panaiyur, Pangalathur, Nangunam, Nallathur, Saram, Salavadi, Melpettai, Vittalapuram, Kilgudalur, Ichcheri, Nolambur, Mangalam, Kiladanur, Pallipakkam, Eppakkam, Andapattu, Kilpasar, Atchipakkam, Naramagani, Sendamangalam, Nallur, Pantodu, Nagalpakkam, Rayanallur, Nagar, Asappur, Kuramparam R.F., Kandadu, Vada Agaram, Pudupakkam, Kurumparam, Alathur, Vada Kodipakkam, Siruvadi, Vaidapakkam, Vada Nerkunam, Kilnemili, Vandarampundi, Keezh mannur, Karuppur, Kilsevur, Kilsevur R.F., Kattalai, Endiyur, Attur, Vada kulapakkam, Manur, Molasur, Guruvammapettai, Janakipettai, Perumukkal, Kilarungunam, Kulapakkam (Vada), Senalur, Keel Buderi, Kunnappakkam, Tennampundi, Mandaperumpakkam, Madavantangal, Endur, Kurur, Vepperi, Murukeri, Kulathur, Nadukuppam, Kesavanayakkampalayam, Tirukanur, Urani, Alapakkam, Atchikadu, Panichamedu, Kilpettai, Anumandai, Omipper, Adasal, Adavallikuttam, Sattamangalam, Singanandai, Alanguppam, Manoor, Vanniper, Bramaddesam, Ariyantangal, Chokkantangal, Nalmukkal, Alagaipakkam, T. Nellalam, Kilsiviri, Palamukkal, Elavalapakkam, Then Nerkunam, Kovadi, Ommandur, Annamputhur, Varagapattu, Iraiyanur, Karanavur, Jaggampettai, Singanur, Then Pasiyar, Avanampattu, Then Kalavay, Vengai, Kilsithamur, Sorapattu, Seyyankuppam, Chettikuppam, Koonimedu, Ariyankuppam, Veliyanur, Kallakolathur, KilPeradikuppam, Kiledayalam, Kilpudupattu, Olakkur Kilpadi and Olakkur Melpadi villages. Tindivanam (M) and Marakkanam (TP).",B_sub_tehsil_units(GP/village/circle/KC/PC/mouza)
73,Vanur (SC),"Vanur Taluk Viluppuram Taluk (Part) Kodukkur, Chittalambattu, Tirumangalam, Muttarampattu, Kaliingamalai, Valudavur, Pakkiripalayam, Nerkunam, Kurampalaiyam, Vadanur, Mathur, Seshanganur, Kalittirambattu, Ammanankuppam, Periyababusamudram, Chinnababusamudram, Pallittennal, Navamalkapper, Kandamangalam, Aazhiyur, Pallineliyanur, Kotthampakkam, Pallicherry, Pallippuduppattu, Mitta Mandagappattu, Navamal Marudur, Kondur, Chokkambattu, Mettupalaiyam, Kongambattu, Sorappur, Viranam, Pakkam, Krishnapuram, Rampakkam, Sornavur (Kilpadi), Sornavur (Melpadi), Kalanjukuppam and Perichchambakkam villages.",B_sub_tehsil_units(GP/village/circle/KC/PC/mouza)
74,Viluppuram,"Viluppuram Taluk (Part) Ayyankovilpattu, Kakuppam, Poyyapakkam, Madirimangalam, Sengadu, Vaduganathankuppam, Melpadi, Maharajapuram, Erumanthangal, Salaiagaram, Koliyanur, Kallappattu, Peddureddikuppam, Illangadu, V.Pudur, Mudaliyarkuppam, Kumulam, Manakkuppam, Malarajamkuppam, Kudumiyankuppam, Naraiyur, Pananguppam, Todandanur, Panampattu, V. Marudur, Puntottam, Nannadu, Vedambattu, Perumbakkam, Konur, Teli, Venmaniyathur, Kottammangalam, Venkatesapuram, Sattipattu, Orukodi, Tokavadi, Kondangi, Valudureddi, Salamedu, Anangur, Nannattampalaiyam, Malavarayanur, Salayampalayam (East), Gangarampalaiyam, Arpisampalaiyam, Vengatadriagaram, Pillur, Kavanippakkam, Kulathur, Kandamanadi, Kandambakkam, Kappur, Maragathapuram, Kandiyamadai, Pedagam, Ariyalur (Villupuram), Chittatur (Tirukkai), Athiyur (Tiruvadi), Veliyambakkam, Kongarakondan, Dalavanur (Tiruvadi), Tiruppachchanur, Serndanur, Panchamadevi, Siruvandadu, Mokshakulam, Parasureddipalaiyam, Puvarasamkuppam, Arasamangalam, Then Kuchipalaiyam, Kallippattu and Vadavambalam villages. Viluppuram (M) and Valavanur (TP).",B_sub_tehsil_units(GP/village/circle/KC/PC/mouza)
75,Vikravandi,"Viluppuram Taluk (Part) Nallapalayam, Kadayam, Karuvakshi, Chennappanayakkanpalayam, Panamalai, Sangitamanagalam, Nangathur, Nagar, Senjipudur, Senji kunnathur, Thirunandipuram, Pidaripattu, Ennayiram, Brahmadesam, S. Kolapakkam, Muttatur, Salavanur, Vellayaimbattu, Kulirsunai, Udaiyanatham, Vengamur, Hanumanthapuram, Thirukkunam, Anniyur, Perunkalapundi, Kannandal, Kaliyanampundi, Arasalapuram, Mandagapattu, Echchanguppam, Esalam, Tenpair, Nandivadi, Nemur, Melkaranai, Porur, Attiyur Thirukkai, Velleripattu, Sitheri, Elusembon, Koralur, Vengayakuppam, Narasinganur, Chinnatachachur, Konkarambundi, Salai (Vikravandi), Kuttampundi, Melkondai, Asur, Vembi, Kanjanur, Veliyandal, Pundi, Olagalampundi, Pungunam, Kundalappuliyur, Kunnathur Thangal (I), Siruvalai, Semmedu, Kakkanur, Ariyalur Thirukkai , Viramur, Arumbuli, Adanur, Kasbakaranai, Thumbur, Kottiyampundi, Sattanur, Avadaiyarpattu, Reddikuppam, Pillaiyarkuppam, Kayattur, Vettukkadu, Toravi, Panappakkam, Pappanapattu, Orathur, Surappattu, Valappattu, Kedar, Palliyandur, Kolippattu, Malligappattu, Kangiyanur, Agaram Chittamur, Vengandur, Asarakuppam, Cholaganur, Tennamadevi, Ayyur Agaram, Mundiyambakkam, Panaiyapuram, Radhapuram, Maduraipakkam, Seyyaduvinnan, Siruvallikuppam, Kappiyampuliyur, Vada Kuchchippalaiyam, Thiruvamattur, Cholampundi, Ariyur, Kuppam, Mambalapattu, Kalpattu, Siruvakkur, Karingalippattu, Kanai, Vailamur, Idappalaiyam, Alathur, Virattikuppam, Villupuram, Vakkur, Pagandai, Tennavarayanbattu and Mungilpattu villages. Vikravandi (TP).",B_sub_tehsil_units(GP/village/circle/KC/PC/mouza)
76,Tirukkoyilur,"Tirukkoyilur Taluk (Part) T. Athipakkam, Kodukkapattu, Velakulam, Vasanthkrishnapuram, Adhichanur, Veerapandi, Puzhikal, Kallandal, Arunapuram, Oddampattu, Thandarai, Adukkam, Thruinjikadu RF, Veerangapuram, Kandachipuram, Melvazhai, Kilvazhai, Othiyathur, Oduvankuppam, Sithathur, Sengamedu, Madavilagam, Pudupalaiyam, Vedalam, Appanandal, Pulrampattu, Thirumalaipattu, Vellamputhur, Arasankuppam, Nayanur, Kottamarudur, Alur Kolapakkam, Sadaikatti, Nedungampattu, Kolundriampattu, Sorayapattu, Kottagam, Kalumalam, Vizhandai, Agastiyarmoolai, Kuladeepamangalam, Kudamurutti, Manampoondi, Devanur, Vadagaraithayanur, Kollur, Andili, Nerkunam, Emapper, Arumalai, Melakondur, V.Puthur, Kadaganur, Kingilivadai, V.Chithamur, Thanikelampattu, Alambadi, Sathiyakandanur, Kasbakaranai, Perichanur, Sitheripattu, Sennakunam, A. Gudalur, Ayandur, Kodungal, Mugaiyur, Paranur, Keelakondur, Athandamarudur, Vadakkunemili, Aviyur, Deviagaram, Kolapakkam (Aviyur), Mudalur, Vadamarudur, Sithalingamadam, C. Meyyur, Veerashozhapuram, Arcadu, Arulavadi, Kongarayanur, Paiyur, Andarayanur, T.Pudupalayam, Veeranampattu, Kodiyur, T. Kunnathur, Elrampattu, Kattupaiyur, Vadamalaiyanur, Villivalam, Arungurukkai, T. Konalavadi, Pennaivalam, Akkanur, Pavandur, Panapakkam, Elandurai, Manakkuppam, T.Edaiyur, Chinnasevlai, T. Mazhavarayanur, Siruvanur, Sirumadurai, Marangiyur, Enathimangalam, Eralur, Valaiyampattu, Melamangalam, Semmar, T. Sathanur, Emappur, Malaiyampattu and Thaduthatkondur villages. Arakandanallur (TP), Tirukkoyilur (TP) and Thiruvennainallur (TP).",B_sub_tehsil_units(GP/village/circle/KC/PC/mouza)
77,Ulundurpettai,Ulundurpettai Taluk,A_whole_subdistricts_and_towns_only
78,Rishivandiyam,"Tirukkoyilur Taluk (Part) Melendal, Kangaiyanur, Pallichchandal, Jambai, Athiyandal, Murukkambadi, Konganamur, Devaradiarkuppam, Sellankuppam, Chithapattinam, Sangiyam, Ja. Sithamur, Koovanur, Melaripattu, Arumbappakkam, Keelathayanur, Melathayanur, Kanakanandal, T.Keeranur, Karadi, Poomari, Mudianur, Thagadi, Edaiyur, Aruthangudi, Madampoondi, Irumbalakkurichi, Deviyandal, Nariyandal, Tirupalapandal, Thurinjipattu, Nedumudaiyan, Thanakanandal, Vinmar, Eravalam, Periyanur, Vengur, Ariyur, Thimmachur, Sivanarthangal, Kolaparai, Paradapattu, Swamimalai RF, Padiyandal, Po.Meyyur, Ponniyandal, Komalur, Panapadi, Konnakkalavadi, Thathanur, Sholavandipuram, Senganankollai, Memalur, Kadiyar, Palangur, Alur, Mohalar and Kachikkuvachan villages. Manalurpet (TP). Sankarapuram Taluk (Part) Lakkinayakkanpatti, Pavunjipattu, Manalur, Vadakeeranur, Ulagalappadi, Melsiruvalur, Moongilthuraippattu, Poruvalur, Erudayampattu, Mangalam, Adanur, Porasapattu, Suthamalai, Arkkavadi, Sripadanallur, Jambadai, Tiruvarangam, Kallippadi, Maniyandal, Sirupanaiyur, Sirpanandal, Arumbarambattu, Vadamamandur, Arulambadi, Vadaponparappi, Rayasamudram, Bramakundam, Ravathanallur, Puduppattu, Rangappanur, Pakkam, Tholuvanthangal, Kanankadu, Periakolliyur, Chinnakolliyur, Eduthanur, Kadambur, Odiyanthal, Vanapuram, Nagalkudi, Athiyur, Kaduvanur, Ariyalur, Endal, Marur, La-Gudalur, Aviriyur, Porppalampattu, Yal, Periyapagandai, Maiyanur, Melapalangur, Noorolai, Kilpadi, Pasar, Munivalai, Pirividayampattu, Aliapath, Mandagappadi, Muttiyam, Vengalam, Pavandur, Sathaputhur, Peral, Chithal, Chitherippattu, Palayasiruvangur, Soolankurichi, Pallippattu, Velanandal, Peelamedu, Rishivandiyam, Kalaiyanallur and Pallagachcheri villages.",B_sub_tehsil_units(GP/village/circle/KC/PC/mouza)
79,Sankarapuram,"Sankarapuram Taluk (Part) Gudaram, Alannur, Kurmbalur, Moolakkadu, Vazhakuli, Vanjikkuli (P), Sirukkalur (P), Serapattu, Perumanatham (P), Kilakkadu (P), Kalliparai, Vilvathi, Pacheri, Perumbur, Purthirampattu, Mookkanur, Sivapuram, Ulagudaiyambattu, Sittanthangal, Urangani, Poottai, Poottai RF, Arasambattu, Pudupalapattu, Vellarikkadu, Vengodu (P), Keelnilavur, Melnilavur, Aravankadu, Maniyarpalayam (P), Keelathukkuli, Melathukkuli, Innadu (P), Erukkambattu (P), Pannipadi (P), Kallipattu, Kosappadi, Sembarampattu (P), Thyagarajapuram, Soundaravallipalayam, Devapandalam, Agraharapandalam, Kulathur, Varagur, Arasarambattu, Viriyur, Sellakkakuppam, Timmanandal, Arur, Kidangudaiyambattu, Vadasiruvalur, Poykkunam, Karuvelampadi(P), Nochchimedu (P), Mavadipattu, Kariyalur(P), Mozhipattu, Vellimalai, Vezhappadi, Kondiyanatham, Seshasamudram, Nedumanur, Cholampattu, Vadachettiyandal, Ramarajapuram, Manjaputhur, Valaiyampath, Palaiyanur, Kallerikuppam, Keelapattu, Melapattu, Paramanatham, Murarbad, Malliampadi, Kandikkal, Mo. Vannanjur, Arampundi(P), Uppur (P), Erukkambattu, Vandagappadi (P), Thoradipattu(P), Mundiyur, Pottiyam (P), Tirukkanangur, Ponbarapattu, Alathur, Agarakottalam, Anaikkaraikkottalam, Thandalai, Vaniyanthal, Ariyaperumanur, Vannanjur, Somandarkudi, Mohur, Alambalam (Kallakurichi), Sembadakurichi, Naranampattu (P), (Mel) Pacheri, Ezhuthur, Thorangur, Mallapuram and Varam (P) villages. Sankarapuram (TP) Kallakkurichi Taluk (Part) Sellampattu, Karadichittur, Manmalai, Eduthavoinatham, Parigam, Mathur, Palrampattu, Thavadippattu, Madavachcheri, Eruvaipattanam, Kadathur, Padarampallam (I), Thengiyanatham, Thagarai, Paithanthurai, Eliyathur, Thottiyam, Thenchettiyandal, Kallanatham, Timmapuram, Pandiyankuppam, Maravanatham and Vettiperumalagaram villages. Vadakkanandal (TP) and Chinnasalem (TP).",B_sub_tehsil_units(GP/village/circle/KC/PC/mouza)
80,Kallakurichi (SC),"Kallakurichi Taluk (Part) Anthiyur, Kunniyur, Melvizhi, Thennerikuppam, Thimmalai, Vadathorasalur, Siruvangur, Ka. Mamanandal, Sadaiyampattu, Mattigaikurichi, Nallathur, Kudiraichandal, Karanur, Peruvangur, Neelamangalam, Madur, Veeracholapuram, Pridivimangalam, Vilakkur, Chinnamampattu, Valavandankuppam, Sirunagalur, Poraiyur, Siruval, Thiyagai, Chithalur, Virugavur, Mudiyanur, Madam, Kurur, Niraimathi, Thenkiranur, Thachur, Ulagamkathan, Namasivayapuram, Bangaram, Indili, Porpadakurichi, Vilambar, Malaikottalam, Kanangur, Porasakurichi, Nagalur, Vadapoondi, Vengaivadi, Kudiyanallur, Somanathapuram, Ninnaiyur, Kottaiyur, Chittathur, Gurupeedapuram, Koondalur, Kachakudi, Eranji, Koothakudi, Udaiyanachi, Konagarayapalaiyam, Kandachimangalam, Varanjaram, Velakurichi, Chitteri, Sathanur (P), Vanavaretti, Thenthorasalur, Kattananthal, Lachiyam, Eravar, Melur, Kilpoondi, Vinaitheerthapuram, Kaniyamur, Moongilpadi, Elavadi, Poosappadi, Thenponparappi, Melnariyappanur, Rayappanur, A. Vasudevanur, Ammaiyagaram, Poondi, Thottapadi, Rayarpalayam, Pethanur, Siruvathur, Varadappanur, Pukkiravari, Sirumangalam, Kilnariyappanur, Ogaiyur, Eyyanur, Asakalathur, Magarur, Perumangalam, Nallasevipuram, Eriyur, Karunguli, Ammakalathur, Ulagiyanallur, Nattarmangalam, Thensiruvalur, Esandai, Nainarpalaiyam, Pethasamudram, Thathathiripuram, Kalasamudram, Thagamtheerthapuram, Kural, Alambalam (Vridhachalam), V.Krishnapuram, Kilkuppam, Anumanandal, Sembakurichi, Karunthalakurichi, Virabayankaram, Pakkampadi, Koogaiyur and V. Mamandur villages. Thiagadurgam (TP) and Kallakkurichi (TP).",B_sub_tehsil_units(GP/village/circle/KC/PC/mouza)
81,Gangavalli (SC),"Gangavalli Taluk Attur Taluk (Part) Unathur, Veppanatham, Varagur, Siruvachur, Maniviluthan, Kattukkottai, Sadasivapuram, Sarvoy, Deviakkurichi, Talaivasal, Pattuthurai, Navakkurchi, Puthur, Nathakkarai, Periyeri, Aragalur, Thiyaganur, Arathi Agraharam, Mummudi, Kamakkapalayam, Vadakumarai, Thenkumarai, Sathapadi, Panavasal, Navalur, Sitheri, Govindampalayam and Pallipalayam villages.",B_sub_tehsil_units(GP/village/circle/KC/PC/mouza)
82,Attur(SC),"Attur Taluk (Part) Edaiyappatti, Panaimadal, Sekkadipatti, Kumarapalayam, Kalyanagiri, Kalleripatty, Mannur RF, Mannur, Koilputhur, Kariakoilvalavu, Kunnur, Soolankurichi, Adiyanur, Ramanayakkampalayam, Kottavadi, Belurkaradipatti, Mettudaiyampalayam, Periakriashnapuram, Chinnaksrishnapuram, Vadakuttampatti, Puthiragoundampalayam, Veeragoundanur, Olaipadi, Kalpaganur, Mettupalayam, Jarikothambadi, Attavanai Kothambadi, Alagapuram, Appamasamudram, Kilavarai, Pattimedu , Extension RF, Muttal, Ammampalayam, Kallanatham, Thenmangudipalayam, Akkichettipalayam, Palaniyapuri, Thalavaipatty, Oddapatty, Thennampillaiyur, Muthagoundanur, Ariyapalayam, Umayalpuram, Ettapur Karadipatti, Thamayanur, West Rajapalayam, Kalarampatty, Rangappanaickenpalayam, Gopalapuram, MalliakKarai, Echampatty, Chockkanathapuram, Thandavarayapuram, Thulukkanur, Manjini, Pungavadi, Paithur, Seeliampatty, Arasanatham and Valayamadevi villages. Keeripatti (TP), Ethapur (TP), Pethanaickenpalayam (TP), Attur (M) and Narasingapuram (TP).",B_sub_tehsil_units(GP/village/circle/KC/PC/mouza)
83,Yercaud (ST),"Yercaud Taluk Vazhappadi Taluk Salem Taluk (Part) Udayapatti, Vedapatti, D.Perumalpalayam, Sukkampatti, Thathanur, Mookkanur, Kathiripatti, Achanguttapattipudur, Aramanur, Achanguttaipatti, Kuppanur, Vellaiyampatti, Valasaiyur, Pallipatti, Dasanayakkanpatti, Valaiyakkaranur, Mettupattithathanur, Chinnanur, Tailanur, Athikarapatti, Veeranam, Korathupatti and Karpagam villages. Attur Taluk (Part) Neyyamalai, Tumbal, Malayalapatti, Aruna RF, Chinnakalrayan Hills Therkkunadu, Chinnakalrayan Hills Vadakkunadu, Tumbal, Extension RF and Tumbal RF villages.",B_sub_tehsil_units(GP/village/circle/KC/PC/mouza)
84,Omalur,"Omalur Taluk (Part) Sekkarapatti, Veppilai, Kedunaickenpatty pudur, Kanavaipudur, Lokkur R.F., Gundikkal, Kongupatti, Mookanur, Elathur, Naduppatti, Kadayampatti, Yerimalai R.F., Palappallikombai, Danishpet, Karuvattuparai R.F., Deevattipatti, Dasagasamudram, Poosaripatti, Marakkottai, Kanjanayachanpatti, Pannapatti, Kookuttapatti, Kaniyeri R.F., Tumbipadi, Pottipuram, Sikkanampatti, Darapuram, Semmandapatti, Thathayampatti, Kamalapuram, Gobinathapuram, Sakkarachettipatti, Thathayangarpatti, Kaminaickanpatti., Jagadevampatti, Vellalapatti, Mailapalaiyam, Naranampalayam, Kottaimettupatti , Balbakki, Karuppanampatti, Panjakalipatti, Kattaperiyampatti, Umbilikamaramangalam, T.Maramangalam, Manathal, Mallikuttai, Amarakundhi, Tholasampatti, Thondumaniyam, Vedappatti, Periyerippatti, Reddipatti, Tindamangalam, Pachanampatti, Omalur , Kullamanickenpatti, Sekkarapatti, Ettikuttapatti, Collappatti, Thenkkampatti, Mungilpadi, Sangitapatti, Puliyampatti, M.Cheetipatti, Sikkampatti, Arurpatti, Ramireddipatti, Ariyampatti and Selavadi villages. Karuppur (TP), Kadayampatti (TP) and Omalur (TP).",B_sub_tehsil_units(GP/village/circle/KC/PC/mouza)
85,Mettur,"Mettur Taluk (Part) Kaveripuram, Singiripatti, Thinnappatti, Konur, Koonandiyur, Pallipatti, Mallikundam, Thethagiripatti, Vellar, Pukkampatti, Amaram, M.Kallipatti, Pottaneri, Virudasampatti, Alamarathupatti, Lakkampatti, Kannamuchi, Moolakkadu, Samballi, Palamalai, Navappatti, Koppam, Koppampatti, Panapuram, Periyasattappadi, Chinnasathappadi, Aranganur, Olaipatti, Manathal, Nallakavundampatti and Kulanayakkanpatti villages. Mecheri (TP), Kolathur (TP), Veerakkalpudur (TP), Mettur (M) and P.N.Patti (TP).",B_sub_tehsil_units(GP/village/circle/KC/PC/mouza)
86,Edappadi,"Edappadi Taluk Mettur Taluk (Part) Veerakkal, Kuttapatti, Mallikuttappatti, Chinnasoragai, Periyasoragai, Dasagappatti, Vanavasi, Soorappalli, Thoramangalam and Karikkapatti villages. Nangavalli (TP), Vanavasi (TP), Avadattur (CT) and Jalakandapuram (TP).",B_sub_tehsil_units(GP/village/circle/KC/PC/mouza)
87,Sankari,"Sankari Taluk Omalur Taluk (Part) Illavampatti, Panikkanur, Idaiyapatti, Pappambadi, Desavilakku and Kurukkapatti villages. Tharamangalam (TP).",B_sub_tehsil_units(GP/village/circle/KC/PC/mouza)
88,Salem (West),"Omalur Taluk (Part) Muthunaickenpatti, Chellapillaikuttai, Pagalpatti, Manguppai, Saminayakkanpatti, Kottagoundampatti, Anaigoundampatti, Vellakkalpatti, T.Konagapadi, Alagusamudram and Karukkalvadi villages. Salem Taluk (Part) Sarkar Gollappatti, A.Ayyamperumalpatti, Chettichavadi, Kondappanayakkanpatti, M.Palapatti and Selathampatti villages. Thalavaipatti (CT) and Mallamooppampatti (CT). Salem (M Corp.) Ward No.1 to 5 and 17 to 25.",C_ward_or_EB_level
89,Salem (North),Salem Taluk (Part) Salem (M Corp.) Ward No.6 to 16 and 26 to 36. Kannankurichi (TP).,C_ward_or_EB_level
90,Salem (South),Salem Taluk (Part) Salem (M Corp.) Ward No.37 to 60,C_ward_or_EB_level
91,Veerapandi,"Salem Taluk (Part) Keeraipappambadi, Majaragollappatti, Vattamuthampatti, Mallaravuthampatti, Pumandapatti, Muduthurai, Kullanpatti, Sittanur Gollapatti, Ariyakoundanpatti, Murungapatti, Nayakkanpatti, Nallampatti, Tirumalagiri, Vedugathampatti, Andipatti-Sowdapuram, Erumapalayam, Puthur Agragaram, Kottanur, Perumampatti, Thumbathulipatti, Pethampatti, Luguvanpatti, Perumakkavundampatti, Ramapuram, Reddipatti, Kalparaipatti, Savampalayam, Periyaseeragapadi, Chinnaseeragapadi, Veerapandi, Ariyampalayam, Uthamasolapuram, Agraharapoolaveri, Attavanaipoolaveri, Thammanayakkanpatti, Nilavarapatti, Jerugumalai, Jalluthuppatti, Gajallnayakkanpatti, Nallikkalpatti, Parappatti, Erruchannampatti, Sittaneri, Akkaraipalaiyam, Palampatti, Nallarayampatti, Kombadipatti, Anaikuttaipatti, Vembadithalam, Selliampalayam, Senaipalayam, Ettimanaickampatti, Rakkipatti, Kadathur Agraharam, Pethempatti, Rajapalayam, Nayinampatti, Marulayampalayam, Chennagiri, Bairoji, Vaniyampadi, Eruvadipettampatti, Pasuvanathampatti, Valakuttapatti, Erumanayakanpalayam, Mukkuthipalayam, Ammapalayam, Sandiyur, Sandiyur Attayampatti, Pallitherupatti, Tippampatti, kuralnatham, Konamaduvu, Vadapatty, Noolathukombai, Sambakuttaipatti, Adimalaipatti, Thumbalpatti and Kammalapatti villages. Maramangalathupatti (CT), Kondalampatti (CT), Neykkarappatti (CT), Panaimarathupatti (TP), Ilampillai (TP), Attayampatti (TP), Papparapatti (CT) and Mallur (TP).",B_sub_tehsil_units(GP/village/circle/KC/PC/mouza)
92,Rasipuram (SC),"Rasipuram Taluk (Part) Ponparappipatti, Minnakkal Agraharam, Anandagoundampalayam, Kumarapalayam, Annamalaipatti, Keeranur, Pallavanaickenpatti, Malayampalayam, Kuttaladampatti, Melur, Keelur, Kidamalai, Ayilpatti, Navalpatti, Mangalapuram, Eswaramoorthipalayam, Thimmanaickenpatti, Naraikinaru Block IRF, Muthuruttu, Ayiepatti, Naraikinaru, Naraikinar South R.F., Karkoodalpatti, Moolapallipatti, Malayampatti, Pudur Malayampatti, Kallankulam, Pudupalayam, Thengalpalayam, Alampatti, Alavaipatti, Nachipatti, Madiampatti, Porasalapatti, Akkaraipatti, Semmandapatti, Nadupatti, Sowdapuram, Mattuvelampatti, Palanthinnipatti, Mulakkadu, Muthukalipatti, Kattanachampatti, Koneripatti, Kakkaveri, Vadugam, Muniappampalayam, Pattanam Muniappampalayam, Vadugam, Mulakkadu, Kariyampatti, Unanthangal, Moolakurichi, Periakurichi, Mavar, Perappansolai, Periakombai, Pudupallapatti, Mulaikurichi, Periasekkadi, Varagurkombai, Pachagoundampatti, Kolakkamedu, Thottiampatti, Chandrasegarapuram Agraharam, Rasipuram, Andagalore, Anaikattipalayam, Koonavelampatti, Ellapalayam, Ponkurichi, Koppampatti, Ayeepalayam, Komarapalayam, Kurukkapuram, Anaipalayam, Murungapatty, Singalandapuram, Molapalayam and Chinnasekkadi villages. Vennanthur (TP), Athanur (TP), R.Pudupatti (TP), Pattanam (TP), Rasipuram (M) and Pillanallur (TP).",B_sub_tehsil_units(GP/village/circle/KC/PC/mouza)
93,Senthamangalam (ST),"Rasipuram Taluk (Part) Pachudayampalayam, O.Jedarpalayam, Perumagoundampalayam, Chinnakkapalayam, Thoppapatti, Tho.Jedarpalayam, Tho. Pachudayampalayam, Perakkarinadu, Bailnadu, Chithurnadu, Edappulinadu, Thiruppulinadu, Pelappadinadu, Alathurnadu, Gundaninadu and Adakkampudukombai villages. Seerapalli (TP) and Namagiripettai (TP) Namakkal Taluk (Part) Kalkurichi, Eachampatti, Valayappatti, Pallipatti, Belukkurichi, Kalappanayakkanpatti, Uthirakadikaval, Nadukombai, Vazhavandikombai, Gundurnadu, Valappurnadu, Ariyurnadu, Valavanthinadu, Pallamparai, Akkiyampatti, Periyakulam, Pachudayampatti, Kondamanayakkanpatti, Pudukombai, Thinnanurnadu, Devanurnadu, Selurnadu, Selur R.F., Gajakombai, Bodinayakkanpatti, Sarkarpalayapalayam, Muthugapatti, Reddipatti, Perumapatti, Thusur, Pottireddipatty, Thottamudayampatti, Pavithiram, Varagur, Ponneri, Pudukkottai, N.Puduppatti, Vasanthapuram, Valaiyapatti, Thipramadevi, Kavakkarampatti, Muttanchetti, Varadarajapuram, Sevindipatti, Vadavathur, Agrahara Valavanthi and Mettupatti villages. Kalappanaickanpatti (TP), Senthamangalam (TP) and Erumapatti (TP).",B_sub_tehsil_units(GP/village/circle/KC/PC/mouza)
94,Namakkal,"Namakkal Taluk (Part) Sarkarnattamangalam, Agrahara Nattamangalam, Kalyani, Ananthakrishnarayasamudram, Gejalnayakkanpatti, Pachal, Pidaripatti, Kadanthapatti, Ramanayakkanpatti, Kadiranallur, Thirumalaipatti, Kannurpatti, Podangam, Thattaiyangarpatti, Navani, Lakkapuram, Elur, Thathathiripuram, Thathathiripuram Karadipatti, Karadipatti Thanathampatti, Karadippatti, Thanathampatti, Agrahara Uduppam, Kalangani, Karaikurichi, Minnampalli, Pottanam, Sellappampatti, Thalambadi, Sarkar Uduppam, Aniyar, Seiluvampatti, Kadappalli, Pappinayakkanpatti, Marurpatti, Vettampadi, Veesanam, Nallipalayam, Thummankurichi, Eranapuram, Thaligai, Naravalur Thottipalayam, Thindamangalam, Keerambur, Vallipuram, Periyapatti, Kondichettipatti, Namakkal, Vagurampatti, Ladduvadi, Thottippatti, Rasampalayam, Konur, Kilsathambur, Tholur, Aniyapuram, Parali, Arur, Andapuram, Arasanatham, Kumaripalayam, Ariyur, Pettaipalayam, Rasipalayam and Oruvandur villages. Namakkal (M), Periyapatti (CT) and Mohanur (TP).",B_sub_tehsil_units(GP/village/circle/KC/PC/mouza)
95,Paramathi-Velur,"Paramathi-Velur Taluk Tiruchengodu Taluk (Part) Agaram, Konnayar, Periyamanali, Kokkalai, Illuppili, Punjaipudupalayam, Koothampoondi Agraharam,Pullagound ampatti, Koothampoondi, Lattivadi, Manathi, Mavureddipatti, Thondipatti, Musiri, Puthur East and Bommanpatti villages. Namakkal Taluk (Part) Illaiyapuram village.",B_sub_tehsil_units(GP/village/circle/KC/PC/mouza)
96,Tiruchengodu,"Tiruchengodu Taluk (Part) Karuveppampatti, Rajapalayam, Karuppagoundampalayam, Thirumangalam, Karumapuram, Koothanatham, Shenbagamadevi, Pallakkuli Agraharam, Mangalam, Sappayapuram, Mamundi Agraharam, Mallasamudram (West), Kolankondai, Goundampalayam, Sembampalayam, Karumanur, Pillanatham, Vattur, Kottapalayam, Thirumangalam Pudupalayam, Andarapatti, Chinnathambipalayam, Neikkarappatti, Kailasampalayam, Thokkavadi, Varagurampatti, Goundampalayam, Sathinayakkanpalayam, Kuppandapalayam, Oduvampalayam, Kovilpalayam, Elaiyampalayam, Goundampalayam, Vandinatham, Avinashipatti, Ramapuram, Paruthipalli, Kottaipalayam, Palamedu, Karungalpatti, Morangam, Sundangipalayam, Munjanur, Kallupalaiyam, Minnampalli, Mettupalayam, Kilapalayam, Molipalli, Unjanai, Pokkampalaiyam, Athipalaiyam, Andipalaiyam, Thottiyapalayam, Emappalli, T.Goundampalayam, Patlur, Attavanai Iraiyamangalam, Molasi, Sengodampalayam, Elaiyampalayam, Kumarapalayam, Pirithi, Animur, Sirumolasi, Vettuvampalayam, Vattapparappu, Puduppuliyampatti, Chittalandur, Marapparai and Nallipalayam villages. Mallasamudram (TP), Tiruchengode (M) and Devanankurichi (CT).",B_sub_tehsil_units(GP/village/circle/KC/PC/mouza)
97,Kumarapalayam,"Tiruchengodu Taluk (Part) Kumarapalaiyam Agraharam, Komarapalayam, Pallakkapalaiyam, Sowdapuram, Modamangalam, Modamangalam Agraharam, Anangur, Elandakuttai, Kalaiyanur, Kalaiyanur Agraharam, Samayasangili Agraharam, Pallipalaiyam Agraharam, Odappalli Agraharam, Kadachanallur, Pappampalayam and Kokkarayanpettai villages. Kumarapalayam (M), Padaiveedu (TP), Pallipalayam Agraharam (CT), Alampalayam (TP), Pallipalayam (TP) and Pudupalayam Agraharam (CT).",B_sub_tehsil_units(GP/village/circle/KC/PC/mouza)
98,Erode (East) Erode Brahmana Veerappanchatiram,"Taluk (Part) Periya Agraharam (TP), Erode (M) and (TP).",B2_part_unit_other
99,"Erode (West) Perundurai Vadamugam Thenmugam Erode Karai Perodu, Villarasampatti, Rayapalayam, Pudupalayam, Veppampalayam Suriyampalayam Periyasemur","Taluk (Part) Vellode, Pungampadi, Kavundachipalayam, Vellode and Mukasi Pulavampalayam villages. Taluk (Part) Ellapalayam, Elavamalai, Mettunasuvanpalayam, Nochipalayam, Gangapuram, Ellapalayam, Thindal (Mel), Thindal (Kil), Kadirampatti, Modakarai, Koorapalayam, Thottani, Puthur Nanjanapuram, Pavalathampalayam, and Muthampalayam villages. (TP), Chithode (TP), Nasiyanur (TP), (TP), Surampatti (TP) and Kasipalayam (E) (TP).",B_sub_tehsil_units(GP/village/circle/KC/PC/mouza)
100,Modakkurichi,"Erode Taluk (Part) Punjailakkapuram, Pudur, Thuyyampoondurai, Kanagapuram, Velampalayam, Punduraisemur, Avalpoondurai, Modavandi Sathyamangalam, Nanjaiuthukuli, Kangayampalayam, Nanjaikalamangalam, Punjai Kalamangalam, Injampalli, Thanathampalayam, Elumathur, Velampalayam, Mukasi Hanuman Palli, Attavanai Hanuman Palli, Kagam, Kulavilakku, Palamangalam, Nanjaikolanalli, Kolathupalayam, Kondalam, Ellaikadu, Vilakethi, Kongudayampalayam, Murungiyampalayam, Anjur, Vallipuram, Ichipalayam, Vadivullamangalam, Ayyampalayam, Elunoothimangalam, Devakiammapuram, Avudayaparai and Nagamanaickenpalayam villages. Avalpoondurai (TP), Modakkurichi (TP), Pasur (TP), Arachalur (TP), Vadugapatti (TP), Kilampadi (TP), Vellottamparappu (TP), Sivagiri (TP), Kollankoil (TP), Unjalur (TP), Vengampudur (TP), Kodumudi (TP) and Chennasamudram (TP).",B_sub_tehsil_units(GP/village/circle/KC/PC/mouza)
101,Dharapuram (SC),Dharapuram Taluk,A_whole_subdistricts_and_towns_only
102,Kangayam,"Kangayam Taluk Perundurai Taluk (Part) Murungatholuvu, Pudupalayam, Nanjai Palatholuvu, Punjai Palatholuvu, Kodumanal, Orathupalayam, Ellaigramam, Ekkattampalayam, Basuvapatti and Kuppuchipalayam villages. Mukasipidariyur (CT), Ottapparai (CT) and Chennimalai (TP).",B_sub_tehsil_units(GP/village/circle/KC/PC/mouza)
103,Perundurai,"Perundurai Taluk (Part) Pudupalayam, Mettupalayam, Nalligoundanpalayam, Komaragoundanpalayam, Kurichi, Nettichipalayam, Setti Kuttai, Valayapalayam, Ganapathipalayam, Thoranavavi, Madathupalayam, Vettaiankinaru, Sungakarampalayam, Thingalur, Karukkapalayam, Nichampalayam, Pandiampalayam, Singanallur, Olapalayam, Mullampatti, Kandampalayam, Periyavilamalai, Sinnavilamalai, Thiruvachi, Poovampalayam, Palakarai, Chinnamallanpalayam, Nimittipalayam, Unjapalayam, Kallakulam, Sellappampalayam, Talayampalayam, Polanaickampalayam, Karandipalayam, Pappampalayam, Chinnavirasangili, Periyaveerasangili, Velliravalli, Sinniampalayam, Velampalayam, Navakkadu, Karumanchirai, Kammalakuttai, Edayapalayam, Chinnagoundanvalasu, Vattalapathy, Velliampathy, Sundakkampalayam, Virumandampalayam, Muthampalayam, Chengappalli, Thenmugam Kangayapalayam, Vadamugam Kangayapalayam, Sengalipalayam, Kavuthampalayam, Erumaikkarampalayam, Koonampatti, Attavanai Pallagoundanpalayam, Mukasipallagoundanpalayam, Marappanaickampalayam, Moongilpalayam, Mettupudur, Ayegoundanpalayam, Seenapuram, Thuduppathi, Sullipalayam, Pattackaranpalayam, Kullampalayam, Ponmudi, Ingur, Kambiliampatti, Varapalayam, Kongampalayam, Nadupatti, Puthur Pallapalayam, Punjaithalavaipalayam, Reddipalayam, Vadugapalayam, Kavandampalayam, Morattupalayam, Agraharaperiapalayam, Sircar Periapalayam, Anaipalayam, Pallavarayanpalayam, Agrahara Kathaganni, Ichipalayam, Sircar Kathaganni, Sirukkalanchi, Kuthampalayam, Voipadi and Chennimalai villages. Pethampalayam (TP), Pallapalayam (TP), Kanjikoil (TP), Karumandi, Chellipalayam (TP), Nallampatti (TP), Kunnathur (TP), Vijayapuri (CT), Perundurai (TP) and Uthukuli (TP).",B_sub_tehsil_units(GP/village/circle/KC/PC/mouza)
104,Bhavani,"Bhavani Taluk (Part) Illippili, Kannapalli, Attavanaipudur, Mukasipudur, Patlur, Oddapalayam, Paruvachi, Punnam, Mylambadi, Kalbavi, Kurichi, Poonachi, Boothapadi, Singampettai, Padavalkalvai, Kadappanallur, Kesarimangalam, Sanyasipatti, Varadanallur, Thalakulam, Bhavani, Oricheri, Vairamangalam, Alathur, Kavandapadi, Odathurai, Andikulam, Urachikottai, Chinnapuliyur, Periyapuliyur and Settipalayam villages. Nerunjipettai (TP), Ammapettai (TP), Olagadam (TP), Appakudal (TP), Jambai (TP), Bhavani (M) and Salangapalayam (TP).",B_sub_tehsil_units(GP/village/circle/KC/PC/mouza)
105,Anthiyur,"Gobichettipalyam Taluk (Part) Punjaithoraiyampalayam, Kondayampalayam, Kanakampalayam, Perumugai, Savandapur, Ammapalayam, Mevani, Perundalaiyur, Kugalur, Puthukkarai, NanjaiPuliampatti, Polavakalipalayam, Kadukkampalayam and Chandrapuram villages. Vaniputhur (TP), Kuhalur (TP) and P.Mettupalayam (TP). Bhavani Taluk (Part) Burgur, Komarayanur, Pudur, Chennampatti, Ennamangalam, Sankarapalayam, Anthiyur, Nagalur, Kuppandampalayam, Brammadesam, Pachampalayam, Gettisamudram, Mathur, Vellithiruppur, Vembathi, Moongilpatti, Kilwani and Kuthampoondi villages Anthiyur (TP) and Athani (TP).",B_sub_tehsil_units(GP/village/circle/KC/PC/mouza)
106,Gobichettipalaya m,"Sathyamangalam Taluk (Part) Karapadi, Kavilipalayam, Varapalayam and Sellapampalayam villages. Gobichettipalyam Taluk (Part) Pullappanaickenpalayam, Arrakkankottaigramam, Kongarpalayam, Kavandampalayam, Akkaraikodiveri, Singiripalayam, Alukuli, Kalingiam, Kottupullampalayam, Karattupalayam, Odayagoundanpalayam, Kadathur, Sundakkampalayam, Gudakkarai, Andipalayam, Kurumandur, Ayalur, Vellankovil, Siruvalur, Talguni, Koshanam, Irugalur, Anjanur, Lagampalayam, Vemandampalayam, Polavapalayam, Mottanam, Emmampoondi, Olalakovil, Kadasellipalayam, Sinnaripalayam, Santhipalayam, Avalampalayam, Pariyur, Vellalapalayam, Nanjaigopi, Kullampalayam, Nathipalayam, Modachur, Nagadevampalayam and Nichampalayam villages. Periyakodiveri (TP), Lakkampatti (TP), Kasipalayam (G) (TP), Gobichettipalayam (M), Elathur (TP), Kolappalur (TP) and Nambiyur (TP).",B_sub_tehsil_units(GP/village/circle/KC/PC/mouza)
107,Bhavanisagar (SC),"Sathyamangalam Taluk (Part) Arulavadi, Mallankuli, Dhoddahajanur, Chikkahajanur, Talavadi, Marur, Iggalore, Thingalur, Koothampalayam, Gundri, Guthiyalathur, Hassanur, Neithalapuram, Theiginarai, Karalavadi, Madahalli, Byannapuram, Panahahalli, Erahanahalli, Dhoddamudukkarai, Gettavadi, Kongahalli, Talamalai, Dasaripalayam, Chikkarasampalayam, Pattavarthiayyampalayam, Rajan Nagar, Pudupeerkadavu, Punkar, Kothamangalam, Ikkaraithathapalli, Baguthampalayam, Ikkarainegamam, Komarapalayam, Malayadipudur, Alathucombai, Sadamugai, Konamoolai, Akkarainegamam, Boosaripalayam, Akkaraithathapalli, Dhoddampalayam, Mudukkanthurai, Thoppampalayam, Karidoddampalayam, Shenbagapudur, Indiampalayam, Makinancombai, Arasur, Ukkaram, Vinnappalli, Kurumbapalayam, Ayyampalayam, Periyakallipatti, Panayampalli, Sunkakaranpalayam, Pungampalli, Thatchuperumapalayam, Nallur, Marayeepalayam, Madampalayam and Punjaipuliampatti villages. Kembanaikkenpalayam (TP), Sathyamangalam (M), Ariyappampalayam (TP), Bhavanisagar (TP) and Punjaipuliampatti (TP).",B_sub_tehsil_units(GP/village/circle/KC/PC/mouza)
108,Udhagamandalam,"Kundah Taluk Udhagamandalam Taluk (Part) Kadanad, Ebbanad, Kukkal, Kagguchi, Thuneri, Hullathi, Nanjanad, Udhagamandalam and Thummanatti villages. Sholur (TP) and Udhagamandalam (M). Coonoor Taluk (Part) Ketti (TP).",B_sub_tehsil_units(GP/village/circle/KC/PC/mouza)
109,Gudalur (SC),Panthalur Taluk Gudalur Taluk Udhagamandalam Taluk (Part) Masinagudi village. Naduvattam (TP).,B_sub_tehsil_units(GP/village/circle/KC/PC/mouza)
110,Coonoor,"Kotagiri Taluk Coonoor Taluk (Part) Eddapalli, Burliyar, Coonoor and Melur villages. Aravankad (TS), Wellington (CB), Coonoor (M), Hubbathala (CT), Adikaratti (TP) and Hullickal (TP).",B_sub_tehsil_units(GP/village/circle/KC/PC/mouza)
111,Mettuppalayam,Mettuppalayam Taluk Coimbatore North Taluk (Part) Bilichi village. Veerapandi (TP) and Gudalur (TP).,B_sub_tehsil_units(GP/village/circle/KC/PC/mouza)
112,Avanashi (SC),Avanashi Taluk,A_whole_subdistricts_and_towns_only
113,Tiruppur (North),"Tiruppur Taluk (Part) Pattampalayam, Sokkanur, Merkupathi, Thoravalur, Vallipuram, Perumanallur, Ettiveerampalayam, Pongupalayam, Kanakkampalayam, Kalipalayam and Mannarai villages. Chettipalayam (CT), Neripperichal (CT), Thottipalayam (CT) and Velampalayam (TP). Tiruppur (M) Ward Nos.1 to 20.",C_ward_or_EB_level
114,Tiruppur (South),Tiruppur Taluk (Part) Tiruppur (M) Ward Nos. 21 to 52. S.Nallur (TP).,C_ward_or_EB_level
115,Palladam,"Tiruppur Taluk (Part) Mudalipalayam, Nachipalayam, Peruntholuvu, Muthanampalayam, Iduvai, Ugayanur, Thonguttipalayam, North Avanashipalayam, Alagumalai, Kandiankoil, South Avanashipalayam, Pongalur, Madappur, Kattur, V. Kallipalayam, Elavanthi, Kethanur, Vavipalayam and V. Vadamalaipalayam villages Andipalayam (CT), Mangalam (CT), Muruganpalayam (CT) and Veerapandi (CT) Palladam Taluk (Part) Poomalur, Velampalayam, Naranapuram, Karaipudur, Ganapathipalayam, Palladam, Sukkampalayam, Ichipatti, Kodangipalayam, Panickkampatti, Vadugapalayam, Chittambalam, Anuppatti, Kasba Ayyampalayam, Karadibavi, Paruvai, Mallegoundenpalayam, Puliampatti and K.Krishnapuram villages. Semmipalayam (CT) and Palladam (TP).",B_sub_tehsil_units(GP/village/circle/KC/PC/mouza)
116,Sulur,"Palladam Taluk (Part) Paduvampalli, Kaduvettipalayam, Giddampalayam, Semmandampalayam, Kaniyur, Arasur, Nilambur, Mylampatti, Irugur, Rasipalayam, K.Madapur, Kadampadi, Appanaickenpatti, Kalangal, Peedampalli, Pattanam, Kallapalayam, Pappampatti, Edayampalayam, Sellakkarichal, Vadambacheri, Varapatti, Vadavalli, Bogampatti, Pachapalayam, Poorandampalayam, Kumarapalayam, Vadavedampatti, Kammalapatti, Jallipatti, Senjeripudur, Senjeri Ayyampalayam, Malappalayam, Thalakkarai and J.Krishnapuram villages. Moppiripalayam (TP), Karumathampatti (TP), Irugur (TP), Samalapuram (TP), Kangayampalayam (CT), Sulur (TP), Pallapalayam (TP) and Kannampalayam (TP)",B_sub_tehsil_units(GP/village/circle/KC/PC/mouza)
117,Kavundampalayam,"Coimbatore North Taluk (Part) Vellamadai, Kondayampalayam, Agraharasamakulam, Naickenpalayam, Thadagam R.F., Anaikatti (North), Anaikatti (South), Veerapandi, Chinnathadagam, Nanjundapuram, Somayampalayam, Pannimadai, Keeranatham, Kallipalayam and Vellanaipatti villages. Periyanaicken-palayam (TP), Narasimhanaicken-palayam (TP), Idigarai (TP), Sarcarsamakulam (TP), Kalapatti (TP), Vilankurichi (CT), Saravanampatti (TP), Chinnavedampatti (TP), Vellaikinar (TP), Ashokapuram (CT), Kurudampalayam (CT), Thudiyalur (TP) and Kavundampalayam (TP).",B_sub_tehsil_units(GP/village/circle/KC/PC/mouza)
118,Coimbatore (North),Coimbatore North Taluk (Part) Veerakeralam (TP). Coimbatore South Taluk (Part) Vadavalli (TP). Coimbatore (M.Corp.) Ward Nos. 57 to 72.,C_ward_or_EB_level
119,Thondamuthur,"Coimbatore South Taluk (Part) Boluvampatti (Block I), Thennammanallur, Devarayapuram, Jagirnaickenpalayam, Vellaimalaipattinam, Narasipuram, Madvarayapuram and Ikkaraiboluvampatti villages. Vedapatti (TP), Dhaliyur (TP), Thondamuthur (TP), Alanthurai (TP), Puluvapatti (TP), Thenkarai (TP), Perur (TP) and Kuniyamuthur (TP). Coimbatore (M.Corp.) Ward Nos. 48 to 56.",C_ward_or_EB_level
120,Coimbatore (South),Coimbatore South Taluk (Part) Coimbatore (M.Corp.) Ward Nos. 21 to 47.,C_ward_or_EB_level
121,Singanallur,Coimbatore South Taluk (Part) Coimbatore (M.Corp.) Ward Nos. 1 to 20.,C_ward_or_EB_level
122,Kinathukadavu,"Coimbatore South Taluk (Part) Madampatti, Theethipalayam, Perur Chettipalayam, M h hi Pi h P l h i Mavuthampathi, Pichanur, Palathurai, Thambagoundenpalayam, Karunchamigoundenpalayam, Seerappalayam, Malamachampatti, Myleripalayam, Nachippalayam, Arasipalayam and Valukkupparai villages. Kurichi (TP), Vellalur (TP), Madukkarai (TP), Ettimadai (TP), Thirumalayampalayam (TP), Othakalmandapam (TP) and Chettipalayam (TP). Pollachi Taluk (Part) Solavampalayam, Vadaputhur, Kuthiraialampalayam, Pottaiyandiporambu, Sokkanur, Sangarayapuram, Muthur and Kodangipalayam villages. Kinathukadavu (TP).",B_sub_tehsil_units(GP/village/circle/KC/PC/mouza)
123,Pollachi,"Pollachi Taluk (Part) Arasampalayam, Panappatti, Mettubavi, Vadasithur, Kondampatty, Kothavadi, Kurunallipalayam, Periakalandai, Kattampatti, Andipalayam, Chettiakkapalayam, Nallattipalayam, Devarayapuram, Govindapuram, Sulakkal, Poravipalayam, Servakaranpalayam, Vadakkipalayam, Mettupalayam, Mullipadi, Kaniyalampalayam, Devanampalayam, Kappalankarai, Sirukkalandai, Chandrapuram, Sinna Negamam, Vaguthampalayam, Kakkadavu, Sholanur, Santhegoundanpalayam, Kullichettipalayam, Poosanaickendhali, Devambadi, Ramapatinam, Thalakkarai, Chikkarayapuram, Kabilipalayam, Okkilipalayam, Kurumbapalayam, Kulakkalpalayam, Varadanur, Vellalapalayam, Thoppampatti, Rasakkapalayam, Puliampatti, R. Ponnapuram, Kittasuarampalayam, Anupparpalayam, Z. Muthur, Ayyampalayam, Nallathukuli, Kumarapalayam, Manur, Thimmanguthu, Rasichettipalayam, Bodipalayam, Kulathur and Servaikaranpalayam villages. Periya Negamam (TP), Achipatti (CT) and Pollachi (M).",B_sub_tehsil_units(GP/village/circle/KC/PC/mouza)
124,Valparai (SC),"Valparai Taluk Pollachi Taluk (Part) Naickenpalayam, Ambarampalayam, Athupollachi, Marchinaickenpalayam, Singanallur, Vekkampalayam, Pethanaickanur, S. Nallur, Pillchinnampalayam, Somandurai, Thensithur, Periapodu, Kaliyapuram, Thensangampalayam, Kariyanchettipalayam, Kambalapatti, Arthanaripalayam, Jallipatti, Thorayur and Angalakurichi villages. Anaimalai (TP), Odaiyakulam (TP), Vettaikaranpudur (TP) and Kottur (TP).",B_sub_tehsil_units(GP/village/circle/KC/PC/mouza)
125,Udumalaipettai,"Udumalaipettai Taluk (Part) Kosavampalayam, Veedampatti, Moongiltholuvu, Amandakadavu, Kuppampalayam, Periapatti, Poolavadi, Athukinathupatti, Kondampatti, Anikkadavu, Virugalpatti, Iluppanagaram, Kongalnagaram, Pudupalayam, Pannaikinar, Dhoddampatti, Gudimangalam, Somavarapatti, Vadugapalayam, Periakottai, Udumalpet, Kurunjeri, Chinnaveerampatti, Kottamangalam, Ponneri, Vagatholuvu and Pukkulam villages. Udumalaipettai (M). Pollachi Taluk (Part) Seelakkampatti, Nallampalli, S. Malayandipatnam, Gomangalam, Gomangalampudur, Sinjuvadi, Koolanaickenpatti, Kolarpatti, Kanjampatti, Thenkumarapalayam, Veeralpatti, Thondamuthur, Dhalavaipalayam, S. Ponnapuram, Unjavelampatti, Solapalayam, Z. Kottampatti, Kondegoundenpalayam, Mulanur, Avaleppampatti, Gollapatti, A. Nagoor, Poosaripatti, Boligoundenpalayam, Eripatti, Thippampatti, Kallipatti, Makkinampatti, Nathukkalpalayam and Palayur villages. Samathur (TP), Chinnampalayam (CT), Suleeswaranpatti (TP) and Zamin Uthukuli (TP).",B_sub_tehsil_units(GP/village/circle/KC/PC/mouza)
126,Madathukulam,"Udumalaipettai Taluk (Part) Sellappampalayam, Pungamuthur, Udukkampalayam, Periapappanuthu, Sinnapappanuthu, Pappankulam, Andigoundanur, Thumbalapatti, North Boothinatham, R. Velur, Periavalavadi, Sarkarpudur, Thinnapatti, Devanurpudur, Ravanapuram, Erisinampatti, Kodingiam, Jilobanaickampalayam, Arasur, Reddipalayam, Chinnavalavadi, South Boothinatham, Bogigoundendasarapatti, Kolumam, Elayamuthur, Guruvappanaickanur, Alampalayam, Pallapalayam, Modakkupatti, Deepalapatti, Krishnapuram, Valayapalayam, Jallipatti, Lingamavoor, Venkitapuram, Chinnakumarapalayam, Kurichikottai, Manupatti, Kallapuram, Amaravathi R.F., Anamalai R.F., Kudiraiar & Kukkal R.F., Manjampatti R.F., Sholamadevi, Vedappatti, Kannamanaickanur, Kuralkuttai, Bodipatti, Myvadi, Jothampatti, Kadathur, Karatholuvu, Thungavi, Metrathi, Thanthoni, Mukkudu-Jallipatti, Venasapatti, Ganapathipalayam, Poolankinar, Anthiyur and Ragalbavi villages. Kanakkampalayam (CT), Kaniyur (TP), Madathukulam (TP), Sankaramanallur (TP), Komaralingam (TP) and Dhali (TP).",B_sub_tehsil_units(GP/village/circle/KC/PC/mouza)
127,Palani,"Kodaikanal Taluk Palani Taluk (Part) Ayyampalayam, Thathanaickenpatti (N), Sithraikulam, R.Vadipatti (North), Pappampatti, Velasamudram, Andipatti, Chinnammapatti, Reddiampadi, Kavalapatti, R. Vadipatti (South), Sitharevu, Thathanaickenpatti (S), Sukkamanaickenpatti, Pethanaickenpatti, A-Kalayamputhur, Neikarapatti, Chinnakalayamputhur, Iravimangalam, Periyammapatti, Thamaraikulam, Kalickanaickenpatti, Kothaimangalam, Pachalanaickenpatti, Kombaipatti, Palani, Sivagiripatti and Tattankulam villages. Palani (M), Balasamudram TP, Ayakudi TP and Niekarapatti TP.",B_sub_tehsil_units(GP/village/circle/KC/PC/mouza)
128,Oddanchatram,"Oddanchatram Taluk Palani Taluk (Part) Vembanvalasu, Melakottai, Amarapoondi, Erramanaickenpatti, Kanakkampatti, Marichilambu, Thumbalapatti, Pudur, Akkaraipatti, Mettupatti, Velampatti, Thoppamapatti, Vagarai, Manoor, Vilvathampatti, Puliampatti, Mollampatti, Kottathurai, Melakaraipatti, Rajampatti, Muthunaickenpatti, Midapadi, Pushpathur, Kolumakondan, Kovilammapatti, Korikadavu and Thalaiyuthu villages. Keeranur (TP).",B_sub_tehsil_units(GP/village/circle/KC/PC/mouza)
129,Athoor,"Dindigul Taluk (Part) Sullerumbu, Gurunathanaickenur, Palakkanuthu, Nilamalakottai, K.Pudukottai, Alagupatti, Silvarpatti, Kothapulli, Kamachipuram, Tettupatti, Mangarai, Ammapatti, Kuthathupatti, Anaipatti, Sindalagundu, Tamaraikulam, Kasavanampatti, Panrimalai, Adalur, Chattirapatti, Palayakannivadi, Virakkal, Kummampatti, Pithalaipatti, Pillayarnatham, Alamarathupatti, Vakkampatti, Munnilakottai, Panjanpatti (N), Paraipatti, Manalur, Attur, Jivalsaragu, Kalikkampatti, Palayamkottai, Bodikamanvadi, Sitharevu, Kilakottai, Toppampatti, Ambathurai, and Aiyampalayam villages. Agaram (TP), Thadikombu (TP), Sriramapuram (TP), Kannivadi (TP), Chinnalapatti (TP), Sithayankottai (TP) and Ayyampalayam (TP).",B_sub_tehsil_units(GP/village/circle/KC/PC/mouza)
130,Nilakkottai (SC),Nilakkottai Taluk,A_whole_subdistricts_and_towns_only
131,Natham,"Natham Taluk Dindigul Taluk (Part) Tottanuthu, Rajakkapatti, Madur, Siluvathur, Vanganmanuthu, Markkampatti, Vajraservaikarankottai, Vathilathoppampatti, Thetthampatti, Ragalapuram, Koovanuthu, Adiyanuthu, A.Vellodu, Viralipatti, Vadakattupatti, Shanarpatti, Virasinnampatti, Avilipatti, Maranuthu, Jothampatti, Pudupatti, Sakkiliankodai, Timmananallur, Vembarpatti, Anjukulipatti, Konapatti, Emakkalapuram, Tavasimadai, Sirumalai, Kombaipatti, Sengurichi, Kambiliampatti, and Kanavaipatti villages. Panjampatti (TP).",B_sub_tehsil_units(GP/village/circle/KC/PC/mouza)
132,Dindigul,"Dindigul Taluk (Part) Settinaickenpatti, Alukkuvarpatty, Silapadi, Mullipadi, Ammakulathupatti, Tamaraipadi, Kovilur, Periyakottai and Kurumbapatti villages. Pallapatti (CT), Dindigul (M) and Balakrishnapuram (CT).",B_sub_tehsil_units(GP/village/circle/KC/PC/mouza)
133,Vedasandur,Vedasandur Taluk,A_whole_subdistricts_and_towns_only
134,Aravakurichi,"Aravakurichi Taluk Karur Taluk (Part) Vettamangalam (West), Vettamangalam (East), Kombupalayam, Thirukkaduthurai and Nanjaipugalur villages. TNPL Pugalur (TP), Punjaipugalur (TP) and Punjai Thottakurichi (TP).",B_sub_tehsil_units(GP/village/circle/KC/PC/mouza)
135,Karur,"Karur Taluk (Part) Nanjai Kadambankurichi, Punjai Kadambankurichi, Nanniyur, Kuppuchipalayam, Vangal, Nerur North, Nerur South, Achamapuram, Somur, Panchamadevi, Minnampalli, Manmangalam, Athur, Andankoil (West), Kadaparai, Thirumanilaiyur and Andankoil East villages. Inam Karur (TP), Karur (M) and Thanthoni (TP).",B_sub_tehsil_units(GP/village/circle/KC/PC/mouza)
136,Krishnarayapuram (SC),"Karur Taluk (Part) Koyampalli, Sanapiratti, Melapalayam, Emur, Karuppampalayam, Appipalayam, Pallapalayam, Thalapatti, Puthampur, Kakkavadi, Manavadi, Jegadabi, Vellianai (North), Mookanankurichi, Paganatham, K.Pichampatti and Vellianai (South) villages. Puliyur (TP) and Uppidamangalam (TP). Krishnarayapuram Taluk (Part) Balarajapuram, Renganathapuram (North), Renganathapuram (South), Mayanur, Thirukkampuliyur, Manavasi, Chithalavai, Kammanallur, Mahadhanapuram (North), Sengal and Muthurengampatti villages. Krishnarayapuram (TP) and P.J. Cholapuram (TP). Kulithalai Taluk (Part) Pappayambadi, Vadavambadi, Manjanaickenpatti, Pannapatti, Vellapatti, Keeranur, Thennilai, Varavanai, Melappaguthi, Kalayapatti, Devarmalai, Adhanur, Sembianatham, D.Edayapatti (West), D.Edayapatti (East), Palaviduthi, Mullippadi, Mavathur, Keelappaguthi and Valvarmangalam villages.",B_sub_tehsil_units(GP/village/circle/KC/PC/mouza)
137,Kulithalai,"Krishnarayapuram Taluk (Part) Chinthalavadi, Pillapalayam, Kallapalli, Karuppathur R.F., Vayalur, Veeriyapalayam, Panjapatti, Pothuravuthanpatti, Pappakkapatti, Sivayam (North), Sivayam (South), Kosur, Mathagiri and Thondamanginam villages. Kulithalai Taluk (Part) Karuvappanaickenpettai, Vadhiyam, Manathattai, Vaiganallur (North), Vaiganallur (South), Rajendram (North), Rajendram (South), Kumaramangalam, Poyyamani, Sooriyanur, Mudalaipatti, Seplapatti, Neidalur (North), Neidalur (South), Thalinji, Kallai, Inungur, Nallur, Eranyamangalam, Sathiyamangalam, Chinniyampalayam, Gudalur, Puthur, Alathur, Rachandarthirumalai, Puluderi, Vadaseri, Kalladai, Thogamalai, Kalugur, Naganur, Porundalur, Pathiripatti, Uthuppatti and Pillur villages. Kulithalai (M), Marudur (TP) and Nangavaram (TP).",B_sub_tehsil_units(GP/village/circle/KC/PC/mouza)
138,Manapparai,"Manapparai Taluk (Part) Pudur, Vaiyamalaipalayam, Vellalapatti, Aniyappur, Veeramalai RF, Seegampatti, Usilampatti, Poigaimalai RF, Vadagupatti, Vengaikurichi, Amayapuram, Amayapuram RF, Nallampillai, I.Kovilpatti, V.Periapatti, Dhavalaveeranpatti, Mohavanur (North), Mohavanur (South), Sekkanam, Palayankottai, I.Reddiapatti, Chettiapatti, Malayandipatti, Poigaipatti, Sampatti, Sooliapatti, Athampatti, F.Keelaiyur, Thottiapatti, Thathanur, Amanakkampatti, Kannivadugampatti, Pannapatti (East), Pannapatti (West), Ayanreddiapatti, Vaiyampatti, Mookureddiapatti, Kumaravadi, Nadupatti, Puduvadi, Pudukottai, Ponnambalapatti, Elamanam, Kannuthu, Kumarikatti Hills RF, Karuppur, Puthanatham, Thirunellipatti, Vellayakonepatti, Pirampatti North, Pirampatti (South), Thenur, Ayanpudupatti, Uthukuli, Vembanur, Kannukuli, Kodumbapatti, Pallakurichi, Kalingapatti East, Kalingapatti West, Ayamporuvai, Valanadu, Paluvanji East, Paluvanji West, Muthalvarpatti, Karumalai, Ammachtram, Endapuli, Kanjannaickanpatti, Velakurichi, Venkatanayakanpatti, Marungapuri, T.Idayapatti, Yagapuram, Nallur, Karaipatti, Sevalpatti, Ikkaraikosakurichi, Akkiyampatti, Alagapuri, Lekkanayakanpatti, Thethur and Sevandampatti villages. Manapparai (M) and Ponnampatti (TP).",B_sub_tehsil_units(GP/village/circle/KC/PC/mouza)
139,Srirangam,"Tiruchirappalli Taluk (Part) Tiruchirappalli (M Corp.) Ward No.1 to 6 Srirangam Taluk (Part) Paneyapuram, Uthamsevi, Kilikoodu, Malliampathu, Somarasampettai, Kumaravayalur, Mullikarumbur, Koppu North, Koppu South, Podavur, Puliyur, Adavathur (West), Adavathur (East), Nachikurichy, Sholanganallur, K.Kallikudy North, K.Kallikudy South, Thayanur, Navalurkottapattu, Ariyavoor-Ukkadaiariyavoor, Periyanayakichatram, Ammapettai, Kulathur, Mathur, Sethurapatti, Alundur, Paganur, Nagamangalam, Kottapattu, Mekkudi, Mudikandam, Kolakkattagudy, Thorakkudy, Thirumalaisamudram, Olaiyur, Palur, Mutharasanallur, Kambarasampettai, Marudankakurichi, Pettavathalai, Perugamani, Tirupparaithurai, Andanallur, Kodiyalam, Kulumani, Periakaruppur, Tiruchendurai, Kadiyakurichy, Mekkudy, Allur and Perur villages. Sirugamani (TP) Manapparai Taluk (Part) Thoppampatti, Mandipatti, K.Periapatti North, Edayapatti, Chettichatram, Chithanatham, K.Periapatti South, Samudram, Sathirapatti, Kannudayanpatti, Kalingapatti and Madampatti villages. Iluppur Taluk (Part) Komangalam village**. [**Although Komangalam village is in Pudukkottai revenue district, it is physically and geographically located within boundaries of 139 Srirangam AC]",C_ward_or_EB_level
140,Tiruchirappalli (West),Tiruchirappalli Taluk (Part) Tiruchirappalli (M Corp.) Ward No.39 to 42 and 44 to 60.,C_ward_or_EB_level
141,Tiruchirappalli (East),"Tiruchirappalli Taluk (Part) Tiruchirappalli (M Corp.) Ward No.8 to 26, 33 to 35, 37, 38 and 43.",C_ward_or_EB_level
142,Thiruverumbur,"Srirangam Taluk (Part) Panayakurichy, Kilamullakudy, Kuvalakkudy, Vengur, Natarajapuram, Arasangudy, Kiliyur, Pathalapattai, Agaram, Ellakudy, Alathur, Kilakurichy, Kilakalkandarkottai, Sholamadevi, Valavandankottai, Tirunedunkulam, Asur, Elandapatti, Kumbakudy, Gundur, Sooriyur and Kandalur villages. Tiruchirappalli Taluk (Part) Tiruchirappalli (M Corp.) Ward No.7, 27 to 32 and 36. Pappankurichi (CT), Thiruverumbur (TP), Koothappar (TP), Krishnasamudram (CT), Thuvakudi (TP), Navalpattu (CT) and Palaganangudy (CT).",C_ward_or_EB_level
143,Lalgudi,Lalgudi Taluk,A_whole_subdistricts_and_towns_only
144,Manachanallur,"Manachanallur Taluk Musiri Taluk (Part) Pulivalam, Vengaimandalam, Moovanur, Peramangalam, Kattukulam, Komangalam, Neiveli, Thinnakonam, Ayyampalayam, Evur, Kodunthurai, Sithambur, Amoor, Gunaseelam, Thiruthalaiyur, Thuraiyur pudupatti, Karattampatti, Thinnanur, Manparai, Sukkampatti, Thiruthiamalai, Mangalam, Thulayanatham, Jeyankondam (T.Puthur), Perur, Valavandhi East and Valavandhi (West) villages.",B_sub_tehsil_units(GP/village/circle/KC/PC/mouza)
145,Musiri,"Thottiyam Taluk Musiri Taluk (Part) Pillapalayam, Karikali, Vadamalaipatti, Karkudi, Urakkarai, Mahadevi, Jambumadai, Valasiramani, Anjalam, Konappampatti, Devanur, Arachi, Valaiyeduppu, Paithambarai, Serugudi, Poolancheri, Soorampatti, Mavilipatti, Thumbalam, Sittilavai, Muthampatti, M.Pudupatti West, M.Pudupatti East, Kamatchipatti, T.Puthur, Mooveli I, Sevanthilingapuram, Umaiyalpuram and Vellur villages. Morupatti (TP), Thathaiyangarpet (TP) and Musiri (TP)",B_sub_tehsil_units(GP/village/circle/KC/PC/mouza)
146,Thuraiyur (SC),"Thuraiyur Taluk Musiri Taluk (Part) Kottathur, Puthanampatti and Abinimangalam villages.",B_sub_tehsil_units(GP/village/circle/KC/PC/mouza)
147,Perambalur (SC),"Veppanthattai Taluk Perambalur Taluk Kunnam Taluk (Part) Sirugavayal, Nakkaselam, Elandalapatti, T.Kalathur, Puduammapalayam, Kannapady, Thenur, Mavilingai, Naranamangalam, Nattarmangalam, Chettikulam, Irur, Padalur (West) and Padalur (East) villages.",B_sub_tehsil_units(GP/village/circle/KC/PC/mouza)
148,Kunnam,"Sendurai Taluk Kunnam Taluk (Part) Thirumandurai, Pennakonam (South), Ogalur (West), Aduthurai, Ogalur (East), Athiyur (North), Athiyur (South), Agaram Sigoor, Vasistapuram, Keelaperambalur, Vayalapadi, Kilumathur (South), Kilumathur (North), Vadakalur, Perumathur (North), Sirumathur, Keelapuliyur (North), Keelapuliyur (South), Perumathur (South), Andi Kurumbalur, Nannai (West), Nannai (East), Olaippady (West), Olaippady (East), Thungapuram (North), Thungapuram (South), Paravai (East), Paravai (West), Malavarayanallur, Elumur (East), Elumur (West), Asur, Sithali (East), Sithali (West), Perali (North), Perali (South), Othiyam, Periyammapalayam, Kunnam, Varagur, Kolapady, Puduvettagudi, Kadur (North), Kadur (South), Periavenmani (East), Periavenmani (West), Melamathur, Alagiripalayam, Thondappadi, Koothur, Adhanur (South), Adhanur (North), Kottarai, Sathanur, Sirukanpur (East), Sirukanpur (West), Varagupadi, Karai (East), Karai (West), Therani, Ayinapuram, Kolakkanatham, Kolathur (West), Kolathur (East), Thimmur, Gudalur, Bhujangarayanallur, Nochikulam, Athur, Sillakudi (North) and Sillakudi (South) villages. Labbaikudikadu (TP).",B_sub_tehsil_units(GP/village/circle/KC/PC/mouza)
149,Ariyalur,"Ariyalur Taluk Udayarpalayam Taluk (Part) T.Sholankurichi (North), Thathanur (East), Thathanur (West), Managethi, Venmankondan (West), Venmankondan (East), Parukkal (West), Parukkal (East), Naduvalur (East), Naduvalur (West), Suthamalli, Uliyakudi, Ambapur, Udayavarthiyanur, Keelanatham, Kadambur, Sathambadi, Govindaputhur, Sripurandan (North) and Sripurandan (South) villages.",B_sub_tehsil_units(GP/village/circle/KC/PC/mouza)
150,Jayankondam,"Udayarpalayam Taluk (Part) Olaiyur, Authukurichi, Sriraman, Rangiyam, Siluvaicheri, Alagapuram, Silambur (North), Silambur (South), Edayakurichi, Ayyur, Andimadam, Vilandai (North), Vilandai (South), Periakrishnapuram, Thirukalappur, Vangudi, Pappakudi (North), Pappakudi (South), Eravangudy, Anikuthichan (North), Anikuthichan (South), Koovathur (North), Koovathur (South), Kattathur (North), Kattathur (South), Kuvagam, Kodukkur, Marudur, Variyankaval, Devanur, Melur, Thandalai, Keelakudiyiruppu, Pirancheri, Vethiyarvettu, Kundaveli (West), Kundaveli (East), Kattagaram (North), Kattagaram (South), Muthuservamadam, Elayaperumalnallur, Pitchanur, Amanakkanthondi, Periyavalayam, Sooriyamanal, Elaiyur (West), Elaiyur (East), Edayar, Angarayanallur (East), Devamangalam, Ulkottai (North), Ulkottai (South), Guruvalapparkovil, Kulothunganallur, Thaluthalaimedu, Vembukudi, Udayanatham (West), Udayanatham (East), Kodalikaruppur, Cholamadevi, Anaikudam, Vanathirayanpattinam, Pilichikuzihi, T.Sholankurichi (South), Nayaganaipriyal, Kodangudi (North), Kodangudi (South), Edanganni, Thenkatchiperumalnatham, T.Palur, Karaikurichi, Irugaiyur and Valaikurichi villages. Varadarajanpettai (TP), Jayankondam (TP) and Udayarpalayam (TP).",B_sub_tehsil_units(GP/village/circle/KC/PC/mouza)
151,Tittakudi (SC),Tittakudi Taluk,A_whole_subdistricts_and_towns_only
152,Vriddhachalam,"Vriddhachalam Taluk (Part) Setuvarayankuppam, A. Marur, Maligaimedu, Kothanur (Pandavanpattu), Aathiyur, Kolapakkam (Eranji), Iyvathukudi, Elangiyanur, Valasai, Siruvambur, T. Maveetanathal, Kattuparur, Visalur, Karnatham, Kovilanur, Pallipattu, Rubanarayananallur, Puvanur ko, Kattiyanallur, Pavalangudi ko, Puliyur, Palakkollai, Nadiyapattu, Mudappuli, Iruppu, Irulakkurichi, Manakkollai, Aladi, Mattur, Periyavadavadi, Vijayamanagaram, Agaram, Parur, Edaichchithur, Pinjanur, Memathur, Vannathur, Nallur, Nagar, Seppakkam, Kattumayilur, Keelakurichi, Melakurichi, Periyanesalur, Sirunesalur, Veppur, Naraiyur, Tirupeyur, Ko. Kothanur, Chittur, Sathiyam, Kachiperumanatham, Chinnaparur, Erumanur, Chinnavadavadi, Sembalakkurichi, Kavanai, Chitterikuppam, Irusalakuppam, Palaiyapattinam, Kotteri, Periyakappankulam, Chinnakappankulam, Kolliruppu, Ammeri, Mudanai, Narimanam, Kachirayanatham, Gopurapuram, Kanadukandan, Chinnapandarankuppam, Kuppanatham, Pudukuraipettai, Manavalanallur, Komangalam, Paravalur, Thoravalur, Vilangattur, Padukalanatham, Kirambur, Mannampadi, T. Poudaiyur, Varambanur, Kaliyamedu, Poolambadi, Niramani, Idaiyur, Perambalur, Kodukkur, Mukundanallur, Sathukudal {Melpathi}, Sathukudal [Kilpathi], Ka.Elamangalam, Alichikudi, Nemam, Karuveppilankurichi, Peralaiyur, Alanduraipattu, Sathiyavadi, Pu.Kollathankurichi, Therkuvadakkuputtur, Vettakudi, Vannankudikadu, Rajendirapattinam and Chinnathukurichi villages. Mangalampet (TP) and Virudhachalam (M).",B_sub_tehsil_units(GP/village/circle/KC/PC/mouza)
153,Neyveli,"Panruti Taluk (Part) Panikkankuppam, Maligampattu, Siruvathur, Elandampattu, Tiruvamur, Visur, Karukkai, Semmedu, Meliruppu, Kiliruppu, Talambattu, Kadampuliyur, Melmambattu, Purangani, Kilmambattu, Alagappasamudram, Silambinathanpettai, Puliyur (West), Koranapattu, Madanagopalapuram, Vegakollai, Marungur, Vallam, Nadukuppam, Perperiyankuppam, Kilkangeyankuppam, Melkangeyankuppam, Virasingankuppam, Kattugudalur, Sorathur, Vengadampettai, Peikanatham, Annadanampettai, Kilur, Vadakuthu, Vadakkumelur, Vanadirayapuram and Tenkuthu villages. Neyveli (TS).",B_sub_tehsil_units(GP/village/circle/KC/PC/mouza)
154,Panruti,"Panruti Taluk (Part) Paithambadi, Kavanur, Ulundamabattu, Enadirimangalam, Kurathi, Akkadavalli, Kandarakkottai (North), Pulavanur, Melkumaramangalam (South), Pagandai, Kongarayanur, Kolipakkam, Maligaimedu, Thirasu, Poondi, Thiruthuraiyur, Kayapakkam, Karumbur, Aviyanur, Alagapperumalkuppam, Oraiyur, Varinjipakkam, Panapakkam, Poongunam, Melkavarapattu, Kilkavarapattu, Perumalnaickenpalayam, Chittarasur, Palur, Elumedu, Lakshminarayanpuram, Kanisapakkam, Kottambakkam, Pandarakkottai, Manamthavizhnthaputhur, Sirugramam, Natham, Melarungunam, Rayarpalayam, Manappakkam, Anguchettipalayam, Sanniyasipettai, Eidanur, Ariyirundamangalam, Sundaravandi, Kilarungunam, Kilakuppam, Pallavarayanatham, Palappattu, Sirunangaivadi, Sathippattu, Semakottai, Kolapakkam and Veerapperumanallur villages. Melpattampakkam (TP), Nellikuppam (M), Panruti (M) and Thorapadi (TP).",B_sub_tehsil_units(GP/village/circle/KC/PC/mouza)
155,Cuddalore,"Cuddalore Taluk (Part) Cuddalore Port, Melakuppam, Nallathur, Thukkanampakkam, Tennambakkam, Chellancheri, Pudukkadai, Vadapuram kilpadi, Kilinjikuppam, Singirikkudi, Madalpattu, Kil Alinjipattu, Nagappanur, Melalinjippattu, Udalappattu, Kilkumaramangalam, Karanapatu, Pallippattu, Malaipperumal, Agaram, Ullerippattu, Karaimedu, Tiruppanambakkam, Kalaiyur, Alagiyanatham, Irandayiravilagam, Vellapakkam, Marudadu, Nattapattu, Velisemmandalam, Chinnakanganankuppam, Subauppalavadi, Gunduuppalavadi, Uchimedu, Periyakanganankuppam, Kondur, Tottappattu, Senjikumarapuram, Varakalpattu and Karamanikuppam villages. Cuddalore (M) and Padirikuppam (CT).",B_sub_tehsil_units(GP/village/circle/KC/PC/mouza)
156,Kurinjipadi,"Cuddalore Taluk (Part) Kunamangalam, Pillali, Tiruvandipuram, Karuppadithundu, Arisipperiyankuppam, Kumarapettai, Otteri, Tirumanikkuli, Vanamadevi, Vilangalpattu, Naduvirappattu, Chennappanayakkanpalayam, Vellakarai, Ramapuram, Mavadipalayam, Karaiyeravittakuppam, Vettukkulam, Ponnaiyankuppam, Pachchyankuppam, Kudikkadu, Karaikkadu, Annavalli, Gangamanayakkankuppam, Valudambattu, Tondamanatham, Sedappalayam, Tiyagavelli, Sembankuppam, Kodandaramapuram, Ambalavanampettai, Toppukollai, Thimaravuthankuppam, Krishnankuppam, Thambipalayam, Ayikuppam, Agaram, Anukkambattu, Tiruchchepuram, Kayalpattu, Kambalimedu, Alappakkam, Puvanikuppam, Idankondambattu, Akgatimmapuram, Ranganathapuram, Kesavanarayanapuram, Tambipettai, Peddunayakkankuppam, Kanjamandanpettai, Thaiyalgunampattinam, Tirttanagari, Adinarayanapuram, Tanur, Andarmullippallam, Sirupalaiyur, Karuveppambadi, Kannadi, Adurkuppam, Virupakshi, Rajakuppam, Karunguli, Kolakkudi, Nayinakuppam, Maruvay, Arangamangalam, Kurinjipadi, Kalkunam, Guruvappanpettai, Poothampadi, Melapuduppettai, Aduragaram, Kothavacheri and Kundiyamallur villages. Kurinjipadi (TP) and Vadalur (TP).",B_sub_tehsil_units(GP/village/circle/KC/PC/mouza)
157,Bhuvanagiri,"Vriddhachalam Taluk (Part) Ponneri (Ko), Karkudal, Mavaidandal, Sathamangalam, U.Kolappakkam, Arasakuli, U.Agaram, Uthangal, Kunankurichi, U.Mangalam, Vadakkuvellur, Periyakurichi, Sepalanatham, Kottagam, Uyyakondaravi, Kilpathi, Managathi, Melpathi, Melpappanapattu, Neyveli, Veppankurichi, Mummudicholagan, Kammapuram, Keeranur, Gopalapuram, Kumaramangalam, Ko.Adhanur, Sottavanam, Karmangudi, Sakkaramangalam, Valliyam, Melapalaiyur, Keeranur, Marungur, Tholur, Kodumanur, Keelapalaiyur, Devangudi, Puttur Ka., Siruvarappur, Sattapadi, U.Adhanur, Tharmanallur, Vilakkapadi, Peruvarappur, Kottumulai, Kavanur, Keeramangalam, Perundurai, Pavalangudi and Ottimedu villages. Gangaikondan (TP). Chidambaram Taluk (Part) Kathazhai, Velayamadevi kilpathi, Turinjikollai, Pinnalur, Kulakudi, Ellaikudi, Kummadimulai, Jayankondam, Nathamedu, Chokkankollai, Sattappadi, Vadukkuthittai, Krishnapuram (Vada), Marudur, Thalaikulam (Vada), Prasannaramapuram, Ambapuram, Nallikollai, Erumbur, Valayamadevi (Melpathi), Agara Alambadi, Adanur (Bhuvanagiri), Periya Nerkunam, Chinna Nerkunam, Viramudaiyanatham, Anaivari, Miralur, Manjakkollai, Uluttur, Thalaikulam (Then), Krishnapuram (Then), Melmanakkudi, Sitheri, Therkuthittai, Pootharayanpettai, Alambadi(Kasba), B.Udaiyur, Siyappadi, Sattamangalam, Vatharayanthethu, Kilavadinatham, Azhichikudi, Vandarayanpattu, Vayalur, Keerapalayam, Tiruppaninatham, Vada Harirajapuram, Thathampettai, Ayipettai, Kiliyanur, Orathur, Paradur, Buthangudi, Velliyakudi, Palayancherthangudi, Sakkangudi, Puliyagudi (Harirajapuram), Then Harirajapuram, C.Melvanniyur, Ennanagaram, Kannangudi, Kizhnatham, Edayanpalacheri, Mathuranthaganallur, Poonthottam, Vakkur, Vadappakkam, Veyyalur, Vazhakollai, Odakakkanalur, Tharasur, Devangudi, K.Adoor, C.Virasezhagan, Tuniseramedu, Poongodi, Pannapattu, Ayyanurakkaramangalam, Manakudiyaniruppu, Vilagam, Sethiyur, Kulappadi, Vadakkuviruthangam, T.Manalur, Therkuviruthangan, T.Madappuram, Sirugalur, Esanai, Sengalmedu, Kodiyalam, Mugaiyur, Perungalur and T.Neduncheri villages. Sethiathoppu (TP) and Bhuvanagiri (TP).",B_sub_tehsil_units(GP/village/circle/KC/PC/mouza)
158,Chidambaram,"Chidambaram Taluk (Part) Vaiyalamur, Poovalai, Alamelumangapuram, Palvathunnan, Manikollai, Periyapattu, Silambimangalam, Villiyanallur, Kothattai, Ariyakoshti, Chinnakummatti, Velangippattu, Sendirakillai, Kizhamanakudi, Tachchakkadu, Manjakuzhi, Periyakumatti, Nanjaimaghattuvazhkai, B.Maduvankarai, Mutlur, B.Mutlur, B.Adhivaraganallur, B.Arunmozhidevan, Ayipuram, Kuriyamangalam, Melmungilladi, Kozhamungiladi, Punjimangattuvalkkai, Thillaividangan, Pinnattur, Kezhanuvampattu, Melanubavambattu, Palunthankarai, Melchokkanathanpettai, Lalpuram, Tillainayakanpuram, Kovilampundi, Kodippallam, Radhavilagam, Uthamasozhamangalam, Pichavaram, Thandavarayancholanganpettai, Kanakkarapattu, Nakkaravanthangudi, Chidambaranathanpettai, Meethikudi, Pallippadai, Parameswaranallur, C.Thandeswaranallur, C.Kothangudi, Kumaramangalam, Vasaputhur, Kavarapattu, Kezhaperambai, Thirukazhipalai (Kezh), Chittalappadi, Usuppur, Chidambaram, Nanjalur, Chittimuttu, Kadavacheri, Sivapuri, Pettai, Varagur, Thirukazhipalai (Mel), Ambigapuram, Jayankondapattinam, Perampattu, Saliyantoppu, Koothankoil, Elanangur, C.Vakkaramari, Sivayam, Pulamedu, Thavarthampattu, Kattukudalur, Vaiyur, Agaranallur, Vallampadugai, Kezhakundalapadi and Erukankattupadugai villages. Parangipettai (TP), Killai (TP), Chidambaram (M) and Annamalai Nagar (TP)",B_sub_tehsil_units(GP/village/circle/KC/PC/mouza)
159,Kattumannarkoil (SC),Kattumannarkoil Taluk,A_whole_subdistricts_and_towns_only
160,Sirkazhi (SC),"Sirkazhi Taluk (Part) (Except 3 villages I.e. Keezhaiyur, Mezhaiyur and Vanagiri).",B_sub_tehsil_units(GP/village/circle/KC/PC/mouza)
161,Mayiladuthurai,"Mayiladuthurai Taluk (Part) Siddamalli, Kurichi, Kaduvangudi, Elanthoppu, Pattavarthi, Kadambakkam, Mudikandanallur, Tiruchitrambalam, Kadalangudi, Attur, Kesingan, Kiloy, Thiruvalaputhur, Varadampattu, Talainayar, Talainayar II Bit, Sethur, Ponmasanallur, Melanallur, Villiyanallur, Thalancheri, Namasivayapuram, Budangudi, Kali II Bit, Kali -I, Ivanallur, Korukkai, Aruvappadi, Keelamarudandanallur, Dharmadanapuram, Mozhaiyur, Anathandavapuram, Nidur, Kanganamputhur, Arulmolithevan, Pandur, Thirumangalam, Murugamangalam, Alangudi, Thirumanacheri, Ponnur, Maharajapuram, Thiruindalur, Ulunthukuppai, Manakkudi, Vellalagaram, Pandaravadaimappadugai, Sholampettai, Vanadirajapuram, Kadalangudi, Villiyanallur, Kshetrapalapuram, Anaimelagaram, Muvalur, Sitharkadu, Pattamangalam, Mayiladuthurai, Nallathukudi, Seridiyur, Mannampandal, Kulichar, Kodangudi, Agarakkirangudi, Kovangudi and Maraiyur villages. Manalmedu (TP), Mayiladuthurai (M) and Kuthalam (TP).",B_sub_tehsil_units(GP/village/circle/KC/PC/mouza)
162,Poompuhar,"Tharangambadi Taluk. Sirkazhi Taluk (Part) Keezhaiyur, Mezhaiyur and Vanagiri villages. Mayiladuthurai Taluk (Part) Asikkadu, Tholuthalangudi, Thulasenthirapuram, Melaiyur, Senniayanallur, Inam Senniyanallur, Mekkirimangalam, Madhirimangalam, Tiruvalangadu, Inam Tiruvalangadu, Tiruvaduthurai, Palayagudalure, Kokkur, Maruthur, Perumalkoil, Keelaiyur, Sengudi, Valuvur, Thirunalkondacheri, Arivalur, Peruncheri, Kazhanivasal, Thathangudi, Pandaravadai, Manganallur, Kappur, Kozhaiyur, Ananthanallur, Komal - East, Komal - West, Peravur, Karuppur, Kanchivay, Palaiyur, Srikantapuram, Kothangudi, Gangadharapuram, Porumbur, Elumagalur, Nakkambadi, Mandai, Kilaparuthikudi, Melaparuthikudi, Nallavur, Kodimangalam, Melagalangan, Konerirajapuram I Bit, Sivanaragaram and Konerirajapuram II Bit villages.",B_sub_tehsil_units(GP/village/circle/KC/PC/mouza)
163,Nagapattinam,"Nagapattinam Taluk (Part) Kongarayanallur, Ambal, Kottapadi, Ervadi, Kidamangalam, Idaiyathangudi, Seshamulai, Arunmozhidevan, Alathur, Tenpidagai, Pandaravadai, Kuruvadi, Polagam, Porakudi, Tirupugalur, Kayattur, Madirimangalam, Puttagaram, Adalaiyur, Enangudi, Pudukkadai, Tirumarugal, Siyathamangai, Kattumavadi, Kothamangalam, Agarakondagai, Iravancheri, Segal, Tiruchengattangudi, Tirukkannapuram, Kottur, Vadagarai, Rarantimangalam, Tenkarai, Virkudi, Pillali, Melabudanur, Kilabudanur, Marungur, Gopurajapuram, Panangudi, Uttamacholapuram, Narimanam, Kuttalam, Turaiyur, Neykuppai, Periyakannamangalam, Kottarakkudi, Kilathanjavur, Tiruppayathangudi, Karaiyur, Vazhkkudi, Kangalancheri, Perungandambanur, Vadakudi, Nagore (Kottagam), Thethi, Palaiyur, Ilamkadambanur, Themangalam, Sirangudipuliyur, Sengamangalam, Sellur, Ivanallur, Andanapettai, Poravacheri, Sikkal and Ponveli villages. Thittacheri (TP) and Nagapattinam (M).",B_sub_tehsil_units(GP/village/circle/KC/PC/mouza)
164,Kilvelur (SC),"Kilvelur Taluk Nagapattinam Taluk (Part) Aabaranadari, Pappakovil, Vadakkupoigainallur, Karuvalangadai, Orathur, Agaraorathur, Puduchery, Alangudi, Vadugachery, Mahadanam, Vadavoor, Therkupoigainallur, Kurichi, Agalangan and Sembiyanmahadevi villages. Thirukkuvalai Taluk (Part) Thenmarudur, Aadhamangalan, Anakkudi, Vadakkupanaiyur, Therkupanaiyur, Valivalam, Kodiyalathur, Paangal, Panangadi, Kolappadu, Kargudi, Thirukuvalai, Melavazhakarai, Madapuram, Meenamanallur, Vazhakarai, Esanur, Thiruvaimur, Ettugudi, Vallam, Keeramber, Mutharasapuram, Katchanagaram, Kothangudi, Tholuthur and Sithaimur villages.",B_sub_tehsil_units(GP/village/circle/KC/PC/mouza)
165,Vedaranyam,"Vedaranyam Taluk Thirukkuvalai Taluk (Part) Nathapallam, Puthur, Manakkudi, Vadugoor, Neermulai, Thiruvidaimaruthur, Koothangudi, Pannatheru and Aaimoor villages.",B_sub_tehsil_units(GP/village/circle/KC/PC/mouza)
166,Thiruthuraipoondi (SC),"Thiruthuraipoondi Taluk Mannargudi Taluk (Part) Renganathapuram, Panaiyur, Nokkam Ukkadai, Kottur Thottam, Kottur, Puzhuthikudi, Alathur, Karuppukilar, Vattar, Paingattur, Orathur, Nallur, Akkarai Kottagam, Thirukkalar, Kuruchimoolai -I, Kuruchimoolai -II, Narayanapuram Kalappal, Venkathangudi, Kezhuvathur, Manankathankottagam, Palaiyur, Peruvidamaruthur, Terkkunanalur, Naruvalikkalappal, Kulamanickam, Devadanam, Mannukkumundan, Perugavaazhnthaan, Perungavalandan, Serukalathur, Sithamalli, Nochiyur, Puthagaram, Malavarayanallur, Kunniyur, Pallivarthi, Vikrapandiam, Sendamangalam, Nemmeli (Kottur Firka), Adichapuram and Irulneekki villages.",B_sub_tehsil_units(GP/village/circle/KC/PC/mouza)
167,Mannargudi,"NidamangalamTaluk (Part) Koilvenni, Nagar, Kaattusannavur Pannimangalam, Chittamallimelpadi, Adhanur, Munnaval Kottai, Munnaval Kottai (Part), Chettichatram, Pullavarayankudikadu, Rayapuram, Kalacheri, Parappanamedu, Poovanur, Vaiyakalathur, Olimathi, Ottagudi, Palangalathur, Hanumanthapuram, Perambur, Rishiyur, Athangudi, Vellakudi, Keelalavandhacheri, Melalavandhacheri, Annavasal, Annavasal Thenpathi, Pududevangudi, Arichapuram, Sithambur, Sekarai and Aaikudi villages. Needamangalam (TP). Mannargudi Taluk (Part) Kandamangalam, Nalamsetthi, Nemmeli (Talayamangalam Firka), Kuruchi, Moovarkottai, Vaduvur Melpathi, Vaduvur Agraharam, Vaduvur Vadapathi, Eda Melaiyar - I, Eda Melaiyar -II, Eda Melaiyar -III, Eda Keezhiyur - I, Eda Keezhiyur - II, Paruthi Kottai, Kalanjimedu, Vadakkaravayal, Pamini, Karnavur, Savala Karan, Aravathur, Rajalikudikkadu, Moovanallur, Kallar Embethi, Edayarembethi, Melavasal, Kumarapuram, Vaduvur Thenpathi I, Vaduvur Thenpathi -II, Karakottai, Peraiyur - I, Peraiyur II, Peraiyur -III, Peraiyur IV, Athikottai, Serumangalam -I, Serumangalam -II, Karikottai, Neduvakkottai, Gopiralayam, Ramapuram, Kailasanatharkoil, Mudal Sethi, Moonam Sethi, Maravakkadu, Serankulam, Asesham, Thirupalakudi I, Thirupalakudi II, Thirupalakudi-III, Nemmeli (Ullikottai Firka), Karuvakuruchi -I, Karuvakuruchi - II, Thalikottai, Mahadevapattinam I, Mahadevapattinam II, Ullikottai -I, Ullikottai -II, Koopachikkottai, Rajasambal Puram, Paravakkottai-I, Paravakkottai-II, Painganadu, Thulasenthirapuram, Sundarakkottai, Edayarnatham, Thenpathi, Vadapathi, Ethakkudi, Talayamangalam, Radhanarasimmapuram, Vallur, Thirumakkottai -I, Thirumakkottai - II, Melanatham, Thenparai, Palayakottaiparasapuram and Elavanur villages. Mannargudi (M).",B_sub_tehsil_units(GP/village/circle/KC/PC/mouza)
168,Thiruvarur,"Thiruvarur Taluk Kodavasal Taluk (Part) Kappanamangalam, Arasavanangadu, Deepangudi, Keerangudi, Pulavanallur, Vadakandam, Mannakkal, Engan, Karaiyappalaiyur, Neikuppai, Keelapalaiyur, Uthirangudi, Elaiyur, Thirukkalambur, Sellur, Melaathichamangalam, Arpar, Aaykudi, Ammaiyappan, Thirukkannamangai, Agarathirunallur, Kattur, Elavangargudi, Anaivadapathi, Kavanur, Nattuvakkudi, Athicholamangalam, Krishnankottagam, Urkudi, Valavanallur, Pathur, Abivirutheeswaram, Kamukakudi, Viswanathapuram, Perumalagram, Naalilondru, Melathirumathikkunnam, Thiyagarajapuram, Kulikkarai, Peruntharakkudi, Devarkandanallur, Kamalapuram, Erukattur, Paruthiyur, Kankoduthavanitham, Melaradhanallur, Thittanimuttam, Vidayapuram, Musiriyam, Thiruvidavasal and Kalathur villages. Koradacheri (TP). NidamangalamTaluk (Part) Vakranallur, Sithanakudi, Vengaramberaiyur, Punavasal, Poonthalangudi, Keelamanali, Ohaiperaiyur, Agaravelukudi, Palaiyanur, Kothangudi, Vadagovanur, Thengovanur, Thirurameswaram, Manchanavadi, Overchery, Verkudi, Sathanur, Kakkaiyadi, Vadapathimangalam, Harichandrapuram, Pullamangalam, Kiliyanoor, Periyakothur, Manakkarai, Palakurichy, Chithraiyur, Sendangudi, Kulamanickam, Mavattakkudi, Seruvamani and Marangudi villages. Koothanallur (M).",B_sub_tehsil_units(GP/village/circle/KC/PC/mouza)
169,Nannilam,"Valangaiman Taluk Nannilam Taluk Kodavasal Taluk (Part) Vayalur, Vadamattam, Anniyur, Serugudi, Thiruppampuram, Suraikkayur, Alathur, Killiyur, Vadugakkudi, Vilagam, Thiruvizhimizhalai, Paravakkarai, Kadalangudi, Sarguneswarapuram, Vishnupuram, Sarabojirajapuram, VellaiAdambar, Thethiyur, Manavalanallur, Maruthuvakkudi, Koonthalur, Pudukkudi, Kandiramanickkam, Prathabaramapuram, Melaramansethi, Seethakkamangalam, Sethinipuram, Vikkirapandiyam, Puliyancheri, Paruthiyur, Sithadi, Adippuliyur, Serukalathur, Vadaver, Thiruvidacheri, Naranamangalam, Neduncheri, Neikkuppai, Semmangudi, Perumpannaiyur, Sengalipuram, Perumangalam, Annavasal, Manapparavai, Aladikaruppur, Melapalaiyur, Thirukkudi, Manjakkudi, Pudukkudi and Simizhi villages. Kodavasal (TP).",B_sub_tehsil_units(GP/village/circle/KC/PC/mouza)
170,Thiruvidaimarudur (SC),"Thiruvidaimarudur Taluk Kumbakonam Taluk (Part) Pangal, Sivapuram, Mangudi, Vittalur, Elandurai, Mallapuram, Katchukattu, Vilangudi, Ammangudi, Puthagaram, Irandankattalai, Poundarigapuram, Thandanthottam, Villiyavarambal, Krishnapuram, Sembiavarambal, Thukkatchi, Kumaramangalam, Kothangudi, Kovanur, Thiruppandurai, Natchiarkoil, Thirunariyur, Enanallur, Thandalam, Mathur, Kattur (Koohur), Perappadi, Keeranur, Semmangudi, Varvankarai Semmangudi, Velangudi, Vanduvancheri, Andalur, Nagarasampettai, Thirucherai, Injikollai, Paruthicheri, and Visalur villages.",B_sub_tehsil_units(GP/village/circle/KC/PC/mouza)
171,Kumbakonam,"Kumbakonam Taluk (Part) Athiyur, Vilandakandam, Kovilacheri, Kumarankudi, Uthamadani, Devanancheri, Neerathanallur, Kothangudi, Kothangudithattimal, Thirunallur, Kallur, Kallapuliyur, Koranattu Karuppur I, Agarathur, Kadichambadi, Valapuram, Thiruppurambiyam, Innambur, Eraharam, Asur, Inam Asur, Koranattu Karuppur II, Ammachatram, Muppakoil, Melakaveri, Bapurasapuram, Palavathankattalai, Miruthiyanchapadaiveedu, Ammathottam, Srinivasanallur, Malayappanallur, Mathi, Chidambaranatha Muthali Thootam, Thirumaignanam, Annalagraharam, Sholanaligai, Ariyapadaiveedu, Melakorukkai, Keelakorukkai, Palaiyanallur, Sakkottai, Karuppur, Marudanallur, Seshambadi, Thenampadugai, Udaiyalur, Thillaiyambur, Thippirajapuram, Madhavapuram, Thimmakudi, Thenam Padugai Thattimal, Sarangapanipettai, Darasuram and Marutadi villages. Cholapuram (TP), Ullur (CT), Perumandi (CT), Kumbakonam (M), Thirunageswaram (TP) and Dharasuram (TP).",B_sub_tehsil_units(GP/village/circle/KC/PC/mouza)
172,Papanasam,"Papanasam Taluk Kumbakonam Taluk (Part) Nagagudi, Valaiyapettai, Thiruvalanjuli, Sundaraperumalkoil- Thenpathi, Vellalapillayampettai, Thiruvalanjuli Thattimal, Patteeswaram and Vaniyakarambai villages. Swamimalai (TP).",B_sub_tehsil_units(GP/village/circle/KC/PC/mouza)
173,Thiruvaiyaru,"Thiruvaiyaru Taluk Thanjavur Taluk (Part) Indalur, Kadambangudi, Sholagampatti, Maraneri, Kangeyampatti, Kotrapatti, Thondarayampadi, Budalur, Kovilpathu, Chitrakudi Addl., Chitrakudi Chief, Rayanthur, IInd Ist Kalvirayampettai, Perumbur Sethi, Perumbur Sethi, Pillaiyarnatham, Seeralur, Vennalodai, Sakkarasamandam, Palliyeri, Velur, Narasanayagipuram, Thiruvedhikudi, Manangorai, Thandangorai, Mathur, Nallicheri, Thottakadu, Kondavattanthidal, Ramapuram, Thittai, Kudalur, Kurungalur, Melavelithottam , Ramanathapuram Chief, Ramanathapuram Addl., Vannarapettai Chief, Vannarapettai Addl., Alakudi Chief, Sellappanpettai, Veeranarasanpettai, Avarampatti, Nandavanapatti, Muthuveerakandiampatti, Vendayampatti, Surakudipatti, Rayamundanpatti, Pudukudi North, Manaiyeripatti, Sanoorapatti, Pudupatti, Marudakkudi, Kuruvadipatti, Vallam Pudursethi, Thirumalai Samudram, Sengipatti, Palaiyapatti Therkkusethi, Palaiyapatti Vadakkusethi, Pudukudi (S)and Achampatti villages.",B_sub_tehsil_units(GP/village/circle/KC/PC/mouza)
174,Thanjavur,"Thanjavur Taluk (Part) Pudupattinam, Avusahibthottam, Kadakadappai, Melachittakadu, Pinnainallur, Pulianthoppu and Pillaiyarpatti villages. Thanjavur (M), Neelagiri (CT), Nanjikottai (CT) and Vallam (TP).",B_sub_tehsil_units(GP/village/circle/KC/PC/mouza)
175,Orathanadu,"Thanjavur Taluk (Part) Vilar, Kandithampattu, Soorakkottai, Kulichapattu, Valamarakkottai, Kattur, Madigai, Pudur, Kollangarai, Kollangarai Vallundanpattu, Inathukanpatti, Nanjikottai Vallundanpattu, Thirukanurpatti, Sennampatti, Kurungulam Melpathi, Kurungulam Keelpathi and Marungulam villages. Orathanadu Taluk (Part) Karaimeendarkottai, Vandayarriruppu, Raghavambalpuram Part, Raghavambalpuram (Sadayarkoil), Moorthiambalpuram, Moorthiambalpuram (Panayakottai), Neivasal South (S) (Arasapattu), Neivasal South, Ponnappur (East) I, Ponnappur (East) II, Keelaulur, Ulur West, Kattukuruchi, Nadur, Karukkakottai, Panjanathikottai, Alivoikkal, Paruthikottai, Paruthiapparkovil, Ponnappur (West), Thalayamangalam, Kulamangalam, Kavarapattu, Okkanadukeelayur (Chief), Okkanadukeelayur (Addl.), Okkanadumelayur (Part), OkkanadumelayurSamayankudikadu, Kannathangudi East, Kannathangudi East addl., Kannathangudi West addl., Kannathangudi West urachi, Thennamanadu North, Thennamanadu South, Eachankottai, Samipatti, Poyyunddarkottai-I, Vadakkur North, Vadakkur South, Cholapuram, Vadukkukottai, Ayangudi, Mandalakkottai, Kovilur, Pudur, Palampudur, Kakkarai, Poovathur, Poovathur (Pudhunagar), Arumulai, Tirumangalakottai East, Tirumangalakottai East(colony), Tirumangalakottai West, Tirumangalakottai West(colony), Peikarambankottai, Pulavankadu, Thelungan kudikadu, Pinnayur East, Pinnayur West, Kakkarakottai, Thekkur, Adanakottai, Pachiyur, Sillathur, Pugal Sillathur, Tirunallur, Poyyundarkudikadu, Vellur, Thondarampet West, Thondarampet East, Kannugudi (West) Chief, Kannugudi (West) Addl., Kodiyalam, Vadaseri North, Vadaseri South, Paravathur, Kannugudi East, Vedavijayapuram, Avidanalla Vijayapuram, Nemilithippiakudi, Sankaranar Kudi Kadu, Vadakkukottai, Krishnapuram, Chinna Ammankudi, Illupaividuthy, Ammankudi, Thoppuviduthy, Akkarai Vattam, Surimurthypuram(Akkaravattam), Therkukottai, Cholagankudikadu, Vedanayagipuram, Ambalapattu North, Ambalapattu South, Ambalapattu South Sivakollai, Mullurpattikadu, Gopalapuram, Ramapuram, Medayakottai, Kilamangalam, Yoganayagipuram, Palankundarkudikadu, Keelavannipattu, Unjividuthy and Panikondaviduthy villages. Orathanadu (Mukthambalpuram) (TP). Alangudi Taluk (Part) (Pudukkottai District) Kalyaranviduthy, Kavalipatti, and Kaduvettividuthy villages**. [**Although Kalyaranviduthy, Kavalipatti and Kaduvettividuthy villages are in Pudukkottai revenue district, they are physically and geographically located within the boundaries of 175- Orathanadu AC.]",B_sub_tehsil_units(GP/village/circle/KC/PC/mouza)
176,Pattukkottai,"Pattukkottai Taluk (Part) Nemmeli, Keelakurichi West, Keelakurichi East, Avaikkottai, Bavajikkottai, Balajireguramasamudram, Kalichankkottai, Kaniyakurichi, Olayakunnam, Mohur, Andami, Karuppur, Pulavanji, Mahadevapuram, Musiri, Alathur, Vadugankuthagai, Sembalur, Ettupulikkadu, Karambayam, Veppankkadu Ukkadai, Veppankkadu, Enathi, Palamuthi, Aladikkumulai, Sukkiranpatti, Veerakurichi, Sendankadu, Thittakudi, Talikkottai, Alanpallam, Veppankulam, Madukkur, Gopalasamudram, Periyakkottai, Chokkanavur, Puliyakudi, Kadathankudi, Madurabashanipuram, Vikkiramam, Vadiakkadu, Moothakurichi, Nattuchalai, Athikkottai, Soorapallam, Santhankadu, Karagavayal, Nainankulam, Mudalcheri, Anaikkadu, Ponnavarayankottai, Ponnavarayankottai Ukkadai, Vendakkottai, Kasangadu, Regunathapuram, Vattakudi Ukkadai, Vattakudi, Athivetti West, Athivetti East, Ponkundu, Elangadu, Karappankadu, Siramelkudi, Reguramasamudram, PalayeeAgraharam, Kalyanaodai, Palaverikadu, Mannankadu, Thuvarankurichi North, Thuvarankurichi South, Pallikondan, Sendakkottai, Pudukkottai Ullur, Palanjur, Thamarankottai North, Thamarankottai South, Parakakalakottai, Krishnapuram, Thambikottai Melakkadu, Thambikottai Maravakad, Sundaram, Thambikottai Vadakadu, Pudukkottagam, Soundaranayakipuram, Narasingapuram, Chinna avadayar Koil, Mahilankottai, Chatramthokkalikadu, Thokkalikkadu, Adirampattinam, Eripurakarai and Rajamadam villages. Madukkur (TP), Pattukkottai (M) and Adiramapattinam (TP).",B_sub_tehsil_units(GP/village/circle/KC/PC/mouza)
177,Peravurani,"Peravurani Taluk Orathanadu Taluk (Part) Thaligaividuthi, Pandipalamavikadu, Vettuvakottai II, Vettuvakottai I, Senniaviduthy, Neivelivadapathy, Neiveli Thenpathy, Vengarai Periakottainadu, Vengarai Thippanvidudhi and Vengarai villages. Pattukkottai Taluk (Part) Nambivayal, Kollukkadu, Anandagopalapuram Vadapathi, Anandagopalapuram Thenpathi, Padirankottai Thenpathi, Padirankottai Vadapathi, Adambai North, Adambai South, Naduvikkottai, Kayavoor, Poovalur, Valuthalaivattam, Vattathikkottai Kollukkadu, Vattathikkottai U.Bimapuram, Edayathi North, Edayathi South, Sooriyanarayanapuram, Seruvaviduthi Vadapathi, Krishnapuram, Seruvaviduthi Thenpathi, Madathikkadu, Thuravikkadu, Punavasal West, Punavasal East, Kurichi, Neivaviduthi, Ananteswarapuram, Alivalam, Kondikulam, Manavayal, Thuvaramadai, Kalugapulikkadu, Pillankuli, Palathali, Ennaivayal, Eduthanivayal, Pannaivayal, Paingattuvayal, Kotthadivayal, Chokkanathapuram, Poovanam, Kattayankadu Ukkadai, Madampattavur, Ottankadu, Tiruchitrambalam West, Tiruchitrambalam East, Kalathur West, Kalathur East, Ottankadu Ukkadai, Naduvikurichi, Kattaiyankadu, Pukkarambai, Pallathur, Marudangavayal, Kullukkadu, Velivayal, Pudupattinam, Andikkadu, Ettivayal, Udayamudaiyan, Aladikkadu, Alaginayagipuram, Eralivayal, Karisavayal, Thandamaraikadu, Palliodiaivayal, Pudurivayal, Rendampulikadu, Alamathikkadu, Maravanvayal, Kallivayal and Sarabendrarajanpattinam villages. Alangudi Taluk (Part) *Kattathi village (*Although Kattathi village is in Pudukkottai Revenue District, it is physically and geographically located within the boundaries of 177.Peravurani A.C.)",B_sub_tehsil_units(GP/village/circle/KC/PC/mouza)
178,Gandharvakottai (SC),"Gandharvakkottai Taluk Kulathur Taluk (Part) Chettipatti, Vellaipillayarpatti, Kannangudi, Sengalur, Kattukottaipatti, Killukottai, Ulagankathanpatti, Killukulavoipatti, Rakathanpatti, Keelaiyur, Visalur, Puliyur, Keeranur, Nanjur, Marudur, Valiyampatti, Odugampatti, Udayalipatti, Kunnandarkovil, Themmavur, Minnathur, Vathanakottai, Perambur, Killanur, Veerakkudi, Kadambavayal, Mangathevanpatti, Pragathambalpuram, Narthamalai, Ammachatthiram, Uppiliyakkudi, Valamangalam, Seemanur, Sinaiakudi, Andakkulam, Sathinipatti, Vaithur, Seeranganpatti, Uchani, Thennangudi, Mootampatti, Narangiyanpatti, Vathanakuruchi, Thudaiyur, Satyamangalam, Irumpali, Melur, Vellanur, Muttukkadu, Vengavayal and Pungudi villages. Keeranur (TP). Alangudi Taluk (Part) Thattamanaipatti, Keerathur, Kilangadu, Mudalipatti, Sengamedu, Kallumadai, Pappapatti, Regunathapuram, Puduviduthy, Peyadipatti, Thiruppakovil, Odappaviduthi, Chinnankonviduthi, Vandanviduthy, Panduvakottai, Maruthankonviduthy, Mailankonepatti, Karumbaviduthy, Ambukovil, Pilaviduthy, Theethanviduthi, Kulanthiranpattu and Rangianviduthy villages. Karambakkudi (TP).",B_sub_tehsil_units(GP/village/circle/KC/PC/mouza)
179,Viralimalai,"Illupur Taluk (Except Komangalam village). Kulathur Taluk (Part) Kumaramangalam, Mathur, Singathakuruchi, Sengalakkudi, Mandaiyur, Latchmanapatti, Mettupatti, Sivakamipuram, Thennathirayanpatti, Palandampatti, Kalamavur, Neerpalani, Amburapatti, Madayanaipatti, Suriyur, Perambur, Alangudi, Vadugappatti, Melappuduvayal, Kolathur, Odukkur and Vemmani villages. Manaparai Taulk (Part) (Triuchirapalli District) Kavinaripatti, Puthakudi and Kappakudi villages**. [**Although Kavinaripatti, Puthakudi and Kappakudi villages are in Triuchirapalli revenue district, they are physically and geographically located within the boundaries of 179- Viralimalai AC.]",B_sub_tehsil_units(GP/village/circle/KC/PC/mouza)
180,Pudukkottai,"Pudukkottai Taluk Alangudi Taluk (Part) Pallavarayanpathai, IIaikadividuthi, Thirumanancheri, Pattathikadu, Kurumbivayal, Keelatheru, Therkutheru, Vadatheru, Vanakkankadu, Mullankuruchi South, Mullankuruchi North, Kanakkankadu, Karuppattipatti, Ayippatti, Valangondanviduthy, Vellalaviduthy, Adiranviduthy, Malaiyur, Therkutheru, Theethanipatty, Ponnamviduthy, Mankottai and Kalapam villages.",B_sub_tehsil_units(GP/village/circle/KC/PC/mouza)
181,Thirumayam,Thirumayam Taluk (Except Palakkuruchi village).,B_sub_tehsil_units(GP/village/circle/KC/PC/mouza)
182,Alangudi,"Alangudi Taluk (Part) Keelappatti Rasiamangalam, Pachikkottai, Kulanthai Vinayagar Kottai, Pudukkottai Viduthy, Melapatti Rasiamangalam, Melathur, Keelathur, Vadakadu, Pullanviduthy, Neduvasal Melpathi, Neduvasal Keelpathi, Andavarayapuram, Chettiendal, Anavayal I Bit, Anavayal II Bit, Latchuminarasimmapuram, Pulichangadu, Karambakkaduzamin, Karambakkadu Zamin II Bit, Seriyalur Inam I Bit, Seriyalur Inam II Bit, Panankulam, Kulamangalam South, Kulamangalam North, Kothamangalam South, Sendankudi, Nagaram, Mangadu, Kothamangalam North, Alangadu, Suranviduthy, Kallalangudy, Pallathividuthy, Pathampatti, Kuppagudi, Ayippati, Kovilur Devasthanam, Kovilur, Kothakkottai, Manjanviduthy, Kayampatti, Veppankudi, Imnampatti, Thiruvarangulam, Thirukkattalai, Kaikurichi, Vijayaragunathapuram, Poovarasakkudi, Maniyampalam, Vandakottai, Vallathirakottai, Kalangudi, Kanniyapatti, Nambukuli, Kudalur, Kathakkuruchi, Palaiyur, Muthuppattinam, Kulavoipatti, Thatchinapuram, Venkidakulam, Vennavalkudi, Araiyappatti, Keelaiyur, Senthakudi, Malakudi, Kothamangalam and Isugupatti villages. Alangudi (TP) and Keeramangalam (TP). Arantangi Taluk (Part) Maramadakki, Tirunalur, Paravakkottai, Kurumbur, Sirunattanvayal, Sengamari, Narpavalakkudi, Chidambaraviduthy, Thandhani, Chettikkadu, Avanathankottai, Erukkalakkottai, Poovathakkudi, Periyalur, Neivathali, Sathanendal, Neivelinathapuram, Merpanaikkadu, Vembangudi, Balakrishnapuram, Ramasamipuram, Mathur, Ayingudi, Vallavari, Mangudi, Marudangudi, Rajendirapuram, Silattur, Aliyanilai, Ettiyathali, Arasarkulam, Melpathi, Arasarkulam Keelpathi, Mangalanadu, Amarasimmendrapuram, Ambalpuram, Kodivayal, Vijayapuram, Chidambarapuram, Pidarikkadu, Thuthakkudi, Mannakudi and Manivilanvayal villages.",B_sub_tehsil_units(GP/village/circle/KC/PC/mouza)
183,Aranthangi,"Manamelkudi Taluk Avudayarkoil Taluk Aranthangi Taluk (Part) Alappirandan, Mookkudi, Rethinakkottai, Memangalam, Kovilvayal, Melappattu, Pallathivayal, Oorvani, Alangudi, Idaiyar, Kulathur, Puduvakkottai, Dharmarajanvayal, Kammangadu, Ulagalandanvayal, Veeramangalam, Perunavalur, Panjathi, Aamanji, Allaraimelavayal, Kundagavayal, Keelacheri, Sivandankadu, Vengur, Seenamangalam, Arunachalapuram, Kooganur, Rayanvayal, Thedakki, Karavayal, Nagudi, Ariyamaraikadu, Kalakkudi, Keelkudi, Ekanivayal, Egapperumalur, Adalaikalabhairavapuram, Karaikkadu, Athani, Kalakkamangalam, Thiruvappadi, Omakkanvayal, Nemmilikkadu, Munnuthanvayal, Pangayattankudi, Vellattumangalam, Kandichankadu, Piramanavayal, Ammanjakki, Manavanallur, Maivayal, Vettanur, Kongudi, Subramanyapuram and Sithakanni villages. Aranthangi (M)",B_sub_tehsil_units(GP/village/circle/KC/PC/mouza)
184,Karaikudi,"Devakottai Taluk Karaikudi Taluk (Part) Palaiyur, Sakkottai, Pananvayal (a) Pannampatti, Vellipatti, Periakottai, Kalathur, Nattuseri, Jeyankondan, Pukkudi, Ambakkudi, Kulappadi, Melamanakkudi, Kandanur, Sekkalaikottai, Karaikudi, Kalanivasal, Kovilur, Karaikudi RF, Ariyakkudi, Illuppaikkudi, Mathur, Sirugavayal, Pirambuvayal, Mithravayal, Sengathankudi, Periakottakudi, Pudur, Amaravathi, Senji and Kallupatti villages. Kandanur (TP), Puduvayal (TP) and Karaikkudi (M).",B_sub_tehsil_units(GP/village/circle/KC/PC/mouza)
185,Tiruppattur,"Tirupattur Taluk Karaikudi Taluk (Part) Kanadukathan, Kothamangalam, Pallathur, Kothari, Nerupugapatti, Athangudi, Aranmanaipatti, T.Soorakudi, Oyyakondansiruvayal, Kottaiyur, Kallankudi and Managirisukkanendal villages. Kanadukathan (TP), Pallathur (TP) and Kottaiyur (TP). Thirumayam Taluk (Part) (Pudukkottai District) Palakkuruchi village**. [**Although Palakkuruchi village is in Pudukkottai revenue district, it is physically and geographically located within the boundaries of 185- Tiruppattur AC.]",B_sub_tehsil_units(GP/village/circle/KC/PC/mouza)
186,Sivaganga,"Sivaganga Taluk Karaikudi Taluk (Part) Kiranippatti, Koothalur, Varivayal, Sethuregunathapattinam, Pilar, Devapattu, Kallal, Sambanur, Aranmanaisiruvayal, Kurudampattu, Sannavanam, Veppankulam, Vilavadiendal, Alampattu, Keelapoongudi, Thiruthipatti, Panangudi, Ilandamangalam, Mummudichanpatti, Malaikandan and Vetriyur villages.",B_sub_tehsil_units(GP/village/circle/KC/PC/mouza)
187,Manamadurai (SC),Manamadurai Taluk Ilayangudi Taluk,A_whole_subdistricts_and_towns_only
188,Melur,Melur Taluk,A_whole_subdistricts_and_towns_only
189,Madurai East,"Madurai North Taluk (Part) Kadavur, Naickanpatti, Poyyakaraipatti, Manjampatti, Chatrapatti, Malaipatti, Poolampatti, Velichanatham, Chinnapatti, Kallandhiri, Mangulam, Meenakshipuram, Savalakkarayan, Velliyankundram, Appanthirupathi, Andaman, Mathur, Pilluseri, Porusupatti, Chettikulam, Periyapatti, Kavanur, Therkupethampatti, Kulamangalam, Karuvanur, Mandikulam, Paraipatti, Kollankulam, Kuruthur, Jothiapatti, Erukkalainattam, Usilampatti, Kodimangalam, Koolapandi, Veerapandi, Vadugapatti, Boothakudi, Veppangulam, Chettikulam, Maranavariendal, Illuppakudi, Thuyyaneri, Arumbanur, Ayilangudi, Iraniyam, Kannikudi, Alattur, Pechikulam, Vagaikulam, Melapanangadi, Keelapanangadi, Thiruppalai, Kadakkinaru, Pudupatti, Sembiyanendal, Kodikulam, Thamaraipatti, Poolampatti, Valaichikulam, Thirukanai, Perakkur, Podasapatti, Narasingam, Mangalagudi, Uthangudi, Ulaganeri, Tirumohur, Ilangiyendal, Chittakkur, Panaikulam, S.Nedungulam, Vellaikuppam, Varaganeri, Nattarmangalam, Rajakur, Mundanayagam, Mailangundu, Thindiyur, Thathangulam, Kalikappan, Pulangulam, Kathavanendal, Veerapanjan, Vilathur, Vallankulam, Idayapatti, Isalani, Thatchanendal, Karuppukkal, Varichiyur, Seegankulam, Andarkottaram, Ilamanur, Pottapanayur, Vellakundu, Parayankulam, Alavandan, Kunnathur, Kozhikudi, Kondapettan, Karuppapillaiendal, Sakkimangalam, Udangundu, Ovalur, Senkottai, Kalimangalam, Karseri, Sakkudi, Ananjiyur and Angadimangalam villages. Anaiyur (TP), Kannanendal (CT), Naganakulam (CT), Othakadai (CT) and Vandiyur (CT).",B_sub_tehsil_units(GP/village/circle/KC/PC/mouza)
190,Sholavandan (SC),"Vadipatti Taluk Madurai North Taluk (Part) Siruvalai, Chellanagoundanpatti, Ariyur, Ambalathadi, Vittankulam, Vairavanatham, Vayalur, Sambakulam, Pillayarnatham, Moolakurichi, Thodaneri, Thenur, Samayanallur, Kallikudi, Keelanedugulam, Podumbu, Adalai, Pattakkurichchi and Kovilkurundhankulam villages.",B_sub_tehsil_units(GP/village/circle/KC/PC/mouza)
191,Madurai North,"Madurai South Taluk (Part) Madurai (M Corp.) Ward No.2 to 8, 11 to 15 and 17 to 20. Madurai North Taluk (Part) Melamadai (CT).",C_ward_or_EB_level
192,Madurai South,"Madurai South Taluk (Part) Madurai (M Corp.) Ward No.9, 10, 16, 39 and 43 to 59.",C_ward_or_EB_level
193,Madurai Central,"Madurai South Taluk (Part) Madurai (M Corp.) Ward No.1, 21 to 38 and 40 to 42.",C_ward_or_EB_level
194,Madurai West,"Madurai North Taluk (Part) Koilpappakudi village. Paravai (TP) and Vilangudi (TP). Madurai South Taluk (Part) Kodimangalam, Melamathur, Keelamathur, Kilamathikattinan, Thuvariman, Achampattu, Erkudi, Sambakudi and Pudukulam villages. Madurai (M Corp.) Ward No. 60 to 72.",C_ward_or_EB_level
195,Thiruparankundram,"Madurai South Taluk (Part) Tirupparankundram, Vilacheri, Vadivelkarai, Tattanur, Keelakuilkudi, Melakuyilkudi, Karadipatti, Vadapalanji, Thenpalanji, Sakkilipatti, Vedarpuliankulam, Thoppur, Thanakkankulam, Chinthamani, Pirakkudi, Kallambal, Iravadanallur, Viraganur, Puliyankulam, Silaiman, Panaiyur, Samanatham, Chettikulam, Perumanendal, Koodalsengulam, Perungudi, Mullakulam, Valanendal, Nilaiyur, Periya Alangulam, Soorakkulam, Valayapatti, Thottiyapatti, Valayankulam, Pappanodai, Ramankulam, Kuthiraikutti, Kusavankundu, Kusavapatti, Viradhanur, Moothankulam, Panaikulam, Solankuruni, Eliyarpathi, Nedumadurai, Kombadi, Othaialangulam, Periya Koodakoil, Paraippathi, Nallur and Nedungulam villages. Chinna Anuppanadi (CT), Avaniapuram (TP), Thiruparankundram (TP), Harveypatti (TP) and Thirunagar (TP).",B_sub_tehsil_units(GP/village/circle/KC/PC/mouza)
196,Thirumangalam,"Thirumangalam Taluk Peraiyur Taluk (Part) Poosalapuram, Chinnapoolampatti, Muthunagayapuram II Bit, Muthunagayapuram I Bit, Mathakkarai, Chinnaredddipatti, Iswaraberi, Kavundanpatti, Appakkarai, Kunnathur, Genjampatti, Adanur, Lakshmipuram, Vannivelampatti, Subbalapuram, Kilangulam, Salichandai, Peraiyur, Silaimalaipatti, S.Keelapatti, Sandaiyur, Koovalapuram, Modagam, Kadaneri, Vairavi Ammapatti, Karaikeni, Velambur, Vaiyur, Nallamaram, Silarpatti, Gopalapuram, Jari Usilampatti, Chittulotti, Paraipatti, Muruganeri and Sengulam villages. Peraiyur (TP) and T.Kallupatti (TP).",B_sub_tehsil_units(GP/village/circle/KC/PC/mouza)
197,Usilampatti,"Usilampatti Taluk Peraiyur Taluk (Part) Elumalai RF, Peryampatti, Uthapuram, E. Kottaipatti, Tadayampatti, Manibamettupatti, Vannankulam, Perungamanallur, Kalappanpatti, Sembarani, Kuppalnatham, Chinnakattalai, Periyakattalai, Adikaripatti, Thirumanickam, Melathirumathikkunnam, Soolapuram, Seelinaickenpatti, Mallapuram, Thullukkuttinayakkanur, Pappinaickenpatti, Kudippatti, Kethuvarpatti, Jambalapuram, Avalseri, Sedapatti, Nagayapuram, Mangalrevu, Kudiseri, Aththipatti, Vandari, Vittalpatti, Saptur RF and Saptur villages. Elumalai (TP).",B_sub_tehsil_units(GP/village/circle/KC/PC/mouza)
198,Andipatti,"Andipatti Taluk Uthamapalayam Taluk (Part) Keelagudalur, Narayanathevanpatti and Vannathiparai RF villages. Kamayagoundanpatti (TP), Gudalur (TP) and Highwavys (TP).",B_sub_tehsil_units(GP/village/circle/KC/PC/mouza)
199,Periyakulam (SC),Periyakulam Taluk Theni Taluk (Part) Unjampatty village. Theni Allinagaram (M).,B_sub_tehsil_units(GP/village/circle/KC/PC/mouza)
200,Bodinayakanur,"Bodinayakanur Taluk Theni Taluk (Part) Koduvilarpatty, Govindanagaram, Thadicherry, Thappukundu, Upparpatty, Kottur, Seelayampatty, Poomalaikundu and Jangalpatty villages. Palani Chettipatti (TP) and Veerapandi (TP). Uthamapalayam Taluk (Part) Pottipuram, Sankarapuram, Pulanandapuram, Markeyankottai and Pulikuthi villages. Kuchanur (TP) and Markeyankottai (TP).",B_sub_tehsil_units(GP/village/circle/KC/PC/mouza)
201,Cumbum,"Uthamapalayam Taluk (Part) Thevaram, T. Meenatchipuram, Pannaipuram, Uthamapalayam, Mallingapuram, Gohilapuram, Rayappanpatti, Alagapuri, Muthulapuram, Chinnaovulapuram, Erasakkanayackanur, Kanniservaipatti, Erasakkanayackanur Hills, Veppampatti and Seepalakottai villages. Chinnamanur (M), Odaipatti (TP), Thevaram (TP), Pannaipuram (TP), Kombai (TP), Uthamapalayam (TP), Hanumanthanpatti (TP), Pudupatti (TP) and Cumbum (M).",B_sub_tehsil_units(GP/village/circle/KC/PC/mouza)
202,Rajapalayam,"Rajapalayam Taluk (Part) Vadakku Venganallur, Sammandapuram, Melapattamkarisalkulam, Kothankulam, Arasiyarpatti, Chettikulam, Ayan Kollankondan, Tiruchanur, Pudupalaiyam, Zamin Kollankondan, Sundararajapuram, Solaicheri, Therku Venganallur, IIlandiraikondan, Settur RF, Muthusamipuram, Vadakkudevadanam, Therku Devadanam, Kovilur, Nallamangalam, Puthur, Chokkanathaputtur and Melur Duraisamipuram villages. Rajapalayam (M), Seithur (TP), Dhalavoipuram (CT) and Chettiarpatti (TP).",B_sub_tehsil_units(GP/village/circle/KC/PC/mouza)
203,Srivilliputhur (SC),Srivilliputhur Taluk (Except Kongalapuram village). Rajapalayam Taluk (Part) Reghunathapuram village.,B_sub_tehsil_units(GP/village/circle/KC/PC/mouza)
204,Sattur,"Srivilliputhur Taluk (Part) Kongalapuram village. Sivakasi Taluk (Part) Anuppankulam, Nathikudi, Pernaickenpatti, Vettrilaiyurani, Subramaniyapuram, Sindapalli, Sankaranatham, Salvarpatti, Vijayarengapuram, Kananjampatti, Edirkottai, Kongankulam, Alangulam, Kundayiruppu, Kangaraseval, Vembakottai, Vijayakarisalkulam, Panaiyadippatti, Achchangulam, Surarpatti, Kilanmarinadu, Lakshmipuram and Appanayakkanpatti villages. Thayilpatti (CT) and Alangulam (CT). Rajapalayam Taluk (Part) Keelrajakularaman, Melarajakularaman, Samusigapuram, Ramalingapuram, Varagunaramapuram, Gopalapuram, Kuruchiyarpatti, Sholapuram, Nathampatti, Vadagarai, Tenkarai and Korukkampatti villages. Sattur Taluk (Part) Ammapatti, Mettamalai, Chinnakamanpatti, Vadamalapuram, Padandal, Kathalampatti, Alampatti, Periagollapatti, Chinnagollapatti, Chattrapatti, Sattur, Othaiyal Mettupatti, Banduvarpatti, Surankudi, Othaiyal, Kangarakottai, Sankarapandiyapuram, Thlukkankurichchi, Sevalpatti, Kuganparai, Sippipparai, Servaikaranpatti, Sanankulam, Uthuppatti, E. Ramanathapuram and D. Reddiyapatti villages. Sattur (M) and Elayirampannai (CT).",B_sub_tehsil_units(GP/village/circle/KC/PC/mouza)
205,Sivakasi,"Sivakasi Taluk (Part) Injar, Thiruthangal, Anaiyur, Maraneri, Duraiswamipuram, Namaskarittanpatti, Vadapatti, Krishnaperi, Naranapuram and Vendurayapuram villages. Thiruthangal (TP), Pallapatti (CT), Naranapuram (CT), Viswanatham (CT), Sithurajapuram (CT), Sivakasi (M) and Anaiyur (CT).",B_sub_tehsil_units(GP/village/circle/KC/PC/mouza)
206,Virudhunagar,"Virudhunagar Taluk (Part) Sengottai, Ellinganayakkampatti, Vadamalaikurichi, Sivagnanapuram, Pullalakkottai, Allampatti, Chatrarediapatti, Periaparali, Chinnamuppanpatti, Pelampatti, Pavali, Seeniapuram, Sengunrapuram, Moolippatti, Kavundampatti, Nattarmangalam, Kumaralingapuram, Virudhunagar, Alagapuri, Meesalur, Amathur, Vellur, Anaikkuttam, A.Meenachipuram, Melamattur, Kariseri, Ondippulinayakkanur, Thathampatti, Puliyangulam, Maruluthu, Pattampudur, Vaipputtanpatti, Kasireddiapatti, Pachakulam, V.Muthulingapuram, Chokkalingapuram, Vadi, Pudur, Thammanayakkanpatti, Vachakkarapatti, Kalangaperi and Chinnavadi villages. Rosalpatti (CT), Virudhunagar (M) and Kooraikundu (CT). Sivakasi Taluk (Part) Erichchanatham, Sevalur, Pudukkottai, Kalayarkurichi, Mangalam, Thatchakudi, Nedungulam, Purnachandrapuram and Keelathiruthangal villages.",B_sub_tehsil_units(GP/village/circle/KC/PC/mouza)
207,Aruppukkottai,"Aruppukkottai Taluk (Part) Villipathiri, Soolakkarai, Kallumarpatti, Kullursandai, Palavanatham, Gopalapuram, Kovilangulam, Kattangudi, Palayampatti, Poyyankulam, Kurunjakulam, Puliyuran, Sembatti, Mettuthottiyangulam, Kanchanaickenpatti, Kattakkanjanpatti, Sukkilanatham, Thiruvirunthalpuram, T.Meenakshipuram, Amanakkunatham, Kotthiparai, Kurundamadam, Podampatti, Chettikurichi, Vadakkukoppuchithampatti, Koppuchithampatti, Pandalkudi, Chettipatti, Vaduvarpatti, Thummakundu, P.Andipatti, Velayudhapuram and Athipatti villages. Aruppukkottai (M) Virudhunagar Taluk (Part) Mettukkundu, Kadambankulam, Sennalkudi, Chettipatti, Kottainatham, Endappuli, Koilvirarpatti, Valayapatti, Mannarkottai, Avudaiyapuram, Tulukkapatti, Kottaiyur, Sundaralingapuram, Pudupatti and Appayyanayakkanpatti villages. Sattur Taluk (Part) Kumaralingapuram, Muthulingapuram, Veppilaipatti, Sandaiyur, Golwarpatti, Nallamanayakkanpatti, Kundalakuthur, Pappakudi, Kosukkundu, Athipatti, Sirukulam, Melamadai , N.Mettupatti (Nenmani), Mudittalai Nagalapuram, Nenmeni, Pottireddiyapatti, Sinduvampatti, Ayyampatti, Uppattur, Oomathampatti, Ovanayakkanpatti, Subramaniyapuram, Peddureddipatti, Chinnathambiyapuram, Muthandiyapuram, O.Muthuswamipuram, Karisalpatti, Mulliseval Muthusamipuram, Mullisevel (a) Chokkalingapuram, Nallamuthanpatti, Nalli, Perayyampatti, Kanjampatti and Ravuthampatti villages.",B_sub_tehsil_units(GP/village/circle/KC/PC/mouza)
208,Tiruchuli,"Kariapatti Taluk Tiruchuli Taluk Aruppukkottai Taluk (Part) Kulasekaranallur, Mangulam, Melakandamangalam, Kurunaikulam, Konganakurichi, Aladipatti, Bommakottai, Kallorani, Savaspuram, Kullampatti, Muthuramalingapuram, Narthampatti, Kalayarkarisalkulam, Kalyanasundarapuram, Kallumadam, Erasinnampatti, Parattanatham, Thammanaickenpatti, Vedanatham, Silukkapatti, Mandapasalai, Maravarperungudi, Thummuchinnampatti, Thirumalaipuram, Salukkuvarpatti, Suthamadam, Thoppalakarai, Rajagopalapuram, Pullanaickenpatti, Chettikulam, Kanakai, Paralachi, Melaiyur, Vadakkunatham, Therkunatham, Sengulam, Poolangal Kallakkari, Keelkudi and Purasalur villages.",B_sub_tehsil_units(GP/village/circle/KC/PC/mouza)
209,Paramakudi (SC),"Paramakudi Taluk Kamuthi Taluk (Part) T.Punavasal, Vangarupuram, Perianaikkulam, Achankulam, A.Tharaikkudi, Vallandai, Eluvanur, Koodakkulam, Kakkudi, Nagaratharkurichi, Abiramam, Natham, Maraikkulam and Mandalamanickam villages. Abiramam (TP).",B_sub_tehsil_units(GP/village/circle/KC/PC/mouza)
210,Tiruvadanai,"Tiruvadanai Taluk Ramanathapuram Taluk (Part) Pandamangalam, Andichiendal, Vennathur, Pathanendal, Naranamangalam, Alamanenthal, Devipattinam, Peruvayal, Kumariyendal, Kavanur, Karendal, Pullangudi, Chitharkottai, Athiyuthu, Palangulam, Toruvalur, Vannivayal, Surankottai, Pattinamkattan, Thiruvolhiyakalugoorani, Therbogi, Alagankulam, Sakkarakottai, Kooriyur, Achundhanvayal, Landai, Panaikkulam, Malangudi and Ekkakudi villages.",B_sub_tehsil_units(GP/village/circle/KC/PC/mouza)
211,Ramanathapuram,"Rameswaram Taluk Ramanathapuram Taluk (Part) Attangarai, Perungulam, Valantaravai, Kusavankudi, Rajasuriamadai, Vellamarichukatti, Achadipirambu, Kuthakottai, Vannankundu, Raghunathapuram, Kumbaram, Rettaiyurani, Nagachi, Enmanamkondan, Pirappanvalasai, Sathakonvalasai, Mandapam, Nochiyurani, Pudumadam, Karan, Periapattinam, Kalimankundu, Tiruppullani, Kalari, Uthirakosamangai, Mallal, Alangulam, Nallirukkai, Panaydiyendal, Velanur, Kulapatham, Pallamorkulam, Kanjirangudi, Keelakarai, Manikkaneri, Pullandai and Mayakulam villages. Ramanathapuram (M), Keelakarai (TP) and Mandapam (TP).",B_sub_tehsil_units(GP/village/circle/KC/PC/mouza)
212,Mudhukulathur,"Mudukulathur Taluk Kadaladi Taluk Kamuthi Taluk (Part) Mudimannarkottai, Neeravi, N.Karisalkulam, Melaramanadhi, Keelaramanadhi, K.Nedungulam, Anaiyur, Pakkuvetti, Sengappadai, Mudalnadu, Mushtakurichi, Seemanendal, Pudukkottai, Peraiyur, Kallikulam, O.Karisalkulam, K.Veppangulam, Pammanendal, Mavilangai, Ariamangalam, Kovilangulam, Komboothi, Villanendal, M. Pudukulam, Idivilagi, Ponthampuli, Thimmanathapuram, T.Valasubramaniapuram, P.Muthuramalingapuram, Perunali, Sadayanendal, Sambakkulam, Kamuthi, Thavasikurichi and Kadamangalam villages. Kamuthi (TP).",B_sub_tehsil_units(GP/village/circle/KC/PC/mouza)
213,Vilathikulam,"Vilathikulam Taluk Ettayapuram Taluk Ottapidaram Taluk (Part) Kudiraikulam, Nagampatti, Passuvandanai, Muthuramalingapuram, Minakshipuram, Kumara Ettaiyapuram, Eppodumvendran, Kattunayakkanpatti, Adanur, Mullur, Muthukumarapuram, Veppalodai, Terku, Kalmedu, Vadanatham, Kolamparambu, Chandragiri, Jagaveerapandiapuram, K.Dalavaipuram, Vellaram, P.Duraiswamipuram, Kila Mudiman, Keela Mangalam, Sillangulam, S.Kumarapuram, K.Shanmukapuram, D.Duraiswamipuram and Pattanamarudur villages.",B_sub_tehsil_units(GP/village/circle/KC/PC/mouza)
214,Thoothukkudi,"Thoothukkudi Taluk (Part) Thoothukudi, Milavittan and Mullakadu villages. Thoothukkudi (M) and Muttayyapuram (CT).",B_sub_tehsil_units(GP/village/circle/KC/PC/mouza)
215,Tiruchendur,"Tiruchendur Taluk (Part) Mavidupannai, Thenthiruperi (Kurukkattur), Thenthiruperi (Rajapathi), Sethukkuvaithan, Mela Authoor, Sernthamangalam, Punnakayal, Suganthalai, Angamangalam, Puraiyoor, Mookkuperi, Kachanavilai, Nalumavadi, Nallur, Moolakarai, Ammanpuram, Veeramanickam, Veerapandianpatnam, Pallipathu, Kayamozhi, Mela Thiruchendur, Paramankurichi, Kuthiraimozhi, Semmarikulam, Nangaimozhi, Megnanapuram, Manaduthandupathu, Lakshimipuram, Vagaivillai, Chettiapathu, Venkataramanujapuram, Athiyakurichi, Udangudi, Kulasekarapatnam, Mathavankuruchi and Manappadu villages. Thenthiruperi (TP), Authoor (TP), Kayalpattinam (TP), Arumuganeri (TP), Kanam (TP), Nazareth (TP), Tiruchendur (TP) and Udangudi (TP).",B_sub_tehsil_units(GP/village/circle/KC/PC/mouza)
216,Srivaikuntam,"Sathankulam Taluk Srivaikuntam Taluk (Part) Arampannai, Kongarayakurichi, Alwarkarkulam, Tholappanpannai, Padmanabhamangalam, Srimoolakkarai, Nattathi, Thirupanichettikulam, Iruvappapuram, Palayakkayal, Manjalneerkayal, Agaram, Maramangalam, Arumugamangalam, Siruthondanallur, Sivakalai, Peroor, Thirupuliangudi, Vellur Athichanallur, Karungulam, Seidunganallur, Therkkukaraseri, Serakulam, Vallakulam, Kalvoy, Vellur Cusba, Sriparangusanallur, Keelapidagai Varadharajapuram, Paragramapandi, Keelapidagaiappankoil, Keelapidagai Cusba, Mangalakkurichi, Kottarakkurichi, Valavallan, Thirupani Chettiyapathu, Korkai, Kodungani and Mukkani villages. Sawyerpuram (TP), Perungulam (TP), Eral (TP) and Srivaikuntam (TP). Tiruchendur Taluk (Part) Malavarayanatham, Athinathapuram, Thirukkalur, Kadayanodai, Themankulam, Thirunaveerudayarpuram, Alagiamanavalapuram, Udayarkulam, Kurippankulam and Vellamadam villages. Alwarthirunagari (TP).",B_sub_tehsil_units(GP/village/circle/KC/PC/mouza)
217,Ottapidaram (SC),"Ottapidaram Taluk (Part) Mela Maruthur, Tharuvaikulam, Mela Arasadi, Valasamuthram, Sindalakottai, Ottappidaram, Kulasekaranallur, Muramban, Ottainatham, Kollankinaru, Marudanvalvoonaraikinar, Govindapuram, Kalappaipatti, Keelakottai, Kodiyankulam, Ackanaickenpatti, Maniyachi, Paraikuttam, Melapandiyapuram, Savarimangalam, Jambulingapuram, Pudiyamputhur, Swaminatham, Therkuveerapandiyapuram, Sillanatham, Pudur pandiyapuram, Keela Arasadi, Malaipatti, Ilavelangal, Thennampatti, Kottali, Parivallikkottai, Sangampatti, Onamakulam, Araikkulam and Panchalamkurichi villages. Thoothukkudi Taluk (Part) Umarikottai, Mela Thattaparai, Vadakkusilukkanpatti, Sankaraperi, Muthuswamipuram, Keelathattapparai, Ramaswamipuram, Dalvaypuram, Timmarajapuram, Perurani, Allikkulam, Terkusilukkanpatti, Maravanmatam, Sendilampannai, Kuttudankadu, Varthakareddipatti, Ramanathapuram, Mudivaithanendal, Kumaragiri, Kattalangulam, Servaikaranmadam, Kuliyankarisal, Ayyanadaippu and Korampallam villages. Mappilaiurani (CT) and Athimarapatti (CT). Srivaikuntam Taluk (Part) Alanda, Poovani, Meenakshipuram Sekkarakkudi, Sekkarakkudi, Vadakkukariseri, Singathakurichi, Ulakkudi, Kaliyavur, Muruppanadukovilpattu, Vadavallanadu, Kilavallanadu, Deivaseyalpuram, Ellainayakkanpatti, Chettimallanpatti, Aniyaparanallur, Tannuthu, Vallanadu (Kasba), Kilputhaneri, Vasavappapuram, Alikkudi, Murappanadu Pudugramam, Nanalkadu, Manakkarai, Vitthalapuram, Muthulangurichi and Vitthalapuram Kovilpattu villages.",B_sub_tehsil_units(GP/village/circle/KC/PC/mouza)
218,Kovilpatti,Kovilpatti Taluk,A_whole_subdistricts_and_towns_only
219,Sankarankovil (SC),"Sankarankovil Taluk (Part) Kalingappatti, Subbiahpuram, Chattrappatti, Varaganur, Mukkuttumalai, Ilaiyarasanendal, Puliyankulam, Chittrampatti, Appaneri, Ayyaneri, Nakkalamuthanpatti, Naduvappatti, Maipparai, Sangupatti, Vellakulam, A.Karisalkulam, Kulasekarapperi, Karisattan, Chathrangondan, Kalppakulam, Perunkottur, Alagapuri, Madhurapuri, Kuruvikulam (North), Kurinchakulam, Sundaresapuram, Kulakkattakurichi, Vadakkuppatti, Pitchaithalaivanpatti, Pillayarnatham, Z.Devarkulam, Athipatti, Ramalingapuram, Kuruvikulam (South), Vagaikulam, Naluvasankottai, Sevalkulam, Malaiyankulam, Therkku Sankarankovil, Periyakovilankulam, Ko.Maruthappapuram, Ilandaikulam, Usilangulam, Palankottai, K. Alangulam, Chettikulam, Mahendravadi, Kalappalankulam, Nalanthula, K.Karisalkulam, Sayamalai, Maruthankinaru, Keelaneelidanallur, Melaneelidanallur, Kurukkalpatti, Chinnakovilankulam, Naduvakurichi (Minor), Naduvakurichi (Major), Pattadaikatti, Kulasekaramangalam, Sendamangalam, Vellalankulam, Echanda, Vadakku Panavadali, Narikudi, Achampatti, Vellappaneri, Thadiyampatti, Moovirunthali, Vanniconendal, Devarkulam, Sundankurichi and Mela Ilandaikulam villages. Thiruvenkatam (TP) and Sankarankoil (M).",B_sub_tehsil_units(GP/village/circle/KC/PC/mouza)
220,Vasudevanallur (SC),"Sivagiri Taluk Sankarankovil Taluk (Part) Perumalpatti, Valavandapuram, Pandappuli, Paruvakkudi, Panaiyur, Periyur, Kuvalaikkanni, Karivalamvandanallur, Vayali, Manalur, Perumpathur, Vadikkottai, Veeriruppu, Vadakkupudur, Nochikulam, Punnaivanam, Madathupatti, Ariyanayagipuram, Veerasigamani, Kilveerasigamani, Poigai and Rengasamudram villages.",B_sub_tehsil_units(GP/village/circle/KC/PC/mouza)
221,Kadayanallur,"Shenkottai Taluk Tenkasi Taluk (Part) Chockampatti, Boganallur, Kambaneri Pudukudi, Kanagasabapathiperi, Poygai, Urmelazhagian, Kilankadu, Nainaragaram, Idaikal, Kasidharmam and Kodikurichi villages. Kadayanallur (M), Sambavar Vadagarai (TP) and Ayikudi (TP).",B_sub_tehsil_units(GP/village/circle/KC/PC/mouza)
222,Tenkasi,"Veerakeralamputhur Taluk Tenkasi Taluk (Part) Kuthukalvalasai, Pattakurichi, Tiruchitrambalam, Melapavoor, Kulasekarapatti, Gunaramanallur, Pattappathu, Courtallam, Courtallam Slopes R.F., Ayiraperi, Mathalamparai, Sillaraipuravu, Kallurani, Thippanampatti and Avudaiyanoor villages. Tenkasi (M), Sundarapandiapuram (TP), Ilanji (TP), Melagaram (TP) and Courtalam (TP).",B_sub_tehsil_units(GP/village/circle/KC/PC/mouza)
223,Alangulam,"Alangulam Taluk Ambasamudram Taluk (Part) Kadayam perumpathu, Keelakadayam, Vadakku Ariyanayagipuram, Pappakudi, Kasidharmam, Idaikkal, Therkumadathur, Ayan Pottalpudur I, Therku Kadayam, Ravanasamudram, Govindapperi, Ayan Dharmapuramadam, Sivasailam, Virasamudram, Pappankulam, Sengulam, Rengasamudram, Pananjadi, Pallakkal, Adaichani, Kila Ambur and Mela Ambur villages. Alwarkurichi (TP) and Mukkudal (TP).",B_sub_tehsil_units(GP/village/circle/KC/PC/mouza)
224,Tirunelveli,"Tirunelveli Taluk (Part) Ukkirankottai, Vagaikulam, Alagiapandiapuram, Kattarankulam, Shelianallur, Pirancheri, Chittar Chatram, Gangaikondan, Pillaiyarkulam, Kanarpatti, Ettankulam, Kalakudi, Kurichikulam, Therkupatti, Manur, Pallikkottai, Thalaiyuthu, Thenkalam, Nanchankulam, Mavadi, Madhavakurichi, Uganthanpatti, Pudur, Karuvanallur, Seethaparpanallur, Vallavankottai, Thulukkarpatti, Sethurayanpudur, Palamadai, Alangaraperi, Pathinalamperi, Kuppakurichi, Kattalai Udayaneri, Kattampuli, Udayaneri, Kalkurichi, Rajavallipuram, Veppankulam, Ramayanpatti, Abishekapatti, Sirukkankurichi, Vettuvankulam, Velarkulam, Sivaniyarkulam, Tulukkarkulam, Thiruppani Karisalkulam, Thuvarasi, Vaduganpatti, Sankan Thiradu, Melakkallur, Kodaganallur, Palavoor, Kondanagaram, Suthamalli, Karungadu, Narasinganallur, Pettai and Thenpathu villages. Sankarnagar (TP) and Naranammalpuram (TP). Tirunelveli (M.Corp.)Ward No.1 to 4 and 40 to 55.",C_ward_or_EB_level
225,Ambasamudram,"Ambasamudram Taluk (Part) Terku Ariyanayakipuram, Udaiyamartandapuram, Giriyammalpuram, Thenthiruppuvanam, Manapaaranallur, Harikesavanallur, Tiruppudaimarudur, Athalanallur, Sattupathu, Ayan Thiruvaleeswaram, Mannarkovil, Brahmadesam, Vagaikulam, Adaiya Karungulam, Ekambarapuram, Kodarangulam, Vellanguli, Vadakku Karukurichi, Kuniyur, Pudukkudi, Therku Viravanallur, Therku Kallidaikurichi, Pappankulam (South), Ayansingampatti, Vairavikulam, Zamin Singampatti, Singampatti Zamindar Forest, Malaiyankulam, Thiruviruthanpuli, Poongudaiyarkulam, Karisalpatti, Ulagankulam, Papanasam R.F. and Venkatrengapuram villages. Ambasamudram (TP), Vikramasingapuram (TP), Sivanthipuram (CT), Kalladaikurichi (TP), Veeravanallur (TP), Cheranmahadevi (TP), Pathamadai (TP), Melacheval (TP), Gopalasamudram (TP) and Manimutharu (TP).",B_sub_tehsil_units(GP/village/circle/KC/PC/mouza)
226,Palayamkottai,Tirunelveli Taluk (Part) Tirunelveli (M.Corp.) Ward No.5 to 39.,C_ward_or_EB_level
227,Nanguneri,Palayamkottai Taluk (Except Tirunelveli M.Corp. Wards) Nanguneri Taluk Radhapuram Taluk,C_ward_or_EB_level
228,Radhapuram,,A_whole_subdistricts_and_towns_only
229,Kanniyakumari,"Thovalai Taluk Agastheeswaram Taluk (Part) Theroor, Marungoor, Kulasekarapuram, Eraviputhoor, Suchindrum, Madhusoodhanapuram, Thengamputhoor, Parakkai, Thamaraikulam, Agastheeswaram, Azhagappapuram, Kanniyakumari and Dharmapuram villages. Theroor (TP), Marungoor (TP), Suchindram (TP), Mylaudy (TP), Azhagappapuram (TP), Puthalam (TP), Thengamputhoor (TP), Thenthamaraikulam (TP), Kottaram (TP), Anjugramam (TP), Agastheeswaram (TP) and Kanniyakumari (TP).",B_sub_tehsil_units(GP/village/circle/KC/PC/mouza)
230,Nagercoil,"Agastheeswaram Taluk (Part) Nagercoil, Vadiveeswaram, Vadasery, Neendakarai - A, Vambanoor and Neendakarai -B villages. Nagercoil (M), Asaripallam (TP) and Ganapathipuram (TP).",B_sub_tehsil_units(GP/village/circle/KC/PC/mouza)
231,Colachel,"Kalkulam Taluk (Part) Eraniel, Thalakulam, Kurunthencode, Kadiapattanam, Valvatchagoastam and Colachel villages. Villukkuri (TP), Alur (TP), Eraniel (TP), Kallukuttam (TP), Neyyoor (TP), Reethapuram (TP), Colachel (M), Manavalakurichi (TP), Mandaikadu (TP), Thingalnagar (TP), Valvatchagoastam (TP), Mulagumodu (TP), Vellimalai (TP) and Kappiara (TP).",B_sub_tehsil_units(GP/village/circle/KC/PC/mouza)
232,Padmanabhapuram,"Kalkulam Taluk (Part) Veerapuli R.F., Veerapuli Extn. (Kulasekharam), Thirparappu, Aruvikkarai, Churulacode, Velimalai Forest, Mecode, Attoor, Thiruvithancode, Thuckalay, Kalkulam, and Veeyanoor villages. Thiruparappu (TP), Thiruvattar (TP), Kulasekharam (TP), Ponmanai (TP), Kumarapuram (TP), Kothanalloor (TP), Verkilambi (TP), Attoor (TP), Padmanabhapuram (M), Thiruvithancode (TP) and Vilavur (TP).",B_sub_tehsil_units(GP/village/circle/KC/PC/mouza)
233,Vilavancode,"Vilavancode Taluk (Part) Kilamalai R.F., Mancode, Arumanai, Vellamcode, Edaicode, Palugal, Vilavancode, Pacode, Nattalam and Kunnathoor villages. Kadayal (TP), Arumanai (TP), Edaicode (TP), Palugal (TP), Kaliyakkavilai (TP), Pacode (TP), Kuzhithurai (M), Unnamalaikadai (TP) and Nallur (TP).",B_sub_tehsil_units(GP/village/circle/KC/PC/mouza)
234,Killiyoor,"Vilavancode Taluk (Part) Kulappuram, Methukummal, Kollencode, Ezhudesam, Arudesam, Painkulam, Keezhkulam, Killiyoor, Paloor and Midalam villages. Puthukadai (TP), Kollancode (TP), Ezhudesam (TP), Keezhkulam (TP), Killiyoor (TP), Karungal (TP) and Palapallam (TP).",B_sub_tehsil_units(GP/village/circle/KC/PC/mouza)
