state_code,state_name,district_code,district_name,tru,total_p,total_m,total_f,hindu_p,hindu_m,hindu_f,muslim_p,muslim_m,muslim_f,christian_p,christian_m,christian_f,sikh_p,sikh_m,sikh_f,buddhist_p,buddhist_m,buddhist_f,jain_p,jain_m,jain_f,other_religions_p,other_religions_m,other_religions_f,religion_not_stated_p,religion_not_stated_m,religion_not_stated_f,source_file
01,JAMMU & KASHMIR,001,Kupwara,Total,870354,474190,396164,37128,36057,1071,823286,430521,392765,1700,1215,485,5600,4821,779,66,51,15,39,28,11,13,9,4,2522,1488,1034,raw_nada/DDW01C-01 MDDS.XLS
01,JAMMU & KASHMIR,001,Kupwara,Rural,765625,412038,353587,27668,26796,872,729931,379261,350670,1331,932,399,4477,3777,700,46,33,13,33,23,10,5,4,1,2134,1212,922,raw_nada/DDW01C-01 MDDS.XLS
01,JAMMU & KASHMIR,001,Kupwara,Urban,104729,62152,42577,9460,9261,199,93355,51260,42095,369,283,86,1123,1044,79,20,18,2,6,5,1,8,5,3,388,276,112,raw_nada/DDW01C-01 MDDS.XLS
01,JAMMU & KASHMIR,002,Badgam,Total,753745,398041,355704,10110,9119,991,736054,384281,351773,1489,965,524,5559,3321,2238,47,36,11,6,4,2,2,1,1,478,314,164,raw_nada/DDW01C-01 MDDS.XLS
01,JAMMU & KASHMIR,002,Badgam,Rural,655833,343385,312448,2608,2151,457,646943,337740,309203,928,497,431,4924,2726,2198,21,11,10,3,1,2,2,1,1,404,258,146,raw_nada/DDW01C-01 MDDS.XLS
01,JAMMU & KASHMIR,002,Badgam,Urban,97912,54656,43256,7502,6968,534,89111,46541,42570,561,468,93,635,595,40,26,25,1,3,3,0,0,0,0,74,56,18,raw_nada/DDW01C-01 MDDS.XLS
01,JAMMU & KASHMIR,003,Leh(Ladakh),Total,133487,78971,54516,22882,21958,924,19057,10493,8564,658,469,189,1092,1018,74,88635,44019,44616,103,49,54,54,29,25,1006,936,70,raw_nada/DDW01C-01 MDDS.XLS
01,JAMMU & KASHMIR,003,Leh(Ladakh),Rural,87816,48411,39405,8340,8066,274,13888,7578,6310,300,206,94,165,153,12,64612,32003,32609,79,34,45,1,0,1,431,371,60,raw_nada/DDW01C-01 MDDS.XLS
01,JAMMU & KASHMIR,003,Leh(Ladakh),Urban,45671,30560,15111,14542,13892,650,5169,2915,2254,358,263,95,927,865,62,24023,12016,12007,24,15,9,53,29,24,575,565,10,raw_nada/DDW01C-01 MDDS.XLS
01,JAMMU & KASHMIR,004,Kargil,Total,140802,77785,63017,10341,9985,356,108239,55762,52477,604,532,72,1171,1101,70,20126,10188,9938,28,16,12,4,3,1,289,198,91,raw_nada/DDW01C-01 MDDS.XLS
01,JAMMU & KASHMIR,004,Kargil,Rural,124464,67703,56761,7202,6982,220,95568,49116,46452,541,478,63,811,780,31,20038,10144,9894,26,15,11,3,2,1,275,186,89,raw_nada/DDW01C-01 MDDS.XLS
01,JAMMU & KASHMIR,004,Kargil,Urban,16338,10082,6256,3139,3003,136,12671,6646,6025,63,54,9,360,321,39,88,44,44,2,1,1,1,1,0,14,12,2,raw_nada/DDW01C-01 MDDS.XLS
01,JAMMU & KASHMIR,005,Punch,Total,476835,251899,224936,32604,23684,8920,431279,220636,210643,958,614,344,11188,6497,4691,83,76,7,10,5,5,2,1,1,711,386,325,raw_nada/DDW01C-01 MDDS.XLS
01,JAMMU & KASHMIR,005,Punch,Rural,438205,229774,208431,19927,15225,4702,411431,210246,201185,587,360,227,5541,3535,2006,75,68,7,7,3,4,2,1,1,635,336,299,raw_nada/DDW01C-01 MDDS.XLS
01,JAMMU & KASHMIR,005,Punch,Urban,38630,22125,16505,12677,8459,4218,19848,10390,9458,371,254,117,5647,2962,2685,8,8,0,3,2,1,0,0,0,76,50,26,raw_nada/DDW01C-01 MDDS.XLS
01,JAMMU & KASHMIR,006,Rajouri,Total,642415,345351,297064,221880,124925,96955,402879,209548,193331,983,730,253,15513,9426,6087,189,165,24,26,18,8,3,2,1,942,537,405,raw_nada/DDW01C-01 MDDS.XLS
01,JAMMU & KASHMIR,006,Rajouri,Rural,590101,310748,279353,190637,102828,87809,385635,200232,185403,705,494,211,12061,6532,5529,157,140,17,19,11,8,2,2,0,885,509,376,raw_nada/DDW01C-01 MDDS.XLS
01,JAMMU & KASHMIR,006,Rajouri,Urban,52314,34603,17711,31243,22097,9146,17244,9316,7928,278,236,42,3452,2894,558,32,25,7,7,7,0,1,0,1,57,28,29,raw_nada/DDW01C-01 MDDS.XLS
01,JAMMU & KASHMIR,007,Kathua,Total,616435,326109,290326,540063,285720,254343,64234,33728,30506,1828,941,887,9551,5280,4271,24,12,12,16,9,7,2,1,1,717,418,299,raw_nada/DDW01C-01 MDDS.XLS
01,JAMMU & KASHMIR,007,Kathua,Rural,526722,278126,248596,457901,241804,216097,60962,31940,29022,717,364,353,6536,3659,2877,11,5,6,10,6,4,1,0,1,584,348,236,raw_nada/DDW01C-01 MDDS.XLS
01,JAMMU & KASHMIR,007,Kathua,Urban,89713,47983,41730,82162,43916,38246,3272,1788,1484,1111,577,534,3015,1621,1394,13,7,6,6,3,3,1,1,0,133,70,63,raw_nada/DDW01C-01 MDDS.XLS
01,JAMMU & KASHMIR,008,Baramula,Total,1008039,534733,473306,30621,28099,2522,959185,495434,463751,1497,965,532,14770,9078,5692,140,115,25,29,17,12,7,4,3,1790,1021,769,raw_nada/DDW01C-01 MDDS.XLS
01,JAMMU & KASHMIR,008,Baramula,Rural,825539,432399,393140,14243,12353,1890,802009,414581,387428,961,585,376,6905,4057,2848,60,38,22,22,13,9,0,0,0,1339,772,567,raw_nada/DDW01C-01 MDDS.XLS
01,JAMMU & KASHMIR,008,Baramula,Urban,182500,102334,80166,16378,15746,632,157176,80853,76323,536,380,156,7865,5021,2844,80,77,3,7,4,3,7,4,3,451,249,202,raw_nada/DDW01C-01 MDDS.XLS
01,JAMMU & KASHMIR,009,Bandipore,Total,392232,207680,184552,8439,8061,378,382006,198322,183684,572,380,192,555,520,35,44,40,4,17,8,9,2,0,2,597,349,248,raw_nada/DDW01C-01 MDDS.XLS
01,JAMMU & KASHMIR,009,Bandipore,Rural,326871,172263,154608,5890,5701,189,319449,165441,154008,481,321,160,505,476,29,26,23,3,15,6,9,0,0,0,505,295,210,raw_nada/DDW01C-01 MDDS.XLS
01,JAMMU & KASHMIR,009,Bandipore,Urban,65361,35417,29944,2549,2360,189,62557,32881,29676,91,59,32,50,44,6,18,17,1,2,2,0,2,0,2,92,54,38,raw_nada/DDW01C-01 MDDS.XLS
01,JAMMU & KASHMIR,010,Srinagar,Total,1236829,651124,585705,42540,35925,6615,1177342,605244,572098,2746,1771,975,12187,6975,5212,285,171,114,74,39,35,2,1,1,1653,998,655,raw_nada/DDW01C-01 MDDS.XLS
01,JAMMU & KASHMIR,010,Srinagar,Rural,17313,8916,8397,27,17,10,17271,8889,8382,3,2,1,2,2,0,0,0,0,0,0,0,0,0,0,10,6,4,raw_nada/DDW01C-01 MDDS.XLS
01,JAMMU & KASHMIR,010,Srinagar,Urban,1219516,642208,577308,42513,35908,6605,1160071,596355,563716,2743,1769,974,12185,6973,5212,285,171,114,74,39,35,2,1,1,1643,992,651,raw_nada/DDW01C-01 MDDS.XLS
01,JAMMU & KASHMIR,011,Ganderbal,Total,297446,158720,138726,5592,5182,410,290581,152571,138010,406,255,151,486,458,28,25,19,6,8,1,7,4,3,1,344,231,113,raw_nada/DDW01C-01 MDDS.XLS
01,JAMMU & KASHMIR,011,Ganderbal,Rural,250407,133715,116692,5203,4824,379,244083,128031,116052,353,225,128,448,423,25,22,16,6,8,1,7,3,2,1,287,193,94,raw_nada/DDW01C-01 MDDS.XLS
01,JAMMU & KASHMIR,011,Ganderbal,Urban,47039,25005,22034,389,358,31,46498,24540,21958,53,30,23,38,35,3,3,3,0,0,0,0,1,1,0,57,38,19,raw_nada/DDW01C-01 MDDS.XLS
01,JAMMU & KASHMIR,012,Pulwama,Total,560440,293064,267376,13840,12515,1325,535159,274104,261055,1109,818,291,9440,5111,4329,35,26,9,6,4,2,18,10,8,833,476,357,raw_nada/DDW01C-01 MDDS.XLS
01,JAMMU & KASHMIR,012,Pulwama,Rural,479978,248096,231882,6452,5281,1171,462806,236929,225877,886,643,243,9076,4812,4264,23,14,9,3,2,1,14,9,5,718,406,312,raw_nada/DDW01C-01 MDDS.XLS
01,JAMMU & KASHMIR,012,Pulwama,Urban,80462,44968,35494,7388,7234,154,72353,37175,35178,223,175,48,364,299,65,12,12,0,3,2,1,4,1,3,115,70,45,raw_nada/DDW01C-01 MDDS.XLS
01,JAMMU & KASHMIR,013,Shupiyan,Total,266215,136480,129735,3116,2777,339,262263,133233,129030,429,229,200,178,100,78,6,2,4,1,1,0,6,3,3,216,135,81,raw_nada/DDW01C-01 MDDS.XLS
01,JAMMU & KASHMIR,013,Shupiyan,Rural,249855,127161,122694,970,671,299,248203,126116,122087,362,181,181,122,67,55,4,1,3,1,1,0,6,3,3,187,121,66,raw_nada/DDW01C-01 MDDS.XLS
01,JAMMU & KASHMIR,013,Shupiyan,Urban,16360,9319,7041,2146,2106,40,14060,7117,6943,67,48,19,56,33,23,2,1,1,0,0,0,0,0,0,29,14,15,raw_nada/DDW01C-01 MDDS.XLS
01,JAMMU & KASHMIR,014,Anantnag,Total,1078692,559767,518925,13180,12010,1170,1057005,542671,514334,1449,845,604,6140,3660,2480,55,35,20,7,4,3,7,3,4,849,539,310,raw_nada/DDW01C-01 MDDS.XLS
01,JAMMU & KASHMIR,014,Anantnag,Rural,795805,411012,384793,4781,3941,840,784432,403262,381170,945,505,440,4991,2892,2099,21,13,8,3,1,2,6,2,4,626,396,230,raw_nada/DDW01C-01 MDDS.XLS
01,JAMMU & KASHMIR,014,Anantnag,Urban,282887,148755,134132,8399,8069,330,272573,139409,133164,504,340,164,1149,768,381,34,22,12,4,3,1,1,1,0,223,143,80,raw_nada/DDW01C-01 MDDS.XLS
01,JAMMU & KASHMIR,015,Kulgam,Total,424483,217620,206863,4267,3324,943,418076,213069,205007,460,264,196,1035,581,454,27,19,8,25,12,13,9,5,4,584,346,238,raw_nada/DDW01C-01 MDDS.XLS
01,JAMMU & KASHMIR,015,Kulgam,Rural,343870,175574,168296,2126,1316,810,339857,173220,166637,344,184,160,950,500,450,21,14,7,22,10,12,9,5,4,541,325,216,raw_nada/DDW01C-01 MDDS.XLS
01,JAMMU & KASHMIR,015,Kulgam,Urban,80613,42046,38567,2141,2008,133,78219,39849,38370,116,80,36,85,81,4,6,5,1,3,2,1,0,0,0,43,21,22,raw_nada/DDW01C-01 MDDS.XLS
01,JAMMU & KASHMIR,016,Doda,Total,409936,213641,196295,187621,98252,89369,220614,114372,106242,472,324,148,422,286,136,21,9,12,22,11,11,42,24,18,722,363,359,raw_nada/DDW01C-01 MDDS.XLS
01,JAMMU & KASHMIR,016,Doda,Rural,377247,195430,181817,177835,92445,85390,197946,102128,95818,432,294,138,269,182,87,21,9,12,8,4,4,42,24,18,694,344,350,raw_nada/DDW01C-01 MDDS.XLS
01,JAMMU & KASHMIR,016,Doda,Urban,32689,18211,14478,9786,5807,3979,22668,12244,10424,40,30,10,153,104,49,0,0,0,14,7,7,0,0,0,28,19,9,raw_nada/DDW01C-01 MDDS.XLS
01,JAMMU & KASHMIR,017,Ramban,Total,283713,149132,134581,81026,43844,37182,200516,104078,96438,414,253,161,753,427,326,43,24,19,3,2,1,252,132,120,706,372,334,raw_nada/DDW01C-01 MDDS.XLS
01,JAMMU & KASHMIR,017,Ramban,Rural,271902,142317,129585,75939,40561,35378,194292,100836,93456,344,209,135,348,193,155,42,24,18,2,1,1,251,132,119,684,361,323,raw_nada/DDW01C-01 MDDS.XLS
01,JAMMU & KASHMIR,017,Ramban,Urban,11811,6815,4996,5087,3283,1804,6224,3242,2982,70,44,26,405,234,171,1,0,1,1,1,0,1,0,1,22,11,11,raw_nada/DDW01C-01 MDDS.XLS
01,JAMMU & KASHMIR,018,Kishtwar,Total,230696,120165,110531,93931,49604,44327,133225,68655,64570,277,164,113,450,296,154,2094,1056,1038,3,0,3,514,273,241,202,117,85,raw_nada/DDW01C-01 MDDS.XLS
01,JAMMU & KASHMIR,018,Kishtwar,Rural,215831,111986,103845,89533,46760,42773,122937,63445,59492,243,138,105,353,222,131,2070,1044,1026,3,0,3,514,273,241,178,104,74,raw_nada/DDW01C-01 MDDS.XLS
01,JAMMU & KASHMIR,018,Kishtwar,Urban,14865,8179,6686,4398,2844,1554,10288,5210,5078,34,26,8,97,74,23,24,12,12,0,0,0,0,0,0,24,13,11,raw_nada/DDW01C-01 MDDS.XLS
01,JAMMU & KASHMIR,019,Udhampur,Total,554985,296784,258201,489044,262013,227031,59771,31219,28552,1962,1118,844,3418,1974,1444,106,73,33,57,32,25,235,119,116,392,236,156,raw_nada/DDW01C-01 MDDS.XLS
01,JAMMU & KASHMIR,019,Udhampur,Rural,446777,232974,213803,392790,204907,187883,52018,26998,25020,719,385,334,613,333,280,44,24,20,31,13,18,231,117,114,331,197,134,raw_nada/DDW01C-01 MDDS.XLS
01,JAMMU & KASHMIR,019,Udhampur,Urban,108208,63810,44398,96254,57106,39148,7753,4221,3532,1243,733,510,2805,1641,1164,62,49,13,26,19,7,4,2,2,61,39,22,raw_nada/DDW01C-01 MDDS.XLS
01,JAMMU & KASHMIR,020,Reasi,Total,314667,166461,148206,153898,82358,71540,156275,81598,74677,1208,782,426,3107,1615,1492,15,11,4,7,4,3,3,3,0,154,90,64,raw_nada/DDW01C-01 MDDS.XLS
01,JAMMU & KASHMIR,020,Reasi,Rural,287671,151481,136190,130653,69383,61270,153199,79961,73238,747,545,202,2913,1497,1416,12,8,4,7,4,3,3,3,0,137,80,57,raw_nada/DDW01C-01 MDDS.XLS
01,JAMMU & KASHMIR,020,Reasi,Urban,26996,14980,12016,23245,12975,10270,3076,1637,1439,461,237,224,194,118,76,3,3,0,0,0,0,0,0,0,17,10,7,raw_nada/DDW01C-01 MDDS.XLS
01,JAMMU & KASHMIR,021,Jammu,Total,1529958,813821,716137,1289240,685679,603561,107489,56927,50562,12104,6455,5649,114272,61098,53174,470,266,204,1987,1038,949,321,171,150,4075,2187,1888,raw_nada/DDW01C-01 MDDS.XLS
01,JAMMU & KASHMIR,021,Jammu,Rural,764945,401603,363342,667745,350245,317500,53332,28100,25232,2505,1341,1164,38965,20595,18370,109,74,35,38,23,15,165,79,86,2086,1146,940,raw_nada/DDW01C-01 MDDS.XLS
01,JAMMU & KASHMIR,021,Jammu,Urban,765013,412218,352795,621495,335434,286061,54157,28827,25330,9599,5114,4485,75307,40503,34804,361,192,169,1949,1015,934,156,92,64,1989,1041,948,raw_nada/DDW01C-01 MDDS.XLS
01,JAMMU & KASHMIR,022,Samba,Total,318898,169124,149774,275311,145930,129381,22950,12308,10642,2306,1434,872,17961,9254,8707,48,29,19,16,8,8,6,5,1,300,156,144,raw_nada/DDW01C-01 MDDS.XLS
01,JAMMU & KASHMIR,022,Samba,Rural,265283,139365,125918,227900,119697,108203,20281,10794,9487,1088,702,386,15756,8029,7727,28,18,10,15,8,7,6,5,1,209,112,97,raw_nada/DDW01C-01 MDDS.XLS
01,JAMMU & KASHMIR,022,Samba,Urban,53615,29759,23856,47411,26233,21178,2669,1514,1155,1218,732,486,2205,1225,980,20,11,9,1,0,1,0,0,0,91,44,47,raw_nada/DDW01C-01 MDDS.XLS
02,HIMACHAL PRADESH,023,Chamba,Total,519080,261320,257760,479782,240850,238932,32455,16604,15851,1559,920,639,2745,1684,1061,1740,868,872,57,22,35,14,8,6,728,364,364,raw_nada/DDW02C-01 MDDS.XLS
02,HIMACHAL PRADESH,023,Chamba,Rural,482972,241963,241009,448992,224579,224413,31161,15933,15228,361,193,168,636,346,290,1043,526,517,47,20,27,14,8,6,718,358,360,raw_nada/DDW02C-01 MDDS.XLS
02,HIMACHAL PRADESH,023,Chamba,Urban,36108,19357,16751,30790,16271,14519,1294,671,623,1198,727,471,2109,1338,771,697,342,355,10,2,8,0,0,0,10,6,4,raw_nada/DDW02C-01 MDDS.XLS
02,HIMACHAL PRADESH,024,Kangra,Total,1510075,750591,759484,1461140,723971,737169,19797,10714,9083,3023,1594,1429,8929,4675,4254,14511,8262,6249,194,99,95,208,100,108,2273,1176,1097,raw_nada/DDW02C-01 MDDS.XLS
02,HIMACHAL PRADESH,024,Kangra,Rural,1423794,705365,718429,1386327,685072,701255,18817,10057,8760,2601,1386,1215,7609,3950,3659,5937,3618,2319,114,57,57,203,98,105,2186,1127,1059,raw_nada/DDW02C-01 MDDS.XLS
02,HIMACHAL PRADESH,024,Kangra,Urban,86281,45226,41055,74813,38899,35914,980,657,323,422,208,214,1320,725,595,8574,4644,3930,80,42,38,5,2,3,87,49,38,raw_nada/DDW02C-01 MDDS.XLS
02,HIMACHAL PRADESH,025,Lahul & Spiti,Total,31564,16588,14976,11649,6657,4992,74,53,21,212,149,63,35,30,5,19572,9685,9887,3,2,1,1,1,0,18,11,7,raw_nada/DDW02C-01 MDDS.XLS
02,HIMACHAL PRADESH,025,Lahul & Spiti,Rural,31564,16588,14976,11649,6657,4992,74,53,21,212,149,63,35,30,5,19572,9685,9887,3,2,1,1,1,0,18,11,7,raw_nada/DDW02C-01 MDDS.XLS
02,HIMACHAL PRADESH,025,Lahul & Spiti,Urban,0,0,0,0,0,0,0,0,0,0,0,0,0,0,0,0,0,0,0,0,0,0,0,0,0,0,0,raw_nada/DDW02C-01 MDDS.XLS
02,HIMACHAL PRADESH,026,Kullu,Total,437903,225452,212451,415669,213865,201804,2974,1825,1149,1568,807,761,1396,784,612,15377,7701,7676,94,52,42,83,44,39,742,374,368,raw_nada/DDW02C-01 MDDS.XLS
02,HIMACHAL PRADESH,026,Kullu,Rural,396512,203269,193243,380800,195163,185637,1948,1083,865,1063,569,494,676,391,285,11174,5634,5540,53,28,25,78,40,38,720,361,359,raw_nada/DDW02C-01 MDDS.XLS
02,HIMACHAL PRADESH,026,Kullu,Urban,41391,22183,19208,34869,18702,16167,1026,742,284,505,238,267,720,393,327,4203,2067,2136,41,24,17,5,4,1,22,13,9,raw_nada/DDW02C-01 MDDS.XLS
02,HIMACHAL PRADESH,027,Mandi,Total,999777,498065,501712,981412,488406,493006,9460,5081,4379,876,445,431,4081,2101,1980,2628,1409,1219,43,22,21,86,36,50,1191,565,626,raw_nada/DDW02C-01 MDDS.XLS
02,HIMACHAL PRADESH,027,Mandi,Rural,937140,466050,471090,923679,459017,464662,7776,4148,3628,712,360,352,1615,852,763,2088,1076,1012,30,15,15,84,35,49,1156,547,609,raw_nada/DDW02C-01 MDDS.XLS
02,HIMACHAL PRADESH,027,Mandi,Urban,62637,32015,30622,57733,29389,28344,1684,933,751,164,85,79,2466,1249,1217,540,333,207,13,7,6,2,1,1,35,18,17,raw_nada/DDW02C-01 MDDS.XLS
02,HIMACHAL PRADESH,028,Hamirpur,Total,454768,217070,237698,449412,214195,235217,3711,2024,1687,243,112,131,591,318,273,95,46,49,293,152,141,9,6,3,414,217,197,raw_nada/DDW02C-01 MDDS.XLS
02,HIMACHAL PRADESH,028,Hamirpur,Rural,423338,200748,222590,419044,198504,220540,3182,1664,1518,213,100,113,457,245,212,16,8,8,21,11,10,9,6,3,396,210,186,raw_nada/DDW02C-01 MDDS.XLS
02,HIMACHAL PRADESH,028,Hamirpur,Urban,31430,16322,15108,30368,15691,14677,529,360,169,30,12,18,134,73,61,79,38,41,272,141,131,0,0,0,18,7,11,raw_nada/DDW02C-01 MDDS.XLS
02,HIMACHAL PRADESH,029,Una,Total,521173,263692,257481,480138,242643,237495,14275,7523,6752,390,188,202,26009,13134,12875,56,29,27,70,38,32,10,6,4,225,131,94,raw_nada/DDW02C-01 MDDS.XLS
02,HIMACHAL PRADESH,029,Una,Rural,476260,240254,236006,439716,221565,218151,13521,7075,6446,278,138,140,22486,11325,11161,37,20,17,22,12,10,4,3,1,196,116,80,raw_nada/DDW02C-01 MDDS.XLS
02,HIMACHAL PRADESH,029,Una,Urban,44913,23438,21475,40422,21078,19344,754,448,306,112,50,62,3523,1809,1714,19,9,10,48,26,22,6,3,3,29,15,14,raw_nada/DDW02C-01 MDDS.XLS
02,HIMACHAL PRADESH,030,Bilaspur,Total,381956,192764,189192,371973,187567,184406,6984,3661,3323,236,114,122,2387,1219,1168,113,55,58,10,5,5,7,3,4,246,140,106,raw_nada/DDW02C-01 MDDS.XLS
02,HIMACHAL PRADESH,030,Bilaspur,Rural,356827,179653,177174,348937,175587,173350,5238,2707,2531,175,85,90,2115,1078,1037,102,49,53,9,5,4,7,3,4,244,139,105,raw_nada/DDW02C-01 MDDS.XLS
02,HIMACHAL PRADESH,030,Bilaspur,Urban,25129,13111,12018,23036,11980,11056,1746,954,792,61,29,32,272,141,131,11,6,5,1,0,1,0,0,0,2,1,1,raw_nada/DDW02C-01 MDDS.XLS
02,HIMACHAL PRADESH,031,Solan,Total,580320,308754,271566,548579,291416,257163,14678,8370,6308,1452,780,672,13926,7294,6632,574,305,269,591,312,279,110,67,43,410,210,200,raw_nada/DDW02C-01 MDDS.XLS
02,HIMACHAL PRADESH,031,Solan,Rural,478173,249736,228437,454088,236836,217252,10734,5898,4836,790,445,345,11784,6134,5650,279,160,119,97,51,46,99,61,38,302,151,151,raw_nada/DDW02C-01 MDDS.XLS
02,HIMACHAL PRADESH,031,Solan,Urban,102147,59018,43129,94491,54580,39911,3944,2472,1472,662,335,327,2142,1160,982,295,145,150,494,261,233,11,6,5,108,59,49,raw_nada/DDW02C-01 MDDS.XLS
02,HIMACHAL PRADESH,032,Sirmaur,Total,529855,276289,253566,476830,248707,228123,33215,17327,15888,577,302,275,15501,7887,7614,2645,1519,1126,236,124,112,86,46,40,765,377,388,raw_nada/DDW02C-01 MDDS.XLS
02,HIMACHAL PRADESH,032,Sirmaur,Rural,472690,246175,226515,431174,224606,206568,27856,14542,13314,352,182,170,10013,5005,5008,2620,1504,1116,43,23,20,83,45,38,549,268,281,raw_nada/DDW02C-01 MDDS.XLS
02,HIMACHAL PRADESH,032,Sirmaur,Urban,57165,30114,27051,45656,24101,21555,5359,2785,2574,225,120,105,5488,2882,2606,25,15,10,193,101,92,3,1,2,216,109,107,raw_nada/DDW02C-01 MDDS.XLS
02,HIMACHAL PRADESH,033,Shimla,Total,814010,425039,388971,791449,412148,379301,11810,7200,4610,2025,1088,937,4047,2158,1889,3262,1699,1563,185,99,86,197,104,93,1035,543,492,raw_nada/DDW02C-01 MDDS.XLS
02,HIMACHAL PRADESH,033,Shimla,Rural,612659,314295,298364,602577,308892,293685,7146,3804,3342,839,474,365,542,322,220,690,360,330,20,9,11,145,74,71,700,360,340,raw_nada/DDW02C-01 MDDS.XLS
02,HIMACHAL PRADESH,033,Shimla,Urban,201351,110744,90607,188872,103256,85616,4664,3396,1268,1186,614,572,3505,1836,1669,2572,1339,1233,165,90,75,52,30,22,335,183,152,raw_nada/DDW02C-01 MDDS.XLS
02,HIMACHAL PRADESH,034,Kinnaur,Total,84121,46249,37872,64732,36570,28162,448,381,67,485,345,140,249,210,39,18086,8655,9431,29,18,11,45,40,5,47,30,17,raw_nada/DDW02C-01 MDDS.XLS
02,HIMACHAL PRADESH,034,Kinnaur,Rural,84121,46249,37872,64732,36570,28162,448,381,67,485,345,140,249,210,39,18086,8655,9431,29,18,11,45,40,5,47,30,17,raw_nada/DDW02C-01 MDDS.XLS
02,HIMACHAL PRADESH,034,Kinnaur,Urban,0,0,0,0,0,0,0,0,0,0,0,0,0,0,0,0,0,0,0,0,0,0,0,0,0,0,0,raw_nada/DDW02C-01 MDDS.XLS
03,PUNJAB,035,Gurdaspur,Total,2298323,1212617,1085706,1074332,570929,503403,27667,15038,12629,176587,92619,83968,1002874,525574,477300,405,234,171,580,300,280,812,444,368,15066,7479,7587,raw_nada/DDW03C-01 MDDS.XLS
03,PUNJAB,035,Gurdaspur,Rural,1639004,855784,783220,595343,310743,284600,19375,9940,9435,150436,78575,71861,862338,450682,411656,260,146,114,332,171,161,595,326,269,10325,5201,5124,raw_nada/DDW03C-01 MDDS.XLS
03,PUNJAB,035,Gurdaspur,Urban,659319,356833,302486,478989,260186,218803,8292,5098,3194,26151,14044,12107,140536,74892,65644,145,88,57,248,129,119,217,118,99,4741,2278,2463,raw_nada/DDW03C-01 MDDS.XLS
03,PUNJAB,036,Kapurthala,Total,815168,426311,388857,336124,179051,157073,10190,5565,4625,5445,2855,2590,453692,233854,219838,6662,3412,3250,553,292,261,334,184,150,2168,1098,1070,raw_nada/DDW03C-01 MDDS.XLS
03,PUNJAB,036,Kapurthala,Rural,532706,275932,256774,152501,80091,72410,6225,3317,2908,3545,1832,1713,364361,187562,176799,5034,2579,2455,64,43,21,129,71,58,847,437,410,raw_nada/DDW03C-01 MDDS.XLS
03,PUNJAB,036,Kapurthala,Urban,282462,150379,132083,183623,98960,84663,3965,2248,1717,1900,1023,877,89331,46292,43039,1628,833,795,489,249,240,205,113,92,1321,661,660,raw_nada/DDW03C-01 MDDS.XLS
03,PUNJAB,037,Jalandhar,Total,2193590,1145211,1048379,1394329,734510,659819,30233,16711,13522,26016,13332,12684,718363,368148,350215,11385,5790,5595,4011,2108,1903,805,423,382,8448,4189,4259,raw_nada/DDW03C-01 MDDS.XLS
03,PUNJAB,037,Jalandhar,Rural,1032419,528790,503629,530393,273625,256768,12408,6466,5942,11653,5953,5700,466089,236725,229364,8869,4502,4367,135,70,65,452,232,220,2420,1217,1203,raw_nada/DDW03C-01 MDDS.XLS
03,PUNJAB,037,Jalandhar,Urban,1161171,616421,544750,863936,460885,403051,17825,10245,7580,14363,7379,6984,252274,131423,120851,2516,1288,1228,3876,2038,1838,353,191,162,6028,2972,3056,raw_nada/DDW03C-01 MDDS.XLS
03,PUNJAB,038,Hoshiarpur,Total,1586625,809057,777568,1000743,512910,487833,23089,12011,11078,14968,7766,7202,538208,271461,266747,3476,1784,1692,2034,1080,954,531,260,271,3576,1785,1791,raw_nada/DDW03C-01 MDDS.XLS
03,PUNJAB,038,Hoshiarpur,Rural,1251656,634470,617186,748076,380639,367437,20261,10405,9856,12835,6669,6166,464157,233590,230567,3005,1526,1479,204,104,100,347,164,183,2771,1373,1398,raw_nada/DDW03C-01 MDDS.XLS
03,PUNJAB,038,Hoshiarpur,Urban,334969,174587,160382,252667,132271,120396,2828,1606,1222,2133,1097,1036,74051,37871,36180,471,258,213,1830,976,854,184,96,88,805,412,393,raw_nada/DDW03C-01 MDDS.XLS
03,PUNJAB,039,Shahid Bhagat Singh Nagar,Total,612310,313291,299019,401368,206891,194477,6829,3612,3217,1479,782,697,192885,97148,95737,5885,2997,2888,695,357,338,266,122,144,2903,1382,1521,raw_nada/DDW03C-01 MDDS.XLS
03,PUNJAB,039,Shahid Bhagat Singh Nagar,Rural,486894,248118,238776,304621,156305,148316,4868,2537,2331,1142,603,539,168573,84857,83716,5009,2549,2460,41,18,23,201,89,112,2439,1160,1279,raw_nada/DDW03C-01 MDDS.XLS
03,PUNJAB,039,Shahid Bhagat Singh Nagar,Urban,125416,65173,60243,96747,50586,46161,1961,1075,886,337,179,158,24312,12291,12021,876,448,428,654,339,315,65,33,32,464,222,242,raw_nada/DDW03C-01 MDDS.XLS
03,PUNJAB,040,Fatehgarh Sahib,Total,600163,320795,279368,152851,84586,68265,16808,9089,7719,1698,874,824,427521,225577,201944,48,29,19,178,87,91,251,134,117,808,419,389,raw_nada/DDW03C-01 MDDS.XLS
03,PUNJAB,040,Fatehgarh Sahib,Rural,414681,220050,194631,50261,27558,22703,11478,6120,5358,1185,601,584,351097,185414,165683,14,8,6,38,18,20,175,86,89,433,245,188,raw_nada/DDW03C-01 MDDS.XLS
03,PUNJAB,040,Fatehgarh Sahib,Urban,185482,100745,84737,102590,57028,45562,5330,2969,2361,513,273,240,76424,40163,36261,34,21,13,140,69,71,76,48,28,375,174,201,raw_nada/DDW03C-01 MDDS.XLS
03,PUNJAB,041,Ludhiana,Total,3498739,1867816,1630923,1502403,818112,684291,77713,43163,34550,16517,8449,8068,1863408,978172,885236,2007,1100,907,19620,10192,9428,1254,657,597,15817,7971,7846,raw_nada/DDW03C-01 MDDS.XLS
03,PUNJAB,041,Ludhiana,Rural,1429031,753444,675587,213244,115230,98014,24512,12973,11539,3048,1570,1478,1183219,621009,562210,194,117,77,629,350,279,364,194,170,3821,2001,1820,raw_nada/DDW03C-01 MDDS.XLS
03,PUNJAB,041,Ludhiana,Urban,2069708,1114372,955336,1289159,702882,586277,53201,30190,23011,13469,6879,6590,680189,357163,323026,1813,983,830,18991,9842,9149,890,463,427,11996,5970,6026,raw_nada/DDW03C-01 MDDS.XLS
03,PUNJAB,042,Moga,Total,995746,525920,469826,158414,84132,74282,9388,5017,4371,3277,1729,1548,818921,432217,386704,178,98,80,436,234,202,365,190,175,4767,2303,2464,raw_nada/DDW03C-01 MDDS.XLS
03,PUNJAB,042,Moga,Rural,768500,405704,362796,58244,30773,27471,7514,3956,3558,1433,753,680,697946,368555,329391,109,64,45,213,115,98,222,112,110,2819,1376,1443,raw_nada/DDW03C-01 MDDS.XLS
03,PUNJAB,042,Moga,Urban,227246,120216,107030,100170,53359,46811,1874,1061,813,1844,976,868,120975,63662,57313,69,34,35,223,119,104,143,78,65,1948,927,1021,raw_nada/DDW03C-01 MDDS.XLS
03,PUNJAB,043,Firozpur,Total,2029074,1071637,957437,906408,484000,422408,6844,4002,2842,19358,10240,9118,1090815,570609,520206,454,277,177,1143,584,559,278,157,121,3774,1768,2006,raw_nada/DDW03C-01 MDDS.XLS
03,PUNJAB,043,Firozpur,Rural,1476518,776208,700310,515373,274319,241054,3888,2242,1646,8969,4724,4245,945120,493425,451695,221,130,91,108,66,42,104,58,46,2735,1244,1491,raw_nada/DDW03C-01 MDDS.XLS
03,PUNJAB,043,Firozpur,Urban,552556,295429,257127,391035,209681,181354,2956,1760,1196,10389,5516,4873,145695,77184,68511,233,147,86,1035,518,517,174,99,75,1039,524,515,raw_nada/DDW03C-01 MDDS.XLS
03,PUNJAB,044,Muktsar,Total,901896,475622,426274,254920,134687,120233,4333,2363,1970,1681,887,794,638625,336438,302187,240,126,114,744,397,347,433,221,212,920,503,417,raw_nada/DDW03C-01 MDDS.XLS
03,PUNJAB,044,Muktsar,Rural,649705,342202,307503,96746,50839,45907,2290,1261,1029,905,476,429,548560,288960,259600,114,60,54,144,83,61,363,185,178,583,338,245,raw_nada/DDW03C-01 MDDS.XLS
03,PUNJAB,044,Muktsar,Urban,252191,133420,118771,158174,83848,74326,2043,1102,941,776,411,365,90065,47478,42587,126,66,60,600,314,286,70,36,34,337,165,172,raw_nada/DDW03C-01 MDDS.XLS
03,PUNJAB,045,Faridkot,Total,617508,326671,290837,141363,76132,65231,3125,1709,1416,1227,668,559,469789,247102,222687,155,78,77,1109,585,524,103,62,41,637,335,302,raw_nada/DDW03C-01 MDDS.XLS
03,PUNJAB,045,Faridkot,Rural,400457,210782,189675,28738,15180,13558,1622,833,789,484,262,222,369196,194281,174915,46,24,22,40,24,16,55,33,22,276,145,131,raw_nada/DDW03C-01 MDDS.XLS
03,PUNJAB,045,Faridkot,Urban,217051,115889,101162,112625,60952,51673,1503,876,627,743,406,337,100593,52821,47772,109,54,55,1069,561,508,48,29,19,361,190,171,raw_nada/DDW03C-01 MDDS.XLS
03,PUNJAB,046,Bathinda,Total,1388525,743197,645328,380569,210523,170046,16299,9154,7145,2474,1403,1071,984286,519578,464708,246,122,124,1266,660,606,559,304,255,2826,1453,1373,raw_nada/DDW03C-01 MDDS.XLS
03,PUNJAB,046,Bathinda,Rural,889308,474484,414824,84489,49666,34823,9930,5709,4221,850,482,368,792367,417779,374588,69,29,40,232,114,118,411,219,192,960,486,474,raw_nada/DDW03C-01 MDDS.XLS
03,PUNJAB,046,Bathinda,Urban,499217,268713,230504,296080,160857,135223,6369,3445,2924,1624,921,703,191919,101799,90120,177,93,84,1034,546,488,148,85,63,1866,967,899,raw_nada/DDW03C-01 MDDS.XLS
03,PUNJAB,047,Mansa,Total,769751,408732,361019,156539,83149,73390,10375,5569,4806,917,491,426,598443,317682,280761,123,65,58,1577,841,736,493,277,216,1284,658,626,raw_nada/DDW03C-01 MDDS.XLS
03,PUNJAB,047,Mansa,Rural,606147,322184,283963,67277,35837,31440,8230,4433,3797,746,403,343,528182,280612,247570,44,27,17,384,206,178,407,227,180,877,439,438,raw_nada/DDW03C-01 MDDS.XLS
03,PUNJAB,047,Mansa,Urban,163604,86548,77056,89262,47312,41950,2145,1136,1009,171,88,83,70261,37070,33191,79,38,41,1193,635,558,86,50,36,407,219,188,raw_nada/DDW03C-01 MDDS.XLS
03,PUNJAB,048,Patiala,Total,1895686,1002522,893164,783306,416679,366627,40043,21316,18727,5683,3009,2674,1059944,558055,501889,245,128,117,1914,1008,906,1410,739,671,3141,1588,1553,raw_nada/DDW03C-01 MDDS.XLS
03,PUNJAB,048,Patiala,Rural,1132406,598800,533606,329687,174589,155098,26231,13839,12392,2836,1512,1324,770960,407431,363529,90,52,38,87,57,30,1112,584,528,1403,736,667,raw_nada/DDW03C-01 MDDS.XLS
03,PUNJAB,048,Patiala,Urban,763280,403722,359558,453619,242090,211529,13812,7477,6335,2847,1497,1350,288984,150624,138360,155,76,79,1827,951,876,298,155,143,1738,852,886,raw_nada/DDW03C-01 MDDS.XLS
03,PUNJAB,049,Amritsar,Total,2490656,1318408,1172248,690939,371040,319899,12502,6878,5624,54344,28302,26042,1716935,904189,812746,876,468,408,3152,1662,1490,1044,526,518,10864,5343,5521,raw_nada/DDW03C-01 MDDS.XLS
03,PUNJAB,049,Amritsar,Rural,1156045,607266,548779,57995,31087,26908,5051,2684,2367,34948,18267,16681,1053790,553016,500774,76,46,30,1378,707,671,307,149,158,2500,1310,1190,raw_nada/DDW03C-01 MDDS.XLS
03,PUNJAB,049,Amritsar,Urban,1334611,711142,623469,632944,339953,292991,7451,4194,3257,19396,10035,9361,663145,351173,311972,800,422,378,1774,955,819,737,377,360,8364,4033,4331,raw_nada/DDW03C-01 MDDS.XLS
03,PUNJAB,050,Tarn Taran,Total,1119627,589369,530258,60504,32646,27858,3855,2078,1777,6095,3202,2893,1044903,549246,495657,101,54,47,650,344,306,47,27,20,3472,1772,1700,raw_nada/DDW03C-01 MDDS.XLS
03,PUNJAB,050,Tarn Taran,Rural,977832,514322,463510,26358,14150,12208,3360,1781,1579,4420,2309,2111,940175,494275,445900,76,39,37,127,69,58,32,18,14,3284,1681,1603,raw_nada/DDW03C-01 MDDS.XLS
03,PUNJAB,050,Tarn Taran,Urban,141795,75047,66748,34146,18496,15650,495,297,198,1675,893,782,104728,54971,49757,25,15,10,523,275,248,15,9,6,188,91,97,raw_nada/DDW03C-01 MDDS.XLS
03,PUNJAB,051,Rupnagar,Total,684627,357485,327142,304481,158558,145923,14492,7632,6860,2094,1072,1022,361045,188927,172118,118,68,50,653,342,311,143,77,66,1601,809,792,raw_nada/DDW03C-01 MDDS.XLS
03,PUNJAB,051,Rupnagar,Rural,506820,264089,242731,200032,103478,96554,11135,5792,5343,834,433,401,293332,153617,139715,68,37,31,39,22,17,67,36,31,1313,674,639,raw_nada/DDW03C-01 MDDS.XLS
03,PUNJAB,051,Rupnagar,Urban,177807,93396,84411,104449,55080,49369,3357,1840,1517,1260,639,621,67713,35310,32403,50,31,19,614,320,294,76,41,35,288,135,153,raw_nada/DDW03C-01 MDDS.XLS
03,PUNJAB,052,Sahibzada Ajit Singh Nagar,Total,994628,529253,465375,476276,255616,220660,29488,15771,13717,5342,2740,2602,478908,252684,226224,257,145,112,1257,658,599,239,133,106,2861,1506,1355,raw_nada/DDW03C-01 MDDS.XLS
03,PUNJAB,052,Sahibzada Ajit Singh Nagar,Rural,450017,240984,209033,152887,82753,70134,16994,9030,7964,872,483,389,277613,147834,129779,57,33,24,52,29,23,135,72,63,1407,750,657,raw_nada/DDW03C-01 MDDS.XLS
03,PUNJAB,052,Sahibzada Ajit Singh Nagar,Urban,544611,288269,256342,323389,172863,150526,12494,6741,5753,4470,2257,2213,201295,104850,96445,200,112,88,1205,629,576,104,61,43,1454,756,698,raw_nada/DDW03C-01 MDDS.XLS
03,PUNJAB,053,Sangrur,Total,1655169,878029,777140,389410,207563,181847,179116,93814,85302,2406,1285,1121,1077438,571836,505602,268,134,134,3222,1688,1534,1038,544,494,2271,1165,1106,raw_nada/DDW03C-01 MDDS.XLS
03,PUNJAB,053,Sangrur,Rural,1139204,604653,534551,152958,81566,71392,74657,38843,35814,1572,838,734,907170,481946,425224,142,72,70,80,36,44,785,413,372,1840,939,901,raw_nada/DDW03C-01 MDDS.XLS
03,PUNJAB,053,Sangrur,Urban,515965,273376,242589,236452,125997,110455,104459,54971,49488,834,447,387,170268,89890,80378,126,62,64,3142,1652,1490,253,131,122,431,226,205,raw_nada/DDW03C-01 MDDS.XLS
03,PUNJAB,054,Barnala,Total,595527,317522,278005,112859,62180,50679,13100,7042,6058,622,336,286,467751,247300,220451,108,67,41,246,141,105,481,254,227,360,202,158,raw_nada/DDW03C-01 MDDS.XLS
03,PUNJAB,054,Barnala,Rural,404842,215210,189632,30843,17414,13429,8796,4663,4133,264,140,124,364210,192589,171621,80,50,30,39,26,13,383,199,184,227,129,98,raw_nada/DDW03C-01 MDDS.XLS
03,PUNJAB,054,Barnala,Urban,190685,102312,88373,82016,44766,37250,4304,2379,1925,358,196,162,103541,54711,48830,28,17,11,207,115,92,98,55,43,133,73,60,raw_nada/DDW03C-01 MDDS.XLS
04,CHANDIGARH,055,Chandigarh,Total,1055450,580663,474787,852574,472769,379805,51447,29889,21558,8720,4463,4257,138329,71300,67029,1160,593,567,1960,997,963,246,152,94,1014,500,514,raw_nada/DDW04C-01 MDDS.XLS
04,CHANDIGARH,055,Chandigarh,Rural,28991,17150,11841,23207,13981,9226,1321,805,516,156,82,74,4258,2251,2007,8,3,5,13,7,6,16,14,2,12,7,5,raw_nada/DDW04C-01 MDDS.XLS
04,CHANDIGARH,055,Chandigarh,Urban,1026459,563513,462946,829367,458788,370579,50126,29084,21042,8564,4381,4183,134071,69049,65022,1152,590,562,1947,990,957,230,138,92,1002,493,509,raw_nada/DDW04C-01 MDDS.XLS
05,UTTARAKHAND,056,Uttarkashi,Total,330086,168597,161489,324859,165504,159355,3554,2158,1396,353,232,121,167,115,52,563,290,273,74,40,34,105,53,52,411,205,206,raw_nada/DDW05C-01 MDDS.XLS
05,UTTARAKHAND,056,Uttarkashi,Rural,305781,155375,150406,301807,153047,148760,2459,1496,963,303,192,111,134,94,40,546,280,266,63,33,30,105,53,52,364,180,184,raw_nada/DDW05C-01 MDDS.XLS
05,UTTARAKHAND,056,Uttarkashi,Urban,24305,13222,11083,23052,12457,10595,1095,662,433,50,40,10,33,21,12,17,10,7,11,7,4,0,0,0,47,25,22,raw_nada/DDW05C-01 MDDS.XLS
05,UTTARAKHAND,057,Chamoli,Total,391605,193991,197614,385818,190498,195320,4395,2638,1757,428,267,161,323,224,99,190,98,92,11,6,5,23,14,9,417,246,171,raw_nada/DDW05C-01 MDDS.XLS
05,UTTARAKHAND,057,Chamoli,Rural,332209,160369,171840,329035,158534,170501,2279,1296,983,228,146,82,144,105,39,135,67,68,7,4,3,10,5,5,371,212,159,raw_nada/DDW05C-01 MDDS.XLS
05,UTTARAKHAND,057,Chamoli,Urban,59396,33622,25774,56783,31964,24819,2116,1342,774,200,121,79,179,119,60,55,31,24,4,2,2,13,9,4,46,34,12,raw_nada/DDW05C-01 MDDS.XLS
05,UTTARAKHAND,058,Rudraprayag,Total,242285,114589,127696,240170,113351,126819,1486,917,569,171,83,88,38,18,20,9,6,3,4,2,2,44,28,16,363,184,179,raw_nada/DDW05C-01 MDDS.XLS
05,UTTARAKHAND,058,Rudraprayag,Rural,232360,108740,123620,230708,107829,122879,1077,629,448,143,64,79,35,16,19,8,5,3,4,2,2,36,20,16,349,175,174,raw_nada/DDW05C-01 MDDS.XLS
05,UTTARAKHAND,058,Rudraprayag,Urban,9925,5849,4076,9462,5522,3940,409,288,121,28,19,9,3,2,1,1,1,0,0,0,0,8,8,0,14,9,5,raw_nada/DDW05C-01 MDDS.XLS
05,UTTARAKHAND,059,Tehri Garhwal,Total,618931,297986,320945,609835,292799,317036,7374,4222,3152,656,370,286,290,181,109,32,23,9,91,46,45,109,57,52,544,288,256,raw_nada/DDW05C-01 MDDS.XLS
05,UTTARAKHAND,059,Tehri Garhwal,Rural,548792,259381,289411,543249,256351,286898,4412,2392,2020,405,236,169,94,68,26,19,14,5,22,12,10,97,50,47,494,258,236,raw_nada/DDW05C-01 MDDS.XLS
05,UTTARAKHAND,059,Tehri Garhwal,Urban,70139,38605,31534,66586,36448,30138,2962,1830,1132,251,134,117,196,113,83,13,9,4,69,34,35,12,7,5,50,30,20,raw_nada/DDW05C-01 MDDS.XLS
05,UTTARAKHAND,060,Dehradun,Total,1696694,892199,804495,1424916,747584,677332,202057,107449,94608,13416,6656,6760,36454,19093,17361,11778,7215,4563,5117,2605,2512,217,100,117,2739,1497,1242,raw_nada/DDW05C-01 MDDS.XLS
05,UTTARAKHAND,060,Dehradun,Rural,754753,392891,361862,633762,329241,304521,100092,52550,47542,4167,2096,2071,9486,4980,4506,5823,3270,2553,391,185,206,92,50,42,940,519,421,raw_nada/DDW05C-01 MDDS.XLS
05,UTTARAKHAND,060,Dehradun,Urban,941941,499308,442633,791154,418343,372811,101965,54899,47066,9249,4560,4689,26968,14113,12855,5955,3945,2010,4726,2420,2306,125,50,75,1799,978,821,raw_nada/DDW05C-01 MDDS.XLS
05,UTTARAKHAND,061,Garhwal,Total,687271,326829,360442,660507,311931,348576,22931,12893,10038,2161,1077,1084,619,353,266,58,39,19,212,106,106,51,30,21,732,400,332,raw_nada/DDW05C-01 MDDS.XLS
05,UTTARAKHAND,061,Garhwal,Rural,574568,268029,306539,562789,261446,301343,9621,5439,4182,1192,590,602,253,154,99,32,24,8,31,18,13,47,28,19,603,330,273,raw_nada/DDW05C-01 MDDS.XLS
05,UTTARAKHAND,061,Garhwal,Urban,112703,58800,53903,97718,50485,47233,13310,7454,5856,969,487,482,366,199,167,26,15,11,181,88,93,4,2,2,129,70,59,raw_nada/DDW05C-01 MDDS.XLS
05,UTTARAKHAND,062,Pithoragarh,Total,483439,239306,244133,475105,234450,240655,6015,3617,2398,1401,726,675,260,165,95,185,100,85,13,5,8,30,13,17,430,230,200,raw_nada/DDW05C-01 MDDS.XLS
05,UTTARAKHAND,062,Pithoragarh,Rural,413834,202930,210904,410101,200625,209476,2469,1586,883,628,348,280,160,118,42,77,45,32,7,4,3,26,11,15,366,193,173,raw_nada/DDW05C-01 MDDS.XLS
05,UTTARAKHAND,062,Pithoragarh,Urban,69605,36376,33229,65004,33825,31179,3546,2031,1515,773,378,395,100,47,53,108,55,53,6,1,5,4,2,2,64,37,27,raw_nada/DDW05C-01 MDDS.XLS
05,UTTARAKHAND,063,Bageshwar,Total,259898,124326,135572,257509,123087,134422,1440,786,654,397,188,209,46,17,29,102,47,55,7,3,4,16,6,10,381,192,189,raw_nada/DDW05C-01 MDDS.XLS
05,UTTARAKHAND,063,Bageshwar,Rural,250819,119615,131204,249035,118703,130332,902,486,416,373,177,196,23,6,17,101,47,54,5,2,3,8,5,3,372,189,183,raw_nada/DDW05C-01 MDDS.XLS
05,UTTARAKHAND,063,Bageshwar,Urban,9079,4711,4368,8474,4384,4090,538,300,238,24,11,13,23,11,12,1,0,1,2,1,1,8,1,7,9,3,6,raw_nada/DDW05C-01 MDDS.XLS
05,UTTARAKHAND,064,Almora,Total,622506,291081,331425,611250,284725,326525,7752,4363,3389,1895,1199,696,256,150,106,201,109,92,31,15,16,6,6,0,1115,514,601,raw_nada/DDW05C-01 MDDS.XLS
05,UTTARAKHAND,064,Almora,Rural,560192,257359,302833,555257,254642,300615,3143,1874,1269,441,198,243,89,54,35,155,84,71,23,11,12,1,1,0,1083,495,588,raw_nada/DDW05C-01 MDDS.XLS
05,UTTARAKHAND,064,Almora,Urban,62314,33722,28592,55993,30083,25910,4609,2489,2120,1454,1001,453,167,96,71,46,25,21,8,4,4,5,5,0,32,19,13,raw_nada/DDW05C-01 MDDS.XLS
05,UTTARAKHAND,065,Champawat,Total,259648,131125,128523,249563,125697,123866,8693,4661,4032,870,475,395,336,197,139,24,18,6,28,13,15,6,2,4,128,62,66,raw_nada/DDW05C-01 MDDS.XLS
05,UTTARAKHAND,065,Champawat,Rural,221305,110842,110463,216812,108452,108360,3501,1837,1664,695,385,310,170,103,67,15,12,3,9,4,5,6,2,4,97,47,50,raw_nada/DDW05C-01 MDDS.XLS
05,UTTARAKHAND,065,Champawat,Urban,38343,20283,18060,32751,17245,15506,5192,2824,2368,175,90,85,166,94,72,9,6,3,19,9,10,0,0,0,31,15,16,raw_nada/DDW05C-01 MDDS.XLS
05,UTTARAKHAND,066,Nainital,Total,954605,493666,460939,809717,417657,392060,120742,63667,57075,5091,2458,2633,17419,9027,8392,570,286,284,356,174,182,181,90,91,529,307,222,raw_nada/DDW05C-01 MDDS.XLS
05,UTTARAKHAND,066,Nainital,Rural,582871,299257,283614,546470,280122,266348,21454,11425,10029,2382,1193,1189,11822,6116,5706,183,92,91,75,35,40,151,75,76,334,199,135,raw_nada/DDW05C-01 MDDS.XLS
05,UTTARAKHAND,066,Nainital,Urban,371734,194409,177325,263247,137535,125712,99288,52242,47046,2709,1265,1444,5597,2911,2686,387,194,193,281,139,142,30,15,15,195,108,87,raw_nada/DDW05C-01 MDDS.XLS
05,UTTARAKHAND,067,Udham Singh Nagar,Total,1648902,858783,790119,1104452,575328,529124,372267,194237,178030,6064,3131,2933,162768,84323,78445,505,280,225,738,390,348,159,83,76,1949,1011,938,raw_nada/DDW05C-01 MDDS.XLS
05,UTTARAKHAND,067,Udham Singh Nagar,Rural,1062142,550470,511672,727559,376753,350806,181026,94144,86882,3742,1957,1785,147815,76547,71268,422,232,190,238,122,116,108,55,53,1232,660,572,raw_nada/DDW05C-01 MDDS.XLS
05,UTTARAKHAND,067,Udham Singh Nagar,Urban,586760,308313,278447,376893,198575,178318,191241,100093,91148,2322,1174,1148,14953,7776,7177,83,48,35,500,268,232,51,28,23,717,351,366,raw_nada/DDW05C-01 MDDS.XLS
05,UTTARAKHAND,068,Hardwar,Total,1890422,1005295,885127,1214935,651773,563162,648119,338449,309670,4878,2577,2301,17364,9716,7648,709,399,310,2501,1342,1159,46,22,24,1870,1017,853,raw_nada/DDW05C-01 MDDS.XLS
05,UTTARAKHAND,068,Hardwar,Rural,1197328,633784,563544,725054,387393,337661,458422,238925,219497,2047,1121,926,10145,5437,4708,313,179,134,146,78,68,5,3,2,1196,648,548,raw_nada/DDW05C-01 MDDS.XLS
05,UTTARAKHAND,068,Hardwar,Urban,693094,371511,321583,489881,264380,225501,189697,99524,90173,2831,1456,1375,7219,4279,2940,396,220,176,2355,1264,1091,41,19,22,674,369,305,raw_nada/DDW05C-01 MDDS.XLS
06,HARYANA,069,Panchkula,Total,561293,299679,261614,490702,262324,228378,23451,12341,11110,2583,1336,1247,40951,21785,19166,1008,607,401,1626,833,793,90,49,41,882,404,478,raw_nada/DDW06C-01 MDDS.XLS
06,HARYANA,069,Panchkula,Rural,248063,133153,114910,208936,112322,96614,15266,7999,7267,810,455,355,22793,12230,10563,39,25,14,38,19,19,12,10,2,169,93,76,raw_nada/DDW06C-01 MDDS.XLS
06,HARYANA,069,Panchkula,Urban,313230,166526,146704,281766,150002,131764,8185,4342,3843,1773,881,892,18158,9555,8603,969,582,387,1588,814,774,78,39,39,713,311,402,raw_nada/DDW06C-01 MDDS.XLS
06,HARYANA,070,Ambala,Total,1128350,598703,529647,955096,507859,447237,22143,11734,10409,3705,1982,1723,138202,72417,65785,381,211,170,4845,2562,2283,110,53,57,3868,1885,1983,raw_nada/DDW06C-01 MDDS.XLS
06,HARYANA,070,Ambala,Rural,627576,331703,295873,527264,279426,247838,14282,7370,6912,1183,591,592,82951,43391,39560,71,39,32,305,160,145,41,21,20,1479,705,774,raw_nada/DDW06C-01 MDDS.XLS
06,HARYANA,070,Ambala,Urban,500774,267000,233774,427832,228433,199399,7861,4364,3497,2522,1391,1131,55251,29026,26225,310,172,138,4540,2402,2138,69,32,37,2389,1180,1209,raw_nada/DDW06C-01 MDDS.XLS
06,HARYANA,071,Yamunanagar,Total,1214205,646718,567487,984929,526031,458898,138569,73025,65544,3646,1924,1722,84455,44399,40056,161,86,75,1555,791,764,126,66,60,764,396,368,raw_nada/DDW06C-01 MDDS.XLS
06,HARYANA,071,Yamunanagar,Rural,741376,393957,347419,584697,311790,272907,112735,59101,53634,1466,810,656,41946,21957,19989,99,54,45,74,42,32,86,46,40,273,157,116,raw_nada/DDW06C-01 MDDS.XLS
06,HARYANA,071,Yamunanagar,Urban,472829,252761,220068,400232,214241,185991,25834,13924,11910,2180,1114,1066,42509,22442,20067,62,32,30,1481,749,732,40,20,20,491,239,252,raw_nada/DDW06C-01 MDDS.XLS
06,HARYANA,072,Kurukshetra,Total,964655,510976,453679,805175,427324,377851,15970,8700,7270,1943,1043,900,140395,73268,67127,214,113,101,375,200,175,106,54,52,477,274,203,raw_nada/DDW06C-01 MDDS.XLS
06,HARYANA,072,Kurukshetra,Rural,685430,361020,324410,559800,295338,264462,11766,6330,5436,1042,563,479,112295,58489,53806,71,40,31,34,17,17,87,42,45,335,201,134,raw_nada/DDW06C-01 MDDS.XLS
06,HARYANA,072,Kurukshetra,Urban,279225,149956,129269,245375,131986,113389,4204,2370,1834,901,480,421,28100,14779,13321,143,73,70,341,183,158,19,12,7,142,73,69,raw_nada/DDW06C-01 MDDS.XLS
06,HARYANA,073,Kaithal,Total,1074304,571003,503301,974520,518737,455783,8232,4349,3883,1769,922,847,87558,45862,41696,265,140,125,351,178,173,70,40,30,1539,775,764,raw_nada/DDW06C-01 MDDS.XLS
06,HARYANA,073,Kaithal,Rural,838293,445931,392362,750062,399715,350347,6439,3397,3042,1570,810,760,78584,41173,37411,203,109,94,102,51,51,60,35,25,1273,641,632,raw_nada/DDW06C-01 MDDS.XLS
06,HARYANA,073,Kaithal,Urban,236011,125072,110939,224458,119022,105436,1793,952,841,199,112,87,8974,4689,4285,62,31,31,249,127,122,10,5,5,266,134,132,raw_nada/DDW06C-01 MDDS.XLS
06,HARYANA,074,Karnal,Total,1505324,797712,707612,1341002,711248,629754,31650,16835,14815,2049,1051,998,126207,66270,59937,532,277,255,1516,780,736,49,26,23,2319,1225,1094,raw_nada/DDW06C-01 MDDS.XLS
06,HARYANA,074,Karnal,Rural,1050514,557110,493404,932288,494958,437330,25463,13481,11982,831,433,398,89991,47185,42806,235,134,101,258,138,120,26,14,12,1422,767,655,raw_nada/DDW06C-01 MDDS.XLS
06,HARYANA,074,Karnal,Urban,454810,240602,214208,408714,216290,192424,6187,3354,2833,1218,618,600,36216,19085,17131,297,143,154,1258,642,616,23,12,11,897,458,439,raw_nada/DDW06C-01 MDDS.XLS
06,HARYANA,075,Panipat,Total,1205437,646857,558580,1083936,582298,501638,86622,46232,40390,2261,1218,1043,25064,13243,11821,289,161,128,4647,2394,2253,99,51,48,2519,1260,1259,raw_nada/DDW06C-01 MDDS.XLS
06,HARYANA,075,Panipat,Rural,650352,349642,300710,592641,318977,273664,45464,24197,21267,1173,625,548,9564,5030,4534,135,81,54,479,241,238,36,17,19,860,474,386,raw_nada/DDW06C-01 MDDS.XLS
06,HARYANA,075,Panipat,Urban,555085,297215,257870,491295,263321,227974,41158,22035,19123,1088,593,495,15500,8213,7287,154,80,74,4168,2153,2015,63,34,29,1659,786,873,raw_nada/DDW06C-01 MDDS.XLS
06,HARYANA,076,Sonipat,Total,1450001,781299,668702,1390149,749537,640612,45100,23935,21165,1405,721,684,4484,2376,2108,336,183,153,6033,3144,2889,29,19,10,2465,1384,1081,raw_nada/DDW06C-01 MDDS.XLS
06,HARYANA,076,Sonipat,Rural,996637,538750,457887,964241,521477,442764,28472,15187,13285,792,397,395,1655,900,755,105,51,54,211,101,110,22,14,8,1139,623,516,raw_nada/DDW06C-01 MDDS.XLS
06,HARYANA,076,Sonipat,Urban,453364,242549,210815,425908,228060,197848,16628,8748,7880,613,324,289,2829,1476,1353,231,132,99,5822,3043,2779,7,5,2,1326,761,565,raw_nada/DDW06C-01 MDDS.XLS
06,HARYANA,077,Jind,Total,1334152,713006,621146,1276669,682700,593969,23016,12137,10879,889,462,427,29103,15345,13758,172,91,81,2594,1383,1211,56,27,29,1653,861,792,raw_nada/DDW06C-01 MDDS.XLS
06,HARYANA,077,Jind,Rural,1028569,550519,478050,984342,527159,457183,17888,9437,8451,519,267,252,24364,12852,11512,104,58,46,351,194,157,18,7,11,983,545,438,raw_nada/DDW06C-01 MDDS.XLS
06,HARYANA,077,Jind,Urban,305583,162487,143096,292327,155541,136786,5128,2700,2428,370,195,175,4739,2493,2246,68,33,35,2243,1189,1054,38,20,18,670,316,354,raw_nada/DDW06C-01 MDDS.XLS
06,HARYANA,078,Fatehabad,Total,942011,495360,446651,779243,409950,369293,8360,4465,3895,996,530,466,150969,79151,71818,171,91,80,1172,617,555,530,267,263,570,289,281,raw_nada/DDW06C-01 MDDS.XLS
06,HARYANA,078,Fatehabad,Rural,762423,400814,361609,621256,326696,294560,6252,3337,2915,688,356,332,133251,69934,63317,69,36,33,100,51,49,396,198,198,411,206,205,raw_nada/DDW06C-01 MDDS.XLS
06,HARYANA,078,Fatehabad,Urban,179588,94546,85042,157987,83254,74733,2108,1128,980,308,174,134,17718,9217,8501,102,55,47,1072,566,506,134,69,65,159,83,76,raw_nada/DDW06C-01 MDDS.XLS
06,HARYANA,079,Sirsa,Total,1295189,682582,612607,940255,495835,444420,9524,4982,4542,2186,1135,1051,338962,178565,160397,370,205,165,2256,1204,1052,624,123,501,1012,533,479,raw_nada/DDW06C-01 MDDS.XLS
06,HARYANA,079,Sirsa,Rural,975941,514177,461764,671490,353896,317594,6586,3400,3186,1351,717,634,295056,155381,139675,180,107,73,513,284,229,117,36,81,648,356,292,raw_nada/DDW06C-01 MDDS.XLS
06,HARYANA,079,Sirsa,Urban,319248,168405,150843,268765,141939,126826,2938,1582,1356,835,418,417,43906,23184,20722,190,98,92,1743,920,823,507,87,420,364,177,187,raw_nada/DDW06C-01 MDDS.XLS
06,HARYANA,080,Hisar,Total,1743931,931562,812369,1701061,908606,792455,21650,11711,9939,1945,1066,879,12270,6531,5739,334,185,149,3620,1895,1725,33,16,17,3018,1552,1466,raw_nada/DDW06C-01 MDDS.XLS
06,HARYANA,080,Hisar,Rural,1190443,634139,556304,1163349,619812,543537,16576,8804,7772,896,473,423,7360,3838,3522,156,89,67,235,136,99,23,11,12,1848,976,872,raw_nada/DDW06C-01 MDDS.XLS
06,HARYANA,080,Hisar,Urban,553488,297423,256065,537712,288794,248918,5074,2907,2167,1049,593,456,4910,2693,2217,178,96,82,3385,1759,1626,10,5,5,1170,576,594,raw_nada/DDW06C-01 MDDS.XLS
06,HARYANA,081,Bhiwani,Total,1634445,866672,767773,1611031,854461,756570,15515,8194,7321,873,461,412,2401,1254,1147,254,123,131,1016,536,480,26,14,12,3329,1629,1700,raw_nada/DDW06C-01 MDDS.XLS
06,HARYANA,081,Bhiwani,Rural,1313123,696212,616911,1295018,686765,608253,13841,7264,6577,544,292,252,1849,965,884,198,94,104,186,94,92,16,11,5,1471,727,744,raw_nada/DDW06C-01 MDDS.XLS
06,HARYANA,081,Bhiwani,Urban,321322,170460,150862,316013,167696,148317,1674,930,744,329,169,160,552,289,263,56,29,27,830,442,388,10,3,7,1858,902,956,raw_nada/DDW06C-01 MDDS.XLS
06,HARYANA,082,Rohtak,Total,1061204,568479,492725,1043887,559177,484710,8185,4420,3765,732,411,321,3916,2098,1818,200,114,86,3491,1817,1674,24,14,10,769,428,341,raw_nada/DDW06C-01 MDDS.XLS
06,HARYANA,082,Rohtak,Rural,615040,332034,283006,609584,329051,280533,4120,2219,1901,285,168,117,503,278,225,56,29,27,45,27,18,14,8,6,433,254,179,raw_nada/DDW06C-01 MDDS.XLS
06,HARYANA,082,Rohtak,Urban,446164,236445,209719,434303,230126,204177,4065,2201,1864,447,243,204,3413,1820,1593,144,85,59,3446,1790,1656,10,6,4,336,174,162,raw_nada/DDW06C-01 MDDS.XLS
06,HARYANA,083,Jhajjar,Total,958405,514667,443738,945693,507499,438194,8247,4620,3627,734,416,318,1042,619,423,105,58,47,645,331,314,22,12,10,1917,1112,805,raw_nada/DDW06C-01 MDDS.XLS
06,HARYANA,083,Jhajjar,Rural,715066,384219,330847,708355,380332,328023,4465,2514,1951,471,271,200,242,187,55,79,48,31,37,19,18,22,12,10,1395,836,559,raw_nada/DDW06C-01 MDDS.XLS
06,HARYANA,083,Jhajjar,Urban,243339,130448,112891,237338,127167,110171,3782,2106,1676,263,145,118,800,432,368,26,10,16,608,312,296,0,0,0,522,276,246,raw_nada/DDW06C-01 MDDS.XLS
06,HARYANA,084,Mahendragarh,Total,922088,486665,435423,913251,481974,431277,5660,2981,2679,301,164,137,1737,917,820,75,43,32,644,341,303,15,10,5,405,235,170,raw_nada/DDW06C-01 MDDS.XLS
06,HARYANA,084,Mahendragarh,Rural,789233,416358,372875,783023,413072,369951,4961,2612,2349,222,121,101,598,319,279,54,30,24,45,20,25,5,3,2,325,181,144,raw_nada/DDW06C-01 MDDS.XLS
06,HARYANA,084,Mahendragarh,Urban,132855,70307,62548,130228,68902,61326,699,369,330,79,43,36,1139,598,541,21,13,8,599,321,278,10,7,3,80,54,26,raw_nada/DDW06C-01 MDDS.XLS
06,HARYANA,085,Rewari,Total,900332,474335,425997,889133,468168,420965,5713,3181,2532,701,377,324,1804,994,810,202,117,85,1525,817,708,12,7,5,1242,674,568,raw_nada/DDW06C-01 MDDS.XLS
06,HARYANA,085,Rewari,Rural,666902,349710,317192,661307,346641,314666,3678,2013,1665,300,166,134,555,311,244,119,64,55,76,42,34,11,7,4,856,466,390,raw_nada/DDW06C-01 MDDS.XLS
06,HARYANA,085,Rewari,Urban,233430,124625,108805,227826,121527,106299,2035,1168,867,401,211,190,1249,683,566,83,53,30,1449,775,674,1,0,1,386,208,178,raw_nada/DDW06C-01 MDDS.XLS
06,HARYANA,086,Gurgaon,Total,1514432,816690,697742,1408801,758586,650215,70842,40240,30602,9725,4847,4878,15097,7967,7130,944,496,448,7451,3769,3682,254,130,124,1318,655,663,raw_nada/DDW06C-01 MDDS.XLS
06,HARYANA,086,Gurgaon,Rural,472179,251462,220717,451795,240400,211395,18784,10154,8630,888,519,369,186,106,80,99,51,48,70,42,28,6,3,3,351,187,164,raw_nada/DDW06C-01 MDDS.XLS
06,HARYANA,086,Gurgaon,Urban,1042253,565228,477025,957006,518186,438820,52058,30086,21972,8837,4328,4509,14911,7861,7050,845,445,400,7381,3727,3654,248,127,121,967,468,499,raw_nada/DDW06C-01 MDDS.XLS
06,HARYANA,087,Mewat,Total,1089263,571162,518101,221846,117592,104254,862647,451020,411627,1235,669,566,592,316,276,516,281,235,1453,792,661,4,3,1,970,489,481,raw_nada/DDW06C-01 MDDS.XLS
06,HARYANA,087,Mewat,Rural,965157,506086,459071,152715,81286,71429,809312,423144,386168,1107,604,503,436,231,205,507,276,231,248,136,112,2,1,1,830,408,422,raw_nada/DDW06C-01 MDDS.XLS
06,HARYANA,087,Mewat,Urban,124106,65076,59030,69131,36306,32825,53335,27876,25459,128,65,63,156,85,71,9,5,4,1205,656,549,2,2,0,140,81,59,raw_nada/DDW06C-01 MDDS.XLS
06,HARYANA,088,Faridabad,Total,1809733,966110,843623,1588407,850212,738195,161680,85463,76217,9743,4927,4816,34572,18049,16523,640,334,306,4883,2491,2392,249,118,131,9559,4516,5043,raw_nada/DDW06C-01 MDDS.XLS
06,HARYANA,088,Faridabad,Rural,370878,198103,172775,306586,164318,142268,57213,30161,27052,630,273,357,5634,2949,2685,51,27,24,30,15,15,4,3,1,730,357,373,raw_nada/DDW06C-01 MDDS.XLS
06,HARYANA,088,Faridabad,Urban,1438855,768007,670848,1281821,685894,595927,104467,55302,49165,9113,4654,4459,28938,15100,13838,589,307,282,4853,2476,2377,245,115,130,8829,4159,4670,raw_nada/DDW06C-01 MDDS.XLS
06,HARYANA,089,Palwal,Total,1042708,554497,488211,826342,440964,385378,208566,109462,99104,932,503,429,3971,2042,1929,345,183,162,915,483,432,20,12,8,1617,848,769,raw_nada/DDW06C-01 MDDS.XLS
06,HARYANA,089,Palwal,Rural,806164,428907,377257,599788,320683,279105,201013,105438,95575,599,324,275,3124,1599,1525,214,120,94,78,42,36,9,5,4,1339,696,643,raw_nada/DDW06C-01 MDDS.XLS
06,HARYANA,089,Palwal,Urban,236544,125590,110954,226554,120281,106273,7553,4024,3529,333,179,154,847,443,404,131,63,68,837,441,396,11,7,4,278,152,126,raw_nada/DDW06C-01 MDDS.XLS
07,NCT OF DELHI,090,North West,Total,3656539,1960922,1695617,3211042,1723527,1487515,291330,157911,133419,14100,6938,7162,92129,47621,44508,2281,1202,1079,43460,22513,20947,345,177,168,1852,1033,819,raw_nada/DDW07C-01 MDDS.XLS
07,NCT OF DELHI,090,North West,Rural,213950,115680,98270,192991,104448,88543,16900,9123,7777,370,194,176,3429,1772,1657,104,58,46,41,20,21,10,4,6,105,61,44,raw_nada/DDW07C-01 MDDS.XLS
07,NCT OF DELHI,090,North West,Urban,3442589,1845242,1597347,3018051,1619079,1398972,274430,148788,125642,13730,6744,6986,88700,45849,42851,2177,1144,1033,43419,22493,20926,335,173,162,1747,972,775,raw_nada/DDW07C-01 MDDS.XLS
07,NCT OF DELHI,091,North,Total,887978,475002,412976,726443,389824,336619,119792,63757,56035,7256,3565,3691,19066,9895,9171,1824,947,877,13049,6721,6328,81,36,45,467,257,210,raw_nada/DDW07C-01 MDDS.XLS
07,NCT OF DELHI,091,North,Rural,17746,9546,8200,16558,8906,7652,1092,592,500,62,28,34,23,15,8,9,4,5,0,0,0,0,0,0,2,1,1,raw_nada/DDW07C-01 MDDS.XLS
07,NCT OF DELHI,091,North,Urban,870232,465456,404776,709885,380918,328967,118700,63165,55535,7194,3537,3657,19043,9880,9163,1815,943,872,13049,6721,6328,81,36,45,465,256,209,raw_nada/DDW07C-01 MDDS.XLS
07,NCT OF DELHI,092,North East,Total,2241624,1188425,1053199,1529337,814621,714716,657585,345563,312022,9123,4606,4517,17424,8991,8433,2388,1263,1125,24673,12767,11906,48,20,28,1046,594,452,raw_nada/DDW07C-01 MDDS.XLS
07,NCT OF DELHI,092,North East,Rural,21527,11718,9809,18403,9995,8408,3036,1667,1369,39,25,14,21,13,8,1,1,0,14,7,7,1,1,0,12,9,3,raw_nada/DDW07C-01 MDDS.XLS
07,NCT OF DELHI,092,North East,Urban,2220097,1176707,1043390,1510934,804626,706308,654549,343896,310653,9084,4581,4503,17403,8978,8425,2387,1262,1125,24659,12760,11899,47,19,28,1034,585,449,raw_nada/DDW07C-01 MDDS.XLS
07,NCT OF DELHI,093,East,Total,1709346,907500,801846,1410852,749544,661308,178807,96619,82188,15792,7817,7975,53027,27338,25689,2643,1397,1246,46927,24108,22819,366,199,167,932,478,454,raw_nada/DDW07C-01 MDDS.XLS
07,NCT OF DELHI,093,East,Rural,3530,1861,1669,3194,1694,1500,78,45,33,84,37,47,109,52,57,0,0,0,65,33,32,0,0,0,0,0,0,raw_nada/DDW07C-01 MDDS.XLS
07,NCT OF DELHI,093,East,Urban,1705816,905639,800177,1407658,747850,659808,178729,96574,82155,15708,7780,7928,52918,27286,25632,2643,1397,1246,46862,24075,22787,366,199,167,932,478,454,raw_nada/DDW07C-01 MDDS.XLS
07,NCT OF DELHI,094,New Delhi,Total,142004,77942,64062,124482,68371,56111,8480,4894,3586,4852,2369,2483,2933,1686,1247,312,155,157,679,318,361,66,41,25,200,108,92,raw_nada/DDW07C-01 MDDS.XLS
07,NCT OF DELHI,094,New Delhi,Rural,0,0,0,0,0,0,0,0,0,0,0,0,0,0,0,0,0,0,0,0,0,0,0,0,0,0,0,raw_nada/DDW07C-01 MDDS.XLS
07,NCT OF DELHI,094,New Delhi,Urban,142004,77942,64062,124482,68371,56111,8480,4894,3586,4852,2369,2483,2933,1686,1247,312,155,157,679,318,361,66,41,25,200,108,92,raw_nada/DDW07C-01 MDDS.XLS
07,NCT OF DELHI,095,Central,Total,582320,307821,274499,364148,193075,171073,194278,102623,91655,3527,1677,1850,13038,6637,6401,362,188,174,5886,3042,2844,107,64,43,974,515,459,raw_nada/DDW07C-01 MDDS.XLS
07,NCT OF DELHI,095,Central,Rural,0,0,0,0,0,0,0,0,0,0,0,0,0,0,0,0,0,0,0,0,0,0,0,0,0,0,0,raw_nada/DDW07C-01 MDDS.XLS
07,NCT OF DELHI,095,Central,Urban,582320,307821,274499,364148,193075,171073,194278,102623,91655,3527,1677,1850,13038,6637,6401,362,188,174,5886,3042,2844,107,64,43,974,515,459,raw_nada/DDW07C-01 MDDS.XLS
07,NCT OF DELHI,096,West,Total,2543243,1356240,1187003,2087294,1115285,972009,149807,83674,66133,18337,8854,9483,271752,139971,131781,1993,1035,958,11322,5828,5494,273,156,117,2465,1437,1028,raw_nada/DDW07C-01 MDDS.XLS
07,NCT OF DELHI,096,West,Rural,6420,3355,3065,5992,3158,2834,404,187,217,0,0,0,0,0,0,1,1,0,23,9,14,0,0,0,0,0,0,raw_nada/DDW07C-01 MDDS.XLS
07,NCT OF DELHI,096,West,Urban,2536823,1352885,1183938,2081302,1112127,969175,149403,83487,65916,18337,8854,9483,271752,139971,131781,1992,1034,958,11299,5819,5480,273,156,117,2465,1437,1028,raw_nada/DDW07C-01 MDDS.XLS
07,NCT OF DELHI,097,South West,Total,2292958,1246046,1046912,2102743,1141018,961725,112691,65491,47200,31226,15478,15748,31692,16397,15295,2784,1461,1323,9215,4747,4468,266,131,135,2341,1323,1018,raw_nada/DDW07C-01 MDDS.XLS
07,NCT OF DELHI,097,South West,Rural,143676,77342,66334,138796,74760,64036,4043,2154,1889,478,249,229,210,104,106,26,13,13,17,9,8,0,0,0,106,53,53,raw_nada/DDW07C-01 MDDS.XLS
07,NCT OF DELHI,097,South West,Urban,2149282,1168704,980578,1963947,1066258,897689,108648,63337,45311,30748,15229,15519,31482,16293,15189,2758,1448,1310,9198,4738,4460,266,131,135,2235,1270,965,raw_nada/DDW07C-01 MDDS.XLS
07,NCT OF DELHI,098,South,Total,2731929,1467428,1264501,2155759,1158329,997430,445914,243402,202512,41880,20134,21746,69520,35867,33653,3862,1958,1904,11020,5561,5459,645,324,321,3329,1853,1476,raw_nada/DDW07C-01 MDDS.XLS
07,NCT OF DELHI,098,South,Rural,12193,6819,5374,8094,4606,3488,3590,1935,1655,99,47,52,288,149,139,17,9,8,32,16,16,18,12,6,55,45,10,raw_nada/DDW07C-01 MDDS.XLS
07,NCT OF DELHI,098,South,Urban,2719736,1460609,1259127,2147665,1153723,993942,442324,241467,200857,41781,20087,21694,69232,35718,33514,3845,1949,1896,10988,5545,5443,627,312,315,3274,1808,1466,raw_nada/DDW07C-01 MDDS.XLS
08,RAJASTHAN,099,Ganganagar,Total,1969168,1043340,925828,1437144,763206,673938,50688,26575,24113,2077,1176,901,474853,249834,225019,938,515,423,1988,1041,947,164,91,73,1316,902,414,raw_nada/DDW08C-01 MDDS.XLS
08,RAJASTHAN,099,Ganganagar,Rural,1433736,758269,675467,979734,519482,460252,33673,17570,16103,1238,732,506,417125,219196,197929,632,355,277,241,142,99,109,60,49,984,732,252,raw_nada/DDW08C-01 MDDS.XLS
08,RAJASTHAN,099,Ganganagar,Urban,535432,285071,250361,457410,243724,213686,17015,9005,8010,839,444,395,57728,30638,27090,306,160,146,1747,899,848,55,31,24,332,170,162,raw_nada/DDW08C-01 MDDS.XLS
08,RAJASTHAN,100,Hanumangarh,Total,1774692,931184,843508,1433067,753165,679902,118673,60877,57796,1542,834,708,216997,113932,103065,241,133,108,1935,993,942,138,63,75,2099,1187,912,raw_nada/DDW08C-01 MDDS.XLS
08,RAJASTHAN,100,Hanumangarh,Rural,1424228,746887,677341,1154625,606251,548374,75274,38568,36706,1034,569,465,190894,100177,90717,141,79,62,378,192,186,116,54,62,1766,997,769,raw_nada/DDW08C-01 MDDS.XLS
08,RAJASTHAN,100,Hanumangarh,Urban,350464,184297,166167,278442,146914,131528,43399,22309,21090,508,265,243,26103,13755,12348,100,54,46,1557,801,756,22,9,13,333,190,143,raw_nada/DDW08C-01 MDDS.XLS
08,RAJASTHAN,101,Bikaner,Total,2363937,1240801,1123136,2073356,1090379,982977,235741,121562,114179,1901,1022,879,20072,11244,8828,285,160,125,30850,15500,15350,79,40,39,1653,894,759,raw_nada/DDW08C-01 MDDS.XLS
08,RAJASTHAN,101,Bikaner,Rural,1563553,821434,742119,1435423,754855,680568,108259,55948,52311,520,309,211,13992,7564,6428,100,54,46,4458,2263,2195,49,20,29,752,421,331,raw_nada/DDW08C-01 MDDS.XLS
08,RAJASTHAN,101,Bikaner,Urban,800384,419367,381017,637933,335524,302409,127482,65614,61868,1381,713,668,6080,3680,2400,185,106,79,26392,13237,13155,30,20,10,901,473,428,raw_nada/DDW08C-01 MDDS.XLS
08,RAJASTHAN,102,Churu,Total,2039547,1051446,988101,1777879,919802,858077,249736,125400,124336,958,496,462,402,219,183,188,81,107,7104,3562,3542,127,62,65,3153,1824,1329,raw_nada/DDW08C-01 MDDS.XLS
08,RAJASTHAN,102,Churu,Rural,1463312,755028,708284,1395385,721402,673983,64408,31642,32766,412,213,199,254,143,111,49,22,27,349,165,184,100,50,50,2355,1391,964,raw_nada/DDW08C-01 MDDS.XLS
08,RAJASTHAN,102,Churu,Urban,576235,296418,279817,382494,198400,184094,185328,93758,91570,546,283,263,148,76,72,139,59,80,6755,3397,3358,27,12,15,798,433,365,raw_nada/DDW08C-01 MDDS.XLS
08,RAJASTHAN,103,Jhunjhunun,Total,2137045,1095896,1041149,1905682,981147,924535,228178,113005,115173,1004,525,479,275,153,122,56,30,26,548,315,233,85,43,42,1217,678,539,raw_nada/DDW08C-01 MDDS.XLS
08,RAJASTHAN,103,Jhunjhunun,Rural,1647966,842718,805248,1551399,795813,755586,94767,45921,48846,445,243,202,101,53,48,26,13,13,165,87,78,64,33,31,999,555,444,raw_nada/DDW08C-01 MDDS.XLS
08,RAJASTHAN,103,Jhunjhunun,Urban,489079,253178,235901,354283,185334,168949,133411,67084,66327,559,282,277,174,100,74,30,17,13,383,228,155,21,10,11,218,123,95,raw_nada/DDW08C-01 MDDS.XLS
08,RAJASTHAN,104,Alwar,Total,3674179,1939026,1735153,3039279,1609292,1429987,547335,284312,263023,2696,1439,1257,64532,33202,31330,4384,2282,2102,13221,6906,6315,348,190,158,2384,1403,981,raw_nada/DDW08C-01 MDDS.XLS
08,RAJASTHAN,104,Alwar,Rural,3019728,1589508,1430220,2449491,1293958,1155533,512041,265432,246609,1476,816,660,47618,24425,23193,4101,2126,1975,2775,1442,1333,302,166,136,1924,1143,781,raw_nada/DDW08C-01 MDDS.XLS
08,RAJASTHAN,104,Alwar,Urban,654451,349518,304933,589788,315334,274454,35294,18880,16414,1220,623,597,16914,8777,8137,283,156,127,10446,5464,4982,46,24,22,460,260,200,raw_nada/DDW08C-01 MDDS.XLS
08,RAJASTHAN,105,Bharatpur,Total,2548462,1355726,1192736,2143046,1144840,998206,371286,193212,178074,1576,830,746,23456,12102,11354,899,489,410,5758,2983,2775,18,10,8,2423,1260,1163,raw_nada/DDW08C-01 MDDS.XLS
08,RAJASTHAN,105,Bharatpur,Rural,2053363,1093357,960006,1676286,897246,779040,354436,184354,170082,1105,595,510,17409,9017,8392,827,453,374,1547,782,765,8,7,1,1745,903,842,raw_nada/DDW08C-01 MDDS.XLS
08,RAJASTHAN,105,Bharatpur,Urban,495099,262369,232730,466760,247594,219166,16850,8858,7992,471,235,236,6047,3085,2962,72,36,36,4211,2201,2010,10,3,7,678,357,321,raw_nada/DDW08C-01 MDDS.XLS
08,RAJASTHAN,106,Dhaulpur,Total,1206516,653647,552869,1127520,611468,516052,72258,38247,34011,688,350,338,1356,722,634,92,57,35,2739,1463,1276,21,9,12,1842,1331,511,raw_nada/DDW08C-01 MDDS.XLS
08,RAJASTHAN,106,Dhaulpur,Rural,959066,520930,438136,933724,507174,426550,22322,11843,10479,273,142,131,610,333,277,78,48,30,631,341,290,17,8,9,1411,1041,370,raw_nada/DDW08C-01 MDDS.XLS
08,RAJASTHAN,106,Dhaulpur,Urban,247450,132717,114733,193796,104294,89502,49936,26404,23532,415,208,207,746,389,357,14,9,5,2108,1122,986,4,1,3,431,290,141,raw_nada/DDW08C-01 MDDS.XLS
08,RAJASTHAN,107,Karauli,Total,1458248,783639,674609,1370977,738346,632631,81553,42245,39308,602,310,292,297,159,138,70,39,31,3424,1827,1597,413,209,204,912,504,408,raw_nada/DDW08C-01 MDDS.XLS
08,RAJASTHAN,107,Karauli,Rural,1240143,668185,571958,1197872,646135,551737,39334,20465,18869,361,185,176,102,63,39,39,26,13,1287,689,598,407,208,199,741,414,327,raw_nada/DDW08C-01 MDDS.XLS
08,RAJASTHAN,107,Karauli,Urban,218105,115454,102651,173105,92211,80894,42219,21780,20439,241,125,116,195,96,99,31,13,18,2137,1138,999,6,1,5,171,90,81,raw_nada/DDW08C-01 MDDS.XLS
08,RAJASTHAN,108,Sawai Madhopur,Total,1335551,704031,631520,1165505,616263,549242,155681,80143,75538,945,477,468,812,416,396,177,88,89,9991,5246,4745,42,21,21,2398,1377,1021,raw_nada/DDW08C-01 MDDS.XLS
08,RAJASTHAN,108,Sawai Madhopur,Rural,1069084,564592,504492,969522,512980,456542,93956,48572,45384,419,217,202,189,93,96,80,39,41,3309,1760,1549,30,13,17,1579,918,661,raw_nada/DDW08C-01 MDDS.XLS
08,RAJASTHAN,108,Sawai Madhopur,Urban,266467,139439,127028,195983,103283,92700,61725,31571,30154,526,260,266,623,323,300,97,49,48,6682,3486,3196,12,8,4,819,459,360,raw_nada/DDW08C-01 MDDS.XLS
08,RAJASTHAN,109,Dausa,Total,1634409,857787,776622,1582335,830745,751590,45488,23452,22036,439,224,215,296,176,120,94,41,53,3737,1968,1769,115,61,54,1905,1120,785,raw_nada/DDW08C-01 MDDS.XLS
08,RAJASTHAN,109,Dausa,Rural,1432616,751900,680716,1406280,738189,668091,22771,11750,11021,218,117,101,91,56,35,68,29,39,1481,777,704,96,49,47,1611,933,678,raw_nada/DDW08C-01 MDDS.XLS
08,RAJASTHAN,109,Dausa,Urban,201793,105887,95906,176055,92556,83499,22717,11702,11015,221,107,114,205,120,85,26,12,14,2256,1191,1065,19,12,7,294,187,107,raw_nada/DDW08C-01 MDDS.XLS
08,RAJASTHAN,110,Jaipur,Total,6626178,3468507,3157671,5819980,3050551,2769429,687452,356463,330989,12708,6495,6213,18782,9918,8864,1020,579,441,81079,41785,39294,257,133,124,4900,2583,2317,raw_nada/DDW08C-01 MDDS.XLS
08,RAJASTHAN,110,Jaipur,Rural,3154331,1642924,1511407,3068378,1598555,1469823,76861,39604,37257,1129,596,533,659,372,287,125,66,59,5969,3059,2910,6,3,3,1204,669,535,raw_nada/DDW08C-01 MDDS.XLS
08,RAJASTHAN,110,Jaipur,Urban,3471847,1825583,1646264,2751602,1451996,1299606,610591,316859,293732,11579,5899,5680,18123,9546,8577,895,513,382,75110,38726,36384,251,130,121,3696,1914,1782,raw_nada/DDW08C-01 MDDS.XLS
08,RAJASTHAN,111,Sikar,Total,2677333,1374990,1302343,2342076,1206641,1135435,327583,164433,163150,1122,582,540,356,170,186,177,87,90,4050,2037,2013,15,10,5,1954,1030,924,raw_nada/DDW08C-01 MDDS.XLS
08,RAJASTHAN,111,Sikar,Rural,2043427,1047469,995958,1935501,994252,941249,104952,51697,53255,557,291,266,115,53,62,98,46,52,1318,650,668,11,8,3,875,472,403,raw_nada/DDW08C-01 MDDS.XLS
08,RAJASTHAN,111,Sikar,Urban,633906,327521,306385,406575,212389,194186,222631,112736,109895,565,291,274,241,117,124,79,41,38,2732,1387,1345,4,2,2,1079,558,521,raw_nada/DDW08C-01 MDDS.XLS
08,RAJASTHAN,112,Nagaur,Total,3307743,1696325,1611418,2833443,1454495,1378948,454487,231685,222802,1912,975,937,366,205,161,163,82,81,12940,6594,6346,276,136,140,4156,2153,2003,raw_nada/DDW08C-01 MDDS.XLS
08,RAJASTHAN,112,Nagaur,Rural,2670539,1368771,1301768,2461865,1262695,1199170,200171,101669,98502,1286,635,651,163,82,81,69,34,35,3736,1931,1805,259,123,136,2990,1602,1388,raw_nada/DDW08C-01 MDDS.XLS
08,RAJASTHAN,112,Nagaur,Urban,637204,327554,309650,371578,191800,179778,254316,130016,124300,626,340,286,203,123,80,94,48,46,9204,4663,4541,17,13,4,1166,551,615,raw_nada/DDW08C-01 MDDS.XLS
08,RAJASTHAN,113,Jodhpur,Total,3687165,1923928,1763237,3224399,1684312,1540087,411558,213249,198309,6035,3119,2916,4123,2319,1804,514,256,258,36697,18555,18142,80,43,37,3759,2075,1684,raw_nada/DDW08C-01 MDDS.XLS
08,RAJASTHAN,113,Jodhpur,Rural,2422551,1260328,1162223,2230189,1160282,1069907,183997,95633,88364,929,494,435,406,227,179,171,85,86,5786,2996,2790,6,3,3,1067,608,459,raw_nada/DDW08C-01 MDDS.XLS
08,RAJASTHAN,113,Jodhpur,Urban,1264614,663600,601014,994210,524030,470180,227561,117616,109945,5106,2625,2481,3717,2092,1625,343,171,172,30911,15559,15352,74,40,34,2692,1467,1225,raw_nada/DDW08C-01 MDDS.XLS
08,RAJASTHAN,114,Jaisalmer,Total,669919,361708,308211,497045,270984,226061,168129,87960,80169,874,549,325,1723,1065,658,98,60,38,1521,791,730,34,14,20,495,285,210,raw_nada/DDW08C-01 MDDS.XLS
08,RAJASTHAN,114,Jaisalmer,Rural,580894,312447,268447,417460,226844,190616,160064,83671,76393,487,312,175,1282,757,525,55,37,18,1217,635,582,29,12,17,300,179,121,raw_nada/DDW08C-01 MDDS.XLS
08,RAJASTHAN,114,Jaisalmer,Urban,89025,49261,39764,79585,44140,35445,8065,4289,3776,387,237,150,441,308,133,43,23,20,304,156,148,5,2,3,195,106,89,raw_nada/DDW08C-01 MDDS.XLS
08,RAJASTHAN,115,Barmer,Total,2603751,1369022,1234729,2244882,1181984,1062898,321192,167592,153600,1157,614,543,450,290,160,157,87,70,34010,17453,16557,34,17,17,1869,985,884,raw_nada/DDW08C-01 MDDS.XLS
08,RAJASTHAN,115,Barmer,Rural,2421914,1273249,1148665,2099586,1105098,994488,306508,159979,146529,867,454,413,247,163,84,113,58,55,13012,6643,6369,32,16,16,1549,838,711,raw_nada/DDW08C-01 MDDS.XLS
08,RAJASTHAN,115,Barmer,Urban,181837,95773,86064,145296,76886,68410,14684,7613,7071,290,160,130,203,127,76,44,29,15,20998,10810,10188,2,1,1,320,147,173,raw_nada/DDW08C-01 MDDS.XLS
08,RAJASTHAN,116,Jalor,Total,1828730,936634,892096,1732852,887102,845750,78990,41074,37916,730,362,368,231,131,100,144,74,70,14640,7251,7389,82,43,39,1061,597,464,raw_nada/DDW08C-01 MDDS.XLS
08,RAJASTHAN,116,Jalor,Rural,1676975,857619,819356,1601515,818545,782970,64736,33737,30999,546,269,277,123,68,55,139,73,66,8927,4378,4549,71,37,34,918,512,406,raw_nada/DDW08C-01 MDDS.XLS
08,RAJASTHAN,116,Jalor,Urban,151755,79015,72740,131337,68557,62780,14254,7337,6917,184,93,91,108,63,45,5,1,4,5713,2873,2840,11,6,5,143,85,58,raw_nada/DDW08C-01 MDDS.XLS
08,RAJASTHAN,117,Sirohi,Total,1036346,534231,502115,996562,513617,482945,30479,15980,14499,1284,643,641,572,321,251,114,56,58,6829,3331,3498,56,24,32,450,259,191,raw_nada/DDW08C-01 MDDS.XLS
08,RAJASTHAN,117,Sirohi,Rural,827692,424252,403440,812765,416577,396188,11627,6017,5610,315,173,142,119,69,50,48,25,23,2469,1192,1277,22,8,14,327,191,136,raw_nada/DDW08C-01 MDDS.XLS
08,RAJASTHAN,117,Sirohi,Urban,208654,109979,98675,183797,97040,86757,18852,9963,8889,969,470,499,453,252,201,66,31,35,4360,2139,2221,34,16,18,123,68,55,raw_nada/DDW08C-01 MDDS.XLS
08,RAJASTHAN,118,Pali,Total,2037573,1025422,1012151,1870543,939751,930792,143476,73765,69711,1345,672,673,1540,783,757,141,79,62,18974,9550,9424,52,29,23,1502,793,709,raw_nada/DDW08C-01 MDDS.XLS
08,RAJASTHAN,118,Pali,Rural,1577567,787559,790008,1496204,745757,750447,75597,38884,36713,689,336,353,203,112,91,54,31,23,3504,1734,1770,37,21,16,1279,684,595,raw_nada/DDW08C-01 MDDS.XLS
08,RAJASTHAN,118,Pali,Urban,460006,237863,222143,374339,193994,180345,67879,34881,32998,656,336,320,1337,671,666,87,48,39,15470,7816,7654,15,8,7,223,109,114,raw_nada/DDW08C-01 MDDS.XLS
08,RAJASTHAN,119,Ajmer,Total,2583052,1324085,1258967,2201663,1128355,1073308,314159,161472,152687,10605,5095,5510,6799,3682,3117,417,213,204,45614,23231,22383,184,101,83,3611,1936,1675,raw_nada/DDW08C-01 MDDS.XLS
08,RAJASTHAN,119,Ajmer,Rural,1547642,789397,758245,1348660,687440,661220,188817,96725,92092,1353,677,676,168,92,76,91,40,51,6518,3315,3203,85,47,38,1950,1061,889,raw_nada/DDW08C-01 MDDS.XLS
08,RAJASTHAN,119,Ajmer,Urban,1035410,534688,500722,853003,440915,412088,125342,64747,60595,9252,4418,4834,6631,3590,3041,326,173,153,39096,19916,19180,99,54,45,1661,875,786,raw_nada/DDW08C-01 MDDS.XLS
08,RAJASTHAN,120,Tonk,Total,1421326,728136,693190,1243527,637843,605684,153146,77794,75352,754,351,403,378,170,208,122,56,66,22458,11420,11038,30,16,14,911,486,425,raw_nada/DDW08C-01 MDDS.XLS
08,RAJASTHAN,120,Tonk,Rural,1103603,568045,535558,1047818,539576,508242,46758,23866,22892,309,152,157,118,67,51,52,25,27,7885,3988,3897,19,10,9,644,361,283,raw_nada/DDW08C-01 MDDS.XLS
08,RAJASTHAN,120,Tonk,Urban,317723,160091,157632,195709,98267,97442,106388,53928,52460,445,199,246,260,103,157,70,31,39,14573,7432,7141,11,6,5,267,125,142,raw_nada/DDW08C-01 MDDS.XLS
08,RAJASTHAN,121,Bundi,Total,1110906,577160,533746,1017688,529357,488331,66609,33955,32654,682,314,368,11059,5795,5264,144,71,73,13455,7018,6437,24,12,12,1245,638,607,raw_nada/DDW08C-01 MDDS.XLS
08,RAJASTHAN,121,Bundi,Rural,888205,461734,426471,848202,441280,406922,23014,11640,11374,359,172,187,9081,4740,4341,120,56,64,6275,3260,3015,20,9,11,1134,577,557,raw_nada/DDW08C-01 MDDS.XLS
08,RAJASTHAN,121,Bundi,Urban,222701,115426,107275,169486,88077,81409,43595,22315,21280,323,142,181,1978,1055,923,24,15,9,7180,3758,3422,4,3,1,111,61,50,raw_nada/DDW08C-01 MDDS.XLS
08,RAJASTHAN,122,Bhilwara,Total,2408523,1220736,1187787,2224839,1127007,1097832,142427,72770,69657,1978,1006,972,1468,744,724,183,83,100,35149,17775,17374,60,29,31,2419,1322,1097,raw_nada/DDW08C-01 MDDS.XLS
08,RAJASTHAN,122,Bhilwara,Rural,1895869,955378,940491,1818052,915691,902361,64539,32940,31599,612,319,293,199,93,106,110,50,60,10423,5243,5180,44,21,23,1890,1021,869,raw_nada/DDW08C-01 MDDS.XLS
08,RAJASTHAN,122,Bhilwara,Urban,512654,265358,247296,406787,211316,195471,77888,39830,38058,1366,687,679,1269,651,618,73,33,40,24726,12532,12194,16,8,8,529,301,228,raw_nada/DDW08C-01 MDDS.XLS
08,RAJASTHAN,123,Rajsamand,Total,1156597,581339,575258,1105676,555587,550089,33677,17181,16496,759,370,389,260,151,109,100,45,55,14966,7413,7553,68,38,30,1091,554,537,raw_nada/DDW08C-01 MDDS.XLS
08,RAJASTHAN,123,Rajsamand,Rural,972777,486960,485817,947216,474113,473103,18523,9446,9077,425,200,225,96,61,35,31,15,16,5520,2634,2886,49,27,22,917,464,453,raw_nada/DDW08C-01 MDDS.XLS
08,RAJASTHAN,123,Rajsamand,Urban,183820,94379,89441,158460,81474,76986,15154,7735,7419,334,170,164,164,90,74,69,30,39,9446,4779,4667,19,11,8,174,90,84,raw_nada/DDW08C-01 MDDS.XLS
08,RAJASTHAN,124,Dungarpur,Total,1388552,696532,692020,1340065,672419,667646,28662,13940,14722,830,434,396,240,136,104,226,106,120,16141,8303,7838,853,421,432,1535,773,762,raw_nada/DDW08C-01 MDDS.XLS
08,RAJASTHAN,124,Dungarpur,Rural,1299809,651046,648763,1279783,641064,638719,7595,3610,3985,532,286,246,119,73,46,196,91,105,9287,4774,4513,817,408,409,1480,740,740,raw_nada/DDW08C-01 MDDS.XLS
08,RAJASTHAN,124,Dungarpur,Urban,88743,45486,43257,60282,31355,28927,21067,10330,10737,298,148,150,121,63,58,30,15,15,6854,3529,3325,36,13,23,55,33,22,raw_nada/DDW08C-01 MDDS.XLS
08,RAJASTHAN,125,Banswara,Total,1797485,907754,889731,1701234,859658,841576,48834,23988,24846,22250,11101,11149,427,233,194,138,71,67,22613,11579,11034,109,59,50,1880,1065,815,raw_nada/DDW08C-01 MDDS.XLS
08,RAJASTHAN,125,Banswara,Rural,1669864,842767,827097,1618071,816759,801312,16498,8177,8321,21030,10511,10519,192,107,85,117,58,59,12874,6565,6309,96,53,43,986,537,449,raw_nada/DDW08C-01 MDDS.XLS
08,RAJASTHAN,125,Banswara,Urban,127621,64987,62634,83163,42899,40264,32336,15811,16525,1220,590,630,235,126,109,21,13,8,9739,5014,4725,13,6,7,894,528,366,raw_nada/DDW08C-01 MDDS.XLS
08,RAJASTHAN,126,Chittaurgarh,Total,1544338,783171,761167,1413163,716145,697018,97855,50080,47775,1274,634,640,1515,803,712,252,123,129,25843,13139,12704,136,64,72,4300,2183,2117,raw_nada/DDW08C-01 MDDS.XLS
08,RAJASTHAN,126,Chittaurgarh,Rural,1259074,636415,622659,1201154,606765,594389,42359,21658,20701,435,217,218,425,219,206,103,45,58,12112,6172,5940,64,28,36,2422,1311,1111,raw_nada/DDW08C-01 MDDS.XLS
08,RAJASTHAN,126,Chittaurgarh,Urban,285264,146756,138508,212009,109380,102629,55496,28422,27074,839,417,422,1090,584,506,149,78,71,13731,6967,6764,72,36,36,1878,872,1006,raw_nada/DDW08C-01 MDDS.XLS
08,RAJASTHAN,127,Kota,Total,1951014,1021161,929853,1661307,871955,789352,243993,125304,118689,5665,2918,2747,11058,5892,5166,280,148,132,25742,13396,12346,286,158,128,2683,1390,1293,raw_nada/DDW08C-01 MDDS.XLS
08,RAJASTHAN,127,Kota,Rural,774410,401331,373079,728947,378112,350835,39828,20250,19578,1106,562,544,1839,1005,834,89,43,46,1542,808,734,14,10,4,1045,541,504,raw_nada/DDW08C-01 MDDS.XLS
08,RAJASTHAN,127,Kota,Urban,1176604,619830,556774,932360,493843,438517,204165,105054,99111,4559,2356,2203,9219,4887,4332,191,105,86,24200,12588,11612,272,148,124,1638,849,789,raw_nada/DDW08C-01 MDDS.XLS
08,RAJASTHAN,128,Baran,Total,1222755,633945,588810,1133349,588213,545136,79984,40848,39136,1432,722,710,3066,1630,1436,84,43,41,2795,1466,1329,48,23,25,1997,1000,997,raw_nada/DDW08C-01 MDDS.XLS
08,RAJASTHAN,128,Baran,Rural,968541,502228,466313,931844,483395,448449,30445,15574,14871,1038,533,505,2586,1372,1214,36,17,19,798,438,360,44,21,23,1750,878,872,raw_nada/DDW08C-01 MDDS.XLS
08,RAJASTHAN,128,Baran,Urban,254214,131717,122497,201505,104818,96687,49539,25274,24265,394,189,205,480,258,222,48,26,22,1997,1028,969,4,2,2,247,122,125,raw_nada/DDW08C-01 MDDS.XLS
08,RAJASTHAN,129,Jhalawar,Total,1411129,725143,685986,1299751,668163,631588,96164,49142,47022,842,427,415,819,431,388,46,26,20,12488,6438,6050,42,23,19,977,493,484,raw_nada/DDW08C-01 MDDS.XLS
08,RAJASTHAN,129,Jhalawar,Rural,1181838,606533,575305,1132135,581203,550932,43355,22053,21302,445,240,205,182,100,82,20,12,8,4849,2490,2359,30,14,16,822,421,401,raw_nada/DDW08C-01 MDDS.XLS
08,RAJASTHAN,129,Jhalawar,Urban,229291,118610,110681,167616,86960,80656,52809,27089,25720,397,187,210,637,331,306,26,14,12,7639,3948,3691,12,9,3,155,72,83,raw_nada/DDW08C-01 MDDS.XLS
08,RAJASTHAN,130,Udaipur,Total,3068420,1566801,1501619,2869976,1465755,1404221,104307,52880,51427,7406,3641,3765,4278,2335,1943,209,104,105,78647,40221,38426,373,196,177,3224,1669,1555,raw_nada/DDW08C-01 MDDS.XLS
08,RAJASTHAN,130,Udaipur,Rural,2459994,1251316,1208678,2412786,1227304,1185482,19876,10037,9839,4028,1980,2048,461,233,228,92,40,52,19836,10198,9638,327,173,154,2588,1351,1237,raw_nada/DDW08C-01 MDDS.XLS
08,RAJASTHAN,130,Udaipur,Urban,608426,315485,292941,457190,238451,218739,84431,42843,41588,3378,1661,1717,3817,2102,1715,117,64,53,58811,30023,28788,46,23,23,636,318,318,raw_nada/DDW08C-01 MDDS.XLS
08,RAJASTHAN,131,Pratapgarh,Total,867848,437744,430104,827293,417285,410008,25597,12945,12652,358,180,178,72,43,29,32,18,14,14077,7064,7013,27,11,16,392,198,194,raw_nada/DDW08C-01 MDDS.XLS
08,RAJASTHAN,131,Pratapgarh,Rural,796041,401171,394870,775049,390555,384494,14496,7377,7119,199,96,103,59,37,22,21,11,10,5844,2906,2938,27,11,16,346,178,168,raw_nada/DDW08C-01 MDDS.XLS
08,RAJASTHAN,131,Pratapgarh,Urban,71807,36573,35234,52244,26730,25514,11101,5568,5533,159,84,75,13,6,7,11,7,4,8233,4158,4075,0,0,0,46,20,26,raw_nada/DDW08C-01 MDDS.XLS
09,UTTAR PRADESH,132,Saharanpur,Total,3466382,1834106,1632276,1966892,1045841,921051,1454052,764069,689983,6523,3416,3107,18627,9868,8759,1937,1086,851,10208,5345,4863,135,77,58,8008,4404,3604,raw_nada/DDW09C-01 MDDS.XLS
09,UTTAR PRADESH,132,Saharanpur,Rural,2399856,1269803,1130053,1475263,785403,689860,907101,474911,432190,3478,1859,1619,8863,4697,4166,969,568,401,284,160,124,29,17,12,3869,2188,1681,raw_nada/DDW09C-01 MDDS.XLS
09,UTTAR PRADESH,132,Saharanpur,Urban,1066526,564303,502223,491629,260438,231191,546951,289158,257793,3045,1557,1488,9764,5171,4593,968,518,450,9924,5185,4739,106,60,46,4139,2216,1923,raw_nada/DDW09C-01 MDDS.XLS
09,UTTAR PRADESH,133,Muzaffarnagar,Total,4143512,2193434,1950078,2382914,1275138,1107776,1711453,892227,819226,6495,3415,3080,18601,9931,8670,1516,809,707,16345,8563,7782,60,33,27,6128,3318,2810,raw_nada/DDW09C-01 MDDS.XLS
09,UTTAR PRADESH,133,Muzaffarnagar,Rural,2952200,1565004,1387196,1799722,964609,835113,1127955,587245,540710,4071,2131,1940,13802,7383,6419,1388,740,648,1363,737,626,44,23,21,3855,2136,1719,raw_nada/DDW09C-01 MDDS.XLS
09,UTTAR PRADESH,133,Muzaffarnagar,Urban,1191312,628430,562882,583192,310529,272663,583498,304982,278516,2424,1284,1140,4799,2548,2251,128,69,59,14982,7826,7156,16,10,6,2273,1182,1091,raw_nada/DDW09C-01 MDDS.XLS
09,UTTAR PRADESH,134,Bijnor,Total,3682713,1921215,1761498,2032081,1068571,963510,1585210,817985,767225,6184,3179,3005,50624,26346,24278,1736,920,816,2134,1096,1038,41,20,21,4703,3098,1605,raw_nada/DDW09C-01 MDDS.XLS
09,UTTAR PRADESH,134,Bijnor,Rural,2757401,1438412,1318989,1743861,916905,826956,960844,493610,467234,4578,2334,2244,43030,22409,20621,1624,857,767,249,119,130,36,19,17,3179,2159,1020,raw_nada/DDW09C-01 MDDS.XLS
09,UTTAR PRADESH,134,Bijnor,Urban,925312,482803,442509,288220,151666,136554,624366,324375,299991,1606,845,761,7594,3937,3657,112,63,49,1885,977,908,5,1,4,1524,939,585,raw_nada/DDW09C-01 MDDS.XLS
09,UTTAR PRADESH,135,Moradabad,Total,4772006,2503186,2268820,2488265,1312771,1175494,2248392,1172051,1076341,13157,6758,6399,7555,4002,3553,1260,653,607,2426,1265,1161,382,209,173,10569,5477,5092,raw_nada/DDW09C-01 MDDS.XLS
09,UTTAR PRADESH,135,Moradabad,Rural,3198383,1680022,1518361,1792422,947403,845019,1388330,723344,664986,6462,3382,3080,2826,1495,1331,785,401,384,596,317,279,72,41,31,6890,3639,3251,raw_nada/DDW09C-01 MDDS.XLS
09,UTTAR PRADESH,135,Moradabad,Urban,1573623,823164,750459,695843,365368,330475,860062,448707,411355,6695,3376,3319,4729,2507,2222,475,252,223,1830,948,882,310,168,142,3679,1838,1841,raw_nada/DDW09C-01 MDDS.XLS
09,UTTAR PRADESH,136,Rampur,Total,2335819,1223889,1111930,1073890,568003,505887,1181337,613724,567613,9201,4761,4440,65316,34118,31198,384,190,194,1307,699,608,63,35,28,4321,2359,1962,raw_nada/DDW09C-01 MDDS.XLS
09,UTTAR PRADESH,136,Rampur,Rural,1747172,916878,830294,900990,476519,424471,774818,402961,371857,7962,4145,3817,59132,30913,28219,264,129,135,254,142,112,53,28,25,3699,2041,1658,raw_nada/DDW09C-01 MDDS.XLS
09,UTTAR PRADESH,136,Rampur,Urban,588647,307011,281636,172900,91484,81416,406519,210763,195756,1239,616,623,6184,3205,2979,120,61,59,1053,557,496,10,7,3,622,318,304,raw_nada/DDW09C-01 MDDS.XLS
09,UTTAR PRADESH,137,Jyotiba Phule Nagar,Total,1840221,963449,876772,1075440,565889,509551,750368,389962,360406,5952,3119,2833,5295,2844,2451,189,109,80,517,269,248,21,11,10,2439,1246,1193,raw_nada/DDW09C-01 MDDS.XLS
09,UTTAR PRADESH,137,Jyotiba Phule Nagar,Rural,1381508,724539,656969,921412,484681,436731,449292,234158,215134,4614,2424,2190,4075,2188,1887,153,88,65,120,57,63,19,9,10,1823,934,889,raw_nada/DDW09C-01 MDDS.XLS
09,UTTAR PRADESH,137,Jyotiba Phule Nagar,Urban,458713,238910,219803,154028,81208,72820,301076,155804,145272,1338,695,643,1220,656,564,36,21,15,397,212,185,2,2,0,616,312,304,raw_nada/DDW09C-01 MDDS.XLS
09,UTTAR PRADESH,138,Meerut,Total,3443689,1825743,1617946,2183255,1169512,1013743,1185643,617178,568465,10582,5500,5082,24912,13694,11218,1855,999,856,18544,9554,8990,236,118,118,18662,9188,9474,raw_nada/DDW09C-01 MDDS.XLS
09,UTTAR PRADESH,138,Meerut,Rural,1684507,894920,789587,1139314,610872,528442,521897,271935,249962,2640,1406,1234,11794,6290,5504,542,293,249,781,394,387,75,37,38,7464,3693,3771,raw_nada/DDW09C-01 MDDS.XLS
09,UTTAR PRADESH,138,Meerut,Urban,1759182,930823,828359,1043941,558640,485301,663746,345243,318503,7942,4094,3848,13118,7404,5714,1313,706,607,17763,9160,8603,161,81,80,11198,5495,5703,raw_nada/DDW09C-01 MDDS.XLS
09,UTTAR PRADESH,139,Baghpat,Total,1303048,700070,602978,917474,498777,418697,364583,190148,174435,1840,968,872,483,272,211,161,95,66,16139,8490,7649,25,16,9,2343,1304,1039,raw_nada/DDW09C-01 MDDS.XLS
09,UTTAR PRADESH,139,Baghpat,Rural,1028023,553807,474216,753877,410804,343073,268284,139823,128461,1397,748,649,176,104,72,125,74,51,2000,1047,953,21,13,8,2143,1194,949,raw_nada/DDW09C-01 MDDS.XLS
09,UTTAR PRADESH,139,Baghpat,Urban,275025,146263,128762,163597,87973,75624,96299,50325,45974,443,220,223,307,168,139,36,21,15,14139,7443,6696,4,3,1,200,110,90,raw_nada/DDW09C-01 MDDS.XLS
09,UTTAR PRADESH,140,Ghaziabad,Total,4681645,2488834,2192811,3414427,1823729,1590698,1186776,622836,563940,19026,9643,9383,23001,12172,10829,3487,1875,1612,16412,8409,8003,265,158,107,18251,10012,8239,raw_nada/DDW09C-01 MDDS.XLS
09,UTTAR PRADESH,140,Ghaziabad,Rural,1519098,808222,710876,1014522,543695,470827,496356,259971,236385,2374,1272,1102,2219,1194,1025,328,180,148,161,99,62,7,5,2,3131,1806,1325,raw_nada/DDW09C-01 MDDS.XLS
09,UTTAR PRADESH,140,Ghaziabad,Urban,3162547,1680612,1481935,2399905,1280034,1119871,690420,362865,327555,16652,8371,8281,20782,10978,9804,3159,1695,1464,16251,8310,7941,258,153,105,15120,8206,6914,raw_nada/DDW09C-01 MDDS.XLS
09,UTTAR PRADESH,141,Gautam Buddha Nagar,Total,1648115,890214,757901,1394025,753025,641000,215500,115983,99517,7366,3733,3633,9261,4717,4544,895,473,422,4518,2299,2219,91,53,38,16459,9931,6528,raw_nada/DDW09C-01 MDDS.XLS
09,UTTAR PRADESH,141,Gautam Buddha Nagar,Rural,673806,359605,314201,580702,310293,270409,88032,46097,41935,962,503,459,959,488,471,165,88,77,150,78,72,20,15,5,2816,2043,773,raw_nada/DDW09C-01 MDDS.XLS
09,UTTAR PRADESH,141,Gautam Buddha Nagar,Urban,974309,530609,443700,813323,442732,370591,127468,69886,57582,6404,3230,3174,8302,4229,4073,730,385,345,4368,2221,2147,71,38,33,13643,7888,5755,raw_nada/DDW09C-01 MDDS.XLS
09,UTTAR PRADESH,142,Bulandshahr,Total,3499171,1845260,1653911,2707195,1434516,1272679,777407,403081,374326,4088,2132,1956,2765,1461,1304,669,387,282,1572,826,746,86,48,38,5389,2809,2580,raw_nada/DDW09C-01 MDDS.XLS
09,UTTAR PRADESH,142,Bulandshahr,Rural,2631742,1390490,1241252,2180183,1155742,1024441,444491,230962,213529,2427,1259,1168,1030,539,491,453,272,181,132,69,63,44,27,17,2982,1620,1362,raw_nada/DDW09C-01 MDDS.XLS
09,UTTAR PRADESH,142,Bulandshahr,Urban,867429,454770,412659,527012,278774,248238,332916,172119,160797,1661,873,788,1735,922,813,216,115,101,1440,757,683,42,21,21,2407,1189,1218,raw_nada/DDW09C-01 MDDS.XLS
09,UTTAR PRADESH,143,Aligarh,Total,3673889,1951996,1721893,2904140,1548151,1355989,729283,382505,346778,7635,4001,3634,5875,3148,2727,2582,1360,1222,2805,1472,1333,91,51,40,21478,11308,10170,raw_nada/DDW09C-01 MDDS.XLS
09,UTTAR PRADESH,143,Aligarh,Rural,2456698,1308923,1147775,2177919,1162915,1015004,258196,135096,123100,2310,1223,1087,1915,1060,855,2107,1101,1006,246,140,106,53,29,24,13952,7359,6593,raw_nada/DDW09C-01 MDDS.XLS
09,UTTAR PRADESH,143,Aligarh,Urban,1217191,643073,574118,726221,385236,340985,471087,247409,223678,5325,2778,2547,3960,2088,1872,475,259,216,2559,1332,1227,38,22,16,7526,3949,3577,raw_nada/DDW09C-01 MDDS.XLS
09,UTTAR PRADESH,144,Mahamaya Nagar,Total,1564708,836127,728581,1397225,748446,648779,159448,83464,75984,1350,710,640,524,279,245,424,224,200,1289,657,632,63,29,34,4385,2318,2067,raw_nada/DDW09C-01 MDDS.XLS
09,UTTAR PRADESH,144,Mahamaya Nagar,Rural,1232015,659814,572201,1139198,611037,528161,88137,46365,41772,749,396,353,210,114,96,234,119,115,324,169,155,44,20,24,3119,1594,1525,raw_nada/DDW09C-01 MDDS.XLS
09,UTTAR PRADESH,144,Mahamaya Nagar,Urban,332693,176313,156380,258027,137409,120618,71311,37099,34212,601,314,287,314,165,149,190,105,85,965,488,477,19,9,10,1266,724,542,raw_nada/DDW09C-01 MDDS.XLS
09,UTTAR PRADESH,145,Mathura,Total,2547184,1367125,1180059,2310776,1243318,1067458,216933,113557,103376,3179,1606,1573,2872,1604,1268,883,466,417,2056,1107,949,126,65,61,10359,5402,4957,raw_nada/DDW09C-01 MDDS.XLS
09,UTTAR PRADESH,145,Mathura,Rural,1791191,962028,829163,1672611,899821,772790,107878,56603,51275,1429,720,709,1061,611,450,641,353,288,318,156,162,54,30,24,7199,3734,3465,raw_nada/DDW09C-01 MDDS.XLS
09,UTTAR PRADESH,145,Mathura,Urban,755993,405097,350896,638165,343497,294668,109055,56954,52101,1750,886,864,1811,993,818,242,113,129,1738,951,787,72,35,37,3160,1668,1492,raw_nada/DDW09C-01 MDDS.XLS
09,UTTAR PRADESH,146,Agra,Total,4418797,2364953,2053844,3922718,2103097,1819621,411313,216851,194462,10076,5154,4922,12057,6428,5629,4049,2180,1869,21508,11259,10249,384,200,184,36692,19784,16908,raw_nada/DDW09C-01 MDDS.XLS
09,UTTAR PRADESH,146,Agra,Rural,2394602,1285184,1109418,2292528,1231371,1061157,87749,46086,41663,1560,827,733,890,490,400,451,262,189,2622,1399,1223,19,11,8,8783,4738,4045,raw_nada/DDW09C-01 MDDS.XLS
09,UTTAR PRADESH,146,Agra,Urban,2024195,1079769,944426,1630190,871726,758464,323564,170765,152799,8516,4327,4189,11167,5938,5229,3598,1918,1680,18886,9860,9026,365,189,176,27909,15046,12863,raw_nada/DDW09C-01 MDDS.XLS
09,UTTAR PRADESH,147,Firozabad,Total,2498156,1332046,1166110,2140745,1145777,994968,314812,164081,150731,3370,1824,1546,1804,963,841,3395,1772,1623,19077,10121,8956,61,35,26,14892,7473,7419,raw_nada/DDW09C-01 MDDS.XLS
09,UTTAR PRADESH,147,Firozabad,Rural,1664987,891872,773115,1579224,847156,732068,74838,38957,35881,1575,878,697,273,148,125,2067,1047,1020,1743,965,778,28,14,14,5239,2707,2532,raw_nada/DDW09C-01 MDDS.XLS
09,UTTAR PRADESH,147,Firozabad,Urban,833169,440174,392995,561521,298621,262900,239974,125124,114850,1795,946,849,1531,815,716,1328,725,603,17334,9156,8178,33,21,12,9653,4766,4887,raw_nada/DDW09C-01 MDDS.XLS
09,UTTAR PRADESH,148,Mainpuri,Total,1868529,993377,875152,1746649,930154,816495,100723,52061,48662,1729,888,841,475,257,218,8814,4676,4138,4161,2190,1971,38,24,14,5940,3127,2813,raw_nada/DDW09C-01 MDDS.XLS
09,UTTAR PRADESH,148,Mainpuri,Rural,1580087,842374,737713,1510913,806431,704482,54540,28183,26357,1076,553,523,195,114,81,8491,4499,3992,190,110,80,27,17,10,4655,2467,2188,raw_nada/DDW09C-01 MDDS.XLS
09,UTTAR PRADESH,148,Mainpuri,Urban,288442,151003,137439,235736,123723,112013,46183,23878,22305,653,335,318,280,143,137,323,177,146,3971,2080,1891,11,7,4,1285,660,625,raw_nada/DDW09C-01 MDDS.XLS
09,UTTAR PRADESH,149,Budaun,Total,3681896,1967759,1714137,2867707,1542427,1325280,790515,412064,378451,6320,3255,3065,1135,639,496,1959,1067,892,678,354,324,87,47,40,13495,7906,5589,raw_nada/DDW09C-01 MDDS.XLS
09,UTTAR PRADESH,149,Budaun,Rural,3037301,1630376,1406925,2531627,1365331,1166296,486552,254154,232398,4142,2162,1980,679,400,279,1789,974,815,221,111,110,76,41,35,12215,7203,5012,raw_nada/DDW09C-01 MDDS.XLS
09,UTTAR PRADESH,149,Budaun,Urban,644595,337383,307212,336080,177096,158984,303963,157910,146053,2178,1093,1085,456,239,217,170,93,77,457,243,214,11,6,5,1280,703,577,raw_nada/DDW09C-01 MDDS.XLS
09,UTTAR PRADESH,150,Bareilly,Total,4448359,2357665,2090694,2830768,1512355,1318413,1536534,802522,734012,14822,7706,7116,28187,14970,13217,4371,2345,2026,931,468,463,339,176,163,32407,17123,15284,raw_nada/DDW09C-01 MDDS.XLS
09,UTTAR PRADESH,150,Bareilly,Rural,2879950,1530356,1349594,2039438,1090885,948553,796232,415796,380436,4665,2440,2225,18160,9597,8563,3747,2003,1744,356,183,173,92,53,39,17260,9399,7861,raw_nada/DDW09C-01 MDDS.XLS
09,UTTAR PRADESH,150,Bareilly,Urban,1568409,827309,741100,791330,421470,369860,740302,386726,353576,10157,5266,4891,10027,5373,4654,624,342,282,575,285,290,247,123,124,15147,7724,7423,raw_nada/DDW09C-01 MDDS.XLS
09,UTTAR PRADESH,151,Pilibhit,Total,2031007,1072002,959005,1449007,768093,680914,489686,255446,234240,3510,1819,1691,84787,44564,40223,360,186,174,138,81,57,45,24,21,3474,1789,1685,raw_nada/DDW09C-01 MDDS.XLS
09,UTTAR PRADESH,151,Pilibhit,Rural,1679592,886789,792803,1255573,665365,590208,337982,176255,161727,2556,1334,1222,80619,42387,38232,290,150,140,80,45,35,36,19,17,2456,1234,1222,raw_nada/DDW09C-01 MDDS.XLS
09,UTTAR PRADESH,151,Pilibhit,Urban,351415,185213,166202,193434,102728,90706,151704,79191,72513,954,485,469,4168,2177,1991,70,36,34,58,36,22,9,5,4,1018,555,463,raw_nada/DDW09C-01 MDDS.XLS
09,UTTAR PRADESH,152,Shahjahanpur,Total,3006538,1606403,1400135,2412595,1294734,1117861,527581,276632,250949,4630,2365,2265,51090,27131,23959,2312,1239,1073,301,155,146,84,47,37,7945,4100,3845,raw_nada/DDW09C-01 MDDS.XLS
09,UTTAR PRADESH,152,Shahjahanpur,Rural,2412446,1293714,1118732,2065241,1111144,954097,287721,151106,136615,2896,1496,1400,47340,25170,22170,2055,1096,959,209,110,99,27,17,10,6957,3575,3382,raw_nada/DDW09C-01 MDDS.XLS
09,UTTAR PRADESH,152,Shahjahanpur,Urban,594092,312689,281403,347354,183590,163764,239860,125526,114334,1734,869,865,3750,1961,1789,257,143,114,92,45,47,57,30,27,988,525,463,raw_nada/DDW09C-01 MDDS.XLS
09,UTTAR PRADESH,153,Kheri,Total,4021243,2123187,1898056,3078262,1630446,1447816,807600,421435,386165,7502,3919,3583,94388,49883,44505,18454,9681,8773,487,239,248,226,125,101,14324,7459,6865,raw_nada/DDW09C-01 MDDS.XLS
09,UTTAR PRADESH,153,Kheri,Rural,3560208,1880679,1679529,2783300,1474160,1309140,649684,339463,310221,6389,3372,3017,89823,47452,42371,17817,9322,8495,284,136,148,201,110,91,12710,6664,6046,raw_nada/DDW09C-01 MDDS.XLS
09,UTTAR PRADESH,153,Kheri,Urban,461035,242508,218527,294962,156286,138676,157916,81972,75944,1113,547,566,4565,2431,2134,637,359,278,203,103,100,25,15,10,1614,795,819,raw_nada/DDW09C-01 MDDS.XLS
09,UTTAR PRADESH,154,Sitapur,Total,4483992,2375264,2108728,3555450,1892159,1663291,893725,464981,428744,6579,3398,3181,11611,6109,5502,2663,1399,1264,1410,725,685,79,43,36,12475,6450,6025,raw_nada/DDW09C-01 MDDS.XLS
09,UTTAR PRADESH,154,Sitapur,Rural,3953208,2098123,1855085,3266617,1740445,1526172,657378,342474,314904,5154,2677,2477,10055,5272,4783,2425,1277,1148,326,161,165,75,40,35,11178,5777,5401,raw_nada/DDW09C-01 MDDS.XLS
09,UTTAR PRADESH,154,Sitapur,Urban,530784,277141,253643,288833,151714,137119,236347,122507,113840,1425,721,704,1556,837,719,238,122,116,1084,564,520,4,3,1,1297,673,624,raw_nada/DDW09C-01 MDDS.XLS
09,UTTAR PRADESH,155,Hardoi,Total,4092845,2191442,1901403,3508131,1885448,1622683,556219,290853,265366,5822,3081,2741,5688,3012,2676,6671,3635,3036,446,223,223,98,55,43,9770,5135,4635,raw_nada/DDW09C-01 MDDS.XLS
09,UTTAR PRADESH,155,Hardoi,Rural,3551039,1906147,1644892,3163992,1703198,1460794,362672,189951,172721,4181,2211,1970,5130,2717,2413,5878,3207,2671,260,130,130,88,49,39,8838,4684,4154,raw_nada/DDW09C-01 MDDS.XLS
09,UTTAR PRADESH,155,Hardoi,Urban,541806,285295,256511,344139,182250,161889,193547,100902,92645,1641,870,771,558,295,263,793,428,365,186,93,93,10,6,4,932,451,481,raw_nada/DDW09C-01 MDDS.XLS
09,UTTAR PRADESH,156,Unnao,Total,3108367,1630087,1478280,2732016,1435768,1296248,363453,187714,175739,3574,1871,1703,1204,618,586,920,478,442,240,122,118,31,14,17,6929,3502,3427,raw_nada/DDW09C-01 MDDS.XLS
09,UTTAR PRADESH,156,Unnao,Rural,2576721,1351897,1224824,2353443,1236559,1116884,213080,110133,102947,2494,1313,1181,551,280,271,727,379,348,162,80,82,22,8,14,6242,3145,3097,raw_nada/DDW09C-01 MDDS.XLS
09,UTTAR PRADESH,156,Unnao,Urban,531646,278190,253456,378573,199209,179364,150373,77581,72792,1080,558,522,653,338,315,193,99,94,78,42,36,9,6,3,687,357,330,raw_nada/DDW09C-01 MDDS.XLS
09,UTTAR PRADESH,157,Lucknow,Total,4589838,2394476,2195362,3537787,1854475,1683312,985070,505928,479142,20493,10079,10414,23883,12573,11310,3877,2076,1801,4975,2508,2467,504,251,253,13249,6586,6663,raw_nada/DDW09C-01 MDDS.XLS
09,UTTAR PRADESH,157,Lucknow,Rural,1550842,813752,737090,1358247,714290,643957,183601,94972,88629,2492,1214,1278,1036,560,476,945,488,457,190,101,89,112,56,56,4219,2071,2148,raw_nada/DDW09C-01 MDDS.XLS
09,UTTAR PRADESH,157,Lucknow,Urban,3038996,1580724,1458272,2179540,1140185,1039355,801469,410956,390513,18001,8865,9136,22847,12013,10834,2932,1588,1344,4785,2407,2378,392,195,197,9030,4515,4515,raw_nada/DDW09C-01 MDDS.XLS
09,UTTAR PRADESH,158,Rae Bareli,Total,3405559,1752542,1653017,2975998,1534217,1441781,413243,210087,203156,3634,1889,1745,2424,1289,1135,722,393,329,397,202,195,602,306,296,8539,4159,4380,raw_nada/DDW09C-01 MDDS.XLS
09,UTTAR PRADESH,158,Rae Bareli,Rural,3097564,1592449,1505115,2768843,1425750,1343093,315975,160311,155664,2923,1526,1397,734,400,334,531,291,240,148,80,68,575,288,287,7835,3803,4032,raw_nada/DDW09C-01 MDDS.XLS
09,UTTAR PRADESH,158,Rae Bareli,Urban,307995,160093,147902,207155,108467,98688,97268,49776,47492,711,363,348,1690,889,801,191,102,89,249,122,127,27,18,9,704,356,348,raw_nada/DDW09C-01 MDDS.XLS
09,UTTAR PRADESH,159,Farrukhabad,Total,1885204,1006240,878964,1596278,855364,740914,276846,143676,133170,3137,1629,1508,3160,2542,618,3161,1699,1462,487,256,231,100,49,51,2035,1025,1010,raw_nada/DDW09C-01 MDDS.XLS
09,UTTAR PRADESH,159,Farrukhabad,Rural,1469019,785301,683718,1294109,694402,599707,168882,87702,81180,1243,658,585,355,198,157,2959,1592,1367,52,25,27,65,34,31,1354,690,664,raw_nada/DDW09C-01 MDDS.XLS
09,UTTAR PRADESH,159,Farrukhabad,Urban,416185,220939,195246,302169,160962,141207,107964,55974,51990,1894,971,923,2805,2344,461,202,107,95,435,231,204,35,15,20,681,335,346,raw_nada/DDW09C-01 MDDS.XLS
09,UTTAR PRADESH,160,Kannauj,Total,1656616,881776,774840,1375788,735460,640328,273967,142704,131263,1263,646,617,504,271,233,2033,1082,951,606,305,301,65,38,27,2390,1270,1120,raw_nada/DDW09C-01 MDDS.XLS
09,UTTAR PRADESH,160,Kannauj,Rural,1375775,734245,641530,1207144,646384,560760,164136,85477,78659,770,397,373,282,154,128,1852,988,864,69,36,33,38,24,14,1484,785,699,raw_nada/DDW09C-01 MDDS.XLS
09,UTTAR PRADESH,160,Kannauj,Urban,280841,147531,133310,168644,89076,79568,109831,57227,52604,493,249,244,222,117,105,181,94,87,537,269,268,27,14,13,906,485,421,raw_nada/DDW09C-01 MDDS.XLS
09,UTTAR PRADESH,161,Etawah,Total,1581810,845856,735954,1457892,781252,676640,113961,59346,54615,1362,717,645,1045,567,478,1733,912,821,3917,2058,1859,94,51,43,1806,953,853,raw_nada/DDW09C-01 MDDS.XLS
09,UTTAR PRADESH,161,Etawah,Rural,1215511,652740,562771,1174699,631547,543152,36571,18921,17650,813,428,385,305,169,136,1497,785,712,315,169,146,77,42,35,1234,679,555,raw_nada/DDW09C-01 MDDS.XLS
09,UTTAR PRADESH,161,Etawah,Urban,366299,193116,173183,283193,149705,133488,77390,40425,36965,549,289,260,740,398,342,236,127,109,3602,1889,1713,17,9,8,572,274,298,raw_nada/DDW09C-01 MDDS.XLS
09,UTTAR PRADESH,162,Auraiya,Total,1379545,740040,639505,1273546,684534,589012,101963,53366,48597,1004,557,447,371,189,182,332,182,150,228,123,105,444,232,212,1657,857,800,raw_nada/DDW09C-01 MDDS.XLS
09,UTTAR PRADESH,162,Auraiya,Rural,1145323,616494,528829,1079243,581756,497487,62855,33023,29832,738,420,318,173,84,89,297,161,136,67,39,28,443,231,212,1507,780,727,raw_nada/DDW09C-01 MDDS.XLS
09,UTTAR PRADESH,162,Auraiya,Urban,234222,123546,110676,194303,102778,91525,39108,20343,18765,266,137,129,198,105,93,35,21,14,161,84,77,1,1,0,150,77,73,raw_nada/DDW09C-01 MDDS.XLS
09,UTTAR PRADESH,163,Kanpur Dehat,Total,1796184,963255,832929,1612968,867065,745903,176327,92642,83685,1300,694,606,478,261,217,819,432,387,155,92,63,103,64,39,4034,2005,2029,raw_nada/DDW09C-01 MDDS.XLS
09,UTTAR PRADESH,163,Kanpur Dehat,Rural,1622761,871508,751253,1483254,798230,685024,133336,70114,63222,1015,543,472,369,203,166,705,370,335,125,72,53,93,57,36,3864,1919,1945,raw_nada/DDW09C-01 MDDS.XLS
09,UTTAR PRADESH,163,Kanpur Dehat,Urban,173423,91747,81676,129714,68835,60879,42991,22528,20463,285,151,134,109,58,51,114,62,52,30,20,10,10,7,3,170,86,84,raw_nada/DDW09C-01 MDDS.XLS
09,UTTAR PRADESH,164,Kanpur Nagar,Total,4581268,2459806,2121462,3792174,2045599,1746575,720660,378194,342466,15751,8117,7634,29676,15785,13891,2733,1455,1278,5710,2895,2815,589,308,281,13975,7453,6522,raw_nada/DDW09C-01 MDDS.XLS
09,UTTAR PRADESH,164,Kanpur Nagar,Rural,1565623,837260,728363,1464802,784424,680378,95727,50078,45649,1496,778,718,312,166,146,919,491,428,97,46,51,19,13,6,2251,1264,987,raw_nada/DDW09C-01 MDDS.XLS
09,UTTAR PRADESH,164,Kanpur Nagar,Urban,3015645,1622546,1393099,2327372,1261175,1066197,624933,328116,296817,14255,7339,6916,29364,15619,13745,1814,964,850,5613,2849,2764,570,295,275,11724,6189,5535,raw_nada/DDW09C-01 MDDS.XLS
09,UTTAR PRADESH,165,Jalaun,Total,1689974,906092,783882,1509708,811692,698016,171581,89820,81761,1148,593,555,463,250,213,2875,1560,1315,256,141,115,145,83,62,3798,1953,1845,raw_nada/DDW09C-01 MDDS.XLS
09,UTTAR PRADESH,165,Jalaun,Rural,1271074,683656,587418,1191192,641816,549376,73216,38286,34930,633,337,296,159,88,71,2612,1421,1191,181,100,81,121,68,53,2960,1540,1420,raw_nada/DDW09C-01 MDDS.XLS
09,UTTAR PRADESH,165,Jalaun,Urban,418900,222436,196464,318516,169876,148640,98365,51534,46831,515,256,259,304,162,142,263,139,124,75,41,34,24,15,9,838,413,425,raw_nada/DDW09C-01 MDDS.XLS
09,UTTAR PRADESH,166,Jhansi,Total,1998603,1057436,941167,1823930,966273,857657,147842,76999,70843,7050,3499,3551,4951,2970,1981,1203,640,563,7328,3798,3530,311,158,153,5988,3099,2889,raw_nada/DDW09C-01 MDDS.XLS
09,UTTAR PRADESH,166,Jhansi,Rural,1165119,615629,549490,1128476,596581,531895,30445,15823,14622,858,454,404,255,132,123,834,445,389,908,483,425,163,76,87,3180,1635,1545,raw_nada/DDW09C-01 MDDS.XLS
09,UTTAR PRADESH,166,Jhansi,Urban,833484,441807,391677,695454,369692,325762,117397,61176,56221,6192,3045,3147,4696,2838,1858,369,195,174,6420,3315,3105,148,82,66,2808,1464,1344,raw_nada/DDW09C-01 MDDS.XLS
09,UTTAR PRADESH,167,Lalitpur,Total,1221592,641011,580581,1163804,610970,552834,33724,17388,16336,1351,706,645,1034,628,406,69,37,32,20390,10636,9754,41,29,12,1179,617,562,raw_nada/DDW09C-01 MDDS.XLS
09,UTTAR PRADESH,167,Lalitpur,Rural,1046214,549478,496736,1025618,538669,486949,12334,6389,5945,764,393,371,529,365,164,36,21,15,6026,3168,2858,18,14,4,889,459,430,raw_nada/DDW09C-01 MDDS.XLS
09,UTTAR PRADESH,167,Lalitpur,Urban,175378,91533,83845,138186,72301,65885,21390,10999,10391,587,313,274,505,263,242,33,16,17,14364,7468,6896,23,15,8,290,158,132,raw_nada/DDW09C-01 MDDS.XLS
09,UTTAR PRADESH,168,Hamirpur,Total,1104285,593537,510748,1010014,543714,466300,91269,48272,42997,814,457,357,196,95,101,74,43,31,41,24,17,273,135,138,1604,797,807,raw_nada/DDW09C-01 MDDS.XLS
09,UTTAR PRADESH,168,Hamirpur,Rural,894437,481373,413064,844137,454670,389467,48003,25548,22455,511,292,219,102,46,56,63,37,26,22,11,11,224,104,120,1375,665,710,raw_nada/DDW09C-01 MDDS.XLS
09,UTTAR PRADESH,168,Hamirpur,Urban,209848,112164,97684,165877,89044,76833,43266,22724,20542,303,165,138,94,49,45,11,6,5,19,13,6,49,31,18,229,132,97,raw_nada/DDW09C-01 MDDS.XLS
09,UTTAR PRADESH,169,Mahoba,Total,875958,466358,409600,815142,434523,380619,57454,30053,27401,965,505,460,389,212,177,94,43,51,234,133,101,157,76,81,1523,813,710,raw_nada/DDW09C-01 MDDS.XLS
09,UTTAR PRADESH,169,Mahoba,Rural,690577,368009,322568,665368,354720,310648,23475,12325,11150,400,230,170,124,73,51,74,33,41,57,33,24,129,65,64,950,530,420,raw_nada/DDW09C-01 MDDS.XLS
09,UTTAR PRADESH,169,Mahoba,Urban,185381,98349,87032,149774,79803,69971,33979,17728,16251,565,275,290,265,139,126,20,10,10,177,100,77,28,11,17,573,283,290,raw_nada/DDW09C-01 MDDS.XLS
09,UTTAR PRADESH,170,Banda,Total,1799410,965876,833534,1637549,881343,756206,157612,82213,75399,1367,757,610,231,133,98,168,93,75,916,483,433,50,33,17,1517,821,696,raw_nada/DDW09C-01 MDDS.XLS
09,UTTAR PRADESH,170,Banda,Rural,1523655,819243,704412,1404535,757008,647527,116858,60967,55891,839,470,369,66,40,26,151,83,68,121,65,56,46,31,15,1039,579,460,raw_nada/DDW09C-01 MDDS.XLS
09,UTTAR PRADESH,170,Banda,Urban,275755,146633,129122,233014,124335,108679,40754,21246,19508,528,287,241,165,93,72,17,10,7,795,418,377,4,2,2,478,242,236,raw_nada/DDW09C-01 MDDS.XLS
09,UTTAR PRADESH,171,Chitrakoot,Total,991730,527721,464009,955372,508465,446907,34559,18303,16256,693,351,342,63,25,38,101,58,43,285,141,144,27,16,11,630,362,268,raw_nada/DDW09C-01 MDDS.XLS
09,UTTAR PRADESH,171,Chitrakoot,Rural,895398,476794,418604,867794,462066,405728,26076,13922,12154,533,266,267,60,24,36,75,43,32,239,119,120,24,13,11,597,341,256,raw_nada/DDW09C-01 MDDS.XLS
09,UTTAR PRADESH,171,Chitrakoot,Urban,96332,50927,45405,87578,46399,41179,8483,4381,4102,160,85,75,3,1,2,26,15,11,46,22,24,3,3,0,33,21,12,raw_nada/DDW09C-01 MDDS.XLS
09,UTTAR PRADESH,172,Fatehpur,Total,2632733,1384722,1248011,2274674,1201469,1073205,350700,179532,171168,2201,1147,1054,402,214,188,172,95,77,199,103,96,47,17,30,4338,2145,2193,raw_nada/DDW09C-01 MDDS.XLS
09,UTTAR PRADESH,172,Fatehpur,Rural,2310740,1215690,1095050,2052002,1083807,968195,252988,128985,124003,1554,820,734,153,85,68,150,79,71,95,48,47,39,15,24,3759,1851,1908,raw_nada/DDW09C-01 MDDS.XLS
09,UTTAR PRADESH,172,Fatehpur,Urban,321993,169032,152961,222672,117662,105010,97712,50547,47165,647,327,320,249,129,120,22,16,6,104,55,49,8,2,6,579,294,285,raw_nada/DDW09C-01 MDDS.XLS
09,UTTAR PRADESH,173,Pratapgarh,Total,3209141,1606085,1603056,2731351,1369589,1361762,452394,223739,228655,3920,1900,2020,1451,722,729,7795,3865,3930,746,400,346,43,20,23,11441,5850,5591,raw_nada/DDW09C-01 MDDS.XLS
09,UTTAR PRADESH,173,Pratapgarh,Rural,3033899,1515583,1518316,2611681,1307457,1304224,399654,196812,202842,3118,1524,1594,831,408,423,7290,3618,3672,478,249,229,41,20,21,10806,5495,5311,raw_nada/DDW09C-01 MDDS.XLS
09,UTTAR PRADESH,173,Pratapgarh,Urban,175242,90502,84740,119670,62132,57538,52740,26927,25813,802,376,426,620,314,306,505,247,258,268,151,117,2,0,2,635,355,280,raw_nada/DDW09C-01 MDDS.XLS
09,UTTAR PRADESH,174,Kaushambi,Total,1599596,838485,761111,1372381,720865,651516,220423,114054,106369,2225,1118,1107,522,271,251,687,365,322,545,286,259,3,2,1,2810,1524,1286,raw_nada/DDW09C-01 MDDS.XLS
09,UTTAR PRADESH,174,Kaushambi,Rural,1475140,773335,701805,1288016,676534,611482,181125,93631,87494,2010,1012,998,453,236,217,660,347,313,308,168,140,3,2,1,2565,1405,1160,raw_nada/DDW09C-01 MDDS.XLS
09,UTTAR PRADESH,174,Kaushambi,Urban,124456,65150,59306,84365,44331,40034,39298,20423,18875,215,106,109,69,35,34,27,18,9,237,118,119,0,0,0,245,119,126,raw_nada/DDW09C-01 MDDS.XLS
09,UTTAR PRADESH,175,Allahabad,Total,5954391,3131807,2822584,5102041,2690233,2411808,796756,411400,385356,13782,6958,6824,4377,2366,2011,4391,2344,2047,2247,1194,1053,305,172,133,30492,17140,13352,raw_nada/DDW09C-01 MDDS.XLS
09,UTTAR PRADESH,175,Allahabad,Rural,4481518,2340959,2140559,4003511,2094704,1908807,448153,229607,218546,5089,2532,2557,816,439,377,3642,1912,1730,957,523,434,57,32,25,19293,11210,8083,raw_nada/DDW09C-01 MDDS.XLS
09,UTTAR PRADESH,175,Allahabad,Urban,1472873,790848,682025,1098530,595529,503001,348603,181793,166810,8693,4426,4267,3561,1927,1634,749,432,317,1290,671,619,248,140,108,11199,5930,5269,raw_nada/DDW09C-01 MDDS.XLS
09,UTTAR PRADESH,176,Bara Banki,Total,3260699,1707073,1553626,2505444,1317840,1187604,737106,379729,357377,4857,2440,2417,2090,1107,983,1553,804,749,3016,1578,1438,211,118,93,6422,3457,2965,raw_nada/DDW09C-01 MDDS.XLS
09,UTTAR PRADESH,176,Bara Banki,Rural,2929896,1533455,1396441,2339842,1229734,1110108,576472,296601,279871,4074,2076,1998,1293,672,621,1468,755,713,797,421,376,191,105,86,5759,3091,2668,raw_nada/DDW09C-01 MDDS.XLS
09,UTTAR PRADESH,176,Bara Banki,Urban,330803,173618,157185,165602,88106,77496,160634,83128,77506,783,364,419,797,435,362,85,49,36,2219,1157,1062,20,13,7,663,366,297,raw_nada/DDW09C-01 MDDS.XLS
09,UTTAR PRADESH,177,Faizabad,Total,2470996,1259628,1211368,2094271,1070624,1023647,365806,183333,182473,3225,1684,1541,1912,1005,907,737,382,355,358,187,171,185,95,90,4502,2318,2184,raw_nada/DDW09C-01 MDDS.XLS
09,UTTAR PRADESH,177,Faizabad,Rural,2130743,1079257,1051486,1851146,940326,910820,272973,135533,137440,2290,1175,1115,416,225,191,536,275,261,167,95,72,141,77,64,3074,1551,1523,raw_nada/DDW09C-01 MDDS.XLS
09,UTTAR PRADESH,177,Faizabad,Urban,340253,180371,159882,243125,130298,112827,92833,47800,45033,935,509,426,1496,780,716,201,107,94,191,92,99,44,18,26,1428,767,661,raw_nada/DDW09C-01 MDDS.XLS
09,UTTAR PRADESH,178,Ambedkar Nagar,Total,2397888,1212410,1185478,1985654,1004995,980659,401678,201743,199935,2536,1329,1207,869,457,412,1817,926,891,235,106,129,33,17,16,5066,2837,2229,raw_nada/DDW09C-01 MDDS.XLS
09,UTTAR PRADESH,178,Ambedkar Nagar,Rural,2117158,1067762,1049396,1850182,934936,915246,258240,128176,130064,1959,1010,949,331,168,163,1721,875,846,206,92,114,31,16,15,4488,2489,1999,raw_nada/DDW09C-01 MDDS.XLS
09,UTTAR PRADESH,178,Ambedkar Nagar,Urban,280730,144648,136082,135472,70059,65413,143438,73567,69871,577,319,258,538,289,249,96,51,45,29,14,15,2,1,1,578,348,230,raw_nada/DDW09C-01 MDDS.XLS
09,UTTAR PRADESH,179,Sultanpur,Total,3797117,1914586,1882531,3119590,1576604,1542986,650261,324610,325651,4453,2215,2238,1629,853,776,9989,4949,5040,426,201,225,336,151,185,10433,5003,5430,raw_nada/DDW09C-01 MDDS.XLS
09,UTTAR PRADESH,179,Sultanpur,Rural,3597201,1810496,1786705,2990276,1508872,1481404,581720,289298,292422,3882,1924,1958,554,295,259,9892,4903,4989,332,153,179,321,145,176,10224,4906,5318,raw_nada/DDW09C-01 MDDS.XLS
09,UTTAR PRADESH,179,Sultanpur,Urban,199916,104090,95826,129314,67732,61582,68541,35312,33229,571,291,280,1075,558,517,97,46,51,94,48,46,15,6,9,209,97,112,raw_nada/DDW09C-01 MDDS.XLS
09,UTTAR PRADESH,180,Bahraich,Total,3487731,1843884,1643847,2291892,1218324,1073568,1169330,611012,558318,6400,3340,3060,8212,4474,3738,2793,1512,1281,1177,590,587,38,26,12,7889,4606,3283,raw_nada/DDW09C-01 MDDS.XLS
09,UTTAR PRADESH,180,Bahraich,Rural,3203687,1695122,1508565,2181165,1160185,1020980,999543,522260,477283,5451,2858,2593,7412,4059,3353,2625,1422,1203,428,222,206,35,24,11,7028,4092,2936,raw_nada/DDW09C-01 MDDS.XLS
09,UTTAR PRADESH,180,Bahraich,Urban,284044,148762,135282,110727,58139,52588,169787,88752,81035,949,482,467,800,415,385,168,90,78,749,368,381,3,2,1,861,514,347,raw_nada/DDW09C-01 MDDS.XLS
09,UTTAR PRADESH,181,Shrawasti,Total,1117361,593897,523464,768643,411535,357108,343981,179744,164237,1427,782,645,407,217,190,323,179,144,68,35,33,56,26,30,2456,1379,1077,raw_nada/DDW09C-01 MDDS.XLS
09,UTTAR PRADESH,181,Shrawasti,Rural,1078712,573681,505031,749177,401307,347870,324952,169837,155115,1348,740,608,399,213,186,315,175,140,67,34,33,56,26,30,2398,1349,1049,raw_nada/DDW09C-01 MDDS.XLS
09,UTTAR PRADESH,181,Shrawasti,Urban,38649,20216,18433,19466,10228,9238,19029,9907,9122,79,42,37,8,4,4,8,4,4,1,1,0,0,0,0,58,30,28,raw_nada/DDW09C-01 MDDS.XLS
09,UTTAR PRADESH,182,Balrampur,Total,2148665,1114721,1033944,1333242,701043,632199,805975,408849,397126,3228,1718,1510,900,456,444,1866,958,908,198,99,99,87,38,49,3169,1560,1609,raw_nada/DDW09C-01 MDDS.XLS
09,UTTAR PRADESH,182,Balrampur,Rural,1982274,1027943,954331,1250908,657945,592963,723873,366123,357750,2765,1486,1279,430,219,211,1844,946,898,160,84,76,78,36,42,2216,1104,1112,raw_nada/DDW09C-01 MDDS.XLS
09,UTTAR PRADESH,182,Balrampur,Urban,166391,86778,79613,82334,43098,39236,82102,42726,39376,463,232,231,470,237,233,22,12,10,38,15,23,9,2,7,953,456,497,raw_nada/DDW09C-01 MDDS.XLS
09,UTTAR PRADESH,183,Gonda,Total,3433919,1787146,1646773,2739076,1430071,1309005,678615,348351,330264,4735,2461,2274,1893,1005,888,649,351,298,338,163,175,57,37,20,8556,4707,3849,raw_nada/DDW09C-01 MDDS.XLS
09,UTTAR PRADESH,183,Gonda,Rural,3208890,1669058,1539832,2609126,1361966,1247160,586964,300222,286742,3821,1998,1823,842,439,403,539,284,255,284,132,152,42,26,16,7272,3991,3281,raw_nada/DDW09C-01 MDDS.XLS
09,UTTAR PRADESH,183,Gonda,Urban,225029,118088,106941,129950,68105,61845,91651,48129,43522,914,463,451,1051,566,485,110,67,43,54,31,23,15,11,4,1284,716,568,raw_nada/DDW09C-01 MDDS.XLS
09,UTTAR PRADESH,184,Siddharthnagar,Total,2559297,1295095,1264202,1789704,915546,874158,748073,368665,379408,3042,1564,1478,681,336,345,11964,6077,5887,179,103,76,356,194,162,5298,2610,2688,raw_nada/DDW09C-01 MDDS.XLS
09,UTTAR PRADESH,184,Siddharthnagar,Rural,2398606,1212141,1186465,1690598,864141,826457,688664,338228,350436,2789,1420,1369,366,182,184,10962,5548,5414,155,89,66,343,184,159,4729,2349,2380,raw_nada/DDW09C-01 MDDS.XLS
09,UTTAR PRADESH,184,Siddharthnagar,Urban,160691,82954,77737,99106,51405,47701,59409,30437,28972,253,144,109,315,154,161,1002,529,473,24,14,10,13,10,3,569,261,308,raw_nada/DDW09C-01 MDDS.XLS
09,UTTAR PRADESH,185,Basti,Total,2464464,1255272,1209192,2082976,1068077,1014899,364510,178512,185998,3493,1738,1755,900,489,411,9753,4975,4778,107,52,55,99,52,47,2626,1377,1249,raw_nada/DDW09C-01 MDDS.XLS
09,UTTAR PRADESH,185,Basti,Rural,2326367,1182846,1143521,1977602,1012742,964860,333047,162117,170930,2996,1473,1523,402,212,190,9686,4936,4750,100,46,54,84,46,38,2450,1274,1176,raw_nada/DDW09C-01 MDDS.XLS
09,UTTAR PRADESH,185,Basti,Urban,138097,72426,65671,105374,55335,50039,31463,16395,15068,497,265,232,498,277,221,67,39,28,7,6,1,15,6,9,176,103,73,raw_nada/DDW09C-01 MDDS.XLS
09,UTTAR PRADESH,186,Sant Kabir Nagar,Total,1715183,869656,845527,1300586,663457,637129,404410,200968,203442,1766,915,851,447,229,218,4393,2257,2136,95,50,45,35,18,17,3451,1762,1689,raw_nada/DDW09C-01 MDDS.XLS
09,UTTAR PRADESH,186,Sant Kabir Nagar,Rural,1586652,802609,784043,1219524,620941,598583,357644,176804,180840,1574,813,761,249,125,124,4373,2245,2128,66,34,32,35,18,17,3187,1629,1558,raw_nada/DDW09C-01 MDDS.XLS
09,UTTAR PRADESH,186,Sant Kabir Nagar,Urban,128531,67047,61484,81062,42516,38546,46766,24164,22602,192,102,90,198,104,94,20,12,8,29,16,13,0,0,0,264,133,131,raw_nada/DDW09C-01 MDDS.XLS
09,UTTAR PRADESH,187,Mahrajganj,Total,2684703,1381754,1302949,2196884,1133573,1063311,458650,233158,225492,3527,1864,1663,1381,713,668,16030,8207,7823,243,127,116,338,166,172,7650,3946,3704,raw_nada/DDW09C-01 MDDS.XLS
09,UTTAR PRADESH,187,Mahrajganj,Rural,2549973,1312126,1237847,2086550,1076377,1010173,436002,221657,214345,3211,1698,1513,585,297,288,15628,7996,7632,211,108,103,328,162,166,7458,3831,3627,raw_nada/DDW09C-01 MDDS.XLS
09,UTTAR PRADESH,187,Mahrajganj,Urban,134730,69628,65102,110334,57196,53138,22648,11501,11147,316,166,150,796,416,380,402,211,191,32,19,13,10,4,6,192,115,77,raw_nada/DDW09C-01 MDDS.XLS
09,UTTAR PRADESH,188,Gorakhpur,Total,4440895,2277777,2163118,4009037,2058383,1950654,403847,205257,198590,9662,4860,4802,2123,1068,1055,2848,1453,1395,460,238,222,207,101,106,12711,6417,6294,raw_nada/DDW09C-01 MDDS.XLS
09,UTTAR PRADESH,188,Gorakhpur,Rural,3604766,1838726,1766040,3349727,1710982,1638745,237844,119159,118685,4440,2239,2201,789,386,403,2386,1216,1170,192,98,94,168,80,88,9220,4566,4654,raw_nada/DDW09C-01 MDDS.XLS
09,UTTAR PRADESH,188,Gorakhpur,Urban,836129,439051,397078,659310,347401,311909,166003,86098,79905,5222,2621,2601,1334,682,652,462,237,225,268,140,128,39,21,18,3491,1851,1640,raw_nada/DDW09C-01 MDDS.XLS
09,UTTAR PRADESH,189,Kushinagar,Total,3564544,1818055,1746489,2928462,1497055,1431407,620244,312879,307365,5006,2537,2469,767,395,372,4619,2377,2242,383,191,192,133,68,65,4930,2553,2377,raw_nada/DDW09C-01 MDDS.XLS
09,UTTAR PRADESH,189,Kushinagar,Rural,3396437,1730377,1666060,2802853,1431371,1371482,578823,291457,287366,4581,2312,2269,668,345,323,4540,2323,2217,352,175,177,130,67,63,4490,2327,2163,raw_nada/DDW09C-01 MDDS.XLS
09,UTTAR PRADESH,189,Kushinagar,Urban,168107,87678,80429,125609,65684,59925,41421,21422,19999,425,225,200,99,50,49,79,54,25,31,16,15,3,1,2,440,226,214,raw_nada/DDW09C-01 MDDS.XLS
09,UTTAR PRADESH,190,Deoria,Total,3100946,1537436,1563510,2730957,1357981,1372976,358539,173683,184856,3626,1790,1836,818,424,394,1182,614,568,209,109,100,146,79,67,5469,2756,2713,raw_nada/DDW09C-01 MDDS.XLS
09,UTTAR PRADESH,190,Deoria,Rural,2784143,1373111,1411032,2465714,1219845,1245869,308236,148173,160063,3202,1569,1633,510,259,251,1003,519,484,171,85,86,134,71,63,5173,2590,2583,raw_nada/DDW09C-01 MDDS.XLS
09,UTTAR PRADESH,190,Deoria,Urban,316803,164325,152478,265243,138136,127107,50303,25510,24793,424,221,203,308,165,143,179,95,84,38,24,14,12,8,4,296,166,130,raw_nada/DDW09C-01 MDDS.XLS
09,UTTAR PRADESH,191,Azamgarh,Total,4613913,2285004,2328909,3878626,1921175,1957451,718692,355364,363328,3810,1912,1898,719,385,334,5652,2839,2813,183,99,84,226,98,128,6005,3132,2873,raw_nada/DDW09C-01 MDDS.XLS
09,UTTAR PRADESH,191,Azamgarh,Rural,4220512,2082707,2137805,3673408,1814149,1859259,532582,261177,271405,2987,1511,1476,460,243,217,5356,2687,2669,165,88,77,207,88,119,5347,2764,2583,raw_nada/DDW09C-01 MDDS.XLS
09,UTTAR PRADESH,191,Azamgarh,Urban,393401,202297,191104,205218,107026,98192,186110,94187,91923,823,401,422,259,142,117,296,152,144,18,11,7,19,10,9,658,368,290,raw_nada/DDW09C-01 MDDS.XLS
09,UTTAR PRADESH,192,Mau,Total,2205968,1114709,1091259,1769937,894981,874956,428555,216023,212532,2109,1001,1108,340,175,165,564,292,272,155,80,75,129,69,60,4179,2088,2091,raw_nada/DDW09C-01 MDDS.XLS
09,UTTAR PRADESH,192,Mau,Rural,1706760,858843,847917,1559399,785630,773769,141371,70216,71155,1434,725,709,250,133,117,470,235,235,72,37,35,118,61,57,3646,1806,1840,raw_nada/DDW09C-01 MDDS.XLS
09,UTTAR PRADESH,192,Mau,Urban,499208,255866,243342,210538,109351,101187,287184,145807,141377,675,276,399,90,42,48,94,57,37,83,43,40,11,8,3,533,282,251,raw_nada/DDW09C-01 MDDS.XLS
09,UTTAR PRADESH,193,Ballia,Total,3239774,1672902,1566872,3004240,1552387,1451853,213440,108950,104490,4463,2390,2073,892,478,414,1595,826,769,233,114,119,64,35,29,14847,7722,7125,raw_nada/DDW09C-01 MDDS.XLS
09,UTTAR PRADESH,193,Ballia,Rural,2935665,1514018,1421647,2755084,1422020,1333064,160550,81586,78964,4055,2164,1891,595,322,273,1538,795,743,214,105,109,61,33,28,13568,6993,6575,raw_nada/DDW09C-01 MDDS.XLS
09,UTTAR PRADESH,193,Ballia,Urban,304109,158884,145225,249156,130367,118789,52890,27364,25526,408,226,182,297,156,141,57,31,26,19,9,10,3,2,1,1279,729,550,raw_nada/DDW09C-01 MDDS.XLS
09,UTTAR PRADESH,194,Jaunpur,Total,4494204,2220465,2273739,3981502,1966809,2014693,483750,239445,244305,4947,2383,2564,1286,653,633,7898,3892,4006,349,157,192,114,55,59,14358,7071,7287,raw_nada/DDW09C-01 MDDS.XLS
09,UTTAR PRADESH,194,Jaunpur,Rural,4147624,2041217,2106407,3770291,1856659,1913632,354776,173457,181319,4425,2108,2317,580,297,283,7740,3810,3930,331,146,185,110,51,59,9371,4689,4682,raw_nada/DDW09C-01 MDDS.XLS
09,UTTAR PRADESH,194,Jaunpur,Urban,346580,179248,167332,211211,110150,101061,128974,65988,62986,522,275,247,706,356,350,158,82,76,18,11,7,4,4,0,4987,2382,2605,raw_nada/DDW09C-01 MDDS.XLS
09,UTTAR PRADESH,195,Ghazipur,Total,3620268,1855075,1765193,3233790,1656715,1577075,368153,188840,179313,4181,2112,2069,810,427,383,3145,1607,1538,213,109,104,184,89,95,9792,5176,4616,raw_nada/DDW09C-01 MDDS.XLS
09,UTTAR PRADESH,195,Ghazipur,Rural,3345908,1711651,1634257,3047099,1558706,1488393,282299,144349,137950,3597,1814,1783,412,212,200,3102,1577,1525,187,95,92,168,82,86,9044,4816,4228,raw_nada/DDW09C-01 MDDS.XLS
09,UTTAR PRADESH,195,Ghazipur,Urban,274360,143424,130936,186691,98009,88682,85854,44491,41363,584,298,286,398,215,183,43,30,13,26,14,12,16,7,9,748,360,388,raw_nada/DDW09C-01 MDDS.XLS
09,UTTAR PRADESH,196,Chandauli,Total,1952756,1017905,934851,1727869,901153,826716,215081,111719,103362,2153,1134,1019,1389,740,649,340,174,166,100,58,42,1175,612,563,4649,2315,2334,raw_nada/DDW09C-01 MDDS.XLS
09,UTTAR PRADESH,196,Chandauli,Rural,1710203,890630,819573,1553918,809586,744332,149035,77322,71713,1145,630,515,233,129,104,292,150,142,54,30,24,1156,602,554,4370,2181,2189,raw_nada/DDW09C-01 MDDS.XLS
09,UTTAR PRADESH,196,Chandauli,Urban,242553,127275,115278,173951,91567,82384,66046,34397,31649,1008,504,504,1156,611,545,48,24,24,46,28,18,19,10,9,279,134,145,raw_nada/DDW09C-01 MDDS.XLS
09,UTTAR PRADESH,197,Varanasi,Total,3676841,1921857,1754984,3107681,1624683,1482998,546987,285622,261365,7696,3935,3761,3309,1729,1580,1146,615,531,1898,948,950,298,152,146,7826,4173,3653,raw_nada/DDW09C-01 MDDS.XLS
09,UTTAR PRADESH,197,Varanasi,Rural,2079790,1076526,1003264,1949496,1009117,940379,123440,63820,59620,2123,1116,1007,282,151,131,568,291,277,348,183,165,45,33,12,3488,1815,1673,raw_nada/DDW09C-01 MDDS.XLS
09,UTTAR PRADESH,197,Varanasi,Urban,1597051,845331,751720,1158185,615566,542619,423547,221802,201745,5573,2819,2754,3027,1578,1449,578,324,254,1550,765,785,253,119,134,4338,2358,1980,raw_nada/DDW09C-01 MDDS.XLS
09,UTTAR PRADESH,198,Sant Ravidas Nagar (Bhadohi),Total,1578213,807099,771114,1368291,698640,669651,203887,105355,98532,1365,681,684,199,99,100,1562,826,736,161,83,78,7,3,4,2741,1412,1329,raw_nada/DDW09C-01 MDDS.XLS
09,UTTAR PRADESH,198,Sant Ravidas Nagar (Bhadohi),Rural,1348911,686589,662322,1240826,631385,609441,103573,52905,50668,928,445,483,157,76,81,1459,774,685,78,39,39,5,1,4,1885,964,921,raw_nada/DDW09C-01 MDDS.XLS
09,UTTAR PRADESH,198,Sant Ravidas Nagar (Bhadohi),Urban,229302,120510,108792,127465,67255,60210,100314,52450,47864,437,236,201,42,23,19,103,52,51,83,44,39,2,2,0,856,448,408,raw_nada/DDW09C-01 MDDS.XLS
09,UTTAR PRADESH,199,Mirzapur,Total,2496970,1312302,1184668,2292534,1204871,1087663,195765,102702,93063,2373,1221,1152,1133,611,522,341,196,145,701,383,318,27,17,10,4096,2301,1795,raw_nada/DDW09C-01 MDDS.XLS
09,UTTAR PRADESH,199,Mirzapur,Rural,2149403,1127138,1022265,2015296,1056696,958600,128320,67242,61078,1381,729,652,278,156,122,223,127,96,352,203,149,25,17,8,3528,1968,1560,raw_nada/DDW09C-01 MDDS.XLS
09,UTTAR PRADESH,199,Mirzapur,Urban,347567,185164,162403,277238,148175,129063,67445,35460,31985,992,492,500,855,455,400,118,69,49,349,180,169,2,0,2,568,333,235,raw_nada/DDW09C-01 MDDS.XLS
09,UTTAR PRADESH,200,Sonbhadra,Total,1862559,971344,891215,1738769,907284,831485,103567,53764,49803,3963,1998,1965,1649,889,760,1747,901,846,487,267,220,1907,950,957,10470,5291,5179,raw_nada/DDW09C-01 MDDS.XLS
09,UTTAR PRADESH,200,Sonbhadra,Rural,1548217,803345,744872,1461483,758520,702963,71579,37090,34489,1818,926,892,343,196,147,1654,847,807,67,36,31,1899,945,954,9374,4785,4589,raw_nada/DDW09C-01 MDDS.XLS
09,UTTAR PRADESH,200,Sonbhadra,Urban,314342,167999,146343,277286,148764,128522,31988,16674,15314,2145,1072,1073,1306,693,613,93,54,39,420,231,189,8,5,3,1096,506,590,raw_nada/DDW09C-01 MDDS.XLS
09,UTTAR PRADESH,201,Etah,Total,1774480,947339,827141,1611126,861459,749667,146346,76982,69364,2464,1313,1151,708,399,309,2887,1524,1363,5671,2947,2724,18,10,8,5260,2705,2555,raw_nada/DDW09C-01 MDDS.XLS
09,UTTAR PRADESH,201,Etah,Rural,1506338,805589,700749,1413264,756426,656838,83326,44017,39309,1895,1027,868,318,189,129,2452,1294,1158,604,331,273,11,5,6,4468,2300,2168,raw_nada/DDW09C-01 MDDS.XLS
09,UTTAR PRADESH,201,Etah,Urban,268142,141750,126392,197862,105033,92829,63020,32965,30055,569,286,283,390,210,180,435,230,205,5067,2616,2451,7,5,2,792,405,387,raw_nada/DDW09C-01 MDDS.XLS
09,UTTAR PRADESH,202,Kanshiram Nagar,Total,1436719,764165,672554,1211427,647212,564215,213822,110929,102893,1969,981,988,2280,1245,1035,3907,2033,1874,313,154,159,72,41,31,2929,1570,1359,raw_nada/DDW09C-01 MDDS.XLS
09,UTTAR PRADESH,202,Kanshiram Nagar,Rural,1148512,612556,535956,1044033,558342,485691,96760,50147,46613,992,506,486,1060,610,450,3048,1584,1464,98,42,56,46,28,18,2475,1297,1178,raw_nada/DDW09C-01 MDDS.XLS
09,UTTAR PRADESH,202,Kanshiram Nagar,Urban,288207,151609,136598,167394,88870,78524,117062,60782,56280,977,475,502,1220,635,585,859,449,410,215,112,103,26,13,13,454,273,181,raw_nada/DDW09C-01 MDDS.XLS
10,BIHAR,203,Pashchim Champaran,Total,3935042,2061110,1873932,3047427,1600617,1446810,865090,448919,416171,8469,4275,4194,926,499,427,1337,672,665,296,144,152,1895,968,927,9602,5016,4586,raw_nada/DDW10C-01 MDDS.XLS
10,BIHAR,203,Pashchim Champaran,Rural,3541877,1853809,1688068,2762240,1449372,1312868,761610,395116,366494,5114,2608,2506,524,286,238,1280,641,639,259,125,134,1853,947,906,8997,4714,4283,raw_nada/DDW10C-01 MDDS.XLS
10,BIHAR,203,Pashchim Champaran,Urban,393165,207301,185864,285187,151245,133942,103480,53803,49677,3355,1667,1688,402,213,189,57,31,26,37,19,18,42,21,21,605,302,303,raw_nada/DDW10C-01 MDDS.XLS
10,BIHAR,204,Purba Champaran,Total,5099371,2681209,2418162,4086453,2156534,1929919,990349,512704,477645,4865,2490,2375,668,373,295,878,477,401,464,240,224,104,51,53,15590,8340,7250,raw_nada/DDW10C-01 MDDS.XLS
10,BIHAR,204,Purba Champaran,Rural,4698028,2468181,2229847,3792854,1999832,1793022,884531,457347,427184,3968,2093,1875,472,264,208,852,463,389,429,222,207,95,47,48,14827,7913,6914,raw_nada/DDW10C-01 MDDS.XLS
10,BIHAR,204,Purba Champaran,Urban,401343,213028,188315,293599,156702,136897,105818,55357,50461,897,397,500,196,109,87,26,14,12,35,18,17,9,4,5,763,427,336,raw_nada/DDW10C-01 MDDS.XLS
10,BIHAR,205,Sheohar,Total,656246,346673,309573,552492,293415,259077,99342,51118,48224,522,268,254,216,113,103,73,43,30,52,34,18,44,24,20,3505,1658,1847,raw_nada/DDW10C-01 MDDS.XLS
10,BIHAR,205,Sheohar,Rural,628130,331792,296338,528366,280608,247758,95567,49152,46415,462,238,224,199,99,100,72,43,29,51,33,18,43,24,19,3370,1595,1775,raw_nada/DDW10C-01 MDDS.XLS
10,BIHAR,205,Sheohar,Urban,28116,14881,13235,24126,12807,11319,3775,1966,1809,60,30,30,17,14,3,1,0,1,1,1,0,1,0,1,135,63,72,raw_nada/DDW10C-01 MDDS.XLS
10,BIHAR,206,Sitamarhi,Total,3423574,1803252,1620322,2672311,1414808,1257503,740101,382506,357595,2897,1570,1327,261,133,128,253,144,109,188,105,83,20,11,9,7543,3975,3568,raw_nada/DDW10C-01 MDDS.XLS
10,BIHAR,206,Sitamarhi,Rural,3233076,1701685,1531391,2520066,1333382,1186684,702523,362753,339770,2636,1424,1212,241,121,120,221,123,98,170,95,75,19,10,9,7200,3777,3423,raw_nada/DDW10C-01 MDDS.XLS
10,BIHAR,206,Sitamarhi,Urban,190498,101567,88931,152245,81426,70819,37578,19753,17825,261,146,115,20,12,8,32,21,11,18,10,8,1,1,0,343,198,145,raw_nada/DDW10C-01 MDDS.XLS
10,BIHAR,207,Madhubani,Total,4487379,2329313,2158066,3652168,1901691,1750477,818912,419415,399497,3262,1741,1521,564,288,276,328,168,160,442,228,214,169,81,88,11534,5701,5833,raw_nada/DDW10C-01 MDDS.XLS
10,BIHAR,207,Madhubani,Rural,4325884,2244287,2081597,3528664,1836338,1692326,781732,400152,381580,3074,1640,1434,362,182,180,307,157,150,406,212,194,166,80,86,11173,5526,5647,raw_nada/DDW10C-01 MDDS.XLS
10,BIHAR,207,Madhubani,Urban,161495,85026,76469,123504,65353,58151,37180,19263,17917,188,101,87,202,106,96,21,11,10,36,16,20,3,1,2,361,175,186,raw_nada/DDW10C-01 MDDS.XLS
10,BIHAR,208,Supaul,Total,2229076,1155283,1073793,1809936,940810,869126,409251,209342,199909,3758,1990,1768,271,147,124,136,82,54,546,282,264,42,22,20,5136,2608,2528,raw_nada/DDW10C-01 MDDS.XLS
10,BIHAR,208,Supaul,Rural,2123518,1099495,1024023,1728959,897776,831183,385160,196855,188305,3537,1866,1671,249,136,113,96,53,43,425,227,198,40,21,19,5052,2561,2491,raw_nada/DDW10C-01 MDDS.XLS
10,BIHAR,208,Supaul,Urban,105558,55788,49770,80977,43034,37943,24091,12487,11604,221,124,97,22,11,11,40,29,11,121,55,66,2,1,1,84,47,37,raw_nada/DDW10C-01 MDDS.XLS
10,BIHAR,209,Araria,Total,2811569,1463333,1348236,1593525,832863,760662,1207442,624887,582555,4116,2158,1958,371,211,160,187,136,51,1910,985,925,63,35,28,3955,2058,1897,raw_nada/DDW10C-01 MDDS.XLS
10,BIHAR,209,Araria,Rural,2642792,1374254,1268538,1489926,777748,712178,1144190,591922,552268,3970,2071,1899,348,198,150,181,132,49,375,206,169,50,28,22,3752,1949,1803,raw_nada/DDW10C-01 MDDS.XLS
10,BIHAR,209,Araria,Urban,168777,89079,79698,103599,55115,48484,63252,32965,30287,146,87,59,23,13,10,6,4,2,1535,779,756,13,7,6,203,109,94,raw_nada/DDW10C-01 MDDS.XLS
10,BIHAR,210,Kishanganj,Total,1690400,866970,823430,531236,274822,256414,1149095,586992,562103,5783,2933,2850,398,216,182,183,102,81,1476,755,721,28,13,15,2201,1137,1064,raw_nada/DDW10C-01 MDDS.XLS
10,BIHAR,210,Kishanganj,Rural,1529277,783318,745959,446264,230362,215902,1075603,549169,526434,5174,2631,2543,124,64,60,161,89,72,123,67,56,23,10,13,1805,926,879,raw_nada/DDW10C-01 MDDS.XLS
10,BIHAR,210,Kishanganj,Urban,161123,83652,77471,84972,44460,40512,73492,37823,35669,609,302,307,274,152,122,22,13,9,1353,688,665,5,3,2,396,211,185,raw_nada/DDW10C-01 MDDS.XLS
10,BIHAR,211,Purnia,Total,3264619,1699370,1565249,1989420,1039933,949487,1255641,649398,606243,7989,4073,3916,614,325,289,353,196,157,1450,738,712,650,332,318,8502,4375,4127,raw_nada/DDW10C-01 MDDS.XLS
10,BIHAR,211,Purnia,Rural,2921614,1519522,1402092,1727633,902096,825537,1179134,609777,569357,6076,3119,2957,274,150,124,291,160,131,398,201,197,78,40,38,7730,3979,3751,raw_nada/DDW10C-01 MDDS.XLS
10,BIHAR,211,Purnia,Urban,343005,179848,163157,261787,137837,123950,76507,39621,36886,1913,954,959,340,175,165,62,36,26,1052,537,515,572,292,280,772,396,376,raw_nada/DDW10C-01 MDDS.XLS
10,BIHAR,212,Katihar,Total,3071029,1600430,1470599,1684589,881050,803539,1365645,708752,656893,8659,4432,4227,2754,1489,1265,212,92,120,507,263,244,2141,1076,1065,6522,3276,3246,raw_nada/DDW10C-01 MDDS.XLS
10,BIHAR,212,Katihar,Rural,2797207,1455744,1341463,1473552,769086,704466,1305420,677303,628117,7796,4004,3792,2377,1279,1098,138,58,80,286,153,133,2130,1067,1063,5508,2794,2714,raw_nada/DDW10C-01 MDDS.XLS
10,BIHAR,212,Katihar,Urban,273822,144686,129136,211037,111964,99073,60225,31449,28776,863,428,435,377,210,167,74,34,40,221,110,111,11,9,2,1014,482,532,raw_nada/DDW10C-01 MDDS.XLS
10,BIHAR,213,Madhepura,Total,2001762,1047559,954203,1753829,919610,834219,241760,124687,117073,1342,721,621,170,92,78,60,38,22,133,69,64,81,46,35,4387,2296,2091,raw_nada/DDW10C-01 MDDS.XLS
10,BIHAR,213,Madhepura,Rural,1913301,1000760,912541,1679189,879848,799341,228445,117913,110532,1065,570,495,139,79,60,48,31,17,87,46,41,80,46,34,4248,2227,2021,raw_nada/DDW10C-01 MDDS.XLS
10,BIHAR,213,Madhepura,Urban,88461,46799,41662,74640,39762,34878,13315,6774,6541,277,151,126,31,13,18,12,7,5,46,23,23,1,0,1,139,69,70,raw_nada/DDW10C-01 MDDS.XLS
10,BIHAR,214,Saharsa,Total,1900661,997174,903487,1629254,856695,772559,266620,137998,128622,1292,682,610,197,99,98,60,33,27,109,56,53,8,3,5,3121,1608,1513,raw_nada/DDW10C-01 MDDS.XLS
10,BIHAR,214,Saharsa,Rural,1744121,913883,830238,1504982,790221,714761,235053,121532,113521,881,478,403,136,68,68,45,26,19,61,29,32,8,3,5,2955,1526,1429,raw_nada/DDW10C-01 MDDS.XLS
10,BIHAR,214,Saharsa,Urban,156540,83291,73249,124272,66474,57798,31567,16466,15101,411,204,207,61,31,30,15,7,8,48,27,21,0,0,0,166,82,84,raw_nada/DDW10C-01 MDDS.XLS
10,BIHAR,215,Darbhanga,Total,3937385,2059949,1877436,3042729,1599397,1443332,881476,453444,428032,3534,1813,1721,832,410,422,245,131,114,236,119,117,101,55,46,8232,4580,3652,raw_nada/DDW10C-01 MDDS.XLS
10,BIHAR,215,Darbhanga,Rural,3554057,1858545,1695512,2763206,1451853,1311353,779816,400683,379133,2933,1505,1428,469,232,237,224,118,106,190,91,99,89,49,40,7130,4014,3116,raw_nada/DDW10C-01 MDDS.XLS
10,BIHAR,215,Darbhanga,Urban,383328,201404,181924,279523,147544,131979,101660,52761,48899,601,308,293,363,178,185,21,13,8,46,28,18,12,6,6,1102,566,536,raw_nada/DDW10C-01 MDDS.XLS
10,BIHAR,216,Muzaffarpur,Total,4801062,2527497,2273565,4032773,2128605,1904168,745546,387034,358512,5149,2655,2494,933,494,439,288,157,131,382,202,180,98,46,52,15893,8304,7589,raw_nada/DDW10C-01 MDDS.XLS
10,BIHAR,216,Muzaffarpur,Rural,4327625,2276812,2050813,3661680,1931186,1730494,648501,336433,312068,3586,1891,1695,425,231,194,244,134,110,230,120,110,58,24,34,12901,6793,6108,raw_nada/DDW10C-01 MDDS.XLS
10,BIHAR,216,Muzaffarpur,Urban,473437,250685,222752,371093,197419,173674,97045,50601,46444,1563,764,799,508,263,245,44,23,21,152,82,70,40,22,18,2992,1511,1481,raw_nada/DDW10C-01 MDDS.XLS
10,BIHAR,217,Gopalganj,Total,2562012,1267666,1294346,2119262,1052392,1066870,436057,211959,224098,2463,1212,1251,271,122,149,167,88,79,133,67,66,28,15,13,3631,1811,1820,raw_nada/DDW10C-01 MDDS.XLS
10,BIHAR,217,Gopalganj,Rural,2399207,1184967,1214240,1988662,985733,1002929,404348,196178,208170,2237,1091,1146,226,102,124,155,83,72,115,59,56,26,14,12,3438,1707,1731,raw_nada/DDW10C-01 MDDS.XLS
10,BIHAR,217,Gopalganj,Urban,162805,82699,80106,130600,66659,63941,31709,15781,15928,226,121,105,45,20,25,12,5,7,18,8,10,2,1,1,193,104,89,raw_nada/DDW10C-01 MDDS.XLS
10,BIHAR,218,Siwan,Total,3330464,1675090,1655374,2712635,1365234,1347401,608282,305060,303222,2618,1332,1286,369,180,189,407,218,189,359,182,177,86,44,42,5708,2840,2868,raw_nada/DDW10C-01 MDDS.XLS
10,BIHAR,218,Siwan,Rural,3147551,1579685,1567866,2584581,1298086,1286495,554970,277589,277381,2379,1218,1161,277,128,149,349,188,161,254,124,130,85,43,42,4656,2309,2347,raw_nada/DDW10C-01 MDDS.XLS
10,BIHAR,218,Siwan,Urban,182913,95405,87508,128054,67148,60906,53312,27471,25841,239,114,125,92,52,40,58,30,28,105,58,47,1,1,0,1052,531,521,raw_nada/DDW10C-01 MDDS.XLS
10,BIHAR,219,Saran,Total,3951862,2022821,1929041,3534772,1812436,1722336,406449,204842,201607,2330,1178,1152,371,180,191,229,119,110,322,166,156,107,53,54,7282,3847,3435,raw_nada/DDW10C-01 MDDS.XLS
10,BIHAR,219,Saran,Rural,3598660,1838119,1760541,3233052,1654150,1578902,356392,179201,177191,1943,966,977,300,141,159,206,107,99,211,106,105,99,50,49,6457,3398,3059,raw_nada/DDW10C-01 MDDS.XLS
10,BIHAR,219,Saran,Urban,353202,184702,168500,301720,158286,143434,50057,25641,24416,387,212,175,71,39,32,23,12,11,111,60,51,8,3,5,825,449,376,raw_nada/DDW10C-01 MDDS.XLS
10,BIHAR,220,Vaishali,Total,3495021,1844535,1650486,3152346,1666953,1485393,333980,172906,161074,2203,1136,1067,707,354,353,362,186,176,246,131,115,71,41,30,5106,2828,2278,raw_nada/DDW10C-01 MDDS.XLS
10,BIHAR,220,Vaishali,Rural,3261942,1721221,1540721,2954764,1562048,1392716,299118,154800,144318,1930,1008,922,672,335,337,297,157,140,228,125,103,67,39,28,4866,2709,2157,raw_nada/DDW10C-01 MDDS.XLS
10,BIHAR,220,Vaishali,Urban,233079,123314,109765,197582,104905,92677,34862,18106,16756,273,128,145,35,19,16,65,29,36,18,6,12,4,2,2,240,119,121,raw_nada/DDW10C-01 MDDS.XLS
10,BIHAR,221,Samastipur,Total,4261566,2230003,2031563,3800598,1990906,1809692,452370,234507,217863,2126,1111,1015,554,286,268,292,150,142,231,119,112,112,60,52,5283,2864,2419,raw_nada/DDW10C-01 MDDS.XLS
10,BIHAR,221,Samastipur,Rural,4113769,2152273,1961496,3671630,1922966,1748664,434472,225184,209288,1755,942,813,337,172,165,264,135,129,142,71,71,96,53,43,5073,2750,2323,raw_nada/DDW10C-01 MDDS.XLS
10,BIHAR,221,Samastipur,Urban,147797,77730,70067,128968,67940,61028,17898,9323,8575,371,169,202,217,114,103,28,15,13,89,48,41,16,7,9,210,114,96,raw_nada/DDW10C-01 MDDS.XLS
10,BIHAR,222,Begusarai,Total,2970541,1567660,1402881,2554330,1350927,1203403,407348,211896,195452,2209,1186,1023,402,207,195,229,121,108,276,139,137,57,31,26,5690,3153,2537,raw_nada/DDW10C-01 MDDS.XLS
10,BIHAR,222,Begusarai,Rural,2400718,1266308,1134410,2097221,1108419,988802,296805,154204,142601,1544,833,711,236,128,108,174,93,81,203,103,100,42,24,18,4493,2504,1989,raw_nada/DDW10C-01 MDDS.XLS
10,BIHAR,222,Begusarai,Urban,569823,301352,268471,457109,242508,214601,110543,57692,52851,665,353,312,166,79,87,55,28,27,73,36,37,15,7,8,1197,649,548,raw_nada/DDW10C-01 MDDS.XLS
10,BIHAR,223,Khagaria,Total,1666886,883786,783100,1486989,789124,697865,175588,92402,83186,1253,659,594,143,81,62,79,42,37,86,44,42,115,67,48,2633,1367,1266,raw_nada/DDW10C-01 MDDS.XLS
10,BIHAR,223,Khagaria,Rural,1579727,837281,742446,1417197,751756,665441,158515,83425,75090,1124,591,533,114,66,48,73,37,36,77,38,39,107,62,45,2520,1306,1214,raw_nada/DDW10C-01 MDDS.XLS
10,BIHAR,223,Khagaria,Urban,87159,46505,40654,69792,37368,32424,17073,8977,8096,129,68,61,29,15,14,6,5,1,9,6,3,8,5,3,113,61,52,raw_nada/DDW10C-01 MDDS.XLS
10,BIHAR,224,Bhagalpur,Total,3037766,1615663,1422103,2487866,1328217,1159649,537098,280770,256328,3556,1790,1766,415,205,210,180,94,86,1050,563,487,32,16,16,7569,4008,3561,raw_nada/DDW10C-01 MDDS.XLS
10,BIHAR,224,Bhagalpur,Rural,2435234,1295386,1139848,2066487,1102516,963971,360482,188459,172023,2186,1161,1025,234,112,122,120,60,60,135,77,58,21,11,10,5569,2990,2579,raw_nada/DDW10C-01 MDDS.XLS
10,BIHAR,224,Bhagalpur,Urban,602532,320277,282255,421379,225701,195678,176616,92311,84305,1370,629,741,181,93,88,60,34,26,915,486,429,11,5,6,2000,1018,982,raw_nada/DDW10C-01 MDDS.XLS
10,BIHAR,225,Banka,Total,2034763,1067140,967623,1772655,931659,840996,250925,129692,121233,6138,3087,3051,139,64,75,113,65,48,94,52,42,1035,507,528,3664,2014,1650,raw_nada/DDW10C-01 MDDS.XLS
10,BIHAR,225,Banka,Rural,1963450,1029097,934353,1712619,899417,813202,239893,124025,115868,6000,3009,2991,130,60,70,110,62,48,92,50,42,1035,507,528,3571,1967,1604,raw_nada/DDW10C-01 MDDS.XLS
10,BIHAR,225,Banka,Urban,71313,38043,33270,60036,32242,27794,11032,5667,5365,138,78,60,9,4,5,3,3,0,2,2,0,0,0,0,93,47,46,raw_nada/DDW10C-01 MDDS.XLS
10,BIHAR,226,Munger,Total,1367765,729041,638724,1252319,668210,584109,110416,58250,52166,1815,917,898,338,166,172,95,47,48,145,72,73,61,37,24,2576,1342,1234,raw_nada/DDW10C-01 MDDS.XLS
10,BIHAR,226,Munger,Rural,987645,527299,460346,931727,497983,433744,53359,27966,25393,497,285,212,107,49,58,66,32,34,75,38,37,45,28,17,1769,918,851,raw_nada/DDW10C-01 MDDS.XLS
10,BIHAR,226,Munger,Urban,380120,201742,178378,320592,170227,150365,57057,30284,26773,1318,632,686,231,117,114,29,15,14,70,34,36,16,9,7,807,424,383,raw_nada/DDW10C-01 MDDS.XLS
10,BIHAR,227,Lakhisarai,Total,1000912,526345,474567,956396,503285,453111,40886,21259,19627,487,254,233,140,74,66,52,29,23,78,56,22,52,26,26,2821,1362,1459,raw_nada/DDW10C-01 MDDS.XLS
10,BIHAR,227,Lakhisarai,Rural,857901,450863,407038,819995,431292,388703,34705,17979,16726,363,198,165,45,20,25,38,18,20,65,50,15,46,23,23,2644,1283,1361,raw_nada/DDW10C-01 MDDS.XLS
10,BIHAR,227,Lakhisarai,Urban,143011,75482,67529,136401,71993,64408,6181,3280,2901,124,56,68,95,54,41,14,11,3,13,6,7,6,3,3,177,79,98,raw_nada/DDW10C-01 MDDS.XLS
10,BIHAR,228,Sheikhpura,Total,636342,329743,306599,596102,309142,286960,37653,19334,18319,313,143,170,75,36,39,41,25,16,43,24,19,31,15,16,2084,1024,1060,raw_nada/DDW10C-01 MDDS.XLS
10,BIHAR,228,Sheikhpura,Rural,527340,272360,254980,497784,257258,240526,27425,14049,13376,205,95,110,54,25,29,35,23,12,40,22,18,29,14,15,1768,874,894,raw_nada/DDW10C-01 MDDS.XLS
10,BIHAR,228,Sheikhpura,Urban,109002,57383,51619,98318,51884,46434,10228,5285,4943,108,48,60,21,11,10,6,2,4,3,2,1,2,1,1,316,150,166,raw_nada/DDW10C-01 MDDS.XLS
10,BIHAR,229,Nalanda,Total,2877653,1497060,1380593,2669775,1390136,1279639,198033,101925,96108,1978,1035,943,393,216,177,414,271,143,561,276,285,64,34,30,6435,3167,3268,raw_nada/DDW10C-01 MDDS.XLS
10,BIHAR,229,Nalanda,Rural,2419759,1257728,1162031,2341053,1217230,1123823,71291,36714,34577,1329,703,626,328,183,145,352,234,118,192,105,87,55,28,27,5159,2531,2628,raw_nada/DDW10C-01 MDDS.XLS
10,BIHAR,229,Nalanda,Urban,457894,239332,218562,328722,172906,155816,126742,65211,61531,649,332,317,65,33,32,62,37,25,369,171,198,9,6,3,1276,636,640,raw_nada/DDW10C-01 MDDS.XLS
10,BIHAR,230,Patna,Total,5838465,3078512,2759953,5356075,2828753,2527322,439952,227997,211955,12551,6154,6397,4803,2533,2270,1062,572,490,2151,1129,1022,203,100,103,21668,11274,10394,raw_nada/DDW10C-01 MDDS.XLS
10,BIHAR,230,Patna,Rural,3323875,1746025,1577850,3201963,1683241,1518722,107286,55121,52165,2375,1239,1136,512,279,233,651,342,309,490,256,234,40,21,19,10558,5526,5032,raw_nada/DDW10C-01 MDDS.XLS
10,BIHAR,230,Patna,Urban,2514590,1332487,1182103,2154112,1145512,1008600,332666,172876,159790,10176,4915,5261,4291,2254,2037,411,230,181,1661,873,788,163,79,84,11110,5748,5362,raw_nada/DDW10C-01 MDDS.XLS
10,BIHAR,231,Bhojpur,Total,2728407,1430380,1298027,2518216,1321631,1196585,197819,102282,95537,2165,1111,1054,544,274,270,647,333,314,1472,739,733,48,23,25,7496,3987,3509,raw_nada/DDW10C-01 MDDS.XLS
10,BIHAR,231,Bhojpur,Rural,2338546,1224274,1114272,2202804,1154369,1048435,126853,65216,61637,1594,824,770,218,101,117,533,270,263,294,152,142,42,20,22,6208,3322,2886,raw_nada/DDW10C-01 MDDS.XLS
10,BIHAR,231,Bhojpur,Urban,389861,206106,183755,315412,167262,148150,70966,37066,33900,571,287,284,326,173,153,114,63,51,1178,587,591,6,3,3,1288,665,623,raw_nada/DDW10C-01 MDDS.XLS
10,BIHAR,232,Buxar,Total,1706352,887977,818375,1591454,828625,762829,105423,54417,51006,2125,1076,1049,248,124,124,5090,2641,2449,97,58,39,57,29,28,1858,1007,851,raw_nada/DDW10C-01 MDDS.XLS
10,BIHAR,232,Buxar,Rural,1541853,801086,740767,1453734,755663,698071,79455,40914,38541,1725,882,843,125,59,66,5031,2605,2426,84,52,32,51,27,24,1648,884,764,raw_nada/DDW10C-01 MDDS.XLS
10,BIHAR,232,Buxar,Urban,164499,86891,77608,137720,72962,64758,25968,13503,12465,400,194,206,123,65,58,59,36,23,13,6,7,6,2,4,210,123,87,raw_nada/DDW10C-01 MDDS.XLS
10,BIHAR,233,Kaimur (Bhabua),Total,1626384,847006,779378,1456229,759188,697041,155283,80069,75214,1407,732,675,296,157,139,7707,4019,3688,129,69,60,1534,782,752,3799,1990,1809,raw_nada/DDW10C-01 MDDS.XLS
10,BIHAR,233,Kaimur (Bhabua),Rural,1560813,812298,748515,1403706,731371,672335,142437,73287,69150,1327,686,641,287,155,132,7675,4000,3675,125,65,60,1532,781,751,3724,1953,1771,raw_nada/DDW10C-01 MDDS.XLS
10,BIHAR,233,Kaimur (Bhabua),Urban,65571,34708,30863,52523,27817,24706,12846,6782,6064,80,46,34,9,2,7,32,19,13,4,4,0,2,1,1,75,37,38,raw_nada/DDW10C-01 MDDS.XLS
10,BIHAR,234,Rohtas,Total,2959918,1543546,1416372,2645415,1381155,1264260,300487,155104,145383,2889,1472,1417,2569,1354,1215,1584,820,764,252,118,134,537,283,254,6185,3240,2945,raw_nada/DDW10C-01 MDDS.XLS
10,BIHAR,234,Rohtas,Rural,2532153,1318276,1213877,2318349,1208276,1110073,203758,104794,98964,2308,1191,1117,257,125,132,1553,806,747,174,79,95,519,274,245,5235,2731,2504,raw_nada/DDW10C-01 MDDS.XLS
10,BIHAR,234,Rohtas,Urban,427765,225270,202495,327066,172879,154187,96729,50310,46419,581,281,300,2312,1229,1083,31,14,17,78,39,39,18,9,9,950,509,441,raw_nada/DDW10C-01 MDDS.XLS
10,BIHAR,235,Aurangabad,Total,2540073,1318684,1221389,2291133,1190825,1100308,237353,121784,115569,2218,1132,1086,295,156,139,334,170,164,775,373,402,19,11,8,7946,4233,3713,raw_nada/DDW10C-01 MDDS.XLS
10,BIHAR,235,Aurangabad,Rural,2303219,1194619,1108600,2109386,1095071,1014315,183822,94331,89491,1872,934,938,211,110,101,300,152,148,217,95,122,18,11,7,7393,3915,3478,raw_nada/DDW10C-01 MDDS.XLS
10,BIHAR,235,Aurangabad,Urban,236854,124065,112789,181747,95754,85993,53531,27453,26078,346,198,148,84,46,38,34,18,16,558,278,280,1,0,1,553,318,235,raw_nada/DDW10C-01 MDDS.XLS
10,BIHAR,236,Gaya,Total,4391418,2266566,2124852,3876395,2002380,1874015,488121,250474,237647,3943,2044,1899,913,475,438,870,523,347,1723,864,859,108,46,62,19345,9760,9585,raw_nada/DDW10C-01 MDDS.XLS
10,BIHAR,236,Gaya,Rural,3809817,1960592,1849225,3416603,1759355,1657248,376047,192558,183489,2563,1307,1256,453,230,223,596,328,268,553,290,263,69,29,40,12933,6495,6438,raw_nada/DDW10C-01 MDDS.XLS
10,BIHAR,236,Gaya,Urban,581601,305974,275627,459792,243025,216767,112074,57916,54158,1380,737,643,460,245,215,274,195,79,1170,574,596,39,17,22,6412,3265,3147,raw_nada/DDW10C-01 MDDS.XLS
10,BIHAR,237,Nawada,Total,2219146,1144668,1074478,1964620,1014433,950187,244394,125196,119198,1299,658,641,250,128,122,176,91,85,279,161,118,80,37,43,8048,3964,4084,raw_nada/DDW10C-01 MDDS.XLS
10,BIHAR,237,Nawada,Rural,2003567,1031656,971911,1807215,931579,875636,187701,95798,91903,1129,576,553,232,115,117,113,63,50,115,57,58,74,33,41,6988,3435,3553,raw_nada/DDW10C-01 MDDS.XLS
10,BIHAR,237,Nawada,Urban,215579,113012,102567,157405,82854,74551,56693,29398,27295,170,82,88,18,13,5,63,28,35,164,104,60,6,4,2,1060,529,531,raw_nada/DDW10C-01 MDDS.XLS
10,BIHAR,238,Jamui,Total,1760405,916064,844341,1525746,795023,730723,217621,112304,105317,8443,4351,4092,162,87,75,159,79,80,87,47,40,3438,1751,1687,4749,2422,2327,raw_nada/DDW10C-01 MDDS.XLS
10,BIHAR,238,Jamui,Rural,1615072,839776,775296,1413669,735964,677705,185392,95548,89844,8095,4185,3910,140,74,66,152,75,77,79,41,38,3434,1747,1687,4111,2142,1969,raw_nada/DDW10C-01 MDDS.XLS
10,BIHAR,238,Jamui,Urban,145333,76288,69045,112077,59059,53018,32229,16756,15473,348,166,182,22,13,9,7,4,3,8,6,2,4,4,0,638,280,358,raw_nada/DDW10C-01 MDDS.XLS
10,BIHAR,239,Jehanabad,Total,1125313,585582,539731,1045117,543981,501136,75742,39305,36437,691,358,333,148,81,67,248,134,114,60,40,20,58,33,25,3249,1650,1599,raw_nada/DDW10C-01 MDDS.XLS
10,BIHAR,239,Jehanabad,Rural,990117,514154,475963,936878,486630,450248,49291,25485,23806,512,263,249,132,71,61,241,128,113,54,36,18,55,30,25,2954,1511,1443,raw_nada/DDW10C-01 MDDS.XLS
10,BIHAR,239,Jehanabad,Urban,135196,71428,63768,108239,57351,50888,26451,13820,12631,179,95,84,16,10,6,7,6,1,6,4,2,3,3,0,295,139,156,raw_nada/DDW10C-01 MDDS.XLS
10,BIHAR,240,Arwal,Total,700843,363497,337346,634099,329040,305059,64259,33156,31103,390,186,204,59,28,31,323,182,141,74,34,40,60,29,31,1579,842,737,raw_nada/DDW10C-01 MDDS.XLS
10,BIHAR,240,Arwal,Rural,648994,336420,312574,591466,306806,284660,55206,28403,26803,344,158,186,52,26,26,311,172,139,71,32,39,55,26,29,1489,797,692,raw_nada/DDW10C-01 MDDS.XLS
10,BIHAR,240,Arwal,Urban,51849,27077,24772,42633,22234,20399,9053,4753,4300,46,28,18,7,2,5,12,10,2,3,2,1,5,3,2,90,45,45,raw_nada/DDW10C-01 MDDS.XLS
11,SIKKIM,241,North District,Total,43709,24730,18979,14883,9557,5326,815,528,287,2660,1421,1239,816,688,128,23318,11941,11377,35,20,15,921,469,452,261,106,155,raw_nada/DDW11C-01 MDDS.XLS
11,SIKKIM,241,North District,Rural,39065,22274,16791,12800,8390,4410,373,280,93,2324,1257,1067,811,685,126,21559,11076,10483,29,17,12,921,469,452,248,100,148,raw_nada/DDW11C-01 MDDS.XLS
11,SIKKIM,241,North District,Urban,4644,2456,2188,2083,1167,916,442,248,194,336,164,172,5,3,2,1759,865,894,6,3,3,0,0,0,13,6,7,raw_nada/DDW11C-01 MDDS.XLS
11,SIKKIM,242,West District,Total,136435,70238,66197,75286,39100,36186,965,610,355,13002,6534,6468,40,26,14,36390,18475,17915,20,15,5,10477,5362,5115,255,116,139,raw_nada/DDW11C-01 MDDS.XLS
11,SIKKIM,242,West District,Rural,131187,67528,63659,71911,37360,34551,638,400,238,12684,6378,6306,40,26,14,35181,17881,17300,19,14,5,10472,5359,5113,242,110,132,raw_nada/DDW11C-01 MDDS.XLS
11,SIKKIM,242,West District,Urban,5248,2710,2538,3375,1740,1635,327,210,117,318,156,162,0,0,0,1209,594,615,1,1,0,5,3,2,13,6,7,raw_nada/DDW11C-01 MDDS.XLS
11,SIKKIM,243,South District,Total,146850,76670,70180,84583,44410,40173,1889,1211,678,21462,10745,10717,151,125,26,35053,18284,16769,45,27,18,3176,1630,1546,491,238,253,raw_nada/DDW11C-01 MDDS.XLS
11,SIKKIM,243,South District,Rural,125651,65848,59803,71555,37662,33893,798,576,222,18392,9270,9122,138,118,20,31216,16410,14806,33,18,15,3053,1568,1485,466,226,240,raw_nada/DDW11C-01 MDDS.XLS
11,SIKKIM,243,South District,Urban,21199,10822,10377,13028,6748,6280,1091,635,456,3070,1475,1595,13,7,6,3837,1874,1963,12,9,3,123,62,61,25,12,13,raw_nada/DDW11C-01 MDDS.XLS
11,SIKKIM,244,East District,Total,283583,151432,132151,177910,96905,81005,6198,4187,2011,23398,11590,11808,861,753,108,72455,36602,35853,214,119,95,1726,862,864,821,414,407,raw_nada/DDW11C-01 MDDS.XLS
11,SIKKIM,244,East District,Rural,161096,87147,73949,102014,56248,45766,1849,1427,422,12278,6198,6080,683,648,35,42218,21576,20642,58,37,21,1319,674,645,677,339,338,raw_nada/DDW11C-01 MDDS.XLS
11,SIKKIM,244,East District,Urban,122487,64285,58202,75896,40657,35239,4349,2760,1589,11120,5392,5728,178,105,73,30237,15026,15211,156,82,74,407,188,219,144,75,69,raw_nada/DDW11C-01 MDDS.XLS
12,ARUNACHAL PRADESH,245,Tawang,Total,49977,29151,20826,11842,9822,2020,787,615,172,776,484,292,1164,1151,13,34920,16797,18123,72,24,48,349,212,137,67,46,21,raw_nada/DDW12C-01 MDDS.XLS
12,ARUNACHAL PRADESH,245,Tawang,Rural,38775,20792,17983,6036,4717,1319,514,409,105,338,234,104,23,14,9,31604,15265,16339,59,16,43,156,110,46,45,27,18,raw_nada/DDW12C-01 MDDS.XLS
12,ARUNACHAL PRADESH,245,Tawang,Urban,11202,8359,2843,5806,5105,701,273,206,67,438,250,188,1141,1137,4,3316,1532,1784,13,8,5,193,102,91,22,19,3,raw_nada/DDW12C-01 MDDS.XLS
12,ARUNACHAL PRADESH,246,West Kameng,Total,83947,46155,37792,31265,19586,11679,1970,1337,633,8466,4211,4255,328,252,76,36087,17801,18286,71,39,32,5556,2823,2733,204,106,98,raw_nada/DDW12C-01 MDDS.XLS
12,ARUNACHAL PRADESH,246,West Kameng,Rural,68015,37809,30206,24882,15993,8889,1516,1044,472,7136,3576,3560,321,249,72,28978,14300,14678,63,33,30,4956,2532,2424,163,82,81,raw_nada/DDW12C-01 MDDS.XLS
12,ARUNACHAL PRADESH,246,West Kameng,Urban,15932,8346,7586,6383,3593,2790,454,293,161,1330,635,695,7,3,4,7109,3501,3608,8,6,2,600,291,309,41,24,17,raw_nada/DDW12C-01 MDDS.XLS
12,ARUNACHAL PRADESH,247,East Kameng,Total,78690,38775,39915,12333,6471,5862,652,387,265,37136,17952,19184,36,20,16,452,230,222,23,14,9,27868,13606,14262,190,95,95,raw_nada/DDW12C-01 MDDS.XLS
12,ARUNACHAL PRADESH,247,East Kameng,Rural,60340,29506,30834,8011,4114,3897,302,156,146,29260,14145,15115,25,12,13,217,107,110,17,10,7,22356,10887,11469,152,75,77,raw_nada/DDW12C-01 MDDS.XLS
12,ARUNACHAL PRADESH,247,East Kameng,Urban,18350,9269,9081,4322,2357,1965,350,231,119,7876,3807,4069,11,8,3,235,123,112,6,4,2,5512,2719,2793,38,20,18,raw_nada/DDW12C-01 MDDS.XLS
12,ARUNACHAL PRADESH,248,Papum Pare,Total,176573,89182,87391,57027,31368,25659,6148,3244,2904,84397,40528,43869,310,172,138,4768,2389,2379,139,66,73,22586,10937,11649,1198,478,720,raw_nada/DDW12C-01 MDDS.XLS
12,ARUNACHAL PRADESH,248,Papum Pare,Rural,79610,39935,39675,16757,9482,7275,1694,873,821,54234,26111,28123,99,66,33,2413,1208,1205,43,23,20,4106,2050,2056,264,122,142,raw_nada/DDW12C-01 MDDS.XLS
12,ARUNACHAL PRADESH,248,Papum Pare,Urban,96963,49247,47716,40270,21886,18384,4454,2371,2083,30163,14417,15746,211,106,105,2355,1181,1174,96,43,53,18480,8887,9593,934,356,578,raw_nada/DDW12C-01 MDDS.XLS
12,ARUNACHAL PRADESH,249,Upper Subansiri,Total,83448,41758,41690,13474,7192,6282,521,311,210,8779,4257,4522,28,20,8,297,145,152,11,2,9,59449,29421,30028,889,410,479,raw_nada/DDW12C-01 MDDS.XLS
12,ARUNACHAL PRADESH,249,Upper Subansiri,Rural,70043,34840,35203,9651,4967,4684,251,137,114,7129,3481,3648,19,14,5,280,134,146,10,2,8,51996,25779,26217,707,326,381,raw_nada/DDW12C-01 MDDS.XLS
12,ARUNACHAL PRADESH,249,Upper Subansiri,Urban,13405,6918,6487,3823,2225,1598,270,174,96,1650,776,874,9,6,3,17,11,6,1,0,1,7453,3642,3811,182,84,98,raw_nada/DDW12C-01 MDDS.XLS
12,ARUNACHAL PRADESH,250,West Siang,Total,112274,58168,54106,15881,10072,5809,2218,1303,915,29969,14744,15225,577,564,13,3311,1578,1733,49,27,22,60005,29746,30259,264,134,130,raw_nada/DDW12C-01 MDDS.XLS
12,ARUNACHAL PRADESH,250,West Siang,Rural,87306,44687,42619,7235,4555,2680,659,382,277,26389,13022,13367,503,492,11,2980,1427,1553,32,17,15,49292,24679,24613,216,113,103,raw_nada/DDW12C-01 MDDS.XLS
12,ARUNACHAL PRADESH,250,West Siang,Urban,24968,13481,11487,8646,5517,3129,1559,921,638,3580,1722,1858,74,72,2,331,151,180,17,10,7,10713,5067,5646,48,21,27,raw_nada/DDW12C-01 MDDS.XLS
12,ARUNACHAL PRADESH,251,East Siang,Total,99214,50116,49098,27854,14863,12991,2289,1187,1102,18254,8738,9516,69,35,34,776,376,400,30,14,16,49393,24643,24750,549,260,289,raw_nada/DDW12C-01 MDDS.XLS
12,ARUNACHAL PRADESH,251,East Siang,Rural,71579,36147,35432,14614,7756,6858,796,419,377,14735,7113,7622,9,5,4,329,169,160,20,9,11,40636,20469,20167,440,207,233,raw_nada/DDW12C-01 MDDS.XLS
12,ARUNACHAL PRADESH,251,East Siang,Urban,27635,13969,13666,13240,7107,6133,1493,768,725,3519,1625,1894,60,30,30,447,207,240,10,5,5,8757,4174,4583,109,53,56,raw_nada/DDW12C-01 MDDS.XLS
12,ARUNACHAL PRADESH,252,Upper Siang,Total,35320,18699,16621,5261,3370,1891,411,263,148,5643,2726,2917,27,25,2,2577,1330,1247,7,5,2,20967,10759,10208,427,221,206,raw_nada/DDW12C-01 MDDS.XLS
12,ARUNACHAL PRADESH,252,Upper Siang,Rural,28780,15335,13445,3233,2239,994,213,136,77,4582,2197,2385,23,22,1,2460,1273,1187,7,5,2,17892,9265,8627,370,198,172,raw_nada/DDW12C-01 MDDS.XLS
12,ARUNACHAL PRADESH,252,Upper Siang,Urban,6540,3364,3176,2028,1131,897,198,127,71,1061,529,532,4,3,1,117,57,60,0,0,0,3075,1494,1581,57,23,34,raw_nada/DDW12C-01 MDDS.XLS
12,ARUNACHAL PRADESH,253,Changlang,Total,148226,76948,71278,47683,25904,21779,2134,1177,957,35969,18270,17699,94,58,36,50381,25517,24864,95,51,44,11738,5898,5840,132,73,59,raw_nada/DDW12C-01 MDDS.XLS
12,ARUNACHAL PRADESH,253,Changlang,Rural,128998,66283,62715,35569,18937,16632,1359,775,584,32465,16417,16048,47,29,18,49263,24946,24317,82,49,33,10114,5075,5039,99,55,44,raw_nada/DDW12C-01 MDDS.XLS
12,ARUNACHAL PRADESH,253,Changlang,Urban,19228,10665,8563,12114,6967,5147,775,402,373,3504,1853,1651,47,29,18,1118,571,547,13,2,11,1624,823,801,33,18,15,raw_nada/DDW12C-01 MDDS.XLS
12,ARUNACHAL PRADESH,254,Tirap,Total,111975,57604,54371,20682,11503,9179,1103,671,432,83361,41846,41515,61,43,18,778,420,358,43,18,25,5325,2764,2561,622,339,283,raw_nada/DDW12C-01 MDDS.XLS
12,ARUNACHAL PRADESH,254,Tirap,Rural,91165,46185,44980,9658,5125,4533,352,189,163,75408,37847,37561,19,14,5,356,213,143,32,11,21,4761,2469,2292,579,317,262,raw_nada/DDW12C-01 MDDS.XLS
12,ARUNACHAL PRADESH,254,Tirap,Urban,20810,11419,9391,11024,6378,4646,751,482,269,7953,3999,3954,42,29,13,422,207,215,11,7,4,564,295,269,43,22,21,raw_nada/DDW12C-01 MDDS.XLS
12,ARUNACHAL PRADESH,255,Lower Subansiri,Total,83030,41843,41187,9551,5535,4016,1482,893,589,34402,16775,17627,27,19,8,193,94,99,13,5,8,37085,18371,18714,277,151,126,raw_nada/DDW12C-01 MDDS.XLS
12,ARUNACHAL PRADESH,255,Lower Subansiri,Rural,70224,35460,34764,5867,3428,2439,638,376,262,30807,15208,15599,26,18,8,132,65,67,11,4,7,32478,16216,16262,265,145,120,raw_nada/DDW12C-01 MDDS.XLS
12,ARUNACHAL PRADESH,255,Lower Subansiri,Urban,12806,6383,6423,3684,2107,1577,844,517,327,3595,1567,2028,1,1,0,61,29,32,2,1,1,4607,2155,2452,12,6,6,raw_nada/DDW12C-01 MDDS.XLS
12,ARUNACHAL PRADESH,256,Kurung Kumey,Total,92076,45318,46758,4859,2599,2260,471,276,195,51189,24948,26241,43,19,24,121,65,56,81,37,44,34158,16817,17341,1154,557,597,raw_nada/DDW12C-01 MDDS.XLS
12,ARUNACHAL PRADESH,256,Kurung Kumey,Rural,89731,44072,45659,4621,2425,2196,417,240,177,49931,24310,25621,42,18,24,113,60,53,78,34,44,33378,16430,16948,1151,555,596,raw_nada/DDW12C-01 MDDS.XLS
12,ARUNACHAL PRADESH,256,Kurung Kumey,Urban,2345,1246,1099,238,174,64,54,36,18,1258,638,620,1,1,0,8,5,3,3,3,0,780,387,393,3,2,1,raw_nada/DDW12C-01 MDDS.XLS
12,ARUNACHAL PRADESH,257,Dibang Valley,Total,8004,4414,3590,3141,1960,1181,111,86,25,223,121,102,7,7,0,126,76,50,2,1,1,4267,2099,2168,127,64,63,raw_nada/DDW12C-01 MDDS.XLS
12,ARUNACHAL PRADESH,257,Dibang Valley,Rural,5620,3098,2522,1883,1180,703,58,42,16,71,45,26,2,2,0,87,54,33,2,1,1,3392,1710,1682,125,64,61,raw_nada/DDW12C-01 MDDS.XLS
12,ARUNACHAL PRADESH,257,Dibang Valley,Urban,2384,1316,1068,1258,780,478,53,44,9,152,76,76,5,5,0,39,22,17,0,0,0,875,389,486,2,0,2,raw_nada/DDW12C-01 MDDS.XLS
12,ARUNACHAL PRADESH,258,Lower Dibang Valley,Total,54080,28053,26027,28915,15533,13382,2247,1249,998,9213,4557,4656,33,20,13,2932,1467,1465,19,8,11,10393,5077,5316,328,142,186,raw_nada/DDW12C-01 MDDS.XLS
12,ARUNACHAL PRADESH,258,Lower Dibang Valley,Rural,42691,21989,20702,21760,11544,10216,1472,797,675,7846,3917,3929,19,11,8,2382,1205,1177,15,7,8,8891,4372,4519,306,136,170,raw_nada/DDW12C-01 MDDS.XLS
12,ARUNACHAL PRADESH,258,Lower Dibang Valley,Urban,11389,6064,5325,7155,3989,3166,775,452,323,1367,640,727,14,9,5,550,262,288,4,1,3,1502,705,797,22,6,16,raw_nada/DDW12C-01 MDDS.XLS
12,ARUNACHAL PRADESH,259,Lohit,Total,145726,76221,69505,99020,52244,46776,3846,2162,1684,10684,5484,5200,210,127,83,24452,12365,12087,104,55,49,7277,3720,3557,133,64,69,raw_nada/DDW12C-01 MDDS.XLS
12,ARUNACHAL PRADESH,259,Lohit,Rural,113296,58991,54305,74724,39268,35456,1675,927,748,8602,4446,4156,137,84,53,21501,10857,10644,78,42,36,6480,3312,3168,99,55,44,raw_nada/DDW12C-01 MDDS.XLS
12,ARUNACHAL PRADESH,259,Lohit,Urban,32430,17230,15200,24296,12976,11320,2171,1235,936,2082,1038,1044,73,43,30,2951,1508,1443,26,13,13,797,408,389,34,9,25,raw_nada/DDW12C-01 MDDS.XLS
12,ARUNACHAL PRADESH,260,Anjaw,Total,21167,11507,9660,13088,7150,5938,655,392,263,271,155,116,273,268,5,644,338,306,12,5,7,6137,3151,2986,87,48,39,raw_nada/DDW12C-01 MDDS.XLS
12,ARUNACHAL PRADESH,260,Anjaw,Rural,20185,10882,9303,12226,6628,5598,572,313,259,247,139,108,273,268,5,631,330,301,12,5,7,6137,3151,2986,87,48,39,raw_nada/DDW12C-01 MDDS.XLS
12,ARUNACHAL PRADESH,260,Anjaw,Urban,982,625,357,862,522,340,83,79,4,24,16,8,0,0,0,13,8,5,0,0,0,0,0,0,0,0,0,raw_nada/DDW12C-01 MDDS.XLS
13,NAGALAND,261,Mon,Total,250260,131753,118507,8102,4970,3132,3444,2051,1393,236494,123479,113015,84,38,46,1256,708,548,314,162,152,1,0,1,565,345,220,raw_nada/DDW13C-01 MDDS.XLS
13,NAGALAND,261,Mon,Rural,215816,113469,102347,4846,2903,1943,1913,1076,837,207135,108401,98734,55,18,37,1084,614,470,274,147,127,0,0,0,509,310,199,raw_nada/DDW13C-01 MDDS.XLS
13,NAGALAND,261,Mon,Urban,34444,18284,16160,3256,2067,1189,1531,975,556,29359,15078,14281,29,20,9,172,94,78,40,15,25,1,0,1,56,35,21,raw_nada/DDW13C-01 MDDS.XLS
13,NAGALAND,262,Mokokchung,Total,194622,101092,93530,9840,6679,3161,2057,1333,724,181847,92600,89247,78,47,31,442,226,216,66,37,29,6,4,2,286,166,120,raw_nada/DDW13C-01 MDDS.XLS
13,NAGALAND,262,Mokokchung,Rural,138897,71373,67524,4001,2485,1516,1036,642,394,133203,67904,65299,32,18,14,312,152,160,65,36,29,5,3,2,243,133,110,raw_nada/DDW13C-01 MDDS.XLS
13,NAGALAND,262,Mokokchung,Urban,55725,29719,26006,5839,4194,1645,1021,691,330,48644,24696,23948,46,29,17,130,74,56,1,1,0,1,1,0,43,33,10,raw_nada/DDW13C-01 MDDS.XLS
13,NAGALAND,263,Zunheboto,Total,140757,71217,69540,2580,2091,489,772,516,256,136995,68393,68602,39,30,9,286,137,149,6,5,1,2,1,1,77,44,33,raw_nada/DDW13C-01 MDDS.XLS
13,NAGALAND,263,Zunheboto,Rural,113160,56786,56374,523,378,145,340,195,145,112018,56076,55942,13,6,7,200,97,103,3,2,1,2,1,1,61,31,30,raw_nada/DDW13C-01 MDDS.XLS
13,NAGALAND,263,Zunheboto,Urban,27597,14431,13166,2057,1713,344,432,321,111,24977,12317,12660,26,24,2,86,40,46,3,3,0,0,0,0,16,13,3,raw_nada/DDW13C-01 MDDS.XLS
13,NAGALAND,264,Wokha,Total,166343,84505,81838,5605,3316,2289,2043,1247,796,158236,79712,78524,34,22,12,318,157,161,8,6,2,20,4,16,79,41,38,raw_nada/DDW13C-01 MDDS.XLS
13,NAGALAND,264,Wokha,Rural,131339,66435,64904,3696,2036,1660,1289,708,581,126049,63539,62510,4,4,0,212,104,108,7,5,2,20,4,16,62,35,27,raw_nada/DDW13C-01 MDDS.XLS
13,NAGALAND,264,Wokha,Urban,35004,18070,16934,1909,1280,629,754,539,215,32187,16173,16014,30,18,12,106,53,53,1,1,0,0,0,0,17,6,11,raw_nada/DDW13C-01 MDDS.XLS
13,NAGALAND,265,Dimapur,Total,378811,197394,181417,108900,61626,47274,31212,16990,14222,234239,116396,117843,566,393,173,1270,644,626,2148,1103,1045,157,75,82,319,167,152,raw_nada/DDW13C-01 MDDS.XLS
13,NAGALAND,265,Dimapur,Rural,180942,93435,87507,35473,19930,15543,14242,7480,6762,130441,65590,64851,73,53,20,501,271,230,21,11,10,110,54,56,81,46,35,raw_nada/DDW13C-01 MDDS.XLS
13,NAGALAND,265,Dimapur,Urban,197869,103959,93910,73427,41696,31731,16970,9510,7460,103798,50806,52992,493,340,153,769,373,396,2127,1092,1035,47,21,26,238,121,117,raw_nada/DDW13C-01 MDDS.XLS
13,NAGALAND,266,Phek,Total,163418,83743,79675,3563,2569,994,950,623,327,158224,80197,78027,31,20,11,350,183,167,17,10,7,198,96,102,85,45,40,raw_nada/DDW13C-01 MDDS.XLS
13,NAGALAND,266,Phek,Rural,138843,70529,68314,1314,888,426,652,409,243,136320,68946,67374,12,4,8,295,152,143,17,10,7,197,95,102,36,25,11,raw_nada/DDW13C-01 MDDS.XLS
13,NAGALAND,266,Phek,Urban,24575,13214,11361,2249,1681,568,298,214,84,21904,11251,10653,19,16,3,55,31,24,0,0,0,1,1,0,49,20,29,raw_nada/DDW13C-01 MDDS.XLS
13,NAGALAND,267,Tuensang,Total,196596,101933,94663,2979,2118,861,1052,704,348,191864,98754,93110,27,17,10,572,291,281,5,3,2,1,0,1,96,46,50,raw_nada/DDW13C-01 MDDS.XLS
13,NAGALAND,267,Tuensang,Rural,159822,82462,77360,611,452,159,510,319,191,158139,81403,76736,6,3,3,498,255,243,3,3,0,1,0,1,54,27,27,raw_nada/DDW13C-01 MDDS.XLS
13,NAGALAND,267,Tuensang,Urban,36774,19471,17303,2368,1666,702,542,385,157,33725,17351,16374,21,14,7,74,36,38,2,0,2,0,0,0,42,19,23,raw_nada/DDW13C-01 MDDS.XLS
13,NAGALAND,268,Longleng,Total,50484,26502,23982,873,621,252,635,414,221,48849,25402,23447,5,4,1,77,37,40,0,0,0,0,0,0,45,24,21,raw_nada/DDW13C-01 MDDS.XLS
13,NAGALAND,268,Longleng,Rural,42871,22511,20360,605,414,191,388,245,143,41760,21791,19969,5,4,1,69,34,35,0,0,0,0,0,0,44,23,21,raw_nada/DDW13C-01 MDDS.XLS
13,NAGALAND,268,Longleng,Urban,7613,3991,3622,268,207,61,247,169,78,7089,3611,3478,0,0,0,8,3,5,0,0,0,0,0,0,1,1,0,raw_nada/DDW13C-01 MDDS.XLS
13,NAGALAND,269,Kiphire,Total,74004,37830,36174,1040,704,336,564,400,164,71803,36411,35392,13,6,7,210,104,106,1,0,1,1,1,0,372,204,168,raw_nada/DDW13C-01 MDDS.XLS
13,NAGALAND,269,Kiphire,Rural,57517,29243,28274,365,261,104,248,180,68,56360,28512,27848,6,2,4,175,89,86,1,0,1,1,1,0,361,198,163,raw_nada/DDW13C-01 MDDS.XLS
13,NAGALAND,269,Kiphire,Urban,16487,8587,7900,675,443,232,316,220,96,15443,7899,7544,7,4,3,35,15,20,0,0,0,0,0,0,11,6,5,raw_nada/DDW13C-01 MDDS.XLS
13,NAGALAND,270,Kohima,Total,267988,138966,129022,25496,17560,7936,4384,3246,1138,234955,116068,118887,998,942,56,1519,781,738,80,40,40,335,204,131,221,125,96,raw_nada/DDW13C-01 MDDS.XLS
13,NAGALAND,270,Kohima,Rural,146900,76369,70531,8451,6694,1757,1159,806,353,135169,67302,67867,895,875,20,797,436,361,20,9,11,266,168,98,143,79,64,raw_nada/DDW13C-01 MDDS.XLS
13,NAGALAND,270,Kohima,Urban,121088,62597,58491,17045,10866,6179,3225,2440,785,99786,48766,51020,103,67,36,722,345,377,60,31,29,69,36,33,78,46,32,raw_nada/DDW13C-01 MDDS.XLS
13,NAGALAND,271,Peren,Total,95219,49714,45505,4076,2597,1479,1850,1003,847,86145,44515,41630,15,12,3,459,245,214,10,7,3,2493,1235,1258,171,100,71,raw_nada/DDW13C-01 MDDS.XLS
13,NAGALAND,271,Peren,Rural,81429,42860,38569,3049,2012,1037,1230,663,567,74244,38707,35537,15,12,3,335,181,154,10,7,3,2395,1188,1207,151,90,61,raw_nada/DDW13C-01 MDDS.XLS
13,NAGALAND,271,Peren,Urban,13790,6854,6936,1027,585,442,620,340,280,11901,5808,6093,0,0,0,124,64,60,0,0,0,98,47,51,20,10,10,raw_nada/DDW13C-01 MDDS.XLS
14,MANIPUR,272,Senapati,Total,479148,247323,231825,43833,24366,19467,1649,907,742,426819,218555,208264,140,102,38,2409,1239,1170,53,29,24,1243,607,636,3002,1518,1484,raw_nada/DDW14C-01 MDDS.XLS
14,MANIPUR,272,Senapati,Rural,471672,243603,228069,42377,23593,18784,1634,900,734,420868,215644,205224,138,101,37,2380,1224,1156,45,26,19,1229,598,631,3001,1517,1484,raw_nada/DDW14C-01 MDDS.XLS
14,MANIPUR,272,Senapati,Urban,7476,3720,3756,1456,773,683,15,7,8,5951,2911,3040,2,1,1,29,15,14,8,3,5,14,9,5,1,1,0,raw_nada/DDW14C-01 MDDS.XLS
14,MANIPUR,273,Tamenglong,Total,140651,72371,68280,2995,2520,475,589,320,269,134760,68377,66383,59,43,16,425,227,198,57,30,27,1144,566,578,622,288,334,raw_nada/DDW14C-01 MDDS.XLS
14,MANIPUR,273,Tamenglong,Rural,121288,62534,58754,2372,2025,347,508,271,237,116190,59130,57060,39,29,10,372,202,170,51,27,24,1144,566,578,612,284,328,raw_nada/DDW14C-01 MDDS.XLS
14,MANIPUR,273,Tamenglong,Urban,19363,9837,9526,623,495,128,81,49,32,18570,9247,9323,20,14,6,53,25,28,6,3,3,0,0,0,10,4,6,raw_nada/DDW14C-01 MDDS.XLS
14,MANIPUR,274,Churachandpur,Total,274143,138820,135323,12034,8495,3539,2886,1503,1383,254979,126708,128271,152,101,51,495,258,237,87,51,36,2333,1166,1167,1177,538,639,raw_nada/DDW14C-01 MDDS.XLS
14,MANIPUR,274,Churachandpur,Rural,255786,129659,126127,9178,6770,2408,2527,1321,1206,240636,119819,120817,126,87,39,475,249,226,86,51,35,2005,1004,1001,753,358,395,raw_nada/DDW14C-01 MDDS.XLS
14,MANIPUR,274,Churachandpur,Urban,18357,9161,9196,2856,1725,1131,359,182,177,14343,6889,7454,26,14,12,20,9,11,1,0,1,328,162,166,424,180,244,raw_nada/DDW14C-01 MDDS.XLS
14,MANIPUR,275,Bishnupur,Total,237399,118782,118617,175102,87701,87401,18691,9350,9341,4264,2153,2111,56,33,23,76,37,39,16,6,10,38457,19158,19299,737,344,393,raw_nada/DDW14C-01 MDDS.XLS
14,MANIPUR,275,Bishnupur,Rural,149894,75171,74723,109209,54876,54333,10104,5060,5044,2379,1219,1160,27,16,11,39,20,19,12,6,6,27576,13730,13846,548,244,304,raw_nada/DDW14C-01 MDDS.XLS
14,MANIPUR,275,Bishnupur,Urban,87505,43611,43894,65893,32825,33068,8587,4290,4297,1885,934,951,29,17,12,37,17,20,4,0,4,10881,5428,5453,189,100,89,raw_nada/DDW14C-01 MDDS.XLS
14,MANIPUR,276,Thoubal,Total,422168,210845,211323,267146,132981,134165,107323,53819,53504,4322,2297,2025,106,68,38,114,63,51,24,11,13,42347,21205,21142,786,401,385,raw_nada/DDW14C-01 MDDS.XLS
14,MANIPUR,276,Thoubal,Rural,270835,135470,135365,161650,80670,80980,73197,36703,36494,2882,1470,1412,61,36,25,73,34,39,14,8,6,32318,16220,16098,640,329,311,raw_nada/DDW14C-01 MDDS.XLS
14,MANIPUR,276,Thoubal,Urban,151333,75375,75958,105496,52311,53185,34126,17116,17010,1440,827,613,45,32,13,41,29,12,10,3,7,10029,4985,5044,146,72,74,raw_nada/DDW14C-01 MDDS.XLS
14,MANIPUR,277,Imphal West,Total,517992,255054,262938,387497,190933,196564,24298,12114,12184,23377,11323,12054,589,325,264,1891,910,981,1264,641,623,77032,37883,39149,2044,925,1119,raw_nada/DDW14C-01 MDDS.XLS
14,MANIPUR,277,Imphal West,Rural,195113,96948,98165,154032,76602,77430,8223,4122,4101,4543,2216,2327,50,29,21,196,96,100,33,15,18,27380,13557,13823,656,311,345,raw_nada/DDW14C-01 MDDS.XLS
14,MANIPUR,277,Imphal West,Urban,322879,158106,164773,233465,114331,119134,16075,7992,8083,18834,9107,9727,539,296,243,1695,814,881,1231,626,605,49652,24326,25326,1388,614,774,raw_nada/DDW14C-01 MDDS.XLS
14,MANIPUR,278,Imphal East,Total,456113,226094,230019,274906,136218,138688,80199,40023,40176,27361,13545,13816,181,113,68,639,348,291,62,31,31,70825,34939,35886,1940,877,1063,raw_nada/DDW14C-01 MDDS.XLS
14,MANIPUR,278,Imphal East,Rural,272906,136789,136117,154354,77511,76843,58601,29364,29237,10663,5501,5162,123,78,45,268,156,112,24,12,12,48160,23837,24323,713,330,383,raw_nada/DDW14C-01 MDDS.XLS
14,MANIPUR,278,Imphal East,Urban,183207,89305,93902,120552,58707,61845,21598,10659,10939,16698,8044,8654,58,35,23,371,192,179,38,19,19,22665,11102,11563,1227,547,680,raw_nada/DDW14C-01 MDDS.XLS
14,MANIPUR,279,Ukhrul,Total,183998,94718,89280,7553,5065,2488,1115,629,486,174112,88298,85814,108,79,29,635,356,279,70,36,34,32,17,15,373,238,135,raw_nada/DDW14C-01 MDDS.XLS
14,MANIPUR,279,Ukhrul,Rural,156811,80801,76010,5172,3536,1636,894,497,397,149740,76171,73569,92,70,22,493,268,225,61,33,28,27,14,13,332,212,120,raw_nada/DDW14C-01 MDDS.XLS
14,MANIPUR,279,Ukhrul,Urban,27187,13917,13270,2381,1529,852,221,132,89,24372,12127,12245,16,9,7,142,88,54,9,3,6,5,3,2,41,26,15,raw_nada/DDW14C-01 MDDS.XLS
14,MANIPUR,280,Chandel,Total,144182,74579,69603,10810,7941,2869,3086,1739,1347,129049,64222,64827,136,100,36,400,216,184,59,27,32,354,174,180,288,160,128,raw_nada/DDW14C-01 MDDS.XLS
14,MANIPUR,280,Chandel,Rural,127335,65909,61426,6407,5428,979,732,539,193,119502,59542,59960,79,67,12,291,158,133,42,19,23,27,14,13,255,142,113,raw_nada/DDW14C-01 MDDS.XLS
14,MANIPUR,280,Chandel,Urban,16847,8670,8177,4403,2513,1890,2354,1200,1154,9547,4680,4867,57,33,24,109,58,51,17,8,9,327,160,167,33,18,15,raw_nada/DDW14C-01 MDDS.XLS
15,MIZORAM,281,Mamit,Total,86364,44828,41536,2989,1847,1142,1782,1014,768,69104,35496,33608,13,11,2,12328,6382,5946,25,12,13,19,13,6,104,53,51,raw_nada/DDW15C-01 MDDS.XLS
15,MIZORAM,281,Mamit,Rural,71465,37135,34330,2621,1570,1051,1368,757,611,55014,28352,26662,11,9,2,12311,6373,5938,24,12,12,18,12,6,98,50,48,raw_nada/DDW15C-01 MDDS.XLS
15,MIZORAM,281,Mamit,Urban,14899,7693,7206,368,277,91,414,257,157,14090,7144,6946,2,2,0,17,9,8,1,0,1,1,1,0,6,3,3,raw_nada/DDW15C-01 MDDS.XLS
15,MIZORAM,282,Kolasib,Total,83955,42918,41037,4000,2528,1472,4426,2369,2057,75210,37844,37366,16,16,0,108,64,44,2,2,0,46,24,22,147,71,76,raw_nada/DDW15C-01 MDDS.XLS
15,MIZORAM,282,Kolasib,Rural,37077,19097,17980,1072,632,440,3248,1737,1511,32624,16659,15965,1,1,0,39,25,14,1,1,0,17,9,8,75,33,42,raw_nada/DDW15C-01 MDDS.XLS
15,MIZORAM,282,Kolasib,Urban,46878,23821,23057,2928,1896,1032,1178,632,546,42586,21185,21401,15,15,0,69,39,30,1,1,0,29,15,14,72,38,34,raw_nada/DDW15C-01 MDDS.XLS
15,MIZORAM,283,Aizawl,Total,400309,199270,201039,13249,8218,5031,5264,3905,1359,379134,185871,193263,105,76,29,1570,707,863,76,40,36,505,242,263,406,211,195,raw_nada/DDW15C-01 MDDS.XLS
15,MIZORAM,283,Aizawl,Rural,85555,43780,41775,821,622,199,637,359,278,83605,42543,41062,14,11,3,203,104,99,12,4,8,197,97,100,66,40,26,raw_nada/DDW15C-01 MDDS.XLS
15,MIZORAM,283,Aizawl,Urban,314754,155490,159264,12428,7596,4832,4627,3546,1081,295529,143328,152201,91,65,26,1367,603,764,64,36,28,308,145,163,340,171,169,raw_nada/DDW15C-01 MDDS.XLS
15,MIZORAM,284,Champhai,Total,125745,63388,62357,1075,742,333,699,421,278,123446,61968,61478,9,5,4,151,79,72,45,19,26,194,97,97,126,57,69,raw_nada/DDW15C-01 MDDS.XLS
15,MIZORAM,284,Champhai,Rural,77216,39110,38106,574,406,168,324,175,149,75935,38333,37602,7,4,3,112,64,48,32,12,20,164,82,82,68,34,34,raw_nada/DDW15C-01 MDDS.XLS
15,MIZORAM,284,Champhai,Urban,48529,24278,24251,501,336,165,375,246,129,47511,23635,23876,2,1,1,39,15,24,13,7,6,30,15,15,58,23,35,raw_nada/DDW15C-01 MDDS.XLS
15,MIZORAM,285,Serchhip,Total,64937,32851,32086,991,798,193,335,193,142,63444,31761,31683,6,5,1,60,38,22,9,9,0,35,19,16,57,28,29,raw_nada/DDW15C-01 MDDS.XLS
15,MIZORAM,285,Serchhip,Rural,32918,16643,16275,200,123,77,140,70,70,32518,16416,16102,0,0,0,21,12,9,2,2,0,35,19,16,2,1,1,raw_nada/DDW15C-01 MDDS.XLS
15,MIZORAM,285,Serchhip,Urban,32019,16208,15811,791,675,116,195,123,72,30926,15345,15581,6,5,1,39,26,13,7,7,0,0,0,0,55,27,28,raw_nada/DDW15C-01 MDDS.XLS
15,MIZORAM,286,Lunglei,Total,161428,82891,78537,5231,3857,1374,1290,886,404,127124,63794,63330,74,56,18,27543,14198,13345,93,58,35,5,4,1,68,38,30,raw_nada/DDW15C-01 MDDS.XLS
15,MIZORAM,286,Lunglei,Rural,92676,47577,45099,636,395,241,478,279,199,64560,32975,31585,12,8,4,26889,13859,13030,71,45,26,1,1,0,29,15,14,raw_nada/DDW15C-01 MDDS.XLS
15,MIZORAM,286,Lunglei,Urban,68752,35314,33438,4595,3462,1133,812,607,205,62564,30819,31745,62,48,14,654,339,315,22,13,9,4,3,1,39,23,16,raw_nada/DDW15C-01 MDDS.XLS
15,MIZORAM,287,Lawngtlai,Total,117894,60599,57295,1668,1351,317,522,377,145,63892,32262,31630,52,38,14,51549,26462,25087,122,66,56,2,2,0,87,41,46,raw_nada/DDW15C-01 MDDS.XLS
15,MIZORAM,287,Lawngtlai,Rural,97064,49940,47124,1082,890,192,253,172,81,44056,22345,21711,40,27,13,51472,26420,25052,117,63,54,2,2,0,42,21,21,raw_nada/DDW15C-01 MDDS.XLS
15,MIZORAM,287,Lawngtlai,Urban,20830,10659,10171,586,461,125,269,205,64,19836,9917,9919,12,11,1,77,42,35,5,3,2,0,0,0,45,20,25,raw_nada/DDW15C-01 MDDS.XLS
15,MIZORAM,288,Saiha,Total,56574,28594,27980,933,672,261,514,385,129,54977,27468,27509,11,9,2,102,40,62,4,2,2,2,1,1,31,17,14,raw_nada/DDW15C-01 MDDS.XLS
15,MIZORAM,288,Saiha,Rural,31464,15853,15611,188,161,27,101,66,35,31086,15586,15500,3,2,1,65,24,41,1,1,0,0,0,0,20,13,7,raw_nada/DDW15C-01 MDDS.XLS
15,MIZORAM,288,Saiha,Urban,25110,12741,12369,745,511,234,413,319,94,23891,11882,12009,8,7,1,37,16,21,3,1,2,2,1,1,11,4,7,raw_nada/DDW15C-01 MDDS.XLS
16,TRIPURA,289,West Tripura,Total,1725739,879428,846311,1512801,770487,742314,152791,78028,74763,53622,27457,26165,499,360,139,2128,1097,1031,362,183,179,430,217,213,3106,1599,1507,raw_nada/DDW16C-01 MDDS.XLS
16,TRIPURA,289,West Tripura,Rural,1048101,536720,511381,876113,448699,427414,120368,61421,58947,48496,24863,23633,294,219,75,780,448,332,100,42,58,326,161,165,1624,867,757,raw_nada/DDW16C-01 MDDS.XLS
16,TRIPURA,289,West Tripura,Urban,677638,342708,334930,636688,321788,314900,32423,16607,15816,5126,2594,2532,205,141,64,1348,649,699,262,141,121,104,56,48,1482,732,750,raw_nada/DDW16C-01 MDDS.XLS
16,TRIPURA,290,South Tripura,Total,876001,447544,428457,736015,376378,359637,49258,25218,24040,39258,19913,19345,245,171,74,49420,24935,24485,106,60,46,808,424,384,891,445,446,raw_nada/DDW16C-01 MDDS.XLS
16,TRIPURA,290,South Tripura,Rural,752970,384787,368183,623406,318922,304484,41907,21492,20415,38792,19681,19111,183,129,54,47283,23853,23430,87,46,41,683,356,327,629,308,321,raw_nada/DDW16C-01 MDDS.XLS
16,TRIPURA,290,South Tripura,Urban,123031,62757,60274,112609,57456,55153,7351,3726,3625,466,232,234,62,42,20,2137,1082,1055,19,14,5,125,68,57,262,137,125,raw_nada/DDW16C-01 MDDS.XLS
16,TRIPURA,291,Dhalai,Total,378230,194544,183686,307120,158092,149028,8256,4366,3890,22940,11718,11222,175,141,34,39120,19903,19217,85,48,37,206,108,98,328,168,160,raw_nada/DDW16C-01 MDDS.XLS
16,TRIPURA,291,Dhalai,Rural,337731,173773,163958,268927,138539,130388,7645,4023,3622,22252,11349,10903,142,114,28,38213,19462,18751,68,39,29,173,90,83,311,157,154,raw_nada/DDW16C-01 MDDS.XLS
16,TRIPURA,291,Dhalai,Urban,40499,20771,19728,38193,19553,18640,611,343,268,688,369,319,33,27,6,907,441,466,17,9,8,33,18,15,17,11,6,raw_nada/DDW16C-01 MDDS.XLS
16,TRIPURA,292,North Tripura,Total,693947,352860,341087,507967,258773,249194,105737,53318,52419,44062,22392,21670,151,110,41,34717,17610,17107,307,162,145,70,42,28,936,453,483,raw_nada/DDW16C-01 MDDS.XLS
16,TRIPURA,292,North Tripura,Rural,573662,291893,281769,399949,204203,195746,99701,50176,49525,42630,21618,21012,114,81,33,30332,15363,14969,166,82,84,42,23,19,728,347,381,raw_nada/DDW16C-01 MDDS.XLS
16,TRIPURA,292,North Tripura,Urban,120285,60967,59318,108018,54570,53448,6036,3142,2894,1432,774,658,37,29,8,4385,2247,2138,141,80,61,28,19,9,208,106,102,raw_nada/DDW16C-01 MDDS.XLS
17,MEGHALAYA,293,West Garo Hills,Total,643291,324159,319132,122936,63344,59592,106788,54242,52546,389956,194862,195094,209,136,73,3392,1736,1656,144,81,63,16950,8351,8599,2916,1407,1509,raw_nada/DDW17C-01 MDDS.XLS
17,MEGHALAYA,293,West Garo Hills,Rural,568433,286923,281510,103872,53231,50641,105905,53755,52150,335525,168467,167058,161,104,57,3164,1628,1536,109,61,48,16949,8351,8598,2748,1326,1422,raw_nada/DDW17C-01 MDDS.XLS
17,MEGHALAYA,293,West Garo Hills,Urban,74858,37236,37622,19064,10113,8951,883,487,396,54431,26395,28036,48,32,16,228,108,120,35,20,15,1,0,1,168,81,87,raw_nada/DDW17C-01 MDDS.XLS
17,MEGHALAYA,294,East Garo Hills,Total,317917,161223,156694,17272,9225,8047,3359,1851,1508,289708,146302,143406,56,33,23,1004,527,477,38,20,18,5617,2872,2745,863,393,470,raw_nada/DDW17C-01 MDDS.XLS
17,MEGHALAYA,294,East Garo Hills,Rural,273725,138763,134962,12233,6350,5883,1669,889,780,252475,127805,124670,47,26,21,832,433,399,21,12,9,5616,2871,2745,832,377,455,raw_nada/DDW17C-01 MDDS.XLS
17,MEGHALAYA,294,East Garo Hills,Urban,44192,22460,21732,5039,2875,2164,1690,962,728,37233,18497,18736,9,7,2,172,94,78,17,8,9,1,1,0,31,16,15,raw_nada/DDW17C-01 MDDS.XLS
17,MEGHALAYA,295,South Garo Hills,Total,142334,73170,69164,7036,4250,2786,1050,668,382,132984,67630,65354,27,25,2,332,161,171,10,5,5,362,181,181,533,250,283,raw_nada/DDW17C-01 MDDS.XLS
17,MEGHALAYA,295,South Garo Hills,Rural,129203,66470,62733,5158,3181,1977,902,569,333,121907,62120,59787,25,23,2,314,148,166,10,5,5,362,181,181,525,243,282,raw_nada/DDW17C-01 MDDS.XLS
17,MEGHALAYA,295,South Garo Hills,Urban,13131,6700,6431,1878,1069,809,148,99,49,11077,5510,5567,2,2,0,18,13,5,0,0,0,0,0,0,8,7,1,raw_nada/DDW17C-01 MDDS.XLS
17,MEGHALAYA,296,West Khasi Hills,Total,383461,193715,189746,6498,3591,2907,1533,830,703,366881,184888,181993,58,43,15,1313,695,618,38,29,9,5878,2992,2886,1262,647,615,raw_nada/DDW17C-01 MDDS.XLS
17,MEGHALAYA,296,West Khasi Hills,Rural,340356,172380,167976,6263,3459,2804,1389,749,640,324812,164081,160731,50,38,12,1274,675,599,34,26,8,5342,2742,2600,1192,610,582,raw_nada/DDW17C-01 MDDS.XLS
17,MEGHALAYA,296,West Khasi Hills,Urban,43105,21335,21770,235,132,103,144,81,63,42069,20807,21262,8,5,3,39,20,19,4,3,1,536,250,286,70,37,33,raw_nada/DDW17C-01 MDDS.XLS
17,MEGHALAYA,297,Ribhoi,Total,258840,132531,126309,30945,17290,13655,1838,1024,814,218508,110344,108164,166,84,82,428,238,190,49,23,26,6308,3213,3095,598,315,283,raw_nada/DDW17C-01 MDDS.XLS
17,MEGHALAYA,297,Ribhoi,Rural,233587,118705,114882,24684,13007,11677,1451,783,668,200203,101218,98985,140,67,73,346,191,155,47,21,26,6135,3115,3020,581,303,278,raw_nada/DDW17C-01 MDDS.XLS
17,MEGHALAYA,297,Ribhoi,Urban,25253,13826,11427,6261,4283,1978,387,241,146,18305,9126,9179,26,17,9,82,47,35,2,2,0,173,98,75,17,12,5,raw_nada/DDW17C-01 MDDS.XLS
17,MEGHALAYA,298,East Khasi Hills,Total,825922,410749,415173,144935,78855,66080,14185,8244,5941,543394,261708,281686,2495,1291,1204,3111,1632,1479,303,156,147,115597,57890,57707,1902,973,929,raw_nada/DDW17C-01 MDDS.XLS
17,MEGHALAYA,298,East Khasi Hills,Rural,459441,228409,231032,26943,14640,12303,2357,1270,1087,329022,161228,167794,158,92,66,347,173,174,18,11,7,99271,50323,48948,1325,672,653,raw_nada/DDW17C-01 MDDS.XLS
17,MEGHALAYA,298,East Khasi Hills,Urban,366481,182340,184141,117992,64215,53777,11828,6974,4854,214372,100480,113892,2337,1199,1138,2764,1459,1305,285,145,140,16326,7567,8759,577,301,276,raw_nada/DDW17C-01 MDDS.XLS
17,MEGHALAYA,299,Jaintia Hills,Total,395124,196285,198839,12456,7067,5389,1646,968,678,271596,134758,136838,34,28,6,284,155,129,45,28,17,107559,52484,55075,1504,797,707,raw_nada/DDW17C-01 MDDS.XLS
17,MEGHALAYA,299,Jaintia Hills,Rural,366694,182610,184084,11105,6213,4892,1368,789,579,253475,126210,127265,32,26,6,270,149,121,34,21,13,98984,48443,50541,1426,759,667,raw_nada/DDW17C-01 MDDS.XLS
17,MEGHALAYA,299,Jaintia Hills,Urban,28430,13675,14755,1351,854,497,278,179,99,18121,8548,9573,2,2,0,14,6,8,11,7,4,8575,4041,4534,78,38,40,raw_nada/DDW17C-01 MDDS.XLS
18,ASSAM,300,Kokrajhar,Total,887142,452905,434237,529068,270641,258427,252271,129001,123270,101091,50928,50163,93,43,50,1718,886,832,396,209,187,123,57,66,2382,1140,1242,raw_nada/DDW18C-01 MDDS.XLS
18,ASSAM,300,Kokrajhar,Rural,832201,424446,407755,480877,245590,235287,247800,126744,121056,99269,50024,49245,74,28,46,1695,874,821,50,26,24,119,55,64,2317,1105,1212,raw_nada/DDW18C-01 MDDS.XLS
18,ASSAM,300,Kokrajhar,Urban,54941,28459,26482,48191,25051,23140,4471,2257,2214,1822,904,918,19,15,4,23,12,11,346,183,163,4,2,2,65,35,30,raw_nada/DDW18C-01 MDDS.XLS
18,ASSAM,301,Dhubri,Total,1949258,997848,951410,388380,200222,188158,1553023,793601,759422,4107,2049,2058,254,154,100,101,57,44,1846,980,866,45,26,19,1502,759,743,raw_nada/DDW18C-01 MDDS.XLS
18,ASSAM,301,Dhubri,Rural,1745557,893914,851643,271544,140340,131204,1468403,750719,717684,3904,1949,1955,170,109,61,64,40,24,80,49,31,41,24,17,1351,684,667,raw_nada/DDW18C-01 MDDS.XLS
18,ASSAM,301,Dhubri,Urban,203701,103934,99767,116836,59882,56954,84620,42882,41738,203,100,103,84,45,39,37,17,20,1766,931,835,4,2,2,151,75,76,raw_nada/DDW18C-01 MDDS.XLS
18,ASSAM,302,Goalpara,Total,1008183,513292,494891,347878,175763,172115,579929,296659,283270,77862,39239,38623,771,732,39,194,102,92,477,247,230,103,50,53,969,500,469,raw_nada/DDW18C-01 MDDS.XLS
18,ASSAM,302,Goalpara,Rural,870121,443244,426877,290645,146786,143859,503583,257916,245667,74164,37427,36737,488,466,22,185,95,90,64,33,31,99,47,52,893,474,419,raw_nada/DDW18C-01 MDDS.XLS
18,ASSAM,302,Goalpara,Urban,138062,70048,68014,57233,28977,28256,76346,38743,37603,3698,1812,1886,283,266,17,9,7,2,413,214,199,4,3,1,76,26,50,raw_nada/DDW18C-01 MDDS.XLS
18,ASSAM,303,Barpeta,Total,1693622,867004,826618,492966,248986,243980,1198036,616676,581360,1020,524,496,112,62,50,49,26,23,399,217,182,14,10,4,1026,503,523,raw_nada/DDW18C-01 MDDS.XLS
18,ASSAM,303,Barpeta,Rural,1546269,791789,754480,371383,187077,184306,1173092,603811,569281,724,364,360,46,23,23,39,21,18,32,19,13,12,9,3,941,465,476,raw_nada/DDW18C-01 MDDS.XLS
18,ASSAM,303,Barpeta,Urban,147353,75215,72138,121583,61909,59674,24944,12865,12079,296,160,136,66,39,27,10,5,5,367,198,169,2,1,1,85,38,47,raw_nada/DDW18C-01 MDDS.XLS
18,ASSAM,304,Morigaon,Total,957423,486651,470772,451882,228342,223540,503257,257086,246171,834,414,420,113,76,37,65,35,30,244,142,102,11,4,7,1017,552,465,raw_nada/DDW18C-01 MDDS.XLS
18,ASSAM,304,Morigaon,Rural,884125,449123,435002,400124,201770,198354,482206,246398,235808,733,371,362,31,18,13,44,23,21,61,36,25,10,4,6,916,503,413,raw_nada/DDW18C-01 MDDS.XLS
18,ASSAM,304,Morigaon,Urban,73298,37528,35770,51758,26572,25186,21051,10688,10363,101,43,58,82,58,24,21,12,9,183,106,77,1,0,1,101,49,52,raw_nada/DDW18C-01 MDDS.XLS
18,ASSAM,305,Nagaon,Total,2823768,1439112,1384656,1225246,623923,601323,1563203,797294,765909,26844,13582,13262,3036,1575,1461,1073,555,518,1162,611,551,61,27,34,3143,1545,1598,raw_nada/DDW18C-01 MDDS.XLS
18,ASSAM,305,Nagaon,Rural,2454234,1250985,1203249,957909,487480,470429,1465320,747836,717484,25564,12929,12635,1490,775,715,858,448,410,227,119,108,37,16,21,2829,1382,1447,raw_nada/DDW18C-01 MDDS.XLS
18,ASSAM,305,Nagaon,Urban,369534,188127,181407,267337,136443,130894,97883,49458,48425,1280,653,627,1546,800,746,215,107,108,935,492,443,24,11,13,314,163,151,raw_nada/DDW18C-01 MDDS.XLS
18,ASSAM,306,Sonitpur,Total,1924110,983904,940206,1422824,729297,693527,350536,179072,171464,138166,69239,68927,1363,797,566,5088,2523,2565,1003,539,464,221,101,120,4909,2336,2573,raw_nada/DDW18C-01 MDDS.XLS
18,ASSAM,306,Sonitpur,Rural,1750265,894985,855280,1275056,653689,621367,328650,167924,160726,135564,67902,67662,970,587,383,4851,2400,2451,239,137,102,207,95,112,4728,2251,2477,raw_nada/DDW18C-01 MDDS.XLS
18,ASSAM,306,Sonitpur,Urban,173845,88919,84926,147768,75608,72160,21886,11148,10738,2602,1337,1265,393,210,183,237,123,114,764,402,362,14,6,8,181,85,96,raw_nada/DDW18C-01 MDDS.XLS
18,ASSAM,307,Lakhimpur,Total,1042137,529674,512463,797130,405041,392089,193476,98301,95175,46217,23617,22600,412,217,195,1074,533,541,250,141,109,2410,1251,1159,1168,573,595,raw_nada/DDW18C-01 MDDS.XLS
18,ASSAM,307,Lakhimpur,Rural,950804,482582,468222,729124,369866,359258,171210,86919,84291,45838,23428,22410,163,90,73,886,444,442,77,49,28,2400,1245,1155,1106,541,565,raw_nada/DDW18C-01 MDDS.XLS
18,ASSAM,307,Lakhimpur,Urban,91333,47092,44241,68006,35175,32831,22266,11382,10884,379,189,190,249,127,122,188,89,99,173,92,81,10,6,4,62,32,30,raw_nada/DDW18C-01 MDDS.XLS
18,ASSAM,308,Dhemaji,Total,686133,351249,334884,655052,335290,319762,13475,7013,6462,8711,4415,4296,297,191,106,911,489,422,167,81,86,6315,3178,3137,1205,592,613,raw_nada/DDW18C-01 MDDS.XLS
18,ASSAM,308,Dhemaji,Rural,637848,326278,311570,612245,313175,299070,8917,4619,4298,8430,4270,4160,206,144,62,817,441,376,28,13,15,6099,3067,3032,1106,549,557,raw_nada/DDW18C-01 MDDS.XLS
18,ASSAM,308,Dhemaji,Urban,48285,24971,23314,42807,22115,20692,4558,2394,2164,281,145,136,91,47,44,94,48,46,139,68,71,216,111,105,99,43,56,raw_nada/DDW18C-01 MDDS.XLS
18,ASSAM,309,Tinsukia,Total,1327929,680231,647698,1181347,605368,575979,48373,25364,23009,76877,38598,38279,1999,1052,947,16228,8279,7949,837,445,392,395,206,189,1873,919,954,raw_nada/DDW18C-01 MDDS.XLS
18,ASSAM,309,Tinsukia,Rural,1063186,541395,521791,948835,483479,465356,22277,11508,10769,74853,37643,37210,779,416,363,14265,7274,6991,142,75,67,386,201,185,1649,799,850,raw_nada/DDW18C-01 MDDS.XLS
18,ASSAM,309,Tinsukia,Urban,264743,138836,125907,232512,121889,110623,26096,13856,12240,2024,955,1069,1220,636,584,1963,1005,958,695,370,325,9,5,4,224,120,104,raw_nada/DDW18C-01 MDDS.XLS
18,ASSAM,310,Dibrugarh,Total,1326335,676434,649901,1198401,611787,586614,64526,32943,31583,52968,26311,26657,2261,1261,1000,4673,2373,2300,1055,559,496,46,23,23,2405,1177,1228,raw_nada/DDW18C-01 MDDS.XLS
18,ASSAM,310,Dibrugarh,Rural,1082605,550299,532306,991131,504404,486727,34255,17370,16885,50344,25006,25338,859,497,362,3781,1918,1863,178,105,73,35,16,19,2022,983,1039,raw_nada/DDW18C-01 MDDS.XLS
18,ASSAM,310,Dibrugarh,Urban,243730,126135,117595,207270,107383,99887,30271,15573,14698,2624,1305,1319,1402,764,638,892,455,437,877,454,423,11,7,4,383,194,189,raw_nada/DDW18C-01 MDDS.XLS
18,ASSAM,311,Sivasagar,Total,1151050,589216,561834,1007277,516041,491236,95553,48832,46721,33147,16641,16506,902,494,408,3953,1980,1973,286,152,134,8541,4346,4195,1391,730,661,raw_nada/DDW18C-01 MDDS.XLS
18,ASSAM,311,Sivasagar,Rural,1040954,531286,509668,918325,469028,449297,76107,38796,37311,32386,16266,16120,431,245,186,3707,1844,1863,136,65,71,8537,4343,4194,1325,699,626,raw_nada/DDW18C-01 MDDS.XLS
18,ASSAM,311,Sivasagar,Urban,110096,57930,52166,88952,47013,41939,19446,10036,9410,761,375,386,471,249,222,246,136,110,150,87,63,4,3,1,66,31,35,raw_nada/DDW18C-01 MDDS.XLS
18,ASSAM,312,Jorhat,Total,1092256,556805,535451,1008219,514051,494168,54684,27951,26733,21051,10549,10502,1540,818,722,2378,1225,1153,719,386,333,578,299,279,3087,1526,1561,raw_nada/DDW18C-01 MDDS.XLS
18,ASSAM,312,Jorhat,Rural,871722,442968,428754,813987,413829,400158,33627,17043,16584,19097,9575,9522,273,156,117,1521,768,753,205,118,87,561,289,272,2451,1190,1261,raw_nada/DDW18C-01 MDDS.XLS
18,ASSAM,312,Jorhat,Urban,220534,113837,106697,194232,100222,94010,21057,10908,10149,1954,974,980,1267,662,605,857,457,400,514,268,246,17,10,7,636,336,300,raw_nada/DDW18C-01 MDDS.XLS
18,ASSAM,313,Golaghat,Total,1066888,543161,523727,917426,467432,449994,90312,46014,44298,50582,25438,25144,1131,596,535,3863,1960,1903,530,264,266,1347,664,683,1697,793,904,raw_nada/DDW18C-01 MDDS.XLS
18,ASSAM,313,Golaghat,Rural,969152,493125,476027,836151,425749,410402,76616,39046,37570,49370,24815,24555,411,229,182,3774,1919,1855,204,102,102,1201,596,605,1425,669,756,raw_nada/DDW18C-01 MDDS.XLS
18,ASSAM,313,Golaghat,Urban,97736,50036,47700,81275,41683,39592,13696,6968,6728,1212,623,589,720,367,353,89,41,48,326,162,164,146,68,78,272,124,148,raw_nada/DDW18C-01 MDDS.XLS
18,ASSAM,314,Karbi Anglong,Total,956313,490167,466146,766000,393019,372981,20290,10573,9717,157789,80347,77442,370,206,164,6260,3246,3014,397,195,202,3568,1822,1746,1639,759,880,raw_nada/DDW18C-01 MDDS.XLS
18,ASSAM,314,Karbi Anglong,Rural,843347,431924,411423,672842,344872,327970,13696,7135,6561,145837,74319,71518,196,111,85,5971,3099,2872,177,89,88,3176,1620,1556,1452,679,773,raw_nada/DDW18C-01 MDDS.XLS
18,ASSAM,314,Karbi Anglong,Urban,112966,58243,54723,93158,48147,45011,6594,3438,3156,11952,6028,5924,174,95,79,289,147,142,220,106,114,392,202,190,187,80,107,raw_nada/DDW18C-01 MDDS.XLS
18,ASSAM,315,Dima Hasao,Total,214102,110802,103300,143593,74803,68790,4358,2415,1943,63310,32067,31243,207,151,56,680,371,309,70,37,33,1170,600,570,714,358,356,raw_nada/DDW18C-01 MDDS.XLS
18,ASSAM,315,Dima Hasao,Rural,151613,77817,73796,100581,51765,48816,1561,842,719,47286,24077,23209,39,25,14,537,296,241,48,26,22,896,455,441,665,331,334,raw_nada/DDW18C-01 MDDS.XLS
18,ASSAM,315,Dima Hasao,Urban,62489,32985,29504,43012,23038,19974,2797,1573,1224,16024,7990,8034,168,126,42,143,75,68,22,11,11,274,145,129,49,27,22,raw_nada/DDW18C-01 MDDS.XLS
18,ASSAM,316,Cachar,Total,1736617,886284,850333,1038985,531058,507927,654816,333283,321533,37635,19227,18408,280,181,99,341,185,156,1673,872,801,98,52,46,2789,1426,1363,raw_nada/DDW18C-01 MDDS.XLS
18,ASSAM,316,Cachar,Rural,1421153,727083,694070,798444,410108,388336,584399,297352,287047,35158,17984,17174,187,130,57,287,159,128,154,75,79,53,27,26,2471,1248,1223,raw_nada/DDW18C-01 MDDS.XLS
18,ASSAM,316,Cachar,Urban,315464,159201,156263,240541,120950,119591,70417,35931,34486,2477,1243,1234,93,51,42,54,26,28,1519,797,722,45,25,20,318,178,140,raw_nada/DDW18C-01 MDDS.XLS
18,ASSAM,317,Karimganj,Total,1228686,625864,602822,521962,267374,254588,692489,351261,341228,11990,6058,5932,114,73,41,446,224,222,524,266,258,110,52,58,1051,556,495,raw_nada/DDW18C-01 MDDS.XLS
18,ASSAM,317,Karimganj,Rural,1118986,570510,548476,445540,229072,216468,660569,334903,325666,11286,5697,5589,95,62,33,313,158,155,110,58,52,80,39,41,993,521,472,raw_nada/DDW18C-01 MDDS.XLS
18,ASSAM,317,Karimganj,Urban,109700,55354,54346,76422,38302,38120,31920,16358,15562,704,361,343,19,11,8,133,66,67,414,208,206,30,13,17,58,35,23,raw_nada/DDW18C-01 MDDS.XLS
18,ASSAM,318,Hailakandi,Total,659296,337890,321406,251194,128130,123064,397653,204421,193232,8480,4356,4124,84,41,43,490,252,238,247,124,123,636,302,334,512,264,248,raw_nada/DDW18C-01 MDDS.XLS
18,ASSAM,318,Hailakandi,Rural,611156,313747,297409,215572,110438,105134,385784,198282,187502,8298,4269,4029,68,33,35,484,250,234,61,32,29,425,197,228,464,246,218,raw_nada/DDW18C-01 MDDS.XLS
18,ASSAM,318,Hailakandi,Urban,48140,24143,23997,35622,17692,17930,11869,6139,5730,182,87,95,16,8,8,6,2,4,186,92,94,211,105,106,48,18,30,raw_nada/DDW18C-01 MDDS.XLS
18,ASSAM,319,Bongaigaon,Total,738804,375818,362986,359145,180851,178294,371033,190673,180360,5924,2942,2982,384,222,162,236,113,123,871,439,432,9,5,4,1202,573,629,raw_nada/DDW18C-01 MDDS.XLS
18,ASSAM,319,Bongaigaon,Rural,628994,319786,309208,267238,133990,133248,355413,182648,172765,5112,2556,2556,53,28,25,57,28,29,40,23,17,8,4,4,1073,509,564,raw_nada/DDW18C-01 MDDS.XLS
18,ASSAM,319,Bongaigaon,Urban,109810,56032,53778,91907,46861,45046,15620,8025,7595,812,386,426,331,194,137,179,85,94,831,416,415,1,1,0,129,64,65,raw_nada/DDW18C-01 MDDS.XLS
18,ASSAM,320,Chirang,Total,482162,244860,237302,320647,162925,157722,109248,55622,53626,49747,25105,24642,87,48,39,406,205,201,125,62,63,482,226,256,1420,667,753,raw_nada/DDW18C-01 MDDS.XLS
18,ASSAM,320,Chirang,Rural,446825,226895,219930,293421,149054,144367,101456,51695,49761,49604,25032,24572,82,46,36,404,204,200,74,30,44,481,226,255,1303,608,695,raw_nada/DDW18C-01 MDDS.XLS
18,ASSAM,320,Chirang,Urban,35337,17965,17372,27226,13871,13355,7792,3927,3865,143,73,70,5,2,3,2,1,1,51,32,19,1,0,1,117,59,58,raw_nada/DDW18C-01 MDDS.XLS
18,ASSAM,321,Kamrup,Total,1517542,778461,739081,877495,449700,427795,601784,309341,292443,33297,16980,16317,319,213,106,185,97,88,1330,701,629,55,28,27,3077,1401,1676,raw_nada/DDW18C-01 MDDS.XLS
18,ASSAM,321,Kamrup,Rural,1375148,706140,669008,765816,393059,372757,572655,294490,278165,33175,16919,16256,261,180,81,172,92,80,123,59,64,50,25,25,2896,1316,1580,raw_nada/DDW18C-01 MDDS.XLS
18,ASSAM,321,Kamrup,Urban,142394,72321,70073,111679,56641,55038,29129,14851,14278,122,61,61,58,33,25,13,5,8,1207,642,565,5,3,2,181,85,96,raw_nada/DDW18C-01 MDDS.XLS
18,ASSAM,322,Kamrup Metropolitan,Total,1253938,647585,606353,1064412,549959,514453,151071,78389,72682,18810,9143,9667,3679,2007,1672,1627,872,755,9250,4740,4510,170,81,89,4919,2394,2525,raw_nada/DDW18C-01 MDDS.XLS
18,ASSAM,322,Kamrup Metropolitan,Rural,216927,111062,105865,183890,94263,89627,22620,11578,11042,9246,4646,4600,125,81,44,98,52,46,38,18,20,22,9,13,888,415,473,raw_nada/DDW18C-01 MDDS.XLS
18,ASSAM,322,Kamrup Metropolitan,Urban,1037011,536523,500488,880522,455696,424826,128451,66811,61640,9564,4497,5067,3554,1926,1628,1529,820,709,9212,4722,4490,148,72,76,4031,1979,2052,raw_nada/DDW18C-01 MDDS.XLS
18,ASSAM,323,Nalbari,Total,771639,396006,375633,491582,251621,239961,277488,143023,134465,429,223,206,62,32,30,27,20,7,1004,546,458,9,4,5,1038,537,501,raw_nada/DDW18C-01 MDDS.XLS
18,ASSAM,323,Nalbari,Rural,688909,353677,335232,422125,216154,205971,265399,136794,128605,355,191,164,53,28,25,23,18,5,36,21,15,8,4,4,910,467,443,raw_nada/DDW18C-01 MDDS.XLS
18,ASSAM,323,Nalbari,Urban,82730,42329,40401,69457,35467,33990,12089,6229,5860,74,32,42,9,4,5,4,2,2,968,525,443,1,0,1,128,70,58,raw_nada/DDW18C-01 MDDS.XLS
18,ASSAM,324,Baksa,Total,950075,481330,468745,782901,396160,386741,135750,69648,66102,27076,13405,13671,156,83,73,1189,602,587,239,117,122,353,170,183,2411,1145,1266,raw_nada/DDW18C-01 MDDS.XLS
18,ASSAM,324,Baksa,Rural,937833,475027,462806,774031,391578,382453,132496,67982,64514,27047,13391,13656,156,83,73,1186,601,585,158,80,78,353,170,183,2406,1142,1264,raw_nada/DDW18C-01 MDDS.XLS
18,ASSAM,324,Baksa,Urban,12242,6303,5939,8870,4582,4288,3254,1666,1588,29,14,15,0,0,0,3,1,2,81,37,44,0,0,0,5,3,2,raw_nada/DDW18C-01 MDDS.XLS
18,ASSAM,325,Darrang,Total,928500,475273,453227,327322,167785,159537,597392,305285,292107,1688,934,754,431,371,60,57,28,29,724,397,327,19,7,12,867,466,401,raw_nada/DDW18C-01 MDDS.XLS
18,ASSAM,325,Darrang,Rural,873006,446460,426546,283553,145046,138507,586628,299789,286839,1489,779,710,368,336,32,56,28,28,54,26,28,19,7,12,839,449,390,raw_nada/DDW18C-01 MDDS.XLS
18,ASSAM,325,Darrang,Urban,55494,28813,26681,43769,22739,21030,10764,5496,5268,199,155,44,63,35,28,1,0,1,670,371,299,0,0,0,28,17,11,raw_nada/DDW18C-01 MDDS.XLS
18,ASSAM,326,Udalguri,Total,831668,421617,410051,612425,311236,301189,105319,53652,51667,110215,54865,55350,215,119,96,1681,851,830,124,74,50,229,108,121,1460,712,748,raw_nada/DDW18C-01 MDDS.XLS
18,ASSAM,326,Udalguri,Rural,794094,402442,391652,579482,294401,285081,102479,52202,50277,108582,54062,54520,168,95,73,1657,838,819,62,37,25,228,107,121,1436,700,736,raw_nada/DDW18C-01 MDDS.XLS
18,ASSAM,326,Udalguri,Urban,37574,19175,18399,32943,16835,16108,2840,1450,1390,1633,803,830,47,24,23,24,13,11,62,37,25,1,1,0,24,12,12,raw_nada/DDW18C-01 MDDS.XLS
19,WEST BENGAL,327,Darjiling,Total,1846823,937259,909564,1366681,696173,670508,105086,54684,50402,141848,69543,72305,2032,1211,821,209240,104519,104721,1840,977,863,15523,7849,7674,4573,2303,2270,raw_nada/DDW19C-01 MDDS.XLS
19,WEST BENGAL,327,Darjiling,Rural,1118860,566965,551895,780498,397139,383359,69413,35713,33700,114698,56654,58044,520,275,245,138655,69589,69066,422,228,194,13031,6609,6422,1623,758,865,raw_nada/DDW19C-01 MDDS.XLS
19,WEST BENGAL,327,Darjiling,Urban,727963,370294,357669,586183,299034,287149,35673,18971,16702,27150,12889,14261,1512,936,576,70585,34930,35655,1418,749,669,2492,1240,1252,2950,1545,1405,raw_nada/DDW19C-01 MDDS.XLS
19,WEST BENGAL,328,Jalpaiguri,Total,3872846,1983064,1889782,3156781,1620614,1536167,445817,228009,217808,186279,91997,94282,2994,1945,1049,50676,25182,25494,1461,776,685,23816,11930,11886,5022,2611,2411,raw_nada/DDW19C-01 MDDS.XLS
19,WEST BENGAL,328,Jalpaiguri,Rural,2812495,1437286,1375209,2205462,1131062,1074400,367078,187582,179496,171399,84435,86964,896,516,380,40907,20249,20658,396,213,183,23645,11841,11804,2712,1388,1324,raw_nada/DDW19C-01 MDDS.XLS
19,WEST BENGAL,328,Jalpaiguri,Urban,1060351,545778,514573,951319,489552,461767,78739,40427,38312,14880,7562,7318,2098,1429,669,9769,4933,4836,1065,563,502,171,89,82,2310,1223,1087,raw_nada/DDW19C-01 MDDS.XLS
19,WEST BENGAL,329,Koch Bihar,Total,2819086,1451542,1367544,2087766,1076413,1011353,720033,369383,350650,4122,2077,2045,449,267,182,445,213,232,1869,952,917,158,92,66,4244,2145,2099,raw_nada/DDW19C-01 MDDS.XLS
19,WEST BENGAL,329,Koch Bihar,Rural,2529652,1304916,1224736,1833358,947548,885810,688243,353247,334996,3494,1784,1710,367,220,147,135,73,62,337,182,155,137,81,56,3581,1781,1800,raw_nada/DDW19C-01 MDDS.XLS
19,WEST BENGAL,329,Koch Bihar,Urban,289434,146626,142808,254408,128865,125543,31790,16136,15654,628,293,335,82,47,35,310,140,170,1532,770,762,21,11,10,663,364,299,raw_nada/DDW19C-01 MDDS.XLS
19,WEST BENGAL,330,Uttar Dinajpur,Total,3007134,1551066,1456068,1482943,768309,714634,1501170,771198,729972,16702,8307,8395,477,288,189,432,219,213,1324,689,635,1622,805,817,2464,1251,1213,raw_nada/DDW19C-01 MDDS.XLS
19,WEST BENGAL,330,Uttar Dinajpur,Rural,2644906,1362469,1282437,1169085,605108,563977,1455303,747092,708211,15820,7859,7961,362,224,138,336,171,165,363,194,169,1582,783,799,2055,1038,1017,raw_nada/DDW19C-01 MDDS.XLS
19,WEST BENGAL,330,Uttar Dinajpur,Urban,362228,188597,173631,313858,163201,150657,45867,24106,21761,882,448,434,115,64,51,96,48,48,961,495,466,40,22,18,409,213,196,raw_nada/DDW19C-01 MDDS.XLS
19,WEST BENGAL,331,Dakshin Dinajpur,Total,1676276,857199,819077,1232850,630344,602506,412788,211350,201438,24794,12475,12319,276,168,108,148,64,84,323,175,148,2786,1400,1386,2311,1223,1088,raw_nada/DDW19C-01 MDDS.XLS
19,WEST BENGAL,331,Dakshin Dinajpur,Rural,1439981,737771,702210,1002146,513964,488182,410676,210269,200407,22076,10910,11166,188,119,69,91,37,54,230,126,104,2746,1382,1364,1828,964,864,raw_nada/DDW19C-01 MDDS.XLS
19,WEST BENGAL,331,Dakshin Dinajpur,Urban,236295,119428,116867,230704,116380,114324,2112,1081,1031,2718,1565,1153,88,49,39,57,27,30,93,49,44,40,18,22,483,259,224,raw_nada/DDW19C-01 MDDS.XLS
19,WEST BENGAL,332,Maldah,Total,3988845,2051541,1937304,1914352,988780,925572,2045151,1047638,997513,13209,6525,6684,747,442,305,359,196,163,639,348,291,7929,3890,4039,6459,3722,2737,raw_nada/DDW19C-01 MDDS.XLS
19,WEST BENGAL,332,Maldah,Rural,3447185,1768336,1678849,1569277,807767,761510,1853702,948545,905157,12225,6018,6207,525,325,200,247,138,109,395,221,174,7837,3843,3994,2977,1479,1498,raw_nada/DDW19C-01 MDDS.XLS
19,WEST BENGAL,332,Maldah,Urban,541660,283205,258455,345075,181013,164062,191449,99093,92356,984,507,477,222,117,105,112,58,54,244,127,117,92,47,45,3482,2243,1239,raw_nada/DDW19C-01 MDDS.XLS
19,WEST BENGAL,333,Murshidabad,Total,7103807,3627564,3476243,2359061,1211033,1148028,4707573,2397249,2310324,18102,9479,8623,766,437,329,348,185,163,3037,1567,1470,7429,3765,3664,7491,3849,3642,raw_nada/DDW19C-01 MDDS.XLS
19,WEST BENGAL,333,Murshidabad,Rural,5703115,2917822,2785293,1741918,896829,845089,3930848,2005221,1925627,16045,8429,7616,453,272,181,248,128,120,540,288,252,7352,3726,3626,5711,2929,2782,raw_nada/DDW19C-01 MDDS.XLS
19,WEST BENGAL,333,Murshidabad,Urban,1400692,709742,690950,617143,314204,302939,776725,392028,384697,2057,1050,1007,313,165,148,100,57,43,2497,1279,1218,77,39,38,1780,920,860,raw_nada/DDW19C-01 MDDS.XLS
19,WEST BENGAL,334,Birbhum,Total,3502404,1790920,1711484,2181515,1115664,1065851,1298054,663930,634124,10906,5314,5592,582,318,264,258,139,119,1152,599,553,6051,2972,3079,3886,1984,1902,raw_nada/DDW19C-01 MDDS.XLS
19,WEST BENGAL,334,Birbhum,Rural,3052956,1561976,1490980,1851377,947859,903518,1181750,604335,577415,9819,4764,5055,345,187,158,196,106,90,256,131,125,5917,2904,3013,3296,1690,1606,raw_nada/DDW19C-01 MDDS.XLS
19,WEST BENGAL,334,Birbhum,Urban,449448,228944,220504,330138,167805,162333,116304,59595,56709,1087,550,537,237,131,106,62,33,29,896,468,428,134,68,66,590,294,296,raw_nada/DDW19C-01 MDDS.XLS
19,WEST BENGAL,335,Barddhaman,Total,7717563,3966889,3750674,6008472,3089560,2918912,1599764,821958,777806,21220,10448,10772,16675,8774,7901,1602,891,711,1674,903,771,44968,22464,22504,23188,11891,11297,raw_nada/DDW19C-01 MDDS.XLS
19,WEST BENGAL,335,Barddhaman,Rural,4639264,2373787,2265477,3428031,1753946,1674085,1158796,593714,565082,8992,4407,4585,1281,707,574,292,144,148,397,206,191,34394,17111,17283,7081,3552,3529,raw_nada/DDW19C-01 MDDS.XLS
19,WEST BENGAL,335,Barddhaman,Urban,3078299,1593102,1485197,2580441,1335614,1244827,440968,228244,212724,12228,6041,6187,15394,8067,7327,1310,747,563,1277,697,580,10574,5353,5221,16107,8339,7768,raw_nada/DDW19C-01 MDDS.XLS
19,WEST BENGAL,336,Nadia,Total,5167600,2653768,2513832,3728482,1918012,1810470,1382682,707381,675301,33835,16720,17115,849,476,373,514,276,238,281,146,135,16893,8617,8276,4064,2140,1924,raw_nada/DDW19C-01 MDDS.XLS
19,WEST BENGAL,336,Nadia,Rural,3728727,1921112,1807615,2401262,1241662,1159600,1285658,658281,627377,23463,11679,11784,515,298,217,160,87,73,140,78,62,15204,7772,7432,2325,1255,1070,raw_nada/DDW19C-01 MDDS.XLS
19,WEST BENGAL,336,Nadia,Urban,1438873,732656,706217,1327220,676350,650870,97024,49100,47924,10372,5041,5331,334,178,156,354,189,165,141,68,73,1689,845,844,1739,885,854,raw_nada/DDW19C-01 MDDS.XLS
19,WEST BENGAL,337,North Twenty Four Parganas,Total,10009781,5119389,4890392,7352769,3756457,3596312,2584684,1326814,1257870,26933,13282,13651,9394,4986,4408,5818,2923,2895,4452,2222,2230,2930,1519,1411,22801,11186,11615,raw_nada/DDW19C-01 MDDS.XLS
19,WEST BENGAL,337,North Twenty Four Parganas,Rural,4277619,2196554,2081065,2322249,1197481,1124768,1937537,990157,947380,8902,4503,4399,600,333,267,393,213,180,256,134,122,1685,863,822,5997,2870,3127,raw_nada/DDW19C-01 MDDS.XLS
19,WEST BENGAL,337,North Twenty Four Parganas,Urban,5732162,2922835,2809327,5030520,2558976,2471544,647147,336657,310490,18031,8779,9252,8794,4653,4141,5425,2710,2715,4196,2088,2108,1245,656,589,16804,8316,8488,raw_nada/DDW19C-01 MDDS.XLS
19,WEST BENGAL,338,Hugli,Total,5519145,2814653,2704492,4574569,2334344,2240225,870204,443032,427172,7300,3594,3706,2662,1394,1268,1730,848,882,2160,1136,1024,49050,24221,24829,11470,6084,5386,raw_nada/DDW19C-01 MDDS.XLS
19,WEST BENGAL,338,Hugli,Rural,3390646,1722945,1667701,2733979,1391807,1342172,600147,303059,297088,2563,1320,1243,521,262,259,322,163,159,188,106,82,48072,23712,24360,4854,2516,2338,raw_nada/DDW19C-01 MDDS.XLS
19,WEST BENGAL,338,Hugli,Urban,2128499,1091708,1036791,1840590,942537,898053,270057,139973,130084,4737,2274,2463,2141,1132,1009,1408,685,723,1972,1030,942,978,509,469,6616,3568,3048,raw_nada/DDW19C-01 MDDS.XLS
19,WEST BENGAL,339,Bankura,Total,3596674,1838095,1758579,3033581,1553351,1480230,290450,149303,141147,3865,1849,2016,386,200,186,260,143,117,2904,1515,1389,260694,129448,131246,4534,2286,2248,raw_nada/DDW19C-01 MDDS.XLS
19,WEST BENGAL,339,Bankura,Rural,3296901,1685777,1611124,2753111,1410769,1342342,273773,140872,132901,2667,1271,1396,315,167,148,221,120,101,2881,1501,1380,260040,129129,130911,3893,1948,1945,raw_nada/DDW19C-01 MDDS.XLS
19,WEST BENGAL,339,Bankura,Urban,299773,152318,147455,280470,142582,137888,16677,8431,8246,1198,578,620,71,33,38,39,23,16,23,14,9,654,319,335,641,338,303,raw_nada/DDW19C-01 MDDS.XLS
19,WEST BENGAL,340,Puruliya,Total,2930115,1496996,1433119,2373120,1214644,1158476,227249,116795,110454,8646,4617,4029,622,313,309,209,102,107,3052,1589,1463,309029,154831,154198,8188,4105,4083,raw_nada/DDW19C-01 MDDS.XLS
19,WEST BENGAL,340,Puruliya,Rural,2556801,1304208,1252593,2069039,1057658,1011381,166013,85018,80995,5386,3010,2376,259,124,135,143,68,75,2732,1415,1317,308119,154372,153747,5110,2543,2567,raw_nada/DDW19C-01 MDDS.XLS
19,WEST BENGAL,340,Puruliya,Urban,373314,192788,180526,304081,156986,147095,61236,31777,29459,3260,1607,1653,363,189,174,66,34,32,320,174,146,910,459,451,3078,1562,1516,raw_nada/DDW19C-01 MDDS.XLS
19,WEST BENGAL,341,Haora,Total,4850029,2500819,2349210,3535844,1823142,1712702,1270641,655228,615413,8666,4292,4374,4380,2330,2050,1258,664,594,9699,5014,4685,1265,676,589,18276,9473,8803,raw_nada/DDW19C-01 MDDS.XLS
19,WEST BENGAL,341,Haora,Rural,1775885,909519,866366,1332470,682296,650174,436402,223664,212738,717,366,351,261,127,134,185,97,88,167,100,67,178,88,90,5505,2781,2724,raw_nada/DDW19C-01 MDDS.XLS
19,WEST BENGAL,341,Haora,Urban,3074144,1591300,1482844,2203374,1140846,1062528,834239,431564,402675,7949,3926,4023,4119,2203,1916,1073,567,506,9532,4914,4618,1087,588,499,12771,6692,6079,raw_nada/DDW19C-01 MDDS.XLS
19,WEST BENGAL,342,Kolkata,Total,4496694,2356766,2139928,3440290,1792575,1647715,926414,497993,428421,39758,19200,20558,13849,7327,6522,4771,2423,2348,21178,10508,10670,1452,742,710,48982,25998,22984,raw_nada/DDW19C-01 MDDS.XLS
19,WEST BENGAL,342,Kolkata,Rural,0,0,0,0,0,0,0,0,0,0,0,0,0,0,0,0,0,0,0,0,0,0,0,0,0,0,0,raw_nada/DDW19C-01 MDDS.XLS
19,WEST BENGAL,342,Kolkata,Urban,4496694,2356766,2139928,3440290,1792575,1647715,926414,497993,428421,39758,19200,20558,13849,7327,6522,4771,2423,2348,21178,10508,10670,1452,742,710,48982,25998,22984,raw_nada/DDW19C-01 MDDS.XLS
19,WEST BENGAL,343,South Twenty Four Parganas,Total,8161961,4173778,3988183,5155545,2643378,2512167,2903075,1478401,1424674,66498,33484,33014,2783,1414,1369,2494,1236,1258,972,501,471,6065,3029,3036,24529,12335,12194,raw_nada/DDW19C-01 MDDS.XLS
19,WEST BENGAL,343,South Twenty Four Parganas,Rural,6074188,3109219,2964969,3807699,1957582,1850117,2187661,1111970,1075691,54978,27783,27195,1055,515,540,772,381,391,574,294,280,5780,2875,2905,15669,7819,7850,raw_nada/DDW19C-01 MDDS.XLS
19,WEST BENGAL,343,South Twenty Four Parganas,Urban,2087773,1064559,1023214,1347846,685796,662050,715414,366431,348983,11520,5701,5819,1728,899,829,1722,855,867,398,207,191,285,154,131,8860,4516,4344,raw_nada/DDW19C-01 MDDS.XLS
19,WEST BENGAL,344,Paschim Medinipur,Total,5913457,3007885,2905572,5056953,2571092,2485861,620554,317100,303454,23287,11359,11928,2854,1486,1368,2019,1008,1011,1550,808,742,184278,91418,92860,21962,13614,8348,raw_nada/DDW19C-01 MDDS.XLS
19,WEST BENGAL,344,Paschim Medinipur,Rural,5190771,2641721,2549050,4435331,2258207,2177124,542184,277596,264588,15299,7577,7722,665,353,312,1279,650,629,494,263,231,182396,90481,91915,13123,6594,6529,raw_nada/DDW19C-01 MDDS.XLS
19,WEST BENGAL,344,Paschim Medinipur,Urban,722686,366164,356522,621622,312885,308737,78370,39504,38866,7988,3782,4206,2189,1133,1056,740,358,382,1056,545,511,1882,937,945,8839,7020,1819,raw_nada/DDW19C-01 MDDS.XLS
19,WEST BENGAL,345,Purba Medinipur,Total,5095875,2629834,2466041,4343972,2242672,2101300,743436,382646,360790,2648,1424,1224,746,392,354,317,157,160,574,293,281,359,197,162,3823,2053,1770,raw_nada/DDW19C-01 MDDS.XLS
19,WEST BENGAL,345,Purba Medinipur,Rural,4503161,2322562,2180599,3895308,2010748,1884560,601443,308497,292946,2081,1131,950,472,237,235,177,88,89,195,100,95,259,141,118,3226,1620,1606,raw_nada/DDW19C-01 MDDS.XLS
19,WEST BENGAL,345,Purba Medinipur,Urban,592714,307272,285442,448664,231924,216740,141993,74149,67844,567,293,274,274,155,119,140,69,71,379,193,186,100,56,44,597,433,164,raw_nada/DDW19C-01 MDDS.XLS
20,JHARKHAND,346,Garhwa,Total,1322784,683575,639209,1104475,571867,532608,194680,99912,94768,17168,8502,8666,123,61,62,371,185,186,20,11,9,4591,2293,2298,1356,744,612,raw_nada/DDW20C-01 MDDS.XLS
20,JHARKHAND,346,Garhwa,Rural,1253114,646947,606167,1046755,541499,505256,183363,93966,89397,16730,8293,8437,87,43,44,288,142,146,20,11,9,4572,2284,2288,1299,709,590,raw_nada/DDW20C-01 MDDS.XLS
20,JHARKHAND,346,Garhwa,Urban,69670,36628,33042,57720,30368,27352,11317,5946,5371,438,209,229,36,18,18,83,43,40,0,0,0,19,9,10,57,35,22,raw_nada/DDW20C-01 MDDS.XLS
20,JHARKHAND,347,Chatra,Total,1042886,533935,508951,903179,462671,440508,116710,59649,57061,6565,3235,3330,888,465,423,35,19,16,129,69,60,12936,6480,6456,2444,1347,1097,raw_nada/DDW20C-01 MDDS.XLS
20,JHARKHAND,347,Chatra,Rural,979932,500211,479721,858471,438617,419854,99619,50620,48999,6185,3027,3158,652,334,318,24,10,14,60,31,29,12720,6368,6352,2201,1204,997,raw_nada/DDW20C-01 MDDS.XLS
20,JHARKHAND,347,Chatra,Urban,62954,33724,29230,44708,24054,20654,17091,9029,8062,380,208,172,236,131,105,11,9,2,69,38,31,216,112,104,243,143,100,raw_nada/DDW20C-01 MDDS.XLS
20,JHARKHAND,348,Kodarma,Total,716259,367222,349037,605138,310571,294567,107018,54570,52448,1221,575,646,944,510,434,32,14,18,980,508,472,269,131,138,657,343,314,raw_nada/DDW20C-01 MDDS.XLS
20,JHARKHAND,348,Kodarma,Rural,575013,293595,281418,486523,248693,237830,86785,44068,42717,731,340,391,111,56,55,24,9,15,30,17,13,267,130,137,542,282,260,raw_nada/DDW20C-01 MDDS.XLS
20,JHARKHAND,348,Kodarma,Urban,141246,73627,67619,118615,61878,56737,20233,10502,9731,490,235,255,833,454,379,8,5,3,950,491,459,2,1,1,115,61,54,raw_nada/DDW20C-01 MDDS.XLS
20,JHARKHAND,349,Giridih,Total,2445474,1258098,1187376,1856202,956181,900021,508586,260889,247697,14645,7376,7269,937,502,435,650,352,298,1503,790,713,59218,30086,29132,3733,1922,1811,raw_nada/DDW20C-01 MDDS.XLS
20,JHARKHAND,349,Giridih,Rural,2237450,1149608,1087842,1715290,882265,833025,445198,228207,216991,13398,6754,6644,114,64,50,607,329,278,583,309,274,59088,30015,29073,3172,1665,1507,raw_nada/DDW20C-01 MDDS.XLS
20,JHARKHAND,349,Giridih,Urban,208024,108490,99534,140912,73916,66996,63388,32682,30706,1247,622,625,823,438,385,43,23,20,920,481,439,130,71,59,561,257,304,raw_nada/DDW20C-01 MDDS.XLS
20,JHARKHAND,350,Deoghar,Total,1492073,775022,717051,1165140,607138,558002,302626,155571,147055,6027,3004,3023,143,81,62,188,93,95,282,149,133,16067,8153,7914,1600,833,767,raw_nada/DDW20C-01 MDDS.XLS
20,JHARKHAND,350,Deoghar,Rural,1233712,638136,595576,940532,487745,452787,271040,139152,131888,4393,2218,2175,79,41,38,118,55,63,116,58,58,15954,8104,7850,1480,763,717,raw_nada/DDW20C-01 MDDS.XLS
20,JHARKHAND,350,Deoghar,Urban,258361,136886,121475,224608,119393,105215,31586,16419,15167,1634,786,848,64,40,24,70,38,32,166,91,75,113,49,64,120,70,50,raw_nada/DDW20C-01 MDDS.XLS
20,JHARKHAND,351,Godda,Total,1313551,677927,635624,937126,485908,451218,289182,148974,140208,37795,18501,19294,97,47,50,128,68,60,115,54,61,47067,23305,23762,2041,1070,971,raw_nada/DDW20C-01 MDDS.XLS
20,JHARKHAND,351,Godda,Rural,1249132,643907,605225,886816,459318,427498,275933,141919,134014,37299,18291,19008,91,44,47,124,64,60,103,51,52,46778,23181,23597,1988,1039,949,raw_nada/DDW20C-01 MDDS.XLS
20,JHARKHAND,351,Godda,Urban,64419,34020,30399,50310,26590,23720,13249,7055,6194,496,210,286,6,3,3,4,4,0,12,3,9,289,124,165,53,31,22,raw_nada/DDW20C-01 MDDS.XLS
20,JHARKHAND,352,Sahibganj,Total,1150567,589391,561176,628044,323681,304363,398243,204214,194029,83208,41147,42061,198,97,101,245,121,124,125,64,61,38426,18990,19436,2078,1077,1001,raw_nada/DDW20C-01 MDDS.XLS
20,JHARKHAND,352,Sahibganj,Rural,990901,505892,485009,520725,267198,253527,348248,178352,169896,81695,40411,41284,87,44,43,216,102,114,102,53,49,37961,18763,19198,1867,969,898,raw_nada/DDW20C-01 MDDS.XLS
20,JHARKHAND,352,Sahibganj,Urban,159666,83499,76167,107319,56483,50836,49995,25862,24133,1513,736,777,111,53,58,29,19,10,23,11,12,465,227,238,211,108,103,raw_nada/DDW20C-01 MDDS.XLS
20,JHARKHAND,353,Pakur,Total,900422,452661,447761,410127,206985,203142,322963,163349,159614,75865,37220,38645,356,183,173,283,143,140,222,116,106,88760,43749,45011,1846,916,930,raw_nada/DDW20C-01 MDDS.XLS
20,JHARKHAND,353,Pakur,Rural,832910,418251,414659,378426,190422,188004,289702,146718,142984,74281,36474,37807,101,54,47,275,136,139,105,56,49,88211,43497,44714,1809,894,915,raw_nada/DDW20C-01 MDDS.XLS
20,JHARKHAND,353,Pakur,Urban,67512,34410,33102,31701,16563,15138,33261,16631,16630,1584,746,838,255,129,126,8,7,1,117,60,57,549,252,297,37,22,15,raw_nada/DDW20C-01 MDDS.XLS
20,JHARKHAND,354,Dhanbad,Total,2684487,1405956,1278531,2149480,1128420,1021060,431762,225374,206388,11243,5648,5595,9727,5099,4628,331,172,159,1268,645,623,77182,38731,38451,3494,1867,1627,raw_nada/DDW20C-01 MDDS.XLS
20,JHARKHAND,354,Dhanbad,Rural,1124093,581956,542137,887638,460422,427216,160909,83560,77349,3911,1977,1934,502,278,224,73,42,31,114,58,56,69762,34972,34790,1184,647,537,raw_nada/DDW20C-01 MDDS.XLS
20,JHARKHAND,354,Dhanbad,Urban,1560394,824000,736394,1261842,667998,593844,270853,141814,129039,7332,3671,3661,9225,4821,4404,258,130,128,1154,587,567,7420,3759,3661,2310,1220,1090,raw_nada/DDW20C-01 MDDS.XLS
20,JHARKHAND,355,Bokaro,Total,2062330,1072807,989523,1636460,853598,782862,241451,125472,115979,13730,6799,6931,4174,2153,2021,1890,1570,320,2045,1066,979,160524,81026,79498,2056,1123,933,raw_nada/DDW20C-01 MDDS.XLS
20,JHARKHAND,355,Bokaro,Rural,1078686,554954,523732,822182,423832,398350,115428,59262,56166,2496,1262,1234,141,75,66,1560,1383,177,1067,554,513,134578,67935,66643,1234,651,583,raw_nada/DDW20C-01 MDDS.XLS
20,JHARKHAND,355,Bokaro,Urban,983644,517853,465791,814278,429766,384512,126023,66210,59813,11234,5537,5697,4033,2078,1955,330,187,143,978,512,466,25946,13091,12855,822,472,350,raw_nada/DDW20C-01 MDDS.XLS
20,JHARKHAND,356,Lohardaga,Total,461790,232629,229161,112378,57751,54627,95012,48184,46828,16770,8113,8657,51,30,21,33,17,16,15,8,7,235987,117789,118198,1544,737,807,raw_nada/DDW20C-01 MDDS.XLS
20,JHARKHAND,356,Lohardaga,Rural,404379,203255,201124,85706,43700,42006,78198,39567,38631,13778,6784,6994,29,14,15,29,15,14,15,8,7,225102,112443,112659,1522,724,798,raw_nada/DDW20C-01 MDDS.XLS
20,JHARKHAND,356,Lohardaga,Urban,57411,29374,28037,26672,14051,12621,16814,8617,8197,2992,1329,1663,22,16,6,4,2,2,0,0,0,10885,5346,5539,22,13,9,raw_nada/DDW20C-01 MDDS.XLS
20,JHARKHAND,357,Purbi Singhbhum,Total,2293919,1176902,1117017,1550178,801515,748663,203999,105743,98256,30172,14734,15438,38544,20039,18505,892,438,454,1670,860,810,465367,232024,233343,3097,1549,1548,raw_nada/DDW20C-01 MDDS.XLS
20,JHARKHAND,357,Purbi Singhbhum,Rural,1019328,514498,504830,621001,315737,305264,14034,7309,6725,4772,2360,2412,1054,555,499,106,54,52,23,13,10,376513,187578,188935,1825,892,933,raw_nada/DDW20C-01 MDDS.XLS
20,JHARKHAND,357,Purbi Singhbhum,Urban,1274591,662404,612187,929177,485778,443399,189965,98434,91531,25400,12374,13026,37490,19484,18006,786,384,402,1647,847,800,88854,44446,44408,1272,657,615,raw_nada/DDW20C-01 MDDS.XLS
20,JHARKHAND,358,Palamu,Total,1939869,1006302,933567,1683169,874192,808977,238295,122763,115532,6164,3092,3072,734,384,350,188,111,77,284,144,140,5681,2881,2800,5354,2735,2619,raw_nada/DDW20C-01 MDDS.XLS
20,JHARKHAND,358,Palamu,Rural,1713866,887551,826315,1506153,780725,725428,192619,99152,93467,4376,2208,2168,100,56,44,162,96,66,39,24,15,5617,2848,2769,4800,2442,2358,raw_nada/DDW20C-01 MDDS.XLS
20,JHARKHAND,358,Palamu,Urban,226003,118751,107252,177016,93467,83549,45676,23611,22065,1788,884,904,634,328,306,26,15,11,245,120,125,64,33,31,554,293,261,raw_nada/DDW20C-01 MDDS.XLS
20,JHARKHAND,359,Latehar,Total,726978,369666,357312,473049,241562,231487,69808,35698,34110,47653,23799,23854,120,84,36,128,78,50,16,8,8,133525,67107,66418,2679,1330,1349,raw_nada/DDW20C-01 MDDS.XLS
20,JHARKHAND,359,Latehar,Rural,675120,342566,332554,434037,220971,213066,61511,31409,30102,45797,22864,22933,90,65,25,118,72,46,16,8,8,131221,66027,65194,2330,1150,1180,raw_nada/DDW20C-01 MDDS.XLS
20,JHARKHAND,359,Latehar,Urban,51858,27100,24758,39012,20591,18421,8297,4289,4008,1856,935,921,30,19,11,10,6,4,0,0,0,2304,1080,1224,349,180,169,raw_nada/DDW20C-01 MDDS.XLS
20,JHARKHAND,360,Hazaribagh,Total,1734495,890881,843614,1397227,718675,678552,281247,144310,136937,17137,8275,8862,1312,723,589,71,43,28,1676,881,795,34154,17124,17030,1671,850,821,raw_nada/DDW20C-01 MDDS.XLS
20,JHARKHAND,360,Hazaribagh,Rural,1459188,746934,712254,1202441,616140,586301,211943,108419,103524,11563,5709,5854,256,147,109,33,22,11,102,58,44,31418,15710,15708,1432,729,703,raw_nada/DDW20C-01 MDDS.XLS
20,JHARKHAND,360,Hazaribagh,Urban,275307,143947,131360,194786,102535,92251,69304,35891,33413,5574,2566,3008,1056,576,480,38,21,17,1574,823,751,2736,1414,1322,239,121,118,raw_nada/DDW20C-01 MDDS.XLS
20,JHARKHAND,361,Ramgarh,Total,949443,494230,455213,774251,402871,371380,129037,67224,61813,7260,3551,3709,5093,3515,1578,69,33,36,537,287,250,32378,16323,16055,818,426,392,raw_nada/DDW20C-01 MDDS.XLS
20,JHARKHAND,361,Ramgarh,Rural,530488,272167,258321,434320,222883,211437,68737,35477,33260,1309,625,684,130,79,51,15,8,7,9,2,7,25374,12787,12587,594,306,288,raw_nada/DDW20C-01 MDDS.XLS
20,JHARKHAND,361,Ramgarh,Urban,418955,222063,196892,339931,179988,159943,60300,31747,28553,5951,2926,3025,4963,3436,1527,54,25,29,528,285,243,7004,3536,3468,224,120,104,raw_nada/DDW20C-01 MDDS.XLS
20,JHARKHAND,362,Dumka,Total,1321442,668514,652928,1044726,530439,514287,106865,54868,51997,86404,41883,44521,234,115,119,267,133,134,162,72,90,78622,38955,39667,4162,2049,2113,raw_nada/DDW20C-01 MDDS.XLS
20,JHARKHAND,362,Dumka,Rural,1231264,620928,610336,967266,489349,477917,96370,49447,46923,84623,41030,43593,176,80,96,222,108,114,140,60,80,78505,38897,39608,3962,1957,2005,raw_nada/DDW20C-01 MDDS.XLS
20,JHARKHAND,362,Dumka,Urban,90178,47586,42592,77460,41090,36370,10495,5421,5074,1781,853,928,58,35,23,45,25,20,22,12,10,117,58,59,200,92,108,raw_nada/DDW20C-01 MDDS.XLS
20,JHARKHAND,363,Jamtara,Total,791042,404830,386212,550560,282331,268229,164406,84571,79835,4419,2160,2259,520,264,256,118,57,61,783,419,364,68564,34170,34394,1672,858,814,raw_nada/DDW20C-01 MDDS.XLS
20,JHARKHAND,363,Jamtara,Rural,715296,365043,350253,486987,248875,238112,155013,79653,75360,3549,1744,1805,260,137,123,85,41,44,522,271,251,67299,33513,33786,1581,809,772,raw_nada/DDW20C-01 MDDS.XLS
20,JHARKHAND,363,Jamtara,Urban,75746,39787,35959,63573,33456,30117,9393,4918,4475,870,416,454,260,127,133,33,16,17,261,148,113,1265,657,608,91,49,42,raw_nada/DDW20C-01 MDDS.XLS
20,JHARKHAND,364,Ranchi,Total,2914253,1494937,1419316,1612239,838680,773559,410759,212194,198565,193974,94681,99293,4826,2565,2261,932,479,453,2733,1403,1330,677445,339508,337937,11345,5427,5918,raw_nada/DDW20C-01 MDDS.XLS
20,JHARKHAND,364,Ranchi,Rural,1656918,840528,816390,795438,407206,388232,205070,105339,99731,92942,45916,47026,302,182,120,249,135,114,268,138,130,555627,278326,277301,7022,3286,3736,raw_nada/DDW20C-01 MDDS.XLS
20,JHARKHAND,364,Ranchi,Urban,1257335,654409,602926,816801,431474,385327,205689,106855,98834,101032,48765,52267,4524,2383,2141,683,344,339,2465,1265,1200,121818,61182,60636,4323,2141,2182,raw_nada/DDW20C-01 MDDS.XLS
20,JHARKHAND,365,Khunti,Total,531885,266335,265550,138863,70568,68295,13122,6841,6281,136438,67099,69339,69,45,24,245,127,118,148,81,67,241292,120783,120509,1708,791,917,raw_nada/DDW20C-01 MDDS.XLS
20,JHARKHAND,365,Khunti,Rural,486903,243494,243409,116272,58821,57451,8635,4454,4181,125533,61997,63536,48,32,16,232,119,113,17,10,7,234480,117280,117200,1686,781,905,raw_nada/DDW20C-01 MDDS.XLS
20,JHARKHAND,365,Khunti,Urban,44982,22841,22141,22591,11747,10844,4487,2387,2100,10905,5102,5803,21,13,8,13,8,5,131,71,60,6812,3503,3309,22,10,12,raw_nada/DDW20C-01 MDDS.XLS
20,JHARKHAND,366,Gumla,Total,1025213,514390,510823,309563,156866,152697,51429,26418,25011,202449,100395,102054,221,113,108,531,266,265,23,11,12,457468,228620,228848,3529,1701,1828,raw_nada/DDW20C-01 MDDS.XLS
20,JHARKHAND,366,Gumla,Rural,960132,481135,478997,280308,141484,138824,38721,19758,18963,192625,95852,96773,60,31,29,491,246,245,19,9,10,444441,222087,222354,3467,1668,1799,raw_nada/DDW20C-01 MDDS.XLS
20,JHARKHAND,366,Gumla,Urban,65081,33255,31826,29255,15382,13873,12708,6660,6048,9824,4543,5281,161,82,79,40,20,20,4,2,2,13027,6533,6494,62,33,29,raw_nada/DDW20C-01 MDDS.XLS
20,JHARKHAND,367,Simdega,Total,599578,300309,299269,201524,101542,99982,15103,7813,7290,306601,152593,154008,51,26,25,753,397,356,114,59,55,73930,37087,36843,1502,792,710,raw_nada/DDW20C-01 MDDS.XLS
20,JHARKHAND,367,Simdega,Rural,556634,278425,278209,183887,92136,91751,8328,4229,4099,290364,144860,145504,48,25,23,729,386,343,42,23,19,71782,36001,35781,1454,765,689,raw_nada/DDW20C-01 MDDS.XLS
20,JHARKHAND,367,Simdega,Urban,42944,21884,21060,17637,9406,8231,6775,3584,3191,16237,7733,8504,3,1,2,24,11,13,72,36,36,2148,1086,1062,48,27,21,raw_nada/DDW20C-01 MDDS.XLS
20,JHARKHAND,368,Pashchimi Singhbhum,Total,1502338,749385,752953,423937,213984,209953,38103,19860,18243,87587,43449,44138,946,500,446,389,191,198,52,25,27,945864,468794,477070,5460,2582,2878,raw_nada/DDW20C-01 MDDS.XLS
20,JHARKHAND,368,Pashchimi Singhbhum,Rural,1284304,637657,646647,292544,146035,146509,10150,5220,4930,76839,38248,38591,114,61,53,337,161,176,4,3,1,899812,445788,454024,4504,2141,2363,raw_nada/DDW20C-01 MDDS.XLS
20,JHARKHAND,368,Pashchimi Singhbhum,Urban,218034,111728,106306,131393,67949,63444,27953,14640,13313,10748,5201,5547,832,439,393,52,30,22,48,22,26,46052,23006,23046,956,441,515,raw_nada/DDW20C-01 MDDS.XLS
20,JHARKHAND,369,Saraikela-Kharsawan,Total,1065056,544411,520645,709016,365955,343061,63588,32758,30830,8113,4071,4042,1114,588,526,187,110,77,72,33,39,280469,139590,140879,2497,1306,1191,raw_nada/DDW20C-01 MDDS.XLS
20,JHARKHAND,369,Saraikela-Kharsawan,Rural,806310,408848,397462,510812,261525,249287,20719,10573,10146,6189,3111,3078,301,155,146,80,48,32,26,12,14,266250,132406,133844,1933,1018,915,raw_nada/DDW20C-01 MDDS.XLS
20,JHARKHAND,369,Saraikela-Kharsawan,Urban,258746,135563,123183,198204,104430,93774,42869,22185,20684,1924,960,964,813,433,380,107,62,45,46,21,25,14219,7184,7035,564,288,276,raw_nada/DDW20C-01 MDDS.XLS
21,ODISHA,370,Bargarh,Total,1481255,749161,732094,1459065,737917,721148,7527,3943,3584,11744,5824,5920,652,346,306,161,78,83,125,65,60,44,24,20,1937,964,973,raw_nada/DDW21C-01 MDDS.XLS
21,ODISHA,370,Bargarh,Rural,1331145,672603,658542,1316493,665239,651254,3394,1763,1631,9155,4537,4618,188,103,85,116,57,59,83,44,39,27,14,13,1689,846,843,raw_nada/DDW21C-01 MDDS.XLS
21,ODISHA,370,Bargarh,Urban,150110,76558,73552,142572,72678,69894,4133,2180,1953,2589,1287,1302,464,243,221,45,21,24,42,21,21,17,10,7,248,118,130,raw_nada/DDW21C-01 MDDS.XLS
21,ODISHA,371,Jharsuguda,Total,579505,296690,282815,553587,283460,270127,12783,6959,5824,10462,4874,5588,1441,763,678,80,41,39,70,39,31,67,33,34,1015,521,494,raw_nada/DDW21C-01 MDDS.XLS
21,ODISHA,371,Jharsuguda,Rural,348340,176162,172178,342886,173322,169564,1506,880,626,3204,1588,1616,102,58,44,23,13,10,17,12,5,39,15,24,563,274,289,raw_nada/DDW21C-01 MDDS.XLS
21,ODISHA,371,Jharsuguda,Urban,231165,120528,110637,210701,110138,100563,11277,6079,5198,7258,3286,3972,1339,705,634,57,28,29,53,27,26,28,18,10,452,247,205,raw_nada/DDW21C-01 MDDS.XLS
21,ODISHA,372,Sambalpur,Total,1041099,526877,514222,964188,487843,476345,20120,10573,9547,50637,25362,25275,2506,1284,1222,310,145,165,86,45,41,1117,536,581,2135,1089,1046,raw_nada/DDW21C-01 MDDS.XLS
21,ODISHA,372,Sambalpur,Rural,733006,368692,364314,683935,343988,339947,2402,1294,1108,43874,22010,21864,296,170,126,184,83,101,56,30,26,864,412,452,1395,705,690,raw_nada/DDW21C-01 MDDS.XLS
21,ODISHA,372,Sambalpur,Urban,308093,158185,149908,280253,143855,136398,17718,9279,8439,6763,3352,3411,2210,1114,1096,126,62,64,30,15,15,253,124,129,740,384,356,raw_nada/DDW21C-01 MDDS.XLS
21,ODISHA,373,Debagarh,Total,312520,158230,154290,296001,149871,146130,704,383,321,14518,7303,7215,53,32,21,102,47,55,7,3,4,409,208,201,726,383,343,raw_nada/DDW21C-01 MDDS.XLS
21,ODISHA,373,Debagarh,Rural,290130,146666,143464,275185,139158,136027,381,212,169,13317,6648,6669,48,28,20,98,45,53,7,3,4,409,208,201,685,364,321,raw_nada/DDW21C-01 MDDS.XLS
21,ODISHA,373,Debagarh,Urban,22390,11564,10826,20816,10713,10103,323,171,152,1201,655,546,5,4,1,4,2,2,0,0,0,0,0,0,41,19,22,raw_nada/DDW21C-01 MDDS.XLS
21,ODISHA,374,Sundargarh,Total,2093437,1061147,1032290,1532352,781053,751299,71391,37810,33581,385011,190065,194946,5713,2995,2718,710,374,336,721,388,333,89986,44783,45203,7553,3679,3874,raw_nada/DDW21C-01 MDDS.XLS
21,ODISHA,374,Sundargarh,Rural,1355340,676068,679272,937149,468396,468753,19679,10222,9457,311532,154251,157281,469,246,223,443,235,208,79,43,36,80963,40296,40667,5026,2379,2647,raw_nada/DDW21C-01 MDDS.XLS
21,ODISHA,374,Sundargarh,Urban,738097,385079,353018,595203,312657,282546,51712,27588,24124,73479,35814,37665,5244,2749,2495,267,139,128,642,345,297,9023,4487,4536,2527,1300,1227,raw_nada/DDW21C-01 MDDS.XLS
21,ODISHA,375,Kendujhar,Total,1801733,906487,895246,1752694,880878,871816,27752,15013,12739,9141,4512,4629,2177,1137,1040,209,114,95,131,64,67,7372,3655,3717,2257,1114,1143,raw_nada/DDW21C-01 MDDS.XLS
21,ODISHA,375,Kendujhar,Rural,1548674,774667,774007,1526876,763537,763339,7414,4004,3410,5214,2541,2673,228,129,99,102,68,34,88,41,47,6847,3396,3451,1905,951,954,raw_nada/DDW21C-01 MDDS.XLS
21,ODISHA,375,Kendujhar,Urban,253059,131820,121239,225818,117341,108477,20338,11009,9329,3927,1971,1956,1949,1008,941,107,46,61,43,23,20,525,259,266,352,163,189,raw_nada/DDW21C-01 MDDS.XLS
21,ODISHA,376,Mayurbhanj,Total,2519738,1256213,1263525,2113079,1056153,1056926,33706,17323,16383,15008,7281,7727,661,346,315,162,76,86,109,57,52,351714,172421,179293,5299,2556,2743,raw_nada/DDW21C-01 MDDS.XLS
21,ODISHA,376,Mayurbhanj,Rural,2326842,1157576,1169266,1935041,964967,970074,24668,12538,12130,14108,6840,7268,405,204,201,137,62,75,85,43,42,347432,170516,176916,4966,2406,2560,raw_nada/DDW21C-01 MDDS.XLS
21,ODISHA,376,Mayurbhanj,Urban,192896,98637,94259,178038,91186,86852,9038,4785,4253,900,441,459,256,142,114,25,14,11,24,14,10,4282,1905,2377,333,150,183,raw_nada/DDW21C-01 MDDS.XLS
21,ODISHA,377,Baleshwar,Total,2320529,1185787,1134742,2197709,1123600,1074109,94254,47859,46395,6434,3132,3302,237,124,113,111,54,57,201,102,99,18345,9310,9035,3238,1606,1632,raw_nada/DDW21C-01 MDDS.XLS
21,ODISHA,377,Baleshwar,Rural,2067236,1056466,1010770,1984900,1014735,970165,57547,29236,28311,3972,1956,2016,181,92,89,61,29,32,65,35,30,17745,9018,8727,2765,1365,1400,raw_nada/DDW21C-01 MDDS.XLS
21,ODISHA,377,Baleshwar,Urban,253293,129321,123972,212809,108865,103944,36707,18623,18084,2462,1176,1286,56,32,24,50,25,25,136,67,69,600,292,308,473,241,232,raw_nada/DDW21C-01 MDDS.XLS
21,ODISHA,378,Bhadrak,Total,1506337,760260,746077,1398543,705199,693344,104202,53322,50880,745,371,374,169,81,88,81,42,39,111,51,60,61,29,32,2425,1165,1260,raw_nada/DDW21C-01 MDDS.XLS
21,ODISHA,378,Bhadrak,Rural,1320499,665255,655244,1276635,642957,633678,41498,21135,20363,576,290,286,130,63,67,47,24,23,88,39,49,27,15,12,1498,732,766,raw_nada/DDW21C-01 MDDS.XLS
21,ODISHA,378,Bhadrak,Urban,185838,95005,90833,121908,62242,59666,62704,32187,30517,169,81,88,39,18,21,34,18,16,23,12,11,34,14,20,927,433,494,raw_nada/DDW21C-01 MDDS.XLS
21,ODISHA,379,Kendrapara,Total,1440361,717814,722547,1386792,691200,695592,50247,24932,25315,1423,730,693,169,71,98,62,24,38,52,29,23,24,15,9,1592,813,779,raw_nada/DDW21C-01 MDDS.XLS
21,ODISHA,379,Kendrapara,Rural,1356827,675053,681774,1320356,657345,663011,33400,16166,17234,1321,677,644,162,68,94,54,19,35,44,23,21,21,13,8,1469,742,727,raw_nada/DDW21C-01 MDDS.XLS
21,ODISHA,379,Kendrapara,Urban,83534,42761,40773,66436,33855,32581,16847,8766,8081,102,53,49,7,3,4,8,5,3,8,6,2,3,2,1,123,71,52,raw_nada/DDW21C-01 MDDS.XLS
21,ODISHA,380,Jagatsinghapur,Total,1136971,577865,559106,1086140,552885,533255,46929,22791,24138,1604,802,802,206,117,89,74,41,33,58,32,26,63,30,33,1897,1167,730,raw_nada/DDW21C-01 MDDS.XLS
21,ODISHA,380,Jagatsinghapur,Rural,1020991,516813,504178,985247,499397,485850,33762,16398,17364,409,216,193,164,90,74,62,36,26,49,27,22,10,4,6,1288,645,643,raw_nada/DDW21C-01 MDDS.XLS
21,ODISHA,380,Jagatsinghapur,Urban,115980,61052,54928,100893,53488,47405,13167,6393,6774,1195,586,609,42,27,15,12,5,7,9,5,4,53,26,27,609,522,87,raw_nada/DDW21C-01 MDDS.XLS
21,ODISHA,381,Cuttack,Total,2624470,1352760,1271710,2457729,1268032,1189697,141263,71532,69731,11985,6081,5904,1026,550,476,6276,3323,2953,1180,606,574,168,77,91,4843,2559,2284,raw_nada/DDW21C-01 MDDS.XLS
21,ODISHA,381,Cuttack,Rural,1888423,970885,917538,1790791,921631,869160,86632,43432,43200,2596,1407,1189,220,108,112,5907,3122,2785,88,47,41,69,30,39,2120,1108,1012,raw_nada/DDW21C-01 MDDS.XLS
21,ODISHA,381,Cuttack,Urban,736047,381875,354172,666938,346401,320537,54631,28100,26531,9389,4674,4715,806,442,364,369,201,168,1092,559,533,99,47,52,2723,1451,1272,raw_nada/DDW21C-01 MDDS.XLS
21,ODISHA,382,Jajapur,Total,1827192,926034,901158,1725595,875270,850325,93642,46724,46918,1623,783,840,470,250,220,58,34,24,100,50,50,3073,1575,1498,2631,1348,1283,raw_nada/DDW21C-01 MDDS.XLS
21,ODISHA,382,Jajapur,Rural,1692095,856539,835556,1612004,816717,795287,72965,36225,36740,1377,661,716,251,124,127,56,33,23,70,35,35,3068,1572,1496,2304,1172,1132,raw_nada/DDW21C-01 MDDS.XLS
21,ODISHA,382,Jajapur,Urban,135097,69495,65602,113591,58553,55038,20677,10499,10178,246,122,124,219,126,93,2,1,1,30,15,15,5,3,2,327,176,151,raw_nada/DDW21C-01 MDDS.XLS
21,ODISHA,383,Dhenkanal,Total,1192811,612593,580218,1185542,608676,576866,4805,2586,2219,727,379,348,124,68,56,366,189,177,39,19,20,139,109,30,1069,567,502,raw_nada/DDW21C-01 MDDS.XLS
21,ODISHA,383,Dhenkanal,Rural,1075305,551326,523979,1070995,548974,522021,2307,1275,1032,469,244,225,113,59,54,350,180,170,37,17,20,133,105,28,901,472,429,raw_nada/DDW21C-01 MDDS.XLS
21,ODISHA,383,Dhenkanal,Urban,117506,61267,56239,114547,59702,54845,2498,1311,1187,258,135,123,11,9,2,16,9,7,2,2,0,6,4,2,168,95,73,raw_nada/DDW21C-01 MDDS.XLS
21,ODISHA,384,Anugul,Total,1273821,655718,618103,1258684,647723,610961,7512,4086,3426,3383,1705,1678,812,441,371,226,114,112,36,21,15,971,473,498,2197,1155,1042,raw_nada/DDW21C-01 MDDS.XLS
21,ODISHA,384,Anugul,Rural,1067275,546385,520890,1060483,542919,517564,2415,1229,1186,2188,1101,1087,175,90,85,150,74,76,24,11,13,9,5,4,1831,956,875,raw_nada/DDW21C-01 MDDS.XLS
21,ODISHA,384,Anugul,Urban,206546,109333,97213,198201,104804,93397,5097,2857,2240,1195,604,591,637,351,286,76,40,36,12,10,2,962,468,494,366,199,167,raw_nada/DDW21C-01 MDDS.XLS
21,ODISHA,385,Nayagarh,Total,962789,502636,460153,955754,498962,456792,5278,2732,2546,383,214,169,107,51,56,33,18,15,24,17,7,12,6,6,1198,636,562,raw_nada/DDW21C-01 MDDS.XLS
21,ODISHA,385,Nayagarh,Rural,883051,461019,422032,877257,458031,419226,4257,2168,2089,297,166,131,98,48,50,28,15,13,21,16,5,10,5,5,1083,570,513,raw_nada/DDW21C-01 MDDS.XLS
21,ODISHA,385,Nayagarh,Urban,79738,41617,38121,78497,40931,37566,1021,564,457,86,48,38,9,3,6,5,3,2,3,1,2,2,1,1,115,66,49,raw_nada/DDW21C-01 MDDS.XLS
21,ODISHA,386,Khordha,Total,2251673,1167137,1084536,2147632,1113361,1034271,84060,43648,40412,12527,6246,6281,1264,655,609,475,265,210,476,235,241,434,224,210,4805,2503,2302,raw_nada/DDW21C-01 MDDS.XLS
21,ODISHA,386,Khordha,Rural,1167357,595809,571548,1121700,572377,549323,42084,21557,20527,1892,998,894,118,60,58,75,41,34,45,21,24,78,43,35,1365,712,653,raw_nada/DDW21C-01 MDDS.XLS
21,ODISHA,386,Khordha,Urban,1084316,571328,512988,1025932,540984,484948,41976,22091,19885,10635,5248,5387,1146,595,551,400,224,176,431,214,217,356,181,175,3440,1791,1649,raw_nada/DDW21C-01 MDDS.XLS
21,ODISHA,387,Puri,Total,1698730,865380,833350,1644905,838038,806867,46094,23434,22660,4239,2120,2119,193,104,89,243,127,116,94,50,44,302,148,154,2660,1359,1301,raw_nada/DDW21C-01 MDDS.XLS
21,ODISHA,387,Puri,Rural,1433800,728213,705587,1391385,706764,684621,38780,19651,19129,939,484,455,133,73,60,194,107,87,73,32,41,296,144,152,2000,958,1042,raw_nada/DDW21C-01 MDDS.XLS
21,ODISHA,387,Puri,Urban,264930,137167,127763,253520,131274,122246,7314,3783,3531,3300,1636,1664,60,31,29,49,20,29,21,18,3,6,4,2,660,401,259,raw_nada/DDW21C-01 MDDS.XLS
21,ODISHA,388,Ganjam,Total,3529031,1779218,1749813,3486059,1757552,1728507,13315,6890,6425,23975,11845,12130,590,299,291,174,90,84,170,72,98,76,49,27,4672,2421,2251,raw_nada/DDW21C-01 MDDS.XLS
21,ODISHA,388,Ganjam,Rural,2761030,1383636,1377394,2736582,1371427,1365155,3512,1747,1765,16935,8399,8536,340,173,167,111,64,47,107,45,62,32,12,20,3411,1769,1642,raw_nada/DDW21C-01 MDDS.XLS
21,ODISHA,388,Ganjam,Urban,768001,395582,372419,749477,386125,363352,9803,5143,4660,7040,3446,3594,250,126,124,63,26,37,63,27,36,44,37,7,1261,652,609,raw_nada/DDW21C-01 MDDS.XLS
21,ODISHA,389,Gajapati,Total,577817,282882,294935,353160,173383,179777,1556,770,786,219482,106952,112530,53,20,33,2180,1107,1073,66,41,25,4,2,2,1316,607,709,raw_nada/DDW21C-01 MDDS.XLS
21,ODISHA,389,Gajapati,Rural,507151,247655,259496,289535,141704,147831,1050,523,527,213176,103754,109422,41,13,28,2162,1097,1065,60,35,25,4,2,2,1123,527,596,raw_nada/DDW21C-01 MDDS.XLS
21,ODISHA,389,Gajapati,Urban,70666,35227,35439,63625,31679,31946,506,247,259,6306,3198,3108,12,7,5,18,10,8,6,6,0,0,0,0,193,80,113,raw_nada/DDW21C-01 MDDS.XLS
21,ODISHA,390,Kandhamal,Total,733110,359945,373165,580300,285574,294726,2138,1069,1069,148895,72452,76443,82,34,48,290,134,156,47,21,26,23,11,12,1335,650,685,raw_nada/DDW21C-01 MDDS.XLS
21,ODISHA,390,Kandhamal,Rural,660831,323523,337308,516406,253032,263374,941,447,494,141956,69314,72642,63,25,38,283,131,152,46,21,25,12,3,9,1124,550,574,raw_nada/DDW21C-01 MDDS.XLS
21,ODISHA,390,Kandhamal,Urban,72279,36422,35857,63894,32542,31352,1197,622,575,6939,3138,3801,19,9,10,7,3,4,1,0,1,11,8,3,211,100,111,raw_nada/DDW21C-01 MDDS.XLS
21,ODISHA,391,Baudh,Total,441162,221625,219537,438152,220199,217953,1007,500,507,522,247,275,24,13,11,5,3,2,11,7,4,7,4,3,1434,652,782,raw_nada/DDW21C-01 MDDS.XLS
21,ODISHA,391,Baudh,Rural,420738,211133,209605,418237,209962,208275,571,286,285,467,215,252,23,13,10,5,3,2,11,7,4,6,3,3,1418,644,774,raw_nada/DDW21C-01 MDDS.XLS
21,ODISHA,391,Baudh,Urban,20424,10492,9932,19915,10237,9678,436,214,222,55,32,23,1,0,1,0,0,0,0,0,0,1,1,0,16,8,8,raw_nada/DDW21C-01 MDDS.XLS
21,ODISHA,392,Subarnapur,Total,610183,311312,298871,605225,308789,296436,1566,781,785,2374,1221,1153,58,33,25,46,26,20,17,8,9,6,3,3,891,451,440,raw_nada/DDW21C-01 MDDS.XLS
21,ODISHA,392,Subarnapur,Rural,560242,285634,274608,556237,283596,272641,882,434,448,2188,1131,1057,52,29,23,33,21,12,9,4,5,4,2,2,837,417,420,raw_nada/DDW21C-01 MDDS.XLS
21,ODISHA,392,Subarnapur,Urban,49941,25678,24263,48988,25193,23795,684,347,337,186,90,96,6,4,2,13,5,8,8,4,4,2,1,1,54,34,20,raw_nada/DDW21C-01 MDDS.XLS
21,ODISHA,393,Balangir,Total,1648997,830097,818900,1618175,814437,803738,7811,3981,3830,16271,8131,8140,565,314,251,467,257,210,2225,1171,1054,141,78,63,3342,1728,1614,raw_nada/DDW21C-01 MDDS.XLS
21,ODISHA,393,Balangir,Rural,1451616,728770,722846,1434291,720058,714233,3082,1514,1568,10116,5059,5057,196,100,96,298,166,132,880,461,419,120,67,53,2633,1345,1288,raw_nada/DDW21C-01 MDDS.XLS
21,ODISHA,393,Balangir,Urban,197381,101327,96054,183884,94379,89505,4729,2467,2262,6155,3072,3083,369,214,155,169,91,78,1345,710,635,21,11,10,709,383,326,raw_nada/DDW21C-01 MDDS.XLS
21,ODISHA,394,Nuapada,Total,610382,301962,308420,601092,297284,303808,4952,2509,2443,1778,856,922,724,363,361,76,45,31,905,463,442,22,11,11,833,431,402,raw_nada/DDW21C-01 MDDS.XLS
21,ODISHA,394,Nuapada,Rural,576328,284792,291536,571073,282134,288939,2822,1440,1382,1151,551,600,80,37,43,75,45,30,294,153,141,22,11,11,811,421,390,raw_nada/DDW21C-01 MDDS.XLS
21,ODISHA,394,Nuapada,Urban,34054,17170,16884,30019,15150,14869,2130,1069,1061,627,305,322,644,326,318,1,0,1,611,310,301,0,0,0,22,10,12,raw_nada/DDW21C-01 MDDS.XLS
21,ODISHA,395,Kalahandi,Total,1576869,787101,789768,1555367,776421,778946,4975,2452,2523,11160,5494,5666,796,408,388,175,93,82,1225,639,586,220,95,125,2951,1499,1452,raw_nada/DDW21C-01 MDDS.XLS
21,ODISHA,395,Kalahandi,Rural,1454882,724646,730236,1439298,717012,722286,2171,1009,1162,9773,4790,4983,250,125,125,151,83,68,442,226,216,205,91,114,2592,1310,1282,raw_nada/DDW21C-01 MDDS.XLS
21,ODISHA,395,Kalahandi,Urban,121987,62455,59532,116069,59409,56660,2804,1443,1361,1387,704,683,546,283,263,24,10,14,783,413,370,15,4,11,359,189,170,raw_nada/DDW21C-01 MDDS.XLS
21,ODISHA,396,Rayagada,Total,967911,471960,495951,874445,426068,448377,4607,2316,2291,84916,41597,43319,219,130,89,249,124,125,123,64,59,44,24,20,3308,1637,1671,raw_nada/DDW21C-01 MDDS.XLS
21,ODISHA,396,Rayagada,Rural,820945,397774,423171,735660,355910,379750,1913,898,1015,80293,39413,40880,113,71,42,204,100,104,41,21,20,24,13,11,2697,1348,1349,raw_nada/DDW21C-01 MDDS.XLS
21,ODISHA,396,Rayagada,Urban,146966,74186,72780,138785,70158,68627,2694,1418,1276,4623,2184,2439,106,59,47,45,24,21,82,43,39,20,11,9,611,289,322,raw_nada/DDW21C-01 MDDS.XLS
21,ODISHA,397,Nabarangapur,Total,1220946,604812,616134,1178005,583658,594347,6753,3450,3303,32152,15750,16402,169,85,84,189,101,88,325,171,154,54,23,31,3299,1574,1725,raw_nada/DDW21C-01 MDDS.XLS
21,ODISHA,397,Nabarangapur,Rural,1133321,560771,572550,1101283,545068,556215,3738,1886,1852,25212,12308,12904,118,55,63,150,79,71,129,71,58,33,15,18,2658,1289,1369,raw_nada/DDW21C-01 MDDS.XLS
21,ODISHA,397,Nabarangapur,Urban,87625,44041,43584,76722,38590,38132,3015,1564,1451,6940,3442,3498,51,30,21,39,22,17,196,100,96,21,8,13,641,285,356,raw_nada/DDW21C-01 MDDS.XLS
21,ODISHA,398,Koraput,Total,1379647,678809,700838,1294151,636421,657730,8850,4630,4220,68550,33719,34831,518,290,228,219,111,108,491,252,239,3384,1630,1754,3484,1756,1728,raw_nada/DDW21C-01 MDDS.XLS
21,ODISHA,398,Koraput,Rural,1153478,563771,589707,1092381,533631,558750,4050,2087,1963,50218,24686,25532,195,107,88,145,75,70,82,38,44,3311,1591,1720,3096,1556,1540,raw_nada/DDW21C-01 MDDS.XLS
21,ODISHA,398,Koraput,Urban,226169,115038,111131,201770,102790,98980,4800,2543,2257,18332,9033,9299,323,183,140,74,36,38,409,214,195,73,39,34,388,200,188,raw_nada/DDW21C-01 MDDS.XLS
21,ODISHA,399,Malkangiri,Total,613192,303624,309568,600219,297107,303112,1871,994,877,10039,4931,5108,213,157,56,43,19,24,195,103,92,35,21,14,577,292,285,raw_nada/DDW21C-01 MDDS.XLS
21,ODISHA,399,Malkangiri,Rural,563664,277901,285763,554495,273352,281143,1233,638,595,7176,3490,3686,150,110,40,22,12,10,34,19,15,34,20,14,520,260,260,raw_nada/DDW21C-01 MDDS.XLS
21,ODISHA,399,Malkangiri,Urban,49528,25723,23805,45724,23755,21969,638,356,282,2863,1441,1422,63,47,16,21,7,14,161,84,77,1,1,0,57,32,25,raw_nada/DDW21C-01 MDDS.XLS
22,CHHATTISGARH,400,Koriya,Total,658917,334737,324180,604259,306769,297490,25878,13422,12456,9398,4735,4663,1391,752,639,84,41,43,1155,600,555,15474,7841,7633,1278,577,701,raw_nada/DDW22C-01 MDDS.XLS
22,CHHATTISGARH,400,Koriya,Rural,453618,228338,225280,426304,214514,211790,5775,3005,2770,4739,2380,2359,79,44,35,23,12,11,85,48,37,15438,7820,7618,1175,515,660,raw_nada/DDW22C-01 MDDS.XLS
22,CHHATTISGARH,400,Koriya,Urban,205299,106399,98900,177955,92255,85700,20103,10417,9686,4659,2355,2304,1312,708,604,61,29,32,1070,552,518,36,21,15,103,62,41,raw_nada/DDW22C-01 MDDS.XLS
22,CHHATTISGARH,401,Surguja,Total,2359886,1193129,1166757,2126195,1075966,1050229,81442,41534,39908,97432,47920,49512,2303,1196,1107,1287,666,621,623,335,288,48295,24324,23971,2309,1188,1121,raw_nada/DDW22C-01 MDDS.XLS
22,CHHATTISGARH,401,Surguja,Rural,2116965,1067908,1049057,1928044,973126,954918,55085,27792,27293,83243,41381,41862,341,184,157,1184,618,566,177,96,81,46818,23626,23192,2073,1085,988,raw_nada/DDW22C-01 MDDS.XLS
22,CHHATTISGARH,401,Surguja,Urban,242921,125221,117700,198151,102840,95311,26357,13742,12615,14189,6539,7650,1962,1012,950,103,48,55,446,239,207,1477,698,779,236,103,133,raw_nada/DDW22C-01 MDDS.XLS
22,CHHATTISGARH,402,Jashpur,Total,851669,424747,426922,629509,315028,314481,15336,7861,7475,189588,93340,96248,474,255,219,467,212,255,694,364,330,14835,7331,7504,766,356,410,raw_nada/DDW22C-01 MDDS.XLS
22,CHHATTISGARH,402,Jashpur,Rural,775677,386307,389370,572911,286071,286840,9757,4897,4860,177164,87535,89629,116,64,52,422,190,232,87,47,40,14486,7161,7325,734,342,392,raw_nada/DDW22C-01 MDDS.XLS
22,CHHATTISGARH,402,Jashpur,Urban,75992,38440,37552,56598,28957,27641,5579,2964,2615,12424,5805,6619,358,191,167,45,22,23,607,317,290,349,170,179,32,14,18,raw_nada/DDW22C-01 MDDS.XLS
22,CHHATTISGARH,403,Raigarh,Total,1493984,750278,743706,1422986,714205,708781,17332,9258,8074,47653,23682,23971,2117,1117,1000,781,407,374,409,214,195,1782,894,888,924,501,423,raw_nada/DDW22C-01 MDDS.XLS
22,CHHATTISGARH,403,Raigarh,Rural,1247682,623817,623865,1198629,599069,599560,5119,2792,2327,40311,20081,20230,560,311,249,464,252,212,93,42,51,1745,874,871,761,396,365,raw_nada/DDW22C-01 MDDS.XLS
22,CHHATTISGARH,403,Raigarh,Urban,246302,126461,119841,224357,115136,109221,12213,6466,5747,7342,3601,3741,1557,806,751,317,155,162,316,172,144,37,20,17,163,105,58,raw_nada/DDW22C-01 MDDS.XLS
22,CHHATTISGARH,404,Korba,Total,1206640,612915,593725,1133176,575717,557459,30195,15378,14817,21059,10621,10438,3666,1953,1713,897,479,418,753,382,371,15649,7846,7803,1245,539,706,raw_nada/DDW22C-01 MDDS.XLS
22,CHHATTISGARH,404,Korba,Rural,760350,381424,378926,727382,365124,362258,7517,3640,3877,8740,4357,4383,205,108,97,192,68,124,59,28,31,15432,7737,7695,823,362,461,raw_nada/DDW22C-01 MDDS.XLS
22,CHHATTISGARH,404,Korba,Urban,446290,231491,214799,405794,210593,195201,22678,11738,10940,12319,6264,6055,3461,1845,1616,705,411,294,694,354,340,217,109,108,422,177,245,raw_nada/DDW22C-01 MDDS.XLS
22,CHHATTISGARH,405,Janjgir - Champa,Total,1619707,815717,803990,1597089,804078,793011,14173,7349,6824,2926,1411,1515,635,378,257,556,293,263,707,373,334,2220,1064,1156,1401,771,630,raw_nada/DDW22C-01 MDDS.XLS
22,CHHATTISGARH,405,Janjgir - Champa,Rural,1394646,701401,693245,1382863,695265,687598,6597,3463,3134,1012,506,506,228,141,87,512,269,243,75,39,36,2126,1022,1104,1233,696,537,raw_nada/DDW22C-01 MDDS.XLS
22,CHHATTISGARH,405,Janjgir - Champa,Urban,225061,114316,110745,214226,108813,105413,7576,3886,3690,1914,905,1009,407,237,170,44,24,20,632,334,298,94,42,52,168,75,93,raw_nada/DDW22C-01 MDDS.XLS
22,CHHATTISGARH,406,Bilaspur,Total,2663629,1351574,1312055,2540763,1289900,1250863,57973,29589,28384,20745,10044,10701,6373,3337,3036,2979,1525,1454,2357,1203,1154,29122,14411,14711,3317,1565,1752,raw_nada/DDW22C-01 MDDS.XLS
22,CHHATTISGARH,406,Bilaspur,Rural,1983759,1002520,981239,1929945,975657,954288,15538,7944,7594,5555,2767,2788,619,344,275,231,120,111,257,136,121,28735,14217,14518,2879,1335,1544,raw_nada/DDW22C-01 MDDS.XLS
22,CHHATTISGARH,406,Bilaspur,Urban,679870,349054,330816,610818,314243,296575,42435,21645,20790,15190,7277,7913,5754,2993,2761,2748,1405,1343,2100,1067,1033,387,194,193,438,230,208,raw_nada/DDW22C-01 MDDS.XLS
22,CHHATTISGARH,407,Kabeerdham,Total,822526,412058,410468,776013,388766,387247,12206,6133,6073,980,461,519,924,488,436,433,223,210,1167,611,556,30222,15025,15197,581,351,230,raw_nada/DDW22C-01 MDDS.XLS
22,CHHATTISGARH,407,Kabeerdham,Rural,735131,367941,367190,696432,348679,347753,7207,3595,3612,539,261,278,128,70,58,124,68,56,144,67,77,30081,14936,15145,476,265,211,raw_nada/DDW22C-01 MDDS.XLS
22,CHHATTISGARH,407,Kabeerdham,Urban,87395,44117,43278,79581,40087,39494,4999,2538,2461,441,200,241,796,418,378,309,155,154,1023,544,479,141,89,52,105,86,19,raw_nada/DDW22C-01 MDDS.XLS
22,CHHATTISGARH,408,Rajnandgaon,Total,1537133,762855,774278,1399658,694736,704922,23648,11853,11795,5193,2604,2589,3761,1991,1770,28541,13987,14554,8187,4168,4019,67444,33169,34275,701,347,354,raw_nada/DDW22C-01 MDDS.XLS
22,CHHATTISGARH,408,Rajnandgaon,Rural,1264621,626212,638409,1170475,579624,590851,7110,3600,3510,2554,1306,1248,514,303,211,15406,7604,7802,1173,620,553,66785,32851,33934,604,304,300,raw_nada/DDW22C-01 MDDS.XLS
22,CHHATTISGARH,408,Rajnandgaon,Urban,272512,136643,135869,229183,115112,114071,16538,8253,8285,2639,1298,1341,3247,1688,1559,13135,6383,6752,7014,3548,3466,659,318,341,97,43,54,raw_nada/DDW22C-01 MDDS.XLS
22,CHHATTISGARH,409,Durg,Total,3343872,1682101,1661771,3129745,1574094,1555651,83499,42885,40614,24304,11946,12358,24276,12603,11673,19587,9712,9875,17209,8810,8399,42569,20751,21818,2683,1300,1383,raw_nada/DDW22C-01 MDDS.XLS
22,CHHATTISGARH,409,Durg,Rural,2059107,1026152,1032955,2000615,997517,1003098,9809,4849,4960,1769,879,890,764,420,344,1934,930,1004,1856,965,891,40730,19811,20919,1630,781,849,raw_nada/DDW22C-01 MDDS.XLS
22,CHHATTISGARH,409,Durg,Urban,1284765,655949,628816,1129130,576577,552553,73690,38036,35654,22535,11067,11468,23512,12183,11329,17653,8782,8871,15353,7845,7508,1839,940,899,1053,519,534,raw_nada/DDW22C-01 MDDS.XLS
22,CHHATTISGARH,410,Raipur,Total,4063872,2048186,2015686,3881485,1955550,1925935,103038,52633,50405,23181,11375,11806,16707,8722,7985,8397,4212,4185,17137,8767,8370,10680,5255,5425,3247,1672,1575,raw_nada/DDW22C-01 MDDS.XLS
22,CHHATTISGARH,410,Raipur,Rural,2580583,1288567,1292016,2550746,1273672,1277074,12564,6285,6279,4737,2346,2391,561,315,246,359,179,180,434,229,205,9615,4708,4907,1567,833,734,raw_nada/DDW22C-01 MDDS.XLS
22,CHHATTISGARH,410,Raipur,Urban,1483289,759619,723670,1330739,681878,648861,90474,46348,44126,18444,9029,9415,16146,8407,7739,8038,4033,4005,16703,8538,8165,1065,547,518,1680,839,841,raw_nada/DDW22C-01 MDDS.XLS
22,CHHATTISGARH,411,Mahasamund,Total,1032754,511967,520787,1008061,499616,508445,12570,6318,6252,5284,2501,2783,2941,1544,1397,521,252,269,1495,780,715,1417,699,718,465,257,208,raw_nada/DDW22C-01 MDDS.XLS
22,CHHATTISGARH,411,Mahasamund,Rural,912602,451691,460911,901371,446101,455270,5184,2594,2590,3406,1642,1764,728,377,351,75,38,37,159,83,76,1253,622,631,426,234,192,raw_nada/DDW22C-01 MDDS.XLS
22,CHHATTISGARH,411,Mahasamund,Urban,120152,60276,59876,106690,53515,53175,7386,3724,3662,1878,859,1019,2213,1167,1046,446,214,232,1336,697,639,164,77,87,39,23,16,raw_nada/DDW22C-01 MDDS.XLS
22,CHHATTISGARH,412,Dhamtari,Total,799781,397897,401884,777188,386527,390661,10425,5325,5100,2644,1294,1350,1196,597,599,667,323,344,3612,1856,1756,3685,1786,1899,364,189,175,raw_nada/DDW22C-01 MDDS.XLS
22,CHHATTISGARH,412,Dhamtari,Rural,650586,323420,327166,642922,319621,323301,2421,1200,1221,587,303,284,108,54,54,242,128,114,457,242,215,3585,1738,1847,264,134,130,raw_nada/DDW22C-01 MDDS.XLS
22,CHHATTISGARH,412,Dhamtari,Urban,149195,74477,74718,134266,66906,67360,8004,4125,3879,2057,991,1066,1088,543,545,425,195,230,3155,1614,1541,100,48,52,100,55,45,raw_nada/DDW22C-01 MDDS.XLS
22,CHHATTISGARH,413,Uttar Bastar Kanker,Total,748941,373338,375603,627460,313442,314018,6040,3159,2881,4007,2092,1915,552,338,214,2213,1064,1149,1071,553,518,105869,51952,53917,1729,738,991,raw_nada/DDW22C-01 MDDS.XLS
22,CHHATTISGARH,413,Uttar Bastar Kanker,Rural,672180,335149,337031,559082,279422,279660,1818,1021,797,3080,1615,1465,170,127,43,1349,671,678,590,308,282,104406,51264,53142,1685,721,964,raw_nada/DDW22C-01 MDDS.XLS
22,CHHATTISGARH,413,Uttar Bastar Kanker,Urban,76761,38189,38572,68378,34020,34358,4222,2138,2084,927,477,450,382,211,171,864,393,471,481,245,236,1463,688,775,44,17,27,raw_nada/DDW22C-01 MDDS.XLS
22,CHHATTISGARH,414,Bastar,Total,1413199,698487,714712,1277975,631904,646071,12413,6447,5966,27951,13565,14386,2099,1113,986,985,506,479,3466,1784,1682,86925,42438,44487,1385,730,655,raw_nada/DDW22C-01 MDDS.XLS
22,CHHATTISGARH,414,Bastar,Rural,1219705,600652,619053,1119728,551718,568010,2083,1123,960,15228,7394,7834,147,99,48,467,232,235,248,120,128,80627,39333,41294,1177,633,544,raw_nada/DDW22C-01 MDDS.XLS
22,CHHATTISGARH,414,Bastar,Urban,193494,97835,95659,158247,80186,78061,10330,5324,5006,12723,6171,6552,1952,1014,938,518,274,244,3218,1664,1554,6298,3105,3193,208,97,111,raw_nada/DDW22C-01 MDDS.XLS
22,CHHATTISGARH,415,Narayanpur,Total,139820,70104,69716,129161,64715,64446,776,430,346,600,336,264,96,52,44,71,36,35,409,219,190,8542,4226,4316,165,90,75,raw_nada/DDW22C-01 MDDS.XLS
22,CHHATTISGARH,415,Narayanpur,Rural,117714,58653,59061,109406,54540,54866,167,115,52,349,199,150,19,14,5,5,5,0,1,1,0,7624,3698,3926,143,81,62,raw_nada/DDW22C-01 MDDS.XLS
22,CHHATTISGARH,415,Narayanpur,Urban,22106,11451,10655,19755,10175,9580,609,315,294,251,137,114,77,38,39,66,31,35,408,218,190,918,528,390,22,9,13,raw_nada/DDW22C-01 MDDS.XLS
22,CHHATTISGARH,416,Dakshin Bastar Dantewada,Total,533638,264142,269496,513915,253910,260005,6437,3357,3080,4888,2437,2451,457,260,197,352,193,159,1044,567,477,6071,3145,2926,474,273,201,raw_nada/DDW22C-01 MDDS.XLS
22,CHHATTISGARH,416,Dakshin Bastar Dantewada,Rural,437405,213930,223475,428485,209428,219057,2149,1114,1035,1317,662,655,133,84,49,49,40,9,243,134,109,4653,2249,2404,376,219,157,raw_nada/DDW22C-01 MDDS.XLS
22,CHHATTISGARH,416,Dakshin Bastar Dantewada,Urban,96233,50212,46021,85430,44482,40948,4288,2243,2045,3571,1775,1796,324,176,148,303,153,150,801,433,368,1418,896,522,98,54,44,raw_nada/DDW22C-01 MDDS.XLS
22,CHHATTISGARH,417,Bijapur,Total,255230,128663,126567,245151,123322,121829,1617,903,714,2709,1435,1274,68,54,14,1649,816,833,15,6,9,3793,2005,1788,228,122,106,raw_nada/DDW22C-01 MDDS.XLS
22,CHHATTISGARH,417,Bijapur,Rural,225630,113344,112286,218807,109855,108952,640,369,271,1684,886,798,33,29,4,1322,641,681,5,4,1,2934,1451,1483,205,109,96,raw_nada/DDW22C-01 MDDS.XLS
22,CHHATTISGARH,417,Bijapur,Urban,29600,15319,14281,26344,13467,12877,977,534,443,1025,549,476,35,25,10,327,175,152,10,2,8,859,554,305,23,13,10,raw_nada/DDW22C-01 MDDS.XLS
23,MADHYA PRADESH,418,Sheopur,Total,687861,361784,326077,638702,336105,302597,41396,21533,19863,230,119,111,6387,3377,3010,201,120,81,379,202,177,40,28,12,526,300,226,raw_nada/DDW23C-01 MDDS.XLS
23,MADHYA PRADESH,418,Sheopur,Rural,580509,305360,275149,558135,293636,264499,15767,8202,7565,110,60,50,5988,3150,2838,98,64,34,52,30,22,17,12,5,342,206,136,raw_nada/DDW23C-01 MDDS.XLS
23,MADHYA PRADESH,418,Sheopur,Urban,107352,56424,50928,80567,42469,38098,25629,13331,12298,120,59,61,399,227,172,103,56,47,327,172,155,23,16,7,184,94,90,raw_nada/DDW23C-01 MDDS.XLS
23,MADHYA PRADESH,419,Morena,Total,1965970,1068417,897553,1875495,1020435,855060,76159,40264,35895,1092,571,521,557,292,265,3234,1761,1473,6681,3574,3107,92,59,33,2660,1461,1199,raw_nada/DDW23C-01 MDDS.XLS
23,MADHYA PRADESH,419,Morena,Rural,1495508,815218,680290,1450933,791515,659418,38200,20206,17994,585,310,275,320,174,146,2856,1552,1304,462,274,188,59,39,20,2093,1148,945,raw_nada/DDW23C-01 MDDS.XLS
23,MADHYA PRADESH,419,Morena,Urban,470462,253199,217263,424562,228920,195642,37959,20058,17901,507,261,246,237,118,119,378,209,169,6219,3300,2919,33,20,13,567,313,254,raw_nada/DDW23C-01 MDDS.XLS
23,MADHYA PRADESH,420,Bhind,Total,1703005,926843,776162,1595400,869480,725920,66776,35401,31375,973,523,450,4047,2212,1835,12215,6673,5542,19950,10554,9396,73,33,40,3571,1967,1604,raw_nada/DDW23C-01 MDDS.XLS
23,MADHYA PRADESH,420,Bhind,Rural,1270083,694756,575327,1222217,668918,553299,28411,15200,13211,613,334,279,3231,1774,1457,10956,5983,4973,1713,920,793,46,19,27,2896,1608,1288,raw_nada/DDW23C-01 MDDS.XLS
23,MADHYA PRADESH,420,Bhind,Urban,432922,232087,200835,373183,200562,172621,38365,20201,18164,360,189,171,816,438,378,1259,690,569,18237,9634,8603,27,14,13,675,359,316,raw_nada/DDW23C-01 MDDS.XLS
23,MADHYA PRADESH,421,Gwalior,Total,2032036,1090327,941709,1835299,987061,848238,141735,74209,67526,4119,2042,2077,24790,13271,11519,4361,2379,1982,18058,9406,8652,217,111,106,3457,1848,1609,raw_nada/DDW23C-01 MDDS.XLS
23,MADHYA PRADESH,421,Gwalior,Rural,758244,409349,348895,699836,378222,321614,36077,19181,16896,544,276,268,16135,8578,7557,2726,1447,1279,1427,785,642,77,34,43,1422,826,596,raw_nada/DDW23C-01 MDDS.XLS
23,MADHYA PRADESH,421,Gwalior,Urban,1273792,680978,592814,1135463,608839,526624,105658,55028,50630,3575,1766,1809,8655,4693,3962,1635,932,703,16631,8621,8010,140,77,63,2035,1022,1013,raw_nada/DDW23C-01 MDDS.XLS
23,MADHYA PRADESH,422,Datia,Total,786754,420157,366597,747693,399720,347973,28483,14851,13632,683,367,316,490,264,226,7923,4253,3670,453,223,230,10,3,7,1019,476,543,raw_nada/DDW23C-01 MDDS.XLS
23,MADHYA PRADESH,422,Datia,Rural,604772,323966,280806,588558,315403,273155,7446,3938,3508,192,105,87,253,139,114,7099,3802,3297,342,170,172,8,3,5,874,406,468,raw_nada/DDW23C-01 MDDS.XLS
23,MADHYA PRADESH,422,Datia,Urban,181982,96191,85791,159135,84317,74818,21037,10913,10124,491,262,229,237,125,112,824,451,373,111,53,58,2,0,2,145,70,75,raw_nada/DDW23C-01 MDDS.XLS
23,MADHYA PRADESH,423,Shivpuri,Total,1726050,919795,806255,1648749,879256,769493,51200,26678,24522,1117,583,534,7151,3901,3250,3421,1820,1601,12171,6388,5783,72,37,35,2169,1132,1037,raw_nada/DDW23C-01 MDDS.XLS
23,MADHYA PRADESH,423,Shivpuri,Rural,1430627,763554,667073,1401017,747884,653133,13942,7260,6682,527,266,261,6183,3373,2810,3119,1666,1453,3884,2081,1803,66,34,32,1889,990,899,raw_nada/DDW23C-01 MDDS.XLS
23,MADHYA PRADESH,423,Shivpuri,Urban,295423,156241,139182,247732,131372,116360,37258,19418,17840,590,317,273,968,528,440,302,154,148,8287,4307,3980,6,3,3,280,142,138,raw_nada/DDW23C-01 MDDS.XLS
23,MADHYA PRADESH,424,Tikamgarh,Total,1445166,760355,684811,1383475,728210,655265,44143,22912,21231,588,312,276,251,134,117,109,58,51,15569,8156,7413,39,23,16,992,550,442,raw_nada/DDW23C-01 MDDS.XLS
23,MADHYA PRADESH,424,Tikamgarh,Rural,1195293,629477,565816,1174136,618464,555672,14530,7472,7058,353,190,163,98,57,41,83,42,41,5215,2760,2455,32,19,13,846,473,373,raw_nada/DDW23C-01 MDDS.XLS
23,MADHYA PRADESH,424,Tikamgarh,Urban,249873,130878,118995,209339,109746,99593,29613,15440,14173,235,122,113,153,77,76,26,16,10,10354,5396,4958,7,4,3,146,77,69,raw_nada/DDW23C-01 MDDS.XLS
23,MADHYA PRADESH,425,Chhatarpur,Total,1762375,936121,826254,1676918,891578,785340,70351,36670,33681,1980,953,1027,968,503,465,250,124,126,10409,5450,4959,102,52,50,1397,791,606,raw_nada/DDW23C-01 MDDS.XLS
23,MADHYA PRADESH,425,Chhatarpur,Rural,1363359,725273,638086,1335925,710901,625024,21371,11143,10228,765,392,373,128,75,53,122,53,69,3867,2042,1825,62,32,30,1119,635,484,raw_nada/DDW23C-01 MDDS.XLS
23,MADHYA PRADESH,425,Chhatarpur,Urban,399016,210848,188168,340993,180677,160316,48980,25527,23453,1215,561,654,840,428,412,128,71,57,6542,3408,3134,40,20,20,278,156,122,raw_nada/DDW23C-01 MDDS.XLS
23,MADHYA PRADESH,426,Panna,Total,1016520,533480,483040,974748,511785,462963,35214,18279,16935,418,223,195,186,93,93,37,19,18,4734,2479,2255,218,103,115,965,499,466,raw_nada/DDW23C-01 MDDS.XLS
23,MADHYA PRADESH,426,Panna,Rural,891185,467473,423712,869052,456003,413049,18327,9495,8832,211,112,99,85,44,41,28,14,14,2484,1310,1174,207,96,111,791,399,392,raw_nada/DDW23C-01 MDDS.XLS
23,MADHYA PRADESH,426,Panna,Urban,125335,66007,59328,105696,55782,49914,16887,8784,8103,207,111,96,101,49,52,9,5,4,2250,1169,1081,11,7,4,174,100,74,raw_nada/DDW23C-01 MDDS.XLS
23,MADHYA PRADESH,427,Sagar,Total,2378458,1256257,1122201,2198297,1162318,1035979,103480,53623,49857,5580,2851,2729,4146,2681,1465,991,568,423,62992,32691,30301,168,85,83,2804,1440,1364,raw_nada/DDW23C-01 MDDS.XLS
23,MADHYA PRADESH,427,Sagar,Rural,1669662,884133,785529,1620320,858236,762084,26327,13804,12523,1495,749,746,262,156,106,599,321,278,18678,9848,8830,93,39,54,1888,980,908,raw_nada/DDW23C-01 MDDS.XLS
23,MADHYA PRADESH,427,Sagar,Urban,708796,372124,336672,577977,304082,273895,77153,39819,37334,4085,2102,1983,3884,2525,1359,392,247,145,44314,22843,21471,75,46,29,916,460,456,raw_nada/DDW23C-01 MDDS.XLS
23,MADHYA PRADESH,428,Damoh,Total,1264219,661873,602346,1186420,621463,564957,47966,24803,23163,1681,827,854,1096,580,516,119,68,51,25005,13180,11825,82,42,40,1850,910,940,raw_nada/DDW23C-01 MDDS.XLS
23,MADHYA PRADESH,428,Damoh,Rural,1013668,530471,483197,978916,512306,466610,20331,10496,9835,370,205,165,121,77,44,59,40,19,12523,6640,5883,76,41,35,1272,666,606,raw_nada/DDW23C-01 MDDS.XLS
23,MADHYA PRADESH,428,Damoh,Urban,250551,131402,119149,207504,109157,98347,27635,14307,13328,1311,622,689,975,503,472,60,28,32,12482,6540,5942,6,1,5,578,244,334,raw_nada/DDW23C-01 MDDS.XLS
23,MADHYA PRADESH,429,Satna,Total,2228935,1157495,1071440,2158623,1121268,1037355,59471,30672,28799,2228,1128,1100,1163,615,548,364,186,178,3135,1612,1523,1689,861,828,2262,1153,1109,raw_nada/DDW23C-01 MDDS.XLS
23,MADHYA PRADESH,429,Satna,Rural,1754517,907904,846613,1727160,893980,833180,22183,11237,10946,881,481,400,186,104,82,271,141,130,342,172,170,1645,838,807,1849,951,898,raw_nada/DDW23C-01 MDDS.XLS
23,MADHYA PRADESH,429,Satna,Urban,474418,249591,224827,431463,227288,204175,37288,19435,17853,1347,647,700,977,511,466,93,45,48,2793,1440,1353,44,23,21,413,202,211,raw_nada/DDW23C-01 MDDS.XLS
23,MADHYA PRADESH,430,Rewa,Total,2365106,1225100,1140006,2268838,1175740,1093098,85414,43817,41597,1964,1014,950,832,442,390,986,515,471,655,325,330,232,117,115,6185,3130,3055,raw_nada/DDW23C-01 MDDS.XLS
23,MADHYA PRADESH,430,Rewa,Rural,1969321,1017839,951482,1917933,991580,926353,43176,22067,21109,1245,652,593,243,138,105,781,411,370,93,43,50,201,99,102,5649,2849,2800,raw_nada/DDW23C-01 MDDS.XLS
23,MADHYA PRADESH,430,Rewa,Urban,395785,207261,188524,350905,184160,166745,42238,21750,20488,719,362,357,589,304,285,205,104,101,562,282,280,31,18,13,536,281,255,raw_nada/DDW23C-01 MDDS.XLS
23,MADHYA PRADESH,431,Umaria,Total,644758,330674,314084,620515,318211,302304,15966,8345,7621,667,334,333,190,97,93,70,38,32,220,116,104,6028,2976,3052,1102,557,545,raw_nada/DDW23C-01 MDDS.XLS
23,MADHYA PRADESH,431,Umaria,Rural,534214,273064,261150,519580,265604,253976,7407,3859,3548,173,94,79,45,16,29,12,8,4,22,14,8,5979,2955,3024,996,514,482,raw_nada/DDW23C-01 MDDS.XLS
23,MADHYA PRADESH,431,Umaria,Urban,110544,57610,52934,100935,52607,48328,8559,4486,4073,494,240,254,145,81,64,58,30,28,198,102,96,49,21,28,106,43,63,raw_nada/DDW23C-01 MDDS.XLS
23,MADHYA PRADESH,432,Neemuch,Total,826067,422653,403414,741288,379183,362105,67324,34486,32838,1508,764,744,1110,628,482,224,113,111,14165,7264,6901,115,59,56,333,156,177,raw_nada/DDW23C-01 MDDS.XLS
23,MADHYA PRADESH,432,Neemuch,Rural,580837,295013,285824,558835,283625,275210,16982,8788,8194,371,196,175,326,176,150,43,20,23,4012,2074,1938,32,18,14,236,116,120,raw_nada/DDW23C-01 MDDS.XLS
23,MADHYA PRADESH,432,Neemuch,Urban,245230,127640,117590,182453,95558,86895,50342,25698,24644,1137,568,569,784,452,332,181,93,88,10153,5190,4963,83,41,42,97,40,57,raw_nada/DDW23C-01 MDDS.XLS
23,MADHYA PRADESH,433,Mandsaur,Total,1340411,682851,657560,1192588,607384,585204,125548,64099,61449,1120,556,564,849,450,399,242,125,117,19029,9703,9326,77,37,40,958,497,461,raw_nada/DDW23C-01 MDDS.XLS
23,MADHYA PRADESH,433,Mandsaur,Rural,1062807,540987,521820,989435,503363,486072,65600,33629,31971,491,261,230,209,115,94,167,87,80,6192,3158,3034,55,23,32,658,351,307,raw_nada/DDW23C-01 MDDS.XLS
23,MADHYA PRADESH,433,Mandsaur,Urban,277604,141864,135740,203153,104021,99132,59948,30470,29478,629,295,334,640,335,305,75,38,37,12837,6545,6292,22,14,8,300,146,154,raw_nada/DDW23C-01 MDDS.XLS
23,MADHYA PRADESH,434,Ratlam,Total,1455069,738241,716828,1267043,642942,624101,151071,76718,74353,3996,1914,2082,1353,691,662,175,85,90,29353,14891,14462,123,71,52,1955,929,1026,raw_nada/DDW23C-01 MDDS.XLS
23,MADHYA PRADESH,434,Ratlam,Rural,1020038,516468,503570,978467,495297,483170,35042,17908,17134,655,329,326,127,67,60,46,26,20,4100,2099,2001,64,37,27,1537,705,832,raw_nada/DDW23C-01 MDDS.XLS
23,MADHYA PRADESH,434,Ratlam,Urban,435031,221773,213258,288576,147645,140931,116029,58810,57219,3341,1585,1756,1226,624,602,129,59,70,25253,12792,12461,59,34,25,418,224,194,raw_nada/DDW23C-01 MDDS.XLS
23,MADHYA PRADESH,435,Ujjain,Total,1986864,1016289,970575,1718204,879622,838582,233133,118745,114388,4659,2269,2390,3241,1689,1552,945,474,471,24622,12464,12158,211,99,112,1849,927,922,raw_nada/DDW23C-01 MDDS.XLS
23,MADHYA PRADESH,435,Ujjain,Rural,1207651,616353,591298,1131707,577689,554018,71219,36236,34983,931,485,446,338,181,157,124,64,60,2311,1191,1120,58,31,27,963,476,487,raw_nada/DDW23C-01 MDDS.XLS
23,MADHYA PRADESH,435,Ujjain,Urban,779213,399936,379277,586497,301933,284564,161914,82509,79405,3728,1784,1944,2903,1508,1395,821,410,411,22311,11273,11038,153,68,85,886,451,435,raw_nada/DDW23C-01 MDDS.XLS
23,MADHYA PRADESH,436,Shajapur,Total,1512681,780520,732161,1321003,682595,638408,174724,89384,85340,815,401,414,631,309,322,179,94,85,13755,6981,6774,66,36,30,1508,720,788,raw_nada/DDW23C-01 MDDS.XLS
23,MADHYA PRADESH,436,Shajapur,Rural,1219133,629273,589860,1111646,574320,537326,102469,52457,50012,345,174,171,149,73,76,109,58,51,3148,1579,1569,34,17,17,1233,595,638,raw_nada/DDW23C-01 MDDS.XLS
23,MADHYA PRADESH,436,Shajapur,Urban,293548,151247,142301,209357,108275,101082,72255,36927,35328,470,227,243,482,236,246,70,36,34,10607,5402,5205,32,19,13,275,125,150,raw_nada/DDW23C-01 MDDS.XLS
23,MADHYA PRADESH,437,Dewas,Total,1563715,805359,758356,1376591,709295,667296,174259,89545,84714,2355,1170,1185,2330,1195,1135,382,201,181,6497,3324,3173,72,41,31,1229,588,641,raw_nada/DDW23C-01 MDDS.XLS
23,MADHYA PRADESH,437,Dewas,Rural,1111956,571720,540236,1028167,528826,499341,80603,41294,39309,524,261,263,491,255,236,45,26,19,1224,623,601,50,29,21,852,406,446,raw_nada/DDW23C-01 MDDS.XLS
23,MADHYA PRADESH,437,Dewas,Urban,451759,233639,218120,348424,180469,167955,93656,48251,45405,1831,909,922,1839,940,899,337,175,162,5273,2701,2572,22,12,10,377,182,195,raw_nada/DDW23C-01 MDDS.XLS
23,MADHYA PRADESH,438,Dhar,Total,2185793,1112725,1073068,2051219,1044075,1007144,116202,59369,56833,2261,1087,1174,1607,874,733,328,160,168,12199,6138,6061,88,43,45,1889,979,910,raw_nada/DDW23C-01 MDDS.XLS
23,MADHYA PRADESH,438,Dhar,Rural,1772572,895113,877459,1711147,863988,847159,53693,27191,26502,982,471,511,974,533,441,119,59,60,4064,2046,2018,51,22,29,1542,803,739,raw_nada/DDW23C-01 MDDS.XLS
23,MADHYA PRADESH,438,Dhar,Urban,413221,217612,195609,340072,180087,159985,62509,32178,30331,1279,616,663,633,341,292,209,101,108,8135,4092,4043,37,21,16,347,176,171,raw_nada/DDW23C-01 MDDS.XLS
23,MADHYA PRADESH,439,Indore,Total,3276697,1699627,1577070,2728225,1418211,1310014,415142,213552,201590,18523,9093,9430,25696,13442,12254,11496,5896,5600,71667,36462,35205,720,365,355,5228,2606,2622,raw_nada/DDW23C-01 MDDS.XLS
23,MADHYA PRADESH,439,Indore,Rural,848988,436755,412233,775233,399016,376217,67775,34695,33080,2438,1184,1254,1470,786,684,317,169,148,1162,595,567,28,12,16,565,298,267,raw_nada/DDW23C-01 MDDS.XLS
23,MADHYA PRADESH,439,Indore,Urban,2427709,1262872,1164837,1952992,1019195,933797,347367,178857,168510,16085,7909,8176,24226,12656,11570,11179,5727,5452,70505,35867,34638,692,353,339,4663,2308,2355,raw_nada/DDW23C-01 MDDS.XLS
23,MADHYA PRADESH,440,Khargone (West Nimar),Total,1873046,953121,919925,1725441,877625,847816,135085,69192,65893,2075,1004,1071,2896,1454,1442,284,158,126,6028,3063,2965,89,55,34,1148,570,578,raw_nada/DDW23C-01 MDDS.XLS
23,MADHYA PRADESH,440,Khargone (West Nimar),Rural,1574190,799396,774794,1513918,768721,745197,54514,27770,26744,1375,682,693,1317,644,673,121,76,45,1929,993,936,70,38,32,946,472,474,raw_nada/DDW23C-01 MDDS.XLS
23,MADHYA PRADESH,440,Khargone (West Nimar),Urban,298856,153725,145131,211523,108904,102619,80571,41422,39149,700,322,378,1579,810,769,163,82,81,4099,2070,2029,19,17,2,202,98,104,raw_nada/DDW23C-01 MDDS.XLS
23,MADHYA PRADESH,441,Barwani,Total,1385881,699340,686541,1318869,664991,653878,58222,29929,28293,2967,1439,1528,2361,1220,1141,416,214,202,2289,1171,1118,263,139,124,494,237,257,raw_nada/DDW23C-01 MDDS.XLS
23,MADHYA PRADESH,441,Barwani,Rural,1181812,594907,586905,1159798,583486,576312,16684,8714,7970,2259,1125,1134,1569,822,747,337,174,163,508,256,252,249,130,119,408,200,208,raw_nada/DDW23C-01 MDDS.XLS
23,MADHYA PRADESH,441,Barwani,Urban,204069,104433,99636,159071,81505,77566,41538,21215,20323,708,314,394,792,398,394,79,40,39,1781,915,866,14,9,5,86,37,49,raw_nada/DDW23C-01 MDDS.XLS
23,MADHYA PRADESH,442,Rajgarh,Total,1545814,790212,755602,1433879,733255,700624,106928,54442,52486,1243,587,656,460,246,214,121,59,62,1599,806,793,50,27,23,1534,790,744,raw_nada/DDW23C-01 MDDS.XLS
23,MADHYA PRADESH,442,Rajgarh,Rural,1269357,648407,620950,1213854,620297,593557,52887,26758,26129,640,327,313,132,77,55,83,39,44,354,184,170,42,23,19,1365,702,663,raw_nada/DDW23C-01 MDDS.XLS
23,MADHYA PRADESH,442,Rajgarh,Urban,276457,141805,134652,220025,112958,107067,54041,27684,26357,603,260,343,328,169,159,38,20,18,1245,622,623,8,4,4,169,88,81,raw_nada/DDW23C-01 MDDS.XLS
23,MADHYA PRADESH,443,Vidisha,Total,1458875,769568,689307,1287391,680083,607308,149548,78154,71394,1313,635,678,914,492,422,295,166,129,18490,9547,8943,70,32,38,854,459,395,raw_nada/DDW23C-01 MDDS.XLS
23,MADHYA PRADESH,443,Vidisha,Rural,1119257,591962,527295,1014106,536906,477200,100159,52420,47739,625,310,315,240,133,107,154,93,61,3295,1740,1555,41,17,24,637,343,294,raw_nada/DDW23C-01 MDDS.XLS
23,MADHYA PRADESH,443,Vidisha,Urban,339618,177606,162012,273285,143177,130108,49389,25734,23655,688,325,363,674,359,315,141,73,68,15195,7807,7388,29,15,14,217,116,101,raw_nada/DDW23C-01 MDDS.XLS
23,MADHYA PRADESH,444,Bhopal,Total,2371061,1236130,1134931,1755861,923210,832651,525434,267915,257519,23432,11648,11784,10789,5478,5311,21688,11088,10600,25950,13145,12805,335,190,145,7572,3456,4116,raw_nada/DDW23C-01 MDDS.XLS
23,MADHYA PRADESH,444,Bhopal,Rural,454010,238025,215985,407665,214145,193520,43310,22355,20955,1137,537,600,252,140,112,363,193,170,550,291,259,35,18,17,698,346,352,raw_nada/DDW23C-01 MDDS.XLS
23,MADHYA PRADESH,444,Bhopal,Urban,1917051,998105,918946,1348196,709065,639131,482124,245560,236564,22295,11111,11184,10537,5338,5199,21325,10895,10430,25400,12854,12546,300,172,128,6874,3110,3764,raw_nada/DDW23C-01 MDDS.XLS
23,MADHYA PRADESH,445,Sehore,Total,1311332,683743,627589,1163607,607105,556502,137980,71642,66338,1404,744,660,640,329,311,357,176,181,6232,3191,3041,66,36,30,1046,520,526,raw_nada/DDW23C-01 MDDS.XLS
23,MADHYA PRADESH,445,Sehore,Rural,1062870,554636,508234,975112,508749,466363,84343,44135,40208,588,327,261,207,112,95,220,114,106,1525,781,744,50,24,26,825,394,431,raw_nada/DDW23C-01 MDDS.XLS
23,MADHYA PRADESH,445,Sehore,Urban,248462,129107,119355,188495,98356,90139,53637,27507,26130,816,417,399,433,217,216,137,62,75,4707,2410,2297,16,12,4,221,126,95,raw_nada/DDW23C-01 MDDS.XLS
23,MADHYA PRADESH,446,Raisen,Total,1331597,700358,631239,1195235,629366,565869,120331,62744,57587,1725,828,897,2262,1184,1078,253,137,116,10637,5527,5110,190,98,92,964,474,490,raw_nada/DDW23C-01 MDDS.XLS
23,MADHYA PRADESH,446,Raisen,Rural,1028172,539960,488212,958831,503729,455102,64059,33480,30579,751,357,394,664,361,303,82,46,36,2882,1544,1338,173,87,86,730,356,374,raw_nada/DDW23C-01 MDDS.XLS
23,MADHYA PRADESH,446,Raisen,Urban,303425,160398,143027,236404,125637,110767,56272,29264,27008,974,471,503,1598,823,775,171,91,80,7755,3983,3772,17,11,6,234,118,116,raw_nada/DDW23C-01 MDDS.XLS
23,MADHYA PRADESH,447,Betul,Total,1575362,799236,776126,1505745,763617,742128,37590,19538,18052,3271,1548,1723,1078,577,501,9651,4921,4730,3759,1960,1799,13048,6479,6569,1220,596,624,raw_nada/DDW23C-01 MDDS.XLS
23,MADHYA PRADESH,447,Betul,Rural,1266211,640358,625853,1235987,625032,610955,7516,4007,3509,1590,731,859,183,112,71,5964,3022,2942,875,472,403,12980,6445,6535,1116,537,579,raw_nada/DDW23C-01 MDDS.XLS
23,MADHYA PRADESH,447,Betul,Urban,309151,158878,150273,269758,138585,131173,30074,15531,14543,1681,817,864,895,465,430,3687,1899,1788,2884,1488,1396,68,34,34,104,59,45,raw_nada/DDW23C-01 MDDS.XLS
23,MADHYA PRADESH,448,Harda,Total,570465,294838,275627,527462,272640,254822,38640,19991,18649,683,338,345,676,364,312,93,51,42,1573,799,774,55,30,25,1283,625,658,raw_nada/DDW23C-01 MDDS.XLS
23,MADHYA PRADESH,448,Harda,Rural,451101,233312,217789,430499,222642,207857,18777,9737,9040,267,134,133,64,33,31,26,17,9,277,152,125,53,29,24,1138,568,570,raw_nada/DDW23C-01 MDDS.XLS
23,MADHYA PRADESH,448,Harda,Urban,119364,61526,57838,96963,49998,46965,19863,10254,9609,416,204,212,612,331,281,67,34,33,1296,647,649,2,1,1,145,57,88,raw_nada/DDW23C-01 MDDS.XLS
23,MADHYA PRADESH,449,Hoshangabad,Total,1241350,648725,592625,1175203,614657,560546,52269,26964,25305,4453,2211,2242,3127,1669,1458,1550,784,766,3888,1996,1892,107,53,54,753,391,362,raw_nada/DDW23C-01 MDDS.XLS
23,MADHYA PRADESH,449,Hoshangabad,Rural,851364,445062,406302,833420,435747,397673,15231,7941,7290,1136,555,581,338,175,163,154,75,79,471,249,222,51,24,27,563,296,267,raw_nada/DDW23C-01 MDDS.XLS
23,MADHYA PRADESH,449,Hoshangabad,Urban,389986,203663,186323,341783,178910,162873,37038,19023,18015,3317,1656,1661,2789,1494,1295,1396,709,687,3417,1747,1670,56,29,27,190,95,95,raw_nada/DDW23C-01 MDDS.XLS
23,MADHYA PRADESH,450,Katni,Total,1292042,662013,630029,1240650,635820,604830,37232,19047,18185,3158,1572,1586,1167,610,557,157,77,80,5342,2742,2600,2643,1320,1323,1693,825,868,raw_nada/DDW23C-01 MDDS.XLS
23,MADHYA PRADESH,450,Katni,Rural,1028499,525188,503311,1000897,511210,489687,20052,10107,9945,871,478,393,176,102,74,82,43,39,2363,1244,1119,2541,1274,1267,1517,730,787,raw_nada/DDW23C-01 MDDS.XLS
23,MADHYA PRADESH,450,Katni,Urban,263543,136825,126718,239753,124610,115143,17180,8940,8240,2287,1094,1193,991,508,483,75,34,41,2979,1498,1481,102,46,56,176,95,81,raw_nada/DDW23C-01 MDDS.XLS
23,MADHYA PRADESH,451,Jabalpur,Total,2463289,1277278,1186011,2159065,1121851,1037214,203652,104720,98932,23142,11417,11725,13256,6963,6293,4320,2177,2143,33728,17345,16383,21010,10368,10642,5116,2437,2679,raw_nada/DDW23C-01 MDDS.XLS
23,MADHYA PRADESH,451,Jabalpur,Rural,1023255,527031,496224,982995,506823,476172,13907,7063,6844,1158,601,557,456,263,193,102,54,48,2775,1466,1309,20507,10124,10383,1355,637,718,raw_nada/DDW23C-01 MDDS.XLS
23,MADHYA PRADESH,451,Jabalpur,Urban,1440034,750247,689787,1176070,615028,561042,189745,97657,92088,21984,10816,11168,12800,6700,6100,4218,2123,2095,30953,15879,15074,503,244,259,3761,1800,1961,raw_nada/DDW23C-01 MDDS.XLS
23,MADHYA PRADESH,452,Narsimhapur,Total,1091854,568810,523044,1038628,541316,497312,39048,20260,18788,914,456,458,997,534,463,262,133,129,8125,4164,3961,2873,1441,1432,1007,506,501,raw_nada/DDW23C-01 MDDS.XLS
23,MADHYA PRADESH,452,Narsimhapur,Rural,888314,462699,425615,860183,448188,411995,22304,11570,10734,383,181,202,134,76,58,58,34,24,1610,834,776,2827,1415,1412,815,401,414,raw_nada/DDW23C-01 MDDS.XLS
23,MADHYA PRADESH,452,Narsimhapur,Urban,203540,106111,97429,178445,93128,85317,16744,8690,8054,531,275,256,863,458,405,204,99,105,6515,3330,3185,46,26,20,192,105,87,raw_nada/DDW23C-01 MDDS.XLS
23,MADHYA PRADESH,453,Dindori,Total,704524,351913,352611,605435,302912,302523,6736,3405,3331,4238,2025,2213,260,150,110,61,39,22,687,366,321,84006,41683,42323,3101,1333,1768,raw_nada/DDW23C-01 MDDS.XLS
23,MADHYA PRADESH,453,Dindori,Rural,672206,335393,336813,575850,287819,288031,5159,2595,2564,4069,1935,2134,111,67,44,40,28,12,61,33,28,83846,41602,42244,3070,1314,1756,raw_nada/DDW23C-01 MDDS.XLS
23,MADHYA PRADESH,453,Dindori,Urban,32318,16520,15798,29585,15093,14492,1577,810,767,169,90,79,149,83,66,21,11,10,626,333,293,160,81,79,31,19,12,raw_nada/DDW23C-01 MDDS.XLS
23,MADHYA PRADESH,454,Mandla,Total,1054905,525272,529633,849518,424374,425144,16558,8361,8197,12450,5945,6505,436,216,220,297,149,148,1789,946,843,170533,83781,86752,3324,1500,1824,raw_nada/DDW23C-01 MDDS.XLS
23,MADHYA PRADESH,454,Mandla,Rural,924716,459151,465565,732914,365114,367800,7056,3496,3560,11436,5502,5934,131,71,60,94,48,46,154,93,61,169726,83389,86337,3205,1438,1767,raw_nada/DDW23C-01 MDDS.XLS
23,MADHYA PRADESH,454,Mandla,Urban,130189,66121,64068,116604,59260,57344,9502,4865,4637,1014,443,571,305,145,160,203,101,102,1635,853,782,807,392,415,119,62,57,raw_nada/DDW23C-01 MDDS.XLS
23,MADHYA PRADESH,455,Chhindwara,Total,2090922,1064468,1026454,1923920,979510,944410,100692,51247,49445,4893,2422,2471,2258,1156,1102,24471,12520,11951,7830,4099,3731,25771,12946,12825,1087,568,519,raw_nada/DDW23C-01 MDDS.XLS
23,MADHYA PRADESH,455,Chhindwara,Rural,1585739,806199,779540,1501902,763498,738404,37404,19076,18328,1077,574,503,413,197,216,17421,8970,8451,1720,914,806,24934,12529,12405,868,441,427,raw_nada/DDW23C-01 MDDS.XLS
23,MADHYA PRADESH,455,Chhindwara,Urban,505183,258269,246914,422018,216012,206006,63288,32171,31117,3816,1848,1968,1845,959,886,7050,3550,3500,6110,3185,2925,837,417,420,219,127,92,raw_nada/DDW23C-01 MDDS.XLS
23,MADHYA PRADESH,456,Seoni,Total,1379131,695879,683252,1145052,578833,566219,79739,40621,39118,1857,916,941,360,182,178,7288,3540,3748,4982,2562,2420,135315,67202,68113,4538,2023,2515,raw_nada/DDW23C-01 MDDS.XLS
23,MADHYA PRADESH,456,Seoni,Rural,1215241,612314,602927,1014624,512329,502295,53093,26980,26113,951,487,464,155,75,80,6241,3026,3215,912,487,425,134872,66971,67901,4393,1959,2434,raw_nada/DDW23C-01 MDDS.XLS
23,MADHYA PRADESH,456,Seoni,Urban,163890,83565,80325,130428,66504,63924,26646,13641,13005,906,429,477,205,107,98,1047,514,533,4070,2075,1995,443,231,212,145,64,81,raw_nada/DDW23C-01 MDDS.XLS
23,MADHYA PRADESH,457,Balaghat,Total,1701698,842178,859520,1519384,752441,766943,38542,19457,19085,5295,2547,2748,1050,549,501,72162,35272,36890,4778,2445,2333,58064,28329,29735,2423,1138,1285,raw_nada/DDW23C-01 MDDS.XLS
23,MADHYA PRADESH,457,Balaghat,Rural,1456882,719794,737088,1318063,651647,666416,17994,9236,8758,2759,1342,1417,222,122,100,58353,28450,29903,876,445,431,56421,27536,28885,2194,1016,1178,raw_nada/DDW23C-01 MDDS.XLS
23,MADHYA PRADESH,457,Balaghat,Urban,244816,122384,122432,201321,100794,100527,20548,10221,10327,2536,1205,1331,828,427,401,13809,6822,6987,3902,2000,1902,1643,793,850,229,122,107,raw_nada/DDW23C-01 MDDS.XLS
23,MADHYA PRADESH,458,Guna,Total,1241519,649362,592157,1172248,613598,558650,49203,25476,23727,1208,604,604,3271,1737,1534,529,269,260,13474,6896,6578,52,28,24,1534,754,780,raw_nada/DDW23C-01 MDDS.XLS
23,MADHYA PRADESH,458,Guna,Rural,928844,486127,442717,909263,475918,433345,14163,7385,6778,258,140,118,2304,1226,1078,222,115,107,1398,731,667,36,18,18,1200,594,606,raw_nada/DDW23C-01 MDDS.XLS
23,MADHYA PRADESH,458,Guna,Urban,312675,163235,149440,262985,137680,125305,35040,18091,16949,950,464,486,967,511,456,307,154,153,12076,6165,5911,16,10,6,334,160,174,raw_nada/DDW23C-01 MDDS.XLS
23,MADHYA PRADESH,459,Ashoknagar,Total,845071,443837,401234,778214,409072,369142,40707,21155,19552,635,309,326,8009,4214,3795,1352,709,643,15094,7874,7220,27,10,17,1033,494,539,raw_nada/DDW23C-01 MDDS.XLS
23,MADHYA PRADESH,459,Ashoknagar,Rural,691387,363411,327976,659560,346843,312717,18751,9743,9008,312,156,156,7100,3727,3373,1250,655,595,3635,1915,1720,17,5,12,762,367,395,raw_nada/DDW23C-01 MDDS.XLS
23,MADHYA PRADESH,459,Ashoknagar,Urban,153684,80426,73258,118654,62229,56425,21956,11412,10544,323,153,170,909,487,422,102,54,48,11459,5959,5500,10,5,5,271,127,144,raw_nada/DDW23C-01 MDDS.XLS
23,MADHYA PRADESH,460,Shahdol,Total,1066063,540021,526042,997073,505383,491690,42426,21524,20902,2372,1108,1264,912,471,441,268,143,125,1737,912,825,19448,9591,9857,1827,889,938,raw_nada/DDW23C-01 MDDS.XLS
23,MADHYA PRADESH,460,Shahdol,Rural,846463,426583,419880,805830,406469,399361,18534,9245,9289,764,349,415,121,60,61,114,61,53,109,62,47,19414,9574,9840,1577,763,814,raw_nada/DDW23C-01 MDDS.XLS
23,MADHYA PRADESH,460,Shahdol,Urban,219600,113438,106162,191243,98914,92329,23892,12279,11613,1608,759,849,791,411,380,154,82,72,1628,850,778,34,17,17,250,126,124,raw_nada/DDW23C-01 MDDS.XLS
23,MADHYA PRADESH,461,Anuppur,Total,749237,379114,370123,686524,347440,339084,21473,11134,10339,2132,1056,1076,606,322,284,86,48,38,1653,873,780,35434,17617,17817,1329,624,705,raw_nada/DDW23C-01 MDDS.XLS
23,MADHYA PRADESH,461,Anuppur,Rural,543996,272030,271966,501965,251188,250777,4549,2252,2297,848,415,433,57,31,26,33,20,13,94,44,50,35223,17502,17721,1227,578,649,raw_nada/DDW23C-01 MDDS.XLS
23,MADHYA PRADESH,461,Anuppur,Urban,205241,107084,98157,184559,96252,88307,16924,8882,8042,1284,641,643,549,291,258,53,28,25,1559,829,730,211,115,96,102,46,56,raw_nada/DDW23C-01 MDDS.XLS
23,MADHYA PRADESH,462,Sidhi,Total,1127033,575912,551121,1077545,551061,526484,34419,17220,17199,511,242,269,128,75,53,92,52,40,93,46,47,12556,6335,6221,1689,881,808,raw_nada/DDW23C-01 MDDS.XLS
23,MADHYA PRADESH,462,Sidhi,Rural,1033912,527378,506534,989101,504894,484207,30282,15130,15152,361,171,190,84,51,33,62,37,25,40,20,20,12556,6335,6221,1426,740,686,raw_nada/DDW23C-01 MDDS.XLS
23,MADHYA PRADESH,462,Sidhi,Urban,93121,48534,44587,88444,46167,42277,4137,2090,2047,150,71,79,44,24,20,30,15,15,53,26,27,0,0,0,263,141,122,raw_nada/DDW23C-01 MDDS.XLS
23,MADHYA PRADESH,463,Singrauli,Total,1178273,613637,564636,1118998,582921,536077,46574,24293,22281,2332,1173,1159,1422,806,616,338,198,140,182,91,91,6139,3107,3032,2288,1048,1240,raw_nada/DDW23C-01 MDDS.XLS
23,MADHYA PRADESH,463,Singrauli,Rural,951487,493324,458163,910747,472375,438372,32016,16594,15422,508,257,251,198,158,40,86,52,34,55,22,33,6007,3033,2974,1870,833,1037,raw_nada/DDW23C-01 MDDS.XLS
23,MADHYA PRADESH,463,Singrauli,Urban,226786,120313,106473,208251,110546,97705,14558,7699,6859,1824,916,908,1224,648,576,252,146,106,127,69,58,132,74,58,418,215,203,raw_nada/DDW23C-01 MDDS.XLS
23,MADHYA PRADESH,464,Jhabua,Total,1025048,515023,510025,960925,482494,478431,15733,8306,7427,38423,19168,19255,141,78,63,65,31,34,8871,4486,4385,388,188,200,502,272,230,raw_nada/DDW23C-01 MDDS.XLS
23,MADHYA PRADESH,464,Jhabua,Rural,933065,467468,465597,892832,447307,445525,3254,1738,1516,33455,16627,16828,82,48,34,36,15,21,2562,1300,1262,381,183,198,463,250,213,raw_nada/DDW23C-01 MDDS.XLS
23,MADHYA PRADESH,464,Jhabua,Urban,91983,47555,44428,68093,35187,32906,12479,6568,5911,4968,2541,2427,59,30,29,29,16,13,6309,3186,3123,7,5,2,39,22,17,raw_nada/DDW23C-01 MDDS.XLS
23,MADHYA PRADESH,465,Alirajpur,Total,728999,362542,366457,705060,350488,354572,17660,8901,8759,4600,2322,2278,65,27,38,36,20,16,780,394,386,271,115,156,527,275,252,raw_nada/DDW23C-01 MDDS.XLS
23,MADHYA PRADESH,465,Alirajpur,Rural,671925,333593,338332,662508,328764,333744,4952,2523,2429,3390,1774,1616,50,21,29,27,13,14,262,136,126,264,111,153,472,251,221,raw_nada/DDW23C-01 MDDS.XLS
23,MADHYA PRADESH,465,Alirajpur,Urban,57074,28949,28125,42552,21724,20828,12708,6378,6330,1210,548,662,15,6,9,9,7,2,518,258,260,7,4,3,55,24,31,raw_nada/DDW23C-01 MDDS.XLS
23,MADHYA PRADESH,466,Khandwa (East Nimar),Total,1310061,674329,635732,1182330,608996,573334,116277,59584,56693,2800,1369,1431,1726,935,791,1425,706,719,3856,1955,1901,158,81,77,1489,703,786,raw_nada/DDW23C-01 MDDS.XLS
23,MADHYA PRADESH,466,Khandwa (East Nimar),Rural,1050625,541183,509442,998857,514433,484424,48100,24911,23189,898,439,459,331,183,148,271,140,131,738,399,339,82,44,38,1348,634,714,raw_nada/DDW23C-01 MDDS.XLS
23,MADHYA PRADESH,466,Khandwa (East Nimar),Urban,259436,133146,126290,183473,94563,88910,68177,34673,33504,1902,930,972,1395,752,643,1154,566,588,3118,1556,1562,76,37,39,141,69,72,raw_nada/DDW23C-01 MDDS.XLS
23,MADHYA PRADESH,467,Burhanpur,Total,757847,388504,369343,552526,284301,268225,180840,91655,89185,1199,563,636,1074,563,511,19883,10246,9637,1884,953,931,99,52,47,342,171,171,raw_nada/DDW23C-01 MDDS.XLS
23,MADHYA PRADESH,467,Burhanpur,Rural,497560,254978,242582,417410,214399,203011,67755,34172,33583,458,209,249,699,356,343,10644,5547,5097,352,170,182,27,13,14,215,112,103,raw_nada/DDW23C-01 MDDS.XLS
23,MADHYA PRADESH,467,Burhanpur,Urban,260287,133526,126761,135116,69902,65214,113085,57483,55602,741,354,387,375,207,168,9239,4699,4540,1532,783,749,72,39,33,127,59,68,raw_nada/DDW23C-01 MDDS.XLS
24,GUJARAT,468,Kachchh,Total,2092371,1096737,995634,1608921,848860,760061,442355,226352,216003,6192,3328,2864,6353,4014,2339,490,262,228,25312,12387,12925,98,56,42,2650,1478,1172,raw_nada/DDW24C-01 MDDS.XLS
24,GUJARAT,468,Kachchh,Rural,1363836,713524,650312,1028594,541588,487006,320173,163780,156393,1893,1093,800,3513,2390,1123,138,75,63,8902,4219,4683,32,21,11,591,358,233,raw_nada/DDW24C-01 MDDS.XLS
24,GUJARAT,468,Kachchh,Urban,728535,383213,345322,580327,307272,273055,122182,62572,59610,4299,2235,2064,2840,1624,1216,352,187,165,16410,8168,8242,66,35,31,2059,1120,939,raw_nada/DDW24C-01 MDDS.XLS
24,GUJARAT,469,Banas Kantha,Total,3120506,1610379,1510127,2890305,1493361,1396944,213505,108494,105011,1686,904,782,486,276,210,281,156,125,12659,6314,6345,83,42,41,1501,832,669,raw_nada/DDW24C-01 MDDS.XLS
24,GUJARAT,469,Banas Kantha,Rural,2705591,1393741,1311850,2552261,1315974,1236287,145573,73731,71842,1136,634,502,186,121,65,249,138,111,5099,2519,2580,63,31,32,1024,593,431,raw_nada/DDW24C-01 MDDS.XLS
24,GUJARAT,469,Banas Kantha,Urban,414915,216638,198277,338044,177387,160657,67932,34763,33169,550,270,280,300,155,145,32,18,14,7560,3795,3765,20,11,9,477,239,238,raw_nada/DDW24C-01 MDDS.XLS
24,GUJARAT,470,Patan,Total,1343734,694397,649337,1194745,619271,575474,142797,71845,70952,916,496,420,337,192,145,66,41,25,3602,1830,1772,66,40,26,1205,682,523,raw_nada/DDW24C-01 MDDS.XLS
24,GUJARAT,470,Patan,Rural,1062653,548324,514329,961796,497542,464254,97861,49151,48710,607,332,275,133,82,51,49,33,16,1224,616,608,40,25,15,943,543,400,raw_nada/DDW24C-01 MDDS.XLS
24,GUJARAT,470,Patan,Urban,281081,146073,135008,232949,121729,111220,44936,22694,22242,309,164,145,204,110,94,17,8,9,2378,1214,1164,26,15,11,262,139,123,raw_nada/DDW24C-01 MDDS.XLS
24,GUJARAT,471,Mahesana,Total,2035064,1056520,978544,1885732,980079,905653,136431,69749,66682,1954,1027,927,1082,567,515,146,79,67,7087,3617,3470,88,35,53,2544,1367,1177,raw_nada/DDW24C-01 MDDS.XLS
24,GUJARAT,471,Mahesana,Rural,1520734,787175,733559,1434114,743010,691104,83175,42345,40830,1052,568,484,282,146,136,89,46,43,908,458,450,29,13,16,1085,589,496,raw_nada/DDW24C-01 MDDS.XLS
24,GUJARAT,471,Mahesana,Urban,514330,269345,244985,451618,237069,214549,53256,27404,25852,902,459,443,800,421,379,57,33,24,6179,3159,3020,59,22,37,1459,778,681,raw_nada/DDW24C-01 MDDS.XLS
24,GUJARAT,472,Sabar Kantha,Total,2428589,1244231,1184358,2260560,1158715,1101845,148563,75495,73068,6375,3245,3130,614,303,311,168,100,68,11110,5682,5428,52,27,25,1147,664,483,raw_nada/DDW24C-01 MDDS.XLS
24,GUJARAT,472,Sabar Kantha,Rural,2064869,1056141,1008728,1999259,1022755,976504,56671,28758,27913,5226,2674,2552,243,132,111,128,78,50,2496,1267,1229,47,24,23,799,453,346,raw_nada/DDW24C-01 MDDS.XLS
24,GUJARAT,472,Sabar Kantha,Urban,363720,188090,175630,261301,135960,125341,91892,46737,45155,1149,571,578,371,171,200,40,22,18,8614,4415,4199,5,3,2,348,211,137,raw_nada/DDW24C-01 MDDS.XLS
24,GUJARAT,473,Gandhinagar,Total,1391753,723864,667889,1319586,686261,633325,57273,29674,27599,3237,1663,1574,1985,1273,712,497,279,218,6405,3280,3125,82,43,39,2688,1391,1297,raw_nada/DDW24C-01 MDDS.XLS
24,GUJARAT,473,Gandhinagar,Rural,791126,408436,382690,766642,395683,370959,21234,10813,10421,478,262,216,855,655,200,103,55,48,1097,580,517,31,16,15,686,372,314,raw_nada/DDW24C-01 MDDS.XLS
24,GUJARAT,473,Gandhinagar,Urban,600627,315428,285199,552944,290578,262366,36039,18861,17178,2759,1401,1358,1130,618,512,394,224,170,5308,2700,2608,51,27,24,2002,1019,983,raw_nada/DDW24C-01 MDDS.XLS
24,GUJARAT,474,Ahmadabad,Total,7214225,3788051,3426174,6042416,3186997,2855419,883238,454108,429130,50754,25822,24932,14542,7599,6943,4518,2366,2152,209287,106152,103135,2055,1053,1002,7415,3954,3461,raw_nada/DDW24C-01 MDDS.XLS
24,GUJARAT,474,Ahmadabad,Rural,1151178,595583,555595,1098367,568570,529797,49820,25412,24408,903,454,449,252,145,107,143,79,64,1058,532,526,36,18,18,599,373,226,raw_nada/DDW24C-01 MDDS.XLS
24,GUJARAT,474,Ahmadabad,Urban,6063047,3192468,2870579,4944049,2618427,2325622,833418,428696,404722,49851,25368,24483,14290,7454,6836,4375,2287,2088,208229,105620,102609,2019,1035,984,6816,3581,3235,raw_nada/DDW24C-01 MDDS.XLS
24,GUJARAT,475,Surendranagar,Total,1756268,909917,846351,1620282,840600,779682,109681,55708,53973,1419,743,676,512,288,224,312,170,142,22992,11798,11194,128,55,73,942,555,387,raw_nada/DDW24C-01 MDDS.XLS
24,GUJARAT,475,Surendranagar,Rural,1259352,649475,609877,1208223,623537,584686,48173,24367,23806,591,312,279,158,81,77,191,100,91,1365,706,659,94,39,55,557,333,224,raw_nada/DDW24C-01 MDDS.XLS
24,GUJARAT,475,Surendranagar,Urban,496916,260442,236474,412059,217063,194996,61508,31341,30167,828,431,397,354,207,147,121,70,51,21627,11092,10535,34,16,18,385,222,163,raw_nada/DDW24C-01 MDDS.XLS
24,GUJARAT,476,Rajkot,Total,3804558,1974445,1830113,3397406,1767568,1629838,361388,183542,177846,5478,2849,2629,1918,1027,891,1170,599,571,33591,16820,16771,269,160,109,3338,1880,1458,raw_nada/DDW24C-01 MDDS.XLS
24,GUJARAT,476,Rajkot,Rural,1590508,816264,774244,1477602,759379,718223,109657,55112,54545,720,374,346,357,204,153,347,177,170,923,489,434,43,24,19,859,505,354,raw_nada/DDW24C-01 MDDS.XLS
24,GUJARAT,476,Rajkot,Urban,2214050,1158181,1055869,1919804,1008189,911615,251731,128430,123301,4758,2475,2283,1561,823,738,823,422,401,32668,16331,16337,226,136,90,2479,1375,1104,raw_nada/DDW24C-01 MDDS.XLS
24,GUJARAT,477,Jamnagar,Total,2160119,1114192,1045927,1810443,936141,874302,320805,163058,157747,4392,2264,2128,1873,1247,626,1086,585,501,18856,9472,9384,136,70,66,2528,1355,1173,raw_nada/DDW24C-01 MDDS.XLS
24,GUJARAT,477,Jamnagar,Rural,1189054,610088,578966,1079652,553972,525680,104162,53198,50964,1518,774,744,626,522,104,193,99,94,2170,1099,1071,19,6,13,714,418,296,raw_nada/DDW24C-01 MDDS.XLS
24,GUJARAT,477,Jamnagar,Urban,971065,504104,466961,730791,382169,348622,216643,109860,106783,2874,1490,1384,1247,725,522,893,486,407,16686,8373,8313,117,64,53,1814,937,877,raw_nada/DDW24C-01 MDDS.XLS
24,GUJARAT,478,Porbandar,Total,585449,300209,285240,549749,282116,267633,33565,16949,16616,500,268,232,248,153,95,91,50,41,515,254,261,38,24,14,743,395,348,raw_nada/DDW24C-01 MDDS.XLS
24,GUJARAT,478,Porbandar,Rural,299775,153260,146515,292862,149707,143155,6567,3364,3203,118,68,50,46,26,20,33,20,13,26,13,13,12,6,6,111,56,55,raw_nada/DDW24C-01 MDDS.XLS
24,GUJARAT,478,Porbandar,Urban,285674,146949,138725,256887,132409,124478,26998,13585,13413,382,200,182,202,127,75,58,30,28,489,241,248,26,18,8,632,339,293,raw_nada/DDW24C-01 MDDS.XLS
24,GUJARAT,479,Junagadh,Total,2743082,1404356,1338726,2397056,1228210,1168846,334858,170387,164471,2586,1317,1269,1110,576,534,1291,672,619,3841,1947,1894,77,42,35,2263,1205,1058,raw_nada/DDW24C-01 MDDS.XLS
24,GUJARAT,479,Junagadh,Rural,1836670,940271,896399,1700293,870687,829606,132791,67695,65096,929,486,443,192,102,90,938,488,450,463,243,220,38,20,18,1026,550,476,raw_nada/DDW24C-01 MDDS.XLS
24,GUJARAT,479,Junagadh,Urban,906412,464085,442327,696763,357523,339240,202067,102692,99375,1657,831,826,918,474,444,353,184,169,3378,1704,1674,39,22,17,1237,655,582,raw_nada/DDW24C-01 MDDS.XLS
24,GUJARAT,480,Amreli,Total,1514190,771049,743141,1410463,717905,692558,99105,50644,48461,919,510,409,415,237,178,243,127,116,2053,1058,995,40,20,20,952,548,404,raw_nada/DDW24C-01 MDDS.XLS
24,GUJARAT,480,Amreli,Rural,1127555,572554,555001,1088877,552711,536166,36585,18694,17891,535,304,231,217,121,96,198,101,97,505,269,236,31,15,16,607,339,268,raw_nada/DDW24C-01 MDDS.XLS
24,GUJARAT,480,Amreli,Urban,386635,198495,188140,321586,165194,156392,62520,31950,30570,384,206,178,198,116,82,45,26,19,1548,789,759,9,5,4,345,209,136,raw_nada/DDW24C-01 MDDS.XLS
24,GUJARAT,481,Bhavnagar,Total,2880365,1490201,1390164,2632574,1362821,1269753,212863,109528,103335,3457,1831,1626,1410,770,640,445,242,203,26974,13613,13361,127,70,57,2515,1326,1189,raw_nada/DDW24C-01 MDDS.XLS
24,GUJARAT,481,Bhavnagar,Rural,1697964,868833,829131,1652449,845061,807388,41483,21615,19868,1237,677,560,174,99,75,159,91,68,1346,694,652,61,29,32,1055,567,488,raw_nada/DDW24C-01 MDDS.XLS
24,GUJARAT,481,Bhavnagar,Urban,1182401,621368,561033,980125,517760,462365,171380,87913,83467,2220,1154,1066,1236,671,565,286,151,135,25628,12919,12709,66,41,25,1460,759,701,raw_nada/DDW24C-01 MDDS.XLS
24,GUJARAT,482,Anand,Total,2092745,1087224,1005521,1798794,936575,862219,250919,128461,122458,29789,15232,14557,1524,827,697,267,146,121,8591,4407,4184,142,83,59,2719,1493,1226,raw_nada/DDW24C-01 MDDS.XLS
24,GUJARAT,482,Anand,Rural,1457758,758499,699259,1328863,692569,636294,111199,56744,54455,14197,7315,6882,291,169,122,116,62,54,1453,756,697,72,41,31,1567,843,724,raw_nada/DDW24C-01 MDDS.XLS
24,GUJARAT,482,Anand,Urban,634987,328725,306262,469931,244006,225925,139720,71717,68003,15592,7917,7675,1233,658,575,151,84,67,7138,3651,3487,70,42,28,1152,650,502,raw_nada/DDW24C-01 MDDS.XLS
24,GUJARAT,483,Kheda,Total,2299885,1185727,1114158,2000884,1032736,968148,264482,135182,129300,26629,13647,12982,1403,728,675,300,158,142,3479,1846,1633,82,41,41,2626,1389,1237,raw_nada/DDW24C-01 MDDS.XLS
24,GUJARAT,483,Kheda,Rural,1776276,915197,861079,1617374,833815,783559,141620,72347,69273,14036,7312,6724,481,239,242,190,104,86,778,405,373,59,31,28,1738,944,794,raw_nada/DDW24C-01 MDDS.XLS
24,GUJARAT,483,Kheda,Urban,523609,270530,253079,383510,198921,184589,122862,62835,60027,12593,6335,6258,922,489,433,110,54,56,2701,1441,1260,23,10,13,888,445,443,raw_nada/DDW24C-01 MDDS.XLS
24,GUJARAT,484,Panch Mahals,Total,2390776,1226961,1163815,2220974,1140071,1080903,158513,81044,77469,2863,1481,1382,662,353,309,337,170,167,5236,2672,2564,131,70,61,2060,1100,960,raw_nada/DDW24C-01 MDDS.XLS
24,GUJARAT,484,Panch Mahals,Rural,2055949,1053376,1002573,2016340,1033039,983301,34670,17696,16974,1228,659,569,281,152,129,240,121,119,1625,830,795,77,44,33,1488,835,653,raw_nada/DDW24C-01 MDDS.XLS
24,GUJARAT,484,Panch Mahals,Urban,334827,173585,161242,204634,107032,97602,123843,63348,60495,1635,822,813,381,201,180,97,49,48,3611,1842,1769,54,26,28,572,265,307,raw_nada/DDW24C-01 MDDS.XLS
24,GUJARAT,485,Dohad,Total,2127086,1068651,1058435,2045243,1026854,1018389,66353,33914,32439,9907,5004,4903,493,241,252,260,143,117,3331,1717,1614,114,58,56,1385,720,665,raw_nada/DDW24C-01 MDDS.XLS
24,GUJARAT,485,Dohad,Rural,1935461,970963,964498,1914724,960300,954424,10540,5443,5097,7221,3678,3543,215,108,107,179,101,78,1287,662,625,79,40,39,1216,631,585,raw_nada/DDW24C-01 MDDS.XLS
24,GUJARAT,485,Dohad,Urban,191625,97688,93937,130519,66554,63965,55813,28471,27342,2686,1326,1360,278,133,145,81,42,39,2044,1055,989,35,18,17,169,89,80,raw_nada/DDW24C-01 MDDS.XLS
24,GUJARAT,486,Vadodara,Total,4165626,2153736,2011890,3713941,1921284,1792657,384579,197961,186618,23813,12099,11714,9340,4985,4355,2069,1117,952,27650,13993,13657,1124,557,567,3110,1740,1370,raw_nada/DDW24C-01 MDDS.XLS
24,GUJARAT,486,Vadodara,Rural,2099855,1077943,1021912,1972614,1012777,959837,122170,62461,59709,1352,706,646,558,304,254,300,155,145,1886,985,901,62,34,28,913,521,392,raw_nada/DDW24C-01 MDDS.XLS
24,GUJARAT,486,Vadodara,Urban,2065771,1075793,989978,1741327,908507,832820,262409,135500,126909,22461,11393,11068,8782,4681,4101,1769,962,807,25764,13008,12756,1062,523,539,2197,1219,978,raw_nada/DDW24C-01 MDDS.XLS
24,GUJARAT,487,Narmada,Total,590297,301086,289211,559848,285703,274145,22600,11538,11062,4413,2113,2300,147,76,71,80,40,40,373,196,177,2078,1007,1071,758,413,345,raw_nada/DDW24C-01 MDDS.XLS
24,GUJARAT,487,Narmada,Rural,528425,269408,259017,509256,259740,249516,12166,6269,5897,3990,1895,2095,94,49,45,69,32,37,101,49,52,2041,990,1051,708,384,324,raw_nada/DDW24C-01 MDDS.XLS
24,GUJARAT,487,Narmada,Urban,61872,31678,30194,50592,25963,24629,10434,5269,5165,423,218,205,53,27,26,11,8,3,272,147,125,37,17,20,50,29,21,raw_nada/DDW24C-01 MDDS.XLS
24,GUJARAT,488,Bharuch,Total,1551019,805707,745312,1188204,619776,568428,343511,175828,167683,9494,4831,4663,1733,930,803,442,261,181,4813,2456,2357,342,190,152,2480,1435,1045,raw_nada/DDW24C-01 MDDS.XLS
24,GUJARAT,488,Bharuch,Rural,1026060,529393,496667,812439,420649,391790,204960,104192,100768,5465,2764,2701,523,322,201,170,99,71,1099,555,544,136,72,64,1268,740,528,raw_nada/DDW24C-01 MDDS.XLS
24,GUJARAT,488,Bharuch,Urban,524959,276314,248645,375765,199127,176638,138551,71636,66915,4029,2067,1962,1210,608,602,272,162,110,3714,1901,1813,206,118,88,1212,695,517,raw_nada/DDW24C-01 MDDS.XLS
24,GUJARAT,489,The Dangs,Total,228291,113821,114470,203545,101578,101967,3593,1813,1780,20029,9842,10187,69,35,34,32,18,14,39,22,17,560,289,271,424,224,200,raw_nada/DDW24C-01 MDDS.XLS
24,GUJARAT,489,The Dangs,Rural,203604,101710,101894,182822,91469,91353,1211,599,612,18618,9138,9480,16,8,8,19,13,6,19,13,6,492,255,237,407,215,192,raw_nada/DDW24C-01 MDDS.XLS
24,GUJARAT,489,The Dangs,Urban,24687,12111,12576,20723,10109,10614,2382,1214,1168,1411,704,707,53,27,26,13,5,8,20,9,11,68,34,34,17,9,8,raw_nada/DDW24C-01 MDDS.XLS
24,GUJARAT,490,Navsari,Total,1329672,678165,651507,1225087,624592,600495,78669,40278,38391,5733,2942,2791,2459,1237,1222,601,325,276,13386,6860,6526,2823,1427,1396,914,504,410,raw_nada/DDW24C-01 MDDS.XLS
24,GUJARAT,490,Navsari,Rural,920535,464749,455786,872077,439947,432130,40587,20610,19977,4392,2254,2138,321,172,149,186,107,79,1995,1148,847,420,210,210,557,301,256,raw_nada/DDW24C-01 MDDS.XLS
24,GUJARAT,490,Navsari,Urban,409137,213416,195721,353010,184645,168365,38082,19668,18414,1341,688,653,2138,1065,1073,415,218,197,11391,5712,5679,2403,1217,1186,357,203,154,raw_nada/DDW24C-01 MDDS.XLS
24,GUJARAT,491,Valsad,Total,1705678,887222,818456,1571147,816304,754843,94034,50349,43685,19661,9846,9815,1589,826,763,913,505,408,13809,6978,6831,1417,722,695,3108,1692,1416,raw_nada/DDW24C-01 MDDS.XLS
24,GUJARAT,491,Valsad,Rural,1070177,542644,527533,1036215,525340,510875,13935,7237,6698,15008,7487,7521,506,254,252,236,136,100,1587,789,798,656,346,310,2034,1055,979,raw_nada/DDW24C-01 MDDS.XLS
24,GUJARAT,491,Valsad,Urban,635501,344578,290923,534932,290964,243968,80099,43112,36987,4653,2359,2294,1083,572,511,677,369,308,12222,6189,6033,761,376,385,1074,637,437,raw_nada/DDW24C-01 MDDS.XLS
24,GUJARAT,492,Surat,Total,6081322,3402224,2679098,5260193,2964682,2295511,660772,353932,306840,21052,10808,10244,5703,3174,2529,12902,6851,6051,112835,58575,54260,3920,1971,1949,3945,2231,1714,raw_nada/DDW24C-01 MDDS.XLS
24,GUJARAT,492,Surat,Rural,1232109,640060,592049,1124751,584583,540168,92507,47867,44640,8579,4256,4323,649,411,238,204,114,90,3905,2039,1866,518,270,248,996,520,476,raw_nada/DDW24C-01 MDDS.XLS
24,GUJARAT,492,Surat,Urban,4849213,2762164,2087049,4135442,2380099,1755343,568265,306065,262200,12473,6552,5921,5054,2763,2291,12698,6737,5961,108930,56536,52394,3402,1701,1701,2949,1711,1238,raw_nada/DDW24C-01 MDDS.XLS
24,GUJARAT,493,Tapi,Total,807022,402188,404834,725890,362117,363773,22309,11388,10921,52930,25647,27283,239,135,104,1476,758,718,1828,965,863,408,210,198,1942,968,974,raw_nada/DDW24C-01 MDDS.XLS
24,GUJARAT,493,Tapi,Rural,727535,361548,365987,662075,329457,332618,9696,4996,4700,51339,24843,26496,123,74,49,1315,668,647,801,422,379,330,167,163,1856,921,935,raw_nada/DDW24C-01 MDDS.XLS
24,GUJARAT,493,Tapi,Urban,79487,40640,38847,63815,32660,31155,12613,6392,6221,1591,804,787,116,61,55,161,90,71,1027,543,484,78,43,35,86,47,39,raw_nada/DDW24C-01 MDDS.XLS
25,DAMAN & DIU,494,Diu,Total,52074,25642,26432,48613,23909,24704,3190,1604,1586,202,96,106,3,1,2,1,1,0,43,23,20,0,0,0,22,8,14,raw_nada/DDW25C-01 MDDS.XLS
25,DAMAN & DIU,494,Diu,Rural,28083,14028,14055,27475,13711,13764,586,307,279,7,3,4,0,0,0,0,0,0,2,1,1,0,0,0,13,6,7,raw_nada/DDW25C-01 MDDS.XLS
25,DAMAN & DIU,494,Diu,Urban,23991,11614,12377,21138,10198,10940,2604,1297,1307,195,93,102,3,1,2,1,1,0,41,22,19,0,0,0,9,2,7,raw_nada/DDW25C-01 MDDS.XLS
25,DAMAN & DIU,495,Daman,Total,191173,124659,66514,171537,113059,58478,16087,9743,6344,2618,1329,1289,169,94,75,216,120,96,244,124,120,79,42,37,223,148,75,raw_nada/DDW25C-01 MDDS.XLS
25,DAMAN & DIU,495,Daman,Rural,32313,18367,13946,30070,17073,12997,2044,1178,866,139,83,56,3,2,1,3,1,2,4,2,2,9,6,3,41,22,19,raw_nada/DDW25C-01 MDDS.XLS
25,DAMAN & DIU,495,Daman,Urban,158860,106292,52568,141467,95986,45481,14043,8565,5478,2479,1246,1233,166,92,74,213,119,94,240,122,118,70,36,34,182,126,56,raw_nada/DDW25C-01 MDDS.XLS
26,DADRA & NAGAR HAVELI,496,Dadra & Nagar Haveli,Total,343709,193760,149949,322857,181976,140881,12922,7701,5221,5113,2555,2558,217,132,85,634,356,278,1186,632,554,293,130,163,487,278,209,raw_nada/DDW26C-01 MDDS.XLS
26,DADRA & NAGAR HAVELI,496,Dadra & Nagar Haveli,Rural,183114,98305,84809,176233,94496,81737,3438,2085,1353,2880,1409,1471,45,32,13,82,54,28,61,35,26,99,46,53,276,148,128,raw_nada/DDW26C-01 MDDS.XLS
26,DADRA & NAGAR HAVELI,496,Dadra & Nagar Haveli,Urban,160595,95455,65140,146624,87480,59144,9484,5616,3868,2233,1146,1087,172,100,72,552,302,250,1125,597,528,194,84,110,211,130,81,raw_nada/DDW26C-01 MDDS.XLS
27,MAHARASHTRA,497,Nandurbar,Total,1648295,833170,815125,1521618,764459,757159,96182,53201,42981,8467,4162,4305,685,346,339,4969,2500,2469,6191,3169,3022,2907,1446,1461,7276,3887,3389,raw_nada/DDW27C-01 MDDS.XLS
27,MAHARASHTRA,497,Nandurbar,Rural,1372821,687671,685150,1335295,668553,666742,16928,8541,8387,6737,3318,3419,270,132,138,3123,1590,1533,1001,529,472,2868,1426,1442,6599,3582,3017,raw_nada/DDW27C-01 MDDS.XLS
27,MAHARASHTRA,497,Nandurbar,Urban,275474,145499,129975,186323,95906,90417,79254,44660,34594,1730,844,886,415,214,201,1846,910,936,5190,2640,2550,39,20,19,677,305,372,raw_nada/DDW27C-01 MDDS.XLS
27,MAHARASHTRA,498,Dhule,Total,2050862,1054031,996831,1825460,939294,886166,187901,95345,92556,3653,1824,1829,1422,718,704,13405,6831,6574,12818,6617,6201,912,462,450,5291,2940,2351,raw_nada/DDW27C-01 MDDS.XLS
27,MAHARASHTRA,498,Dhule,Rural,1479826,758916,720910,1421959,729448,692511,40036,20170,19866,2093,1063,1030,430,201,229,6868,3534,3334,4225,2260,1965,856,434,422,3359,1806,1553,raw_nada/DDW27C-01 MDDS.XLS
27,MAHARASHTRA,498,Dhule,Urban,571036,295115,275921,403501,209846,193655,147865,75175,72690,1560,761,799,992,517,475,6537,3297,3240,8593,4357,4236,56,28,28,1932,1134,798,raw_nada/DDW27C-01 MDDS.XLS
27,MAHARASHTRA,499,Jalgaon,Total,4229917,2197365,2032552,3457615,1802246,1655369,560261,286303,273958,7091,3540,3551,3091,1613,1478,143865,73777,70088,27404,14205,13199,9662,4870,4792,20928,10811,10117,raw_nada/DDW27C-01 MDDS.XLS
27,MAHARASHTRA,499,Jalgaon,Rural,2887206,1500514,1386692,2491109,1297170,1193939,264824,135754,129070,2461,1264,1197,895,452,443,93256,48160,45096,8036,4227,3809,8942,4524,4418,17683,8963,8720,raw_nada/DDW27C-01 MDDS.XLS
27,MAHARASHTRA,499,Jalgaon,Urban,1342711,696851,645860,966506,505076,461430,295437,150549,144888,4630,2276,2354,2196,1161,1035,50609,25617,24992,19368,9978,9390,720,346,374,3245,1848,1397,raw_nada/DDW27C-01 MDDS.XLS
27,MAHARASHTRA,500,Buldana,Total,2586258,1337560,1248698,1845424,956449,888975,354236,182592,171644,3531,1835,1696,1668,884,784,364229,186967,177262,12242,6335,5907,522,270,252,4406,2228,2178,raw_nada/DDW27C-01 MDDS.XLS
27,MAHARASHTRA,500,Buldana,Rural,2037398,1055242,982156,1516619,786810,729809,198801,102706,96095,1985,1064,921,915,483,432,310768,159876,150892,4268,2263,2005,403,207,196,3639,1833,1806,raw_nada/DDW27C-01 MDDS.XLS
27,MAHARASHTRA,500,Buldana,Urban,548860,282318,266542,328805,169639,159166,155435,79886,75549,1546,771,775,753,401,352,53461,27091,26370,7974,4072,3902,119,63,56,767,395,372,raw_nada/DDW27C-01 MDDS.XLS
27,MAHARASHTRA,501,Akola,Total,1813906,932334,881572,1107809,570058,537751,357253,183351,173902,4483,2238,2245,1504,785,719,328033,168222,159811,10205,5290,4915,389,211,178,4230,2179,2051,raw_nada/DDW27C-01 MDDS.XLS
27,MAHARASHTRA,501,Akola,Rural,1094165,563933,530232,718291,370200,348091,132725,68469,64256,1872,979,893,430,235,195,234798,120938,113860,2570,1339,1231,162,90,72,3317,1683,1634,raw_nada/DDW27C-01 MDDS.XLS
27,MAHARASHTRA,501,Akola,Urban,719741,368401,351340,389518,199858,189660,224528,114882,109646,2611,1259,1352,1074,550,524,93235,47284,45951,7635,3951,3684,227,121,106,913,496,417,raw_nada/DDW27C-01 MDDS.XLS
27,MAHARASHTRA,502,Washim,Total,1197160,620302,576858,859949,446855,413094,142672,73041,69631,1707,880,827,518,275,243,179330,92343,86987,8476,4380,4096,381,176,205,4127,2352,1775,raw_nada/DDW27C-01 MDDS.XLS
27,MAHARASHTRA,502,Washim,Rural,985747,511727,474020,749342,389954,359388,67690,34458,33232,928,494,434,200,117,83,160200,82649,77551,3202,1688,1514,334,161,173,3851,2206,1645,raw_nada/DDW27C-01 MDDS.XLS
27,MAHARASHTRA,502,Washim,Urban,211413,108575,102838,110607,56901,53706,74982,38583,36399,779,386,393,318,158,160,19130,9694,9436,5274,2692,2582,47,15,32,276,146,130,raw_nada/DDW27C-01 MDDS.XLS
27,MAHARASHTRA,503,Amravati,Total,2888445,1480768,1407677,2055177,1052816,1002361,421410,216366,205044,7223,3544,3679,2242,1185,1057,383891,197129,186762,11360,5829,5531,3288,1697,1591,3854,2202,1652,raw_nada/DDW27C-01 MDDS.XLS
27,MAHARASHTRA,503,Amravati,Rural,1851158,950633,900525,1412155,724232,687923,153030,78609,74421,3026,1548,1478,767,400,367,274105,141440,132665,3030,1591,1439,2388,1231,1157,2657,1582,1075,raw_nada/DDW27C-01 MDDS.XLS
27,MAHARASHTRA,503,Amravati,Urban,1037287,530135,507152,643022,328584,314438,268380,137757,130623,4197,1996,2201,1475,785,690,109786,55689,54097,8330,4238,4092,900,466,434,1197,620,577,raw_nada/DDW27C-01 MDDS.XLS
27,MAHARASHTRA,504,Wardha,Total,1300774,668385,632389,1057096,543626,513470,53854,27576,26278,2696,1275,1421,2147,1127,1020,175417,89855,85562,5663,2892,2771,2254,1134,1120,1647,900,747,raw_nada/DDW27C-01 MDDS.XLS
27,MAHARASHTRA,504,Wardha,Rural,877474,451874,425600,736457,379306,357151,22012,11227,10785,1065,500,565,1416,726,690,112329,57927,54402,966,493,473,1863,943,920,1366,752,614,raw_nada/DDW27C-01 MDDS.XLS
27,MAHARASHTRA,504,Wardha,Urban,423300,216511,206789,320639,164320,156319,31842,16349,15493,1631,775,856,731,401,330,63088,31928,31160,4697,2399,2298,391,191,200,281,148,133,raw_nada/DDW27C-01 MDDS.XLS
27,MAHARASHTRA,505,Nagpur,Total,4653570,2384975,2268595,3492202,1795245,1696957,390974,200292,190682,34667,17004,17663,20469,10668,9801,668050,337692,330358,24528,12485,12043,12181,6208,5973,10499,5381,5118,raw_nada/DDW27C-01 MDDS.XLS
27,MAHARASHTRA,505,Nagpur,Rural,1474811,758357,716454,1245547,640824,604723,30246,15650,14596,3574,1847,1727,2032,1043,989,178949,91527,87422,1411,745,666,9014,4612,4402,4038,2109,1929,raw_nada/DDW27C-01 MDDS.XLS
27,MAHARASHTRA,505,Nagpur,Urban,3178759,1626618,1552141,2246655,1154421,1092234,360728,184642,176086,31093,15157,15936,18437,9625,8812,489101,246165,242936,23117,11740,11377,3167,1596,1571,6461,3272,3189,raw_nada/DDW27C-01 MDDS.XLS
27,MAHARASHTRA,506,Bhandara,Total,1200334,605520,594814,1009352,509493,499859,26502,13524,12978,2145,1082,1063,831,426,405,154458,77394,77064,1017,515,502,3555,1790,1765,2474,1296,1178,raw_nada/DDW27C-01 MDDS.XLS
27,MAHARASHTRA,506,Bhandara,Rural,966503,487484,479019,828084,417810,410274,9149,4723,4426,1260,632,628,508,259,249,122119,61293,60826,446,238,208,2993,1510,1483,1944,1019,925,raw_nada/DDW27C-01 MDDS.XLS
27,MAHARASHTRA,506,Bhandara,Urban,233831,118036,115795,181268,91683,89585,17353,8801,8552,885,450,435,323,167,156,32339,16101,16238,571,277,294,562,280,282,530,277,253,raw_nada/DDW27C-01 MDDS.XLS
27,MAHARASHTRA,507,Gondiya,Total,1322507,661554,660953,1153861,577270,576591,26157,13070,13087,1827,919,908,2160,1146,1014,125282,62334,62948,1568,786,782,5080,2570,2510,6572,3459,3113,raw_nada/DDW27C-01 MDDS.XLS
27,MAHARASHTRA,507,Gondiya,Rural,1096577,547934,548643,976137,487715,488422,10969,5496,5473,1022,521,501,716,392,324,97396,48501,48895,394,198,196,4751,2402,2349,5192,2709,2483,raw_nada/DDW27C-01 MDDS.XLS
27,MAHARASHTRA,507,Gondiya,Urban,225930,113620,112310,177724,89555,88169,15188,7574,7614,805,398,407,1444,754,690,27886,13833,14053,1174,588,586,329,168,161,1380,750,630,raw_nada/DDW27C-01 MDDS.XLS
27,MAHARASHTRA,508,Gadchiroli,Total,1072942,541328,531614,927411,468440,458971,21063,10461,10602,3872,1988,1884,681,364,317,82695,41761,40934,454,240,214,30047,14819,15228,6719,3255,3464,raw_nada/DDW27C-01 MDDS.XLS
27,MAHARASHTRA,508,Gadchiroli,Rural,954909,481290,473619,837917,422739,415178,10450,5128,5322,3409,1756,1653,358,189,169,66745,33742,33003,250,136,114,29655,14635,15020,6125,2965,3160,raw_nada/DDW27C-01 MDDS.XLS
27,MAHARASHTRA,508,Gadchiroli,Urban,118033,60038,57995,89494,45701,43793,10613,5333,5280,463,232,231,323,175,148,15950,8019,7931,204,104,100,392,184,208,594,290,304,raw_nada/DDW27C-01 MDDS.XLS
27,MAHARASHTRA,509,Chandrapur,Total,2204307,1123834,1080473,1780085,908603,871482,92297,46740,45557,10701,5308,5393,5251,2764,2487,286734,145664,141070,3861,2006,1855,23188,11608,11580,2190,1141,1049,raw_nada/DDW27C-01 MDDS.XLS
27,MAHARASHTRA,509,Chandrapur,Rural,1428929,726106,702823,1218996,619624,599372,22206,11144,11062,2509,1264,1245,1538,800,738,161095,81890,79205,749,410,339,20233,10120,10113,1603,854,749,raw_nada/DDW27C-01 MDDS.XLS
27,MAHARASHTRA,509,Chandrapur,Urban,775378,397728,377650,561089,288979,272110,70091,35596,34495,8192,4044,4148,3713,1964,1749,125639,63774,61865,3112,1596,1516,2955,1488,1467,587,287,300,raw_nada/DDW27C-01 MDDS.XLS
27,MAHARASHTRA,510,Yavatmal,Total,2772348,1419965,1352383,2251401,1154093,1097308,239236,122008,117228,4567,2235,2332,1596,864,732,249874,127542,122332,11422,5887,5535,3745,1888,1857,10507,5448,5059,raw_nada/DDW27C-01 MDDS.XLS
27,MAHARASHTRA,510,Yavatmal,Rural,2174195,1115148,1059047,1851751,950274,901477,110567,56274,54293,2322,1138,1184,1000,566,434,192001,98346,93655,3679,1916,1763,3404,1703,1701,9471,4931,4540,raw_nada/DDW27C-01 MDDS.XLS
27,MAHARASHTRA,510,Yavatmal,Urban,598153,304817,293336,399650,203819,195831,128669,65734,62935,2245,1097,1148,596,298,298,57873,29196,28677,7743,3971,3772,341,185,156,1036,517,519,raw_nada/DDW27C-01 MDDS.XLS
27,MAHARASHTRA,511,Nanded,Total,3361292,1730075,1631217,2501741,1288483,1213258,471951,241914,230037,3902,2013,1889,13540,7128,6412,354189,181957,172232,5049,2607,2442,1273,654,619,9647,5319,4328,raw_nada/DDW27C-01 MDDS.XLS
27,MAHARASHTRA,511,Nanded,Rural,2447394,1258160,1189234,2016305,1036764,979541,186377,95355,91022,1838,949,889,2037,1089,948,230409,118310,112099,1289,668,621,905,462,443,8234,4563,3671,raw_nada/DDW27C-01 MDDS.XLS
27,MAHARASHTRA,511,Nanded,Urban,913898,471915,441983,485436,251719,233717,285574,146559,139015,2064,1064,1000,11503,6039,5464,123780,63647,60133,3760,1939,1821,368,192,176,1413,756,657,raw_nada/DDW27C-01 MDDS.XLS
27,MAHARASHTRA,512,Hingoli,Total,1177345,606294,571051,863199,445697,417502,127552,65102,62450,992,513,479,643,322,321,176679,90377,86302,5278,2745,2533,103,53,50,2899,1485,1414,raw_nada/DDW27C-01 MDDS.XLS
27,MAHARASHTRA,512,Hingoli,Rural,998612,514430,484182,773529,399296,374233,61471,31366,30105,661,344,317,424,213,211,157088,80409,76679,2650,1370,1280,76,38,38,2713,1394,1319,raw_nada/DDW27C-01 MDDS.XLS
27,MAHARASHTRA,512,Hingoli,Urban,178733,91864,86869,89670,46401,43269,66081,33736,32345,331,169,162,219,109,110,19591,9968,9623,2628,1375,1253,27,15,12,186,91,95,raw_nada/DDW27C-01 MDDS.XLS
27,MAHARASHTRA,513,Parbhani,Total,1836086,942870,893216,1328385,684637,643748,306364,155921,150443,2081,1052,1029,1371,690,681,187899,95389,92510,6238,3221,3017,262,135,127,3486,1825,1661,raw_nada/DDW27C-01 MDDS.XLS
27,MAHARASHTRA,513,Parbhani,Rural,1266280,651886,614394,1051517,542404,509113,86561,43927,42634,899,478,421,478,237,241,123803,63240,60563,1349,701,648,47,29,18,1626,870,756,raw_nada/DDW27C-01 MDDS.XLS
27,MAHARASHTRA,513,Parbhani,Urban,569806,290984,278822,276868,142233,134635,219803,111994,107809,1182,574,608,893,453,440,64096,32149,31947,4889,2520,2369,215,106,109,1860,955,905,raw_nada/DDW27C-01 MDDS.XLS
27,MAHARASHTRA,514,Jalna,Total,1959046,1011473,947573,1504641,778617,726024,274221,140416,133805,12542,6212,6330,1629,805,824,152540,78357,74183,9619,4935,4684,336,175,161,3518,1956,1562,raw_nada/DDW27C-01 MDDS.XLS
27,MAHARASHTRA,514,Jalna,Rural,1581617,817279,764338,1279298,661696,617602,163998,84339,79659,4344,2223,2121,748,366,382,127475,65601,61874,3480,1818,1662,146,83,63,2128,1153,975,raw_nada/DDW27C-01 MDDS.XLS
27,MAHARASHTRA,514,Jalna,Urban,377429,194194,183235,225343,116921,108422,110223,56077,54146,8198,3989,4209,881,439,442,25065,12756,12309,6139,3117,3022,190,92,98,1390,803,587,raw_nada/DDW27C-01 MDDS.XLS
27,MAHARASHTRA,515,Aurangabad,Total,3701282,1924469,1776813,2545438,1330002,1215436,786677,404506,382171,15991,7919,8072,5142,2781,2361,309093,158922,150171,30981,15920,15061,1005,524,481,6955,3895,3060,raw_nada/DDW27C-01 MDDS.XLS
27,MAHARASHTRA,515,Aurangabad,Rural,2081112,1081825,999287,1660158,864823,795335,310027,159651,150376,2501,1298,1203,790,389,401,96536,49665,46871,6496,3340,3156,348,179,169,4256,2480,1776,raw_nada/DDW27C-01 MDDS.XLS
27,MAHARASHTRA,515,Aurangabad,Urban,1620170,842644,777526,885280,465179,420101,476650,244855,231795,13490,6621,6869,4352,2392,1960,212557,109257,103300,24485,12580,11905,657,345,312,2699,1415,1284,raw_nada/DDW27C-01 MDDS.XLS
27,MAHARASHTRA,516,Nashik,Total,6107187,3157186,2950001,5237009,2712698,2524311,693052,353902,339150,23946,11898,12048,8912,4909,4003,94783,48395,46388,38212,19548,18664,1795,962,833,9478,4874,4604,raw_nada/DDW27C-01 MDDS.XLS
27,MAHARASHTRA,516,Nashik,Rural,3509814,1804712,1705102,3410367,1753694,1656673,60696,31103,29593,2758,1444,1314,870,470,400,22462,11454,11008,6928,3528,3400,399,223,176,5334,2796,2538,raw_nada/DDW27C-01 MDDS.XLS
27,MAHARASHTRA,516,Nashik,Urban,2597373,1352474,1244899,1826642,959004,867638,632356,322799,309557,21188,10454,10734,8042,4439,3603,72321,36941,35380,31284,16020,15264,1396,739,657,4144,2078,2066,raw_nada/DDW27C-01 MDDS.XLS
27,MAHARASHTRA,517,Thane,Total,11060148,5865078,5195070,8716055,4625529,4090526,1355630,739073,616557,280700,139475,141225,39149,20448,18701,449617,228145,221472,172052,87903,84149,9862,5206,4656,37083,19299,17784,raw_nada/DDW27C-01 MDDS.XLS
27,MAHARASHTRA,517,Thane,Rural,2545470,1300136,1245334,2405284,1226869,1178415,51634,28248,23386,16982,8449,8533,1288,723,565,56684,28746,27938,3589,1866,1723,870,457,413,9139,4778,4361,raw_nada/DDW27C-01 MDDS.XLS
27,MAHARASHTRA,517,Thane,Urban,8514678,4564942,3949736,6310771,3398660,2912111,1303996,710825,593171,263718,131026,132692,37861,19725,18136,392933,199399,193534,168463,86037,82426,8992,4749,4243,27944,14521,13423,raw_nada/DDW27C-01 MDDS.XLS
27,MAHARASHTRA,518,Mumbai Suburban,Total,9356962,5031323,4325639,6337132,3439236,2897896,1795788,980832,814956,322476,157293,165183,47288,24634,22654,469568,235869,233699,343639,172042,171597,18345,9160,9185,22726,12257,10469,raw_nada/DDW27C-01 MDDS.XLS
27,MAHARASHTRA,518,Mumbai Suburban,Rural,0,0,0,0,0,0,0,0,0,0,0,0,0,0,0,0,0,0,0,0,0,0,0,0,0,0,0,raw_nada/DDW27C-01 MDDS.XLS
27,MAHARASHTRA,518,Mumbai Suburban,Urban,9356962,5031323,4325639,6337132,3439236,2897896,1795788,980832,814956,322476,157293,165183,47288,24634,22654,469568,235869,233699,343639,172042,171597,18345,9160,9185,22726,12257,10469,raw_nada/DDW27C-01 MDDS.XLS
27,MAHARASHTRA,519,Mumbai,Total,3085411,1684608,1400803,1873762,1025720,848042,773173,441648,331525,84555,40927,43628,13471,7163,6308,134257,66294,67963,166000,82950,83050,31094,15063,16031,9099,4843,4256,raw_nada/DDW27C-01 MDDS.XLS
27,MAHARASHTRA,519,Mumbai,Rural,0,0,0,0,0,0,0,0,0,0,0,0,0,0,0,0,0,0,0,0,0,0,0,0,0,0,0,raw_nada/DDW27C-01 MDDS.XLS
27,MAHARASHTRA,519,Mumbai,Urban,3085411,1684608,1400803,1873762,1025720,848042,773173,441648,331525,84555,40927,43628,13471,7163,6308,134257,66294,67963,166000,82950,83050,31094,15063,16031,9099,4843,4256,raw_nada/DDW27C-01 MDDS.XLS
27,MAHARASHTRA,520,Raigarh,Total,2634200,1344345,1289855,2239370,1144864,1094506,227465,115515,111950,17452,8880,8572,7477,3982,3495,121791,60457,61334,12260,6286,5974,1159,601,558,7226,3760,3466,raw_nada/DDW27C-01 MDDS.XLS
27,MAHARASHTRA,520,Raigarh,Rural,1664005,836996,827009,1472903,742287,730616,112532,55952,56580,4055,2088,1967,818,445,373,67524,33005,34519,2098,1048,1050,325,174,151,3750,1997,1753,raw_nada/DDW27C-01 MDDS.XLS
27,MAHARASHTRA,520,Raigarh,Urban,970195,507349,462846,766467,402577,363890,114933,59563,55370,13397,6792,6605,6659,3537,3122,54267,27452,26815,10162,5238,4924,834,427,407,3476,1763,1713,raw_nada/DDW27C-01 MDDS.XLS
27,MAHARASHTRA,521,Pune,Total,9429408,4924105,4505303,8090254,4232975,3857279,673704,352757,320947,134192,66449,67743,27090,14974,12116,340404,172748,167656,127786,65560,62226,9873,5116,4757,26105,13526,12579,raw_nada/DDW27C-01 MDDS.XLS
27,MAHARASHTRA,521,Pune,Rural,3678226,1903440,1774786,3441947,1781347,1660600,110986,57894,53092,9407,4934,4473,2361,1388,973,91299,46388,44911,11874,6157,5717,947,527,420,9405,4805,4600,raw_nada/DDW27C-01 MDDS.XLS
27,MAHARASHTRA,521,Pune,Urban,5751182,3020665,2730517,4648307,2451628,2196679,562718,294863,267855,124785,61515,63270,24729,13586,11143,249105,126360,122745,115912,59403,56509,8926,4589,4337,16700,8721,7979,raw_nada/DDW27C-01 MDDS.XLS
27,MAHARASHTRA,522,Ahmadnagar,Total,4543159,2342825,2200334,4107143,2121148,1985995,320743,163432,157311,22766,11033,11733,5431,2956,2475,33898,17286,16612,38718,19776,18942,1408,725,683,13052,6469,6583,raw_nada/DDW27C-01 MDDS.XLS
27,MAHARASHTRA,522,Ahmadnagar,Rural,3630542,1872907,1757635,3399231,1755419,1643812,175708,89507,86201,8885,4346,4539,1329,686,643,23317,11919,11398,12112,6187,5925,349,186,163,9611,4657,4954,raw_nada/DDW27C-01 MDDS.XLS
27,MAHARASHTRA,522,Ahmadnagar,Urban,912617,469918,442699,707912,365729,342183,145035,73925,71110,13881,6687,7194,4102,2270,1832,10581,5367,5214,26606,13589,13017,1059,539,520,3441,1812,1629,raw_nada/DDW27C-01 MDDS.XLS
27,MAHARASHTRA,523,Bid,Total,2585049,1349106,1235943,2174672,1138523,1036149,320395,164405,155990,2097,1113,984,824,412,412,68482,35005,33477,8719,4579,4140,399,208,191,9461,4861,4600,raw_nada/DDW27C-01 MDDS.XLS
27,MAHARASHTRA,523,Bid,Rural,2070751,1082978,987773,1864852,976988,887864,151692,77967,73725,1203,668,535,499,252,247,43355,22202,21153,3356,1786,1570,135,65,70,5659,3050,2609,raw_nada/DDW27C-01 MDDS.XLS
27,MAHARASHTRA,523,Bid,Urban,514298,266128,248170,309820,161535,148285,168703,86438,82265,894,445,449,325,160,165,25127,12803,12324,5363,2793,2570,264,143,121,3802,1811,1991,raw_nada/DDW27C-01 MDDS.XLS
27,MAHARASHTRA,524,Latur,Total,2454196,1273140,1181056,2006984,1042919,964065,367664,189202,178462,2387,1275,1112,935,491,444,66535,34263,32272,6387,3313,3074,310,170,140,2994,1507,1487,raw_nada/DDW27C-01 MDDS.XLS
27,MAHARASHTRA,524,Latur,Rural,1829216,949707,879509,1586546,825060,761486,195892,100423,95469,1247,670,577,430,232,198,40626,21011,19615,2585,1356,1229,115,59,56,1775,896,879,raw_nada/DDW27C-01 MDDS.XLS
27,MAHARASHTRA,524,Latur,Urban,624980,323433,301547,420438,217859,202579,171772,88779,82993,1140,605,535,505,259,246,25909,13252,12657,3802,1957,1845,195,111,84,1219,611,608,raw_nada/DDW27C-01 MDDS.XLS
27,MAHARASHTRA,525,Osmanabad,Total,1657576,861535,796041,1437623,748657,688966,178925,91644,87281,942,465,477,340,187,153,28216,14633,13583,4530,2352,2178,195,92,103,6805,3505,3300,raw_nada/DDW27C-01 MDDS.XLS
27,MAHARASHTRA,525,Osmanabad,Rural,1376519,716237,660282,1238444,645248,593196,111227,57085,54142,555,277,278,217,123,94,17686,9197,8489,2523,1296,1227,79,37,42,5788,2974,2814,raw_nada/DDW27C-01 MDDS.XLS
27,MAHARASHTRA,525,Osmanabad,Urban,281057,145298,135759,199179,103409,95770,67698,34559,33139,387,188,199,123,64,59,10530,5436,5094,2007,1056,951,116,55,61,1017,531,486,raw_nada/DDW27C-01 MDDS.XLS
27,MAHARASHTRA,526,Solapur,Total,4317756,2227852,2089904,3795424,1962275,1833149,441254,223956,217298,9882,4939,4943,1279,652,627,35497,17968,17529,28134,14635,13499,568,282,286,5718,3145,2573,raw_nada/DDW27C-01 MDDS.XLS
27,MAHARASHTRA,526,Solapur,Rural,2918665,1518343,1400322,2712011,1412204,1299807,176641,90378,86263,1709,920,789,526,271,255,15005,7682,7323,9319,4934,4385,203,94,109,3251,1860,1391,raw_nada/DDW27C-01 MDDS.XLS
27,MAHARASHTRA,526,Solapur,Urban,1399091,709509,689582,1083413,550071,533342,264613,133578,131035,8173,4019,4154,753,381,372,20492,10286,10206,18815,9701,9114,365,188,177,2467,1285,1182,raw_nada/DDW27C-01 MDDS.XLS
27,MAHARASHTRA,527,Satara,Total,3003741,1510842,1492899,2691952,1354608,1337344,146970,74393,72577,4408,2104,2304,1182,628,554,141315,69739,71576,12810,6576,6234,676,364,312,4428,2430,1998,raw_nada/DDW27C-01 MDDS.XLS
27,MAHARASHTRA,527,Satara,Rural,2433363,1219749,1213614,2235990,1121141,1114849,77536,39198,38338,1994,1026,968,773,389,384,110814,54626,56188,3109,1598,1511,198,115,83,2949,1656,1293,raw_nada/DDW27C-01 MDDS.XLS
27,MAHARASHTRA,527,Satara,Urban,570378,291093,279285,455962,233467,222495,69434,35195,34239,2414,1078,1336,409,239,170,30501,15113,15388,9701,4978,4723,478,249,229,1479,774,705,raw_nada/DDW27C-01 MDDS.XLS
27,MAHARASHTRA,528,Ratnagiri,Total,1615069,761121,853948,1307211,616254,690957,187197,87864,99333,1990,1008,982,230,129,101,113467,53342,60125,3347,1719,1628,95,63,32,1532,742,790,raw_nada/DDW27C-01 MDDS.XLS
27,MAHARASHTRA,528,Ratnagiri,Rural,1351346,630213,721133,1128657,526213,602444,115586,53795,61791,1081,546,535,111,58,53,102933,48092,54841,1616,833,783,56,42,14,1306,634,672,raw_nada/DDW27C-01 MDDS.XLS
27,MAHARASHTRA,528,Ratnagiri,Urban,263723,130908,132815,178554,90041,88513,71611,34069,37542,909,462,447,119,71,48,10534,5250,5284,1731,886,845,39,21,18,226,108,118,raw_nada/DDW27C-01 MDDS.XLS
27,MAHARASHTRA,529,Sindhudurg,Total,849651,417332,432319,780384,383625,396759,26264,13135,13129,15471,7396,8075,219,126,93,24762,11685,13077,1046,546,500,53,36,17,1452,783,669,raw_nada/DDW27C-01 MDDS.XLS
27,MAHARASHTRA,529,Sindhudurg,Rural,742645,363268,379377,689100,337391,351709,17707,8822,8885,11348,5411,5937,157,82,75,22315,10475,11840,828,430,398,34,20,14,1156,637,519,raw_nada/DDW27C-01 MDDS.XLS
27,MAHARASHTRA,529,Sindhudurg,Urban,107006,54064,52942,91284,46234,45050,8557,4313,4244,4123,1985,2138,62,44,18,2447,1210,1237,218,116,102,19,16,3,296,146,150,raw_nada/DDW27C-01 MDDS.XLS
27,MAHARASHTRA,530,Kolhapur,Total,3876001,1980658,1895343,3379906,1728058,1651848,286558,144947,141611,15573,7709,7864,1570,828,742,29766,15142,14624,154882,80024,74858,1274,667,607,6472,3283,3189,raw_nada/DDW27C-01 MDDS.XLS
27,MAHARASHTRA,530,Kolhapur,Rural,2645992,1348815,1297177,2378442,1212284,1166158,131071,66113,64958,7705,3826,3879,656,339,317,21815,11026,10789,102231,53132,49099,355,188,167,3717,1907,1810,raw_nada/DDW27C-01 MDDS.XLS
27,MAHARASHTRA,530,Kolhapur,Urban,1230009,631843,598166,1001464,515774,485690,155487,78834,76653,7868,3883,3985,914,489,425,7951,4116,3835,52651,26892,25759,919,479,440,2755,1376,1379,raw_nada/DDW27C-01 MDDS.XLS
27,MAHARASHTRA,531,Sangli,Total,2822143,1435728,1386415,2440312,1242390,1197922,239607,120693,118914,9098,4409,4689,1260,648,612,38210,18922,19288,87453,45284,42169,769,418,351,5434,2964,2470,raw_nada/DDW27C-01 MDDS.XLS
27,MAHARASHTRA,531,Sangli,Rural,2102786,1071124,1031662,1901788,968537,933251,109832,55645,54187,1537,737,800,463,240,223,27180,13502,13678,58300,30395,27905,194,104,90,3492,1964,1528,raw_nada/DDW27C-01 MDDS.XLS
27,MAHARASHTRA,531,Sangli,Urban,719357,364604,354753,538524,273853,264671,129775,65048,64727,7561,3672,3889,797,408,389,11030,5420,5610,29153,14889,14264,575,314,261,1942,1000,942,raw_nada/DDW27C-01 MDDS.XLS
28,ANDHRA PRADESH,532,Adilabad,Total,2741239,1369597,1371642,2399901,1198137,1201764,275970,138886,137084,15422,7481,7941,1377,733,644,25510,12910,12600,617,317,300,322,157,165,22120,10976,11144,raw_nada/DDW28C-01 MDDS.XLS
28,ANDHRA PRADESH,532,Adilabad,Rural,1980980,985303,995677,1831741,910811,920930,106059,52901,53158,7185,3481,3704,623,318,305,19209,9734,9475,269,130,139,212,104,108,15682,7824,7858,raw_nada/DDW28C-01 MDDS.XLS
28,ANDHRA PRADESH,532,Adilabad,Urban,760259,384294,375965,568160,287326,280834,169911,85985,83926,8237,4000,4237,754,415,339,6301,3176,3125,348,187,161,110,53,57,6438,3152,3286,raw_nada/DDW28C-01 MDDS.XLS
28,ANDHRA PRADESH,533,Nizamabad,Total,2551335,1250641,1300694,2123426,1036875,1086551,391596,196117,195479,19653,9483,10170,2357,1198,1159,1847,962,885,542,268,274,146,69,77,11768,5669,6099,raw_nada/DDW28C-01 MDDS.XLS
28,ANDHRA PRADESH,533,Nizamabad,Rural,1962963,958837,1004126,1757997,857399,900598,181916,90307,91609,12512,6042,6470,951,476,475,672,342,330,176,79,97,118,56,62,8621,4136,4485,raw_nada/DDW28C-01 MDDS.XLS
28,ANDHRA PRADESH,533,Nizamabad,Urban,588372,291804,296568,365429,179476,185953,209680,105810,103870,7141,3441,3700,1406,722,684,1175,620,555,366,189,177,28,13,15,3147,1533,1614,raw_nada/DDW28C-01 MDDS.XLS
28,ANDHRA PRADESH,534,Karimnagar,Total,3776269,1880800,1895469,3491139,1738582,1752557,244723,122547,122176,24979,12172,12807,2086,1066,1020,332,170,162,312,147,165,115,58,57,12583,6058,6525,raw_nada/DDW28C-01 MDDS.XLS
28,ANDHRA PRADESH,534,Karimnagar,Rural,2825044,1401950,1423094,2710845,1345706,1365139,89768,44380,45388,14253,6969,7284,468,238,230,188,94,94,201,88,113,90,46,44,9231,4429,4802,raw_nada/DDW28C-01 MDDS.XLS
28,ANDHRA PRADESH,534,Karimnagar,Urban,951225,478850,472375,780294,392876,387418,154955,78167,76788,10726,5203,5523,1618,828,790,144,76,68,111,59,52,25,12,13,3352,1629,1723,raw_nada/DDW28C-01 MDDS.XLS
28,ANDHRA PRADESH,535,Medak,Total,3033288,1523030,1510258,2637313,1322462,1314851,342449,174131,168318,34301,17004,17297,1309,685,624,554,279,275,457,222,235,217,119,98,16688,8128,8560,raw_nada/DDW28C-01 MDDS.XLS
28,ANDHRA PRADESH,535,Medak,Rural,2305417,1152806,1152611,2080740,1039125,1041615,195990,99552,96438,17917,8893,9024,463,239,224,398,197,201,267,122,145,138,72,66,9504,4606,4898,raw_nada/DDW28C-01 MDDS.XLS
28,ANDHRA PRADESH,535,Medak,Urban,727871,370224,357647,556573,283337,273236,146459,74579,71880,16384,8111,8273,846,446,400,156,82,74,190,100,90,79,47,32,7184,3522,3662,raw_nada/DDW28C-01 MDDS.XLS
28,ANDHRA PRADESH,536,Hyderabad,Total,3943323,2018575,1924748,2046051,1046624,999427,1713405,880127,833278,87522,43291,44231,11446,6005,5441,1268,695,573,19560,9922,9638,1929,976,953,62142,30935,31207,raw_nada/DDW28C-01 MDDS.XLS
28,ANDHRA PRADESH,536,Hyderabad,Rural,0,0,0,0,0,0,0,0,0,0,0,0,0,0,0,0,0,0,0,0,0,0,0,0,0,0,0,raw_nada/DDW28C-01 MDDS.XLS
28,ANDHRA PRADESH,536,Hyderabad,Urban,3943323,2018575,1924748,2046051,1046624,999427,1713405,880127,833278,87522,43291,44231,11446,6005,5441,1268,695,573,19560,9922,9638,1929,976,953,62142,30935,31207,raw_nada/DDW28C-01 MDDS.XLS
28,ANDHRA PRADESH,537,Rangareddy,Total,5296741,2701008,2595733,4458858,2278062,2180796,617518,314364,303154,144037,71742,72295,8062,4336,3726,2041,1087,954,3536,1828,1708,1629,861,768,61060,28728,32332,raw_nada/DDW28C-01 MDDS.XLS
28,ANDHRA PRADESH,537,Rangareddy,Rural,1577569,801013,776556,1428507,725514,702993,126097,63990,62107,13836,6814,7022,597,325,272,455,246,209,289,144,145,135,66,69,7653,3914,3739,raw_nada/DDW28C-01 MDDS.XLS
28,ANDHRA PRADESH,537,Rangareddy,Urban,3719172,1899995,1819177,3030351,1552548,1477803,491421,250374,241047,130201,64928,65273,7465,4011,3454,1586,841,745,3247,1684,1563,1494,795,699,53407,24814,28593,raw_nada/DDW28C-01 MDDS.XLS
28,ANDHRA PRADESH,538,Mahbubnagar,Total,4053028,2050386,2002642,3673456,1859243,1814213,334172,168594,165578,21345,10494,10851,658,350,308,290,143,147,388,176,212,267,121,146,22452,11265,11187,raw_nada/DDW28C-01 MDDS.XLS
28,ANDHRA PRADESH,538,Mahbubnagar,Rural,3445336,1742438,1702898,3226897,1632874,1594023,186554,93664,92890,12454,6135,6319,381,200,181,226,112,114,307,142,165,227,102,125,18290,9209,9081,raw_nada/DDW28C-01 MDDS.XLS
28,ANDHRA PRADESH,538,Mahbubnagar,Urban,607692,307948,299744,446559,226369,220190,147618,74930,72688,8891,4359,4532,277,150,127,64,31,33,81,34,47,40,19,21,4162,2056,2106,raw_nada/DDW28C-01 MDDS.XLS
28,ANDHRA PRADESH,539,Nalgonda,Total,3488809,1759772,1729037,3249231,1640314,1608917,188646,94712,93934,35025,17078,17947,937,528,409,241,129,112,250,130,120,132,61,71,14347,6820,7527,raw_nada/DDW28C-01 MDDS.XLS
28,ANDHRA PRADESH,539,Nalgonda,Rural,2826302,1427716,1398586,2691256,1360100,1331156,98497,49606,48891,24664,12139,12525,496,309,187,170,87,83,202,105,97,97,44,53,10920,5326,5594,raw_nada/DDW28C-01 MDDS.XLS
28,ANDHRA PRADESH,539,Nalgonda,Urban,662507,332056,330451,557975,280214,277761,90149,45106,45043,10361,4939,5422,441,219,222,71,42,29,48,25,23,35,17,18,3427,1494,1933,raw_nada/DDW28C-01 MDDS.XLS
28,ANDHRA PRADESH,540,Warangal,Total,3512576,1759281,1753295,3273755,1640261,1633494,197333,98880,98453,31377,15029,16348,1453,773,680,253,134,119,569,284,285,126,67,59,7710,3853,3857,raw_nada/DDW28C-01 MDDS.XLS
28,ANDHRA PRADESH,540,Warangal,Rural,2520243,1260594,1259649,2428878,1215222,1213656,70585,35233,35352,15559,7565,7994,219,132,87,129,75,54,158,78,80,75,41,34,4640,2248,2392,raw_nada/DDW28C-01 MDDS.XLS
28,ANDHRA PRADESH,540,Warangal,Urban,992333,498687,493646,844877,425039,419838,126748,63647,63101,15818,7464,8354,1234,641,593,124,59,65,411,206,205,51,26,25,3070,1605,1465,raw_nada/DDW28C-01 MDDS.XLS
28,ANDHRA PRADESH,541,Khammam,Total,2797370,1390988,1406382,2595321,1290929,1304392,158887,79156,79731,33463,16152,17311,655,356,299,217,113,104,459,221,238,539,291,248,7829,3770,4059,raw_nada/DDW28C-01 MDDS.XLS
28,ANDHRA PRADESH,541,Khammam,Rural,2141459,1066781,1074678,2036386,1014979,1021407,77793,38617,39176,20130,9653,10477,278,151,127,152,77,75,272,133,139,466,254,212,5982,2917,3065,raw_nada/DDW28C-01 MDDS.XLS
28,ANDHRA PRADESH,541,Khammam,Urban,655911,324207,331704,558935,275950,282985,81094,40539,40555,13333,6499,6834,377,205,172,65,36,29,187,88,99,73,37,36,1847,853,994,raw_nada/DDW28C-01 MDDS.XLS
28,ANDHRA PRADESH,542,Srikakulam,Total,2703114,1341738,1361376,2666950,1324064,1342886,9025,4427,4598,18879,8995,9884,193,98,95,77,50,27,160,77,83,106,52,54,7724,3975,3749,raw_nada/DDW28C-01 MDDS.XLS
28,ANDHRA PRADESH,542,Srikakulam,Rural,2266411,1126888,1139523,2241253,1114477,1126776,3457,1685,1772,14744,7105,7639,121,62,59,54,34,20,98,46,52,75,35,40,6609,3444,3165,raw_nada/DDW28C-01 MDDS.XLS
28,ANDHRA PRADESH,542,Srikakulam,Urban,436703,214850,221853,425697,209587,216110,5568,2742,2826,4135,1890,2245,72,36,36,23,16,7,62,31,31,31,17,14,1115,531,584,raw_nada/DDW28C-01 MDDS.XLS
28,ANDHRA PRADESH,543,Vizianagaram,Total,2344474,1161477,1182997,2299129,1139597,1159532,16423,8157,8266,17853,8522,9331,380,196,184,114,49,65,815,426,389,183,85,98,9577,4445,5132,raw_nada/DDW28C-01 MDDS.XLS
28,ANDHRA PRADESH,543,Vizianagaram,Rural,1853563,920428,933135,1828184,908295,919889,5686,2777,2909,11969,5714,6255,147,75,72,69,27,42,116,59,57,132,58,74,7260,3423,3837,raw_nada/DDW28C-01 MDDS.XLS
28,ANDHRA PRADESH,543,Vizianagaram,Urban,490911,241049,249862,470945,231302,239643,10737,5380,5357,5884,2808,3076,233,121,112,45,22,23,699,367,332,51,27,24,2317,1022,1295,raw_nada/DDW28C-01 MDDS.XLS
28,ANDHRA PRADESH,544,Visakhapatnam,Total,4290589,2138910,2151679,4105320,2047096,2058224,86330,43710,42620,77607,37374,40233,2301,1288,1013,850,436,414,2316,1154,1162,286,141,145,15579,7711,7868,raw_nada/DDW28C-01 MDDS.XLS
28,ANDHRA PRADESH,544,Visakhapatnam,Rural,2254667,1113234,1141433,2214148,1093528,1120620,13208,6438,6770,20018,9533,10485,466,269,197,196,89,107,178,95,83,81,35,46,6372,3247,3125,raw_nada/DDW28C-01 MDDS.XLS
28,ANDHRA PRADESH,544,Visakhapatnam,Urban,2035922,1025676,1010246,1891172,953568,937604,73122,37272,35850,57589,27841,29748,1835,1019,816,654,347,307,2138,1059,1079,205,106,99,9207,4464,4743,raw_nada/DDW28C-01 MDDS.XLS
28,ANDHRA PRADESH,545,East Godavari,Total,5154296,2569688,2584608,4983330,2487132,2496198,77777,38695,39082,77825,36362,41463,738,404,334,413,214,199,4149,2139,2010,403,201,202,9661,4541,5120,raw_nada/DDW28C-01 MDDS.XLS
28,ANDHRA PRADESH,545,East Godavari,Rural,3840324,1922293,1918031,3757148,1882343,1874805,30912,15341,15571,45596,21305,24291,258,145,113,259,138,121,286,149,137,315,154,161,5550,2718,2832,raw_nada/DDW28C-01 MDDS.XLS
28,ANDHRA PRADESH,545,East Godavari,Urban,1313972,647395,666577,1226182,604789,621393,46865,23354,23511,32229,15057,17172,480,259,221,154,76,78,3863,1990,1873,88,47,41,4111,1823,2288,raw_nada/DDW28C-01 MDDS.XLS
28,ANDHRA PRADESH,546,West Godavari,Total,3936966,1964918,1972048,3733191,1865076,1868115,86142,42752,43390,109120,52743,56377,288,175,113,209,124,85,1578,819,759,211,117,94,6227,3112,3115,raw_nada/DDW28C-01 MDDS.XLS
28,ANDHRA PRADESH,546,West Godavari,Rural,3128189,1567013,1561176,2993945,1500942,1493003,46218,22996,23222,83227,40673,42554,164,101,63,118,73,45,138,69,69,142,74,68,4237,2085,2152,raw_nada/DDW28C-01 MDDS.XLS
28,ANDHRA PRADESH,546,West Godavari,Urban,808777,397905,410872,739246,364134,375112,39924,19756,20168,25893,12070,13823,124,74,50,91,51,40,1440,750,690,69,43,26,1990,1027,963,raw_nada/DDW28C-01 MDDS.XLS
28,ANDHRA PRADESH,547,Krishna,Total,4517398,2267375,2250023,4023678,2021026,2002652,307043,154598,152445,145598,70762,74836,1393,754,639,863,431,432,6320,3221,3099,906,441,465,31597,16142,15455,raw_nada/DDW28C-01 MDDS.XLS
28,ANDHRA PRADESH,547,Krishna,Rural,2673738,1343534,1330204,2459683,1237195,1222488,121259,60867,60392,79937,39021,40916,303,167,136,366,175,191,221,117,104,255,124,131,11714,5868,5846,raw_nada/DDW28C-01 MDDS.XLS
28,ANDHRA PRADESH,547,Krishna,Urban,1843660,923841,919819,1563995,783831,780164,185784,93731,92053,65661,31741,33920,1090,587,503,497,256,241,6099,3104,2995,651,317,334,19883,10274,9609,raw_nada/DDW28C-01 MDDS.XLS
28,ANDHRA PRADESH,548,Guntur,Total,4887813,2440521,2447292,4217597,2107089,2110508,559770,279693,280077,89763,43496,46267,764,428,336,323,199,124,3282,1707,1575,332,168,164,15982,7741,8241,raw_nada/DDW28C-01 MDDS.XLS
28,ANDHRA PRADESH,548,Guntur,Rural,3235075,1621491,1613584,2901415,1455216,1446199,276067,137901,138166,48107,23590,24517,376,212,164,133,71,62,314,173,141,158,80,78,8505,4248,4257,raw_nada/DDW28C-01 MDDS.XLS
28,ANDHRA PRADESH,548,Guntur,Urban,1652738,819030,833708,1316182,651873,664309,283703,141792,141911,41656,19906,21750,388,216,172,190,128,62,2968,1534,1434,174,88,86,7477,3493,3984,raw_nada/DDW28C-01 MDDS.XLS
28,ANDHRA PRADESH,549,Prakasam,Total,3397448,1714764,1682684,3150195,1591093,1559102,220654,110638,110016,18775,9127,9648,266,145,121,97,54,43,204,100,104,206,106,100,7051,3501,3550,raw_nada/DDW28C-01 MDDS.XLS
28,ANDHRA PRADESH,549,Prakasam,Rural,2732866,1382641,1350225,2594123,1313058,1281065,122842,61736,61106,10313,5098,5215,165,83,82,56,29,27,152,74,78,118,61,57,5097,2502,2595,raw_nada/DDW28C-01 MDDS.XLS
28,ANDHRA PRADESH,549,Prakasam,Urban,664582,332123,332459,556072,278035,278037,97812,48902,48910,8462,4029,4433,101,62,39,41,25,16,52,26,26,88,45,43,1954,999,955,raw_nada/DDW28C-01 MDDS.XLS
28,ANDHRA PRADESH,550,Sri Potti Sriramulu Nellore,Total,2963557,1492974,1470583,2639737,1330215,1309522,288378,145390,142988,26202,12592,13610,678,407,271,239,123,116,2610,1339,1271,146,68,78,5567,2840,2727,raw_nada/DDW28C-01 MDDS.XLS
28,ANDHRA PRADESH,550,Sri Potti Sriramulu Nellore,Rural,2105927,1060810,1045117,1945178,980021,965157,144493,72615,71878,12045,5958,6087,291,199,92,151,82,69,170,96,74,77,33,44,3522,1806,1716,raw_nada/DDW28C-01 MDDS.XLS
28,ANDHRA PRADESH,550,Sri Potti Sriramulu Nellore,Urban,857630,432164,425466,694559,350194,344365,143885,72775,71110,14157,6634,7523,387,208,179,88,41,47,2440,1243,1197,69,35,34,2045,1034,1011,raw_nada/DDW28C-01 MDDS.XLS
28,ANDHRA PRADESH,551,Y.S.R.,Total,2882469,1451777,1430692,2391231,1204430,1186801,454108,228960,225148,23281,11319,11962,367,223,144,105,54,51,751,392,359,245,123,122,12381,6276,6105,raw_nada/DDW28C-01 MDDS.XLS
28,ANDHRA PRADESH,551,Y.S.R.,Rural,1903337,959693,943644,1696661,856283,840378,189598,95135,94463,10225,4941,5284,141,88,53,61,33,28,167,87,80,150,77,73,6334,3049,3285,raw_nada/DDW28C-01 MDDS.XLS
28,ANDHRA PRADESH,551,Y.S.R.,Urban,979132,492084,487048,694570,348147,346423,264510,133825,130685,13056,6378,6678,226,135,91,44,21,23,584,305,279,95,46,49,6047,3227,2820,raw_nada/DDW28C-01 MDDS.XLS
28,ANDHRA PRADESH,552,Kurnool,Total,4053463,2039227,2014236,3328380,1674481,1653899,670737,338724,332013,33165,15950,17215,737,408,329,255,145,110,2235,1158,1077,434,203,231,17520,8158,9362,raw_nada/DDW28C-01 MDDS.XLS
28,ANDHRA PRADESH,552,Kurnool,Rural,2904177,1464569,1439608,2530585,1275906,1254679,350948,177537,173411,10731,5238,5493,297,164,133,147,86,61,441,220,221,223,103,120,10805,5315,5490,raw_nada/DDW28C-01 MDDS.XLS
28,ANDHRA PRADESH,552,Kurnool,Urban,1149286,574658,574628,797795,398575,399220,319789,161187,158602,22434,10712,11722,440,244,196,108,59,49,1794,938,856,211,100,111,6715,2843,3872,raw_nada/DDW28C-01 MDDS.XLS
28,ANDHRA PRADESH,553,Anantapur,Total,4081148,2064495,2016653,3599372,1822690,1776682,443456,222934,220522,20463,9918,10545,932,512,420,341,177,164,1417,762,655,309,150,159,14858,7352,7506,raw_nada/DDW28C-01 MDDS.XLS
28,ANDHRA PRADESH,553,Anantapur,Rural,2935437,1489157,1446280,2747520,1394886,1352634,168775,84730,84045,7104,3495,3609,392,203,189,187,89,98,399,206,193,185,94,91,10875,5454,5421,raw_nada/DDW28C-01 MDDS.XLS
28,ANDHRA PRADESH,553,Anantapur,Urban,1145711,575338,570373,851852,427804,424048,274681,138204,136477,13359,6423,6936,540,309,231,154,88,66,1018,556,462,124,56,68,3983,1898,2085,raw_nada/DDW28C-01 MDDS.XLS
28,ANDHRA PRADESH,554,Chittoor,Total,4174064,2090204,2083860,3737588,1871606,1865982,397870,199721,198149,24129,11667,12462,867,466,401,253,134,119,1322,664,658,358,180,178,11677,5766,5911,raw_nada/DDW28C-01 MDDS.XLS
28,ANDHRA PRADESH,554,Chittoor,Rural,2942678,1474052,1468626,2690431,1348092,1342339,232578,116314,116264,9738,4677,5061,318,173,145,158,86,72,343,152,191,241,123,118,8871,4435,4436,raw_nada/DDW28C-01 MDDS.XLS
28,ANDHRA PRADESH,554,Chittoor,Urban,1231386,616152,615234,1047157,523514,523643,165292,83407,81885,14391,6990,7401,549,293,256,95,48,47,979,512,467,117,57,60,2806,1331,1475,raw_nada/DDW28C-01 MDDS.XLS
29,KARNATAKA,555,Belgaum,Total,4779661,2423063,2356598,4038331,2046663,1991668,528412,267622,260790,18418,9054,9364,2037,1159,878,1086,581,505,178310,91671,86639,149,82,67,12918,6231,6687,raw_nada/DDW29C-01 MDDS.XLS
29,KARNATAKA,555,Belgaum,Rural,3568466,1811094,1757372,3144075,1594858,1549217,270294,136910,133384,6774,3393,3381,804,450,354,629,342,287,138274,71418,66856,68,40,28,7548,3683,3865,raw_nada/DDW29C-01 MDDS.XLS
29,KARNATAKA,555,Belgaum,Urban,1211195,611969,599226,894256,451805,442451,258118,130712,127406,11644,5661,5983,1233,709,524,457,239,218,40036,20253,19783,81,42,39,5370,2548,2822,raw_nada/DDW29C-01 MDDS.XLS
29,KARNATAKA,556,Bagalkot,Total,1889752,950111,939641,1634229,821159,813070,219991,110826,109165,3433,1709,1724,443,231,212,412,230,182,25198,12939,12259,166,73,93,5880,2944,2936,raw_nada/DDW29C-01 MDDS.XLS
29,KARNATAKA,556,Bagalkot,Rural,1291906,650267,641639,1183515,595384,588131,84445,42625,41820,2245,1134,1111,191,98,93,270,152,118,19193,9868,9325,68,27,41,1979,979,1000,raw_nada/DDW29C-01 MDDS.XLS
29,KARNATAKA,556,Bagalkot,Urban,597846,299844,298002,450714,225775,224939,135546,68201,67345,1188,575,613,252,133,119,142,78,64,6005,3071,2934,98,46,52,3901,1965,1936,raw_nada/DDW29C-01 MDDS.XLS
29,KARNATAKA,557,Bijapur,Total,2177331,1111022,1066309,1786830,912900,873930,369588,187716,181872,2433,1147,1286,558,296,262,374,188,186,8665,4360,4305,499,242,257,8384,4173,4211,raw_nada/DDW29C-01 MDDS.XLS
29,KARNATAKA,557,Bijapur,Rural,1675353,857562,817791,1460808,748023,712785,204153,104175,99978,1172,593,579,255,145,110,174,85,89,3630,1854,1776,192,89,103,4969,2598,2371,raw_nada/DDW29C-01 MDDS.XLS
29,KARNATAKA,557,Bijapur,Urban,501978,253460,248518,326022,164877,161145,165435,83541,81894,1261,554,707,303,151,152,200,103,97,5035,2506,2529,307,153,154,3415,1575,1840,raw_nada/DDW29C-01 MDDS.XLS
29,KARNATAKA,558,Bidar,Total,1703300,870665,832635,1289709,658203,631506,335184,172988,162196,35438,17861,17577,1145,594,551,30453,15510,14943,680,341,339,521,244,277,10170,4924,5246,raw_nada/DDW29C-01 MDDS.XLS
29,KARNATAKA,558,Bidar,Rural,1277348,651250,626098,1044700,532273,512427,185266,94930,90336,18081,9216,8865,332,171,161,22562,11511,11051,296,150,146,405,192,213,5706,2807,2899,raw_nada/DDW29C-01 MDDS.XLS
29,KARNATAKA,558,Bidar,Urban,425952,219415,206537,245009,125930,119079,149918,78058,71860,17357,8645,8712,813,423,390,7891,3999,3892,384,191,193,116,52,64,4464,2117,2347,raw_nada/DDW29C-01 MDDS.XLS
29,KARNATAKA,559,Raichur,Total,1928812,964511,964301,1634062,815910,818152,272022,137277,134745,10394,5136,5258,538,302,236,2265,1119,1146,4156,2177,1979,29,19,10,5346,2571,2775,raw_nada/DDW29C-01 MDDS.XLS
29,KARNATAKA,559,Raichur,Rural,1438464,717972,720492,1301217,649388,651829,126535,63238,63297,5103,2575,2528,279,151,128,1798,888,910,325,175,150,21,15,6,3186,1542,1644,raw_nada/DDW29C-01 MDDS.XLS
29,KARNATAKA,559,Raichur,Urban,490348,246539,243809,332845,166522,166323,145487,74039,71448,5291,2561,2730,259,151,108,467,231,236,3831,2002,1829,8,4,4,2160,1029,1131,raw_nada/DDW29C-01 MDDS.XLS
29,KARNATAKA,560,Koppal,Total,1389920,699926,689994,1218024,613461,604563,161770,81373,80397,4081,2028,2053,296,161,135,85,42,43,2898,1510,1388,461,234,227,2305,1117,1188,raw_nada/DDW29C-01 MDDS.XLS
29,KARNATAKA,560,Koppal,Rural,1156216,582958,573258,1059256,534038,525218,92022,46445,45577,1887,961,926,147,85,62,60,28,32,1025,530,495,214,106,108,1605,765,840,raw_nada/DDW29C-01 MDDS.XLS
29,KARNATAKA,560,Koppal,Urban,233704,116968,116736,158768,79423,79345,69748,34928,34820,2194,1067,1127,149,76,73,25,14,11,1873,980,893,247,128,119,700,352,348,raw_nada/DDW29C-01 MDDS.XLS
29,KARNATAKA,561,Gadag,Total,1064570,537147,527423,907750,458411,449339,143665,72227,71438,3432,1653,1779,231,135,96,79,36,43,5993,3064,2929,74,37,37,3346,1584,1762,raw_nada/DDW29C-01 MDDS.XLS
29,KARNATAKA,561,Gadag,Rural,685261,347585,337676,622471,315643,306828,57861,29420,28441,491,252,239,127,74,53,38,19,19,2565,1325,1240,29,16,13,1679,836,843,raw_nada/DDW29C-01 MDDS.XLS
29,KARNATAKA,561,Gadag,Urban,379309,189562,189747,285279,142768,142511,85804,42807,42997,2941,1401,1540,104,61,43,41,17,24,3428,1739,1689,45,21,24,1667,748,919,raw_nada/DDW29C-01 MDDS.XLS
29,KARNATAKA,562,Dharwad,Total,1847023,937206,909817,1390020,706127,683893,386834,196002,190832,28747,14013,14734,1486,773,713,715,378,337,29037,14895,14142,2748,1410,1338,7436,3608,3828,raw_nada/DDW29C-01 MDDS.XLS
29,KARNATAKA,562,Dharwad,Rural,797484,409416,388068,680335,349403,330932,100888,51542,49346,1302,687,615,141,82,59,56,35,21,12493,6516,5977,366,193,173,1903,958,945,raw_nada/DDW29C-01 MDDS.XLS
29,KARNATAKA,562,Dharwad,Urban,1049539,527790,521749,709685,356724,352961,285946,144460,141486,27445,13326,14119,1345,691,654,659,343,316,16544,8379,8165,2382,1217,1165,5533,2650,2883,raw_nada/DDW29C-01 MDDS.XLS
29,KARNATAKA,563,Uttara Kannada,Total,1437169,726256,710913,1187306,597955,589351,187974,94031,93943,44530,22051,22479,305,176,129,12804,9860,2944,3624,1863,1761,64,35,29,562,285,277,raw_nada/DDW29C-01 MDDS.XLS
29,KARNATAKA,563,Uttara Kannada,Rural,1018188,514910,503278,895558,451595,443963,82809,41300,41509,26979,13498,13481,202,117,85,9317,6691,2626,2923,1505,1418,26,14,12,374,190,184,raw_nada/DDW29C-01 MDDS.XLS
29,KARNATAKA,563,Uttara Kannada,Urban,418981,211346,207635,291748,146360,145388,105165,52731,52434,17551,8553,8998,103,59,44,3487,3169,318,701,358,343,38,21,17,188,95,93,raw_nada/DDW29C-01 MDDS.XLS
29,KARNATAKA,564,Haveri,Total,1597668,819128,778540,1281878,657501,624377,297927,152531,145396,2406,1179,1227,419,209,210,68,35,33,9834,5119,4715,702,336,366,4434,2218,2216,raw_nada/DDW29C-01 MDDS.XLS
29,KARNATAKA,564,Haveri,Rural,1242167,638450,603717,1054569,542323,512246,175563,89905,85658,1092,548,544,203,112,91,49,30,19,7691,4003,3688,399,186,213,2601,1343,1258,raw_nada/DDW29C-01 MDDS.XLS
29,KARNATAKA,564,Haveri,Urban,355501,180678,174823,227309,115178,112131,122364,62626,59738,1314,631,683,216,97,119,19,5,14,2143,1116,1027,303,150,153,1833,875,958,raw_nada/DDW29C-01 MDDS.XLS
29,KARNATAKA,565,Bellary,Total,2452595,1236954,1215641,2103633,1060998,1042635,320834,162036,158798,14014,6845,7169,1029,560,469,284,140,144,8044,4118,3926,54,23,31,4703,2234,2469,raw_nada/DDW29C-01 MDDS.XLS
29,KARNATAKA,565,Bellary,Rural,1532356,774093,758263,1426346,720347,705999,99862,50613,49249,2576,1311,1265,294,172,122,83,38,45,1184,590,594,23,9,14,1988,1013,975,raw_nada/DDW29C-01 MDDS.XLS
29,KARNATAKA,565,Bellary,Urban,920239,462861,457378,677287,340651,336636,220972,111423,109549,11438,5534,5904,735,388,347,201,102,99,6860,3528,3332,31,14,17,2715,1221,1494,raw_nada/DDW29C-01 MDDS.XLS
29,KARNATAKA,566,Chitradurga,Total,1659456,840843,818613,1520553,770751,749802,128751,65034,63717,3175,1492,1683,322,173,149,84,42,42,3778,1957,1821,128,72,56,2665,1322,1343,raw_nada/DDW29C-01 MDDS.XLS
29,KARNATAKA,566,Chitradurga,Rural,1329923,675573,654350,1280083,650348,629735,45894,23217,22677,1022,521,501,210,113,97,39,21,18,426,219,207,57,35,22,2192,1099,1093,raw_nada/DDW29C-01 MDDS.XLS
29,KARNATAKA,566,Chitradurga,Urban,329533,165270,164263,240470,120403,120067,82857,41817,41040,2153,971,1182,112,60,52,45,21,24,3352,1738,1614,71,37,34,473,223,250,raw_nada/DDW29C-01 MDDS.XLS
29,KARNATAKA,567,Davanagere,Total,1945497,986400,959097,1658465,841315,817150,265805,134521,131284,5420,2690,2730,307,175,132,164,77,87,6417,3268,3149,1743,875,868,7176,3479,3697,raw_nada/DDW29C-01 MDDS.XLS
29,KARNATAKA,567,Davanagere,Rural,1316487,668267,648220,1211678,615154,596524,96168,48781,47387,1374,708,666,145,77,68,53,27,26,1125,582,543,1017,528,489,4927,2410,2517,raw_nada/DDW29C-01 MDDS.XLS
29,KARNATAKA,567,Davanagere,Urban,629010,318133,310877,446787,226161,220626,169637,85740,83897,4046,1982,2064,162,98,64,111,50,61,5292,2686,2606,726,347,379,2249,1069,1180,raw_nada/DDW29C-01 MDDS.XLS
29,KARNATAKA,568,Shimoga,Total,1752753,877415,875338,1479424,739776,739648,234664,118832,115832,26521,12709,13812,400,212,188,120,53,67,9234,4646,4588,367,186,181,2023,1001,1022,raw_nada/DDW29C-01 MDDS.XLS
29,KARNATAKA,568,Shimoga,Rural,1129026,565821,563205,1025414,513054,512360,89709,45861,43848,7644,3782,3862,110,59,51,51,24,27,4782,2368,2414,141,72,69,1175,601,574,raw_nada/DDW29C-01 MDDS.XLS
29,KARNATAKA,568,Shimoga,Urban,623727,311594,312133,454010,226722,227288,144955,72971,71984,18877,8927,9950,290,153,137,69,29,40,4452,2278,2174,226,114,112,848,400,448,raw_nada/DDW29C-01 MDDS.XLS
29,KARNATAKA,569,Udupi,Total,1177361,562131,615230,1009179,482147,527032,96740,46775,49965,65838,30345,35493,232,131,101,161,93,68,4534,2307,2227,155,69,86,522,264,258,raw_nada/DDW29C-01 MDDS.XLS
29,KARNATAKA,569,Udupi,Rural,843300,398847,444453,738212,348961,389251,57326,27564,29762,43605,20231,23374,109,60,49,75,37,38,3584,1813,1771,125,53,72,264,128,136,raw_nada/DDW29C-01 MDDS.XLS
29,KARNATAKA,569,Udupi,Urban,334061,163284,170777,270967,133186,137781,39414,19211,20203,22233,10114,12119,123,71,52,86,56,30,950,494,456,30,16,14,258,136,122,raw_nada/DDW29C-01 MDDS.XLS
29,KARNATAKA,570,Chikmagalur,Total,1137961,566622,571339,1004553,499925,504628,101235,50672,50563,26000,12871,13129,182,91,91,109,67,42,4710,2430,2280,4,2,2,1168,564,604,raw_nada/DDW29C-01 MDDS.XLS
29,KARNATAKA,570,Chikmagalur,Rural,898453,447545,450908,826147,411401,414746,48858,24315,24543,19560,9864,9696,96,49,47,72,43,29,2698,1381,1317,4,2,2,1018,490,528,raw_nada/DDW29C-01 MDDS.XLS
29,KARNATAKA,570,Chikmagalur,Urban,239508,119077,120431,178406,88524,89882,52377,26357,26020,6440,3007,3433,86,42,44,37,24,13,2012,1049,963,0,0,0,150,74,76,raw_nada/DDW29C-01 MDDS.XLS
29,KARNATAKA,571,Tumkur,Total,2678980,1350594,1328386,2413812,1216905,1196907,245923,123950,121973,9130,4392,4738,477,274,203,187,110,77,5067,2505,2562,161,82,79,4223,2376,1847,raw_nada/DDW29C-01 MDDS.XLS
29,KARNATAKA,571,Tumkur,Rural,2079902,1048710,1031192,1977629,997093,980536,96318,48611,47707,2256,1160,1096,236,127,109,64,42,22,1630,813,817,87,43,44,1682,821,861,raw_nada/DDW29C-01 MDDS.XLS
29,KARNATAKA,571,Tumkur,Urban,599078,301884,297194,436183,219812,216371,149605,75339,74266,6874,3232,3642,241,147,94,123,68,55,3437,1692,1745,74,39,35,2541,1555,986,raw_nada/DDW29C-01 MDDS.XLS
29,KARNATAKA,572,Bangalore,Total,9621551,5022661,4598890,7725070,4051032,3674038,1248294,648328,599966,504863,250360,254503,13254,7436,5818,5531,3007,2524,83090,42383,40707,498,261,237,40951,19854,21097,raw_nada/DDW29C-01 MDDS.XLS
29,KARNATAKA,572,Bangalore,Rural,871607,464256,407351,803468,428337,375131,40692,21901,18791,23024,11670,11354,530,318,212,321,181,140,661,347,314,11,4,7,2900,1498,1402,raw_nada/DDW29C-01 MDDS.XLS
29,KARNATAKA,572,Bangalore,Urban,8749944,4558405,4191539,6921602,3622695,3298907,1207602,626427,581175,481839,238690,243149,12724,7118,5606,5210,2826,2384,82429,42036,40393,487,257,230,38051,18356,19695,raw_nada/DDW29C-01 MDDS.XLS
29,KARNATAKA,573,Mandya,Total,1805769,905085,900684,1712695,858789,853906,77801,39000,38801,8506,3948,4558,322,183,139,299,161,138,3607,1814,1793,109,63,46,2430,1127,1303,raw_nada/DDW29C-01 MDDS.XLS
29,KARNATAKA,573,Mandya,Rural,1497407,751243,746164,1463477,734241,729236,27341,13790,13551,3514,1627,1887,212,123,89,220,112,108,1073,550,523,95,55,40,1475,745,730,raw_nada/DDW29C-01 MDDS.XLS
29,KARNATAKA,573,Mandya,Urban,308362,153842,154520,249218,124548,124670,50460,25210,25250,4992,2321,2671,110,60,50,79,49,30,2534,1264,1270,14,8,6,955,382,573,raw_nada/DDW29C-01 MDDS.XLS
29,KARNATAKA,574,Hassan,Total,1776421,883667,892754,1630814,810950,819864,120011,60182,59829,15611,7531,8080,289,156,133,623,322,301,5820,2933,2887,3,1,2,3250,1592,1658,raw_nada/DDW29C-01 MDDS.XLS
29,KARNATAKA,574,Hassan,Rural,1399658,695583,704075,1343855,667746,676109,41413,20726,20687,9744,4793,4951,146,77,69,410,212,198,1365,693,672,2,0,2,2723,1336,1387,raw_nada/DDW29C-01 MDDS.XLS
29,KARNATAKA,574,Hassan,Urban,376763,188084,188679,286959,143204,143755,78598,39456,39142,5867,2738,3129,143,79,64,213,110,103,4455,2240,2215,1,1,0,527,256,271,raw_nada/DDW29C-01 MDDS.XLS
29,KARNATAKA,575,Dakshina Kannada,Total,2089649,1034714,1054935,1403854,696962,706892,501896,250215,251681,171398,81113,90285,525,331,194,445,198,247,10397,5245,5152,138,75,63,996,575,421,raw_nada/DDW29C-01 MDDS.XLS
29,KARNATAKA,575,Dakshina Kannada,Rural,1093563,541484,552079,786615,389562,397053,230678,113941,116737,68110,33835,34275,77,40,37,134,71,63,7617,3859,3758,120,62,58,212,114,98,raw_nada/DDW29C-01 MDDS.XLS
29,KARNATAKA,575,Dakshina Kannada,Urban,996086,493230,502856,617239,307400,309839,271218,136274,134944,103288,47278,56010,448,291,157,311,127,184,2780,1386,1394,18,13,5,784,461,323,raw_nada/DDW29C-01 MDDS.XLS
29,KARNATAKA,576,Kodagu,Total,554519,274608,279911,448986,221713,227273,87274,43837,43437,17130,8449,8681,139,89,50,126,66,60,250,137,113,220,109,111,394,208,186,raw_nada/DDW29C-01 MDDS.XLS
29,KARNATAKA,576,Kodagu,Rural,473531,234161,239370,392012,193447,198565,67636,33790,33846,13119,6508,6611,88,56,32,86,49,37,101,53,48,168,80,88,321,178,143,raw_nada/DDW29C-01 MDDS.XLS
29,KARNATAKA,576,Kodagu,Urban,80988,40447,40541,56974,28266,28708,19638,10047,9591,4011,1941,2070,51,33,18,40,17,23,149,84,65,52,29,23,73,30,43,raw_nada/DDW29C-01 MDDS.XLS
29,KARNATAKA,577,Mysore,Total,3001127,1511600,1489527,2631985,1324029,1307956,290549,146099,144450,39361,18610,20751,1255,671,584,16194,11030,5164,14419,7387,7032,493,252,241,6871,3522,3349,raw_nada/DDW29C-01 MDDS.XLS
29,KARNATAKA,577,Mysore,Rural,1755714,887500,868214,1678759,845914,832845,47523,24076,23447,8101,3998,4103,365,173,192,15496,10600,4896,2443,1284,1159,280,135,145,2747,1320,1427,raw_nada/DDW29C-01 MDDS.XLS
29,KARNATAKA,577,Mysore,Urban,1245413,624100,621313,953226,478115,475111,243026,122023,121003,31260,14612,16648,890,498,392,698,430,268,11976,6103,5873,213,117,96,4124,2202,1922,raw_nada/DDW29C-01 MDDS.XLS
29,KARNATAKA,578,Chamarajanagar,Total,1020791,512231,508560,942071,472644,469427,47210,23894,23316,22183,10990,11193,136,79,57,4872,2489,2383,761,397,364,140,70,70,3418,1668,1750,raw_nada/DDW29C-01 MDDS.XLS
29,KARNATAKA,578,Chamarajanagar,Rural,845817,424884,420933,800409,402003,398406,18189,9202,8987,19253,9629,9624,106,65,41,4681,2388,2293,245,135,110,109,55,54,2825,1407,1418,raw_nada/DDW29C-01 MDDS.XLS
29,KARNATAKA,578,Chamarajanagar,Urban,174974,87347,87627,141662,70641,71021,29021,14692,14329,2930,1361,1569,30,14,16,191,101,90,516,262,254,31,15,16,593,261,332,raw_nada/DDW29C-01 MDDS.XLS
29,KARNATAKA,579,Gulbarga,Total,2566326,1301755,1264571,2011014,1020105,990909,513125,260888,252237,8344,4167,4177,826,457,369,9589,4915,4674,4865,2492,2373,330,180,150,18233,8551,9682,raw_nada/DDW29C-01 MDDS.XLS
29,KARNATAKA,579,Gulbarga,Rural,1730775,877144,853631,1493923,757258,736665,219305,111024,108281,3362,1701,1661,337,198,139,5755,2964,2791,1533,796,737,292,157,135,6268,3046,3222,raw_nada/DDW29C-01 MDDS.XLS
29,KARNATAKA,579,Gulbarga,Urban,835551,424611,410940,517091,262847,254244,293820,149864,143956,4982,2466,2516,489,259,230,3834,1951,1883,3332,1696,1636,38,23,15,11965,5505,6460,raw_nada/DDW29C-01 MDDS.XLS
29,KARNATAKA,580,Yadgir,Total,1174271,590329,583942,997974,501756,496218,155340,78221,77119,8677,4207,4470,331,179,152,7970,3956,4014,1519,782,737,996,513,483,1464,715,749,raw_nada/DDW29C-01 MDDS.XLS
29,KARNATAKA,580,Yadgir,Rural,953594,479078,474516,846848,425620,421228,90406,45361,45045,6949,3403,3546,241,126,115,7136,3557,3579,275,140,135,529,279,250,1210,592,618,raw_nada/DDW29C-01 MDDS.XLS
29,KARNATAKA,580,Yadgir,Urban,220677,111251,109426,151126,76136,74990,64934,32860,32074,1728,804,924,90,53,37,834,399,435,1244,642,602,467,234,233,254,123,131,raw_nada/DDW29C-01 MDDS.XLS
29,KARNATAKA,581,Kolar,Total,1536401,776396,760005,1305431,659513,645918,199873,101867,98006,26722,12823,13899,253,142,111,150,79,71,2494,1296,1198,92,44,48,1386,632,754,raw_nada/DDW29C-01 MDDS.XLS
29,KARNATAKA,581,Kolar,Rural,1056328,535431,520897,989169,500931,488238,63163,32489,30674,2768,1375,1393,152,86,66,34,18,16,64,36,28,62,29,33,916,467,449,raw_nada/DDW29C-01 MDDS.XLS
29,KARNATAKA,581,Kolar,Urban,480073,240965,239108,316262,158582,157680,136710,69378,67332,23954,11448,12506,101,56,45,116,61,55,2430,1260,1170,30,15,15,470,165,305,raw_nada/DDW29C-01 MDDS.XLS
29,KARNATAKA,582,Chikkaballapura,Total,1255104,636437,618667,1100131,557943,542188,147810,74905,72905,4684,2307,2377,264,135,129,85,48,37,975,501,474,77,42,35,1078,556,522,raw_nada/DDW29C-01 MDDS.XLS
29,KARNATAKA,582,Chikkaballapura,Rural,973985,494463,479522,916603,465398,451205,53838,27211,26627,2036,1084,952,122,63,59,40,20,20,519,270,249,59,30,29,768,387,381,raw_nada/DDW29C-01 MDDS.XLS
29,KARNATAKA,582,Chikkaballapura,Urban,281119,141974,139145,183528,92545,90983,93972,47694,46278,2648,1223,1425,142,72,70,45,28,17,456,231,225,18,12,6,310,169,141,raw_nada/DDW29C-01 MDDS.XLS
29,KARNATAKA,583,Bangalore Rural,Total,990923,509172,481751,890429,457394,433035,92252,47681,44571,5368,2556,2812,389,219,170,272,137,135,1045,546,499,85,51,34,1083,588,495,raw_nada/DDW29C-01 MDDS.XLS
29,KARNATAKA,583,Bangalore Rural,Rural,722179,371369,350810,670988,344676,326312,47165,24570,22595,2558,1321,1237,215,122,93,214,105,109,195,102,93,59,34,25,785,439,346,raw_nada/DDW29C-01 MDDS.XLS
29,KARNATAKA,583,Bangalore Rural,Urban,268744,137803,130941,219441,112718,106723,45087,23111,21976,2810,1235,1575,174,97,77,58,32,26,850,444,406,26,17,9,298,149,149,raw_nada/DDW29C-01 MDDS.XLS
29,KARNATAKA,584,Ramanagara,Total,1082636,548008,534628,959260,485046,474214,114311,58341,55970,6390,3200,3190,383,226,157,104,46,58,859,461,398,57,22,35,1272,666,606,raw_nada/DDW29C-01 MDDS.XLS
29,KARNATAKA,584,Ramanagara,Rural,814877,412438,402439,786902,397980,388922,22468,11618,10850,3718,1891,1827,282,164,118,52,26,26,427,223,204,43,16,27,985,520,465,raw_nada/DDW29C-01 MDDS.XLS
29,KARNATAKA,584,Ramanagara,Urban,267759,135570,132189,172358,87066,85292,91843,46723,45120,2672,1309,1363,101,62,39,52,20,32,432,238,194,14,6,8,287,146,141,raw_nada/DDW29C-01 MDDS.XLS
30,GOA,585,North Goa,Total,818008,416677,401331,622213,320536,301677,57941,30737,27204,134169,63430,70739,618,368,250,553,284,269,546,291,255,166,87,79,1802,944,858,raw_nada/DDW30C-01 MDDS.XLS
30,GOA,585,North Goa,Rural,324927,163908,161019,272838,138572,134266,11325,6028,5297,39540,18709,20831,174,107,67,158,79,79,81,40,41,42,25,17,769,348,421,raw_nada/DDW30C-01 MDDS.XLS
30,GOA,585,North Goa,Urban,493081,252769,240312,349375,181964,167411,46616,24709,21907,94629,44721,49908,444,261,183,395,205,190,465,251,214,124,62,62,1033,596,437,raw_nada/DDW30C-01 MDDS.XLS
30,GOA,586,South Goa,Total,640537,322463,318074,341664,179051,162613,63623,33077,30546,231961,108534,123427,855,495,360,542,290,252,563,289,274,92,56,36,1237,671,566,raw_nada/DDW30C-01 MDDS.XLS
30,GOA,586,South Goa,Rural,226804,111528,115276,121306,62072,59234,9135,4865,4270,95407,44137,51270,186,113,73,175,73,102,39,17,22,26,15,11,530,236,294,raw_nada/DDW30C-01 MDDS.XLS
30,GOA,586,South Goa,Urban,413733,210935,202798,220358,116979,103379,54488,28212,26276,136554,64397,72157,669,382,287,367,217,150,524,272,252,66,41,25,707,435,272,raw_nada/DDW30C-01 MDDS.XLS
31,LAKSHADWEEP,587,Lakshadweep,Total,64473,33123,31350,1788,1603,185,62268,31166,31102,317,286,31,8,6,2,10,9,1,11,6,5,7,6,1,64,41,23,raw_nada/DDW31C-01 MDDS.XLS
31,LAKSHADWEEP,587,Lakshadweep,Rural,14141,7243,6898,324,308,16,13766,6893,6873,27,27,0,0,0,0,0,0,0,4,2,2,0,0,0,20,13,7,raw_nada/DDW31C-01 MDDS.XLS
31,LAKSHADWEEP,587,Lakshadweep,Urban,50332,25880,24452,1464,1295,169,48502,24273,24229,290,259,31,8,6,2,10,9,1,7,4,3,7,6,1,44,28,16,raw_nada/DDW31C-01 MDDS.XLS
32,KERALA,588,Kasaragod,Total,1307375,628613,678762,729987,354082,375905,486913,228966,257947,87454,44060,43394,151,70,81,362,193,169,130,73,57,152,78,74,2226,1091,1135,raw_nada/DDW32C-01 MDDS.XLS
32,KERALA,588,Kasaragod,Rural,798328,387716,410612,471139,229613,241526,246736,117458,129278,78697,39753,38944,98,41,57,310,164,146,65,40,25,107,54,53,1176,593,583,raw_nada/DDW32C-01 MDDS.XLS
32,KERALA,588,Kasaragod,Urban,509047,240897,268150,258848,124469,134379,240177,111508,128669,8757,4307,4450,53,29,24,52,29,23,65,33,32,45,24,21,1050,498,552,raw_nada/DDW32C-01 MDDS.XLS
32,KERALA,589,Kannur,Total,2523003,1181446,1341557,1509592,711814,797778,742483,335223,407260,262526,130108,132418,424,289,135,1118,578,540,193,97,96,722,372,350,5945,2965,2980,raw_nada/DDW32C-01 MDDS.XLS
32,KERALA,589,Kannur,Rural,882017,425682,456335,456960,221405,235555,193892,88796,105096,228044,113902,114142,124,73,51,886,453,433,81,40,41,386,198,188,1644,815,829,raw_nada/DDW32C-01 MDDS.XLS
32,KERALA,589,Kannur,Urban,1640986,755764,885222,1052632,490409,562223,548591,246427,302164,34482,16206,18276,300,216,84,232,125,107,112,57,55,336,174,162,4301,2150,2151,raw_nada/DDW32C-01 MDDS.XLS
32,KERALA,590,Wayanad,Total,817420,401684,415736,404460,200057,204403,234185,112384,121801,174453,87097,87356,61,33,28,312,144,168,1797,872,925,286,157,129,1866,940,926,raw_nada/DDW32C-01 MDDS.XLS
32,KERALA,590,Wayanad,Rural,785840,386283,399557,389386,192634,196752,221886,106485,115401,170619,85195,85424,61,33,28,303,137,166,1516,738,778,253,139,114,1816,922,894,raw_nada/DDW32C-01 MDDS.XLS
32,KERALA,590,Wayanad,Urban,31580,15401,16179,15074,7423,7651,12299,5899,6400,3834,1902,1932,0,0,0,9,7,2,281,134,147,33,18,15,50,18,32,raw_nada/DDW32C-01 MDDS.XLS
32,KERALA,591,Kozhikode,Total,3086293,1470942,1615351,1734958,837824,897134,1211131,564489,646642,131516,64367,67149,297,169,128,235,121,114,601,302,299,588,325,263,6967,3345,3622,raw_nada/DDW32C-01 MDDS.XLS
32,KERALA,591,Kozhikode,Rural,1013721,484784,528937,484566,235688,248878,432193,200798,231395,94380,47037,47343,79,45,34,139,75,64,49,22,27,116,57,59,2199,1062,1137,raw_nada/DDW32C-01 MDDS.XLS
32,KERALA,591,Kozhikode,Urban,2072572,986158,1086414,1250392,602136,648256,778938,363691,415247,37136,17330,19806,218,124,94,96,46,50,552,280,272,472,268,204,4768,2283,2485,raw_nada/DDW32C-01 MDDS.XLS
32,KERALA,592,Malappuram,Total,4112920,1960328,2152592,1135259,555230,580029,2888849,1361571,1527278,81556,39925,41631,205,113,92,179,100,79,68,38,30,579,293,286,6225,3058,3167,raw_nada/DDW32C-01 MDDS.XLS
32,KERALA,592,Malappuram,Rural,2295709,1095308,1200401,640389,312927,327462,1586959,748882,838077,64042,31384,32658,117,64,53,70,39,31,43,26,17,351,174,177,3738,1812,1926,raw_nada/DDW32C-01 MDDS.XLS
32,KERALA,592,Malappuram,Urban,1817211,865020,952191,494870,242303,252567,1301890,612689,689201,17514,8541,8973,88,49,39,109,61,48,25,12,13,228,119,109,2487,1246,1241,raw_nada/DDW32C-01 MDDS.XLS
32,KERALA,593,Palakkad,Total,2809934,1359478,1450456,1875980,912542,963438,812936,387344,425592,114397,56343,58054,220,127,93,238,122,116,78,44,34,400,201,199,5685,2755,2930,raw_nada/DDW32C-01 MDDS.XLS
32,KERALA,593,Palakkad,Rural,2133124,1031466,1101658,1430115,696105,734010,603704,286258,317446,93730,46417,47313,159,83,76,218,110,108,62,36,26,303,150,153,4833,2307,2526,raw_nada/DDW32C-01 MDDS.XLS
32,KERALA,593,Palakkad,Urban,676810,328012,348798,445865,216437,229428,209232,101086,108146,20667,9926,10741,61,44,17,20,12,8,16,8,8,97,51,46,852,448,404,raw_nada/DDW32C-01 MDDS.XLS
32,KERALA,594,Thrissur,Total,3121200,1480763,1640437,1823442,868494,954948,532839,242007,290832,757484,366460,391024,259,138,121,278,143,135,62,29,33,585,310,275,6251,3182,3069,raw_nada/DDW32C-01 MDDS.XLS
32,KERALA,594,Thrissur,Rural,1024794,488303,536491,619731,295347,324384,161119,74135,86984,242012,117892,124120,103,57,46,84,43,41,13,5,8,147,88,59,1585,736,849,raw_nada/DDW32C-01 MDDS.XLS
32,KERALA,594,Thrissur,Urban,2096406,992460,1103946,1203711,573147,630564,371720,167872,203848,515472,248568,266904,156,81,75,194,100,94,49,24,25,438,222,216,4666,2446,2220,raw_nada/DDW32C-01 MDDS.XLS
32,KERALA,595,Ernakulam,Total,3282388,1619557,1662831,1509557,745399,764158,514397,254956,259441,1248137,613835,634302,860,500,360,614,345,269,1176,578,598,1083,658,425,6564,3286,3278,raw_nada/DDW32C-01 MDDS.XLS
32,KERALA,595,Ernakulam,Rural,1048025,518510,529515,470799,232386,238413,98422,49244,49178,476725,235772,240953,117,73,44,189,94,95,34,21,13,222,139,83,1517,781,736,raw_nada/DDW32C-01 MDDS.XLS
32,KERALA,595,Ernakulam,Urban,2234363,1101047,1133316,1038758,513013,525745,415975,205712,210263,771412,378063,393349,743,427,316,425,251,174,1142,557,585,861,519,342,5047,2505,2542,raw_nada/DDW32C-01 MDDS.XLS
32,KERALA,596,Idukki,Total,1108974,552808,556166,541854,269356,272498,82206,40819,41387,481507,240914,240593,100,59,41,189,106,83,44,22,22,384,206,178,2690,1326,1364,raw_nada/DDW32C-01 MDDS.XLS
32,KERALA,596,Idukki,Rural,1056929,527245,529684,522277,259803,262474,65527,32400,33127,465868,233396,232472,94,57,37,172,91,81,43,22,21,363,194,169,2585,1282,1303,raw_nada/DDW32C-01 MDDS.XLS
32,KERALA,596,Idukki,Urban,52045,25563,26482,19577,9553,10024,16679,8419,8260,15639,7518,8121,6,2,4,17,15,2,1,0,1,21,12,9,105,44,61,raw_nada/DDW32C-01 MDDS.XLS
32,KERALA,597,Kottayam,Total,1974551,968289,1006262,983598,482473,501125,126499,62463,64036,858608,420443,438165,204,113,91,358,176,182,83,48,35,565,327,238,4636,2246,2390,raw_nada/DDW32C-01 MDDS.XLS
32,KERALA,597,Kottayam,Rural,1409158,692673,716485,714874,351053,363821,64435,31587,32848,625946,308079,317867,141,82,59,283,147,136,55,33,22,352,206,146,3072,1486,1586,raw_nada/DDW32C-01 MDDS.XLS
32,KERALA,597,Kottayam,Urban,565393,275616,289777,268724,131420,137304,62064,30876,31188,232662,112364,120298,63,31,32,75,29,46,28,15,13,213,121,92,1564,760,804,raw_nada/DDW32C-01 MDDS.XLS
32,KERALA,598,Alappuzha,Total,2127789,1013142,1114647,1460447,692754,767693,224545,107656,116889,435056,208936,226120,268,145,123,146,72,74,74,31,43,311,172,139,6942,3376,3566,raw_nada/DDW32C-01 MDDS.XLS
32,KERALA,598,Alappuzha,Rural,979643,464713,514930,679055,320818,358237,70292,33386,36906,226521,108621,117900,171,94,77,80,36,44,18,4,14,141,78,63,3365,1676,1689,raw_nada/DDW32C-01 MDDS.XLS
32,KERALA,598,Alappuzha,Urban,1148146,548429,599717,781392,371936,409456,154253,74270,79983,208535,100315,108220,97,51,46,66,36,30,56,27,29,170,94,76,3577,1700,1877,raw_nada/DDW32C-01 MDDS.XLS
32,KERALA,599,Pathanamthitta,Total,1197412,561716,635696,681666,319591,362075,55074,26130,28944,456404,213855,242549,153,85,68,150,73,77,44,20,24,262,153,109,3659,1809,1850,raw_nada/DDW32C-01 MDDS.XLS
32,KERALA,599,Pathanamthitta,Rural,1065799,499820,565979,618295,289561,328734,40667,19240,21427,403003,189122,213881,136,73,63,138,68,70,37,19,18,230,133,97,3293,1604,1689,raw_nada/DDW32C-01 MDDS.XLS
32,KERALA,599,Pathanamthitta,Urban,131613,61896,69717,63371,30030,33341,14407,6890,7517,53401,24733,28668,17,12,5,12,5,7,7,1,6,32,20,12,366,205,161,raw_nada/DDW32C-01 MDDS.XLS
32,KERALA,600,Kollam,Total,2635375,1246968,1388407,1697635,805185,892450,508500,238719,269781,421598,199318,222280,208,106,102,272,126,146,63,31,32,619,315,304,6480,3168,3312,raw_nada/DDW32C-01 MDDS.XLS
32,KERALA,600,Kollam,Rural,1448217,680687,767530,962671,454278,508393,227880,105510,122370,253686,118983,134703,114,56,58,188,82,106,37,20,17,201,112,89,3440,1646,1794,raw_nada/DDW32C-01 MDDS.XLS
32,KERALA,600,Kollam,Urban,1187158,566281,620877,734964,350907,384057,280620,133209,147411,167912,80335,87577,94,50,44,84,44,40,26,11,15,418,203,215,3040,1522,1518,raw_nada/DDW32C-01 MDDS.XLS
32,KERALA,601,Thiruvananthapuram,Total,3301427,1581678,1719749,2194057,1048654,1145403,452915,213528,239387,630573,308120,322453,404,226,178,301,143,158,76,40,36,1082,547,535,22019,10420,11599,raw_nada/DDW32C-01 MDDS.XLS
32,KERALA,601,Thiruvananthapuram,Rural,1529831,724864,804967,948591,446976,501615,238075,109843,128232,332391,162883,169508,115,63,52,164,73,91,26,13,13,405,197,208,10064,4816,5248,raw_nada/DDW32C-01 MDDS.XLS
32,KERALA,601,Thiruvananthapuram,Urban,1771596,856814,914782,1245466,601678,643788,214840,103685,111155,298182,145237,152945,289,163,126,137,70,67,50,27,23,677,350,327,11955,5604,6351,raw_nada/DDW32C-01 MDDS.XLS
33,TAMIL NADU,602,Thiruvallur,Total,3728104,1876062,1852042,3325823,1675682,1650141,143093,72336,70757,233633,116016,117617,1422,789,633,951,512,439,3693,1935,1758,530,257,273,18959,8535,10424,raw_nada/DDW33C-01 MDDS.XLS
33,TAMIL NADU,602,Thiruvallur,Rural,1299709,650462,649247,1225502,613318,612184,26388,13315,13073,43410,21617,21793,206,118,88,145,72,73,181,93,88,62,29,33,3815,1900,1915,raw_nada/DDW33C-01 MDDS.XLS
33,TAMIL NADU,602,Thiruvallur,Urban,2428395,1225600,1202795,2100321,1062364,1037957,116705,59021,57684,190223,94399,95824,1216,671,545,806,440,366,3512,1842,1670,468,228,240,15144,6635,8509,raw_nada/DDW33C-01 MDDS.XLS
33,TAMIL NADU,603,Chennai,Total,4646732,2335844,2310888,3751322,1887443,1863879,439270,223194,216076,358662,176419,182243,2851,1562,1289,2804,1573,1231,51708,26519,25189,1759,978,781,38356,18156,20200,raw_nada/DDW33C-01 MDDS.XLS
33,TAMIL NADU,603,Chennai,Rural,0,0,0,0,0,0,0,0,0,0,0,0,0,0,0,0,0,0,0,0,0,0,0,0,0,0,0,raw_nada/DDW33C-01 MDDS.XLS
33,TAMIL NADU,603,Chennai,Urban,4646732,2335844,2310888,3751322,1887443,1863879,439270,223194,216076,358662,176419,182243,2851,1562,1289,2804,1573,1231,51708,26519,25189,1759,978,781,38356,18156,20200,raw_nada/DDW33C-01 MDDS.XLS
33,TAMIL NADU,604,Kancheepuram,Total,3998252,2012958,1985294,3537399,1784046,1753353,173785,88022,85763,256762,126855,129907,1620,934,686,990,527,463,4962,2540,2422,756,394,362,21978,9640,12338,raw_nada/DDW33C-01 MDDS.XLS
33,TAMIL NADU,604,Kancheepuram,Rural,1459916,734979,724937,1362994,686888,676106,26708,13619,13089,62762,31012,31750,282,161,121,178,91,87,315,176,139,201,110,91,6476,2922,3554,raw_nada/DDW33C-01 MDDS.XLS
33,TAMIL NADU,604,Kancheepuram,Urban,2538336,1277979,1260357,2174405,1097158,1077247,147077,74403,72674,194000,95843,98157,1338,773,565,812,436,376,4647,2364,2283,555,284,271,15502,6718,8784,raw_nada/DDW33C-01 MDDS.XLS
33,TAMIL NADU,605,Vellore,Total,3936331,1961688,1974643,3397857,1696684,1701173,414760,205947,208813,111390,53044,58346,676,407,269,438,251,187,3514,1780,1734,251,131,120,7445,3444,4001,raw_nada/DDW33C-01 MDDS.XLS
33,TAMIL NADU,605,Vellore,Rural,2234344,1117101,1117243,2132774,1067204,1065570,54726,27058,27668,43375,21134,22241,255,142,113,102,51,51,278,144,134,102,59,43,2732,1309,1423,raw_nada/DDW33C-01 MDDS.XLS
33,TAMIL NADU,605,Vellore,Urban,1701987,844587,857400,1265083,629480,635603,360034,178889,181145,68015,31910,36105,421,265,156,336,200,136,3236,1636,1600,149,72,77,4713,2135,2578,raw_nada/DDW33C-01 MDDS.XLS
33,TAMIL NADU,606,Tiruvannamalai,Total,2464875,1235889,1228986,2294369,1151551,1142818,91636,45583,46053,66987,32917,34070,232,122,110,157,83,74,7898,3951,3947,110,54,56,3486,1628,1858,raw_nada/DDW33C-01 MDDS.XLS
33,TAMIL NADU,606,Tiruvannamalai,Rural,1969930,989726,980204,1875296,942950,932346,36918,18234,18684,50230,24821,25409,174,94,80,72,42,30,5037,2504,2533,82,41,41,2121,1040,1081,raw_nada/DDW33C-01 MDDS.XLS
33,TAMIL NADU,606,Tiruvannamalai,Urban,494945,246163,248782,419073,208601,210472,54718,27349,27369,16757,8096,8661,58,28,30,85,41,44,2861,1447,1414,28,13,15,1365,588,777,raw_nada/DDW33C-01 MDDS.XLS
33,TAMIL NADU,607,Viluppuram,Total,3458873,1740819,1718054,3174941,1599867,1575074,133896,66343,67553,138279,68929,69350,325,165,160,238,119,119,4032,2003,2029,278,144,134,6884,3249,3635,raw_nada/DDW33C-01 MDDS.XLS
33,TAMIL NADU,607,Viluppuram,Rural,2939785,1481475,1458310,2748837,1386505,1362332,64066,31635,32431,118422,59230,59192,200,100,100,165,83,82,2265,1121,1144,211,104,107,5619,2697,2922,raw_nada/DDW33C-01 MDDS.XLS
33,TAMIL NADU,607,Viluppuram,Urban,519088,259344,259744,426104,213362,212742,69830,34708,35122,19857,9699,10158,125,65,60,73,36,37,1767,882,885,67,40,27,1265,552,713,raw_nada/DDW33C-01 MDDS.XLS
33,TAMIL NADU,608,Salem,Total,3482056,1781571,1700485,3326357,1704451,1621906,95487,47581,47906,53841,26134,27707,412,235,177,174,94,80,992,516,476,246,132,114,4547,2428,2119,raw_nada/DDW33C-01 MDDS.XLS
33,TAMIL NADU,608,Salem,Rural,1707934,883274,824660,1683726,871325,812401,8196,4121,4075,14453,7055,7398,111,64,47,55,27,28,25,10,15,75,41,34,1293,631,662,raw_nada/DDW33C-01 MDDS.XLS
33,TAMIL NADU,608,Salem,Urban,1774122,898297,875825,1642631,833126,809505,87291,43460,43831,39388,19079,20309,301,171,130,119,67,52,967,506,461,171,91,80,3254,1797,1457,raw_nada/DDW33C-01 MDDS.XLS
33,TAMIL NADU,609,Namakkal,Total,1726601,869280,857321,1673652,842438,831214,32483,16350,16133,16909,8342,8567,183,103,80,108,62,46,84,51,33,199,77,122,2983,1857,1126,raw_nada/DDW33C-01 MDDS.XLS
33,TAMIL NADU,609,Namakkal,Rural,1030476,520684,509792,1009301,509581,499720,10278,5334,4944,8141,4061,4080,100,58,42,83,51,32,65,42,23,161,58,103,2347,1499,848,raw_nada/DDW33C-01 MDDS.XLS
33,TAMIL NADU,609,Namakkal,Urban,696125,348596,347529,664351,332857,331494,22205,11016,11189,8768,4281,4487,83,45,38,25,11,14,19,9,10,38,19,19,636,358,278,raw_nada/DDW33C-01 MDDS.XLS
33,TAMIL NADU,610,Erode,Total,2251744,1129868,1121876,2115455,1062604,1052851,76098,37833,38265,55899,27294,28605,435,242,193,148,73,75,639,324,315,157,72,85,2913,1426,1487,raw_nada/DDW33C-01 MDDS.XLS
33,TAMIL NADU,610,Erode,Rural,1093768,552393,541375,1062525,536938,525587,9481,4739,4742,19886,9753,10133,152,90,62,55,26,29,41,22,19,67,29,38,1561,796,765,raw_nada/DDW33C-01 MDDS.XLS
33,TAMIL NADU,610,Erode,Urban,1157976,577475,580501,1052930,525666,527264,66617,33094,33523,36013,17541,18472,283,152,131,93,47,46,598,302,296,90,43,47,1352,630,722,raw_nada/DDW33C-01 MDDS.XLS
33,TAMIL NADU,611,The Nilgiris,Total,735394,360143,375251,569477,279922,289555,78452,38185,40267,84610,40603,44007,338,184,154,382,181,201,910,467,443,87,42,45,1138,559,579,raw_nada/DDW33C-01 MDDS.XLS
33,TAMIL NADU,611,The Nilgiris,Rural,299739,145909,153830,258102,125734,132368,20509,9841,10668,20416,9989,10427,53,31,22,56,28,28,40,19,21,17,8,9,546,259,287,raw_nada/DDW33C-01 MDDS.XLS
33,TAMIL NADU,611,The Nilgiris,Urban,435655,214234,221421,311375,154188,157187,57943,28344,29599,64194,30614,33580,285,153,132,326,153,173,870,448,422,70,34,36,592,300,292,raw_nada/DDW33C-01 MDDS.XLS
33,TAMIL NADU,612,Dindigul,Total,2159775,1080938,1078837,1879494,942472,937022,105012,52376,52636,169945,83394,86551,313,172,141,256,115,141,71,25,46,138,66,72,4546,2318,2228,raw_nada/DDW33C-01 MDDS.XLS
33,TAMIL NADU,612,Dindigul,Rural,1351735,678605,673130,1226289,616685,609604,29572,14611,14961,92288,45395,46893,170,100,70,96,47,49,30,10,20,86,42,44,3204,1715,1489,raw_nada/DDW33C-01 MDDS.XLS
33,TAMIL NADU,612,Dindigul,Urban,808040,402333,405707,653205,325787,327418,75440,37765,37675,77657,37999,39658,143,72,71,160,68,92,41,15,26,52,24,28,1342,603,739,raw_nada/DDW33C-01 MDDS.XLS
33,TAMIL NADU,613,Karur,Total,1064493,528184,536309,993666,493227,500439,53292,26332,26960,16483,8115,8368,115,63,52,29,15,14,7,3,4,79,36,43,822,393,429,raw_nada/DDW33C-01 MDDS.XLS
33,TAMIL NADU,613,Karur,Rural,629976,312628,317348,611828,303624,308204,9945,4952,4993,7612,3753,3859,42,28,14,11,5,6,3,2,1,35,17,18,500,247,253,raw_nada/DDW33C-01 MDDS.XLS
33,TAMIL NADU,613,Karur,Urban,434517,215556,218961,381838,189603,192235,43347,21380,21967,8871,4362,4509,73,35,38,18,10,8,4,1,3,44,19,25,322,146,176,raw_nada/DDW33C-01 MDDS.XLS
33,TAMIL NADU,614,Tiruchirappalli,Total,2722290,1352284,1370006,2279413,1135359,1144054,190964,94057,96907,246156,120093,126063,324,176,148,250,128,122,628,323,305,253,130,123,4302,2018,2284,raw_nada/DDW33C-01 MDDS.XLS
33,TAMIL NADU,614,Tiruchirappalli,Rural,1384257,688552,695705,1246567,620980,625587,29196,14413,14783,106655,52262,54393,107,50,57,106,50,56,33,20,13,94,51,43,1499,726,773,raw_nada/DDW33C-01 MDDS.XLS
33,TAMIL NADU,614,Tiruchirappalli,Urban,1338033,663732,674301,1032846,514379,518467,161768,79644,82124,139501,67831,71670,217,126,91,144,78,66,595,303,292,159,79,80,2803,1292,1511,raw_nada/DDW33C-01 MDDS.XLS
33,TAMIL NADU,615,Perambalur,Total,565223,282157,283066,521658,260853,260805,32702,15893,16809,10301,5145,5156,83,33,50,39,21,18,38,15,23,26,11,15,376,186,190,raw_nada/DDW33C-01 MDDS.XLS
33,TAMIL NADU,615,Perambalur,Rural,468060,233926,234134,445128,222776,222352,14857,7106,7751,7639,3840,3799,71,27,44,35,18,17,31,14,17,7,2,5,292,143,149,raw_nada/DDW33C-01 MDDS.XLS
33,TAMIL NADU,615,Perambalur,Urban,97163,48231,48932,76530,38077,38453,17845,8787,9058,2662,1305,1357,12,6,6,4,3,1,7,1,6,19,9,10,84,43,41,raw_nada/DDW33C-01 MDDS.XLS
33,TAMIL NADU,616,Ariyalur,Total,754894,374703,380191,708397,352022,356375,7942,3821,4121,37403,18313,19090,104,52,52,88,52,36,65,22,43,42,20,22,853,401,452,raw_nada/DDW33C-01 MDDS.XLS
33,TAMIL NADU,616,Ariyalur,Rural,671100,333253,337847,637960,317120,320840,4232,1991,2241,28213,13815,14398,77,35,42,70,43,27,55,18,37,30,15,15,463,216,247,raw_nada/DDW33C-01 MDDS.XLS
33,TAMIL NADU,616,Ariyalur,Urban,83794,41450,42344,70437,34902,35535,3710,1830,1880,9190,4498,4692,27,17,10,18,9,9,10,4,6,12,5,7,390,185,205,raw_nada/DDW33C-01 MDDS.XLS
33,TAMIL NADU,617,Cuddalore,Total,2605914,1311697,1294217,2391675,1205590,1186085,123749,61294,62455,83334,41372,41962,401,209,192,236,133,103,1280,649,631,138,65,73,5101,2385,2716,raw_nada/DDW33C-01 MDDS.XLS
33,TAMIL NADU,617,Cuddalore,Rural,1720725,868861,851864,1632394,824875,807519,33294,16314,16980,51568,26030,25538,185,93,92,79,45,34,100,49,51,61,25,36,3044,1430,1614,raw_nada/DDW33C-01 MDDS.XLS
33,TAMIL NADU,617,Cuddalore,Urban,885189,442836,442353,759281,380715,378566,90455,44980,45475,31766,15342,16424,216,116,100,157,88,69,1180,600,580,77,40,37,2057,955,1102,raw_nada/DDW33C-01 MDDS.XLS
33,TAMIL NADU,618,Nagapattinam,Total,1616450,798127,818323,1435072,711990,723082,128617,60418,68199,47579,23082,24497,184,103,81,450,250,200,963,522,441,110,57,53,3475,1705,1770,raw_nada/DDW33C-01 MDDS.XLS
33,TAMIL NADU,618,Nagapattinam,Rural,1251826,619369,632457,1140163,566984,573179,75980,34742,41238,32297,15924,16373,117,61,56,195,106,89,442,229,213,74,37,37,2558,1286,1272,raw_nada/DDW33C-01 MDDS.XLS
33,TAMIL NADU,618,Nagapattinam,Urban,364624,178758,185866,294909,145006,149903,52637,25676,26961,15282,7158,8124,67,42,25,255,144,111,521,293,228,36,20,16,917,419,498,raw_nada/DDW33C-01 MDDS.XLS
33,TAMIL NADU,619,Thiruvarur,Total,1264277,626693,637584,1132785,563648,569137,96092,45508,50584,33192,16448,16744,258,140,118,151,80,71,279,149,130,64,30,34,1456,690,766,raw_nada/DDW33C-01 MDDS.XLS
33,TAMIL NADU,619,Thiruvarur,Rural,1006482,499954,506528,926303,461300,465003,51361,24253,27108,27237,13620,13617,165,89,76,132,69,63,96,54,42,38,17,21,1150,552,598,raw_nada/DDW33C-01 MDDS.XLS
33,TAMIL NADU,619,Thiruvarur,Urban,257795,126739,131056,206482,102348,104134,44731,21255,23476,5955,2828,3127,93,51,42,19,11,8,183,95,88,26,13,13,306,138,168,raw_nada/DDW33C-01 MDDS.XLS
33,TAMIL NADU,620,Thanjavur,Total,2405890,1182416,1223474,2075870,1024883,1050987,190814,89681,101133,133971,65273,68698,231,118,113,795,402,393,1256,629,627,148,66,82,2805,1364,1441,raw_nada/DDW33C-01 MDDS.XLS
33,TAMIL NADU,620,Thanjavur,Rural,1554531,765177,789354,1392607,687301,705306,78621,36739,41882,79821,39401,40420,157,87,70,670,347,323,636,313,323,93,42,51,1926,947,979,raw_nada/DDW33C-01 MDDS.XLS
33,TAMIL NADU,620,Thanjavur,Urban,851359,417239,434120,683263,337582,345681,112193,52942,59251,54150,25872,28278,74,31,43,125,55,70,620,316,304,55,24,31,879,417,462,raw_nada/DDW33C-01 MDDS.XLS
33,TAMIL NADU,621,Pudukkottai,Total,1618345,803188,815157,1428784,709977,718807,114194,55943,58251,72850,36049,36801,119,62,57,81,48,33,32,16,16,293,133,160,1992,960,1032,raw_nada/DDW33C-01 MDDS.XLS
33,TAMIL NADU,621,Pudukkottai,Rural,1301991,645505,656486,1182872,587225,595647,60197,29048,31149,57210,28432,28778,76,42,34,70,40,30,26,13,13,243,108,135,1297,597,700,raw_nada/DDW33C-01 MDDS.XLS
33,TAMIL NADU,621,Pudukkottai,Urban,316354,157683,158671,245912,122752,123160,53997,26895,27102,15640,7617,8023,43,20,23,11,8,3,6,3,3,50,25,25,695,363,332,raw_nada/DDW33C-01 MDDS.XLS
33,TAMIL NADU,622,Sivaganga,Total,1339101,668672,670429,1186078,592770,593308,74310,37200,37110,75481,37160,38321,150,78,72,80,36,44,109,52,57,24,13,11,2869,1363,1506,raw_nada/DDW33C-01 MDDS.XLS
33,TAMIL NADU,622,Sivaganga,Rural,926256,462210,464046,846522,422924,423598,19349,9617,9732,58268,28651,29617,91,46,45,58,26,32,43,17,26,16,9,7,1909,920,989,raw_nada/DDW33C-01 MDDS.XLS
33,TAMIL NADU,622,Sivaganga,Urban,412845,206462,206383,339556,169846,169710,54961,27583,27378,17213,8509,8704,59,32,27,22,10,12,66,35,31,8,4,4,960,443,517,raw_nada/DDW33C-01 MDDS.XLS
33,TAMIL NADU,623,Madurai,Total,3038252,1526475,1511777,2760502,1388684,1371818,168881,84900,83981,97711,47605,50106,520,292,228,199,102,97,1532,780,752,305,162,143,8602,3950,4652,raw_nada/DDW33C-01 MDDS.XLS
33,TAMIL NADU,623,Madurai,Rural,1191451,601247,590204,1148814,579739,569075,28648,14481,14167,10523,5318,5205,194,118,76,67,41,26,37,22,15,60,39,21,3108,1489,1619,raw_nada/DDW33C-01 MDDS.XLS
33,TAMIL NADU,623,Madurai,Urban,1846801,925228,921573,1611688,808945,802743,140233,70419,69814,87188,42287,44901,326,174,152,132,61,71,1495,758,737,245,123,122,5494,2461,3033,raw_nada/DDW33C-01 MDDS.XLS
33,TAMIL NADU,624,Theni,Total,1245899,625683,620216,1148990,577839,571151,56751,28189,28562,37574,18404,19170,152,83,69,79,43,36,28,14,14,74,41,33,2251,1070,1181,raw_nada/DDW33C-01 MDDS.XLS
33,TAMIL NADU,624,Theni,Rural,575418,290880,284538,550080,278278,271802,7363,3678,3685,16554,8235,8319,67,33,34,38,24,14,10,5,5,36,25,11,1270,602,668,raw_nada/DDW33C-01 MDDS.XLS
33,TAMIL NADU,624,Theni,Urban,670481,334803,335678,598910,299561,299349,49388,24511,24877,21020,10169,10851,85,50,35,41,19,22,18,9,9,38,16,22,981,468,513,raw_nada/DDW33C-01 MDDS.XLS
33,TAMIL NADU,625,Virudhunagar,Total,1942288,967709,974579,1822626,908801,913825,47838,24014,23824,67405,32743,34662,245,148,97,87,45,42,98,47,51,75,31,44,3914,1880,2034,raw_nada/DDW33C-01 MDDS.XLS
33,TAMIL NADU,625,Virudhunagar,Rural,962062,480360,481702,918984,459130,459854,14206,7183,7023,26389,12867,13522,120,63,57,49,25,24,24,11,13,21,7,14,2269,1074,1195,raw_nada/DDW33C-01 MDDS.XLS
33,TAMIL NADU,625,Virudhunagar,Urban,980226,487349,492877,903642,449671,453971,33632,16831,16801,41016,19876,21140,125,85,40,38,20,18,74,36,38,54,24,30,1645,806,839,raw_nada/DDW33C-01 MDDS.XLS
33,TAMIL NADU,626,Ramanathapuram,Total,1353445,682658,670787,1047411,529279,518132,208038,104243,103795,91139,45773,45366,154,91,63,86,37,49,29,10,19,36,20,16,6552,3205,3347,raw_nada/DDW33C-01 MDDS.XLS
33,TAMIL NADU,626,Ramanathapuram,Rural,942746,474508,468238,762742,384564,378178,102936,51220,51716,72426,36467,35959,84,50,34,72,34,38,18,6,12,19,11,8,4449,2156,2293,raw_nada/DDW33C-01 MDDS.XLS
33,TAMIL NADU,626,Ramanathapuram,Urban,410699,208150,202549,284669,144715,139954,105102,53023,52079,18713,9306,9407,70,41,29,14,3,11,11,4,7,17,9,8,2103,1049,1054,raw_nada/DDW33C-01 MDDS.XLS
33,TAMIL NADU,627,Thoothukkudi,Total,1750176,865021,885155,1373920,680881,693039,80740,38970,41770,291908,143462,148446,127,73,54,286,161,125,53,30,23,112,85,27,3030,1359,1671,raw_nada/DDW33C-01 MDDS.XLS
33,TAMIL NADU,627,Thoothukkudi,Rural,873374,430361,443013,718081,354666,363415,22277,10705,11572,131124,64101,67023,65,31,34,108,62,46,18,11,7,14,5,9,1687,780,907,raw_nada/DDW33C-01 MDDS.XLS
33,TAMIL NADU,627,Thoothukkudi,Urban,876802,434660,442142,655839,326215,329624,58463,28265,30198,160784,79361,81423,62,42,20,178,99,79,35,19,16,98,80,18,1343,579,764,raw_nada/DDW33C-01 MDDS.XLS
33,TAMIL NADU,628,Tirunelveli,Total,3077233,1520912,1556321,2425630,1199635,1225995,303368,151056,152312,342254,167247,175007,268,129,139,373,197,176,144,83,61,450,182,268,4746,2383,2363,raw_nada/DDW33C-01 MDDS.XLS
33,TAMIL NADU,628,Tirunelveli,Rural,1557004,768728,788276,1313009,649096,663913,48899,24040,24859,192173,94220,97953,138,67,71,205,99,106,43,23,20,418,164,254,2119,1019,1100,raw_nada/DDW33C-01 MDDS.XLS
33,TAMIL NADU,628,Tirunelveli,Urban,1520229,752184,768045,1112621,550539,562082,254469,127016,127453,150081,73027,77054,130,62,68,168,98,70,101,60,41,32,18,14,2627,1364,1263,raw_nada/DDW33C-01 MDDS.XLS
33,TAMIL NADU,629,Kanniyakumari,Total,1870374,926345,944029,909872,453009,456863,78590,38462,40128,876299,432363,443936,160,80,80,438,217,221,156,77,79,10,5,5,4849,2132,2717,raw_nada/DDW33C-01 MDDS.XLS
33,TAMIL NADU,629,Kanniyakumari,Rural,330572,164938,165634,163428,81816,81612,6768,3364,3404,159208,79242,79966,27,11,16,103,46,57,28,16,12,4,2,2,1006,441,565,raw_nada/DDW33C-01 MDDS.XLS
33,TAMIL NADU,629,Kanniyakumari,Urban,1539802,761407,778395,746444,371193,375251,71822,35098,36724,717091,353121,363970,133,69,64,335,171,164,128,61,67,6,3,3,3843,1691,2152,raw_nada/DDW33C-01 MDDS.XLS
33,TAMIL NADU,630,Dharmapuri,Total,1506843,774303,732540,1452956,747236,705720,38304,19316,18988,14089,6984,7105,164,90,74,39,16,23,37,17,20,87,50,37,1167,594,573,raw_nada/DDW33C-01 MDDS.XLS
33,TAMIL NADU,630,Dharmapuri,Rural,1245931,643215,602716,1221915,631112,590803,12361,6276,6085,10607,5285,5322,137,72,65,33,14,19,19,7,12,53,29,24,806,420,386,raw_nada/DDW33C-01 MDDS.XLS
33,TAMIL NADU,630,Dharmapuri,Urban,260912,131088,129824,231041,116124,114917,25943,13040,12903,3482,1699,1783,27,18,9,6,2,4,18,10,8,34,21,13,361,174,187,raw_nada/DDW33C-01 MDDS.XLS
33,TAMIL NADU,631,Krishnagiri,Total,1879809,960232,919577,1723737,881396,842341,115303,58608,56695,35956,17832,18124,468,252,216,121,65,56,373,192,181,221,107,114,3630,1780,1850,raw_nada/DDW33C-01 MDDS.XLS
33,TAMIL NADU,631,Krishnagiri,Rural,1451446,742444,709002,1367670,700050,667620,61039,31125,29914,19064,9432,9632,245,130,115,82,42,40,97,46,51,150,73,77,3099,1546,1553,raw_nada/DDW33C-01 MDDS.XLS
33,TAMIL NADU,631,Krishnagiri,Urban,428363,217788,210575,356067,181346,174721,54264,27483,26781,16892,8400,8492,223,122,101,39,23,16,276,146,130,71,34,37,531,234,297,raw_nada/DDW33C-01 MDDS.XLS
33,TAMIL NADU,632,Coimbatore,Total,3458045,1729297,1728748,3044145,1524074,1520071,211035,105692,105343,190314,93494,96820,1112,619,493,435,229,206,3284,1669,1615,237,128,109,7483,3392,4091,raw_nada/DDW33C-01 MDDS.XLS
33,TAMIL NADU,632,Coimbatore,Rural,839105,419032,420073,810879,405017,405862,11574,5748,5826,14059,6992,7067,168,95,73,55,31,24,27,12,15,31,14,17,2312,1123,1189,raw_nada/DDW33C-01 MDDS.XLS
33,TAMIL NADU,632,Coimbatore,Urban,2618940,1310265,1308675,2233266,1119057,1114209,199461,99944,99517,176255,86502,89753,944,524,420,380,198,182,3257,1657,1600,206,114,92,5171,2269,2902,raw_nada/DDW33C-01 MDDS.XLS
33,TAMIL NADU,633,Tiruppur,Total,2479052,1246159,1232893,2278835,1146733,1132102,123983,61835,62148,70015,34509,35506,455,282,173,198,109,89,371,195,176,119,62,57,5076,2434,2642,raw_nada/DDW33C-01 MDDS.XLS
33,TAMIL NADU,633,Tiruppur,Rural,957941,479309,478632,924970,463026,461944,13877,6871,7006,16586,8160,8426,113,70,43,40,31,9,21,15,6,26,14,12,2308,1122,1186,raw_nada/DDW33C-01 MDDS.XLS
33,TAMIL NADU,633,Tiruppur,Urban,1521111,766850,754261,1353865,683707,670158,110106,54964,55142,53429,26349,27080,342,212,130,158,78,80,350,180,170,93,48,45,2768,1312,1456,raw_nada/DDW33C-01 MDDS.XLS
34,PUDUCHERRY,634,Yanam,Total,55626,27301,28325,53537,26321,27216,1191,553,638,873,408,465,3,3,0,1,1,0,4,3,1,4,3,1,13,9,4,raw_nada/DDW34C-01 MDDS.XLS
34,PUDUCHERRY,634,Yanam,Rural,0,0,0,0,0,0,0,0,0,0,0,0,0,0,0,0,0,0,0,0,0,0,0,0,0,0,0,raw_nada/DDW34C-01 MDDS.XLS
34,PUDUCHERRY,634,Yanam,Urban,55626,27301,28325,53537,26321,27216,1191,553,638,873,408,465,3,3,0,1,1,0,4,3,1,4,3,1,13,9,4,raw_nada/DDW34C-01 MDDS.XLS
34,PUDUCHERRY,635,Puducherry,Total,950289,468258,482031,855294,422698,432596,32674,16057,16617,58328,27528,30800,245,129,116,366,195,171,1328,671,657,147,78,69,1907,902,1005,raw_nada/DDW34C-01 MDDS.XLS
34,PUDUCHERRY,635,Puducherry,Rural,293080,144769,148311,285348,140979,144369,4719,2323,2396,2679,1287,1392,71,37,34,20,14,6,31,14,17,33,19,14,179,96,83,raw_nada/DDW34C-01 MDDS.XLS
34,PUDUCHERRY,635,Puducherry,Urban,657209,323489,333720,569946,281719,288227,27955,13734,14221,55649,26241,29408,174,92,82,346,181,165,1297,657,640,114,59,55,1728,806,922,raw_nada/DDW34C-01 MDDS.XLS
34,PUDUCHERRY,636,Mahe,Total,41816,19143,22673,27940,12679,15261,12856,5986,6870,958,448,510,3,2,1,21,8,13,14,7,7,3,2,1,21,11,10,raw_nada/DDW34C-01 MDDS.XLS
34,PUDUCHERRY,636,Mahe,Rural,0,0,0,0,0,0,0,0,0,0,0,0,0,0,0,0,0,0,0,0,0,0,0,0,0,0,0,raw_nada/DDW34C-01 MDDS.XLS
34,PUDUCHERRY,636,Mahe,Urban,41816,19143,22673,27940,12679,15261,12856,5986,6870,958,448,510,3,2,1,21,8,13,14,7,7,3,2,1,21,11,10,raw_nada/DDW34C-01 MDDS.XLS
34,PUDUCHERRY,637,Karaikal,Total,200222,97809,102413,152638,75003,77635,28835,13854,14981,18391,8773,9618,46,22,24,63,46,17,54,21,33,14,5,9,181,85,96,raw_nada/DDW34C-01 MDDS.XLS
34,PUDUCHERRY,637,Karaikal,Rural,102120,50138,51982,85161,41965,43196,8413,4039,4374,8386,4050,4336,26,13,13,36,30,6,14,4,10,6,3,3,78,34,44,raw_nada/DDW34C-01 MDDS.XLS
34,PUDUCHERRY,637,Karaikal,Urban,98102,47671,50431,67477,33038,34439,20422,9815,10607,10005,4723,5282,20,9,11,27,16,11,40,17,23,8,2,6,103,51,52,raw_nada/DDW34C-01 MDDS.XLS
35,ANDAMAN & NICOBAR ISLANDS,638,Nicobars,Total,36842,20727,16115,8681,5894,2787,1336,789,547,26077,13618,12459,343,192,151,119,69,50,0,0,0,248,149,99,38,16,22,raw_nada/DDW35C-01 MDDS.XLS
35,ANDAMAN & NICOBAR ISLANDS,638,Nicobars,Rural,36842,20727,16115,8681,5894,2787,1336,789,547,26077,13618,12459,343,192,151,119,69,50,0,0,0,248,149,99,38,16,22,raw_nada/DDW35C-01 MDDS.XLS
35,ANDAMAN & NICOBAR ISLANDS,638,Nicobars,Urban,0,0,0,0,0,0,0,0,0,0,0,0,0,0,0,0,0,0,0,0,0,0,0,0,0,0,0,raw_nada/DDW35C-01 MDDS.XLS
35,ANDAMAN & NICOBAR ISLANDS,639,North & Middle Andaman,Total,105597,54861,50736,81163,42260,38903,2165,1186,979,21870,11195,10675,77,42,35,84,53,31,4,3,1,47,21,26,187,101,86,raw_nada/DDW35C-01 MDDS.XLS
35,ANDAMAN & NICOBAR ISLANDS,639,North & Middle Andaman,Rural,102856,53457,49399,79131,41213,37918,2131,1168,963,21210,10867,10343,72,39,33,79,49,30,4,3,1,43,18,25,186,100,86,raw_nada/DDW35C-01 MDDS.XLS
35,ANDAMAN & NICOBAR ISLANDS,639,North & Middle Andaman,Urban,2741,1404,1337,2032,1047,985,34,18,16,660,328,332,5,3,2,5,4,1,0,0,0,4,3,1,1,1,0,raw_nada/DDW35C-01 MDDS.XLS
35,ANDAMAN & NICOBAR ISLANDS,640,South Andaman,Total,238142,127283,110859,174452,94123,80329,28912,15326,13586,33037,16934,16103,866,467,399,135,66,69,27,11,16,269,147,122,444,209,235,raw_nada/DDW35C-01 MDDS.XLS
35,ANDAMAN & NICOBAR ISLANDS,640,South Andaman,Rural,97395,52103,45292,69456,37532,31924,11657,6022,5635,15498,8154,7344,229,124,105,64,31,33,10,5,5,152,83,69,329,152,177,raw_nada/DDW35C-01 MDDS.XLS
35,ANDAMAN & NICOBAR ISLANDS,640,South Andaman,Urban,140747,75180,65567,104996,56591,48405,17255,9304,7951,17539,8780,8759,637,343,294,71,35,36,17,6,11,117,64,53,115,57,58,raw_nada/DDW35C-01 MDDS.XLS
