state_code,state_name,district_code,district_name,tru,total,hindu,muslim,christian,sikh,buddhist,jain,other_religions,religion_not_stated
01,JAMMU & KASHMIR,001,Kupwara,Total,870354,37128,823286,1700,5600,66,39,13,2522
01,JAMMU & KASHMIR,001,Kupwara,Rural,765625,27668,729931,1331,4477,46,33,5,2134
01,JAMMU & KASHMIR,001,Kupwara,Urban,104729,9460,93355,369,1123,20,6,8,388
01,JAMMU & KASHMIR,002,Badgam,Total,753745,10110,736054,1489,5559,47,6,2,478
01,JAMMU & KASHMIR,002,Badgam,Rural,655833,2608,646943,928,4924,21,3,2,404
01,JAMMU & KASHMIR,002,Badgam,Urban,97912,7502,89111,561,635,26,3,0,74
01,JAMMU & KASHMIR,003,Leh(Ladakh),Total,133487,22882,19057,658,1092,88635,103,54,1006
01,JAMMU & KASHMIR,003,Leh(Ladakh),Rural,87816,8340,13888,300,165,64612,79,1,431
01,JAMMU & KASHMIR,003,Leh(Ladakh),Urban,45671,14542,5169,358,927,24023,24,53,575
01,JAMMU & KASHMIR,004,Kargil,Total,140802,10341,108239,604,1171,20126,28,4,289
01,JAMMU & KASHMIR,004,Kargil,Rural,124464,7202,95568,541,811,20038,26,3,275
01,JAMMU & KASHMIR,004,Kargil,Urban,16338,3139,12671,63,360,88,2,1,14
01,JAMMU & KASHMIR,005,Punch,Total,476835,32604,431279,958,11188,83,10,2,711
01,JAMMU & KASHMIR,005,Punch,Rural,438205,19927,411431,587,5541,75,7,2,635
01,JAMMU & KASHMIR,005,Punch,Urban,38630,12677,19848,371,5647,8,3,0,76
01,JAMMU & KASHMIR,006,Rajouri,Total,642415,221880,402879,983,15513,189,26,3,942
01,JAMMU & KASHMIR,006,Rajouri,Rural,590101,190637,385635,705,12061,157,19,2,885
01,JAMMU & KASHMIR,006,Rajouri,Urban,52314,31243,17244,278,3452,32,7,1,57
01,JAMMU & KASHMIR,007,Kathua,Total,616435,540063,64234,1828,9551,24,16,2,717
01,JAMMU & KASHMIR,007,Kathua,Rural,526722,457901,60962,717,6536,11,10,1,584
01,JAMMU & KASHMIR,007,Kathua,Urban,89713,82162,3272,1111,3015,13,6,1,133
01,JAMMU & KASHMIR,008,Baramula,Total,1008039,30621,959185,1497,14770,140,29,7,1790
01,JAMMU & KASHMIR,008,Baramula,Rural,825539,14243,802009,961,6905,60,22,0,1339
01,JAMMU & KASHMIR,008,Baramula,Urban,182500,16378,157176,536,7865,80,7,7,451
01,JAMMU & KASHMIR,009,Bandipore,Total,392232,8439,382006,572,555,44,17,2,597
01,JAMMU & KASHMIR,009,Bandipore,Rural,326871,5890,319449,481,505,26,15,0,505
01,JAMMU & KASHMIR,009,Bandipore,Urban,65361,2549,62557,91,50,18,2,2,92
01,JAMMU & KASHMIR,010,Srinagar,Total,1236829,42540,1177342,2746,12187,285,74,2,1653
01,JAMMU & KASHMIR,010,Srinagar,Rural,17313,27,17271,3,2,0,0,0,10
01,JAMMU & KASHMIR,010,Srinagar,Urban,1219516,42513,1160071,2743,12185,285,74,2,1643
01,JAMMU & KASHMIR,011,Ganderbal,Total,297446,5592,290581,406,486,25,8,4,344
01,JAMMU & KASHMIR,011,Ganderbal,Rural,250407,5203,244083,353,448,22,8,3,287
01,JAMMU & KASHMIR,011,Ganderbal,Urban,47039,389,46498,53,38,3,0,1,57
01,JAMMU & KASHMIR,012,Pulwama,Total,560440,13840,535159,1109,9440,35,6,18,833
01,JAMMU & KASHMIR,012,Pulwama,Rural,479978,6452,462806,886,9076,23,3,14,718
01,JAMMU & KASHMIR,012,Pulwama,Urban,80462,7388,72353,223,364,12,3,4,115
01,JAMMU & KASHMIR,013,Shupiyan,Total,266215,3116,262263,429,178,6,1,6,216
01,JAMMU & KASHMIR,013,Shupiyan,Rural,249855,970,248203,362,122,4,1,6,187
01,JAMMU & KASHMIR,013,Shupiyan,Urban,16360,2146,14060,67,56,2,0,0,29
01,JAMMU & KASHMIR,014,Anantnag,Total,1078692,13180,1057005,1449,6140,55,7,7,849
01,JAMMU & KASHMIR,014,Anantnag,Rural,795805,4781,784432,945,4991,21,3,6,626
01,JAMMU & KASHMIR,014,Anantnag,Urban,282887,8399,272573,504,1149,34,4,1,223
01,JAMMU & KASHMIR,015,Kulgam,Total,424483,4267,418076,460,1035,27,25,9,584
01,JAMMU & KASHMIR,015,Kulgam,Rural,343870,2126,339857,344,950,21,22,9,541
01,JAMMU & KASHMIR,015,Kulgam,Urban,80613,2141,78219,116,85,6,3,0,43
01,JAMMU & KASHMIR,016,Doda,Total,409936,187621,220614,472,422,21,22,42,722
01,JAMMU & KASHMIR,016,Doda,Rural,377247,177835,197946,432,269,21,8,42,694
01,JAMMU & KASHMIR,016,Doda,Urban,32689,9786,22668,40,153,0,14,0,28
01,JAMMU & KASHMIR,017,Ramban,Total,283713,81026,200516,414,753,43,3,252,706
01,JAMMU & KASHMIR,017,Ramban,Rural,271902,75939,194292,344,348,42,2,251,684
01,JAMMU & KASHMIR,017,Ramban,Urban,11811,5087,6224,70,405,1,1,1,22
01,JAMMU & KASHMIR,018,Kishtwar,Total,230696,93931,133225,277,450,2094,3,514,202
01,JAMMU & KASHMIR,018,Kishtwar,Rural,215831,89533,122937,243,353,2070,3,514,178
01,JAMMU & KASHMIR,018,Kishtwar,Urban,14865,4398,10288,34,97,24,0,0,24
01,JAMMU & KASHMIR,019,Udhampur,Total,554985,489044,59771,1962,3418,106,57,235,392
01,JAMMU & KASHMIR,019,Udhampur,Rural,446777,392790,52018,719,613,44,31,231,331
01,JAMMU & KASHMIR,019,Udhampur,Urban,108208,96254,7753,1243,2805,62,26,4,61
01,JAMMU & KASHMIR,020,Reasi,Total,314667,153898,156275,1208,3107,15,7,3,154
01,JAMMU & KASHMIR,020,Reasi,Rural,287671,130653,153199,747,2913,12,7,3,137
01,JAMMU & KASHMIR,020,Reasi,Urban,26996,23245,3076,461,194,3,0,0,17
01,JAMMU & KASHMIR,021,Jammu,Total,1529958,1289240,107489,12104,114272,470,1987,321,4075
01,JAMMU & KASHMIR,021,Jammu,Rural,764945,667745,53332,2505,38965,109,38,165,2086
01,JAMMU & KASHMIR,021,Jammu,Urban,765013,621495,54157,9599,75307,361,1949,156,1989
01,JAMMU & KASHMIR,022,Samba,Total,318898,275311,22950,2306,17961,48,16,6,300
01,JAMMU & KASHMIR,022,Samba,Rural,265283,227900,20281,1088,15756,28,15,6,209
01,JAMMU & KASHMIR,022,Samba,Urban,53615,47411,2669,1218,2205,20,1,0,91
02,HIMACHAL PRADESH,023,Chamba,Total,519080,479782,32455,1559,2745,1740,57,14,728
02,HIMACHAL PRADESH,023,Chamba,Rural,482972,448992,31161,361,636,1043,47,14,718
02,HIMACHAL PRADESH,023,Chamba,Urban,36108,30790,1294,1198,2109,697,10,0,10
02,HIMACHAL PRADESH,024,Kangra,Total,1510075,1461140,19797,3023,8929,14511,194,208,2273
02,HIMACHAL PRADESH,024,Kangra,Rural,1423794,1386327,18817,2601,7609,5937,114,203,2186
02,HIMACHAL PRADESH,024,Kangra,Urban,86281,74813,980,422,1320,8574,80,5,87
02,HIMACHAL PRADESH,025,Lahul & Spiti,Total,31564,11649,74,212,35,19572,3,1,18
02,HIMACHAL PRADESH,025,Lahul & Spiti,Rural,31564,11649,74,212,35,19572,3,1,18
02,HIMACHAL PRADESH,025,Lahul & Spiti,Urban,0,0,0,0,0,0,0,0,0
02,HIMACHAL PRADESH,026,Kullu,Total,437903,415669,2974,1568,1396,15377,94,83,742
02,HIMACHAL PRADESH,026,Kullu,Rural,396512,380800,1948,1063,676,11174,53,78,720
02,HIMACHAL PRADESH,026,Kullu,Urban,41391,34869,1026,505,720,4203,41,5,22
02,HIMACHAL PRADESH,027,Mandi,Total,999777,981412,9460,876,4081,2628,43,86,1191
02,HIMACHAL PRADESH,027,Mandi,Rural,937140,923679,7776,712,1615,2088,30,84,1156
02,HIMACHAL PRADESH,027,Mandi,Urban,62637,57733,1684,164,2466,540,13,2,35
02,HIMACHAL PRADESH,028,Hamirpur,Total,454768,449412,3711,243,591,95,293,9,414
02,HIMACHAL PRADESH,028,Hamirpur,Rural,423338,419044,3182,213,457,16,21,9,396
02,HIMACHAL PRADESH,028,Hamirpur,Urban,31430,30368,529,30,134,79,272,0,18
02,HIMACHAL PRADESH,029,Una,Total,521173,480138,14275,390,26009,56,70,10,225
02,HIMACHAL PRADESH,029,Una,Rural,476260,439716,13521,278,22486,37,22,4,196
02,HIMACHAL PRADESH,029,Una,Urban,44913,40422,754,112,3523,19,48,6,29
02,HIMACHAL PRADESH,030,Bilaspur,Total,381956,371973,6984,236,2387,113,10,7,246
02,HIMACHAL PRADESH,030,Bilaspur,Rural,356827,348937,5238,175,2115,102,9,7,244
02,HIMACHAL PRADESH,030,Bilaspur,Urban,25129,23036,1746,61,272,11,1,0,2
02,HIMACHAL PRADESH,031,Solan,Total,580320,548579,14678,1452,13926,574,591,110,410
02,HIMACHAL PRADESH,031,Solan,Rural,478173,454088,10734,790,11784,279,97,99,302
02,HIMACHAL PRADESH,031,Solan,Urban,102147,94491,3944,662,2142,295,494,11,108
02,HIMACHAL PRADESH,032,Sirmaur,Total,529855,476830,33215,577,15501,2645,236,86,765
02,HIMACHAL PRADESH,032,Sirmaur,Rural,472690,431174,27856,352,10013,2620,43,83,549
02,HIMACHAL PRADESH,032,Sirmaur,Urban,57165,45656,5359,225,5488,25,193,3,216
02,HIMACHAL PRADESH,033,Shimla,Total,814010,791449,11810,2025,4047,3262,185,197,1035
02,HIMACHAL PRADESH,033,Shimla,Rural,612659,602577,7146,839,542,690,20,145,700
02,HIMACHAL PRADESH,033,Shimla,Urban,201351,188872,4664,1186,3505,2572,165,52,335
02,HIMACHAL PRADESH,034,Kinnaur,Total,84121,64732,448,485,249,18086,29,45,47
02,HIMACHAL PRADESH,034,Kinnaur,Rural,84121,64732,448,485,249,18086,29,45,47
02,HIMACHAL PRADESH,034,Kinnaur,Urban,0,0,0,0,0,0,0,0,0
03,PUNJAB,035,Gurdaspur,Total,2298323,1074332,27667,176587,1002874,405,580,812,15066
03,PUNJAB,035,Gurdaspur,Rural,1639004,595343,19375,150436,862338,260,332,595,10325
03,PUNJAB,035,Gurdaspur,Urban,659319,478989,8292,26151,140536,145,248,217,4741
03,PUNJAB,036,Kapurthala,Total,815168,336124,10190,5445,453692,6662,553,334,2168
03,PUNJAB,036,Kapurthala,Rural,532706,152501,6225,3545,364361,5034,64,129,847
03,PUNJAB,036,Kapurthala,Urban,282462,183623,3965,1900,89331,1628,489,205,1321
03,PUNJAB,037,Jalandhar,Total,2193590,1394329,30233,26016,718363,11385,4011,805,8448
03,PUNJAB,037,Jalandhar,Rural,1032419,530393,12408,11653,466089,8869,135,452,2420
03,PUNJAB,037,Jalandhar,Urban,1161171,863936,17825,14363,252274,2516,3876,353,6028
03,PUNJAB,038,Hoshiarpur,Total,1586625,1000743,23089,14968,538208,3476,2034,531,3576
03,PUNJAB,038,Hoshiarpur,Rural,1251656,748076,20261,12835,464157,3005,204,347,2771
03,PUNJAB,038,Hoshiarpur,Urban,334969,252667,2828,2133,74051,471,1830,184,805
03,PUNJAB,039,Shahid Bhagat Singh Nagar,Total,612310,401368,6829,1479,192885,5885,695,266,2903
03,PUNJAB,039,Shahid Bhagat Singh Nagar,Rural,486894,304621,4868,1142,168573,5009,41,201,2439
03,PUNJAB,039,Shahid Bhagat Singh Nagar,Urban,125416,96747,1961,337,24312,876,654,65,464
03,PUNJAB,040,Fatehgarh Sahib,Total,600163,152851,16808,1698,427521,48,178,251,808
03,PUNJAB,040,Fatehgarh Sahib,Rural,414681,50261,11478,1185,351097,14,38,175,433
03,PUNJAB,040,Fatehgarh Sahib,Urban,185482,102590,5330,513,76424,34,140,76,375
03,PUNJAB,041,Ludhiana,Total,3498739,1502403,77713,16517,1863408,2007,19620,1254,15817
03,PUNJAB,041,Ludhiana,Rural,1429031,213244,24512,3048,1183219,194,629,364,3821
03,PUNJAB,041,Ludhiana,Urban,2069708,1289159,53201,13469,680189,1813,18991,890,11996
03,PUNJAB,042,Moga,Total,995746,158414,9388,3277,818921,178,436,365,4767
03,PUNJAB,042,Moga,Rural,768500,58244,7514,1433,697946,109,213,222,2819
03,PUNJAB,042,Moga,Urban,227246,100170,1874,1844,120975,69,223,143,1948
03,PUNJAB,043,Firozpur,Total,2029074,906408,6844,19358,1090815,454,1143,278,3774
03,PUNJAB,043,Firozpur,Rural,1476518,515373,3888,8969,945120,221,108,104,2735
03,PUNJAB,043,Firozpur,Urban,552556,391035,2956,10389,145695,233,1035,174,1039
03,PUNJAB,044,Muktsar,Total,901896,254920,4333,1681,638625,240,744,433,920
03,PUNJAB,044,Muktsar,Rural,649705,96746,2290,905,548560,114,144,363,583
03,PUNJAB,044,Muktsar,Urban,252191,158174,2043,776,90065,126,600,70,337
03,PUNJAB,045,Faridkot,Total,617508,141363,3125,1227,469789,155,1109,103,637
03,PUNJAB,045,Faridkot,Rural,400457,28738,1622,484,369196,46,40,55,276
03,PUNJAB,045,Faridkot,Urban,217051,112625,1503,743,100593,109,1069,48,361
03,PUNJAB,046,Bathinda,Total,1388525,380569,16299,2474,984286,246,1266,559,2826
03,PUNJAB,046,Bathinda,Rural,889308,84489,9930,850,792367,69,232,411,960
03,PUNJAB,046,Bathinda,Urban,499217,296080,6369,1624,191919,177,1034,148,1866
03,PUNJAB,047,Mansa,Total,769751,156539,10375,917,598443,123,1577,493,1284
03,PUNJAB,047,Mansa,Rural,606147,67277,8230,746,528182,44,384,407,877
03,PUNJAB,047,Mansa,Urban,163604,89262,2145,171,70261,79,1193,86,407
03,PUNJAB,048,Patiala,Total,1895686,783306,40043,5683,1059944,245,1914,1410,3141
03,PUNJAB,048,Patiala,Rural,1132406,329687,26231,2836,770960,90,87,1112,1403
03,PUNJAB,048,Patiala,Urban,763280,453619,13812,2847,288984,155,1827,298,1738
03,PUNJAB,049,Amritsar,Total,2490656,690939,12502,54344,1716935,876,3152,1044,10864
03,PUNJAB,049,Amritsar,Rural,1156045,57995,5051,34948,1053790,76,1378,307,2500
03,PUNJAB,049,Amritsar,Urban,1334611,632944,7451,19396,663145,800,1774,737,8364
03,PUNJAB,050,Tarn Taran,Total,1119627,60504,3855,6095,1044903,101,650,47,3472
03,PUNJAB,050,Tarn Taran,Rural,977832,26358,3360,4420,940175,76,127,32,3284
03,PUNJAB,050,Tarn Taran,Urban,141795,34146,495,1675,104728,25,523,15,188
03,PUNJAB,051,Rupnagar,Total,684627,304481,14492,2094,361045,118,653,143,1601
03,PUNJAB,051,Rupnagar,Rural,506820,200032,11135,834,293332,68,39,67,1313
03,PUNJAB,051,Rupnagar,Urban,177807,104449,3357,1260,67713,50,614,76,288
03,PUNJAB,052,Sahibzada Ajit Singh Nagar,Total,994628,476276,29488,5342,478908,257,1257,239,2861
03,PUNJAB,052,Sahibzada Ajit Singh Nagar,Rural,450017,152887,16994,872,277613,57,52,135,1407
03,PUNJAB,052,Sahibzada Ajit Singh Nagar,Urban,544611,323389,12494,4470,201295,200,1205,104,1454
03,PUNJAB,053,Sangrur,Total,1655169,389410,179116,2406,1077438,268,3222,1038,2271
03,PUNJAB,053,Sangrur,Rural,1139204,152958,74657,1572,907170,142,80,785,1840
03,PUNJAB,053,Sangrur,Urban,515965,236452,104459,834,170268,126,3142,253,431
03,PUNJAB,054,Barnala,Total,595527,112859,13100,622,467751,108,246,481,360
03,PUNJAB,054,Barnala,Rural,404842,30843,8796,264,364210,80,39,383,227
03,PUNJAB,054,Barnala,Urban,190685,82016,4304,358,103541,28,207,98,133
04,CHANDIGARH,055,Chandigarh,Total,1055450,852574,51447,8720,138329,1160,1960,246,1014
04,CHANDIGARH,055,Chandigarh,Rural,28991,23207,1321,156,4258,8,13,16,12
04,CHANDIGARH,055,Chandigarh,Urban,1026459,829367,50126,8564,134071,1152,1947,230,1002
05,UTTARAKHAND,056,Uttarkashi,Total,330086,324859,3554,353,167,563,74,105,411
05,UTTARAKHAND,056,Uttarkashi,Rural,305781,301807,2459,303,134,546,63,105,364
05,UTTARAKHAND,056,Uttarkashi,Urban,24305,23052,1095,50,33,17,11,0,47
05,UTTARAKHAND,057,Chamoli,Total,391605,385818,4395,428,323,190,11,23,417
05,UTTARAKHAND,057,Chamoli,Rural,332209,329035,2279,228,144,135,7,10,371
05,UTTARAKHAND,057,Chamoli,Urban,59396,56783,2116,200,179,55,4,13,46
05,UTTARAKHAND,058,Rudraprayag,Total,242285,240170,1486,171,38,9,4,44,363
05,UTTARAKHAND,058,Rudraprayag,Rural,232360,230708,1077,143,35,8,4,36,349
05,UTTARAKHAND,058,Rudraprayag,Urban,9925,9462,409,28,3,1,0,8,14
05,UTTARAKHAND,059,Tehri Garhwal,Total,618931,609835,7374,656,290,32,91,109,544
05,UTTARAKHAND,059,Tehri Garhwal,Rural,548792,543249,4412,405,94,19,22,97,494
05,UTTARAKHAND,059,Tehri Garhwal,Urban,70139,66586,2962,251,196,13,69,12,50
05,UTTARAKHAND,060,Dehradun,Total,1696694,1424916,202057,13416,36454,11778,5117,217,2739
05,UTTARAKHAND,060,Dehradun,Rural,754753,633762,100092,4167,9486,5823,391,92,940
05,UTTARAKHAND,060,Dehradun,Urban,941941,791154,101965,9249,26968,5955,4726,125,1799
05,UTTARAKHAND,061,Garhwal,Total,687271,660507,22931,2161,619,58,212,51,732
05,UTTARAKHAND,061,Garhwal,Rural,574568,562789,9621,1192,253,32,31,47,603
05,UTTARAKHAND,061,Garhwal,Urban,112703,97718,13310,969,366,26,181,4,129
05,UTTARAKHAND,062,Pithoragarh,Total,483439,475105,6015,1401,260,185,13,30,430
05,UTTARAKHAND,062,Pithoragarh,Rural,413834,410101,2469,628,160,77,7,26,366
05,UTTARAKHAND,062,Pithoragarh,Urban,69605,65004,3546,773,100,108,6,4,64
05,UTTARAKHAND,063,Bageshwar,Total,259898,257509,1440,397,46,102,7,16,381
05,UTTARAKHAND,063,Bageshwar,Rural,250819,249035,902,373,23,101,5,8,372
05,UTTARAKHAND,063,Bageshwar,Urban,9079,8474,538,24,23,1,2,8,9
05,UTTARAKHAND,064,Almora,Total,622506,611250,7752,1895,256,201,31,6,1115
05,UTTARAKHAND,064,Almora,Rural,560192,555257,3143,441,89,155,23,1,1083
05,UTTARAKHAND,064,Almora,Urban,62314,55993,4609,1454,167,46,8,5,32
05,UTTARAKHAND,065,Champawat,Total,259648,249563,8693,870,336,24,28,6,128
05,UTTARAKHAND,065,Champawat,Rural,221305,216812,3501,695,170,15,9,6,97
05,UTTARAKHAND,065,Champawat,Urban,38343,32751,5192,175,166,9,19,0,31
05,UTTARAKHAND,066,Nainital,Total,954605,809717,120742,5091,17419,570,356,181,529
05,UTTARAKHAND,066,Nainital,Rural,582871,546470,21454,2382,11822,183,75,151,334
05,UTTARAKHAND,066,Nainital,Urban,371734,263247,99288,2709,5597,387,281,30,195
05,UTTARAKHAND,067,Udham Singh Nagar,Total,1648902,1104452,372267,6064,162768,505,738,159,1949
05,UTTARAKHAND,067,Udham Singh Nagar,Rural,1062142,727559,181026,3742,147815,422,238,108,1232
05,UTTARAKHAND,067,Udham Singh Nagar,Urban,586760,376893,191241,2322,14953,83,500,51,717
05,UTTARAKHAND,068,Hardwar,Total,1890422,1214935,648119,4878,17364,709,2501,46,1870
05,UTTARAKHAND,068,Hardwar,Rural,1197328,725054,458422,2047,10145,313,146,5,1196
05,UTTARAKHAND,068,Hardwar,Urban,693094,489881,189697,2831,7219,396,2355,41,674
06,HARYANA,069,Panchkula,Total,561293,490702,23451,2583,40951,1008,1626,90,882
06,HARYANA,069,Panchkula,Rural,248063,208936,15266,810,22793,39,38,12,169
06,HARYANA,069,Panchkula,Urban,313230,281766,8185,1773,18158,969,1588,78,713
06,HARYANA,070,Ambala,Total,1128350,955096,22143,3705,138202,381,4845,110,3868
06,HARYANA,070,Ambala,Rural,627576,527264,14282,1183,82951,71,305,41,1479
06,HARYANA,070,Ambala,Urban,500774,427832,7861,2522,55251,310,4540,69,2389
06,HARYANA,071,Yamunanagar,Total,1214205,984929,138569,3646,84455,161,1555,126,764
06,HARYANA,071,Yamunanagar,Rural,741376,584697,112735,1466,41946,99,74,86,273
06,HARYANA,071,Yamunanagar,Urban,472829,400232,25834,2180,42509,62,1481,40,491
06,HARYANA,072,Kurukshetra,Total,964655,805175,15970,1943,140395,214,375,106,477
06,HARYANA,072,Kurukshetra,Rural,685430,559800,11766,1042,112295,71,34,87,335
06,HARYANA,072,Kurukshetra,Urban,279225,245375,4204,901,28100,143,341,19,142
06,HARYANA,073,Kaithal,Total,1074304,974520,8232,1769,87558,265,351,70,1539
06,HARYANA,073,Kaithal,Rural,838293,750062,6439,1570,78584,203,102,60,1273
06,HARYANA,073,Kaithal,Urban,236011,224458,1793,199,8974,62,249,10,266
06,HARYANA,074,Karnal,Total,1505324,1341002,31650,2049,126207,532,1516,49,2319
06,HARYANA,074,Karnal,Rural,1050514,932288,25463,831,89991,235,258,26,1422
06,HARYANA,074,Karnal,Urban,454810,408714,6187,1218,36216,297,1258,23,897
06,HARYANA,075,Panipat,Total,1205437,1083936,86622,2261,25064,289,4647,99,2519
06,HARYANA,075,Panipat,Rural,650352,592641,45464,1173,9564,135,479,36,860
06,HARYANA,075,Panipat,Urban,555085,491295,41158,1088,15500,154,4168,63,1659
06,HARYANA,076,Sonipat,Total,1450001,1390149,45100,1405,4484,336,6033,29,2465
06,HARYANA,076,Sonipat,Rural,996637,964241,28472,792,1655,105,211,22,1139
06,HARYANA,076,Sonipat,Urban,453364,425908,16628,613,2829,231,5822,7,1326
06,HARYANA,077,Jind,Total,1334152,1276669,23016,889,29103,172,2594,56,1653
06,HARYANA,077,Jind,Rural,1028569,984342,17888,519,24364,104,351,18,983
06,HARYANA,077,Jind,Urban,305583,292327,5128,370,4739,68,2243,38,670
06,HARYANA,078,Fatehabad,Total,942011,779243,8360,996,150969,171,1172,530,570
06,HARYANA,078,Fatehabad,Rural,762423,621256,6252,688,133251,69,100,396,411
06,HARYANA,078,Fatehabad,Urban,179588,157987,2108,308,17718,102,1072,134,159
06,HARYANA,079,Sirsa,Total,1295189,940255,9524,2186,338962,370,2256,624,1012
06,HARYANA,079,Sirsa,Rural,975941,671490,6586,1351,295056,180,513,117,648
06,HARYANA,079,Sirsa,Urban,319248,268765,2938,835,43906,190,1743,507,364
06,HARYANA,080,Hisar,Total,1743931,1701061,21650,1945,12270,334,3620,33,3018
06,HARYANA,080,Hisar,Rural,1190443,1163349,16576,896,7360,156,235,23,1848
06,HARYANA,080,Hisar,Urban,553488,537712,5074,1049,4910,178,3385,10,1170
06,HARYANA,081,Bhiwani,Total,1634445,1611031,15515,873,2401,254,1016,26,3329
06,HARYANA,081,Bhiwani,Rural,1313123,1295018,13841,544,1849,198,186,16,1471
06,HARYANA,081,Bhiwani,Urban,321322,316013,1674,329,552,56,830,10,1858
06,HARYANA,082,Rohtak,Total,1061204,1043887,8185,732,3916,200,3491,24,769
06,HARYANA,082,Rohtak,Rural,615040,609584,4120,285,503,56,45,14,433
06,HARYANA,082,Rohtak,Urban,446164,434303,4065,447,3413,144,3446,10,336
06,HARYANA,083,Jhajjar,Total,958405,945693,8247,734,1042,105,645,22,1917
06,HARYANA,083,Jhajjar,Rural,715066,708355,4465,471,242,79,37,22,1395
06,HARYANA,083,Jhajjar,Urban,243339,237338,3782,263,800,26,608,0,522
06,HARYANA,084,Mahendragarh,Total,922088,913251,5660,301,1737,75,644,15,405
06,HARYANA,084,Mahendragarh,Rural,789233,783023,4961,222,598,54,45,5,325
06,HARYANA,084,Mahendragarh,Urban,132855,130228,699,79,1139,21,599,10,80
06,HARYANA,085,Rewari,Total,900332,889133,5713,701,1804,202,1525,12,1242
06,HARYANA,085,Rewari,Rural,666902,661307,3678,300,555,119,76,11,856
06,HARYANA,085,Rewari,Urban,233430,227826,2035,401,1249,83,1449,1,386
06,HARYANA,086,Gurgaon,Total,1514432,1408801,70842,9725,15097,944,7451,254,1318
06,HARYANA,086,Gurgaon,Rural,472179,451795,18784,888,186,99,70,6,351
06,HARYANA,086,Gurgaon,Urban,1042253,957006,52058,8837,14911,845,7381,248,967
06,HARYANA,087,Mewat,Total,1089263,221846,862647,1235,592,516,1453,4,970
06,HARYANA,087,Mewat,Rural,965157,152715,809312,1107,436,507,248,2,830
06,HARYANA,087,Mewat,Urban,124106,69131,53335,128,156,9,1205,2,140
06,HARYANA,088,Faridabad,Total,1809733,1588407,161680,9743,34572,640,4883,249,9559
06,HARYANA,088,Faridabad,Rural,370878,306586,57213,630,5634,51,30,4,730
06,HARYANA,088,Faridabad,Urban,1438855,1281821,104467,9113,28938,589,4853,245,8829
06,HARYANA,089,Palwal,Total,1042708,826342,208566,932,3971,345,915,20,1617
06,HARYANA,089,Palwal,Rural,806164,599788,201013,599,3124,214,78,9,1339
06,HARYANA,089,Palwal,Urban,236544,226554,7553,333,847,131,837,11,278
07,NCT OF DELHI,090,North West,Total,3656539,3211042,291330,14100,92129,2281,43460,345,1852
07,NCT OF DELHI,090,North West,Rural,213950,192991,16900,370,3429,104,41,10,105
07,NCT OF DELHI,090,North West,Urban,3442589,3018051,274430,13730,88700,2177,43419,335,1747
07,NCT OF DELHI,091,North,Total,887978,726443,119792,7256,19066,1824,13049,81,467
07,NCT OF DELHI,091,North,Rural,17746,16558,1092,62,23,9,0,0,2
07,NCT OF DELHI,091,North,Urban,870232,709885,118700,7194,19043,1815,13049,81,465
07,NCT OF DELHI,092,North East,Total,2241624,1529337,657585,9123,17424,2388,24673,48,1046
07,NCT OF DELHI,092,North East,Rural,21527,18403,3036,39,21,1,14,1,12
07,NCT OF DELHI,092,North East,Urban,2220097,1510934,654549,9084,17403,2387,24659,47,1034
07,NCT OF DELHI,093,East,Total,1709346,1410852,178807,15792,53027,2643,46927,366,932
07,NCT OF DELHI,093,East,Rural,3530,3194,78,84,109,0,65,0,0
07,NCT OF DELHI,093,East,Urban,1705816,1407658,178729,15708,52918,2643,46862,366,932
07,NCT OF DELHI,094,New Delhi,Total,142004,124482,8480,4852,2933,312,679,66,200
07,NCT OF DELHI,094,New Delhi,Rural,0,0,0,0,0,0,0,0,0
07,NCT OF DELHI,094,New Delhi,Urban,142004,124482,8480,4852,2933,312,679,66,200
07,NCT OF DELHI,095,Central,Total,582320,364148,194278,3527,13038,362,5886,107,974
07,NCT OF DELHI,095,Central,Rural,0,0,0,0,0,0,0,0,0
07,NCT OF DELHI,095,Central,Urban,582320,364148,194278,3527,13038,362,5886,107,974
07,NCT OF DELHI,096,West,Total,2543243,2087294,149807,18337,271752,1993,11322,273,2465
07,NCT OF DELHI,096,West,Rural,6420,5992,404,0,0,1,23,0,0
07,NCT OF DELHI,096,West,Urban,2536823,2081302,149403,18337,271752,1992,11299,273,2465
07,NCT OF DELHI,097,South West,Total,2292958,2102743,112691,31226,31692,2784,9215,266,2341
07,NCT OF DELHI,097,South West,Rural,143676,138796,4043,478,210,26,17,0,106
07,NCT OF DELHI,097,South West,Urban,2149282,1963947,108648,30748,31482,2758,9198,266,2235
07,NCT OF DELHI,098,South,Total,2731929,2155759,445914,41880,69520,3862,11020,645,3329
07,NCT OF DELHI,098,South,Rural,12193,8094,3590,99,288,17,32,18,55
07,NCT OF DELHI,098,South,Urban,2719736,2147665,442324,41781,69232,3845,10988,627,3274
08,RAJASTHAN,099,Ganganagar,Total,1969168,1437144,50688,2077,474853,938,1988,164,1316
08,RAJASTHAN,099,Ganganagar,Rural,1433736,979734,33673,1238,417125,632,241,109,984
08,RAJASTHAN,099,Ganganagar,Urban,535432,457410,17015,839,57728,306,1747,55,332
08,RAJASTHAN,100,Hanumangarh,Total,1774692,1433067,118673,1542,216997,241,1935,138,2099
08,RAJASTHAN,100,Hanumangarh,Rural,1424228,1154625,75274,1034,190894,141,378,116,1766
08,RAJASTHAN,100,Hanumangarh,Urban,350464,278442,43399,508,26103,100,1557,22,333
08,RAJASTHAN,101,Bikaner,Total,2363937,2073356,235741,1901,20072,285,30850,79,1653
08,RAJASTHAN,101,Bikaner,Rural,1563553,1435423,108259,520,13992,100,4458,49,752
08,RAJASTHAN,101,Bikaner,Urban,800384,637933,127482,1381,6080,185,26392,30,901
08,RAJASTHAN,102,Churu,Total,2039547,1777879,249736,958,402,188,7104,127,3153
08,RAJASTHAN,102,Churu,Rural,1463312,1395385,64408,412,254,49,349,100,2355
08,RAJASTHAN,102,Churu,Urban,576235,382494,185328,546,148,139,6755,27,798
08,RAJASTHAN,103,Jhunjhunun,Total,2137045,1905682,228178,1004,275,56,548,85,1217
08,RAJASTHAN,103,Jhunjhunun,Rural,1647966,1551399,94767,445,101,26,165,64,999
08,RAJASTHAN,103,Jhunjhunun,Urban,489079,354283,133411,559,174,30,383,21,218
08,RAJASTHAN,104,Alwar,Total,3674179,3039279,547335,2696,64532,4384,13221,348,2384
08,RAJASTHAN,104,Alwar,Rural,3019728,2449491,512041,1476,47618,4101,2775,302,1924
08,RAJASTHAN,104,Alwar,Urban,654451,589788,35294,1220,16914,283,10446,46,460
08,RAJASTHAN,105,Bharatpur,Total,2548462,2143046,371286,1576,23456,899,5758,18,2423
08,RAJASTHAN,105,Bharatpur,Rural,2053363,1676286,354436,1105,17409,827,1547,8,1745
08,RAJASTHAN,105,Bharatpur,Urban,495099,466760,16850,471,6047,72,4211,10,678
08,RAJASTHAN,106,Dhaulpur,Total,1206516,1127520,72258,688,1356,92,2739,21,1842
08,RAJASTHAN,106,Dhaulpur,Rural,959066,933724,22322,273,610,78,631,17,1411
08,RAJASTHAN,106,Dhaulpur,Urban,247450,193796,49936,415,746,14,2108,4,431
08,RAJASTHAN,107,Karauli,Total,1458248,1370977,81553,602,297,70,3424,413,912
08,RAJASTHAN,107,Karauli,Rural,1240143,1197872,39334,361,102,39,1287,407,741
08,RAJASTHAN,107,Karauli,Urban,218105,173105,42219,241,195,31,2137,6,171
08,RAJASTHAN,108,Sawai Madhopur,Total,1335551,1165505,155681,945,812,177,9991,42,2398
08,RAJASTHAN,108,Sawai Madhopur,Rural,1069084,969522,93956,419,189,80,3309,30,1579
08,RAJASTHAN,108,Sawai Madhopur,Urban,266467,195983,61725,526,623,97,6682,12,819
08,RAJASTHAN,109,Dausa,Total,1634409,1582335,45488,439,296,94,3737,115,1905
08,RAJASTHAN,109,Dausa,Rural,1432616,1406280,22771,218,91,68,1481,96,1611
08,RAJASTHAN,109,Dausa,Urban,201793,176055,22717,221,205,26,2256,19,294
08,RAJASTHAN,110,Jaipur,Total,6626178,5819980,687452,12708,18782,1020,81079,257,4900
08,RAJASTHAN,110,Jaipur,Rural,3154331,3068378,76861,1129,659,125,5969,6,1204
08,RAJASTHAN,110,Jaipur,Urban,3471847,2751602,610591,11579,18123,895,75110,251,3696
08,RAJASTHAN,111,Sikar,Total,2677333,2342076,327583,1122,356,177,4050,15,1954
08,RAJASTHAN,111,Sikar,Rural,2043427,1935501,104952,557,115,98,1318,11,875
08,RAJASTHAN,111,Sikar,Urban,633906,406575,222631,565,241,79,2732,4,1079
08,RAJASTHAN,112,Nagaur,Total,3307743,2833443,454487,1912,366,163,12940,276,4156
08,RAJASTHAN,112,Nagaur,Rural,2670539,2461865,200171,1286,163,69,3736,259,2990
08,RAJASTHAN,112,Nagaur,Urban,637204,371578,254316,626,203,94,9204,17,1166
08,RAJASTHAN,113,Jodhpur,Total,3687165,3224399,411558,6035,4123,514,36697,80,3759
08,RAJASTHAN,113,Jodhpur,Rural,2422551,2230189,183997,929,406,171,5786,6,1067
08,RAJASTHAN,113,Jodhpur,Urban,1264614,994210,227561,5106,3717,343,30911,74,2692
08,RAJASTHAN,114,Jaisalmer,Total,669919,497045,168129,874,1723,98,1521,34,495
08,RAJASTHAN,114,Jaisalmer,Rural,580894,417460,160064,487,1282,55,1217,29,300
08,RAJASTHAN,114,Jaisalmer,Urban,89025,79585,8065,387,441,43,304,5,195
08,RAJASTHAN,115,Barmer,Total,2603751,2244882,321192,1157,450,157,34010,34,1869
08,RAJASTHAN,115,Barmer,Rural,2421914,2099586,306508,867,247,113,13012,32,1549
08,RAJASTHAN,115,Barmer,Urban,181837,145296,14684,290,203,44,20998,2,320
08,RAJASTHAN,116,Jalor,Total,1828730,1732852,78990,730,231,144,14640,82,1061
08,RAJASTHAN,116,Jalor,Rural,1676975,1601515,64736,546,123,139,8927,71,918
08,RAJASTHAN,116,Jalor,Urban,151755,131337,14254,184,108,5,5713,11,143
08,RAJASTHAN,117,Sirohi,Total,1036346,996562,30479,1284,572,114,6829,56,450
08,RAJASTHAN,117,Sirohi,Rural,827692,812765,11627,315,119,48,2469,22,327
08,RAJASTHAN,117,Sirohi,Urban,208654,183797,18852,969,453,66,4360,34,123
08,RAJASTHAN,118,Pali,Total,2037573,1870543,143476,1345,1540,141,18974,52,1502
08,RAJASTHAN,118,Pali,Rural,1577567,1496204,75597,689,203,54,3504,37,1279
08,RAJASTHAN,118,Pali,Urban,460006,374339,67879,656,1337,87,15470,15,223
08,RAJASTHAN,119,Ajmer,Total,2583052,2201663,314159,10605,6799,417,45614,184,3611
08,RAJASTHAN,119,Ajmer,Rural,1547642,1348660,188817,1353,168,91,6518,85,1950
08,RAJASTHAN,119,Ajmer,Urban,1035410,853003,125342,9252,6631,326,39096,99,1661
08,RAJASTHAN,120,Tonk,Total,1421326,1243527,153146,754,378,122,22458,30,911
08,RAJASTHAN,120,Tonk,Rural,1103603,1047818,46758,309,118,52,7885,19,644
08,RAJASTHAN,120,Tonk,Urban,317723,195709,106388,445,260,70,14573,11,267
08,RAJASTHAN,121,Bundi,Total,1110906,1017688,66609,682,11059,144,13455,24,1245
08,RAJASTHAN,121,Bundi,Rural,888205,848202,23014,359,9081,120,6275,20,1134
08,RAJASTHAN,121,Bundi,Urban,222701,169486,43595,323,1978,24,7180,4,111
08,RAJASTHAN,122,Bhilwara,Total,2408523,2224839,142427,1978,1468,183,35149,60,2419
08,RAJASTHAN,122,Bhilwara,Rural,1895869,1818052,64539,612,199,110,10423,44,1890
08,RAJASTHAN,122,Bhilwara,Urban,512654,406787,77888,1366,1269,73,24726,16,529
08,RAJASTHAN,123,Rajsamand,Total,1156597,1105676,33677,759,260,100,14966,68,1091
08,RAJASTHAN,123,Rajsamand,Rural,972777,947216,18523,425,96,31,5520,49,917
08,RAJASTHAN,123,Rajsamand,Urban,183820,158460,15154,334,164,69,9446,19,174
08,RAJASTHAN,124,Dungarpur,Total,1388552,1340065,28662,830,240,226,16141,853,1535
08,RAJASTHAN,124,Dungarpur,Rural,1299809,1279783,7595,532,119,196,9287,817,1480
08,RAJASTHAN,124,Dungarpur,Urban,88743,60282,21067,298,121,30,6854,36,55
08,RAJASTHAN,125,Banswara,Total,1797485,1701234,48834,22250,427,138,22613,109,1880
08,RAJASTHAN,125,Banswara,Rural,1669864,1618071,16498,21030,192,117,12874,96,986
08,RAJASTHAN,125,Banswara,Urban,127621,83163,32336,1220,235,21,9739,13,894
08,RAJASTHAN,126,Chittaurgarh,Total,1544338,1413163,97855,1274,1515,252,25843,136,4300
08,RAJASTHAN,126,Chittaurgarh,Rural,1259074,1201154,42359,435,425,103,12112,64,2422
08,RAJASTHAN,126,Chittaurgarh,Urban,285264,212009,55496,839,1090,149,13731,72,1878
08,RAJASTHAN,127,Kota,Total,1951014,1661307,243993,5665,11058,280,25742,286,2683
08,RAJASTHAN,127,Kota,Rural,774410,728947,39828,1106,1839,89,1542,14,1045
08,RAJASTHAN,127,Kota,Urban,1176604,932360,204165,4559,9219,191,24200,272,1638
08,RAJASTHAN,128,Baran,Total,1222755,1133349,79984,1432,3066,84,2795,48,1997
08,RAJASTHAN,128,Baran,Rural,968541,931844,30445,1038,2586,36,798,44,1750
08,RAJASTHAN,128,Baran,Urban,254214,201505,49539,394,480,48,1997,4,247
08,RAJASTHAN,129,Jhalawar,Total,1411129,1299751,96164,842,819,46,12488,42,977
08,RAJASTHAN,129,Jhalawar,Rural,1181838,1132135,43355,445,182,20,4849,30,822
08,RAJASTHAN,129,Jhalawar,Urban,229291,167616,52809,397,637,26,7639,12,155
08,RAJASTHAN,130,Udaipur,Total,3068420,2869976,104307,7406,4278,209,78647,373,3224
08,RAJASTHAN,130,Udaipur,Rural,2459994,2412786,19876,4028,461,92,19836,327,2588
08,RAJASTHAN,130,Udaipur,Urban,608426,457190,84431,3378,3817,117,58811,46,636
08,RAJASTHAN,131,Pratapgarh,Total,867848,827293,25597,358,72,32,14077,27,392
08,RAJASTHAN,131,Pratapgarh,Rural,796041,775049,14496,199,59,21,5844,27,346
08,RAJASTHAN,131,Pratapgarh,Urban,71807,52244,11101,159,13,11,8233,0,46
09,UTTAR PRADESH,132,Saharanpur,Total,3466382,1966892,1454052,6523,18627,1937,10208,135,8008
09,UTTAR PRADESH,132,Saharanpur,Rural,2399856,1475263,907101,3478,8863,969,284,29,3869
09,UTTAR PRADESH,132,Saharanpur,Urban,1066526,491629,546951,3045,9764,968,9924,106,4139
09,UTTAR PRADESH,133,Muzaffarnagar,Total,4143512,2382914,1711453,6495,18601,1516,16345,60,6128
09,UTTAR PRADESH,133,Muzaffarnagar,Rural,2952200,1799722,1127955,4071,13802,1388,1363,44,3855
09,UTTAR PRADESH,133,Muzaffarnagar,Urban,1191312,583192,583498,2424,4799,128,14982,16,2273
09,UTTAR PRADESH,134,Bijnor,Total,3682713,2032081,1585210,6184,50624,1736,2134,41,4703
09,UTTAR PRADESH,134,Bijnor,Rural,2757401,1743861,960844,4578,43030,1624,249,36,3179
09,UTTAR PRADESH,134,Bijnor,Urban,925312,288220,624366,1606,7594,112,1885,5,1524
09,UTTAR PRADESH,135,Moradabad,Total,4772006,2488265,2248392,13157,7555,1260,2426,382,10569
09,UTTAR PRADESH,135,Moradabad,Rural,3198383,1792422,1388330,6462,2826,785,596,72,6890
09,UTTAR PRADESH,135,Moradabad,Urban,1573623,695843,860062,6695,4729,475,1830,310,3679
09,UTTAR PRADESH,136,Rampur,Total,2335819,1073890,1181337,9201,65316,384,1307,63,4321
09,UTTAR PRADESH,136,Rampur,Rural,1747172,900990,774818,7962,59132,264,254,53,3699
09,UTTAR PRADESH,136,Rampur,Urban,588647,172900,406519,1239,6184,120,1053,10,622
09,UTTAR PRADESH,137,Jyotiba Phule Nagar,Total,1840221,1075440,750368,5952,5295,189,517,21,2439
09,UTTAR PRADESH,137,Jyotiba Phule Nagar,Rural,1381508,921412,449292,4614,4075,153,120,19,1823
09,UTTAR PRADESH,137,Jyotiba Phule Nagar,Urban,458713,154028,301076,1338,1220,36,397,2,616
09,UTTAR PRADESH,138,Meerut,Total,3443689,2183255,1185643,10582,24912,1855,18544,236,18662
09,UTTAR PRADESH,138,Meerut,Rural,1684507,1139314,521897,2640,11794,542,781,75,7464
09,UTTAR PRADESH,138,Meerut,Urban,1759182,1043941,663746,7942,13118,1313,17763,161,11198
09,UTTAR PRADESH,139,Baghpat,Total,1303048,917474,364583,1840,483,161,16139,25,2343
09,UTTAR PRADESH,139,Baghpat,Rural,1028023,753877,268284,1397,176,125,2000,21,2143
09,UTTAR PRADESH,139,Baghpat,Urban,275025,163597,96299,443,307,36,14139,4,200
09,UTTAR PRADESH,140,Ghaziabad,Total,4681645,3414427,1186776,19026,23001,3487,16412,265,18251
09,UTTAR PRADESH,140,Ghaziabad,Rural,1519098,1014522,496356,2374,2219,328,161,7,3131
09,UTTAR PRADESH,140,Ghaziabad,Urban,3162547,2399905,690420,16652,20782,3159,16251,258,15120
09,UTTAR PRADESH,141,Gautam Buddha Nagar,Total,1648115,1394025,215500,7366,9261,895,4518,91,16459
09,UTTAR PRADESH,141,Gautam Buddha Nagar,Rural,673806,580702,88032,962,959,165,150,20,2816
09,UTTAR PRADESH,141,Gautam Buddha Nagar,Urban,974309,813323,127468,6404,8302,730,4368,71,13643
09,UTTAR PRADESH,142,Bulandshahr,Total,3499171,2707195,777407,4088,2765,669,1572,86,5389
09,UTTAR PRADESH,142,Bulandshahr,Rural,2631742,2180183,444491,2427,1030,453,132,44,2982
09,UTTAR PRADESH,142,Bulandshahr,Urban,867429,527012,332916,1661,1735,216,1440,42,2407
09,UTTAR PRADESH,143,Aligarh,Total,3673889,2904140,729283,7635,5875,2582,2805,91,21478
09,UTTAR PRADESH,143,Aligarh,Rural,2456698,2177919,258196,2310,1915,2107,246,53,13952
09,UTTAR PRADESH,143,Aligarh,Urban,1217191,726221,471087,5325,3960,475,2559,38,7526
09,UTTAR PRADESH,144,Mahamaya Nagar,Total,1564708,1397225,159448,1350,524,424,1289,63,4385
09,UTTAR PRADESH,144,Mahamaya Nagar,Rural,1232015,1139198,88137,749,210,234,324,44,3119
09,UTTAR PRADESH,144,Mahamaya Nagar,Urban,332693,258027,71311,601,314,190,965,19,1266
09,UTTAR PRADESH,145,Mathura,Total,2547184,2310776,216933,3179,2872,883,2056,126,10359
09,UTTAR PRADESH,145,Mathura,Rural,1791191,1672611,107878,1429,1061,641,318,54,7199
09,UTTAR PRADESH,145,Mathura,Urban,755993,638165,109055,1750,1811,242,1738,72,3160
09,UTTAR PRADESH,146,Agra,Total,4418797,3922718,411313,10076,12057,4049,21508,384,36692
09,UTTAR PRADESH,146,Agra,Rural,2394602,2292528,87749,1560,890,451,2622,19,8783
09,UTTAR PRADESH,146,Agra,Urban,2024195,1630190,323564,8516,11167,3598,18886,365,27909
09,UTTAR PRADESH,147,Firozabad,Total,2498156,2140745,314812,3370,1804,3395,19077,61,14892
09,UTTAR PRADESH,147,Firozabad,Rural,1664987,1579224,74838,1575,273,2067,1743,28,5239
09,UTTAR PRADESH,147,Firozabad,Urban,833169,561521,239974,1795,1531,1328,17334,33,9653
09,UTTAR PRADESH,148,Mainpuri,Total,1868529,1746649,100723,1729,475,8814,4161,38,5940
09,UTTAR PRADESH,148,Mainpuri,Rural,1580087,1510913,54540,1076,195,8491,190,27,4655
09,UTTAR PRADESH,148,Mainpuri,Urban,288442,235736,46183,653,280,323,3971,11,1285
09,UTTAR PRADESH,149,Budaun,Total,3681896,2867707,790515,6320,1135,1959,678,87,13495
09,UTTAR PRADESH,149,Budaun,Rural,3037301,2531627,486552,4142,679,1789,221,76,12215
09,UTTAR PRADESH,149,Budaun,Urban,644595,336080,303963,2178,456,170,457,11,1280
09,UTTAR PRADESH,150,Bareilly,Total,4448359,2830768,1536534,14822,28187,4371,931,339,32407
09,UTTAR PRADESH,150,Bareilly,Rural,2879950,2039438,796232,4665,18160,3747,356,92,17260
09,UTTAR PRADESH,150,Bareilly,Urban,1568409,791330,740302,10157,10027,624,575,247,15147
09,UTTAR PRADESH,151,Pilibhit,Total,2031007,1449007,489686,3510,84787,360,138,45,3474
09,UTTAR PRADESH,151,Pilibhit,Rural,1679592,1255573,337982,2556,80619,290,80,36,2456
09,UTTAR PRADESH,151,Pilibhit,Urban,351415,193434,151704,954,4168,70,58,9,1018
09,UTTAR PRADESH,152,Shahjahanpur,Total,3006538,2412595,527581,4630,51090,2312,301,84,7945
09,UTTAR PRADESH,152,Shahjahanpur,Rural,2412446,2065241,287721,2896,47340,2055,209,27,6957
09,UTTAR PRADESH,152,Shahjahanpur,Urban,594092,347354,239860,1734,3750,257,92,57,988
09,UTTAR PRADESH,153,Kheri,Total,4021243,3078262,807600,7502,94388,18454,487,226,14324
09,UTTAR PRADESH,153,Kheri,Rural,3560208,2783300,649684,6389,89823,17817,284,201,12710
09,UTTAR PRADESH,153,Kheri,Urban,461035,294962,157916,1113,4565,637,203,25,1614
09,UTTAR PRADESH,154,Sitapur,Total,4483992,3555450,893725,6579,11611,2663,1410,79,12475
09,UTTAR PRADESH,154,Sitapur,Rural,3953208,3266617,657378,5154,10055,2425,326,75,11178
09,UTTAR PRADESH,154,Sitapur,Urban,530784,288833,236347,1425,1556,238,1084,4,1297
09,UTTAR PRADESH,155,Hardoi,Total,4092845,3508131,556219,5822,5688,6671,446,98,9770
09,UTTAR PRADESH,155,Hardoi,Rural,3551039,3163992,362672,4181,5130,5878,260,88,8838
09,UTTAR PRADESH,155,Hardoi,Urban,541806,344139,193547,1641,558,793,186,10,932
09,UTTAR PRADESH,156,Unnao,Total,3108367,2732016,363453,3574,1204,920,240,31,6929
09,UTTAR PRADESH,156,Unnao,Rural,2576721,2353443,213080,2494,551,727,162,22,6242
09,UTTAR PRADESH,156,Unnao,Urban,531646,378573,150373,1080,653,193,78,9,687
09,UTTAR PRADESH,157,Lucknow,Total,4589838,3537787,985070,20493,23883,3877,4975,504,13249
09,UTTAR PRADESH,157,Lucknow,Rural,1550842,1358247,183601,2492,1036,945,190,112,4219
09,UTTAR PRADESH,157,Lucknow,Urban,3038996,2179540,801469,18001,22847,2932,4785,392,9030
09,UTTAR PRADESH,158,Rae Bareli,Total,3405559,2975998,413243,3634,2424,722,397,602,8539
09,UTTAR PRADESH,158,Rae Bareli,Rural,3097564,2768843,315975,2923,734,531,148,575,7835
09,UTTAR PRADESH,158,Rae Bareli,Urban,307995,207155,97268,711,1690,191,249,27,704
09,UTTAR PRADESH,159,Farrukhabad,Total,1885204,1596278,276846,3137,3160,3161,487,100,2035
09,UTTAR PRADESH,159,Farrukhabad,Rural,1469019,1294109,168882,1243,355,2959,52,65,1354
09,UTTAR PRADESH,159,Farrukhabad,Urban,416185,302169,107964,1894,2805,202,435,35,681
09,UTTAR PRADESH,160,Kannauj,Total,1656616,1375788,273967,1263,504,2033,606,65,2390
09,UTTAR PRADESH,160,Kannauj,Rural,1375775,1207144,164136,770,282,1852,69,38,1484
09,UTTAR PRADESH,160,Kannauj,Urban,280841,168644,109831,493,222,181,537,27,906
09,UTTAR PRADESH,161,Etawah,Total,1581810,1457892,113961,1362,1045,1733,3917,94,1806
09,UTTAR PRADESH,161,Etawah,Rural,1215511,1174699,36571,813,305,1497,315,77,1234
09,UTTAR PRADESH,161,Etawah,Urban,366299,283193,77390,549,740,236,3602,17,572
09,UTTAR PRADESH,162,Auraiya,Total,1379545,1273546,101963,1004,371,332,228,444,1657
09,UTTAR PRADESH,162,Auraiya,Rural,1145323,1079243,62855,738,173,297,67,443,1507
09,UTTAR PRADESH,162,Auraiya,Urban,234222,194303,39108,266,198,35,161,1,150
09,UTTAR PRADESH,163,Kanpur Dehat,Total,1796184,1612968,176327,1300,478,819,155,103,4034
09,UTTAR PRADESH,163,Kanpur Dehat,Rural,1622761,1483254,133336,1015,369,705,125,93,3864
09,UTTAR PRADESH,163,Kanpur Dehat,Urban,173423,129714,42991,285,109,114,30,10,170
09,UTTAR PRADESH,164,Kanpur Nagar,Total,4581268,3792174,720660,15751,29676,2733,5710,589,13975
09,UTTAR PRADESH,164,Kanpur Nagar,Rural,1565623,1464802,95727,1496,312,919,97,19,2251
09,UTTAR PRADESH,164,Kanpur Nagar,Urban,3015645,2327372,624933,14255,29364,1814,5613,570,11724
09,UTTAR PRADESH,165,Jalaun,Total,1689974,1509708,171581,1148,463,2875,256,145,3798
09,UTTAR PRADESH,165,Jalaun,Rural,1271074,1191192,73216,633,159,2612,181,121,2960
09,UTTAR PRADESH,165,Jalaun,Urban,418900,318516,98365,515,304,263,75,24,838
09,UTTAR PRADESH,166,Jhansi,Total,1998603,1823930,147842,7050,4951,1203,7328,311,5988
09,UTTAR PRADESH,166,Jhansi,Rural,1165119,1128476,30445,858,255,834,908,163,3180
09,UTTAR PRADESH,166,Jhansi,Urban,833484,695454,117397,6192,4696,369,6420,148,2808
09,UTTAR PRADESH,167,Lalitpur,Total,1221592,1163804,33724,1351,1034,69,20390,41,1179
09,UTTAR PRADESH,167,Lalitpur,Rural,1046214,1025618,12334,764,529,36,6026,18,889
09,UTTAR PRADESH,167,Lalitpur,Urban,175378,138186,21390,587,505,33,14364,23,290
09,UTTAR PRADESH,168,Hamirpur,Total,1104285,1010014,91269,814,196,74,41,273,1604
09,UTTAR PRADESH,168,Hamirpur,Rural,894437,844137,48003,511,102,63,22,224,1375
09,UTTAR PRADESH,168,Hamirpur,Urban,209848,165877,43266,303,94,11,19,49,229
09,UTTAR PRADESH,169,Mahoba,Total,875958,815142,57454,965,389,94,234,157,1523
09,UTTAR PRADESH,169,Mahoba,Rural,690577,665368,23475,400,124,74,57,129,950
09,UTTAR PRADESH,169,Mahoba,Urban,185381,149774,33979,565,265,20,177,28,573
09,UTTAR PRADESH,170,Banda,Total,1799410,1637549,157612,1367,231,168,916,50,1517
09,UTTAR PRADESH,170,Banda,Rural,1523655,1404535,116858,839,66,151,121,46,1039
09,UTTAR PRADESH,170,Banda,Urban,275755,233014,40754,528,165,17,795,4,478
09,UTTAR PRADESH,171,Chitrakoot,Total,991730,955372,34559,693,63,101,285,27,630
09,UTTAR PRADESH,171,Chitrakoot,Rural,895398,867794,26076,533,60,75,239,24,597
09,UTTAR PRADESH,171,Chitrakoot,Urban,96332,87578,8483,160,3,26,46,3,33
09,UTTAR PRADESH,172,Fatehpur,Total,2632733,2274674,350700,2201,402,172,199,47,4338
09,UTTAR PRADESH,172,Fatehpur,Rural,2310740,2052002,252988,1554,153,150,95,39,3759
09,UTTAR PRADESH,172,Fatehpur,Urban,321993,222672,97712,647,249,22,104,8,579
09,UTTAR PRADESH,173,Pratapgarh,Total,3209141,2731351,452394,3920,1451,7795,746,43,11441
09,UTTAR PRADESH,173,Pratapgarh,Rural,3033899,2611681,399654,3118,831,7290,478,41,10806
09,UTTAR PRADESH,173,Pratapgarh,Urban,175242,119670,52740,802,620,505,268,2,635
09,UTTAR PRADESH,174,Kaushambi,Total,1599596,1372381,220423,2225,522,687,545,3,2810
09,UTTAR PRADESH,174,Kaushambi,Rural,1475140,1288016,181125,2010,453,660,308,3,2565
09,UTTAR PRADESH,174,Kaushambi,Urban,124456,84365,39298,215,69,27,237,0,245
09,UTTAR PRADESH,175,Allahabad,Total,5954391,5102041,796756,13782,4377,4391,2247,305,30492
09,UTTAR PRADESH,175,Allahabad,Rural,4481518,4003511,448153,5089,816,3642,957,57,19293
09,UTTAR PRADESH,175,Allahabad,Urban,1472873,1098530,348603,8693,3561,749,1290,248,11199
09,UTTAR PRADESH,176,Bara Banki,Total,3260699,2505444,737106,4857,2090,1553,3016,211,6422
09,UTTAR PRADESH,176,Bara Banki,Rural,2929896,2339842,576472,4074,1293,1468,797,191,5759
09,UTTAR PRADESH,176,Bara Banki,Urban,330803,165602,160634,783,797,85,2219,20,663
09,UTTAR PRADESH,177,Faizabad,Total,2470996,2094271,365806,3225,1912,737,358,185,4502
09,UTTAR PRADESH,177,Faizabad,Rural,2130743,1851146,272973,2290,416,536,167,141,3074
09,UTTAR PRADESH,177,Faizabad,Urban,340253,243125,92833,935,1496,201,191,44,1428
09,UTTAR PRADESH,178,Ambedkar Nagar,Total,2397888,1985654,401678,2536,869,1817,235,33,5066
09,UTTAR PRADESH,178,Ambedkar Nagar,Rural,2117158,1850182,258240,1959,331,1721,206,31,4488
09,UTTAR PRADESH,178,Ambedkar Nagar,Urban,280730,135472,143438,577,538,96,29,2,578
09,UTTAR PRADESH,179,Sultanpur,Total,3797117,3119590,650261,4453,1629,9989,426,336,10433
09,UTTAR PRADESH,179,Sultanpur,Rural,3597201,2990276,581720,3882,554,9892,332,321,10224
09,UTTAR PRADESH,179,Sultanpur,Urban,199916,129314,68541,571,1075,97,94,15,209
09,UTTAR PRADESH,180,Bahraich,Total,3487731,2291892,1169330,6400,8212,2793,1177,38,7889
09,UTTAR PRADESH,180,Bahraich,Rural,3203687,2181165,999543,5451,7412,2625,428,35,7028
09,UTTAR PRADESH,180,Bahraich,Urban,284044,110727,169787,949,800,168,749,3,861
09,UTTAR PRADESH,181,Shrawasti,Total,1117361,768643,343981,1427,407,323,68,56,2456
09,UTTAR PRADESH,181,Shrawasti,Rural,1078712,749177,324952,1348,399,315,67,56,2398
09,UTTAR PRADESH,181,Shrawasti,Urban,38649,19466,19029,79,8,8,1,0,58
09,UTTAR PRADESH,182,Balrampur,Total,2148665,1333242,805975,3228,900,1866,198,87,3169
09,UTTAR PRADESH,182,Balrampur,Rural,1982274,1250908,723873,2765,430,1844,160,78,2216
09,UTTAR PRADESH,182,Balrampur,Urban,166391,82334,82102,463,470,22,38,9,953
09,UTTAR PRADESH,183,Gonda,Total,3433919,2739076,678615,4735,1893,649,338,57,8556
09,UTTAR PRADESH,183,Gonda,Rural,3208890,2609126,586964,3821,842,539,284,42,7272
09,UTTAR PRADESH,183,Gonda,Urban,225029,129950,91651,914,1051,110,54,15,1284
09,UTTAR PRADESH,184,Siddharthnagar,Total,2559297,1789704,748073,3042,681,11964,179,356,5298
09,UTTAR PRADESH,184,Siddharthnagar,Rural,2398606,1690598,688664,2789,366,10962,155,343,4729
09,UTTAR PRADESH,184,Siddharthnagar,Urban,160691,99106,59409,253,315,1002,24,13,569
09,UTTAR PRADESH,185,Basti,Total,2464464,2082976,364510,3493,900,9753,107,99,2626
09,UTTAR PRADESH,185,Basti,Rural,2326367,1977602,333047,2996,402,9686,100,84,2450
09,UTTAR PRADESH,185,Basti,Urban,138097,105374,31463,497,498,67,7,15,176
09,UTTAR PRADESH,186,Sant Kabir Nagar,Total,1715183,1300586,404410,1766,447,4393,95,35,3451
09,UTTAR PRADESH,186,Sant Kabir Nagar,Rural,1586652,1219524,357644,1574,249,4373,66,35,3187
09,UTTAR PRADESH,186,Sant Kabir Nagar,Urban,128531,81062,46766,192,198,20,29,0,264
09,UTTAR PRADESH,187,Mahrajganj,Total,2684703,2196884,458650,3527,1381,16030,243,338,7650
09,UTTAR PRADESH,187,Mahrajganj,Rural,2549973,2086550,436002,3211,585,15628,211,328,7458
09,UTTAR PRADESH,187,Mahrajganj,Urban,134730,110334,22648,316,796,402,32,10,192
09,UTTAR PRADESH,188,Gorakhpur,Total,4440895,4009037,403847,9662,2123,2848,460,207,12711
09,UTTAR PRADESH,188,Gorakhpur,Rural,3604766,3349727,237844,4440,789,2386,192,168,9220
09,UTTAR PRADESH,188,Gorakhpur,Urban,836129,659310,166003,5222,1334,462,268,39,3491
09,UTTAR PRADESH,189,Kushinagar,Total,3564544,2928462,620244,5006,767,4619,383,133,4930
09,UTTAR PRADESH,189,Kushinagar,Rural,3396437,2802853,578823,4581,668,4540,352,130,4490
09,UTTAR PRADESH,189,Kushinagar,Urban,168107,125609,41421,425,99,79,31,3,440
09,UTTAR PRADESH,190,Deoria,Total,3100946,2730957,358539,3626,818,1182,209,146,5469
09,UTTAR PRADESH,190,Deoria,Rural,2784143,2465714,308236,3202,510,1003,171,134,5173
09,UTTAR PRADESH,190,Deoria,Urban,316803,265243,50303,424,308,179,38,12,296
09,UTTAR PRADESH,191,Azamgarh,Total,4613913,3878626,718692,3810,719,5652,183,226,6005
09,UTTAR PRADESH,191,Azamgarh,Rural,4220512,3673408,532582,2987,460,5356,165,207,5347
09,UTTAR PRADESH,191,Azamgarh,Urban,393401,205218,186110,823,259,296,18,19,658
09,UTTAR PRADESH,192,Mau,Total,2205968,1769937,428555,2109,340,564,155,129,4179
09,UTTAR PRADESH,192,Mau,Rural,1706760,1559399,141371,1434,250,470,72,118,3646
09,UTTAR PRADESH,192,Mau,Urban,499208,210538,287184,675,90,94,83,11,533
09,UTTAR PRADESH,193,Ballia,Total,3239774,3004240,213440,4463,892,1595,233,64,14847
09,UTTAR PRADESH,193,Ballia,Rural,2935665,2755084,160550,4055,595,1538,214,61,13568
09,UTTAR PRADESH,193,Ballia,Urban,304109,249156,52890,408,297,57,19,3,1279
09,UTTAR PRADESH,194,Jaunpur,Total,4494204,3981502,483750,4947,1286,7898,349,114,14358
09,UTTAR PRADESH,194,Jaunpur,Rural,4147624,3770291,354776,4425,580,7740,331,110,9371
09,UTTAR PRADESH,194,Jaunpur,Urban,346580,211211,128974,522,706,158,18,4,4987
09,UTTAR PRADESH,195,Ghazipur,Total,3620268,3233790,368153,4181,810,3145,213,184,9792
09,UTTAR PRADESH,195,Ghazipur,Rural,3345908,3047099,282299,3597,412,3102,187,168,9044
09,UTTAR PRADESH,195,Ghazipur,Urban,274360,186691,85854,584,398,43,26,16,748
09,UTTAR PRADESH,196,Chandauli,Total,1952756,1727869,215081,2153,1389,340,100,1175,4649
09,UTTAR PRADESH,196,Chandauli,Rural,1710203,1553918,149035,1145,233,292,54,1156,4370
09,UTTAR PRADESH,196,Chandauli,Urban,242553,173951,66046,1008,1156,48,46,19,279
09,UTTAR PRADESH,197,Varanasi,Total,3676841,3107681,546987,7696,3309,1146,1898,298,7826
09,UTTAR PRADESH,197,Varanasi,Rural,2079790,1949496,123440,2123,282,568,348,45,3488
09,UTTAR PRADESH,197,Varanasi,Urban,1597051,1158185,423547,5573,3027,578,1550,253,4338
09,UTTAR PRADESH,198,Sant Ravidas Nagar (Bhadohi),Total,1578213,1368291,203887,1365,199,1562,161,7,2741
09,UTTAR PRADESH,198,Sant Ravidas Nagar (Bhadohi),Rural,1348911,1240826,103573,928,157,1459,78,5,1885
09,UTTAR PRADESH,198,Sant Ravidas Nagar (Bhadohi),Urban,229302,127465,100314,437,42,103,83,2,856
09,UTTAR PRADESH,199,Mirzapur,Total,2496970,2292534,195765,2373,1133,341,701,27,4096
09,UTTAR PRADESH,199,Mirzapur,Rural,2149403,2015296,128320,1381,278,223,352,25,3528
09,UTTAR PRADESH,199,Mirzapur,Urban,347567,277238,67445,992,855,118,349,2,568
09,UTTAR PRADESH,200,Sonbhadra,Total,1862559,1738769,103567,3963,1649,1747,487,1907,10470
09,UTTAR PRADESH,200,Sonbhadra,Rural,1548217,1461483,71579,1818,343,1654,67,1899,9374
09,UTTAR PRADESH,200,Sonbhadra,Urban,314342,277286,31988,2145,1306,93,420,8,1096
09,UTTAR PRADESH,201,Etah,Total,1774480,1611126,146346,2464,708,2887,5671,18,5260
09,UTTAR PRADESH,201,Etah,Rural,1506338,1413264,83326,1895,318,2452,604,11,4468
09,UTTAR PRADESH,201,Etah,Urban,268142,197862,63020,569,390,435,5067,7,792
09,UTTAR PRADESH,202,Kanshiram Nagar,Total,1436719,1211427,213822,1969,2280,3907,313,72,2929
09,UTTAR PRADESH,202,Kanshiram Nagar,Rural,1148512,1044033,96760,992,1060,3048,98,46,2475
09,UTTAR PRADESH,202,Kanshiram Nagar,Urban,288207,167394,117062,977,1220,859,215,26,454
10,BIHAR,203,Pashchim Champaran,Total,3935042,3047427,865090,8469,926,1337,296,1895,9602
10,BIHAR,203,Pashchim Champaran,Rural,3541877,2762240,761610,5114,524,1280,259,1853,8997
10,BIHAR,203,Pashchim Champaran,Urban,393165,285187,103480,3355,402,57,37,42,605
10,BIHAR,204,Purba Champaran,Total,5099371,4086453,990349,4865,668,878,464,104,15590
10,BIHAR,204,Purba Champaran,Rural,4698028,3792854,884531,3968,472,852,429,95,14827
10,BIHAR,204,Purba Champaran,Urban,401343,293599,105818,897,196,26,35,9,763
10,BIHAR,205,Sheohar,Total,656246,552492,99342,522,216,73,52,44,3505
10,BIHAR,205,Sheohar,Rural,628130,528366,95567,462,199,72,51,43,3370
10,BIHAR,205,Sheohar,Urban,28116,24126,3775,60,17,1,1,1,135
10,BIHAR,206,Sitamarhi,Total,3423574,2672311,740101,2897,261,253,188,20,7543
10,BIHAR,206,Sitamarhi,Rural,3233076,2520066,702523,2636,241,221,170,19,7200
10,BIHAR,206,Sitamarhi,Urban,190498,152245,37578,261,20,32,18,1,343
10,BIHAR,207,Madhubani,Total,4487379,3652168,818912,3262,564,328,442,169,11534
10,BIHAR,207,Madhubani,Rural,4325884,3528664,781732,3074,362,307,406,166,11173
10,BIHAR,207,Madhubani,Urban,161495,123504,37180,188,202,21,36,3,361
10,BIHAR,208,Supaul,Total,2229076,1809936,409251,3758,271,136,546,42,5136
10,BIHAR,208,Supaul,Rural,2123518,1728959,385160,3537,249,96,425,40,5052
10,BIHAR,208,Supaul,Urban,105558,80977,24091,221,22,40,121,2,84
10,BIHAR,209,Araria,Total,2811569,1593525,1207442,4116,371,187,1910,63,3955
10,BIHAR,209,Araria,Rural,2642792,1489926,1144190,3970,348,181,375,50,3752
10,BIHAR,209,Araria,Urban,168777,103599,63252,146,23,6,1535,13,203
10,BIHAR,210,Kishanganj,Total,1690400,531236,1149095,5783,398,183,1476,28,2201
10,BIHAR,210,Kishanganj,Rural,1529277,446264,1075603,5174,124,161,123,23,1805
10,BIHAR,210,Kishanganj,Urban,161123,84972,73492,609,274,22,1353,5,396
10,BIHAR,211,Purnia,Total,3264619,1989420,1255641,7989,614,353,1450,650,8502
10,BIHAR,211,Purnia,Rural,2921614,1727633,1179134,6076,274,291,398,78,7730
10,BIHAR,211,Purnia,Urban,343005,261787,76507,1913,340,62,1052,572,772
10,BIHAR,212,Katihar,Total,3071029,1684589,1365645,8659,2754,212,507,2141,6522
10,BIHAR,212,Katihar,Rural,2797207,1473552,1305420,7796,2377,138,286,2130,5508
10,BIHAR,212,Katihar,Urban,273822,211037,60225,863,377,74,221,11,1014
10,BIHAR,213,Madhepura,Total,2001762,1753829,241760,1342,170,60,133,81,4387
10,BIHAR,213,Madhepura,Rural,1913301,1679189,228445,1065,139,48,87,80,4248
10,BIHAR,213,Madhepura,Urban,88461,74640,13315,277,31,12,46,1,139
10,BIHAR,214,Saharsa,Total,1900661,1629254,266620,1292,197,60,109,8,3121
10,BIHAR,214,Saharsa,Rural,1744121,1504982,235053,881,136,45,61,8,2955
10,BIHAR,214,Saharsa,Urban,156540,124272,31567,411,61,15,48,0,166
10,BIHAR,215,Darbhanga,Total,3937385,3042729,881476,3534,832,245,236,101,8232
10,BIHAR,215,Darbhanga,Rural,3554057,2763206,779816,2933,469,224,190,89,7130
10,BIHAR,215,Darbhanga,Urban,383328,279523,101660,601,363,21,46,12,1102
10,BIHAR,216,Muzaffarpur,Total,4801062,4032773,745546,5149,933,288,382,98,15893
10,BIHAR,216,Muzaffarpur,Rural,4327625,3661680,648501,3586,425,244,230,58,12901
10,BIHAR,216,Muzaffarpur,Urban,473437,371093,97045,1563,508,44,152,40,2992
10,BIHAR,217,Gopalganj,Total,2562012,2119262,436057,2463,271,167,133,28,3631
10,BIHAR,217,Gopalganj,Rural,2399207,1988662,404348,2237,226,155,115,26,3438
10,BIHAR,217,Gopalganj,Urban,162805,130600,31709,226,45,12,18,2,193
10,BIHAR,218,Siwan,Total,3330464,2712635,608282,2618,369,407,359,86,5708
10,BIHAR,218,Siwan,Rural,3147551,2584581,554970,2379,277,349,254,85,4656
10,BIHAR,218,Siwan,Urban,182913,128054,53312,239,92,58,105,1,1052
10,BIHAR,219,Saran,Total,3951862,3534772,406449,2330,371,229,322,107,7282
10,BIHAR,219,Saran,Rural,3598660,3233052,356392,1943,300,206,211,99,6457
10,BIHAR,219,Saran,Urban,353202,301720,50057,387,71,23,111,8,825
10,BIHAR,220,Vaishali,Total,3495021,3152346,333980,2203,707,362,246,71,5106
10,BIHAR,220,Vaishali,Rural,3261942,2954764,299118,1930,672,297,228,67,4866
10,BIHAR,220,Vaishali,Urban,233079,197582,34862,273,35,65,18,4,240
10,BIHAR,221,Samastipur,Total,4261566,3800598,452370,2126,554,292,231,112,5283
10,BIHAR,221,Samastipur,Rural,4113769,3671630,434472,1755,337,264,142,96,5073
10,BIHAR,221,Samastipur,Urban,147797,128968,17898,371,217,28,89,16,210
10,BIHAR,222,Begusarai,Total,2970541,2554330,407348,2209,402,229,276,57,5690
10,BIHAR,222,Begusarai,Rural,2400718,2097221,296805,1544,236,174,203,42,4493
10,BIHAR,222,Begusarai,Urban,569823,457109,110543,665,166,55,73,15,1197
10,BIHAR,223,Khagaria,Total,1666886,1486989,175588,1253,143,79,86,115,2633
10,BIHAR,223,Khagaria,Rural,1579727,1417197,158515,1124,114,73,77,107,2520
10,BIHAR,223,Khagaria,Urban,87159,69792,17073,129,29,6,9,8,113
10,BIHAR,224,Bhagalpur,Total,3037766,2487866,537098,3556,415,180,1050,32,7569
10,BIHAR,224,Bhagalpur,Rural,2435234,2066487,360482,2186,234,120,135,21,5569
10,BIHAR,224,Bhagalpur,Urban,602532,421379,176616,1370,181,60,915,11,2000
10,BIHAR,225,Banka,Total,2034763,1772655,250925,6138,139,113,94,1035,3664
10,BIHAR,225,Banka,Rural,1963450,1712619,239893,6000,130,110,92,1035,3571
10,BIHAR,225,Banka,Urban,71313,60036,11032,138,9,3,2,0,93
10,BIHAR,226,Munger,Total,1367765,1252319,110416,1815,338,95,145,61,2576
10,BIHAR,226,Munger,Rural,987645,931727,53359,497,107,66,75,45,1769
10,BIHAR,226,Munger,Urban,380120,320592,57057,1318,231,29,70,16,807
10,BIHAR,227,Lakhisarai,Total,1000912,956396,40886,487,140,52,78,52,2821
10,BIHAR,227,Lakhisarai,Rural,857901,819995,34705,363,45,38,65,46,2644
10,BIHAR,227,Lakhisarai,Urban,143011,136401,6181,124,95,14,13,6,177
10,BIHAR,228,Sheikhpura,Total,636342,596102,37653,313,75,41,43,31,2084
10,BIHAR,228,Sheikhpura,Rural,527340,497784,27425,205,54,35,40,29,1768
10,BIHAR,228,Sheikhpura,Urban,109002,98318,10228,108,21,6,3,2,316
10,BIHAR,229,Nalanda,Total,2877653,2669775,198033,1978,393,414,561,64,6435
10,BIHAR,229,Nalanda,Rural,2419759,2341053,71291,1329,328,352,192,55,5159
10,BIHAR,229,Nalanda,Urban,457894,328722,126742,649,65,62,369,9,1276
10,BIHAR,230,Patna,Total,5838465,5356075,439952,12551,4803,1062,2151,203,21668
10,BIHAR,230,Patna,Rural,3323875,3201963,107286,2375,512,651,490,40,10558
10,BIHAR,230,Patna,Urban,2514590,2154112,332666,10176,4291,411,1661,163,11110
10,BIHAR,231,Bhojpur,Total,2728407,2518216,197819,2165,544,647,1472,48,7496
10,BIHAR,231,Bhojpur,Rural,2338546,2202804,126853,1594,218,533,294,42,6208
10,BIHAR,231,Bhojpur,Urban,389861,315412,70966,571,326,114,1178,6,1288
10,BIHAR,232,Buxar,Total,1706352,1591454,105423,2125,248,5090,97,57,1858
10,BIHAR,232,Buxar,Rural,1541853,1453734,79455,1725,125,5031,84,51,1648
10,BIHAR,232,Buxar,Urban,164499,137720,25968,400,123,59,13,6,210
10,BIHAR,233,Kaimur (Bhabua),Total,1626384,1456229,155283,1407,296,7707,129,1534,3799
10,BIHAR,233,Kaimur (Bhabua),Rural,1560813,1403706,142437,1327,287,7675,125,1532,3724
10,BIHAR,233,Kaimur (Bhabua),Urban,65571,52523,12846,80,9,32,4,2,75
10,BIHAR,234,Rohtas,Total,2959918,2645415,300487,2889,2569,1584,252,537,6185
10,BIHAR,234,Rohtas,Rural,2532153,2318349,203758,2308,257,1553,174,519,5235
10,BIHAR,234,Rohtas,Urban,427765,327066,96729,581,2312,31,78,18,950
10,BIHAR,235,Aurangabad,Total,2540073,2291133,237353,2218,295,334,775,19,7946
10,BIHAR,235,Aurangabad,Rural,2303219,2109386,183822,1872,211,300,217,18,7393
10,BIHAR,235,Aurangabad,Urban,236854,181747,53531,346,84,34,558,1,553
10,BIHAR,236,Gaya,Total,4391418,3876395,488121,3943,913,870,1723,108,19345
10,BIHAR,236,Gaya,Rural,3809817,3416603,376047,2563,453,596,553,69,12933
10,BIHAR,236,Gaya,Urban,581601,459792,112074,1380,460,274,1170,39,6412
10,BIHAR,237,Nawada,Total,2219146,1964620,244394,1299,250,176,279,80,8048
10,BIHAR,237,Nawada,Rural,2003567,1807215,187701,1129,232,113,115,74,6988
10,BIHAR,237,Nawada,Urban,215579,157405,56693,170,18,63,164,6,1060
10,BIHAR,238,Jamui,Total,1760405,1525746,217621,8443,162,159,87,3438,4749
10,BIHAR,238,Jamui,Rural,1615072,1413669,185392,8095,140,152,79,3434,4111
10,BIHAR,238,Jamui,Urban,145333,112077,32229,348,22,7,8,4,638
10,BIHAR,239,Jehanabad,Total,1125313,1045117,75742,691,148,248,60,58,3249
10,BIHAR,239,Jehanabad,Rural,990117,936878,49291,512,132,241,54,55,2954
10,BIHAR,239,Jehanabad,Urban,135196,108239,26451,179,16,7,6,3,295
10,BIHAR,240,Arwal,Total,700843,634099,64259,390,59,323,74,60,1579
10,BIHAR,240,Arwal,Rural,648994,591466,55206,344,52,311,71,55,1489
10,BIHAR,240,Arwal,Urban,51849,42633,9053,46,7,12,3,5,90
11,SIKKIM,241,North District,Total,43709,14883,815,2660,816,23318,35,921,261
11,SIKKIM,241,North District,Rural,39065,12800,373,2324,811,21559,29,921,248
11,SIKKIM,241,North District,Urban,4644,2083,442,336,5,1759,6,0,13
11,SIKKIM,242,West District,Total,136435,75286,965,13002,40,36390,20,10477,255
11,SIKKIM,242,West District,Rural,131187,71911,638,12684,40,35181,19,10472,242
11,SIKKIM,242,West District,Urban,5248,3375,327,318,0,1209,1,5,13
11,SIKKIM,243,South District,Total,146850,84583,1889,21462,151,35053,45,3176,491
11,SIKKIM,243,South District,Rural,125651,71555,798,18392,138,31216,33,3053,466
11,SIKKIM,243,South District,Urban,21199,13028,1091,3070,13,3837,12,123,25
11,SIKKIM,244,East District,Total,283583,177910,6198,23398,861,72455,214,1726,821
11,SIKKIM,244,East District,Rural,161096,102014,1849,12278,683,42218,58,1319,677
11,SIKKIM,244,East District,Urban,122487,75896,4349,11120,178,30237,156,407,144
12,ARUNACHAL PRADESH,245,Tawang,Total,49977,11842,787,776,1164,34920,72,349,67
12,ARUNACHAL PRADESH,245,Tawang,Rural,38775,6036,514,338,23,31604,59,156,45
12,ARUNACHAL PRADESH,245,Tawang,Urban,11202,5806,273,438,1141,3316,13,193,22
12,ARUNACHAL PRADESH,246,West Kameng,Total,83947,31265,1970,8466,328,36087,71,5556,204
12,ARUNACHAL PRADESH,246,West Kameng,Rural,68015,24882,1516,7136,321,28978,63,4956,163
12,ARUNACHAL PRADESH,246,West Kameng,Urban,15932,6383,454,1330,7,7109,8,600,41
12,ARUNACHAL PRADESH,247,East Kameng,Total,78690,12333,652,37136,36,452,23,27868,190
12,ARUNACHAL PRADESH,247,East Kameng,Rural,60340,8011,302,29260,25,217,17,22356,152
12,ARUNACHAL PRADESH,247,East Kameng,Urban,18350,4322,350,7876,11,235,6,5512,38
12,ARUNACHAL PRADESH,248,Papum Pare,Total,176573,57027,6148,84397,310,4768,139,22586,1198
12,ARUNACHAL PRADESH,248,Papum Pare,Rural,79610,16757,1694,54234,99,2413,43,4106,264
12,ARUNACHAL PRADESH,248,Papum Pare,Urban,96963,40270,4454,30163,211,2355,96,18480,934
12,ARUNACHAL PRADESH,249,Upper Subansiri,Total,83448,13474,521,8779,28,297,11,59449,889
12,ARUNACHAL PRADESH,249,Upper Subansiri,Rural,70043,9651,251,7129,19,280,10,51996,707
12,ARUNACHAL PRADESH,249,Upper Subansiri,Urban,13405,3823,270,1650,9,17,1,7453,182
12,ARUNACHAL PRADESH,250,West Siang,Total,112274,15881,2218,29969,577,3311,49,60005,264
12,ARUNACHAL PRADESH,250,West Siang,Rural,87306,7235,659,26389,503,2980,32,49292,216
12,ARUNACHAL PRADESH,250,West Siang,Urban,24968,8646,1559,3580,74,331,17,10713,48
12,ARUNACHAL PRADESH,251,East Siang,Total,99214,27854,2289,18254,69,776,30,49393,549
12,ARUNACHAL PRADESH,251,East Siang,Rural,71579,14614,796,14735,9,329,20,40636,440
12,ARUNACHAL PRADESH,251,East Siang,Urban,27635,13240,1493,3519,60,447,10,8757,109
12,ARUNACHAL PRADESH,252,Upper Siang,Total,35320,5261,411,5643,27,2577,7,20967,427
12,ARUNACHAL PRADESH,252,Upper Siang,Rural,28780,3233,213,4582,23,2460,7,17892,370
12,ARUNACHAL PRADESH,252,Upper Siang,Urban,6540,2028,198,1061,4,117,0,3075,57
12,ARUNACHAL PRADESH,253,Changlang,Total,148226,47683,2134,35969,94,50381,95,11738,132
12,ARUNACHAL PRADESH,253,Changlang,Rural,128998,35569,1359,32465,47,49263,82,10114,99
12,ARUNACHAL PRADESH,253,Changlang,Urban,19228,12114,775,3504,47,1118,13,1624,33
12,ARUNACHAL PRADESH,254,Tirap,Total,111975,20682,1103,83361,61,778,43,5325,622
12,ARUNACHAL PRADESH,254,Tirap,Rural,91165,9658,352,75408,19,356,32,4761,579
12,ARUNACHAL PRADESH,254,Tirap,Urban,20810,11024,751,7953,42,422,11,564,43
12,ARUNACHAL PRADESH,255,Lower Subansiri,Total,83030,9551,1482,34402,27,193,13,37085,277
12,ARUNACHAL PRADESH,255,Lower Subansiri,Rural,70224,5867,638,30807,26,132,11,32478,265
12,ARUNACHAL PRADESH,255,Lower Subansiri,Urban,12806,3684,844,3595,1,61,2,4607,12
12,ARUNACHAL PRADESH,256,Kurung Kumey,Total,92076,4859,471,51189,43,121,81,34158,1154
12,ARUNACHAL PRADESH,256,Kurung Kumey,Rural,89731,4621,417,49931,42,113,78,33378,1151
12,ARUNACHAL PRADESH,256,Kurung Kumey,Urban,2345,238,54,1258,1,8,3,780,3
12,ARUNACHAL PRADESH,257,Dibang Valley,Total,8004,3141,111,223,7,126,2,4267,127
12,ARUNACHAL PRADESH,257,Dibang Valley,Rural,5620,1883,58,71,2,87,2,3392,125
12,ARUNACHAL PRADESH,257,Dibang Valley,Urban,2384,1258,53,152,5,39,0,875,2
12,ARUNACHAL PRADESH,258,Lower Dibang Valley,Total,54080,28915,2247,9213,33,2932,19,10393,328
12,ARUNACHAL PRADESH,258,Lower Dibang Valley,Rural,42691,21760,1472,7846,19,2382,15,8891,306
12,ARUNACHAL PRADESH,258,Lower Dibang Valley,Urban,11389,7155,775,1367,14,550,4,1502,22
12,ARUNACHAL PRADESH,259,Lohit,Total,145726,99020,3846,10684,210,24452,104,7277,133
12,ARUNACHAL PRADESH,259,Lohit,Rural,113296,74724,1675,8602,137,21501,78,6480,99
12,ARUNACHAL PRADESH,259,Lohit,Urban,32430,24296,2171,2082,73,2951,26,797,34
12,ARUNACHAL PRADESH,260,Anjaw,Total,21167,13088,655,271,273,644,12,6137,87
12,ARUNACHAL PRADESH,260,Anjaw,Rural,20185,12226,572,247,273,631,12,6137,87
12,ARUNACHAL PRADESH,260,Anjaw,Urban,982,862,83,24,0,13,0,0,0
13,NAGALAND,261,Mon,Total,250260,8102,3444,236494,84,1256,314,1,565
13,NAGALAND,261,Mon,Rural,215816,4846,1913,207135,55,1084,274,0,509
13,NAGALAND,261,Mon,Urban,34444,3256,1531,29359,29,172,40,1,56
13,NAGALAND,262,Mokokchung,Total,194622,9840,2057,181847,78,442,66,6,286
13,NAGALAND,262,Mokokchung,Rural,138897,4001,1036,133203,32,312,65,5,243
13,NAGALAND,262,Mokokchung,Urban,55725,5839,1021,48644,46,130,1,1,43
13,NAGALAND,263,Zunheboto,Total,140757,2580,772,136995,39,286,6,2,77
13,NAGALAND,263,Zunheboto,Rural,113160,523,340,112018,13,200,3,2,61
13,NAGALAND,263,Zunheboto,Urban,27597,2057,432,24977,26,86,3,0,16
13,NAGALAND,264,Wokha,Total,166343,5605,2043,158236,34,318,8,20,79
13,NAGALAND,264,Wokha,Rural,131339,3696,1289,126049,4,212,7,20,62
13,NAGALAND,264,Wokha,Urban,35004,1909,754,32187,30,106,1,0,17
13,NAGALAND,265,Dimapur,Total,378811,108900,31212,234239,566,1270,2148,157,319
13,NAGALAND,265,Dimapur,Rural,180942,35473,14242,130441,73,501,21,110,81
13,NAGALAND,265,Dimapur,Urban,197869,73427,16970,103798,493,769,2127,47,238
13,NAGALAND,266,Phek,Total,163418,3563,950,158224,31,350,17,198,85
13,NAGALAND,266,Phek,Rural,138843,1314,652,136320,12,295,17,197,36
13,NAGALAND,266,Phek,Urban,24575,2249,298,21904,19,55,0,1,49
13,NAGALAND,267,Tuensang,Total,196596,2979,1052,191864,27,572,5,1,96
13,NAGALAND,267,Tuensang,Rural,159822,611,510,158139,6,498,3,1,54
13,NAGALAND,267,Tuensang,Urban,36774,2368,542,33725,21,74,2,0,42
13,NAGALAND,268,Longleng,Total,50484,873,635,48849,5,77,0,0,45
13,NAGALAND,268,Longleng,Rural,42871,605,388,41760,5,69,0,0,44
13,NAGALAND,268,Longleng,Urban,7613,268,247,7089,0,8,0,0,1
13,NAGALAND,269,Kiphire,Total,74004,1040,564,71803,13,210,1,1,372
13,NAGALAND,269,Kiphire,Rural,57517,365,248,56360,6,175,1,1,361
13,NAGALAND,269,Kiphire,Urban,16487,675,316,15443,7,35,0,0,11
13,NAGALAND,270,Kohima,Total,267988,25496,4384,234955,998,1519,80,335,221
13,NAGALAND,270,Kohima,Rural,146900,8451,1159,135169,895,797,20,266,143
13,NAGALAND,270,Kohima,Urban,121088,17045,3225,99786,103,722,60,69,78
13,NAGALAND,271,Peren,Total,95219,4076,1850,86145,15,459,10,2493,171
13,NAGALAND,271,Peren,Rural,81429,3049,1230,74244,15,335,10,2395,151
13,NAGALAND,271,Peren,Urban,13790,1027,620,11901,0,124,0,98,20
14,MANIPUR,272,Senapati,Total,479148,43833,1649,426819,140,2409,53,1243,3002
14,MANIPUR,272,Senapati,Rural,471672,42377,1634,420868,138,2380,45,1229,3001
14,MANIPUR,272,Senapati,Urban,7476,1456,15,5951,2,29,8,14,1
14,MANIPUR,273,Tamenglong,Total,140651,2995,589,134760,59,425,57,1144,622
14,MANIPUR,273,Tamenglong,Rural,121288,2372,508,116190,39,372,51,1144,612
14,MANIPUR,273,Tamenglong,Urban,19363,623,81,18570,20,53,6,0,10
14,MANIPUR,274,Churachandpur,Total,274143,12034,2886,254979,152,495,87,2333,1177
14,MANIPUR,274,Churachandpur,Rural,255786,9178,2527,240636,126,475,86,2005,753
14,MANIPUR,274,Churachandpur,Urban,18357,2856,359,14343,26,20,1,328,424
14,MANIPUR,275,Bishnupur,Total,237399,175102,18691,4264,56,76,16,38457,737
14,MANIPUR,275,Bishnupur,Rural,149894,109209,10104,2379,27,39,12,27576,548
14,MANIPUR,275,Bishnupur,Urban,87505,65893,8587,1885,29,37,4,10881,189
14,MANIPUR,276,Thoubal,Total,422168,267146,107323,4322,106,114,24,42347,786
14,MANIPUR,276,Thoubal,Rural,270835,161650,73197,2882,61,73,14,32318,640
14,MANIPUR,276,Thoubal,Urban,151333,105496,34126,1440,45,41,10,10029,146
14,MANIPUR,277,Imphal West,Total,517992,387497,24298,23377,589,1891,1264,77032,2044
14,MANIPUR,277,Imphal West,Rural,195113,154032,8223,4543,50,196,33,27380,656
14,MANIPUR,277,Imphal West,Urban,322879,233465,16075,18834,539,1695,1231,49652,1388
14,MANIPUR,278,Imphal East,Total,456113,274906,80199,27361,181,639,62,70825,1940
14,MANIPUR,278,Imphal East,Rural,272906,154354,58601,10663,123,268,24,48160,713
14,MANIPUR,278,Imphal East,Urban,183207,120552,21598,16698,58,371,38,22665,1227
14,MANIPUR,279,Ukhrul,Total,183998,7553,1115,174112,108,635,70,32,373
14,MANIPUR,279,Ukhrul,Rural,156811,5172,894,149740,92,493,61,27,332
14,MANIPUR,279,Ukhrul,Urban,27187,2381,221,24372,16,142,9,5,41
14,MANIPUR,280,Chandel,Total,144182,10810,3086,129049,136,400,59,354,288
14,MANIPUR,280,Chandel,Rural,127335,6407,732,119502,79,291,42,27,255
14,MANIPUR,280,Chandel,Urban,16847,4403,2354,9547,57,109,17,327,33
15,MIZORAM,281,Mamit,Total,86364,2989,1782,69104,13,12328,25,19,104
15,MIZORAM,281,Mamit,Rural,71465,2621,1368,55014,11,12311,24,18,98
15,MIZORAM,281,Mamit,Urban,14899,368,414,14090,2,17,1,1,6
15,MIZORAM,282,Kolasib,Total,83955,4000,4426,75210,16,108,2,46,147
15,MIZORAM,282,Kolasib,Rural,37077,1072,3248,32624,1,39,1,17,75
15,MIZORAM,282,Kolasib,Urban,46878,2928,1178,42586,15,69,1,29,72
15,MIZORAM,283,Aizawl,Total,400309,13249,5264,379134,105,1570,76,505,406
15,MIZORAM,283,Aizawl,Rural,85555,821,637,83605,14,203,12,197,66
15,MIZORAM,283,Aizawl,Urban,314754,12428,4627,295529,91,1367,64,308,340
15,MIZORAM,284,Champhai,Total,125745,1075,699,123446,9,151,45,194,126
15,MIZORAM,284,Champhai,Rural,77216,574,324,75935,7,112,32,164,68
15,MIZORAM,284,Champhai,Urban,48529,501,375,47511,2,39,13,30,58
15,MIZORAM,285,Serchhip,Total,64937,991,335,63444,6,60,9,35,57
15,MIZORAM,285,Serchhip,Rural,32918,200,140,32518,0,21,2,35,2
15,MIZORAM,285,Serchhip,Urban,32019,791,195,30926,6,39,7,0,55
15,MIZORAM,286,Lunglei,Total,161428,5231,1290,127124,74,27543,93,5,68
15,MIZORAM,286,Lunglei,Rural,92676,636,478,64560,12,26889,71,1,29
15,MIZORAM,286,Lunglei,Urban,68752,4595,812,62564,62,654,22,4,39
15,MIZORAM,287,Lawngtlai,Total,117894,1668,522,63892,52,51549,122,2,87
15,MIZORAM,287,Lawngtlai,Rural,97064,1082,253,44056,40,51472,117,2,42
15,MIZORAM,287,Lawngtlai,Urban,20830,586,269,19836,12,77,5,0,45
15,MIZORAM,288,Saiha,Total,56574,933,514,54977,11,102,4,2,31
15,MIZORAM,288,Saiha,Rural,31464,188,101,31086,3,65,1,0,20
15,MIZORAM,288,Saiha,Urban,25110,745,413,23891,8,37,3,2,11
16,TRIPURA,289,West Tripura,Total,1725739,1512801,152791,53622,499,2128,362,430,3106
16,TRIPURA,289,West Tripura,Rural,1048101,876113,120368,48496,294,780,100,326,1624
16,TRIPURA,289,West Tripura,Urban,677638,636688,32423,5126,205,1348,262,104,1482
16,TRIPURA,290,South Tripura,Total,876001,736015,49258,39258,245,49420,106,808,891
16,TRIPURA,290,South Tripura,Rural,752970,623406,41907,38792,183,47283,87,683,629
16,TRIPURA,290,South Tripura,Urban,123031,112609,7351,466,62,2137,19,125,262
16,TRIPURA,291,Dhalai,Total,378230,307120,8256,22940,175,39120,85,206,328
16,TRIPURA,291,Dhalai,Rural,337731,268927,7645,22252,142,38213,68,173,311
16,TRIPURA,291,Dhalai,Urban,40499,38193,611,688,33,907,17,33,17
16,TRIPURA,292,North Tripura,Total,693947,507967,105737,44062,151,34717,307,70,936
16,TRIPURA,292,North Tripura,Rural,573662,399949,99701,42630,114,30332,166,42,728
16,TRIPURA,292,North Tripura,Urban,120285,108018,6036,1432,37,4385,141,28,208
17,MEGHALAYA,293,West Garo Hills,Total,643291,122936,106788,389956,209,3392,144,16950,2916
17,MEGHALAYA,293,West Garo Hills,Rural,568433,103872,105905,335525,161,3164,109,16949,2748
17,MEGHALAYA,293,West Garo Hills,Urban,74858,19064,883,54431,48,228,35,1,168
17,MEGHALAYA,294,East Garo Hills,Total,317917,17272,3359,289708,56,1004,38,5617,863
17,MEGHALAYA,294,East Garo Hills,Rural,273725,12233,1669,252475,47,832,21,5616,832
17,MEGHALAYA,294,East Garo Hills,Urban,44192,5039,1690,37233,9,172,17,1,31
17,MEGHALAYA,295,South Garo Hills,Total,142334,7036,1050,132984,27,332,10,362,533
17,MEGHALAYA,295,South Garo Hills,Rural,129203,5158,902,121907,25,314,10,362,525
17,MEGHALAYA,295,South Garo Hills,Urban,13131,1878,148,11077,2,18,0,0,8
17,MEGHALAYA,296,West Khasi Hills,Total,383461,6498,1533,366881,58,1313,38,5878,1262
17,MEGHALAYA,296,West Khasi Hills,Rural,340356,6263,1389,324812,50,1274,34,5342,1192
17,MEGHALAYA,296,West Khasi Hills,Urban,43105,235,144,42069,8,39,4,536,70
17,MEGHALAYA,297,Ribhoi,Total,258840,30945,1838,218508,166,428,49,6308,598
17,MEGHALAYA,297,Ribhoi,Rural,233587,24684,1451,200203,140,346,47,6135,581
17,MEGHALAYA,297,Ribhoi,Urban,25253,6261,387,18305,26,82,2,173,17
17,MEGHALAYA,298,East Khasi Hills,Total,825922,144935,14185,543394,2495,3111,303,115597,1902
17,MEGHALAYA,298,East Khasi Hills,Rural,459441,26943,2357,329022,158,347,18,99271,1325
17,MEGHALAYA,298,East Khasi Hills,Urban,366481,117992,11828,214372,2337,2764,285,16326,577
17,MEGHALAYA,299,Jaintia Hills,Total,395124,12456,1646,271596,34,284,45,107559,1504
17,MEGHALAYA,299,Jaintia Hills,Rural,366694,11105,1368,253475,32,270,34,98984,1426
17,MEGHALAYA,299,Jaintia Hills,Urban,28430,1351,278,18121,2,14,11,8575,78
18,ASSAM,300,Kokrajhar,Total,887142,529068,252271,101091,93,1718,396,123,2382
18,ASSAM,300,Kokrajhar,Rural,832201,480877,247800,99269,74,1695,50,119,2317
18,ASSAM,300,Kokrajhar,Urban,54941,48191,4471,1822,19,23,346,4,65
18,ASSAM,301,Dhubri,Total,1949258,388380,1553023,4107,254,101,1846,45,1502
18,ASSAM,301,Dhubri,Rural,1745557,271544,1468403,3904,170,64,80,41,1351
18,ASSAM,301,Dhubri,Urban,203701,116836,84620,203,84,37,1766,4,151
18,ASSAM,302,Goalpara,Total,1008183,347878,579929,77862,771,194,477,103,969
18,ASSAM,302,Goalpara,Rural,870121,290645,503583,74164,488,185,64,99,893
18,ASSAM,302,Goalpara,Urban,138062,57233,76346,3698,283,9,413,4,76
18,ASSAM,303,Barpeta,Total,1693622,492966,1198036,1020,112,49,399,14,1026
18,ASSAM,303,Barpeta,Rural,1546269,371383,1173092,724,46,39,32,12,941
18,ASSAM,303,Barpeta,Urban,147353,121583,24944,296,66,10,367,2,85
18,ASSAM,304,Morigaon,Total,957423,451882,503257,834,113,65,244,11,1017
18,ASSAM,304,Morigaon,Rural,884125,400124,482206,733,31,44,61,10,916
18,ASSAM,304,Morigaon,Urban,73298,51758,21051,101,82,21,183,1,101
18,ASSAM,305,Nagaon,Total,2823768,1225246,1563203,26844,3036,1073,1162,61,3143
18,ASSAM,305,Nagaon,Rural,2454234,957909,1465320,25564,1490,858,227,37,2829
18,ASSAM,305,Nagaon,Urban,369534,267337,97883,1280,1546,215,935,24,314
18,ASSAM,306,Sonitpur,Total,1924110,1422824,350536,138166,1363,5088,1003,221,4909
18,ASSAM,306,Sonitpur,Rural,1750265,1275056,328650,135564,970,4851,239,207,4728
18,ASSAM,306,Sonitpur,Urban,173845,147768,21886,2602,393,237,764,14,181
18,ASSAM,307,Lakhimpur,Total,1042137,797130,193476,46217,412,1074,250,2410,1168
18,ASSAM,307,Lakhimpur,Rural,950804,729124,171210,45838,163,886,77,2400,1106
18,ASSAM,307,Lakhimpur,Urban,91333,68006,22266,379,249,188,173,10,62
18,ASSAM,308,Dhemaji,Total,686133,655052,13475,8711,297,911,167,6315,1205
18,ASSAM,308,Dhemaji,Rural,637848,612245,8917,8430,206,817,28,6099,1106
18,ASSAM,308,Dhemaji,Urban,48285,42807,4558,281,91,94,139,216,99
18,ASSAM,309,Tinsukia,Total,1327929,1181347,48373,76877,1999,16228,837,395,1873
18,ASSAM,309,Tinsukia,Rural,1063186,948835,22277,74853,779,14265,142,386,1649
18,ASSAM,309,Tinsukia,Urban,264743,232512,26096,2024,1220,1963,695,9,224
18,ASSAM,310,Dibrugarh,Total,1326335,1198401,64526,52968,2261,4673,1055,46,2405
18,ASSAM,310,Dibrugarh,Rural,1082605,991131,34255,50344,859,3781,178,35,2022
18,ASSAM,310,Dibrugarh,Urban,243730,207270,30271,2624,1402,892,877,11,383
18,ASSAM,311,Sivasagar,Total,1151050,1007277,95553,33147,902,3953,286,8541,1391
18,ASSAM,311,Sivasagar,Rural,1040954,918325,76107,32386,431,3707,136,8537,1325
18,ASSAM,311,Sivasagar,Urban,110096,88952,19446,761,471,246,150,4,66
18,ASSAM,312,Jorhat,Total,1092256,1008219,54684,21051,1540,2378,719,578,3087
18,ASSAM,312,Jorhat,Rural,871722,813987,33627,19097,273,1521,205,561,2451
18,ASSAM,312,Jorhat,Urban,220534,194232,21057,1954,1267,857,514,17,636
18,ASSAM,313,Golaghat,Total,1066888,917426,90312,50582,1131,3863,530,1347,1697
18,ASSAM,313,Golaghat,Rural,969152,836151,76616,49370,411,3774,204,1201,1425
18,ASSAM,313,Golaghat,Urban,97736,81275,13696,1212,720,89,326,146,272
18,ASSAM,314,Karbi Anglong,Total,956313,766000,20290,157789,370,6260,397,3568,1639
18,ASSAM,314,Karbi Anglong,Rural,843347,672842,13696,145837,196,5971,177,3176,1452
18,ASSAM,314,Karbi Anglong,Urban,112966,93158,6594,11952,174,289,220,392,187
18,ASSAM,315,Dima Hasao,Total,214102,143593,4358,63310,207,680,70,1170,714
18,ASSAM,315,Dima Hasao,Rural,151613,100581,1561,47286,39,537,48,896,665
18,ASSAM,315,Dima Hasao,Urban,62489,43012,2797,16024,168,143,22,274,49
18,ASSAM,316,Cachar,Total,1736617,1038985,654816,37635,280,341,1673,98,2789
18,ASSAM,316,Cachar,Rural,1421153,798444,584399,35158,187,287,154,53,2471
18,ASSAM,316,Cachar,Urban,315464,240541,70417,2477,93,54,1519,45,318
18,ASSAM,317,Karimganj,Total,1228686,521962,692489,11990,114,446,524,110,1051
18,ASSAM,317,Karimganj,Rural,1118986,445540,660569,11286,95,313,110,80,993
18,ASSAM,317,Karimganj,Urban,109700,76422,31920,704,19,133,414,30,58
18,ASSAM,318,Hailakandi,Total,659296,251194,397653,8480,84,490,247,636,512
18,ASSAM,318,Hailakandi,Rural,611156,215572,385784,8298,68,484,61,425,464
18,ASSAM,318,Hailakandi,Urban,48140,35622,11869,182,16,6,186,211,48
18,ASSAM,319,Bongaigaon,Total,738804,359145,371033,5924,384,236,871,9,1202
18,ASSAM,319,Bongaigaon,Rural,628994,267238,355413,5112,53,57,40,8,1073
18,ASSAM,319,Bongaigaon,Urban,109810,91907,15620,812,331,179,831,1,129
18,ASSAM,320,Chirang,Total,482162,320647,109248,49747,87,406,125,482,1420
18,ASSAM,320,Chirang,Rural,446825,293421,101456,49604,82,404,74,481,1303
18,ASSAM,320,Chirang,Urban,35337,27226,7792,143,5,2,51,1,117
18,ASSAM,321,Kamrup,Total,1517542,877495,601784,33297,319,185,1330,55,3077
18,ASSAM,321,Kamrup,Rural,1375148,765816,572655,33175,261,172,123,50,2896
18,ASSAM,321,Kamrup,Urban,142394,111679,29129,122,58,13,1207,5,181
18,ASSAM,322,Kamrup Metropolitan,Total,1253938,1064412,151071,18810,3679,1627,9250,170,4919
18,ASSAM,322,Kamrup Metropolitan,Rural,216927,183890,22620,9246,125,98,38,22,888
18,ASSAM,322,Kamrup Metropolitan,Urban,1037011,880522,128451,9564,3554,1529,9212,148,4031
18,ASSAM,323,Nalbari,Total,771639,491582,277488,429,62,27,1004,9,1038
18,ASSAM,323,Nalbari,Rural,688909,422125,265399,355,53,23,36,8,910
18,ASSAM,323,Nalbari,Urban,82730,69457,12089,74,9,4,968,1,128
18,ASSAM,324,Baksa,Total,950075,782901,135750,27076,156,1189,239,353,2411
18,ASSAM,324,Baksa,Rural,937833,774031,132496,27047,156,1186,158,353,2406
18,ASSAM,324,Baksa,Urban,12242,8870,3254,29,0,3,81,0,5
18,ASSAM,325,Darrang,Total,928500,327322,597392,1688,431,57,724,19,867
18,ASSAM,325,Darrang,Rural,873006,283553,586628,1489,368,56,54,19,839
18,ASSAM,325,Darrang,Urban,55494,43769,10764,199,63,1,670,0,28
18,ASSAM,326,Udalguri,Total,831668,612425,105319,110215,215,1681,124,229,1460
18,ASSAM,326,Udalguri,Rural,794094,579482,102479,108582,168,1657,62,228,1436
18,ASSAM,326,Udalguri,Urban,37574,32943,2840,1633,47,24,62,1,24
19,WEST BENGAL,327,Darjiling,Total,1846823,1366681,105086,141848,2032,209240,1840,15523,4573
19,WEST BENGAL,327,Darjiling,Rural,1118860,780498,69413,114698,520,138655,422,13031,1623
19,WEST BENGAL,327,Darjiling,Urban,727963,586183,35673,27150,1512,70585,1418,2492,2950
19,WEST BENGAL,328,Jalpaiguri,Total,3872846,3156781,445817,186279,2994,50676,1461,23816,5022
19,WEST BENGAL,328,Jalpaiguri,Rural,2812495,2205462,367078,171399,896,40907,396,23645,2712
19,WEST BENGAL,328,Jalpaiguri,Urban,1060351,951319,78739,14880,2098,9769,1065,171,2310
19,WEST BENGAL,329,Koch Bihar,Total,2819086,2087766,720033,4122,449,445,1869,158,4244
19,WEST BENGAL,329,Koch Bihar,Rural,2529652,1833358,688243,3494,367,135,337,137,3581
19,WEST BENGAL,329,Koch Bihar,Urban,289434,254408,31790,628,82,310,1532,21,663
19,WEST BENGAL,330,Uttar Dinajpur,Total,3007134,1482943,1501170,16702,477,432,1324,1622,2464
19,WEST BENGAL,330,Uttar Dinajpur,Rural,2644906,1169085,1455303,15820,362,336,363,1582,2055
19,WEST BENGAL,330,Uttar Dinajpur,Urban,362228,313858,45867,882,115,96,961,40,409
19,WEST BENGAL,331,Dakshin Dinajpur,Total,1676276,1232850,412788,24794,276,148,323,2786,2311
19,WEST BENGAL,331,Dakshin Dinajpur,Rural,1439981,1002146,410676,22076,188,91,230,2746,1828
19,WEST BENGAL,331,Dakshin Dinajpur,Urban,236295,230704,2112,2718,88,57,93,40,483
19,WEST BENGAL,332,Maldah,Total,3988845,1914352,2045151,13209,747,359,639,7929,6459
19,WEST BENGAL,332,Maldah,Rural,3447185,1569277,1853702,12225,525,247,395,7837,2977
19,WEST BENGAL,332,Maldah,Urban,541660,345075,191449,984,222,112,244,92,3482
19,WEST BENGAL,333,Murshidabad,Total,7103807,2359061,4707573,18102,766,348,3037,7429,7491
19,WEST BENGAL,333,Murshidabad,Rural,5703115,1741918,3930848,16045,453,248,540,7352,5711
19,WEST BENGAL,333,Murshidabad,Urban,1400692,617143,776725,2057,313,100,2497,77,1780
19,WEST BENGAL,334,Birbhum,Total,3502404,2181515,1298054,10906,582,258,1152,6051,3886
19,WEST BENGAL,334,Birbhum,Rural,3052956,1851377,1181750,9819,345,196,256,5917,3296
19,WEST BENGAL,334,Birbhum,Urban,449448,330138,116304,1087,237,62,896,134,590
19,WEST BENGAL,335,Barddhaman,Total,7717563,6008472,1599764,21220,16675,1602,1674,44968,23188
19,WEST BENGAL,335,Barddhaman,Rural,4639264,3428031,1158796,8992,1281,292,397,34394,7081
19,WEST BENGAL,335,Barddhaman,Urban,3078299,2580441,440968,12228,15394,1310,1277,10574,16107
19,WEST BENGAL,336,Nadia,Total,5167600,3728482,1382682,33835,849,514,281,16893,4064
19,WEST BENGAL,336,Nadia,Rural,3728727,2401262,1285658,23463,515,160,140,15204,2325
19,WEST BENGAL,336,Nadia,Urban,1438873,1327220,97024,10372,334,354,141,1689,1739
19,WEST BENGAL,337,North Twenty Four Parganas,Total,10009781,7352769,2584684,26933,9394,5818,4452,2930,22801
19,WEST BENGAL,337,North Twenty Four Parganas,Rural,4277619,2322249,1937537,8902,600,393,256,1685,5997
19,WEST BENGAL,337,North Twenty Four Parganas,Urban,5732162,5030520,647147,18031,8794,5425,4196,1245,16804
19,WEST BENGAL,338,Hugli,Total,5519145,4574569,870204,7300,2662,1730,2160,49050,11470
19,WEST BENGAL,338,Hugli,Rural,3390646,2733979,600147,2563,521,322,188,48072,4854
19,WEST BENGAL,338,Hugli,Urban,2128499,1840590,270057,4737,2141,1408,1972,978,6616
19,WEST BENGAL,339,Bankura,Total,3596674,3033581,290450,3865,386,260,2904,260694,4534
19,WEST BENGAL,339,Bankura,Rural,3296901,2753111,273773,2667,315,221,2881,260040,3893
19,WEST BENGAL,339,Bankura,Urban,299773,280470,16677,1198,71,39,23,654,641
19,WEST BENGAL,340,Puruliya,Total,2930115,2373120,227249,8646,622,209,3052,309029,8188
19,WEST BENGAL,340,Puruliya,Rural,2556801,2069039,166013,5386,259,143,2732,308119,5110
19,WEST BENGAL,340,Puruliya,Urban,373314,304081,61236,3260,363,66,320,910,3078
19,WEST BENGAL,341,Haora,Total,4850029,3535844,1270641,8666,4380,1258,9699,1265,18276
19,WEST BENGAL,341,Haora,Rural,1775885,1332470,436402,717,261,185,167,178,5505
19,WEST BENGAL,341,Haora,Urban,3074144,2203374,834239,7949,4119,1073,9532,1087,12771
19,WEST BENGAL,342,Kolkata,Total,4496694,3440290,926414,39758,13849,4771,21178,1452,48982
19,WEST BENGAL,342,Kolkata,Rural,0,0,0,0,0,0,0,0,0
19,WEST BENGAL,342,Kolkata,Urban,4496694,3440290,926414,39758,13849,4771,21178,1452,48982
19,WEST BENGAL,343,South Twenty Four Parganas,Total,8161961,5155545,2903075,66498,2783,2494,972,6065,24529
19,WEST BENGAL,343,South Twenty Four Parganas,Rural,6074188,3807699,2187661,54978,1055,772,574,5780,15669
19,WEST BENGAL,343,South Twenty Four Parganas,Urban,2087773,1347846,715414,11520,1728,1722,398,285,8860
19,WEST BENGAL,344,Paschim Medinipur,Total,5913457,5056953,620554,23287,2854,2019,1550,184278,21962
19,WEST BENGAL,344,Paschim Medinipur,Rural,5190771,4435331,542184,15299,665,1279,494,182396,13123
19,WEST BENGAL,344,Paschim Medinipur,Urban,722686,621622,78370,7988,2189,740,1056,1882,8839
19,WEST BENGAL,345,Purba Medinipur,Total,5095875,4343972,743436,2648,746,317,574,359,3823
19,WEST BENGAL,345,Purba Medinipur,Rural,4503161,3895308,601443,2081,472,177,195,259,3226
19,WEST BENGAL,345,Purba Medinipur,Urban,592714,448664,141993,567,274,140,379,100,597
20,JHARKHAND,346,Garhwa,Total,1322784,1104475,194680,17168,123,371,20,4591,1356
20,JHARKHAND,346,Garhwa,Rural,1253114,1046755,183363,16730,87,288,20,4572,1299
20,JHARKHAND,346,Garhwa,Urban,69670,57720,11317,438,36,83,0,19,57
20,JHARKHAND,347,Chatra,Total,1042886,903179,116710,6565,888,35,129,12936,2444
20,JHARKHAND,347,Chatra,Rural,979932,858471,99619,6185,652,24,60,12720,2201
20,JHARKHAND,347,Chatra,Urban,62954,44708,17091,380,236,11,69,216,243
20,JHARKHAND,348,Kodarma,Total,716259,605138,107018,1221,944,32,980,269,657
20,JHARKHAND,348,Kodarma,Rural,575013,486523,86785,731,111,24,30,267,542
20,JHARKHAND,348,Kodarma,Urban,141246,118615,20233,490,833,8,950,2,115
20,JHARKHAND,349,Giridih,Total,2445474,1856202,508586,14645,937,650,1503,59218,3733
20,JHARKHAND,349,Giridih,Rural,2237450,1715290,445198,13398,114,607,583,59088,3172
20,JHARKHAND,349,Giridih,Urban,208024,140912,63388,1247,823,43,920,130,561
20,JHARKHAND,350,Deoghar,Total,1492073,1165140,302626,6027,143,188,282,16067,1600
20,JHARKHAND,350,Deoghar,Rural,1233712,940532,271040,4393,79,118,116,15954,1480
20,JHARKHAND,350,Deoghar,Urban,258361,224608,31586,1634,64,70,166,113,120
20,JHARKHAND,351,Godda,Total,1313551,937126,289182,37795,97,128,115,47067,2041
20,JHARKHAND,351,Godda,Rural,1249132,886816,275933,37299,91,124,103,46778,1988
20,JHARKHAND,351,Godda,Urban,64419,50310,13249,496,6,4,12,289,53
20,JHARKHAND,352,Sahibganj,Total,1150567,628044,398243,83208,198,245,125,38426,2078
20,JHARKHAND,352,Sahibganj,Rural,990901,520725,348248,81695,87,216,102,37961,1867
20,JHARKHAND,352,Sahibganj,Urban,159666,107319,49995,1513,111,29,23,465,211
20,JHARKHAND,353,Pakur,Total,900422,410127,322963,75865,356,283,222,88760,1846
20,JHARKHAND,353,Pakur,Rural,832910,378426,289702,74281,101,275,105,88211,1809
20,JHARKHAND,353,Pakur,Urban,67512,31701,33261,1584,255,8,117,549,37
20,JHARKHAND,354,Dhanbad,Total,2684487,2149480,431762,11243,9727,331,1268,77182,3494
20,JHARKHAND,354,Dhanbad,Rural,1124093,887638,160909,3911,502,73,114,69762,1184
20,JHARKHAND,354,Dhanbad,Urban,1560394,1261842,270853,7332,9225,258,1154,7420,2310
20,JHARKHAND,355,Bokaro,Total,2062330,1636460,241451,13730,4174,1890,2045,160524,2056
20,JHARKHAND,355,Bokaro,Rural,1078686,822182,115428,2496,141,1560,1067,134578,1234
20,JHARKHAND,355,Bokaro,Urban,983644,814278,126023,11234,4033,330,978,25946,822
20,JHARKHAND,356,Lohardaga,Total,461790,112378,95012,16770,51,33,15,235987,1544
20,JHARKHAND,356,Lohardaga,Rural,404379,85706,78198,13778,29,29,15,225102,1522
20,JHARKHAND,356,Lohardaga,Urban,57411,26672,16814,2992,22,4,0,10885,22
20,JHARKHAND,357,Purbi Singhbhum,Total,2293919,1550178,203999,30172,38544,892,1670,465367,3097
20,JHARKHAND,357,Purbi Singhbhum,Rural,1019328,621001,14034,4772,1054,106,23,376513,1825
20,JHARKHAND,357,Purbi Singhbhum,Urban,1274591,929177,189965,25400,37490,786,1647,88854,1272
20,JHARKHAND,358,Palamu,Total,1939869,1683169,238295,6164,734,188,284,5681,5354
20,JHARKHAND,358,Palamu,Rural,1713866,1506153,192619,4376,100,162,39,5617,4800
20,JHARKHAND,358,Palamu,Urban,226003,177016,45676,1788,634,26,245,64,554
20,JHARKHAND,359,Latehar,Total,726978,473049,69808,47653,120,128,16,133525,2679
20,JHARKHAND,359,Latehar,Rural,675120,434037,61511,45797,90,118,16,131221,2330
20,JHARKHAND,359,Latehar,Urban,51858,39012,8297,1856,30,10,0,2304,349
20,JHARKHAND,360,Hazaribagh,Total,1734495,1397227,281247,17137,1312,71,1676,34154,1671
20,JHARKHAND,360,Hazaribagh,Rural,1459188,1202441,211943,11563,256,33,102,31418,1432
20,JHARKHAND,360,Hazaribagh,Urban,275307,194786,69304,5574,1056,38,1574,2736,239
20,JHARKHAND,361,Ramgarh,Total,949443,774251,129037,7260,5093,69,537,32378,818
20,JHARKHAND,361,Ramgarh,Rural,530488,434320,68737,1309,130,15,9,25374,594
20,JHARKHAND,361,Ramgarh,Urban,418955,339931,60300,5951,4963,54,528,7004,224
20,JHARKHAND,362,Dumka,Total,1321442,1044726,106865,86404,234,267,162,78622,4162
20,JHARKHAND,362,Dumka,Rural,1231264,967266,96370,84623,176,222,140,78505,3962
20,JHARKHAND,362,Dumka,Urban,90178,77460,10495,1781,58,45,22,117,200
20,JHARKHAND,363,Jamtara,Total,791042,550560,164406,4419,520,118,783,68564,1672
20,JHARKHAND,363,Jamtara,Rural,715296,486987,155013,3549,260,85,522,67299,1581
20,JHARKHAND,363,Jamtara,Urban,75746,63573,9393,870,260,33,261,1265,91
20,JHARKHAND,364,Ranchi,Total,2914253,1612239,410759,193974,4826,932,2733,677445,11345
20,JHARKHAND,364,Ranchi,Rural,1656918,795438,205070,92942,302,249,268,555627,7022
20,JHARKHAND,364,Ranchi,Urban,1257335,816801,205689,101032,4524,683,2465,121818,4323
20,JHARKHAND,365,Khunti,Total,531885,138863,13122,136438,69,245,148,241292,1708
20,JHARKHAND,365,Khunti,Rural,486903,116272,8635,125533,48,232,17,234480,1686
20,JHARKHAND,365,Khunti,Urban,44982,22591,4487,10905,21,13,131,6812,22
20,JHARKHAND,366,Gumla,Total,1025213,309563,51429,202449,221,531,23,457468,3529
20,JHARKHAND,366,Gumla,Rural,960132,280308,38721,192625,60,491,19,444441,3467
20,JHARKHAND,366,Gumla,Urban,65081,29255,12708,9824,161,40,4,13027,62
20,JHARKHAND,367,Simdega,Total,599578,201524,15103,306601,51,753,114,73930,1502
20,JHARKHAND,367,Simdega,Rural,556634,183887,8328,290364,48,729,42,71782,1454
20,JHARKHAND,367,Simdega,Urban,42944,17637,6775,16237,3,24,72,2148,48
20,JHARKHAND,368,Pashchimi Singhbhum,Total,1502338,423937,38103,87587,946,389,52,945864,5460
20,JHARKHAND,368,Pashchimi Singhbhum,Rural,1284304,292544,10150,76839,114,337,4,899812,4504
20,JHARKHAND,368,Pashchimi Singhbhum,Urban,218034,131393,27953,10748,832,52,48,46052,956
20,JHARKHAND,369,Saraikela-Kharsawan,Total,1065056,709016,63588,8113,1114,187,72,280469,2497
20,JHARKHAND,369,Saraikela-Kharsawan,Rural,806310,510812,20719,6189,301,80,26,266250,1933
20,JHARKHAND,369,Saraikela-Kharsawan,Urban,258746,198204,42869,1924,813,107,46,14219,564
21,ODISHA,370,Bargarh,Total,1481255,1459065,7527,11744,652,161,125,44,1937
21,ODISHA,370,Bargarh,Rural,1331145,1316493,3394,9155,188,116,83,27,1689
21,ODISHA,370,Bargarh,Urban,150110,142572,4133,2589,464,45,42,17,248
21,ODISHA,371,Jharsuguda,Total,579505,553587,12783,10462,1441,80,70,67,1015
21,ODISHA,371,Jharsuguda,Rural,348340,342886,1506,3204,102,23,17,39,563
21,ODISHA,371,Jharsuguda,Urban,231165,210701,11277,7258,1339,57,53,28,452
21,ODISHA,372,Sambalpur,Total,1041099,964188,20120,50637,2506,310,86,1117,2135
21,ODISHA,372,Sambalpur,Rural,733006,683935,2402,43874,296,184,56,864,1395
21,ODISHA,372,Sambalpur,Urban,308093,280253,17718,6763,2210,126,30,253,740
21,ODISHA,373,Debagarh,Total,312520,296001,704,14518,53,102,7,409,726
21,ODISHA,373,Debagarh,Rural,290130,275185,381,13317,48,98,7,409,685
21,ODISHA,373,Debagarh,Urban,22390,20816,323,1201,5,4,0,0,41
21,ODISHA,374,Sundargarh,Total,2093437,1532352,71391,385011,5713,710,721,89986,7553
21,ODISHA,374,Sundargarh,Rural,1355340,937149,19679,311532,469,443,79,80963,5026
21,ODISHA,374,Sundargarh,Urban,738097,595203,51712,73479,5244,267,642,9023,2527
21,ODISHA,375,Kendujhar,Total,1801733,1752694,27752,9141,2177,209,131,7372,2257
21,ODISHA,375,Kendujhar,Rural,1548674,1526876,7414,5214,228,102,88,6847,1905
21,ODISHA,375,Kendujhar,Urban,253059,225818,20338,3927,1949,107,43,525,352
21,ODISHA,376,Mayurbhanj,Total,2519738,2113079,33706,15008,661,162,109,351714,5299
21,ODISHA,376,Mayurbhanj,Rural,2326842,1935041,24668,14108,405,137,85,347432,4966
21,ODISHA,376,Mayurbhanj,Urban,192896,178038,9038,900,256,25,24,4282,333
21,ODISHA,377,Baleshwar,Total,2320529,2197709,94254,6434,237,111,201,18345,3238
21,ODISHA,377,Baleshwar,Rural,2067236,1984900,57547,3972,181,61,65,17745,2765
21,ODISHA,377,Baleshwar,Urban,253293,212809,36707,2462,56,50,136,600,473
21,ODISHA,378,Bhadrak,Total,1506337,1398543,104202,745,169,81,111,61,2425
21,ODISHA,378,Bhadrak,Rural,1320499,1276635,41498,576,130,47,88,27,1498
21,ODISHA,378,Bhadrak,Urban,185838,121908,62704,169,39,34,23,34,927
21,ODISHA,379,Kendrapara,Total,1440361,1386792,50247,1423,169,62,52,24,1592
21,ODISHA,379,Kendrapara,Rural,1356827,1320356,33400,1321,162,54,44,21,1469
21,ODISHA,379,Kendrapara,Urban,83534,66436,16847,102,7,8,8,3,123
21,ODISHA,380,Jagatsinghapur,Total,1136971,1086140,46929,1604,206,74,58,63,1897
21,ODISHA,380,Jagatsinghapur,Rural,1020991,985247,33762,409,164,62,49,10,1288
21,ODISHA,380,Jagatsinghapur,Urban,115980,100893,13167,1195,42,12,9,53,609
21,ODISHA,381,Cuttack,Total,2624470,2457729,141263,11985,1026,6276,1180,168,4843
21,ODISHA,381,Cuttack,Rural,1888423,1790791,86632,2596,220,5907,88,69,2120
21,ODISHA,381,Cuttack,Urban,736047,666938,54631,9389,806,369,1092,99,2723
21,ODISHA,382,Jajapur,Total,1827192,1725595,93642,1623,470,58,100,3073,2631
21,ODISHA,382,Jajapur,Rural,1692095,1612004,72965,1377,251,56,70,3068,2304
21,ODISHA,382,Jajapur,Urban,135097,113591,20677,246,219,2,30,5,327
21,ODISHA,383,Dhenkanal,Total,1192811,1185542,4805,727,124,366,39,139,1069
21,ODISHA,383,Dhenkanal,Rural,1075305,1070995,2307,469,113,350,37,133,901
21,ODISHA,383,Dhenkanal,Urban,117506,114547,2498,258,11,16,2,6,168
21,ODISHA,384,Anugul,Total,1273821,1258684,7512,3383,812,226,36,971,2197
21,ODISHA,384,Anugul,Rural,1067275,1060483,2415,2188,175,150,24,9,1831
21,ODISHA,384,Anugul,Urban,206546,198201,5097,1195,637,76,12,962,366
21,ODISHA,385,Nayagarh,Total,962789,955754,5278,383,107,33,24,12,1198
21,ODISHA,385,Nayagarh,Rural,883051,877257,4257,297,98,28,21,10,1083
21,ODISHA,385,Nayagarh,Urban,79738,78497,1021,86,9,5,3,2,115
21,ODISHA,386,Khordha,Total,2251673,2147632,84060,12527,1264,475,476,434,4805
21,ODISHA,386,Khordha,Rural,1167357,1121700,42084,1892,118,75,45,78,1365
21,ODISHA,386,Khordha,Urban,1084316,1025932,41976,10635,1146,400,431,356,3440
21,ODISHA,387,Puri,Total,1698730,1644905,46094,4239,193,243,94,302,2660
21,ODISHA,387,Puri,Rural,1433800,1391385,38780,939,133,194,73,296,2000
21,ODISHA,387,Puri,Urban,264930,253520,7314,3300,60,49,21,6,660
21,ODISHA,388,Ganjam,Total,3529031,3486059,13315,23975,590,174,170,76,4672
21,ODISHA,388,Ganjam,Rural,2761030,2736582,3512,16935,340,111,107,32,3411
21,ODISHA,388,Ganjam,Urban,768001,749477,9803,7040,250,63,63,44,1261
21,ODISHA,389,Gajapati,Total,577817,353160,1556,219482,53,2180,66,4,1316
21,ODISHA,389,Gajapati,Rural,507151,289535,1050,213176,41,2162,60,4,1123
21,ODISHA,389,Gajapati,Urban,70666,63625,506,6306,12,18,6,0,193
21,ODISHA,390,Kandhamal,Total,733110,580300,2138,148895,82,290,47,23,1335
21,ODISHA,390,Kandhamal,Rural,660831,516406,941,141956,63,283,46,12,1124
21,ODISHA,390,Kandhamal,Urban,72279,63894,1197,6939,19,7,1,11,211
21,ODISHA,391,Baudh,Total,441162,438152,1007,522,24,5,11,7,1434
21,ODISHA,391,Baudh,Rural,420738,418237,571,467,23,5,11,6,1418
21,ODISHA,391,Baudh,Urban,20424,19915,436,55,1,0,0,1,16
21,ODISHA,392,Subarnapur,Total,610183,605225,1566,2374,58,46,17,6,891
21,ODISHA,392,Subarnapur,Rural,560242,556237,882,2188,52,33,9,4,837
21,ODISHA,392,Subarnapur,Urban,49941,48988,684,186,6,13,8,2,54
21,ODISHA,393,Balangir,Total,1648997,1618175,7811,16271,565,467,2225,141,3342
21,ODISHA,393,Balangir,Rural,1451616,1434291,3082,10116,196,298,880,120,2633
21,ODISHA,393,Balangir,Urban,197381,183884,4729,6155,369,169,1345,21,709
21,ODISHA,394,Nuapada,Total,610382,601092,4952,1778,724,76,905,22,833
21,ODISHA,394,Nuapada,Rural,576328,571073,2822,1151,80,75,294,22,811
21,ODISHA,394,Nuapada,Urban,34054,30019,2130,627,644,1,611,0,22
21,ODISHA,395,Kalahandi,Total,1576869,1555367,4975,11160,796,175,1225,220,2951
21,ODISHA,395,Kalahandi,Rural,1454882,1439298,2171,9773,250,151,442,205,2592
21,ODISHA,395,Kalahandi,Urban,121987,116069,2804,1387,546,24,783,15,359
21,ODISHA,396,Rayagada,Total,967911,874445,4607,84916,219,249,123,44,3308
21,ODISHA,396,Rayagada,Rural,820945,735660,1913,80293,113,204,41,24,2697
21,ODISHA,396,Rayagada,Urban,146966,138785,2694,4623,106,45,82,20,611
21,ODISHA,397,Nabarangapur,Total,1220946,1178005,6753,32152,169,189,325,54,3299
21,ODISHA,397,Nabarangapur,Rural,1133321,1101283,3738,25212,118,150,129,33,2658
21,ODISHA,397,Nabarangapur,Urban,87625,76722,3015,6940,51,39,196,21,641
21,ODISHA,398,Koraput,Total,1379647,1294151,8850,68550,518,219,491,3384,3484
21,ODISHA,398,Koraput,Rural,1153478,1092381,4050,50218,195,145,82,3311,3096
21,ODISHA,398,Koraput,Urban,226169,201770,4800,18332,323,74,409,73,388
21,ODISHA,399,Malkangiri,Total,613192,600219,1871,10039,213,43,195,35,577
21,ODISHA,399,Malkangiri,Rural,563664,554495,1233,7176,150,22,34,34,520
21,ODISHA,399,Malkangiri,Urban,49528,45724,638,2863,63,21,161,1,57
22,CHHATTISGARH,400,Koriya,Total,658917,604259,25878,9398,1391,84,1155,15474,1278
22,CHHATTISGARH,400,Koriya,Rural,453618,426304,5775,4739,79,23,85,15438,1175
22,CHHATTISGARH,400,Koriya,Urban,205299,177955,20103,4659,1312,61,1070,36,103
22,CHHATTISGARH,401,Surguja,Total,2359886,2126195,81442,97432,2303,1287,623,48295,2309
22,CHHATTISGARH,401,Surguja,Rural,2116965,1928044,55085,83243,341,1184,177,46818,2073
22,CHHATTISGARH,401,Surguja,Urban,242921,198151,26357,14189,1962,103,446,1477,236
22,CHHATTISGARH,402,Jashpur,Total,851669,629509,15336,189588,474,467,694,14835,766
22,CHHATTISGARH,402,Jashpur,Rural,775677,572911,9757,177164,116,422,87,14486,734
22,CHHATTISGARH,402,Jashpur,Urban,75992,56598,5579,12424,358,45,607,349,32
22,CHHATTISGARH,403,Raigarh,Total,1493984,1422986,17332,47653,2117,781,409,1782,924
22,CHHATTISGARH,403,Raigarh,Rural,1247682,1198629,5119,40311,560,464,93,1745,761
22,CHHATTISGARH,403,Raigarh,Urban,246302,224357,12213,7342,1557,317,316,37,163
22,CHHATTISGARH,404,Korba,Total,1206640,1133176,30195,21059,3666,897,753,15649,1245
22,CHHATTISGARH,404,Korba,Rural,760350,727382,7517,8740,205,192,59,15432,823
22,CHHATTISGARH,404,Korba,Urban,446290,405794,22678,12319,3461,705,694,217,422
22,CHHATTISGARH,405,Janjgir - Champa,Total,1619707,1597089,14173,2926,635,556,707,2220,1401
22,CHHATTISGARH,405,Janjgir - Champa,Rural,1394646,1382863,6597,1012,228,512,75,2126,1233
22,CHHATTISGARH,405,Janjgir - Champa,Urban,225061,214226,7576,1914,407,44,632,94,168
22,CHHATTISGARH,406,Bilaspur,Total,2663629,2540763,57973,20745,6373,2979,2357,29122,3317
22,CHHATTISGARH,406,Bilaspur,Rural,1983759,1929945,15538,5555,619,231,257,28735,2879
22,CHHATTISGARH,406,Bilaspur,Urban,679870,610818,42435,15190,5754,2748,2100,387,438
22,CHHATTISGARH,407,Kabeerdham,Total,822526,776013,12206,980,924,433,1167,30222,581
22,CHHATTISGARH,407,Kabeerdham,Rural,735131,696432,7207,539,128,124,144,30081,476
22,CHHATTISGARH,407,Kabeerdham,Urban,87395,79581,4999,441,796,309,1023,141,105
22,CHHATTISGARH,408,Rajnandgaon,Total,1537133,1399658,23648,5193,3761,28541,8187,67444,701
22,CHHATTISGARH,408,Rajnandgaon,Rural,1264621,1170475,7110,2554,514,15406,1173,66785,604
22,CHHATTISGARH,408,Rajnandgaon,Urban,272512,229183,16538,2639,3247,13135,7014,659,97
22,CHHATTISGARH,409,Durg,Total,3343872,3129745,83499,24304,24276,19587,17209,42569,2683
22,CHHATTISGARH,409,Durg,Rural,2059107,2000615,9809,1769,764,1934,1856,40730,1630
22,CHHATTISGARH,409,Durg,Urban,1284765,1129130,73690,22535,23512,17653,15353,1839,1053
22,CHHATTISGARH,410,Raipur,Total,4063872,3881485,103038,23181,16707,8397,17137,10680,3247
22,CHHATTISGARH,410,Raipur,Rural,2580583,2550746,12564,4737,561,359,434,9615,1567
22,CHHATTISGARH,410,Raipur,Urban,1483289,1330739,90474,18444,16146,8038,16703,1065,1680
22,CHHATTISGARH,411,Mahasamund,Total,1032754,1008061,12570,5284,2941,521,1495,1417,465
22,CHHATTISGARH,411,Mahasamund,Rural,912602,901371,5184,3406,728,75,159,1253,426
22,CHHATTISGARH,411,Mahasamund,Urban,120152,106690,7386,1878,2213,446,1336,164,39
22,CHHATTISGARH,412,Dhamtari,Total,799781,777188,10425,2644,1196,667,3612,3685,364
22,CHHATTISGARH,412,Dhamtari,Rural,650586,642922,2421,587,108,242,457,3585,264
22,CHHATTISGARH,412,Dhamtari,Urban,149195,134266,8004,2057,1088,425,3155,100,100
22,CHHATTISGARH,413,Uttar Bastar Kanker,Total,748941,627460,6040,4007,552,2213,1071,105869,1729
22,CHHATTISGARH,413,Uttar Bastar Kanker,Rural,672180,559082,1818,3080,170,1349,590,104406,1685
22,CHHATTISGARH,413,Uttar Bastar Kanker,Urban,76761,68378,4222,927,382,864,481,1463,44
22,CHHATTISGARH,414,Bastar,Total,1413199,1277975,12413,27951,2099,985,3466,86925,1385
22,CHHATTISGARH,414,Bastar,Rural,1219705,1119728,2083,15228,147,467,248,80627,1177
22,CHHATTISGARH,414,Bastar,Urban,193494,158247,10330,12723,1952,518,3218,6298,208
22,CHHATTISGARH,415,Narayanpur,Total,139820,129161,776,600,96,71,409,8542,165
22,CHHATTISGARH,415,Narayanpur,Rural,117714,109406,167,349,19,5,1,7624,143
22,CHHATTISGARH,415,Narayanpur,Urban,22106,19755,609,251,77,66,408,918,22
22,CHHATTISGARH,416,Dakshin Bastar Dantewada,Total,533638,513915,6437,4888,457,352,1044,6071,474
22,CHHATTISGARH,416,Dakshin Bastar Dantewada,Rural,437405,428485,2149,1317,133,49,243,4653,376
22,CHHATTISGARH,416,Dakshin Bastar Dantewada,Urban,96233,85430,4288,3571,324,303,801,1418,98
22,CHHATTISGARH,417,Bijapur,Total,255230,245151,1617,2709,68,1649,15,3793,228
22,CHHATTISGARH,417,Bijapur,Rural,225630,218807,640,1684,33,1322,5,2934,205
22,CHHATTISGARH,417,Bijapur,Urban,29600,26344,977,1025,35,327,10,859,23
23,MADHYA PRADESH,418,Sheopur,Total,687861,638702,41396,230,6387,201,379,40,526
23,MADHYA PRADESH,418,Sheopur,Rural,580509,558135,15767,110,5988,98,52,17,342
23,MADHYA PRADESH,418,Sheopur,Urban,107352,80567,25629,120,399,103,327,23,184
23,MADHYA PRADESH,419,Morena,Total,1965970,1875495,76159,1092,557,3234,6681,92,2660
23,MADHYA PRADESH,419,Morena,Rural,1495508,1450933,38200,585,320,2856,462,59,2093
23,MADHYA PRADESH,419,Morena,Urban,470462,424562,37959,507,237,378,6219,33,567
23,MADHYA PRADESH,420,Bhind,Total,1703005,1595400,66776,973,4047,12215,19950,73,3571
23,MADHYA PRADESH,420,Bhind,Rural,1270083,1222217,28411,613,3231,10956,1713,46,2896
23,MADHYA PRADESH,420,Bhind,Urban,432922,373183,38365,360,816,1259,18237,27,675
23,MADHYA PRADESH,421,Gwalior,Total,2032036,1835299,141735,4119,24790,4361,18058,217,3457
23,MADHYA PRADESH,421,Gwalior,Rural,758244,699836,36077,544,16135,2726,1427,77,1422
23,MADHYA PRADESH,421,Gwalior,Urban,1273792,1135463,105658,3575,8655,1635,16631,140,2035
23,MADHYA PRADESH,422,Datia,Total,786754,747693,28483,683,490,7923,453,10,1019
23,MADHYA PRADESH,422,Datia,Rural,604772,588558,7446,192,253,7099,342,8,874
23,MADHYA PRADESH,422,Datia,Urban,181982,159135,21037,491,237,824,111,2,145
23,MADHYA PRADESH,423,Shivpuri,Total,1726050,1648749,51200,1117,7151,3421,12171,72,2169
23,MADHYA PRADESH,423,Shivpuri,Rural,1430627,1401017,13942,527,6183,3119,3884,66,1889
23,MADHYA PRADESH,423,Shivpuri,Urban,295423,247732,37258,590,968,302,8287,6,280
23,MADHYA PRADESH,424,Tikamgarh,Total,1445166,1383475,44143,588,251,109,15569,39,992
23,MADHYA PRADESH,424,Tikamgarh,Rural,1195293,1174136,14530,353,98,83,5215,32,846
23,MADHYA PRADESH,424,Tikamgarh,Urban,249873,209339,29613,235,153,26,10354,7,146
23,MADHYA PRADESH,425,Chhatarpur,Total,1762375,1676918,70351,1980,968,250,10409,102,1397
23,MADHYA PRADESH,425,Chhatarpur,Rural,1363359,1335925,21371,765,128,122,3867,62,1119
23,MADHYA PRADESH,425,Chhatarpur,Urban,399016,340993,48980,1215,840,128,6542,40,278
23,MADHYA PRADESH,426,Panna,Total,1016520,974748,35214,418,186,37,4734,218,965
23,MADHYA PRADESH,426,Panna,Rural,891185,869052,18327,211,85,28,2484,207,791
23,MADHYA PRADESH,426,Panna,Urban,125335,105696,16887,207,101,9,2250,11,174
23,MADHYA PRADESH,427,Sagar,Total,2378458,2198297,103480,5580,4146,991,62992,168,2804
23,MADHYA PRADESH,427,Sagar,Rural,1669662,1620320,26327,1495,262,599,18678,93,1888
23,MADHYA PRADESH,427,Sagar,Urban,708796,577977,77153,4085,3884,392,44314,75,916
23,MADHYA PRADESH,428,Damoh,Total,1264219,1186420,47966,1681,1096,119,25005,82,1850
23,MADHYA PRADESH,428,Damoh,Rural,1013668,978916,20331,370,121,59,12523,76,1272
23,MADHYA PRADESH,428,Damoh,Urban,250551,207504,27635,1311,975,60,12482,6,578
23,MADHYA PRADESH,429,Satna,Total,2228935,2158623,59471,2228,1163,364,3135,1689,2262
23,MADHYA PRADESH,429,Satna,Rural,1754517,1727160,22183,881,186,271,342,1645,1849
23,MADHYA PRADESH,429,Satna,Urban,474418,431463,37288,1347,977,93,2793,44,413
23,MADHYA PRADESH,430,Rewa,Total,2365106,2268838,85414,1964,832,986,655,232,6185
23,MADHYA PRADESH,430,Rewa,Rural,1969321,1917933,43176,1245,243,781,93,201,5649
23,MADHYA PRADESH,430,Rewa,Urban,395785,350905,42238,719,589,205,562,31,536
23,MADHYA PRADESH,431,Umaria,Total,644758,620515,15966,667,190,70,220,6028,1102
23,MADHYA PRADESH,431,Umaria,Rural,534214,519580,7407,173,45,12,22,5979,996
23,MADHYA PRADESH,431,Umaria,Urban,110544,100935,8559,494,145,58,198,49,106
23,MADHYA PRADESH,432,Neemuch,Total,826067,741288,67324,1508,1110,224,14165,115,333
23,MADHYA PRADESH,432,Neemuch,Rural,580837,558835,16982,371,326,43,4012,32,236
23,MADHYA PRADESH,432,Neemuch,Urban,245230,182453,50342,1137,784,181,10153,83,97
23,MADHYA PRADESH,433,Mandsaur,Total,1340411,1192588,125548,1120,849,242,19029,77,958
23,MADHYA PRADESH,433,Mandsaur,Rural,1062807,989435,65600,491,209,167,6192,55,658
23,MADHYA PRADESH,433,Mandsaur,Urban,277604,203153,59948,629,640,75,12837,22,300
23,MADHYA PRADESH,434,Ratlam,Total,1455069,1267043,151071,3996,1353,175,29353,123,1955
23,MADHYA PRADESH,434,Ratlam,Rural,1020038,978467,35042,655,127,46,4100,64,1537
23,MADHYA PRADESH,434,Ratlam,Urban,435031,288576,116029,3341,1226,129,25253,59,418
23,MADHYA PRADESH,435,Ujjain,Total,1986864,1718204,233133,4659,3241,945,24622,211,1849
23,MADHYA PRADESH,435,Ujjain,Rural,1207651,1131707,71219,931,338,124,2311,58,963
23,MADHYA PRADESH,435,Ujjain,Urban,779213,586497,161914,3728,2903,821,22311,153,886
23,MADHYA PRADESH,436,Shajapur,Total,1512681,1321003,174724,815,631,179,13755,66,1508
23,MADHYA PRADESH,436,Shajapur,Rural,1219133,1111646,102469,345,149,109,3148,34,1233
23,MADHYA PRADESH,436,Shajapur,Urban,293548,209357,72255,470,482,70,10607,32,275
23,MADHYA PRADESH,437,Dewas,Total,1563715,1376591,174259,2355,2330,382,6497,72,1229
23,MADHYA PRADESH,437,Dewas,Rural,1111956,1028167,80603,524,491,45,1224,50,852
23,MADHYA PRADESH,437,Dewas,Urban,451759,348424,93656,1831,1839,337,5273,22,377
23,MADHYA PRADESH,438,Dhar,Total,2185793,2051219,116202,2261,1607,328,12199,88,1889
23,MADHYA PRADESH,438,Dhar,Rural,1772572,1711147,53693,982,974,119,4064,51,1542
23,MADHYA PRADESH,438,Dhar,Urban,413221,340072,62509,1279,633,209,8135,37,347
23,MADHYA PRADESH,439,Indore,Total,3276697,2728225,415142,18523,25696,11496,71667,720,5228
23,MADHYA PRADESH,439,Indore,Rural,848988,775233,67775,2438,1470,317,1162,28,565
23,MADHYA PRADESH,439,Indore,Urban,2427709,1952992,347367,16085,24226,11179,70505,692,4663
23,MADHYA PRADESH,440,Khargone (West Nimar),Total,1873046,1725441,135085,2075,2896,284,6028,89,1148
23,MADHYA PRADESH,440,Khargone (West Nimar),Rural,1574190,1513918,54514,1375,1317,121,1929,70,946
23,MADHYA PRADESH,440,Khargone (West Nimar),Urban,298856,211523,80571,700,1579,163,4099,19,202
23,MADHYA PRADESH,441,Barwani,Total,1385881,1318869,58222,2967,2361,416,2289,263,494
23,MADHYA PRADESH,441,Barwani,Rural,1181812,1159798,16684,2259,1569,337,508,249,408
23,MADHYA PRADESH,441,Barwani,Urban,204069,159071,41538,708,792,79,1781,14,86
23,MADHYA PRADESH,442,Rajgarh,Total,1545814,1433879,106928,1243,460,121,1599,50,1534
23,MADHYA PRADESH,442,Rajgarh,Rural,1269357,1213854,52887,640,132,83,354,42,1365
23,MADHYA PRADESH,442,Rajgarh,Urban,276457,220025,54041,603,328,38,1245,8,169
23,MADHYA PRADESH,443,Vidisha,Total,1458875,1287391,149548,1313,914,295,18490,70,854
23,MADHYA PRADESH,443,Vidisha,Rural,1119257,1014106,100159,625,240,154,3295,41,637
23,MADHYA PRADESH,443,Vidisha,Urban,339618,273285,49389,688,674,141,15195,29,217
23,MADHYA PRADESH,444,Bhopal,Total,2371061,1755861,525434,23432,10789,21688,25950,335,7572
23,MADHYA PRADESH,444,Bhopal,Rural,454010,407665,43310,1137,252,363,550,35,698
23,MADHYA PRADESH,444,Bhopal,Urban,1917051,1348196,482124,22295,10537,21325,25400,300,6874
23,MADHYA PRADESH,445,Sehore,Total,1311332,1163607,137980,1404,640,357,6232,66,1046
23,MADHYA PRADESH,445,Sehore,Rural,1062870,975112,84343,588,207,220,1525,50,825
23,MADHYA PRADESH,445,Sehore,Urban,248462,188495,53637,816,433,137,4707,16,221
23,MADHYA PRADESH,446,Raisen,Total,1331597,1195235,120331,1725,2262,253,10637,190,964
23,MADHYA PRADESH,446,Raisen,Rural,1028172,958831,64059,751,664,82,2882,173,730
23,MADHYA PRADESH,446,Raisen,Urban,303425,236404,56272,974,1598,171,7755,17,234
23,MADHYA PRADESH,447,Betul,Total,1575362,1505745,37590,3271,1078,9651,3759,13048,1220
23,MADHYA PRADESH,447,Betul,Rural,1266211,1235987,7516,1590,183,5964,875,12980,1116
23,MADHYA PRADESH,447,Betul,Urban,309151,269758,30074,1681,895,3687,2884,68,104
23,MADHYA PRADESH,448,Harda,Total,570465,527462,38640,683,676,93,1573,55,1283
23,MADHYA PRADESH,448,Harda,Rural,451101,430499,18777,267,64,26,277,53,1138
23,MADHYA PRADESH,448,Harda,Urban,119364,96963,19863,416,612,67,1296,2,145
23,MADHYA PRADESH,449,Hoshangabad,Total,1241350,1175203,52269,4453,3127,1550,3888,107,753
23,MADHYA PRADESH,449,Hoshangabad,Rural,851364,833420,15231,1136,338,154,471,51,563
23,MADHYA PRADESH,449,Hoshangabad,Urban,389986,341783,37038,3317,2789,1396,3417,56,190
23,MADHYA PRADESH,450,Katni,Total,1292042,1240650,37232,3158,1167,157,5342,2643,1693
23,MADHYA PRADESH,450,Katni,Rural,1028499,1000897,20052,871,176,82,2363,2541,1517
23,MADHYA PRADESH,450,Katni,Urban,263543,239753,17180,2287,991,75,2979,102,176
23,MADHYA PRADESH,451,Jabalpur,Total,2463289,2159065,203652,23142,13256,4320,33728,21010,5116
23,MADHYA PRADESH,451,Jabalpur,Rural,1023255,982995,13907,1158,456,102,2775,20507,1355
23,MADHYA PRADESH,451,Jabalpur,Urban,1440034,1176070,189745,21984,12800,4218,30953,503,3761
23,MADHYA PRADESH,452,Narsimhapur,Total,1091854,1038628,39048,914,997,262,8125,2873,1007
23,MADHYA PRADESH,452,Narsimhapur,Rural,888314,860183,22304,383,134,58,1610,2827,815
23,MADHYA PRADESH,452,Narsimhapur,Urban,203540,178445,16744,531,863,204,6515,46,192
23,MADHYA PRADESH,453,Dindori,Total,704524,605435,6736,4238,260,61,687,84006,3101
23,MADHYA PRADESH,453,Dindori,Rural,672206,575850,5159,4069,111,40,61,83846,3070
23,MADHYA PRADESH,453,Dindori,Urban,32318,29585,1577,169,149,21,626,160,31
23,MADHYA PRADESH,454,Mandla,Total,1054905,849518,16558,12450,436,297,1789,170533,3324
23,MADHYA PRADESH,454,Mandla,Rural,924716,732914,7056,11436,131,94,154,169726,3205
23,MADHYA PRADESH,454,Mandla,Urban,130189,116604,9502,1014,305,203,1635,807,119
23,MADHYA PRADESH,455,Chhindwara,Total,2090922,1923920,100692,4893,2258,24471,7830,25771,1087
23,MADHYA PRADESH,455,Chhindwara,Rural,1585739,1501902,37404,1077,413,17421,1720,24934,868
23,MADHYA PRADESH,455,Chhindwara,Urban,505183,422018,63288,3816,1845,7050,6110,837,219
23,MADHYA PRADESH,456,Seoni,Total,1379131,1145052,79739,1857,360,7288,4982,135315,4538
23,MADHYA PRADESH,456,Seoni,Rural,1215241,1014624,53093,951,155,6241,912,134872,4393
23,MADHYA PRADESH,456,Seoni,Urban,163890,130428,26646,906,205,1047,4070,443,145
23,MADHYA PRADESH,457,Balaghat,Total,1701698,1519384,38542,5295,1050,72162,4778,58064,2423
23,MADHYA PRADESH,457,Balaghat,Rural,1456882,1318063,17994,2759,222,58353,876,56421,2194
23,MADHYA PRADESH,457,Balaghat,Urban,244816,201321,20548,2536,828,13809,3902,1643,229
23,MADHYA PRADESH,458,Guna,Total,1241519,1172248,49203,1208,3271,529,13474,52,1534
23,MADHYA PRADESH,458,Guna,Rural,928844,909263,14163,258,2304,222,1398,36,1200
23,MADHYA PRADESH,458,Guna,Urban,312675,262985,35040,950,967,307,12076,16,334
23,MADHYA PRADESH,459,Ashoknagar,Total,845071,778214,40707,635,8009,1352,15094,27,1033
23,MADHYA PRADESH,459,Ashoknagar,Rural,691387,659560,18751,312,7100,1250,3635,17,762
23,MADHYA PRADESH,459,Ashoknagar,Urban,153684,118654,21956,323,909,102,11459,10,271
23,MADHYA PRADESH,460,Shahdol,Total,1066063,997073,42426,2372,912,268,1737,19448,1827
23,MADHYA PRADESH,460,Shahdol,Rural,846463,805830,18534,764,121,114,109,19414,1577
23,MADHYA PRADESH,460,Shahdol,Urban,219600,191243,23892,1608,791,154,1628,34,250
23,MADHYA PRADESH,461,Anuppur,Total,749237,686524,21473,2132,606,86,1653,35434,1329
23,MADHYA PRADESH,461,Anuppur,Rural,543996,501965,4549,848,57,33,94,35223,1227
23,MADHYA PRADESH,461,Anuppur,Urban,205241,184559,16924,1284,549,53,1559,211,102
23,MADHYA PRADESH,462,Sidhi,Total,1127033,1077545,34419,511,128,92,93,12556,1689
23,MADHYA PRADESH,462,Sidhi,Rural,1033912,989101,30282,361,84,62,40,12556,1426
23,MADHYA PRADESH,462,Sidhi,Urban,93121,88444,4137,150,44,30,53,0,263
23,MADHYA PRADESH,463,Singrauli,Total,1178273,1118998,46574,2332,1422,338,182,6139,2288
23,MADHYA PRADESH,463,Singrauli,Rural,951487,910747,32016,508,198,86,55,6007,1870
23,MADHYA PRADESH,463,Singrauli,Urban,226786,208251,14558,1824,1224,252,127,132,418
23,MADHYA PRADESH,464,Jhabua,Total,1025048,960925,15733,38423,141,65,8871,388,502
23,MADHYA PRADESH,464,Jhabua,Rural,933065,892832,3254,33455,82,36,2562,381,463
23,MADHYA PRADESH,464,Jhabua,Urban,91983,68093,12479,4968,59,29,6309,7,39
23,MADHYA PRADESH,465,Alirajpur,Total,728999,705060,17660,4600,65,36,780,271,527
23,MADHYA PRADESH,465,Alirajpur,Rural,671925,662508,4952,3390,50,27,262,264,472
23,MADHYA PRADESH,465,Alirajpur,Urban,57074,42552,12708,1210,15,9,518,7,55
23,MADHYA PRADESH,466,Khandwa (East Nimar),Total,1310061,1182330,116277,2800,1726,1425,3856,158,1489
23,MADHYA PRADESH,466,Khandwa (East Nimar),Rural,1050625,998857,48100,898,331,271,738,82,1348
23,MADHYA PRADESH,466,Khandwa (East Nimar),Urban,259436,183473,68177,1902,1395,1154,3118,76,141
23,MADHYA PRADESH,467,Burhanpur,Total,757847,552526,180840,1199,1074,19883,1884,99,342
23,MADHYA PRADESH,467,Burhanpur,Rural,497560,417410,67755,458,699,10644,352,27,215
23,MADHYA PRADESH,467,Burhanpur,Urban,260287,135116,113085,741,375,9239,1532,72,127
24,GUJARAT,468,Kachchh,Total,2092371,1608921,442355,6192,6353,490,25312,98,2650
24,GUJARAT,468,Kachchh,Rural,1363836,1028594,320173,1893,3513,138,8902,32,591
24,GUJARAT,468,Kachchh,Urban,728535,580327,122182,4299,2840,352,16410,66,2059
24,GUJARAT,469,Banas Kantha,Total,3120506,2890305,213505,1686,486,281,12659,83,1501
24,GUJARAT,469,Banas Kantha,Rural,2705591,2552261,145573,1136,186,249,5099,63,1024
24,GUJARAT,469,Banas Kantha,Urban,414915,338044,67932,550,300,32,7560,20,477
24,GUJARAT,470,Patan,Total,1343734,1194745,142797,916,337,66,3602,66,1205
24,GUJARAT,470,Patan,Rural,1062653,961796,97861,607,133,49,1224,40,943
24,GUJARAT,470,Patan,Urban,281081,232949,44936,309,204,17,2378,26,262
24,GUJARAT,471,Mahesana,Total,2035064,1885732,136431,1954,1082,146,7087,88,2544
24,GUJARAT,471,Mahesana,Rural,1520734,1434114,83175,1052,282,89,908,29,1085
24,GUJARAT,471,Mahesana,Urban,514330,451618,53256,902,800,57,6179,59,1459
24,GUJARAT,472,Sabar Kantha,Total,2428589,2260560,148563,6375,614,168,11110,52,1147
24,GUJARAT,472,Sabar Kantha,Rural,2064869,1999259,56671,5226,243,128,2496,47,799
24,GUJARAT,472,Sabar Kantha,Urban,363720,261301,91892,1149,371,40,8614,5,348
24,GUJARAT,473,Gandhinagar,Total,1391753,1319586,57273,3237,1985,497,6405,82,2688
24,GUJARAT,473,Gandhinagar,Rural,791126,766642,21234,478,855,103,1097,31,686
24,GUJARAT,473,Gandhinagar,Urban,600627,552944,36039,2759,1130,394,5308,51,2002
24,GUJARAT,474,Ahmadabad,Total,7214225,6042416,883238,50754,14542,4518,209287,2055,7415
24,GUJARAT,474,Ahmadabad,Rural,1151178,1098367,49820,903,252,143,1058,36,599
24,GUJARAT,474,Ahmadabad,Urban,6063047,4944049,833418,49851,14290,4375,208229,2019,6816
24,GUJARAT,475,Surendranagar,Total,1756268,1620282,109681,1419,512,312,22992,128,942
24,GUJARAT,475,Surendranagar,Rural,1259352,1208223,48173,591,158,191,1365,94,557
24,GUJARAT,475,Surendranagar,Urban,496916,412059,61508,828,354,121,21627,34,385
24,GUJARAT,476,Rajkot,Total,3804558,3397406,361388,5478,1918,1170,33591,269,3338
24,GUJARAT,476,Rajkot,Rural,1590508,1477602,109657,720,357,347,923,43,859
24,GUJARAT,476,Rajkot,Urban,2214050,1919804,251731,4758,1561,823,32668,226,2479
24,GUJARAT,477,Jamnagar,Total,2160119,1810443,320805,4392,1873,1086,18856,136,2528
24,GUJARAT,477,Jamnagar,Rural,1189054,1079652,104162,1518,626,193,2170,19,714
24,GUJARAT,477,Jamnagar,Urban,971065,730791,216643,2874,1247,893,16686,117,1814
24,GUJARAT,478,Porbandar,Total,585449,549749,33565,500,248,91,515,38,743
24,GUJARAT,478,Porbandar,Rural,299775,292862,6567,118,46,33,26,12,111
24,GUJARAT,478,Porbandar,Urban,285674,256887,26998,382,202,58,489,26,632
24,GUJARAT,479,Junagadh,Total,2743082,2397056,334858,2586,1110,1291,3841,77,2263
24,GUJARAT,479,Junagadh,Rural,1836670,1700293,132791,929,192,938,463,38,1026
24,GUJARAT,479,Junagadh,Urban,906412,696763,202067,1657,918,353,3378,39,1237
24,GUJARAT,480,Amreli,Total,1514190,1410463,99105,919,415,243,2053,40,952
24,GUJARAT,480,Amreli,Rural,1127555,1088877,36585,535,217,198,505,31,607
24,GUJARAT,480,Amreli,Urban,386635,321586,62520,384,198,45,1548,9,345
24,GUJARAT,481,Bhavnagar,Total,2880365,2632574,212863,3457,1410,445,26974,127,2515
24,GUJARAT,481,Bhavnagar,Rural,1697964,1652449,41483,1237,174,159,1346,61,1055
24,GUJARAT,481,Bhavnagar,Urban,1182401,980125,171380,2220,1236,286,25628,66,1460
24,GUJARAT,482,Anand,Total,2092745,1798794,250919,29789,1524,267,8591,142,2719
24,GUJARAT,482,Anand,Rural,1457758,1328863,111199,14197,291,116,1453,72,1567
24,GUJARAT,482,Anand,Urban,634987,469931,139720,15592,1233,151,7138,70,1152
24,GUJARAT,483,Kheda,Total,2299885,2000884,264482,26629,1403,300,3479,82,2626
24,GUJARAT,483,Kheda,Rural,1776276,1617374,141620,14036,481,190,778,59,1738
24,GUJARAT,483,Kheda,Urban,523609,383510,122862,12593,922,110,2701,23,888
24,GUJARAT,484,Panch Mahals,Total,2390776,2220974,158513,2863,662,337,5236,131,2060
24,GUJARAT,484,Panch Mahals,Rural,2055949,2016340,34670,1228,281,240,1625,77,1488
24,GUJARAT,484,Panch Mahals,Urban,334827,204634,123843,1635,381,97,3611,54,572
24,GUJARAT,485,Dohad,Total,2127086,2045243,66353,9907,493,260,3331,114,1385
24,GUJARAT,485,Dohad,Rural,1935461,1914724,10540,7221,215,179,1287,79,1216
24,GUJARAT,485,Dohad,Urban,191625,130519,55813,2686,278,81,2044,35,169
24,GUJARAT,486,Vadodara,Total,4165626,3713941,384579,23813,9340,2069,27650,1124,3110
24,GUJARAT,486,Vadodara,Rural,2099855,1972614,122170,1352,558,300,1886,62,913
24,GUJARAT,486,Vadodara,Urban,2065771,1741327,262409,22461,8782,1769,25764,1062,2197
24,GUJARAT,487,Narmada,Total,590297,559848,22600,4413,147,80,373,2078,758
24,GUJARAT,487,Narmada,Rural,528425,509256,12166,3990,94,69,101,2041,708
24,GUJARAT,487,Narmada,Urban,61872,50592,10434,423,53,11,272,37,50
24,GUJARAT,488,Bharuch,Total,1551019,1188204,343511,9494,1733,442,4813,342,2480
24,GUJARAT,488,Bharuch,Rural,1026060,812439,204960,5465,523,170,1099,136,1268
24,GUJARAT,488,Bharuch,Urban,524959,375765,138551,4029,1210,272,3714,206,1212
24,GUJARAT,489,The Dangs,Total,228291,203545,3593,20029,69,32,39,560,424
24,GUJARAT,489,The Dangs,Rural,203604,182822,1211,18618,16,19,19,492,407
24,GUJARAT,489,The Dangs,Urban,24687,20723,2382,1411,53,13,20,68,17
24,GUJARAT,490,Navsari,Total,1329672,1225087,78669,5733,2459,601,13386,2823,914
24,GUJARAT,490,Navsari,Rural,920535,872077,40587,4392,321,186,1995,420,557
24,GUJARAT,490,Navsari,Urban,409137,353010,38082,1341,2138,415,11391,2403,357
24,GUJARAT,491,Valsad,Total,1705678,1571147,94034,19661,1589,913,13809,1417,3108
24,GUJARAT,491,Valsad,Rural,1070177,1036215,13935,15008,506,236,1587,656,2034
24,GUJARAT,491,Valsad,Urban,635501,534932,80099,4653,1083,677,12222,761,1074
24,GUJARAT,492,Surat,Total,6081322,5260193,660772,21052,5703,12902,112835,3920,3945
24,GUJARAT,492,Surat,Rural,1232109,1124751,92507,8579,649,204,3905,518,996
24,GUJARAT,492,Surat,Urban,4849213,4135442,568265,12473,5054,12698,108930,3402,2949
24,GUJARAT,493,Tapi,Total,807022,725890,22309,52930,239,1476,1828,408,1942
24,GUJARAT,493,Tapi,Rural,727535,662075,9696,51339,123,1315,801,330,1856
24,GUJARAT,493,Tapi,Urban,79487,63815,12613,1591,116,161,1027,78,86
25,DAMAN & DIU,494,Diu,Total,52074,48613,3190,202,3,1,43,0,22
25,DAMAN & DIU,494,Diu,Rural,28083,27475,586,7,0,0,2,0,13
25,DAMAN & DIU,494,Diu,Urban,23991,21138,2604,195,3,1,41,0,9
25,DAMAN & DIU,495,Daman,Total,191173,171537,16087,2618,169,216,244,79,223
25,DAMAN & DIU,495,Daman,Rural,32313,30070,2044,139,3,3,4,9,41
25,DAMAN & DIU,495,Daman,Urban,158860,141467,14043,2479,166,213,240,70,182
26,DADRA & NAGAR HAVELI,496,Dadra & Nagar Haveli,Total,343709,322857,12922,5113,217,634,1186,293,487
26,DADRA & NAGAR HAVELI,496,Dadra & Nagar Haveli,Rural,183114,176233,3438,2880,45,82,61,99,276
26,DADRA & NAGAR HAVELI,496,Dadra & Nagar Haveli,Urban,160595,146624,9484,2233,172,552,1125,194,211
27,MAHARASHTRA,497,Nandurbar,Total,1648295,1521618,96182,8467,685,4969,6191,2907,7276
27,MAHARASHTRA,497,Nandurbar,Rural,1372821,1335295,16928,6737,270,3123,1001,2868,6599
27,MAHARASHTRA,497,Nandurbar,Urban,275474,186323,79254,1730,415,1846,5190,39,677
27,MAHARASHTRA,498,Dhule,Total,2050862,1825460,187901,3653,1422,13405,12818,912,5291
27,MAHARASHTRA,498,Dhule,Rural,1479826,1421959,40036,2093,430,6868,4225,856,3359
27,MAHARASHTRA,498,Dhule,Urban,571036,403501,147865,1560,992,6537,8593,56,1932
27,MAHARASHTRA,499,Jalgaon,Total,4229917,3457615,560261,7091,3091,143865,27404,9662,20928
27,MAHARASHTRA,499,Jalgaon,Rural,2887206,2491109,264824,2461,895,93256,8036,8942,17683
27,MAHARASHTRA,499,Jalgaon,Urban,1342711,966506,295437,4630,2196,50609,19368,720,3245
27,MAHARASHTRA,500,Buldana,Total,2586258,1845424,354236,3531,1668,364229,12242,522,4406
27,MAHARASHTRA,500,Buldana,Rural,2037398,1516619,198801,1985,915,310768,4268,403,3639
27,MAHARASHTRA,500,Buldana,Urban,548860,328805,155435,1546,753,53461,7974,119,767
27,MAHARASHTRA,501,Akola,Total,1813906,1107809,357253,4483,1504,328033,10205,389,4230
27,MAHARASHTRA,501,Akola,Rural,1094165,718291,132725,1872,430,234798,2570,162,3317
27,MAHARASHTRA,501,Akola,Urban,719741,389518,224528,2611,1074,93235,7635,227,913
27,MAHARASHTRA,502,Washim,Total,1197160,859949,142672,1707,518,179330,8476,381,4127
27,MAHARASHTRA,502,Washim,Rural,985747,749342,67690,928,200,160200,3202,334,3851
27,MAHARASHTRA,502,Washim,Urban,211413,110607,74982,779,318,19130,5274,47,276
27,MAHARASHTRA,503,Amravati,Total,2888445,2055177,421410,7223,2242,383891,11360,3288,3854
27,MAHARASHTRA,503,Amravati,Rural,1851158,1412155,153030,3026,767,274105,3030,2388,2657
27,MAHARASHTRA,503,Amravati,Urban,1037287,643022,268380,4197,1475,109786,8330,900,1197
27,MAHARASHTRA,504,Wardha,Total,1300774,1057096,53854,2696,2147,175417,5663,2254,1647
27,MAHARASHTRA,504,Wardha,Rural,877474,736457,22012,1065,1416,112329,966,1863,1366
27,MAHARASHTRA,504,Wardha,Urban,423300,320639,31842,1631,731,63088,4697,391,281
27,MAHARASHTRA,505,Nagpur,Total,4653570,3492202,390974,34667,20469,668050,24528,12181,10499
27,MAHARASHTRA,505,Nagpur,Rural,1474811,1245547,30246,3574,2032,178949,1411,9014,4038
27,MAHARASHTRA,505,Nagpur,Urban,3178759,2246655,360728,31093,18437,489101,23117,3167,6461
27,MAHARASHTRA,506,Bhandara,Total,1200334,1009352,26502,2145,831,154458,1017,3555,2474
27,MAHARASHTRA,506,Bhandara,Rural,966503,828084,9149,1260,508,122119,446,2993,1944
27,MAHARASHTRA,506,Bhandara,Urban,233831,181268,17353,885,323,32339,571,562,530
27,MAHARASHTRA,507,Gondiya,Total,1322507,1153861,26157,1827,2160,125282,1568,5080,6572
27,MAHARASHTRA,507,Gondiya,Rural,1096577,976137,10969,1022,716,97396,394,4751,5192
27,MAHARASHTRA,507,Gondiya,Urban,225930,177724,15188,805,1444,27886,1174,329,1380
27,MAHARASHTRA,508,Gadchiroli,Total,1072942,927411,21063,3872,681,82695,454,30047,6719
27,MAHARASHTRA,508,Gadchiroli,Rural,954909,837917,10450,3409,358,66745,250,29655,6125
27,MAHARASHTRA,508,Gadchiroli,Urban,118033,89494,10613,463,323,15950,204,392,594
27,MAHARASHTRA,509,Chandrapur,Total,2204307,1780085,92297,10701,5251,286734,3861,23188,2190
27,MAHARASHTRA,509,Chandrapur,Rural,1428929,1218996,22206,2509,1538,161095,749,20233,1603
27,MAHARASHTRA,509,Chandrapur,Urban,775378,561089,70091,8192,3713,125639,3112,2955,587
27,MAHARASHTRA,510,Yavatmal,Total,2772348,2251401,239236,4567,1596,249874,11422,3745,10507
27,MAHARASHTRA,510,Yavatmal,Rural,2174195,1851751,110567,2322,1000,192001,3679,3404,9471
27,MAHARASHTRA,510,Yavatmal,Urban,598153,399650,128669,2245,596,57873,7743,341,1036
27,MAHARASHTRA,511,Nanded,Total,3361292,2501741,471951,3902,13540,354189,5049,1273,9647
27,MAHARASHTRA,511,Nanded,Rural,2447394,2016305,186377,1838,2037,230409,1289,905,8234
27,MAHARASHTRA,511,Nanded,Urban,913898,485436,285574,2064,11503,123780,3760,368,1413
27,MAHARASHTRA,512,Hingoli,Total,1177345,863199,127552,992,643,176679,5278,103,2899
27,MAHARASHTRA,512,Hingoli,Rural,998612,773529,61471,661,424,157088,2650,76,2713
27,MAHARASHTRA,512,Hingoli,Urban,178733,89670,66081,331,219,19591,2628,27,186
27,MAHARASHTRA,513,Parbhani,Total,1836086,1328385,306364,2081,1371,187899,6238,262,3486
27,MAHARASHTRA,513,Parbhani,Rural,1266280,1051517,86561,899,478,123803,1349,47,1626
27,MAHARASHTRA,513,Parbhani,Urban,569806,276868,219803,1182,893,64096,4889,215,1860
27,MAHARASHTRA,514,Jalna,Total,1959046,1504641,274221,12542,1629,152540,9619,336,3518
27,MAHARASHTRA,514,Jalna,Rural,1581617,1279298,163998,4344,748,127475,3480,146,2128
27,MAHARASHTRA,514,Jalna,Urban,377429,225343,110223,8198,881,25065,6139,190,1390
27,MAHARASHTRA,515,Aurangabad,Total,3701282,2545438,786677,15991,5142,309093,30981,1005,6955
27,MAHARASHTRA,515,Aurangabad,Rural,2081112,1660158,310027,2501,790,96536,6496,348,4256
27,MAHARASHTRA,515,Aurangabad,Urban,1620170,885280,476650,13490,4352,212557,24485,657,2699
27,MAHARASHTRA,516,Nashik,Total,6107187,5237009,693052,23946,8912,94783,38212,1795,9478
27,MAHARASHTRA,516,Nashik,Rural,3509814,3410367,60696,2758,870,22462,6928,399,5334
27,MAHARASHTRA,516,Nashik,Urban,2597373,1826642,632356,21188,8042,72321,31284,1396,4144
27,MAHARASHTRA,517,Thane,Total,11060148,8716055,1355630,280700,39149,449617,172052,9862,37083
27,MAHARASHTRA,517,Thane,Rural,2545470,2405284,51634,16982,1288,56684,3589,870,9139
27,MAHARASHTRA,517,Thane,Urban,8514678,6310771,1303996,263718,37861,392933,168463,8992,27944
27,MAHARASHTRA,518,Mumbai Suburban,Total,9356962,6337132,1795788,322476,47288,469568,343639,18345,22726
27,MAHARASHTRA,518,Mumbai Suburban,Rural,0,0,0,0,0,0,0,0,0
27,MAHARASHTRA,518,Mumbai Suburban,Urban,9356962,6337132,1795788,322476,47288,469568,343639,18345,22726
27,MAHARASHTRA,519,Mumbai,Total,3085411,1873762,773173,84555,13471,134257,166000,31094,9099
27,MAHARASHTRA,519,Mumbai,Rural,0,0,0,0,0,0,0,0,0
27,MAHARASHTRA,519,Mumbai,Urban,3085411,1873762,773173,84555,13471,134257,166000,31094,9099
27,MAHARASHTRA,520,Raigarh,Total,2634200,2239370,227465,17452,7477,121791,12260,1159,7226
27,MAHARASHTRA,520,Raigarh,Rural,1664005,1472903,112532,4055,818,67524,2098,325,3750
27,MAHARASHTRA,520,Raigarh,Urban,970195,766467,114933,13397,6659,54267,10162,834,3476
27,MAHARASHTRA,521,Pune,Total,9429408,8090254,673704,134192,27090,340404,127786,9873,26105
27,MAHARASHTRA,521,Pune,Rural,3678226,3441947,110986,9407,2361,91299,11874,947,9405
27,MAHARASHTRA,521,Pune,Urban,5751182,4648307,562718,124785,24729,249105,115912,8926,16700
27,MAHARASHTRA,522,Ahmadnagar,Total,4543159,4107143,320743,22766,5431,33898,38718,1408,13052
27,MAHARASHTRA,522,Ahmadnagar,Rural,3630542,3399231,175708,8885,1329,23317,12112,349,9611
27,MAHARASHTRA,522,Ahmadnagar,Urban,912617,707912,145035,13881,4102,10581,26606,1059,3441
27,MAHARASHTRA,523,Bid,Total,2585049,2174672,320395,2097,824,68482,8719,399,9461
27,MAHARASHTRA,523,Bid,Rural,2070751,1864852,151692,1203,499,43355,3356,135,5659
27,MAHARASHTRA,523,Bid,Urban,514298,309820,168703,894,325,25127,5363,264,3802
27,MAHARASHTRA,524,Latur,Total,2454196,2006984,367664,2387,935,66535,6387,310,2994
27,MAHARASHTRA,524,Latur,Rural,1829216,1586546,195892,1247,430,40626,2585,115,1775
27,MAHARASHTRA,524,Latur,Urban,624980,420438,171772,1140,505,25909,3802,195,1219
27,MAHARASHTRA,525,Osmanabad,Total,1657576,1437623,178925,942,340,28216,4530,195,6805
27,MAHARASHTRA,525,Osmanabad,Rural,1376519,1238444,111227,555,217,17686,2523,79,5788
27,MAHARASHTRA,525,Osmanabad,Urban,281057,199179,67698,387,123,10530,2007,116,1017
27,MAHARASHTRA,526,Solapur,Total,4317756,3795424,441254,9882,1279,35497,28134,568,5718
27,MAHARASHTRA,526,Solapur,Rural,2918665,2712011,176641,1709,526,15005,9319,203,3251
27,MAHARASHTRA,526,Solapur,Urban,1399091,1083413,264613,8173,753,20492,18815,365,2467
27,MAHARASHTRA,527,Satara,Total,3003741,2691952,146970,4408,1182,141315,12810,676,4428
27,MAHARASHTRA,527,Satara,Rural,2433363,2235990,77536,1994,773,110814,3109,198,2949
27,MAHARASHTRA,527,Satara,Urban,570378,455962,69434,2414,409,30501,9701,478,1479
27,MAHARASHTRA,528,Ratnagiri,Total,1615069,1307211,187197,1990,230,113467,3347,95,1532
27,MAHARASHTRA,528,Ratnagiri,Rural,1351346,1128657,115586,1081,111,102933,1616,56,1306
27,MAHARASHTRA,528,Ratnagiri,Urban,263723,178554,71611,909,119,10534,1731,39,226
27,MAHARASHTRA,529,Sindhudurg,Total,849651,780384,26264,15471,219,24762,1046,53,1452
27,MAHARASHTRA,529,Sindhudurg,Rural,742645,689100,17707,11348,157,22315,828,34,1156
27,MAHARASHTRA,529,Sindhudurg,Urban,107006,91284,8557,4123,62,2447,218,19,296
27,MAHARASHTRA,530,Kolhapur,Total,3876001,3379906,286558,15573,1570,29766,154882,1274,6472
27,MAHARASHTRA,530,Kolhapur,Rural,2645992,2378442,131071,7705,656,21815,102231,355,3717
27,MAHARASHTRA,530,Kolhapur,Urban,1230009,1001464,155487,7868,914,7951,52651,919,2755
27,MAHARASHTRA,531,Sangli,Total,2822143,2440312,239607,9098,1260,38210,87453,769,5434
27,MAHARASHTRA,531,Sangli,Rural,2102786,1901788,109832,1537,463,27180,58300,194,3492
27,MAHARASHTRA,531,Sangli,Urban,719357,538524,129775,7561,797,11030,29153,575,1942
28,ANDHRA PRADESH,532,Adilabad,Total,2741239,2399901,275970,15422,1377,25510,617,322,22120
28,ANDHRA PRADESH,532,Adilabad,Rural,1980980,1831741,106059,7185,623,19209,269,212,15682
28,ANDHRA PRADESH,532,Adilabad,Urban,760259,568160,169911,8237,754,6301,348,110,6438
28,ANDHRA PRADESH,533,Nizamabad,Total,2551335,2123426,391596,19653,2357,1847,542,146,11768
28,ANDHRA PRADESH,533,Nizamabad,Rural,1962963,1757997,181916,12512,951,672,176,118,8621
28,ANDHRA PRADESH,533,Nizamabad,Urban,588372,365429,209680,7141,1406,1175,366,28,3147
28,ANDHRA PRADESH,534,Karimnagar,Total,3776269,3491139,244723,24979,2086,332,312,115,12583
28,ANDHRA PRADESH,534,Karimnagar,Rural,2825044,2710845,89768,14253,468,188,201,90,9231
28,ANDHRA PRADESH,534,Karimnagar,Urban,951225,780294,154955,10726,1618,144,111,25,3352
28,ANDHRA PRADESH,535,Medak,Total,3033288,2637313,342449,34301,1309,554,457,217,16688
28,ANDHRA PRADESH,535,Medak,Rural,2305417,2080740,195990,17917,463,398,267,138,9504
28,ANDHRA PRADESH,535,Medak,Urban,727871,556573,146459,16384,846,156,190,79,7184
28,ANDHRA PRADESH,536,Hyderabad,Total,3943323,2046051,1713405,87522,11446,1268,19560,1929,62142
28,ANDHRA PRADESH,536,Hyderabad,Rural,0,0,0,0,0,0,0,0,0
28,ANDHRA PRADESH,536,Hyderabad,Urban,3943323,2046051,1713405,87522,11446,1268,19560,1929,62142
28,ANDHRA PRADESH,537,Rangareddy,Total,5296741,4458858,617518,144037,8062,2041,3536,1629,61060
28,ANDHRA PRADESH,537,Rangareddy,Rural,1577569,1428507,126097,13836,597,455,289,135,7653
28,ANDHRA PRADESH,537,Rangareddy,Urban,3719172,3030351,491421,130201,7465,1586,3247,1494,53407
28,ANDHRA PRADESH,538,Mahbubnagar,Total,4053028,3673456,334172,21345,658,290,388,267,22452
28,ANDHRA PRADESH,538,Mahbubnagar,Rural,3445336,3226897,186554,12454,381,226,307,227,18290
28,ANDHRA PRADESH,538,Mahbubnagar,Urban,607692,446559,147618,8891,277,64,81,40,4162
28,ANDHRA PRADESH,539,Nalgonda,Total,3488809,3249231,188646,35025,937,241,250,132,14347
28,ANDHRA PRADESH,539,Nalgonda,Rural,2826302,2691256,98497,24664,496,170,202,97,10920
28,ANDHRA PRADESH,539,Nalgonda,Urban,662507,557975,90149,10361,441,71,48,35,3427
28,ANDHRA PRADESH,540,Warangal,Total,3512576,3273755,197333,31377,1453,253,569,126,7710
28,ANDHRA PRADESH,540,Warangal,Rural,2520243,2428878,70585,15559,219,129,158,75,4640
28,ANDHRA PRADESH,540,Warangal,Urban,992333,844877,126748,15818,1234,124,411,51,3070
28,ANDHRA PRADESH,541,Khammam,Total,2797370,2595321,158887,33463,655,217,459,539,7829
28,ANDHRA PRADESH,541,Khammam,Rural,2141459,2036386,77793,20130,278,152,272,466,5982
28,ANDHRA PRADESH,541,Khammam,Urban,655911,558935,81094,13333,377,65,187,73,1847
28,ANDHRA PRADESH,542,Srikakulam,Total,2703114,2666950,9025,18879,193,77,160,106,7724
28,ANDHRA PRADESH,542,Srikakulam,Rural,2266411,2241253,3457,14744,121,54,98,75,6609
28,ANDHRA PRADESH,542,Srikakulam,Urban,436703,425697,5568,4135,72,23,62,31,1115
28,ANDHRA PRADESH,543,Vizianagaram,Total,2344474,2299129,16423,17853,380,114,815,183,9577
28,ANDHRA PRADESH,543,Vizianagaram,Rural,1853563,1828184,5686,11969,147,69,116,132,7260
28,ANDHRA PRADESH,543,Vizianagaram,Urban,490911,470945,10737,5884,233,45,699,51,2317
28,ANDHRA PRADESH,544,Visakhapatnam,Total,4290589,4105320,86330,77607,2301,850,2316,286,15579
28,ANDHRA PRADESH,544,Visakhapatnam,Rural,2254667,2214148,13208,20018,466,196,178,81,6372
28,ANDHRA PRADESH,544,Visakhapatnam,Urban,2035922,1891172,73122,57589,1835,654,2138,205,9207
28,ANDHRA PRADESH,545,East Godavari,Total,5154296,4983330,77777,77825,738,413,4149,403,9661
28,ANDHRA PRADESH,545,East Godavari,Rural,3840324,3757148,30912,45596,258,259,286,315,5550
28,ANDHRA PRADESH,545,East Godavari,Urban,1313972,1226182,46865,32229,480,154,3863,88,4111
28,ANDHRA PRADESH,546,West Godavari,Total,3936966,3733191,86142,109120,288,209,1578,211,6227
28,ANDHRA PRADESH,546,West Godavari,Rural,3128189,2993945,46218,83227,164,118,138,142,4237
28,ANDHRA PRADESH,546,West Godavari,Urban,808777,739246,39924,25893,124,91,1440,69,1990
28,ANDHRA PRADESH,547,Krishna,Total,4517398,4023678,307043,145598,1393,863,6320,906,31597
28,ANDHRA PRADESH,547,Krishna,Rural,2673738,2459683,121259,79937,303,366,221,255,11714
28,ANDHRA PRADESH,547,Krishna,Urban,1843660,1563995,185784,65661,1090,497,6099,651,19883
28,ANDHRA PRADESH,548,Guntur,Total,4887813,4217597,559770,89763,764,323,3282,332,15982
28,ANDHRA PRADESH,548,Guntur,Rural,3235075,2901415,276067,48107,376,133,314,158,8505
28,ANDHRA PRADESH,548,Guntur,Urban,1652738,1316182,283703,41656,388,190,2968,174,7477
28,ANDHRA PRADESH,549,Prakasam,Total,3397448,3150195,220654,18775,266,97,204,206,7051
28,ANDHRA PRADESH,549,Prakasam,Rural,2732866,2594123,122842,10313,165,56,152,118,5097
28,ANDHRA PRADESH,549,Prakasam,Urban,664582,556072,97812,8462,101,41,52,88,1954
28,ANDHRA PRADESH,550,Sri Potti Sriramulu Nellore,Total,2963557,2639737,288378,26202,678,239,2610,146,5567
28,ANDHRA PRADESH,550,Sri Potti Sriramulu Nellore,Rural,2105927,1945178,144493,12045,291,151,170,77,3522
28,ANDHRA PRADESH,550,Sri Potti Sriramulu Nellore,Urban,857630,694559,143885,14157,387,88,2440,69,2045
28,ANDHRA PRADESH,551,Y.S.R.,Total,2882469,2391231,454108,23281,367,105,751,245,12381
28,ANDHRA PRADESH,551,Y.S.R.,Rural,1903337,1696661,189598,10225,141,61,167,150,6334
28,ANDHRA PRADESH,551,Y.S.R.,Urban,979132,694570,264510,13056,226,44,584,95,6047
28,ANDHRA PRADESH,552,Kurnool,Total,4053463,3328380,670737,33165,737,255,2235,434,17520
28,ANDHRA PRADESH,552,Kurnool,Rural,2904177,2530585,350948,10731,297,147,441,223,10805
28,ANDHRA PRADESH,552,Kurnool,Urban,1149286,797795,319789,22434,440,108,1794,211,6715
28,ANDHRA PRADESH,553,Anantapur,Total,4081148,3599372,443456,20463,932,341,1417,309,14858
28,ANDHRA PRADESH,553,Anantapur,Rural,2935437,2747520,168775,7104,392,187,399,185,10875
28,ANDHRA PRADESH,553,Anantapur,Urban,1145711,851852,274681,13359,540,154,1018,124,3983
28,ANDHRA PRADESH,554,Chittoor,Total,4174064,3737588,397870,24129,867,253,1322,358,11677
28,ANDHRA PRADESH,554,Chittoor,Rural,2942678,2690431,232578,9738,318,158,343,241,8871
28,ANDHRA PRADESH,554,Chittoor,Urban,1231386,1047157,165292,14391,549,95,979,117,2806
29,KARNATAKA,555,Belgaum,Total,4779661,4038331,528412,18418,2037,1086,178310,149,12918
29,KARNATAKA,555,Belgaum,Rural,3568466,3144075,270294,6774,804,629,138274,68,7548
29,KARNATAKA,555,Belgaum,Urban,1211195,894256,258118,11644,1233,457,40036,81,5370
29,KARNATAKA,556,Bagalkot,Total,1889752,1634229,219991,3433,443,412,25198,166,5880
29,KARNATAKA,556,Bagalkot,Rural,1291906,1183515,84445,2245,191,270,19193,68,1979
29,KARNATAKA,556,Bagalkot,Urban,597846,450714,135546,1188,252,142,6005,98,3901
29,KARNATAKA,557,Bijapur,Total,2177331,1786830,369588,2433,558,374,8665,499,8384
29,KARNATAKA,557,Bijapur,Rural,1675353,1460808,204153,1172,255,174,3630,192,4969
29,KARNATAKA,557,Bijapur,Urban,501978,326022,165435,1261,303,200,5035,307,3415
29,KARNATAKA,558,Bidar,Total,1703300,1289709,335184,35438,1145,30453,680,521,10170
29,KARNATAKA,558,Bidar,Rural,1277348,1044700,185266,18081,332,22562,296,405,5706
29,KARNATAKA,558,Bidar,Urban,425952,245009,149918,17357,813,7891,384,116,4464
29,KARNATAKA,559,Raichur,Total,1928812,1634062,272022,10394,538,2265,4156,29,5346
29,KARNATAKA,559,Raichur,Rural,1438464,1301217,126535,5103,279,1798,325,21,3186
29,KARNATAKA,559,Raichur,Urban,490348,332845,145487,5291,259,467,3831,8,2160
29,KARNATAKA,560,Koppal,Total,1389920,1218024,161770,4081,296,85,2898,461,2305
29,KARNATAKA,560,Koppal,Rural,1156216,1059256,92022,1887,147,60,1025,214,1605
29,KARNATAKA,560,Koppal,Urban,233704,158768,69748,2194,149,25,1873,247,700
29,KARNATAKA,561,Gadag,Total,1064570,907750,143665,3432,231,79,5993,74,3346
29,KARNATAKA,561,Gadag,Rural,685261,622471,57861,491,127,38,2565,29,1679
29,KARNATAKA,561,Gadag,Urban,379309,285279,85804,2941,104,41,3428,45,1667
29,KARNATAKA,562,Dharwad,Total,1847023,1390020,386834,28747,1486,715,29037,2748,7436
29,KARNATAKA,562,Dharwad,Rural,797484,680335,100888,1302,141,56,12493,366,1903
29,KARNATAKA,562,Dharwad,Urban,1049539,709685,285946,27445,1345,659,16544,2382,5533
29,KARNATAKA,563,Uttara Kannada,Total,1437169,1187306,187974,44530,305,12804,3624,64,562
29,KARNATAKA,563,Uttara Kannada,Rural,1018188,895558,82809,26979,202,9317,2923,26,374
29,KARNATAKA,563,Uttara Kannada,Urban,418981,291748,105165,17551,103,3487,701,38,188
29,KARNATAKA,564,Haveri,Total,1597668,1281878,297927,2406,419,68,9834,702,4434
29,KARNATAKA,564,Haveri,Rural,1242167,1054569,175563,1092,203,49,7691,399,2601
29,KARNATAKA,564,Haveri,Urban,355501,227309,122364,1314,216,19,2143,303,1833
29,KARNATAKA,565,Bellary,Total,2452595,2103633,320834,14014,1029,284,8044,54,4703
29,KARNATAKA,565,Bellary,Rural,1532356,1426346,99862,2576,294,83,1184,23,1988
29,KARNATAKA,565,Bellary,Urban,920239,677287,220972,11438,735,201,6860,31,2715
29,KARNATAKA,566,Chitradurga,Total,1659456,1520553,128751,3175,322,84,3778,128,2665
29,KARNATAKA,566,Chitradurga,Rural,1329923,1280083,45894,1022,210,39,426,57,2192
29,KARNATAKA,566,Chitradurga,Urban,329533,240470,82857,2153,112,45,3352,71,473
29,KARNATAKA,567,Davanagere,Total,1945497,1658465,265805,5420,307,164,6417,1743,7176
29,KARNATAKA,567,Davanagere,Rural,1316487,1211678,96168,1374,145,53,1125,1017,4927
29,KARNATAKA,567,Davanagere,Urban,629010,446787,169637,4046,162,111,5292,726,2249
29,KARNATAKA,568,Shimoga,Total,1752753,1479424,234664,26521,400,120,9234,367,2023
29,KARNATAKA,568,Shimoga,Rural,1129026,1025414,89709,7644,110,51,4782,141,1175
29,KARNATAKA,568,Shimoga,Urban,623727,454010,144955,18877,290,69,4452,226,848
29,KARNATAKA,569,Udupi,Total,1177361,1009179,96740,65838,232,161,4534,155,522
29,KARNATAKA,569,Udupi,Rural,843300,738212,57326,43605,109,75,3584,125,264
29,KARNATAKA,569,Udupi,Urban,334061,270967,39414,22233,123,86,950,30,258
29,KARNATAKA,570,Chikmagalur,Total,1137961,1004553,101235,26000,182,109,4710,4,1168
29,KARNATAKA,570,Chikmagalur,Rural,898453,826147,48858,19560,96,72,2698,4,1018
29,KARNATAKA,570,Chikmagalur,Urban,239508,178406,52377,6440,86,37,2012,0,150
29,KARNATAKA,571,Tumkur,Total,2678980,2413812,245923,9130,477,187,5067,161,4223
29,KARNATAKA,571,Tumkur,Rural,2079902,1977629,96318,2256,236,64,1630,87,1682
29,KARNATAKA,571,Tumkur,Urban,599078,436183,149605,6874,241,123,3437,74,2541
29,KARNATAKA,572,Bangalore,Total,9621551,7725070,1248294,504863,13254,5531,83090,498,40951
29,KARNATAKA,572,Bangalore,Rural,871607,803468,40692,23024,530,321,661,11,2900
29,KARNATAKA,572,Bangalore,Urban,8749944,6921602,1207602,481839,12724,5210,82429,487,38051
29,KARNATAKA,573,Mandya,Total,1805769,1712695,77801,8506,322,299,3607,109,2430
29,KARNATAKA,573,Mandya,Rural,1497407,1463477,27341,3514,212,220,1073,95,1475
29,KARNATAKA,573,Mandya,Urban,308362,249218,50460,4992,110,79,2534,14,955
29,KARNATAKA,574,Hassan,Total,1776421,1630814,120011,15611,289,623,5820,3,3250
29,KARNATAKA,574,Hassan,Rural,1399658,1343855,41413,9744,146,410,1365,2,2723
29,KARNATAKA,574,Hassan,Urban,376763,286959,78598,5867,143,213,4455,1,527
29,KARNATAKA,575,Dakshina Kannada,Total,2089649,1403854,501896,171398,525,445,10397,138,996
29,KARNATAKA,575,Dakshina Kannada,Rural,1093563,786615,230678,68110,77,134,7617,120,212
29,KARNATAKA,575,Dakshina Kannada,Urban,996086,617239,271218,103288,448,311,2780,18,784
29,KARNATAKA,576,Kodagu,Total,554519,448986,87274,17130,139,126,250,220,394
29,KARNATAKA,576,Kodagu,Rural,473531,392012,67636,13119,88,86,101,168,321
29,KARNATAKA,576,Kodagu,Urban,80988,56974,19638,4011,51,40,149,52,73
29,KARNATAKA,577,Mysore,Total,3001127,2631985,290549,39361,1255,16194,14419,493,6871
29,KARNATAKA,577,Mysore,Rural,1755714,1678759,47523,8101,365,15496,2443,280,2747
29,KARNATAKA,577,Mysore,Urban,1245413,953226,243026,31260,890,698,11976,213,4124
29,KARNATAKA,578,Chamarajanagar,Total,1020791,942071,47210,22183,136,4872,761,140,3418
29,KARNATAKA,578,Chamarajanagar,Rural,845817,800409,18189,19253,106,4681,245,109,2825
29,KARNATAKA,578,Chamarajanagar,Urban,174974,141662,29021,2930,30,191,516,31,593
29,KARNATAKA,579,Gulbarga,Total,2566326,2011014,513125,8344,826,9589,4865,330,18233
29,KARNATAKA,579,Gulbarga,Rural,1730775,1493923,219305,3362,337,5755,1533,292,6268
29,KARNATAKA,579,Gulbarga,Urban,835551,517091,293820,4982,489,3834,3332,38,11965
29,KARNATAKA,580,Yadgir,Total,1174271,997974,155340,8677,331,7970,1519,996,1464
29,KARNATAKA,580,Yadgir,Rural,953594,846848,90406,6949,241,7136,275,529,1210
29,KARNATAKA,580,Yadgir,Urban,220677,151126,64934,1728,90,834,1244,467,254
29,KARNATAKA,581,Kolar,Total,1536401,1305431,199873,26722,253,150,2494,92,1386
29,KARNATAKA,581,Kolar,Rural,1056328,989169,63163,2768,152,34,64,62,916
29,KARNATAKA,581,Kolar,Urban,480073,316262,136710,23954,101,116,2430,30,470
29,KARNATAKA,582,Chikkaballapura,Total,1255104,1100131,147810,4684,264,85,975,77,1078
29,KARNATAKA,582,Chikkaballapura,Rural,973985,916603,53838,2036,122,40,519,59,768
29,KARNATAKA,582,Chikkaballapura,Urban,281119,183528,93972,2648,142,45,456,18,310
29,KARNATAKA,583,Bangalore Rural,Total,990923,890429,92252,5368,389,272,1045,85,1083
29,KARNATAKA,583,Bangalore Rural,Rural,722179,670988,47165,2558,215,214,195,59,785
29,KARNATAKA,583,Bangalore Rural,Urban,268744,219441,45087,2810,174,58,850,26,298
29,KARNATAKA,584,Ramanagara,Total,1082636,959260,114311,6390,383,104,859,57,1272
29,KARNATAKA,584,Ramanagara,Rural,814877,786902,22468,3718,282,52,427,43,985
29,KARNATAKA,584,Ramanagara,Urban,267759,172358,91843,2672,101,52,432,14,287
30,GOA,585,North Goa,Total,818008,622213,57941,134169,618,553,546,166,1802
30,GOA,585,North Goa,Rural,324927,272838,11325,39540,174,158,81,42,769
30,GOA,585,North Goa,Urban,493081,349375,46616,94629,444,395,465,124,1033
30,GOA,586,South Goa,Total,640537,341664,63623,231961,855,542,563,92,1237
30,GOA,586,South Goa,Rural,226804,121306,9135,95407,186,175,39,26,530
30,GOA,586,South Goa,Urban,413733,220358,54488,136554,669,367,524,66,707
31,LAKSHADWEEP,587,Lakshadweep,Total,64473,1788,62268,317,8,10,11,7,64
31,LAKSHADWEEP,587,Lakshadweep,Rural,14141,324,13766,27,0,0,4,0,20
31,LAKSHADWEEP,587,Lakshadweep,Urban,50332,1464,48502,290,8,10,7,7,44
32,KERALA,588,Kasaragod,Total,1307375,729987,486913,87454,151,362,130,152,2226
32,KERALA,588,Kasaragod,Rural,798328,471139,246736,78697,98,310,65,107,1176
32,KERALA,588,Kasaragod,Urban,509047,258848,240177,8757,53,52,65,45,1050
32,KERALA,589,Kannur,Total,2523003,1509592,742483,262526,424,1118,193,722,5945
32,KERALA,589,Kannur,Rural,882017,456960,193892,228044,124,886,81,386,1644
32,KERALA,589,Kannur,Urban,1640986,1052632,548591,34482,300,232,112,336,4301
32,KERALA,590,Wayanad,Total,817420,404460,234185,174453,61,312,1797,286,1866
32,KERALA,590,Wayanad,Rural,785840,389386,221886,170619,61,303,1516,253,1816
32,KERALA,590,Wayanad,Urban,31580,15074,12299,3834,0,9,281,33,50
32,KERALA,591,Kozhikode,Total,3086293,1734958,1211131,131516,297,235,601,588,6967
32,KERALA,591,Kozhikode,Rural,1013721,484566,432193,94380,79,139,49,116,2199
32,KERALA,591,Kozhikode,Urban,2072572,1250392,778938,37136,218,96,552,472,4768
32,KERALA,592,Malappuram,Total,4112920,1135259,2888849,81556,205,179,68,579,6225
32,KERALA,592,Malappuram,Rural,2295709,640389,1586959,64042,117,70,43,351,3738
32,KERALA,592,Malappuram,Urban,1817211,494870,1301890,17514,88,109,25,228,2487
32,KERALA,593,Palakkad,Total,2809934,1875980,812936,114397,220,238,78,400,5685
32,KERALA,593,Palakkad,Rural,2133124,1430115,603704,93730,159,218,62,303,4833
32,KERALA,593,Palakkad,Urban,676810,445865,209232,20667,61,20,16,97,852
32,KERALA,594,Thrissur,Total,3121200,1823442,532839,757484,259,278,62,585,6251
32,KERALA,594,Thrissur,Rural,1024794,619731,161119,242012,103,84,13,147,1585
32,KERALA,594,Thrissur,Urban,2096406,1203711,371720,515472,156,194,49,438,4666
32,KERALA,595,Ernakulam,Total,3282388,1509557,514397,1248137,860,614,1176,1083,6564
32,KERALA,595,Ernakulam,Rural,1048025,470799,98422,476725,117,189,34,222,1517
32,KERALA,595,Ernakulam,Urban,2234363,1038758,415975,771412,743,425,1142,861,5047
32,KERALA,596,Idukki,Total,1108974,541854,82206,481507,100,189,44,384,2690
32,KERALA,596,Idukki,Rural,1056929,522277,65527,465868,94,172,43,363,2585
32,KERALA,596,Idukki,Urban,52045,19577,16679,15639,6,17,1,21,105
32,KERALA,597,Kottayam,Total,1974551,983598,126499,858608,204,358,83,565,4636
32,KERALA,597,Kottayam,Rural,1409158,714874,64435,625946,141,283,55,352,3072
32,KERALA,597,Kottayam,Urban,565393,268724,62064,232662,63,75,28,213,1564
32,KERALA,598,Alappuzha,Total,2127789,1460447,224545,435056,268,146,74,311,6942
32,KERALA,598,Alappuzha,Rural,979643,679055,70292,226521,171,80,18,141,3365
32,KERALA,598,Alappuzha,Urban,1148146,781392,154253,208535,97,66,56,170,3577
32,KERALA,599,Pathanamthitta,Total,1197412,681666,55074,456404,153,150,44,262,3659
32,KERALA,599,Pathanamthitta,Rural,1065799,618295,40667,403003,136,138,37,230,3293
32,KERALA,599,Pathanamthitta,Urban,131613,63371,14407,53401,17,12,7,32,366
32,KERALA,600,Kollam,Total,2635375,1697635,508500,421598,208,272,63,619,6480
32,KERALA,600,Kollam,Rural,1448217,962671,227880,253686,114,188,37,201,3440
32,KERALA,600,Kollam,Urban,1187158,734964,280620,167912,94,84,26,418,3040
32,KERALA,601,Thiruvananthapuram,Total,3301427,2194057,452915,630573,404,301,76,1082,22019
32,KERALA,601,Thiruvananthapuram,Rural,1529831,948591,238075,332391,115,164,26,405,10064
32,KERALA,601,Thiruvananthapuram,Urban,1771596,1245466,214840,298182,289,137,50,677,11955
33,TAMIL NADU,602,Thiruvallur,Total,3728104,3325823,143093,233633,1422,951,3693,530,18959
33,TAMIL NADU,602,Thiruvallur,Rural,1299709,1225502,26388,43410,206,145,181,62,3815
33,TAMIL NADU,602,Thiruvallur,Urban,2428395,2100321,116705,190223,1216,806,3512,468,15144
33,TAMIL NADU,603,Chennai,Total,4646732,3751322,439270,358662,2851,2804,51708,1759,38356
33,TAMIL NADU,603,Chennai,Rural,0,0,0,0,0,0,0,0,0
33,TAMIL NADU,603,Chennai,Urban,4646732,3751322,439270,358662,2851,2804,51708,1759,38356
33,TAMIL NADU,604,Kancheepuram,Total,3998252,3537399,173785,256762,1620,990,4962,756,21978
33,TAMIL NADU,604,Kancheepuram,Rural,1459916,1362994,26708,62762,282,178,315,201,6476
33,TAMIL NADU,604,Kancheepuram,Urban,2538336,2174405,147077,194000,1338,812,4647,555,15502
33,TAMIL NADU,605,Vellore,Total,3936331,3397857,414760,111390,676,438,3514,251,7445
33,TAMIL NADU,605,Vellore,Rural,2234344,2132774,54726,43375,255,102,278,102,2732
33,TAMIL NADU,605,Vellore,Urban,1701987,1265083,360034,68015,421,336,3236,149,4713
33,TAMIL NADU,606,Tiruvannamalai,Total,2464875,2294369,91636,66987,232,157,7898,110,3486
33,TAMIL NADU,606,Tiruvannamalai,Rural,1969930,1875296,36918,50230,174,72,5037,82,2121
33,TAMIL NADU,606,Tiruvannamalai,Urban,494945,419073,54718,16757,58,85,2861,28,1365
33,TAMIL NADU,607,Viluppuram,Total,3458873,3174941,133896,138279,325,238,4032,278,6884
33,TAMIL NADU,607,Viluppuram,Rural,2939785,2748837,64066,118422,200,165,2265,211,5619
33,TAMIL NADU,607,Viluppuram,Urban,519088,426104,69830,19857,125,73,1767,67,1265
33,TAMIL NADU,608,Salem,Total,3482056,3326357,95487,53841,412,174,992,246,4547
33,TAMIL NADU,608,Salem,Rural,1707934,1683726,8196,14453,111,55,25,75,1293
33,TAMIL NADU,608,Salem,Urban,1774122,1642631,87291,39388,301,119,967,171,3254
33,TAMIL NADU,609,Namakkal,Total,1726601,1673652,32483,16909,183,108,84,199,2983
33,TAMIL NADU,609,Namakkal,Rural,1030476,1009301,10278,8141,100,83,65,161,2347
33,TAMIL NADU,609,Namakkal,Urban,696125,664351,22205,8768,83,25,19,38,636
33,TAMIL NADU,610,Erode,Total,2251744,2115455,76098,55899,435,148,639,157,2913
33,TAMIL NADU,610,Erode,Rural,1093768,1062525,9481,19886,152,55,41,67,1561
33,TAMIL NADU,610,Erode,Urban,1157976,1052930,66617,36013,283,93,598,90,1352
33,TAMIL NADU,611,The Nilgiris,Total,735394,569477,78452,84610,338,382,910,87,1138
33,TAMIL NADU,611,The Nilgiris,Rural,299739,258102,20509,20416,53,56,40,17,546
33,TAMIL NADU,611,The Nilgiris,Urban,435655,311375,57943,64194,285,326,870,70,592
33,TAMIL NADU,612,Dindigul,Total,2159775,1879494,105012,169945,313,256,71,138,4546
33,TAMIL NADU,612,Dindigul,Rural,1351735,1226289,29572,92288,170,96,30,86,3204
33,TAMIL NADU,612,Dindigul,Urban,808040,653205,75440,77657,143,160,41,52,1342
33,TAMIL NADU,613,Karur,Total,1064493,993666,53292,16483,115,29,7,79,822
33,TAMIL NADU,613,Karur,Rural,629976,611828,9945,7612,42,11,3,35,500
33,TAMIL NADU,613,Karur,Urban,434517,381838,43347,8871,73,18,4,44,322
33,TAMIL NADU,614,Tiruchirappalli,Total,2722290,2279413,190964,246156,324,250,628,253,4302
33,TAMIL NADU,614,Tiruchirappalli,Rural,1384257,1246567,29196,106655,107,106,33,94,1499
33,TAMIL NADU,614,Tiruchirappalli,Urban,1338033,1032846,161768,139501,217,144,595,159,2803
33,TAMIL NADU,615,Perambalur,Total,565223,521658,32702,10301,83,39,38,26,376
33,TAMIL NADU,615,Perambalur,Rural,468060,445128,14857,7639,71,35,31,7,292
33,TAMIL NADU,615,Perambalur,Urban,97163,76530,17845,2662,12,4,7,19,84
33,TAMIL NADU,616,Ariyalur,Total,754894,708397,7942,37403,104,88,65,42,853
33,TAMIL NADU,616,Ariyalur,Rural,671100,637960,4232,28213,77,70,55,30,463
33,TAMIL NADU,616,Ariyalur,Urban,83794,70437,3710,9190,27,18,10,12,390
33,TAMIL NADU,617,Cuddalore,Total,2605914,2391675,123749,83334,401,236,1280,138,5101
33,TAMIL NADU,617,Cuddalore,Rural,1720725,1632394,33294,51568,185,79,100,61,3044
33,TAMIL NADU,617,Cuddalore,Urban,885189,759281,90455,31766,216,157,1180,77,2057
33,TAMIL NADU,618,Nagapattinam,Total,1616450,1435072,128617,47579,184,450,963,110,3475
33,TAMIL NADU,618,Nagapattinam,Rural,1251826,1140163,75980,32297,117,195,442,74,2558
33,TAMIL NADU,618,Nagapattinam,Urban,364624,294909,52637,15282,67,255,521,36,917
33,TAMIL NADU,619,Thiruvarur,Total,1264277,1132785,96092,33192,258,151,279,64,1456
33,TAMIL NADU,619,Thiruvarur,Rural,1006482,926303,51361,27237,165,132,96,38,1150
33,TAMIL NADU,619,Thiruvarur,Urban,257795,206482,44731,5955,93,19,183,26,306
33,TAMIL NADU,620,Thanjavur,Total,2405890,2075870,190814,133971,231,795,1256,148,2805
33,TAMIL NADU,620,Thanjavur,Rural,1554531,1392607,78621,79821,157,670,636,93,1926
33,TAMIL NADU,620,Thanjavur,Urban,851359,683263,112193,54150,74,125,620,55,879
33,TAMIL NADU,621,Pudukkottai,Total,1618345,1428784,114194,72850,119,81,32,293,1992
33,TAMIL NADU,621,Pudukkottai,Rural,1301991,1182872,60197,57210,76,70,26,243,1297
33,TAMIL NADU,621,Pudukkottai,Urban,316354,245912,53997,15640,43,11,6,50,695
33,TAMIL NADU,622,Sivaganga,Total,1339101,1186078,74310,75481,150,80,109,24,2869
33,TAMIL NADU,622,Sivaganga,Rural,926256,846522,19349,58268,91,58,43,16,1909
33,TAMIL NADU,622,Sivaganga,Urban,412845,339556,54961,17213,59,22,66,8,960
33,TAMIL NADU,623,Madurai,Total,3038252,2760502,168881,97711,520,199,1532,305,8602
33,TAMIL NADU,623,Madurai,Rural,1191451,1148814,28648,10523,194,67,37,60,3108
33,TAMIL NADU,623,Madurai,Urban,1846801,1611688,140233,87188,326,132,1495,245,5494
33,TAMIL NADU,624,Theni,Total,1245899,1148990,56751,37574,152,79,28,74,2251
33,TAMIL NADU,624,Theni,Rural,575418,550080,7363,16554,67,38,10,36,1270
33,TAMIL NADU,624,Theni,Urban,670481,598910,49388,21020,85,41,18,38,981
33,TAMIL NADU,625,Virudhunagar,Total,1942288,1822626,47838,67405,245,87,98,75,3914
33,TAMIL NADU,625,Virudhunagar,Rural,962062,918984,14206,26389,120,49,24,21,2269
33,TAMIL NADU,625,Virudhunagar,Urban,980226,903642,33632,41016,125,38,74,54,1645
33,TAMIL NADU,626,Ramanathapuram,Total,1353445,1047411,208038,91139,154,86,29,36,6552
33,TAMIL NADU,626,Ramanathapuram,Rural,942746,762742,102936,72426,84,72,18,19,4449
33,TAMIL NADU,626,Ramanathapuram,Urban,410699,284669,105102,18713,70,14,11,17,2103
33,TAMIL NADU,627,Thoothukkudi,Total,1750176,1373920,80740,291908,127,286,53,112,3030
33,TAMIL NADU,627,Thoothukkudi,Rural,873374,718081,22277,131124,65,108,18,14,1687
33,TAMIL NADU,627,Thoothukkudi,Urban,876802,655839,58463,160784,62,178,35,98,1343
33,TAMIL NADU,628,Tirunelveli,Total,3077233,2425630,303368,342254,268,373,144,450,4746
33,TAMIL NADU,628,Tirunelveli,Rural,1557004,1313009,48899,192173,138,205,43,418,2119
33,TAMIL NADU,628,Tirunelveli,Urban,1520229,1112621,254469,150081,130,168,101,32,2627
33,TAMIL NADU,629,Kanniyakumari,Total,1870374,909872,78590,876299,160,438,156,10,4849
33,TAMIL NADU,629,Kanniyakumari,Rural,330572,163428,6768,159208,27,103,28,4,1006
33,TAMIL NADU,629,Kanniyakumari,Urban,1539802,746444,71822,717091,133,335,128,6,3843
33,TAMIL NADU,630,Dharmapuri,Total,1506843,1452956,38304,14089,164,39,37,87,1167
33,TAMIL NADU,630,Dharmapuri,Rural,1245931,1221915,12361,10607,137,33,19,53,806
33,TAMIL NADU,630,Dharmapuri,Urban,260912,231041,25943,3482,27,6,18,34,361
33,TAMIL NADU,631,Krishnagiri,Total,1879809,1723737,115303,35956,468,121,373,221,3630
33,TAMIL NADU,631,Krishnagiri,Rural,1451446,1367670,61039,19064,245,82,97,150,3099
33,TAMIL NADU,631,Krishnagiri,Urban,428363,356067,54264,16892,223,39,276,71,531
33,TAMIL NADU,632,Coimbatore,Total,3458045,3044145,211035,190314,1112,435,3284,237,7483
33,TAMIL NADU,632,Coimbatore,Rural,839105,810879,11574,14059,168,55,27,31,2312
33,TAMIL NADU,632,Coimbatore,Urban,2618940,2233266,199461,176255,944,380,3257,206,5171
33,TAMIL NADU,633,Tiruppur,Total,2479052,2278835,123983,70015,455,198,371,119,5076
33,TAMIL NADU,633,Tiruppur,Rural,957941,924970,13877,16586,113,40,21,26,2308
33,TAMIL NADU,633,Tiruppur,Urban,1521111,1353865,110106,53429,342,158,350,93,2768
34,PUDUCHERRY,634,Yanam,Total,55626,53537,1191,873,3,1,4,4,13
34,PUDUCHERRY,634,Yanam,Rural,0,0,0,0,0,0,0,0,0
34,PUDUCHERRY,634,Yanam,Urban,55626,53537,1191,873,3,1,4,4,13
34,PUDUCHERRY,635,Puducherry,Total,950289,855294,32674,58328,245,366,1328,147,1907
34,PUDUCHERRY,635,Puducherry,Rural,293080,285348,4719,2679,71,20,31,33,179
34,PUDUCHERRY,635,Puducherry,Urban,657209,569946,27955,55649,174,346,1297,114,1728
34,PUDUCHERRY,636,Mahe,Total,41816,27940,12856,958,3,21,14,3,21
34,PUDUCHERRY,636,Mahe,Rural,0,0,0,0,0,0,0,0,0
34,PUDUCHERRY,636,Mahe,Urban,41816,27940,12856,958,3,21,14,3,21
34,PUDUCHERRY,637,Karaikal,Total,200222,152638,28835,18391,46,63,54,14,181
34,PUDUCHERRY,637,Karaikal,Rural,102120,85161,8413,8386,26,36,14,6,78
34,PUDUCHERRY,637,Karaikal,Urban,98102,67477,20422,10005,20,27,40,8,103
35,ANDAMAN & NICOBAR ISLANDS,638,Nicobars,Total,36842,8681,1336,26077,343,119,0,248,38
35,ANDAMAN & NICOBAR ISLANDS,638,Nicobars,Rural,36842,8681,1336,26077,343,119,0,248,38
35,ANDAMAN & NICOBAR ISLANDS,638,Nicobars,Urban,0,0,0,0,0,0,0,0,0
35,ANDAMAN & NICOBAR ISLANDS,639,North & Middle Andaman,Total,105597,81163,2165,21870,77,84,4,47,187
35,ANDAMAN & NICOBAR ISLANDS,639,North & Middle Andaman,Rural,102856,79131,2131,21210,72,79,4,43,186
35,ANDAMAN & NICOBAR ISLANDS,639,North & Middle Andaman,Urban,2741,2032,34,660,5,5,0,4,1
35,ANDAMAN & NICOBAR ISLANDS,640,South Andaman,Total,238142,174452,28912,33037,866,135,27,269,444
35,ANDAMAN & NICOBAR ISLANDS,640,South Andaman,Rural,97395,69456,11657,15498,229,64,10,152,329
35,ANDAMAN & NICOBAR ISLANDS,640,South Andaman,Urban,140747,104996,17255,17539,637,71,17,117,115
