{"type":"FeatureCollection","features":[{"type":"Feature","properties":{"st_name":"Himachal Pradesh"},"geometry":{"type":"MultiPolygon","coordinates":[[[[75.595,32.069],[75.657,32.078],[75.723,32.033],[75.749,32.041],[75.775,32.009],[75.815,31.986],[75.92582,31.9542],[75.901,31.955],[75.985,31.818],[75.935,31.816],[76.001,31.688],[76.017,31.632],[76.056,31.604],[76.056,31.585],[76.1,31.536],[76.12,31.498],[76.118,31.482],[76.167,31.411],[76.147,31.363],[76.159,31.344],[76.179,31.338],[76.187,31.302],[76.27,31.313],[76.275,31.301],[76.323,31.322],[76.309,31.342],[76.355,31.344],[76.342,31.355],[76.342,31.378],[76.33,31.379],[76.33,31.401],[76.368,31.404],[76.374,31.439],[76.403,31.397],[76.392,31.387],[76.432,31.327],[76.462,31.304],[76.44,31.279],[76.479,31.31],[76.498,31.271],[76.527,31.277],[76.525,31.258],[76.539,31.261],[76.543,31.283],[76.551,31.279],[76.549,31.253],[76.586,31.275],[76.612,31.248],[76.594,31.234],[76.592,31.211],[76.627,31.226],[76.641,31.222],[76.64496,31.20717],[76.644,31.207],[76.599,31.178],[76.602,31.153],[76.613,31.149],[76.602,31.123],[76.638,31.111],[76.617,31.078],[76.623,31.056],[76.611,31.047],[76.63,31.022],[76.623,31],[76.677,30.968],[76.71,30.969],[76.774,30.907],[76.824,30.929],[76.839,30.894],[76.87,30.874],[76.921,30.903],[76.966,30.811],[76.984,30.811],[76.989,30.8],[77,30.813],[77.013,30.809],[77.011,30.782],[76.997,30.773],[77.017,30.766],[77.018,30.743],[77.043,30.74],[77.048,30.753],[77.091,30.742],[77.161,30.69],[77.163,30.65],[77.177,30.634],[77.174,30.6],[77.121,30.563],[77.147,30.536],[77.196,30.523],[77.213,30.497],[77.214,30.47],[77.232,30.484],[77.265,30.477],[77.274,30.459],[77.314,30.447],[77.355,30.459],[77.365,30.435],[77.39,30.442],[77.408,30.429],[77.4,30.417],[77.409,30.41],[77.457,30.459],[77.467,30.45],[77.461,30.435],[77.422,30.409],[77.445,30.396],[77.498,30.406],[77.505,30.433],[77.52,30.446],[77.548,30.396],[77.587,30.379],[77.573,30.408],[77.584,30.42],[77.645,30.432],[77.652,30.448],[77.69,30.448],[77.72,30.472],[77.817,30.506],[77.827,30.529],[77.818,30.561],[77.773,30.558],[77.742,30.592],[77.745,30.604],[77.771,30.596],[77.771,30.617],[77.796,30.614],[77.781,30.647],[77.792,30.658],[77.748,30.679],[77.756,30.707],[77.734,30.736],[77.703,30.746],[77.704,30.765],[77.757,30.825],[77.744,30.847],[77.76,30.877],[77.806,30.852],[77.799,30.87],[77.812,30.92],[77.765,30.917],[77.75,30.949],[77.757,30.963],[77.781,30.972],[77.836,30.951],[77.813,30.963],[77.831,30.994],[77.807,31.017],[77.812,31.032],[77.83,31.029],[77.811,31.059],[77.824,31.055],[77.851,31.074],[77.863,31.108],[77.889,31.12],[77.903,31.153],[77.925,31.151],[77.967,31.173],[77.984,31.157],[78.001,31.162],[78.03,31.151],[78.043,31.179],[78.104,31.186],[78.16,31.226],[78.213,31.22],[78.22,31.234],[78.247,31.23],[78.283,31.266],[78.308,31.261],[78.311,31.282],[78.30265,31.28684],[78.324,31.278],[78.382,31.283],[78.386,31.272],[78.396,31.275],[78.407,31.243],[78.437,31.254],[78.462,31.236],[78.484,31.199],[78.551,31.2],[78.578,31.225],[78.607,31.229],[78.647,31.215],[78.658,31.185],[78.684,31.198],[78.766,31.186],[78.81,31.198],[78.817,31.19],[78.811,31.172],[78.825,31.164],[78.831,31.141],[78.885,31.099],[78.909,31.099],[78.921,31.111],[78.952,31.098],[79.01,31.111],[78.988,31.143],[78.985,31.175],[78.958,31.187],[78.948,31.217],[78.922,31.225],[78.921,31.254],[78.894,31.265],[78.872,31.308],[78.843,31.325],[78.854,31.345],[78.848,31.367],[78.791,31.396],[78.807,31.413],[78.81,31.448],[78.763,31.486],[78.731,31.48],[78.721,31.513],[78.736,31.536],[78.812,31.571],[78.846,31.61],[78.801,31.653],[78.794,31.685],[78.749,31.687],[78.726,31.736],[78.739,31.759],[78.718,31.766],[78.706,31.789],[78.71,31.812],[78.737,31.833],[78.745,31.902],[78.768,31.935],[78.786,31.995],[78.747,32.003],[78.673,32.077],[78.663,32.103],[78.613,32.118],[78.59,32.154],[78.609,32.178],[78.609,32.214],[78.555,32.246],[78.455,32.242],[78.482,32.28],[78.48,32.348],[78.508,32.369],[78.535,32.414],[78.494,32.422],[78.482,32.441],[78.454,32.452],[78.465,32.486],[78.455,32.501],[78.399,32.526],[78.326,32.472],[78.295,32.504],[78.315,32.525],[78.313,32.574],[78.348,32.581],[78.405,32.619],[78.387,32.634],[78.38,32.668],[78.394,32.716],[78.388,32.757],[78.357,32.758],[78.304,32.734],[78.312,32.709],[78.253,32.691],[78.246,32.672],[78.219,32.665],[78.143,32.682],[78.148,32.654],[78.111,32.663],[78.093,32.648],[78.099,32.63],[78.087,32.624],[78.061,32.626],[78.047,32.645],[78.016,32.62],[77.971,32.655],[77.946,32.662],[77.919,32.691],[77.934,32.726],[77.926,32.772],[77.904,32.772],[77.884,32.788],[77.888,32.799],[77.869,32.827],[77.839,32.842],[77.826,32.836],[77.781,32.866],[77.789,32.891],[77.811,32.907],[77.741,32.969],[77.72,32.969],[77.713,32.983],[77.682,32.989],[77.674,32.961],[77.602,32.943],[77.596,32.927],[77.539,32.887],[77.513,32.877],[77.501,32.886],[77.469,32.858],[77.445,32.88],[77.405,32.883],[77.374,32.855],[77.373,32.824],[77.339,32.817],[77.323,32.851],[77.301,32.85],[77.274,32.874],[77.254,32.864],[77.237,32.881],[77.243,32.893],[77.199,32.909],[77.188,32.929],[77.17,32.911],[77.157,32.912],[77.164,32.937],[77.161,32.953],[77.149,32.956],[77.15,32.978],[77.116,32.985],[77.086,32.972],[77.049,32.999],[77.01,32.989],[76.992,33.002],[76.972,33],[76.933,33.028],[76.906,33.079],[76.909,33.094],[76.885,33.122],[76.855,33.114],[76.817,33.16],[76.817,33.194],[76.834,33.205],[76.826,33.215],[76.843,33.247],[76.831,33.249],[76.82,33.236],[76.795,33.256],[76.771,33.25],[76.777,33.226],[76.747,33.184],[76.747,33.178],[76.709,33.181],[76.64,33.162],[76.612,33.173],[76.598,33.204],[76.577,33.206],[76.509,33.196],[76.48,33.179],[76.404,33.186],[76.286,33.102],[76.29,33.058],[76.272,33.037],[76.243,33.021],[76.107,33.006],[76.106,32.987],[76.083,32.955],[75.95,32.873],[75.919,32.906],[75.845,32.928],[75.797,32.884],[75.819,32.853],[75.879,32.811],[75.886,32.782],[75.922,32.744],[75.884,32.652],[75.906,32.658],[75.915,32.644],[75.933,32.647],[75.931,32.632],[75.919,32.634],[75.9,32.594],[75.878,32.587],[75.877,32.568],[75.866,32.563],[75.873,32.549],[75.83,32.513],[75.902,32.453],[75.936,32.397],[75.873,32.395],[75.847,32.373],[75.844,32.356],[75.811,32.349],[75.815,32.33],[75.8,32.327],[75.772,32.289],[75.618,32.237],[75.638,32.222],[75.626,32.216],[75.624,32.19],[75.662,32.193],[75.657,32.183],[75.673,32.159],[75.661,32.137],[75.625,32.118],[75.62,32.098],[75.596,32.086],[75.595,32.069]]]]}},{"type":"Feature","properties":{"st_name":"Punjab"},"geometry":{"type":"MultiPolygon","coordinates":[[[[73.88,30.36],[73.931,30.32],[73.96,30.27],[73.975,30.12],[73.903,30.049],[73.886,30.011],[73.894,29.974],[74.448,29.947],[74.527,29.943],[74.531,29.95],[74.595,29.913],[74.654,29.905],[74.646,29.912],[74.652,29.927],[74.682,29.943],[74.706,29.977],[74.731,29.961],[74.779,29.972],[74.808,29.992],[74.825,29.985],[74.821,29.971],[74.856,29.957],[74.888,29.967],[74.903,29.953],[74.898,29.939],[74.927,29.951],[74.952,29.902],[74.979,29.894],[74.995,29.866],[75.023,29.867],[75.047,29.885],[75.07,29.877],[75.088,29.918],[75.099,29.913],[75.115,29.879],[75.09,29.855],[75.117,29.832],[75.101,29.822],[75.101,29.806],[75.135,29.807],[75.154,29.776],[75.168,29.786],[75.159,29.801],[75.164,29.824],[75.19,29.841],[75.211,29.831],[75.208,29.793],[75.226,29.789],[75.241,29.755],[75.227,29.729],[75.21,29.738],[75.2,29.724],[75.206,29.686],[75.168,29.669],[75.188,29.652],[75.183,29.63],[75.236,29.603],[75.222,29.581],[75.235,29.571],[75.237,29.543],[75.272,29.55],[75.281,29.562],[75.31,29.561],[75.319,29.588],[75.29,29.607],[75.295,29.625],[75.319,29.634],[75.333,29.673],[75.36,29.661],[75.347,29.695],[75.391,29.714],[75.388,29.729],[75.404,29.739],[75.406,29.761],[75.454,29.782],[75.456,29.806],[75.518,29.776],[75.522,29.759],[75.536,29.773],[75.562,29.77],[75.58,29.739],[75.605,29.751],[75.627,29.748],[75.635,29.773],[75.647,29.776],[75.678,29.776],[75.692,29.755],[75.707,29.753],[75.718,29.809],[75.7588,29.82713],[75.738,29.815],[75.757,29.805],[75.779,29.823],[75.815,29.805],[75.839,29.814],[75.837,29.794],[75.867,29.767],[75.87,29.749],[75.906,29.754],[75.939,29.731],[75.984,29.727],[76.026,29.757],[76.042,29.741],[76.082,29.781],[76.085,29.801],[76.10594,29.81469],[76.105,29.812],[76.123,29.791],[76.145,29.818],[76.176,29.818],[76.198,29.844],[76.22,29.838],[76.223,29.849],[76.244,29.854],[76.247,29.876],[76.185,29.891],[76.187,29.921],[76.171,29.927],[76.183,29.948],[76.21,29.941],[76.201,29.988],[76.233,30.015],[76.213,30.022],[76.213,30.031],[76.265,30.099],[76.217,30.11],[76.217,30.123],[76.196,30.123],[76.202,30.135],[76.224,30.127],[76.207,30.156],[76.255,30.121],[76.286,30.107],[76.297,30.114],[76.323,30.095],[76.36,30.119],[76.334,30.136],[76.351,30.147],[76.362,30.12],[76.4,30.116],[76.391,30.135],[76.411,30.145],[76.387,30.171],[76.422,30.192],[76.441,30.166],[76.429,30.151],[76.442,30.131],[76.461,30.13],[76.464,30.101],[76.501,30.094],[76.508,30.069],[76.543,30.074],[76.643,30.15],[76.632,30.169],[76.657,30.186],[76.654,30.203],[76.616,30.211],[76.627,30.228],[76.597,30.255],[76.546,30.226],[76.561,30.245],[76.557,30.262],[76.615,30.272],[76.624,30.265],[76.636,30.29],[76.666,30.306],[76.682,30.303],[76.689,30.327],[76.711,30.326],[76.75,30.353],[76.739,30.371],[76.722,30.364],[76.731,30.381],[76.713,30.389],[76.714,30.402],[76.738,30.408],[76.739,30.426],[76.775,30.443],[76.787,30.416],[76.822,30.413],[76.847,30.438],[76.857,30.417],[76.882,30.409],[76.898,30.359],[76.939,30.386],[76.933,30.402],[76.912,30.401],[76.917,30.427],[76.897,30.438],[76.914,30.469],[76.9,30.489],[76.932,30.501],[76.933,30.523],[76.886,30.549],[76.905,30.543],[76.917,30.555],[76.909,30.566],[76.92,30.586],[76.911,30.593],[76.923,30.596],[76.926,30.611],[76.912,30.613],[76.912,30.625],[76.887,30.645],[76.871,30.643],[76.876,30.681],[76.854,30.658],[76.832,30.669],[76.827,30.682],[76.789,30.662],[76.797,30.668],[76.739,30.693],[76.731,30.724],[76.705,30.743],[76.706,30.756],[76.745,30.769],[76.751,30.785],[76.771,30.795],[76.792,30.779],[76.783,30.77],[76.815,30.78],[76.82,30.773],[76.805,30.765],[76.814,30.754],[76.827,30.764],[76.838,30.754],[76.858,30.795],[76.845,30.806],[76.848,30.835],[76.815,30.843],[76.781,30.879],[76.767,30.921],[76.741,30.932],[76.722,30.961],[76.677,30.968],[76.623,31],[76.63,31.022],[76.611,31.047],[76.623,31.056],[76.617,31.078],[76.638,31.111],[76.602,31.123],[76.613,31.149],[76.602,31.153],[76.606,31.176],[76.598,31.176],[76.645,31.207],[76.641,31.222],[76.627,31.226],[76.592,31.211],[76.594,31.234],[76.612,31.248],[76.589,31.273],[76.549,31.253],[76.551,31.279],[76.543,31.283],[76.539,31.261],[76.525,31.258],[76.527,31.277],[76.498,31.271],[76.479,31.31],[76.44,31.279],[76.462,31.304],[76.432,31.327],[76.392,31.387],[76.404,31.394],[76.398,31.406],[76.374,31.439],[76.368,31.404],[76.33,31.401],[76.33,31.379],[76.342,31.378],[76.342,31.355],[76.355,31.344],[76.309,31.342],[76.323,31.322],[76.275,31.301],[76.27,31.313],[76.189,31.3],[76.178,31.34],[76.15149,31.34702],[76.157,31.348],[76.148,31.38],[76.169,31.397],[76.168,31.41],[76.118,31.482],[76.12,31.498],[76.1,31.536],[76.056,31.585],[76.056,31.604],[76.017,31.632],[76.001,31.688],[75.935,31.816],[75.985,31.818],[75.911,31.951],[75.851,31.982],[75.8,31.994],[75.749,32.041],[75.723,32.033],[75.657,32.078],[75.595,32.069],[75.59594,32.08505],[75.62,32.098],[75.625,32.118],[75.661,32.137],[75.673,32.159],[75.657,32.183],[75.662,32.193],[75.624,32.19],[75.626,32.216],[75.638,32.222],[75.618,32.237],[75.772,32.289],[75.8,32.327],[75.815,32.33],[75.811,32.349],[75.844,32.356],[75.847,32.373],[75.873,32.395],[75.935,32.393],[75.902,32.453],[75.843,32.503],[75.833,32.511],[75.772,32.463],[75.729,32.453],[75.73,32.439],[75.744,32.432],[75.729,32.433],[75.723,32.406],[75.71,32.411],[75.687,32.391],[75.597,32.378],[75.559,32.357],[75.539,32.334],[75.533,32.278],[75.509,32.284],[75.513,32.308],[75.482,32.32],[75.489,32.346],[75.468,32.339],[75.467,32.326],[75.429,32.316],[75.341,32.346],[75.332,32.328],[75.34,32.318],[75.326,32.297],[75.351,32.287],[75.348,32.278],[75.381,32.269],[75.372,32.226],[75.316,32.208],[75.31,32.195],[75.322,32.18],[75.299,32.153],[75.285,32.152],[75.279,32.117],[75.24,32.091],[75.229,32.093],[75.235,32.104],[75.218,32.103],[75.215,32.122],[75.203,32.12],[75.198,32.083],[75.174,32.068],[75.157,32.082],[75.123,32.082],[75.105,32.059],[75.091,32.072],[75.084,32.06],[75.069,32.067],[75.041,32.043],[75.021,32.049],[75.012,32.036],[74.972,32.043],[74.974,32.053],[74.948,32.063],[74.919,32.062],[74.908,32.052],[74.91367,32.04391],[74.89,32.055],[74.869,32.043],[74.88,32.032],[74.848,32.02],[74.853,32.013],[74.829,31.999],[74.819,31.959],[74.806,31.963],[74.768,31.948],[74.755,31.956],[74.756,31.944],[74.72,31.941],[74.719,31.924],[74.667,31.923],[74.636,31.884],[74.607,31.89],[74.607,31.869],[74.572,31.839],[74.573,31.816],[74.558,31.805],[74.567,31.796],[74.551,31.779],[74.559,31.758],[74.504,31.74],[74.488,31.72],[74.502,31.696],[74.535,31.678],[74.529,31.666],[74.54,31.66],[74.555,31.608],[74.575,31.604],[74.592,31.574],[74.616,31.569],[74.607,31.562],[74.619,31.552],[74.613,31.527],[74.584,31.521],[74.587,31.504],[74.578,31.498],[74.61105,31.49892],[74.622,31.482],[74.637,31.485],[74.628,31.477],[74.652,31.457],[74.639,31.444],[74.655,31.426],[74.643,31.416],[74.622,31.43],[74.619,31.42],[74.596,31.416],[74.584,31.38],[74.552,31.365],[74.549,31.335],[74.526,31.312],[74.542,31.304],[74.521,31.272],[74.533,31.25],[74.517,31.228],[74.526,31.212],[74.511,31.181],[74.51,31.132],[74.548,31.122],[74.551,31.087],[74.571,31.081],[74.611,31.099],[74.596,31.127],[74.603,31.134],[74.631,31.133],[74.636,31.118],[74.659,31.134],[74.666,31.124],[74.689,31.128],[74.702,31.092],[74.691,31.081],[74.708,31.072],[74.696,31.074],[74.669,31.053],[74.597,31.038],[74.59,31.05],[74.568,31.055],[74.542,31.017],[74.546,30.992],[74.504,30.965],[74.48,30.974],[74.439,30.942],[74.416,30.94],[74.414,30.93],[74.429,30.931],[74.424,30.921],[74.41,30.923],[74.423,30.908],[74.397,30.909],[74.366,30.893],[74.361,30.874],[74.382,30.86],[74.365,30.857],[74.363,30.847],[74.348,30.855],[74.32,30.847],[74.32,30.827],[74.295,30.794],[74.307,30.789],[74.302,30.779],[74.26,30.772],[74.286,30.735],[74.233,30.724],[74.195,30.667],[74.149,30.632],[74.127,30.635],[74.118,30.608],[74.105,30.619],[74.096,30.611],[74.102,30.579],[74.073,30.555],[74.091,30.549],[74.072,30.523],[74.057,30.519],[74.039,30.543],[74.031,30.527],[74.012,30.534],[74.02,30.514],[73.993,30.514],[73.982,30.504],[73.964,30.485],[73.964,30.456],[73.95,30.46],[73.948,30.484],[73.935,30.49],[73.928,30.466],[73.937,30.445],[73.926,30.439],[73.974,30.444],[73.964,30.424],[73.88,30.36]]]]}},{"type":"Feature","properties":{"st_name":"Uttarakhand"},"geometry":{"type":"MultiPolygon","coordinates":[[[[77.574,30.413],[77.577,30.399],[77.658,30.4],[77.679,30.375],[77.69,30.377],[77.722,30.33],[77.839,30.275],[77.895,30.265],[77.944,30.239],[77.944,30.294],[77.947,30.241],[77.916,30.21],[77.908,30.181],[77.829,30.086],[77.798,30.095],[77.777,30.058],[77.769,30.043],[77.785,30.024],[77.744,29.984],[77.76,29.965],[77.731,29.932],[77.748,29.912],[77.714,29.884],[77.717,29.863],[77.741,29.852],[77.755,29.808],[77.774,29.791],[77.781,29.766],[77.77,29.744],[77.782,29.736],[77.77,29.717],[77.81,29.702],[77.799,29.686],[77.83,29.668],[77.875,29.687],[77.882,29.702],[77.92,29.699],[77.926,29.714],[77.963,29.7],[77.954,29.686],[77.973,29.665],[77.983,29.67],[77.976,29.65],[77.988,29.636],[77.988,29.608],[77.963,29.61],[77.958,29.585],[77.995,29.582],[77.99,29.559],[77.999,29.54],[78.043,29.544],[78.038,29.589],[78.047,29.602],[78.081,29.606],[78.098,29.639],[78.139,29.647],[78.154,29.681],[78.193,29.684],[78.205,29.704],[78.232,29.712],[78.242,29.698],[78.314,29.752],[78.343,29.791],[78.33824,29.79508],[78.512,29.725],[78.521,29.659],[78.54,29.627],[78.581,29.585],[78.705,29.501],[78.748,29.5],[78.8,29.465],[78.918,29.434],[78.942,29.439],[78.901,29.384],[78.852,29.354],[78.87163,29.35064],[78.841,29.345],[78.827,29.355],[78.831,29.368],[78.824,29.367],[78.81,29.339],[78.8,29.334],[78.809,29.32],[78.797,29.311],[78.793,29.33],[78.776,29.325],[78.766,29.337],[78.75,29.318],[78.734,29.322],[78.735,29.303],[78.719,29.303],[78.764,29.28],[78.808,29.236],[78.838,29.242],[78.849,29.232],[78.859,29.242],[78.874,29.23],[78.884,29.211],[78.875,29.206],[78.909,29.178],[78.902,29.17],[78.916,29.153],[78.919,29.136],[78.907,29.127],[78.913,29.121],[78.927,29.119],[78.935,29.13],[78.957,29.121],[78.983,29.143],[79.009,29.111],[79.027,29.112],[79.042,29.127],[79.016,29.132],[79.019,29.154],[79.038,29.143],[79.041,29.159],[79.03,29.164],[79.04,29.169],[79.114,29.127],[79.126,29.134],[79.152,29.119],[79.143,29.068],[79.176,29.047],[79.164,29.029],[79.172,29.012],[79.212,29.027],[79.307,28.967],[79.312,28.977],[79.365,28.968],[79.362,28.981],[79.372,28.987],[79.385,28.952],[79.408,28.952],[79.428,28.92],[79.426,28.867],[79.497,28.873],[79.522,28.865],[79.556,28.899],[79.584,28.879],[79.574,28.855],[79.584,28.846],[79.656,28.87],[79.706,28.841],[79.726,28.861],[79.746,28.86],[79.749,28.872],[79.788,28.872],[79.797,28.885],[79.818,28.888],[79.832,28.882],[79.831,28.873],[79.842,28.877],[79.848,28.858],[79.83,28.854],[79.825,28.831],[79.835,28.825],[79.824,28.808],[79.815,28.815],[79.811,28.799],[79.849,28.8],[79.846,28.823],[79.863,28.84],[79.879,28.831],[79.888,28.837],[79.893,28.821],[79.914,28.819],[79.916,28.804],[79.879,28.815],[79.873,28.798],[79.901,28.782],[79.94,28.787],[79.924,28.773],[79.943,28.76],[79.939,28.75],[79.954,28.722],[80.032,28.752],[80.066,28.8],[80.052,28.82],[80.065,28.836],[80.062,28.904],[80.07378,28.93542],[80.074,28.935],[80.101,28.981],[80.139,29.006],[80.129,29.035],[80.151,29.105],[80.184,29.132],[80.239,29.119],[80.272,29.144],[80.249,29.203],[80.253,29.219],[80.301,29.198],[80.296,29.235],[80.318,29.3],[80.315,29.323],[80.295,29.327],[80.284,29.344],[80.276,29.394],[80.247,29.408],[80.245,29.441],[80.279,29.457],[80.286,29.448],[80.301,29.45],[80.29,29.469],[80.301,29.486],[80.314,29.481],[80.316,29.493],[80.352,29.517],[80.35,29.551],[80.396,29.571],[80.412,29.598],[80.422,29.641],[80.393,29.669],[80.369,29.725],[80.372,29.749],[80.401,29.76],[80.408,29.79],[80.437,29.805],[80.495,29.796],[80.506,29.82],[80.559,29.862],[80.573,29.895],[80.571,29.923],[80.599,29.954],[80.629,29.964],[80.68,29.961],[80.719,29.999],[80.743,30.002],[80.768,30.055],[80.809,30.094],[80.84,30.101],[80.873,30.131],[80.866,30.172],[80.901,30.216],[80.916,30.215],[80.919,30.186],[80.935,30.177],[81.041,30.199],[81.024,30.257],[80.824,30.314],[80.789,30.338],[80.75,30.392],[80.597,30.482],[80.579,30.483],[80.569,30.461],[80.539,30.449],[80.503,30.483],[80.437,30.5],[80.414,30.525],[80.381,30.521],[80.319,30.562],[80.291,30.569],[80.274,30.561],[80.266,30.569],[80.253,30.56],[80.224,30.577],[80.226,30.608],[80.212,30.617],[80.222,30.639],[80.194,30.669],[80.233,30.692],[80.251,30.735],[80.236,30.76],[80.221,30.752],[80.204,30.758],[80.181,30.802],[80.161,30.808],[80.126,30.775],[80.09868,30.78348],[80.1,30.786],[80.083,30.814],[80.058,30.838],[80.032,30.841],[79.981,30.877],[79.929,30.887],[79.911,30.916],[79.888,30.925],[79.869,30.973],[79.819,30.972],[79.756,31.001],[79.718,30.978],[79.668,30.98],[79.663,30.965],[79.601,30.938],[79.545,30.969],[79.551,30.986],[79.533,30.988],[79.536,31.003],[79.515,31.034],[79.427,31.032],[79.416,31.074],[79.40185,31.07046],[79.406,31.074],[79.403,31.093],[79.393,31.115],[79.34,31.124],[79.313,31.144],[79.297,31.17],[79.302,31.19],[79.287,31.225],[79.277,31.24],[79.248,31.249],[79.262,31.291],[79.236,31.314],[79.236,31.332],[79.205,31.353],[79.143,31.434],[79.071,31.467],[79.06,31.463],[79.048,31.423],[79.021,31.395],[79.004,31.357],[78.939,31.327],[78.931,31.261],[78.916,31.249],[78.929,31.217],[78.948,31.217],[78.958,31.187],[78.985,31.175],[78.988,31.143],[79.01,31.112],[78.954,31.098],[78.921,31.111],[78.909,31.099],[78.883,31.1],[78.831,31.141],[78.825,31.164],[78.811,31.172],[78.811,31.198],[78.766,31.186],[78.684,31.198],[78.658,31.185],[78.647,31.215],[78.607,31.229],[78.578,31.225],[78.551,31.2],[78.484,31.199],[78.456,31.241],[78.434,31.255],[78.407,31.242],[78.396,31.275],[78.386,31.272],[78.37,31.286],[78.311,31.283],[78.307,31.26],[78.283,31.266],[78.246,31.23],[78.22,31.234],[78.2,31.217],[78.16,31.226],[78.104,31.186],[78.043,31.179],[78.03,31.151],[78.001,31.162],[77.984,31.157],[77.967,31.173],[77.925,31.151],[77.9,31.151],[77.889,31.12],[77.863,31.108],[77.851,31.074],[77.824,31.055],[77.811,31.059],[77.83,31.029],[77.828,31.028],[77.822,31.029],[77.817,31.033],[77.812,31.032],[77.807,31.017],[77.831,30.994],[77.813,30.963],[77.836,30.951],[77.781,30.972],[77.751,30.956],[77.765,30.917],[77.812,30.92],[77.799,30.87],[77.806,30.852],[77.76,30.877],[77.744,30.847],[77.757,30.825],[77.704,30.765],[77.706,30.742],[77.734,30.736],[77.756,30.707],[77.747,30.68],[77.792,30.66],[77.781,30.647],[77.796,30.614],[77.771,30.617],[77.771,30.596],[77.755,30.605],[77.742,30.594],[77.773,30.558],[77.818,30.561],[77.828,30.531],[77.819,30.508],[77.72,30.472],[77.69,30.448],[77.653,30.448],[77.645,30.432],[77.594,30.426],[77.574,30.413]]]]}},{"type":"Feature","properties":{"st_name":"Haryana"},"geometry":{"type":"MultiPolygon","coordinates":[[[[74.474,29.788],[74.477,29.745],[74.534,29.74],[74.547,29.755],[74.579,29.75],[74.595,29.767],[74.616,29.752],[74.585,29.654],[74.591,29.64],[74.575,29.564],[74.623,29.531],[74.622,29.522],[74.601,29.501],[74.585,29.458],[74.544,29.468],[74.535,29.448],[74.537,29.425],[74.566,29.42],[74.578,29.388],[74.603,29.365],[74.599,29.327],[74.654,29.333],[74.658,29.372],[74.719,29.37],[74.739,29.354],[74.762,29.354],[74.788,29.361],[74.82,29.397],[74.851,29.404],[74.938,29.362],[74.94,29.34],[74.961,29.32],[74.948,29.301],[74.961,29.281],[74.999,29.271],[75.018,29.285],[75.049,29.286],[75.082,29.228],[75.12,29.223],[75.125,29.24],[75.16,29.242],[75.187,29.268],[75.21,29.234],[75.238,29.23],[75.246,29.251],[75.284,29.25],[75.286,29.271],[75.336,29.286],[75.339,29.255],[75.328,29.236],[75.354,29.223],[75.372,29.253],[75.388,29.261],[75.41,29.255],[75.397,29.217],[75.409,29.213],[75.414,29.183],[75.406,29.17],[75.382,29.169],[75.371,29.138],[75.406,29.12],[75.392,29.102],[75.392,29.062],[75.442,29.058],[75.45,29.043],[75.445,29.009],[75.516,29.008],[75.527,28.976],[75.506,28.936],[75.478,28.935],[75.474,28.923],[75.497,28.896],[75.498,28.849],[75.52,28.834],[75.503,28.783],[75.537,28.745],[75.541,28.661],[75.561,28.636],[75.561,28.613],[75.622,28.602],[75.633,28.544],[75.666,28.536],[75.671,28.517],[75.702,28.492],[75.739,28.485],[75.736,28.469],[75.788,28.454],[75.789,28.434],[75.767,28.413],[75.777,28.4],[75.819,28.409],[75.864,28.385],[75.897,28.39],[75.9,28.372],[75.918,28.372],[75.933,28.337],[75.956,28.334],[75.958,28.314],[75.972,28.319],[75.987,28.293],[76.027,28.275],[76.016,28.237],[76.056,28.22],[76.048,28.198],[76.071,28.194],[76.077,28.167],[76.096,28.151],[76.095,28.141],[76.073,28.137],[76.065,28.141],[76.07,28.165],[76.032,28.168],[76.007,28.153],[75.999,28.123],[75.977,28.125],[75.946,28.108],[75.938,28.088],[75.983,28.081],[75.988,28.066],[75.974,28.051],[75.985,28.046],[76.024,28.086],[76.041,28.073],[76.025,28.055],[76.01,28.059],[76.016,28.03],[75.996,28.039],[75.973,28.032],[75.971,28.016],[75.995,28.006],[75.99,27.995],[75.966,27.999],[75.966,27.982],[75.999,27.978],[75.982,27.965],[75.973,27.932],[75.948,27.947],[75.931,27.93],[75.938,27.914],[75.987,27.904],[75.973,27.891],[75.984,27.882],[75.971,27.852],[76.005,27.835],[76.01,27.842],[76.049,27.835],[76.061,27.848],[76.087,27.845],[76.089,27.86],[76.106,27.856],[76.135,27.839],[76.132,27.825],[76.178,27.797],[76.2,27.821],[76.218,27.817],[76.225,27.833],[76.194,27.859],[76.203,27.893],[76.169,27.903],[76.187,27.965],[76.164,27.973],[76.158,27.988],[76.178,28.021],[76.197,28.016],[76.215,28.027],[76.217,28.036],[76.194,28.031],[76.181,28.055],[76.229,28.049],[76.259,28.067],[76.293,28.049],[76.293,28.025],[76.32,28.016],[76.343,28.03],[76.358,28.067],[76.302,28.098],[76.311,28.108],[76.338,28.103],[76.361,28.124],[76.323,28.148],[76.298,28.149],[76.306,28.159],[76.282,28.166],[76.293,28.18],[76.311,28.179],[76.358,28.161],[76.357,28.144],[76.368,28.136],[76.475,28.149],[76.473,28.134],[76.502,28.119],[76.5,28.101],[76.464,28.108],[76.448,28.089],[76.5,28.06],[76.487,28.053],[76.462,28.059],[76.455,28.042],[76.497,28.044],[76.511,28.029],[76.53,28.04],[76.544,28.034],[76.537,27.976],[76.546,27.963],[76.578,27.979],[76.589,27.997],[76.668,28.014],[76.654,28.035],[76.657,28.089],[76.687,28.087],[76.715,28.128],[76.743,28.121],[76.765,28.144],[76.795,28.149],[76.793,28.184],[76.813,28.191],[76.808,28.211],[76.867,28.22],[76.872,28.206],[76.907,28.2],[76.892,28.184],[76.951,28.15],[76.948,28.142],[76.97,28.138],[76.931,27.994],[76.939,27.982],[76.932,27.92],[76.952,27.917],[76.95,27.895],[76.937,27.895],[76.941,27.842],[76.934,27.828],[76.914,27.833],[76.918,27.806],[76.892,27.729],[76.925,27.7],[76.889,27.698],[76.906,27.687],[76.899,27.678],[76.918,27.653],[76.934,27.656],[76.944,27.673],[76.979,27.654],[77,27.737],[77.011,27.731],[77.02,27.746],[77.036,27.749],[77.059,27.726],[77.086,27.738],[77.076,27.766],[77.06,27.76],[77.027,27.779],[77.045,27.821],[77.075,27.813],[77.108,27.786],[77.125,27.791],[77.135,27.775],[77.159,27.789],[77.159,27.817],[77.19,27.809],[77.169,27.791],[77.176,27.785],[77.198,27.799],[77.191,27.809],[77.203,27.823],[77.211,27.802],[77.241,27.784],[77.268,27.816],[77.283,27.802],[77.296,27.826],[77.337,27.834],[77.312,27.884],[77.336,27.848],[77.377,27.86],[77.422,27.854],[77.41,27.875],[77.419,27.891],[77.45,27.872],[77.462,27.876],[77.48,27.897],[77.475,27.929],[77.493,27.939],[77.501,27.926],[77.528,27.928],[77.546,27.958],[77.515,27.964],[77.543,27.988],[77.507,28.033],[77.483,28.04],[77.5,28.06],[77.474,28.087],[77.485,28.106],[77.499,28.095],[77.511,28.125],[77.492,28.136],[77.504,28.145],[77.502,28.161],[77.531,28.162],[77.549,28.177],[77.545,28.19],[77.518,28.192],[77.501,28.18],[77.497,28.206],[77.53,28.198],[77.534,28.21],[77.521,28.225],[77.549,28.245],[77.492,28.252],[77.506,28.302],[77.471,28.335],[77.496,28.349],[77.503,28.369],[77.474,28.397],[77.484,28.408],[77.477,28.419],[77.464,28.415],[77.462,28.424],[77.436,28.431],[77.433,28.455],[77.401,28.455],[77.407,28.465],[77.38,28.471],[77.372,28.499],[77.354,28.499],[77.345,28.513],[77.314,28.484],[77.29,28.497],[77.241,28.478],[77.231,28.458],[77.244,28.453],[77.247,28.424],[77.214,28.41],[77.181,28.41],[77.174,28.405],[77.161,28.428],[77.121,28.446],[77.109,28.471],[77.118,28.497],[77.078,28.518],[77.044,28.517],[77.004,28.541],[76.998,28.532],[77.015,28.521],[77.008,28.514],[76.979,28.521],[76.945,28.504],[76.908,28.514],[76.88614,28.50371],[76.887,28.52],[76.845,28.55],[76.839,28.583],[76.865,28.586],[76.889,28.632],[76.906,28.624],[76.921,28.631],[76.935,28.619],[76.944,28.633],[76.925,28.65],[76.935,28.667],[76.954,28.667],[76.968,28.699],[76.948,28.713],[76.96,28.733],[76.944,28.754],[76.956,28.767],[76.954,28.791],[76.942,28.798],[76.95071,28.81736],[76.962,28.815],[76.966,28.827],[76.98,28.822],[76.994,28.84],[77.04,28.832],[77.058,28.868],[77.075,28.867],[77.083,28.883],[77.122,28.858],[77.141,28.862],[77.146,28.838],[77.158,28.837],[77.175,28.859],[77.209,28.858],[77.19,28.867],[77.189,28.881],[77.204,28.888],[77.226,28.88],[77.234,28.912],[77.196,28.938],[77.202,28.985],[77.189,29.028],[77.167,29.034],[77.164,29.079],[77.134,29.095],[77.149,29.118],[77.136,29.142],[77.143,29.167],[77.142,29.204],[77.131,29.217],[77.15,29.233],[77.139,29.268],[77.161,29.332],[77.13,29.342],[77.124,29.368],[77.158,29.387],[77.134,29.401],[77.133,29.418],[77.149,29.435],[77.123,29.456],[77.133,29.483],[77.094,29.522],[77.101,29.54],[77.121,29.547],[77.095,29.594],[77.122,29.643],[77.141,29.653],[77.129,29.679],[77.156,29.705],[77.123,29.743],[77.127,29.771],[77.164,29.788],[77.194,29.867],[77.191,29.902],[77.226,29.939],[77.247,29.977],[77.276,29.997],[77.278,30.042],[77.303,30.055],[77.334,30.054],[77.371,30.085],[77.37009,30.08628],[77.407,30.088],[77.424,30.103],[77.403,30.111],[77.425,30.131],[77.43,30.164],[77.458,30.163],[77.481,30.184],[77.53,30.251],[77.538,30.279],[77.583,30.306],[77.578,30.33],[77.604,30.369],[77.552,30.391],[77.52,30.446],[77.505,30.433],[77.498,30.406],[77.445,30.396],[77.422,30.409],[77.461,30.435],[77.467,30.45],[77.457,30.459],[77.409,30.41],[77.4,30.417],[77.408,30.429],[77.39,30.442],[77.365,30.435],[77.355,30.459],[77.314,30.447],[77.274,30.459],[77.265,30.477],[77.232,30.484],[77.214,30.47],[77.213,30.497],[77.196,30.523],[77.147,30.536],[77.121,30.563],[77.174,30.6],[77.177,30.634],[77.163,30.65],[77.168,30.669],[77.159,30.681],[77.166,30.685],[77.091,30.742],[77.048,30.753],[77.043,30.74],[77.018,30.743],[77.017,30.766],[76.997,30.773],[77.011,30.782],[77.013,30.809],[77,30.813],[76.989,30.8],[76.984,30.811],[76.966,30.811],[76.921,30.903],[76.87,30.874],[76.842,30.891],[76.828,30.915],[76.823,30.929],[76.774,30.907],[76.781,30.879],[76.815,30.843],[76.848,30.835],[76.845,30.806],[76.858,30.795],[76.833,30.747],[76.849,30.724],[76.825,30.687],[76.833,30.666],[76.846,30.669],[76.854,30.658],[76.876,30.681],[76.871,30.643],[76.887,30.645],[76.912,30.625],[76.912,30.613],[76.926,30.611],[76.923,30.596],[76.911,30.593],[76.92,30.586],[76.909,30.566],[76.917,30.555],[76.905,30.543],[76.886,30.549],[76.933,30.523],[76.932,30.501],[76.9,30.489],[76.914,30.469],[76.897,30.438],[76.917,30.427],[76.912,30.401],[76.933,30.402],[76.939,30.386],[76.898,30.359],[76.882,30.409],[76.857,30.417],[76.849,30.437],[76.822,30.413],[76.803,30.414],[76.775,30.426],[76.786,30.436],[76.773,30.444],[76.739,30.426],[76.729,30.4],[76.714,30.402],[76.719,30.379],[76.732,30.379],[76.721,30.364],[76.739,30.371],[76.75,30.353],[76.711,30.326],[76.689,30.327],[76.682,30.303],[76.666,30.306],[76.636,30.29],[76.624,30.265],[76.615,30.272],[76.559,30.264],[76.561,30.245],[76.545,30.227],[76.559,30.228],[76.592,30.255],[76.604,30.252],[76.603,30.241],[76.627,30.228],[76.618,30.209],[76.654,30.203],[76.656,30.185],[76.632,30.169],[76.64347,30.15084],[76.637,30.147],[76.64,30.098],[76.637,30.142],[76.574,30.101],[76.545,30.075],[76.508,30.069],[76.501,30.094],[76.464,30.101],[76.461,30.13],[76.442,30.131],[76.429,30.151],[76.441,30.166],[76.422,30.192],[76.387,30.171],[76.411,30.145],[76.391,30.135],[76.4,30.116],[76.362,30.12],[76.351,30.147],[76.334,30.136],[76.36,30.119],[76.323,30.095],[76.297,30.114],[76.286,30.107],[76.255,30.121],[76.207,30.156],[76.224,30.127],[76.202,30.135],[76.196,30.123],[76.217,30.123],[76.217,30.11],[76.265,30.099],[76.213,30.031],[76.213,30.022],[76.233,30.015],[76.201,29.988],[76.21,29.941],[76.183,29.948],[76.171,29.927],[76.187,29.921],[76.185,29.891],[76.247,29.875],[76.243,29.852],[76.21331,29.83808],[76.213,29.843],[76.198,29.844],[76.176,29.818],[76.145,29.818],[76.123,29.791],[76.097,29.811],[76.043,29.741],[76.026,29.757],[75.984,29.727],[75.938,29.731],[75.906,29.754],[75.87,29.749],[75.867,29.767],[75.837,29.794],[75.838,29.814],[75.815,29.805],[75.779,29.823],[75.757,29.805],[75.722,29.813],[75.707,29.753],[75.692,29.755],[75.678,29.776],[75.647,29.776],[75.635,29.773],[75.627,29.748],[75.605,29.751],[75.58,29.739],[75.562,29.77],[75.536,29.773],[75.522,29.759],[75.518,29.776],[75.462,29.808],[75.454,29.782],[75.406,29.761],[75.404,29.739],[75.388,29.729],[75.391,29.714],[75.347,29.695],[75.36,29.661],[75.333,29.673],[75.319,29.634],[75.295,29.625],[75.29,29.607],[75.319,29.588],[75.31,29.561],[75.281,29.562],[75.272,29.55],[75.237,29.543],[75.235,29.571],[75.222,29.581],[75.236,29.603],[75.183,29.63],[75.188,29.652],[75.168,29.667],[75.207,29.687],[75.198,29.715],[75.209,29.738],[75.227,29.729],[75.241,29.75],[75.226,29.789],[75.208,29.793],[75.21,29.832],[75.19,29.841],[75.165,29.826],[75.159,29.801],[75.168,29.786],[75.151,29.775],[75.135,29.807],[75.1,29.807],[75.101,29.822],[75.117,29.832],[75.09,29.855],[75.115,29.879],[75.099,29.913],[75.088,29.918],[75.07,29.877],[75.047,29.885],[75.023,29.867],[74.995,29.866],[74.979,29.894],[74.952,29.902],[74.927,29.951],[74.898,29.939],[74.903,29.953],[74.888,29.967],[74.856,29.957],[74.825,29.975],[74.808,29.992],[74.779,29.972],[74.731,29.961],[74.706,29.977],[74.682,29.943],[74.652,29.927],[74.646,29.912],[74.654,29.905],[74.595,29.913],[74.531,29.95],[74.51,29.907],[74.543,29.902],[74.561,29.871],[74.54,29.841],[74.485,29.816],[74.474,29.788]]]]}},{"type":"Feature","properties":{"st_name":"Delhi"},"geometry":{"type":"MultiPolygon","coordinates":[[[[76.839,28.583],[76.845,28.55],[76.887,28.52],[76.881,28.505],[76.892,28.5],[76.908,28.514],[76.954,28.505],[76.979,28.521],[77.008,28.514],[77.015,28.521],[76.998,28.532],[77.004,28.541],[77.044,28.517],[77.065,28.512],[77.069,28.52],[77.094,28.506],[77.118,28.496],[77.109,28.471],[77.122,28.444],[77.161,28.428],[77.172,28.404],[77.247,28.424],[77.244,28.453],[77.231,28.458],[77.24,28.478],[77.29,28.497],[77.314,28.484],[77.343,28.511],[77.336,28.526],[77.297,28.566],[77.313,28.597],[77.342,28.606],[77.342,28.622],[77.316,28.641],[77.324,28.673],[77.332,28.686],[77.324,28.698],[77.331,28.713],[77.29,28.706],[77.291,28.722],[77.261,28.734],[77.256,28.756],[77.222,28.778],[77.233,28.784],[77.199,28.781],[77.214,28.785],[77.199,28.799],[77.201,28.813],[77.218,28.809],[77.224,28.824],[77.214,28.856],[77.175,28.859],[77.158,28.837],[77.146,28.838],[77.141,28.862],[77.122,28.858],[77.108,28.87],[77.083,28.883],[77.075,28.867],[77.058,28.868],[77.04,28.832],[76.994,28.84],[76.98,28.822],[76.967,28.828],[76.962,28.815],[76.949,28.815],[76.942,28.798],[76.954,28.791],[76.956,28.767],[76.944,28.754],[76.96,28.733],[76.948,28.713],[76.968,28.699],[76.957,28.673],[76.989,28.668],[76.973,28.668],[76.933,28.666],[76.925,28.65],[76.944,28.633],[76.935,28.619],[76.921,28.631],[76.906,28.624],[76.889,28.632],[76.865,28.586],[76.839,28.583]]]]}},{"type":"Feature","properties":{"st_name":"Rajasthan"},"geometry":{"type":"MultiPolygon","coordinates":[[[[69.485,26.805],[69.51,26.743],[69.722,26.653],[69.794,26.598],[69.886,26.579],[70.056,26.6],[70.117,26.587],[70.174,26.551],[70.185,26.374],[70.164,26.295],[70.175,26.251],[70.141,26.156],[70.083,26.083],[70.1,25.938],[70.174,25.829],[70.247,25.762],[70.268,25.714],[70.387,25.674],[70.53,25.683],[70.609,25.715],[70.66,25.702],[70.674,25.676],[70.668,25.531],[70.679,25.525],[70.665,25.397],[70.737,25.332],[70.752,25.278],[70.888,25.148],[70.938,24.938],[71.027,24.809],[71.067,24.715],[71.113,24.674],[71.189,24.647],[71.288,24.616],[71.313,24.648],[71.348,24.661],[71.359,24.631],[71.378,24.626],[71.478,24.68],[71.573,24.683],[71.59,24.667],[71.608,24.676],[71.655,24.639],[71.706,24.661],[71.792,24.677],[71.81,24.656],[71.807,24.625],[71.852,24.609],[71.865,24.631],[71.858,24.666],[71.872,24.682],[71.919,24.672],[71.915,24.649],[71.94,24.634],[71.988,24.657],[71.984,24.686],[71.994,24.695],[72.013,24.69],[72.061,24.712],[72.085,24.706],[72.09,24.659],[72.125,24.638],[72.15,24.644],[72.165,24.621],[72.197,24.614],[72.195,24.623],[72.232,24.64],[72.255,24.625],[72.272,24.637],[72.305,24.617],[72.335,24.633],[72.347,24.628],[72.336,24.599],[72.313,24.594],[72.297,24.609],[72.276,24.607],[72.246,24.586],[72.264,24.561],[72.286,24.565],[72.295,24.546],[72.329,24.552],[72.331,24.569],[72.354,24.563],[72.389,24.507],[72.416,24.521],[72.441,24.515],[72.43,24.479],[72.458,24.415],[72.5,24.417],[72.493,24.459],[72.504,24.458],[72.52,24.5],[72.534,24.504],[72.539,24.519],[72.576,24.478],[72.684,24.463],[72.689,24.412],[72.733,24.363],[72.85,24.372],[72.891,24.357],[72.911,24.337],[72.967,24.365],[72.977,24.379],[72.949,24.398],[72.981,24.434],[72.968,24.451],[73.00216,24.4805],[73.003,24.467],[73.037,24.465],[73.087,24.498],[73.102,24.432],[73.074,24.397],[73.152,24.354],[73.172,24.356],[73.198,24.377],[73.219,24.365],[73.199,24.332],[73.176,24.338],[73.169,24.3],[73.135,24.308],[73.125,24.273],[73.088,24.235],[73.099,24.226],[73.078,24.218],[73.079,24.205],[73.066,24.194],[73.104,24.144],[73.155,24.112],[73.159,24.098],[73.214,24.078],[73.194,24.041],[73.229,24.022],[73.243,24.002],[73.262,24.018],[73.283,24.019],[73.325,24.07],[73.327,24.109],[73.362,24.104],[73.361,24.081],[73.405,24.041],[73.408,24.008],[73.398,23.989],[73.415,23.985],[73.421,23.927],[73.387,23.915],[73.361,23.873],[73.354,23.853],[73.368,23.84],[73.363,23.813],[73.352,23.791],[73.371,23.765],[73.4,23.785],[73.418,23.777],[73.425,23.761],[73.448,23.753],[73.449,23.735],[73.471,23.72],[73.474,23.705],[73.507,23.703],[73.497,23.649],[73.509,23.644],[73.494,23.632],[73.523,23.607],[73.572,23.654],[73.616,23.652],[73.655,23.621],[73.633,23.529],[73.656,23.507],[73.64,23.495],[73.627,23.449],[73.647,23.436],[73.698,23.457],[73.72,23.41],[73.756,23.454],[73.786,23.43],[73.828,23.448],[73.83,23.426],[73.892,23.351],[73.893,23.333],[73.936,23.339],[73.937,23.367],[73.957,23.379],[73.974,23.372],[73.981,23.338],[74.029,23.332],[74.033,23.306],[74.045,23.309],[74.038,23.293],[74.086,23.298],[74.133,23.266],[74.134,23.223],[74.119,23.204],[74.121,23.176],[74.141,23.173],[74.153,23.152],[74.179,23.147],[74.201,23.19],[74.232,23.177],[74.241,23.185],[74.267,23.158],[74.287,23.117],[74.279,23.092],[74.307,23.078],[74.319,23.059],[74.386,23.111],[74.432,23.105],[74.464,23.082],[74.506,23.085],[74.545,23.109],[74.539,23.129],[74.608,23.143],[74.671,23.2],[74.715,23.191],[74.744,23.211],[74.747,23.227],[74.726,23.215],[74.692,23.219],[74.715,23.236],[74.7,23.269],[74.677,23.274],[74.638,23.255],[74.617,23.279],[74.586,23.278],[74.574,23.295],[74.547,23.277],[74.53,23.321],[74.515,23.316],[74.514,23.328],[74.535,23.331],[74.54,23.362],[74.557,23.362],[74.569,23.376],[74.572,23.421],[74.599,23.429],[74.61,23.451],[74.604,23.457],[74.632,23.461],[74.633,23.469],[74.652,23.462],[74.703,23.505],[74.728,23.496],[74.735,23.52],[74.762,23.521],[74.767,23.531],[74.768,23.595],[74.771,23.542],[74.794,23.551],[74.803,23.533],[74.847,23.552],[74.903,23.625],[74.915,23.618],[74.936,23.628],[74.922,23.666],[74.9,23.682],[74.922,23.694],[74.92,23.719],[74.936,23.729],[74.925,23.756],[74.94,23.765],[74.924,23.796],[74.904,23.795],[74.914,23.843],[74.902,23.872],[74.916,23.931],[74.931,23.957],[74.959,23.972],[74.965,24.005],[74.982,24.026],[74.974,24.04],[74.939,24.053],[74.941,24.069],[74.921,24.077],[74.918,24.098],[74.903,24.109],[74.896,24.158],[74.88,24.173],[74.91,24.209],[74.897,24.227],[74.868,24.243],[74.775,24.239],[74.749,24.252],[74.781,24.289],[74.781,24.338],[74.808,24.382],[74.823,24.38],[74.825,24.4],[74.855,24.424],[74.854,24.444],[74.814,24.437],[74.822,24.453],[74.815,24.468],[74.75,24.467],[74.728,24.488],[74.71,24.486],[74.711,24.497],[74.725,24.513],[74.745,24.513],[74.744,24.532],[74.757,24.534],[74.743,24.571],[74.787,24.585],[74.781,24.615],[74.814,24.649],[74.815,24.665],[74.772,24.661],[74.788,24.703],[74.78,24.731],[74.805,24.735],[74.8,24.779],[74.809,24.781],[74.852,24.677],[74.86,24.682],[74.889,24.633],[74.895,24.644],[74.903,24.632],[74.906,24.641],[74.944,24.637],[74.943,24.647],[74.962,24.656],[74.961,24.678],[75.002,24.687],[74.993,24.693],[74.993,24.731],[75.016,24.732],[75.002,24.775],[74.981,24.764],[74.936,24.778],[74.914,24.769],[74.879,24.797],[74.861,24.799],[74.861,24.779],[74.849,24.776],[74.838,24.797],[74.861,24.804],[74.859,24.838],[74.826,24.899],[74.834,24.96],[74.843,24.969],[74.859,24.963],[74.87,24.925],[74.881,24.937],[74.903,24.93],[74.916,24.907],[74.913,24.89],[74.932,24.875],[74.953,24.88],[74.948,24.864],[74.959,24.858],[75.039,24.846],[75.06,24.864],[75.055,24.872],[75.117,24.878],[75.114,24.966],[75.166,25.003],[75.152,25.022],[75.166,25.047],[75.192,25.034],[75.333,25.041],[75.35,25.034],[75.35072,25.01966],[75.338,25.019],[75.318,25.008],[75.313,24.98],[75.337,24.952],[75.314,24.885],[75.305,24.929],[75.29,24.938],[75.285,24.965],[75.274,24.964],[75.269,24.942],[75.294,24.908],[75.27,24.902],[75.262,24.878],[75.309,24.856],[75.327,24.875],[75.374,24.868],[75.421,24.886],[75.418,24.854],[75.306,24.801],[75.277,24.841],[75.225,24.844],[75.247,24.862],[75.251,24.881],[75.24,24.887],[75.222,24.874],[75.208,24.894],[75.201,24.868],[75.209,24.854],[75.225,24.834],[75.254,24.824],[75.244,24.805],[75.213,24.8],[75.208,24.771],[75.205,24.769],[75.193,24.773],[75.184,24.749],[75.198,24.743],[75.219,24.703],[75.228,24.717],[75.266,24.717],[75.456,24.68],[75.534,24.712],[75.549,24.703],[75.583,24.713],[75.609,24.681],[75.627,24.682],[75.658,24.693],[75.685,24.725],[75.78811,24.77029],[75.784,24.764],[75.837,24.726],[75.826,24.668],[75.847,24.663],[75.847,24.632],[75.824,24.613],[75.836,24.594],[75.848,24.611],[75.871,24.607],[75.879,24.583],[75.915,24.572],[75.903,24.55],[75.916,24.539],[75.92144,24.54253],[75.923,24.523],[75.913,24.514],[75.887,24.518],[75.912,24.491],[75.9,24.442],[75.836,24.415],[75.81,24.434],[75.813,24.462],[75.785,24.468],[75.786,24.453],[75.749,24.424],[75.755,24.407],[75.728,24.396],[75.729,24.378],[75.738,24.382],[75.738,24.335],[75.767,24.298],[75.811,24.296],[75.813,24.245],[75.83,24.234],[75.776,24.208],[75.774,24.181],[75.751,24.144],[75.77,24.116],[75.782,24.116],[75.793,24.092],[75.805,24.1],[75.816,24.086],[75.836,24.092],[75.837,24.057],[75.782,24.043],[75.783,24.022],[75.773,24.008],[75.763,24.01],[75.768,24],[75.749,24],[75.741,23.977],[75.717,23.967],[75.702,23.966],[75.699,23.988],[75.687,23.988],[75.688,24.005],[75.671,24.018],[75.64,23.998],[75.595,23.99],[75.521,24.025],[75.474,23.983],[75.462,23.914],[75.492,23.906],[75.505,23.888],[75.564,23.857],[75.579,23.836],[75.561,23.832],[75.559,23.818],[75.589,23.81],[75.584,23.795],[75.654,23.798],[75.687,23.756],[75.702,23.786],[75.69,23.813],[75.721,23.812],[75.719,23.841],[75.736,23.857],[75.701,23.873],[75.706,23.899],[75.753,23.887],[75.765,23.876],[75.765,23.851],[75.781,23.849],[75.794,23.867],[75.841,23.875],[75.853,23.887],[75.871,23.89],[75.887,23.879],[75.895,23.889],[75.938,23.897],[75.955,23.921],[75.981,23.929],[75.985,23.974],[75.967,23.991],[75.964,24.019],[75.998,24.018],[76.037,24.063],[76.127,24.089],[76.118,24.194],[76.148,24.231],[76.142,24.281],[76.163,24.285],[76.165,24.307],[76.185,24.329],[76.205,24.301],[76.194,24.273],[76.213,24.21],[76.24,24.219],[76.282,24.207],[76.287,24.23],[76.323,24.246],[76.357,24.24],[76.412,24.2],[76.416,24.221],[76.452,24.209],[76.471,24.226],[76.481,24.208],[76.505,24.203],[76.514,24.165],[76.528,24.156],[76.577,24.178],[76.564,24.191],[76.571,24.209],[76.595,24.223],[76.584,24.243],[76.611,24.238],[76.618,24.259],[76.637,24.258],[76.642,24.269],[76.678,24.267],[76.693,24.286],[76.703,24.243],[76.676,24.191],[76.719,24.159],[76.726,24.168],[76.759,24.167],[76.802,24.117],[76.855,24.136],[76.901,24.127],[76.916,24.187],[76.935,24.183],[76.947,24.198],[76.863,24.273],[76.841,24.323],[76.832,24.358],[76.851,24.37],[76.838,24.411],[76.85,24.424],[76.841,24.441],[76.853,24.466],[76.818,24.537],[76.85,24.553],[76.87,24.552],[76.882,24.527],[76.903,24.55],[76.915,24.545],[76.919,24.48],[76.951,24.462],[76.977,24.461],[77.029,24.497],[77.037,24.528],[77.054,24.526],[77.071,24.568],[77.068,24.629],[77.03,24.713],[77.002,24.716],[76.956,24.759],[76.912,24.745],[76.852,24.748],[76.846,24.769],[76.803,24.809],[76.801,24.824],[76.823,24.835],[76.897,24.838],[76.929,24.848],[76.949,24.869],[76.912,24.888],[76.921,24.916],[76.89,24.92],[76.889,24.934],[76.862,24.961],[76.867,24.99],[76.857,25.002],[76.876,25.007],[76.876,25.041],[76.968,25.051],[76.975,25.066],[77,25.075],[77.084,25.054],[77.096,25.065],[77.123,25.067],[77.148,25.095],[77.149,25.086],[77.167,25.084],[77.174,25.112],[77.237,25.107],[77.27,25.116],[77.311,25.08],[77.357,25.093],[77.394,25.12],[77.406,25.111],[77.39,25.124],[77.393,25.159],[77.4,25.184],[77.426,25.188],[77.412,25.224],[77.355,25.264],[77.362,25.277],[77.374,25.275],[77.377,25.316],[77.369,25.328],[77.342,25.322],[77.367,25.36],[77.352,25.37],[77.351,25.384],[77.371,25.408],[77.315,25.432],[77.293,25.424],[77.248,25.38],[77.234,25.378],[77.224,25.335],[77.234,25.334],[77.223,25.319],[77.218,25.329],[77.205,25.326],[77.209,25.306],[77.164,25.308],[77.125,25.33],[77.084,25.337],[77.069,25.318],[77.046,25.321],[77.031,25.295],[76.974,25.3],[76.944,25.282],[76.923,25.285],[76.929,25.303],[76.901,25.324],[76.853,25.332],[76.777,25.316],[76.729,25.329],[76.7,25.351],[76.67,25.349],[76.64,25.384],[76.623,25.377],[76.599,25.392],[76.595,25.411],[76.585,25.435],[76.57,25.439],[76.555,25.453],[76.555,25.483],[76.517,25.527],[76.519,25.549],[76.503,25.582],[76.51,25.631],[76.496,25.647],[76.504,25.673],[76.481,25.683],[76.472,25.704],[76.501,25.73],[76.525,25.73],[76.52,25.792],[76.566,25.849],[76.547,25.839],[76.589,25.875],[76.621,25.869],[76.641,25.908],[76.717,25.901],[76.758,25.922],[76.748,25.941],[76.791,25.943],[76.813,25.997],[76.858,26.016],[76.853,26.044],[76.893,26.07],[76.911,26.107],[76.999,26.13],[77.006,26.15],[77.032,26.173],[77.097,26.183],[77.115,26.219],[77.134,26.232],[77.176,26.239],[77.204,26.23],[77.27,26.267],[77.342,26.352],[77.374,26.366],[77.391,26.357],[77.445,26.362],[77.438,26.403],[77.543,26.414],[77.56,26.436],[77.614,26.453],[77.632,26.478],[77.671,26.5],[77.723,26.5],[77.741,26.539],[77.783,26.552],[77.824,26.551],[77.836,26.577],[77.827,26.596],[77.848,26.612],[77.895,26.615],[77.901,26.657],[77.954,26.659],[78.001,26.695],[78.075,26.67],[78.092,26.676],[78.096,26.728],[78.124,26.749],[78.103,26.764],[78.106,26.79],[78.127,26.796],[78.184,26.784],[78.169,26.821],[78.223,26.831],[78.197,26.881],[78.209,26.869],[78.233,26.874],[78.272,26.918],[78.255,26.935],[78.255,26.927],[78.239,26.926],[78.224,26.947],[78.21,26.932],[78.172,26.947],[78.124,26.949],[78.112,26.939],[78.121,26.922],[78.105,26.927],[78.101,26.917],[78.111,26.897],[78.097,26.905],[78.095,26.893],[78.048,26.909],[78.056,26.869],[78.044,26.87],[78.026,26.85],[78.021,26.858],[78.036,26.87],[78.025,26.873],[78.03,26.886],[78.015,26.903],[77.987,26.89],[77.972,26.906],[77.947,26.894],[77.938,26.907],[77.905,26.918],[77.909,26.89],[77.898,26.884],[77.85,26.913],[77.81,26.924],[77.798,26.916],[77.759,26.933],[77.753,26.917],[77.733,26.92],[77.725,26.91],[77.723,26.875],[77.701,26.868],[77.687,26.875],[77.675,26.858],[77.621,26.843],[77.608,26.828],[77.608,26.839],[77.574,26.821],[77.526,26.819],[77.521,26.841],[77.501,26.844],[77.488,26.788],[77.502,26.769],[77.494,26.756],[77.43751,26.73055],[77.47,26.764],[77.455,26.778],[77.433,26.768],[77.446,26.815],[77.422,26.84],[77.428,26.864],[77.459,26.873],[77.46,26.885],[77.49,26.9],[77.583,26.924],[77.592,26.94],[77.602,26.933],[77.661,26.971],[77.672,26.96],[77.677,26.973],[77.723,26.988],[77.744,26.983],[77.763,27.006],[77.751,27.029],[77.738,27.029],[77.73,26.994],[77.712,26.997],[77.69,27.027],[77.694,27.04],[77.68,27.047],[77.668,27.018],[77.643,27.026],[77.63,27.01],[77.58,27.037],[77.563,27.029],[77.573,27.071],[77.519,27.066],[77.527,27.085],[77.506,27.093],[77.518,27.103],[77.538,27.098],[77.55,27.11],[77.598,27.118],[77.605,27.123],[77.598,27.141],[77.613,27.15],[77.619,27.173],[77.643,27.164],[77.681,27.194],[77.646,27.211],[77.653,27.235],[77.643,27.235],[77.634,27.258],[77.617,27.258],[77.617,27.286],[77.599,27.296],[77.622,27.313],[77.622,27.336],[77.584,27.321],[77.548,27.337],[77.545,27.35],[77.524,27.356],[77.507,27.377],[77.44,27.391],[77.439,27.408],[77.421,27.421],[77.438,27.456],[77.402,27.476],[77.402,27.497],[77.386,27.514],[77.34,27.527],[77.349,27.545],[77.338,27.55],[77.337,27.571],[77.358,27.589],[77.335,27.591],[77.317,27.607],[77.353,27.651],[77.341,27.704],[77.305,27.712],[77.303,27.726],[77.32,27.735],[77.307,27.752],[77.31,27.788],[77.268,27.816],[77.252,27.792],[77.234,27.786],[77.238,27.792],[77.211,27.801],[77.202,27.823],[77.191,27.809],[77.198,27.799],[77.177,27.785],[77.169,27.791],[77.19,27.809],[77.159,27.816],[77.159,27.789],[77.134,27.775],[77.125,27.791],[77.108,27.786],[77.075,27.813],[77.054,27.817],[77.045,27.821],[77.027,27.78],[77.06,27.76],[77.076,27.766],[77.086,27.738],[77.059,27.726],[77.036,27.749],[77.02,27.746],[77.011,27.731],[77,27.737],[76.98,27.654],[76.979,27.654],[76.944,27.673],[76.937,27.6611],[76.93694,27.661],[76.936,27.661],[76.935,27.659],[76.935,27.658],[76.9365,27.66025],[76.934,27.656],[76.921,27.65543],[76.911,27.655],[76.90773,27.66127],[76.899,27.678],[76.89978,27.679],[76.9,27.679],[76.901,27.68],[76.901,27.68057],[76.90133,27.681],[76.902,27.68186],[76.906,27.687],[76.903,27.68894],[76.889,27.698],[76.8998,27.6986],[76.909,27.694],[76.906,27.696],[76.89992,27.69861],[76.92238,27.69985],[76.923,27.698],[76.925,27.7],[76.92123,27.70331],[76.921,27.704],[76.921,27.70352],[76.90566,27.717],[76.892,27.729],[76.918,27.806],[76.914,27.833],[76.934,27.828],[76.941,27.842],[76.937,27.895],[76.95,27.895],[76.952,27.917],[76.932,27.92],[76.939,27.982],[76.931,27.994],[76.97,28.138],[76.906,28.172],[76.89,28.188],[76.907,28.2],[76.872,28.206],[76.874,28.218],[76.808,28.211],[76.813,28.191],[76.793,28.184],[76.795,28.149],[76.765,28.144],[76.743,28.121],[76.715,28.128],[76.687,28.087],[76.657,28.089],[76.654,28.035],[76.668,28.014],[76.589,27.997],[76.561,27.966],[76.544,27.964],[76.537,27.976],[76.544,28.034],[76.53,28.04],[76.511,28.029],[76.497,28.044],[76.455,28.042],[76.462,28.059],[76.487,28.053],[76.5,28.06],[76.448,28.089],[76.464,28.108],[76.5,28.101],[76.502,28.119],[76.473,28.134],[76.475,28.149],[76.401,28.145],[76.383,28.133],[76.357,28.144],[76.358,28.161],[76.345,28.17],[76.293,28.18],[76.282,28.166],[76.306,28.159],[76.298,28.149],[76.323,28.148],[76.361,28.124],[76.338,28.103],[76.311,28.108],[76.302,28.098],[76.358,28.071],[76.351,28.044],[76.32,28.016],[76.293,28.025],[76.293,28.049],[76.259,28.067],[76.229,28.049],[76.181,28.055],[76.194,28.031],[76.217,28.036],[76.197,28.016],[76.178,28.021],[76.161,27.997],[76.164,27.973],[76.187,27.965],[76.169,27.903],[76.203,27.892],[76.194,27.859],[76.21,27.84],[76.228,27.833],[76.23409,27.84074],[76.218,27.817],[76.2,27.821],[76.178,27.797],[76.132,27.825],[76.135,27.839],[76.115,27.851],[76.089,27.86],[76.087,27.845],[76.075,27.844],[76.0801,27.83591],[76.061,27.848],[76.049,27.835],[76.01,27.842],[76.005,27.835],[75.971,27.852],[75.984,27.882],[75.973,27.891],[75.987,27.904],[75.938,27.914],[75.931,27.93],[75.92295,27.92508],[75.948,27.947],[75.973,27.932],[75.982,27.965],[75.999,27.978],[75.966,27.982],[75.966,27.999],[75.99,27.995],[75.995,28.006],[75.971,28.016],[75.973,28.032],[75.996,28.039],[76.016,28.03],[76.01,28.059],[76.025,28.055],[76.041,28.073],[76.024,28.086],[75.985,28.046],[75.974,28.051],[75.988,28.066],[75.983,28.081],[75.938,28.088],[75.946,28.108],[75.977,28.125],[75.999,28.123],[76.007,28.153],[76.032,28.168],[76.07,28.165],[76.065,28.141],[76.073,28.137],[76.095,28.141],[76.096,28.151],[76.077,28.167],[76.071,28.194],[76.048,28.198],[76.056,28.22],[76.016,28.237],[76.027,28.275],[75.987,28.293],[75.972,28.319],[75.958,28.314],[75.956,28.334],[75.933,28.337],[75.918,28.372],[75.9,28.372],[75.897,28.39],[75.864,28.385],[75.819,28.409],[75.777,28.4],[75.767,28.413],[75.789,28.434],[75.788,28.454],[75.736,28.469],[75.739,28.485],[75.702,28.492],[75.684,28.511],[75.66951,28.51776],[75.671,28.518],[75.666,28.536],[75.633,28.544],[75.622,28.602],[75.561,28.613],[75.561,28.636],[75.541,28.661],[75.537,28.745],[75.503,28.782],[75.52,28.834],[75.498,28.849],[75.497,28.896],[75.474,28.923],[75.478,28.934],[75.512,28.942],[75.51,28.954],[75.527,28.971],[75.521,29.005],[75.475,29.015],[75.445,29.009],[75.452,29.041],[75.442,29.058],[75.391,29.063],[75.392,29.104],[75.406,29.12],[75.371,29.142],[75.379,29.142],[75.382,29.169],[75.406,29.17],[75.414,29.183],[75.409,29.213],[75.397,29.217],[75.41,29.255],[75.379,29.256],[75.349,29.224],[75.329,29.233],[75.341,29.28],[75.322,29.289],[75.287,29.273],[75.283,29.249],[75.246,29.251],[75.238,29.23],[75.21,29.234],[75.187,29.268],[75.16,29.242],[75.125,29.24],[75.12,29.223],[75.076,29.229],[75.051,29.285],[75.02,29.286],[74.999,29.271],[74.961,29.281],[74.948,29.301],[74.961,29.32],[74.94,29.34],[74.938,29.362],[74.86,29.4],[74.82,29.397],[74.794,29.369],[74.804,29.371],[74.756,29.354],[74.719,29.37],[74.695,29.366],[74.658,29.372],[74.64837,29.33267],[74.603,29.327],[74.59532,29.31318],[74.607,29.356],[74.578,29.388],[74.566,29.42],[74.537,29.425],[74.537,29.46],[74.548,29.468],[74.585,29.458],[74.623,29.53],[74.575,29.564],[74.591,29.64],[74.585,29.654],[74.616,29.752],[74.587,29.767],[74.579,29.75],[74.547,29.755],[74.534,29.74],[74.477,29.745],[74.474,29.788],[74.485,29.816],[74.54,29.841],[74.561,29.871],[74.543,29.902],[74.51,29.907],[74.527,29.943],[73.896,29.98],[73.886,30.011],[73.903,30.049],[73.975,30.12],[73.967,30.141],[73.973,30.198],[73.806,30.068],[73.597,30.019],[73.397,29.945],[73.282,29.572],[73.09,29.246],[73.005,29.153],[72.946,29.028],[72.73,28.946],[72.479,28.812],[72.404,28.783],[72.356,28.735],[72.299,28.669],[72.206,28.394],[72.132,28.313],[72.004,28.218],[71.928,28.122],[71.898,27.961],[71.89093,27.95016],[71.892,27.96],[71.667,27.878],[71.383,27.873],[71.333,27.862],[71.206,27.835],[70.963,27.729],[70.872,27.705],[70.759,27.721],[70.74,27.742],[70.685,27.828],[70.678,27.922],[70.589,28.01],[70.506,28.037],[70.372,28.012],[70.296,27.936],[70.227,27.901],[70.133,27.806],[70.026,27.563],[69.934,27.498],[69.863,27.402],[69.702,27.284],[69.587,27.183],[69.513,27.01],[69.485,26.805]]]]}},{"type":"Feature","properties":{"st_name":"Uttar Pradesh"},"geometry":{"type":"MultiPolygon","coordinates":[[[[77.093,29.525],[77.103,29.506],[77.13,29.49],[77.124,29.455],[77.149,29.435],[77.133,29.418],[77.134,29.401],[77.158,29.387],[77.126,29.372],[77.127,29.346],[77.16,29.336],[77.152,29.298],[77.139,29.268],[77.15,29.233],[77.131,29.217],[77.147,29.18],[77.136,29.142],[77.149,29.118],[77.134,29.095],[77.164,29.079],[77.167,29.034],[77.189,29.028],[77.202,28.985],[77.196,28.938],[77.232,28.919],[77.227,28.88],[77.204,28.888],[77.189,28.88],[77.22292,28.83251],[77.219,28.809],[77.201,28.813],[77.199,28.798],[77.233,28.784],[77.222,28.778],[77.256,28.756],[77.261,28.734],[77.291,28.722],[77.291,28.706],[77.331,28.713],[77.324,28.698],[77.334,28.681],[77.32,28.658],[77.316,28.641],[77.342,28.622],[77.342,28.606],[77.313,28.597],[77.298,28.581],[77.299,28.56],[77.35,28.501],[77.372,28.499],[77.38,28.471],[77.406,28.465],[77.401,28.455],[77.433,28.455],[77.436,28.431],[77.462,28.424],[77.464,28.415],[77.477,28.419],[77.484,28.408],[77.474,28.397],[77.503,28.369],[77.496,28.349],[77.471,28.335],[77.506,28.302],[77.492,28.252],[77.55,28.241],[77.521,28.225],[77.534,28.21],[77.53,28.198],[77.497,28.206],[77.501,28.18],[77.518,28.192],[77.545,28.19],[77.549,28.177],[77.531,28.162],[77.502,28.161],[77.504,28.145],[77.492,28.136],[77.511,28.125],[77.499,28.095],[77.485,28.106],[77.475,28.085],[77.5,28.06],[77.483,28.04],[77.507,28.033],[77.543,27.988],[77.515,27.97],[77.521,27.96],[77.546,27.958],[77.52906,27.92667],[77.517,27.933],[77.501,27.926],[77.492,27.939],[77.475,27.929],[77.48,27.897],[77.462,27.876],[77.45,27.872],[77.42,27.891],[77.41,27.875],[77.422,27.854],[77.349,27.856],[77.335,27.848],[77.337,27.834],[77.296,27.826],[77.283,27.8],[77.31,27.788],[77.308,27.752],[77.32,27.737],[77.303,27.726],[77.305,27.712],[77.341,27.704],[77.353,27.651],[77.317,27.607],[77.335,27.591],[77.358,27.589],[77.337,27.571],[77.338,27.55],[77.349,27.545],[77.34,27.527],[77.386,27.514],[77.402,27.497],[77.402,27.476],[77.438,27.456],[77.421,27.421],[77.439,27.408],[77.44,27.391],[77.507,27.377],[77.524,27.356],[77.545,27.35],[77.548,27.337],[77.584,27.321],[77.622,27.336],[77.622,27.313],[77.599,27.297],[77.617,27.286],[77.617,27.258],[77.631,27.259],[77.646,27.242],[77.64873,27.24193],[77.646,27.211],[77.681,27.194],[77.671,27.178],[77.638,27.163],[77.619,27.173],[77.613,27.15],[77.598,27.141],[77.605,27.123],[77.598,27.118],[77.55,27.11],[77.538,27.098],[77.521,27.104],[77.507,27.093],[77.524,27.089],[77.524,27.064],[77.541,27.062],[77.554,27.075],[77.577,27.068],[77.563,27.029],[77.58,27.037],[77.631,27.01],[77.643,27.026],[77.668,27.018],[77.68,27.047],[77.694,27.04],[77.69,27.027],[77.712,26.997],[77.73,26.994],[77.733,27.025],[77.749,27.031],[77.763,27],[77.75,27.001],[77.758,26.996],[77.746,26.995],[77.743,26.983],[77.723,26.988],[77.677,26.973],[77.672,26.96],[77.661,26.971],[77.602,26.933],[77.592,26.94],[77.583,26.924],[77.49,26.9],[77.46,26.885],[77.459,26.873],[77.427,26.863],[77.422,26.84],[77.446,26.815],[77.433,26.768],[77.455,26.778],[77.47,26.764],[77.455,26.742],[77.485,26.748],[77.502,26.769],[77.488,26.788],[77.501,26.844],[77.521,26.841],[77.526,26.819],[77.574,26.821],[77.608,26.839],[77.608,26.828],[77.621,26.843],[77.675,26.858],[77.687,26.875],[77.701,26.868],[77.723,26.875],[77.725,26.91],[77.733,26.92],[77.753,26.917],[77.76,26.933],[77.798,26.916],[77.81,26.924],[77.85,26.913],[77.898,26.884],[77.909,26.89],[77.905,26.918],[77.938,26.907],[77.947,26.894],[77.972,26.906],[77.987,26.89],[78.015,26.903],[78.03,26.886],[78.025,26.873],[78.036,26.87],[78.021,26.858],[78.026,26.85],[78.044,26.87],[78.056,26.869],[78.048,26.909],[78.095,26.893],[78.097,26.905],[78.111,26.897],[78.101,26.917],[78.105,26.927],[78.121,26.922],[78.112,26.939],[78.12,26.948],[78.172,26.947],[78.21,26.932],[78.224,26.947],[78.239,26.926],[78.255,26.927],[78.255,26.935],[78.272,26.918],[78.233,26.874],[78.209,26.869],[78.197,26.881],[78.223,26.831],[78.269,26.814],[78.282,26.854],[78.363,26.869],[78.399,26.819],[78.434,26.826],[78.462,26.788],[78.522,26.78],[78.578,26.748],[78.613,26.752],[78.63,26.773],[78.673,26.764],[78.683,26.788],[78.722,26.796],[78.728,26.776],[78.753,26.787],[78.78,26.759],[78.78175,26.76466],[78.82,26.76],[78.872,26.698],[78.912,26.707],[78.956,26.692],[78.946,26.655],[78.983,26.677],[79.008,26.671],[78.993,26.641],[79.017,26.6],[78.989,26.595],[78.99,26.578],[79.007,26.565],[79.007,26.544],[79.028,26.547],[79.04,26.515],[79.049,26.518],[79.056,26.496],[79.068,26.496],[79.071,26.478],[79.052,26.453],[79.07,26.441],[79.095,26.443],[79.1,26.452],[79.14995,26.43765],[79.14,26.435],[79.129,26.432],[79.126,26.411],[79.096,26.412],[79.091,26.403],[79.097,26.375],[79.084,26.358],[79.139,26.338],[79.135,26.325],[79.116,26.32],[79.125,26.312],[79.117,26.299],[79.102,26.307],[79.091,26.27],[79.077,26.281],[79.046,26.26],[79.07,26.245],[79.065,26.227],[79.035,26.225],[79.018,26.248],[78.99,26.235],[79.026,26.22],[79.026,26.192],[78.993,26.196],[78.983,26.184],[79.005,26.168],[79.005,26.148],[78.967,26.15],[78.949,26.129],[79.012,26.083],[78.948,26.027],[78.954,26.015],[78.944,26.006],[78.957,25.996],[78.933,25.979],[78.938,25.943],[78.927,25.947],[78.884,25.914],[78.894,25.895],[78.886,25.868],[78.863,25.872],[78.85,25.853],[78.851,25.838],[78.872,25.835],[78.872,25.801],[78.857,25.792],[78.843,25.823],[78.818,25.829],[78.806,25.813],[78.828,25.814],[78.829,25.796],[78.808,25.801],[78.783,25.759],[78.77,25.748],[78.756,25.753],[78.754,25.741],[78.764,25.719],[78.8,25.705],[78.795,25.697],[78.817,25.676],[78.819,25.645],[78.81,25.619],[78.742,25.597],[78.717,25.605],[78.679,25.586],[78.658,25.56],[78.624,25.567],[78.631,25.579],[78.618,25.584],[78.588,25.557],[78.493,25.579],[78.468,25.561],[78.465,25.546],[78.444,25.563],[78.419,25.533],[78.429,25.511],[78.417,25.502],[78.431,25.474],[78.416,25.477],[78.378,25.437],[78.355,25.452],[78.339,25.43],[78.341,25.399],[78.305,25.377],[78.301,25.36],[78.328,25.352],[78.344,25.328],[78.312,25.303],[78.355,25.292],[78.35,25.277],[78.372,25.26],[78.36,25.242],[78.41,25.213],[78.391,25.201],[78.396,25.187],[78.416,25.183],[78.424,25.169],[78.458,25.164],[78.427,25.153],[78.446,25.121],[78.408,25.129],[78.384,25.102],[78.339,25.086],[78.347,25.022],[78.334,24.996],[78.222,24.913],[78.21,24.894],[78.174,24.879],[78.169,24.864],[78.176,24.844],[78.197,24.841],[78.235,24.773],[78.226,24.747],[78.277,24.663],[78.262,24.645],[78.278,24.612],[78.264,24.552],[78.229,24.536],[78.225,24.521],[78.246,24.509],[78.249,24.484],[78.275,24.474],[78.269,24.447],[78.35,24.387],[78.366,24.386],[78.37,24.375],[78.329,24.327],[78.387,24.269],[78.431,24.284],[78.444,24.319],[78.478,24.339],[78.474,24.356],[78.493,24.381],[78.518,24.388],[78.53,24.368],[78.586,24.354],[78.603,24.315],[78.629,24.303],[78.62,24.293],[78.626,24.281],[78.639,24.285],[78.66,24.268],[78.668,24.24],[78.703,24.227],[78.734,24.252],[78.748,24.233],[78.762,24.259],[78.786,24.184],[78.806,24.178],[78.815,24.207],[78.827,24.196],[78.847,24.214],[78.882,24.217],[78.885,24.251],[78.917,24.269],[78.91,24.298],[78.971,24.347],[78.97,24.37],[78.994,24.423],[78.986,24.441],[78.947,24.436],[78.94,24.453],[78.914,24.46],[78.92,24.5],[78.937,24.491],[78.927,24.482],[78.938,24.479],[78.971,24.494],[78.947,24.502],[78.943,24.534],[78.953,24.547],[78.92,24.575],[78.883,24.641],[78.868,24.64],[78.859,24.618],[78.843,24.623],[78.834,24.604],[78.803,24.603],[78.783,24.588],[78.752,24.6],[78.744,24.654],[78.781,24.706],[78.77,24.788],[78.79,24.811],[78.77,24.859],[78.676,24.898],[78.663,24.938],[78.632,24.958],[78.653,25.05],[78.627,25.087],[78.602,25.094],[78.601,25.156],[78.57,25.205],[78.57,25.224],[78.555,25.211],[78.578,25.254],[78.534,25.268],[78.531,25.284],[78.51,25.277],[78.504,25.29],[78.45,25.262],[78.435,25.284],[78.452,25.301],[78.473,25.286],[78.502,25.321],[78.509,25.296],[78.531,25.3],[78.553,25.32],[78.54,25.328],[78.531,25.356],[78.552,25.357],[78.561,25.341],[78.584,25.347],[78.586,25.374],[78.563,25.378],[78.566,25.394],[78.59,25.386],[78.61,25.416],[78.636,25.401],[78.645,25.414],[78.641,25.434],[78.66,25.442],[78.682,25.433],[78.69,25.446],[78.711,25.428],[78.675,25.4],[78.666,25.416],[78.659,25.385],[78.695,25.374],[78.7,25.382],[78.714,25.372],[78.709,25.351],[78.723,25.344],[78.775,25.353],[78.766,25.369],[78.774,25.376],[78.757,25.385],[78.768,25.4],[78.748,25.391],[78.749,25.41],[78.822,25.422],[78.803,25.437],[78.763,25.427],[78.732,25.458],[78.736,25.494],[78.746,25.497],[78.768,25.469],[78.792,25.483],[78.819,25.471],[78.809,25.453],[78.821,25.468],[78.841,25.462],[78.836,25.455],[78.855,25.447],[78.821,25.439],[78.845,25.428],[78.866,25.466],[78.835,25.506],[78.884,25.516],[78.887,25.532],[78.874,25.541],[78.882,25.553],[78.916,25.554],[78.923,25.536],[78.942,25.557],[78.953,25.538],[78.92,25.516],[78.941,25.495],[78.927,25.49],[78.944,25.481],[78.936,25.461],[78.909,25.442],[78.939,25.422],[78.951,25.44],[78.968,25.434],[78.977,25.42],[78.97,25.39],[78.99,25.373],[78.959,25.371],[78.939,25.347],[78.902,25.361],[78.897,25.374],[78.916,25.381],[78.938,25.375],[78.953,25.4],[78.918,25.396],[78.914,25.384],[78.88,25.386],[78.846,25.355],[78.846,25.326],[78.843,25.336],[78.82,25.307],[78.798,25.314],[78.788,25.296],[78.798,25.289],[78.817,25.307],[78.828,25.303],[78.809,25.271],[78.85,25.229],[78.867,25.28],[78.88,25.286],[78.875,25.309],[78.863,25.314],[78.868,25.325],[78.882,25.325],[78.882,25.343],[78.912,25.332],[78.921,25.343],[78.932,25.336],[78.928,25.324],[78.961,25.345],[78.958,25.302],[78.98,25.279],[78.956,25.283],[78.955,25.261],[78.945,25.259],[78.917,25.273],[78.9,25.243],[78.88,25.252],[78.87,25.226],[78.89,25.214],[78.871,25.187],[78.88,25.158],[78.903,25.17],[78.925,25.205],[78.954,25.219],[79.006,25.195],[79.001,25.234],[78.975,25.241],[78.995,25.273],[79.013,25.274],[79.026,25.261],[79.022,25.241],[79.04,25.243],[79.034,25.234],[79.064,25.222],[79.062,25.193],[79.052,25.187],[79.052,25.207],[79.031,25.184],[79.04,25.171],[79.032,25.138],[79.05,25.134],[79.067,25.148],[79.091,25.191],[79.096,25.175],[79.126,25.161],[79.116,25.139],[79.132,25.127],[79.124,25.111],[79.175,25.109],[79.187,25.126],[79.175,25.128],[79.176,25.141],[79.192,25.146],[79.215,25.112],[79.227,25.122],[79.245,25.114],[79.249,25.14],[79.224,25.146],[79.245,25.159],[79.265,25.152],[79.266,25.121],[79.283,25.117],[79.286,25.131],[79.308,25.13],[79.323,25.15],[79.284,25.193],[79.279,25.245],[79.328,25.221],[79.338,25.198],[79.352,25.212],[79.333,25.228],[79.344,25.227],[79.351,25.264],[79.335,25.27],[79.317,25.256],[79.294,25.284],[79.283,25.262],[79.271,25.262],[79.263,25.274],[79.269,25.305],[79.28279,25.33424],[79.279,25.324],[79.296,25.324],[79.3,25.338],[79.352,25.33],[79.336,25.288],[79.358,25.284],[79.356,25.265],[79.364,25.261],[79.374,25.272],[79.369,25.292],[79.408,25.273],[79.409,25.256],[79.437,25.255],[79.462,25.271],[79.461,25.282],[79.494,25.267],[79.462,25.265],[79.433,25.221],[79.449,25.215],[79.439,25.197],[79.412,25.2],[79.412,25.183],[79.39,25.17],[79.384,25.143],[79.405,25.107],[79.426,25.119],[79.421,25.135],[79.439,25.128],[79.439,25.101],[79.477,25.127],[79.465,25.088],[79.492,25.08],[79.506,25.096],[79.525,25.097],[79.518,25.127],[79.569,25.172],[79.596,25.143],[79.607,25.153],[79.601,25.128],[79.623,25.141],[79.673,25.12],[79.683,25.135],[79.717,25.129],[79.749,25.139],[79.829,25.099],[79.862,25.096],[79.848,25.111],[79.852,25.129],[79.882,25.142],[79.867,25.15],[79.87,25.172],[79.856,25.194],[79.869,25.216],[79.852,25.235],[79.878,25.251],[79.902,25.241],[79.907,25.251],[79.918,25.227],[79.948,25.269],[80.005,25.265],[79.999,25.286],[80.022,25.298],[80.019,25.324],[80.034,25.342],[80.073,25.337],[80.089,25.356],[80.131,25.334],[80.167,25.364],[80.169,25.377],[80.195,25.378],[80.202,25.414],[80.221,25.397],[80.236,25.408],[80.254,25.401],[80.264,25.424],[80.294,25.411],[80.315,25.39],[80.32,25.368],[80.31,25.355],[80.323,25.332],[80.311,25.287],[80.351,25.277],[80.384,25.237],[80.404,25.243],[80.431,25.176],[80.355,25.138],[80.355,25.126],[80.376,25.116],[80.371,25.1],[80.349,25.087],[80.346,25.065],[80.355,25.056],[80.337,25.059],[80.331,25.048],[80.311,25.044],[80.29,25.06],[80.288,25.038],[80.273,25.026],[80.322,25],[80.335,25],[80.348,25.018],[80.357,25.012],[80.363,25.024],[80.387,25.004],[80.396,25.012],[80.378,25.027],[80.39,25.036],[80.37,25.043],[80.374,25.056],[80.388,25.051],[80.4,25.07],[80.408,25.055],[80.416,25.073],[80.432,25.066],[80.449,25.079],[80.451,25.062],[80.466,25.065],[80.475,25.038],[80.502,25.037],[80.475,25.03],[80.454,25.042],[80.433,25.024],[80.454,25.006],[80.437,24.995],[80.463,25.003],[80.456,24.982],[80.478,24.974],[80.499,25.006],[80.55,25.003],[80.546,25.032],[80.501,25.041],[80.509,25.059],[80.497,25.073],[80.507,25.084],[80.5,25.1],[80.546,25.064],[80.568,25.073],[80.569,25.087],[80.613,25.066],[80.607,25.087],[80.598,25.079],[80.592,25.09],[80.607,25.118],[80.595,25.127],[80.605,25.15],[80.611,25.128],[80.629,25.134],[80.638,25.117],[80.608,25.098],[80.627,25.083],[80.64,25.092],[80.659,25.084],[80.662,25.068],[80.673,25.082],[80.685,25.077],[80.674,25.061],[80.68,25.048],[80.721,25.064],[80.737,25.053],[80.776,25.055],[80.788,25.062],[80.784,25.076],[80.752,25.093],[80.726,25.092],[80.731,25.112],[80.724,25.122],[80.708,25.118],[80.704,25.128],[80.73,25.146],[80.742,25.124],[80.779,25.143],[80.786,25.129],[80.807,25.137],[80.826,25.121],[80.83,25.1],[80.841,25.109],[80.837,25.134],[80.848,25.167],[80.838,25.181],[80.844,25.187],[80.869,25.174],[80.885,25.187],[80.913,25.159],[80.895,25.134],[80.88,25.138],[80.869,25.116],[80.88,25.099],[80.868,25.075],[80.878,25.065],[80.832,25.033],[80.855,25.004],[80.852,24.988],[80.824,24.968],[80.792,24.965],[80.82,24.933],[80.812,24.923],[80.836,24.92],[80.837,24.928],[80.892,24.945],[80.906,24.935],[80.905,24.938],[80.898,24.943],[80.899,24.949],[80.947,24.966],[80.957,24.918],[80.973,24.934],[80.987,24.923],[81.005,24.937],[81.023,24.928],[81.016,24.952],[81.025,24.94],[81.033,24.953],[81.085,24.95],[81.096,24.921],[81.139,24.888],[81.145,24.91],[81.16,24.914],[81.168,24.956],[81.207,24.931],[81.193,24.925],[81.219,24.929],[81.207,24.965],[81.221,24.977],[81.209,24.993],[81.226,25.002],[81.264,25.06],[81.267,25.092],[81.252,25.109],[81.282,25.16],[81.278,25.173],[81.314,25.171],[81.321,25.12],[81.331,25.122],[81.32,25.164],[81.335,25.176],[81.357,25.17],[81.376,25.149],[81.371,25.142],[81.399,25.126],[81.414,25.128],[81.406,25.138],[81.439,25.137],[81.447,25.114],[81.407,25.112],[81.465,25.097],[81.486,25.081],[81.496,25.087],[81.501,25.077],[81.5,25.096],[81.518,25.101],[81.498,25.105],[81.48,25.139],[81.496,25.136],[81.498,25.151],[81.53,25.143],[81.523,25.146],[81.536,25.161],[81.513,25.178],[81.518,25.186],[81.54,25.181],[81.54,25.18833],[81.556,25.183],[81.578,25.191],[81.596,25.182],[81.589,25.166],[81.615,25.169],[81.626,25.161],[81.623,25.141],[81.598,25.131],[81.608,25.096],[81.624,25.12],[81.641,25.099],[81.6,25.074],[81.618,25.061],[81.612,25.057],[81.641,25.057],[81.666,25.075],[81.667,25.061],[81.694,25.049],[81.689,25.04],[81.712,25.036],[81.732,25.048],[81.792,25.005],[81.835,25.017],[81.891,24.989],[81.908,25.001],[81.902,24.987],[81.92,24.928],[81.903,24.892],[81.934,24.871],[81.945,24.841],[81.966,24.827],[81.972,24.839],[82.016,24.846],[82.107,24.804],[82.10165,24.81336],[82.107,24.809],[82.116,24.784],[82.139,24.799],[82.167,24.785],[82.179,24.795],[82.167,24.801],[82.203,24.819],[82.184,24.796],[82.216,24.794],[82.209,24.779],[82.218,24.777],[82.195,24.776],[82.203,24.758],[82.178,24.732],[82.21373,24.73498],[82.207,24.747],[82.216,24.755],[82.229,24.746],[82.226,24.761],[82.245,24.745],[82.251,24.77],[82.25,24.697],[82.23,24.682],[82.239,24.662],[82.249,24.671],[82.261,24.662],[82.269,24.684],[82.304,24.666],[82.296,24.662],[82.304,24.644],[82.297,24.606],[82.32,24.606],[82.339,24.62],[82.363,24.598],[82.402,24.591],[82.422,24.6],[82.411,24.614],[82.418,24.652],[82.406,24.681],[82.428,24.702],[82.453,24.688],[82.457,24.673],[82.517,24.673],[82.52445,24.67722],[82.531,24.651],[82.573,24.657],[82.671,24.697],[82.701,24.675],[82.698,24.646],[82.707,24.636],[82.774,24.642],[82.78,24.614],[82.765,24.596],[82.803,24.598],[82.808,24.549],[82.756,24.537],[82.752,24.551],[82.719,24.553],[82.731,24.535],[82.721,24.514],[82.743,24.496],[82.73,24.472],[82.738,24.426],[82.722,24.414],[82.713,24.38],[82.726,24.368],[82.761,24.378],[82.77,24.37],[82.773,24.306],[82.756,24.261],[82.759,24.238],[82.735,24.217],[82.744,24.165],[82.728,24.135],[82.7,24.139],[82.683,24.155],[82.665,24.125],[82.707,24.096],[82.714,24.076],[82.774,24.076],[82.766,24.046],[82.747,24.027],[82.751,24.012],[82.804,24.004],[82.812,23.961],[82.837,23.957],[82.884,23.909],[82.95,23.871],[83.034,23.88],[83.093,23.872],[83.142,23.885],[83.16,23.908],[83.208,23.922],[83.224,23.987],[83.243,23.997],[83.246,24.013],[83.279,24.018],[83.295,24.072],[83.321,24.106],[83.334,24.104],[83.354,24.124],[83.383,24.197],[83.379,24.23],[83.409,24.266],[83.407,24.288],[83.38,24.313],[83.412,24.34],[83.434,24.338],[83.457,24.364],[83.436,24.4],[83.404,24.405],[83.405,24.436],[83.394,24.434],[83.385,24.455],[83.396,24.495],[83.503,24.525],[83.497,24.539],[83.522,24.547],[83.53,24.567],[83.524,24.603],[83.548,24.623],[83.525,24.628],[83.529,24.643],[83.501,24.651],[83.52,24.677],[83.498,24.704],[83.485,24.702],[83.489,24.737],[83.458,24.732],[83.428,24.768],[83.393,24.783],[83.397,24.832],[83.357,24.871],[83.37,24.879],[83.355,24.905],[83.364,24.914],[83.361,24.954],[83.343,24.963],[83.352,25],[83.323,25.018],[83.33,25.056],[83.344,25.051],[83.336,25.062],[83.35,25.114],[83.364,25.112],[83.368,25.129],[83.364,25.154],[83.352,25.158],[83.356,25.196],[83.315,25.214],[83.367,25.196],[83.384,25.211],[83.402,25.209],[83.416,25.25],[83.429,25.254],[83.437,25.244],[83.45,25.261],[83.467,25.252],[83.49,25.289],[83.492,25.28],[83.506,25.281],[83.527,25.293],[83.523,25.303],[83.534,25.297],[83.554,25.309],[83.537,25.31],[83.53,25.323],[83.573,25.314],[83.572,25.306],[83.596,25.328],[83.628,25.329],[83.634,25.343],[83.649,25.339],[83.664,25.373],[83.677,25.364],[83.694,25.37],[83.682,25.379],[83.703,25.397],[83.71,25.386],[83.741,25.411],[83.745,25.4],[83.767,25.401],[83.755,25.393],[83.769,25.386],[83.772,25.398],[83.808,25.409],[83.814,25.422],[83.801,25.43],[83.847,25.435],[83.842,25.447],[83.813,25.454],[83.823,25.466],[83.833,25.458],[83.856,25.468],[83.878,25.499],[83.876,25.518],[83.87444,25.51808],[83.901,25.523],[83.921,25.552],[84.018,25.615],[84.081,25.636],[84.075,25.695],[84.089,25.713],[84.14,25.732],[84.13,25.718],[84.15,25.719],[84.153,25.73],[84.199,25.702],[84.206,25.669],[84.277,25.66],[84.3,25.666],[84.288,25.678],[84.324,25.671],[84.336,25.744],[84.375,25.735],[84.374,25.744],[84.39,25.746],[84.385,25.733],[84.4,25.729],[84.407,25.699],[84.428,25.694],[84.43,25.712],[84.454,25.715],[84.466,25.692],[84.494,25.691],[84.499,25.675],[84.529,25.683],[84.54,25.727],[84.535,25.691],[84.558,25.68],[84.56,25.737],[84.635,25.728],[84.603,25.762],[84.613,25.776],[84.624,25.771],[84.625,25.792],[84.551,25.841],[84.549,25.829],[84.531,25.832],[84.523,25.86],[84.543,25.86],[84.534,25.876],[84.511,25.872],[84.49,25.888],[84.472,25.882],[84.433,25.89],[84.412,25.931],[84.363,25.936],[84.384,25.939],[84.354,25.959],[84.297,25.945],[84.207,26],[84.196,25.988],[84.176,25.997],[84.17,25.988],[84.172,26.025],[84.104,26.093],[84.056,26.1],[84.05,26.13],[84.027,26.142],[84.033,26.161],[84.01,26.175],[84.009,26.19],[84.029,26.199],[84.031,26.217],[84.012,26.232],[84.019,26.239],[84.086,26.219],[84.091,26.234],[84.117,26.24],[84.122,26.259],[84.151,26.258],[84.166,26.241],[84.161,26.256],[84.177,26.265],[84.175,26.292],[84.186,26.313],[84.173,26.334],[84.176,26.373],[84.079,26.382],[84.034,26.412],[84.02,26.445],[83.998,26.447],[83.987,26.42],[83.9756,26.41466],[83.991,26.433],[83.908,26.447],[83.915,26.503],[83.908,26.519],[83.94,26.525],[83.951,26.509],[83.97,26.507],[83.977,26.533],[84.008,26.522],[84.048,26.536],[84.089,26.603],[84.087,26.639],[84.112,26.631],[84.159,26.636],[84.16,26.625],[84.201,26.625],[84.281,26.6],[84.307,26.616],[84.38,26.615],[84.42,26.626],[84.411,26.67],[84.33,26.684],[84.306,26.75],[84.286,26.75],[84.256,26.727],[84.241,26.739],[84.233,26.754],[84.26,26.804],[84.25,26.819],[84.261,26.83],[84.254,26.857],[84.22,26.872],[84.19,26.859],[84.182,26.834],[84.166,26.834],[84.141,26.853],[84.147,26.885],[84.118,26.888],[84.109,26.899],[84.1,26.877],[84.088,26.882],[84.061,26.888],[84.052,26.906],[84.06,26.92],[84.046,26.94],[84.032,26.941],[84.055,26.96],[84.046,26.982],[84.057,26.99],[84.037,27.009],[84.05,27.043],[84,27.069],[84.017,27.072],[84.031,27.097],[84.016,27.105],[83.95,27.087],[83.948,27.113],[83.993,27.182],[83.968,27.21],[83.97,27.224],[83.912,27.246],[83.907,27.276],[83.88868,27.28611],[83.913,27.278],[83.934,27.308],[83.912,27.327],[83.859,27.308],[83.837,27.322],[83.862,27.336],[83.864,27.347],[83.831,27.369],[83.617,27.468],[83.388,27.479],[83.402,27.457],[83.384,27.436],[83.41,27.413],[83.385,27.39],[83.386,27.373],[83.342,27.335],[83.293,27.336],[83.266,27.366],[83.272,27.383],[83.219,27.416],[83.188,27.454],[83.035,27.449],[82.954,27.468],[82.93,27.501],[82.8,27.497],[82.736,27.503],[82.72326,27.4807],[82.737,27.518],[82.749,27.522],[82.737,27.548],[82.754,27.585],[82.735,27.61],[82.738,27.642],[82.713,27.664],[82.719,27.685],[82.708,27.723],[82.679,27.714],[82.665,27.723],[82.541,27.686],[82.449,27.68],[82.207,27.844],[82.153,27.867],[82.149,27.858],[82.121,27.866],[82.07,27.923],[81.968,27.929],[81.925,27.875],[81.926,27.86],[81.9,27.853],[81.834,27.898],[81.805,27.903],[81.748,27.948],[81.698,27.988],[81.642,27.994],[81.48,28.081],[81.482,28.114],[81.427,28.171],[81.38,28.173],[81.372,28.165],[81.378,28.145],[81.318,28.136],[81.327,28.157],[81.306,28.164],[81.326,28.171],[81.319,28.202],[81.239,28.281],[81.234,28.33],[81.214,28.358],[81.084,28.385],[81.057,28.404],[81.039,28.412],[81.035,28.4],[81.021,28.411],[81.038,28.43],[81.015,28.433],[81.012,28.448],[80.971,28.435],[80.964,28.441],[80.977,28.451],[80.938,28.451],[80.941,28.466],[80.927,28.455],[80.901,28.461],[80.908,28.494],[80.891,28.505],[80.863,28.505],[80.864,28.492],[80.785,28.525],[80.77,28.565],[80.701,28.575],[80.697,28.602],[80.68,28.604],[80.667,28.64],[80.592,28.646],[80.583,28.661],[80.589,28.679],[80.564,28.69],[80.536,28.686],[80.507,28.666],[80.519,28.58],[80.531,28.569],[80.521,28.558],[80.47,28.588],[80.464,28.62],[80.437,28.637],[80.371,28.633],[80.328,28.672],[80.321,28.697],[80.273,28.712],[80.261,28.725],[80.269,28.744],[80.261,28.754],[80.209,28.76],[80.132,28.822],[80.081,28.824],[80.065,28.836],[80.052,28.82],[80.067,28.804],[80.061,28.783],[80.032,28.752],[79.954,28.722],[79.939,28.75],[79.943,28.76],[79.924,28.773],[79.94,28.787],[79.901,28.782],[79.873,28.798],[79.879,28.815],[79.916,28.804],[79.914,28.819],[79.893,28.821],[79.89,28.836],[79.879,28.831],[79.863,28.84],[79.846,28.823],[79.849,28.8],[79.81,28.799],[79.815,28.815],[79.824,28.808],[79.835,28.825],[79.825,28.831],[79.83,28.854],[79.848,28.858],[79.842,28.877],[79.831,28.873],[79.832,28.882],[79.818,28.888],[79.797,28.885],[79.788,28.872],[79.749,28.872],[79.746,28.86],[79.726,28.861],[79.706,28.841],[79.656,28.87],[79.584,28.846],[79.574,28.855],[79.584,28.879],[79.556,28.899],[79.522,28.865],[79.497,28.873],[79.439,28.862],[79.425,28.867],[79.431,28.887],[79.423,28.893],[79.42167,28.8954],[79.428,28.913],[79.408,28.952],[79.385,28.952],[79.372,28.987],[79.362,28.981],[79.365,28.968],[79.312,28.977],[79.307,28.967],[79.212,29.027],[79.172,29.012],[79.164,29.029],[79.176,29.047],[79.143,29.068],[79.152,29.119],[79.049,29.16],[79.031,29.166],[79.041,29.159],[79.037,29.143],[79.019,29.155],[79.016,29.132],[79.042,29.127],[79.027,29.112],[79.009,29.111],[78.991,29.14],[78.977,29.139],[78.983,29.125],[78.935,29.13],[78.927,29.119],[78.913,29.121],[78.916,29.153],[78.902,29.17],[78.909,29.178],[78.875,29.206],[78.884,29.211],[78.874,29.23],[78.859,29.242],[78.849,29.232],[78.838,29.242],[78.808,29.236],[78.765,29.28],[78.719,29.306],[78.735,29.303],[78.734,29.322],[78.75,29.318],[78.766,29.337],[78.776,29.325],[78.793,29.33],[78.797,29.311],[78.809,29.32],[78.8,29.334],[78.825,29.367],[78.84,29.345],[78.856,29.349],[78.851,29.36],[78.901,29.384],[78.942,29.439],[78.918,29.434],[78.8,29.465],[78.748,29.5],[78.705,29.501],[78.653,29.544],[78.618,29.558],[78.54,29.627],[78.521,29.659],[78.516,29.721],[78.498,29.734],[78.442,29.629],[78.496,29.735],[78.414,29.763],[78.343,29.791],[78.314,29.752],[78.242,29.698],[78.232,29.712],[78.205,29.704],[78.193,29.684],[78.144,29.674],[78.139,29.647],[78.113,29.642],[78.122,29.604],[78.112,29.643],[78.09,29.63],[78.081,29.606],[78.042,29.597],[78.046,29.546],[77.999,29.54],[77.99,29.559],[77.995,29.582],[77.958,29.585],[77.963,29.61],[77.988,29.608],[77.988,29.636],[77.976,29.65],[77.983,29.67],[77.973,29.665],[77.954,29.686],[77.963,29.7],[77.93,29.715],[77.913,29.696],[77.882,29.702],[77.875,29.687],[77.839,29.67],[77.82,29.674],[77.799,29.686],[77.81,29.702],[77.771,29.714],[77.782,29.736],[77.77,29.744],[77.781,29.766],[77.774,29.791],[77.755,29.808],[77.741,29.852],[77.717,29.863],[77.714,29.884],[77.748,29.912],[77.731,29.932],[77.76,29.965],[77.744,29.983],[77.76,30.009],[77.784,30.021],[77.769,30.043],[77.798,30.095],[77.825,30.084],[77.85,30.107],[77.943,30.24],[77.895,30.265],[77.839,30.275],[77.722,30.33],[77.69,30.377],[77.679,30.375],[77.658,30.4],[77.593,30.406],[77.577,30.398],[77.604,30.368],[77.578,30.33],[77.585,30.311],[77.538,30.279],[77.53,30.251],[77.459,30.166],[77.567,30.121],[77.455,30.163],[77.426,30.158],[77.425,30.131],[77.403,30.111],[77.424,30.103],[77.407,30.088],[77.379,30.09],[77.334,30.054],[77.303,30.055],[77.278,30.042],[77.276,29.997],[77.247,29.977],[77.243,29.959],[77.191,29.902],[77.194,29.867],[77.164,29.788],[77.127,29.771],[77.123,29.743],[77.156,29.705],[77.129,29.679],[77.141,29.653],[77.122,29.643],[77.096,29.595],[77.121,29.547],[77.093,29.525]]],[[[79.351,25.069],[79.356,25.04],[79.369,25.054],[79.395,25.032],[79.409,25.034],[79.426,25.059],[79.388,25.085],[79.381,25.122],[79.364,25.125],[79.374,25.143],[79.365,25.144],[79.351,25.117],[79.38,25.101],[79.38,25.067],[79.367,25.059],[79.351,25.069]]],[[[79.354,25.176],[79.365,25.171],[79.372,25.181],[79.36,25.188],[79.354,25.176]]]]}},{"type":"Feature","properties":{"st_name":"Bihar"},"geometry":{"type":"MultiPolygon","coordinates":[[[[83.323,25.018],[83.35,25.009],[83.343,24.963],[83.361,24.954],[83.364,24.914],[83.355,24.905],[83.37,24.879],[83.357,24.871],[83.397,24.832],[83.393,24.783],[83.428,24.768],[83.458,24.732],[83.489,24.737],[83.485,24.702],[83.498,24.704],[83.52,24.677],[83.501,24.651],[83.529,24.643],[83.525,24.628],[83.548,24.623],[83.524,24.603],[83.53,24.567],[83.522,24.547],[83.497,24.539],[83.503,24.526],[83.72,24.503],[83.8,24.53],[83.873,24.532],[83.934,24.548],[83.976,24.593],[84.05486,24.72443],[84.007,24.643],[84.052,24.61],[84.052,24.587],[84.08053,24.57699],[84.059,24.573],[84.074,24.567],[84.078,24.541],[84.093,24.534],[84.091,24.497],[84.108,24.477],[84.125,24.481],[84.141,24.501],[84.135,24.524],[84.145,24.537],[84.163,24.533],[84.156,24.511],[84.179,24.505],[84.185,24.521],[84.173,24.545],[84.188,24.553],[84.201,24.554],[84.213,24.533],[84.22,24.547],[84.236,24.55],[84.235,24.539],[84.257,24.527],[84.28,24.547],[84.27,24.56],[84.297,24.561],[84.328,24.492],[84.296,24.473],[84.298,24.449],[84.322,24.446],[84.336,24.431],[84.321,24.421],[84.335,24.421],[84.342,24.394],[84.389,24.389],[84.394,24.373],[84.407,24.375],[84.401,24.364],[84.431,24.356],[84.425,24.33],[84.462,24.336],[84.471,24.305],[84.497,24.3],[84.492,24.286],[84.531,24.338],[84.529,24.377],[84.554,24.373],[84.574,24.385],[84.562,24.397],[84.568,24.409],[84.584,24.413],[84.587,24.401],[84.646,24.403],[84.665,24.391],[84.685,24.455],[84.747,24.486],[84.749,24.514],[84.749,24.496],[84.787,24.505],[84.802,24.531],[84.826,24.525],[84.839,24.511],[84.84,24.452],[84.854,24.467],[84.864,24.457],[84.887,24.463],[84.882,24.425],[84.904,24.395],[84.904,24.372],[84.975,24.375],[85.031,24.414],[85.061,24.406],[85.081,24.433],[85.073,24.378],[85.099,24.374],[85.123,24.402],[85.175,24.422],[85.156,24.446],[85.16,24.459],[85.226,24.463],[85.25,24.491],[85.284,24.493],[85.288,24.524],[85.392,24.53],[85.397,24.545],[85.371,24.555],[85.345,24.556],[85.384,24.556],[85.434,24.529],[85.491,24.548],[85.508,24.538],[85.508,24.525],[85.524,24.521],[85.543,24.534],[85.541,24.563],[85.56,24.553],[85.572,24.562],[85.566,24.587],[85.58,24.6],[85.615,24.581],[85.668,24.579],[85.676,24.617],[85.667,24.662],[85.649,24.685],[85.682,24.692],[85.709,24.726],[85.707,24.78],[85.722,24.786],[85.735,24.821],[85.778,24.797],[85.809,24.794],[85.827,24.808],[85.867,24.804],[85.889,24.793],[85.914,24.75],[85.944,24.734],[85.969,24.733],[85.98,24.749],[86.05352,24.77939],[86.057,24.762],[86.037,24.741],[86.07,24.751],[86.107,24.735],[86.132,24.679],[86.115,24.644],[86.133,24.606],[86.18,24.584],[86.214,24.595],[86.214,24.614],[86.259,24.578],[86.323,24.587],[86.301,24.56],[86.308,24.549],[86.297,24.535],[86.309,24.511],[86.276,24.466],[86.317,24.442],[86.35,24.447],[86.413,24.38],[86.456,24.372],[86.472,24.394],[86.467,24.424],[86.491,24.428],[86.495,24.456],[86.487,24.464],[86.509,24.522],[86.53,24.54],[86.552,24.536],[86.559,24.562],[86.58,24.567],[86.61187,24.62993],[86.611,24.599],[86.625,24.599],[86.624,24.589],[86.652,24.57],[86.67,24.565],[86.735,24.579],[86.75,24.595],[86.754,24.621],[86.773,24.622],[86.81,24.598],[86.803,24.57],[86.843,24.574],[86.843,24.558],[86.857,24.555],[86.881,24.572],[86.915,24.542],[86.907,24.589],[86.945,24.636],[86.938,24.65],[86.958,24.648],[86.953,24.631],[86.978,24.639],[86.996,24.62],[87.017,24.631],[87.023,24.616],[87.051,24.609],[87.054,24.67],[87.081,24.729],[87.07,24.745],[87.084,24.756],[87.078,24.778],[87.096,24.802],[87.073,24.808],[87.074,24.819],[87.091,24.825],[87.111,24.858],[87.143,24.86],[87.157,24.884],[87.143,24.913],[87.152,24.932],[87.146,25.019],[87.176,25.058],[87.17435,25.05829],[87.214,25.091],[87.237,25.086],[87.25,25.106],[87.295,25.089],[87.328,25.224],[87.372,25.206],[87.384,25.225],[87.402,25.227],[87.478,25.194],[87.476,25.237],[87.491,25.261],[87.5,25.259],[87.487,25.295],[87.493,25.307],[87.502,25.292],[87.543,25.281],[87.55195,25.33173],[87.571,25.333],[87.584,25.349],[87.592,25.342],[87.584,25.331],[87.612,25.313],[87.63,25.32],[87.655,25.307],[87.692,25.311],[87.685,25.306],[87.699,25.304],[87.693,25.285],[87.712,25.275],[87.712,25.258],[87.779,25.247],[87.773,25.221],[87.841,25.201],[87.827,25.235],[87.856,25.256],[87.86,25.287],[87.795,25.326],[87.787,25.339],[87.792,25.373],[87.765,25.385],[87.772,25.404],[87.764,25.414],[87.776,25.408],[87.77,25.426],[87.787,25.45],[87.825,25.438],[87.839,25.468],[87.869,25.469],[87.865,25.488],[87.886,25.508],[87.885,25.52],[87.903,25.505],[87.928,25.537],[87.964,25.539],[87.992,25.525],[87.985,25.516],[87.996,25.5],[88.007,25.496],[88.014,25.511],[88.012,25.5],[88.049,25.485],[88.073,25.483],[88.077,25.508],[88.058,25.534],[88.037,25.538],[88.038,25.553],[88.026,25.559],[88.039,25.569],[88.026,25.572],[88.02,25.591],[88.03,25.593],[88.024,25.602],[88.04,25.601],[88.03,25.605],[88.043,25.609],[88.035,25.624],[88.055,25.638],[88.037,25.642],[88.048,25.646],[88.048,25.698],[88.021,25.696],[88.021,25.71],[87.992,25.725],[87.966,25.725],[87.938,25.774],[87.904,25.772],[87.908,25.803],[87.899,25.808],[87.916,25.816],[87.888,25.83],[87.903,25.834],[87.897,25.837],[87.915,25.854],[87.819,25.88],[87.805,25.875],[87.827,25.893],[87.823,25.912],[87.808,25.912],[87.807,25.93],[87.838,25.932],[87.834,25.946],[87.847,25.963],[87.856,26.037],[87.89,26.048],[87.893,26.062],[87.928,26.083],[87.943,26.062],[87.954,26.065],[87.953,26.077],[87.982,26.073],[87.964,26.094],[87.987,26.103],[87.984,26.115],[87.969,26.119],[87.981,26.126],[87.975,26.143],[87.992,26.151],[88,26.139],[88.014,26.15],[88.01,26.162],[88.037,26.179],[88.072,26.175],[88.115,26.224],[88.141,26.228],[88.145,26.252],[88.174,26.256],[88.183,26.274],[88.211,26.278],[88.247,26.328],[88.269,26.339],[88.274,26.329],[88.279,26.35],[88.293,26.352],[88.276,26.379],[88.231,26.379],[88.225,26.393],[88.27,26.42],[88.251,26.433],[88.244,26.454],[88.225,26.454],[88.21,26.469],[88.224,26.482],[88.213,26.483],[88.211,26.473],[88.18,26.488],[88.191,26.516],[88.203,26.513],[88.23,26.535],[88.219,26.557],[88.211,26.561],[88.216,26.548],[88.205,26.544],[88.213,26.54],[88.182,26.549],[88.175,26.535],[88.164,26.542],[88.162,26.524],[88.142,26.514],[88.099,26.539],[88.104,26.467],[88.088,26.462],[88.097,26.448],[88.068,26.408],[88.027,26.383],[88.032,26.366],[87.997,26.365],[87.992,26.393],[87.926,26.418],[87.915,26.431],[87.924,26.447],[87.898,26.449],[87.91,26.458],[87.889,26.487],[87.859,26.463],[87.862,26.449],[87.848,26.437],[87.787,26.467],[87.765,26.41],[87.739,26.418],[87.734,26.408],[87.713,26.427],[87.677,26.436],[87.678,26.416],[87.65,26.406],[87.647,26.385],[87.64437,26.38485],[87.646,26.393],[87.589,26.382],[87.547,26.418],[87.464,26.44],[87.368,26.408],[87.356,26.388],[87.358,26.361],[87.341,26.347],[87.312,26.371],[87.266,26.374],[87.266,26.406],[87.247,26.414],[87.219,26.404],[87.213,26.413],[87.186,26.414],[87.189,26.405],[87.163,26.404],[87.092,26.45],[87.067,26.586],[87.044,26.587],[87.037,26.561],[87.015,26.532],[86.932,26.517],[86.929,26.49],[86.893,26.488],[86.894,26.462],[86.861,26.458],[86.846,26.442],[86.766,26.459],[86.747,26.429],[86.72472,26.42622],[86.725,26.427],[86.692,26.451],[86.632,26.465],[86.614,26.488],[86.57,26.497],[86.542,26.538],[86.498,26.542],[86.456,26.568],[86.395,26.585],[86.397,26.594],[86.341,26.606],[86.343,26.617],[86.253,26.617],[86.235,26.592],[86.219,26.59],[86.199,26.595],[86.192,26.615],[86.136,26.606],[86.138,26.629],[86.06,26.659],[86.012,26.66],[86.01535,26.65245],[86.011,26.656],[85.979,26.658],[85.954,26.647],[85.947,26.613],[85.928,26.616],[85.859,26.569],[85.849,26.57],[85.858,26.59],[85.851,26.609],[85.81746,26.60308],[85.802,26.624],[85.77,26.63],[85.732,26.654],[85.723,26.7],[85.734,26.796],[85.721,26.821],[85.674,26.845],[85.643,26.853],[85.627,26.874],[85.586,26.847],[85.576,26.861],[85.566,26.841],[85.544,26.838],[85.52,26.814],[85.503,26.815],[85.495,26.797],[85.479,26.802],[85.451,26.782],[85.408,26.792],[85.339,26.746],[85.34958,26.74449],[85.209,26.759],[85.177,26.81],[85.191,26.832],[85.192,26.868],[85.137,26.87],[85.14033,26.86769],[85.099,26.871],[85.083,26.853],[85.064,26.85],[85.063,26.858],[85.058,26.849],[85.023,26.855],[85.03,26.875],[85.061,26.887],[85.005,26.895],[84.994,26.903],[85,26.912],[84.969,26.916],[84.978,26.938],[84.962,26.961],[84.892,26.97],[84.856,26.986],[84.856,27.008],[84.823,27.021],[84.809,27.018],[84.793,26.996],[84.782,27.014],[84.765,27.013],[84.741,26.954],[84.758,27.003],[84.644,27.047],[84.648,27.073],[84.676,27.103],[84.687,27.16],[84.676,27.172],[84.689,27.224],[84.624,27.337],[84.47,27.355],[84.422,27.371],[84.338,27.376],[84.302,27.392],[84.292,27.385],[84.275,27.397],[84.272,27.425],[84.253,27.45],[84.232,27.456],[84.209,27.442],[84.206,27.469],[84.149,27.486],[84.152,27.517],[84.117,27.514],[84.098,27.517],[84.094,27.49],[84.069,27.481],[84.052,27.443],[84.025,27.433],[83.994,27.446],[83.948,27.44],[83.933,27.451],[83.877,27.436],[83.849,27.447],[83.832,27.428],[83.883,27.377],[83.862,27.336],[83.837,27.322],[83.871,27.307],[83.902,27.326],[83.926,27.321],[83.934,27.3],[83.906,27.275],[83.905,27.258],[83.912,27.246],[83.97,27.224],[83.968,27.21],[83.993,27.182],[83.959,27.136],[83.947,27.09],[83.964,27.084],[84.016,27.105],[84.031,27.097],[84.017,27.072],[84,27.069],[84.05,27.043],[84.037,27.009],[84.057,26.99],[84.046,26.982],[84.055,26.96],[84.032,26.941],[84.047,26.939],[84.06,26.92],[84.052,26.906],[84.06,26.888],[84.098,26.876],[84.11,26.899],[84.118,26.888],[84.146,26.885],[84.141,26.853],[84.166,26.834],[84.182,26.834],[84.19,26.859],[84.22,26.872],[84.254,26.857],[84.262,26.842],[84.25,26.819],[84.257,26.79],[84.233,26.753],[84.255,26.727],[84.286,26.75],[84.33652,26.75842],[84.308,26.748],[84.33,26.684],[84.411,26.67],[84.413,26.638],[84.429,26.635],[84.433,26.614],[84.427,26.631],[84.415,26.635],[84.42,26.626],[84.38,26.615],[84.307,26.616],[84.281,26.6],[84.201,26.625],[84.16,26.625],[84.159,26.636],[84.112,26.631],[84.087,26.639],[84.089,26.603],[84.048,26.536],[84.008,26.522],[83.977,26.533],[83.97,26.507],[83.951,26.509],[83.94,26.525],[83.908,26.519],[83.915,26.503],[83.908,26.448],[83.991,26.432],[83.998,26.447],[84.018,26.447],[84.034,26.412],[84.063,26.401],[84.068,26.388],[84.187,26.369],[84.215,26.353],[84.177,26.37],[84.173,26.334],[84.186,26.313],[84.175,26.292],[84.177,26.265],[84.161,26.256],[84.166,26.241],[84.151,26.258],[84.122,26.259],[84.117,26.24],[84.091,26.234],[84.086,26.219],[84.019,26.239],[84.012,26.232],[84.031,26.217],[84.029,26.199],[84.013,26.194],[84.008,26.18],[84.033,26.161],[84.027,26.142],[84.05,26.13],[84.056,26.1],[84.104,26.093],[84.172,26.025],[84.17,25.988],[84.176,25.997],[84.196,25.988],[84.207,26],[84.297,25.945],[84.354,25.959],[84.412,25.931],[84.428,25.891],[84.454,25.888],[84.49,25.888],[84.511,25.872],[84.534,25.876],[84.543,25.86],[84.523,25.86],[84.531,25.832],[84.549,25.829],[84.551,25.841],[84.608,25.805],[84.625,25.792],[84.624,25.771],[84.613,25.776],[84.603,25.762],[84.635,25.728],[84.6,25.738],[84.56,25.737],[84.557,25.68],[84.535,25.691],[84.54,25.727],[84.534,25.724],[84.529,25.683],[84.499,25.675],[84.494,25.691],[84.466,25.692],[84.454,25.715],[84.43,25.712],[84.428,25.694],[84.407,25.699],[84.4,25.729],[84.384,25.733],[84.357,25.684],[84.387,25.746],[84.374,25.744],[84.375,25.735],[84.336,25.744],[84.324,25.671],[84.288,25.678],[84.299,25.669],[84.295,25.661],[84.206,25.669],[84.199,25.702],[84.153,25.73],[84.142,25.716],[84.13,25.718],[84.14,25.732],[84.089,25.713],[84.075,25.695],[84.081,25.636],[84.018,25.615],[83.921,25.552],[83.901,25.523],[83.876,25.518],[83.878,25.499],[83.856,25.468],[83.833,25.458],[83.823,25.466],[83.813,25.454],[83.842,25.447],[83.847,25.435],[83.801,25.43],[83.814,25.422],[83.808,25.409],[83.772,25.398],[83.769,25.386],[83.755,25.393],[83.767,25.401],[83.745,25.4],[83.741,25.411],[83.71,25.386],[83.703,25.397],[83.682,25.379],[83.694,25.37],[83.677,25.364],[83.664,25.373],[83.649,25.339],[83.634,25.343],[83.628,25.329],[83.596,25.328],[83.574,25.306],[83.572,25.315],[83.54,25.316],[83.554,25.309],[83.534,25.297],[83.523,25.303],[83.527,25.293],[83.506,25.281],[83.492,25.28],[83.49,25.289],[83.467,25.252],[83.45,25.261],[83.437,25.244],[83.429,25.254],[83.41,25.246],[83.414,25.235],[83.407,25.239],[83.3965,25.2105],[83.394,25.205],[83.385,25.212],[83.383,25.202],[83.356,25.197],[83.352,25.158],[83.364,25.154],[83.368,25.129],[83.364,25.112],[83.35,25.114],[83.336,25.062],[83.344,25.051],[83.33,25.056],[83.323,25.018]]]]}},{"type":"Feature","properties":{"st_name":"Sikkim"},"geometry":{"type":"MultiPolygon","coordinates":[[[[88.013,27.217],[88.064,27.214],[88.077,27.201],[88.075,27.173],[88.097,27.133],[88.152,27.11],[88.187,27.134],[88.216,27.134],[88.236,27.119],[88.303,27.129],[88.323,27.118],[88.322,27.104],[88.341,27.11],[88.358,27.096],[88.434,27.08],[88.46,27.091],[88.476,27.122],[88.498,27.124],[88.532,27.15],[88.521,27.173],[88.543,27.183],[88.593,27.191],[88.66,27.161],[88.688,27.179],[88.716,27.16],[88.718,27.143],[88.739,27.135],[88.761,27.152],[88.767,27.178],[88.791,27.186],[88.803,27.248],[88.832,27.262],[88.879,27.261],[88.908,27.277],[88.92,27.327],[88.884,27.342],[88.861,27.387],[88.838,27.379],[88.823,27.391],[88.806,27.407],[88.809,27.424],[88.795,27.429],[88.796,27.448],[88.783,27.45],[88.777,27.469],[88.793,27.529],[88.777,27.532],[88.764,27.565],[88.791,27.575],[88.788,27.585],[88.809,27.603],[88.805,27.624],[88.815,27.646],[88.827,27.644],[88.848,27.668],[88.838,27.706],[88.856,27.717],[88.865,27.742],[88.854,27.765],[88.862,27.798],[88.856,27.816],[88.883,27.835],[88.883,27.891],[88.861,27.928],[88.837,27.929],[88.844,27.993],[88.836,28.015],[88.813,28.023],[88.756,28.076],[88.672,28.072],[88.648,28.098],[88.629,28.124],[88.61,28.129],[88.62,28.098],[88.553,28.081],[88.551,28.038],[88.523,28.035],[88.495,28.054],[88.468,28.017],[88.415,27.999],[88.399,27.978],[88.353,27.99],[88.33,27.973],[88.318,27.979],[88.266,27.957],[88.251,27.942],[88.237,27.971],[88.207,27.961],[88.205,27.942],[88.145,27.964],[88.129,27.949],[88.138,27.937],[88.119,27.917],[88.139,27.889],[88.135,27.882],[88.196,27.854],[88.203,27.841],[88.173,27.82],[88.198,27.791],[88.182,27.776],[88.178,27.746],[88.156,27.736],[88.143,27.663],[88.119,27.644],[88.114,27.61],[88.083,27.589],[88.08,27.564],[88.059,27.536],[88.061,27.512],[88.044,27.496],[88.045,27.478],[88.067,27.458],[88.075,27.433],[88.048,27.405],[88.042,27.371],[88.068,27.335],[88.033,27.285],[88.032,27.25],[88.013,27.217]]]]}},{"type":"Feature","properties":{"st_name":"Arunachal Pradesh"},"geometry":{"type":"MultiPolygon","coordinates":[[[[91.548,27.847],[91.568,27.815],[91.601,27.821],[91.631,27.801],[91.642,27.758],[91.626,27.706],[91.599,27.693],[91.56,27.633],[91.578,27.608],[91.564,27.584],[91.655,27.483],[91.692,27.503],[91.712,27.491],[91.722,27.47],[91.751,27.474],[91.775,27.464],[91.83,27.469],[91.851,27.482],[91.951,27.46],[92.02,27.479],[92.021,27.447],[92.04,27.436],[92.056,27.4],[92.048,27.368],[92.06,27.327],[92.122,27.287],[92.12,27.275],[92.103,27.269],[92.071,27.277],[92.041,27.266],[92.067,27.244],[92.071,27.223],[92.057,27.189],[92.024,27.162],[92.037,27.138],[92.023,27.114],[92.034,27.064],[92.046,27.051],[92.065,27.052],[92.08,27.02],[92.104,27.007],[92.103,26.982],[92.118,26.959],[92.108,26.893],[92.195,26.89],[92.255,26.91],[92.275,26.902],[92.303,26.908],[92.303,26.923],[92.363,26.935],[92.398,26.925],[92.447,26.959],[92.583,26.96],[92.645,26.986],[92.646,27.014],[92.661,27.038],[92.713,27.027],[92.77,27.033],[92.887,27],[92.918,26.983],[92.918,26.963],[93.023,26.913],[93.063,26.922],[93.088,26.915],[93.107,26.926],[93.324,26.96],[93.448,26.951],[93.462,26.938],[93.489,26.936],[93.666,26.969],[93.723,27.021],[93.767,27.04],[93.771,27.058],[93.779,27.049],[93.782,27.061],[93.786,27.052],[93.811,27.06],[93.808,27.068],[93.831,27.066],[93.837,27.108],[93.81,27.122],[93.813,27.13],[93.797,27.129],[93.796,27.139],[93.984,27.323],[94.059,27.361],[94.089,27.407],[94.155,27.457],[94.156,27.475],[94.268,27.521],[94.258,27.556],[94.226,27.574],[94.226,27.599],[94.21,27.605],[94.236,27.632],[94.262,27.636],[94.267,27.627],[94.254,27.615],[94.278,27.589],[94.299,27.602],[94.364,27.574],[94.433,27.601],[94.462,27.556],[94.477,27.576],[94.499,27.572],[94.587,27.619],[94.633,27.624],[94.664,27.646],[94.683,27.646],[94.688,27.665],[94.71,27.657],[94.725,27.669],[94.754,27.661],[94.794,27.696],[94.842,27.701],[94.852,27.727],[94.87,27.733],[95.309,27.868],[95.379,27.839],[95.509,27.878],[95.543,27.899],[95.57,27.937],[95.586,27.937],[95.605,27.955],[95.823,27.971],[95.972,27.963],[95.948,27.937],[95.953,27.92],[95.93,27.903],[95.937,27.898],[95.915,27.889],[95.925,27.882],[95.915,27.884],[95.871,27.833],[95.838,27.824],[95.838,27.81],[95.817,27.803],[95.776,27.754],[95.78,27.734],[95.752,27.721],[95.765,27.715],[95.768,27.687],[95.791,27.68],[95.775,27.674],[95.77,27.658],[95.796,27.641],[95.779,27.624],[95.791,27.599],[95.816,27.599],[95.815,27.574],[95.86,27.544],[95.877,27.544],[95.876,27.512],[95.887,27.497],[95.873,27.492],[95.871,27.467],[95.853,27.457],[95.845,27.421],[95.86,27.408],[95.857,27.42],[95.884,27.435],[95.886,27.398],[95.91,27.435],[95.942,27.437],[95.955,27.42],[95.962,27.428],[95.963,27.417],[95.969,27.428],[96.017,27.362],[95.989,27.356],[95.965,27.328],[95.976,27.324],[95.955,27.318],[95.96,27.311],[95.897,27.282],[95.904,27.274],[95.892,27.255],[95.856,27.271],[95.859,27.287],[95.805,27.273],[95.801,27.284],[95.72,27.25],[95.682,27.251],[95.597,27.223],[95.534,27.264],[95.509,27.262],[95.457,27.209],[95.466,27.182],[95.453,27.129],[95.42,27.126],[95.375,27.093],[95.368,27.107],[95.355,27.104],[95.291,27.066],[95.276,27.042],[95.247,27.024],[95.232,27.043],[95.211,27.029],[95.196,27.037],[95.191,26.985],[95.211,26.966],[95.202,26.958],[95.207,26.942],[95.23,26.923],[95.232,26.903],[95.228,26.881],[95.209,26.882],[95.181,26.856],[95.203,26.846],[95.197,26.823],[95.208,26.795],[95.242,26.783],[95.216,26.756],[95.21,26.729],[95.233,26.706],[95.233,26.683],[95.257,26.676],[95.26,26.655],[95.303,26.651],[95.335,26.674],[95.36,26.671],[95.431,26.7],[95.432,26.715],[95.459,26.743],[95.483,26.747],[95.507,26.809],[95.543,26.835],[95.57,26.816],[95.608,26.813],[95.632,26.874],[95.667,26.903],[95.706,26.881],[95.723,26.881],[95.745,26.896],[95.748,26.926],[95.76,26.937],[95.755,26.954],[95.802,27.015],[95.87,27.013],[95.904,27.039],[95.946,27.051],[95.967,27.098],[96.01,27.142],[96.023,27.18],[96.09,27.223],[96.155,27.248],[96.185,27.249],[96.229,27.279],[96.271,27.271],[96.274,27.283],[96.307,27.294],[96.386,27.285],[96.441,27.306],[96.508,27.299],[96.524,27.286],[96.551,27.318],[96.596,27.334],[96.591,27.348],[96.606,27.366],[96.698,27.358],[96.704,27.372],[96.797,27.346],[96.848,27.29],[96.847,27.272],[96.884,27.26],[96.886,27.227],[96.855,27.211],[96.857,27.192],[96.874,27.181],[96.984,27.154],[96.993,27.14],[97.031,27.131],[97.071,27.09],[97.077,27.099],[97.097,27.097],[97.1,27.109],[97.138,27.091],[97.166,27.135],[97.147,27.165],[97.125,27.175],[97.122,27.19],[97.09,27.214],[97.088,27.239],[97.055,27.265],[97.028,27.308],[96.998,27.319],[96.99,27.344],[96.962,27.373],[96.96,27.404],[96.935,27.415],[96.932,27.431],[96.903,27.453],[96.91,27.487],[96.935,27.508],[96.907,27.544],[96.908,27.579],[96.89,27.579],[96.89,27.606],[96.921,27.633],[96.935,27.662],[96.983,27.666],[96.985,27.686],[97.032,27.749],[97.048,27.739],[97.062,27.749],[97.088,27.734],[97.099,27.785],[97.157,27.814],[97.253,27.901],[97.305,27.921],[97.32,27.903],[97.317,27.881],[97.361,27.876],[97.385,27.887],[97.375,27.909],[97.384,27.918],[97.372,27.936],[97.374,27.977],[97.388,28.003],[97.411,28.015],[97.373,28.031],[97.364,28.044],[97.37,28.062],[97.328,28.057],[97.304,28.069],[97.307,28.085],[97.336,28.111],[97.321,28.14],[97.328,28.155],[97.36,28.188],[97.389,28.183],[97.397,28.192],[97.372,28.218],[97.279,28.269],[97.238,28.268],[97.221,28.293],[97.171,28.292],[97.149,28.327],[97.09,28.363],[97.049,28.351],[97.02,28.32],[96.994,28.31],[96.924,28.339],[96.896,28.38],[96.85,28.362],[96.772,28.368],[96.749,28.416],[96.663,28.46],[96.578,28.458],[96.509,28.413],[96.457,28.414],[96.43,28.387],[96.421,28.346],[96.398,28.339],[96.39,28.357],[96.378,28.359],[96.369,28.389],[96.318,28.381],[96.303,28.4],[96.262,28.409],[96.372,28.482],[96.365,28.5],[96.324,28.529],[96.353,28.556],[96.405,28.559],[96.4,28.59],[96.427,28.582],[96.493,28.634],[96.472,28.684],[96.585,28.717],[96.615,28.774],[96.537,28.88],[96.538,28.917],[96.518,28.967],[96.487,28.962],[96.477,28.99],[96.525,29.076],[96.436,29.034],[96.347,29.029],[96.294,28.995],[96.248,28.939],[96.166,28.903],[96.145,28.934],[96.155,28.952],[96.18,28.965],[96.185,28.985],[96.151,29.05],[96.115,29.075],[96.186,29.092],[96.218,29.135],[96.261,29.157],[96.347,29.168],[96.393,29.254],[96.364,29.283],[96.346,29.265],[96.313,29.257],[96.294,29.233],[96.244,29.233],[96.184,29.307],[96.187,29.342],[96.176,29.362],[96.082,29.462],[96.057,29.457],[95.958,29.381],[95.882,29.39],[95.85,29.357],[95.798,29.335],[95.779,29.355],[95.728,29.301],[95.703,29.299],[95.639,29.248],[95.6,29.26],[95.587,29.216],[95.539,29.212],[95.548,29.127],[95.498,29.139],[95.484,29.069],[95.455,29.035],[95.411,29.032],[95.304,29.061],[95.268,29.056],[95.251,29.067],[95.252,29.109],[95.123,29.115],[95.1,29.143],[95.041,29.151],[94.999,29.172],[94.989,29.173],[95.024,29.13],[94.969,29.159],[94.921,29.161],[94.874,29.184],[94.8,29.164],[94.8,29.209],[94.78,29.241],[94.714,29.304],[94.631,29.348],[94.622,29.313],[94.58,29.281],[94.56,29.229],[94.497,29.216],[94.434,29.227],[94.375,29.19],[94.359,29.152],[94.29,29.148],[94.217,29.084],[94.187,29.039],[94.157,28.954],[94.069,28.896],[94.032,28.853],[93.997,28.841],[94.002,28.819],[93.987,28.798],[94.003,28.775],[93.97,28.751],[93.959,28.704],[93.928,28.671],[93.846,28.707],[93.777,28.668],[93.734,28.689],[93.622,28.657],[93.536,28.658],[93.493,28.684],[93.476,28.653],[93.448,28.676],[93.414,28.653],[93.339,28.64],[93.33,28.608],[93.302,28.599],[93.307,28.566],[93.278,28.504],[93.185,28.44],[93.233,28.4],[93.221,28.333],[93.195,28.317],[93.127,28.326],[93.097,28.307],[93.026,28.303],[93.036,28.263],[93.002,28.23],[92.966,28.261],[92.915,28.235],[92.897,28.204],[92.83,28.171],[92.818,28.201],[92.802,28.202],[92.689,28.125],[92.665,28.062],[92.697,28.048],[92.741,27.989],[92.671,27.9],[92.607,27.877],[92.562,27.82],[92.545,27.817],[92.503,27.841],[92.456,27.803],[92.408,27.822],[92.385,27.815],[92.381,27.795],[92.318,27.778],[92.286,27.807],[92.266,27.858],[92.212,27.859],[92.158,27.837],[92.057,27.759],[91.986,27.77],[91.921,27.715],[91.91,27.726],[91.881,27.722],[91.863,27.737],[91.826,27.81],[91.749,27.803],[91.696,27.822],[91.672,27.857],[91.555,27.859],[91.548,27.847]]]]}},{"type":"Feature","properties":{"st_name":"Nagaland"},"geometry":{"type":"MultiPolygon","coordinates":[[[[93.327,25.546],[93.385,25.491],[93.39,25.46],[93.416,25.445],[93.437,25.449],[93.458,25.431],[93.474,25.379],[93.448,25.341],[93.472,25.304],[93.472,25.272],[93.506,25.269],[93.501,25.242],[93.552,25.248],[93.584,25.222],[93.588,25.201],[93.61,25.203],[93.668,25.312],[93.665,25.326],[93.682,25.329],[93.687,25.36],[93.709,25.357],[93.805,25.463],[93.81,25.484],[93.8,25.497],[93.761,25.496],[93.765,25.538],[93.817,25.54],[93.834,25.561],[93.861,25.553],[93.908,25.565],[93.96,25.551],[93.983,25.568],[94.007,25.567],[94.002,25.586],[94.013,25.593],[94.038,25.57],[94.048,25.576],[94.067,25.552],[94.085,25.555],[94.094,25.537],[94.085,25.53],[94.108,25.522],[94.14,25.519],[94.156,25.551],[94.165,25.541],[94.178,25.551],[94.192,25.549],[94.187,25.524],[94.219,25.492],[94.285,25.508],[94.322,25.503],[94.417,25.537],[94.425,25.587],[94.469,25.614],[94.505,25.614],[94.572,25.692],[94.596,25.683],[94.572,25.641],[94.593,25.636],[94.584,25.634],[94.551,25.58],[94.567,25.548],[94.553,25.504],[94.617,25.462],[94.675,25.446],[94.683,25.466],[94.718,25.469],[94.752,25.494],[94.784,25.481],[94.808,25.494],[94.825,25.542],[94.846,25.561],[94.898,25.566],[94.882,25.591],[94.915,25.607],[94.935,25.667],[94.97,25.689],[95.003,25.729],[95.04,25.742],[95.049,25.76],[95.05,25.801],[95.033,25.814],[95.029,25.84],[95.009,25.867],[95.019,25.881],[95.012,25.898],[95.031,25.931],[95.044,25.927],[95.089,25.951],[95.126,25.986],[95.186,26.073],[95.165,26.093],[95.151,26.087],[95.118,26.101],[95.126,26.129],[95.122,26.185],[95.143,26.212],[95.114,26.233],[95.127,26.254],[95.119,26.265],[95.128,26.293],[95.121,26.35],[95.132,26.378],[95.1,26.394],[95.104,26.421],[95.084,26.447],[95.066,26.442],[95.062,26.45],[95.114,26.518],[95.107,26.541],[95.125,26.558],[95.139,26.556],[95.154,26.583],[95.149,26.616],[95.181,26.643],[95.208,26.648],[95.234,26.682],[95.233,26.706],[95.21,26.729],[95.216,26.756],[95.242,26.783],[95.208,26.795],[95.197,26.823],[95.203,26.846],[95.181,26.856],[95.209,26.882],[95.228,26.881],[95.232,26.903],[95.23,26.923],[95.207,26.942],[95.202,26.958],[95.211,26.966],[95.191,26.985],[95.193,27.032],[95.112,26.981],[95.092,26.956],[95.016,26.921],[94.982,26.913],[94.961,26.937],[94.931,26.932],[94.923,26.946],[94.874,26.918],[94.85,26.875],[94.818,26.848],[94.814,26.82],[94.795,26.815],[94.803,26.802],[94.77,26.789],[94.758,26.766],[94.74,26.776],[94.693,26.732],[94.62,26.712],[94.61,26.737],[94.597,26.734],[94.591,26.721],[94.603,26.712],[94.593,26.714],[94.594,26.697],[94.577,26.7],[94.567,26.684],[94.562,26.705],[94.54,26.706],[94.493,26.666],[94.461,26.662],[94.453,26.653],[94.466,26.633],[94.451,26.636],[94.403,26.611],[94.413,26.577],[94.401,26.535],[94.376,26.522],[94.372,26.506],[94.348,26.505],[94.353,26.49],[94.325,26.482],[94.316,26.458],[94.29,26.48],[94.284,26.561],[94.256,26.541],[94.171,26.43],[94.177,26.382],[94.161,26.351],[94.176,26.348],[94.174,26.34],[94.105,26.32],[94.084,26.283],[94.075,26.283],[94.074,26.264],[94.047,26.249],[94.032,26.198],[94.001,26.173],[94.002,26.135],[93.987,26.131],[93.998,26.128],[93.987,26.114],[93.998,26.108],[93.982,26.082],[93.987,26.067],[93.963,26.037],[93.953,26.003],[93.955,25.969],[93.969,25.956],[93.979,25.917],[93.916,25.883],[93.879,25.843],[93.837,25.857],[93.796,25.808],[93.778,25.85],[93.797,25.904],[93.778,25.968],[93.765,25.969],[93.768,25.951],[93.745,25.943],[93.751,25.933],[93.681,25.904],[93.702,25.852],[93.714,25.844],[93.695,25.848],[93.668,25.822],[93.646,25.822],[93.625,25.803],[93.617,25.776],[93.567,25.759],[93.562,25.739],[93.542,25.732],[93.541,25.7],[93.522,25.698],[93.497,25.656],[93.457,25.641],[93.461,25.632],[93.444,25.639],[93.427,25.632],[93.359,25.555],[93.343,25.56],[93.327,25.546]]]]}},{"type":"Feature","properties":{"st_name":"Manipur"},"geometry":{"type":"MultiPolygon","coordinates":[[[[92.973,24.113],[92.991,24.116],[93.047,24.09],[93.078,24.102],[93.098,24.073],[93.099,24.043],[93.14,24.088],[93.166,24.074],[93.167,24.051],[93.21,24.048],[93.22,24.083],[93.25,24.08],[93.263,24.058],[93.253,24.021],[93.286,24.053],[93.332,24.054],[93.338,24.062],[93.328,24.081],[93.354,24.091],[93.343,24.097],[93.349,24.105],[93.358,24.091],[93.399,24.085],[93.417,24.072],[93.433,24.024],[93.463,23.994],[93.462,23.976],[93.505,23.942],[93.55,23.96],[93.56,23.982],[93.592,23.961],[93.609,23.972],[93.624,24.011],[93.723,23.998],[93.754,24.006],[93.808,23.927],[93.859,23.932],[93.893,23.953],[93.93,23.95],[93.96,23.928],[94.017,23.927],[94.04,23.911],[94.049,23.887],[94.096,23.889],[94.126,23.833],[94.157,23.848],[94.17,23.928],[94.19,23.934],[94.188,23.96],[94.237,24.035],[94.228,24.057],[94.239,24.053],[94.255,24.082],[94.26,24.165],[94.276,24.173],[94.292,24.233],[94.307,24.241],[94.322,24.276],[94.322,24.329],[94.35,24.335],[94.378,24.38],[94.361,24.394],[94.395,24.409],[94.408,24.44],[94.397,24.455],[94.398,24.482],[94.426,24.482],[94.455,24.566],[94.497,24.59],[94.526,24.626],[94.545,24.669],[94.545,24.71],[94.571,24.706],[94.576,24.725],[94.585,24.705],[94.605,24.716],[94.629,24.758],[94.618,24.781],[94.632,24.839],[94.657,24.871],[94.688,24.889],[94.702,24.93],[94.711,24.929],[94.696,24.968],[94.727,25],[94.744,25.037],[94.736,25.135],[94.69,25.158],[94.68,25.149],[94.64,25.166],[94.62,25.187],[94.606,25.181],[94.576,25.214],[94.586,25.229],[94.585,25.267],[94.634,25.356],[94.635,25.395],[94.66,25.406],[94.675,25.446],[94.616,25.462],[94.554,25.503],[94.567,25.548],[94.551,25.58],[94.584,25.634],[94.593,25.636],[94.588,25.64],[94.573,25.638],[94.586,25.664],[94.58,25.669],[94.596,25.682],[94.584,25.685],[94.564,25.687],[94.55,25.658],[94.521,25.639],[94.504,25.613],[94.469,25.614],[94.425,25.587],[94.417,25.537],[94.322,25.503],[94.285,25.508],[94.219,25.492],[94.187,25.524],[94.192,25.549],[94.178,25.551],[94.165,25.541],[94.156,25.551],[94.14,25.519],[94.108,25.522],[94.085,25.53],[94.094,25.537],[94.085,25.555],[94.067,25.552],[94.048,25.576],[94.038,25.57],[94.013,25.593],[94.002,25.586],[94.007,25.567],[93.983,25.568],[93.96,25.551],[93.889,25.565],[93.861,25.553],[93.834,25.561],[93.817,25.54],[93.765,25.539],[93.761,25.496],[93.8,25.497],[93.81,25.484],[93.805,25.463],[93.709,25.357],[93.687,25.36],[93.682,25.329],[93.665,25.326],[93.668,25.311],[93.605,25.199],[93.588,25.201],[93.584,25.222],[93.556,25.246],[93.502,25.242],[93.506,25.269],[93.472,25.271],[93.471,25.305],[93.394,25.255],[93.346,25.17],[93.345,25.124],[93.332,25.093],[93.315,25.085],[93.3,25.046],[93.264,25.049],[93.244,25.018],[93.244,24.998],[93.26,25.002],[93.25,24.972],[93.262,24.963],[93.258,24.949],[93.245,24.951],[93.251,24.941],[93.237,24.937],[93.249,24.916],[93.235,24.912],[93.24,24.904],[93.226,24.892],[93.226,24.873],[93.204,24.851],[93.195,24.854],[93.197,24.811],[93.15,24.788],[93.138,24.81],[93.119,24.808],[93.121,24.819],[93.109,24.811],[93.098,24.754],[93.108,24.742],[93.086,24.71],[93.073,24.708],[93.09,24.677],[93.104,24.675],[93.095,24.653],[93.083,24.65],[93.087,24.63],[93.075,24.624],[93.084,24.614],[93.071,24.6],[93.104,24.583],[93.083,24.571],[93.058,24.575],[93.07,24.558],[93.049,24.543],[93.05,24.519],[93.032,24.495],[93.046,24.474],[93.033,24.429],[93.043,24.416],[93.024,24.407],[93.009,24.413],[93.025,24.391],[93.018,24.35],[93.04,24.341],[93.007,24.283],[93.004,24.258],[93.024,24.234],[93.015,24.2],[92.999,24.196],[93.006,24.162],[92.988,24.149],[92.973,24.113]]]]}},{"type":"Feature","properties":{"st_name":"Mizoram"},"geometry":{"type":"MultiPolygon","coordinates":[[[[92.26,23.81],[92.266,23.724],[92.28,23.719],[92.292,23.682],[92.273,23.642],[92.282,23.638],[92.279,23.625],[92.296,23.622],[92.287,23.596],[92.308,23.578],[92.306,23.536],[92.317,23.528],[92.316,23.486],[92.326,23.478],[92.317,23.471],[92.331,23.466],[92.334,23.429],[92.346,23.434],[92.347,23.413],[92.357,23.411],[92.352,23.381],[92.364,23.38],[92.356,23.371],[92.37,23.374],[92.378,23.362],[92.364,23.323],[92.386,23.307],[92.381,23.286],[92.403,23.241],[92.346,23.237],[92.364,23.157],[92.357,23.134],[92.368,23.127],[92.358,23.103],[92.38,23.086],[92.392,23.057],[92.371,22.936],[92.396,22.93],[92.401,22.912],[92.419,22.919],[92.434,22.886],[92.45,22.893],[92.448,22.876],[92.46,22.871],[92.453,22.862],[92.464,22.854],[92.457,22.851],[92.463,22.842],[92.453,22.842],[92.462,22.83],[92.454,22.819],[92.472,22.797],[92.473,22.76],[92.512,22.733],[92.529,22.666],[92.538,22.576],[92.522,22.56],[92.551,22.513],[92.544,22.499],[92.551,22.498],[92.544,22.491],[92.552,22.41],[92.581,22.322],[92.594,22.181],[92.609,22.165],[92.605,22.124],[92.578,22.144],[92.562,22.128],[92.602,22.061],[92.592,22.039],[92.612,21.991],[92.603,21.977],[92.635,21.984],[92.652,22.016],[92.68,22.012],[92.682,22.103],[92.688,22.104],[92.69,22.072],[92.7,22.155],[92.727,22.149],[92.798,22.094],[92.81,22.096],[92.818,22.075],[92.836,22.072],[92.841,22.059],[92.863,22.063],[92.864,22.025],[92.891,22.011],[92.904,21.941],[92.935,22.006],[92.927,22.015],[92.94,22.014],[92.951,22.03],[92.981,21.981],[93.003,21.983],[92.994,22.042],[93.012,22.089],[93.005,22.105],[93.059,22.101],[93.057,22.122],[93.037,22.145],[93.049,22.169],[93.038,22.195],[93.063,22.208],[93.088,22.197],[93.111,22.204],[93.124,22.174],[93.151,22.176],[93.161,22.197],[93.142,22.246],[93.177,22.246],[93.202,22.263],[93.199,22.294],[93.19,22.3],[93.197,22.329],[93.186,22.34],[93.185,22.428],[93.163,22.451],[93.139,22.454],[93.128,22.524],[93.106,22.527],[93.112,22.558],[93.14,22.593],[93.095,22.672],[93.102,22.683],[93.091,22.705],[93.107,22.751],[93.094,22.806],[93.11,22.819],[93.103,22.824],[93.118,22.843],[93.131,22.907],[93.164,22.911],[93.138,22.951],[93.14,22.99],[93.12,23.002],[93.126,23.041],[93.136,23.061],[93.155,23.043],[93.185,23.059],[93.21,23.048],[93.229,23.012],[93.294,23.007],[93.351,23.071],[93.339,23.074],[93.355,23.117],[93.385,23.134],[93.386,23.145],[93.368,23.144],[93.368,23.175],[93.38,23.187],[93.375,23.205],[93.388,23.216],[93.362,23.28],[93.372,23.329],[93.355,23.353],[93.388,23.359],[93.386,23.374],[93.401,23.384],[93.388,23.446],[93.399,23.472],[93.395,23.504],[93.418,23.54],[93.41,23.564],[93.428,23.588],[93.416,23.647],[93.436,23.687],[93.407,23.707],[93.411,23.729],[93.392,23.756],[93.404,23.806],[93.39,23.818],[93.385,23.848],[93.395,23.924],[93.351,23.941],[93.351,23.961],[93.329,23.985],[93.337,23.99],[93.33,24.021],[93.339,24.022],[93.326,24.03],[93.338,24.041],[93.318,24.053],[93.287,24.053],[93.253,24.021],[93.263,24.058],[93.25,24.08],[93.22,24.083],[93.21,24.048],[93.167,24.051],[93.166,24.074],[93.141,24.088],[93.099,24.043],[93.098,24.073],[93.078,24.102],[93.047,24.09],[92.991,24.116],[92.973,24.113],[92.988,24.149],[93.006,24.162],[92.999,24.197],[93.014,24.199],[93.022,24.218],[93.024,24.234],[93.004,24.259],[93.008,24.287],[93.04,24.341],[93.018,24.35],[93.025,24.393],[93.009,24.412],[92.996,24.399],[92.974,24.408],[92.96,24.392],[92.951,24.403],[92.931,24.393],[92.909,24.413],[92.903,24.391],[92.884,24.402],[92.861,24.399],[92.829,24.374],[92.83,24.401],[92.799,24.42],[92.763,24.521],[92.685,24.347],[92.661,24.348],[92.645,24.328],[92.624,24.334],[92.614,24.256],[92.551,24.247],[92.534,24.18],[92.524,24.172],[92.516,24.179],[92.502,24.161],[92.484,24.163],[92.479,24.142],[92.464,24.136],[92.436,24.153],[92.436,24.179],[92.419,24.193],[92.423,24.255],[92.293,24.249],[92.296,24.227],[92.314,24.224],[92.31,24.213],[92.324,24.206],[92.337,24.148],[92.327,24.14],[92.327,24.077],[92.316,24.072],[92.323,24.059],[92.314,24.047],[92.331,23.99],[92.311,23.958],[92.313,23.932],[92.332,23.91],[92.315,23.881],[92.325,23.869],[92.309,23.861],[92.289,23.869],[92.273,23.845],[92.286,23.815],[92.26,23.81]]]]}},{"type":"Feature","properties":{"st_name":"Tripura"},"geometry":{"type":"MultiPolygon","coordinates":[[[[91.149,23.711],[91.154,23.689],[91.208,23.686],[91.199,23.646],[91.156,23.671],[91.163,23.595],[91.178,23.593],[91.194,23.547],[91.213,23.551],[91.201,23.52],[91.223,23.514],[91.218,23.5],[91.235,23.502],[91.236,23.489],[91.247,23.49],[91.297,23.351],[91.314,23.361],[91.292,23.321],[91.315,23.309],[91.3,23.294],[91.315,23.284],[91.313,23.268],[91.326,23.254],[91.325,23.165],[91.353,23.096],[91.39,23.063],[91.419,23.072],[91.382,23.184],[91.389,23.226],[91.4,23.231],[91.406,23.254],[91.399,23.264],[91.414,23.262],[91.409,23.283],[91.422,23.261],[91.45,23.263],[91.468,23.233],[91.455,23.221],[91.48,23.22],[91.485,23.206],[91.474,23.195],[91.505,23.187],[91.494,23.181],[91.491,23.157],[91.515,23.145],[91.505,23.128],[91.531,23.09],[91.534,23.04],[91.549,23.04],[91.543,22.999],[91.556,23.003],[91.555,22.983],[91.576,22.971],[91.602,22.971],[91.614,22.945],[91.657,22.981],[91.724,22.995],[91.771,23.042],[91.778,23.034],[91.776,23.071],[91.808,23.07],[91.832,23.097],[91.816,23.104],[91.775,23.277],[91.785,23.307],[91.838,23.374],[91.84,23.398],[91.89,23.434],[91.939,23.436],[91.944,23.471],[91.976,23.483],[91.956,23.525],[91.964,23.539],[91.957,23.606],[91.937,23.665],[91.938,23.689],[91.959,23.699],[91.953,23.729],[91.981,23.731],[92.009,23.664],[92.039,23.648],[92.074,23.646],[92.083,23.675],[92.104,23.677],[92.143,23.729],[92.174,23.739],[92.178,23.709],[92.205,23.706],[92.214,23.692],[92.209,23.662],[92.221,23.654],[92.235,23.671],[92.244,23.715],[92.266,23.724],[92.26,23.813],[92.286,23.819],[92.275,23.851],[92.292,23.87],[92.309,23.861],[92.325,23.869],[92.315,23.881],[92.331,23.921],[92.313,23.932],[92.311,23.958],[92.331,23.99],[92.314,24.047],[92.323,24.059],[92.316,24.072],[92.327,24.077],[92.327,24.14],[92.336,24.144],[92.332,24.183],[92.324,24.206],[92.31,24.213],[92.314,24.224],[92.296,24.228],[92.3,24.252],[92.21,24.248],[92.274,24.388],[92.254,24.42],[92.26,24.439],[92.228,24.459],[92.23,24.502],[92.218,24.502],[92.178,24.525],[92.156,24.525],[92.151,24.504],[92.169,24.422],[92.139,24.425],[92.121,24.383],[92.043,24.376],[91.996,24.394],[91.972,24.383],[92.002,24.339],[91.996,24.329],[91.959,24.359],[91.925,24.34],[91.941,24.258],[91.904,24.138],[91.887,24.141],[91.847,24.2],[91.849,24.225],[91.819,24.215],[91.747,24.246],[91.763,24.142],[91.696,24.163],[91.668,24.214],[91.668,24.234],[91.651,24.22],[91.661,24.19],[91.646,24.175],[91.641,24.115],[91.627,24.097],[91.6,24.096],[91.603,24.081],[91.588,24.075],[91.499,24.087],[91.47984,24.09745],[91.48,24.098],[91.47842,24.09823],[91.477,24.099],[91.47691,24.09844],[91.403,24.109],[91.374,24.107],[91.377,24.08],[91.397,24.05],[91.373,24.003],[91.382,23.977],[91.338,23.982],[91.325,23.994],[91.304,23.99],[91.294,23.971],[91.282,23.981],[91.262,23.948],[91.274,23.929],[91.239,23.929],[91.245,23.907],[91.228,23.898],[91.251,23.838],[91.226,23.791],[91.226,23.751],[91.219,23.736],[91.21,23.749],[91.167,23.749],[91.149,23.711]]]]}},{"type":"Feature","properties":{"st_name":"Meghalaya"},"geometry":{"type":"MultiPolygon","coordinates":[[[[89.816,25.389],[89.82,25.348],[89.84,25.319],[89.835,25.296],[89.875,25.287],[89.908,25.308],[89.972,25.301],[89.981,25.285],[90.112,25.224],[90.169,25.222],[90.296,25.188],[90.332,25.192],[90.377,25.162],[90.445,25.144],[90.51,25.168],[90.636,25.173],[90.655,25.193],[90.675,25.168],[90.721,25.165],[90.737,25.154],[90.741,25.165],[90.76,25.165],[90.78,25.184],[90.82,25.164],[90.855,25.16],[90.97,25.173],[91.082,25.202],[91.135,25.193],[91.252,25.198],[91.265,25.207],[91.291,25.187],[91.338,25.174],[91.414,25.172],[91.477,25.135],[91.547,25.149],[91.603,25.174],[91.601,25.147],[91.619,25.147],[91.642,25.124],[91.694,25.14],[91.705,25.157],[91.744,25.149],[91.747,25.172],[91.947,25.183],[91.983,25.172],[92.002,25.188],[92.062,25.188],[92.122,25.166],[92.135,25.143],[92.176,25.123],[92.19,25.122],[92.188,25.136],[92.219,25.122],[92.223,25.115],[92.209,25.112],[92.229,25.097],[92.297,25.072],[92.333,25.083],[92.345,25.051],[92.422,25.03],[92.444,25.041],[92.461,25.036],[92.457,25.053],[92.482,25.106],[92.539,25.099],[92.521,25.139],[92.62,25.115],[92.663,25.176],[92.693,25.179],[92.743,25.207],[92.776,25.2],[92.803,25.216],[92.772,25.23],[92.762,25.246],[92.778,25.258],[92.769,25.268],[92.793,25.283],[92.781,25.305],[92.787,25.314],[92.782,25.333],[92.75,25.344],[92.732,25.369],[92.737,25.38],[92.718,25.373],[92.673,25.414],[92.662,25.406],[92.654,25.434],[92.64,25.418],[92.626,25.435],[92.628,25.422],[92.606,25.414],[92.599,25.467],[92.565,25.465],[92.573,25.49],[92.643,25.535],[92.646,25.556],[92.661,25.572],[92.653,25.591],[92.595,25.552],[92.572,25.558],[92.557,25.572],[92.554,25.615],[92.505,25.616],[92.47,25.675],[92.438,25.695],[92.444,25.72],[92.431,25.732],[92.412,25.73],[92.406,25.745],[92.379,25.743],[92.384,25.755],[92.333,25.724],[92.311,25.728],[92.264,25.709],[92.224,25.716],[92.17,25.667],[92.156,25.672],[92.155,25.707],[92.144,25.717],[92.163,25.741],[92.149,25.773],[92.151,25.817],[92.178,25.852],[92.177,25.873],[92.225,25.909],[92.202,25.906],[92.195,25.919],[92.176,25.907],[92.155,25.911],[92.161,25.928],[92.152,25.945],[92.181,25.985],[92.263,26.033],[92.273,26.066],[92.187,26.067],[92.169,26.078],[92.132,26.044],[92.096,26.049],[92.051,26.033],[91.989,26.039],[91.984,26.026],[91.931,26.013],[91.917,25.997],[91.915,26.02],[91.883,26.026],[91.868,26.042],[91.879,26.097],[91.831,26.118],[91.791,26.085],[91.776,26.089],[91.731,26.06],[91.72,25.954],[91.67,25.904],[91.609,25.938],[91.63,25.943],[91.641,25.964],[91.626,25.987],[91.632,26.02],[91.598,26.018],[91.58,26.033],[91.55,25.977],[91.518,25.96],[91.52,25.94],[91.503,25.914],[91.537,25.931],[91.505,25.908],[91.504,25.891],[91.484,25.893],[91.475,25.875],[91.513,25.866],[91.527,25.891],[91.531,25.872],[91.513,25.864],[91.463,25.857],[91.446,25.841],[91.421,25.854],[91.335,25.84],[91.274,25.746],[91.257,25.748],[91.221,25.722],[91.192,25.731],[91.178,25.778],[91.186,25.818],[91.204,25.843],[91.196,25.862],[91.18,25.844],[91.148,25.851],[91.062,25.821],[91.049,25.829],[91.079,25.853],[91.048,25.849],[91.022,25.824],[91.00139,25.82498],[91.031,25.886],[90.969,25.886],[90.967,25.914],[90.947,25.948],[90.917,25.944],[90.918,25.914],[90.884,25.951],[90.836,25.937],[90.836,25.948],[90.809,25.952],[90.778,25.909],[90.757,25.91],[90.76,25.922],[90.742,25.912],[90.754,25.933],[90.746,25.928],[90.74,25.939],[90.742,25.958],[90.724,25.947],[90.718,25.955],[90.688,25.949],[90.629,25.918],[90.618,25.898],[90.607,25.919],[90.626,25.937],[90.582,25.959],[90.549,25.915],[90.514,25.897],[90.536,25.95],[90.502,26],[90.481,26.012],[90.429,25.988],[90.398,26.012],[90.369,26.011],[90.35,26.004],[90.326,25.973],[90.216,25.953],[90.202,25.96],[90.185,25.944],[90.177,25.959],[90.152,25.966],[90.116,25.957],[90.092,25.938],[90.087,25.92],[90.06,25.914],[90.042,25.888],[90.026,25.896],[90.011,25.885],[90.006,25.879],[90.024,25.867],[89.997,25.836],[89.964,25.832],[89.962,25.819],[89.949,25.826],[89.955,25.767],[89.926,25.738],[89.897,25.746],[89.895,25.731],[89.943,25.681],[89.95,25.656],[90.028,25.605],[90.003,25.585],[89.983,25.591],[89.972,25.573],[89.899,25.561],[89.875,25.546],[89.869,25.521],[89.886,25.508],[89.873,25.508],[89.877,25.492],[89.853,25.477],[89.816,25.389]]]]}},{"type":"Feature","properties":{"st_name":"Assam"},"geometry":{"type":"MultiPolygon","coordinates":[[[[89.697,26.19],[89.709,26.174],[89.736,26.175],[89.721,26.158],[89.75,26.153],[89.767,26.132],[89.762,26.113],[89.785,26.107],[89.787,26.083],[89.795,26.089],[89.798,26.059],[89.776,26.036],[89.8,26.04],[89.789,26.018],[89.81,26.039],[89.822,25.986],[89.836,25.982],[89.832,26.008],[89.871,25.98],[89.839,25.968],[89.85,25.949],[89.831,25.955],[89.826,25.945],[89.887,25.945],[89.833,25.871],[89.836,25.841],[89.817,25.815],[89.841,25.759],[89.828,25.729],[89.851,25.714],[89.847,25.695],[89.871,25.662],[89.883,25.618],[89.866,25.546],[89.851,25.539],[89.86,25.518],[89.853,25.477],[89.877,25.492],[89.873,25.508],[89.886,25.508],[89.867,25.527],[89.882,25.553],[89.972,25.573],[89.983,25.591],[90.003,25.585],[90.028,25.605],[89.95,25.656],[89.943,25.681],[89.894,25.741],[89.937,25.745],[89.96,25.781],[89.949,25.826],[89.962,25.819],[89.964,25.832],[89.997,25.836],[90.024,25.867],[90.006,25.879],[90.011,25.885],[90.026,25.896],[90.042,25.888],[90.06,25.914],[90.087,25.92],[90.092,25.938],[90.116,25.957],[90.152,25.966],[90.177,25.959],[90.185,25.944],[90.202,25.96],[90.216,25.953],[90.326,25.973],[90.365,26.01],[90.398,26.012],[90.429,25.988],[90.478,26.013],[90.502,26],[90.534,25.96],[90.536,25.935],[90.525,25.933],[90.515,25.897],[90.549,25.915],[90.581,25.958],[90.6,25.951],[90.60127,25.95555],[90.626,25.937],[90.607,25.91],[90.624,25.898],[90.628,25.917],[90.688,25.949],[90.718,25.955],[90.724,25.947],[90.742,25.958],[90.74,25.939],[90.746,25.928],[90.754,25.933],[90.738,25.916],[90.76,25.922],[90.764,25.908],[90.781,25.911],[90.809,25.952],[90.836,25.948],[90.836,25.937],[90.884,25.951],[90.918,25.914],[90.917,25.944],[90.947,25.948],[90.967,25.914],[90.969,25.886],[91.031,25.886],[91.006,25.82],[91.048,25.849],[91.079,25.853],[91.049,25.829],[91.062,25.821],[91.148,25.851],[91.18,25.844],[91.196,25.862],[91.204,25.843],[91.186,25.818],[91.178,25.778],[91.192,25.731],[91.221,25.722],[91.257,25.748],[91.274,25.746],[91.335,25.84],[91.421,25.854],[91.446,25.841],[91.463,25.857],[91.513,25.864],[91.531,25.872],[91.527,25.891],[91.513,25.866],[91.475,25.875],[91.484,25.893],[91.504,25.891],[91.505,25.908],[91.537,25.931],[91.503,25.914],[91.52,25.94],[91.518,25.96],[91.55,25.977],[91.58,26.033],[91.598,26.018],[91.632,26.02],[91.626,25.987],[91.641,25.964],[91.63,25.943],[91.609,25.938],[91.67,25.904],[91.72,25.954],[91.731,26.06],[91.776,26.089],[91.791,26.085],[91.824,26.119],[91.879,26.097],[91.868,26.042],[91.883,26.026],[91.915,26.02],[91.917,25.997],[91.931,26.013],[91.984,26.026],[91.989,26.039],[92.051,26.033],[92.096,26.049],[92.132,26.044],[92.175,26.078],[92.17456,26.08271],[92.187,26.067],[92.27568,26.06792],[92.271,26.065],[92.264,26.034],[92.234,26.01],[92.204,26.001],[92.199,25.988],[92.165,25.971],[92.152,25.945],[92.161,25.928],[92.155,25.911],[92.176,25.907],[92.195,25.919],[92.202,25.906],[92.225,25.909],[92.177,25.873],[92.178,25.852],[92.151,25.817],[92.149,25.773],[92.163,25.741],[92.144,25.717],[92.155,25.707],[92.156,25.672],[92.17,25.667],[92.226,25.716],[92.264,25.709],[92.311,25.728],[92.333,25.724],[92.384,25.755],[92.379,25.743],[92.414,25.742],[92.412,25.73],[92.431,25.732],[92.444,25.72],[92.438,25.695],[92.47,25.675],[92.505,25.616],[92.554,25.615],[92.557,25.572],[92.572,25.558],[92.595,25.552],[92.653,25.591],[92.661,25.572],[92.646,25.556],[92.643,25.535],[92.573,25.49],[92.565,25.465],[92.599,25.467],[92.606,25.414],[92.628,25.422],[92.626,25.435],[92.639,25.418],[92.654,25.433],[92.661,25.407],[92.673,25.414],[92.718,25.373],[92.737,25.38],[92.732,25.369],[92.75,25.344],[92.783,25.331],[92.793,25.283],[92.769,25.268],[92.778,25.258],[92.762,25.246],[92.801,25.215],[92.776,25.2],[92.742,25.207],[92.693,25.179],[92.663,25.176],[92.62,25.115],[92.521,25.139],[92.539,25.099],[92.482,25.106],[92.457,25.053],[92.461,25.036],[92.444,25.041],[92.422,25.03],[92.417,24.981],[92.463,24.963],[92.449,24.953],[92.452,24.943],[92.486,24.943],[92.496,24.875],[92.515,24.88],[92.49,24.867],[92.454,24.876],[92.435,24.86],[92.393,24.856],[92.353,24.891],[92.34,24.884],[92.31,24.911],[92.241,24.905],[92.25,24.882],[92.233,24.866],[92.244,24.834],[92.269,24.829],[92.28,24.788],[92.263,24.775],[92.263,24.713],[92.254,24.702],[92.236,24.702],[92.223,24.681],[92.237,24.645],[92.218,24.606],[92.23,24.582],[92.236,24.489],[92.226,24.471],[92.233,24.449],[92.26,24.439],[92.254,24.42],[92.274,24.388],[92.21,24.248],[92.423,24.255],[92.419,24.193],[92.436,24.179],[92.437,24.153],[92.465,24.136],[92.481,24.144],[92.484,24.163],[92.502,24.161],[92.516,24.179],[92.524,24.172],[92.534,24.18],[92.551,24.247],[92.612,24.254],[92.624,24.334],[92.645,24.328],[92.661,24.348],[92.684,24.346],[92.703,24.375],[92.75921,24.51663],[92.799,24.42],[92.83,24.401],[92.826,24.377],[92.843,24.378],[92.861,24.399],[92.884,24.402],[92.903,24.391],[92.909,24.413],[92.933,24.392],[92.951,24.403],[92.96,24.392],[92.974,24.408],[92.996,24.399],[93.012,24.417],[93.017,24.408],[93.036,24.41],[93.043,24.418],[93.033,24.428],[93.036,24.46],[93.047,24.467],[93.032,24.495],[93.05,24.519],[93.049,24.543],[93.07,24.558],[93.058,24.574],[93.083,24.571],[93.104,24.583],[93.071,24.6],[93.084,24.614],[93.075,24.624],[93.087,24.63],[93.083,24.65],[93.095,24.653],[93.104,24.675],[93.09,24.677],[93.073,24.708],[93.086,24.71],[93.108,24.742],[93.098,24.754],[93.109,24.811],[93.121,24.819],[93.119,24.808],[93.138,24.81],[93.149,24.788],[93.191,24.804],[93.191,24.834],[93.2,24.839],[93.192,24.842],[93.201,24.842],[93.195,24.854],[93.199,24.855],[93.204,24.851],[93.226,24.873],[93.226,24.892],[93.24,24.904],[93.235,24.912],[93.249,24.916],[93.237,24.937],[93.251,24.941],[93.245,24.951],[93.258,24.949],[93.262,24.963],[93.24388,24.97543],[93.252,24.975],[93.26,25.002],[93.244,24.998],[93.244,25.018],[93.264,25.049],[93.3,25.046],[93.315,25.085],[93.332,25.093],[93.345,25.124],[93.346,25.17],[93.381,25.223],[93.381,25.24],[93.428,25.283],[93.471,25.305],[93.448,25.341],[93.474,25.379],[93.458,25.431],[93.437,25.449],[93.416,25.445],[93.39,25.46],[93.385,25.491],[93.327,25.546],[93.343,25.56],[93.359,25.555],[93.427,25.632],[93.444,25.639],[93.461,25.632],[93.457,25.641],[93.497,25.656],[93.522,25.698],[93.541,25.7],[93.542,25.732],[93.562,25.739],[93.567,25.759],[93.617,25.776],[93.625,25.803],[93.646,25.822],[93.668,25.822],[93.695,25.848],[93.714,25.844],[93.702,25.852],[93.681,25.904],[93.751,25.933],[93.745,25.943],[93.767,25.951],[93.764,25.969],[93.776,25.969],[93.775,25.966],[93.797,25.904],[93.778,25.84],[93.796,25.808],[93.837,25.857],[93.879,25.843],[93.916,25.883],[93.979,25.917],[93.969,25.956],[93.955,25.969],[93.953,26.003],[93.963,26.037],[93.987,26.067],[93.982,26.082],[93.998,26.108],[93.987,26.114],[93.998,26.128],[93.987,26.131],[94.002,26.135],[94.001,26.173],[94.032,26.198],[94.047,26.249],[94.074,26.264],[94.075,26.283],[94.084,26.283],[94.105,26.32],[94.122,26.318],[94.116,26.329],[94.177,26.346],[94.16136,26.34778],[94.177,26.382],[94.171,26.43],[94.184,26.457],[94.284,26.561],[94.29,26.48],[94.316,26.458],[94.325,26.482],[94.353,26.49],[94.348,26.505],[94.372,26.506],[94.376,26.522],[94.401,26.535],[94.413,26.577],[94.403,26.611],[94.451,26.636],[94.466,26.633],[94.453,26.653],[94.46,26.662],[94.493,26.666],[94.54,26.706],[94.562,26.705],[94.567,26.684],[94.577,26.7],[94.594,26.697],[94.593,26.714],[94.603,26.712],[94.602,26.719],[94.591,26.721],[94.597,26.734],[94.61,26.737],[94.62,26.712],[94.693,26.732],[94.74,26.776],[94.758,26.766],[94.77,26.789],[94.803,26.802],[94.795,26.814],[94.814,26.82],[94.818,26.848],[94.89,26.929],[94.924,26.946],[94.931,26.932],[94.961,26.937],[94.982,26.913],[95.016,26.921],[95.1,26.961],[95.112,26.981],[95.196,27.037],[95.211,27.029],[95.231,27.043],[95.246,27.024],[95.259,27.03],[95.291,27.066],[95.37016,27.11095],[95.363,27.103],[95.375,27.093],[95.42,27.126],[95.454,27.13],[95.466,27.182],[95.457,27.209],[95.509,27.262],[95.534,27.264],[95.597,27.223],[95.682,27.251],[95.72,27.25],[95.801,27.284],[95.805,27.273],[95.859,27.287],[95.856,27.271],[95.892,27.255],[95.904,27.274],[95.897,27.282],[95.96,27.311],[95.955,27.318],[95.976,27.324],[95.965,27.328],[95.989,27.356],[96.017,27.363],[95.97,27.428],[95.955,27.42],[95.942,27.437],[95.908,27.435],[95.886,27.398],[95.883,27.435],[95.857,27.42],[95.862,27.409],[95.853,27.411],[95.842,27.427],[95.857,27.445],[95.853,27.457],[95.871,27.467],[95.873,27.492],[95.887,27.498],[95.876,27.512],[95.877,27.545],[95.86,27.544],[95.815,27.574],[95.818,27.597],[95.793,27.598],[95.779,27.619],[95.796,27.642],[95.774,27.652],[95.762,27.626],[95.774,27.672],[95.791,27.68],[95.768,27.687],[95.765,27.715],[95.753,27.725],[95.779,27.733],[95.776,27.754],[95.817,27.803],[95.838,27.81],[95.838,27.824],[95.871,27.833],[95.915,27.884],[95.925,27.882],[95.915,27.889],[95.937,27.898],[95.93,27.903],[95.953,27.92],[95.948,27.937],[95.97,27.96],[95.823,27.971],[95.605,27.955],[95.586,27.937],[95.57,27.937],[95.563,27.919],[95.519,27.881],[95.379,27.839],[95.309,27.868],[94.924,27.75],[94.853,27.728],[94.842,27.701],[94.794,27.696],[94.754,27.661],[94.725,27.669],[94.71,27.657],[94.688,27.665],[94.683,27.646],[94.664,27.646],[94.633,27.624],[94.587,27.619],[94.499,27.572],[94.477,27.576],[94.462,27.555],[94.432,27.601],[94.366,27.574],[94.299,27.602],[94.278,27.589],[94.254,27.615],[94.267,27.629],[94.251,27.638],[94.21,27.605],[94.226,27.599],[94.226,27.574],[94.258,27.556],[94.268,27.521],[94.156,27.475],[94.155,27.457],[94.089,27.407],[94.06,27.362],[93.984,27.323],[93.795,27.134],[93.813,27.13],[93.836,27.104],[93.872,27.094],[93.831,27.102],[93.838,27.087],[93.831,27.066],[93.808,27.068],[93.811,27.06],[93.786,27.052],[93.782,27.061],[93.779,27.049],[93.771,27.058],[93.767,27.04],[93.723,27.021],[93.665,26.968],[93.489,26.936],[93.462,26.938],[93.448,26.951],[93.324,26.96],[93.107,26.926],[93.088,26.915],[93.063,26.922],[93.022,26.913],[92.918,26.963],[92.918,26.983],[92.887,27],[92.77,27.033],[92.713,27.027],[92.661,27.038],[92.646,27.014],[92.645,26.986],[92.583,26.96],[92.447,26.959],[92.398,26.925],[92.365,26.932],[92.35738,26.92199],[92.363,26.935],[92.303,26.923],[92.303,26.908],[92.275,26.902],[92.255,26.91],[92.195,26.89],[92.108,26.893],[92.089,26.86],[92.046,26.847],[91.986,26.858],[91.954,26.887],[91.898,26.916],[91.854,26.912],[91.803,26.852],[91.728,26.812],[91.705,26.811],[91.68,26.804],[91.625,26.821],[91.592,26.804],[91.494,26.789],[91.409,26.835],[91.381,26.801],[91.337,26.779],[91.296,26.785],[91.263,26.805],[91.131,26.808],[91.098,26.82],[91.055,26.779],[90.997,26.788],[90.717,26.768],[90.676,26.784],[90.646,26.777],[90.634,26.794],[90.547,26.816],[90.517,26.837],[90.424,26.898],[90.366,26.898],[90.314,26.851],[90.231,26.859],[90.201,26.836],[90.188,26.807],[90.195,26.773],[90.144,26.755],[90.05,26.731],[89.96,26.723],[89.892,26.725],[89.865,26.737],[89.86,26.704],[89.879,26.65],[89.859,26.624],[89.88,26.613],[89.88,26.585],[89.864,26.578],[89.854,26.492],[89.872,26.452],[89.849,26.423],[89.857,26.412],[89.835,26.412],[89.83,26.397],[89.838,26.391],[89.85,26.403],[89.859,26.384],[89.829,26.382],[89.822,26.352],[89.813,26.359],[89.822,26.372],[89.789,26.357],[89.783,26.331],[89.76794,26.31594],[89.755,26.323],[89.757,26.288],[89.727,26.295],[89.72,26.307],[89.718,26.296],[89.739,26.27],[89.723,26.257],[89.706,26.27],[89.703,26.257],[89.717,26.258],[89.731,26.239],[89.699,26.218],[89.734,26.213],[89.714,26.204],[89.716,26.19],[89.697,26.19]]]]}},{"type":"Feature","properties":{"st_name":"West Bengal"},"geometry":{"type":"MultiPolygon","coordinates":[[[[85.82,23.27],[85.838,23.247],[85.836,23.221],[85.868,23.219],[85.894,23.155],[85.922,23.145],[85.957,23.161],[86.044,23.145],[86.055,23.123],[86.049,23.106],[86.146,23.075],[86.142,23.057],[86.158,23.048],[86.157,23.031],[86.17599,23.03326],[86.17,23.023],[86.186,23.005],[86.207,23.008],[86.224,22.994],[86.304,23.017],[86.325,22.995],[86.373,22.998],[86.395,22.98],[86.42,23],[86.447,22.988],[86.501,22.995],[86.508,22.973],[86.52,22.97],[86.546,22.99],[86.545,22.966],[86.531,22.965],[86.526,22.948],[86.503,22.952],[86.489,22.938],[86.476,22.952],[86.435,22.925],[86.452,22.903],[86.467,22.901],[86.453,22.886],[86.451,22.862],[86.435,22.86],[86.439,22.831],[86.418,22.783],[86.461,22.762],[86.511,22.704],[86.513,22.717],[86.543,22.722],[86.635,22.665],[86.633,22.611],[86.656,22.591],[86.658,22.576],[86.71,22.583],[86.766,22.576],[86.767,22.556],[86.789,22.547],[86.787,22.527],[86.802,22.502],[86.793,22.478],[86.75,22.481],[86.762,22.431],[86.845,22.401],[86.833,22.326],[86.888,22.297],[86.887,22.257],[86.824,22.267],[86.817,22.254],[86.814,22.267],[86.803,22.244],[86.801,22.266],[86.792,22.267],[86.794,22.243],[86.812,22.241],[86.802,22.218],[86.778,22.218],[86.785,22.231],[86.795,22.228],[86.782,22.237],[86.776,22.218],[86.758,22.212],[86.725,22.218],[86.72,22.147],[86.794,22.157],[86.806,22.12],[86.826,22.119],[86.833,22.099],[86.966,22.085],[86.993,22.054],[87.026,22.037],[87.031,21.986],[87,21.913],[87.035,21.869],[87.098,21.867],[87.089,21.905],[87.105,21.923],[87.138,21.924],[87.163,21.939],[87.17,21.98],[87.197,21.959],[87.226,21.958],[87.22127,21.97072],[87.25,21.935],[87.249,21.917],[87.235,21.901],[87.277,21.805],[87.297,21.811],[87.298,21.801],[87.336,21.794],[87.338,21.785],[87.355,21.792],[87.372,21.779],[87.37,21.765],[87.385,21.777],[87.398,21.767],[87.444,21.769],[87.446,21.743],[87.46313,21.74667],[87.445,21.739],[87.469,21.732],[87.474,21.697],[87.461,21.655],[87.486,21.632],[87.484,21.613],[87.555,21.638],[87.634,21.647],[87.642,21.662],[87.653,21.648],[87.668,21.65],[87.731,21.679],[87.752,21.699],[87.788,21.7],[87.863,21.757],[87.885,21.799],[87.904,21.799],[87.938,21.82],[87.979,21.868],[87.993,21.861],[87.98,21.839],[87.993,21.839],[87.971,21.808],[87.99752,21.81684],[87.945,21.765],[87.904,21.701],[87.903,21.685],[87.945,21.592],[87.992,21.513],[88.229,21.484],[88.332,21.543],[88.434,21.547],[88.529,21.528],[88.635,21.55],[88.87,21.532],[89.136,21.586],[89.146,21.647],[89.031,21.779],[89.044,21.861],[89.02,21.893],[89.026,21.923],[89.069,21.933],[89.08,21.983],[89.075,22.014],[89.044,22.056],[89.039,22.1],[89.098,22.155],[89.072,22.146],[89.069,22.181],[89.072,22.196],[89.038,22.232],[89.034,22.258],[89.014,22.254],[89.02,22.268],[88.995,22.286],[88.999,22.297],[89.024,22.299],[88.985,22.327],[88.983,22.375],[88.994,22.388],[88.972,22.409],[89,22.43],[88.988,22.445],[88.996,22.469],[88.974,22.498],[88.962,22.549],[88.944,22.56],[88.94,22.591],[88.96,22.614],[88.934,22.628],[88.928,22.651],[88.963,22.693],[88.928,22.719],[88.911,22.759],[88.936,22.792],[88.958,22.796],[88.969,22.845],[88.946,22.88],[88.928,22.872],[88.91,22.879],[88.897,22.913],[88.909,22.92],[88.888,22.934],[88.895,22.952],[88.86,22.943],[88.857,22.967],[88.872,22.979],[88.866,23.001],[88.846,23.01],[88.881,23.007],[88.873,23.019],[88.885,23.039],[88.861,23.077],[88.875,23.09],[88.868,23.101],[88.918,23.129],[88.939,23.177],[88.962,23.193],[88.98,23.183],[88.988,23.202],[88.98,23.212],[88.996,23.215],[88.975,23.224],[88.978,23.215],[88.971,23.223],[88.942,23.206],[88.927,23.218],[88.914,23.213],[88.907,23.236],[88.886,23.226],[88.845,23.231],[88.837,23.244],[88.824,23.234],[88.828,23.245],[88.811,23.256],[88.806,23.219],[88.778,23.221],[88.767,23.246],[88.753,23.235],[88.71064,23.23307],[88.713,23.238],[88.754,23.236],[88.719,23.255],[88.724,23.272],[88.696,23.302],[88.711,23.313],[88.706,23.305],[88.725,23.299],[88.73,23.32],[88.733,23.307],[88.745,23.309],[88.75,23.322],[88.733,23.328],[88.732,23.352],[88.745,23.348],[88.747,23.361],[88.766,23.367],[88.75,23.401],[88.761,23.409],[88.754,23.417],[88.764,23.448],[88.779,23.437],[88.796,23.443],[88.787,23.469],[88.8,23.498],[88.785,23.497],[88.786,23.507],[88.771,23.496],[88.775,23.48],[88.761,23.49],[88.758,23.478],[88.741,23.48],[88.725,23.512],[88.6824,23.51293],[88.697,23.516],[88.685,23.54],[88.654,23.557],[88.651,23.585],[88.639,23.591],[88.645,23.61],[88.58,23.603],[88.594,23.617],[88.594,23.641],[88.562,23.637],[88.558,23.649],[88.573,23.668],[88.564,23.711],[88.581,23.765],[88.579,23.775],[88.556,23.785],[88.578,23.787],[88.596,23.805],[88.585,23.814],[88.602,23.817],[88.587,23.83],[88.591,23.854],[88.578,23.851],[88.576,23.862],[88.587,23.872],[88.609,23.863],[88.62,23.877],[88.627,23.865],[88.668,23.87],[88.67051,23.90352],[88.676,23.885],[88.688,23.902],[88.704,23.899],[88.706,23.916],[88.733,23.911],[88.735,23.933],[88.743,23.93],[88.732,23.961],[88.738,23.983],[88.769,23.982],[88.759,24.006],[88.729,23.996],[88.742,24.034],[88.727,24.053],[88.738,24.062],[88.723,24.069],[88.729,24.098],[88.72,24.104],[88.7,24.095],[88.693,24.112],[88.71,24.126],[88.701,24.168],[88.717,24.202],[88.734,24.199],[88.735,24.277],[88.724,24.299],[88.694,24.316],[88.629,24.305],[88.624,24.315],[88.604,24.31],[88.568,24.327],[88.555,24.293],[88.527,24.344],[88.508,24.342],[88.43,24.384],[88.39,24.372],[88.39313,24.37111],[88.328,24.385],[88.263,24.446],[88.195,24.465],[88.106,24.546],[88.046,24.634],[88.037,24.646],[88.034,24.643],[88.009,24.668],[88.063,24.722],[88.075,24.761],[88.068,24.769],[88.089,24.783],[88.106,24.78],[88.111,24.813],[88.124,24.823],[88.136,24.805],[88.132,24.836],[88.175,24.86],[88.153,24.885],[88.169,24.893],[88.139,24.922],[88.138,24.936],[88.157,24.934],[88.165,24.944],[88.142,24.945],[88.226,24.959],[88.261,24.919],[88.258,24.878],[88.277,24.898],[88.278,24.888],[88.302,24.886],[88.303,24.872],[88.321,24.884],[88.332,24.871],[88.347,24.892],[88.333,24.897],[88.324,24.917],[88.337,24.919],[88.34,24.94],[88.365,24.953],[88.371,24.942],[88.396,24.943],[88.395,24.969],[88.405,24.98],[88.417,24.974],[88.412,24.999],[88.425,25.017],[88.437,25.007],[88.452,25.036],[88.435,25.056],[88.453,25.08],[88.441,25.128],[88.459,25.136],[88.461,25.149],[88.435,25.2],[88.44091,25.21378],[88.444,25.196],[88.472,25.197],[88.476,25.214],[88.499,25.21],[88.538,25.198],[88.535,25.187],[88.558,25.193],[88.556,25.179],[88.566,25.175],[88.612,25.204],[88.672,25.198],[88.688,25.209],[88.733,25.199],[88.734,25.185],[88.749,25.177],[88.771,25.19],[88.774,25.179],[88.806,25.171],[88.844,25.214],[88.852,25.201],[88.865,25.201],[88.864,25.19],[88.875,25.196],[88.875,25.179],[88.911,25.18],[88.923,25.165],[88.932,25.181],[88.948,25.176],[88.947,25.195],[88.934,25.2],[88.937,25.211],[88.961,25.209],[88.954,25.253],[88.986,25.274],[89.008,25.264],[89.009,25.303],[88.997,25.296],[88.984,25.305],[88.938,25.301],[88.928,25.315],[88.915,25.311],[88.906,25.338],[88.888,25.337],[88.885,25.326],[88.869,25.353],[88.84,25.364],[88.841,25.398],[88.812,25.41],[88.83,25.417],[88.826,25.445],[88.839,25.459],[88.83,25.49],[88.812,25.491],[88.811,25.523],[88.782,25.515],[88.759,25.525],[88.771,25.503],[88.764,25.494],[88.74,25.489],[88.742,25.505],[88.709,25.5],[88.71,25.481],[88.699,25.471],[88.663,25.474],[88.661,25.483],[88.646,25.478],[88.648,25.497],[88.623,25.497],[88.609,25.516],[88.595,25.506],[88.552,25.521],[88.54,25.508],[88.533,25.542],[88.523,25.536],[88.493,25.559],[88.5,25.584],[88.468,25.583],[88.459,25.594],[88.44561,25.59687],[88.454,25.664],[88.402,25.673],[88.404,25.685],[88.372,25.697],[88.374,25.718],[88.321,25.738],[88.317,25.753],[88.269,25.781],[88.271,25.805],[88.26,25.814],[88.236,25.809],[88.231,25.797],[88.216,25.801],[88.209,25.787],[88.184,25.802],[88.152,25.776],[88.142,25.78],[88.144,25.794],[88.114,25.798],[88.12,25.813],[88.101,25.829],[88.111,25.868],[88.102,25.862],[88.094,25.874],[88.103,25.889],[88.086,25.916],[88.122,25.948],[88.114,25.959],[88.129,25.997],[88.144,26.001],[88.14,26.014],[88.183,26.027],[88.17,26.045],[88.179,26.046],[88.183,26.073],[88.158,26.081],[88.163,26.107],[88.178,26.124],[88.177,26.148],[88.227,26.168],[88.242,26.189],[88.276,26.188],[88.29,26.202],[88.325,26.205],[88.33,26.218],[88.352,26.222],[88.35109,26.22222],[88.359,26.242],[88.349,26.25],[88.35,26.283],[88.385,26.314],[88.415,26.315],[88.404,26.33],[88.436,26.336],[88.458,26.377],[88.463,26.357],[88.484,26.35],[88.488,26.36],[88.508,26.362],[88.505,26.349],[88.524,26.361],[88.516,26.365],[88.525,26.376],[88.514,26.377],[88.52,26.39],[88.497,26.41],[88.503,26.418],[88.489,26.431],[88.496,26.437],[88.479,26.452],[88.485,26.46],[88.428,26.473],[88.42,26.466],[88.405,26.486],[88.388,26.478],[88.373,26.489],[88.361,26.485],[88.366,26.471],[88.355,26.447],[88.331,26.485],[88.359,26.53],[88.376,26.595],[88.398,26.603],[88.387,26.613],[88.41,26.633],[88.40825,26.63733],[88.416,26.632],[88.431,26.55],[88.448,26.535],[88.459,26.547],[88.484,26.541],[88.49,26.511],[88.521,26.511],[88.526,26.482],[88.556,26.485],[88.56,26.457],[88.593,26.45],[88.595,26.471],[88.623,26.471],[88.624,26.435],[88.65,26.43],[88.645,26.419],[88.668,26.407],[88.686,26.412],[88.687,26.401],[88.669,26.398],[88.702,26.388],[88.681,26.379],[88.704,26.333],[88.734,26.354],[88.746,26.348],[88.733,26.329],[88.749,26.332],[88.746,26.322],[88.697,26.313],[88.691,26.329],[88.675,26.32],[88.684,26.295],[88.708,26.289],[88.686,26.281],[88.668,26.297],[88.666,26.263],[88.68,26.26],[88.692,26.269],[88.685,26.279],[88.721,26.283],[88.72,26.292],[88.744,26.291],[88.746,26.311],[88.763,26.299],[88.794,26.31],[88.819,26.295],[88.813,26.256],[88.843,26.231],[88.878,26.234],[88.862,26.252],[88.861,26.273],[88.876,26.287],[88.897,26.289],[88.926,26.284],[88.953,26.242],[89.051,26.242],[89.051,26.256],[89.063,26.256],[89.054,26.277],[89.06,26.293],[89.047,26.296],[89.04,26.277],[89.041,26.286],[89.02,26.29],[89.021,26.309],[89.019,26.29],[89.007,26.304],[88.996,26.29],[88.983,26.309],[88.985,26.318],[88.997,26.314],[88.992,26.322],[89.001,26.33],[88.985,26.333],[88.987,26.349],[88.961,26.352],[88.956,26.33],[88.959,26.344],[88.946,26.344],[88.958,26.362],[88.918,26.36],[88.91,26.37],[88.921,26.378],[88.909,26.38],[88.918,26.401],[88.905,26.409],[88.926,26.407],[88.926,26.432],[88.945,26.426],[88.946,26.448],[88.965,26.451],[88.956,26.46],[88.983,26.447],[88.981,26.425],[88.994,26.413],[88.998,26.414],[88.994,26.423],[89.006,26.421],[89.007,26.413],[89.022,26.414],[89.02,26.404],[89.03,26.407],[89.034,26.395],[89.052,26.399],[89.042,26.407],[89.056,26.396],[89.096,26.391],[89.08,26.363],[89.098,26.359],[89.101,26.337],[89.084,26.322],[89.092,26.32],[89.097,26.33],[89.113,26.318],[89.136,26.321],[89.121,26.287],[89.105,26.316],[89.1,26.28],[89.125,26.264],[89.12,26.253],[89.141,26.236],[89.149,26.207],[89.135,26.181],[89.157,26.163],[89.148,26.159],[89.155,26.139],[89.192,26.124],[89.23,26.124],[89.252,26.092],[89.267,26.093],[89.255,26.065],[89.28,26.067],[89.276,26.049],[89.301,26.051],[89.349,26.01],[89.393,26.007],[89.391,26.023],[89.424,26.047],[89.433,26.038],[89.431,26.011],[89.48,25.996],[89.491,26.006],[89.541,26.006],[89.548,26],[89.535,25.99],[89.54,25.971],[89.558,25.965],[89.566,25.98],[89.577,25.969],[89.574,25.98],[89.587,25.981],[89.579,26.026],[89.613,26.053],[89.605,26.063],[89.62,26.054],[89.65,26.063],[89.634,26.081],[89.631,26.107],[89.614,26.103],[89.609,26.088],[89.594,26.102],[89.598,26.113],[89.616,26.107],[89.631,26.119],[89.626,26.129],[89.604,26.118],[89.591,26.157],[89.6,26.161],[89.61,26.154],[89.62,26.168],[89.609,26.181],[89.624,26.179],[89.623,26.171],[89.637,26.179],[89.632,26.172],[89.646,26.165],[89.659,26.176],[89.628,26.184],[89.63,26.196],[89.65,26.19],[89.633,26.21],[89.634,26.229],[89.672,26.22],[89.68,26.238],[89.66751,26.24532],[89.675,26.248],[89.689,26.222],[89.685,26.22],[89.679,26.224],[89.684,26.209],[89.691,26.212],[89.673,26.201],[89.686,26.198],[89.687,26.182],[89.702,26.174],[89.682,26.164],[89.703,26.152],[89.713,26.169],[89.737,26.173],[89.726,26.178],[89.709,26.173],[89.699,26.191],[89.713,26.188],[89.72,26.196],[89.712,26.203],[89.733,26.212],[89.7,26.218],[89.732,26.238],[89.717,26.257],[89.703,26.258],[89.706,26.27],[89.722,26.257],[89.739,26.27],[89.72618,26.29496],[89.758,26.288],[89.751,26.321],[89.764,26.317],[89.781,26.329],[89.783,26.352],[89.814,26.371],[89.822,26.372],[89.813,26.357],[89.822,26.352],[89.831,26.383],[89.859,26.385],[89.85,26.403],[89.838,26.391],[89.83,26.397],[89.835,26.412],[89.857,26.412],[89.849,26.423],[89.872,26.452],[89.854,26.492],[89.864,26.578],[89.88,26.585],[89.88,26.613],[89.859,26.624],[89.879,26.65],[89.864,26.701],[89.81,26.715],[89.777,26.7],[89.759,26.717],[89.759,26.737],[89.724,26.722],[89.671,26.739],[89.658,26.718],[89.624,26.719],[89.618,26.728],[89.646,26.752],[89.651,26.776],[89.567,26.799],[89.559,26.813],[89.47,26.803],[89.439,26.841],[89.39,26.842],[89.379,26.862],[89.327,26.843],[89.318,26.851],[89.262,26.814],[89.194,26.811],[89.177,26.819],[89.135,26.808],[89.101,26.843],[89.106,26.86],[89.093,26.873],[89.096,26.891],[89.07,26.904],[89.049,26.899],[89.051,26.916],[89.03,26.923],[89.022,26.941],[88.98,26.917],[88.944,26.934],[88.948,26.942],[88.952,26.968],[88.921,26.993],[88.877,26.944],[88.872,26.964],[88.881,27.038],[88.87,27.11],[88.843,27.112],[88.803,27.139],[88.729,27.136],[88.692,27.178],[88.66,27.161],[88.592,27.191],[88.521,27.173],[88.532,27.15],[88.498,27.124],[88.476,27.122],[88.46,27.091],[88.434,27.08],[88.358,27.096],[88.341,27.11],[88.322,27.104],[88.316,27.126],[88.279,27.132],[88.237,27.119],[88.216,27.134],[88.182,27.133],[88.152,27.11],[88.095,27.134],[88.075,27.173],[88.078,27.2],[88.038,27.22],[88.014,27.212],[88.019,27.171],[87.989,27.112],[88.021,27.088],[88.016,27.075],[88.037,27.037],[88.078,27.036],[88.089,27.008],[88.133,26.986],[88.121,26.95],[88.145,26.92],[88.137,26.898],[88.173,26.868],[88.168,26.837],[88.188,26.771],[88.16,26.637],[88.142,26.626],[88.13,26.574],[88.112,26.572],[88.103,26.539],[88.142,26.514],[88.162,26.524],[88.164,26.542],[88.175,26.535],[88.182,26.549],[88.212,26.54],[88.211,26.561],[88.226,26.556],[88.23,26.535],[88.203,26.513],[88.191,26.516],[88.18,26.488],[88.211,26.473],[88.212,26.483],[88.224,26.482],[88.21,26.469],[88.225,26.454],[88.244,26.454],[88.251,26.433],[88.27,26.42],[88.225,26.393],[88.231,26.379],[88.276,26.379],[88.281,26.36],[88.304,26.348],[88.289,26.351],[88.278,26.348],[88.274,26.329],[88.269,26.339],[88.247,26.328],[88.211,26.278],[88.183,26.274],[88.174,26.256],[88.145,26.252],[88.141,26.228],[88.115,26.224],[88.072,26.175],[88.037,26.179],[88.01,26.162],[88.014,26.15],[88,26.139],[87.992,26.151],[87.975,26.143],[87.981,26.126],[87.969,26.119],[87.984,26.115],[87.987,26.103],[87.964,26.094],[87.983,26.074],[87.953,26.077],[87.954,26.065],[87.943,26.062],[87.928,26.083],[87.893,26.062],[87.89,26.048],[87.856,26.037],[87.847,25.963],[87.834,25.946],[87.838,25.932],[87.833,25.927],[87.807,25.93],[87.808,25.912],[87.823,25.912],[87.829,25.871],[87.892,25.865],[87.915,25.853],[87.897,25.837],[87.903,25.834],[87.888,25.83],[87.916,25.816],[87.899,25.808],[87.908,25.803],[87.904,25.772],[87.938,25.774],[87.966,25.725],[87.992,25.725],[88.021,25.71],[88.021,25.696],[88.049,25.697],[88.048,25.646],[88.037,25.642],[88.055,25.638],[88.035,25.624],[88.043,25.609],[88.03,25.605],[88.04,25.601],[88.024,25.602],[88.03,25.593],[88.02,25.591],[88.026,25.572],[88.039,25.569],[88.027,25.556],[88.07064,25.54916],[88.034,25.547],[88.077,25.508],[88.08069,25.45731],[88.066,25.489],[88.031,25.49],[88.01,25.502],[88.014,25.511],[88.007,25.51],[88.007,25.496],[87.997,25.5],[87.985,25.516],[87.992,25.525],[87.955,25.539],[87.917,25.533],[87.903,25.505],[87.885,25.52],[87.886,25.508],[87.865,25.488],[87.869,25.468],[87.839,25.468],[87.826,25.439],[87.812,25.435],[87.787,25.45],[87.77,25.426],[87.776,25.408],[87.764,25.414],[87.769,25.379],[87.792,25.373],[87.787,25.339],[87.795,25.326],[87.86,25.287],[87.856,25.256],[87.827,25.235],[87.841,25.206],[87.836,25.187],[87.839,25.202],[87.804,25.219],[87.773,25.221],[87.778,25.146],[87.801,25.114],[87.795,25.088],[87.876,25.034],[87.906,25.001],[87.941,24.991],[87.958,24.971],[87.963,24.938],[87.952,24.908],[87.891,24.855],[87.901,24.823],[87.87,24.825],[87.882,24.799],[87.869,24.789],[87.869,24.775],[87.854,24.762],[87.836,24.766],[87.835,24.79],[87.818,24.756],[87.866,24.733],[87.883,24.741],[87.89,24.725],[87.908,24.721],[87.888,24.68],[87.917,24.665],[87.914,24.638],[87.888,24.631],[87.906,24.629],[87.906,24.615],[87.876,24.612],[87.91327,24.60865],[87.911,24.608],[87.909,24.585],[87.893,24.582],[87.89013,24.56475],[87.852,24.554],[87.803,24.58],[87.772,24.584],[87.771,24.572],[87.792,24.572],[87.809,24.547],[87.799,24.543],[87.799,24.494],[87.809,24.514],[87.811,24.491],[87.828,24.498],[87.81,24.476],[87.824,24.459],[87.803,24.454],[87.79,24.42],[87.8,24.409],[87.806,24.42],[87.813,24.414],[87.794,24.4],[87.801,24.382],[87.764,24.338],[87.771,24.322],[87.761,24.309],[87.73,24.288],[87.713,24.294],[87.706,24.261],[87.66,24.236],[87.639,24.255],[87.636,24.242],[87.647,24.231],[87.639,24.214],[87.674,24.208],[87.677,24.195],[87.695,24.187],[87.694,24.15],[87.642,24.153],[87.616,24.166],[87.573,24.161],[87.571,24.158],[87.61,24.132],[87.585,24.124],[87.574,24.111],[87.58,24.087],[87.56,24.082],[87.543,24.086],[87.532,24.108],[87.498,24.118],[87.501,24.101],[87.49,24.09],[87.51,24.084],[87.493,24.077],[87.493,24.054],[87.509,24.048],[87.512,24.036],[87.477,24.012],[87.438,24.013],[87.461,23.996],[87.46,23.984],[87.441,23.981],[87.36,24.013],[87.351,23.998],[87.329,23.999],[87.319,24.008],[87.337,24.034],[87.288,24.029],[87.245,24.045],[87.233,24.024],[87.249,23.998],[87.263,24.002],[87.262,23.968],[87.293,23.958],[87.284,23.936],[87.291,23.894],[87.267,23.875],[87.258,23.908],[87.246,23.909],[87.241,23.871],[87.256,23.844],[87.239,23.826],[87.217,23.83],[87.233,23.857],[87.206,23.856],[87.189,23.843],[87.197,23.858],[87.181,23.853],[87.129,23.869],[87.13,23.854],[87.167,23.825],[87.149,23.797],[87.14,23.805],[87.118,23.797],[87.115,23.808],[87.089,23.814],[87.10979,23.78282],[87.038,23.839],[86.973,23.869],[86.947,23.846],[86.917,23.882],[86.88,23.862],[86.89,23.821],[86.875,23.848],[86.827,23.814],[86.8,23.834],[86.81,23.822],[86.804,23.801],[86.828,23.76],[86.812,23.746],[86.8,23.699],[86.848,23.683],[86.82,23.688],[86.805,23.697],[86.747,23.679],[86.739,23.695],[86.718,23.699],[86.613,23.675],[86.61833,23.64433],[86.611,23.675],[86.535,23.632],[86.491,23.638],[86.462,23.63],[86.446,23.618],[86.447,23.599],[86.421,23.59],[86.414,23.576],[86.388,23.574],[86.365,23.532],[86.376,23.51],[86.362,23.485],[86.378,23.486],[86.379,23.474],[86.364,23.472],[86.35,23.441],[86.334,23.447],[86.305,23.435],[86.318,23.427],[86.31,23.412],[86.29,23.418],[86.29,23.429],[86.264,23.431],[86.252,23.427],[86.259,23.413],[86.248,23.412],[86.247,23.423],[86.23,23.431],[86.247,23.459],[86.233,23.462],[86.23,23.444],[86.176,23.47],[86.148,23.466],[86.161,23.507],[86.148,23.52],[86.159,23.56],[86.132,23.559],[86.126,23.57],[86.081,23.566],[86.073,23.569],[86.078,23.579],[86.042,23.586],[86.017,23.546],[86.028,23.542],[86.039,23.498],[86.059,23.495],[86.054,23.487],[85.952,23.471],[85.887,23.485],[85.862,23.462],[85.863,23.432],[85.885,23.428],[85.886,23.405],[85.902,23.399],[85.87,23.389],[85.883,23.35],[85.838,23.306],[85.82,23.27]]],[[[88.628,26.261],[88.644,26.257],[88.638,26.263],[88.634,26.268],[88.628,26.261]]],[[[88.641,26.269],[88.644,26.266],[88.648,26.27],[88.647,26.271],[88.641,26.269]]],[[[88.642,26.276],[88.652,26.278],[88.648,26.28],[88.646,26.282],[88.642,26.276]]],[[[88.645,26.273],[88.652,26.271],[88.655,26.271],[88.66,26.274],[88.645,26.273]]],[[[88.647,26.262],[88.648,26.261],[88.658,26.262],[88.653,26.266],[88.647,26.262]]],[[[88.654,26.268],[88.662,26.266],[88.664,26.27],[88.662,26.271],[88.654,26.268]]],[[[88.663,26.255],[88.683,26.24],[88.678,26.22],[88.709,26.206],[88.693,26.194],[88.708,26.183],[88.71,26.191],[88.726,26.186],[88.727,26.2],[88.714,26.205],[88.72,26.239],[88.691,26.229],[88.691,26.243],[88.672,26.259],[88.663,26.255]]],[[[88.75,26.15],[88.765,26.142],[88.765,26.127],[88.786,26.129],[88.782,26.181],[88.799,26.191],[88.803,26.214],[88.786,26.239],[88.765,26.237],[88.765,26.208],[88.781,26.195],[88.772,26.185],[88.778,26.174],[88.756,26.171],[88.763,26.156],[88.781,26.166],[88.769,26.153],[88.776,26.15],[88.75,26.15]]],[[[88.919,26.391],[88.927,26.393],[88.925,26.403],[88.922,26.403],[88.919,26.391]]],[[[88.931,26.374],[88.937,26.37],[88.941,26.371],[88.934,26.379],[88.931,26.374]]],[[[88.951,26.404],[88.956,26.412],[88.958,26.43],[88.953,26.434],[88.951,26.404]]],[[[88.966,26.415],[88.968,26.411],[88.969,26.415],[88.968,26.418],[88.966,26.415]]],[[[88.969,26.425],[88.973,26.426],[88.973,26.427],[88.969,26.43],[88.969,26.425]]],[[[88.97,26.416],[88.976,26.404],[88.978,26.412],[88.978,26.428],[88.97,26.416]]],[[[88.979,26.391],[88.983,26.39],[88.983,26.393],[88.979,26.395],[88.979,26.391]]],[[[88.983,26.353],[88.988,26.353],[88.987,26.355],[88.983,26.356],[88.983,26.353]]],[[[88.992,26.342],[88.994,26.341],[88.999,26.341],[89,26.344],[88.992,26.342]]],[[[89.006,26.326],[89.009,26.325],[89.009,26.328],[89.006,26.33],[89.006,26.326]]],[[[89.007,26.338],[89.013,26.331],[89.017,26.334],[89.014,26.339],[89.007,26.338]]],[[[89.016,26.317],[89.018,26.313],[89.021,26.316],[89.02,26.319],[89.016,26.317]]],[[[89.033,26.361],[89.037,26.364],[89.036,26.368],[89.033,26.364],[89.033,26.361]]],[[[89.571,25.955],[89.579,25.935],[89.588,25.947],[89.593,25.937],[89.606,25.944],[89.601,25.958],[89.59,25.966],[89.571,25.955]]],[[[89.798,26.331],[89.819,26.319],[89.819,26.339],[89.8,26.35],[89.798,26.331]]]]}},{"type":"Feature","properties":{"st_name":"Orissa"},"geometry":{"type":"MultiPolygon","coordinates":[[[[81.392,17.815],[81.416,17.813],[81.434,17.832],[81.444,17.825],[81.474,17.838],[81.49,17.813],[81.564,17.826],[81.574,17.837],[81.617,17.822],[81.67,17.887],[81.686,17.885],[81.699,17.901],[81.709,17.872],[81.726,17.879],[81.79,17.921],[81.81,17.951],[81.963,17.999],[82.009,18.03],[82.007,18.056],[82.032,18.069],[82.04,18.057],[82.062,18.055],[82.077,18.075],[82.102,18.06],[82.133,18.06],[82.137,18.044],[82.169,18.052],[82.184,18.029],[82.179,18.02],[82.205,18.018],[82.25,17.993],[82.269,18.001],[82.273,18.022],[82.262,18.042],[82.283,18.064],[82.304,18.069],[82.299,18.056],[82.31,18.054],[82.308,18.045],[82.32,18.045],[82.322,18.06],[82.341,18.055],[82.352,18.077],[82.336,18.106],[82.34,18.15],[82.363,18.135],[82.372,18.148],[82.353,18.172],[82.315,18.184],[82.311,18.204],[82.337,18.224],[82.324,18.231],[82.336,18.241],[82.345,18.281],[82.376,18.281],[82.392,18.298],[82.389,18.329],[82.356,18.316],[82.338,18.328],[82.386,18.368],[82.38,18.404],[82.364,18.422],[82.409,18.469],[82.486,18.55],[82.493,18.543],[82.482,18.541],[82.487,18.528],[82.505,18.514],[82.532,18.511],[82.534,18.478],[82.519,18.466],[82.54,18.444],[82.542,18.458],[82.562,18.447],[82.535,18.407],[82.595,18.389],[82.606,18.366],[82.621,18.36],[82.602,18.352],[82.609,18.327],[82.595,18.329],[82.581,18.315],[82.599,18.304],[82.588,18.276],[82.634,18.238],[82.652,18.25],[82.642,18.264],[82.652,18.281],[82.643,18.302],[82.667,18.298],[82.774,18.34],[82.791,18.363],[82.783,18.382],[82.8,18.407],[82.787,18.411],[82.782,18.431],[82.803,18.449],[82.822,18.448],[82.852,18.419],[82.895,18.424],[82.894,18.382],[82.94,18.361],[82.97,18.36],[82.996,18.385],[83.021,18.392],[83.043,18.379],[83.06,18.385],[83.077,18.403],[83.057,18.419],[83.067,18.43],[83.059,18.437],[83.042,18.424],[83.041,18.441],[83.021,18.456],[83.055,18.486],[83.095,18.547],[83.081,18.554],[83.045,18.544],[83.03,18.574],[83.053,18.588],[83.053,18.601],[83.024,18.59],[83.015,18.606],[83,18.608],[83,18.62],[83.02,18.635],[83.013,18.646],[83.058,18.665],[83.073,18.706],[83.122,18.758],[83.115,18.768],[83.139,18.785],[83.156,18.768],[83.178,18.771],[83.207,18.751],[83.212,18.731],[83.228,18.755],[83.225,18.775],[83.271,18.765],[83.285,18.798],[83.33,18.807],[83.328,18.818],[83.367,18.843],[83.378,18.83],[83.406,18.842],[83.414,18.873],[83.381,18.892],[83.392,18.909],[83.359,18.915],[83.352,18.935],[83.37,18.942],[83.378,18.925],[83.387,18.934],[83.371,18.943],[83.367,18.964],[83.352,18.968],[83.349,18.927],[83.326,18.932],[83.34,18.952],[83.31,18.999],[83.339,18.997],[83.343,19.018],[83.367,19.017],[83.373,19.002],[83.4,19.009],[83.42,19],[83.415,18.989],[83.439,18.975],[83.445,18.96],[83.464,18.955],[83.468,18.991],[83.456,18.991],[83.45,19.01],[83.478,19.008],[83.483,19.034],[83.462,19.064],[83.466,19.08],[83.478,19.079],[83.468,19.093],[83.483,19.092],[83.481,19.079],[83.501,19.061],[83.512,19.07],[83.519,19.039],[83.515,19.028],[83.497,19.036],[83.501,19.021],[83.537,19.01],[83.542,19.042],[83.557,19.056],[83.549,19.081],[83.56,19.087],[83.564,19.058],[83.584,19.058],[83.586,19.087],[83.611,19.096],[83.598,19.119],[83.602,19.136],[83.616,19.137],[83.626,19.163],[83.634,19.159],[83.637,19.132],[83.655,19.13],[83.647,19.118],[83.663,19.099],[83.661,19.081],[83.701,19.025],[83.73,19.022],[83.71,19.002],[83.733,18.988],[83.754,18.925],[83.778,18.911],[83.788,18.916],[83.784,18.934],[83.77,18.955],[83.759,18.951],[83.745,18.986],[83.752,18.999],[83.782,19.009],[83.778,19.017],[83.794,19.018],[83.80226,19.02488],[83.794,19.009],[83.818,18.972],[83.827,18.916],[83.846,18.914],[83.848,18.864],[83.893,18.815],[83.916,18.828],[83.95,18.805],[83.965,18.815],[84.016,18.809],[84.015,18.817],[84.038,18.816],[84.089,18.757],[84.122,18.768],[84.138,18.762],[84.14,18.777],[84.163,18.789],[84.19,18.778],[84.195,18.792],[84.226,18.799],[84.26,18.783],[84.286,18.793],[84.289,18.804],[84.321,18.787],[84.344,18.802],[84.331,18.818],[84.35,18.821],[84.365,18.839],[84.347,18.848],[84.337,18.89],[84.373,18.861],[84.384,18.875],[84.36,18.895],[84.392,18.877],[84.397,18.891],[84.379,18.905],[84.418,18.898],[84.419,18.918],[84.428,18.909],[84.438,18.921],[84.424,18.948],[84.431,18.969],[84.452,18.978],[84.421,19.022],[84.476,18.989],[84.483,19.017],[84.517,19.048],[84.582,19.074],[84.578,19.04],[84.601,19.025],[84.618,19.066],[84.66,19.062],[84.668,19.078],[84.659,19.093],[84.634,19.087],[84.619,19.104],[84.61,19.1],[84.602,19.128],[84.668,19.13],[84.671,19.166],[84.715,19.156],[84.699,19.143],[84.704,19.117],[84.765,19.077],[84.811,19.158],[84.879,19.231],[84.982,19.317],[85.079,19.375],[85.102,19.411],[85.172,19.467],[85.346,19.585],[85.613,19.716],[85.781,19.781],[85.94364,19.83059],[85.936,19.826],[86.226,19.901],[86.219,19.91],[86.226,19.934],[86.244,19.923],[86.244,19.909],[86.307,19.941],[86.391,19.957],[86.411,19.975],[86.373,19.96],[86.409,19.995],[86.432,20.052],[86.476,20.097],[86.524,20.173],[86.596,20.225],[86.68,20.26],[86.669,20.276],[86.68,20.264],[86.784,20.332],[86.72956,20.30296],[86.77,20.328],[86.81,20.375],[86.805,20.399],[86.798,20.401],[86.797,20.378],[86.792,20.388],[86.81,20.454],[86.794,20.494],[86.802,20.444],[86.791,20.433],[86.786,20.384],[86.765,20.393],[86.744,20.379],[86.736,20.397],[86.725,20.378],[86.71,20.396],[86.731,20.411],[86.736,20.461],[86.723,20.48],[86.749,20.474],[86.758,20.494],[86.752,20.518],[86.765,20.504],[86.789,20.534],[87.056,20.715],[87.041,20.759],[87.022,20.77],[86.902,20.763],[86.861,20.775],[86.828,20.756],[86.811,20.731],[86.795,20.741],[86.793,20.732],[86.794,20.753],[86.815,20.753],[86.821,20.77],[86.869,20.794],[86.878,20.809],[86.89,20.793],[86.968,20.792],[86.977,20.861],[86.873,21.045],[86.843,21.136],[86.847,21.188],[86.907,21.286],[86.964,21.374],[87.05,21.43],[87.068,21.463],[87.089,21.461],[87.148,21.509],[87.236,21.538],[87.359,21.542],[87.394,21.533],[87.371,21.563],[87.336,21.577],[87.382,21.574],[87.408,21.546],[87.435,21.581],[87.484,21.603],[87.486,21.632],[87.461,21.655],[87.474,21.697],[87.469,21.732],[87.445,21.734],[87.454,21.74],[87.446,21.744],[87.445,21.768],[87.398,21.767],[87.385,21.777],[87.37,21.765],[87.372,21.779],[87.355,21.792],[87.338,21.785],[87.336,21.794],[87.298,21.801],[87.297,21.811],[87.277,21.805],[87.235,21.901],[87.249,21.917],[87.249,21.936],[87.232,21.958],[87.197,21.959],[87.17,21.98],[87.163,21.939],[87.138,21.924],[87.105,21.923],[87.089,21.905],[87.10046,21.86533],[87.098,21.867],[87.026,21.875],[87,21.914],[87.031,21.986],[87.026,22.037],[86.993,22.054],[86.966,22.085],[86.833,22.099],[86.826,22.119],[86.806,22.12],[86.794,22.157],[86.72,22.147],[86.725,22.218],[86.679,22.225],[86.67,22.242],[86.654,22.237],[86.644,22.268],[86.611,22.284],[86.593,22.278],[86.582,22.302],[86.554,22.298],[86.541,22.308],[86.533,22.301],[86.527,22.323],[86.508,22.328],[86.497,22.347],[86.462,22.326],[86.445,22.329],[86.442,22.307],[86.43,22.308],[86.358,22.349],[86.321,22.385],[86.281,22.449],[86.269,22.442],[86.224,22.453],[86.222,22.468],[86.208,22.473],[86.116,22.487],[86.082,22.534],[86.042,22.568],[86.022,22.548],[86.032,22.538],[86.026,22.525],[85.984,22.515],[85.963,22.485],[85.957,22.464],[85.985,22.435],[86.015,22.429],[86.027,22.386],[86.021,22.364],[85.998,22.341],[86.026,22.335],[86.014,22.313],[86.047,22.309],[86.014,22.297],[85.988,22.267],[85.989,22.254],[85.974,22.247],[86.031,22.19],[85.998,22.133],[86.007,22.117],[85.944,22.021],[85.931,22.023],[85.916,22.009],[85.911,21.973],[85.895,21.985],[85.824,21.975],[85.817,21.986],[85.782,21.985],[85.763,21.996],[85.76,22.013],[85.784,22.04],[85.775,22.056],[85.793,22.082],[85.816,22.074],[85.836,22.08],[85.832,22.093],[85.813,22.095],[85.821,22.106],[85.807,22.116],[85.734,22.066],[85.676,22.057],[85.662,22.034],[85.678,22.063],[85.652,22.096],[85.597,22.079],[85.559,22.096],[85.542,22.091],[85.515,22.115],[85.4,22.163],[85.366,22.159],[85.365,22.124],[85.324,22.128],[85.281,22.091],[85.23775,22.01056],[85.221,22.018],[85.214,22.049],[85.186,22.059],[85.181,22.073],[85.167,22.07],[85.171,22.052],[85.159,22.076],[85.122,22.071],[85.099,22.106],[85.049,22.116],[85.021,22.108],[84.996,22.082],[84.984,22.086],[84.985,22.096],[85.028,22.123],[85.029,22.162],[85.054,22.183],[85.05,22.195],[85.077,22.253],[85.071,22.275],[85.117,22.295],[85.118,22.317],[85.092,22.316],[85.095,22.344],[85.076,22.356],[85.086,22.4],[85.06,22.448],[85.076,22.463],[85.076,22.48],[85.038,22.484],[85.033,22.473],[84.959,22.443],[84.956,22.458],[84.923,22.443],[84.911,22.424],[84.887,22.421],[84.882,22.447],[84.839,22.43],[84.818,22.437],[84.812,22.452],[84.759,22.447],[84.75,22.419],[84.668,22.419],[84.629,22.435],[84.535,22.427],[84.482,22.412],[84.485,22.389],[84.45,22.383],[84.431,22.37],[84.43,22.353],[84.295,22.342],[84.269,22.355],[84.252,22.378],[84.199,22.376],[84.157,22.407],[84.141,22.425],[84.142,22.474],[84.114,22.476],[84.06,22.516],[84.013,22.524],[83.998,22.534],[83.975,22.512],[84.047,22.47],[84.047,22.439],[84.013,22.398],[84.01,22.372],[83.923,22.358],[83.889,22.336],[83.865,22.343],[83.823,22.313],[83.827,22.293],[83.795,22.286],[83.758,22.24],[83.704,22.247],[83.65,22.223],[83.563,22.104],[83.606,22.067],[83.587,22.049],[83.548,22.059],[83.537,22.043],[83.554,22.008],[83.539,21.966],[83.562,21.948],[83.557,21.935],[83.591,21.929],[83.606,21.914],[83.578,21.889],[83.574,21.875],[83.591,21.851],[83.58,21.829],[83.59817,21.83169],[83.59,21.826],[83.541,21.838],[83.53,21.828],[83.54,21.822],[83.54,21.799],[83.492,21.818],[83.483,21.794],[83.469,21.787],[83.482,21.766],[83.476,21.752],[83.49,21.745],[83.459,21.699],[83.432,21.7],[83.419,21.681],[83.487,21.644],[83.489,21.631],[83.474,21.633],[83.466,21.609],[83.456,21.61],[83.444,21.624],[83.451,21.651],[83.442,21.655],[83.383,21.62],[83.366,21.578],[83.373,21.559],[83.338,21.502],[83.354,21.448],[83.373,21.443],[83.399,21.405],[83.397,21.367],[83.407,21.352],[83.379,21.344],[83.269,21.378],[83.274,21.364],[83.257,21.32],[83.279,21.295],[83.271,21.273],[83.25,21.282],[83.222,21.266],[83.222,21.229],[83.198,21.145],[83.167,21.138],[83.138,21.109],[83.078,21.112],[83.016,21.146],[82.991,21.14],[82.986,21.151],[83.004,21.167],[82.981,21.17],[82.989,21.183],[82.966,21.175],[82.965,21.193],[82.944,21.178],[82.948,21.162],[82.903,21.167],[82.883,21.148],[82.877,21.164],[82.853,21.16],[82.851,21.169],[82.8,21.156],[82.794,21.143],[82.756,21.167],[82.641,21.155],[82.637,21.144],[82.653,21.129],[82.64,21.119],[82.649,21.107],[82.636,21.092],[82.611,21.076],[82.628,21.038],[82.56,20.948],[82.489,20.909],[82.487,20.862],[82.465,20.843],[82.464,20.829],[82.42,20.832],[82.405,20.87],[82.365,20.871],[82.364,20.889],[82.351,20.89],[82.34,20.847],[82.342,20.768],[82.376,20.632],[82.347,20.603],[82.351,20.581],[82.332,20.562],[82.358,20.529],[82.39,20.518],[82.396,20.46],[82.418,20.482],[82.438,20.434],[82.417,20.408],[82.421,20.393],[82.4,20.342],[82.438,20.294],[82.412,20.267],[82.422,20.248],[82.411,20.243],[82.421,20.205],[82.386,20.146],[82.398,20.124],[82.398,20.058],[82.479,20.038],[82.508,20.019],[82.55,20.018],[82.595,19.992],[82.62,19.992],[82.642,20.007],[82.707,19.999],[82.718,19.99],[82.72,19.948],[82.707,19.912],[82.714,19.878],[82.724,19.876],[82.718,19.853],[82.704,19.832],[82.651,19.832],[82.627,19.793],[82.595,19.779],[82.602,19.748],[82.594,19.776],[82.582,19.783],[82.575,19.834],[82.603,19.867],[82.535,19.887],[82.531,19.879],[82.505,19.89],[82.501,19.903],[82.446,19.909],[82.395,19.888],[82.344,19.836],[82.302,19.89],[82.269,19.976],[82.238,20.003],[82.185,19.984],[82.172,20.006],[82.125,20.016],[82.066,20.057],[82.033,20.016],[82.021,20.023],[82.017,20.049],[81.992,20.057],[81.968,20.091],[81.94,20.104],[81.895,20.048],[81.88,20.051],[81.872,20.041],[81.845,19.952],[81.857,19.947],[81.853,19.92],[81.869,19.902],[81.969,19.86],[81.966,19.836],[81.986,19.801],[82.059,19.796],[82.066,19.787],[82.044,19.709],[82.059,19.629],[82.04,19.597],[82.051,19.549],[82.029,19.508],[82.066,19.511],[82.076,19.524],[82.1,19.517],[82.103,19.466],[82.126,19.429],[82.171,19.437],[82.19,19.427],[82.178,19.379],[82.153,19.377],[82.147,19.365],[82.149,19.353],[82.179,19.344],[82.195,19.326],[82.181,19.324],[82.159,19.267],[82.158,19.227],[82.169,19.213],[82.162,19.202],[82.18,19.191],[82.176,19.171],[82.186,19.166],[82.178,19.156],[82.17,19.16],[82.181,19.151],[82.166,19.133],[82.174,19.118],[82.183,19.132],[82.206,19.124],[82.205,19.097],[82.218,19.097],[82.202,19.067],[82.23,19.027],[82.246,18.919],[82.218,18.923],[82.176,18.903],[82.176,18.887],[82.161,18.879],[82.169,18.836],[82.161,18.789],[82.134,18.781],[82.133,18.765],[82.091,18.766],[82.085,18.721],[82.037,18.727],[81.97,18.699],[81.96,18.689],[81.969,18.674],[81.949,18.644],[81.921,18.643],[81.894,18.658],[81.895,18.629],[81.93,18.618],[81.963,18.59],[81.95,18.57],[81.91,18.571],[81.901,18.548],[81.909,18.538],[81.868,18.525],[81.857,18.493],[81.769,18.418],[81.75,18.353],[81.659,18.346],[81.65,18.336],[81.662,18.321],[81.598,18.309],[81.565,18.275],[81.526,18.258],[81.53,18.24],[81.507,18.187],[81.526,18.153],[81.513,18.138],[81.513,18.1],[81.48,18.05],[81.483,17.977],[81.449,17.931],[81.444,17.885],[81.399,17.892],[81.394,17.87],[81.404,17.853],[81.392,17.815]]]]}},{"type":"Feature","properties":{"st_name":"Chhattisgarh"},"geometry":{"type":"MultiPolygon","coordinates":[[[[80.244,18.757],[80.301,18.692],[80.346,18.595],[80.375,18.611],[80.388,18.597],[80.456,18.629],[80.488,18.631],[80.515,18.619],[80.534,18.588],[80.638,18.523],[80.655,18.476],[80.705,18.44],[80.699,18.421],[80.735,18.413],[80.72,18.391],[80.732,18.355],[80.758,18.292],[80.794,18.254],[80.737,18.222],[80.741,18.174],[80.799,18.168],[80.824,18.191],[80.824,18.236],[80.837,18.239],[80.866,18.23],[80.873,18.211],[80.853,18.202],[80.867,18.137],[80.914,18.141],[80.958,18.174],[80.979,18.175],[80.979,18.151],[80.956,18.129],[80.949,18.083],[80.969,18.046],[80.998,17.917],[80.996,17.848],[81.008,17.798],[81.044,17.783],[81.073,17.786],[81.166,17.858],[81.265,17.81],[81.354,17.812],[81.393,17.794],[81.388,17.827],[81.404,17.853],[81.394,17.87],[81.399,17.892],[81.444,17.885],[81.449,17.931],[81.483,17.977],[81.48,18.05],[81.513,18.1],[81.513,18.138],[81.526,18.153],[81.507,18.187],[81.53,18.24],[81.526,18.258],[81.565,18.275],[81.598,18.309],[81.662,18.321],[81.65,18.336],[81.659,18.346],[81.75,18.353],[81.769,18.418],[81.857,18.493],[81.868,18.525],[81.909,18.538],[81.901,18.548],[81.91,18.571],[81.95,18.57],[81.963,18.59],[81.93,18.618],[81.895,18.629],[81.894,18.658],[81.921,18.643],[81.949,18.644],[81.969,18.674],[81.96,18.689],[81.97,18.699],[82.037,18.727],[82.085,18.721],[82.091,18.766],[82.133,18.765],[82.134,18.781],[82.161,18.789],[82.169,18.836],[82.161,18.879],[82.176,18.887],[82.176,18.903],[82.218,18.923],[82.246,18.919],[82.23,19.027],[82.202,19.067],[82.218,19.097],[82.205,19.097],[82.206,19.124],[82.183,19.132],[82.174,19.118],[82.166,19.133],[82.181,19.151],[82.17,19.16],[82.178,19.156],[82.186,19.166],[82.176,19.171],[82.179,19.209],[82.159,19.225],[82.159,19.267],[82.181,19.324],[82.195,19.326],[82.179,19.344],[82.149,19.353],[82.147,19.365],[82.153,19.377],[82.178,19.379],[82.19,19.426],[82.171,19.437],[82.126,19.429],[82.103,19.466],[82.1,19.517],[82.076,19.524],[82.066,19.511],[82.029,19.508],[82.051,19.549],[82.04,19.597],[82.059,19.629],[82.044,19.709],[82.051,19.747],[82.064,19.759],[82.065,19.79],[81.986,19.801],[81.966,19.836],[81.969,19.86],[81.889,19.893],[81.88617,19.89071],[81.854,19.918],[81.857,19.947],[81.845,19.952],[81.88,20.051],[81.895,20.048],[81.947,20.107],[81.992,20.057],[82.018,20.048],[82.021,20.023],[82.033,20.016],[82.071,20.056],[82.125,20.016],[82.172,20.006],[82.185,19.984],[82.238,20.003],[82.269,19.976],[82.302,19.89],[82.344,19.836],[82.395,19.888],[82.445,19.909],[82.501,19.903],[82.505,19.89],[82.531,19.879],[82.535,19.887],[82.549,19.876],[82.596,19.873],[82.602,19.864],[82.575,19.834],[82.582,19.783],[82.592,19.776],[82.627,19.793],[82.651,19.832],[82.696,19.831],[82.712,19.84],[82.724,19.876],[82.714,19.878],[82.707,19.902],[82.72,19.948],[82.718,19.99],[82.707,19.999],[82.642,20.007],[82.62,19.992],[82.595,19.992],[82.55,20.018],[82.508,20.019],[82.479,20.038],[82.398,20.058],[82.398,20.124],[82.386,20.146],[82.421,20.205],[82.411,20.243],[82.422,20.248],[82.412,20.267],[82.438,20.294],[82.4,20.342],[82.421,20.393],[82.417,20.408],[82.438,20.434],[82.418,20.482],[82.396,20.46],[82.39,20.518],[82.358,20.529],[82.332,20.562],[82.351,20.581],[82.347,20.603],[82.376,20.632],[82.342,20.768],[82.34,20.847],[82.351,20.89],[82.364,20.889],[82.365,20.871],[82.405,20.87],[82.42,20.832],[82.464,20.829],[82.465,20.843],[82.487,20.862],[82.489,20.909],[82.56,20.948],[82.628,21.038],[82.611,21.072],[82.649,21.105],[82.64,21.118],[82.653,21.13],[82.637,21.144],[82.641,21.155],[82.756,21.167],[82.794,21.143],[82.8,21.156],[82.851,21.169],[82.853,21.16],[82.877,21.164],[82.883,21.148],[82.903,21.167],[82.948,21.162],[82.944,21.178],[82.965,21.193],[82.966,21.175],[82.989,21.183],[82.981,21.17],[83.004,21.167],[82.986,21.151],[82.991,21.14],[83.016,21.146],[83.078,21.112],[83.132,21.106],[83.167,21.138],[83.198,21.145],[83.222,21.229],[83.222,21.266],[83.25,21.282],[83.271,21.272],[83.279,21.293],[83.257,21.32],[83.274,21.377],[83.222,21.383],[83.284,21.38],[83.371,21.346],[83.407,21.351],[83.397,21.367],[83.399,21.405],[83.373,21.443],[83.354,21.448],[83.338,21.502],[83.373,21.559],[83.366,21.578],[83.383,21.62],[83.442,21.655],[83.451,21.651],[83.444,21.624],[83.456,21.61],[83.466,21.609],[83.474,21.633],[83.489,21.631],[83.487,21.644],[83.419,21.681],[83.432,21.7],[83.459,21.699],[83.49,21.745],[83.476,21.752],[83.482,21.766],[83.469,21.787],[83.483,21.794],[83.493,21.818],[83.541,21.799],[83.532,21.831],[83.552,21.841],[83.577,21.831],[83.591,21.851],[83.574,21.875],[83.586,21.902],[83.606,21.915],[83.591,21.929],[83.557,21.935],[83.562,21.948],[83.538,21.969],[83.554,22.008],[83.537,22.028],[83.541,22.054],[83.587,22.049],[83.606,22.067],[83.563,22.104],[83.65,22.223],[83.704,22.247],[83.758,22.24],[83.795,22.286],[83.827,22.293],[83.823,22.313],[83.865,22.343],[83.889,22.336],[83.923,22.358],[84.01,22.372],[84.013,22.398],[84.047,22.439],[84.047,22.47],[83.975,22.512],[83.998,22.534],[84.012,22.527],[84.003,22.546],[84.009,22.573],[84.024,22.592],[84.054,22.598],[84.084,22.638],[84.153,22.637],[84.199,22.666],[84.223,22.669],[84.239,22.692],[84.232,22.74],[84.26,22.767],[84.289,22.766],[84.3,22.796],[84.316,22.801],[84.325,22.851],[84.336,22.862],[84.372,22.865],[84.381,22.878],[84.376,22.907],[84.393,22.92],[84.396,22.939],[84.374,22.979],[84.329,22.983],[84.284,22.964],[84.277,22.993],[84.253,22.973],[84.242,22.983],[84.219,22.979],[84.202,23.021],[84.186,23.028],[84.175,23.01],[84.176,22.977],[84.149,22.966],[84.125,23.036],[84.133,23.083],[84.093,23.113],[84.063,23.113],[84.038,23.14],[84.038,23.171],[84.063,23.206],[84.054,23.246],[84.075,23.334],[84.054,23.352],[84.05,23.375],[84.023,23.378],[84.011,23.354],[83.98,23.365],[83.967,23.388],[83.986,23.426],[83.974,23.46],[84.015,23.504],[84.03,23.6],[84.008,23.623],[84.016,23.634],[83.942,23.626],[83.93,23.618],[83.935,23.569],[83.815,23.596],[83.807,23.587],[83.801,23.602],[83.773,23.611],[83.775,23.622],[83.752,23.639],[83.761,23.652],[83.723,23.686],[83.746,23.72],[83.738,23.761],[83.721,23.772],[83.705,23.821],[83.665,23.828],[83.66,23.849],[83.572,23.862],[83.586,23.886],[83.554,23.896],[83.548,23.936],[83.515,23.98],[83.524,24.01],[83.516,24.027],[83.452,24.043],[83.432,24.086],[83.406,24.081],[83.393,24.097],[83.366,24.103],[83.347,24.097],[83.321,24.106],[83.282,24.049],[83.279,24.018],[83.246,24.013],[83.243,23.997],[83.224,23.987],[83.208,23.922],[83.16,23.908],[83.142,23.885],[83.08,23.87],[83.034,23.88],[82.95,23.871],[82.884,23.909],[82.837,23.957],[82.801,23.962],[82.787,23.943],[82.755,23.936],[82.752,23.92],[82.703,23.925],[82.689,23.91],[82.662,23.908],[82.651,23.887],[82.668,23.871],[82.636,23.838],[82.589,23.821],[82.533,23.822],[82.551,23.791],[82.496,23.786],[82.47,23.811],[82.335,23.803],[82.261,23.821],[82.232,23.805],[82.206,23.828],[82.212,23.852],[82.181,23.837],[82.172,23.819],[82.084,23.816],[82.039,23.827],[82.044,23.842],[82.009,23.861],[81.958,23.852],[81.922,23.871],[81.888,23.835],[81.823,23.808],[81.791,23.809],[81.725,23.84],[81.732,23.857],[81.708,23.861],[81.707,23.882],[81.691,23.884],[81.688,23.906],[81.669,23.925],[81.61,23.904],[81.604,23.885],[81.622,23.87],[81.604,23.859],[81.611,23.837],[81.635,23.835],[81.652,23.799],[81.645,23.77],[81.682,23.754],[81.679,23.739],[81.696,23.721],[81.684,23.691],[81.656,23.682],[81.655,23.663],[81.614,23.663],[81.612,23.595],[81.577,23.585],[81.584,23.554],[81.61,23.556],[81.612,23.512],[81.625,23.493],[81.654,23.498],[81.667,23.532],[81.701,23.523],[81.747,23.57],[81.758,23.55],[81.809,23.55],[81.82,23.516],[81.837,23.511],[81.875,23.513],[81.919,23.535],[81.958,23.501],[81.955,23.467],[81.98,23.447],[81.985,23.415],[81.999,23.422],[82.009,23.412],[82.025,23.425],[82.033,23.41],[82.024,23.409],[82.021,23.388],[82.056,23.377],[82.064,23.393],[82.104,23.398],[82.117,23.356],[82.146,23.361],[82.163,23.335],[82.192,23.327],[82.199,23.314],[82.193,23.277],[82.174,23.269],[82.145,23.227],[82.154,23.212],[82.144,23.166],[82.162,23.153],[82.158,23.139],[82.137,23.128],[82.138,23.112],[82.122,23.104],[82.072,23.118],[82.034,23.08],[81.943,23.078],[81.947,23.068],[81.93,23.061],[81.922,23.041],[81.95,22.983],[81.946,22.957],[81.92,22.947],[81.878,22.91],[81.866,22.916],[81.862,22.889],[81.776,22.874],[81.776,22.851],[81.762,22.83],[81.782,22.811],[81.783,22.779],[81.794,22.767],[81.769,22.742],[81.89,22.75],[81.755,22.734],[81.773,22.682],[81.757,22.647],[81.748,22.647],[81.742,22.674],[81.728,22.675],[81.713,22.648],[81.685,22.648],[81.648,22.614],[81.645,22.585],[81.658,22.584],[81.66,22.57],[81.629,22.564],[81.623,22.539],[81.599,22.536],[81.57,22.551],[81.57,22.532],[81.546,22.528],[81.522,22.539],[81.518,22.52],[81.497,22.52],[81.487,22.49],[81.479,22.492],[81.443,22.494],[81.451,22.486],[81.447,22.469],[81.459,22.469],[81.447,22.466],[81.44,22.482],[81.428,22.48],[81.424,22.448],[81.397,22.44],[81.382,22.51],[81.341,22.519],[81.323,22.524],[81.323,22.489],[81.314,22.483],[81.281,22.503],[81.263,22.493],[81.262,22.472],[81.232,22.452],[81.199,22.463],[81.193,22.491],[81.172,22.488],[81.155,22.454],[81.111,22.437],[81.104,22.383],[81.121,22.343],[81.118,22.291],[81.08,22.239],[81.072,22.248],[81.05,22.244],[81.02,22.221],[81.031,22.2],[81.031,22.187],[81.017,22.186],[81.027,22.166],[81.022,22.133],[80.995,22.133],[80.978,22.12],[81.011,22.096],[81.002,22.084],[81.006,22.063],[80.994,22.049],[80.969,22.058],[80.972,22.083],[80.948,22.118],[80.922,22.12],[80.908,22.11],[80.852,21.957],[80.825,21.958],[80.847,21.932],[80.832,21.89],[80.853,21.873],[80.843,21.865],[80.852,21.855],[80.839,21.848],[80.84,21.802],[80.817,21.763],[80.82,21.748],[80.785,21.74],[80.786,21.749],[80.756,21.762],[80.726,21.713],[80.734,21.694],[80.714,21.661],[80.731,21.617],[80.715,21.585],[80.729,21.572],[80.72,21.555],[80.74,21.539],[80.728,21.496],[80.738,21.473],[80.707,21.433],[80.678,21.349],[80.66,21.334],[80.681,21.314],[80.679,21.298],[80.662,21.292],[80.643,21.251],[80.616,21.228],[80.557,21.201],[80.529,21.205],[80.514,21.182],[80.464,21.175],[80.444,21.121],[80.457,21.115],[80.439,21.097],[80.452,21.039],[80.424,21.008],[80.444,20.994],[80.463,20.93],[80.546,20.935],[80.562,20.826],[80.549,20.796],[80.552,20.764],[80.565,20.711],[80.588,20.685],[80.58,20.673],[80.519,20.656],[80.481,20.619],[80.504,20.583],[80.522,20.58],[80.578,20.608],[80.632,20.598],[80.617,20.585],[80.627,20.564],[80.615,20.55],[80.619,20.505],[80.602,20.449],[80.614,20.435],[80.591,20.393],[80.611,20.375],[80.626,20.334],[80.61,20.319],[80.549,20.309],[80.519,20.266],[80.482,20.275],[80.396,20.246],[80.405,20.218],[80.422,20.207],[80.389,20.165],[80.405,20.145],[80.434,20.135],[80.456,20.138],[80.46,20.151],[80.505,20.145],[80.552,20.118],[80.56536,20.14707],[80.565,20.138],[80.544,20.096],[80.557,20.071],[80.539,19.952],[80.505,19.928],[80.452,19.957],[80.411,19.938],[80.414,19.907],[80.451,19.896],[80.468,19.907],[80.491,19.902],[80.506,19.87],[80.486,19.863],[80.469,19.826],[80.44,19.81],[80.403,19.816],[80.402,19.796],[80.464,19.796],[80.489,19.77],[80.485,19.802],[80.469,19.811],[80.481,19.827],[80.52,19.832],[80.546,19.818],[80.544,19.775],[80.586,19.741],[80.64,19.725],[80.673,19.693],[80.663,19.623],[80.67,19.609],[80.715,19.617],[80.741,19.606],[80.769,19.587],[80.775,19.562],[80.835,19.567],[80.856,19.523],[80.895,19.52],[80.898,19.481],[80.881,19.451],[80.796,19.431],[80.817,19.385],[80.853,19.364],[80.775,19.315],[80.76,19.291],[80.711,19.282],[80.69,19.287],[80.693,19.316],[80.68,19.33],[80.631,19.307],[80.612,19.31],[80.576,19.402],[80.544,19.384],[80.52,19.347],[80.483,19.339],[80.448,19.267],[80.389,19.238],[80.384,19.215],[80.394,19.188],[80.333,19.145],[80.339,19.1],[80.328,19.095],[80.329,19.07],[80.297,19.048],[80.305,19.027],[80.273,18.993],[80.27,18.94],[80.335,18.869],[80.353,18.819],[80.3,18.795],[80.277,18.766],[80.256,18.77],[80.244,18.757]]]]}},{"type":"Feature","properties":{"st_name":"Madhya Pradesh"},"geometry":{"type":"MultiPolygon","coordinates":[[[[74.033,22.491],[74.041,22.487],[74.054,22.509],[74.082,22.507],[74.087,22.479],[74.077,22.484],[74.075,22.464],[74.104,22.464],[74.1,22.438],[74.119,22.419],[74.15,22.456],[74.16,22.431],[74.184,22.442],[74.18,22.462],[74.19,22.476],[74.203,22.467],[74.201,22.435],[74.213,22.431],[74.215,22.441],[74.253,22.433],[74.268,22.405],[74.291,22.394],[74.257,22.4],[74.243,22.376],[74.224,22.38],[74.224,22.356],[74.203,22.366],[74.19,22.32],[74.128,22.332],[74.125,22.356],[74.105,22.372],[74.065,22.354],[74.072,22.337],[74.062,22.304],[74.054,22.304],[74.055,22.283],[74.087,22.243],[74.07,22.233],[74.072,22.219],[74.122,22.212],[74.122,22.167],[74.134,22.161],[74.123,22.136],[74.125,22.098],[74.152,22.106],[74.178,22.085],[74.165,22.083],[74.16,22.059],[74.132,22.048],[74.14,22.04],[74.092,22.014],[74.1,21.999],[74.15,21.987],[74.142,21.956],[74.182,21.929],[74.282,21.933],[74.298,21.965],[74.353,21.979],[74.389,22.021],[74.43257,22.03025],[74.452,22.005],[74.434,21.999],[74.446,21.968],[74.48,21.959],[74.524,21.911],[74.5,21.806],[74.514,21.766],[74.506,21.726],[74.548,21.719],[74.557,21.704],[74.554,21.681],[74.58,21.683],[74.582,21.665],[74.664,21.653],[74.687,21.632],[74.82,21.609],[74.863,21.634],[74.901,21.629],[74.911,21.614],[74.98,21.595],[75.015,21.569],[75.052,21.565],[75.089,21.516],[75.112,21.459],[75.216,21.409],[75.234,21.415],[75.254,21.402],[75.295,21.414],[75.299,21.386],[75.351,21.391],[75.358,21.401],[75.383,21.38],[75.426,21.391],[75.52,21.387],[75.544,21.369],[75.607,21.392],[75.624,21.375],[75.671,21.375],[75.704,21.388],[75.793,21.385],[75.833,21.377],[75.886,21.395],[75.911,21.383],[75.963,21.39],[75.987,21.369],[76.03,21.366],[76.049,21.35],[76.097,21.372],[76.129,21.287],[76.143,21.286],[76.159,21.256],[76.141,21.24],[76.142,21.228],[76.165,21.221],[76.165,21.191],[76.176,21.184],[76.171,21.167],[76.129,21.176],[76.111,21.162],[76.142,21.135],[76.132,21.132],[76.138,21.119],[76.171,21.104],[76.167,21.079],[76.249,21.092],[76.273,21.089],[76.28,21.071],[76.374,21.072],[76.413,21.088],[76.411,21.103],[76.456,21.108],[76.452,21.121],[76.474,21.136],[76.467,21.143],[76.479,21.147],[76.481,21.182],[76.493,21.194],[76.53,21.182],[76.567,21.199],[76.624,21.185],[76.642,21.237],[76.662,21.241],[76.663,21.28],[76.622,21.333],[76.739,21.411],[76.744,21.44],[76.782,21.46],[76.794,21.48],[76.788,21.501],[76.763,21.521],[76.789,21.536],[76.781,21.561],[76.795,21.594],[76.834,21.589],[76.852,21.613],[76.901,21.597],[77.075,21.72],[77.13,21.722],[77.165,21.711],[77.178,21.725],[77.191,21.721],[77.188,21.702],[77.21,21.69],[77.228,21.7],[77.227,21.717],[77.261,21.713],[77.272,21.728],[77.287,21.722],[77.28,21.758],[77.415,21.753],[77.479,21.77],[77.48,21.754],[77.502,21.746],[77.526,21.712],[77.544,21.704],[77.576,21.621],[77.577,21.555],[77.595,21.559],[77.612,21.539],[77.575,21.526],[77.503,21.552],[77.455,21.554],[77.45,21.541],[77.425,21.537],[77.422,21.517],[77.443,21.487],[77.442,21.47],[77.474,21.455],[77.488,21.374],[77.515,21.376],[77.533,21.419],[77.563,21.395],[77.563,21.369],[77.587,21.363],[77.608,21.365],[77.603,21.39],[77.653,21.392],[77.67,21.369],[77.693,21.397],[77.71,21.357],[77.737,21.362],[77.751,21.383],[77.797,21.389],[77.801,21.409],[77.883,21.384],[77.883,21.376],[77.906,21.378],[78.081,21.445],[78.176,21.499],[78.182,21.512],[78.171,21.526],[78.181,21.557],[78.223,21.553],[78.274,21.569],[78.26,21.58],[78.266,21.592],[78.303,21.584],[78.307,21.57],[78.327,21.575],[78.343,21.589],[78.356,21.573],[78.382,21.592],[78.372,21.614],[78.427,21.6],[78.418,21.571],[78.436,21.5],[78.487,21.506],[78.512,21.529],[78.57,21.514],[78.586,21.487],[78.61,21.489],[78.628,21.476],[78.688,21.482],[78.727,21.463],[78.744,21.472],[78.751,21.493],[78.767,21.489],[78.776,21.465],[78.8,21.49],[78.856,21.495],[78.891,21.485],[78.9,21.501],[78.937,21.486],[78.944,21.516],[78.927,21.522],[78.93,21.54],[78.907,21.553],[78.931,21.561],[78.914,21.571],[78.917,21.591],[78.943,21.592],[78.975,21.617],[78.998,21.618],[79.012,21.6],[79.078,21.605],[79.094,21.598],[79.107,21.605],[79.1,21.618],[79.143,21.637],[79.149,21.661],[79.223,21.649],[79.232,21.657],[79.221,21.684],[79.237,21.714],[79.22493,21.71883],[79.268,21.715],[79.29,21.693],[79.354,21.685],[79.352,21.678],[79.393,21.674],[79.422,21.692],[79.496,21.674],[79.517,21.625],[79.504,21.614],[79.512,21.584],[79.543,21.568],[79.54,21.543],[79.651,21.556],[79.662,21.577],[79.736,21.604],[79.792,21.587],[79.83,21.548],[79.892,21.518],[79.919,21.524],[79.937,21.556],[79.971,21.558],[79.998,21.533],[80.032,21.556],[80.068,21.555],[80.116,21.593],[80.12,21.611],[80.155,21.607],[80.193,21.635],[80.218,21.633],[80.223,21.621],[80.253,21.625],[80.294,21.594],[80.299,21.575],[80.327,21.572],[80.339,21.555],[80.331,21.548],[80.376,21.523],[80.384,21.491],[80.422,21.441],[80.396,21.408],[80.412,21.377],[80.449,21.372],[80.458,21.403],[80.528,21.395],[80.543,21.371],[80.57,21.358],[80.567,21.346],[80.59,21.344],[80.6,21.327],[80.621,21.32],[80.671,21.339],[80.699,21.391],[80.707,21.433],[80.738,21.472],[80.728,21.496],[80.74,21.539],[80.72,21.555],[80.729,21.572],[80.715,21.585],[80.731,21.617],[80.714,21.661],[80.734,21.694],[80.726,21.713],[80.756,21.762],[80.786,21.749],[80.785,21.74],[80.82,21.748],[80.817,21.763],[80.84,21.802],[80.839,21.848],[80.852,21.855],[80.843,21.865],[80.853,21.873],[80.832,21.89],[80.847,21.932],[80.825,21.958],[80.852,21.957],[80.908,22.11],[80.922,22.12],[80.948,22.118],[80.972,22.083],[80.969,22.058],[80.994,22.049],[81.006,22.063],[81.002,22.084],[81.011,22.096],[80.978,22.12],[80.995,22.133],[81.022,22.133],[81.027,22.166],[81.017,22.186],[81.031,22.187],[81.031,22.2],[81.02,22.221],[81.047,22.242],[81.072,22.248],[81.079,22.239],[81.119,22.291],[81.121,22.343],[81.104,22.383],[81.11,22.436],[81.155,22.454],[81.172,22.488],[81.198,22.489],[81.199,22.463],[81.232,22.452],[81.262,22.472],[81.262,22.493],[81.281,22.503],[81.307,22.482],[81.321,22.486],[81.318,22.515],[81.329,22.526],[81.382,22.51],[81.39,22.452],[81.407,22.441],[81.429,22.457],[81.428,22.48],[81.44,22.482],[81.447,22.466],[81.459,22.469],[81.447,22.469],[81.451,22.486],[81.443,22.494],[81.485,22.488],[81.497,22.519],[81.518,22.52],[81.522,22.539],[81.546,22.528],[81.57,22.532],[81.57,22.551],[81.599,22.536],[81.621,22.538],[81.629,22.564],[81.66,22.569],[81.658,22.584],[81.645,22.585],[81.648,22.614],[81.685,22.648],[81.713,22.648],[81.73171,22.67473],[81.742,22.674],[81.756,22.646],[81.773,22.682],[81.755,22.732],[81.77,22.735],[81.794,22.767],[81.783,22.779],[81.782,22.811],[81.762,22.83],[81.776,22.851],[81.776,22.874],[81.862,22.889],[81.866,22.916],[81.878,22.91],[81.92,22.947],[81.946,22.957],[81.95,22.983],[81.922,23.041],[81.93,23.061],[81.947,23.068],[81.943,23.078],[82.034,23.08],[82.072,23.118],[82.122,23.104],[82.138,23.112],[82.137,23.128],[82.158,23.139],[82.162,23.153],[82.144,23.166],[82.154,23.212],[82.145,23.227],[82.174,23.269],[82.193,23.277],[82.197,23.319],[82.163,23.335],[82.146,23.361],[82.117,23.356],[82.104,23.398],[82.064,23.393],[82.056,23.377],[82.021,23.388],[82.024,23.409],[82.033,23.41],[82.025,23.425],[82.009,23.412],[81.999,23.422],[81.985,23.415],[81.98,23.447],[81.955,23.467],[81.958,23.501],[81.919,23.535],[81.875,23.513],[81.837,23.511],[81.82,23.516],[81.809,23.55],[81.758,23.55],[81.747,23.57],[81.701,23.523],[81.661,23.53],[81.654,23.498],[81.627,23.491],[81.612,23.512],[81.61,23.556],[81.584,23.554],[81.577,23.585],[81.557,23.581],[81.612,23.595],[81.614,23.663],[81.655,23.663],[81.656,23.682],[81.684,23.691],[81.696,23.721],[81.679,23.739],[81.682,23.754],[81.645,23.77],[81.652,23.799],[81.636,23.834],[81.613,23.835],[81.603,23.854],[81.622,23.87],[81.604,23.882],[81.609,23.903],[81.663,23.925],[81.688,23.906],[81.691,23.884],[81.707,23.883],[81.708,23.861],[81.732,23.857],[81.725,23.84],[81.791,23.809],[81.823,23.808],[81.888,23.835],[81.922,23.871],[81.958,23.852],[82.009,23.861],[82.044,23.842],[82.039,23.827],[82.054,23.819],[82.172,23.819],[82.181,23.837],[82.212,23.852],[82.206,23.828],[82.232,23.805],[82.261,23.821],[82.335,23.803],[82.469,23.811],[82.497,23.785],[82.551,23.791],[82.533,23.822],[82.589,23.821],[82.636,23.838],[82.647,23.859],[82.662,23.856],[82.669,23.872],[82.651,23.89],[82.662,23.908],[82.689,23.91],[82.703,23.925],[82.752,23.92],[82.755,23.936],[82.78,23.939],[82.8,23.961],[82.812,23.961],[82.804,24.004],[82.751,24.012],[82.747,24.027],[82.766,24.046],[82.774,24.076],[82.714,24.076],[82.707,24.096],[82.664,24.129],[82.683,24.155],[82.7,24.139],[82.728,24.135],[82.744,24.165],[82.735,24.217],[82.759,24.238],[82.756,24.261],[82.773,24.306],[82.77,24.37],[82.761,24.378],[82.726,24.368],[82.713,24.38],[82.722,24.414],[82.738,24.426],[82.73,24.472],[82.743,24.496],[82.721,24.514],[82.731,24.535],[82.719,24.553],[82.752,24.551],[82.756,24.537],[82.808,24.549],[82.803,24.598],[82.765,24.596],[82.78,24.614],[82.774,24.642],[82.707,24.636],[82.698,24.646],[82.701,24.675],[82.671,24.697],[82.54,24.648],[82.523,24.676],[82.45,24.674],[82.453,24.688],[82.434,24.702],[82.406,24.681],[82.418,24.652],[82.409,24.625],[82.422,24.6],[82.416,24.591],[82.365,24.597],[82.339,24.62],[82.32,24.606],[82.3,24.607],[82.305,24.592],[82.295,24.608],[82.303,24.667],[82.288,24.666],[82.269,24.684],[82.261,24.662],[82.249,24.671],[82.24,24.661],[82.23,24.682],[82.25,24.697],[82.251,24.77],[82.246,24.77],[82.245,24.745],[82.226,24.761],[82.229,24.746],[82.216,24.755],[82.207,24.747],[82.21373,24.73498],[82.177,24.732],[82.203,24.758],[82.197,24.778],[82.218,24.777],[82.209,24.779],[82.216,24.794],[82.184,24.796],[82.203,24.819],[82.167,24.801],[82.17,24.798],[82.179,24.795],[82.167,24.785],[82.139,24.799],[82.116,24.784],[82.097,24.816],[82.017,24.846],[81.972,24.839],[81.966,24.827],[81.945,24.841],[81.934,24.871],[81.903,24.892],[81.92,24.928],[81.902,24.987],[81.908,25.001],[81.891,24.989],[81.835,25.017],[81.792,25.005],[81.732,25.048],[81.712,25.036],[81.689,25.04],[81.694,25.049],[81.667,25.061],[81.666,25.075],[81.641,25.057],[81.612,25.057],[81.618,25.061],[81.6,25.074],[81.641,25.099],[81.624,25.12],[81.608,25.096],[81.598,25.131],[81.623,25.141],[81.626,25.161],[81.615,25.169],[81.589,25.166],[81.591,25.184],[81.573,25.192],[81.515,25.184],[81.515,25.174],[81.536,25.161],[81.523,25.146],[81.527,25.138],[81.498,25.151],[81.496,25.136],[81.48,25.139],[81.498,25.105],[81.518,25.101],[81.5,25.096],[81.5,25.077],[81.496,25.087],[81.486,25.081],[81.465,25.097],[81.407,25.112],[81.447,25.114],[81.439,25.137],[81.406,25.138],[81.414,25.128],[81.399,25.126],[81.371,25.142],[81.376,25.149],[81.357,25.17],[81.335,25.176],[81.32,25.164],[81.331,25.122],[81.321,25.12],[81.314,25.171],[81.278,25.173],[81.282,25.16],[81.252,25.109],[81.267,25.092],[81.264,25.06],[81.226,25.002],[81.209,24.993],[81.221,24.977],[81.207,24.965],[81.219,24.929],[81.193,24.925],[81.207,24.931],[81.168,24.955],[81.16,24.914],[81.145,24.91],[81.139,24.888],[81.1219,24.8952],[81.118,24.908],[81.087,24.933],[81.089,24.947],[81.033,24.953],[81.025,24.94],[81.016,24.952],[81.023,24.928],[81.005,24.937],[80.987,24.923],[80.973,24.934],[80.957,24.918],[80.946,24.966],[80.899,24.949],[80.906,24.935],[80.892,24.945],[80.837,24.928],[80.836,24.92],[80.812,24.923],[80.82,24.933],[80.792,24.965],[80.824,24.968],[80.852,24.989],[80.855,25.004],[80.832,25.033],[80.878,25.066],[80.868,25.075],[80.88,25.099],[80.869,25.116],[80.88,25.138],[80.895,25.134],[80.913,25.159],[80.89,25.175],[80.885,25.187],[80.869,25.174],[80.843,25.186],[80.841,25.109],[80.83,25.1],[80.826,25.121],[80.807,25.137],[80.786,25.129],[80.779,25.143],[80.742,25.124],[80.73,25.146],[80.706,25.13],[80.707,25.118],[80.724,25.122],[80.731,25.112],[80.726,25.092],[80.752,25.093],[80.784,25.076],[80.788,25.062],[80.766,25.053],[80.721,25.064],[80.68,25.048],[80.674,25.061],[80.685,25.077],[80.673,25.082],[80.662,25.068],[80.659,25.084],[80.64,25.092],[80.627,25.083],[80.608,25.098],[80.638,25.117],[80.629,25.134],[80.611,25.128],[80.607,25.15],[80.595,25.127],[80.607,25.118],[80.592,25.09],[80.598,25.079],[80.607,25.087],[80.613,25.066],[80.569,25.087],[80.568,25.073],[80.546,25.064],[80.5,25.1],[80.507,25.084],[80.497,25.073],[80.509,25.059],[80.501,25.041],[80.546,25.032],[80.55,25.003],[80.499,25.006],[80.47675,24.97607],[80.456,24.982],[80.463,25.002],[80.437,24.995],[80.436,25.002],[80.454,25.006],[80.433,25.024],[80.454,25.042],[80.475,25.03],[80.502,25.037],[80.475,25.038],[80.466,25.065],[80.451,25.062],[80.449,25.079],[80.432,25.066],[80.416,25.073],[80.408,25.055],[80.4,25.07],[80.388,25.051],[80.374,25.056],[80.37,25.043],[80.39,25.036],[80.378,25.027],[80.396,25.012],[80.387,25.004],[80.363,25.024],[80.357,25.012],[80.348,25.018],[80.335,25],[80.322,25],[80.273,25.026],[80.288,25.038],[80.29,25.06],[80.311,25.044],[80.331,25.048],[80.337,25.059],[80.355,25.056],[80.346,25.065],[80.349,25.087],[80.371,25.1],[80.376,25.116],[80.355,25.126],[80.355,25.138],[80.421,25.164],[80.432,25.177],[80.404,25.243],[80.384,25.237],[80.351,25.277],[80.311,25.286],[80.323,25.332],[80.31,25.355],[80.32,25.369],[80.315,25.39],[80.285,25.416],[80.264,25.424],[80.254,25.401],[80.236,25.408],[80.221,25.397],[80.202,25.414],[80.195,25.378],[80.169,25.377],[80.167,25.364],[80.131,25.334],[80.089,25.356],[80.073,25.337],[80.034,25.342],[80.019,25.324],[80.022,25.298],[79.999,25.286],[80.005,25.265],[79.948,25.269],[79.918,25.227],[79.907,25.251],[79.902,25.241],[79.878,25.251],[79.851,25.235],[79.869,25.216],[79.856,25.194],[79.87,25.172],[79.867,25.15],[79.882,25.142],[79.852,25.129],[79.848,25.111],[79.862,25.096],[79.84037,25.09136],[79.842,25.095],[79.749,25.139],[79.717,25.129],[79.683,25.135],[79.673,25.12],[79.623,25.141],[79.601,25.128],[79.607,25.153],[79.596,25.143],[79.569,25.172],[79.518,25.127],[79.525,25.097],[79.506,25.096],[79.492,25.08],[79.465,25.088],[79.477,25.127],[79.439,25.101],[79.439,25.128],[79.421,25.135],[79.426,25.119],[79.405,25.107],[79.384,25.143],[79.39,25.17],[79.412,25.183],[79.412,25.2],[79.439,25.197],[79.449,25.215],[79.433,25.221],[79.462,25.265],[79.494,25.267],[79.461,25.282],[79.462,25.271],[79.437,25.255],[79.409,25.256],[79.408,25.273],[79.369,25.292],[79.374,25.27],[79.362,25.262],[79.358,25.284],[79.336,25.288],[79.352,25.33],[79.3,25.338],[79.296,25.324],[79.279,25.324],[79.27,25.309],[79.263,25.272],[79.282,25.262],[79.294,25.284],[79.317,25.256],[79.335,25.27],[79.348,25.267],[79.344,25.227],[79.333,25.228],[79.352,25.212],[79.338,25.198],[79.328,25.221],[79.279,25.245],[79.284,25.193],[79.323,25.15],[79.307,25.129],[79.286,25.131],[79.283,25.117],[79.26,25.125],[79.265,25.151],[79.249,25.159],[79.224,25.146],[79.249,25.14],[79.245,25.114],[79.227,25.122],[79.215,25.112],[79.192,25.146],[79.176,25.141],[79.175,25.128],[79.187,25.126],[79.175,25.109],[79.124,25.111],[79.132,25.127],[79.116,25.139],[79.126,25.161],[79.096,25.175],[79.091,25.191],[79.051,25.134],[79.031,25.138],[79.04,25.171],[79.031,25.184],[79.052,25.207],[79.052,25.187],[79.062,25.193],[79.064,25.222],[79.034,25.234],[79.04,25.243],[79.022,25.241],[79.026,25.261],[79.013,25.274],[78.995,25.273],[78.975,25.241],[79.001,25.234],[79.006,25.195],[78.954,25.219],[78.925,25.205],[78.882,25.157],[78.871,25.187],[78.89,25.214],[78.87,25.231],[78.88,25.252],[78.9,25.243],[78.917,25.273],[78.945,25.259],[78.955,25.261],[78.956,25.283],[78.98,25.279],[78.958,25.302],[78.961,25.345],[78.928,25.324],[78.932,25.336],[78.921,25.343],[78.912,25.332],[78.882,25.343],[78.882,25.325],[78.868,25.325],[78.863,25.314],[78.875,25.309],[78.88,25.286],[78.867,25.28],[78.85,25.229],[78.809,25.271],[78.828,25.303],[78.817,25.307],[78.798,25.289],[78.788,25.3],[78.798,25.314],[78.82,25.307],[78.843,25.336],[78.846,25.326],[78.85,25.335],[78.841,25.345],[78.846,25.355],[78.88,25.386],[78.914,25.384],[78.918,25.396],[78.953,25.4],[78.938,25.375],[78.916,25.381],[78.897,25.374],[78.902,25.361],[78.939,25.347],[78.959,25.371],[78.99,25.373],[78.97,25.39],[78.977,25.42],[78.968,25.434],[78.951,25.44],[78.939,25.422],[78.909,25.442],[78.936,25.461],[78.944,25.481],[78.927,25.49],[78.941,25.495],[78.92,25.516],[78.953,25.538],[78.945,25.553],[78.933,25.555],[78.922,25.536],[78.916,25.554],[78.883,25.554],[78.874,25.541],[78.887,25.532],[78.884,25.516],[78.835,25.506],[78.866,25.466],[78.845,25.428],[78.821,25.439],[78.855,25.447],[78.836,25.455],[78.841,25.462],[78.821,25.468],[78.809,25.453],[78.819,25.471],[78.792,25.483],[78.768,25.469],[78.746,25.497],[78.736,25.494],[78.732,25.458],[78.763,25.427],[78.803,25.437],[78.822,25.422],[78.749,25.41],[78.748,25.391],[78.768,25.4],[78.757,25.385],[78.774,25.376],[78.766,25.369],[78.775,25.353],[78.723,25.344],[78.709,25.351],[78.714,25.372],[78.7,25.382],[78.695,25.374],[78.659,25.385],[78.666,25.416],[78.675,25.4],[78.711,25.428],[78.69,25.446],[78.682,25.433],[78.66,25.442],[78.641,25.434],[78.645,25.414],[78.636,25.401],[78.61,25.416],[78.59,25.386],[78.566,25.394],[78.563,25.378],[78.586,25.374],[78.584,25.347],[78.561,25.341],[78.552,25.357],[78.531,25.356],[78.54,25.328],[78.553,25.32],[78.531,25.3],[78.509,25.296],[78.502,25.321],[78.473,25.286],[78.452,25.301],[78.435,25.284],[78.45,25.262],[78.504,25.29],[78.51,25.277],[78.531,25.284],[78.534,25.268],[78.578,25.254],[78.555,25.211],[78.57,25.224],[78.57,25.205],[78.601,25.156],[78.602,25.094],[78.627,25.087],[78.653,25.05],[78.632,24.958],[78.663,24.938],[78.676,24.898],[78.754,24.869],[78.774,24.851],[78.79,24.809],[78.77,24.788],[78.781,24.707],[78.744,24.654],[78.752,24.599],[78.782,24.588],[78.803,24.603],[78.833,24.604],[78.843,24.623],[78.859,24.618],[78.868,24.64],[78.883,24.641],[78.92,24.575],[78.953,24.547],[78.943,24.534],[78.947,24.502],[78.971,24.494],[78.938,24.479],[78.927,24.482],[78.937,24.491],[78.92,24.5],[78.914,24.46],[78.94,24.453],[78.947,24.436],[78.986,24.441],[78.98801,24.44671],[78.994,24.422],[78.97,24.37],[78.971,24.347],[78.91,24.298],[78.917,24.269],[78.885,24.251],[78.884,24.219],[78.847,24.214],[78.827,24.196],[78.815,24.207],[78.812,24.18],[78.79,24.177],[78.767,24.221],[78.762,24.259],[78.75,24.234],[78.734,24.252],[78.726,24.236],[78.709,24.234],[78.674,24.188],[78.703,24.227],[78.668,24.241],[78.66,24.267],[78.639,24.285],[78.626,24.281],[78.62,24.293],[78.629,24.303],[78.603,24.315],[78.586,24.354],[78.53,24.368],[78.522,24.387],[78.502,24.391],[78.474,24.356],[78.478,24.338],[78.439,24.312],[78.431,24.284],[78.387,24.269],[78.329,24.327],[78.37,24.376],[78.341,24.402],[78.26719,24.45056],[78.275,24.474],[78.249,24.484],[78.246,24.509],[78.225,24.525],[78.229,24.536],[78.264,24.552],[78.278,24.612],[78.262,24.645],[78.277,24.663],[78.226,24.747],[78.235,24.773],[78.197,24.841],[78.176,24.844],[78.169,24.867],[78.334,24.996],[78.347,25.022],[78.339,25.086],[78.384,25.102],[78.408,25.129],[78.446,25.121],[78.427,25.153],[78.448,25.153],[78.459,25.164],[78.424,25.169],[78.416,25.183],[78.396,25.187],[78.391,25.201],[78.41,25.213],[78.36,25.242],[78.372,25.26],[78.35,25.277],[78.355,25.292],[78.312,25.303],[78.344,25.328],[78.328,25.352],[78.301,25.36],[78.308,25.381],[78.32,25.384],[78.331,25.39],[78.355,25.452],[78.378,25.437],[78.416,25.477],[78.431,25.474],[78.417,25.502],[78.429,25.511],[78.419,25.518],[78.421,25.54],[78.45,25.573],[78.45167,25.57211],[78.447,25.562],[78.463,25.546],[78.493,25.579],[78.588,25.557],[78.619,25.583],[78.631,25.579],[78.624,25.567],[78.658,25.56],[78.679,25.586],[78.717,25.605],[78.742,25.597],[78.811,25.62],[78.817,25.676],[78.795,25.697],[78.799,25.706],[78.763,25.72],[78.753,25.75],[78.783,25.759],[78.808,25.801],[78.829,25.796],[78.828,25.814],[78.806,25.813],[78.818,25.829],[78.843,25.823],[78.857,25.792],[78.872,25.801],[78.872,25.835],[78.851,25.838],[78.85,25.853],[78.863,25.872],[78.886,25.868],[78.894,25.895],[78.884,25.914],[78.927,25.947],[78.938,25.943],[78.933,25.979],[78.957,25.996],[78.944,26.006],[78.954,26.015],[78.948,26.027],[79.012,26.083],[78.949,26.129],[78.967,26.15],[79.005,26.148],[79.005,26.168],[78.983,26.184],[78.993,26.196],[79.026,26.192],[79.026,26.22],[78.99,26.235],[79.018,26.248],[79.035,26.225],[79.064,26.226],[79.07,26.245],[79.046,26.26],[79.077,26.281],[79.091,26.27],[79.102,26.307],[79.117,26.299],[79.125,26.312],[79.116,26.32],[79.135,26.325],[79.139,26.338],[79.084,26.359],[79.096,26.372],[79.095,26.411],[79.126,26.411],[79.135,26.44],[79.1,26.452],[79.095,26.443],[79.07,26.441],[79.052,26.453],[79.071,26.478],[79.068,26.496],[79.056,26.496],[79.049,26.518],[79.04,26.515],[79.028,26.547],[79.007,26.544],[79.007,26.565],[78.99,26.578],[78.989,26.595],[79.017,26.6],[78.993,26.641],[79.008,26.671],[78.983,26.677],[78.946,26.655],[78.956,26.692],[78.912,26.707],[78.872,26.698],[78.818,26.761],[78.771,26.759],[78.753,26.787],[78.728,26.776],[78.729,26.793],[78.683,26.788],[78.672,26.764],[78.629,26.773],[78.607,26.75],[78.576,26.749],[78.545,26.764],[78.521,26.78],[78.462,26.788],[78.434,26.826],[78.399,26.819],[78.372,26.864],[78.287,26.857],[78.273,26.843],[78.269,26.814],[78.225,26.831],[78.174,26.825],[78.167,26.816],[78.186,26.797],[78.184,26.784],[78.111,26.794],[78.102,26.767],[78.124,26.747],[78.096,26.728],[78.092,26.676],[78.075,26.67],[78.001,26.695],[77.954,26.659],[77.901,26.657],[77.895,26.615],[77.848,26.612],[77.827,26.596],[77.836,26.577],[77.825,26.551],[77.783,26.552],[77.741,26.539],[77.723,26.5],[77.671,26.5],[77.632,26.478],[77.614,26.453],[77.56,26.436],[77.543,26.414],[77.438,26.403],[77.444,26.361],[77.391,26.357],[77.374,26.366],[77.342,26.352],[77.298,26.29],[77.212,26.233],[77.136,26.233],[77.115,26.219],[77.097,26.183],[77.032,26.173],[77.006,26.15],[76.999,26.13],[76.911,26.107],[76.893,26.07],[76.852,26.044],[76.858,26.016],[76.806,25.988],[76.808,25.966],[76.793,25.945],[76.746,25.939],[76.753,25.918],[76.712,25.9],[76.641,25.908],[76.621,25.869],[76.581,25.869],[76.52,25.792],[76.525,25.73],[76.501,25.73],[76.472,25.704],[76.481,25.683],[76.504,25.673],[76.496,25.647],[76.51,25.631],[76.503,25.582],[76.519,25.549],[76.517,25.527],[76.555,25.483],[76.556,25.452],[76.588,25.431],[76.598,25.392],[76.623,25.377],[76.64,25.384],[76.67,25.349],[76.7,25.351],[76.729,25.329],[76.777,25.316],[76.853,25.332],[76.901,25.323],[76.929,25.303],[76.93,25.283],[76.958,25.284],[76.961,25.297],[76.974,25.3],[77.031,25.295],[77.046,25.321],[77.07,25.319],[77.08124,25.35272],[77.083,25.336],[77.125,25.33],[77.164,25.308],[77.209,25.306],[77.205,25.326],[77.218,25.329],[77.223,25.319],[77.234,25.334],[77.224,25.335],[77.234,25.379],[77.308,25.431],[77.361,25.419],[77.37147,25.40405],[77.358,25.399],[77.35,25.383],[77.367,25.36],[77.342,25.322],[77.369,25.328],[77.382,25.304],[77.374,25.275],[77.362,25.277],[77.355,25.264],[77.412,25.224],[77.426,25.188],[77.4,25.184],[77.393,25.159],[77.39,25.124],[77.406,25.111],[77.394,25.12],[77.357,25.093],[77.311,25.08],[77.27,25.116],[77.237,25.107],[77.174,25.112],[77.167,25.084],[77.149,25.086],[77.148,25.095],[77.123,25.067],[77.096,25.065],[77.084,25.054],[77,25.075],[76.975,25.066],[76.968,25.051],[76.876,25.041],[76.876,25.007],[76.857,25.002],[76.867,24.99],[76.862,24.961],[76.889,24.934],[76.89,24.92],[76.922,24.915],[76.912,24.888],[76.949,24.869],[76.927,24.847],[76.831,24.837],[76.801,24.824],[76.805,24.807],[76.847,24.768],[76.852,24.748],[76.912,24.745],[76.956,24.759],[77.002,24.716],[77.032,24.711],[77.065,24.641],[77.071,24.568],[77.054,24.526],[77.037,24.528],[77.029,24.497],[76.977,24.461],[76.951,24.462],[76.919,24.48],[76.915,24.545],[76.903,24.55],[76.882,24.527],[76.87,24.552],[76.85,24.553],[76.818,24.537],[76.853,24.466],[76.841,24.441],[76.85,24.424],[76.838,24.411],[76.851,24.37],[76.832,24.358],[76.841,24.323],[76.887,24.246],[76.912,24.238],[76.922,24.211],[76.947,24.201],[76.935,24.183],[76.916,24.187],[76.901,24.127],[76.855,24.136],[76.802,24.117],[76.759,24.168],[76.726,24.168],[76.719,24.159],[76.698,24.168],[76.676,24.191],[76.703,24.243],[76.693,24.286],[76.678,24.267],[76.642,24.269],[76.637,24.258],[76.618,24.259],[76.611,24.238],[76.584,24.243],[76.595,24.223],[76.571,24.209],[76.564,24.191],[76.577,24.178],[76.527,24.156],[76.514,24.165],[76.505,24.203],[76.481,24.208],[76.471,24.226],[76.452,24.209],[76.416,24.221],[76.412,24.2],[76.357,24.24],[76.323,24.246],[76.287,24.23],[76.282,24.207],[76.24,24.219],[76.213,24.21],[76.194,24.273],[76.205,24.301],[76.185,24.329],[76.165,24.307],[76.163,24.285],[76.143,24.283],[76.137,24.271],[76.148,24.231],[76.118,24.194],[76.114,24.167],[76.125,24.158],[76.127,24.089],[76.043,24.066],[76.01,24.025],[75.962,24.013],[75.985,23.975],[75.982,23.93],[75.955,23.921],[75.938,23.897],[75.895,23.889],[75.887,23.879],[75.871,23.89],[75.853,23.887],[75.841,23.875],[75.794,23.867],[75.781,23.849],[75.765,23.851],[75.765,23.876],[75.753,23.887],[75.706,23.899],[75.701,23.873],[75.736,23.857],[75.719,23.841],[75.721,23.812],[75.69,23.813],[75.702,23.786],[75.687,23.756],[75.69348,23.7488],[75.69,23.748],[75.675,23.782],[75.66,23.784],[75.654,23.798],[75.584,23.795],[75.589,23.81],[75.559,23.818],[75.561,23.832],[75.579,23.836],[75.564,23.857],[75.505,23.888],[75.492,23.906],[75.468,23.912],[75.459,23.919],[75.45824,23.91787],[75.471,23.978],[75.521,24.024],[75.595,23.99],[75.64,23.998],[75.671,24.018],[75.688,24.005],[75.687,23.988],[75.699,23.988],[75.702,23.966],[75.717,23.967],[75.741,23.977],[75.749,24],[75.768,24],[75.763,24.01],[75.773,24.008],[75.783,24.022],[75.782,24.043],[75.837,24.057],[75.836,24.092],[75.816,24.086],[75.805,24.1],[75.793,24.092],[75.782,24.116],[75.77,24.116],[75.751,24.144],[75.774,24.181],[75.776,24.208],[75.83,24.234],[75.813,24.245],[75.811,24.296],[75.767,24.298],[75.74,24.332],[75.739,24.378],[75.73,24.378],[75.728,24.39],[75.755,24.407],[75.749,24.424],[75.785,24.452],[75.789,24.471],[75.813,24.462],[75.81,24.434],[75.838,24.414],[75.875,24.426],[75.909,24.455],[75.912,24.491],[75.886,24.517],[75.912,24.514],[75.923,24.523],[75.923,24.535],[75.904,24.548],[75.915,24.572],[75.879,24.583],[75.871,24.607],[75.848,24.611],[75.836,24.594],[75.824,24.613],[75.847,24.632],[75.847,24.663],[75.826,24.668],[75.834,24.731],[75.802,24.756],[75.757,24.762],[75.684,24.725],[75.646,24.685],[75.611,24.681],[75.583,24.713],[75.549,24.703],[75.534,24.712],[75.456,24.68],[75.266,24.717],[75.228,24.717],[75.219,24.703],[75.198,24.743],[75.184,24.749],[75.193,24.773],[75.208,24.771],[75.213,24.8],[75.244,24.805],[75.254,24.824],[75.225,24.834],[75.209,24.854],[75.201,24.868],[75.208,24.894],[75.222,24.874],[75.24,24.887],[75.251,24.881],[75.247,24.862],[75.225,24.844],[75.273,24.843],[75.309,24.801],[75.329,24.819],[75.418,24.854],[75.426,24.884],[75.374,24.868],[75.327,24.875],[75.309,24.856],[75.264,24.875],[75.268,24.9],[75.294,24.908],[75.267,24.949],[75.277,24.965],[75.305,24.929],[75.314,24.886],[75.337,24.955],[75.312,24.995],[75.322,25.011],[75.351,25.019],[75.35,25.034],[75.333,25.041],[75.198,25.033],[75.181,25.04],[75.169,25.049],[75.155,25.037],[75.152,25.021],[75.166,25.003],[75.114,24.966],[75.117,24.878],[75.055,24.872],[75.06,24.864],[75.039,24.845],[74.959,24.858],[74.948,24.864],[74.953,24.88],[74.932,24.875],[74.913,24.89],[74.916,24.907],[74.903,24.93],[74.881,24.937],[74.87,24.925],[74.859,24.963],[74.843,24.969],[74.834,24.96],[74.826,24.899],[74.859,24.838],[74.861,24.804],[74.838,24.797],[74.849,24.776],[74.861,24.779],[74.861,24.799],[74.879,24.797],[74.914,24.769],[74.936,24.778],[74.981,24.764],[75.002,24.775],[75.016,24.732],[74.993,24.731],[74.993,24.693],[75.002,24.687],[74.961,24.678],[74.962,24.656],[74.943,24.647],[74.944,24.637],[74.906,24.641],[74.903,24.632],[74.895,24.644],[74.889,24.633],[74.86,24.682],[74.852,24.677],[74.809,24.781],[74.8,24.779],[74.805,24.735],[74.78,24.731],[74.788,24.703],[74.772,24.661],[74.815,24.665],[74.814,24.649],[74.781,24.615],[74.787,24.585],[74.743,24.571],[74.757,24.534],[74.744,24.532],[74.745,24.513],[74.725,24.513],[74.71,24.493],[74.75,24.467],[74.815,24.468],[74.822,24.453],[74.814,24.437],[74.854,24.444],[74.855,24.424],[74.825,24.4],[74.823,24.38],[74.808,24.382],[74.781,24.338],[74.781,24.289],[74.749,24.252],[74.775,24.239],[74.868,24.243],[74.897,24.227],[74.91,24.209],[74.88,24.173],[74.896,24.158],[74.903,24.109],[74.918,24.098],[74.921,24.077],[74.941,24.069],[74.939,24.053],[74.974,24.04],[74.982,24.026],[74.965,24.005],[74.959,23.972],[74.931,23.957],[74.916,23.931],[74.902,23.872],[74.914,23.843],[74.904,23.795],[74.924,23.796],[74.94,23.765],[74.925,23.756],[74.936,23.729],[74.92,23.719],[74.922,23.694],[74.9,23.682],[74.922,23.666],[74.936,23.628],[74.915,23.618],[74.903,23.625],[74.87,23.592],[74.873,23.577],[74.824,23.544],[74.82657,23.52514],[74.824,23.526],[74.824,23.542],[74.803,23.533],[74.794,23.551],[74.773,23.544],[74.762,23.521],[74.735,23.52],[74.728,23.496],[74.703,23.505],[74.652,23.462],[74.633,23.469],[74.632,23.461],[74.604,23.457],[74.61,23.451],[74.599,23.429],[74.572,23.421],[74.569,23.376],[74.557,23.362],[74.54,23.362],[74.535,23.331],[74.514,23.328],[74.515,23.316],[74.53,23.321],[74.547,23.277],[74.574,23.295],[74.586,23.278],[74.617,23.279],[74.638,23.255],[74.677,23.274],[74.7,23.269],[74.715,23.236],[74.692,23.219],[74.726,23.215],[74.747,23.227],[74.743,23.211],[74.715,23.191],[74.671,23.2],[74.608,23.143],[74.539,23.129],[74.545,23.109],[74.506,23.085],[74.464,23.082],[74.432,23.105],[74.386,23.111],[74.319,23.059],[74.323,23.041],[74.346,23.027],[74.365,22.977],[74.339,22.964],[74.34,22.953],[74.394,22.896],[74.419,22.917],[74.447,22.921],[74.476,22.855],[74.465,22.816],[74.434,22.808],[74.435,22.782],[74.401,22.73],[74.379,22.635],[74.263,22.644],[74.254,22.622],[74.231,22.612],[74.21,22.564],[74.183,22.566],[74.189,22.553],[74.156,22.535],[74.148,22.514],[74.075,22.551],[74.038,22.535],[74.033,22.491]]]]}},{"type":"Feature","properties":{"st_name":"Gujarat"},"geometry":{"type":"MultiPolygon","coordinates":[[[[68.095,23.653],[68.142,23.601],[68.264,23.586],[68.271,23.595],[68.299,23.593],[68.326,23.496],[68.416,23.487],[68.442,23.506],[68.436,23.539],[68.452,23.538],[68.456,23.511],[68.48,23.518],[68.418,23.473],[68.443,23.473],[68.413,23.46],[68.4,23.42],[68.419,23.406],[68.45,23.437],[68.443,23.402],[68.459,23.391],[68.459,23.367],[68.487,23.362],[68.489,23.35],[68.501,23.369],[68.55,23.356],[68.576,23.373],[68.559,23.338],[68.62,23.33],[68.611,23.321],[68.582,23.323],[68.582,23.313],[68.57,23.317],[68.576,23.303],[68.562,23.314],[68.544,23.301],[68.532,23.281],[68.541,23.247],[68.566,23.246],[68.552,23.263],[68.601,23.256],[68.612,23.288],[68.634,23.301],[68.618,23.285],[68.629,23.255],[68.606,23.237],[68.581,23.237],[68.632,23.17],[68.759,23.08],[69.005,22.948],[69,22.955],[69.003,22.958],[69.021,22.95],[69.023,22.945],[69.017,22.946],[69.004,22.952],[69.008,22.947],[69.063,22.918],[69.077,22.922],[69.077,22.91],[69.131,22.874],[69.194,22.852],[69.197,22.838],[69.222,22.836],[69.229,22.848],[69.247,22.838],[69.246,22.838],[69.244,22.839],[69.231,22.841],[69.234,22.834],[69.268,22.825],[69.309,22.837],[69.301,22.834],[69.381,22.819],[69.472,22.773],[69.495,22.78],[69.47,22.776],[69.408,22.813],[69.421,22.813],[69.428,22.806],[69.453,22.814],[69.453,22.81],[69.448,22.807],[69.45,22.804],[69.477,22.795],[69.503,22.812],[69.532,22.801],[69.575,22.817],[69.603,22.805],[69.609,22.816],[69.63,22.804],[69.646,22.81],[69.644,22.793],[69.679,22.801],[69.689,22.799],[69.682,22.783],[69.711,22.781],[69.711,22.804],[69.723,22.802],[69.724,22.796],[69.745,22.821],[69.795,22.848],[69.878,22.874],[69.899,22.871],[69.927,22.896],[70,22.907],[69.993,22.911],[70.007,22.905],[70.004,22.918],[70.011,22.907],[70.117,22.926],[70.115,22.934],[70.069,22.928],[70.061,22.937],[70.073,22.943],[70.056,22.938],[70.059,22.949],[70.036,22.953],[70.063,22.955],[70.062,22.966],[70.068,22.958],[70.078,22.963],[70.091,22.971],[70.084,22.978],[70.101,22.974],[70.148,23.035],[70.158,23.033],[70.153,23.011],[70.165,23.002],[70.134,22.995],[70.146,22.978],[70.131,22.967],[70.146,22.966],[70.151,22.951],[70.169,22.964],[70.19,22.953],[70.195,22.981],[70.162,22.984],[70.168,23.008],[70.187,23.003],[70.193,23.025],[70.224,22.991],[70.22,23.047],[70.197,23.05],[70.211,23.052],[70.213,23.063],[70.198,23.063],[70.196,23.072],[70.211,23.078],[70.193,23.08],[70.17,23.057],[70.17,23.043],[70.149,23.038],[70.165,23.068],[70.209,23.108],[70.224,23.161],[70.243,23.164],[70.244,23.174],[70.265,23.162],[70.309,23.181],[70.298,23.21],[70.425,23.217],[70.424,23.206],[70.512,23.177],[70.634,23.185],[70.649,23.192],[70.657,23.211],[70.697,23.199],[70.745,23.206],[70.742,23.177],[70.727,23.174],[70.734,23.139],[70.648,23.089],[70.629,23.062],[70.597,23.061],[70.602,23.034],[70.565,23.033],[70.542,22.96],[70.477,22.975],[70.433,22.967],[70.48,22.936],[70.553,22.93],[70.56238,22.92229],[70.558,22.924],[70.55,22.93],[70.539,22.91],[70.523,22.914],[70.499,22.898],[70.464,22.833],[70.392,22.806],[70.384,22.786],[70.371,22.809],[70.381,22.834],[70.381,22.912],[70.351,22.871],[70.307,22.748],[70.294,22.731],[70.26,22.719],[70.266,22.701],[70.278,22.698],[70.266,22.69],[70.276,22.675],[70.256,22.681],[70.253,22.674],[70.267,22.671],[70.208,22.612],[70.212,22.599],[70.195,22.601],[70.174,22.542],[70.153,22.554],[70.086,22.549],[70.042,22.561],[70.019,22.546],[69.977,22.543],[69.946,22.527],[69.955,22.505],[69.93,22.509],[69.914,22.49],[69.92,22.443],[69.915,22.444],[69.896,22.46],[69.877,22.445],[69.872,22.42],[69.862,22.436],[69.833,22.447],[69.812,22.39],[69.78,22.364],[69.771,22.423],[69.761,22.429],[69.751,22.411],[69.738,22.417],[69.739,22.428],[69.719,22.431],[69.719,22.419],[69.707,22.426],[69.7,22.419],[69.712,22.412],[69.702,22.37],[69.675,22.393],[69.66,22.384],[69.67,22.326],[69.642,22.339],[69.647,22.347],[69.622,22.372],[69.615,22.366],[69.626,22.336],[69.609,22.31],[69.592,22.306],[69.597,22.293],[69.56,22.312],[69.568,22.334],[69.551,22.348],[69.542,22.342],[69.527,22.358],[69.5,22.364],[69.49,22.341],[69.509,22.313],[69.496,22.302],[69.492,22.303],[69.489,22.325],[69.469,22.327],[69.469,22.316],[69.459,22.316],[69.49,22.297],[69.472,22.291],[69.473,22.282],[69.451,22.282],[69.438,22.295],[69.429,22.278],[69.401,22.287],[69.381,22.274],[69.372,22.277],[69.378,22.301],[69.338,22.299],[69.324,22.276],[69.32,22.286],[69.293,22.286],[69.294,22.283],[69.296,22.282],[69.3,22.284],[69.302,22.278],[69.308,22.28],[69.31,22.275],[69.281,22.268],[69.293,22.237],[69.254,22.266],[69.235,22.248],[69.241,22.217],[69.214,22.205],[69.187,22.234],[69.163,22.198],[69.135,22.196],[69.136,22.227],[69.128,22.23],[69.146,22.236],[69.156,22.263],[69.157,22.316],[69.169,22.333],[69.163,22.348],[69.175,22.348],[69.177,22.356],[69.169,22.354],[69.181,22.37],[69.168,22.373],[69.198,22.388],[69.201,22.401],[69.188,22.402],[69.195,22.422],[69.176,22.423],[69.178,22.413],[69.163,22.404],[69.157,22.41],[69.147,22.397],[69.102,22.409],[69.103,22.399],[69.082,22.388],[69.061,22.383],[69.049,22.398],[69.036,22.39],[69.046,22.433],[69.084,22.474],[69.068,22.481],[69.006,22.439],[68.958,22.368],[68.972,22.346],[68.967,22.345],[68.959,22.354],[68.936,22.311],[68.959,22.257],[68.954,22.245],[68.982,22.228],[68.992,22.235],[68.992,22.217],[69.003,22.225],[68.999,22.209],[68.966,22.234],[69.217,21.958],[69.354,21.838],[69.37337,21.83219],[69.372,21.829],[69.566,21.651],[69.603,21.637],[69.706,21.537],[69.722,21.539],[69.708,21.535],[70.068,21.138],[70.112,21.172],[70.072,21.133],[70.258,20.973],[70.364,20.901],[70.393,20.894],[70.438,20.854],[70.542,20.802],[70.546,20.816],[70.552,20.808],[70.586,20.813],[70.586,20.796],[70.548,20.805],[70.614,20.771],[70.634,20.768],[70.658,20.785],[70.658,20.78],[70.655,20.769],[70.648,20.763],[70.827,20.691],[70.839,20.691],[70.805,20.706],[70.813,20.718],[70.834,20.698],[70.846,20.707],[70.874,20.704],[70.878,20.728],[70.92,20.743],[70.981,20.723],[71,20.742],[71.05,20.731],[71.08,20.738],[71.078,20.75],[71.092,20.757],[71.149,20.758],[71.157,20.779],[71.208,20.792],[71.21253,20.79879],[71.321,20.847],[71.384,20.857],[71.374,20.868],[71.381,20.875],[71.398,20.866],[71.437,20.869],[71.477,20.89],[71.511,20.945],[71.557,20.97],[71.552,20.959],[71.53,20.943],[71.58,20.954],[71.612,20.967],[71.611,20.976],[71.629,20.969],[71.629,20.984],[71.647,20.995],[71.677,20.996],[71.712,21.019],[71.782,21.032],[71.744,21.032],[71.753,21.042],[71.747,21.046],[71.758,21.045],[71.752,21.059],[71.772,21.055],[71.776,21.038],[71.805,21.04],[71.78,21.046],[71.776,21.061],[71.786,21.069],[71.793,21.055],[71.837,21.075],[71.822,21.081],[71.823,21.097],[71.842,21.089],[71.857,21.097],[71.839,21.08],[71.849,21.077],[71.879,21.09],[71.891,21.111],[71.973,21.122],[71.98916,21.13996],[72.01,21.135],[72.017,21.154],[72.116,21.2],[72.109,21.224],[72.121,21.295],[72.24,21.451],[72.257,21.49],[72.264,21.565],[72.303,21.623],[72.301,21.645],[72.274,21.664],[72.284,21.672],[72.277,21.692],[72.255,21.694],[72.249,21.684],[72.227,21.695],[72.218,21.736],[72.189,21.752],[72.176,21.804],[72.13,21.808],[72.119,21.789],[72.074,21.793],[72.082,21.818],[72.103,21.824],[72.104,21.849],[72.146,21.829],[72.183,21.847],[72.179,21.922],[72.163,21.963],[72.175,21.991],[72.154,22.019],[72.153,22.031],[72.168,22.017],[72.164,22.035],[72.14,22.045],[72.163,22.051],[72.162,22.059],[72.174,22.043],[72.188,22.076],[72.188,22.028],[72.212,22.015],[72.213,22.035],[72.196,22.029],[72.213,22.045],[72.209,22.065],[72.196,22.071],[72.211,22.068],[72.215,22.095],[72.223,22.075],[72.237,22.071],[72.231,22.113],[72.258,22.12],[72.249,22.135],[72.275,22.152],[72.26,22.216],[72.272,22.209],[72.293,22.241],[72.263,22.242],[72.254,22.253],[72.258,22.273],[72.272,22.281],[72.276,22.314],[72.297,22.337],[72.289,22.357],[72.311,22.372],[72.293,22.39],[72.342,22.386],[72.34278,22.38663],[72.401,22.359],[72.362,22.295],[72.358,22.248],[72.334,22.192],[72.393,22.105],[72.561,22.229],[72.635,22.232],[72.65318,22.22291],[72.61,22.216],[72.562,22.172],[72.553,22.147],[72.57,22.165],[72.556,22.143],[72.562,22.127],[72.574,22.138],[72.569,22.122],[72.558,22.12],[72.553,22.133],[72.545,22.125],[72.571,22.112],[72.578,22.131],[72.585,22.124],[72.574,22.104],[72.564,22.104],[72.58,22.079],[72.569,22.073],[72.553,22.093],[72.544,22.09],[72.551,22.08],[72.541,22.079],[72.539,22.063],[72.553,22.059],[72.546,22.03],[72.562,22.032],[72.56,22.041],[72.588,22.028],[72.548,22.014],[72.558,22.01],[72.548,22.004],[72.559,21.992],[72.548,21.974],[72.56,21.966],[72.537,21.947],[72.546,21.931],[72.595,21.932],[72.64,21.958],[72.626,21.975],[72.647,21.972],[72.641,22.004],[72.654,21.996],[72.652,21.967],[72.662,21.962],[72.679,21.964],[72.673,21.979],[72.684,21.966],[72.698,21.971],[72.694,21.982],[72.704,21.974],[72.696,21.99],[72.709,21.98],[72.718,21.999],[72.751,21.996],[72.734,21.982],[72.728,21.944],[72.692,21.932],[72.698,21.917],[72.718,21.916],[72.716,21.888],[72.679,21.884],[72.681,21.9],[72.665,21.911],[72.655,21.899],[72.666,21.886],[72.647,21.894],[72.628,21.863],[72.599,21.858],[72.619,21.854],[72.608,21.846],[72.628,21.843],[72.648,21.828],[72.635,21.835],[72.618,21.818],[72.61,21.823],[72.615,21.814],[72.626,21.815],[72.604,21.789],[72.576,21.79],[72.586,21.759],[72.57,21.748],[72.589,21.739],[72.568,21.705],[72.546,21.711],[72.563,21.698],[72.561,21.684],[72.543,21.693],[72.531,21.675],[72.519,21.705],[72.521,21.64],[72.545,21.635],[72.593,21.662],[72.59,21.673],[72.627,21.659],[72.636,21.683],[72.638,21.662],[72.665,21.67],[72.683,21.663],[72.683,21.682],[72.709,21.662],[72.734,21.672],[72.734,21.686],[72.773,21.657],[72.821,21.647],[72.875,21.68],[72.975,21.67],[72.899,21.627],[72.858,21.62],[72.838,21.631],[72.832,21.599],[72.764,21.548],[72.764,21.527],[72.75,21.516],[72.767,21.521],[72.759,21.512],[72.768,21.506],[72.724,21.501],[72.705,21.467],[72.739,21.474],[72.761,21.449],[72.786,21.459],[72.78794,21.4222],[72.786,21.422],[72.772,21.401],[72.762,21.401],[72.752,21.426],[72.735,21.407],[72.734,21.416],[72.71,21.411],[72.686,21.362],[72.703,21.342],[72.691,21.339],[72.685,21.318],[72.662,21.31],[72.658,21.296],[72.669,21.284],[72.641,21.248],[72.656,21.253],[72.666,21.24],[72.672,21.251],[72.668,21.219],[72.658,21.224],[72.647,21.206],[72.661,21.19],[72.688,21.188],[72.722,21.204],[72.756,21.195],[72.785,21.207],[72.78986,21.18188],[72.742,21.142],[72.688,21.135],[72.703,21.135],[72.693,21.066],[72.728,21.067],[72.755,21.052],[72.721,21.048],[72.728,21.007],[72.757,20.932],[72.786,20.916],[72.829,20.81],[72.84,20.804],[72.849,20.748],[72.904,20.576],[72.883,20.531],[72.884,20.502],[72.857,20.467],[72.886,20.463],[72.895,20.445],[72.875,20.446],[72.857,20.419],[72.896,20.421],[72.903,20.407],[72.882,20.398],[72.896,20.38],[72.89,20.372],[72.836,20.373],[72.778,20.337],[72.773,20.303],[72.757,20.295],[72.74,20.243],[72.75,20.206],[72.737,20.135],[72.794,20.123],[72.789,20.149],[72.806,20.154],[72.825,20.142],[72.816,20.184],[72.837,20.189],[72.839,20.209],[72.861,20.207],[72.859,20.225],[72.899,20.228],[72.963,20.21],[72.958,20.235],[72.931,20.244],[72.912,20.274],[72.937,20.293],[72.97,20.268],[72.98,20.289],[73.01,20.291],[73.006,20.313],[73.017,20.31],[73.015,20.294],[73.035,20.292],[73.042,20.326],[73.077,20.324],[73.096,20.361],[73.111,20.338],[73.103,20.302],[73.148,20.318],[73.166,20.31],[73.166,20.287],[73.146,20.288],[73.098,20.229],[73.06,20.223],[73.049,20.201],[73.06,20.194],[73.065,20.158],[73.074,20.156],[73.08,20.173],[73.116,20.152],[73.12,20.169],[73.142,20.177],[73.133,20.206],[73.157,20.198],[73.168,20.208],[73.178,20.192],[73.218,20.186],[73.206,20.164],[73.189,20.164],[73.187,20.129],[73.21,20.121],[73.225,20.14],[73.225,20.124],[73.249,20.122],[73.254,20.138],[73.28,20.15],[73.283,20.199],[73.299,20.21],[73.344,20.2],[73.358,20.214],[73.354,20.201],[73.366,20.196],[73.382,20.212],[73.389,20.193],[73.417,20.199],[73.413,20.271],[73.428,20.28],[73.419,20.33],[73.406,20.384],[73.384,20.372],[73.38,20.393],[73.42,20.413],[73.432,20.454],[73.467,20.497],[73.47,20.52],[73.494,20.538],[73.475,20.544],[73.473,20.585],[73.431,20.594],[73.421,20.627],[73.407,20.624],[73.393,20.645],[73.444,20.681],[73.45,20.717],[73.475,20.72],[73.49,20.686],[73.479,20.677],[73.489,20.656],[73.504,20.671],[73.518,20.668],[73.52,20.679],[73.551,20.648],[73.6,20.637],[73.622,20.614],[73.628,20.583],[73.652,20.565],[73.695,20.578],[73.745,20.565],[73.776,20.601],[73.799,20.599],[73.838,20.621],[73.839,20.659],[73.831,20.675],[73.817,20.672],[73.811,20.692],[73.832,20.701],[73.855,20.691],[73.875,20.729],[73.917,20.725],[73.942,20.742],[73.941,20.758],[73.932,20.76],[73.932,20.809],[73.944,20.824],[73.924,20.851],[73.918,20.908],[73.888,20.934],[73.88678,20.93339],[73.892,20.956],[73.908,20.96],[73.901,20.982],[73.84864,20.99914],[73.849,21],[73.796,21.045],[73.811,21.058],[73.809,21.074],[73.808,21.085],[73.794,21.071],[73.764,21.069],[73.737,21.08],[73.73791,21.04558],[73.734,21.056],[73.73,21.083],[73.744,21.115],[73.73,21.1],[73.703,21.119],[73.689,21.101],[73.652,21.108],[73.646,21.122],[73.619,21.119],[73.618,21.143],[73.599,21.157],[73.579,21.151],[73.578,21.171],[73.606,21.179],[73.608,21.159],[73.629,21.155],[73.635,21.141],[73.672,21.155],[73.702,21.154],[73.719,21.14],[73.734,21.143],[73.729,21.162],[73.74,21.171],[73.773,21.165],[73.785,21.184],[73.816,21.174],[73.826,21.187],[73.826,21.2],[73.816,21.197],[73.811,21.208],[73.812,21.231],[73.829,21.24],[73.823,21.27],[73.88,21.266],[73.943,21.3],[73.949,21.351],[73.939,21.405],[73.96,21.395],[74.001,21.421],[74.045,21.419],[74.045,21.446],[74.063,21.474],[74.072,21.457],[74.101,21.448],[74.125,21.466],[74.136,21.456],[74.163,21.469],[74.198,21.459],[74.209,21.462],[74.214,21.482],[74.234,21.482],[74.236,21.468],[74.254,21.468],[74.256,21.477],[74.304,21.488],[74.304,21.499],[74.321,21.499],[74.332,21.544],[74.331,21.553],[74.303,21.552],[74.296,21.569],[74.277,21.562],[74.263,21.54],[74.236,21.539],[74.229,21.554],[74.196,21.532],[74.176,21.569],[74.156,21.568],[74.137,21.547],[74.12,21.556],[74.074,21.548],[74.054,21.558],[74.044,21.542],[74.006,21.553],[73.997,21.539],[73.974,21.543],[73.983,21.52],[73.966,21.522],[73.96,21.542],[73.952,21.512],[73.904,21.524],[73.905,21.516],[73.878,21.505],[73.864,21.512],[73.869,21.501],[73.852,21.498],[73.835,21.52],[73.814,21.601],[73.781,21.618],[73.781,21.629],[73.814,21.644],[73.839,21.633],[73.851,21.646],[73.888,21.653],[73.894,21.672],[73.881,21.715],[73.825,21.758],[73.829,21.784],[73.838,21.789],[73.827,21.792],[73.828,21.809],[73.807,21.81],[73.796,21.825],[73.812,21.84],[73.873,21.842],[74.05,21.926],[74.147,21.948],[74.14,21.968],[74.151,21.986],[74.1,21.999],[74.092,22.015],[74.14,22.04],[74.132,22.048],[74.16,22.059],[74.165,22.083],[74.178,22.085],[74.152,22.106],[74.125,22.098],[74.123,22.136],[74.134,22.161],[74.122,22.167],[74.122,22.212],[74.072,22.219],[74.07,22.233],[74.087,22.243],[74.055,22.283],[74.054,22.304],[74.062,22.304],[74.072,22.337],[74.065,22.354],[74.105,22.372],[74.125,22.356],[74.128,22.332],[74.19,22.32],[74.203,22.366],[74.224,22.356],[74.224,22.38],[74.243,22.376],[74.257,22.4],[74.291,22.394],[74.268,22.405],[74.253,22.433],[74.215,22.441],[74.213,22.431],[74.201,22.435],[74.203,22.467],[74.19,22.476],[74.18,22.462],[74.184,22.442],[74.16,22.431],[74.15,22.456],[74.119,22.419],[74.1,22.438],[74.104,22.464],[74.075,22.464],[74.077,22.484],[74.087,22.479],[74.082,22.507],[74.054,22.509],[74.041,22.487],[74.033,22.491],[74.041,22.542],[74.061,22.55],[74.05283,22.5578],[74.147,22.514],[74.156,22.535],[74.189,22.553],[74.183,22.566],[74.21,22.564],[74.231,22.612],[74.254,22.622],[74.263,22.644],[74.379,22.635],[74.401,22.73],[74.435,22.782],[74.434,22.808],[74.464,22.816],[74.476,22.851],[74.459,22.911],[74.447,22.921],[74.419,22.917],[74.394,22.896],[74.34,22.952],[74.339,22.964],[74.365,22.976],[74.346,23.027],[74.322,23.042],[74.311,23.074],[74.279,23.092],[74.287,23.117],[74.267,23.158],[74.241,23.185],[74.232,23.177],[74.201,23.19],[74.179,23.147],[74.153,23.152],[74.141,23.173],[74.121,23.176],[74.119,23.204],[74.134,23.223],[74.133,23.266],[74.109,23.274],[74.101,23.294],[74.038,23.293],[74.045,23.309],[74.033,23.306],[74.029,23.332],[73.982,23.338],[73.975,23.372],[73.957,23.379],[73.937,23.367],[73.936,23.339],[73.893,23.333],[73.892,23.351],[73.83,23.426],[73.829,23.447],[73.792,23.43],[73.773,23.438],[73.767,23.453],[73.755,23.454],[73.724,23.402],[73.688,23.384],[73.725,23.404],[73.694,23.457],[73.647,23.436],[73.627,23.449],[73.62543,23.42976],[73.62,23.437],[73.64,23.495],[73.656,23.507],[73.633,23.529],[73.655,23.621],[73.616,23.652],[73.572,23.654],[73.523,23.607],[73.494,23.632],[73.509,23.644],[73.497,23.649],[73.507,23.703],[73.474,23.705],[73.471,23.72],[73.449,23.735],[73.448,23.753],[73.425,23.761],[73.418,23.777],[73.4,23.785],[73.371,23.765],[73.352,23.791],[73.368,23.822],[73.354,23.853],[73.361,23.873],[73.387,23.915],[73.407,23.916],[73.421,23.931],[73.415,23.985],[73.398,23.989],[73.408,24.008],[73.405,24.041],[73.361,24.081],[73.362,24.104],[73.327,24.109],[73.314,24.05],[73.298,24.044],[73.283,24.019],[73.262,24.018],[73.243,24.002],[73.229,24.022],[73.194,24.041],[73.214,24.078],[73.159,24.098],[73.157,24.11],[73.126,24.125],[73.074,24.181],[73.066,24.194],[73.079,24.205],[73.077,24.218],[73.099,24.226],[73.088,24.235],[73.125,24.273],[73.135,24.308],[73.169,24.3],[73.176,24.338],[73.198,24.332],[73.219,24.364],[73.198,24.377],[73.172,24.356],[73.152,24.354],[73.074,24.397],[73.102,24.432],[73.095,24.488],[73.081,24.497],[73.034,24.464],[73.003,24.466],[73.004,24.482],[72.994,24.48],[72.968,24.451],[72.981,24.434],[72.949,24.399],[72.978,24.378],[72.96,24.361],[72.911,24.337],[72.891,24.357],[72.85,24.372],[72.805,24.363],[72.724,24.367],[72.689,24.412],[72.684,24.463],[72.576,24.478],[72.539,24.519],[72.534,24.504],[72.52,24.5],[72.504,24.458],[72.493,24.459],[72.5,24.417],[72.458,24.415],[72.43,24.479],[72.441,24.515],[72.416,24.521],[72.389,24.507],[72.354,24.563],[72.331,24.569],[72.329,24.552],[72.295,24.546],[72.286,24.565],[72.264,24.561],[72.246,24.586],[72.276,24.607],[72.297,24.609],[72.313,24.594],[72.336,24.599],[72.348,24.628],[72.335,24.633],[72.305,24.617],[72.272,24.637],[72.255,24.625],[72.232,24.64],[72.195,24.623],[72.197,24.614],[72.165,24.621],[72.15,24.644],[72.125,24.638],[72.09,24.659],[72.085,24.707],[72.056,24.712],[72.013,24.69],[71.994,24.695],[71.984,24.686],[71.988,24.657],[71.94,24.634],[71.915,24.649],[71.919,24.672],[71.872,24.682],[71.858,24.666],[71.865,24.631],[71.852,24.609],[71.807,24.625],[71.81,24.656],[71.792,24.677],[71.706,24.661],[71.655,24.639],[71.608,24.676],[71.59,24.667],[71.573,24.683],[71.534,24.68],[71.478,24.68],[71.378,24.626],[71.359,24.631],[71.348,24.661],[71.313,24.648],[71.28766,24.61336],[71.288,24.616],[71.246,24.628],[71.098,24.686],[71.076,24.66],[71.01,24.633],[70.987,24.593],[70.989,24.541],[71.006,24.521],[71,24.442],[71.039,24.43],[71.104,24.433],[71.127,24.418],[71.123,24.403],[71.083,24.391],[71.043,24.349],[71.005,24.349],[70.987,24.363],[70.948,24.346],[70.875,24.293],[70.877,24.278],[70.908,24.257],[70.807,24.218],[70.668,24.217],[70.572,24.249],[70.585,24.29],[70.562,24.355],[70.579,24.362],[70.604,24.408],[70.573,24.423],[70.413,24.373],[70.37,24.348],[70.327,24.349],[70.251,24.322],[70.111,24.293],[70.068,24.197],[70.026,24.169],[69.732,24.169],[69.596,24.29],[69.495,24.265],[69.447,24.278],[69.378,24.267],[69.314,24.279],[69.195,24.234],[69.096,24.272],[69.007,24.221],[68.986,24.225],[68.947,24.3],[68.908,24.277],[68.882,24.214],[68.866,24.21],[68.849,24.237],[68.832,24.309],[68.809,24.311],[68.766,24.293],[68.754,23.969],[68.391,23.964],[68.38,23.982],[68.361,23.979],[68.339,23.962],[68.334,23.923],[68.281,23.928],[68.253,23.894],[68.21,23.873],[68.199,23.834],[68.204,23.764],[68.172,23.696],[68.157,23.685],[68.101,23.678],[68.095,23.653]]],[[[68.498,23.333],[68.524,23.311],[68.52,23.289],[68.536,23.321],[68.554,23.329],[68.552,23.349],[68.54,23.347],[68.521,23.351],[68.498,23.333]]],[[[72.593,21.543],[72.626,21.521],[72.682,21.548],[72.691,21.577],[72.733,21.591],[72.74,21.607],[72.742,21.592],[72.761,21.598],[72.747,21.607],[72.753,21.613],[72.771,21.599],[72.817,21.605],[72.82,21.636],[72.786,21.643],[72.751,21.622],[72.774,21.639],[72.753,21.649],[72.721,21.634],[72.669,21.633],[72.655,21.627],[72.665,21.621],[72.658,21.616],[72.644,21.628],[72.61,21.623],[72.599,21.605],[72.593,21.543]]]]}},{"type":"Feature","properties":{"st_name":"Maharashtra"},"geometry":{"type":"MultiPolygon","coordinates":[[[[72.655,19.836],[72.667,19.821],[72.68,19.824],[72.676,19.815],[72.691,19.796],[72.685,19.758],[72.691,19.739],[72.704,19.736],[72.695,19.727],[72.714,19.695],[72.707,19.68],[72.718,19.635],[72.716,19.646],[72.734,19.629],[72.732,19.649],[72.748,19.647],[72.75,19.619],[72.726,19.629],[72.729,19.602],[72.739,19.599],[72.751,19.617],[72.759,19.608],[72.773,19.636],[72.78,19.617],[72.772,19.608],[72.786,19.608],[72.789,19.597],[72.772,19.6],[72.768,19.586],[72.76,19.601],[72.742,19.59],[72.747,19.598],[72.716,19.592],[72.716,19.573],[72.727,19.567],[72.719,19.54],[72.768,19.508],[72.773,19.488],[72.744,19.462],[72.762,19.397],[72.771,19.418],[72.775,19.413],[72.774,19.41],[72.77,19.406],[72.77,19.395],[72.759,19.384],[72.758,19.374],[72.775,19.357],[72.769,19.375],[72.8,19.33],[72.797,19.318],[72.784,19.302],[72.784,19.264],[72.776,19.223],[72.782,19.193],[72.797,19.195],[72.795,19.172],[72.782,19.166],[72.787,19.129],[72.831,19.173],[72.804,19.145],[72.822,19.123],[72.822,19.073],[72.818,19.042],[72.832,19.053],[72.867,19.053],[72.843,19.05],[72.82196,19.01615],[72.815,19.026],[72.814,18.983],[72.791,18.95],[72.794,18.94],[72.812,18.956],[72.824,18.941],[72.826,18.921],[72.804,18.91],[72.809,18.894],[72.844,18.932],[72.849,18.979],[72.86,18.982],[72.8577,18.99963],[72.882,19.023],[72.907,18.995],[72.951,19.035],[72.94511,19.03749],[72.95,19.039],[72.929,19.053],[72.935,19.067],[72.923,19.067],[72.911,19.06],[72.91221,19.05884],[72.898,19.056],[72.935,19.1],[72.941,19.122],[72.928,19.128],[72.94,19.128],[72.968,19.17],[72.94571,19.18621],[72.972,19.172],[72.982,19.183],[72.98182,19.18433],[72.98644,19.18351],[72.989,19.163],[72.999,19.158],[72.986,19.154],[72.984,19.137],[72.995,19.145],[72.997,19.136],[72.987,19.119],[72.996,19.119],[72.996,19.098],[73.016,19.088],[73.004,19.068],[73.017,19.06],[73.013,19.024],[73.004,19.025],[73.014,19.007],[73.024,19.024],[73.0392,19.00791],[73.03,18.99],[73.038,18.982],[73.021,18.987],[73.022,18.969],[73.005,18.974],[73.011,18.962],[72.997,18.92],[72.977,18.912],[72.957,18.88],[72.937,18.884],[72.927,18.911],[72.91,18.903],[72.926,18.852],[72.95,18.847],[72.96,18.852],[72.954,18.869],[72.968,18.864],[72.995,18.883],[72.983,18.851],[72.997,18.848],[72.988,18.847],[72.989,18.829],[72.999,18.808],[73.001,18.774],[72.943,18.802],[72.932,18.789],[72.929,18.793],[72.941,18.808],[72.94,18.822],[72.915,18.792],[72.901,18.804],[72.888,18.791],[72.882,18.805],[72.865,18.795],[72.865,18.723],[72.856,18.699],[72.866,18.652],[72.884,18.638],[72.934,18.54],[72.914,18.531],[72.906,18.54],[72.911,18.508],[72.895,18.463],[72.906,18.403],[72.926,18.387],[72.914,18.355],[72.953,18.335],[72.956,18.316],[72.982,18.3],[72.993,18.274],[72.998,18.285],[73.016,18.285],[73.029,18.264],[73.053,18.27],[73.037,18.293],[73.045,18.313],[73.071,18.308],[73.088,18.336],[73.113,18.33],[73.092,18.326],[73.083,18.312],[73.103,18.265],[73.095,18.272],[73.082,18.293],[73.05,18.297],[73.052,18.281],[73.068,18.279],[73.073,18.263],[73.062,18.252],[73.092,18.219],[73.078,18.209],[73.077,18.189],[73.105,18.14],[73.072,18.15],[73.051,18.182],[73.052,18.201],[73.068,18.212],[73.017,18.245],[72.969,18.243],[72.974,18.263],[72.964,18.28],[72.936,18.281],[72.943,18.246],[72.932,18.219],[72.957,18.218],[72.984,18.195],[72.99,18.157],[72.971,18.132],[72.999,18.075],[72.99,18.056],[73.009,18.05],[73.019,18.03],[73.003,18.021],[73.019,17.99],[73.04,17.978],[73.03,17.944],[73.056,17.932],[73.053,17.905],[73.072,17.893],[73.094,17.841],[73.089,17.808],[73.113,17.789],[73.134,17.718],[73.145,17.722],[73.135,17.715],[73.14,17.703],[73.117,17.698],[73.115,17.684],[73.145,17.639],[73.127,17.638],[73.138,17.611],[73.177,17.583],[73.17,17.57],[73.168,17.577],[73.144,17.57],[73.138,17.556],[73.155,17.529],[73.185,17.51],[73.194,17.465],[73.187,17.442],[73.212,17.438],[73.188,17.431],[73.187,17.414],[73.168,17.404],[73.184,17.385],[73.207,17.386],[73.226,17.354],[73.215,17.346],[73.231,17.335],[73.219,17.329],[73.244,17.322],[73.241,17.295],[73.25775,17.295],[73.242,17.28],[73.226,17.282],[73.223,17.302],[73.19,17.3],[73.204,17.289],[73.205,17.27],[73.207,17.282],[73.224,17.266],[73.224,17.248],[73.245,17.223],[73.244,17.198],[73.255,17.202],[73.248,17.195],[73.231,17.198],[73.252,17.19],[73.267,17.153],[73.264,17.162],[73.27,17.155],[73.269,17.153],[73.277,17.157],[73.275,17.153],[73.272,17.152],[73.268,17.151],[73.264,17.155],[73.267,17.112],[73.285,17.101],[73.29,17.115],[73.288,17.053],[73.277,17.036],[73.258,17.048],[73.256,17.027],[73.283,17.013],[73.281,16.998],[73.269,16.998],[73.272,16.987],[73.279,16.993],[73.296,16.984],[73.277,16.892],[73.294,16.899],[73.303,16.891],[73.286,16.88],[73.3,16.86],[73.288,16.857],[73.296,16.816],[73.319,16.806],[73.305,16.73],[73.319,16.696],[73.345,16.691],[73.341,16.68],[73.329,16.685],[73.333,16.65],[73.323,16.636],[73.341,16.638],[73.33,16.62],[73.352,16.623],[73.34,16.604],[73.319,16.607],[73.334,16.559],[73.318,16.557],[73.311,16.541],[73.351,16.444],[73.386,16.449],[73.367,16.436],[73.356,16.442],[73.366,16.397],[73.399,16.402],[73.416,16.42],[73.427,16.411],[73.463,16.416],[73.474,16.439],[73.474,16.428],[73.465,16.416],[73.49186,16.41758],[73.49,16.412],[73.482,16.409],[73.408,16.407],[73.4,16.389],[73.388,16.394],[73.372,16.376],[73.372,16.389],[73.368,16.364],[73.384,16.359],[73.395,16.368],[73.403,16.36],[73.439,16.372],[73.398,16.354],[73.389,16.361],[73.385,16.337],[73.41,16.274],[73.417,16.293],[73.433,16.285],[73.449,16.309],[73.448,16.304],[73.443,16.293],[73.434,16.284],[73.426,16.283],[73.414,16.284],[73.412,16.273],[73.457,16.129],[73.466,16.072],[73.457,16.054],[73.483,16.036],[73.51,15.937],[73.54,15.937],[73.589,15.91],[73.614,15.855],[73.627,15.852],[73.666,15.755],[73.654,15.744],[73.697,15.723],[73.729,15.72],[73.743,15.736],[73.786,15.726],[73.791,15.736],[73.825,15.741],[73.83,15.765],[73.863,15.799],[73.88,15.775],[73.875,15.752],[73.939,15.743],[73.952,15.717],[73.944,15.699],[73.964,15.692],[73.968,15.631],[73.991,15.612],[74.021,15.606],[74.031,15.623],[74.113,15.646],[74.087,15.671],[74.125,15.681],[74.131,15.703],[74.122,15.72],[74.162,15.751],[74.202,15.758],[74.209,15.781],[74.173,15.774],[74.233,15.787],[74.227,15.763],[74.238,15.744],[74.268,15.754],[74.288,15.741],[74.31,15.751],[74.323,15.773],[74.346,15.765],[74.369,15.788],[74.37,15.81],[74.36,15.818],[74.383,15.848],[74.339,15.855],[74.363,15.875],[74.368,15.894],[74.388,15.854],[74.406,15.856],[74.387,15.904],[74.428,15.952],[74.462,16.037],[74.461,16.048],[74.431,16.059],[74.37,16.038],[74.377,16.055],[74.361,16.054],[74.372,16.078],[74.389,16.08],[74.389,16.09],[74.428,16.112],[74.484,16.092],[74.491,16.113],[74.479,16.148],[74.508,16.202],[74.496,16.216],[74.502,16.228],[74.479,16.249],[74.466,16.241],[74.417,16.258],[74.412,16.284],[74.385,16.276],[74.385,16.292],[74.346,16.294],[74.351,16.278],[74.326,16.27],[74.322,16.284],[74.342,16.298],[74.325,16.314],[74.329,16.325],[74.316,16.325],[74.323,16.333],[74.315,16.341],[74.328,16.342],[74.317,16.38],[74.336,16.394],[74.353,16.367],[74.363,16.405],[74.336,16.401],[74.333,16.455],[74.29,16.463],[74.291,16.504],[74.28,16.505],[74.274,16.486],[74.261,16.48],[74.247,16.497],[74.278,16.504],[74.264,16.54],[74.271,16.548],[74.286,16.526],[74.292,16.534],[74.302,16.529],[74.309,16.503],[74.323,16.557],[74.34,16.548],[74.357,16.56],[74.358,16.539],[74.382,16.53],[74.396,16.573],[74.386,16.606],[74.395,16.577],[74.435,16.601],[74.466,16.606],[74.456,16.647],[74.471,16.665],[74.489,16.631],[74.544,16.635],[74.543,16.594],[74.566,16.585],[74.555,16.565],[74.568,16.554],[74.609,16.569],[74.62,16.585],[74.629,16.577],[74.638,16.61],[74.689,16.608],[74.652,16.639],[74.665,16.666],[74.689,16.677],[74.681,16.687],[74.689,16.686],[74.687,16.712],[74.69506,16.72563],[74.691,16.716],[74.726,16.717],[74.773,16.751],[74.796,16.748],[74.845,16.762],[74.85,16.773],[74.865,16.763],[74.87,16.774],[74.92,16.773],[74.902,16.863],[74.961,16.881],[74.964,16.911],[74.956,16.905],[74.922,16.93],[74.932,16.945],[74.965,16.927],[74.964,16.948],[74.994,16.952],[75.027,16.944],[75.026,16.928],[75.09,16.952],[75.096,16.914],[75.118,16.913],[75.135,16.894],[75.136,16.875],[75.164,16.867],[75.189,16.875],[75.183,16.843],[75.22,16.843],[75.237,16.868],[75.262,16.862],[75.281,16.88],[75.289,16.905],[75.279,16.958],[75.349,16.958],[75.392,16.981],[75.426,16.968],[75.464,16.991],[75.483,16.978],[75.49,16.944],[75.529,16.969],[75.568,16.966],[75.573,17.01],[75.607,17.005],[75.608,16.971],[75.633,16.971],[75.643,16.955],[75.676,16.967],[75.666,16.979],[75.67,17.038],[75.64,17.038],[75.65,17.057],[75.677,17.067],[75.673,17.115],[75.651,17.115],[75.625,17.174],[75.628,17.189],[75.662,17.215],[75.658,17.261],[75.655,17.273],[75.63,17.273],[75.623,17.294],[75.604,17.306],[75.541,17.276],[75.607,17.309],[75.611,17.342],[75.583,17.351],[75.576,17.383],[75.614,17.393],[75.607,17.42],[75.633,17.478],[75.657,17.458],[75.677,17.457],[75.691,17.409],[75.736,17.419],[75.768,17.406],[75.781,17.377],[75.799,17.368],[75.814,17.372],[75.824,17.422],[75.842,17.418],[75.859,17.384],[75.88,17.419],[75.895,17.39],[75.889,17.356],[75.928,17.323],[75.999,17.338],[76.014,17.355],[76.059,17.357],[76.079,17.332],[76.099,17.365],[76.119,17.371],[76.163,17.345],[76.165,17.303],[76.175,17.301],[76.183,17.316],[76.171,17.353],[76.229,17.366],[76.228,17.376],[76.244,17.38],[76.251,17.361],[76.272,17.361],[76.276,17.334],[76.318,17.334],[76.314,17.348],[76.345,17.355],[76.354,17.314],[76.383,17.315],[76.411,17.36],[76.408,17.372],[76.363,17.377],[76.371,17.436],[76.333,17.434],[76.331,17.47],[76.376,17.49],[76.346,17.492],[76.345,17.512],[76.367,17.521],[76.363,17.537],[76.34,17.543],[76.331,17.596],[76.419,17.605],[76.428,17.645],[76.379,17.661],[76.445,17.642],[76.441,17.65],[76.452,17.657],[76.489,17.662],[76.486,17.716],[76.524,17.716],[76.524,17.759],[76.572,17.761],[76.564,17.75],[76.57,17.707],[76.583,17.706],[76.614,17.771],[76.632,17.755],[76.633,17.729],[76.653,17.723],[76.665,17.688],[76.691,17.681],[76.699,17.728],[76.728,17.739],[76.714,17.781],[76.762,17.786],[76.791,17.826],[76.768,17.852],[76.739,17.857],[76.737,17.906],[76.768,17.901],[76.775,17.878],[76.795,17.872],[76.852,17.901],[76.884,17.894],[76.901,17.918],[76.919,17.917],[76.906,18.009],[76.914,18.035],[76.953,18.041],[76.945,18.083],[76.966,18.098],[76.921,18.118],[76.932,18.133],[76.924,18.146],[76.931,18.16],[76.943,18.156],[76.952,18.188],[76.99,18.191],[77.002,18.161],[77.024,18.159],[77.023,18.176],[77.033,18.182],[77.052,18.174],[77.064,18.151],[77.112,18.156],[77.116,18.171],[77.097,18.197],[77.151,18.216],[77.149,18.239],[77.17,18.261],[77.175,18.285],[77.213,18.28],[77.199,18.315],[77.219,18.326],[77.226,18.365],[77.248,18.373],[77.234,18.388],[77.242,18.413],[77.26,18.413],[77.26469,18.42298],[77.265,18.422],[77.316,18.443],[77.319,18.459],[77.345,18.434],[77.366,18.45],[77.373,18.4],[77.401,18.403],[77.413,18.384],[77.395,18.369],[77.401,18.347],[77.357,18.318],[77.409,18.302],[77.437,18.311],[77.448,18.27],[77.467,18.263],[77.512,18.282],[77.514,18.31],[77.552,18.291],[77.572,18.309],[77.558,18.331],[77.523,18.347],[77.526,18.373],[77.552,18.389],[77.557,18.417],[77.529,18.429],[77.528,18.442],[77.565,18.437],[77.586,18.447],[77.584,18.456],[77.549,18.468],[77.573,18.47],[77.577,18.487],[77.603,18.477],[77.605,18.496],[77.586,18.504],[77.6,18.523],[77.591,18.527],[77.596,18.549],[77.629,18.554],[77.634,18.544],[77.648,18.555],[77.656,18.531],[77.702,18.555],[77.739,18.557],[77.75,18.589],[77.73,18.667],[77.754,18.701],[77.768,18.706],[77.772,18.689],[77.787,18.683],[77.84,18.806],[77.948,18.831],[77.948,18.845],[77.935,18.846],[77.93,18.86],[77.903,18.867],[77.904,18.882],[77.891,18.883],[77.885,18.906],[77.843,18.91],[77.858,18.95],[77.816,18.948],[77.821,18.98],[77.771,18.98],[77.775,19.001],[77.762,19.033],[77.765,19.063],[77.8,19.051],[77.797,19.073],[77.81,19.105],[77.831,19.086],[77.851,19.089],[77.834,19.135],[77.861,19.181],[77.848,19.19],[77.872,19.255],[77.903,19.257],[77.908,19.268],[77.904,19.278],[77.866,19.284],[77.86054,19.30402],[77.872,19.305],[77.894,19.321],[77.912,19.316],[77.944,19.343],[78.014,19.294],[78.015,19.279],[78.042,19.271],[78.042,19.243],[78.055,19.237],[78.079,19.255],[78.089,19.24],[78.115,19.249],[78.151,19.23],[78.182,19.248],[78.177,19.279],[78.194,19.314],[78.172,19.35],[78.188,19.395],[78.176,19.412],[78.196,19.407],[78.212,19.429],[78.245,19.429],[78.271,19.456],[78.287,19.449],[78.304,19.456],[78.309,19.481],[78.293,19.542],[78.274,19.554],[78.275,19.563],[78.294,19.559],[78.304,19.57],[78.306,19.607],[78.291,19.646],[78.263,19.665],[78.276,19.693],[78.312,19.691],[78.319,19.706],[78.343,19.713],[78.341,19.736],[78.365,19.781],[78.358,19.806],[78.334,19.815],[78.337,19.838],[78.286,19.848],[78.30627,19.9117],[78.327,19.917],[78.329,19.887],[78.381,19.881],[78.386,19.846],[78.402,19.833],[78.431,19.815],[78.472,19.818],[78.489,19.793],[78.507,19.797],[78.515,19.819],[78.552,19.824],[78.693,19.791],[78.719,19.767],[78.74,19.783],[78.757,19.772],[78.779,19.78],[78.803,19.756],[78.841,19.762],[78.86,19.69],[78.852,19.659],[78.887,19.655],[78.904,19.67],[78.956,19.656],[78.956,19.6],[78.973,19.583],[78.938,19.562],[78.941,19.552],[78.974,19.55],[78.981,19.561],[78.998,19.54],[79.046,19.549],[79.098,19.532],[79.19,19.459],[79.224,19.469],[79.204,19.494],[79.24,19.535],[79.237,19.557],[79.253,19.593],[79.239,19.606],[79.244,19.617],[79.273,19.599],[79.307,19.597],[79.314,19.567],[79.318,19.577],[79.366,19.577],[79.405,19.536],[79.433,19.537],[79.472,19.5],[79.519,19.52],[79.519,19.543],[79.54,19.555],[79.553,19.524],[79.596,19.507],[79.628,19.573],[79.709,19.585],[79.743,19.609],[79.779,19.6],[79.807,19.579],[79.80339,19.59036],[79.832,19.539],[79.865,19.511],[79.915,19.496],[79.945,19.47],[79.98,19.391],[79.959,19.336],[79.966,19.303],[79.936,19.264],[79.925,19.228],[79.946,19.169],[79.874,19.124],[79.858,19.103],[79.871,19.041],[79.929,19.049],[79.94,19.032],[79.963,18.866],[79.916,18.823],[79.964,18.774],[80.03,18.758],[80.053,18.725],[80.118,18.681],[80.158,18.701],[80.197,18.681],[80.213,18.706],[80.252,18.707],[80.272,18.723],[80.246,18.762],[80.276,18.766],[80.3,18.795],[80.351,18.816],[80.349,18.848],[80.27,18.94],[80.273,18.993],[80.305,19.027],[80.297,19.048],[80.329,19.07],[80.328,19.095],[80.339,19.1],[80.333,19.145],[80.394,19.188],[80.384,19.215],[80.389,19.238],[80.448,19.267],[80.483,19.339],[80.52,19.347],[80.544,19.384],[80.575,19.402],[80.612,19.31],[80.631,19.307],[80.679,19.33],[80.693,19.316],[80.69,19.287],[80.751,19.287],[80.775,19.315],[80.853,19.364],[80.817,19.385],[80.796,19.432],[80.874,19.445],[80.898,19.481],[80.895,19.52],[80.856,19.523],[80.836,19.566],[80.776,19.562],[80.769,19.587],[80.741,19.606],[80.715,19.617],[80.666,19.612],[80.672,19.701],[80.552,19.766],[80.543,19.78],[80.546,19.818],[80.52,19.832],[80.481,19.827],[80.469,19.81],[80.485,19.802],[80.489,19.77],[80.464,19.796],[80.402,19.796],[80.403,19.816],[80.44,19.81],[80.469,19.826],[80.486,19.863],[80.506,19.87],[80.491,19.902],[80.468,19.907],[80.451,19.896],[80.414,19.907],[80.411,19.938],[80.452,19.957],[80.473,19.951],[80.489,19.931],[80.53,19.939],[80.55,19.988],[80.543,20.011],[80.557,20.072],[80.544,20.095],[80.552,20.118],[80.505,20.145],[80.46,20.151],[80.456,20.138],[80.434,20.135],[80.402,20.147],[80.389,20.165],[80.422,20.207],[80.405,20.218],[80.395,20.245],[80.482,20.275],[80.519,20.266],[80.549,20.309],[80.61,20.319],[80.626,20.334],[80.611,20.375],[80.591,20.393],[80.614,20.435],[80.602,20.449],[80.619,20.505],[80.615,20.55],[80.627,20.564],[80.617,20.585],[80.632,20.598],[80.578,20.608],[80.522,20.58],[80.504,20.583],[80.481,20.619],[80.519,20.656],[80.58,20.673],[80.588,20.685],[80.565,20.711],[80.552,20.764],[80.549,20.796],[80.562,20.826],[80.546,20.935],[80.463,20.93],[80.444,20.994],[80.424,21.01],[80.452,21.039],[80.439,21.097],[80.457,21.115],[80.444,21.121],[80.464,21.175],[80.514,21.182],[80.529,21.205],[80.557,21.201],[80.616,21.228],[80.642,21.249],[80.651,21.278],[80.679,21.298],[80.682,21.312],[80.663,21.335],[80.621,21.32],[80.6,21.327],[80.59,21.344],[80.567,21.346],[80.57,21.358],[80.543,21.371],[80.528,21.395],[80.458,21.403],[80.449,21.372],[80.412,21.377],[80.396,21.408],[80.422,21.441],[80.384,21.497],[80.375,21.524],[80.337,21.544],[80.345,21.509],[80.327,21.572],[80.299,21.575],[80.294,21.593],[80.265,21.62],[80.222,21.621],[80.206,21.636],[80.155,21.607],[80.12,21.611],[80.116,21.594],[80.071,21.556],[80.032,21.556],[79.999,21.533],[79.971,21.558],[79.937,21.556],[79.919,21.524],[79.89,21.518],[79.83,21.548],[79.792,21.587],[79.736,21.604],[79.662,21.577],[79.651,21.556],[79.53922,21.54169],[79.544,21.56],[79.512,21.584],[79.504,21.614],[79.517,21.625],[79.496,21.674],[79.422,21.692],[79.393,21.674],[79.352,21.678],[79.354,21.685],[79.29,21.693],[79.271,21.714],[79.242,21.72],[79.231,21.722],[79.237,21.713],[79.221,21.693],[79.232,21.663],[79.223,21.649],[79.149,21.661],[79.143,21.637],[79.1,21.618],[79.107,21.605],[79.094,21.598],[79.078,21.605],[79.012,21.6],[78.998,21.618],[78.975,21.617],[78.943,21.592],[78.917,21.591],[78.914,21.571],[78.931,21.561],[78.907,21.553],[78.93,21.54],[78.927,21.522],[78.944,21.516],[78.937,21.486],[78.9,21.501],[78.891,21.485],[78.856,21.495],[78.8,21.49],[78.776,21.465],[78.767,21.489],[78.751,21.493],[78.744,21.472],[78.727,21.463],[78.688,21.482],[78.628,21.476],[78.61,21.489],[78.586,21.487],[78.57,21.514],[78.512,21.529],[78.487,21.506],[78.43299,21.49747],[78.438,21.518],[78.418,21.571],[78.427,21.599],[78.391,21.614],[78.372,21.614],[78.382,21.593],[78.362,21.575],[78.343,21.589],[78.307,21.57],[78.303,21.584],[78.266,21.592],[78.26,21.58],[78.274,21.569],[78.223,21.553],[78.181,21.557],[78.171,21.526],[78.182,21.512],[78.176,21.499],[78.029,21.421],[77.943,21.397],[77.941,21.386],[77.883,21.376],[77.883,21.384],[77.837,21.4],[77.831,21.365],[77.836,21.401],[77.801,21.409],[77.797,21.389],[77.751,21.383],[77.737,21.362],[77.71,21.357],[77.693,21.397],[77.67,21.369],[77.653,21.392],[77.612,21.392],[77.603,21.39],[77.608,21.365],[77.587,21.363],[77.563,21.369],[77.563,21.395],[77.532,21.419],[77.515,21.376],[77.488,21.374],[77.474,21.455],[77.442,21.47],[77.443,21.487],[77.422,21.517],[77.425,21.537],[77.45,21.541],[77.455,21.554],[77.503,21.552],[77.575,21.526],[77.612,21.539],[77.595,21.559],[77.577,21.555],[77.576,21.621],[77.544,21.704],[77.526,21.712],[77.502,21.746],[77.48,21.754],[77.482,21.764],[77.403,21.752],[77.28,21.758],[77.287,21.722],[77.272,21.728],[77.261,21.713],[77.227,21.717],[77.228,21.7],[77.21,21.69],[77.188,21.702],[77.191,21.721],[77.178,21.725],[77.165,21.711],[77.13,21.722],[77.075,21.72],[76.953,21.642],[76.901,21.597],[76.855,21.613],[76.831,21.588],[76.796,21.594],[76.781,21.563],[76.789,21.536],[76.763,21.521],[76.796,21.49],[76.785,21.464],[76.744,21.44],[76.739,21.411],[76.622,21.333],[76.663,21.281],[76.662,21.241],[76.642,21.237],[76.624,21.185],[76.567,21.199],[76.53,21.182],[76.493,21.194],[76.481,21.182],[76.479,21.147],[76.467,21.143],[76.474,21.136],[76.452,21.121],[76.456,21.108],[76.411,21.103],[76.413,21.088],[76.382,21.08],[76.38312,21.07596],[76.28,21.071],[76.273,21.089],[76.249,21.092],[76.167,21.079],[76.171,21.104],[76.138,21.119],[76.132,21.132],[76.142,21.135],[76.111,21.162],[76.129,21.176],[76.171,21.167],[76.176,21.184],[76.165,21.191],[76.165,21.221],[76.142,21.228],[76.141,21.24],[76.159,21.256],[76.143,21.286],[76.129,21.287],[76.097,21.372],[76.049,21.35],[76.03,21.366],[75.987,21.369],[75.963,21.39],[75.911,21.383],[75.886,21.395],[75.833,21.377],[75.729,21.389],[75.671,21.375],[75.62,21.376],[75.607,21.392],[75.544,21.369],[75.52,21.387],[75.426,21.391],[75.383,21.38],[75.358,21.401],[75.351,21.391],[75.299,21.386],[75.295,21.414],[75.254,21.402],[75.242,21.411],[75.159,21.403],[75.207,21.413],[75.107,21.463],[75.089,21.516],[75.054,21.564],[75.015,21.569],[74.98,21.595],[74.911,21.614],[74.901,21.629],[74.863,21.634],[74.829,21.61],[74.783,21.61],[74.687,21.632],[74.664,21.653],[74.582,21.665],[74.58,21.683],[74.554,21.681],[74.557,21.704],[74.548,21.719],[74.506,21.726],[74.514,21.766],[74.5,21.806],[74.524,21.911],[74.48,21.959],[74.446,21.968],[74.434,21.999],[74.452,22.005],[74.439,22.025],[74.388,22.021],[74.353,21.979],[74.298,21.965],[74.282,21.933],[74.192,21.926],[74.158,21.951],[74.133,21.951],[74.05,21.926],[73.873,21.842],[73.819,21.841],[73.796,21.825],[73.807,21.81],[73.828,21.809],[73.827,21.792],[73.838,21.789],[73.825,21.758],[73.881,21.715],[73.895,21.676],[73.888,21.653],[73.851,21.646],[73.839,21.633],[73.814,21.644],[73.781,21.629],[73.781,21.618],[73.814,21.601],[73.835,21.52],[73.853,21.497],[73.873,21.505],[73.864,21.512],[73.878,21.505],[73.905,21.516],[73.904,21.524],[73.952,21.512],[73.955,21.541],[73.966,21.522],[73.978,21.522],[73.974,21.543],[73.997,21.539],[74.006,21.553],[74.044,21.542],[74.054,21.558],[74.074,21.548],[74.12,21.556],[74.137,21.547],[74.158,21.569],[74.176,21.569],[74.196,21.532],[74.229,21.554],[74.236,21.539],[74.263,21.54],[74.277,21.562],[74.296,21.569],[74.303,21.552],[74.331,21.553],[74.332,21.544],[74.321,21.499],[74.304,21.499],[74.304,21.488],[74.256,21.477],[74.254,21.468],[74.236,21.468],[74.234,21.482],[74.214,21.482],[74.209,21.462],[74.198,21.459],[74.163,21.469],[74.136,21.456],[74.125,21.466],[74.101,21.448],[74.072,21.457],[74.063,21.474],[74.045,21.446],[74.045,21.419],[74.001,21.421],[73.96,21.395],[73.939,21.405],[73.949,21.351],[73.943,21.3],[73.88,21.266],[73.823,21.27],[73.829,21.24],[73.812,21.231],[73.811,21.208],[73.816,21.197],[73.826,21.2],[73.826,21.187],[73.816,21.174],[73.785,21.184],[73.773,21.165],[73.74,21.171],[73.729,21.162],[73.734,21.143],[73.719,21.14],[73.702,21.154],[73.672,21.155],[73.635,21.141],[73.629,21.155],[73.608,21.159],[73.606,21.179],[73.577,21.171],[73.579,21.151],[73.599,21.157],[73.618,21.143],[73.619,21.119],[73.646,21.122],[73.652,21.108],[73.689,21.101],[73.703,21.119],[73.73,21.1],[73.744,21.115],[73.73,21.083],[73.76,21.07],[73.794,21.071],[73.808,21.085],[73.811,21.059],[73.8,21.039],[73.868,20.986],[73.901,20.982],[73.908,20.96],[73.892,20.956],[73.888,20.934],[73.918,20.908],[73.929,20.842],[73.94159,20.8402],[73.939,20.839],[73.944,20.824],[73.932,20.809],[73.932,20.76],[73.941,20.758],[73.942,20.742],[73.917,20.725],[73.875,20.729],[73.84894,20.69479],[73.822,20.699],[73.811,20.692],[73.817,20.672],[73.831,20.675],[73.839,20.659],[73.838,20.621],[73.799,20.599],[73.776,20.601],[73.745,20.565],[73.695,20.578],[73.661,20.563],[73.628,20.583],[73.622,20.614],[73.6,20.637],[73.551,20.648],[73.52,20.679],[73.518,20.668],[73.504,20.671],[73.489,20.656],[73.479,20.677],[73.49,20.686],[73.475,20.718],[73.449,20.717],[73.433,20.667],[73.392,20.648],[73.407,20.624],[73.421,20.627],[73.431,20.594],[73.473,20.585],[73.475,20.544],[73.493,20.537],[73.47,20.52],[73.467,20.497],[73.432,20.454],[73.42,20.413],[73.38,20.394],[73.38,20.381],[73.385,20.372],[73.405,20.385],[73.413,20.357],[73.428,20.28],[73.414,20.274],[73.411,20.253],[73.421,20.207],[73.412,20.197],[73.388,20.193],[73.385,20.211],[73.367,20.196],[73.354,20.201],[73.358,20.214],[73.344,20.2],[73.315,20.203],[73.301,20.21],[73.283,20.199],[73.28,20.15],[73.254,20.138],[73.25181,20.1234],[73.246,20.128],[73.225,20.124],[73.225,20.14],[73.211,20.121],[73.21,20.086],[73.189,20.077],[73.192,20.05],[73.166,20.055],[73.137,20.086],[73.112,20.074],[73.104,20.09],[73.064,20.099],[73.053,20.092],[73.052,20.064],[73.04,20.067],[73.001,20.112],[73.011,20.135],[72.998,20.143],[72.993,20.118],[72.977,20.113],[72.964,20.127],[72.978,20.18],[72.962,20.184],[72.962,20.21],[72.875,20.226],[72.859,20.225],[72.861,20.207],[72.839,20.209],[72.837,20.189],[72.816,20.184],[72.825,20.142],[72.806,20.154],[72.789,20.149],[72.794,20.123],[72.737,20.135],[72.735,20.092],[72.708,20.071],[72.722,19.995],[72.716,19.973],[72.727,19.989],[72.732,19.972],[72.74,19.989],[72.742,19.969],[72.746,19.981],[72.766,19.982],[72.777,19.961],[72.753,19.962],[72.747,19.952],[72.771,19.954],[72.775,19.944],[72.762,19.936],[72.775,19.901],[72.766,19.901],[72.757,19.882],[72.751,19.916],[72.743,19.902],[72.734,19.91],[72.739,19.924],[72.73,19.921],[72.72,19.938],[72.726,19.954],[72.711,19.963],[72.714,19.967],[72.721,19.968],[72.705,19.967],[72.704,19.958],[72.69,19.959],[72.686,19.942],[72.664,19.934],[72.678,19.901],[72.686,19.91],[72.681,19.866],[72.688,19.875],[72.695,19.865],[72.701,19.88],[72.7,19.859],[72.684,19.868],[72.672,19.855],[72.683,19.852],[72.658,19.848],[72.655,19.836]]],[[[72.9,18.962],[72.904,18.958],[72.905,18.961],[72.901,18.964],[72.9,18.962]]],[[[72.925,18.961],[72.935,18.953],[72.942,18.969],[72.938,18.971],[72.925,18.961]]],[[[72.946,18.942],[72.959,18.924],[72.967,18.941],[72.966,18.95],[72.946,18.942]]],[[[72.954,18.964],[72.969,18.961],[72.967,18.966],[72.957,18.972],[72.954,18.964]]],[[[72.975,20.226],[72.983,20.213],[73.002,20.216],[73.008,20.229],[72.998,20.237],[72.975,20.226]]],[[[72.984,19.07],[72.99,19.066],[72.99,19.069],[72.987,19.075],[72.984,19.07]]],[[[72.995,19.083],[72.996,19.075],[73.003,19.083],[73.005,19.088],[72.995,19.083]]]]}},{"type":"Feature","properties":{"st_name":"Telangana"},"geometry":{"type":"MultiPolygon","coordinates":[[[[77.236,16.473],[77.262,16.452],[77.288,16.409],[77.349,16.384],[77.378,16.386],[77.421,16.366],[77.441,16.381],[77.49,16.385],[77.523,16.376],[77.573,16.341],[77.594,16.344],[77.588,16.333],[77.598,16.293],[77.569,16.304],[77.545,16.292],[77.537,16.267],[77.505,16.276],[77.49,16.255],[77.492,16.23],[77.516,16.224],[77.501,16.222],[77.486,16.164],[77.49,16.12],[77.513,16.108],[77.501,16.107],[77.494,16.086],[77.507,16.08],[77.494,16.037],[77.514,16.008],[77.514,15.927],[77.593,15.912],[77.611,15.918],[77.659,15.886],[77.693,15.884],[77.724,15.896],[77.804,15.875],[77.86,15.885],[77.889,15.906],[77.936,15.884],[77.976,15.883],[78.009,15.862],[78.032,15.908],[78.045,15.904],[78.047,15.875],[78.072,15.862],[78.084,15.841],[78.134,15.837],[78.136,15.855],[78.175,15.858],[78.19,15.893],[78.18,15.902],[78.185,15.91],[78.252,15.937],[78.263,16.027],[78.312,16.012],[78.327,16.037],[78.366,16.047],[78.41,16.075],[78.477,16.068],[78.552,16.043],[78.602,16.084],[78.621,16.088],[78.65,16.079],[78.681,16.035],[78.741,16.009],[78.791,16.024],[78.837,16.071],[78.835,16.146],[78.873,16.144],[78.889,16.085],[78.921,16.102],[78.924,16.136],[78.905,16.183],[78.986,16.211],[79.011,16.24],[79.099,16.223],[79.122,16.233],[79.159,16.209],[79.22,16.23],[79.234,16.336],[79.20928,16.35753],[79.211,16.357],[79.212,16.448],[79.233,16.46],[79.215,16.483],[79.219,16.507],[79.245,16.533],[79.259,16.567],[79.288,16.561],[79.337,16.582],[79.418,16.58],[79.447,16.62],[79.485,16.623],[79.504,16.636],[79.543,16.633],[79.597,16.673],[79.633,16.661],[79.681,16.695],[79.723,16.691],[79.744,16.719],[79.774,16.731],[79.793,16.726],[79.817,16.692],[79.851,16.706],[79.878,16.698],[79.894,16.65],[79.91,16.634],[79.963,16.644],[79.998,16.702],[80.031,16.715],[80.052,16.743],[80.069,16.796],[80.073,16.818],[80.048,16.833],[80.047,16.853],[80.018,16.854],[80.002,16.87],[80.017,16.917],[80.041,16.92],[80.051,16.937],[80.05612,16.97099],[80.091,16.968],[80.095,16.99],[80.141,16.99],[80.153,17.007],[80.187,17.02],[80.197,17.044],[80.211,17.011],[80.226,17.016],[80.264,16.998],[80.283,17.008],[80.294,16.997],[80.293,16.977],[80.307,16.974],[80.303,16.954],[80.316,16.949],[80.322,16.879],[80.344,16.875],[80.341,16.86],[80.374,16.852],[80.382,16.816],[80.404,16.832],[80.408,16.849],[80.378,16.853],[80.383,16.865],[80.426,16.85],[80.428,16.838],[80.465,16.82],[80.465,16.795],[80.569,16.769],[80.597,16.793],[80.613,16.794],[80.563,16.833],[80.569,16.87],[80.596,16.885],[80.587,16.904],[80.602,16.919],[80.533,16.962],[80.526,16.948],[80.497,16.955],[80.493,16.927],[80.447,16.956],[80.365,16.975],[80.388,17.009],[80.407,17.016],[80.386,17.068],[80.409,17.092],[80.419,17.092],[80.417,17.074],[80.439,17.038],[80.465,17.03],[80.471,17.051],[80.491,17.051],[80.506,17.069],[80.514,17.122],[80.563,17.133],[80.58,17.153],[80.67,17.101],[80.654,17.069],[80.673,17.067],[80.699,17.084],[80.739,17.08],[80.845,17.04],[80.877,17.07],[80.868,17.081],[80.876,17.106],[80.868,17.123],[80.88,17.134],[80.88,17.161],[80.924,17.158],[80.919,17.22],[80.941,17.22],[80.998,17.191],[81.031,17.191],[81.055,17.225],[81.079,17.215],[81.174,17.231],[81.188,17.255],[81.177,17.288],[81.19,17.325],[81.274,17.318],[81.305,17.346],[81.334,17.399],[81.352,17.395],[81.354,17.378],[81.38,17.364],[81.424,17.368],[81.503,17.464],[81.496,17.477],[81.432,17.466],[81.516,17.484],[81.525,17.505],[81.51,17.519],[81.512,17.545],[81.537,17.584],[81.516,17.6],[81.582,17.693],[81.583,17.732],[81.634,17.774],[81.699,17.782],[81.712,17.81],[81.747,17.832],[81.764,17.827],[81.79,17.84],[81.811,17.86],[81.807,17.869],[81.763,17.903],[81.71,17.872],[81.698,17.901],[81.686,17.885],[81.662,17.882],[81.642,17.842],[81.617,17.822],[81.574,17.837],[81.564,17.826],[81.49,17.813],[81.474,17.838],[81.444,17.825],[81.434,17.832],[81.416,17.813],[81.397,17.82],[81.392,17.794],[81.354,17.812],[81.265,17.81],[81.166,17.858],[81.073,17.786],[81.018,17.791],[80.996,17.848],[80.998,17.917],[80.98,18.003],[80.949,18.083],[80.956,18.129],[80.979,18.151],[80.979,18.175],[80.958,18.174],[80.914,18.141],[80.867,18.137],[80.853,18.202],[80.873,18.211],[80.866,18.23],[80.837,18.239],[80.824,18.236],[80.824,18.191],[80.799,18.168],[80.737,18.177],[80.737,18.222],[80.794,18.254],[80.758,18.292],[80.732,18.355],[80.72,18.391],[80.735,18.413],[80.699,18.421],[80.705,18.44],[80.655,18.476],[80.638,18.523],[80.534,18.588],[80.515,18.619],[80.495,18.627],[80.454,18.629],[80.388,18.597],[80.375,18.611],[80.354,18.594],[80.269,18.589],[80.345,18.597],[80.284,18.717],[80.272,18.724],[80.252,18.707],[80.213,18.706],[80.197,18.681],[80.158,18.701],[80.118,18.681],[80.053,18.725],[80.03,18.758],[79.963,18.775],[79.915,18.823],[79.963,18.866],[79.938,19.041],[79.922,19.05],[79.872,19.041],[79.858,19.096],[79.87,19.121],[79.914,19.146],[79.946,19.169],[79.925,19.226],[79.936,19.264],[79.966,19.304],[79.959,19.334],[79.98,19.389],[79.974,19.412],[79.945,19.47],[79.915,19.496],[79.865,19.511],[79.828,19.544],[79.816,19.574],[79.779,19.6],[79.743,19.609],[79.709,19.585],[79.629,19.574],[79.614,19.56],[79.596,19.507],[79.553,19.524],[79.54,19.555],[79.519,19.543],[79.519,19.52],[79.472,19.5],[79.433,19.537],[79.405,19.536],[79.366,19.577],[79.318,19.577],[79.314,19.567],[79.307,19.597],[79.273,19.599],[79.244,19.617],[79.239,19.606],[79.253,19.593],[79.237,19.557],[79.24,19.535],[79.204,19.494],[79.224,19.469],[79.19,19.459],[79.098,19.532],[79.046,19.549],[78.998,19.54],[78.981,19.561],[78.974,19.55],[78.941,19.552],[78.938,19.562],[78.973,19.583],[78.956,19.6],[78.956,19.656],[78.904,19.67],[78.887,19.655],[78.852,19.659],[78.86,19.69],[78.841,19.762],[78.803,19.756],[78.779,19.78],[78.757,19.772],[78.74,19.783],[78.719,19.767],[78.693,19.791],[78.552,19.824],[78.515,19.819],[78.507,19.797],[78.489,19.793],[78.472,19.818],[78.431,19.815],[78.402,19.833],[78.386,19.846],[78.381,19.881],[78.336,19.883],[78.325,19.895],[78.331,19.915],[78.307,19.914],[78.285,19.855],[78.3,19.841],[78.337,19.838],[78.334,19.815],[78.359,19.803],[78.365,19.781],[78.341,19.736],[78.343,19.713],[78.319,19.706],[78.312,19.691],[78.276,19.693],[78.263,19.665],[78.291,19.646],[78.306,19.607],[78.304,19.57],[78.294,19.559],[78.275,19.563],[78.274,19.554],[78.293,19.542],[78.306,19.461],[78.287,19.449],[78.271,19.456],[78.245,19.429],[78.22,19.433],[78.196,19.407],[78.176,19.412],[78.188,19.395],[78.172,19.35],[78.194,19.314],[78.177,19.279],[78.175,19.238],[78.144,19.23],[78.117,19.249],[78.089,19.24],[78.079,19.255],[78.055,19.237],[78.042,19.243],[78.042,19.271],[78.015,19.279],[78.014,19.294],[77.943,19.343],[77.912,19.316],[77.894,19.321],[77.864,19.304],[77.866,19.284],[77.904,19.278],[77.908,19.268],[77.903,19.257],[77.872,19.255],[77.848,19.19],[77.861,19.181],[77.834,19.135],[77.851,19.089],[77.831,19.086],[77.811,19.105],[77.797,19.073],[77.8,19.051],[77.765,19.063],[77.771,18.98],[77.821,18.98],[77.816,18.948],[77.858,18.95],[77.843,18.91],[77.885,18.906],[77.891,18.883],[77.904,18.882],[77.903,18.867],[77.93,18.86],[77.935,18.846],[77.948,18.845],[77.95335,18.84994],[77.943,18.826],[77.907,18.828],[77.839,18.805],[77.787,18.683],[77.76,18.707],[77.73,18.667],[77.731,18.645],[77.783,18.669],[77.79278,18.66753],[77.731,18.644],[77.75,18.589],[77.739,18.557],[77.702,18.555],[77.656,18.531],[77.648,18.555],[77.634,18.544],[77.629,18.554],[77.596,18.549],[77.591,18.527],[77.6,18.523],[77.586,18.504],[77.605,18.496],[77.603,18.477],[77.577,18.487],[77.573,18.47],[77.549,18.468],[77.584,18.456],[77.586,18.447],[77.565,18.437],[77.528,18.442],[77.529,18.429],[77.557,18.417],[77.552,18.389],[77.526,18.373],[77.523,18.345],[77.571,18.318],[77.553,18.297],[77.559,18.286],[77.573,18.293],[77.605,18.281],[77.572,18.244],[77.585,18.22],[77.563,18.196],[77.581,18.163],[77.597,18.155],[77.597,18.087],[77.566,18.076],[77.548,18.056],[77.554,18.036],[77.581,18.031],[77.588,18.012],[77.606,18.02],[77.628,17.997],[77.649,17.999],[77.656,17.969],[77.65,17.95],[77.637,17.952],[77.633,17.967],[77.625,17.96],[77.633,17.947],[77.619,17.939],[77.619,17.904],[77.586,17.908],[77.599,17.873],[77.576,17.875],[77.554,17.82],[77.528,17.828],[77.529,17.813],[77.507,17.786],[77.569,17.766],[77.569,17.749],[77.546,17.727],[77.452,17.695],[77.456,17.632],[77.443,17.584],[77.494,17.568],[77.507,17.542],[77.537,17.575],[77.551,17.552],[77.594,17.565],[77.597,17.534],[77.662,17.523],[77.685,17.509],[77.691,17.527],[77.689,17.476],[77.652,17.483],[77.657,17.506],[77.645,17.478],[77.615,17.473],[77.614,17.446],[77.576,17.456],[77.576,17.431],[77.538,17.444],[77.513,17.431],[77.514,17.414],[77.538,17.406],[77.524,17.388],[77.533,17.38],[77.524,17.364],[77.484,17.355],[77.475,17.362],[77.479,17.371],[77.454,17.374],[77.456,17.331],[77.438,17.292],[77.459,17.279],[77.426,17.257],[77.42,17.238],[77.408,17.241],[77.38,17.223],[77.404,17.21],[77.394,17.194],[77.372,17.196],[77.362,17.164],[77.378,17.153],[77.378,17.14],[77.466,17.107],[77.485,17.133],[77.463,17.094],[77.481,17.079],[77.502,17.01],[77.48,16.996],[77.481,16.971],[77.465,16.957],[77.469,16.919],[77.454,16.914],[77.464,16.851],[77.457,16.83],[77.477,16.788],[77.467,16.781],[77.44,16.789],[77.443,16.763],[77.426,16.722],[77.438,16.712],[77.446,16.721],[77.474,16.716],[77.464,16.677],[77.419,16.669],[77.434,16.641],[77.473,16.652],[77.454,16.617],[77.468,16.61],[77.465,16.591],[77.439,16.587],[77.423,16.569],[77.393,16.57],[77.404,16.551],[77.418,16.549],[77.418,16.523],[77.377,16.513],[77.369,16.489],[77.299,16.496],[77.294,16.477],[77.236,16.473]]]]}},{"type":"Feature","properties":{"st_name":"Andhra Pradesh"},"geometry":{"type":"MultiPolygon","coordinates":[[[[76.76,14.989],[76.767,14.975],[76.818,14.969],[76.829,14.956],[76.867,14.97],[76.87,14.938],[76.864,14.896],[76.845,14.889],[76.857,14.867],[76.854,14.843],[76.842,14.837],[76.854,14.81],[76.837,14.811],[76.837,14.791],[76.782,14.786],[76.803,14.742],[76.775,14.681],[76.765,14.602],[76.782,14.597],[76.806,14.531],[76.831,14.53],[76.856,14.51],[76.868,14.474],[76.901,14.489],[76.975,14.485],[76.96,14.451],[76.945,14.451],[76.943,14.4],[76.916,14.421],[76.886,14.395],[76.885,14.347],[76.903,14.323],[76.946,14.313],[76.957,14.295],[76.925,14.274],[76.94,14.245],[76.986,14.247],[77.006,14.236],[77.052,14.246],[77.081,14.214],[77.108,14.22],[77.117,14.226],[77.116,14.293],[77.131,14.307],[77.136,14.337],[77.157,14.342],[77.197,14.321],[77.238,14.317],[77.287,14.34],[77.284,14.283],[77.362,14.276],[77.365,14.293],[77.359,14.234],[77.384,14.221],[77.387,14.2],[77.419,14.212],[77.409,14.26],[77.387,14.271],[77.377,14.305],[77.394,14.337],[77.428,14.329],[77.432,14.313],[77.446,14.317],[77.45,14.281],[77.482,14.292],[77.504,14.264],[77.493,14.231],[77.517,14.184],[77.504,14.157],[77.467,14.172],[77.394,14.174],[77.379,14.136],[77.351,14.129],[77.35,14.103],[77.391,14.127],[77.401,14.119],[77.36,14.062],[77.341,14.06],[77.332,14.031],[77.39,14.017],[77.382,13.976],[77.426,13.986],[77.436,13.978],[77.435,13.948],[77.412,13.946],[77.416,13.924],[77.434,13.913],[77.399,13.889],[77.398,13.906],[77.355,13.905],[77.348,13.916],[77.372,13.953],[77.35,13.959],[77.361,13.991],[77.336,13.996],[77.322,14.03],[77.307,14.032],[77.275,14.012],[77.279,14.032],[77.27,14.035],[77.245,14.012],[77.174,14.013],[77.173,14.001],[77.151,14.001],[77.141,14.004],[77.127,14.047],[77.079,14.043],[77.076,14.053],[77.032,14.057],[77.03,14.088],[77.015,14.1],[77.026,14.125],[77.026,14.175],[76.961,14.182],[76.948,14.198],[76.942,14.173],[76.895,14.168],[76.886,14.138],[76.913,14.129],[76.925,14.137],[76.946,14.118],[76.948,14.092],[76.973,14.084],[76.972,14.058],[76.932,14.054],[76.931,14.03],[76.999,13.99],[76.994,13.963],[77.042,13.933],[77.047,13.907],[77.023,13.903],[77.014,13.86],[76.978,13.827],[76.976,13.817],[76.99,13.813],[76.985,13.791],[76.999,13.746],[77.017,13.738],[77.024,13.779],[77.043,13.778],[77.064,13.744],[77.086,13.742],[77.09,13.767],[77.173,13.762],[77.179,13.783],[77.158,13.806],[77.169,13.83],[77.128,13.856],[77.148,13.869],[77.169,13.865],[77.162,13.907],[77.185,13.925],[77.181,13.87],[77.2,13.863],[77.213,13.886],[77.22,13.868],[77.236,13.904],[77.248,13.901],[77.246,13.868],[77.259,13.863],[77.257,13.847],[77.288,13.848],[77.311,13.867],[77.325,13.833],[77.363,13.854],[77.382,13.839],[77.433,13.843],[77.416,13.809],[77.429,13.807],[77.423,13.799],[77.465,13.808],[77.456,13.789],[77.471,13.758],[77.465,13.711],[77.45,13.711],[77.455,13.683],[77.491,13.69],[77.486,13.715],[77.514,13.713],[77.512,13.697],[77.525,13.691],[77.537,13.731],[77.522,13.745],[77.527,13.754],[77.547,13.753],[77.561,13.722],[77.6,13.751],[77.614,13.752],[77.628,13.735],[77.642,13.747],[77.619,13.755],[77.621,13.768],[77.68,13.787],[77.672,13.761],[77.703,13.77],[77.708,13.741],[77.717,13.741],[77.719,13.8],[77.782,13.818],[77.789,13.831],[77.782,13.844],[77.812,13.849],[77.837,13.87],[77.827,13.874],[77.832,13.896],[77.813,13.915],[77.827,13.945],[77.84,13.936],[77.896,13.941],[77.896,13.92],[77.927,13.905],[77.968,13.96],[77.988,13.956],[77.987,13.903],[77.949,13.886],[77.953,13.827],[77.976,13.83],[78,13.873],[78.046,13.862],[78.049,13.897],[78.078,13.882],[78.082,13.861],[78.115,13.863],[78.125,13.832],[78.114,13.808],[78.12681,13.78695],[78.126,13.787],[78.1,13.759],[78.092,13.742],[78.121,13.715],[78.113,13.693],[78.071,13.698],[78.066,13.677],[78.09,13.66],[78.087,13.643],[78.114,13.658],[78.156,13.659],[78.169,13.654],[78.168,13.633],[78.204,13.628],[78.19,13.59],[78.193,13.564],[78.22,13.593],[78.233,13.586],[78.236,13.599],[78.259,13.582],[78.326,13.595],[78.402,13.587],[78.394,13.541],[78.374,13.509],[78.382,13.397],[78.365,13.362],[78.408,13.346],[78.403,13.336],[78.378,13.337],[78.401,13.316],[78.428,13.331],[78.44,13.328],[78.444,13.308],[78.484,13.32],[78.479,13.302],[78.514,13.291],[78.531,13.267],[78.538,13.288],[78.56,13.287],[78.565,13.312],[78.574,13.298],[78.588,13.271],[78.566,13.223],[78.579,13.212],[78.55,13.2],[78.55,13.19],[78.576,13.187],[78.58,13.167],[78.551,13.164],[78.541,13.154],[78.546,13.142],[78.518,13.131],[78.538,13.106],[78.51,13.092],[78.516,13.063],[78.462,13.044],[78.463,13.006],[78.475,12.991],[78.467,12.975],[78.435,12.981],[78.438,12.964],[78.411,12.946],[78.419,12.922],[78.438,12.929],[78.467,12.905],[78.465,12.867],[78.446,12.912],[78.412,12.903],[78.399,12.917],[78.389,12.907],[78.354,12.94],[78.344,12.908],[78.323,12.902],[78.32,12.887],[78.337,12.882],[78.314,12.876],[78.312,12.859],[78.268,12.868],[78.252,12.861],[78.246,12.788],[78.231,12.761],[78.241,12.73],[78.231,12.713],[78.207,12.708],[78.201,12.692],[78.238,12.686],[78.245,12.706],[78.271,12.705],[78.301,12.666],[78.371,12.627],[78.427,12.635],[78.465,12.624],[78.475,12.648],[78.468,12.676],[78.499,12.675],[78.503,12.717],[78.52,12.712],[78.493,12.736],[78.493,12.747],[78.514,12.725],[78.521,12.736],[78.525,12.715],[78.544,12.711],[78.53,12.71],[78.536,12.691],[78.562,12.71],[78.556,12.756],[78.592,12.783],[78.608,12.822],[78.602,12.851],[78.633,12.932],[78.657,12.932],[78.638,12.965],[78.647,12.966],[78.621,12.991],[78.655,13.016],[78.656,13.031],[78.705,13.016],[78.713,13.069],[78.752,13.055],[78.794,13.067],[78.813,13.089],[78.871,13.082],[78.881,13.098],[78.896,13.095],[78.892,13.033],[78.937,13.03],[78.941,13.036],[78.929,13.046],[78.904,13.048],[78.924,13.081],[78.97,13.075],[78.972,13.084],[78.995,13.087],[79.063,13.053],[79.063,13.041],[79.081,13.026],[79.114,13.039],[79.163,13.02],[79.185,13.03],[79.193,13.047],[79.18,13.049],[79.192,13.056],[79.178,13.059],[79.192,13.067],[79.181,13.084],[79.198,13.081],[79.234,13.105],[79.233,13.139],[79.21,13.148],[79.235,13.171],[79.243,13.171],[79.245,13.138],[79.258,13.161],[79.263,13.149],[79.281,13.154],[79.284,13.123],[79.313,13.126],[79.294,13.11],[79.307,13.106],[79.341,13.137],[79.345,13.122],[79.361,13.124],[79.357,13.165],[79.38,13.163],[79.37,13.175],[79.389,13.18],[79.374,13.189],[79.439,13.188],[79.432,13.196],[79.444,13.208],[79.436,13.214],[79.453,13.217],[79.453,13.239],[79.43,13.23],[79.438,13.243],[79.418,13.243],[79.423,13.251],[79.408,13.265],[79.434,13.275],[79.445,13.301],[79.42,13.29],[79.416,13.3],[79.39,13.297],[79.382,13.308],[79.402,13.317],[79.405,13.335],[79.432,13.337],[79.435,13.352],[79.456,13.339],[79.5,13.348],[79.497,13.333],[79.526,13.344],[79.537,13.339],[79.544,13.317],[79.534,13.276],[79.574,13.259],[79.591,13.261],[79.596,13.285],[79.609,13.288],[79.606,13.28],[79.632,13.27],[79.642,13.29],[79.664,13.29],[79.665,13.279],[79.678,13.297],[79.696,13.267],[79.678,13.262],[79.683,13.244],[79.696,13.238],[79.701,13.253],[79.712,13.244],[79.704,13.222],[79.732,13.223],[79.738,13.236],[79.755,13.206],[79.764,13.219],[79.794,13.226],[79.795,13.242],[79.731,13.283],[79.756,13.295],[79.762,13.318],[79.719,13.357],[79.792,13.294],[79.809,13.317],[79.862,13.317],[79.868,13.332],[79.883,13.323],[79.882,13.334],[79.914,13.348],[79.915,13.36],[79.933,13.351],[79.946,13.381],[79.958,13.379],[79.962,13.396],[79.944,13.397],[79.934,13.416],[79.973,13.429],[79.972,13.469],[80.005,13.495],[80.012,13.486],[80.016,13.5],[80.046,13.496],[80.048,13.512],[80.027,13.514],[80.018,13.53],[80,13.526],[79.994,13.545],[80.057,13.537],[80.081,13.55],[80.089,13.535],[80.077,13.527],[80.079,13.489],[80.099,13.488],[80.113,13.505],[80.14,13.504],[80.146,13.491],[80.215,13.49],[80.242,13.471],[80.268,13.564],[80.234,13.657],[80.254,13.79],[80.152,14.026],[80.13,14.12],[80.13,14.22],[80.167,14.344],[80.176,14.452],[80.196,14.588],[80.171,14.614],[80.138,14.714],[80.11,14.739],[80.053,15.012],[80.049,15.093],[80.09,15.215],[80.085,15.27],[80.111,15.346],[80.205,15.471],[80.23,15.565],[80.249,15.628],[80.289,15.694],[80.346,15.752],[80.429,15.805],[80.536,15.853],[80.68,15.886],[80.774,15.868],[80.804,15.845],[80.816,15.811],[80.802,15.816],[80.801,15.806],[80.78,15.836],[80.811,15.765],[80.822,15.711],[80.817,15.717],[80.811,15.727],[80.81,15.736],[80.791,15.754],[80.79,15.769],[80.8,15.777],[80.79,15.77],[80.788,15.765],[80.788,15.758],[80.816,15.714],[80.822,15.709],[80.833,15.707],[80.928,15.722],[80.939,15.717],[81.009,15.755],[81.014,15.772],[80.995,15.804],[81.001,15.832],[81.007,15.821],[81.015,15.851],[81.148,15.974],[81.146,16.013],[81.191,16.103],[81.214,16.208],[81.265,16.279],[81.392,16.343],[81.487,16.355],[81.555,16.347],[81.691,16.328],[81.714,16.313],[81.717,16.359],[81.717,16.307],[81.851,16.374],[81.956,16.396],[82.233,16.542],[82.314,16.559],[82.313,16.565],[82.311,16.568],[82.314,16.575],[82.323,16.578],[82.33,16.613],[82.317,16.662],[82.366,16.707],[82.348,16.716],[82.344,16.748],[82.359,16.814],[82.367,16.911],[82.359,16.963],[82.339,16.988],[82.325,16.987],[82.359,16.941],[82.361,16.855],[82.358,16.863],[82.349,16.851],[82.333,16.864],[82.314,16.846],[82.302,16.875],[82.292,16.864],[82.288,16.877],[82.282,16.865],[82.283,16.877],[82.265,16.87],[82.259,16.889],[82.248,16.876],[82.252,16.896],[82.249,16.935],[82.278,16.951],[82.269,16.955],[82.304,17.039],[82.431,17.164],[82.542,17.249],[82.703,17.344],[82.992,17.473],[83.02,17.507],[83.162,17.56],[83.213,17.591],[83.238,17.612],[83.24,17.632],[83.282,17.661],[83.297,17.694],[83.306,17.688],[83.308,17.698],[83.301,17.696],[83.344,17.724],[83.354,17.756],[83.411,17.809],[83.42,17.857],[83.445,17.873],[83.472,17.913],[83.525,17.948],[83.52111,17.94981],[83.53,17.95],[83.569,18.01],[83.693,18.097],[83.949,18.216],[84.128,18.313],[84.129,18.344],[84.148,18.374],[84.355,18.555],[84.368,18.593],[84.44,18.66],[84.453,18.693],[84.494,18.741],[84.551,18.791],[84.558,18.818],[84.604,18.89],[84.684,18.968],[84.676,18.968],[84.764,19.075],[84.704,19.117],[84.699,19.143],[84.715,19.156],[84.677,19.166],[84.669,19.163],[84.668,19.13],[84.602,19.128],[84.61,19.1],[84.619,19.104],[84.634,19.087],[84.659,19.093],[84.668,19.078],[84.66,19.062],[84.618,19.066],[84.601,19.025],[84.578,19.04],[84.582,19.074],[84.517,19.048],[84.483,19.017],[84.476,18.989],[84.421,19.022],[84.432,18.995],[84.452,18.978],[84.431,18.969],[84.424,18.948],[84.438,18.921],[84.428,18.909],[84.419,18.918],[84.418,18.898],[84.379,18.905],[84.385,18.896],[84.397,18.891],[84.392,18.877],[84.36,18.895],[84.372,18.878],[84.384,18.875],[84.373,18.861],[84.337,18.89],[84.347,18.848],[84.365,18.839],[84.35,18.821],[84.331,18.818],[84.344,18.802],[84.321,18.787],[84.289,18.804],[84.286,18.793],[84.26,18.783],[84.226,18.799],[84.195,18.792],[84.19,18.778],[84.159,18.788],[84.14,18.777],[84.137,18.761],[84.122,18.768],[84.089,18.757],[84.038,18.816],[84.015,18.817],[84.016,18.809],[83.965,18.815],[83.95,18.805],[83.916,18.828],[83.861,18.812],[83.89,18.827],[83.848,18.864],[83.846,18.914],[83.827,18.916],[83.822,18.96],[83.794,19.018],[83.778,19.017],[83.781,19.008],[83.745,18.989],[83.759,18.951],[83.77,18.955],[83.788,18.916],[83.754,18.925],[83.733,18.988],[83.709,19.003],[83.73,19.022],[83.701,19.025],[83.685,19.059],[83.664,19.076],[83.663,19.099],[83.647,19.118],[83.655,19.13],[83.632,19.141],[83.638,19.153],[83.626,19.163],[83.621,19.142],[83.602,19.136],[83.598,19.119],[83.611,19.096],[83.586,19.087],[83.584,19.058],[83.564,19.058],[83.56,19.087],[83.549,19.081],[83.557,19.056],[83.542,19.042],[83.537,19.01],[83.501,19.021],[83.497,19.036],[83.515,19.028],[83.519,19.039],[83.512,19.07],[83.501,19.061],[83.481,19.079],[83.483,19.092],[83.468,19.093],[83.478,19.079],[83.466,19.08],[83.462,19.064],[83.483,19.034],[83.478,19.008],[83.45,19.01],[83.456,18.991],[83.468,18.991],[83.464,18.955],[83.445,18.96],[83.439,18.975],[83.415,18.989],[83.42,19],[83.4,19.009],[83.373,19.002],[83.367,19.017],[83.343,19.018],[83.339,18.997],[83.31,18.999],[83.34,18.952],[83.326,18.932],[83.349,18.927],[83.352,18.968],[83.367,18.964],[83.371,18.943],[83.387,18.934],[83.378,18.925],[83.37,18.942],[83.352,18.935],[83.359,18.915],[83.392,18.909],[83.381,18.892],[83.414,18.873],[83.406,18.842],[83.378,18.83],[83.367,18.843],[83.328,18.818],[83.33,18.807],[83.285,18.798],[83.271,18.765],[83.225,18.775],[83.228,18.755],[83.212,18.731],[83.207,18.751],[83.178,18.771],[83.156,18.768],[83.139,18.785],[83.115,18.768],[83.122,18.758],[83.073,18.706],[83.058,18.665],[83.013,18.646],[83.02,18.635],[83,18.62],[83,18.608],[83.015,18.606],[83.024,18.59],[83.053,18.601],[83.053,18.588],[83.03,18.574],[83.045,18.544],[83.081,18.554],[83.095,18.547],[83.055,18.486],[83.021,18.456],[83.041,18.441],[83.042,18.424],[83.059,18.437],[83.067,18.43],[83.057,18.419],[83.077,18.403],[83.054,18.38],[83.022,18.392],[82.996,18.385],[82.97,18.36],[82.94,18.361],[82.894,18.382],[82.895,18.424],[82.852,18.419],[82.822,18.448],[82.803,18.449],[82.782,18.431],[82.787,18.411],[82.8,18.407],[82.783,18.382],[82.791,18.363],[82.774,18.34],[82.667,18.298],[82.643,18.302],[82.652,18.281],[82.642,18.264],[82.652,18.25],[82.637,18.237],[82.588,18.276],[82.599,18.304],[82.581,18.315],[82.595,18.329],[82.609,18.327],[82.602,18.352],[82.621,18.36],[82.606,18.366],[82.595,18.389],[82.535,18.406],[82.561,18.449],[82.542,18.458],[82.54,18.444],[82.519,18.466],[82.534,18.478],[82.532,18.511],[82.504,18.514],[82.486,18.528],[82.482,18.541],[82.493,18.544],[82.483,18.549],[82.364,18.422],[82.38,18.404],[82.386,18.368],[82.338,18.327],[82.356,18.316],[82.389,18.329],[82.392,18.298],[82.376,18.281],[82.345,18.281],[82.336,18.241],[82.324,18.231],[82.337,18.224],[82.311,18.204],[82.315,18.184],[82.353,18.172],[82.372,18.148],[82.363,18.135],[82.34,18.15],[82.336,18.106],[82.352,18.077],[82.341,18.055],[82.322,18.06],[82.32,18.045],[82.308,18.045],[82.31,18.054],[82.299,18.056],[82.304,18.069],[82.283,18.064],[82.262,18.042],[82.273,18.022],[82.269,18.001],[82.25,17.993],[82.205,18.018],[82.179,18.02],[82.184,18.029],[82.169,18.052],[82.137,18.044],[82.133,18.06],[82.102,18.06],[82.077,18.075],[82.062,18.055],[82.04,18.057],[82.032,18.069],[82.007,18.056],[82.009,18.03],[81.963,17.999],[81.81,17.951],[81.763,17.903],[81.811,17.86],[81.764,17.827],[81.731,17.825],[81.699,17.782],[81.634,17.774],[81.583,17.732],[81.582,17.693],[81.516,17.6],[81.537,17.585],[81.512,17.545],[81.51,17.519],[81.525,17.505],[81.516,17.484],[81.498,17.481],[81.5,17.456],[81.424,17.368],[81.38,17.364],[81.354,17.378],[81.352,17.395],[81.334,17.399],[81.305,17.346],[81.274,17.318],[81.19,17.325],[81.177,17.288],[81.188,17.255],[81.174,17.231],[81.079,17.215],[81.055,17.225],[81.031,17.191],[80.998,17.191],[80.941,17.22],[80.919,17.22],[80.924,17.158],[80.88,17.161],[80.88,17.134],[80.868,17.125],[80.876,17.106],[80.868,17.081],[80.877,17.07],[80.845,17.04],[80.797,17.062],[80.699,17.084],[80.673,17.067],[80.654,17.069],[80.67,17.101],[80.637,17.128],[80.613,17.133],[80.58,17.153],[80.563,17.133],[80.514,17.122],[80.506,17.069],[80.491,17.051],[80.471,17.051],[80.465,17.03],[80.439,17.038],[80.417,17.074],[80.419,17.092],[80.409,17.092],[80.386,17.068],[80.407,17.016],[80.388,17.009],[80.364,16.976],[80.447,16.956],[80.493,16.927],[80.497,16.955],[80.526,16.948],[80.533,16.962],[80.597,16.925],[80.602,16.919],[80.587,16.904],[80.596,16.885],[80.569,16.87],[80.563,16.833],[80.613,16.794],[80.597,16.793],[80.57,16.769],[80.465,16.795],[80.465,16.82],[80.428,16.838],[80.426,16.85],[80.383,16.865],[80.378,16.853],[80.408,16.849],[80.404,16.832],[80.382,16.816],[80.374,16.852],[80.341,16.86],[80.344,16.875],[80.322,16.879],[80.316,16.949],[80.303,16.954],[80.307,16.974],[80.293,16.977],[80.294,16.997],[80.283,17.008],[80.264,16.998],[80.226,17.016],[80.211,17.011],[80.197,17.044],[80.187,17.02],[80.153,17.007],[80.141,16.99],[80.095,16.99],[80.091,16.968],[80.056,16.971],[80.041,16.92],[80.017,16.917],[80.004,16.862],[80.047,16.853],[80.048,16.833],[80.072,16.819],[80.08954,16.82131],[80.073,16.818],[80.052,16.743],[80.031,16.715],[79.998,16.702],[79.966,16.646],[79.948,16.635],[79.906,16.637],[79.878,16.698],[79.851,16.706],[79.817,16.692],[79.793,16.726],[79.774,16.731],[79.744,16.719],[79.723,16.691],[79.681,16.695],[79.633,16.661],[79.597,16.673],[79.543,16.633],[79.504,16.636],[79.485,16.623],[79.447,16.62],[79.418,16.58],[79.34,16.582],[79.29,16.561],[79.257,16.566],[79.245,16.533],[79.221,16.516],[79.215,16.487],[79.233,16.46],[79.212,16.448],[79.208,16.385],[79.213,16.352],[79.234,16.335],[79.216,16.227],[79.159,16.209],[79.122,16.233],[79.099,16.223],[79.028,16.242],[79.01,16.239],[78.986,16.211],[78.905,16.184],[78.92261,16.12235],[78.921,16.103],[78.891,16.085],[78.873,16.144],[78.835,16.146],[78.837,16.071],[78.791,16.024],[78.736,16.008],[78.681,16.035],[78.65,16.079],[78.627,16.088],[78.602,16.084],[78.552,16.043],[78.475,16.069],[78.408,16.075],[78.366,16.047],[78.327,16.037],[78.314,16.012],[78.259,16.024],[78.251,15.935],[78.182,15.908],[78.19,15.893],[78.175,15.858],[78.13,15.851],[78.146,15.814],[78.134,15.837],[78.084,15.841],[78.072,15.862],[78.047,15.875],[78.045,15.904],[78.032,15.908],[78.009,15.862],[77.976,15.883],[77.936,15.884],[77.889,15.906],[77.86,15.885],[77.804,15.875],[77.724,15.896],[77.693,15.884],[77.659,15.886],[77.611,15.918],[77.549,15.919],[77.431,15.949],[77.38,15.94],[77.267,15.959],[77.185,15.957],[77.103,15.929],[77.072,15.91],[77.033,15.859],[77.025,15.838],[77.066,15.826],[77.067,15.789],[77.048,15.756],[77.049,15.73],[77.08,15.728],[77.087,15.716],[77.079,15.695],[77.129,15.666],[77.121,15.631],[77.083,15.659],[77.03,15.635],[77.029,15.501],[76.974,15.51],[76.977,15.49],[77.035,15.43],[77.029,15.405],[77.047,15.391],[77.042,15.363],[77.064,15.345],[77.064,15.328],[77.113,15.334],[77.118,15.295],[77.152,15.292],[77.148,15.273],[77.167,15.268],[77.168,15.258],[77.144,15.257],[77.126,15.239],[77.125,15.227],[77.148,15.224],[77.166,15.188],[77.163,15.157],[77.141,15.159],[77.135,15.149],[77.149,15.14],[77.15677,15.14075],[77.15,15.112],[77.13,15.101],[77.12,15.046],[77.113,15.034],[77.085,15.031],[77.082,15.006],[77.044,15.01],[77.05,15.033],[77.004,15.034],[76.986,15.027],[76.985,15.016],[76.919,15.036],[76.877,15.031],[76.866,15.06],[76.836,15.08],[76.8,15.096],[76.777,15.078],[76.774,15.059],[76.79,15.021],[76.775,14.993],[76.76,14.989]]],[[[80.775,15.863],[80.784,15.858],[80.778,15.864],[80.775,15.863]]],[[[80.784,15.855],[80.787,15.845],[80.788,15.853],[80.786,15.855],[80.784,15.855]]],[[[81.005,15.816],[81.019,15.793],[81.017,15.806],[81.012,15.814],[81.005,15.816]]],[[[82.315,16.572],[82.317,16.568],[82.319,16.568],[82.319,16.573],[82.315,16.572]]],[[[82.329,16.595],[82.331,16.592],[82.336,16.59],[82.345,16.607],[82.329,16.595]]],[[[82.331,16.607],[82.335,16.603],[82.338,16.605],[82.331,16.618],[82.331,16.607]]]]}},{"type":"Feature","properties":{"st_name":"Karnataka"},"geometry":{"type":"MultiPolygon","coordinates":[[[[74.086,14.901],[74.096,14.898],[74.112,14.85],[74.125,14.841],[74.125,14.806],[74.113,14.797],[74.113,14.805],[74.093,14.804],[74.119,14.775],[74.142,14.779],[74.157,14.76],[74.152,14.747],[74.178,14.75],[74.202,14.72],[74.205,14.737],[74.228,14.738],[74.234,14.748],[74.263,14.719],[74.257,14.708],[74.272,14.7],[74.286,14.646],[74.282,14.627],[74.27,14.627],[74.315,14.546],[74.31,14.521],[74.355,14.509],[74.382,14.421],[74.395,14.419],[74.442,14.224],[74.47,14.188],[74.515,13.987],[74.549,13.948],[74.569,13.95],[74.583,13.925],[74.61,13.867],[74.645,13.684],[74.667,13.638],[74.69,13.65],[74.69329,13.6487],[74.677,13.643],[74.667,13.632],[74.695,13.456],[74.698,13.348],[74.717,13.314],[74.776,13.072],[74.824,12.847],[74.874,12.755],[74.933,12.781],[74.958,12.785],[74.969,12.777],[74.988,12.783],[74.989,12.796],[75.006,12.791],[75.01,12.768],[74.984,12.737],[75.013,12.728],[75.001,12.716],[75.052,12.72],[75.055,12.692],[75.04,12.685],[75.047,12.668],[75.069,12.665],[75.086,12.676],[75.086,12.704],[75.106,12.696],[75.111,12.682],[75.152,12.683],[75.15,12.674],[75.161,12.67],[75.138,12.643],[75.159,12.622],[75.202,12.63],[75.199,12.611],[75.21,12.6],[75.201,12.587],[75.209,12.591],[75.22,12.57],[75.238,12.57],[75.276,12.618],[75.312,12.589],[75.327,12.592],[75.316,12.572],[75.29,12.582],[75.273,12.569],[75.271,12.548],[75.28,12.525],[75.303,12.524],[75.304,12.504],[75.333,12.499],[75.337,12.464],[75.361,12.465],[75.373,12.477],[75.368,12.492],[75.383,12.502],[75.416,12.501],[75.41841,12.50455],[75.424,12.467],[75.393,12.452],[75.366,12.458],[75.373,12.401],[75.422,12.372],[75.41,12.347],[75.432,12.309],[75.414,12.291],[75.479,12.296],[75.539,12.217],[75.532,12.201],[75.552,12.193],[75.592,12.148],[75.618,12.157],[75.636,12.149],[75.66,12.1],[75.703,12.108],[75.702,12.092],[75.718,12.086],[75.714,12.07],[75.753,12.085],[75.802,12.079],[75.794,12.055],[75.801,12.037],[75.823,12.013],[75.83,11.984],[75.846,11.982],[75.871,11.952],[76,11.931],[76.11201,11.9776],[76.113,11.859],[76.12,11.851],[76.158,11.871],[76.192,11.871],[76.208,11.862],[76.223,11.809],[76.246,11.803],[76.28,11.812],[76.308,11.784],[76.317,11.752],[76.339,11.739],[76.414,11.759],[76.41,11.742],[76.427,11.726],[76.403,11.708],[76.416,11.673],[76.43,11.666],[76.458,11.664],[76.482,11.693],[76.512,11.705],[76.551,11.674],[76.56,11.623],[76.577,11.615],[76.614,11.608],[76.757,11.619],[76.847,11.595],[76.858,11.614],[76.835,11.64],[76.835,11.656],[76.863,11.711],[76.888,11.734],[76.907,11.795],[76.954,11.792],[76.97,11.777],[76.982,11.811],[77.013,11.815],[77.039,11.794],[77.029,11.775],[77.066,11.789],[77.07,11.78],[77.056,11.769],[77.08,11.736],[77.117,11.721],[77.111,11.774],[77.238,11.795],[77.25,11.813],[77.288,11.801],[77.294,11.809],[77.335,11.771],[77.365,11.791],[77.394,11.788],[77.427,11.761],[77.467,11.847],[77.462,11.9],[77.486,11.888],[77.494,11.943],[77.538,11.932],[77.676,11.952],[77.709,12.036],[77.776,12.112],[77.751,12.137],[77.731,12.18],[77.611,12.206],[77.493,12.197],[77.472,12.208],[77.478,12.24],[77.449,12.248],[77.473,12.243],[77.487,12.28],[77.514,12.275],[77.533,12.292],[77.551,12.291],[77.579,12.336],[77.617,12.368],[77.635,12.488],[77.626,12.496],[77.607,12.475],[77.584,12.479],[77.616,12.51],[77.587,12.515],[77.58,12.552],[77.591,12.615],[77.606,12.629],[77.599,12.668],[77.659,12.684],[77.677,12.679],[77.679,12.66],[77.705,12.662],[77.712,12.683],[77.725,12.671],[77.74,12.674],[77.737,12.698],[77.764,12.699],[77.775,12.724],[77.761,12.727],[77.763,12.735],[77.792,12.747],[77.795,12.758],[77.779,12.768],[77.808,12.797],[77.8,12.805],[77.81,12.832],[77.792,12.843],[77.836,12.871],[77.835,12.87349],[77.867,12.868],[77.936,12.887],[77.927,12.876],[77.941,12.868],[77.923,12.856],[77.921,12.828],[77.941,12.823],[77.941,12.855],[77.951,12.857],[77.965,12.849],[77.964,12.834],[77.98,12.835],[77.988,12.809],[78.01,12.806],[78.015,12.814],[78.004,12.826],[78.029,12.845],[78.024,12.857],[78.053,12.854],[78.134,12.782],[78.231,12.761],[78.246,12.788],[78.252,12.861],[78.268,12.868],[78.312,12.859],[78.314,12.876],[78.337,12.882],[78.32,12.887],[78.323,12.902],[78.344,12.908],[78.356,12.941],[78.389,12.907],[78.399,12.917],[78.412,12.903],[78.446,12.912],[78.465,12.867],[78.467,12.905],[78.438,12.929],[78.419,12.922],[78.411,12.946],[78.438,12.964],[78.435,12.981],[78.467,12.975],[78.475,12.991],[78.463,13.006],[78.462,13.044],[78.516,13.063],[78.51,13.092],[78.538,13.106],[78.518,13.131],[78.546,13.142],[78.541,13.154],[78.551,13.164],[78.58,13.167],[78.576,13.187],[78.55,13.19],[78.55,13.199],[78.579,13.212],[78.566,13.226],[78.587,13.281],[78.565,13.312],[78.561,13.289],[78.538,13.288],[78.531,13.267],[78.514,13.291],[78.479,13.302],[78.484,13.32],[78.444,13.308],[78.44,13.328],[78.401,13.316],[78.377,13.332],[78.383,13.344],[78.393,13.334],[78.409,13.343],[78.365,13.362],[78.382,13.397],[78.374,13.509],[78.394,13.541],[78.402,13.587],[78.326,13.595],[78.259,13.582],[78.236,13.599],[78.233,13.586],[78.22,13.593],[78.193,13.564],[78.19,13.59],[78.204,13.628],[78.168,13.633],[78.169,13.654],[78.156,13.659],[78.114,13.658],[78.087,13.643],[78.09,13.659],[78.075,13.674],[78.004,13.664],[78.059,13.673],[78.073,13.685],[78.071,13.698],[78.113,13.693],[78.121,13.715],[78.092,13.742],[78.126,13.787],[78.114,13.808],[78.125,13.832],[78.115,13.863],[78.082,13.861],[78.078,13.882],[78.049,13.897],[78.046,13.862],[78,13.873],[77.976,13.83],[77.953,13.828],[77.949,13.886],[77.987,13.903],[77.988,13.956],[77.976,13.959],[77.962,13.955],[77.927,13.905],[77.896,13.92],[77.896,13.941],[77.84,13.936],[77.827,13.945],[77.813,13.915],[77.832,13.896],[77.827,13.874],[77.837,13.87],[77.812,13.849],[77.782,13.844],[77.789,13.831],[77.782,13.818],[77.719,13.8],[77.717,13.741],[77.708,13.741],[77.703,13.77],[77.672,13.761],[77.68,13.787],[77.651,13.784],[77.618,13.763],[77.642,13.748],[77.628,13.735],[77.614,13.752],[77.6,13.751],[77.561,13.722],[77.547,13.753],[77.527,13.754],[77.522,13.745],[77.537,13.731],[77.525,13.691],[77.512,13.697],[77.514,13.713],[77.484,13.715],[77.488,13.687],[77.45464,13.68504],[77.45,13.711],[77.465,13.711],[77.471,13.758],[77.456,13.789],[77.465,13.808],[77.445,13.811],[77.436,13.797],[77.416,13.807],[77.429,13.845],[77.382,13.839],[77.363,13.854],[77.325,13.833],[77.311,13.867],[77.288,13.848],[77.257,13.847],[77.259,13.863],[77.246,13.868],[77.248,13.901],[77.236,13.904],[77.22,13.868],[77.213,13.886],[77.194,13.866],[77.181,13.87],[77.185,13.925],[77.162,13.907],[77.169,13.865],[77.148,13.869],[77.128,13.856],[77.169,13.83],[77.158,13.806],[77.179,13.783],[77.173,13.762],[77.09,13.767],[77.086,13.742],[77.064,13.744],[77.043,13.778],[77.024,13.779],[77.013,13.74],[77.03,13.724],[77.02994,13.72305],[76.997,13.748],[76.99,13.813],[76.976,13.817],[76.992,13.849],[77.014,13.86],[77.023,13.903],[77.047,13.907],[77.042,13.933],[76.994,13.963],[76.999,13.99],[76.931,14.03],[76.932,14.054],[76.972,14.058],[76.978,14.071],[76.973,14.084],[76.948,14.092],[76.946,14.118],[76.925,14.137],[76.913,14.129],[76.886,14.138],[76.895,14.168],[76.942,14.173],[76.948,14.198],[76.961,14.182],[77.023,14.177],[77.026,14.125],[77.015,14.1],[77.03,14.088],[77.028,14.062],[77.076,14.053],[77.079,14.043],[77.127,14.047],[77.148,14.001],[77.173,14.001],[77.174,14.013],[77.245,14.012],[77.27,14.035],[77.279,14.032],[77.275,14.012],[77.307,14.032],[77.322,14.03],[77.336,13.996],[77.361,13.991],[77.35,13.959],[77.372,13.953],[77.348,13.916],[77.358,13.904],[77.398,13.906],[77.399,13.889],[77.435,13.915],[77.416,13.924],[77.412,13.946],[77.435,13.948],[77.438,13.976],[77.426,13.986],[77.382,13.976],[77.39,14.017],[77.332,14.031],[77.341,14.06],[77.36,14.062],[77.401,14.119],[77.391,14.127],[77.347,14.104],[77.352,14.131],[77.379,14.136],[77.394,14.174],[77.467,14.172],[77.504,14.157],[77.517,14.186],[77.505,14.194],[77.493,14.231],[77.503,14.26],[77.498,14.279],[77.479,14.292],[77.45,14.281],[77.446,14.317],[77.431,14.313],[77.428,14.329],[77.406,14.338],[77.389,14.333],[77.377,14.308],[77.387,14.271],[77.409,14.26],[77.418,14.226],[77.418,14.209],[77.393,14.199],[77.379,14.227],[77.359,14.234],[77.364,14.276],[77.284,14.283],[77.287,14.34],[77.238,14.317],[77.197,14.321],[77.167,14.342],[77.139,14.34],[77.11,14.268],[77.12,14.263],[77.117,14.226],[77.101,14.217],[77.081,14.214],[77.052,14.246],[77.006,14.236],[76.986,14.247],[76.94,14.245],[76.925,14.274],[76.957,14.295],[76.946,14.313],[76.903,14.323],[76.885,14.347],[76.886,14.395],[76.916,14.421],[76.943,14.4],[76.945,14.451],[76.96,14.451],[76.975,14.485],[76.901,14.489],[76.868,14.474],[76.856,14.51],[76.831,14.53],[76.806,14.531],[76.782,14.597],[76.765,14.602],[76.775,14.681],[76.803,14.742],[76.782,14.786],[76.837,14.791],[76.837,14.811],[76.854,14.81],[76.842,14.837],[76.854,14.843],[76.857,14.867],[76.845,14.889],[76.864,14.896],[76.867,14.97],[76.829,14.956],[76.818,14.969],[76.767,14.975],[76.76,14.989],[76.734,14.985],[76.772,14.991],[76.79,15.021],[76.774,15.059],[76.777,15.078],[76.8,15.096],[76.866,15.06],[76.877,15.031],[76.919,15.036],[76.985,15.016],[76.986,15.027],[77.004,15.034],[77.05,15.033],[77.044,15.01],[77.082,15.006],[77.085,15.031],[77.113,15.034],[77.13,15.101],[77.156,15.123],[77.157,15.14],[77.135,15.149],[77.141,15.159],[77.163,15.157],[77.169,15.171],[77.155,15.215],[77.125,15.227],[77.144,15.257],[77.168,15.258],[77.167,15.268],[77.148,15.273],[77.152,15.292],[77.118,15.295],[77.113,15.334],[77.064,15.328],[77.064,15.345],[77.043,15.359],[77.046,15.381],[77.029,15.405],[77.033,15.433],[77.008,15.452],[76.974,15.505],[77.029,15.501],[77.03,15.635],[77.083,15.659],[77.121,15.631],[77.129,15.666],[77.079,15.695],[77.087,15.716],[77.08,15.728],[77.049,15.73],[77.046,15.74],[77.067,15.789],[77.065,15.828],[77.033,15.831],[77.025,15.838],[77.032,15.855],[77.03059,15.85587],[77.084,15.919],[77.185,15.957],[77.249,15.965],[77.38,15.94],[77.429,15.949],[77.514,15.927],[77.514,16.008],[77.494,16.037],[77.507,16.08],[77.494,16.086],[77.501,16.107],[77.513,16.108],[77.49,16.12],[77.486,16.165],[77.501,16.222],[77.516,16.228],[77.492,16.229],[77.49,16.255],[77.505,16.276],[77.537,16.267],[77.545,16.292],[77.563,16.302],[77.598,16.293],[77.588,16.333],[77.595,16.343],[77.573,16.341],[77.523,16.376],[77.49,16.385],[77.441,16.381],[77.419,16.366],[77.309,16.4],[77.269,16.43],[77.262,16.452],[77.234,16.474],[77.233,16.494],[77.235,16.474],[77.294,16.477],[77.299,16.496],[77.369,16.489],[77.377,16.513],[77.418,16.523],[77.418,16.549],[77.404,16.551],[77.393,16.57],[77.422,16.568],[77.439,16.587],[77.462,16.585],[77.468,16.61],[77.454,16.617],[77.474,16.648],[77.464,16.654],[77.434,16.641],[77.419,16.669],[77.464,16.677],[77.47,16.688],[77.474,16.717],[77.446,16.721],[77.438,16.712],[77.426,16.723],[77.443,16.763],[77.44,16.789],[77.467,16.781],[77.477,16.788],[77.457,16.83],[77.464,16.851],[77.454,16.914],[77.469,16.919],[77.465,16.957],[77.481,16.971],[77.48,16.996],[77.502,17.01],[77.497,17.043],[77.463,17.094],[77.464,17.11],[77.407,17.125],[77.378,17.14],[77.378,17.153],[77.362,17.164],[77.372,17.196],[77.394,17.194],[77.404,17.21],[77.38,17.223],[77.408,17.241],[77.42,17.238],[77.426,17.257],[77.459,17.279],[77.438,17.292],[77.456,17.331],[77.45405,17.37302],[77.479,17.371],[77.484,17.355],[77.503,17.357],[77.53,17.371],[77.524,17.388],[77.538,17.405],[77.514,17.414],[77.513,17.431],[77.538,17.444],[77.576,17.431],[77.576,17.456],[77.614,17.446],[77.615,17.473],[77.645,17.478],[77.657,17.506],[77.652,17.483],[77.689,17.476],[77.689,17.511],[77.597,17.534],[77.594,17.565],[77.551,17.552],[77.528,17.575],[77.507,17.542],[77.494,17.568],[77.443,17.584],[77.456,17.632],[77.452,17.695],[77.546,17.727],[77.569,17.749],[77.569,17.766],[77.507,17.786],[77.529,17.813],[77.528,17.828],[77.554,17.82],[77.576,17.875],[77.599,17.873],[77.586,17.908],[77.619,17.904],[77.619,17.939],[77.633,17.947],[77.625,17.96],[77.633,17.967],[77.637,17.952],[77.65,17.95],[77.656,17.968],[77.649,17.999],[77.628,17.997],[77.606,18.02],[77.588,18.012],[77.581,18.031],[77.554,18.036],[77.548,18.056],[77.566,18.076],[77.597,18.087],[77.597,18.155],[77.581,18.163],[77.563,18.196],[77.585,18.22],[77.572,18.244],[77.605,18.281],[77.573,18.293],[77.562,18.285],[77.514,18.31],[77.512,18.282],[77.465,18.263],[77.439,18.286],[77.437,18.311],[77.41,18.302],[77.366,18.309],[77.357,18.321],[77.401,18.347],[77.395,18.369],[77.409,18.376],[77.413,18.393],[77.401,18.403],[77.373,18.4],[77.366,18.45],[77.345,18.434],[77.326,18.459],[77.316,18.443],[77.242,18.413],[77.234,18.388],[77.248,18.373],[77.226,18.365],[77.219,18.326],[77.199,18.315],[77.213,18.28],[77.175,18.285],[77.17,18.261],[77.149,18.239],[77.151,18.216],[77.097,18.197],[77.116,18.171],[77.112,18.156],[77.064,18.151],[77.052,18.174],[77.033,18.182],[77.023,18.176],[77.024,18.159],[77.002,18.161],[76.99,18.191],[76.952,18.188],[76.943,18.156],[76.931,18.16],[76.924,18.146],[76.932,18.133],[76.921,18.118],[76.966,18.098],[76.945,18.083],[76.953,18.041],[76.914,18.035],[76.906,18.009],[76.919,17.917],[76.901,17.918],[76.884,17.894],[76.852,17.901],[76.833,17.894],[76.834,17.885],[76.81,17.886],[76.806,17.871],[76.775,17.878],[76.768,17.901],[76.74,17.9],[76.739,17.857],[76.768,17.852],[76.791,17.826],[76.762,17.786],[76.714,17.781],[76.728,17.739],[76.699,17.728],[76.691,17.681],[76.665,17.688],[76.653,17.723],[76.633,17.729],[76.632,17.755],[76.615,17.771],[76.582,17.706],[76.57,17.707],[76.564,17.75],[76.572,17.761],[76.524,17.76],[76.524,17.716],[76.486,17.716],[76.489,17.662],[76.452,17.657],[76.441,17.65],[76.445,17.642],[76.429,17.646],[76.419,17.605],[76.331,17.597],[76.34,17.543],[76.363,17.537],[76.367,17.521],[76.345,17.512],[76.346,17.492],[76.376,17.49],[76.331,17.47],[76.333,17.434],[76.371,17.436],[76.363,17.377],[76.41107,17.377],[76.412,17.351],[76.397,17.347],[76.383,17.315],[76.356,17.314],[76.345,17.355],[76.314,17.348],[76.318,17.334],[76.276,17.334],[76.272,17.361],[76.251,17.361],[76.238,17.379],[76.229,17.366],[76.171,17.353],[76.183,17.316],[76.175,17.301],[76.165,17.303],[76.163,17.345],[76.119,17.371],[76.097,17.363],[76.07053,17.31916],[76.073,17.332],[76.059,17.357],[76.012,17.355],[75.999,17.338],[75.928,17.323],[75.889,17.356],[75.895,17.39],[75.88,17.419],[75.859,17.384],[75.842,17.418],[75.824,17.422],[75.814,17.372],[75.799,17.368],[75.781,17.377],[75.768,17.406],[75.736,17.419],[75.691,17.409],[75.677,17.457],[75.662,17.457],[75.633,17.478],[75.607,17.42],[75.614,17.393],[75.576,17.383],[75.583,17.351],[75.611,17.342],[75.604,17.306],[75.623,17.294],[75.63,17.273],[75.657,17.267],[75.662,17.215],[75.628,17.189],[75.625,17.174],[75.651,17.115],[75.673,17.115],[75.677,17.067],[75.65,17.057],[75.64,17.038],[75.67,17.038],[75.666,16.979],[75.676,16.967],[75.643,16.955],[75.633,16.971],[75.608,16.971],[75.607,17.005],[75.573,17.01],[75.568,16.966],[75.529,16.969],[75.49,16.944],[75.483,16.978],[75.464,16.991],[75.426,16.968],[75.392,16.981],[75.342,16.958],[75.279,16.958],[75.289,16.905],[75.281,16.88],[75.262,16.862],[75.237,16.868],[75.22,16.843],[75.183,16.843],[75.189,16.875],[75.164,16.867],[75.136,16.875],[75.135,16.894],[75.118,16.913],[75.096,16.914],[75.09,16.952],[75.026,16.928],[75.027,16.944],[75.001,16.95],[74.964,16.948],[74.965,16.927],[74.937,16.945],[74.923,16.94],[74.933,16.919],[74.956,16.905],[74.964,16.911],[74.961,16.881],[74.902,16.863],[74.92,16.773],[74.87,16.774],[74.865,16.763],[74.85,16.773],[74.845,16.762],[74.796,16.748],[74.772,16.751],[74.732,16.719],[74.688,16.713],[74.689,16.686],[74.681,16.687],[74.689,16.677],[74.665,16.666],[74.652,16.639],[74.687,16.618],[74.688,16.608],[74.638,16.61],[74.629,16.577],[74.62,16.585],[74.609,16.569],[74.568,16.554],[74.555,16.565],[74.566,16.585],[74.543,16.594],[74.544,16.635],[74.489,16.631],[74.471,16.665],[74.456,16.647],[74.466,16.606],[74.397,16.583],[74.382,16.53],[74.358,16.539],[74.357,16.56],[74.34,16.548],[74.323,16.557],[74.309,16.503],[74.302,16.529],[74.292,16.534],[74.286,16.526],[74.273,16.548],[74.264,16.54],[74.278,16.504],[74.247,16.497],[74.261,16.48],[74.274,16.486],[74.28,16.505],[74.291,16.504],[74.29,16.463],[74.333,16.455],[74.336,16.401],[74.363,16.405],[74.353,16.367],[74.336,16.394],[74.317,16.38],[74.328,16.342],[74.315,16.341],[74.323,16.333],[74.316,16.325],[74.329,16.325],[74.325,16.314],[74.342,16.298],[74.322,16.284],[74.326,16.27],[74.351,16.278],[74.346,16.294],[74.373,16.297],[74.385,16.292],[74.385,16.276],[74.415,16.282],[74.417,16.258],[74.466,16.241],[74.479,16.249],[74.503,16.224],[74.496,16.216],[74.507,16.191],[74.493,16.187],[74.479,16.148],[74.491,16.113],[74.484,16.092],[74.428,16.112],[74.389,16.09],[74.389,16.08],[74.372,16.078],[74.361,16.054],[74.377,16.055],[74.37,16.038],[74.381,16.036],[74.428,16.059],[74.461,16.048],[74.431,15.958],[74.387,15.904],[74.406,15.856],[74.388,15.854],[74.368,15.894],[74.364,15.893],[74.363,15.875],[74.339,15.855],[74.382,15.849],[74.384,15.84],[74.36,15.818],[74.37,15.81],[74.369,15.788],[74.33176,15.7439],[74.331,15.744],[74.34,15.766],[74.323,15.773],[74.319,15.759],[74.29,15.742],[74.268,15.754],[74.238,15.744],[74.228,15.756],[74.228,15.788],[74.209,15.781],[74.202,15.758],[74.162,15.751],[74.124,15.724],[74.125,15.681],[74.087,15.671],[74.118,15.652],[74.154,15.65],[74.181,15.682],[74.205,15.651],[74.22,15.654],[74.215,15.663],[74.224,15.669],[74.25,15.658],[74.244,15.626],[74.264,15.616],[74.245,15.567],[74.262,15.566],[74.282,15.532],[74.251,15.492],[74.276,15.449],[74.269,15.419],[74.277,15.39],[74.323,15.367],[74.317,15.331],[74.336,15.295],[74.326,15.284],[74.273,15.282],[74.251,15.259],[74.26,15.241],[74.301,15.224],[74.317,15.187],[74.285,15.148],[74.287,15.121],[74.273,15.097],[74.296,15.042],[74.268,15.002],[74.254,14.998],[74.264,14.978],[74.252,14.959],[74.237,14.968],[74.201,14.926],[74.179,14.957],[74.164,14.959],[74.154,14.94],[74.162,14.912],[74.124,14.925],[74.086,14.901]]],[[[74.393,14.314],[74.401,14.312],[74.4,14.319],[74.395,14.319],[74.393,14.314]]],[[[77.267,18.454],[77.294,18.459],[77.299,18.477],[77.286,18.475],[77.273,18.475],[77.267,18.454]]]]}},{"type":"Feature","properties":{"st_name":"Kerala"},"geometry":{"type":"MultiPolygon","coordinates":[[[[74.868,12.751],[74.885,12.71],[74.887,12.713],[74.898,12.714],[74.891,12.712],[74.906,12.695],[74.897,12.697],[74.888,12.708],[74.928,12.612],[74.95,12.636],[74.932,12.615],[74.94,12.596],[74.942,12.598],[74.942,12.608],[74.954,12.605],[74.939,12.591],[74.954,12.551],[74.956,12.55],[74.954,12.558],[74.96,12.566],[74.976,12.571],[74.955,12.559],[74.964,12.53],[74.958,12.541],[75.127,12.202],[75.201,12.006],[75.231,12.023],[75.294,11.953],[75.353,11.955],[75.303,11.946],[75.319,11.905],[75.356,11.86],[75.386,11.856],[75.468,11.765],[75.48717,11.79],[75.473,11.765],[75.525,11.708],[75.544,11.705],[75.537,11.694],[75.618,11.477],[75.634,11.462],[75.648,11.468],[75.681,11.451],[75.732,11.356],[75.733,11.335],[75.748,11.318],[75.804,11.156],[75.826,11.124],[75.841,11.082],[75.908,10.799],[75.957,10.687],[76.11,10.351],[76.163,10.184],[76.213,10.194],[76.169,10.185],[76.167,10.175],[76.221,9.999],[76.241,9.982],[76.238,9.957],[76.2808,9.79357],[76.277,9.789],[76.316,9.503],[76.352,9.379],[76.515,9.022],[76.5251,9.01551],[76.517,9.018],[76.536,8.936],[76.544,8.936],[76.535,8.934],[76.542,8.913],[76.566,8.88],[76.583,8.88],[76.614,8.856],[76.67593,8.78314],[76.675,8.778],[76.855,8.549],[76.96,8.422],[76.976,8.386],[77.098,8.292],[77.129,8.325],[77.169,8.334],[77.173,8.319],[77.18,8.323],[77.167,8.343],[77.174,8.359],[77.152,8.355],[77.161,8.374],[77.151,8.385],[77.182,8.396],[77.206,8.445],[77.227,8.448],[77.202,8.502],[77.214,8.513],[77.239,8.497],[77.262,8.507],[77.284,8.547],[77.246,8.616],[77.201,8.669],[77.207,8.685],[77.17,8.742],[77.173,8.75],[77.192,8.743],[77.19983,8.77137],[77.218,8.768],[77.213,8.779],[77.23,8.785],[77.232,8.808],[77.263,8.842],[77.256,8.879],[77.238,8.885],[77.218,8.918],[77.193,8.926],[77.196,8.954],[77.147,9.022],[77.168,9.046],[77.198,9.047],[77.208,9.072],[77.212,9.1],[77.267,9.154],[77.266,9.182],[77.253,9.189],[77.282,9.217],[77.274,9.235],[77.282,9.273],[77.283,9.301],[77.302,9.319],[77.3,9.336],[77.325,9.337],[77.336,9.362],[77.344,9.403],[77.336,9.413],[77.349,9.44],[77.366,9.46],[77.392,9.459],[77.399,9.495],[77.412,9.509],[77.401,9.527],[77.385,9.519],[77.365,9.535],[77.366,9.552],[77.35,9.567],[77.361,9.602],[77.34,9.573],[77.325,9.581],[77.33,9.599],[77.318,9.603],[77.269,9.573],[77.235,9.581],[77.209,9.614],[77.188,9.606],[77.166,9.613],[77.181,9.659],[77.207,9.695],[77.204,9.722],[77.224,9.73],[77.233,9.769],[77.223,9.788],[77.247,9.799],[77.241,9.817],[77.222,9.823],[77.223,9.846],[77.237,9.852],[77.212,9.878],[77.218,9.903],[77.247,9.953],[77.273,9.965],[77.265,10.003],[77.253,10.013],[77.262,10.031],[77.205,10.087],[77.201,10.106],[77.239,10.13],[77.268,10.122],[77.275,10.185],[77.295,10.218],[77.281,10.236],[77.259,10.23],[77.263,10.264],[77.228,10.316],[77.236,10.352],[77.195,10.355],[77.177,10.358],[77.12,10.318],[77.091,10.314],[77.044,10.284],[77.053,10.273],[77.04,10.253],[76.983,10.22],[76.939,10.239],[76.913,10.235],[76.9002,10.25231],[76.901,10.252],[76.898,10.263],[76.873,10.277],[76.873,10.299],[76.849,10.285],[76.83,10.304],[76.838,10.338],[76.83443,10.33987],[76.849,10.369],[76.824,10.395],[76.834,10.408],[76.816,10.424],[76.843,10.537],[76.835,10.546],[76.839,10.597],[76.817,10.604],[76.81,10.624],[76.814,10.636],[76.883,10.64],[76.868,10.695],[76.893,10.722],[76.889,10.734],[76.907,10.779],[76.9,10.809],[76.853,10.819],[76.84955,10.81829],[76.853,10.839],[76.828,10.873],[76.782,10.891],[76.741,10.89],[76.676,10.918],[76.656,10.939],[76.711,11.039],[76.766,11.03],[76.792,11.038],[76.801,11.054],[76.777,11.042],[76.745,11.057],[76.741,11.073],[76.755,11.079],[76.739,11.104],[76.748,11.136],[76.728,11.13],[76.718,11.148],[76.706,11.142],[76.69,11.159],[76.7,11.182],[76.728,11.191],[76.722,11.203],[76.732,11.216],[76.706,11.238],[76.685,11.234],[76.629,11.194],[76.6,11.206],[76.534,11.197],[76.499,11.211],[76.472,11.209],[76.473,11.195],[76.458,11.188],[76.443,11.204],[76.41,11.207],[76.449,11.206],[76.453,11.239],[76.522,11.272],[76.526,11.288],[76.546,11.301],[76.537,11.315],[76.55,11.332],[76.548,11.359],[76.51,11.355],[76.517,11.371],[76.462,11.387],[76.415,11.422],[76.419,11.442],[76.398,11.435],[76.342,11.468],[76.326,11.453],[76.294,11.466],[76.285,11.483],[76.247,11.468],[76.251,11.503],[76.237,11.527],[76.25,11.527],[76.251,11.538],[76.233,11.571],[76.279,11.601],[76.302,11.571],[76.336,11.596],[76.343,11.587],[76.378,11.602],[76.388,11.63],[76.432,11.631],[76.443,11.649],[76.416,11.673],[76.403,11.708],[76.427,11.726],[76.41,11.742],[76.414,11.759],[76.339,11.739],[76.317,11.752],[76.308,11.784],[76.28,11.812],[76.224,11.808],[76.21,11.829],[76.208,11.862],[76.192,11.871],[76.158,11.871],[76.12,11.851],[76.112,11.975],[76.073,11.968],[76.003,11.931],[75.94,11.944],[75.871,11.952],[75.846,11.982],[75.83,11.984],[75.794,12.055],[75.802,12.079],[75.753,12.085],[75.714,12.07],[75.718,12.086],[75.702,12.092],[75.703,12.108],[75.66,12.1],[75.636,12.149],[75.618,12.157],[75.592,12.148],[75.552,12.193],[75.532,12.201],[75.539,12.217],[75.506,12.271],[75.4921,12.27505],[75.47,12.301],[75.414,12.291],[75.432,12.309],[75.41,12.347],[75.422,12.372],[75.379,12.393],[75.366,12.412],[75.366,12.458],[75.413,12.459],[75.424,12.469],[75.418,12.498],[75.383,12.502],[75.368,12.492],[75.373,12.477],[75.361,12.465],[75.337,12.464],[75.333,12.499],[75.304,12.504],[75.303,12.524],[75.28,12.525],[75.271,12.548],[75.273,12.569],[75.29,12.582],[75.316,12.572],[75.328,12.592],[75.312,12.589],[75.276,12.618],[75.238,12.57],[75.22,12.57],[75.209,12.591],[75.201,12.587],[75.21,12.6],[75.199,12.611],[75.202,12.63],[75.159,12.622],[75.138,12.643],[75.161,12.67],[75.15,12.674],[75.152,12.683],[75.111,12.682],[75.106,12.696],[75.086,12.704],[75.086,12.676],[75.069,12.665],[75.047,12.668],[75.04,12.685],[75.055,12.692],[75.052,12.72],[75.001,12.716],[75.013,12.728],[74.984,12.737],[75.01,12.768],[75.006,12.791],[74.997,12.789],[74.989,12.796],[74.988,12.783],[74.969,12.777],[74.958,12.785],[74.933,12.781],[74.883,12.754],[74.87,12.761],[74.868,12.751]]]]}},{"type":"Feature","properties":{"st_name":"Goa"},"geometry":{"type":"MultiPolygon","coordinates":[[[[73.675,15.727],[73.69,15.722],[73.723,15.631],[73.738,15.617],[73.732,15.591],[73.766,15.495],[73.792,15.5],[73.815,15.492],[73.803,15.462],[73.788,15.464],[73.803,15.45],[73.849,15.452],[73.863,15.429],[73.881,15.435],[73.908,15.418],[73.946,15.439],[73.926,15.423],[73.94,15.409],[73.892,15.409],[73.874,15.396],[73.847,15.398],[73.84,15.411],[73.826,15.403],[73.817,15.411],[73.806,15.399],[73.795,15.414],[73.783,15.412],[73.791,15.394],[73.806,15.394],[73.808,15.377],[73.842,15.36],[73.871,15.371],[73.879,15.363],[73.95,15.145],[73.936,15.134],[73.935,15.112],[73.918,15.108],[73.927,15.097],[73.912,15.085],[73.966,15.067],[73.972,15.052],[73.982,15.055],[73.989,15.02],[74.026,15.008],[74.05,14.959],[74.044,14.918],[74.067,14.907],[74.081,14.911],[74.086,14.901],[74.124,14.925],[74.162,14.912],[74.154,14.94],[74.164,14.959],[74.179,14.957],[74.201,14.926],[74.237,14.968],[74.254,14.96],[74.264,14.978],[74.254,14.998],[74.268,15.002],[74.296,15.042],[74.273,15.097],[74.287,15.121],[74.285,15.148],[74.317,15.187],[74.301,15.224],[74.26,15.241],[74.251,15.259],[74.273,15.282],[74.326,15.284],[74.336,15.295],[74.317,15.331],[74.323,15.367],[74.277,15.39],[74.269,15.419],[74.276,15.445],[74.251,15.493],[74.198,15.468],[74.277,15.516],[74.278,15.546],[74.262,15.566],[74.245,15.567],[74.264,15.616],[74.244,15.626],[74.252,15.655],[74.236,15.669],[74.205,15.651],[74.181,15.682],[74.165,15.654],[74.118,15.652],[74.079,15.631],[74.031,15.623],[74.021,15.606],[73.991,15.612],[73.962,15.642],[73.964,15.692],[73.944,15.699],[73.952,15.717],[73.939,15.743],[73.876,15.751],[73.88,15.775],[73.87,15.783],[73.856,15.801],[73.825,15.741],[73.791,15.736],[73.786,15.726],[73.749,15.736],[73.729,15.72],[73.675,15.727]]]]}},{"type":"Feature","properties":{"st_name":"Tamil Nadu"},"geometry":{"type":"MultiPolygon","coordinates":[[[[76.233,11.571],[76.251,11.538],[76.25,11.527],[76.237,11.527],[76.251,11.503],[76.247,11.468],[76.285,11.483],[76.294,11.466],[76.326,11.453],[76.342,11.468],[76.398,11.435],[76.419,11.442],[76.415,11.422],[76.462,11.387],[76.517,11.371],[76.51,11.355],[76.548,11.359],[76.55,11.332],[76.537,11.315],[76.546,11.301],[76.526,11.288],[76.522,11.272],[76.453,11.239],[76.449,11.206],[76.439,11.199],[76.458,11.188],[76.473,11.195],[76.472,11.209],[76.51,11.212],[76.534,11.197],[76.6,11.206],[76.629,11.194],[76.685,11.234],[76.707,11.238],[76.732,11.216],[76.722,11.203],[76.728,11.191],[76.7,11.182],[76.69,11.159],[76.706,11.142],[76.718,11.148],[76.728,11.13],[76.746,11.138],[76.748,11.118],[76.739,11.104],[76.755,11.079],[76.741,11.073],[76.744,11.057],[76.777,11.042],[76.798,11.057],[76.8596,11.0542],[76.811,11.056],[76.766,11.03],[76.711,11.039],[76.656,10.939],[76.676,10.918],[76.741,10.89],[76.782,10.891],[76.828,10.873],[76.853,10.839],[76.848,10.82],[76.901,10.807],[76.907,10.779],[76.889,10.734],[76.893,10.722],[76.866,10.685],[76.878,10.676],[76.883,10.64],[76.814,10.636],[76.81,10.624],[76.817,10.604],[76.839,10.597],[76.835,10.546],[76.843,10.537],[76.816,10.424],[76.834,10.408],[76.824,10.395],[76.849,10.369],[76.83,10.304],[76.849,10.285],[76.873,10.299],[76.873,10.277],[76.898,10.263],[76.912,10.236],[76.939,10.239],[76.983,10.22],[77.04,10.253],[77.053,10.273],[77.044,10.284],[77.091,10.314],[77.12,10.318],[77.177,10.358],[77.202,10.358],[77.236,10.352],[77.228,10.316],[77.263,10.264],[77.259,10.23],[77.288,10.232],[77.296,10.252],[77.26791,10.12316],[77.245,10.131],[77.207,10.118],[77.204,10.088],[77.262,10.031],[77.253,10.013],[77.265,10.003],[77.273,9.964],[77.247,9.953],[77.218,9.903],[77.212,9.878],[77.237,9.852],[77.223,9.846],[77.222,9.823],[77.241,9.817],[77.247,9.799],[77.223,9.788],[77.233,9.769],[77.224,9.73],[77.204,9.722],[77.207,9.695],[77.18,9.657],[77.168,9.611],[77.209,9.614],[77.235,9.581],[77.269,9.573],[77.318,9.603],[77.33,9.599],[77.325,9.581],[77.34,9.573],[77.361,9.602],[77.35,9.567],[77.385,9.519],[77.428,9.547],[77.402,9.525],[77.412,9.509],[77.399,9.495],[77.392,9.459],[77.366,9.46],[77.349,9.44],[77.325,9.337],[77.3,9.337],[77.3,9.311],[77.283,9.301],[77.289,9.274],[77.274,9.235],[77.282,9.217],[77.253,9.189],[77.266,9.182],[77.267,9.154],[77.212,9.1],[77.198,9.047],[77.168,9.046],[77.147,9.022],[77.196,8.954],[77.193,8.926],[77.218,8.918],[77.246,8.88],[77.388,8.872],[77.256,8.878],[77.263,8.842],[77.232,8.808],[77.23,8.785],[77.213,8.779],[77.218,8.768],[77.197,8.769],[77.191,8.742],[77.171,8.746],[77.207,8.685],[77.201,8.669],[77.246,8.621],[77.246,8.604],[77.268,8.579],[77.26923,8.57851],[77.284,8.547],[77.262,8.507],[77.239,8.497],[77.214,8.513],[77.202,8.502],[77.227,8.448],[77.206,8.445],[77.182,8.396],[77.151,8.385],[77.161,8.374],[77.152,8.355],[77.174,8.359],[77.167,8.343],[77.18,8.323],[77.173,8.319],[77.169,8.334],[77.129,8.325],[77.098,8.292],[77.233,8.18],[77.274,8.163],[77.299,8.147],[77.316,8.122],[77.331,8.127],[77.557,8.077],[77.571,8.093],[77.566,8.117],[77.59,8.14],[77.73,8.164],[77.758,8.145],[77.794,8.162],[77.805,8.203],[77.841,8.252],[77.891,8.27],[77.974,8.337],[78.067,8.375],[78.057,8.385],[78.064,8.412],[78.143,8.502],[78.131,8.548],[78.145,8.598],[78.135,8.616],[78.139,8.68],[78.164,8.724],[78.202,8.756],[78.2,8.793],[78.197,8.763],[78.173,8.774],[78.169,8.763],[78.17,8.776],[78.166,8.764],[78.161,8.775],[78.172,8.883],[78.19,8.928],[78.218,8.968],[78.385,9.094],[78.455,9.125],[78.536,9.138],[78.578,9.13],[78.606,9.148],[78.657,9.158],[78.643,9.175],[78.663,9.193],[78.717,9.189],[78.727,9.209],[78.861,9.256],[78.908,9.25],[78.912,9.264],[78.98,9.274],[79.091,9.26],[79.19,9.282],[79.209,9.282],[79.203,9.268],[79.218,9.27],[79.217,9.255],[79.256,9.259],[79.303,9.244],[79.433,9.161],[79.423,9.177],[79.316,9.274],[79.335,9.309],[79.329,9.32],[79.311,9.328],[79.267,9.293],[79.21,9.283],[79.067,9.298],[78.978,9.365],[78.934,9.412],[78.9,9.469],[78.899,9.491],[78.915,9.495],[78.93,9.595],[78.96,9.631],[78.98,9.69],[79.119,9.852],[79.119,9.877],[79.155,9.932],[79.215,10],[79.266,10.039],[79.229,10.09],[79.236,10.128],[79.207,10.137],[79.227,10.137],[79.244,10.186],[79.279,10.216],[79.269,10.234],[79.298,10.263],[79.367,10.294],[79.381,10.316],[79.472,10.316],[79.768,10.272],[79.86,10.282],[79.882,10.317],[79.862,10.471],[79.853,10.827],[79.831,10.827],[79.828,10.85],[79.808,10.856],[79.807,10.866],[79.825,10.865],[79.811,10.88],[79.828,10.884],[79.79,10.895],[79.784,10.889],[79.795,10.903],[79.789,10.909],[79.756,10.892],[79.764,10.9],[79.761,10.902],[79.757,10.897],[79.757,10.908],[79.762,10.914],[79.725,10.929],[79.737,10.952],[79.72,10.952],[79.719,10.968],[79.764,10.96],[79.748,10.996],[79.73978,10.99816],[79.756,11.004],[79.786,10.997],[79.798,10.983],[79.815,11.004],[79.84,11.002],[79.854,10.983],[79.856,11.176],[79.835,11.311],[79.843,11.351],[79.826,11.373],[79.813,11.424],[79.803,11.381],[79.811,11.432],[79.769,11.515],[79.757,11.567],[79.796,11.786],[79.772,11.782],[79.766,11.792],[79.755,11.775],[79.712,11.792],[79.724,11.81],[79.736,11.809],[79.729,11.837],[79.737,11.845],[79.764,11.834],[79.768,11.823],[79.78,11.832],[79.797,11.825],[79.798,11.838],[79.808,11.836],[79.801,11.855],[79.782,11.856],[79.776,11.838],[79.766,11.841],[79.764,11.877],[79.752,11.848],[79.734,11.866],[79.719,11.853],[79.707,11.889],[79.685,11.886],[79.68667,11.881],[79.674,11.881],[79.674,11.892],[79.695,11.895],[79.696,11.919],[79.719,11.919],[79.707,11.914],[79.711,11.891],[79.729,11.89],[79.741,11.905],[79.717,11.929],[79.721,11.945],[79.71,11.95],[79.711,11.933],[79.692,11.951],[79.696,11.964],[79.715,11.968],[79.712,11.986],[79.748,12.008],[79.762,12.003],[79.743,11.978],[79.729,11.986],[79.724,11.978],[79.745,11.965],[79.75,11.92],[79.762,11.929],[79.76,11.944],[79.785,11.96],[79.805,11.953],[79.813,11.978],[79.841,11.956],[79.857,12.007],[79.84,12.013],[79.85,12.052],[79.874,12.043],[80.004,12.248],[80.15,12.436],[80.166,12.53],[80.255,12.781],[80.25,12.857],[80.283,13.046],[80.311,13.109],[80.304,13.103],[80.301,13.091],[80.298,13.102],[80.286,13.1032],[80.304,13.106],[80.306,13.13],[80.298,13.135],[80.334,13.235],[80.314,13.226],[80.335,13.238],[80.344,13.337],[80.326,13.445],[80.304,13.473],[80.269,13.565],[80.242,13.471],[80.215,13.49],[80.146,13.491],[80.14,13.504],[80.113,13.505],[80.099,13.488],[80.079,13.489],[80.077,13.527],[80.089,13.535],[80.081,13.55],[80.057,13.537],[79.994,13.545],[80,13.526],[80.018,13.53],[80.027,13.514],[80.048,13.512],[80.046,13.495],[80.016,13.5],[80.012,13.486],[80.005,13.495],[79.972,13.469],[79.973,13.429],[79.934,13.416],[79.944,13.397],[79.963,13.393],[79.935,13.353],[79.915,13.36],[79.914,13.348],[79.882,13.334],[79.883,13.323],[79.868,13.332],[79.862,13.317],[79.809,13.317],[79.792,13.294],[79.76,13.319],[79.756,13.295],[79.734,13.289],[79.735,13.276],[79.795,13.242],[79.794,13.226],[79.752,13.207],[79.732,13.237],[79.732,13.223],[79.712,13.218],[79.701,13.225],[79.714,13.236],[79.701,13.253],[79.69,13.238],[79.67055,13.24082],[79.684,13.243],[79.678,13.262],[79.696,13.267],[79.683,13.296],[79.665,13.279],[79.664,13.29],[79.642,13.29],[79.632,13.27],[79.606,13.28],[79.609,13.288],[79.596,13.285],[79.591,13.261],[79.58,13.258],[79.535,13.275],[79.544,13.317],[79.537,13.339],[79.526,13.344],[79.497,13.333],[79.5,13.348],[79.455,13.339],[79.435,13.352],[79.432,13.337],[79.405,13.335],[79.402,13.317],[79.382,13.308],[79.39,13.297],[79.416,13.3],[79.42,13.29],[79.445,13.301],[79.434,13.275],[79.408,13.265],[79.423,13.251],[79.418,13.243],[79.438,13.243],[79.43,13.23],[79.453,13.239],[79.453,13.217],[79.436,13.214],[79.444,13.208],[79.432,13.196],[79.439,13.188],[79.374,13.189],[79.389,13.18],[79.37,13.175],[79.38,13.163],[79.357,13.165],[79.361,13.124],[79.345,13.122],[79.341,13.137],[79.307,13.106],[79.294,13.11],[79.313,13.126],[79.284,13.123],[79.281,13.154],[79.263,13.149],[79.258,13.161],[79.245,13.138],[79.243,13.171],[79.235,13.171],[79.21,13.148],[79.233,13.139],[79.234,13.105],[79.198,13.081],[79.181,13.084],[79.192,13.067],[79.178,13.06],[79.192,13.056],[79.179,13.054],[79.193,13.047],[79.185,13.03],[79.16,13.02],[79.114,13.039],[79.085,13.027],[79.037,13.071],[78.995,13.087],[78.972,13.084],[78.97,13.075],[78.927,13.082],[78.904,13.048],[78.929,13.046],[78.937,13.03],[78.892,13.033],[78.891,13.083],[78.896,13.095],[78.885,13.098],[78.871,13.082],[78.813,13.089],[78.794,13.067],[78.752,13.055],[78.713,13.069],[78.705,13.016],[78.656,13.031],[78.655,13.016],[78.621,12.991],[78.647,12.966],[78.638,12.965],[78.657,12.932],[78.633,12.932],[78.602,12.851],[78.608,12.822],[78.592,12.783],[78.556,12.756],[78.563,12.752],[78.555,12.739],[78.564,12.738],[78.556,12.701],[78.535,12.691],[78.53,12.71],[78.544,12.711],[78.525,12.715],[78.521,12.736],[78.517,12.724],[78.505,12.743],[78.489,12.742],[78.521,12.717],[78.512,12.708],[78.503,12.717],[78.496,12.704],[78.507,12.691],[78.499,12.675],[78.468,12.676],[78.47,12.651],[78.48035,12.64755],[78.471,12.645],[78.465,12.624],[78.427,12.635],[78.41104,12.62303],[78.412,12.628],[78.37,12.628],[78.301,12.666],[78.271,12.705],[78.245,12.706],[78.238,12.686],[78.201,12.692],[78.207,12.708],[78.231,12.713],[78.241,12.73],[78.231,12.761],[78.134,12.782],[78.058,12.852],[78.024,12.857],[78.029,12.845],[78.004,12.826],[78.015,12.814],[78.01,12.806],[77.988,12.809],[77.98,12.835],[77.964,12.834],[77.965,12.849],[77.951,12.857],[77.941,12.855],[77.941,12.823],[77.921,12.828],[77.923,12.856],[77.941,12.868],[77.927,12.876],[77.936,12.885],[77.926,12.89],[77.876,12.867],[77.836,12.871],[77.808,12.848],[77.799,12.852],[77.792,12.841],[77.81,12.832],[77.8,12.805],[77.808,12.797],[77.779,12.768],[77.795,12.758],[77.793,12.749],[77.764,12.737],[77.761,12.727],[77.775,12.724],[77.763,12.698],[77.737,12.698],[77.739,12.673],[77.712,12.683],[77.705,12.662],[77.679,12.66],[77.677,12.679],[77.659,12.684],[77.599,12.668],[77.606,12.629],[77.591,12.615],[77.58,12.552],[77.587,12.515],[77.616,12.51],[77.584,12.479],[77.607,12.475],[77.626,12.496],[77.635,12.488],[77.617,12.368],[77.579,12.336],[77.551,12.291],[77.479,12.271],[77.471,12.244],[77.483,12.229],[77.472,12.208],[77.519,12.195],[77.546,12.205],[77.565,12.196],[77.609,12.206],[77.665,12.198],[77.731,12.18],[77.746,12.157],[77.751,12.137],[77.776,12.112],[77.709,12.036],[77.674,11.964],[77.685,11.878],[77.675,11.952],[77.657,11.951],[77.538,11.932],[77.493,11.943],[77.486,11.888],[77.462,11.9],[77.467,11.847],[77.42493,11.75428],[77.427,11.761],[77.394,11.788],[77.365,11.791],[77.335,11.771],[77.294,11.809],[77.288,11.801],[77.25,11.813],[77.238,11.795],[77.111,11.774],[77.117,11.721],[77.08,11.736],[77.056,11.769],[77.07,11.78],[77.066,11.789],[77.029,11.775],[77.039,11.794],[77.013,11.811],[76.982,11.811],[76.97,11.777],[76.954,11.792],[76.907,11.795],[76.888,11.734],[76.863,11.711],[76.835,11.656],[76.835,11.64],[76.858,11.614],[76.847,11.595],[76.757,11.619],[76.614,11.608],[76.577,11.615],[76.56,11.623],[76.551,11.674],[76.511,11.705],[76.482,11.693],[76.458,11.664],[76.431,11.667],[76.444,11.647],[76.432,11.632],[76.388,11.63],[76.378,11.602],[76.355,11.589],[76.336,11.596],[76.302,11.571],[76.279,11.601],[76.233,11.571]]],[[[78.204,8.837],[78.205,8.832],[78.209,8.834],[78.21,8.836],[78.204,8.837]]],[[[78.208,8.84],[78.211,8.835],[78.213,8.834],[78.213,8.838],[78.208,8.84]]],[[[78.218,8.885],[78.219,8.88],[78.223,8.882],[78.223,8.884],[78.218,8.885]]],[[[78.221,8.873],[78.226,8.866],[78.228,8.868],[78.226,8.873],[78.221,8.873]]],[[[78.251,8.95],[78.255,8.949],[78.255,8.955],[78.253,8.956],[78.251,8.95]]],[[[78.487,9.089],[78.494,9.086],[78.496,9.091],[78.49,9.094],[78.487,9.089]]],[[[78.571,9.101],[78.588,9.107],[78.582,9.111],[78.579,9.113],[78.571,9.101]]],[[[78.817,9.16],[78.819,9.161],[78.824,9.166],[78.819,9.166],[78.817,9.16]]],[[[78.824,9.167],[78.826,9.166],[78.829,9.171],[78.828,9.174],[78.824,9.167]]],[[[78.897,9.18],[78.903,9.178],[78.938,9.183],[78.943,9.187],[78.897,9.18]]],[[[79.057,9.197],[79.091,9.195],[79.077,9.201],[79.069,9.209],[79.057,9.197]]],[[[79.124,9.218],[79.165,9.209],[79.165,9.214],[79.155,9.221],[79.124,9.218]]],[[[79.135,9.254],[79.138,9.252],[79.14,9.254],[79.137,9.256],[79.135,9.254]]],[[[79.144,9.232],[79.147,9.23],[79.149,9.233],[79.146,9.235],[79.144,9.232]]],[[[79.144,9.238],[79.148,9.236],[79.151,9.24],[79.146,9.243],[79.144,9.238]]],[[[79.175,9.24],[79.192,9.224],[79.205,9.226],[79.226,9.25],[79.211,9.251],[79.191,9.257],[79.175,9.24]]],[[[79.229,9.242],[79.238,9.236],[79.24,9.242],[79.233,9.249],[79.229,9.242]]],[[[79.762,10.902],[79.768,10.902],[79.764,10.906],[79.764,10.912],[79.762,10.902]]],[[[79.769,11.901],[79.781,11.863],[79.797,11.895],[79.781,11.903],[79.769,11.901]]]]}},{"type":"Feature","properties":{"st_name":"Puducherry"},"geometry":{"type":"MultiPolygon","coordinates":[[[[75.53,11.702],[75.537,11.694],[75.542,11.699],[75.534,11.709],[75.53,11.702]]],[[[75.531,11.708],[75.537,11.719],[75.556,11.722],[75.538,11.763],[75.531,11.708]]],[[[79.599,11.883],[79.602,11.858],[79.628,11.87],[79.627,11.854],[79.658,11.853],[79.663,11.867],[79.649,11.87],[79.641,11.887],[79.631,11.881],[79.625,11.891],[79.608,11.877],[79.599,11.883]]],[[[79.617,11.99],[79.628,11.945],[79.619,11.943],[79.618,11.926],[79.628,11.92],[79.625,11.903],[79.637,11.901],[79.669,11.918],[79.671,11.932],[79.657,11.948],[79.643,11.942],[79.648,11.967],[79.636,11.996],[79.651,12.022],[79.628,12.032],[79.617,11.99]]],[[[79.641,11.823],[79.671,11.815],[79.662,11.839],[79.654,11.843],[79.641,11.823]]],[[[79.654,11.954],[79.685,11.953],[79.686,11.973],[79.662,11.969],[79.654,11.954]]],[[[79.657,11.992],[79.674,11.995],[79.681,11.983],[79.685,11.992],[79.72,11.992],[79.695,12.036],[79.672,12.01],[79.661,12.012],[79.657,11.992]]],[[[79.674,11.881],[79.71,11.889],[79.717,11.855],[79.74,11.865],[79.75,11.848],[79.757,11.876],[79.768,11.876],[79.766,11.841],[79.776,11.838],[79.782,11.856],[79.801,11.855],[79.808,11.836],[79.841,11.956],[79.813,11.978],[79.805,11.953],[79.785,11.96],[79.76,11.944],[79.762,11.929],[79.75,11.92],[79.745,11.965],[79.724,11.978],[79.76,11.989],[79.756,12.004],[79.712,11.986],[79.715,11.968],[79.696,11.964],[79.692,11.951],[79.711,11.933],[79.71,11.95],[79.721,11.945],[79.717,11.929],[79.741,11.905],[79.729,11.89],[79.711,11.891],[79.707,11.914],[79.719,11.919],[79.696,11.919],[79.695,11.895],[79.674,11.892],[79.674,11.881]]],[[[79.675,11.804],[79.681,11.796],[79.691,11.809],[79.68,11.815],[79.675,11.804]]],[[[79.692,11.814],[79.703,11.813],[79.7,11.822],[79.693,11.822],[79.692,11.814]]],[[[79.696,11.86],[79.699,11.861],[79.7,11.874],[79.697,11.874],[79.696,11.86]]],[[[79.713,11.791],[79.755,11.775],[79.766,11.792],[79.772,11.782],[79.796,11.786],[79.807,11.833],[79.798,11.839],[79.797,11.825],[79.78,11.832],[79.768,11.823],[79.764,11.834],[79.738,11.843],[79.729,11.837],[79.736,11.809],[79.724,11.81],[79.713,11.791]]],[[[79.719,10.968],[79.72,10.952],[79.737,10.952],[79.725,10.929],[79.762,10.914],[79.757,10.908],[79.757,10.897],[79.764,10.9],[79.756,10.892],[79.789,10.909],[79.795,10.903],[79.784,10.889],[79.79,10.895],[79.828,10.884],[79.811,10.88],[79.825,10.865],[79.807,10.866],[79.808,10.856],[79.828,10.85],[79.831,10.827],[79.851,10.828],[79.851,10.994],[79.815,11.004],[79.798,10.983],[79.786,10.997],[79.757,11.003],[79.747,11.003],[79.747,10.988],[79.758,10.984],[79.753,10.977],[79.764,10.96],[79.719,10.968]]],[[[79.788,12.019],[79.806,12.022],[79.803,12.026],[79.794,12.026],[79.788,12.019]]],[[[79.84,12.013],[79.858,12.008],[79.874,12.043],[79.85,12.052],[79.84,12.013]]],[[[82.186,16.73],[82.204,16.718],[82.239,16.716],[82.267,16.695],[82.31,16.719],[82.305,16.748],[82.29,16.727],[82.27,16.722],[82.217,16.733],[82.232,16.756],[82.186,16.73]]]]}},{"type":"Feature","properties":{"st_name":"Chandigarh"},"geometry":{"type":"MultiPolygon","coordinates":[[[[76.705,30.743],[76.731,30.724],[76.739,30.693],[76.808,30.668],[76.829,30.681],[76.827,30.692],[76.848,30.715],[76.848,30.73],[76.832,30.739],[76.838,30.754],[76.827,30.764],[76.814,30.754],[76.805,30.765],[76.82,30.773],[76.815,30.78],[76.783,30.77],[76.792,30.779],[76.771,30.795],[76.751,30.785],[76.745,30.769],[76.709,30.758],[76.705,30.743]]]]}},{"type":"Feature","properties":{"st_name":"Daman & Diu"},"geometry":{"type":"MultiPolygon","coordinates":[[[[70.871,20.71],[70.899,20.7],[70.929,20.712],[70.977,20.702],[70.997,20.714],[70.988,20.722],[71.007,20.737],[70.999,20.742],[70.981,20.723],[70.96,20.737],[70.925,20.738],[70.881,20.73],[70.871,20.71]]],[[[72.821,20.368],[72.896,20.38],[72.882,20.398],[72.904,20.415],[72.857,20.419],[72.875,20.446],[72.895,20.445],[72.887,20.463],[72.868,20.464],[72.855,20.467],[72.832,20.446],[72.821,20.368]]]]}},{"type":"Feature","properties":{"st_name":"Dadra & Nagar Haveli"},"geometry":{"type":"MultiPolygon","coordinates":[[[[72.911,20.269],[72.931,20.244],[72.966,20.226],[72.962,20.185],[72.978,20.18],[72.961,20.134],[72.972,20.115],[72.993,20.118],[72.999,20.143],[73.012,20.132],[73.001,20.112],[73.039,20.067],[73.052,20.064],[73.053,20.092],[73.064,20.099],[73.104,20.09],[73.112,20.074],[73.137,20.086],[73.166,20.055],[73.192,20.05],[73.189,20.077],[73.21,20.086],[73.215,20.119],[73.187,20.129],[73.185,20.156],[73.214,20.171],[73.217,20.186],[73.178,20.192],[73.168,20.208],[73.157,20.198],[73.137,20.207],[73.142,20.177],[73.12,20.169],[73.116,20.152],[73.08,20.173],[73.073,20.155],[73.06,20.162],[73.06,20.194],[73.049,20.201],[73.064,20.228],[73.098,20.229],[73.146,20.288],[73.166,20.287],[73.166,20.31],[73.148,20.318],[73.103,20.302],[73.111,20.338],[73.096,20.361],[73.077,20.324],[73.042,20.326],[73.035,20.292],[73.015,20.294],[73.017,20.31],[73.006,20.313],[73.01,20.291],[72.98,20.289],[72.97,20.268],[72.936,20.293],[72.911,20.269]]],[[[72.952,20.313],[72.97,20.296],[72.981,20.32],[72.978,20.332],[72.965,20.332],[72.952,20.313]]]]}},{"type":"Feature","properties":{"st_name":"Andaman & Nicobar"},"geometry":{"type":"MultiPolygon","coordinates":[[[[92.207,11.582],[92.218,11.522],[92.259,11.514],[92.27,11.522],[92.27,11.575],[92.258,11.588],[92.207,11.582]]],[[[92.217,10.974],[92.218,10.968],[92.227,10.971],[92.226,10.975],[92.217,10.974]]],[[[92.377,10.769],[92.383,10.668],[92.406,10.651],[92.422,10.605],[92.386,10.532],[92.405,10.524],[92.433,10.543],[92.503,10.504],[92.53,10.513],[92.57,10.572],[92.544,10.587],[92.54,10.606],[92.557,10.635],[92.58,10.649],[92.581,10.67],[92.596,10.671],[92.598,10.687],[92.584,10.756],[92.574,10.731],[92.566,10.741],[92.578,10.747],[92.578,10.773],[92.57,10.77],[92.544,10.797],[92.546,10.806],[92.562,10.801],[92.558,10.851],[92.533,10.877],[92.55,10.857],[92.543,10.846],[92.522,10.858],[92.47,10.851],[92.501,10.865],[92.501,10.883],[92.459,10.852],[92.463,10.837],[92.43,10.816],[92.399,10.771],[92.424,10.779],[92.433,10.757],[92.414,10.721],[92.398,10.728],[92.388,10.781],[92.377,10.769]]],[[[92.506,11.816],[92.511,11.807],[92.526,11.81],[92.543,11.836],[92.536,11.855],[92.549,11.85],[92.55,11.828],[92.544,11.812],[92.535,11.809],[92.533,11.784],[92.553,11.796],[92.56,11.769],[92.549,11.716],[92.554,11.721],[92.558,11.69],[92.593,11.732],[92.591,11.706],[92.608,11.716],[92.609,11.691],[92.593,11.701],[92.592,11.662],[92.608,11.629],[92.622,11.624],[92.632,11.652],[92.644,11.621],[92.638,11.607],[92.612,11.617],[92.605,11.609],[92.619,11.559],[92.632,11.581],[92.651,11.55],[92.647,11.516],[92.667,11.5],[92.695,11.505],[92.71,11.476],[92.747,11.599],[92.746,11.628],[92.736,11.633],[92.753,11.643],[92.754,11.659],[92.744,11.672],[92.734,11.666],[92.719,11.676],[92.715,11.663],[92.728,11.652],[92.705,11.635],[92.695,11.645],[92.701,11.609],[92.668,11.601],[92.685,11.615],[92.672,11.62],[92.662,11.649],[92.681,11.647],[92.703,11.664],[92.698,11.689],[92.681,11.682],[92.683,11.705],[92.67,11.714],[92.683,11.716],[92.692,11.697],[92.696,11.71],[92.711,11.689],[92.717,11.698],[92.738,11.684],[92.741,11.706],[92.754,11.697],[92.785,11.864],[92.772,11.889],[92.786,11.913],[92.781,11.931],[92.761,11.934],[92.762,11.92],[92.744,11.926],[92.745,11.911],[92.732,11.909],[92.739,11.895],[92.728,11.883],[92.738,11.877],[92.706,11.781],[92.697,11.807],[92.681,11.799],[92.68,11.767],[92.668,11.773],[92.673,11.788],[92.662,11.795],[92.682,11.809],[92.654,11.83],[92.682,11.817],[92.702,11.831],[92.701,11.812],[92.719,11.844],[92.717,11.863],[92.702,11.85],[92.697,11.862],[92.717,11.88],[92.705,11.879],[92.694,11.899],[92.701,11.911],[92.71,11.895],[92.701,11.926],[92.712,11.94],[92.704,11.955],[92.715,11.955],[92.707,11.969],[92.728,11.967],[92.71,11.98],[92.724,11.999],[92.743,12],[92.746,12.024],[92.736,12.035],[92.735,12.004],[92.713,12.018],[92.725,12.028],[92.724,12.043],[92.701,12.017],[92.696,12.04],[92.714,12.056],[92.723,12.09],[92.715,12.098],[92.731,12.101],[92.758,12.172],[92.733,12.18],[92.73,12.171],[92.713,12.171],[92.701,12.136],[92.707,12.171],[92.697,12.154],[92.703,12.213],[92.694,12.222],[92.701,12.228],[92.687,12.238],[92.673,12.186],[92.669,12.216],[92.65,12.179],[92.655,12.215],[92.627,12.128],[92.633,12.122],[92.619,12.103],[92.618,12.047],[92.634,12.051],[92.616,12.029],[92.61,11.986],[92.605,11.923],[92.614,11.939],[92.618,11.921],[92.607,11.902],[92.611,11.826],[92.597,11.889],[92.592,11.887],[92.592,11.859],[92.582,11.856],[92.579,11.887],[92.569,11.888],[92.576,11.91],[92.566,11.908],[92.574,11.924],[92.561,11.94],[92.535,11.909],[92.524,11.88],[92.526,11.869],[92.532,11.879],[92.529,11.863],[92.516,11.865],[92.506,11.816]]],[[[92.508,10.859],[92.509,10.857],[92.514,10.859],[92.516,10.865],[92.508,10.859]]],[[[92.509,10.882],[92.521,10.882],[92.527,10.867],[92.528,10.882],[92.523,10.887],[92.509,10.882]]],[[[92.535,11.553],[92.562,11.566],[92.565,11.584],[92.546,11.585],[92.544,11.576],[92.537,11.573],[92.545,11.593],[92.535,11.598],[92.535,11.553]]],[[[92.554,11.524],[92.565,11.513],[92.568,11.523],[92.555,11.534],[92.554,11.524]]],[[[92.557,11.388],[92.558,11.385],[92.561,11.39],[92.56,11.392],[92.557,11.388]]],[[[92.565,10.79],[92.587,10.764],[92.587,10.777],[92.565,10.795],[92.565,10.79]]],[[[92.569,11.558],[92.571,11.556],[92.575,11.558],[92.574,11.561],[92.569,11.558]]],[[[92.582,11.363],[92.601,11.34],[92.663,11.347],[92.69,11.378],[92.66,11.387],[92.654,11.399],[92.646,11.389],[92.637,11.397],[92.638,11.408],[92.671,11.409],[92.683,11.43],[92.667,11.48],[92.644,11.49],[92.642,11.505],[92.632,11.498],[92.637,11.51],[92.609,11.462],[92.625,11.43],[92.622,11.403],[92.59,11.393],[92.582,11.363]]],[[[92.584,11.542],[92.592,11.528],[92.595,11.54],[92.594,11.55],[92.59,11.568],[92.584,11.542]]],[[[92.586,11.973],[92.596,11.949],[92.598,11.925],[92.599,11.963],[92.586,11.973]]],[[[92.594,11.903],[92.595,11.905],[92.597,11.911],[92.594,11.912],[92.594,11.903]]],[[[92.6,11.523],[92.605,11.517],[92.605,11.526],[92.601,11.53],[92.6,11.523]]],[[[92.601,11.562],[92.614,11.565],[92.613,11.576],[92.602,11.579],[92.601,11.562]]],[[[92.605,11.541],[92.607,11.526],[92.615,11.532],[92.616,11.553],[92.605,11.541]]],[[[92.607,10.931],[92.617,10.918],[92.616,10.922],[92.613,10.927],[92.607,10.931]]],[[[92.623,11.539],[92.626,11.536],[92.628,11.54],[92.626,11.542],[92.623,11.539]]],[[[92.645,12.864],[92.662,12.786],[92.678,12.824],[92.666,12.822],[92.664,12.847],[92.689,12.843],[92.713,12.878],[92.693,12.879],[92.713,12.889],[92.713,12.923],[92.704,12.928],[92.714,12.944],[92.704,12.953],[92.713,12.984],[92.686,12.99],[92.667,12.965],[92.672,12.939],[92.645,12.864]]],[[[92.657,12.536],[92.677,12.514],[92.681,12.546],[92.674,12.556],[92.657,12.536]]],[[[92.658,10.982],[92.661,10.974],[92.668,10.978],[92.668,10.982],[92.658,10.982]]],[[[92.671,11.177],[92.676,11.173],[92.675,11.177],[92.672,11.182],[92.671,11.177]]],[[[92.676,12.61],[92.68,12.605],[92.684,12.607],[92.683,12.615],[92.676,12.61]]],[[[92.686,11.237],[92.702,11.255],[92.7,11.279],[92.689,11.274],[92.686,11.237]]],[[[92.686,12.612],[92.708,12.598],[92.704,12.549],[92.69,12.519],[92.701,12.496],[92.696,12.335],[92.721,12.298],[92.748,12.298],[92.763,12.337],[92.769,12.327],[92.784,12.329],[92.78,12.317],[92.792,12.318],[92.792,12.31],[92.803,12.316],[92.828,12.302],[92.852,12.323],[92.83,12.337],[92.851,12.332],[92.841,12.343],[92.853,12.349],[92.86,12.335],[92.886,12.344],[92.863,12.36],[92.842,12.353],[92.838,12.365],[92.855,12.369],[92.831,12.393],[92.83,12.413],[92.796,12.4],[92.808,12.421],[92.782,12.438],[92.787,12.465],[92.773,12.457],[92.765,12.471],[92.773,12.476],[92.781,12.467],[92.776,12.489],[92.798,12.462],[92.794,12.439],[92.805,12.436],[92.809,12.457],[92.821,12.428],[92.838,12.417],[92.851,12.426],[92.872,12.412],[92.891,12.419],[92.884,12.439],[92.852,12.448],[92.834,12.471],[92.817,12.468],[92.828,12.484],[92.806,12.482],[92.821,12.49],[92.814,12.506],[92.848,12.509],[92.835,12.49],[92.842,12.464],[92.897,12.438],[92.905,12.402],[92.92,12.433],[92.902,12.436],[92.907,12.454],[92.915,12.444],[92.934,12.449],[92.932,12.459],[92.953,12.471],[92.903,12.461],[92.897,12.477],[92.916,12.492],[92.935,12.482],[92.942,12.502],[92.957,12.484],[92.97,12.526],[92.954,12.616],[92.936,12.633],[92.953,12.626],[92.954,12.701],[92.975,12.714],[92.96,12.725],[92.958,12.751],[92.924,12.776],[92.948,12.809],[92.94,12.838],[92.929,12.822],[92.918,12.831],[92.934,12.859],[92.924,12.86],[92.915,12.889],[92.902,12.883],[92.897,12.904],[92.913,12.913],[92.892,12.929],[92.882,12.89],[92.859,12.906],[92.855,12.896],[92.837,12.917],[92.848,12.922],[92.834,12.967],[92.851,12.966],[92.854,12.942],[92.866,12.942],[92.872,13.017],[92.891,13.025],[92.906,13.057],[92.891,13.061],[92.862,13.038],[92.862,13.049],[92.853,13.048],[92.863,13.06],[92.858,13.069],[92.842,13.051],[92.834,13.058],[92.853,13.071],[92.837,13.092],[92.851,13.08],[92.856,13.093],[92.858,13.073],[92.866,13.078],[92.866,13.066],[92.881,13.058],[92.905,13.074],[92.886,13.085],[92.893,13.095],[92.878,13.098],[92.882,13.111],[92.865,13.109],[92.883,13.12],[92.872,13.142],[92.866,13.136],[92.871,13.165],[92.893,13.127],[92.891,13.104],[92.905,13.09],[92.917,13.093],[92.915,13.077],[92.93,13.093],[92.924,13.121],[92.939,13.121],[92.939,13.156],[92.945,13.084],[92.959,13.08],[92.951,13.052],[92.933,13.053],[92.96,13.019],[92.97,13.02],[92.959,13.047],[93.001,13.036],[93.026,13.072],[93.017,13.077],[93.033,13.091],[93.028,13.189],[93.058,13.274],[93.042,13.265],[93.042,13.249],[93.04,13.289],[93.006,13.278],[92.996,13.3],[93.002,13.275],[92.995,13.272],[92.963,13.288],[92.981,13.321],[92.952,13.345],[92.964,13.367],[92.98,13.34],[92.987,13.359],[93.007,13.371],[93.004,13.387],[92.978,13.386],[92.993,13.401],[92.987,13.419],[93.006,13.394],[93.037,13.394],[93.045,13.404],[93.064,13.411],[93.052,13.412],[93.056,13.43],[93.035,13.414],[93.017,13.441],[93.029,13.451],[93.022,13.471],[93.011,13.467],[93.008,13.426],[92.99,13.444],[92.987,13.429],[92.978,13.43],[92.982,13.457],[93,13.455],[92.998,13.482],[93.029,13.477],[93.023,13.491],[93.034,13.499],[93.037,13.542],[93.024,13.588],[93.013,13.584],[93.01,13.554],[92.983,13.584],[92.976,13.541],[92.958,13.56],[92.901,13.548],[92.918,13.51],[92.9,13.499],[92.897,13.472],[92.879,13.48],[92.883,13.488],[92.866,13.481],[92.873,13.441],[92.832,13.408],[92.855,13.393],[92.852,13.37],[92.845,13.359],[92.833,13.383],[92.815,13.318],[92.834,13.315],[92.831,13.302],[92.844,13.299],[92.818,13.299],[92.817,13.289],[92.833,13.272],[92.869,13.266],[92.849,13.255],[92.854,13.224],[92.867,13.216],[92.858,13.205],[92.862,13.187],[92.848,13.188],[92.843,13.232],[92.823,13.247],[92.807,13.161],[92.839,13.152],[92.848,13.159],[92.85,13.124],[92.843,13.118],[92.816,13.139],[92.806,13.133],[92.832,13.116],[92.822,13.112],[92.825,13.096],[92.812,13.069],[92.789,13.097],[92.783,13.027],[92.804,13.014],[92.805,13.04],[92.817,13.019],[92.821,13.035],[92.839,13.034],[92.84,12.993],[92.815,13.005],[92.82,12.982],[92.811,12.984],[92.804,12.969],[92.804,12.988],[92.792,12.995],[92.785,12.958],[92.797,12.958],[92.796,12.91],[92.806,12.917],[92.841,12.885],[92.87,12.882],[92.857,12.868],[92.854,12.879],[92.847,12.846],[92.835,12.839],[92.833,12.889],[92.792,12.892],[92.789,12.868],[92.802,12.861],[92.789,12.841],[92.778,12.856],[92.78,12.82],[92.787,12.828],[92.799,12.814],[92.785,12.785],[92.791,12.779],[92.768,12.76],[92.776,12.787],[92.766,12.836],[92.758,12.838],[92.762,12.816],[92.755,12.826],[92.75,12.816],[92.749,12.845],[92.732,12.832],[92.735,12.773],[92.721,12.799],[92.71304,12.77811],[92.707,12.834],[92.689,12.801],[92.709,12.734],[92.715,12.76],[92.71307,12.7779],[92.747,12.724],[92.735,12.717],[92.73,12.674],[92.761,12.686],[92.768,12.678],[92.771,12.728],[92.753,12.725],[92.763,12.741],[92.798,12.73],[92.78,12.718],[92.783,12.67],[92.792,12.662],[92.78,12.639],[92.799,12.624],[92.78,12.573],[92.772,12.607],[92.759,12.593],[92.756,12.618],[92.738,12.62],[92.721,12.632],[92.715,12.607],[92.71,12.643],[92.706,12.622],[92.686,12.612]]],[[[92.692,13.103],[92.695,13.079],[92.697,13.088],[92.711,13.101],[92.692,13.103]]],[[[92.698,12.266],[92.706,12.232],[92.718,12.291],[92.703,12.297],[92.698,12.266]]],[[[92.702,11.299],[92.704,11.293],[92.708,11.295],[92.707,11.301],[92.702,11.299]]],[[[92.706,12.841],[92.713,12.844],[92.725,12.866],[92.714,12.865],[92.706,12.841]]],[[[92.712,11.303],[92.719,11.31],[92.721,11.325],[92.715,11.321],[92.712,11.303]]],[[[92.714,11.908],[92.719,11.901],[92.723,11.92],[92.717,11.928],[92.714,11.908]]],[[[92.717,12.82],[92.723,12.805],[92.73,12.812],[92.724,12.835],[92.717,12.82]]],[[[92.719,12.191],[92.726,12.201],[92.732,12.183],[92.736,12.218],[92.726,12.213],[92.724,12.24],[92.719,12.191]]],[[[92.722,11.937],[92.728,11.938],[92.731,11.951],[92.723,11.951],[92.722,11.937]]],[[[92.723,9.201],[92.724,9.139],[92.737,9.117],[92.797,9.113],[92.828,9.133],[92.823,9.192],[92.795,9.23],[92.776,9.25],[92.774,9.207],[92.733,9.212],[92.723,9.201]]],[[[92.728,12.047],[92.731,12.034],[92.733,12.042],[92.751,12.036],[92.756,12.022],[92.76,12.03],[92.774,12.023],[92.771,12.044],[92.728,12.047]]],[[[92.728,12.639],[92.741,12.623],[92.762,12.644],[92.767,12.638],[92.769,12.659],[92.759,12.651],[92.768,12.668],[92.755,12.668],[92.729,12.658],[92.728,12.639]]],[[[92.733,11.98],[92.734,11.975],[92.738,11.977],[92.739,11.98],[92.733,11.98]]],[[[92.733,12.251],[92.743,12.272],[92.744,12.287],[92.736,12.273],[92.733,12.251]]],[[[92.735,12.233],[92.736,12.227],[92.738,12.226],[92.738,12.232],[92.735,12.233]]],[[[92.736,12.093],[92.743,12.083],[92.765,12.103],[92.763,12.062],[92.771,12.078],[92.783,12.073],[92.8,12.093],[92.78,12.099],[92.791,12.118],[92.807,12.107],[92.791,12.132],[92.808,12.128],[92.819,12.148],[92.793,12.157],[92.804,12.178],[92.809,12.174],[92.804,12.163],[92.816,12.16],[92.82,12.185],[92.823,12.164],[92.834,12.166],[92.844,12.147],[92.85,12.183],[92.824,12.194],[92.825,12.225],[92.847,12.225],[92.83,12.202],[92.855,12.202],[92.864,12.223],[92.851,12.244],[92.854,12.268],[92.872,12.251],[92.877,12.263],[92.873,12.28],[92.862,12.274],[92.861,12.299],[92.85,12.27],[92.833,12.286],[92.842,12.289],[92.831,12.297],[92.823,12.29],[92.813,12.309],[92.791,12.298],[92.77,12.308],[92.786,12.271],[92.751,12.257],[92.745,12.267],[92.745,12.236],[92.758,12.234],[92.763,12.253],[92.77,12.245],[92.761,12.15],[92.736,12.093]]],[[[92.738,11.956],[92.745,11.943],[92.763,11.947],[92.764,11.96],[92.738,11.956]]],[[[92.74,12.895],[92.742,12.894],[92.744,12.898],[92.74,12.899],[92.74,12.895]]],[[[92.743,12.179],[92.762,12.186],[92.756,12.227],[92.75,12.221],[92.745,12.229],[92.743,12.179]]],[[[92.744,11.982],[92.748,11.975],[92.753,11.984],[92.745,11.984],[92.744,11.982]]],[[[92.745,12.9],[92.748,12.896],[92.75,12.898],[92.748,12.902],[92.745,12.9]]],[[[92.745,13.209],[92.75,13.206],[92.753,13.212],[92.75,13.214],[92.745,13.209]]],[[[92.746,12.908],[92.748,12.904],[92.751,12.909],[92.748,12.911],[92.746,12.908]]],[[[92.751,12.278],[92.76,12.273],[92.764,12.282],[92.757,12.291],[92.751,12.278]]],[[[92.754,11.999],[92.759,11.994],[92.763,11.999],[92.761,12.008],[92.754,11.999]]],[[[92.754,12.932],[92.757,12.933],[92.758,12.936],[92.756,12.938],[92.754,12.932]]],[[[92.76,12.309],[92.763,12.306],[92.765,12.312],[92.764,12.319],[92.76,12.309]]],[[[92.763,12.625],[92.767,12.612],[92.769,12.621],[92.764,12.627],[92.763,12.625]]],[[[92.764,12.855],[92.769,12.858],[92.768,12.86],[92.764,12.859],[92.764,12.855]]],[[[92.768,12.011],[92.772,12.01],[92.772,12.014],[92.77,12.016],[92.768,12.011]]],[[[92.773,12.041],[92.777,12.043],[92.774,12.047],[92.773,12.045],[92.773,12.041]]],[[[92.777,12.894],[92.779,12.885],[92.781,12.885],[92.783,12.891],[92.777,12.894]]],[[[92.78,12.807],[92.782,12.794],[92.785,12.805],[92.783,12.812],[92.78,12.807]]],[[[92.782,12.895],[92.785,12.895],[92.785,12.898],[92.782,12.899],[92.782,12.895]]],[[[92.8,13.44],[92.802,13.416],[92.807,13.41],[92.814,13.427],[92.8,13.44]]],[[[92.804,13.094],[92.806,13.091],[92.811,13.095],[92.805,13.105],[92.804,13.094]]],[[[92.813,13.085],[92.818,13.091],[92.817,13.093],[92.813,13.091],[92.813,13.085]]],[[[92.813,13.433],[92.827,13.429],[92.837,13.45],[92.821,13.448],[92.813,13.433]]],[[[92.824,13.012],[92.828,13.009],[92.831,13.016],[92.829,13.02],[92.824,13.012]]],[[[92.834,13.248],[92.845,13.242],[92.845,13.246],[92.838,13.249],[92.834,13.248]]],[[[92.842,12.4],[92.851,12.389],[92.859,12.4],[92.849,12.406],[92.842,12.4]]],[[[92.848,8.815],[92.858,8.811],[92.864,8.824],[92.859,8.838],[92.848,8.815]]],[[[92.854,12.932],[92.867,12.923],[92.875,12.932],[92.859,12.937],[92.854,12.932]]],[[[92.857,12.314],[92.882,12.322],[92.875,12.327],[92.863,12.328],[92.857,12.314]]],[[[92.858,12.24],[92.861,12.24],[92.862,12.246],[92.86,12.247],[92.858,12.24]]],[[[92.86,12.196],[92.87,12.192],[92.877,12.196],[92.862,12.204],[92.86,12.196]]],[[[92.86,12.378],[92.869,12.385],[92.878,12.371],[92.886,12.391],[92.883,12.402],[92.877,12.391],[92.865,12.402],[92.86,12.378]]],[[[92.861,13.521],[92.864,13.516],[92.868,13.519],[92.865,13.527],[92.861,13.521]]],[[[92.863,12.281],[92.867,12.279],[92.87,12.283],[92.865,12.286],[92.863,12.281]]],[[[92.865,13.549],[92.868,13.547],[92.87,13.549],[92.868,13.553],[92.865,13.549]]],[[[92.87,12.244],[92.874,12.208],[92.883,12.231],[92.909,12.221],[92.902,12.243],[92.884,12.25],[92.875,12.235],[92.87,12.244]]],[[[92.876,12.287],[92.88,12.283],[92.881,12.286],[92.878,12.288],[92.876,12.287]]],[[[92.878,13.605],[92.879,13.59],[92.887,13.6],[92.899,13.614],[92.878,13.605]]],[[[92.882,12.94],[92.887,12.938],[92.888,12.942],[92.883,12.942],[92.882,12.94]]],[[[92.884,13.015],[92.909,12.952],[92.933,12.98],[92.896,13.006],[92.884,13.015]]],[[[92.888,12.322],[92.891,12.322],[92.892,12.324],[92.89,12.327],[92.888,12.322]]],[[[92.896,12.946],[92.9,12.944],[92.901,12.947],[92.899,12.95],[92.896,12.946]]],[[[92.899,12.287],[92.901,12.276],[92.918,12.272],[92.918,12.23],[92.926,12.256],[92.935,12.271],[92.931,12.305],[92.924,12.272],[92.911,12.29],[92.899,12.287]]],[[[92.907,12.336],[92.914,12.347],[92.911,12.353],[92.908,12.349],[92.907,12.336]]],[[[92.908,12.466],[92.912,12.467],[92.912,12.471],[92.908,12.469],[92.908,12.466]]],[[[92.911,13.02],[92.936,13.001],[92.935,13.019],[92.93,13.032],[92.911,13.02]]],[[[92.918,12.362],[92.929,12.359],[92.954,12.414],[92.952,12.429],[92.944,12.414],[92.929,12.414],[92.918,12.362]]],[[[92.923,11.994],[92.927,11.984],[92.956,11.974],[92.977,11.939],[92.99,11.946],[92.988,11.963],[93.006,11.965],[93.016,11.925],[92.995,11.934],[93.028,11.88],[93.044,11.88],[93.051,11.896],[93.005,11.99],[93.005,12.021],[92.977,12.039],[92.987,12.021],[92.968,12.022],[92.962,12.037],[92.963,12.048],[92.949,12.012],[92.923,11.994]]],[[[92.923,12.217],[92.929,12.193],[92.931,12.213],[92.934,12.213],[92.923,12.217]]],[[[92.926,12.917],[92.928,12.916],[92.93,12.922],[92.928,12.923],[92.926,12.917]]],[[[92.938,13.082],[92.939,13.078],[92.942,13.078],[92.942,13.082],[92.938,13.082]]],[[[92.948,12.963],[92.975,12.938],[92.981,12.959],[92.973,12.973],[93,13],[92.982,12.996],[92.968,12.972],[92.959,12.99],[92.95,12.986],[92.959,12.972],[92.948,12.963]]],[[[92.949,12.944],[92.959,12.948],[92.96,12.95],[92.953,12.953],[92.949,12.944]]],[[[92.954,12.147],[92.961,12.12],[92.976,12.12],[92.979,12.108],[92.994,12.115],[92.987,12.14],[92.967,12.141],[92.954,12.147]]],[[[92.956,12.103],[92.971,12.092],[92.957,12.078],[92.992,12.043],[92.995,12.1],[92.983,12.106],[92.974,12.097],[92.956,12.103]]],[[[92.958,13.345],[92.963,13.342],[92.964,13.346],[92.961,13.349],[92.958,13.345]]],[[[92.969,13.654],[93.024,13.641],[93.017,13.683],[92.975,13.677],[92.969,13.654]]],[[[93.001,12.139],[93.002,12.084],[93.023,12.071],[93.038,12.043],[93.049,12.068],[93.021,12.098],[93.03,12.125],[93.021,12.148],[93.024,12.166],[93.001,12.139]]],[[[93.005,13.299],[93.007,13.295],[93.01,13.296],[93.009,13.299],[93.005,13.299]]],[[[93.011,11.843],[93.014,11.828],[93.046,11.807],[93.07,11.831],[93.035,11.83],[93.016,11.837],[93.011,11.843]]],[[[93.011,13.322],[93.019,13.315],[93.018,13.338],[93.015,13.339],[93.011,13.322]]],[[[93.011,13.375],[93.012,13.364],[93.02,13.368],[93.027,13.378],[93.011,13.375]]],[[[93.017,13.362],[93.029,13.36],[93.03,13.363],[93.024,13.366],[93.017,13.362]]],[[[93.02,12.274],[93.024,12.273],[93.026,12.276],[93.023,12.278],[93.02,12.274]]],[[[93.032,8.445],[93.051,8.435],[93.05,8.457],[93.04,8.466],[93.032,8.445]]],[[[93.032,12.128],[93.047,12.118],[93.062,12.128],[93.066,12.117],[93.054,12.105],[93.071,12.08],[93.084,12.098],[93.079,12.119],[93.09,12.142],[93.08,12.148],[93.083,12.175],[93.066,12.173],[93.081,12.19],[93.067,12.198],[93.07,12.208],[93.061,12.208],[93.032,12.128]]],[[[93.032,13.362],[93.034,13.36],[93.036,13.365],[93.034,13.367],[93.032,13.362]]],[[[93.037,13.333],[93.055,13.34],[93.064,13.312],[93.07,13.338],[93.085,13.35],[93.072,13.345],[93.058,13.373],[93.049,13.391],[93.037,13.333]]],[[[93.039,13.651],[93.044,13.636],[93.064,13.661],[93.059,13.667],[93.039,13.651]]],[[[93.047,13.575],[93.049,13.575],[93.052,13.578],[93.05,13.58],[93.047,13.575]]],[[[93.05,12.111],[93.053,12.11],[93.056,12.115],[93.051,12.118],[93.05,12.111]]],[[[93.057,13.396],[93.059,13.393],[93.062,13.396],[93.062,13.398],[93.057,13.396]]],[[[93.06,12.227],[93.075,12.225],[93.097,12.241],[93.089,12.226],[93.097,12.205],[93.102,12.241],[93.1,12.258],[93.079,12.236],[93.076,12.258],[93.06,12.227]]],[[[93.06,12.316],[93.067,12.315],[93.068,12.319],[93.06,12.318],[93.06,12.316]]],[[[93.064,13.429],[93.067,13.424],[93.067,13.436],[93.066,13.437],[93.064,13.429]]],[[[93.067,13.31],[93.07,13.308],[93.073,13.311],[93.07,13.314],[93.067,13.31]]],[[[93.07,13.385],[93.072,13.384],[93.074,13.387],[93.071,13.389],[93.07,13.385]]],[[[93.074,11.776],[93.078,11.772],[93.083,11.779],[93.081,11.782],[93.074,11.776]]],[[[93.079,8.294],[93.087,8.259],[93.112,8.224],[93.19,8.195],[93.195,8.22],[93.149,8.244],[93.12,8.274],[93.136,8.34],[93.12,8.349],[93.093,8.337],[93.079,8.294]]],[[[93.084,13.427],[93.085,13.422],[93.088,13.427],[93.087,13.431],[93.084,13.427]]],[[[93.092,13.444],[93.096,13.441],[93.097,13.445],[93.092,13.448],[93.092,13.444]]],[[[93.107,12.139],[93.114,12.131],[93.12,12.14],[93.116,12.147],[93.107,12.139]]],[[[93.214,8.252],[93.218,8.233],[93.241,8.225],[93.234,8.253],[93.223,8.259],[93.214,8.252]]],[[[93.303,7.949],[93.313,7.928],[93.321,7.923],[93.325,7.934],[93.331,7.923],[93.344,7.942],[93.329,7.95],[93.353,7.958],[93.353,7.934],[93.335,7.92],[93.336,7.9],[93.351,7.886],[93.414,7.906],[93.452,7.874],[93.462,7.889],[93.455,7.927],[93.422,7.965],[93.407,7.957],[93.394,7.97],[93.401,8.006],[93.369,8.02],[93.352,8.008],[93.334,8.012],[93.313,7.995],[93.303,7.949]]],[[[93.445,8.143],[93.462,8.14],[93.458,8.128],[93.449,8.13],[93.461,8.123],[93.454,8.117],[93.462,8.1],[93.481,8.092],[93.486,8.114],[93.488,8.106],[93.486,8.083],[93.474,8.085],[93.477,8.047],[93.501,8.084],[93.523,8.078],[93.512,8.07],[93.523,8.065],[93.517,8.052],[93.505,8.048],[93.5,8.065],[93.497,8.036],[93.476,8.042],[93.482,7.999],[93.501,8.015],[93.498,8.032],[93.52,8.046],[93.538,8.038],[93.535,8.085],[93.487,8.146],[93.511,8.186],[93.51,8.172],[93.532,8.191],[93.533,8.223],[93.506,8.227],[93.485,8.219],[93.472,8.186],[93.446,8.176],[93.445,8.143]]],[[[93.498,7.988],[93.565,7.927],[93.57,7.996],[93.554,8.021],[93.535,8.024],[93.539,7.995],[93.521,8.023],[93.52,8.004],[93.498,7.988]]],[[[93.519,7.52],[93.528,7.517],[93.529,7.524],[93.52,7.529],[93.519,7.52]]],[[[93.551,8.118],[93.577,8.063],[93.565,8.071],[93.563,8.061],[93.583,8.038],[93.589,8.047],[93.572,8.123],[93.551,8.118]]],[[[93.6,8.536],[93.618,8.498],[93.608,8.475],[93.61,8.42],[93.618,8.463],[93.631,8.463],[93.628,8.486],[93.626,8.518],[93.614,8.523],[93.602,8.57],[93.6,8.536]]],[[[93.604,7.313],[93.616,7.297],[93.61,7.271],[93.627,7.247],[93.648,7.26],[93.663,7.289],[93.701,7.311],[93.737,7.364],[93.731,7.383],[93.703,7.405],[93.701,7.431],[93.687,7.443],[93.697,7.385],[93.68,7.395],[93.661,7.38],[93.648,7.387],[93.634,7.373],[93.614,7.377],[93.617,7.329],[93.604,7.313]]],[[[93.612,7.485],[93.614,7.478],[93.617,7.478],[93.617,7.484],[93.612,7.485]]],[[[93.626,7.476],[93.631,7.472],[93.632,7.474],[93.63,7.479],[93.626,7.476]]],[[[93.633,8.387],[93.634,8.385],[93.64,8.384],[93.643,8.388],[93.633,8.387]]],[[[93.64,7.129],[93.662,7.117],[93.642,7.103],[93.659,7.026],[93.651,7.012],[93.675,7.022],[93.691,6.999],[93.719,6.994],[93.717,6.976],[93.736,6.959],[93.736,6.94],[93.728,6.939],[93.735,6.919],[93.746,6.923],[93.778,6.887],[93.759,6.884],[93.758,6.873],[93.789,6.856],[93.772,6.85],[93.772,6.838],[93.799,6.82],[93.794,6.774],[93.817,6.763],[93.835,6.791],[93.839,6.831],[93.872,6.801],[93.896,6.838],[93.877,6.865],[93.883,6.91],[93.898,6.917],[93.898,6.936],[93.913,6.933],[93.918,6.959],[93.932,6.963],[93.911,6.995],[93.888,6.998],[93.912,7.014],[93.932,6.983],[93.936,6.997],[93.914,7.03],[93.901,7.03],[93.887,7.082],[93.87,7.094],[93.858,7.208],[93.845,7.221],[93.827,7.22],[93.827,7.247],[93.787,7.238],[93.793,7.219],[93.785,7.208],[93.766,7.218],[93.769,7.203],[93.742,7.219],[93.732,7.2],[93.744,7.205],[93.729,7.194],[93.727,7.205],[93.709,7.193],[93.669,7.195],[93.656,7.182],[93.66,7.155],[93.64,7.129]]],[[[93.665,7.412],[93.673,7.4],[93.672,7.406],[93.667,7.413],[93.665,7.412]]],[[[93.69,7.235],[93.692,7.214],[93.701,7.211],[93.701,7.221],[93.69,7.235]]],[[[93.742,7.402],[93.751,7.397],[93.75,7.404],[93.745,7.407],[93.742,7.402]]],[[[93.823,7.29],[93.826,7.289],[93.829,7.291],[93.829,7.293],[93.823,7.29]]],[[[93.834,12.278],[93.853,12.265],[93.865,12.279],[93.845,12.296],[93.834,12.278]]],[[[94.243,13.444],[94.257,13.437],[94.272,13.451],[94.273,13.47],[94.25,13.463],[94.243,13.444]]]]}},{"type":"Feature","properties":{"st_name":"Lakshadweep"},"geometry":{"type":"MultiPolygon","coordinates":[[[[72.17,10.818],[72.18,10.829],[72.203,10.869],[72.204,10.879],[72.17,10.818]]],[[[72.284,10.041],[72.289,10.046],[72.291,10.053],[72.286,10.046],[72.284,10.041]]],[[[72.285,10.938],[72.29,10.936],[72.294,10.946],[72.289,10.947],[72.285,10.938]]],[[[72.315,10.944],[72.321,10.946],[72.326,10.95],[72.317,10.95],[72.315,10.944]]],[[[72.327,10.13],[72.332,10.13],[72.332,10.133],[72.328,10.139],[72.327,10.13]]],[[[72.617,10.542],[72.65,10.564],[72.644,10.578],[72.641,10.579],[72.617,10.542]]],[[[72.706,11.683],[72.712,11.687],[72.717,11.695],[72.717,11.704],[72.706,11.683]]],[[[72.719,11.127],[72.72,11.114],[72.731,11.126],[72.734,11.136],[72.719,11.127]]],[[[72.762,11.183],[72.777,11.217],[72.79,11.26],[72.78,11.243],[72.762,11.183]]],[[[72.998,11.497],[73.008,11.47],[73.01,11.487],[72.999,11.498],[72.998,11.497]]],[[[73.018,8.275],[73.021,8.268],[73.043,8.264],[73.054,8.273],[73.06373,8.29368],[73.048,8.275],[73.018,8.275]]],[[[73.06429,8.29486],[73.078,8.324],[73.075,8.321],[73.069,8.309],[73.06429,8.29486]]],[[[73.635,10.071],[73.641,10.057],[73.648,10.072],[73.651,10.102],[73.635,10.071]]],[[[73.66,10.129],[73.661,10.13],[73.664,10.141],[73.66,10.154],[73.66,10.129]]],[[[73.66,10.811],[73.672,10.804],[73.702,10.814],[73.7,10.816],[73.668,10.818],[73.66,10.811]]]]}},{"type":"Feature","properties":{"st_name":"Jammu & Kashmir"},"geometry":{"type":"MultiPolygon","coordinates":[[[[72.529,35.926],[72.538,35.914],[72.569,35.907],[72.598,35.873],[72.645,35.866],[72.69,35.832],[72.737,35.858],[72.777,35.843],[72.83,35.887],[72.857,35.877],[72.901,35.881],[72.904,35.853],[72.929,35.845],[72.999,35.863],[73.037,35.854],[73.077,35.886],[73.1,35.878],[73.153,35.841],[73.135,35.793],[73.136,35.719],[73.272,35.629],[73.367,35.605],[73.406,35.563],[73.481,35.577],[73.57,35.554],[73.635,35.571],[73.672,35.551],[73.72,35.553],[73.734,35.536],[73.784,35.525],[73.794,35.46],[73.738,35.427],[73.7,35.358],[73.699,35.323],[73.726,35.278],[73.716,35.225],[73.731,35.217],[73.777,35.243],[73.811,35.242],[73.864,35.21],[73.916,35.212],[73.958,35.174],[73.999,35.184],[74.038,35.147],[74.113,35.151],[74.11,35.13],[74.133,35.112],[74.092,35.096],[74.066,35.048],[74.107,35.019],[74.06,34.993],[74.073,34.939],[74.043,34.921],[74.029,34.877],[73.974,34.865],[73.964,34.841],[73.935,34.833],[73.917,34.814],[73.849,34.817],[73.82,34.795],[73.749,34.787],[73.667,34.684],[73.666,34.666],[73.695,34.654],[73.659,34.61],[73.65,34.568],[73.639,34.566],[73.618,34.586],[73.557,34.593],[73.522,34.574],[73.447,34.574],[73.429,34.521],[73.437,34.504],[73.421,34.47],[73.419,34.417],[73.408,34.386],[73.391,34.377],[73.401,34.358],[73.424,34.353],[73.453,34.278],[73.467,34.296],[73.478,34.29],[73.469,34.251],[73.492,34.22],[73.488,34.144],[73.516,34],[73.549,33.931],[73.578,33.91],[73.589,33.884],[73.558,33.783],[73.591,33.754],[73.597,33.716],[73.562,33.675],[73.568,33.641],[73.561,33.621],[73.589,33.604],[73.603,33.607],[73.6,33.593],[73.62,33.574],[73.618,33.544],[73.632,33.533],[73.606,33.52],[73.609,33.5],[73.596,33.5],[73.601,33.478],[73.612,33.48],[73.624,33.457],[73.587,33.443],[73.582,33.429],[73.591,33.422],[73.564,33.394],[73.558,33.368],[73.571,33.356],[73.565,33.342],[73.59,33.337],[73.581,33.326],[73.603,33.295],[73.605,33.251],[73.624,33.237],[73.628,33.215],[73.64,33.226],[73.657,33.208],[73.656,33.169],[73.625,33.14],[73.627,33.09],[73.688,33.088],[73.734,33.066],[73.743,33.039],[73.788,32.998],[73.779,32.974],[73.786,32.965],[73.808,32.972],[73.829,33.007],[73.957,32.987],[73.968,32.969],[73.996,32.96],[73.987,32.935],[74.048,32.932],[74.059,32.909],[74.177,32.883],[74.202,32.87],[74.217,32.845],[74.301,32.823],[74.308,32.792],[74.354,32.763],[74.383,32.758],[74.406,32.782],[74.443,32.78],[74.45713,32.78863],[74.456,32.783],[74.46,32.773],[74.5,32.76],[74.508,32.738],[74.543,32.743],[74.556,32.757],[74.575,32.745],[74.612,32.755],[74.63,32.747],[74.631,32.774],[74.653,32.781],[74.632,32.799],[74.635,32.813],[74.651,32.827],[74.663,32.821],[74.7,32.835],[74.699,32.81],[74.649,32.698],[74.661,32.672],[74.692,32.655],[74.651,32.629],[74.634,32.602],[74.649,32.591],[74.651,32.559],[74.667,32.559],[74.662,32.536],[74.688,32.525],[74.68,32.486],[74.703,32.485],[74.715,32.47],[74.793,32.469],[74.816,32.489],[74.876,32.482],[74.895,32.461],[74.935,32.462],[74.949,32.44],[75.004,32.452],[75.03,32.493],[75.086,32.465],[75.105,32.474],[75.10951,32.46885],[75.109,32.466],[75.136,32.425],[75.131,32.402],[75.189,32.42],[75.2,32.411],[75.196,32.393],[75.216,32.395],[75.239,32.38],[75.254,32.385],[75.258,32.364],[75.286,32.366],[75.304,32.337],[75.349,32.345],[75.429,32.316],[75.467,32.326],[75.468,32.339],[75.489,32.346],[75.482,32.32],[75.513,32.308],[75.503,32.292],[75.526,32.276],[75.543,32.306],[75.539,32.334],[75.559,32.357],[75.597,32.378],[75.687,32.391],[75.71,32.411],[75.723,32.406],[75.729,32.433],[75.744,32.432],[75.73,32.439],[75.729,32.453],[75.772,32.463],[75.833,32.503],[75.83,32.514],[75.873,32.55],[75.866,32.563],[75.877,32.568],[75.879,32.587],[75.899,32.593],[75.919,32.634],[75.931,32.632],[75.933,32.647],[75.915,32.644],[75.906,32.658],[75.884,32.652],[75.921,32.748],[75.886,32.782],[75.879,32.811],[75.819,32.853],[75.797,32.884],[75.838,32.928],[75.919,32.906],[75.95,32.873],[76.083,32.955],[76.106,32.987],[76.107,33.006],[76.243,33.021],[76.272,33.037],[76.29,33.058],[76.286,33.102],[76.404,33.186],[76.48,33.179],[76.561,33.209],[76.595,33.206],[76.612,33.173],[76.643,33.162],[76.709,33.181],[76.747,33.178],[76.78,33.237],[76.75794,33.24932],[76.799,33.256],[76.82,33.236],[76.831,33.249],[76.843,33.247],[76.826,33.215],[76.834,33.205],[76.817,33.194],[76.817,33.16],[76.855,33.114],[76.885,33.122],[76.909,33.094],[76.906,33.079],[76.929,33.032],[76.972,33],[76.992,33.002],[77.01,32.989],[77.049,32.999],[77.086,32.972],[77.116,32.985],[77.15,32.978],[77.149,32.956],[77.161,32.953],[77.164,32.937],[77.157,32.912],[77.17,32.911],[77.188,32.929],[77.199,32.909],[77.243,32.893],[77.237,32.881],[77.254,32.864],[77.274,32.874],[77.301,32.85],[77.323,32.851],[77.339,32.817],[77.373,32.823],[77.374,32.855],[77.405,32.883],[77.445,32.88],[77.469,32.858],[77.501,32.886],[77.513,32.877],[77.539,32.887],[77.596,32.927],[77.602,32.943],[77.674,32.961],[77.682,32.989],[77.713,32.983],[77.72,32.969],[77.741,32.969],[77.811,32.907],[77.789,32.891],[77.781,32.866],[77.826,32.836],[77.839,32.842],[77.869,32.827],[77.888,32.799],[77.884,32.788],[77.904,32.772],[77.926,32.772],[77.934,32.726],[77.919,32.691],[77.946,32.662],[77.971,32.655],[78.016,32.62],[78.047,32.645],[78.061,32.626],[78.087,32.624],[78.099,32.63],[78.093,32.648],[78.111,32.663],[78.148,32.654],[78.143,32.682],[78.219,32.665],[78.246,32.672],[78.253,32.691],[78.312,32.709],[78.304,32.734],[78.357,32.758],[78.388,32.757],[78.394,32.716],[78.38,32.668],[78.387,32.634],[78.405,32.619],[78.348,32.581],[78.313,32.574],[78.315,32.525],[78.295,32.504],[78.326,32.472],[78.399,32.526],[78.427,32.532],[78.435,32.561],[78.458,32.58],[78.498,32.581],[78.534,32.608],[78.572,32.617],[78.619,32.596],[78.638,32.609],[78.661,32.654],[78.722,32.661],[78.766,32.697],[78.761,32.655],[78.796,32.598],[78.775,32.573],[78.775,32.558],[78.826,32.438],[78.857,32.44],[78.902,32.393],[78.96,32.366],[78.98,32.338],[79.032,32.386],[79.114,32.384],[79.124,32.413],[79.143,32.423],[79.145,32.443],[79.13,32.466],[79.136,32.477],[79.194,32.483],[79.236,32.506],[79.249,32.534],[79.272,32.532],[79.294,32.55],[79.319,32.593],[79.393,32.572],[79.405,32.529],[79.447,32.532],[79.468,32.576],[79.514,32.608],[79.626,32.739],[79.602,32.777],[79.586,32.774],[79.566,32.787],[79.421,32.961],[79.384,32.968],[79.383,32.989],[79.33,33.012],[79.392,33.036],[79.376,33.084],[79.445,33.206],[79.453,33.258],[79.369,33.282],[79.314,33.273],[79.239,33.298],[79.109,33.292],[79.016,33.335],[78.988,33.333],[78.967,33.375],[78.952,33.381],[78.932,33.433],[78.941,33.509],[78.914,33.574],[78.913,33.628],[78.988,33.611],[79.046,33.627],[79.106,33.617],[79.089,33.657],[79.09,33.687],[79.052,33.678],[79.019,33.705],[79.041,33.749],[79.067,33.756],[79.059,33.78],[79.046,33.766],[79.033,33.783],[79.015,33.778],[79.018,33.798],[78.999,33.803],[78.942,33.908],[78.947,33.92],[78.904,33.976],[78.951,34.029],[79.021,34.051],[79.06,34.028],[79.111,34.019],[79.134,34.027],[79.15,34.068],[79.17,34.073],[79.197,34.051],[79.354,34.037],[79.425,34.017],[79.436,34.028],[79.413,34.055],[79.419,34.078],[79.493,34.136],[79.488,34.157],[79.506,34.205],[79.543,34.207],[79.571,34.223],[79.584,34.244],[79.59,34.282],[79.558,34.332],[79.56,34.41],[79.527,34.418],[79.526,34.445],[79.507,34.474],[79.592,34.5],[79.66,34.479],[79.792,34.485],[79.813,34.5],[79.809,34.531],[79.757,34.554],[79.769,34.582],[79.791,34.589],[79.774,34.627],[79.815,34.643],[79.859,34.688],[79.943,34.681],[80.067,34.714],[80.072,34.828],[80.122,34.893],[80.173,35.002],[80.184,35.063],[80.182,35.166],[80.224,35.22],[80.234,35.276],[80.269,35.344],[80.282,35.387],[80.279,35.44],[80.296,35.46],[80.326,35.469],[80.29,35.607],[80.236,35.641],[80.106,35.68],[80.087,35.725],[80.057,35.749],[80.037,35.799],[79.998,35.837],[79.928,35.827],[79.869,35.783],[79.736,35.802],[79.71,35.819],[79.558,35.861],[79.517,35.883],[79.421,35.896],[79.402,35.918],[79.377,35.995],[79.214,35.978],[79.188,35.947],[79.193,35.886],[79.131,35.836],[79.02,35.848],[78.959,35.892],[78.938,35.879],[78.822,35.855],[78.767,35.869],[78.663,35.857],[78.618,35.817],[78.579,35.808],[78.573,35.789],[78.559,35.792],[78.52,35.763],[78.422,35.785],[78.385,35.735],[78.337,35.72],[78.272,35.721],[78.271,35.668],[78.254,35.645],[78.198,35.669],[78.185,35.624],[78.161,35.629],[78.155,35.552],[78.136,35.538],[78.091,35.556],[78.076,35.549],[78.041,35.587],[77.99,35.581],[77.951,35.606],[77.965,35.571],[77.93,35.515],[77.964,35.496],[77.981,35.455],[77.921,35.494],[77.9,35.468],[77.886,35.484],[77.863,35.481],[77.817,35.512],[77.771,35.495],[77.732,35.524],[77.722,35.475],[77.671,35.47],[77.644,35.489],[77.613,35.469],[77.511,35.488],[77.438,35.461],[77.347,35.493],[77.32,35.532],[77.377,35.55],[77.434,35.517],[77.485,35.532],[77.459,35.547],[77.464,35.573],[77.456,35.593],[77.426,35.61],[77.435,35.622],[77.43,35.654],[77.4,35.662],[77.357,35.717],[77.326,35.719],[77.314,35.699],[77.276,35.72],[77.267,35.709],[77.227,35.712],[77.22,35.728],[77.166,35.734],[77.163,35.766],[77.142,35.769],[77.114,35.797],[77.079,35.797],[77.019,35.774],[76.934,35.784],[76.894,35.799],[76.857,35.831],[76.811,35.844],[76.778,35.898],[76.722,35.953],[76.768,36.009],[76.807,36.018],[76.801,36.047],[76.718,36.083],[76.703,36.128],[76.643,36.183],[76.6,36.165],[76.562,36.173],[76.544,36.192],[76.481,36.211],[76.432,36.251],[76.449,36.269],[76.431,36.308],[76.351,36.359],[76.254,36.347],[76.197,36.387],[76.172,36.39],[76.076,36.474],[75.922,36.502],[75.768,36.573],[75.615,36.761],[75.473,36.81],[75.443,36.887],[75.413,36.891],[75.408,36.916],[75.426,36.938],[75.422,36.96],[75.4,36.967],[75.375,36.96],[75.351,36.98],[75.343,37.052],[75.264,37.051],[75.208,37.036],[75.15,36.966],[75.095,36.942],[75.018,36.976],[74.94,36.934],[74.921,36.905],[74.845,36.989],[74.839,37.022],[74.778,37.029],[74.752,37.011],[74.734,37.02],[74.708,37.077],[74.586,37.045],[74.578,36.948],[74.554,36.953],[74.531,36.986],[74.429,36.989],[74.415,36.972],[74.367,36.958],[74.26,36.886],[74.168,36.902],[74.142,36.839],[74.12,36.832],[74.092,36.838],[74.055,36.806],[74.025,36.826],[73.993,36.826],[73.937,36.873],[73.913,36.871],[73.878,36.894],[73.848,36.899],[73.817,36.885],[73.809,36.896],[73.767,36.904],[73.745,36.896],[73.689,36.911],[73.681,36.885],[73.718,36.857],[73.723,36.834],[73.805,36.815],[73.829,36.789],[73.863,36.788],[73.899,36.749],[73.901,36.706],[73.883,36.699],[73.808,36.716],[73.782,36.702],[73.724,36.709],[73.7,36.684],[73.654,36.695],[73.632,36.689],[73.607,36.698],[73.599,36.72],[73.543,36.709],[73.441,36.744],[73.399,36.731],[73.371,36.734],[73.36,36.715],[73.314,36.706],[73.214,36.699],[73.189,36.721],[73.126,36.686],[73.085,36.699],[73.091,36.634],[73.112,36.609],[73.061,36.537],[72.995,36.514],[72.99,36.48],[73.003,36.475],[72.991,36.457],[72.962,36.467],[72.922,36.462],[72.879,36.443],[72.889,36.397],[72.866,36.373],[72.829,36.361],[72.778,36.309],[72.692,36.275],[72.693,36.249],[72.636,36.276],[72.596,36.264],[72.585,36.23],[72.56,36.212],[72.551,36.181],[72.573,36.15],[72.536,36.114],[72.53,36.074],[72.549,36.056],[72.586,36.05],[72.595,36.027],[72.573,35.996],[72.555,35.996],[72.548,35.962],[72.53,35.952],[72.529,35.926]]]]}},{"type":"Feature","properties":{"st_name":"Jharkhand"},"geometry":{"type":"MultiPolygon","coordinates":[[[[83.33,24.101],[83.388,24.1],[83.406,24.081],[83.432,24.086],[83.452,24.043],[83.516,24.027],[83.524,24.01],[83.515,23.98],[83.548,23.936],[83.554,23.896],[83.586,23.886],[83.571,23.862],[83.66,23.849],[83.665,23.828],[83.705,23.821],[83.721,23.772],[83.738,23.761],[83.746,23.72],[83.724,23.684],[83.761,23.651],[83.752,23.641],[83.759,23.627],[83.801,23.602],[83.807,23.587],[83.815,23.596],[83.938,23.569],[83.931,23.62],[84.015,23.634],[84.051,23.661],[84.009,23.628],[84.03,23.6],[84.028,23.546],[84.014,23.503],[83.974,23.46],[83.986,23.426],[83.967,23.388],[83.98,23.365],[84.011,23.354],[84.023,23.378],[84.05,23.375],[84.054,23.352],[84.07495,23.33378],[84.054,23.246],[84.063,23.206],[84.032,23.16],[84.037,23.141],[84.067,23.111],[84.093,23.113],[84.133,23.083],[84.125,23.036],[84.149,22.966],[84.176,22.977],[84.175,23.01],[84.186,23.028],[84.202,23.021],[84.219,22.979],[84.242,22.983],[84.253,22.973],[84.277,22.993],[84.283,22.964],[84.329,22.983],[84.378,22.976],[84.396,22.939],[84.393,22.92],[84.376,22.907],[84.381,22.878],[84.372,22.865],[84.333,22.86],[84.316,22.801],[84.292,22.785],[84.292,22.773],[84.29363,22.77254],[84.286,22.763],[84.26,22.767],[84.23,22.738],[84.239,22.692],[84.227,22.672],[84.153,22.637],[84.084,22.638],[84.054,22.598],[84.024,22.592],[84.009,22.573],[84.009,22.526],[84.06,22.516],[84.114,22.476],[84.142,22.474],[84.141,22.425],[84.157,22.407],[84.199,22.376],[84.252,22.378],[84.294,22.342],[84.43,22.353],[84.431,22.37],[84.45,22.383],[84.485,22.389],[84.482,22.412],[84.535,22.427],[84.629,22.435],[84.668,22.419],[84.75,22.419],[84.759,22.447],[84.812,22.452],[84.818,22.437],[84.839,22.43],[84.882,22.447],[84.886,22.421],[84.91,22.423],[84.923,22.443],[84.956,22.458],[84.959,22.443],[85.033,22.473],[85.038,22.484],[85.06837,22.48768],[85.067,22.484],[85.076,22.463],[85.06,22.448],[85.086,22.4],[85.076,22.356],[85.095,22.344],[85.092,22.316],[85.118,22.317],[85.117,22.295],[85.071,22.275],[85.077,22.253],[85.05,22.195],[85.054,22.183],[85.029,22.162],[85.028,22.123],[84.985,22.096],[84.984,22.086],[84.996,22.082],[85.042,22.116],[85.099,22.106],[85.122,22.071],[85.155,22.078],[85.174,22.052],[85.167,22.07],[85.181,22.073],[85.186,22.059],[85.214,22.049],[85.221,22.018],[85.239,22.009],[85.281,22.091],[85.324,22.128],[85.365,22.124],[85.36,22.144],[85.371,22.161],[85.421,22.159],[85.526,22.11],[85.542,22.091],[85.559,22.096],[85.597,22.079],[85.652,22.096],[85.683,22.055],[85.751,22.074],[85.807,22.116],[85.821,22.106],[85.813,22.095],[85.832,22.093],[85.836,22.08],[85.816,22.074],[85.793,22.082],[85.775,22.056],[85.784,22.04],[85.76,22.013],[85.763,21.996],[85.782,21.985],[85.817,21.986],[85.824,21.975],[85.896,21.984],[85.908,21.971],[85.916,22.009],[85.931,22.023],[85.944,22.021],[86.007,22.117],[85.998,22.133],[86.031,22.19],[85.974,22.247],[85.989,22.254],[85.988,22.267],[86.014,22.297],[86.047,22.309],[86.014,22.313],[86.026,22.335],[85.998,22.341],[86.021,22.364],[86.027,22.386],[86.015,22.429],[85.985,22.435],[85.957,22.464],[85.963,22.485],[85.984,22.515],[86.026,22.525],[86.032,22.538],[86.022,22.548],[86.042,22.568],[86.063,22.555],[86.102,22.501],[86.117,22.487],[86.222,22.468],[86.224,22.453],[86.269,22.442],[86.281,22.449],[86.321,22.385],[86.358,22.349],[86.43,22.308],[86.442,22.307],[86.445,22.329],[86.462,22.326],[86.497,22.347],[86.508,22.328],[86.527,22.323],[86.533,22.301],[86.541,22.308],[86.554,22.298],[86.582,22.302],[86.593,22.278],[86.611,22.284],[86.644,22.268],[86.651,22.239],[86.671,22.242],[86.686,22.222],[86.756,22.211],[86.776,22.218],[86.782,22.237],[86.795,22.228],[86.785,22.231],[86.778,22.218],[86.802,22.218],[86.812,22.241],[86.794,22.243],[86.792,22.267],[86.801,22.266],[86.803,22.244],[86.814,22.267],[86.817,22.254],[86.824,22.267],[86.887,22.257],[86.888,22.297],[86.831,22.33],[86.846,22.399],[86.813,22.419],[86.765,22.427],[86.763,22.449],[86.751,22.456],[86.751,22.482],[86.793,22.478],[86.801,22.488],[86.789,22.547],[86.767,22.556],[86.766,22.576],[86.71,22.583],[86.658,22.576],[86.656,22.591],[86.633,22.611],[86.635,22.665],[86.543,22.722],[86.513,22.717],[86.511,22.704],[86.461,22.762],[86.418,22.783],[86.439,22.831],[86.435,22.86],[86.451,22.862],[86.453,22.886],[86.467,22.901],[86.452,22.903],[86.435,22.925],[86.476,22.952],[86.489,22.938],[86.503,22.952],[86.526,22.948],[86.531,22.965],[86.545,22.966],[86.546,22.99],[86.52,22.97],[86.508,22.973],[86.501,22.995],[86.447,22.988],[86.42,23],[86.395,22.98],[86.385,22.995],[86.354,22.999],[86.34,22.99],[86.303,23.009],[86.304,23.017],[86.238,22.997],[86.23865,22.99328],[86.206,23],[86.207,23.008],[86.186,23.005],[86.142,23.057],[86.146,23.075],[86.127,23.087],[86.098,23.085],[86.049,23.106],[86.055,23.123],[86.044,23.145],[85.957,23.161],[85.917,23.146],[85.882,23.167],[85.882,23.198],[85.866,23.22],[85.836,23.221],[85.838,23.247],[85.82,23.268],[85.838,23.306],[85.883,23.35],[85.869,23.388],[85.902,23.399],[85.886,23.405],[85.885,23.428],[85.85836,23.43016],[85.862,23.462],[85.88347,23.48526],[85.886,23.482],[85.933,23.473],[86.045,23.484],[86.059,23.495],[86.039,23.498],[86.028,23.542],[86.017,23.546],[86.04899,23.59992],[86.047,23.586],[86.078,23.579],[86.081,23.566],[86.126,23.57],[86.132,23.559],[86.159,23.56],[86.148,23.52],[86.161,23.507],[86.148,23.466],[86.176,23.47],[86.23,23.444],[86.233,23.462],[86.247,23.459],[86.23,23.431],[86.247,23.423],[86.248,23.412],[86.259,23.413],[86.252,23.427],[86.264,23.431],[86.29,23.429],[86.29,23.418],[86.31,23.412],[86.318,23.427],[86.306,23.435],[86.334,23.447],[86.351,23.442],[86.364,23.472],[86.379,23.474],[86.378,23.486],[86.362,23.485],[86.376,23.51],[86.365,23.522],[86.367,23.541],[86.388,23.574],[86.414,23.576],[86.421,23.59],[86.447,23.599],[86.446,23.618],[86.462,23.63],[86.491,23.638],[86.528,23.63],[86.575,23.648],[86.6,23.674],[86.713,23.699],[86.739,23.695],[86.747,23.679],[86.799,23.689],[86.812,23.746],[86.828,23.752],[86.826,23.777],[86.804,23.801],[86.804,23.83],[86.77006,23.86095],[86.772,23.861],[86.814,23.831],[86.821,23.816],[86.853,23.826],[86.875,23.848],[86.89,23.821],[86.88,23.862],[86.916,23.883],[86.947,23.846],[86.974,23.869],[87.08,23.81],[87.092,23.815],[87.102,23.804],[87.115,23.808],[87.118,23.797],[87.14,23.805],[87.149,23.797],[87.167,23.825],[87.13,23.854],[87.129,23.869],[87.181,23.853],[87.197,23.858],[87.189,23.843],[87.206,23.856],[87.233,23.857],[87.217,23.83],[87.239,23.826],[87.256,23.844],[87.241,23.871],[87.246,23.909],[87.258,23.908],[87.267,23.875],[87.291,23.894],[87.284,23.936],[87.293,23.958],[87.262,23.968],[87.263,24.002],[87.249,23.998],[87.233,24.024],[87.246,24.045],[87.288,24.029],[87.337,24.034],[87.319,24.008],[87.329,23.999],[87.351,23.998],[87.36,24.013],[87.441,23.981],[87.46,23.984],[87.461,23.996],[87.438,24.013],[87.477,24.012],[87.512,24.036],[87.509,24.048],[87.493,24.054],[87.493,24.077],[87.51,24.084],[87.49,24.09],[87.501,24.101],[87.498,24.118],[87.532,24.108],[87.543,24.086],[87.56,24.082],[87.58,24.087],[87.574,24.111],[87.585,24.124],[87.61,24.132],[87.573,24.161],[87.616,24.166],[87.642,24.153],[87.694,24.15],[87.695,24.187],[87.677,24.195],[87.674,24.208],[87.638,24.216],[87.647,24.231],[87.636,24.242],[87.63832,24.25206],[87.66,24.236],[87.706,24.261],[87.713,24.294],[87.73,24.288],[87.761,24.309],[87.771,24.322],[87.764,24.338],[87.801,24.382],[87.794,24.4],[87.812,24.411],[87.807,24.42],[87.801,24.409],[87.789,24.416],[87.803,24.454],[87.824,24.459],[87.81,24.476],[87.828,24.498],[87.811,24.491],[87.809,24.514],[87.799,24.494],[87.799,24.543],[87.809,24.547],[87.792,24.572],[87.771,24.571],[87.772,24.584],[87.812,24.579],[87.827,24.56],[87.852,24.554],[87.892,24.566],[87.893,24.582],[87.909,24.585],[87.912,24.61],[87.875,24.613],[87.906,24.615],[87.906,24.629],[87.888,24.631],[87.914,24.638],[87.917,24.665],[87.888,24.68],[87.908,24.721],[87.89,24.725],[87.883,24.741],[87.874,24.733],[87.843,24.741],[87.818,24.761],[87.835,24.79],[87.836,24.766],[87.854,24.762],[87.869,24.775],[87.869,24.789],[87.882,24.799],[87.87,24.825],[87.901,24.823],[87.891,24.855],[87.952,24.908],[87.963,24.938],[87.958,24.971],[87.941,24.991],[87.906,25.001],[87.876,25.034],[87.795,25.088],[87.801,25.117],[87.779,25.144],[87.771,25.179],[87.779,25.247],[87.712,25.258],[87.712,25.275],[87.693,25.285],[87.699,25.304],[87.685,25.306],[87.692,25.311],[87.655,25.307],[87.63,25.32],[87.612,25.313],[87.584,25.333],[87.592,25.342],[87.584,25.349],[87.571,25.333],[87.552,25.332],[87.543,25.281],[87.502,25.292],[87.494,25.307],[87.486,25.297],[87.5,25.259],[87.491,25.261],[87.476,25.237],[87.478,25.194],[87.463,25.195],[87.46448,25.18745],[87.462,25.197],[87.396,25.227],[87.372,25.206],[87.328,25.224],[87.295,25.089],[87.251,25.106],[87.237,25.086],[87.214,25.091],[87.147,25.021],[87.152,24.932],[87.143,24.913],[87.157,24.884],[87.143,24.86],[87.111,24.858],[87.091,24.825],[87.075,24.82],[87.073,24.808],[87.096,24.802],[87.078,24.778],[87.084,24.756],[87.07,24.745],[87.081,24.729],[87.054,24.67],[87.051,24.609],[87.023,24.616],[87.017,24.631],[86.996,24.62],[86.978,24.639],[86.953,24.631],[86.958,24.648],[86.938,24.65],[86.945,24.636],[86.907,24.589],[86.915,24.542],[86.881,24.572],[86.857,24.555],[86.843,24.558],[86.843,24.574],[86.803,24.57],[86.811,24.597],[86.789,24.619],[86.754,24.621],[86.75,24.595],[86.735,24.58],[86.67,24.565],[86.603,24.608],[86.58,24.567],[86.559,24.562],[86.552,24.536],[86.53,24.54],[86.509,24.522],[86.487,24.464],[86.495,24.456],[86.491,24.428],[86.467,24.424],[86.472,24.394],[86.456,24.373],[86.45594,24.37201],[86.413,24.38],[86.35,24.447],[86.317,24.442],[86.276,24.466],[86.309,24.511],[86.297,24.535],[86.308,24.549],[86.301,24.56],[86.323,24.587],[86.259,24.578],[86.214,24.614],[86.214,24.595],[86.18,24.584],[86.133,24.606],[86.115,24.644],[86.132,24.676],[86.128,24.699],[86.091,24.746],[86.066,24.751],[86.037,24.741],[86.057,24.762],[86.055,24.78],[85.98,24.749],[85.969,24.733],[85.944,24.734],[85.914,24.75],[85.889,24.793],[85.867,24.804],[85.821,24.808],[85.809,24.794],[85.778,24.797],[85.757,24.813],[85.735,24.821],[85.722,24.786],[85.707,24.78],[85.709,24.727],[85.689,24.698],[85.649,24.685],[85.667,24.662],[85.676,24.617],[85.668,24.579],[85.615,24.581],[85.581,24.601],[85.566,24.587],[85.572,24.562],[85.56,24.553],[85.541,24.563],[85.538,24.527],[85.508,24.525],[85.508,24.538],[85.491,24.548],[85.444,24.534],[85.432,24.529],[85.378,24.556],[85.371,24.553],[85.397,24.545],[85.392,24.53],[85.288,24.524],[85.284,24.493],[85.25,24.491],[85.226,24.463],[85.16,24.459],[85.156,24.446],[85.175,24.422],[85.123,24.402],[85.08741,24.37006],[85.088,24.374],[85.073,24.378],[85.081,24.433],[85.061,24.406],[85.031,24.414],[84.975,24.375],[84.904,24.372],[84.904,24.395],[84.882,24.425],[84.887,24.463],[84.864,24.457],[84.854,24.467],[84.84,24.452],[84.839,24.513],[84.825,24.525],[84.808,24.522],[84.802,24.531],[84.787,24.505],[84.755,24.5],[84.729,24.47],[84.688,24.458],[84.665,24.391],[84.646,24.403],[84.587,24.401],[84.584,24.413],[84.568,24.409],[84.562,24.397],[84.572,24.383],[84.528,24.376],[84.532,24.339],[84.509,24.315],[84.501,24.288],[84.492,24.286],[84.491,24.303],[84.471,24.305],[84.461,24.336],[84.442,24.332],[84.425,24.33],[84.431,24.356],[84.401,24.364],[84.407,24.375],[84.394,24.373],[84.389,24.389],[84.342,24.394],[84.335,24.421],[84.321,24.421],[84.336,24.431],[84.322,24.446],[84.298,24.449],[84.296,24.473],[84.328,24.492],[84.298,24.56],[84.27,24.56],[84.28,24.547],[84.257,24.527],[84.235,24.539],[84.236,24.55],[84.22,24.547],[84.213,24.533],[84.201,24.554],[84.188,24.553],[84.173,24.545],[84.185,24.521],[84.179,24.505],[84.156,24.511],[84.163,24.533],[84.145,24.537],[84.135,24.524],[84.141,24.5],[84.111,24.477],[84.086,24.506],[84.093,24.534],[84.078,24.541],[84.074,24.567],[84.06,24.571],[84.065,24.583],[84.052,24.587],[84.052,24.61],[84.025,24.629],[84.021,24.639],[83.998,24.639],[83.975,24.591],[83.929,24.546],[83.873,24.532],[83.8,24.53],[83.72,24.503],[83.688,24.514],[83.49,24.524],[83.401,24.503],[83.385,24.457],[83.394,24.434],[83.405,24.436],[83.404,24.405],[83.436,24.4],[83.457,24.364],[83.434,24.338],[83.412,24.34],[83.38,24.313],[83.407,24.288],[83.408,24.262],[83.379,24.23],[83.382,24.195],[83.354,24.124],[83.33,24.101]]]]}}]}