state,lgd_ac_code,lgd_ac_name,lgd_pc_code,lgd_pc_name,eci_ac_no,app_j,app_name,app_year_matched,method,similarity,delimitation,lgd_state_code,app_years,app_r,lgd_res_tag,lgd_eci_ac_code,lgd_eci_code_agrees,app_r_reliable,app_pc_no,app_pc_name,lgd_pc_as_eci,pc_check,note,lgd_sources
Andhra Pradesh,3405,Ichchapuram,445,Srikakulam,1,120,ICHCHAPURAM,2024,eci_code,1.0,2008,28,2009;2014;2019;2024,GEN,,120,yes (undivided-AP number),yes,2,SRIKAKULAM,2,agrees,,AC_list;coverage;urban_mapping
Andhra Pradesh,3407,Palasa,445,Srikakulam,2,121,PALASA,2024,eci_code,1.0,2008,28,2009;2014;2019;2024,GEN,,121,yes (undivided-AP number),yes,2,SRIKAKULAM,2,agrees,,AC_list;coverage;urban_mapping
Andhra Pradesh,3410,Tekkali,445,Srikakulam,3,122,TEKKALI,2024,exact_name,1.0,2008,28,2009;2014;2019;2024,GEN,,,,yes,2,SRIKAKULAM,2,agrees,,AC_list;coverage
Andhra Pradesh,3408,Pathapatnam,445,Srikakulam,4,123,PATHAPATNAM,2024,exact_name,1.0,2008,28,2009;2014;2019;2024,GEN,,,,yes,2,SRIKAKULAM,2,agrees,,AC_list;coverage
Andhra Pradesh,3409,Srikakulam,445,Srikakulam,5,124,SRIKAKULAM,2024,eci_code,1.0,2008,28,2009;2014;2019;2024,GEN,,124,yes (undivided-AP number),yes,2,SRIKAKULAM,2,agrees,,AC_list;coverage;urban_mapping
Andhra Pradesh,3404,Amadalavalasa,445,Srikakulam,6,125,AMADALAVALASA,2024,eci_code,1.0,2008,28,2009;2014;2019;2024,GEN,,125,yes (undivided-AP number),yes,2,SRIKAKULAM,2,agrees,,AC_list;coverage;urban_mapping
Andhra Pradesh,3434,Etcherla,449,Vizianagaram,7,126,ETCHERLA,2024,eci_code,1.0,2008,28,2009;2014;2019;2024,GEN,,126,yes (undivided-AP number),yes,3,VIZIANAGARAM,3,agrees,,AC_list;coverage;urban_mapping
Andhra Pradesh,3406,Narasannapeta,445,Srikakulam,8,127,NARASANNAPETA,2024,exact_name,1.0,2008,28,2009;2014;2019;2024,GEN,,,,yes,2,SRIKAKULAM,2,agrees,,AC_list;coverage
Andhra Pradesh,3437,Rajam,449,Vizianagaram,9,128,RAJAM,2024,eci_code,1.0,2008,28,2009;2014;2019;2024,SC,,128,yes (undivided-AP number),yes,3,VIZIANAGARAM,3,agrees,,AC_list;coverage;urban_mapping
Andhra Pradesh,3190,Palakonda,414,Araku,10,129,PALAKONDA,2024,eci_code,1.0,2008,28,2009;2014;2019;2024,ST,,129,yes (undivided-AP number),yes,1,ARAKU,1,agrees,,coverage;urban_mapping
Andhra Pradesh,3188,Kurupam,414,Araku,11,130,KURUPAM,2024,exact_name,1.0,2008,28,2009;2014;2019;2024,ST,,,,yes,1,ARAKU,1,agrees,,coverage
Andhra Pradesh,3191,Parvathipuram,414,Araku,12,131,PARVATHIPURAM,2024,eci_code,1.0,2008,28,2009;2014;2019;2024,SC,,131,yes (undivided-AP number),yes,1,ARAKU,1,agrees,,coverage;urban_mapping
Andhra Pradesh,3193,Salur,414,Araku,13,132,SALUR,2024,eci_code,1.0,2008,28,2009;2014;2019;2024,ST,,132,yes (undivided-AP number),yes,1,ARAKU,1,agrees,,coverage;urban_mapping
Andhra Pradesh,3432,Bobbili,449,Vizianagaram,14,133,BOBBILI,2024,eci_code,1.0,2008,28,2009;2014;2019;2024,GEN,,133,yes (undivided-AP number),yes,3,VIZIANAGARAM,3,agrees,,AC_list;coverage;urban_mapping
Andhra Pradesh,3433,Cheepurupalle,449,Vizianagaram,15,134,CHEEPURUPALLI,2024,exact_name,1.0,2008,28,2009;2014;2019;2024,GEN,,,,yes,3,VIZIANAGARAM,3,agrees,,AC_list;coverage
Andhra Pradesh,3435,Gajapathinagaram,449,Vizianagaram,16,135,GAJAPATHINAGARAM,2024,exact_name,1.0,2008,28,2009;2014;2019;2024,GEN,,,,yes,3,VIZIANAGARAM,3,agrees,,AC_list;coverage
Andhra Pradesh,3436,Nellimarla,449,Vizianagaram,17,136,NELLIMARLA,2024,eci_code,1.0,2008,28,2009;2014;2019;2024,GEN,,136,yes (undivided-AP number),yes,3,VIZIANAGARAM,3,agrees,,AC_list;coverage;urban_mapping
Andhra Pradesh,3438,Vizianagaram,449,Vizianagaram,18,137,VIZIANAGARAM,2024,eci_code,1.0,2008,28,2009;2014;2019;2024,GEN,,137,yes (undivided-AP number),yes,3,VIZIANAGARAM,3,agrees,,AC_list;coverage;urban_mapping
Andhra Pradesh,3427,Srungavarapukota,448,Visakhapatnam,19,138,SRUNGAVARAPUKOTA,2024,exact_name,1.0,2008,28,2009;2014;2019;2024,GEN,,,,yes,4,VISAKHAPATNAM,4,agrees,,AC_list;coverage
Andhra Pradesh,3425,Bhimli,448,Visakhapatnam,20,139,BHIMLI,2024,eci_code,1.0,2008,28,2009;2014;2019;2024,GEN,,139,yes (undivided-AP number),yes,4,VISAKHAPATNAM,4,agrees,,AC_list;coverage;urban_mapping
Andhra Pradesh,3430,Visakhapatnam East,448,Visakhapatnam,21,140,VISAKHAPATNAM EAST,2024,eci_code,1.0,2008,28,2009;2014;2019;2024,GEN,,140,yes (undivided-AP number),yes,4,VISAKHAPATNAM,4,agrees,,AC_list;coverage;urban_mapping
Andhra Pradesh,3431,Visakhapatnam South,448,Visakhapatnam,22,141,VISAKHAPATNAM SOUTH,2024,eci_code,1.0,2008,28,2009;2014;2019;2024,GEN,,141,yes (undivided-AP number),yes,4,VISAKHAPATNAM,4,agrees,,AC_list;coverage;urban_mapping
Andhra Pradesh,3428,Visakhapatnam  North,448,Visakhapatnam,23,142,VISAKHAPATNAM NORTH,2024,eci_code,1.0,2008,28,2009;2014;2019;2024,GEN,,142,yes (undivided-AP number),yes,4,VISAKHAPATNAM,4,agrees,,AC_list;coverage;urban_mapping
Andhra Pradesh,3429,Visakhapatnam  West,448,Visakhapatnam,24,143,VISAKHAPATNAM WEST,2024,eci_code,1.0,2008,28,2009;2014;2019;2024,GEN,,143,yes (undivided-AP number),yes,4,VISAKHAPATNAM,4,agrees,,AC_list;coverage;urban_mapping
Andhra Pradesh,3426,Gajuwaka,448,Visakhapatnam,25,144,GAJUWAKA,2024,eci_code,1.0,2008,28,2009;2014;2019;2024,GEN,,144,yes (undivided-AP number),yes,4,VISAKHAPATNAM,4,agrees,,AC_list;coverage;urban_mapping
Andhra Pradesh,3174,Chodavaram,412,Anakapalle,26,145,CHODAVARAM,2024,exact_name,1.0,2008,28,2009;2014;2019;2024,GEN,,,,yes,5,ANAKAPALLE,5,agrees,,coverage
Andhra Pradesh,3176,Madugula,412,Anakapalle,27,146,MADUGULA,2024,exact_name,1.0,2008,28,2009;2014;2019;2024,GEN,,,,yes,5,ANAKAPALLE,5,agrees,,coverage
Andhra Pradesh,3187,Araku valley,414,Araku,28,147,ARAKU VALLEY,2024,exact_name,1.0,2008,28,2009;2014;2019;2024,ST,,,,yes,1,ARAKU,1,agrees,,coverage
Andhra Pradesh,3189,Paderu,414,Araku,29,148,PADERU,2024,exact_name,1.0,2008,28,2009;2014;2019;2024,ST,,,,yes,1,ARAKU,1,agrees,,coverage
Andhra Pradesh,3173,Anakapalle,412,Anakapalle,30,149,ANAKAPALLI,2024,eci_code,1.0,2008,28,2009;2014;2019;2024,GEN,,149,yes (undivided-AP number),yes,5,ANAKAPALLE,5,agrees,,coverage;urban_mapping
Andhra Pradesh,3179,Pendurthi,412,Anakapalle,31,150,PENDURTHI,2024,eci_code,1.0,2008,28,2009;2014;2019;2024,GEN,,150,yes (undivided-AP number),yes,5,ANAKAPALLE,5,agrees,,coverage;urban_mapping
Andhra Pradesh,3175,Elamanchili,412,Anakapalle,32,151,ELAMANCHILI,2024,eci_code,1.0,2008,28,2009;2014;2019;2024,GEN,,151,yes (undivided-AP number),yes,5,ANAKAPALLE,5,agrees,,coverage;urban_mapping
Andhra Pradesh,3178,Payakaraopet,412,Anakapalle,33,152,PAYAKARAOPETA,2024,exact_name,1.0,2008,28,2009;2014;2019;2024,SC,,,,yes,5,ANAKAPALLE,5,agrees,,coverage
Andhra Pradesh,3177,Narsipatnam,412,Anakapalle,34,153,NARSIPATNAM,2024,eci_code,1.0,2008,28,2009;2014;2019;2024,GEN,,153,yes (undivided-AP number),yes,5,ANAKAPALLE,5,agrees,,coverage;urban_mapping
Andhra Pradesh,3263,Tuni,424,Kakinada,35,154,TUNI,2024,eci_code,1.0,2008,28,2009;2014;2019;2024,GEN,,154,yes (undivided-AP number),yes,6,KAKINADA,6,agrees,,coverage;urban_mapping
Andhra Pradesh,3262,Prathipadu,424,Kakinada,36,155,PRATHIPADU,2024,eci_code,1.0,2008,28,2009;2014;2019;2024,GEN,,155,yes (undivided-AP number),yes,6,KAKINADA,6,agrees,,coverage;urban_mapping
Andhra Pradesh,3261,Pithapuram,424,Kakinada,37,156,PITHAPURAM,2024,eci_code,1.0,2008,28,2009;2014;2019;2024,GEN,,156,yes (undivided-AP number),yes,6,KAKINADA,6,agrees,,coverage;urban_mapping
Andhra Pradesh,3259,Kakinada Rural,424,Kakinada,38,157,KAKINADA RURAL,2024,eci_code,1.0,2008,28,2009;2014;2019;2024,GEN,,157,yes (undivided-AP number),yes,6,KAKINADA,6,agrees,,coverage;urban_mapping
Andhra Pradesh,3260,Peddapuram,424,Kakinada,39,158,PEDDAPURAM,2024,eci_code,1.0,2008,28,2009;2014;2019;2024,GEN,,158,yes (undivided-AP number),yes,6,KAKINADA,6,agrees,,coverage;urban_mapping
Andhra Pradesh,3383,Anaparthy,442,Rajahmundry,40,159,ANAPARTHY,2024,exact_name,1.0,2008,28,2009;2014;2019;2024,GEN,,,,yes,8,RAJAHMUNDRY,8,agrees,,AC_list;coverage
Andhra Pradesh,3258,Kakinada City,424,Kakinada,41,160,KAKINADA CITY,2024,eci_code,1.0,2008,28,2009;2014;2019;2024,GEN,,160,yes (undivided-AP number),yes,6,KAKINADA,6,agrees,,coverage;urban_mapping
Andhra Pradesh,3171,Ramachandrapuram,411,Amalapuram,42,161,RAMACHANDRAPURAM,2024,eci_code,1.0,2008,28,2009;2014;2019;2024,GEN,,161,yes (undivided-AP number),yes,7,AMALAPURAM,7,agrees,,coverage;urban_mapping
Andhra Pradesh,3170,Mummidivaram,411,Amalapuram,43,162,MUMMIDIVARAM,2024,exact_name,1.0,2008,28,2009;2014;2019;2024,GEN,,62,no,yes,7,AMALAPURAM,7,agrees,,coverage;urban_mapping
Andhra Pradesh,3166,Amalapuram,411,Amalapuram,44,163,AMALAPURAM,2024,eci_code,1.0,2008,28,2009;2014;2019;2024,SC,,163,yes (undivided-AP number),yes,7,AMALAPURAM,7,agrees,,coverage;urban_mapping
Andhra Pradesh,3172,Razole,411,Amalapuram,45,164,RAZOLE,2024,exact_name,1.0,2008,28,2009;2014;2019;2024,SC,,,,yes,7,AMALAPURAM,7,agrees,,coverage
Andhra Pradesh,3167,Gannavaram,411,Amalapuram,46,165,GANNAVARAM,2024,exact_name,1.0,2008,28,2009;2014;2019;2024,SC,,,,yes,7,AMALAPURAM,7,agrees,duplicate name in state; PC tie-break,coverage
Andhra Pradesh,3168,Kothapeta,411,Amalapuram,47,166,KOTHAPETA,2024,exact_name,1.0,2008,28,2009;2014;2019;2024,GEN,,,,yes,7,AMALAPURAM,7,agrees,,coverage
Andhra Pradesh,3169,Mandapeta,411,Amalapuram,48,167,MANDAPETA,2024,eci_code,1.0,2008,28,2009;2014;2019;2024,GEN,,167,yes (undivided-AP number),yes,7,AMALAPURAM,7,agrees,,coverage;urban_mapping
Andhra Pradesh,3389,Rajanagaram,442,Rajahmundry,49,168,RAJANAGARAM,2024,exact_name,1.0,2008,28,2009;2014;2019;2024,GEN,,,,yes,8,RAJAHMUNDRY,8,agrees,,AC_list;coverage
Andhra Pradesh,3387,Rajahmundry City,442,Rajahmundry,50,169,RAJAHMUNDRY CITY,2024,eci_code,1.0,2008,28,2009;2014;2019;2024,GEN,,169,yes (undivided-AP number),yes,8,RAJAHMUNDRY,8,agrees,,AC_list;coverage;urban_mapping
Andhra Pradesh,3388,Rajamundry Rural,442,Rajahmundry,51,170,RAJAMUNDRY RURAL,2024,eci_code,1.0,2008,28,2009;2014;2019;2024,GEN,,170,yes (undivided-AP number),yes,8,RAJAHMUNDRY,8,agrees,,AC_list;coverage;urban_mapping
Andhra Pradesh,3257,Jaggampeta,424,Kakinada,52,171,JAGGAMPETA,2024,exact_name,1.0,2008,28,2009;2014;2019;2024,GEN,,,,yes,6,KAKINADA,6,agrees,,coverage
Andhra Pradesh,3192,Rampachodavaram,414,Araku,53,172,RAMPACHODAVARAM,2024,exact_name,1.0,2008,28,2009;2014;2019;2024,ST,,,,yes,1,ARAKU,1,agrees,,coverage
Andhra Pradesh,3385,Kovvur,442,Rajahmundry,54,173,KOVVUR,2024,eci_code,1.0,2008,28,2009;2014;2019;2024,SC,,173,yes (undivided-AP number),yes,8,RAJAHMUNDRY,8,agrees,,AC_list;coverage;urban_mapping
Andhra Pradesh,3386,Nidadavole,442,Rajahmundry,55,174,NIDADAVOLE,2024,eci_code,1.0,2008,28,2009;2014;2019;2024,GEN,,174,yes (undivided-AP number),yes,8,RAJAHMUNDRY,8,agrees,,AC_list;coverage;urban_mapping
Andhra Pradesh,3348,Achanta,437,Narsapuram,56,175,ACHANTA,2024,exact_name,1.0,2008,28,2009;2014;2019;2024,GEN,,,,yes,9,NARSAPURAM,9,agrees,,AC_list;coverage
Andhra Pradesh,3351,Palacole,437,Narsapuram,57,176,PALACOLE,2024,eci_code,1.0,2008,28,2009;2014;2019;2024,GEN,,176,yes (undivided-AP number),yes,9,NARSAPURAM,9,agrees,,AC_list;coverage;urban_mapping
Andhra Pradesh,3350,Narasapuram,437,Narsapuram,58,177,NARASAPURAM,2024,eci_code,1.0,2008,28,2009;2014;2019;2024,GEN,,177,yes (undivided-AP number),yes,9,NARSAPURAM,9,agrees,,AC_list;coverage;urban_mapping
Andhra Pradesh,3349,Bhimavaram,437,Narsapuram,59,178,BHIMAVARAM,2024,eci_code,1.0,2008,28,2009;2014;2019;2024,GEN,,178,yes (undivided-AP number),yes,9,NARSAPURAM,9,agrees,,AC_list;coverage;urban_mapping
Andhra Pradesh,3354,Undi,437,Narsapuram,60,179,UNDI,2024,eci_code,1.0,2008,28,2009;2014;2019;2024,GEN,,179,yes (undivided-AP number),yes,9,NARSAPURAM,9,agrees,,AC_list;coverage;urban_mapping
Andhra Pradesh,3353,Tanuku,437,Narsapuram,61,180,TANUKU,2024,eci_code,1.0,2008,28,2009;2014;2019;2024,GEN,,180,yes (undivided-AP number),yes,9,NARSAPURAM,9,agrees,,AC_list;coverage;urban_mapping
Andhra Pradesh,3352,Tadepalligudem,437,Narsapuram,62,181,TADEPALLIGUDEM,2024,eci_code,1.0,2008,28,2009;2014;2019;2024,GEN,,181,yes (undivided-AP number),yes,9,NARSAPURAM,9,agrees,,AC_list;coverage;urban_mapping
Andhra Pradesh,3228,Unguturu,419,Eluru,63,182,UNGUTURU,2024,exact_name,1.0,2008,28,2009;2014;2019;2024,GEN,,,,yes,10,ELURU,10,agrees,,coverage
Andhra Pradesh,3223,Denduluru,419,Eluru,64,183,DENDULURU,2024,exact_name,1.0,2008,28,2009;2014;2019;2024,GEN,,,,yes,10,ELURU,10,agrees,,coverage
Andhra Pradesh,3224,Eluru,419,Eluru,65,184,ELURU,2024,eci_code,1.0,2008,28,2009;2014;2019;2024,GEN,,184,yes (undivided-AP number),yes,10,ELURU,10,agrees,,coverage;urban_mapping
Andhra Pradesh,3384,Gopalapuram,442,Rajahmundry,66,185,GOPALAPURAM,2024,exact_name,1.0,2008,28,2009;2014;2019;2024,SC,,,,yes,8,RAJAHMUNDRY,8,agrees,,AC_list;coverage
Andhra Pradesh,3227,Polavaram,419,Eluru,67,186,POLAVARAM,2024,exact_name,1.0,2008,28,2009;2014;2019;2024,ST,,,,yes,10,ELURU,10,agrees,,coverage
Andhra Pradesh,3222,Chintalapudi,419,Eluru,68,187,CHINTALAPUDI,2024,eci_code,1.0,2008,28,2009;2014;2019;2024,SC,,187,yes (undivided-AP number),yes,10,ELURU,10,agrees,,coverage;urban_mapping
Andhra Pradesh,3421,Tiruvuru,447,Vijayawada,69,188,TIRUVURU,2024,eci_code,1.0,2008,28,2009;2014;2019;2024,SC,,188,yes (undivided-AP number),yes,12,VIJAYAWADA,12,agrees,,AC_list;coverage;urban_mapping
Andhra Pradesh,3226,Nuzvid,419,Eluru,70,189,NUZVID,2024,eci_code,1.0,2008,28,2009;2014;2019;2024,GEN,,189,yes (undivided-AP number),yes,10,ELURU,10,agrees,,coverage;urban_mapping
Andhra Pradesh,3286,Gannavaram,428,Machilipatnam,71,190,GANNAVARAM,2024,exact_name,1.0,2008,28,2009;2014;2019;2024,GEN,,,,yes,11,MACHILIPATNAM,11,agrees,duplicate name in state; PC tie-break,AC_list;coverage
Andhra Pradesh,3287,Gudivada,428,Machilipatnam,72,191,GUDIVADA,2024,eci_code,1.0,2008,28,2009;2014;2019;2024,GEN,,191,yes (undivided-AP number),yes,11,MACHILIPATNAM,11,agrees,,AC_list;coverage;urban_mapping
Andhra Pradesh,3225,Kaikalur,419,Eluru,73,192,KAIKALUR,2024,exact_name,1.0,2008,28,2009;2014;2019;2024,GEN,,,,yes,10,ELURU,10,agrees,,coverage
Andhra Pradesh,3290,Pedana,428,Machilipatnam,74,193,PEDANA,2024,eci_code,1.0,2008,28,2009;2014;2019;2024,GEN,,193,yes (undivided-AP number),yes,11,MACHILIPATNAM,11,agrees,,AC_list;coverage;urban_mapping
Andhra Pradesh,3288,Machilipatnam,428,Machilipatnam,75,194,MACHILIPATNAM,2024,eci_code,1.0,2008,28,2009;2014;2019;2024,GEN,,194,yes (undivided-AP number),yes,11,MACHILIPATNAM,11,agrees,,AC_list;coverage;urban_mapping
Andhra Pradesh,3285,Avanigadda,428,Machilipatnam,76,195,AVANIGADDA,2024,exact_name,1.0,2008,28,2009;2014;2019;2024,GEN,,,,yes,11,MACHILIPATNAM,11,agrees,,AC_list;coverage
Andhra Pradesh,3289,Pamarru,428,Machilipatnam,77,196,PAMARRU,2024,exact_name,1.0,2008,28,2009;2014;2019;2024,SC,,,,yes,11,MACHILIPATNAM,11,agrees,,AC_list;coverage
Andhra Pradesh,3291,Penamaluru,428,Machilipatnam,78,197,PENAMALURU,2024,eci_code,1.0,2008,28,2009;2014;2019;2024,GEN,,197,yes (undivided-AP number),yes,11,MACHILIPATNAM,11,agrees,,AC_list;coverage;urban_mapping
Andhra Pradesh,3424,Vijaywada West,447,Vijayawada,79,198,VIJAYWADA WEST,2024,eci_code,1.0,2008,28,2009;2014;2019;2024,GEN,,198,yes (undivided-AP number),yes,12,VIJAYAWADA,12,agrees,,AC_list;coverage;urban_mapping
Andhra Pradesh,3422,Vijayawada central,447,Vijayawada,80,199,VIJAYAWADA CENTRAL,2024,eci_code,1.0,2008,28,2009;2014;2019;2024,GEN,,199,yes (undivided-AP number),yes,12,VIJAYAWADA,12,agrees,,AC_list;coverage;urban_mapping
Andhra Pradesh,3423,Vijayawada East,447,Vijayawada,81,200,VIJAYAWADA EAST,2024,eci_code,1.0,2008,28,2009;2014;2019;2024,GEN,,200,yes (undivided-AP number),yes,12,VIJAYAWADA,12,agrees,,AC_list;coverage;urban_mapping
Andhra Pradesh,3419,Mylavaram,447,Vijayawada,82,201,MYLAVARAM,2024,eci_code,1.0,2008,28,2009;2014;2019;2024,GEN,,201,yes (undivided-AP number),yes,12,VIJAYAWADA,12,agrees,,AC_list;coverage;urban_mapping
Andhra Pradesh,3420,Nandigama,447,Vijayawada,83,202,NANDIGAMA,2024,eci_code,1.0,2008,28,2009;2014;2019;2024,SC,,202,yes (undivided-AP number),yes,12,VIJAYAWADA,12,agrees,,AC_list;coverage;urban_mapping
Andhra Pradesh,3418,Jaggayyapeta,447,Vijayawada,84,203,JAGGAYYAPETA,2024,eci_code,1.0,2008,28,2009;2014;2019;2024,GEN,,203,yes (undivided-AP number),yes,12,VIJAYAWADA,12,agrees,,AC_list;coverage;urban_mapping
Andhra Pradesh,3345,Pedakurapadu,436,Narasaraopet,85,204,PEDAKURAPADU,2024,exact_name,1.0,2008,28,2009;2014;2019;2024,GEN,,,,yes,14,NARSARAOPET,14,agrees,,AC_list;coverage
Andhra Pradesh,3234,Tadikonda,420,Guntur,86,205,TADIKONDA,2024,exact_name,1.0,2008,28,2009;2014;2019;2024,SC,,,,yes,13,GUNTUR,13,agrees,,coverage
Andhra Pradesh,3231,Mangalagiri,420,Guntur,87,206,MANGALAGIRI,2024,eci_code,1.0,2008,28,2009;2014;2019;2024,GEN,,206,yes (undivided-AP number),yes,13,GUNTUR,13,agrees,,coverage;urban_mapping
Andhra Pradesh,3232,Ponnur,420,Guntur,88,207,PONNUR,2024,eci_code,1.0,2008,28,2009;2014;2019;2024,GEN,,207,yes (undivided-AP number),yes,13,GUNTUR,13,agrees,,coverage;urban_mapping
Andhra Pradesh,3200,Vemuru,415,Bapatla,89,208,VEMURU,2024,exact_name,1.0,2008,28,2009;2014;2019;2024,SC,,,,yes,15,BAPATLA,15,agrees,,coverage
Andhra Pradesh,3198,Repalle,415,Bapatla,90,209,REPALLE,2024,eci_code,1.0,2008,28,2009;2014;2019;2024,GEN,,209,yes (undivided-AP number),yes,15,BAPATLA,15,agrees,,coverage;urban_mapping
Andhra Pradesh,3235,Tenali,420,Guntur,91,210,TENALI,2024,eci_code,1.0,2008,28,2009;2014;2019;2024,GEN,,210,yes (undivided-AP number),yes,13,GUNTUR,13,agrees,,coverage;urban_mapping
Andhra Pradesh,3195,Bapatla,415,Bapatla,92,211,BAPATLA,2024,eci_code,1.0,2008,28,2009;2014;2019;2024,GEN,,211,yes (undivided-AP number),yes,15,BAPATLA,15,agrees,,coverage;urban_mapping
Andhra Pradesh,3233,Prathipadu,420,Guntur,93,212,PRATHIPADU,2024,eci_code,1.0,2008,28,2009;2014;2019;2024,SC,,212,yes (undivided-AP number),yes,13,GUNTUR,13,agrees,,coverage;urban_mapping
Andhra Pradesh,3230,Guntur West,420,Guntur,94,213,GUNTUR WEST,2024,eci_code,1.0,2008,28,2009;2014;2019;2024,GEN,,213,yes (undivided-AP number),yes,13,GUNTUR,13,agrees,,coverage;urban_mapping
Andhra Pradesh,3229,Guntur East,420,Guntur,95,214,GUNTUR EAST,2024,eci_code,1.0,2008,28,2009;2014;2019;2024,GEN,,214,yes (undivided-AP number),yes,13,GUNTUR,13,agrees,,coverage;urban_mapping
Andhra Pradesh,3341,Chilakaluripet,436,Narasaraopet,96,215,CHILAKALURIPET,2024,eci_code,1.0,2008,28,2009;2014;2019;2024,GEN,,215,yes (undivided-AP number),yes,14,NARSARAOPET,14,agrees,,AC_list;coverage;urban_mapping
Andhra Pradesh,3344,Narasaraopet,436,Narasaraopet,97,216,NARASARAOPET,2024,eci_code,1.0,2008,28,2009;2014;2019;2024,GEN,,216,yes (undivided-AP number),yes,14,NARSARAOPET,14,agrees,,AC_list;coverage;urban_mapping
Andhra Pradesh,3346,Sattenpalli,436,Narasaraopet,98,217,SATTENAPALLI,2024,eci_code,1.0,2008,28,2009;2014;2019;2024,GEN,,217,yes (undivided-AP number),yes,14,NARSARAOPET,14,agrees,,AC_list;coverage;urban_mapping
Andhra Pradesh,3347,Vinukonda,436,Narasaraopet,99,218,VINUKONDA,2024,eci_code,1.0,2008,28,2009;2014;2019;2024,GEN,,218,yes (undivided-AP number),yes,14,NARSARAOPET,14,agrees,,AC_list;coverage;urban_mapping
Andhra Pradesh,3342,Guruzala,436,Narasaraopet,100,219,GURAZALA,2024,eci_code,1.0,2008,28,2009;2014;2019;2024,GEN,,219,yes (undivided-AP number),yes,14,NARSARAOPET,14,agrees,,AC_list;coverage;urban_mapping
Andhra Pradesh,3343,Macherla,436,Narasaraopet,101,220,MACHERLA,2024,eci_code,1.0,2008,28,2009;2014;2019;2024,GEN,,220,yes (undivided-AP number),yes,14,NARSARAOPET,14,agrees,,AC_list;coverage;urban_mapping
Andhra Pradesh,3375,Yerragondapalem,440,Ongole,102,221,YERRAGONDAPALEM,2024,exact_name,1.0,2008,28,2009;2014;2019;2024,SC,,,,yes,16,ONGOLE,16,agrees,,AC_list;coverage
Andhra Pradesh,3369,Darsi,440,Ongole,103,222,DARSI,2024,eci_code,1.0,2008,28,2009;2014;2019;2024,GEN,,222,yes (undivided-AP number),yes,16,ONGOLE,16,agrees,,AC_list;coverage;urban_mapping
Andhra Pradesh,3197,Parchur,415,Bapatla,104,223,PARCHUR,2024,exact_name,1.0,2008,28,2009;2014;2019;2024,GEN,,,,yes,15,BAPATLA,15,agrees,,coverage
Andhra Pradesh,3194,Addanki,415,Bapatla,105,224,ADDANKI,2024,eci_code,1.0,2008,28,2009;2014;2019;2024,GEN,,224,yes (undivided-AP number),yes,15,BAPATLA,15,agrees,,coverage;urban_mapping
Andhra Pradesh,3196,Chirala,415,Bapatla,106,225,CHIRALA,2024,eci_code,1.0,2008,28,2009;2014;2019;2024,GEN,,225,yes (undivided-AP number),yes,15,BAPATLA,15,agrees,,coverage;urban_mapping
Andhra Pradesh,3199,Santhanuthalapadu,415,Bapatla,107,226,SANTHANUTHALAPADU,2024,eci_code,1.0,2008,28,2009;2014;2019;2024,SC,,226,yes (undivided-AP number),yes,15,BAPATLA,15,agrees,,coverage;urban_mapping
Andhra Pradesh,3374,Ongole,440,Ongole,108,227,ONGOLE,2024,eci_code,1.0,2008,28,2009;2014;2019;2024,GEN,,227,yes (undivided-AP number),yes,16,ONGOLE,16,agrees,,AC_list;coverage;urban_mapping
Andhra Pradesh,3356,Kandukur,438,Nellore,109,228,KANDUKUR,2024,eci_code,1.0,2008,28,2009;2014;2019;2024,GEN,,228,yes (undivided-AP number),yes,22,NELLORE,22,agrees,,AC_list;coverage;urban_mapping
Andhra Pradesh,3372,Kondapi,440,Ongole,110,229,KONDAPI,2024,exact_name,1.0,2008,28,2009;2014;2019;2024,SC,,,,yes,16,ONGOLE,16,agrees,,AC_list;coverage
Andhra Pradesh,3373,Markapuram,440,Ongole,111,230,MARKAPURAM,2024,eci_code,1.0,2008,28,2009;2014;2019;2024,GEN,,230,yes (undivided-AP number),yes,16,ONGOLE,16,agrees,,AC_list;coverage;urban_mapping
Andhra Pradesh,3370,Giddalur,440,Ongole,112,231,GIDDALUR,2024,eci_code,1.0,2008,28,2009;2014;2019;2024,GEN,,231,yes (undivided-AP number),yes,16,ONGOLE,16,agrees,,AC_list;coverage;urban_mapping
Andhra Pradesh,3371,Kanigiri,440,Ongole,113,232,KANIGIRI,2024,eci_code,1.0,2008,28,2009;2014;2019;2024,GEN,,232,yes (undivided-AP number),yes,16,ONGOLE,16,agrees,,AC_list;coverage;urban_mapping
Andhra Pradesh,3357,Kavali,438,Nellore,114,233,KAVALI,2024,eci_code,1.0,2008,28,2009;2014;2019;2024,GEN,,233,yes (undivided-AP number),yes,22,NELLORE,22,agrees,,AC_list;coverage;urban_mapping
Andhra Pradesh,3355,Atmakur,438,Nellore,115,234,ATMAKUR,2024,eci_code,1.0,2008,28,2009;2014;2019;2024,GEN,,234,yes (undivided-AP number),yes,22,NELLORE,22,agrees,,AC_list;coverage;urban_mapping
Andhra Pradesh,3358,Kovur,438,Nellore,116,235,KOVUR,2024,eci_code,1.0,2008,28,2009;2014;2019;2024,GEN,,235,yes (undivided-AP number),yes,22,NELLORE,22,agrees,,AC_list;coverage;urban_mapping
Andhra Pradesh,3359,Nellore City,438,Nellore,117,236,NELLORE CITY,2024,eci_code,1.0,2008,28,2009;2014;2019;2024,GEN,,236,yes (undivided-AP number),yes,22,NELLORE,22,agrees,,AC_list;coverage;urban_mapping
Andhra Pradesh,3360,Nellore Rural,438,Nellore,118,237,NELLORE RURAL,2024,eci_code,1.0,2008,28,2009;2014;2019;2024,GEN,,237,yes (undivided-AP number),yes,22,NELLORE,22,agrees,,AC_list;coverage;urban_mapping
Andhra Pradesh,3412,Sarvepalli,446,Tirupati,119,238,SARVEPALLI,2024,exact_name,1.0,2008,28,2009;2014;2019;2024,GEN,,,,yes,23,THIRUPATHI,23,agrees,,AC_list;coverage
Andhra Pradesh,3411,Gudur,446,Tirupati,120,239,GUDUR,2024,eci_code,1.0,2008,28,2009;2014;2019;2024,SC,,239,yes (undivided-AP number),yes,23,THIRUPATHI,23,agrees,,AC_list;coverage;urban_mapping
Andhra Pradesh,3415,Sullurpeta,446,Tirupati,121,240,SULLURPETA,2024,eci_code,1.0,2008,28,2009;2014;2019;2024,SC,,240,yes (undivided-AP number),yes,23,THIRUPATHI,23,agrees,,AC_list;coverage;urban_mapping
Andhra Pradesh,3417,Venkatagiri,446,Tirupati,122,241,VENKATAGIRI,2024,eci_code,1.0,2008,28,2009;2014;2019;2024,GEN,,241,yes (undivided-AP number),yes,23,THIRUPATHI,23,agrees,,AC_list;coverage;urban_mapping
Andhra Pradesh,3361,Udayagiri,438,Nellore,123,242,UDAYAGIRI,2024,exact_name,1.0,2008,28,2009;2014;2019;2024,GEN,,,,yes,22,NELLORE,22,agrees,,AC_list;coverage
Andhra Pradesh,3250,Badvel,423,Kadapa,124,243,BADVEL,2024,eci_code,1.0,2008,28,2009;2014;2019;2024,SC,,243,yes (undivided-AP number),yes,21,KADAPA,21,agrees,,coverage;urban_mapping
Andhra Pradesh,3394,Rajampet,443,Rajampet,125,244,RAJAMPET,2024,eci_code,1.0,2008,28,2009;2014;2019;2024,GEN,,244,yes (undivided-AP number),yes,24,RAJAMPET,24,agrees,,AC_list;coverage;urban_mapping
Andhra Pradesh,3252,Kadapa,423,Kadapa,126,245,KADAPA,2024,eci_code,1.0,2008,28,2009;2014;2019;2024,GEN,,245,yes (undivided-AP number),yes,21,KADAPA,21,agrees,,coverage;urban_mapping
Andhra Pradesh,3390,Kodur,443,Rajampet,127,246,KODUR,2024,exact_name,1.0,2008,28,2009;2014;2019;2024,SC,,,,yes,24,RAJAMPET,24,agrees,,AC_list;coverage
Andhra Pradesh,3395,Rayachoti,443,Rajampet,128,247,RAYACHOTI,2024,eci_code,1.0,2008,28,2009;2014;2019;2024,GEN,,247,yes (undivided-AP number),yes,24,RAJAMPET,24,agrees,,AC_list;coverage;urban_mapping
Andhra Pradesh,3256,Pulivendla,423,Kadapa,129,248,PULIVENDLA,2024,eci_code,1.0,2008,28,2009;2014;2019;2024,GEN,,248,yes (undivided-AP number),yes,21,KADAPA,21,agrees,,coverage;urban_mapping
Andhra Pradesh,3253,Kamalapuram,423,Kadapa,130,249,KAMALAPURAM,2024,eci_code,1.0,2008,28,2009;2014;2019;2024,GEN,,249,yes (undivided-AP number),yes,21,KADAPA,21,agrees,,coverage;urban_mapping
Andhra Pradesh,3251,Jammalamadugu,423,Kadapa,131,250,JAMMALAMADUGU,2024,eci_code,1.0,2008,28,2009;2014;2019;2024,GEN,,250,yes (undivided-AP number),yes,21,KADAPA,21,agrees,,coverage;urban_mapping
Andhra Pradesh,3255,Proddatur,423,Kadapa,132,251,PRODDATUR,2024,eci_code,1.0,2008,28,2009;2014;2019;2024,GEN,,251,yes (undivided-AP number),yes,21,KADAPA,21,agrees,,coverage;urban_mapping
Andhra Pradesh,3254,Mydukur,423,Kadapa,133,252,MYDUKUR,2024,eci_code,1.0,2008,28,2009;2014;2019;2024,GEN,,252,yes (undivided-AP number),yes,21,KADAPA,21,agrees,,coverage;urban_mapping
Andhra Pradesh,3334,Allagadda,435,Nandyal,134,253,ALLAGADDA,2024,eci_code,1.0,2008,28,2009;2014;2019;2024,GEN,,253,yes (undivided-AP number),yes,17,NANDYAL,17,agrees,,AC_list;coverage;urban_mapping
Andhra Pradesh,3340,Srisailam,435,Nandyal,135,254,SRISAILAM,2024,eci_code,1.0,2008,28,2009;2014;2019;2024,GEN,,254,yes (undivided-AP number),yes,17,NANDYAL,17,agrees,,AC_list;coverage;urban_mapping
Andhra Pradesh,3337,Nandikotkur,435,Nandyal,136,255,NANDIKOTKUR,2024,eci_code,1.0,2008,28,2009;2014;2019;2024,SC,,255,yes (undivided-AP number),yes,17,NANDYAL,17,agrees,,AC_list;coverage;urban_mapping
Andhra Pradesh,3281,Kurnool,427,Kurnool,137,256,KURNOOL,2024,eci_code,1.0,2008,28,2009;2014;2019;2024,GEN,,256,yes (undivided-AP number),yes,18,KURNOOLU,18,agrees,,AC_list;coverage;urban_mapping
Andhra Pradesh,3339,Panyam,435,Nandyal,138,257,PANYAM,2024,eci_code,1.0,2008,28,2009;2014;2019;2024,GEN,,257,yes (undivided-AP number),yes,17,NANDYAL,17,agrees,,AC_list;coverage;urban_mapping
Andhra Pradesh,3338,Nandyal,435,Nandyal,139,258,NANDYAL,2024,eci_code,1.0,2008,28,2009;2014;2019;2024,GEN,,258,yes (undivided-AP number),yes,17,NANDYAL,17,agrees,,AC_list;coverage;urban_mapping
Andhra Pradesh,3335,Banaganapalle,435,Nandyal,140,259,BANAGANAPALLE,2024,exact_name,1.0,2008,28,2009;2014;2019;2024,GEN,,,,yes,17,NANDYAL,17,agrees,,AC_list;coverage
Andhra Pradesh,3336,Dhone,435,Nandyal,141,260,DHONE,2024,eci_code,1.0,2008,28,2009;2014;2019;2024,GEN,,260,yes (undivided-AP number),yes,17,NANDYAL,17,agrees,,AC_list;coverage;urban_mapping
Andhra Pradesh,3283,Pattikonda,427,Kurnool,142,261,PATTIKONDA,2024,exact_name,1.0,2008,28,2009;2014;2019;2024,GEN,,,,yes,18,KURNOOLU,18,agrees,,AC_list;coverage
Andhra Pradesh,3280,Kodumur,427,Kurnool,143,262,KODUMUR,2024,eci_code,1.0,2008,28,2009;2014;2019;2024,SC,,262,yes (undivided-AP number),yes,18,KURNOOLU,18,agrees,,AC_list;coverage;urban_mapping
Andhra Pradesh,3284,Yemmiganur,427,Kurnool,144,263,YEMMIGANUR,2024,eci_code,1.0,2008,28,2009;2014;2019;2024,GEN,,263,yes (undivided-AP number),yes,18,KURNOOLU,18,agrees,,AC_list;coverage;urban_mapping
Andhra Pradesh,3282,Mantralayam,427,Kurnool,145,264,MANTRALAYAM,2024,exact_name,1.0,2008,28,2009;2014;2019;2024,GEN,,,,yes,18,KURNOOLU,18,agrees,,AC_list;coverage
Andhra Pradesh,3278,Adoni,427,Kurnool,146,265,ADONI,2024,eci_code,1.0,2008,28,2009;2014;2019;2024,GEN,,265,yes (undivided-AP number),yes,18,KURNOOLU,18,agrees,,coverage;urban_mapping
Andhra Pradesh,3279,Alur,427,Kurnool,147,266,ALUR,2024,exact_name,1.0,2008,28,2009;2014;2019;2024,GEN,,,,yes,18,KURNOOLU,18,agrees,,coverage
Andhra Pradesh,3183,Rayadurg,413,Anantapur,148,267,RAYADURG,2024,eci_code,1.0,2008,28,2009;2014;2019;2024,GEN,,267,yes (undivided-AP number),yes,19,ANANTHAPUR,19,agrees,,coverage;urban_mapping
Andhra Pradesh,3186,Uravakonda,413,Anantapur,149,268,URAVAKONDA,2024,exact_name,1.0,2008,28,2009;2014;2019;2024,GEN,,,,yes,19,ANANTHAPUR,19,agrees,,coverage
Andhra Pradesh,3181,Guntakal,413,Anantapur,150,269,GUNTAKAL,2024,eci_code,1.0,2008,28,2009;2014;2019;2024,GEN,,269,yes (undivided-AP number),yes,19,ANANTHAPUR,19,agrees,,coverage;urban_mapping
Andhra Pradesh,3185,Tadpatri,413,Anantapur,151,270,TADIPATRI,2024,eci_code,1.0,2008,28,2009;2014;2019;2024,GEN,,270,yes (undivided-AP number),yes,19,ANANTHAPUR,19,agrees,,coverage;urban_mapping
Andhra Pradesh,3184,Singanamala,413,Anantapur,152,271,SINGANAMALA,2024,exact_name,1.0,2008,28,2009;2014;2019;2024,SC,,,,yes,19,ANANTHAPUR,19,agrees,,coverage
Andhra Pradesh,3180,Anantapur urban,413,Anantapur,153,272,ANANTAPUR URBAN,2024,eci_code,1.0,2008,28,2009;2014;2019;2024,GEN,,272,yes (undivided-AP number),yes,19,ANANTHAPUR,19,agrees,,coverage;urban_mapping
Andhra Pradesh,3182,Kalyandurg,413,Anantapur,154,273,KALYANDURG,2024,eci_code,1.0,2008,28,2009;2014;2019;2024,GEN,,273,yes (undivided-AP number),yes,19,ANANTHAPUR,19,agrees,,coverage;urban_mapping
Andhra Pradesh,3242,Raptadu,421,Hindupur,155,274,RAPTADU,2024,exact_name,1.0,2008,28,2009;2014;2019;2024,GEN,,,,yes,20,HINDUPUR,20,agrees,,coverage
Andhra Pradesh,3239,Madakasira,421,Hindupur,156,275,MADAKASIRA,2024,eci_code,1.0,2008,28,2009;2014;2019;2024,SC,,275,yes (undivided-AP number),yes,20,HINDUPUR,20,agrees,,coverage;urban_mapping
Andhra Pradesh,3237,Hindupur,421,Hindupur,157,276,HINDUPUR,2024,eci_code,1.0,2008,28,2009;2014;2019;2024,GEN,,276,yes (undivided-AP number),yes,20,HINDUPUR,20,agrees,,coverage;urban_mapping
Andhra Pradesh,3240,Penukonda,421,Hindupur,158,277,PENUKONDA,2024,eci_code,1.0,2008,28,2009;2014;2019;2024,GEN,,277,yes (undivided-AP number),yes,20,HINDUPUR,20,agrees,,coverage;urban_mapping
Andhra Pradesh,3241,Puttaparthi,421,Hindupur,159,278,PUTTAPARTHI,2024,eci_code,1.0,2008,28,2009;2014;2019;2024,GEN,,278,yes (undivided-AP number),yes,20,HINDUPUR,20,agrees,,coverage;urban_mapping
Andhra Pradesh,3236,Dharmavaram,421,Hindupur,160,279,DHARMAVARAM,2024,eci_code,1.0,2008,28,2009;2014;2019;2024,GEN,,279,yes (undivided-AP number),yes,20,HINDUPUR,20,agrees,,coverage;urban_mapping
Andhra Pradesh,3238,Kadiri,421,Hindupur,161,280,KADIRI,2024,eci_code,1.0,2008,28,2009;2014;2019;2024,GEN,,280,yes (undivided-AP number),yes,20,HINDUPUR,20,agrees,,coverage;urban_mapping
Andhra Pradesh,3396,Thamballapalle,443,Rajampet,162,281,THAMBALLAPALLE,2024,eci_code,1.0,2008,28,2009;2014;2019;2024,GEN,,281,yes (undivided-AP number),yes,24,RAJAMPET,24,agrees,,AC_list;coverage;urban_mapping
Andhra Pradesh,3392,Pileru,443,Rajampet,163,282,PILERU,2024,exact_name,1.0,2008,28,2009;2014;2019;2024,GEN,,,,yes,24,RAJAMPET,24,agrees,,AC_list;coverage
Andhra Pradesh,3391,Madanapalle,443,Rajampet,164,283,MADANAPALLE,2024,eci_code,1.0,2008,28,2009;2014;2019;2024,GEN,,283,yes (undivided-AP number),yes,24,RAJAMPET,24,agrees,,AC_list;coverage;urban_mapping
Andhra Pradesh,3393,Punganur,443,Rajampet,165,284,PUNGANUR,2024,eci_code,1.0,2008,28,2009;2014;2019;2024,GEN,,284,yes (undivided-AP number),yes,24,RAJAMPET,24,agrees,,AC_list;coverage;urban_mapping
Andhra Pradesh,3215,Chandragiri,418,Chittoor,166,285,CHANDRAGIRI,2024,exact_name,1.0,2008,28,2009;2014;2019;2024,GEN,,,,yes,25,CHITTOOR,25,agrees,,coverage
Andhra Pradesh,3416,Tirupati,446,Tirupati,167,286,TIRUPATI,2024,eci_code,1.0,2008,28,2009;2014;2019;2024,GEN,,286,yes (undivided-AP number),yes,23,THIRUPATHI,23,agrees,,AC_list;coverage;urban_mapping
Andhra Pradesh,3414,Srikalahasti,446,Tirupati,168,287,SRIKALAHASTI,2024,eci_code,1.0,2008,28,2009;2014;2019;2024,GEN,,287,yes (undivided-AP number),yes,23,THIRUPATHI,23,agrees,,AC_list;coverage;urban_mapping
Andhra Pradesh,3413,Satyaveedu,446,Tirupati,169,288,SATYAVEDU,2024,fuzzy,0.947,2008,28,2009;2014;2019;2024,SC,,,,yes,23,THIRUPATHI,23,agrees,similarity; PC agrees; consonant skeleton equal,AC_list;coverage
Andhra Pradesh,3219,Nagari,418,Chittoor,170,289,NAGARI,2024,eci_code,1.0,2008,28,2009;2014;2019;2024,GEN,,289,yes (undivided-AP number),yes,25,CHITTOOR,25,agrees,,coverage;urban_mapping
Andhra Pradesh,3217,Gangadhara nellore,418,Chittoor,171,290,GANGADHARA NELLORE,2024,exact_name,1.0,2008,28,2009;2014;2019;2024,SC,,,,yes,25,CHITTOOR,25,agrees,,coverage
Andhra Pradesh,3216,Chittoor,418,Chittoor,172,291,CHITTOOR,2024,eci_code,1.0,2008,28,2009;2014;2019;2024,GEN,,291,yes (undivided-AP number),yes,25,CHITTOOR,25,agrees,,coverage;urban_mapping
Andhra Pradesh,3221,Puthalapattu,418,Chittoor,173,292,PUTHALAPATTU,2024,exact_name,1.0,2008,28,2009;2014;2019;2024,SC,,,,yes,25,CHITTOOR,25,agrees,,coverage
Andhra Pradesh,3220,Palamaner,418,Chittoor,174,293,PALAMANER,2024,eci_code,1.0,2008,28,2009;2014;2019;2024,GEN,,293,yes (undivided-AP number),yes,25,CHITTOOR,25,agrees,,coverage;urban_mapping
Andhra Pradesh,3218,Kuppam,418,Chittoor,175,294,KUPPAM,2024,eci_code,1.0,2008,28,2009;2014;2019;2024,GEN,,294,yes (undivided-AP number),yes,25,CHITTOOR,25,agrees,,coverage;urban_mapping
Arunachal Pradesh,1423,Lumla,194,Arunachal West,1,1,LUMLA,2024,exact_name,1.0,1976-deferred,12,2009;2014;2019;2024,ST,,,,yes,1,ARUNACHAL WEST,1,agrees,,AC_list;coverage
Arunachal Pradesh,1437,Tawang,194,Arunachal West,2,2,TAWANG,2024,exact_name,1.0,1976-deferred,12,2009;2014;2019;2024,ST,,,,yes,1,ARUNACHAL WEST,1,agrees,,AC_list;coverage
Arunachal Pradesh,1425,Mukto,194,Arunachal West,3,3,MUKTO,2024,exact_name,1.0,1976-deferred,12,2009;2014;2019;2024,ST,,,,yes,1,ARUNACHAL WEST,1,agrees,,AC_list;coverage
Arunachal Pradesh,1415,Dirang,194,Arunachal West,4,4,DIRANG,2024,exact_name,1.0,1976-deferred,12,2009;2014;2019;2024,ST,,,,yes,1,ARUNACHAL WEST,1,agrees,,AC_list;coverage
Arunachal Pradesh,1419,Kalaktang,194,Arunachal West,5,5,KALAKTANG,2024,exact_name,1.0,1976-deferred,12,2009;2014;2019;2024,ST,,,,yes,1,ARUNACHAL WEST,1,agrees,,AC_list;coverage
Arunachal Pradesh,1438,Thrizino-buragaon,194,Arunachal West,6,6,THRIZINO-BURAGAON,2024,exact_name,1.0,1976-deferred,12,2009;2014;2019;2024,ST,,,,yes,1,ARUNACHAL WEST,1,agrees,,AC_list;coverage
Arunachal Pradesh,1412,Bomdila,194,Arunachal West,7,7,BOMDILA,2024,exact_name,1.0,1976-deferred,12,2009;2014;2019;2024,ST,,,,yes,1,ARUNACHAL WEST,1,agrees,,AC_list;coverage
Arunachal Pradesh,1410,Bameng,194,Arunachal West,8,8,BAMENG,2024,exact_name,1.0,1976-deferred,12,2009;2014;2019;2024,ST,,,,yes,1,ARUNACHAL WEST,1,agrees,,AC_list;coverage
Arunachal Pradesh,1413,Chayang tajo,194,Arunachal West,9,9,CHAYANG TAJO,2024,exact_name,1.0,1976-deferred,12,2009;2014;2019;2024,ST,,,,yes,1,ARUNACHAL WEST,1,agrees,,AC_list;coverage
Arunachal Pradesh,1433,Seppa East,194,Arunachal West,10,10,SEPPA EAST,2024,exact_name,1.0,1976-deferred,12,2009;2014;2019;2024,ST,,,,yes,1,ARUNACHAL WEST,1,agrees,,AC_list;coverage
Arunachal Pradesh,1434,Seppa West,194,Arunachal West,11,11,SEPPA WEST,2024,exact_name,1.0,1976-deferred,12,2009;2014;2019;2024,ST,,,,yes,1,ARUNACHAL WEST,1,agrees,,AC_list;coverage
Arunachal Pradesh,1428,Pakke kessang,194,Arunachal West,12,12,PAKKE KESSANG,2024,exact_name,1.0,1976-deferred,12,2009;2014;2019;2024,ST,,,,yes,1,ARUNACHAL WEST,1,agrees,,AC_list;coverage
Arunachal Pradesh,1418,Itanagar,194,Arunachal West,13,13,ITANAGAR,2024,exact_name,1.0,1976-deferred,12,2009;2014;2019;2024,ST,,,,yes,1,ARUNACHAL WEST,1,agrees,,AC_list;coverage
Arunachal Pradesh,1416,Doimukh,194,Arunachal West,14,14,DOIMUKH,2024,exact_name,1.0,1976-deferred,12,2009;2014;2019;2024,ST,,,,yes,1,ARUNACHAL WEST,1,agrees,,AC_list;coverage
Arunachal Pradesh,1432,Sagalee,194,Arunachal West,15,15,SAGALEE,2024,exact_name,1.0,1976-deferred,12,2009;2014;2019;2024,ST,,,,yes,1,ARUNACHAL WEST,1,agrees,,AC_list;coverage
Arunachal Pradesh,1439,Yachuli,194,Arunachal West,16,16,YACHULI,2024,exact_name,1.0,1976-deferred,12,2009;2014;2019;2024,ST,,,,yes,1,ARUNACHAL WEST,1,agrees,,AC_list;coverage
Arunachal Pradesh,1440,Ziro hapoli,194,Arunachal West,17,17,ZIRO HAPOLI,2024,exact_name,1.0,1976-deferred,12,2009;2014;2019;2024,ST,,,,yes,1,ARUNACHAL WEST,1,agrees,,AC_list;coverage
Arunachal Pradesh,1429,Palin,194,Arunachal West,18,18,PALIN,2024,exact_name,1.0,1976-deferred,12,2009;2014;2019;2024,ST,,,,yes,1,ARUNACHAL WEST,1,agrees,,AC_list;coverage
Arunachal Pradesh,1427,Nyapin,194,Arunachal West,19,19,NYAPIN,2024,exact_name,1.0,1976-deferred,12,2009;2014;2019;2024,ST,,,,yes,1,ARUNACHAL WEST,1,agrees,,AC_list;coverage
Arunachal Pradesh,1435,Tali,194,Arunachal West,20,20,TALI,2024,exact_name,1.0,1976-deferred,12,2009;2014;2019;2024,ST,,,,yes,1,ARUNACHAL WEST,1,agrees,,AC_list;coverage
Arunachal Pradesh,1420,Koloriang,194,Arunachal West,21,21,KOLORIANG,2024,exact_name,1.0,1976-deferred,12,2009;2014;2019;2024,ST,,,,yes,1,ARUNACHAL WEST,1,agrees,,AC_list;coverage
Arunachal Pradesh,1426,Nacho,194,Arunachal West,22,22,NACHO,2024,exact_name,1.0,1976-deferred,12,2009;2014;2019;2024,ST,,,,yes,1,ARUNACHAL WEST,1,agrees,,AC_list;coverage
Arunachal Pradesh,1436,Taliha,194,Arunachal West,23,23,TALIHA,2024,exact_name,1.0,1976-deferred,12,2009;2014;2019;2024,ST,,,,yes,1,ARUNACHAL WEST,1,agrees,,AC_list;coverage
Arunachal Pradesh,1414,Daporijo,194,Arunachal West,24,24,DAPORIJO,2024,eci_code,1.0,1976-deferred,12,2009;2014;2019;2024,ST,,24,yes,yes,1,ARUNACHAL WEST,1,agrees,,AC_list;coverage;urban_mapping
Arunachal Pradesh,1430,Raga,194,Arunachal West,25,25,RAGA,2024,exact_name,1.0,1976-deferred,12,2009;2014;2019;2024,ST,,,,yes,1,ARUNACHAL WEST,1,agrees,,AC_list;coverage
Arunachal Pradesh,1417,Dumporijo,194,Arunachal West,26,26,DUMPORIJO,2024,exact_name,1.0,1976-deferred,12,2009;2014;2019;2024,ST,,,,yes,1,ARUNACHAL WEST,1,agrees,,AC_list;coverage
Arunachal Pradesh,1422,Liromoba,194,Arunachal West,27,27,LIROMOBA,2024,exact_name,1.0,1976-deferred,12,2009;2014;2019;2024,ST,,,,yes,1,ARUNACHAL WEST,1,agrees,,AC_list;coverage
Arunachal Pradesh,1421,Likabali,194,Arunachal West,28,28,LIKABALI,2024,exact_name,1.0,1976-deferred,12,2009;2014;2019;2024,ST,,,,yes,1,ARUNACHAL WEST,1,agrees,,AC_list;coverage
Arunachal Pradesh,1411,Basar,194,Arunachal West,29,29,BASAR,2024,exact_name,1.0,1976-deferred,12,2009;2014;2019;2024,ST,,,,yes,1,ARUNACHAL WEST,1,agrees,,AC_list;coverage
Arunachal Pradesh,1409,Along West,194,Arunachal West,30,30,ALONG WEST,2024,exact_name,1.0,1976-deferred,12,2009;2014;2019;2024,ST,,,,yes,1,ARUNACHAL WEST,1,agrees,,AC_list;coverage
Arunachal Pradesh,1408,Along East,194,Arunachal West,31,31,ALONG EAST,2024,exact_name,1.0,1976-deferred,12,2009;2014;2019;2024,ST,,,,yes,1,ARUNACHAL WEST,1,agrees,,AC_list;coverage
Arunachal Pradesh,1431,Rumgong,194,Arunachal West,32,32,RUMGONG,2024,exact_name,1.0,1976-deferred,12,2009;2014;2019;2024,ST,,,,yes,1,ARUNACHAL WEST,1,agrees,,AC_list;coverage
Arunachal Pradesh,1424,Mechukha,194,Arunachal West,33,33,MECHUKA,2024,fuzzy,1.0,1976-deferred,12,2009;2014;2019;2024,ST,,,,yes,1,ARUNACHAL WEST,1,agrees,phonetic key equal,AC_list;coverage
Arunachal Pradesh,1407,Tuting Yingkiong,193,Arunachal East,34,34,TUTING YINGKIONG,2024,exact_name,1.0,1976-deferred,12,2009;2014;2019;2024,ST,,,,yes,2,ARUNACHAL EAST,2,agrees,,AC_list;coverage
Arunachal Pradesh,1401,Pangin,193,Arunachal East,35,35,PANGIN,2024,exact_name,1.0,1976-deferred,12,2009;2014;2019;2024,ST,,,,yes,2,ARUNACHAL EAST,2,agrees,,AC_list;coverage
Arunachal Pradesh,1400,Nari-Koyu,193,Arunachal East,36,36,NARI-KOYU,2024,exact_name,1.0,1976-deferred,12,2009;2014;2019;2024,ST,,,,yes,2,ARUNACHAL EAST,2,agrees,,AC_list;coverage
Arunachal Pradesh,1403,Pasighat West,193,Arunachal East,37,37,PASIGHAT WEST,2024,exact_name,1.0,1976-deferred,12,2009;2014;2019;2024,ST,,,,yes,2,ARUNACHAL EAST,2,agrees,,AC_list;coverage
Arunachal Pradesh,1402,Pasighat East,193,Arunachal East,38,38,PASIGHAT EAST,2024,exact_name,1.0,1976-deferred,12,2009;2014;2019;2024,ST,,,,yes,2,ARUNACHAL EAST,2,agrees,,AC_list;coverage
Arunachal Pradesh,1395,Mebo,193,Arunachal East,39,39,MEBO,2024,exact_name,1.0,1976-deferred,12,2009;2014;2019;2024,ST,,,,yes,2,ARUNACHAL EAST,2,agrees,,AC_list;coverage
Arunachal Pradesh,1394,Mariyang-Geku,193,Arunachal East,40,40,MARIYANG-GEKU,2024,exact_name,1.0,1976-deferred,12,2009;2014;2019;2024,ST,,,,yes,2,ARUNACHAL EAST,2,agrees,,AC_list;coverage
Arunachal Pradesh,1381,Anini,193,Arunachal East,41,41,ANINI,2024,exact_name,1.0,1976-deferred,12,2009;2014;2019;2024,ST,,,,yes,2,ARUNACHAL EAST,2,agrees,,AC_list;coverage
Arunachal Pradesh,1387,Dambuk,193,Arunachal East,42,42,DAMBUK,2024,exact_name,1.0,1976-deferred,12,2009;2014;2019;2024,ST,,,,yes,2,ARUNACHAL EAST,2,agrees,,AC_list;coverage
Arunachal Pradesh,1405,Roing,193,Arunachal East,43,43,ROING,2024,exact_name,1.0,1976-deferred,12,2009;2014;2019;2024,ST,,,,yes,2,ARUNACHAL EAST,2,agrees,,AC_list;coverage
Arunachal Pradesh,1406,Tezu,193,Arunachal East,44,44,TEZU,2024,exact_name,1.0,1976-deferred,12,2009;2014;2019;2024,ST,,,,yes,2,ARUNACHAL EAST,2,agrees,,AC_list;coverage
Arunachal Pradesh,1388,Hayuliang,193,Arunachal East,45,45,HAYULIANG,2024,exact_name,1.0,1976-deferred,12,2009;2014;2019;2024,ST,,,,yes,2,ARUNACHAL EAST,2,agrees,,AC_list;coverage
Arunachal Pradesh,1386,Chowkham,193,Arunachal East,46,46,CHOWKHAM,2024,exact_name,1.0,1976-deferred,12,2009;2014;2019;2024,ST,,,,yes,2,ARUNACHAL EAST,2,agrees,,AC_list;coverage
Arunachal Pradesh,1398,Namsai,193,Arunachal East,47,47,NAMSAI,2024,exact_name,1.0,1976-deferred,12,2009;2014;2019;2024,ST,,,,yes,2,ARUNACHAL EAST,2,agrees,,AC_list;coverage
Arunachal Pradesh,1392,Lekang,193,Arunachal East,48,48,LEKANG,2024,exact_name,1.0,1976-deferred,12,2009;2014;2019;2024,ST,,,,yes,2,ARUNACHAL EAST,2,agrees,,AC_list;coverage
Arunachal Pradesh,1382,Bordumsa - Diyum,193,Arunachal East,49,49,BORDUMSA - DIYUN,2024,fuzzy,0.923,1976-deferred,12,2009;2014;2019;2024,GEN,,,,yes,2,ARUNACHAL EAST,2,agrees,similarity; PC agrees,AC_list;coverage
Arunachal Pradesh,1396,Miao,193,Arunachal East,50,50,MIAO,2024,exact_name,1.0,1976-deferred,12,2009;2014;2019;2024,ST,,,,yes,2,ARUNACHAL EAST,2,agrees,,AC_list;coverage
Arunachal Pradesh,1397,Nampong,193,Arunachal East,51,51,NAMPONG,2024,exact_name,1.0,1976-deferred,12,2009;2014;2019;2024,ST,,,,yes,2,ARUNACHAL EAST,2,agrees,,AC_list;coverage
Arunachal Pradesh,1385,Changlang South,193,Arunachal East,52,52,CHANGLANG SOUTH,2024,exact_name,1.0,1976-deferred,12,2009;2014;2019;2024,ST,,,,yes,2,ARUNACHAL EAST,2,agrees,,AC_list;coverage
Arunachal Pradesh,1384,Changlang North,193,Arunachal East,53,53,CHANGLANG NORTH,2024,exact_name,1.0,1976-deferred,12,2009;2014;2019;2024,ST,,,,yes,2,ARUNACHAL EAST,2,agrees,,AC_list;coverage
Arunachal Pradesh,1399,Namsang,193,Arunachal East,54,54,NAMSANG,2024,exact_name,1.0,1976-deferred,12,2009;2014;2019;2024,ST,,,,yes,2,ARUNACHAL EAST,2,agrees,,AC_list;coverage
Arunachal Pradesh,1390,Khonsa East,193,Arunachal East,55,55,KHONSA EAST,2024,exact_name,1.0,1976-deferred,12,2009;2014;2019;2024,ST,,,,yes,2,ARUNACHAL EAST,2,agrees,,AC_list;coverage
Arunachal Pradesh,1391,Khonsa West,193,Arunachal East,56,56,KHONSA WEST,2024,exact_name,1.0,1976-deferred,12,2009;2014;2019;2024,ST,,,,yes,2,ARUNACHAL EAST,2,agrees,,AC_list;coverage
Arunachal Pradesh,1383,Borduria Bogapani,193,Arunachal East,57,57,BORDURIA BOGAPANI,2024,exact_name,1.0,1976-deferred,12,2009;2014;2019;2024,ST,,,,yes,2,ARUNACHAL EAST,2,agrees,,AC_list;coverage
Arunachal Pradesh,1389,Kanubari,193,Arunachal East,58,58,KANUBARI,2024,exact_name,1.0,1976-deferred,12,2009;2014;2019;2024,ST,,,,yes,2,ARUNACHAL EAST,2,agrees,,AC_list;coverage
Arunachal Pradesh,1393,Longding Pumao,193,Arunachal East,59,59,LONGDING PUMAO,2024,exact_name,1.0,1976-deferred,12,2009;2014;2019;2024,ST,,,,yes,2,ARUNACHAL EAST,2,agrees,,AC_list;coverage
Arunachal Pradesh,1404,Pongchao wakka,193,Arunachal East,60,60,PONGCHAU WAKKA,2024,fuzzy,0.923,1976-deferred,12,2009;2014;2019;2024,ST,,,,yes,2,ARUNACHAL EAST,2,agrees,similarity; PC agrees; consonant skeleton equal,AC_list;coverage
Assam,1792,Ratabari,210,Karimganj,1,1,RATABARI,2021,exact_name,1.0,1976-deferred,18,2011;2016;2021,SC,,,,no: app r totals for this map do not match the statutory SC/ST counts,1,KARIMGANJ,1,agrees,,AC_list;coverage
Assam,1791,Patherkandi,210,Karimganj,2,2,PATHARKANDI,2021,eci_code,0.909,1976-deferred,18,2011;2016;2021,ST,,2,yes,no: app r totals for this map do not match the statutory SC/ST counts,1,KARIMGANJ,1,agrees,eci code; name spelled differently,AC_list;coverage;urban_mapping
Assam,1788,Karimganj North,210,Karimganj,3,3,KARIMGANJ NORTH,2021,eci_code,1.0,1976-deferred,18,2011;2016;2021,ST,,3,yes,no: app r totals for this map do not match the statutory SC/ST counts,1,KARIMGANJ,1,agrees,,AC_list;coverage;urban_mapping
Assam,1789,Karimganj South,210,Karimganj,4,4,KARIMGANJ SOUTH,2021,exact_name,1.0,1976-deferred,18,2011;2016;2021,GEN,,,,no: app r totals for this map do not match the statutory SC/ST counts,1,KARIMGANJ,1,agrees,,AC_list;coverage
Assam,1786,Badarpur,210,Karimganj,5,5,BADARPUR,2021,eci_code,1.0,1976-deferred,18,2011;2016;2021,GEN,,5,yes,no: app r totals for this map do not match the statutory SC/ST counts,1,KARIMGANJ,1,agrees,,AC_list;coverage;urban_mapping
Assam,1787,Hailakandi,210,Karimganj,6,6,HAILAKANDI,2021,eci_code,1.0,1976-deferred,18,2011;2016;2021,GEN,,6,yes,no: app r totals for this map do not match the statutory SC/ST counts,1,KARIMGANJ,1,agrees,,AC_list;coverage;urban_mapping
Assam,1790,Katlicherra,210,Karimganj,7,7,KATLICHERRA,2021,exact_name,1.0,1976-deferred,18,2011;2016;2021,GEN,,,,no: app r totals for this map do not match the statutory SC/ST counts,1,KARIMGANJ,1,agrees,,AC_list;coverage
Assam,1785,Algapur,210,Karimganj,8,8,ALGAPUR,2021,eci_code,1.0,1976-deferred,18,2011;2016;2021,GEN,,8,yes,no: app r totals for this map do not match the statutory SC/ST counts,1,KARIMGANJ,1,agrees,,AC_list;coverage;urban_mapping
Assam,1835,Silchar,215,Silchar,9,9,SILCHAR,2021,eci_code,1.0,1976-deferred,18,2011;2016;2021,GEN,,9,yes,no: app r totals for this map do not match the statutory SC/ST counts,2,SILCHAR,2,agrees,,AC_list;coverage;urban_mapping
Assam,1836,Sonai,215,Silchar,10,10,SONAI,2021,eci_code,1.0,1976-deferred,18,2011;2016;2021,GEN,,10,yes,no: app r totals for this map do not match the statutory SC/ST counts,2,SILCHAR,2,agrees,,AC_list;coverage;urban_mapping
Assam,1832,Dholai,215,Silchar,11,11,DHOLAI,2021,exact_name,1.0,1976-deferred,18,2011;2016;2021,SC,,,,no: app r totals for this map do not match the statutory SC/ST counts,2,SILCHAR,2,agrees,,AC_list;coverage
Assam,1837,Udharbond,215,Silchar,12,12,UDHARBOND,2021,exact_name,1.0,1976-deferred,18,2011;2016;2021,GEN,,,,no: app r totals for this map do not match the statutory SC/ST counts,2,SILCHAR,2,agrees,,AC_list;coverage
Assam,1834,Lakhipur,215,Silchar,13,13,LAKHIPUR,2021,exact_name,1.0,1976-deferred,18,2011;2016;2021,ST,,,,no: app r totals for this map do not match the statutory SC/ST counts,2,SILCHAR,2,agrees,,AC_list;coverage
Assam,1831,Borkhola,215,Silchar,14,14,BARKHOLA,2021,fuzzy,0.875,1976-deferred,18,2011;2016;2021,GEN,,,,no: app r totals for this map do not match the statutory SC/ST counts,2,SILCHAR,2,agrees,similarity; PC agrees; consonant skeleton equal,AC_list;coverage
Assam,1833,Katigorah,215,Silchar,15,15,KATIGORA,2021,fuzzy,1.0,1976-deferred,18,2011;2016;2021,ST,,,,no: app r totals for this map do not match the statutory SC/ST counts,2,SILCHAR,2,agrees,phonetic key equal,AC_list;coverage
Assam,1724,Haflong,203,Autonomous District,16,16,HAFLONG,2021,eci_code,1.0,1976-deferred,18,2011;2016;2021,ST,,16,yes,no: app r totals for this map do not match the statutory SC/ST counts,3,AUTONOMOUS DISTRICT,3,agrees,,AC_list;coverage;urban_mapping
Assam,1722,Bokajan,203,Autonomous District,17,17,BOKAJAN,2021,eci_code,1.0,1976-deferred,18,2011;2016;2021,ST,,17,yes,no: app r totals for this map do not match the statutory SC/ST counts,3,AUTONOMOUS DISTRICT,3,agrees,,AC_list;coverage;urban_mapping
Assam,1725,Howraghat,203,Autonomous District,18,18,HOWRAGHAT,2021,eci_code,1.0,1976-deferred,18,2011;2016;2021,ST,,18,yes,no: app r totals for this map do not match the statutory SC/ST counts,3,AUTONOMOUS DISTRICT,3,agrees,,AC_list;coverage;urban_mapping
Assam,1723,Diphu,203,Autonomous District,19,19,DIPHU,2021,eci_code,1.0,1976-deferred,18,2011;2016;2021,ST,,19,yes,no: app r totals for this map do not match the statutory SC/ST counts,3,AUTONOMOUS DISTRICT,3,agrees,,AC_list;coverage;urban_mapping
Assam,1721,Baithalangso,203,Autonomous District,20,20,BAITHALANGSO,2021,eci_code,1.0,1976-deferred,18,2011;2016;2021,ST,,20,yes,no: app r totals for this map do not match the statutory SC/ST counts,3,AUTONOMOUS DISTRICT,3,agrees,,AC_list;coverage;urban_mapping
Assam,1744,Birsing Jarua,205,Dhubri,21,21,MANKACHAR,2021,manual,0.3,unknown,18,2011;2016;2021,GEN,,,,no: app r totals for this map do not match the statutory SC/ST counts,4,DHUBRI,4,agrees,"Assam: LGD ""Birsing Jarua"" (2023 name) covers South Salmara-Mankachar district; old Mankachar slot is otherwise absent",AC_list;coverage
Assam,1745,Salmara South,205,Dhubri,22,22,SALMARA SOUTH,2021,exact_name,1.0,1976-deferred,18,2011;2016;2021,GEN,,,,no: app r totals for this map do not match the statutory SC/ST counts,4,DHUBRI,4,agrees,,AC_list;coverage
Assam,1738,Dhubri,205,Dhubri,23,23,DHUBRI,2021,eci_code,1.0,1976-deferred,18,2011;2016;2021,GEN,,23,yes,no: app r totals for this map do not match the statutory SC/ST counts,4,DHUBRI,4,agrees,,AC_list;coverage;urban_mapping
Assam,1739,Gauripur,205,Dhubri,24,24,GAURIPUR,2021,eci_code,1.0,1976-deferred,18,2011;2016;2021,SC,,24,yes,no: app r totals for this map do not match the statutory SC/ST counts,4,DHUBRI,4,agrees,,AC_list;coverage;urban_mapping
Assam,1742,Golokganj,205,Dhubri,25,25,GOLAKGANJ,2021,eci_code,0.889,1976-deferred,18,2011;2016;2021,GEN,,25,yes,no: app r totals for this map do not match the statutory SC/ST counts,4,DHUBRI,4,agrees,eci code; name spelled differently,AC_list;coverage;urban_mapping
Assam,1737,Bilasipara West,205,Dhubri,26,26,BILASIPARA WEST,2021,exact_name,1.0,1976-deferred,18,2011;2016;2021,GEN,,,,no: app r totals for this map do not match the statutory SC/ST counts,4,DHUBRI,4,agrees,,AC_list;coverage
Assam,1736,Bilasipara East,205,Dhubri,27,27,BILASIPARA EAST,2021,eci_code,1.0,1976-deferred,18,2011;2016;2021,GEN,,27,yes,no: app r totals for this map do not match the statutory SC/ST counts,4,DHUBRI,4,agrees,,AC_list;coverage;urban_mapping
Assam,1797,Gossaigaon,211,Kokrajhar,28,28,GOSSALGAON,2021,eci_code,0.9,1976-deferred,18,2011;2016;2021,ST,,28,yes,no: app r totals for this map do not match the statutory SC/ST counts,5,KOKRAJHAR,5,agrees,eci code; name spelled differently,AC_list;coverage;urban_mapping
Assam,1799,Kokrajhar West,211,Kokrajhar,29,29,KOKRAJHAR WEST,2021,exact_name,1.0,1976-deferred,18,2011;2016;2021,ST,,,,no: app r totals for this map do not match the statutory SC/ST counts,5,KOKRAJHAR,5,agrees,,AC_list;coverage
Assam,1798,Kokrajhar East,211,Kokrajhar,30,30,KOKRAJHAR EAST,2021,eci_code,1.0,1976-deferred,18,2011;2016;2021,ST,,30,yes,no: app r totals for this map do not match the statutory SC/ST counts,5,KOKRAJHAR,5,agrees,,AC_list;coverage;urban_mapping
Assam,1801,Sidli,211,Kokrajhar,31,31,SIDLI,2021,eci_code,1.0,1976-deferred,18,2011;2016;2021,ST,,31,yes,no: app r totals for this map do not match the statutory SC/ST counts,5,KOKRAJHAR,5,agrees,,AC_list;coverage;urban_mapping
Assam,1730,Bongaigaon,204,Barpeta,32,32,BONGAIGAON,2021,eci_code,1.0,1976-deferred,18,2011;2016;2021,GEN,,32,yes,no: app r totals for this map do not match the statutory SC/ST counts,6,BARPETA,6,agrees,,AC_list;coverage;urban_mapping
Assam,1795,Bijni,211,Kokrajhar,33,33,BIJNI,2021,eci_code,1.0,1976-deferred,18,2011;2016;2021,GEN,,33,yes,no: app r totals for this map do not match the statutory SC/ST counts,5,KOKRAJHAR,5,agrees,,AC_list;coverage;urban_mapping
Assam,1726,SRIJANGRAM,205,Dhubri,34,34,ABHAYAPURI NORTH,2021,manual,0.3,unknown,18,2011;2016;2021,SC,,34,yes,no: app r totals for this map do not match the statutory SC/ST counts,6,BARPETA,4,differs,"Assam: LGD ""Srijangram"" (2023 name) carries LGD ECI code 34 = old Abhayapuri North; coverage includes Abhayapuri town",AC_list;coverage;urban_mapping
Assam,1727,Abhayapuri,204,Barpeta,35,35,ABHAYAPURI SOUTH,2021,manual,0.952,unknown,18,2011;2016;2021,SC,,,,no: app r totals for this map do not match the statutory SC/ST counts,6,BARPETA,6,agrees,"Assam: LGD ""Abhayapuri"" is the remaining Abhayapuri slot = old Abhayapuri South (SC) once Srijangram takes 34; old Abhayapuri North/South are otherwise absent",AC_list;coverage
Assam,1759,Dudhnoi,207,Gauhati,36,36,DUDHNAI,2021,fuzzy,0.857,1976-deferred,18,2011;2016;2021,ST,,,,no: app r totals for this map do not match the statutory SC/ST counts,7,GAUHATI,7,agrees,similarity; PC agrees; consonant skeleton equal,AC_list;coverage
Assam,1740,Goalpara East,205,Dhubri,37,37,GOALPARA EAST,2021,eci_code,1.0,1976-deferred,18,2011;2016;2021,GEN,,37,yes,no: app r totals for this map do not match the statutory SC/ST counts,4,DHUBRI,4,agrees,,AC_list;coverage;urban_mapping
Assam,1741,Goalpara West,207,Gauhati,38,38,GOALPARA WEST,2021,eci_code,1.0,1976-deferred,18,2011;2016;2021,GEN,,38,yes,no: app r totals for this map do not match the statutory SC/ST counts,4,DHUBRI,7,differs,,AC_list;coverage;urban_mapping
Assam,1743,Jaleswar,205,Dhubri,39,39,JALESWAR,2021,exact_name,1.0,1976-deferred,18,2011;2016;2021,GEN,,,,no: app r totals for this map do not match the statutory SC/ST counts,4,DHUBRI,4,agrees,,AC_list;coverage
Assam,1735,Sorbhog,211,Kokrajhar,40,40,SORBHOG,2021,eci_code,1.0,1976-deferred,18,2011;2016;2021,GEN,,40,yes,no: app r totals for this map do not match the statutory SC/ST counts,5,KOKRAJHAR,5,agrees,,AC_list;coverage;urban_mapping
Assam,1794,Bhowanipur Sorbhog,204,Barpeta,41,41,BHABANIPUR,2021,manual,0.593,unknown,18,2011;2016;2021,GEN,,,,no: app r totals for this map do not match the statutory SC/ST counts,5,KOKRAJHAR,6,differs,"Assam: LGD ""Bhowanipur Sorbhog"" (2023 name) = old Bhabanipur slot (absent otherwise)",AC_list;coverage
Assam,1800,Bajali,204,Barpeta,42,42,PATACHARKUCHI,2021,manual,0.353,unknown,18,2011;2016;2021,ST,,26,no,no: app r totals for this map do not match the statutory SC/ST counts,6,BARPETA,6,agrees,"Assam: LGD ""Bajali"" (2023 name) sits on the old Patacharkuchi slot - coverage = Patacharkuchi town + part of Tihu; old Patacharkuchi is otherwise absent from LGD; LGD ECI code 26 is Bajali's 2023 number, not an old one",AC_list;coverage;urban_mapping
Assam,1729,Barpeta,204,Barpeta,43,43,BARPETA,2021,eci_code,1.0,1976-deferred,18,2011;2016;2021,ST,,43,yes,no: app r totals for this map do not match the statutory SC/ST counts,6,BARPETA,6,agrees,,AC_list;coverage;urban_mapping
Assam,1733,Jania,205,Dhubri,44,44,JANIA,2021,exact_name,1.0,1976-deferred,18,2011;2016;2021,GEN,,,,no: app r totals for this map do not match the statutory SC/ST counts,6,BARPETA,4,differs,,AC_list;coverage
Assam,1728,Baghbar,204,Barpeta,45,45,BAGHBAR,2021,exact_name,1.0,1976-deferred,18,2011;2016;2021,GEN,,,,no: app r totals for this map do not match the statutory SC/ST counts,6,BARPETA,6,agrees,,AC_list;coverage
Assam,1734,Sarukhetri,204,Barpeta,46,46,SARUKHETRI,2021,eci_code,1.0,1976-deferred,18,2011;2016;2021,ST,,46,yes,no: app r totals for this map do not match the statutory SC/ST counts,6,BARPETA,6,agrees,,AC_list;coverage;urban_mapping
Assam,1731,Chenga,205,Dhubri,47,47,CHENGA,2021,exact_name,1.0,1976-deferred,18,2011;2016;2021,GEN,,,,no: app r totals for this map do not match the statutory SC/ST counts,6,BARPETA,4,differs,,AC_list;coverage
Assam,1756,Boko,207,Gauhati,48,48,BOKO,2021,exact_name,1.0,1976-deferred,18,2011;2016;2021,SC,,,,no: app r totals for this map do not match the statutory SC/ST counts,7,GAUHATI,7,agrees,,AC_list;coverage
Assam,1757,Chhaygaon,207,Gauhati,49,49,CHAYGAON,2021,fuzzy,1.0,1976-deferred,18,2011;2016;2021,GEN,,,,no: app r totals for this map do not match the statutory SC/ST counts,7,GAUHATI,7,agrees,phonetic key equal,AC_list;coverage
Assam,1764,Palasbari,207,Gauhati,50,50,PALASBARI,2021,eci_code,1.0,1976-deferred,18,2011;2016;2021,GEN,,50,yes,no: app r totals for this map do not match the statutory SC/ST counts,7,GAUHATI,7,agrees,,AC_list;coverage;urban_mapping
Assam,1763,Jalukbari,207,Gauhati,51,51,JALUKBARI,2021,eci_code,1.0,1976-deferred,18,2011;2016;2021,GEN,,51,yes,no: app r totals for this map do not match the statutory SC/ST counts,7,GAUHATI,7,agrees,,AC_list;coverage;urban_mapping
Assam,1758,Dispur,207,Gauhati,52,52,DISPUR,2021,eci_code,1.0,1976-deferred,18,2011;2016;2021,SC,,52,yes,no: app r totals for this map do not match the statutory SC/ST counts,7,GAUHATI,7,agrees,,AC_list;coverage;urban_mapping
Assam,1760,Gauhati East,207,Gauhati,53,53,GAUHATI EAST,2021,eci_code,1.0,1976-deferred,18,2011;2016;2021,GEN,,53,yes,no: app r totals for this map do not match the statutory SC/ST counts,7,GAUHATI,7,agrees,,AC_list;coverage;urban_mapping
Assam,1761,Gauhati West,207,Gauhati,54,54,GAUHATI WEST,2021,exact_name,1.0,1976-deferred,18,2011;2016;2021,GEN,,,,no: app r totals for this map do not match the statutory SC/ST counts,7,GAUHATI,7,agrees,,AC_list;coverage
Assam,1762,Hajo,204,Barpeta,55,55,HAJO,2021,exact_name,1.0,1976-deferred,18,2011;2016;2021,GEN,,,,no: app r totals for this map do not match the statutory SC/ST counts,7,GAUHATI,6,differs,,AC_list;coverage
Assam,1814,Kamalpur,213,Mangaldoi,56,56,KAMALPUR,2021,exact_name,1.0,1976-deferred,18,2011;2016;2021,GEN,,,,no: app r totals for this map do not match the statutory SC/ST counts,8,MANGALDOI,8,agrees,,AC_list;coverage
Assam,1819,Rangia,213,Mangaldoi,57,57,RANGIYA,2021,fuzzy,1.0,1976-deferred,18,2011;2016;2021,GEN,,,,no: app r totals for this map do not match the statutory SC/ST counts,8,MANGALDOI,8,agrees,phonetic key equal,AC_list;coverage
Assam,1802,Tamulpur,211,Kokrajhar,58,58,TAMULPUR,2021,exact_name,1.0,1976-deferred,18,2011;2016;2021,GEN,,,,no: app r totals for this map do not match the statutory SC/ST counts,5,KOKRAJHAR,5,agrees,,AC_list;coverage
Assam,1817,Nalbari,204,Barpeta,59,59,NALBARI,2021,exact_name,1.0,1976-deferred,18,2011;2016;2021,GEN,,,,no: app r totals for this map do not match the statutory SC/ST counts,8,MANGALDOI,6,differs,,AC_list;coverage
Assam,1755,Barkhetri,207,Gauhati,60,60,BARKHETRY,2021,eci_code,1.0,1976-deferred,18,2011;2016;2021,GEN,,60,yes,no: app r totals for this map do not match the statutory SC/ST counts,7,GAUHATI,7,agrees,eci code; name spelled differently,AC_list;coverage;urban_mapping
Assam,1732,Dharmapur,204,Barpeta,61,61,DHARMAPUR,2021,exact_name,1.0,1976-deferred,18,2011;2016;2021,SC,,,,no: app r totals for this map do not match the statutory SC/ST counts,6,BARPETA,6,agrees,,AC_list;coverage
Assam,1793,Barama,211,Kokrajhar,62,62,BARAMA,2021,exact_name,1.0,1976-deferred,18,2011;2016;2021,ST,,,,no: app r totals for this map do not match the statutory SC/ST counts,5,KOKRAJHAR,5,agrees,,AC_list;coverage
Assam,1796,Chapaguri,211,Kokrajhar,63,63,CHAPAGURI,2021,exact_name,1.0,1976-deferred,18,2011;2016;2021,ST,,,,no: app r totals for this map do not match the statutory SC/ST counts,5,KOKRAJHAR,5,agrees,,AC_list;coverage
Assam,1818,Panery,213,Mangaldoi,64,64,PANERY,2021,exact_name,1.0,1976-deferred,18,2011;2016;2021,GEN,,,,no: app r totals for this map do not match the statutory SC/ST counts,8,MANGALDOI,8,agrees,,AC_list;coverage
Assam,1813,Kalaigaon,213,Mangaldoi,65,65,KALAIGAON,2021,eci_code,1.0,1976-deferred,18,2011;2016;2021,GEN,,65,yes,no: app r totals for this map do not match the statutory SC/ST counts,8,MANGALDOI,8,agrees,,AC_list;coverage;urban_mapping
Assam,1820,Sipajhar,213,Mangaldoi,66,66,SIPAJHAR,2021,eci_code,1.0,1976-deferred,18,2011;2016;2021,GEN,,66,yes,no: app r totals for this map do not match the statutory SC/ST counts,8,MANGALDOI,8,agrees,,AC_list;coverage;urban_mapping
Assam,1815,Mangaldoi,213,Mangaldoi,67,67,MANGALDOI,2021,eci_code,1.0,1976-deferred,18,2011;2016;2021,SC,,67,yes,no: app r totals for this map do not match the statutory SC/ST counts,8,MANGALDOI,8,agrees,,AC_list;coverage;urban_mapping
Assam,1812,Dalgaon,213,Mangaldoi,68,68,DALGAON,2021,exact_name,1.0,1976-deferred,18,2011;2016;2021,GEN,,,,no: app r totals for this map do not match the statutory SC/ST counts,8,MANGALDOI,8,agrees,,AC_list;coverage
Assam,1821,Udalguri,213,Mangaldoi,69,69,UDALGURI,2021,eci_code,1.0,1976-deferred,18,2011;2016;2021,ST,,69,yes,no: app r totals for this map do not match the statutory SC/ST counts,8,MANGALDOI,8,agrees,,AC_list;coverage;urban_mapping
Assam,1816,Mazbat,213,Mangaldoi,70,70,MAZBAT,2021,exact_name,1.0,1976-deferred,18,2011;2016;2021,GEN,,,,no: app r totals for this map do not match the statutory SC/ST counts,8,MANGALDOI,8,agrees,,AC_list;coverage
Assam,1842,Dhekiajuli,216,Sonitpur,71,71,DHEKIAJULI,2021,eci_code,1.0,1976-deferred,18,2011;2016;2021,SC,,71,yes,no: app r totals for this map do not match the statutory SC/ST counts,9,TEZPUR,9,agrees,,AC_list;coverage;urban_mapping
Assam,1838,Barchalla,216,Sonitpur,72,72,BORCHALLA,2021,fuzzy,0.889,1976-deferred,18,2011;2016;2021,GEN,,,,no: app r totals for this map do not match the statutory SC/ST counts,9,TEZPUR,9,agrees,similarity; PC differs; consonant skeleton equal,AC_list;coverage
Assam,1846,Tezpur,216,Sonitpur,73,73,TEZPUR,2021,eci_code,1.0,1976-deferred,18,2011;2016;2021,GEN,,73,yes,no: app r totals for this map do not match the statutory SC/ST counts,9,TEZPUR,9,agrees,,AC_list;coverage;urban_mapping
Assam,1844,Rangapara,216,Sonitpur,74,74,RANGAPARA,2021,eci_code,1.0,1976-deferred,18,2011;2016;2021,GEN,,74,yes,no: app r totals for this map do not match the statutory SC/ST counts,9,TEZPUR,9,agrees,,AC_list;coverage;urban_mapping
Assam,1845,Sootea,216,Sonitpur,75,75,SOOTEA,2021,eci_code,1.0,1976-deferred,18,2011;2016;2021,SC,,75,yes,no: app r totals for this map do not match the statutory SC/ST counts,9,TEZPUR,9,agrees,,AC_list;coverage;urban_mapping
Assam,1841,Biswanath,216,Sonitpur,76,76,BISWANATH,2021,eci_code,1.0,1976-deferred,18,2011;2016;2021,GEN,,76,yes,no: app r totals for this map do not match the statutory SC/ST counts,9,TEZPUR,9,agrees,,AC_list;coverage;urban_mapping
Assam,1839,Behali,216,Sonitpur,77,77,BIHALI,2021,fuzzy,0.833,1976-deferred,18,2011;2016;2021,ST,,,,no: app r totals for this map do not match the statutory SC/ST counts,9,TEZPUR,9,agrees,similarity; PC differs; consonant skeleton equal,AC_list;coverage
Assam,1843,Gohpur,216,Sonitpur,78,78,GAHPUR,2021,eci_code,0.833,1976-deferred,18,2011;2016;2021,ST,,78,yes,no: app r totals for this map do not match the statutory SC/ST counts,9,TEZPUR,9,agrees,eci code; name spelled differently,AC_list;coverage;urban_mapping
Assam,1824,Jagiroad,214,Nagaon,79,79,JAGIROAD,2021,eci_code,1.0,1976-deferred,18,2011;2016;2021,SC,,79,yes,no: app r totals for this map do not match the statutory SC/ST counts,10,NOWGONG,10,agrees,,AC_list;coverage;urban_mapping
Assam,1828,Morigaon,214,Nagaon,80,80,MORIGAON,2021,exact_name,1.0,1976-deferred,18,2011;2016;2021,ST,,,,no: app r totals for this map do not match the statutory SC/ST counts,10,NOWGONG,10,agrees,,AC_list;coverage
Assam,1826,Laharighat,214,Nagaon,81,81,LAHARIGHAT,2021,exact_name,1.0,1976-deferred,18,2011;2016;2021,GEN,,,,no: app r totals for this map do not match the statutory SC/ST counts,10,NOWGONG,10,agrees,,AC_list;coverage
Assam,1830,Raha,214,Nagaon,82,82,RAHA,2021,eci_code,1.0,1976-deferred,18,2011;2016;2021,SC,,82,yes,no: app r totals for this map do not match the statutory SC/ST counts,10,NOWGONG,10,agrees,,AC_list;coverage;urban_mapping
Assam,1778,Dhing,214,Nagaon,83,83,DHING,2021,exact_name,1.0,1976-deferred,18,2011;2016;2021,GEN,,,,no: app r totals for this map do not match the statutory SC/ST counts,11,KALIABOR,10,differs,,AC_list;coverage
Assam,1775,Batadraba,214,Nagaon,84,84,BATADROBA,2021,fuzzy,0.889,1976-deferred,18,2011;2016;2021,GEN,,,,no: app r totals for this map do not match the statutory SC/ST counts,11,KALIABOR,10,differs,similarity; PC differs; consonant skeleton equal,AC_list;coverage
Assam,1782,Rupahihat,214,Nagaon,85,85,RUPOHIHAT,2021,fuzzy,0.889,1976-deferred,18,2011;2016;2021,GEN,,,,no: app r totals for this map do not match the statutory SC/ST counts,11,KALIABOR,10,differs,similarity; PC differs; consonant skeleton equal,AC_list;coverage
Assam,1829,Nagaon,214,Nagaon,86,86,NOWGONG,2021,eci_code,1.0,1976-deferred,18,2011;2016;2021,GEN,,86,yes,no: app r totals for this map do not match the statutory SC/ST counts,10,NOWGONG,10,agrees,eci code; official rename (NAGAON=NOWGONG),AC_list;coverage;urban_mapping
Assam,1822,Barhampur,209,Kaziranga,87,87,BARHAMPUR,2021,eci_code,1.0,1976-deferred,18,2011;2016;2021,GEN,,87,yes,no: app r totals for this map do not match the statutory SC/ST counts,10,NOWGONG,11,differs,,AC_list;coverage;urban_mapping
Assam,1783,Samaguri,214,Nagaon,88,88,SAMAGURI,2021,exact_name,1.0,1976-deferred,18,2011;2016;2021,GEN,,,,no: app r totals for this map do not match the statutory SC/ST counts,11,KALIABOR,10,differs,,AC_list;coverage
Assam,1780,Kaliabor,209,Kaziranga,89,89,KALIABOR,2021,exact_name,1.0,1976-deferred,18,2011;2016;2021,GEN,,,,no: app r totals for this map do not match the statutory SC/ST counts,11,KALIABOR,11,agrees,,AC_list;coverage
Assam,1825,Jamunamukh,214,Nagaon,90,90,JAMUNAMUKH,2021,exact_name,1.0,1976-deferred,18,2011;2016;2021,GEN,,,,no: app r totals for this map do not match the statutory SC/ST counts,10,NOWGONG,10,agrees,,AC_list;coverage
Assam,1823,Hojai,209,Kaziranga,91,91,HOJAI,2021,eci_code,1.0,1976-deferred,18,2011;2016;2021,GEN,,91,yes,no: app r totals for this map do not match the statutory SC/ST counts,10,NOWGONG,11,differs,,AC_list;coverage;urban_mapping
Assam,1827,Lumding,209,Kaziranga,92,92,LUMDING,2021,eci_code,1.0,1976-deferred,18,2011;2016;2021,GEN,,92,yes,no: app r totals for this map do not match the statutory SC/ST counts,10,NOWGONG,11,differs,,AC_list;coverage;urban_mapping
Assam,1776,Bokakhat,209,Kaziranga,93,93,BOKAKHAT,2021,eci_code,1.0,1976-deferred,18,2011;2016;2021,GEN,,93,yes,no: app r totals for this map do not match the statutory SC/ST counts,11,KALIABOR,11,agrees,,AC_list;coverage;urban_mapping
Assam,1784,Sarupathar,209,Kaziranga,94,94,SARUPATHAR,2021,eci_code,1.0,1976-deferred,18,2011;2016;2021,GEN,,94,yes,no: app r totals for this map do not match the statutory SC/ST counts,11,KALIABOR,11,agrees,,AC_list;coverage;urban_mapping
Assam,1779,Golaghat,209,Kaziranga,95,95,GOLAGHAT,2021,exact_name,1.0,1976-deferred,18,2011;2016;2021,GEN,,,,no: app r totals for this map do not match the statutory SC/ST counts,11,KALIABOR,11,agrees,,AC_list;coverage
Assam,1781,Khumtai,209,Kaziranga,96,96,KHUMTAI,2021,exact_name,1.0,1976-deferred,18,2011;2016;2021,GEN,,,,no: app r totals for this map do not match the statutory SC/ST counts,11,KALIABOR,11,agrees,,AC_list;coverage
Assam,1777,Dergaon,209,Kaziranga,97,97,DERGAON,2021,exact_name,1.0,1976-deferred,18,2011;2016;2021,SC,,,,no: app r totals for this map do not match the statutory SC/ST counts,11,KALIABOR,11,agrees,,AC_list;coverage
Assam,1766,Jorhat,208,Jorhat,98,98,JORHAT,2021,eci_code,1.0,1976-deferred,18,2011;2016;2021,ST,,98,yes,no: app r totals for this map do not match the statutory SC/ST counts,12,JORHAT,12,agrees,,AC_list;coverage;urban_mapping
Assam,1809,Majuli ST,208,Jorhat,99,99,MAJULI,2021,exact_name,1.0,1976-deferred,18,2011;2016;2021,ST,ST,,,no: app r totals for this map do not match the statutory SC/ST counts,14,LAKHIMPUR,12,differs,,AC_list;coverage
Assam,1774,Titabar,208,Jorhat,100,100,TITABAR,2021,eci_code,1.0,1976-deferred,18,2011;2016;2021,GEN,,100,yes,no: app r totals for this map do not match the statutory SC/ST counts,12,JORHAT,12,agrees,,AC_list;coverage;urban_mapping
Assam,1768,Mariani,208,Jorhat,101,101,MORIANI,2021,eci_code,0.857,1976-deferred,18,2011;2016;2021,GEN,,101,yes,no: app r totals for this map do not match the statutory SC/ST counts,12,JORHAT,12,agrees,eci code; name spelled differently,AC_list;coverage;urban_mapping
Assam,1772,Teok,208,Jorhat,102,102,TEOK,2021,eci_code,1.0,1976-deferred,18,2011;2016;2021,GEN,,102,yes,no: app r totals for this map do not match the statutory SC/ST counts,12,JORHAT,12,agrees,,AC_list;coverage;urban_mapping
Assam,1765,Amguri,208,Jorhat,103,103,AMGURI,2021,eci_code,1.0,1976-deferred,18,2011;2016;2021,GEN,,103,yes,no: app r totals for this map do not match the statutory SC/ST counts,12,JORHAT,12,agrees,,AC_list;coverage;urban_mapping
Assam,1769,Nazira,208,Jorhat,104,104,NAZIRA,2021,eci_code,1.0,1976-deferred,18,2011;2016;2021,GEN,,104,yes,no: app r totals for this map do not match the statutory SC/ST counts,12,JORHAT,12,agrees,,AC_list;coverage;urban_mapping
Assam,1767,Mahmora,208,Jorhat,105,105,MAHMARA,2021,eci_code,0.857,1976-deferred,18,2011;2016;2021,GEN,,105,yes,no: app r totals for this map do not match the statutory SC/ST counts,12,JORHAT,12,agrees,eci code; name spelled differently,AC_list;coverage;urban_mapping
Assam,1771,Sonari,208,Jorhat,106,106,SONARI,2021,eci_code,1.0,1976-deferred,18,2011;2016;2021,GEN,,106,yes,no: app r totals for this map do not match the statutory SC/ST counts,12,JORHAT,12,agrees,,AC_list;coverage;urban_mapping
Assam,1773,Demow,208,Jorhat,107,107,THOWRA,2021,manual,0.4,unknown,18,2011;2016;2021,GEN,,95,no,no: app r totals for this map do not match the statutory SC/ST counts,12,JORHAT,12,agrees,"Assam: LGD ""Demow"" (2023 name) = old Thowra slot (Sivasagar dist.; absent otherwise); LGD ECI code 95 is Demow's 2023 number",AC_list;coverage;urban_mapping
Assam,1770,Sivasagar,208,Jorhat,108,108,SIBSAGAR,2021,eci_code,1.0,1976-deferred,18,2011;2016;2021,ST,,108,yes,no: app r totals for this map do not match the statutory SC/ST counts,12,JORHAT,12,agrees,eci code; official rename (SIVASAGAR=SIBSAGAR),AC_list;coverage;urban_mapping
Assam,1840,Bihpuria,216,Sonitpur,109,109,BIHPURIA,2021,exact_name,1.0,1976-deferred,18,2011;2016;2021,ST,,,,no: app r totals for this map do not match the statutory SC/ST counts,9,TEZPUR,9,agrees,,AC_list;coverage
Assam,1810,Naoboicha,212,Lakhimpur,110,110,NAOBOICHA,2021,exact_name,1.0,1976-deferred,18,2011;2016;2021,ST,,,,no: app r totals for this map do not match the statutory SC/ST counts,14,LAKHIMPUR,14,agrees,,AC_list;coverage
Assam,1808,Lakhimpur,212,Lakhimpur,111,111,LAKHIMPUR,2021,eci_code,1.0,1976-deferred,18,2011;2016;2021,ST,,111,yes,no: app r totals for this map do not match the statutory SC/ST counts,14,LAKHIMPUR,14,agrees,,AC_list;coverage;urban_mapping
Assam,1804,Dhakuakhana,212,Lakhimpur,112,112,DHAKUAKHANA,2021,eci_code,1.0,1976-deferred,18,2011;2016;2021,ST,,112,yes,no: app r totals for this map do not match the statutory SC/ST counts,14,LAKHIMPUR,14,agrees,,AC_list;coverage;urban_mapping
Assam,1805,Dhemaji,212,Lakhimpur,113,113,DHEMAJI,2021,eci_code,1.0,1976-deferred,18,2011;2016;2021,ST,,113,yes,no: app r totals for this map do not match the statutory SC/ST counts,14,LAKHIMPUR,14,agrees,,AC_list;coverage;urban_mapping
Assam,1807,Jonai,212,Lakhimpur,114,114,JONAI,2021,eci_code,1.0,1976-deferred,18,2011;2016;2021,ST,,114,yes,no: app r totals for this map do not match the statutory SC/ST counts,14,LAKHIMPUR,14,agrees,,AC_list;coverage;urban_mapping
Assam,1751,Moran,206,Dibrugarh,115,115,MORAN,2021,exact_name,1.0,1976-deferred,18,2011;2016;2021,GEN,,,,no: app r totals for this map do not match the statutory SC/ST counts,13,DIBRUGARH,13,agrees,,AC_list;coverage
Assam,1746,Dibrugarh,206,Dibrugarh,116,116,DIBRUGARH,2021,eci_code,1.0,1976-deferred,18,2011;2016;2021,GEN,,116,yes,no: app r totals for this map do not match the statutory SC/ST counts,13,DIBRUGARH,13,agrees,,AC_list;coverage;urban_mapping
Assam,1749,Lahowal,206,Dibrugarh,117,117,LAHOWAL,2021,eci_code,1.0,1976-deferred,18,2011;2016;2021,GEN,,117,yes,no: app r totals for this map do not match the statutory SC/ST counts,13,DIBRUGARH,13,agrees,,AC_list;coverage;urban_mapping
Assam,1748,Dulijan,206,Dibrugarh,118,118,DULIAJAN,2021,eci_code,0.933,1976-deferred,18,2011;2016;2021,GEN,,118,yes,no: app r totals for this map do not match the statutory SC/ST counts,13,DIBRUGARH,13,agrees,eci code; name spelled differently,AC_list;coverage;urban_mapping
Assam,1753,Tingkhong,206,Dibrugarh,119,119,TINGKHONG,2021,exact_name,1.0,1976-deferred,18,2011;2016;2021,GEN,,,,no: app r totals for this map do not match the statutory SC/ST counts,13,DIBRUGARH,13,agrees,,AC_list;coverage
Assam,1752,Naharkatia,206,Dibrugarh,120,120,NAHARKATIA,2021,eci_code,1.0,1976-deferred,18,2011;2016;2021,SC,,120,yes,no: app r totals for this map do not match the statutory SC/ST counts,13,DIBRUGARH,13,agrees,,AC_list;coverage;urban_mapping
Assam,1803,Chabua,206,Dibrugarh,121,121,CHABUA,2021,exact_name,1.0,1976-deferred,18,2011;2016;2021,GEN,,,,no: app r totals for this map do not match the statutory SC/ST counts,14,LAKHIMPUR,13,differs,,AC_list;coverage
Assam,1754,Tinsukia,206,Dibrugarh,122,122,TINSUKIA,2021,eci_code,1.0,1976-deferred,18,2011;2016;2021,GEN,,122,yes,no: app r totals for this map do not match the statutory SC/ST counts,13,DIBRUGARH,13,agrees,,AC_list;coverage;urban_mapping
Assam,1747,Digboi,206,Dibrugarh,123,123,DIGBOI,2021,eci_code,1.0,1976-deferred,18,2011;2016;2021,GEN,,123,yes,no: app r totals for this map do not match the statutory SC/ST counts,13,DIBRUGARH,13,agrees,,AC_list;coverage;urban_mapping
Assam,1750,Margherita,206,Dibrugarh,124,124,MARGHERITA,2021,exact_name,1.0,1976-deferred,18,2011;2016;2021,GEN,,,,no: app r totals for this map do not match the statutory SC/ST counts,13,DIBRUGARH,13,agrees,,AC_list;coverage
Assam,1806,Doomdooma,212,Lakhimpur,125,125,DOOM DOOMA,2021,eci_code,1.0,1976-deferred,18,2011;2016;2021,GEN,,125,yes,no: app r totals for this map do not match the statutory SC/ST counts,14,LAKHIMPUR,14,agrees,,AC_list;coverage;urban_mapping
Assam,1811,Sadiya,212,Lakhimpur,126,126,SADIYA,2021,exact_name,1.0,1976-deferred,18,2011;2016;2021,SC,,,,no: app r totals for this map do not match the statutory SC/ST counts,14,LAKHIMPUR,14,agrees,,AC_list;coverage
Bihar,1349,Valmiki Nagar,191,Valmiki Nagar,1,1,VALMIKI NAGAR,2025,exact_name,1.0,2008,10,2010;2015;2020;2025,GEN,,,,yes,1,VALMIKI NAGAR,1,agrees,,AC_list;coverage
Bihar,1347,Ramnagar,191,Valmiki Nagar,2,2,RAMNAGAR,2025,eci_code,1.0,2008,10,2010;2015;2020;2025,SC,,2,yes,yes,1,VALMIKI NAGAR,1,agrees,,AC_list;coverage;urban_mapping
Bihar,1346,Narkatiaganj,191,Valmiki Nagar,3,3,NARKATIAGANJ,2025,eci_code,1.0,2008,10,2010;2015;2020;2025,GEN,,3,yes,yes,1,VALMIKI NAGAR,1,agrees,,AC_list;coverage;urban_mapping
Bihar,1344,Bagaha,191,Valmiki Nagar,4,4,BAGAHA,2025,eci_code,1.0,2008,10,2010;2015;2020;2025,GEN,,4,yes,yes,1,VALMIKI NAGAR,1,agrees,,AC_list;coverage;urban_mapping
Bihar,1345,Lauriya,191,Valmiki Nagar,5,5,LAURIYA,2025,eci_code,1.0,2008,10,2010;2015;2020;2025,GEN,,5,yes,yes,1,VALMIKI NAGAR,1,agrees,,AC_list;coverage;urban_mapping
Bihar,1263,Nautan,177,Paschim Champaran,6,6,NAUTAN,2025,exact_name,1.0,2008,10,2010;2015;2020;2025,GEN,,,,yes,2,PASCHIM CHAMPARAN,2,agrees,,AC_list;coverage
Bihar,1261,Chanpatia,177,Paschim Champaran,7,7,CHANPATIA,2025,eci_code,1.0,2008,10,2010;2015;2020;2025,GEN,,7,yes,yes,2,PASCHIM CHAMPARAN,2,agrees,,AC_list;coverage;urban_mapping
Bihar,1260,Bettiah,177,Paschim Champaran,8,8,BETTIAH,2025,eci_code,1.0,2008,10,2010;2015;2020;2025,GEN,,8,yes,yes,2,PASCHIM CHAMPARAN,2,agrees,,AC_list;coverage;urban_mapping
Bihar,1348,Sikta,191,Valmiki Nagar,9,9,SIKTA,2025,exact_name,1.0,2008,10,2010;2015;2020;2025,GEN,,,,yes,1,VALMIKI NAGAR,1,agrees,,AC_list;coverage
Bihar,1264,Raxaul,177,Paschim Champaran,10,10,RAXAUL,2025,eci_code,1.0,2008,10,2010;2015;2020;2025,GEN,,10,yes,yes,2,PASCHIM CHAMPARAN,2,agrees,,AC_list;coverage;urban_mapping
Bihar,1265,Sugauli,177,Paschim Champaran,11,11,SUGAULI,2025,eci_code,1.0,2008,10,2010;2015;2020;2025,GEN,,11,yes,yes,2,PASCHIM CHAMPARAN,2,agrees,,AC_list;coverage;urban_mapping
Bihar,1262,Narkatia,177,Paschim Champaran,12,12,NARKATIA,2025,exact_name,1.0,2008,10,2010;2015;2020;2025,GEN,,,,yes,2,PASCHIM CHAMPARAN,2,agrees,,AC_list;coverage
Bihar,1285,Harsidhi,181,Purvi Champaran,13,13,HARSIDHI,2025,exact_name,1.0,2008,10,2010;2015;2020;2025,SC,,,,yes,3,PURVI CHAMPARAN,3,agrees,,AC_list;coverage
Bihar,1284,Govindganj,181,Purvi Champaran,14,14,GOVINDGANJ,2025,eci_code,1.0,2008,10,2010;2015;2020;2025,GEN,,14,yes,yes,3,PURVI CHAMPARAN,3,agrees,,AC_list;coverage;urban_mapping
Bihar,1287,Kesaria,181,Purvi Champaran,15,15,KESARIA,2025,eci_code,1.0,2008,10,2010;2015;2020;2025,GEN,,15,yes,yes,3,PURVI CHAMPARAN,3,agrees,,AC_list;coverage;urban_mapping
Bihar,1286,Kalyanpur,181,Purvi Champaran,16,16,KALYANPUR,2025,exact_name,1.0,2008,10,2010;2015;2020;2025,GEN,,,,yes,3,PURVI CHAMPARAN,3,agrees,duplicate name in state; PC tie-break,AC_list;coverage
Bihar,1289,Pipra,181,Purvi Champaran,17,17,PIPRA,2025,eci_code,1.0,2008,10,2010;2015;2020;2025,GEN,,17,yes,yes,3,PURVI CHAMPARAN,3,agrees,,AC_list;coverage;urban_mapping
Bihar,1311,Madhuban,185,Sheohar,18,18,MADHUBAN,2025,eci_code,1.0,2008,10,2010;2015;2020;2025,GEN,,18,yes,yes,4,SHEOHAR,4,agrees,,AC_list;coverage;urban_mapping
Bihar,1288,Motihari,181,Purvi Champaran,19,19,MOTIHARI,2025,eci_code,1.0,2008,10,2010;2015;2020;2025,GEN,,19,yes,yes,3,PURVI CHAMPARAN,3,agrees,,AC_list;coverage;urban_mapping
Bihar,1309,Chiraia,185,Sheohar,20,20,CHIRAIA,2025,exact_name,1.0,2008,10,2010;2015;2020;2025,GEN,,,,yes,4,SHEOHAR,4,agrees,,AC_list;coverage
Bihar,1310,Dhaka,185,Sheohar,21,21,DHAKA,2025,eci_code,1.0,2008,10,2010;2015;2020;2025,GEN,,21,yes,yes,4,SHEOHAR,4,agrees,,AC_list;coverage;urban_mapping
Bihar,1313,Sheohar,185,Sheohar,22,22,SHEOHAR,2025,eci_code,1.0,2008,10,2010;2015;2020;2025,GEN,,22,yes,yes,4,SHEOHAR,4,agrees,,AC_list;coverage;urban_mapping
Bihar,1312,Riga,185,Sheohar,23,23,RIGA,2025,eci_code,1.0,2008,10,2010;2015;2020;2025,GEN,,23,yes,yes,4,SHEOHAR,4,agrees,,AC_list;coverage;urban_mapping
Bihar,1315,Bathnaha,186,Sitamarhi,24,24,BATHNAHA,2025,exact_name,1.0,2008,10,2010;2015;2020;2025,SC,,,,yes,5,SITAMARHI,5,agrees,,AC_list;coverage
Bihar,1316,Parihar,186,Sitamarhi,25,25,PARIHAR,2025,exact_name,1.0,2008,10,2010;2015;2020;2025,GEN,,,,yes,5,SITAMARHI,5,agrees,,AC_list;coverage
Bihar,1319,Sursand,186,Sitamarhi,26,26,SURSAND,2025,eci_code,1.0,2008,10,2010;2015;2020;2025,GEN,,26,yes,yes,5,SITAMARHI,5,agrees,,AC_list;coverage;urban_mapping
Bihar,1314,Bajpatti,186,Sitamarhi,27,27,BAJPATTI,2025,exact_name,1.0,2008,10,2010;2015;2020;2025,GEN,,,,yes,5,SITAMARHI,5,agrees,,AC_list;coverage
Bihar,1318,Sitamarhi,186,Sitamarhi,28,28,SITAMARHI,2025,eci_code,1.0,2008,10,2010;2015;2020;2025,GEN,,28,yes,yes,5,SITAMARHI,5,agrees,,AC_list;coverage;urban_mapping
Bihar,1317,Runisaidpur,186,Sitamarhi,29,29,RUNISAIDPUR,2025,exact_name,1.0,2008,10,2010;2015;2020;2025,GEN,,,,yes,5,SITAMARHI,5,agrees,,AC_list;coverage
Bihar,1308,Belsand,185,Sheohar,30,30,BELSAND,2025,eci_code,1.0,2008,10,2010;2015;2020;2025,GEN,,30,yes,yes,4,SHEOHAR,4,agrees,,AC_list;coverage;urban_mapping
Bihar,1225,Harlakhi,171,Madhubani,31,31,HARLAKHI,2025,exact_name,1.0,2008,10,2010;2015;2020;2025,GEN,,,,yes,6,MADHUBANI,6,agrees,,AC_list;coverage
Bihar,1223,Benipatti,171,Madhubani,32,32,BENIPATTI,2025,eci_code,1.0,2008,10,2010;2015;2020;2025,GEN,,32,yes,yes,6,MADHUBANI,6,agrees,,AC_list;coverage;urban_mapping
Bihar,1189,Khajauli,165,Jhanjharpur,33,33,KHAJAULI,2025,eci_code,1.0,2008,10,2010;2015;2020;2025,GEN,,33,yes,yes,7,JHANJHARPUR,7,agrees,,AC_list;coverage;urban_mapping
Bihar,1187,Babubarhi,165,Jhanjharpur,34,34,BABUBARHI,2025,exact_name,1.0,2008,10,2010;2015;2020;2025,GEN,,,,yes,7,JHANJHARPUR,7,agrees,,AC_list;coverage
Bihar,1224,Bisfi,171,Madhubani,35,35,BISFI,2025,exact_name,1.0,2008,10,2010;2015;2020;2025,GEN,,,,yes,6,MADHUBANI,6,agrees,,AC_list;coverage
Bihar,1228,Madhubani,171,Madhubani,36,36,MADHUBANI,2025,eci_code,1.0,2008,10,2010;2015;2020;2025,GEN,,36,yes,yes,6,MADHUBANI,6,agrees,,AC_list;coverage;urban_mapping
Bihar,1192,Rajnagar,165,Jhanjharpur,37,37,RAJNAGAR,2025,exact_name,1.0,2008,10,2010;2015;2020;2025,SC,,,,yes,7,JHANJHARPUR,7,agrees,,AC_list;coverage
Bihar,1188,Jhanjharpur,165,Jhanjharpur,38,38,JHANJHARPUR,2025,exact_name,1.0,2008,10,2010;2015;2020;2025,GEN,,,,yes,7,JHANJHARPUR,7,agrees,,AC_list;coverage
Bihar,1191,Phulparas,165,Jhanjharpur,39,39,PHULPARAS,2025,eci_code,1.0,2008,10,2010;2015;2020;2025,GEN,,39,yes,yes,7,JHANJHARPUR,7,agrees,,AC_list;coverage;urban_mapping
Bihar,1190,Laukaha,165,Jhanjharpur,40,40,LAUKAHA,2025,exact_name,1.0,2008,10,2010;2015;2020;2025,GEN,,,,yes,7,JHANJHARPUR,7,agrees,,AC_list;coverage
Bihar,1327,Nirmali,188,Supaul,41,41,NIRMALI,2025,eci_code,1.0,2008,10,2010;2015;2020;2025,GEN,,41,yes,yes,8,SUPAUL,8,agrees,,AC_list;coverage;urban_mapping
Bihar,1328,Pipra,188,Supaul,42,42,PIPRA (SUPAUL),2025,fuzzy,0.625,2008,10,2010;2015;2020;2025,GEN,,,,yes,8,SUPAUL,8,agrees,similarity; PC agrees,AC_list;coverage
Bihar,1330,Supaul,188,Supaul,43,43,SUPAUL,2025,eci_code,1.0,2008,10,2010;2015;2020;2025,GEN,,43,yes,yes,8,SUPAUL,8,agrees,,AC_list;coverage;urban_mapping
Bihar,1331,Tribeniganj,188,Supaul,44,44,TRIBENIGANJ,2025,eci_code,1.0,2008,10,2010;2015;2020;2025,SC,,44,yes,yes,8,SUPAUL,8,agrees,,AC_list;coverage;urban_mapping
Bihar,1326,Chhatapur,188,Supaul,45,45,CHHATAPUR,2025,eci_code,1.0,2008,10,2010;2015;2020;2025,GEN,,45,yes,yes,8,SUPAUL,8,agrees,,AC_list;coverage;urban_mapping
Bihar,1110,Narpatganj,152,Araria,46,46,NARPATGANJ,2025,eci_code,1.0,2008,10,2010;2015;2020;2025,GEN,,46,yes,yes,9,ARARIA,9,agrees,,AC_list;coverage;urban_mapping
Bihar,1111,Raniganj,152,Araria,47,47,RANIGANJ,2025,eci_code,1.0,2008,10,2010;2015;2020;2025,SC,,47,yes,yes,9,ARARIA,9,agrees,,AC_list;coverage;urban_mapping
Bihar,1108,Forbesganj,152,Araria,48,48,FORBESGANJ,2025,eci_code,1.0,2008,10,2010;2015;2020;2025,GEN,,48,yes,yes,9,ARARIA,9,agrees,,AC_list;coverage;urban_mapping
Bihar,1107,Araria,152,Araria,49,49,ARARIA,2025,eci_code,1.0,2008,10,2010;2015;2020;2025,GEN,,49,yes,yes,9,ARARIA,9,agrees,,AC_list;coverage;urban_mapping
Bihar,1109,Jokihat,152,Araria,50,50,JOKIHAT,2025,eci_code,1.0,2008,10,2010;2015;2020;2025,GEN,,50,yes,yes,9,ARARIA,9,agrees,,AC_list;coverage;urban_mapping
Bihar,1112,Sikti,152,Araria,51,51,SIKTI,2025,exact_name,1.0,2008,10,2010;2015;2020;2025,GEN,,,,yes,9,ARARIA,9,agrees,,AC_list;coverage
Bihar,1212,Bahadurganj,169,Kishanganj,52,52,BAHADURGANJ,2025,eci_code,1.0,2008,10,2010;2015;2020;2025,GEN,,52,yes,yes,10,KISHANGANJ,10,agrees,,AC_list;coverage;urban_mapping
Bihar,1216,Thakurganj,169,Kishanganj,53,53,THAKURGANJ,2025,eci_code,1.0,2008,10,2010;2015;2020;2025,GEN,,53,yes,yes,10,KISHANGANJ,10,agrees,,AC_list;coverage;urban_mapping
Bihar,1214,Kishanganj,169,Kishanganj,54,54,KISHANGANJ,2025,eci_code,1.0,2008,10,2010;2015;2020;2025,GEN,,54,yes,yes,10,KISHANGANJ,10,agrees,,AC_list;coverage;urban_mapping
Bihar,1215,Kochadhaman,169,Kishanganj,55,55,KOCHADHAMAN,2025,exact_name,1.0,2008,10,2010;2015;2020;2025,GEN,,,,yes,10,KISHANGANJ,10,agrees,,AC_list;coverage
Bihar,1211,Amour,169,Kishanganj,56,56,AMOUR,2025,eci_code,1.0,2008,10,2010;2015;2020;2025,GEN,,56,yes,yes,10,KISHANGANJ,10,agrees,,AC_list;coverage;urban_mapping
Bihar,1213,Baisi,169,Kishanganj,57,57,BAISI,2025,eci_code,1.0,2008,10,2010;2015;2020;2025,GEN,,57,yes,yes,10,KISHANGANJ,10,agrees,,AC_list;coverage;urban_mapping
Bihar,1280,Kasba,180,Purnia,58,58,KASBA,2025,eci_code,1.0,2008,10,2010;2015;2020;2025,GEN,,58,yes,yes,12,PURNIA,12,agrees,,AC_list;coverage;urban_mapping
Bihar,1278,Banmankhi,180,Purnia,59,59,BANMANKHI,2025,eci_code,1.0,2008,10,2010;2015;2020;2025,SC,,59,yes,yes,12,PURNIA,12,agrees,,AC_list;coverage;urban_mapping
Bihar,1283,Rupauli,180,Purnia,60,60,RUPAULI,2025,eci_code,1.0,2008,10,2010;2015;2020;2025,GEN,,60,yes,yes,12,PURNIA,12,agrees,,AC_list;coverage;urban_mapping
Bihar,1279,Dhamdaha,180,Purnia,61,61,DHAMDAHA,2025,eci_code,1.0,2008,10,2010;2015;2020;2025,GEN,,61,yes,yes,12,PURNIA,12,agrees,,AC_list;coverage;urban_mapping
Bihar,1282,Purnia,180,Purnia,62,62,PURNIA,2025,eci_code,1.0,2008,10,2010;2015;2020;2025,GEN,,62,yes,yes,12,PURNIA,12,agrees,,AC_list;coverage;urban_mapping
Bihar,1202,Katihar,167,Katihar,63,63,KATIHAR,2025,eci_code,1.0,2008,10,2010;2015;2020;2025,GEN,,63,yes,yes,11,KATIHAR,11,agrees,,AC_list;coverage;urban_mapping
Bihar,1201,Kadwa,167,Katihar,64,64,KADWA,2025,exact_name,1.0,2008,10,2010;2015;2020;2025,GEN,,,,yes,11,KATIHAR,11,agrees,,AC_list;coverage
Bihar,1199,Balrampur,167,Katihar,65,65,BALRAMPUR,2025,eci_code,1.0,2008,10,2010;2015;2020;2025,GEN,,65,yes,yes,11,KATIHAR,11,agrees,,AC_list;coverage;urban_mapping
Bihar,1204,Pranpur,167,Katihar,66,66,PRANPUR,2025,exact_name,1.0,2008,10,2010;2015;2020;2025,GEN,,,,yes,11,KATIHAR,11,agrees,,AC_list;coverage
Bihar,1203,Manihari,167,Katihar,67,67,MANIHARI,2025,eci_code,1.0,2008,10,2010;2015;2020;2025,ST,,67,yes,yes,11,KATIHAR,11,agrees,,AC_list;coverage;urban_mapping
Bihar,1200,Barari,167,Katihar,68,68,BARARI,2025,eci_code,1.0,2008,10,2010;2015;2020;2025,GEN,,68,yes,yes,11,KATIHAR,11,agrees,,AC_list;coverage;urban_mapping
Bihar,1281,Korha,180,Purnia,69,69,KORHA,2025,eci_code,1.0,2008,10,2010;2015;2020;2025,SC,,69,yes,yes,12,PURNIA,12,agrees,,AC_list;coverage;urban_mapping
Bihar,1217,Alamnagar,170,Madhepura,70,70,ALAMNAGAR,2025,eci_code,1.0,2008,10,2010;2015;2020;2025,GEN,,70,yes,yes,13,MADHEPURA,13,agrees,,AC_list;coverage;urban_mapping
Bihar,1218,Bihariganj,170,Madhepura,71,71,BIHARIGANJ,2025,eci_code,1.0,2008,10,2010;2015;2020;2025,GEN,,71,yes,yes,13,MADHEPURA,13,agrees,,AC_list;coverage;urban_mapping
Bihar,1329,Singheshwar,188,Supaul,72,72,SINGHESHWAR,2025,eci_code,1.0,2008,10,2010;2015;2020;2025,SC,,72,yes,yes,8,SUPAUL,8,agrees,,AC_list;coverage;urban_mapping
Bihar,1219,Madhepura,170,Madhepura,73,73,MADHEPURA,2025,eci_code,1.0,2008,10,2010;2015;2020;2025,GEN,,73,yes,yes,13,MADHEPURA,13,agrees,,AC_list;coverage;urban_mapping
Bihar,1222,Sonbarsa,170,Madhepura,74,74,SONBARSA,2025,eci_code,1.0,2008,10,2010;2015;2020;2025,SC,,74,yes,yes,13,MADHEPURA,13,agrees,,AC_list;coverage;urban_mapping
Bihar,1221,Saharsa,170,Madhepura,75,75,SAHARSA,2025,eci_code,1.0,2008,10,2010;2015;2020;2025,GEN,,75,yes,yes,13,MADHEPURA,13,agrees,,AC_list;coverage;urban_mapping
Bihar,1210,Simri bakhtiarpur,168,Khagaria,76,76,SIMRI BAKHTIARPUR,2025,eci_code,1.0,2008,10,2010;2015;2020;2025,GEN,,76,yes,yes,25,KHAGARIA,25,agrees,,AC_list;coverage;urban_mapping
Bihar,1220,Mahishi,170,Madhepura,77,77,MAHISHI,2025,eci_code,1.0,2008,10,2010;2015;2020;2025,GEN,,77,yes,yes,13,MADHEPURA,13,agrees,,AC_list;coverage;urban_mapping
Bihar,1292,Kusheshwar asthan,182,Samastipur,78,78,KUSHESHWAR ASTHAN,2025,eci_code,1.0,2008,10,2010;2015;2020;2025,SC,,78,yes,yes,23,SAMASTIPUR,23,agrees,,AC_list;coverage;urban_mapping
Bihar,1156,Gora bauram,159,Darbhanga,79,79,GAURA BAURAM,2025,eci_code,0.857,2008,10,2010;2015;2020;2025,GEN,,79,yes,yes,14,DARBHANGA,14,agrees,eci code; name spelled differently,AC_list;coverage;urban_mapping
Bihar,1153,Benipur,159,Darbhanga,80,80,BENIPUR,2025,eci_code,1.0,2008,10,2010;2015;2020;2025,GEN,,80,yes,yes,14,DARBHANGA,14,agrees,,AC_list;coverage;urban_mapping
Bihar,1151,Alinagar,159,Darbhanga,81,81,ALINAGAR,2025,eci_code,1.0,2008,10,2010;2015;2020;2025,GEN,,81,yes,yes,14,DARBHANGA,14,agrees,,AC_list;coverage;urban_mapping
Bihar,1155,Darbhanga Rural,159,Darbhanga,82,82,DARBHANGA RURAL,2025,exact_name,1.0,2008,10,2010;2015;2020;2025,GEN,,,,yes,14,DARBHANGA,14,agrees,,AC_list;coverage
Bihar,1154,Darbhanga,159,Darbhanga,83,83,DARBHANGA,2025,eci_code,1.0,2008,10,2010;2015;2020;2025,GEN,,83,yes,yes,14,DARBHANGA,14,agrees,,AC_list;coverage;urban_mapping
Bihar,1290,Hayaghat,182,Samastipur,84,84,HAYAGHAT,2025,eci_code,1.0,2008,10,2010;2015;2020;2025,GEN,,84,yes,yes,23,SAMASTIPUR,23,agrees,,AC_list;coverage;urban_mapping
Bihar,1152,Bahadurpur,159,Darbhanga,85,85,BAHADURPUR,2025,exact_name,1.0,2008,10,2010;2015;2020;2025,GEN,,,,yes,14,DARBHANGA,14,agrees,,AC_list;coverage
Bihar,1227,Keoti,171,Madhubani,86,86,KEOTI,2025,exact_name,1.0,2008,10,2010;2015;2020;2025,GEN,,,,yes,6,MADHUBANI,6,agrees,,AC_list;coverage
Bihar,1226,Jale,171,Madhubani,87,87,JALE,2025,eci_code,1.0,2008,10,2010;2015;2020;2025,GEN,,87,yes,yes,6,MADHUBANI,6,agrees,,AC_list;coverage;urban_mapping
Bihar,1243,Gaighat,174,Muzaffarpur,88,88,GAIGHAT,2025,exact_name,1.0,2008,10,2010;2015;2020;2025,GEN,,,,yes,15,MUZAFFARPUR,15,agrees,,AC_list;coverage
Bihar,1241,Aurai,174,Muzaffarpur,89,89,AURAI,2025,exact_name,1.0,2008,10,2010;2015;2020;2025,GEN,,,,yes,15,MUZAFFARPUR,15,agrees,,AC_list;coverage
Bihar,1340,Minapur,190,Vaishali,90,90,MINAPUR,2025,eci_code,1.0,2008,10,2010;2015;2020;2025,GEN,,90,yes,yes,16,VAISHALI,16,agrees,,AC_list;coverage;urban_mapping
Bihar,1242,Bochaha,174,Muzaffarpur,91,91,BOCHAHA,2025,eci_code,1.0,2008,10,2010;2015;2020;2025,SC,,91,yes,yes,15,MUZAFFARPUR,15,agrees,,AC_list;coverage;urban_mapping
Bihar,1246,Sakra,174,Muzaffarpur,92,92,SAKRA,2025,eci_code,1.0,2008,10,2010;2015;2020;2025,SC,,92,yes,yes,15,MUZAFFARPUR,15,agrees,,AC_list;coverage;urban_mapping
Bihar,1244,Kurhani,174,Muzaffarpur,93,93,KURHANI,2025,eci_code,1.0,2008,10,2010;2015;2020;2025,GEN,,93,yes,yes,15,MUZAFFARPUR,15,agrees,,AC_list;coverage;urban_mapping
Bihar,1245,Muzaffarpur,174,Muzaffarpur,94,94,MUZAFFARPUR,2025,eci_code,1.0,2008,10,2010;2015;2020;2025,GEN,,94,yes,yes,15,MUZAFFARPUR,15,agrees,,AC_list;coverage;urban_mapping
Bihar,1339,Kanti,190,Vaishali,95,95,KANTI,2025,exact_name,1.0,2008,10,2010;2015;2020;2025,GEN,,,,yes,16,VAISHALI,16,agrees,,AC_list;coverage
Bihar,1338,Baruraj,190,Vaishali,96,96,BARURAJ,2025,eci_code,1.0,2008,10,2010;2015;2020;2025,GEN,,96,yes,yes,16,VAISHALI,16,agrees,,AC_list;coverage;urban_mapping
Bihar,1341,Paroo,190,Vaishali,97,97,PAROO,2025,exact_name,1.0,2008,10,2010;2015;2020;2025,GEN,,,,yes,16,VAISHALI,16,agrees,,AC_list;coverage
Bihar,1342,Sahebganj,190,Vaishali,98,98,SAHEBGANJ,2025,exact_name,1.0,2008,10,2010;2015;2020;2025,GEN,,,,yes,16,VAISHALI,16,agrees,,AC_list;coverage
Bihar,1163,Baikunthpur,161,Gopalganj,99,99,BAIKUNTHPUR,2025,exact_name,1.0,2008,10,2010;2015;2020;2025,GEN,,,,yes,17,GOPALGANJ,17,agrees,,AC_list;coverage
Bihar,1164,Barauli,161,Gopalganj,100,100,BARAULI,2025,eci_code,1.0,2008,10,2010;2015;2020;2025,GEN,,100,yes,yes,17,GOPALGANJ,17,agrees,,AC_list;coverage;urban_mapping
Bihar,1166,Gopalganj,161,Gopalganj,101,101,GOPALGANJ,2025,eci_code,1.0,2008,10,2010;2015;2020;2025,GEN,,101,yes,yes,17,GOPALGANJ,17,agrees,,AC_list;coverage;urban_mapping
Bihar,1168,Kuchaikote,161,Gopalganj,102,102,KUCHAIKOTE,2025,exact_name,1.0,2008,10,2010;2015;2020;2025,GEN,,,,yes,17,GOPALGANJ,17,agrees,,AC_list;coverage
Bihar,1165,Bhorey,161,Gopalganj,103,103,BHOREY,2025,eci_code,1.0,2008,10,2010;2015;2020;2025,SC,,103,yes,yes,17,GOPALGANJ,17,agrees,,AC_list;coverage;urban_mapping
Bihar,1167,Hathua,161,Gopalganj,104,104,HATHUA,2025,eci_code,1.0,2008,10,2010;2015;2020;2025,GEN,,104,yes,yes,17,GOPALGANJ,17,agrees,,AC_list;coverage;urban_mapping
Bihar,1324,Siwan,187,Siwan,105,105,SIWAN,2025,eci_code,1.0,2008,10,2010;2015;2020;2025,GEN,,105,yes,yes,18,SIWAN,18,agrees,,AC_list;coverage;urban_mapping
Bihar,1325,Ziradei,187,Siwan,106,106,ZIRADEI,2025,eci_code,1.0,2008,10,2010;2015;2020;2025,GEN,,106,yes,yes,18,SIWAN,18,agrees,,AC_list;coverage;urban_mapping
Bihar,1321,Darauli,187,Siwan,107,107,DARAULI,2025,eci_code,1.0,2008,10,2010;2015;2020;2025,SC,,107,yes,yes,18,SIWAN,18,agrees,,AC_list;coverage;urban_mapping
Bihar,1323,Raghunathpur,187,Siwan,108,108,RAGHUNATHPUR,2025,eci_code,1.0,2008,10,2010;2015;2020;2025,GEN,,108,yes,yes,18,SIWAN,18,agrees,,AC_list;coverage;urban_mapping
Bihar,1322,Daraundha,187,Siwan,109,109,DARAUNDHA,2025,exact_name,1.0,2008,10,2010;2015;2020;2025,GEN,,,,yes,18,SIWAN,18,agrees,,AC_list;coverage
Bihar,1320,Barharia,187,Siwan,110,110,BARHARIA,2025,exact_name,1.0,2008,10,2010;2015;2020;2025,GEN,,,,yes,18,SIWAN,18,agrees,,AC_list;coverage
Bihar,1231,Goriyakothi,172,Maharajganj,111,111,GORIYAKOTHI,2025,eci_code,1.0,2008,10,2010;2015;2020;2025,GEN,,111,yes,yes,19,MAHARAJGANJ,19,agrees,,AC_list;coverage;urban_mapping
Bihar,1232,Maharajganj,172,Maharajganj,112,112,MAHARAJGANJ,2025,eci_code,1.0,2008,10,2010;2015;2020;2025,GEN,,112,yes,yes,19,MAHARAJGANJ,19,agrees,,AC_list;coverage;urban_mapping
Bihar,1230,Ekma,172,Maharajganj,113,113,EKMA,2025,eci_code,1.0,2008,10,2010;2015;2020;2025,GEN,,113,yes,yes,19,MAHARAJGANJ,19,agrees,,AC_list;coverage;urban_mapping
Bihar,1233,Manjhi,172,Maharajganj,114,114,MANJHI,2025,eci_code,1.0,2008,10,2010;2015;2020;2025,GEN,,114,yes,yes,19,MAHARAJGANJ,19,agrees,,AC_list;coverage;urban_mapping
Bihar,1229,Baniapur,172,Maharajganj,115,115,BANIAPUR,2025,eci_code,1.0,2008,10,2010;2015;2020;2025,GEN,,115,yes,yes,19,MAHARAJGANJ,19,agrees,,AC_list;coverage;urban_mapping
Bihar,1234,Taraiya,172,Maharajganj,116,116,TARAIYA,2025,exact_name,1.0,2008,10,2010;2015;2020;2025,GEN,,,,yes,19,MAHARAJGANJ,19,agrees,,AC_list;coverage
Bihar,1299,Marhaura,183,Saran,117,117,MARHAURA,2025,eci_code,1.0,2008,10,2010;2015;2020;2025,GEN,,117,yes,yes,20,SARAN,20,agrees,,AC_list;coverage;urban_mapping
Bihar,1297,Chapra,183,Saran,118,118,CHAPRA,2025,eci_code,1.0,2008,10,2010;2015;2020;2025,GEN,,118,yes,yes,20,SARAN,20,agrees,,AC_list;coverage;urban_mapping
Bihar,1298,Garkha,183,Saran,119,119,GARKHA,2025,exact_name,1.0,2008,10,2010;2015;2020;2025,SC,,,,yes,20,SARAN,20,agrees,,AC_list;coverage
Bihar,1296,Amnour,183,Saran,120,120,AMNOUR,2025,exact_name,1.0,2008,10,2010;2015;2020;2025,GEN,,,,yes,20,SARAN,20,agrees,,AC_list;coverage
Bihar,1300,Parsa,183,Saran,121,121,PARSA,2025,eci_code,1.0,2008,10,2010;2015;2020;2025,GEN,,121,yes,yes,20,SARAN,20,agrees,,AC_list;coverage;urban_mapping
Bihar,1301,Sonepur,183,Saran,122,122,SONEPUR,2025,eci_code,1.0,2008,10,2010;2015;2020;2025,GEN,,122,yes,yes,20,SARAN,20,agrees,,AC_list;coverage;urban_mapping
Bihar,1169,Hajipur,162,Hajipur,123,123,HAJIPUR,2025,eci_code,1.0,2008,10,2010;2015;2020;2025,GEN,,123,yes,yes,21,HAJIPUR,21,agrees,,AC_list;coverage;urban_mapping
Bihar,1170,Lalganj,162,Hajipur,124,124,LALGANJ,2025,eci_code,1.0,2008,10,2010;2015;2020;2025,GEN,,124,yes,yes,21,HAJIPUR,21,agrees,,AC_list;coverage;urban_mapping
Bihar,1343,Vaishali,190,Vaishali,125,125,VAISHALI,2025,eci_code,1.0,2008,10,2010;2015;2020;2025,GEN,,125,yes,yes,16,VAISHALI,16,agrees,,AC_list;coverage;urban_mapping
Bihar,1171,Mahua,162,Hajipur,126,126,MAHUA,2025,eci_code,1.0,2008,10,2010;2015;2020;2025,GEN,,126,yes,yes,21,HAJIPUR,21,agrees,,AC_list;coverage;urban_mapping
Bihar,1174,Raja pakar,162,Hajipur,127,127,RAJA PAKAR,2025,exact_name,1.0,2008,10,2010;2015;2020;2025,SC,,,,yes,21,HAJIPUR,21,agrees,,AC_list;coverage
Bihar,1173,Raghopur,162,Hajipur,128,128,RAGHOPUR,2025,exact_name,1.0,2008,10,2010;2015;2020;2025,GEN,,,,yes,21,HAJIPUR,21,agrees,,AC_list;coverage
Bihar,1172,Manhar,162,Hajipur,129,129,MAHNAR,2025,eci_code,1.0,2008,10,2010;2015;2020;2025,GEN,,129,yes,yes,21,HAJIPUR,21,agrees,eci code; name spelled differently,AC_list;coverage;urban_mapping
Bihar,1335,Patepur,189,Ujiarpur,130,130,PATEPUR,2025,eci_code,1.0,2008,10,2010;2015;2020;2025,SC,,130,yes,yes,22,UJIARPUR,22,agrees,,AC_list;coverage;urban_mapping
Bihar,1291,Kalyanpur,182,Samastipur,131,131,KALYANPUR(SC),2025,exact_name,1.0,2008,10,2010;2015;2020;2025,SC,,,,yes,23,SAMASTIPUR,23,agrees,duplicate name in state; PC tie-break,AC_list;coverage
Bihar,1295,Warisnagar,182,Samastipur,132,132,WARISNAGAR,2025,exact_name,1.0,2008,10,2010;2015;2020;2025,GEN,,,,yes,23,SAMASTIPUR,23,agrees,,AC_list;coverage
Bihar,1294,Samastipur,182,Samastipur,133,133,SAMASTIPUR,2025,eci_code,1.0,2008,10,2010;2015;2020;2025,GEN,,133,yes,yes,23,SAMASTIPUR,23,agrees,,AC_list;coverage;urban_mapping
Bihar,1337,Ujiarpur,189,Ujiarpur,134,134,UJIARPUR,2025,eci_code,1.0,2008,10,2010;2015;2020;2025,GEN,,134,yes,yes,22,UJIARPUR,22,agrees,,AC_list;coverage;urban_mapping
Bihar,1334,Morwa,189,Ujiarpur,135,135,MORWA,2025,eci_code,1.0,2008,10,2010;2015;2020;2025,GEN,,135,yes,yes,22,UJIARPUR,22,agrees,,AC_list;coverage;urban_mapping
Bihar,1336,Sarairanjan,189,Ujiarpur,136,136,SARAIRANJAN,2025,eci_code,1.0,2008,10,2010;2015;2020;2025,GEN,,136,yes,yes,22,UJIARPUR,22,agrees,,AC_list;coverage;urban_mapping
Bihar,1333,Mohiuddinnagar,189,Ujiarpur,137,137,MOHIUDDINNAGAR,2025,exact_name,1.0,2008,10,2010;2015;2020;2025,GEN,,,,yes,22,UJIARPUR,22,agrees,,AC_list;coverage
Bihar,1332,Bibhutpur,189,Ujiarpur,138,138,BIBHUTPUR,2025,exact_name,1.0,2008,10,2010;2015;2020;2025,GEN,,,,yes,22,UJIARPUR,22,agrees,,AC_list;coverage
Bihar,1293,Rosera,182,Samastipur,139,139,ROSERA,2025,eci_code,1.0,2008,10,2010;2015;2020;2025,SC,,139,yes,yes,23,SAMASTIPUR,23,agrees,,AC_list;coverage;urban_mapping
Bihar,1207,Hasanpur,168,Khagaria,140,140,HASANPUR,2025,exact_name,1.0,2008,10,2010;2015;2020;2025,GEN,,,,yes,25,KHAGARIA,25,agrees,,AC_list;coverage
Bihar,1135,Cheria bariarpur,156,Begusarai,141,141,CHERIA BARIARPUR,2025,exact_name,1.0,2008,10,2010;2015;2020;2025,GEN,,,,yes,24,BEGUSARAI,24,agrees,,AC_list;coverage
Bihar,1132,Bachhwara,156,Begusarai,142,142,BACHHWARA,2025,exact_name,1.0,2008,10,2010;2015;2020;2025,GEN,,,,yes,24,BEGUSARAI,24,agrees,,AC_list;coverage
Bihar,1138,Teghra,156,Begusarai,143,143,TEGHRA,2025,eci_code,1.0,2008,10,2010;2015;2020;2025,GEN,,143,yes,yes,24,BEGUSARAI,24,agrees,,AC_list;coverage;urban_mapping
Bihar,1136,Matihani,156,Begusarai,144,144,MATIHANI,2025,eci_code,1.0,2008,10,2010;2015;2020;2025,GEN,,144,yes,yes,24,BEGUSARAI,24,agrees,,AC_list;coverage;urban_mapping
Bihar,1137,Sahebpur kamal,156,Begusarai,145,145,SAHEBPUR KAMAL,2025,exact_name,1.0,2008,10,2010;2015;2020;2025,GEN,,,,yes,24,BEGUSARAI,24,agrees,,AC_list;coverage
Bihar,1134,Begusarai,156,Begusarai,146,146,BEGUSARAI,2025,eci_code,1.0,2008,10,2010;2015;2020;2025,GEN,,146,yes,yes,24,BEGUSARAI,24,agrees,,AC_list;coverage;urban_mapping
Bihar,1133,Bakhri,156,Begusarai,147,147,BAKHRI,2025,eci_code,1.0,2008,10,2010;2015;2020;2025,SC,,147,yes,yes,24,BEGUSARAI,24,agrees,,AC_list;coverage;urban_mapping
Bihar,1205,Alauli,168,Khagaria,148,148,ALAULI,2025,eci_code,1.0,2008,10,2010;2015;2020;2025,SC,,148,yes,yes,25,KHAGARIA,25,agrees,,AC_list;coverage;urban_mapping
Bihar,1208,Khagaria,168,Khagaria,149,149,KHAGARIA,2025,eci_code,1.0,2008,10,2010;2015;2020;2025,GEN,,149,yes,yes,25,KHAGARIA,25,agrees,,AC_list;coverage;urban_mapping
Bihar,1206,Beldaur,168,Khagaria,150,150,BELDAUR,2025,eci_code,1.0,2008,10,2010;2015;2020;2025,GEN,,150,yes,yes,25,KHAGARIA,25,agrees,,AC_list;coverage;urban_mapping
Bihar,1209,Parbatta,168,Khagaria,151,151,PARBATTA,2025,eci_code,1.0,2008,10,2010;2015;2020;2025,GEN,,151,yes,yes,25,KHAGARIA,25,agrees,,AC_list;coverage;urban_mapping
Bihar,1140,Bihpur,157,Bhagalpur,152,152,BIHPUR,2025,exact_name,1.0,2008,10,2010;2015;2020;2025,GEN,,,,yes,26,BHAGALPUR,26,agrees,,AC_list;coverage
Bihar,1141,Gopalpur,157,Bhagalpur,153,153,GOPALPUR,2025,eci_code,1.0,2008,10,2010;2015;2020;2025,GEN,,153,yes,yes,26,BHAGALPUR,26,agrees,,AC_list;coverage;urban_mapping
Bihar,1144,Pirpainti,157,Bhagalpur,154,154,PIRPAINTI,2025,eci_code,1.0,2008,10,2010;2015;2020;2025,SC,,154,yes,yes,26,BHAGALPUR,26,agrees,,AC_list;coverage;urban_mapping
Bihar,1142,Kahalgaon,157,Bhagalpur,155,155,KAHALGAON,2025,eci_code,1.0,2008,10,2010;2015;2020;2025,GEN,,155,yes,yes,26,BHAGALPUR,26,agrees,,AC_list;coverage;urban_mapping
Bihar,1139,Bhagalpur,157,Bhagalpur,156,156,BHAGALPUR,2025,eci_code,1.0,2008,10,2010;2015;2020;2025,GEN,,156,yes,yes,26,BHAGALPUR,26,agrees,,AC_list;coverage;urban_mapping
Bihar,1131,Sultanganj,155,Banka,157,157,SULTANGANJ,2025,eci_code,1.0,2008,10,2010;2015;2020;2025,GEN,,157,yes,yes,27,BANKA,27,agrees,,AC_list;coverage;urban_mapping
Bihar,1143,Nathnagar,157,Bhagalpur,158,158,NATHNAGAR,2025,eci_code,1.0,2008,10,2010;2015;2020;2025,GEN,,158,yes,yes,26,BHAGALPUR,26,agrees,,AC_list;coverage;urban_mapping
Bihar,1126,Amarpur,155,Banka,159,159,AMARPUR,2025,eci_code,1.0,2008,10,2010;2015;2020;2025,GEN,,159,yes,yes,27,BANKA,27,agrees,,AC_list;coverage;urban_mapping
Bihar,1129,Dhuraiya,155,Banka,160,160,DHORAIYA,2025,exact_name,1.0,2008,10,2010;2015;2020;2025,SC,,,,yes,27,BANKA,27,agrees,,AC_list;coverage
Bihar,1127,Banka,155,Banka,161,161,BANKA,2025,eci_code,1.0,2008,10,2010;2015;2020;2025,GEN,,161,yes,yes,27,BANKA,27,agrees,,AC_list;coverage;urban_mapping
Bihar,1130,Katoria,155,Banka,162,162,KATORIA,2025,eci_code,1.0,2008,10,2010;2015;2020;2025,ST,,162,yes,yes,27,BANKA,27,agrees,,AC_list;coverage;urban_mapping
Bihar,1128,Belhar,155,Banka,163,163,BELHAR,2025,exact_name,1.0,2008,10,2010;2015;2020;2025,GEN,,,,yes,27,BANKA,27,agrees,,AC_list;coverage
Bihar,1186,Tarapur,164,Jamui,164,164,TARAPUR,2025,eci_code,1.0,2008,10,2010;2015;2020;2025,GEN,,164,yes,yes,40,JAMUI,40,agrees,,AC_list;coverage;urban_mapping
Bihar,1239,Munger,173,Munger,165,165,MUNGER,2025,eci_code,1.0,2008,10,2010;2015;2020;2025,GEN,,165,yes,yes,28,MUNGER,28,agrees,,AC_list;coverage;urban_mapping
Bihar,1236,Jamalpur,173,Munger,166,166,JAMALPUR,2025,eci_code,1.0,2008,10,2010;2015;2020;2025,GEN,,166,yes,yes,28,MUNGER,28,agrees,,AC_list;coverage;urban_mapping
Bihar,1240,Suryagarha,173,Munger,167,167,SURYAGARHA,2025,eci_code,1.0,2008,10,2010;2015;2020;2025,GEN,,167,yes,yes,28,MUNGER,28,agrees,,AC_list;coverage;urban_mapping
Bihar,1237,Lakhisarai,173,Munger,168,168,LAKHISARAI,2025,eci_code,1.0,2008,10,2010;2015;2020;2025,GEN,,168,yes,yes,28,MUNGER,28,agrees,,AC_list;coverage;urban_mapping
Bihar,1184,Sheikhpura,164,Jamui,169,169,SHEIKHPURA,2025,eci_code,1.0,2008,10,2010;2015;2020;2025,GEN,,169,yes,yes,40,JAMUI,40,agrees,,AC_list;coverage;urban_mapping
Bihar,1254,Barbigha,176,Nawada,170,170,BARBIGHA,2025,eci_code,1.0,2008,10,2010;2015;2020;2025,GEN,,170,yes,yes,39,NAWADA,39,agrees,,AC_list;coverage;urban_mapping
Bihar,1247,Asthawan,175,Nalanda,171,171,ASTHAWAN,2025,eci_code,1.0,2008,10,2010;2015;2020;2025,GEN,,171,yes,yes,29,NALANDA,29,agrees,,AC_list;coverage;urban_mapping
Bihar,1248,Bisharsharif,175,Nalanda,172,172,BIHARSHARIF,2025,eci_code,0.957,2008,10,2010;2015;2020;2025,GEN,,172,yes,yes,29,NALANDA,29,agrees,eci code; name spelled differently,AC_list;coverage;urban_mapping
Bihar,1253,Rajgir,175,Nalanda,173,173,RAJGIR,2025,eci_code,1.0,2008,10,2010;2015;2020;2025,SC,,173,yes,yes,29,NALANDA,29,agrees,,AC_list;coverage;urban_mapping
Bihar,1251,Islampur,175,Nalanda,174,174,ISLAMPUR,2025,eci_code,1.0,2008,10,2010;2015;2020;2025,GEN,,174,yes,yes,29,NALANDA,29,agrees,,AC_list;coverage;urban_mapping
Bihar,1250,Hilsa,175,Nalanda,175,175,HILSA,2025,eci_code,1.0,2008,10,2010;2015;2020;2025,GEN,,175,yes,yes,29,NALANDA,29,agrees,,AC_list;coverage;urban_mapping
Bihar,1252,Nalanda,175,Nalanda,176,176,NALANDA,2025,eci_code,1.0,2008,10,2010;2015;2020;2025,GEN,,176,yes,yes,29,NALANDA,29,agrees,,AC_list;coverage;urban_mapping
Bihar,1249,Harnaut,175,Nalanda,177,177,HARNAUT,2025,eci_code,1.0,2008,10,2010;2015;2020;2025,GEN,,177,yes,yes,29,NALANDA,29,agrees,,AC_list;coverage;urban_mapping
Bihar,1238,Mokama,173,Munger,178,178,MOKAMA,2025,eci_code,1.0,2008,10,2010;2015;2020;2025,GEN,,178,yes,yes,28,MUNGER,28,agrees,,AC_list;coverage;urban_mapping
Bihar,1235,Barh,173,Munger,179,179,BARH,2025,eci_code,1.0,2008,10,2010;2015;2020;2025,GEN,,179,yes,yes,28,MUNGER,28,agrees,,AC_list;coverage;urban_mapping
Bihar,1272,Bakhtiarpur,179,Patna Sahib,180,180,BAKHTIARPUR,2025,eci_code,1.0,2008,10,2010;2015;2020;2025,GEN,,180,yes,yes,30,PATNA SAHIB,30,agrees,,AC_list;coverage;urban_mapping
Bihar,1274,Digha,179,Patna Sahib,181,181,DIGHA,2025,eci_code,1.0,2008,10,2010;2015;2020;2025,GEN,,181,yes,yes,30,PATNA SAHIB,30,agrees,,AC_list;coverage;urban_mapping
Bihar,1273,Bankipur,179,Patna Sahib,182,182,BANKIPUR,2025,eci_code,1.0,2008,10,2010;2015;2020;2025,GEN,,182,yes,yes,30,PATNA SAHIB,30,agrees,,AC_list;coverage;urban_mapping
Bihar,1276,Kumhrarh,179,Patna Sahib,183,183,KUMHRARH,2025,eci_code,1.0,2008,10,2010;2015;2020;2025,GEN,,183,yes,yes,30,PATNA SAHIB,30,agrees,,AC_list;coverage;urban_mapping
Bihar,1277,Patna Sahib,179,Patna Sahib,184,184,PATNA SAHIB,2025,eci_code,1.0,2008,10,2010;2015;2020;2025,GEN,,184,yes,yes,30,PATNA SAHIB,30,agrees,,AC_list;coverage;urban_mapping
Bihar,1275,Fatwah,179,Patna Sahib,185,185,FATWAH,2025,eci_code,1.0,2008,10,2010;2015;2020;2025,GEN,,185,yes,yes,30,PATNA SAHIB,30,agrees,,AC_list;coverage;urban_mapping
Bihar,1267,Danapur,178,Pataliputra,186,186,DANAPUR,2025,eci_code,1.0,2008,10,2010;2015;2020;2025,GEN,,186,yes,yes,31,PATLIPUTRA,31,agrees,,AC_list;coverage;urban_mapping
Bihar,1268,Maner,178,Pataliputra,187,187,MANER,2025,eci_code,1.0,2008,10,2010;2015;2020;2025,GEN,,187,yes,yes,31,PATLIPUTRA,31,agrees,,AC_list;coverage;urban_mapping
Bihar,1271,Phulwari,178,Pataliputra,188,188,PHULWARI,2025,eci_code,1.0,2008,10,2010;2015;2020;2025,SC,,188,yes,yes,31,PATLIPUTRA,31,agrees,,AC_list;coverage;urban_mapping
Bihar,1269,Masaurhi,178,Pataliputra,189,189,MASAURHI,2025,eci_code,1.0,2008,10,2010;2015;2020;2025,SC,,189,yes,yes,31,PATLIPUTRA,31,agrees,,AC_list;coverage;urban_mapping
Bihar,1270,Paliganj,178,Pataliputra,190,190,PALIGANJ,2025,eci_code,1.0,2008,10,2010;2015;2020;2025,GEN,,190,yes,yes,31,PATLIPUTRA,31,agrees,,AC_list;coverage;urban_mapping
Bihar,1266,Bikram,178,Pataliputra,191,191,BIKRAM,2025,eci_code,1.0,2008,10,2010;2015;2020;2025,GEN,,191,yes,yes,31,PATLIPUTRA,31,agrees,,AC_list;coverage;urban_mapping
Bihar,1117,Sandesh,153,Arrah,192,192,SANDESH,2025,eci_code,1.0,2008,10,2010;2015;2020;2025,GEN,,192,yes,yes,32,ARRAH,32,agrees,,AC_list;coverage;urban_mapping
Bihar,1115,Barhara,153,Arrah,193,193,BARHARA,2025,exact_name,1.0,2008,10,2010;2015;2020;2025,GEN,,,,yes,32,ARRAH,32,agrees,,AC_list;coverage
Bihar,1114,Arrah,153,Arrah,194,194,ARRAH,2025,eci_code,1.0,2008,10,2010;2015;2020;2025,GEN,,194,yes,yes,32,ARRAH,32,agrees,,AC_list;coverage;urban_mapping
Bihar,1113,Agiaon,153,Arrah,195,195,AGIAON,2025,eci_code,1.0,2008,10,2010;2015;2020;2025,SC,,195,yes,yes,32,ARRAH,32,agrees,,AC_list;coverage;urban_mapping
Bihar,1119,Tarari,153,Arrah,196,196,TARARI,2025,eci_code,1.0,2008,10,2010;2015;2020;2025,GEN,,196,yes,yes,32,ARRAH,32,agrees,,AC_list;coverage;urban_mapping
Bihar,1116,Jagdishpur,153,Arrah,197,197,JAGDISHPUR,2025,eci_code,1.0,2008,10,2010;2015;2020;2025,GEN,,197,yes,yes,32,ARRAH,32,agrees,,AC_list;coverage;urban_mapping
Bihar,1118,Shahpur,153,Arrah,198,198,SHAHPUR,2025,eci_code,1.0,2008,10,2010;2015;2020;2025,GEN,,198,yes,yes,32,ARRAH,32,agrees,,AC_list;coverage;urban_mapping
Bihar,1145,Barhampur,158,Buxar,199,199,BRAHAMPUR,2025,eci_code,1.0,2008,10,2010;2015;2020;2025,GEN,,199,yes,yes,33,BUXAR,33,agrees,,AC_list;coverage;urban_mapping
Bihar,1146,Buxar,158,Buxar,200,200,BUXAR,2025,eci_code,1.0,2008,10,2010;2015;2020;2025,GEN,,200,yes,yes,33,BUXAR,33,agrees,,AC_list;coverage;urban_mapping
Bihar,1148,Dumraon,158,Buxar,201,201,DUMRAON,2025,eci_code,1.0,2008,10,2010;2015;2020;2025,GEN,,201,yes,yes,33,BUXAR,33,agrees,,AC_list;coverage;urban_mapping
Bihar,1149,Rajpur,158,Buxar,202,202,RAJPUR,2025,eci_code,1.0,2008,10,2010;2015;2020;2025,SC,,202,yes,yes,33,BUXAR,33,agrees,,AC_list;coverage;urban_mapping
Bihar,1150,Ramgarh,158,Buxar,203,203,RAMGARH,2025,eci_code,1.0,2008,10,2010;2015;2020;2025,GEN,,203,yes,yes,33,BUXAR,33,agrees,,AC_list;coverage;urban_mapping
Bihar,1306,Mohania,184,Sasaram,204,204,MOHANIA,2025,eci_code,1.0,2008,10,2010;2015;2020;2025,SC,,204,yes,yes,34,SASARAM,34,agrees,,AC_list;coverage;urban_mapping
Bihar,1302,Bhabua,184,Sasaram,205,205,BHABUA,2025,eci_code,1.0,2008,10,2010;2015;2020;2025,GEN,,205,yes,yes,34,SASARAM,34,agrees,,AC_list;coverage;urban_mapping
Bihar,1303,Chainpur,184,Sasaram,206,206,CHAINPUR,2025,eci_code,1.0,2008,10,2010;2015;2020;2025,GEN,,206,yes,yes,34,SASARAM,34,agrees,,AC_list;coverage;urban_mapping
Bihar,1304,Chenari,184,Sasaram,207,207,CHENARI,2025,eci_code,1.0,2008,10,2010;2015;2020;2025,SC,,207,yes,yes,34,SASARAM,34,agrees,,AC_list;coverage;urban_mapping
Bihar,1307,Sasaram,184,Sasaram,208,208,SASARAM,2025,eci_code,1.0,2008,10,2010;2015;2020;2025,GEN,,208,yes,yes,34,SASARAM,34,agrees,,AC_list;coverage;urban_mapping
Bihar,1305,Kargahar,184,Sasaram,209,209,KARGAHAR,2025,eci_code,1.0,2008,10,2010;2015;2020;2025,GEN,,209,yes,yes,34,SASARAM,34,agrees,,AC_list;coverage;urban_mapping
Bihar,1147,Dinara,158,Buxar,210,210,DINARA,2025,eci_code,1.0,2008,10,2010;2015;2020;2025,GEN,,210,yes,yes,33,BUXAR,33,agrees,,AC_list;coverage;urban_mapping
Bihar,1197,Nokha,166,Karakat,211,211,NOKHA,2025,eci_code,1.0,2008,10,2010;2015;2020;2025,GEN,,211,yes,yes,35,KARAKAT,35,agrees,,AC_list;coverage;urban_mapping
Bihar,1193,Dehri,166,Karakat,212,212,DEHRI,2025,eci_code,1.0,2008,10,2010;2015;2020;2025,GEN,,212,yes,yes,35,KARAKAT,35,agrees,,AC_list;coverage;urban_mapping
Bihar,1195,Karakat,166,Karakat,213,213,KARAKAT,2025,eci_code,1.0,2008,10,2010;2015;2020;2025,GEN,,213,yes,yes,35,KARAKAT,35,agrees,,AC_list;coverage;urban_mapping
Bihar,1175,Arwal,163,Jahanabad,214,214,ARWAL,2025,eci_code,1.0,2008,10,2010;2015;2020;2025,GEN,,214,yes,yes,36,JAHANABAD,36,agrees,,AC_list;coverage;urban_mapping
Bihar,1179,Kurtha,163,Jahanabad,215,215,KURTHA,2025,eci_code,1.0,2008,10,2010;2015;2020;2025,GEN,,215,yes,yes,36,JAHANABAD,36,agrees,,AC_list;coverage;urban_mapping
Bihar,1178,Jahanabad,163,Jahanabad,216,216,JEHANABAD,2025,eci_code,1.0,2008,10,2010;2015;2020;2025,GEN,,216,yes,yes,36,JAHANABAD,36,agrees,,AC_list;coverage;urban_mapping
Bihar,1177,Ghosi,163,Jahanabad,217,217,GHOSI,2025,eci_code,1.0,2008,10,2010;2015;2020;2025,GEN,,217,yes,yes,36,JAHANABAD,36,agrees,,AC_list;coverage;urban_mapping
Bihar,1180,Makhdumpur,163,Jahanabad,218,218,MAKHDUMPUR,2025,eci_code,1.0,2008,10,2010;2015;2020;2025,SC,,218,yes,yes,36,JAHANABAD,36,agrees,,AC_list;coverage;urban_mapping
Bihar,1194,Goh,166,Karakat,219,219,GOH,2025,exact_name,1.0,2008,10,2010;2015;2020;2025,GEN,,,,yes,35,KARAKAT,35,agrees,,AC_list;coverage
Bihar,1198,Obra,166,Karakat,220,220,OBRA,2025,eci_code,1.0,2008,10,2010;2015;2020;2025,GEN,,220,yes,yes,35,KARAKAT,35,agrees,,AC_list;coverage;urban_mapping
Bihar,1196,Nabinagar,166,Karakat,221,221,NABINAGAR,2025,eci_code,1.0,2008,10,2010;2015;2020;2025,GEN,,221,yes,yes,35,KARAKAT,35,agrees,,AC_list;coverage;urban_mapping
Bihar,1123,Kutumba,154,Aurangabad,222,222,KUTUMBA,2025,exact_name,1.0,2008,10,2010;2015;2020;2025,SC,,,,yes,37,AURANGABAD,37,agrees,,AC_list;coverage
Bihar,1120,Aurangabad,154,Aurangabad,223,223,AURANGABAD,2025,eci_code,1.0,2008,10,2010;2015;2020;2025,GEN,,223,yes,yes,37,AURANGABAD,37,agrees,,AC_list;coverage;urban_mapping
Bihar,1124,Rafiganj,154,Aurangabad,224,224,RAFIGANJ,2025,eci_code,1.0,2008,10,2010;2015;2020;2025,GEN,,224,yes,yes,37,AURANGABAD,37,agrees,,AC_list;coverage;urban_mapping
Bihar,1121,Gurua,154,Aurangabad,225,225,GURUA,2025,exact_name,1.0,2008,10,2010;2015;2020;2025,GEN,,,,yes,37,AURANGABAD,37,agrees,,AC_list;coverage
Bihar,1161,Sherghati,160,Gaya,226,226,SHERGHATI,2025,eci_code,1.0,2008,10,2010;2015;2020;2025,GEN,,226,yes,yes,38,GAYA,38,agrees,,AC_list;coverage;urban_mapping
Bihar,1122,Imamganj,154,Aurangabad,227,227,IMAMGANJ,2025,eci_code,1.0,2008,10,2010;2015;2020;2025,SC,,227,yes,yes,37,AURANGABAD,37,agrees,,AC_list;coverage;urban_mapping
Bihar,1157,Barachatti,160,Gaya,228,228,BARACHATTI,2025,exact_name,1.0,2008,10,2010;2015;2020;2025,SC,,,,yes,38,GAYA,38,agrees,,AC_list;coverage
Bihar,1159,Bodh gaya,160,Gaya,229,229,BODH GAYA,2025,eci_code,1.0,2008,10,2010;2015;2020;2025,SC,,229,yes,yes,38,GAYA,38,agrees,,AC_list;coverage;urban_mapping
Bihar,1160,Gaya town,160,Gaya,230,230,GAYA TOWN,2025,eci_code,1.0,2008,10,2010;2015;2020;2025,GEN,,230,yes,yes,38,GAYA,38,agrees,,AC_list;coverage;urban_mapping
Bihar,1125,Tikari,154,Aurangabad,231,231,TIKARI,2025,eci_code,1.0,2008,10,2010;2015;2020;2025,GEN,,231,yes,yes,37,AURANGABAD,37,agrees,,AC_list;coverage;urban_mapping
Bihar,1158,Belaganj,160,Gaya,232,232,BELAGANJ,2025,eci_code,1.0,2008,10,2010;2015;2020;2025,GEN,,232,yes,yes,38,GAYA,38,agrees,,AC_list;coverage;urban_mapping
Bihar,1176,Atri,163,Jahanabad,233,233,ATRI,2025,eci_code,1.0,2008,10,2010;2015;2020;2025,GEN,,233,yes,yes,36,JAHANABAD,36,agrees,,AC_list;coverage;urban_mapping
Bihar,1162,Wazirganj,160,Gaya,234,234,WAZIRGANJ,2025,eci_code,1.0,2008,10,2010;2015;2020;2025,GEN,,234,yes,yes,38,GAYA,38,agrees,,AC_list;coverage;urban_mapping
Bihar,1258,Rajauli,176,Nawada,235,235,RAJAULI,2025,eci_code,1.0,2008,10,2010;2015;2020;2025,SC,,235,yes,yes,39,NAWADA,39,agrees,,AC_list;coverage;urban_mapping
Bihar,1256,Hisua,176,Nawada,236,236,HISUA,2025,exact_name,1.0,2008,10,2010;2015;2020;2025,GEN,,,,yes,39,NAWADA,39,agrees,,AC_list;coverage
Bihar,1257,Nawada,176,Nawada,237,237,NAWADA,2025,eci_code,1.0,2008,10,2010;2015;2020;2025,GEN,,237,yes,yes,39,NAWADA,39,agrees,,AC_list;coverage;urban_mapping
Bihar,1255,Gobindpur,176,Nawada,238,238,GOBINDPUR,2025,exact_name,1.0,2008,10,2010;2015;2020;2025,GEN,,,,yes,39,NAWADA,39,agrees,,AC_list;coverage
Bihar,1259,Warsaliganj,176,Nawada,239,239,WARSALIGANJ,2025,exact_name,1.0,2008,10,2010;2015;2020;2025,GEN,,,,yes,39,NAWADA,39,agrees,,AC_list;coverage
Bihar,1185,Sikandra,164,Jamui,240,240,SIKANDRA,2025,eci_code,1.0,2008,10,2010;2015;2020;2025,SC,,240,yes,yes,40,JAMUI,40,agrees,,AC_list;coverage;urban_mapping
Bihar,1182,Jamui,164,Jamui,241,241,JAMUI,2025,eci_code,1.0,2008,10,2010;2015;2020;2025,GEN,,241,yes,yes,40,JAMUI,40,agrees,,AC_list;coverage;urban_mapping
Bihar,1183,Jhajha,164,Jamui,242,242,JHAJHA,2025,eci_code,1.0,2008,10,2010;2015;2020;2025,GEN,,242,yes,yes,40,JAMUI,40,agrees,,AC_list;coverage;urban_mapping
Bihar,1181,Chakai,164,Jamui,243,243,CHAKAI,2025,exact_name,1.0,2008,10,2010;2015;2020;2025,GEN,,,,yes,40,JAMUI,40,agrees,,AC_list;coverage
Chandigarh,273,Chandigarh,24,Chandigarh,,,,,no_assembly,,n/a,4,,,,1,,,,,1,,LGD placeholder AC for a UT without a legislative assembly,AC_list;coverage;urban_mapping
Chhattisgarh,2411,Bharatpur-sonhat,299,Korba,1,1,BHARATPUR-SONHAT,2023,eci_code,1.0,2008,22,2013;2018;2023,ST,,1,yes,yes,4,KORBA,4,agrees,,AC_list;coverage;urban_mapping
Chhattisgarh,2414,Manendragarh,299,Korba,2,2,MANENDRAGARH,2023,eci_code,1.0,2008,22,2013;2018;2023,GEN,,2,yes,yes,4,KORBA,4,agrees,,AC_list;coverage;urban_mapping
Chhattisgarh,2410,Baikunthpur,299,Korba,3,3,BAIKUNTHPUR,2023,eci_code,1.0,2008,22,2013;2018;2023,GEN,,3,yes,yes,4,KORBA,4,agrees,,AC_list;coverage;urban_mapping
Chhattisgarh,2455,Premnagar,304,Surguja,4,4,PREMNAGAR,2023,eci_code,1.0,2008,22,2013;2018;2023,GEN,,4,yes,yes,1,SURGUJA,1,agrees,,AC_list;coverage;urban_mapping
Chhattisgarh,2452,Bhatgaon,304,Surguja,5,5,BHATGAON,2023,eci_code,1.0,2008,22,2013;2018;2023,GEN,,5,yes,yes,1,SURGUJA,1,agrees,,AC_list;coverage;urban_mapping
Chhattisgarh,2454,Pratappur,304,Surguja,6,6,PRATAPPUR,2023,eci_code,1.0,2008,22,2013;2018;2023,ST,,6,yes,yes,1,SURGUJA,1,agrees,,AC_list;coverage;urban_mapping
Chhattisgarh,2456,Ramanujganj,304,Surguja,7,7,RAMANUJGANJ,2023,eci_code,1.0,2008,22,2013;2018;2023,ST,,7,yes,yes,1,SURGUJA,1,agrees,,AC_list;coverage;urban_mapping
Chhattisgarh,2457,Samri,304,Surguja,8,8,SAMRI,2023,eci_code,1.0,2008,22,2013;2018;2023,ST,,8,yes,yes,1,SURGUJA,1,agrees,,AC_list;coverage;urban_mapping
Chhattisgarh,2453,Lundra,304,Surguja,9,9,LUNDRA,2023,exact_name,1.0,2008,22,2013;2018;2023,ST,,,,yes,1,SURGUJA,1,agrees,,AC_list;coverage
Chhattisgarh,2451,Ambikapur,304,Surguja,10,10,AMBIKAPUR,2023,eci_code,1.0,2008,22,2013;2018;2023,GEN,,10,yes,yes,1,SURGUJA,1,agrees,,AC_list;coverage;urban_mapping
Chhattisgarh,2458,Sitapur,304,Surguja,11,11,SITAPUR,2023,eci_code,1.0,2008,22,2013;2018;2023,ST,,11,yes,yes,1,SURGUJA,1,agrees,,AC_list;coverage;urban_mapping
Chhattisgarh,2427,Jashpur,301,Raigarh,12,12,JASHPUR,2023,eci_code,1.0,2008,22,2013;2018;2023,ST,,12,yes,yes,2,RAIGARH,2,agrees,,AC_list;coverage;urban_mapping
Chhattisgarh,2429,Kunkuri,301,Raigarh,13,13,KUNKURI,2023,eci_code,1.0,2008,22,2013;2018;2023,ST,,13,yes,yes,2,RAIGARH,2,agrees,,AC_list;coverage;urban_mapping
Chhattisgarh,2431,Pathalgaon,301,Raigarh,14,14,PATHALGAON,2023,eci_code,1.0,2008,22,2013;2018;2023,ST,,14,yes,yes,2,RAIGARH,2,agrees,,AC_list;coverage;urban_mapping
Chhattisgarh,2430,Lailunga,301,Raigarh,15,15,LAILUNGA,2023,eci_code,1.0,2008,22,2013;2018;2023,ST,,15,yes,yes,2,RAIGARH,2,agrees,,AC_list;coverage;urban_mapping
Chhattisgarh,2432,Raigarh,301,Raigarh,16,16,RAIGARH,2023,eci_code,1.0,2008,22,2013;2018;2023,GEN,,16,yes,yes,2,RAIGARH,2,agrees,,AC_list;coverage;urban_mapping
Chhattisgarh,2433,Sarangarh,301,Raigarh,17,17,SARANGARH,2023,eci_code,1.0,2008,22,2013;2018;2023,SC,,17,yes,yes,2,RAIGARH,2,agrees,,AC_list;coverage;urban_mapping
Chhattisgarh,2428,Kharsia,301,Raigarh,18,18,KHARSIA,2023,eci_code,1.0,2008,22,2013;2018;2023,GEN,,18,yes,yes,2,RAIGARH,2,agrees,,AC_list;coverage;urban_mapping
Chhattisgarh,2426,Dharamjaigarh,301,Raigarh,19,19,DHARAMJAIGARH,2023,eci_code,1.0,2008,22,2013;2018;2023,ST,,19,yes,yes,2,RAIGARH,2,agrees,,AC_list;coverage;urban_mapping
Chhattisgarh,2417,Rampur,299,Korba,20,20,RAMPUR,2023,exact_name,1.0,2008,22,2013;2018;2023,ST,,,,yes,4,KORBA,4,agrees,,AC_list;coverage
Chhattisgarh,2413,Kobra,299,Korba,21,21,KORBA,2023,eci_code,0.8,2008,22,2013;2018;2023,GEN,,21,yes,yes,4,KORBA,4,agrees,eci code; name spelled differently,AC_list;coverage;urban_mapping
Chhattisgarh,2412,Katghora,299,Korba,22,22,KATGHORA,2023,eci_code,1.0,2008,22,2013;2018;2023,GEN,,22,yes,yes,4,KORBA,4,agrees,,AC_list;coverage;urban_mapping
Chhattisgarh,2416,Pali-tanakhar,299,Korba,23,23,PALI-TANAKHAR,2023,eci_code,1.0,2008,22,2013;2018;2023,ST,,23,yes,yes,4,KORBA,4,agrees,,AC_list;coverage;urban_mapping
Chhattisgarh,2415,Marwahi,299,Korba,24,24,MARWAHI,2023,eci_code,1.0,2008,22,2013;2018;2023,ST,,24,yes,yes,4,KORBA,4,agrees,,AC_list;coverage;urban_mapping
Chhattisgarh,2380,Kota,295,Bilaspur,25,25,KOTA,2023,eci_code,1.0,2008,22,2013;2018;2023,GEN,,25,yes,yes,5,BILASPUR,5,agrees,,AC_list;coverage;urban_mapping
Chhattisgarh,2381,Lormi,295,Bilaspur,26,26,LORMI,2023,exact_name,1.0,2008,22,2013;2018;2023,GEN,,,,yes,5,BILASPUR,5,agrees,,AC_list;coverage
Chhattisgarh,2383,Mungeli,295,Bilaspur,27,27,MUNGELI,2023,eci_code,1.0,2008,22,2013;2018;2023,SC,,27,yes,yes,5,BILASPUR,5,agrees,,AC_list;coverage;urban_mapping
Chhattisgarh,2384,Takhatpur,295,Bilaspur,28,28,TAKHATPUR,2023,eci_code,1.0,2008,22,2013;2018;2023,GEN,,28,yes,yes,5,BILASPUR,5,agrees,,AC_list;coverage;urban_mapping
Chhattisgarh,2379,Bilha,295,Bilaspur,29,29,BILHA,2023,eci_code,1.0,2008,22,2013;2018;2023,GEN,,29,yes,yes,5,BILASPUR,5,agrees,,AC_list;coverage;urban_mapping
Chhattisgarh,2378,Bilaspur,295,Bilaspur,30,30,BILASPUR,2023,eci_code,1.0,2008,22,2013;2018;2023,GEN,,30,yes,yes,5,BILASPUR,5,agrees,,AC_list;coverage;urban_mapping
Chhattisgarh,2377,Beltara,295,Bilaspur,31,31,BELTARA,2023,exact_name,1.0,2008,22,2013;2018;2023,GEN,,,,yes,5,BILASPUR,5,agrees,,AC_list;coverage
Chhattisgarh,2382,Masturi,295,Bilaspur,32,32,MASTURI,2023,eci_code,1.0,2008,22,2013;2018;2023,SC,,32,yes,yes,5,BILASPUR,5,agrees,,AC_list;coverage;urban_mapping
Chhattisgarh,2394,Akaltara,297,Janjgir Champa,33,33,AKALTARA,2023,eci_code,1.0,2008,22,2013;2018;2023,GEN,,33,yes,yes,3,JANJGIR-CHAMPA,3,agrees,,AC_list;coverage;urban_mapping
Chhattisgarh,2398,Janjgir Champa,297,Janjgir Champa,34,34,JANJGIR-CHAMPA,2023,eci_code,1.0,2008,22,2013;2018;2023,GEN,,34,yes,yes,3,JANJGIR-CHAMPA,3,agrees,,AC_list;coverage;urban_mapping
Chhattisgarh,2401,Sakti,297,Janjgir Champa,35,35,SAKTI,2023,eci_code,1.0,2008,22,2013;2018;2023,GEN,,35,yes,yes,3,JANJGIR-CHAMPA,3,agrees,,AC_list;coverage;urban_mapping
Chhattisgarh,2396,Chandrapura,297,Janjgir Champa,36,36,CHANDRAPUR,2023,eci_code,0.952,2008,22,2013;2018;2023,GEN,,36,yes,yes,3,JANJGIR-CHAMPA,3,agrees,eci code; name spelled differently,AC_list;coverage;urban_mapping
Chhattisgarh,2397,Jaijaipur,297,Janjgir Champa,37,37,JAIJAIPUR,2023,eci_code,1.0,2008,22,2013;2018;2023,GEN,,37,yes,yes,3,JANJGIR-CHAMPA,3,agrees,,AC_list;coverage;urban_mapping
Chhattisgarh,2400,Pamgarh,297,Janjgir Champa,38,38,PAMGARH,2023,eci_code,1.0,2008,22,2013;2018;2023,SC,,38,yes,yes,3,JANJGIR-CHAMPA,3,agrees,,AC_list;coverage;urban_mapping
Chhattisgarh,2425,Saraipali,300,Mahasamund,39,39,SARAIPALI,2023,eci_code,1.0,2008,22,2013;2018;2023,SC,,39,yes,yes,9,MAHASAMUND,9,agrees,,AC_list;coverage;urban_mapping
Chhattisgarh,2418,Basna,300,Mahasamund,40,40,BASNA,2023,eci_code,1.0,2008,22,2013;2018;2023,GEN,,40,yes,yes,9,MAHASAMUND,9,agrees,,AC_list;coverage;urban_mapping
Chhattisgarh,2421,Khallari,300,Mahasamund,41,41,KHALLARI,2023,eci_code,1.0,2008,22,2013;2018;2023,GEN,,41,yes,yes,9,MAHASAMUND,9,agrees,,AC_list;coverage;urban_mapping
Chhattisgarh,2423,Mahasamund,300,Mahasamund,42,42,MAHASAMUND,2023,eci_code,1.0,2008,22,2013;2018;2023,GEN,,42,yes,yes,9,MAHASAMUND,9,agrees,,AC_list;coverage;urban_mapping
Chhattisgarh,2395,Bilaigarh,297,Janjgir Champa,43,43,BILAIGARH,2023,eci_code,1.0,2008,22,2013;2018;2023,SC,,43,yes,yes,3,JANJGIR-CHAMPA,3,agrees,,AC_list;coverage;urban_mapping
Chhattisgarh,2399,Kasdol,297,Janjgir Champa,44,44,KASDOL,2023,eci_code,1.0,2008,22,2013;2018;2023,GEN,,44,yes,yes,3,JANJGIR-CHAMPA,3,agrees,,AC_list;coverage;urban_mapping
Chhattisgarh,2436,Baloda bazar,302,Raipur,45,45,BALODA BAZAR,2023,eci_code,1.0,2008,22,2013;2018;2023,GEN,,45,yes,yes,8,RAIPUR,8,agrees,,AC_list;coverage;urban_mapping
Chhattisgarh,2437,Bhatapara,302,Raipur,46,46,BHATAPARA,2023,exact_name,1.0,2008,22,2013;2018;2023,GEN,,,,yes,8,RAIPUR,8,agrees,,AC_list;coverage
Chhattisgarh,2438,Dharsiwa,302,Raipur,47,47,DHARSIWA,2023,eci_code,1.0,2008,22,2013;2018;2023,GEN,,47,yes,yes,8,RAIPUR,8,agrees,,AC_list;coverage;urban_mapping
Chhattisgarh,2442,Raipur Rural,302,Raipur,48,48,RAIPUR CITY GRAMIN,2023,eci_code,0.846,2008,22,2013;2018;2023,GEN,,48,yes,yes,8,RAIPUR,8,agrees,eci code; name spelled differently,AC_list;coverage;urban_mapping
Chhattisgarh,2441,Raipur City West,302,Raipur,49,49,RAIPUR CITY WEST,2023,eci_code,1.0,2008,22,2013;2018;2023,GEN,,49,yes,yes,8,RAIPUR,8,agrees,,AC_list;coverage;urban_mapping
Chhattisgarh,2439,Raipur City North,302,Raipur,50,50,RAIPUR CITY NORTH,2023,eci_code,1.0,2008,22,2013;2018;2023,GEN,,50,yes,yes,8,RAIPUR,8,agrees,,AC_list;coverage;urban_mapping
Chhattisgarh,2440,Raipur City South,302,Raipur,51,51,RAIPUR CITY SOUTH,2023,eci_code,1.0,2008,22,2013;2018;2023,GEN,,51,yes,yes,8,RAIPUR,8,agrees,,AC_list;coverage;urban_mapping
Chhattisgarh,2435,Arang,302,Raipur,52,52,ARANG,2023,eci_code,1.0,2008,22,2013;2018;2023,SC,,52,yes,yes,8,RAIPUR,8,agrees,,AC_list;coverage;urban_mapping
Chhattisgarh,2434,Abhanpur,302,Raipur,53,53,ABHANPUR,2023,eci_code,1.0,2008,22,2013;2018;2023,GEN,,53,yes,yes,8,RAIPUR,8,agrees,,AC_list;coverage;urban_mapping
Chhattisgarh,2424,Rajim,300,Mahasamund,54,54,RAJIM,2023,eci_code,1.0,2008,22,2013;2018;2023,GEN,,54,yes,yes,9,MAHASAMUND,9,agrees,,AC_list;coverage;urban_mapping
Chhattisgarh,2419,Bindranawagarh,300,Mahasamund,55,55,BINDRANAWAGARH,2023,eci_code,1.0,2008,22,2013;2018;2023,ST,,55,yes,yes,9,MAHASAMUND,9,agrees,,AC_list;coverage;urban_mapping
Chhattisgarh,2409,Sihawa,298,Kanker,56,56,SIHAWA,2023,eci_code,1.0,2008,22,2013;2018;2023,ST,,56,yes,yes,11,KANKER,11,agrees,,AC_list;coverage;urban_mapping
Chhattisgarh,2422,Kurud,300,Mahasamund,57,57,KURUD,2023,eci_code,1.0,2008,22,2013;2018;2023,GEN,,57,yes,yes,9,MAHASAMUND,9,agrees,,AC_list;coverage;urban_mapping
Chhattisgarh,2420,Dhamtari,300,Mahasamund,58,58,DHAMTARI,2023,eci_code,1.0,2008,22,2013;2018;2023,GEN,,58,yes,yes,9,MAHASAMUND,9,agrees,,AC_list;coverage;urban_mapping
Chhattisgarh,2408,Sanjari balod,298,Kanker,59,59,SANJARI BALOD,2023,eci_code,1.0,2008,22,2013;2018;2023,GEN,,59,yes,yes,11,KANKER,11,agrees,,AC_list;coverage;urban_mapping
Chhattisgarh,2404,Dondi Lohara,298,Kanker,60,60,DONDI LAHARA,2023,eci_code,0.947,2008,22,2013;2018;2023,ST,,60,yes,yes,11,KANKER,11,agrees,eci code; name spelled differently,AC_list;coverage;urban_mapping
Chhattisgarh,2405,Gunderdehi,298,Kanker,61,61,GUNDERDEHI,2023,eci_code,1.0,2008,22,2013;2018;2023,GEN,,61,yes,yes,11,KANKER,11,agrees,,AC_list;coverage;urban_mapping
Chhattisgarh,2391,Patan,296,Durg,62,62,PATAN,2023,eci_code,1.0,2008,22,2013;2018;2023,GEN,,62,yes,yes,7,DURG,7,agrees,,AC_list;coverage;urban_mapping
Chhattisgarh,2389,Durg-rural,296,Durg,63,63,DURG GRAMIN,2023,eci_code,1.0,2008,22,2013;2018;2023,GEN,,63,yes,yes,7,DURG,7,agrees,,AC_list;coverage;urban_mapping
Chhattisgarh,2387,Durg-city,296,Durg,64,64,DURG CITY,2023,eci_code,1.0,2008,22,2013;2018;2023,GEN,,64,yes,yes,7,DURG,7,agrees,,AC_list;coverage;urban_mapping
Chhattisgarh,2388,Durg-nagar,296,Durg,65,65,BHILAI NAGAR,2023,eci_code,0.526,2008,22,2013;2018;2023,GEN,,65,yes,yes,7,DURG,7,agrees,eci code; name spelled differently,AC_list;coverage;urban_mapping
Chhattisgarh,2393,Vaishali Nagar,296,Durg,66,66,VAISHALI NAGAR,2023,eci_code,1.0,2008,22,2013;2018;2023,GEN,,66,yes,yes,7,DURG,7,agrees,,AC_list;coverage;urban_mapping
Chhattisgarh,2385,Ahiwara,296,Durg,67,67,AHIWARA,2023,eci_code,1.0,2008,22,2013;2018;2023,SC,,67,yes,yes,7,DURG,7,agrees,,AC_list;coverage;urban_mapping
Chhattisgarh,2392,Saja,296,Durg,68,68,SAJA,2023,eci_code,1.0,2008,22,2013;2018;2023,GEN,,68,yes,yes,7,DURG,7,agrees,,AC_list;coverage;urban_mapping
Chhattisgarh,2386,Bemetara,296,Durg,69,69,BEMETARA,2023,eci_code,1.0,2008,22,2013;2018;2023,GEN,,69,yes,yes,7,DURG,7,agrees,,AC_list;coverage;urban_mapping
Chhattisgarh,2390,Nawagarh,296,Durg,70,70,NAVAGARH,2023,eci_code,1.0,2008,22,2013;2018;2023,SC,,70,yes,yes,7,DURG,7,agrees,eci code; name spelled differently,AC_list;coverage;urban_mapping
Chhattisgarh,2449,Pandariya,303,Rajnandgaon,71,71,PANDARIYA,2023,eci_code,1.0,2008,22,2013;2018;2023,GEN,,71,yes,yes,6,RAJNANDGAON,6,agrees,,AC_list;coverage;urban_mapping
Chhattisgarh,2445,KAWARDHA,303,Rajnandgaon,72,72,KAWARDHA,2023,eci_code,1.0,2008,22,2013;2018;2023,GEN,,72,yes,yes,6,RAJNANDGAON,6,agrees,,AC_list;coverage;urban_mapping
Chhattisgarh,2446,Khairagarh,303,Rajnandgaon,73,73,KHAIRAGARH,2023,eci_code,1.0,2008,22,2013;2018;2023,GEN,,73,yes,yes,6,RAJNANDGAON,6,agrees,,AC_list;coverage;urban_mapping
Chhattisgarh,2444,Dongargarh,303,Rajnandgaon,74,74,DONGARGARH,2023,eci_code,1.0,2008,22,2013;2018;2023,SC,,74,yes,yes,6,RAJNANDGAON,6,agrees,,AC_list;coverage;urban_mapping
Chhattisgarh,2450,Rajnandgaon,303,Rajnandgaon,75,75,RAJNANDGAON,2023,eci_code,1.0,2008,22,2013;2018;2023,GEN,,75,yes,yes,6,RAJNANDGAON,6,agrees,,AC_list;coverage;urban_mapping
Chhattisgarh,2443,Dongargaon,303,Rajnandgaon,76,76,DONGARGAON,2023,eci_code,1.0,2008,22,2013;2018;2023,GEN,,76,yes,yes,6,RAJNANDGAON,6,agrees,,AC_list;coverage;urban_mapping
Chhattisgarh,2447,Khujji,303,Rajnandgaon,77,77,KHUJJI,2023,eci_code,1.0,2008,22,2013;2018;2023,GEN,,77,yes,yes,6,RAJNANDGAON,6,agrees,,AC_list;coverage;urban_mapping
Chhattisgarh,2448,Mohala-manpur,303,Rajnandgaon,78,78,MOHALA-MANPUR,2023,exact_name,1.0,2008,22,2013;2018;2023,ST,,,,yes,6,RAJNANDGAON,6,agrees,,AC_list;coverage
Chhattisgarh,2402,Antagarh,298,Kanker,79,79,ANTAGARH,2023,eci_code,1.0,2008,22,2013;2018;2023,ST,,79,yes,yes,11,KANKER,11,agrees,,AC_list;coverage;urban_mapping
Chhattisgarh,2403,Bhanupratappur,298,Kanker,80,80,BHANUPRATAPPUR,2023,eci_code,1.0,2008,22,2013;2018;2023,ST,,80,yes,yes,11,KANKER,11,agrees,,AC_list;coverage;urban_mapping
Chhattisgarh,2406,Kanker,298,Kanker,81,81,KANKER,2023,eci_code,1.0,2008,22,2013;2018;2023,ST,,81,yes,yes,11,KANKER,11,agrees,,AC_list;coverage;urban_mapping
Chhattisgarh,2407,Keshkal,298,Kanker,82,82,KESHKAL,2023,eci_code,1.0,2008,22,2013;2018;2023,ST,,82,yes,yes,11,KANKER,11,agrees,,AC_list;coverage;urban_mapping
Chhattisgarh,2374,Kondagaon,294,Bastar,83,83,KONDAGAON,2023,eci_code,1.0,2008,22,2013;2018;2023,ST,,83,yes,yes,10,BASTAR,10,agrees,,AC_list;coverage;urban_mapping
Chhattisgarh,2376,Narayanpur,294,Bastar,84,84,NARAINPUR,2023,eci_code,0.947,2008,22,2013;2018;2023,ST,,84,yes,yes,10,BASTAR,10,agrees,eci code; name spelled differently,AC_list;coverage;urban_mapping
Chhattisgarh,2369,Bastar,294,Bastar,85,85,BASTAR,2023,eci_code,1.0,2008,22,2013;2018;2023,ST,,85,yes,yes,10,BASTAR,10,agrees,,AC_list;coverage;urban_mapping
Chhattisgarh,2373,Jagdalpur,294,Bastar,86,86,JAGDALPUR,2023,eci_code,1.0,2008,22,2013;2018;2023,GEN,,86,yes,yes,10,BASTAR,10,agrees,,AC_list;coverage;urban_mapping
Chhattisgarh,2371,Chitrakot,294,Bastar,87,87,CHITRAKOT,2023,exact_name,1.0,2008,22,2013;2018;2023,ST,,,,yes,10,BASTAR,10,agrees,,AC_list;coverage
Chhattisgarh,2372,Dantewada,294,Bastar,88,88,DANTEWARA,2023,eci_code,0.889,2008,22,2013;2018;2023,ST,,88,yes,yes,10,BASTAR,10,agrees,eci code; name spelled differently,AC_list;coverage;urban_mapping
Chhattisgarh,2370,Bijapur,294,Bastar,89,89,BIJAPUR,2023,eci_code,1.0,2008,22,2013;2018;2023,ST,,89,yes,yes,10,BASTAR,10,agrees,,AC_list;coverage;urban_mapping
Chhattisgarh,2375,Konta,294,Bastar,90,90,KONTA,2023,eci_code,1.0,2008,22,2013;2018;2023,ST,,90,yes,yes,10,BASTAR,10,agrees,,AC_list;coverage;urban_mapping
Delhi,480,Nerela,44,North West Delhi,1,1,NARELA,2025,exact_name,1.0,2008,7,2013;2015;2020;2025,GEN,,,,yes,5,NORTH WEST DELHI,5,agrees,,AC_list
Delhi,465,Burari,43,North East Delhi,2,2,BURARI,2025,exact_name,1.0,2008,7,2013;2015;2020;2025,GEN,,,,yes,2,NORTH EAST DELHI,2,agrees,,AC_list
Delhi,473,Timarpur,43,North East Delhi,3,3,TIMARPUR,2025,exact_name,1.0,2008,7,2013;2015;2020;2025,GEN,,,,yes,2,NORTH EAST DELHI,2,agrees,,AC_list
Delhi,434,Adarsh Nagar,40,Chandni Chowk,4,4,ADARSH NAGAR,2025,exact_name,1.0,2008,7,2013;2015;2020;2025,GEN,,,,yes,1,CHANDNI CHOWK,1,agrees,,AC_list
Delhi,474,Badli,44,North West Delhi,5,5,BADLI,2025,exact_name,1.0,2008,7,2013;2015;2020;2025,GEN,,,,yes,5,NORTH WEST DELHI,5,agrees,,AC_list
Delhi,481,Rithala,44,North West Delhi,6,6,RITHALA,2025,exact_name,1.0,2008,7,2013;2015;2020;2025,GEN,,,,yes,5,NORTH WEST DELHI,5,agrees,,AC_list
Delhi,475,Bawana,44,North West Delhi,7,7,BAWANA,2025,exact_name,1.0,2008,7,2013;2015;2020;2025,SC,,,,yes,5,NORTH WEST DELHI,5,agrees,,AC_list
Delhi,478,Mundka,44,North West Delhi,8,8,MUNDKA,2025,exact_name,1.0,2008,7,2013;2015;2020;2025,GEN,,,,yes,5,NORTH WEST DELHI,5,agrees,,AC_list
Delhi,476,Kirari,44,North West Delhi,9,9,KIRARI,2025,exact_name,1.0,2008,7,2013;2015;2020;2025,GEN,,,,yes,5,NORTH WEST DELHI,5,agrees,,AC_list
Delhi,483,Sultanpur majra,44,North West Delhi,10,10,SULTANPUR MAJRA,2025,exact_name,1.0,2008,7,2013;2015;2020;2025,SC,,,,yes,5,NORTH WEST DELHI,5,agrees,,AC_list
Delhi,479,Nangloi jat,44,North West Delhi,11,11,NANGLOI JAT,2025,exact_name,1.0,2008,7,2013;2015;2020;2025,GEN,,,,yes,5,NORTH WEST DELHI,5,agrees,,AC_list
Delhi,477,Mangol puri,44,North West Delhi,12,12,MANGOL PURI,2025,exact_name,1.0,2008,7,2013;2015;2020;2025,SC,,,,yes,5,NORTH WEST DELHI,5,agrees,,AC_list
Delhi,482,Rohini,44,North West Delhi,13,13,ROHINI,2025,exact_name,1.0,2008,7,2013;2015;2020;2025,GEN,,,,yes,5,NORTH WEST DELHI,5,agrees,,AC_list
Delhi,441,Shalimar bagh,40,Chandni Chowk,14,14,SHALIMAR BAGH,2025,exact_name,1.0,2008,7,2013;2015;2020;2025,GEN,,,,yes,1,CHANDNI CHOWK,1,agrees,,AC_list
Delhi,440,Shakur basti,40,Chandni Chowk,15,15,SHAKUR BASTI,2025,exact_name,1.0,2008,7,2013;2015;2020;2025,GEN,,,,yes,1,CHANDNI CHOWK,1,agrees,,AC_list
Delhi,442,Tri Nagar,40,Chandni Chowk,16,16,TRI NAGAR,2025,exact_name,1.0,2008,7,2013;2015;2020;2025,GEN,,,,yes,1,CHANDNI CHOWK,1,agrees,,AC_list
Delhi,443,Wazirpur,40,Chandni Chowk,17,17,WAZIRPUR,2025,exact_name,1.0,2008,7,2013;2015;2020;2025,GEN,,,,yes,1,CHANDNI CHOWK,1,agrees,,AC_list
Delhi,438,Model town,40,Chandni Chowk,18,18,MODEL TOWN,2025,exact_name,1.0,2008,7,2013;2015;2020;2025,GEN,,,,yes,1,CHANDNI CHOWK,1,agrees,,AC_list
Delhi,439,Sadar bazar,40,Chandni Chowk,19,19,SADAR BAZAR,2025,exact_name,1.0,2008,7,2013;2015;2020;2025,GEN,,,,yes,1,CHANDNI CHOWK,1,agrees,,AC_list
Delhi,436,Chandni chowk,40,Chandni Chowk,20,20,CHANDNI CHOWK,2025,exact_name,1.0,2008,7,2013;2015;2020;2025,GEN,,,,yes,1,CHANDNI CHOWK,1,agrees,,AC_list
Delhi,437,Matia mahal,40,Chandni Chowk,21,21,MATIA MAHAL,2025,exact_name,1.0,2008,7,2013;2015;2020;2025,GEN,,,,yes,1,CHANDNI CHOWK,1,agrees,,AC_list
Delhi,435,Ballimaran,40,Chandni Chowk,22,22,BALLIMARAN,2025,exact_name,1.0,2008,7,2013;2015;2020;2025,GEN,,,,yes,1,CHANDNI CHOWK,1,agrees,,AC_list
Delhi,456,Karol bagh,42,New Delhi,23,23,KAROL BAGH,2025,exact_name,1.0,2008,7,2013;2015;2020;2025,SC,,,,yes,4,NEW DELHI,4,agrees,,AC_list
Delhi,461,Patel Nagar,42,New Delhi,24,24,PATEL NAGAR,2025,exact_name,1.0,2008,7,2013;2015;2020;2025,SC,,,,yes,4,NEW DELHI,4,agrees,,AC_list
Delhi,459,Moti Nagar,42,New Delhi,25,25,MOTI NAGAR,2025,exact_name,1.0,2008,7,2013;2015;2020;2025,GEN,,,,yes,4,NEW DELHI,4,agrees,,AC_list
Delhi,497,Madipur,46,West Delhi,26,26,MADIPUR,2025,exact_name,1.0,2008,7,2013;2015;2020;2025,SC,,,,yes,6,WEST DELHI,6,agrees,,AC_list
Delhi,500,Rajouri garden,46,West Delhi,27,27,RAJOURI GARDEN,2025,exact_name,1.0,2008,7,2013;2015;2020;2025,GEN,,,,yes,6,WEST DELHI,6,agrees,,AC_list
Delhi,495,Hari Nagar,46,West Delhi,28,28,HARI NAGAR,2025,exact_name,1.0,2008,7,2013;2015;2020;2025,GEN,,,,yes,6,WEST DELHI,6,agrees,,AC_list
Delhi,501,Tilak Nagar,46,West Delhi,29,29,TILAK NAGAR,2025,exact_name,1.0,2008,7,2013;2015;2020;2025,GEN,,,,yes,6,WEST DELHI,6,agrees,,AC_list
Delhi,496,Janakpuri,46,West Delhi,30,30,JANAKPURI,2025,exact_name,1.0,2008,7,2013;2015;2020;2025,GEN,,,,yes,6,WEST DELHI,6,agrees,,AC_list
Delhi,503,Vikaspuri,46,West Delhi,31,31,VIKASPURI,2025,exact_name,1.0,2008,7,2013;2015;2020;2025,GEN,,,,yes,6,WEST DELHI,6,agrees,,AC_list
Delhi,502,Uttam Nagar,46,West Delhi,32,32,UTTAM NAGAR,2025,exact_name,1.0,2008,7,2013;2015;2020;2025,GEN,,,,yes,6,WEST DELHI,6,agrees,,AC_list
Delhi,494,Dwarka,46,West Delhi,33,33,DWARKA,2025,exact_name,1.0,2008,7,2013;2015;2020;2025,GEN,,,,yes,6,WEST DELHI,6,agrees,,AC_list
Delhi,498,Matiala,46,West Delhi,34,34,MATIALA,2025,exact_name,1.0,2008,7,2013;2015;2020;2025,GEN,,,,yes,6,WEST DELHI,6,agrees,,AC_list
Delhi,499,Najafgarh,46,West Delhi,35,35,NAJAFGARH,2025,exact_name,1.0,2008,7,2013;2015;2020;2025,GEN,,,,yes,6,WEST DELHI,6,agrees,,AC_list
Delhi,486,Bijwasan,45,South Delhi,36,36,BIJWASAN,2025,exact_name,1.0,2008,7,2013;2015;2020;2025,GEN,,,,yes,7,SOUTH DELHI,7,agrees,,AC_list
Delhi,491,Palam,45,South Delhi,37,37,PALAM,2025,exact_name,1.0,2008,7,2013;2015;2020;2025,GEN,,,,yes,7,SOUTH DELHI,7,agrees,,AC_list
Delhi,454,Delhi Cantt,42,New Delhi,38,38,DELHI CANTT,2025,exact_name,1.0,2008,7,2013;2015;2020;2025,GEN,,,,yes,4,NEW DELHI,4,agrees,,AC_list
Delhi,463,Rajinder Nagar,42,New Delhi,39,39,RAJINDER NAGAR,2025,exact_name,1.0,2008,7,2013;2015;2020;2025,GEN,,,,yes,4,NEW DELHI,4,agrees,,AC_list
Delhi,460,New delhi,42,New Delhi,40,40,NEW DELHI,2025,exact_name,1.0,2008,7,2013;2015;2020;2025,GEN,,,,yes,4,NEW DELHI,4,agrees,,AC_list
Delhi,445,Jangpura,41,East Delhi,41,41,JANGPURA,2025,exact_name,1.0,2008,7,2013;2015;2020;2025,GEN,,,,yes,3,EAST DELHI,3,agrees,,AC_list
Delhi,457,Kasturba Nagar,42,New Delhi,42,42,KASTURBA NAGAR,2025,exact_name,1.0,2008,7,2013;2015;2020;2025,GEN,,,,yes,4,NEW DELHI,4,agrees,,AC_list
Delhi,458,Malviya Nagar,42,New Delhi,43,43,MALVIYA NAGAR,2025,exact_name,1.0,2008,7,2013;2015;2020;2025,GEN,,,,yes,4,NEW DELHI,4,agrees,,AC_list
Delhi,462,R. k. Puram,42,New Delhi,44,44,R. K. PURAM,2025,exact_name,1.0,2008,7,2013;2015;2020;2025,GEN,,,,yes,4,NEW DELHI,4,agrees,,AC_list
Delhi,490,Mehrauli,45,South Delhi,45,45,MEHRAULI,2025,exact_name,1.0,2008,7,2013;2015;2020;2025,GEN,,,,yes,7,SOUTH DELHI,7,agrees,,AC_list
Delhi,487,Chhatarpur,45,South Delhi,46,46,CHHATARPUR,2025,exact_name,1.0,2008,7,2013;2015;2020;2025,GEN,,,,yes,7,SOUTH DELHI,7,agrees,,AC_list
Delhi,488,Deoli,45,South Delhi,47,47,DEOLI,2025,exact_name,1.0,2008,7,2013;2015;2020;2025,SC,,,,yes,7,SOUTH DELHI,7,agrees,,AC_list
Delhi,484,Ambedkar Nagar,45,South Delhi,48,48,AMBEDKAR NAGAR,2025,exact_name,1.0,2008,7,2013;2015;2020;2025,SC,,,,yes,7,SOUTH DELHI,7,agrees,,AC_list
Delhi,492,Sangam vihar,45,South Delhi,49,49,SANGAM VIHAR,2025,exact_name,1.0,2008,7,2013;2015;2020;2025,GEN,,,,yes,7,SOUTH DELHI,7,agrees,,AC_list
Delhi,455,Greater kailash,42,New Delhi,50,50,GREATER KAILASH,2025,exact_name,1.0,2008,7,2013;2015;2020;2025,GEN,,,,yes,4,NEW DELHI,4,agrees,,AC_list
Delhi,489,Kalkaji,45,South Delhi,51,51,KALKAJI,2025,exact_name,1.0,2008,7,2013;2015;2020;2025,GEN,,,,yes,7,SOUTH DELHI,7,agrees,,AC_list
Delhi,493,Tughlakabad,45,South Delhi,52,52,TUGHLAKABAD,2025,exact_name,1.0,2008,7,2013;2015;2020;2025,GEN,,,,yes,7,SOUTH DELHI,7,agrees,,AC_list
Delhi,485,Badarpur,45,South Delhi,53,53,BADARPUR,2025,exact_name,1.0,2008,7,2013;2015;2020;2025,GEN,,,,yes,7,SOUTH DELHI,7,agrees,,AC_list
Delhi,449,Okhla,41,East Delhi,54,54,OKHLA,2025,exact_name,1.0,2008,7,2013;2015;2020;2025,GEN,,,,yes,3,EAST DELHI,3,agrees,,AC_list
Delhi,452,Trilokpuri,41,East Delhi,55,55,TRILOKPURI,2025,exact_name,1.0,2008,7,2013;2015;2020;2025,SC,,,,yes,3,EAST DELHI,3,agrees,,AC_list
Delhi,446,Kondli,41,East Delhi,56,56,KONDLI,2025,exact_name,1.0,2008,7,2013;2015;2020;2025,SC,,,,yes,3,EAST DELHI,3,agrees,,AC_list
Delhi,450,Patparganj,41,East Delhi,57,57,PATPARGANJ,2025,exact_name,1.0,2008,7,2013;2015;2020;2025,GEN,,,,yes,3,EAST DELHI,3,agrees,,AC_list
Delhi,448,Laxmi Nagar,41,East Delhi,58,58,LAXMI NAGAR,2025,exact_name,1.0,2008,7,2013;2015;2020;2025,GEN,,,,yes,3,EAST DELHI,3,agrees,,AC_list
Delhi,453,Vishwas Nagar,41,East Delhi,59,59,VISHWAS NAGAR,2025,exact_name,1.0,2008,7,2013;2015;2020;2025,GEN,,,,yes,3,EAST DELHI,3,agrees,,AC_list
Delhi,447,Krishna Nagar,41,East Delhi,60,60,KRISHNA NAGAR,2025,exact_name,1.0,2008,7,2013;2015;2020;2025,GEN,,,,yes,3,EAST DELHI,3,agrees,,AC_list
Delhi,444,Gandhi Nagar,41,East Delhi,61,61,GANDHI NAGAR,2025,exact_name,1.0,2008,7,2013;2015;2020;2025,GEN,,,,yes,3,EAST DELHI,3,agrees,,AC_list
Delhi,451,Shahdara,41,East Delhi,62,62,SHAHDARA,2025,exact_name,1.0,2008,7,2013;2015;2020;2025,GEN,,,,yes,3,EAST DELHI,3,agrees,,AC_list
Delhi,472,Seema puri,43,North East Delhi,63,63,SEEMA PURI,2025,exact_name,1.0,2008,7,2013;2015;2020;2025,SC,,,,yes,2,NORTH EAST DELHI,2,agrees,,AC_list
Delhi,470,Rohtas Nagar,43,North East Delhi,64,64,ROHTAS NAGAR,2025,exact_name,1.0,2008,7,2013;2015;2020;2025,GEN,,,,yes,2,NORTH EAST DELHI,2,agrees,,AC_list
Delhi,471,Seelampur,43,North East Delhi,65,65,SEELAMPUR,2025,exact_name,1.0,2008,7,2013;2015;2020;2025,GEN,,,,yes,2,NORTH EAST DELHI,2,agrees,,AC_list
Delhi,466,Ghonda,43,North East Delhi,66,66,GHONDA,2025,exact_name,1.0,2008,7,2013;2015;2020;2025,GEN,,,,yes,2,NORTH EAST DELHI,2,agrees,,AC_list
Delhi,464,Babarpur,43,North East Delhi,67,67,BABARPUR,2025,exact_name,1.0,2008,7,2013;2015;2020;2025,GEN,,,,yes,2,NORTH EAST DELHI,2,agrees,,AC_list
Delhi,467,Gokalpur,43,North East Delhi,68,68,GOKALPUR,2025,exact_name,1.0,2008,7,2013;2015;2020;2025,SC,,,,yes,2,NORTH EAST DELHI,2,agrees,,AC_list
Delhi,469,Mustafabad,43,North East Delhi,69,69,MUSTAFABAD,2025,exact_name,1.0,2008,7,2013;2015;2020;2025,GEN,,,,yes,2,NORTH EAST DELHI,2,agrees,,AC_list
Delhi,468,Karawal Nagar,43,North East Delhi,70,70,KARAWAL NAGAR,2025,exact_name,1.0,2008,7,2013;2015;2020;2025,GEN,,,,yes,2,NORTH EAST DELHI,2,agrees,,AC_list
Goa,3682,Mandrem,480,North Goa,1,1,MANDREM,2022,exact_name,1.0,2008,30,2012;2017;2022,GEN,,,,yes,1,NORTH GOA,1,agrees,,AC_list;coverage
Goa,3685,Pernem,480,North Goa,2,2,PERNEM,2022,eci_code,1.0,2008,30,2012;2017;2022,SC,,2,yes,yes,1,NORTH GOA,1,agrees,,AC_list;coverage;urban_mapping
Goa,3678,Bicholim,480,North Goa,3,3,BICHOLIM,2022,eci_code,1.0,2008,30,2012;2017;2022,GEN,,3,yes,yes,1,NORTH GOA,1,agrees,,AC_list;coverage;urban_mapping
Goa,3695,Tivim,480,North Goa,4,4,TIVIM,2022,exact_name,1.0,2008,30,2012;2017;2022,GEN,,,,yes,1,NORTH GOA,1,agrees,,AC_list;coverage
Goa,3683,Mapusa,480,North Goa,5,5,MAPUSA,2022,eci_code,1.0,2008,30,2012;2017;2022,GEN,,5,yes,yes,1,NORTH GOA,1,agrees,,AC_list;coverage;urban_mapping
Goa,3691,Siolim,480,North Goa,6,6,SIOLIM,2022,exact_name,1.0,2008,30,2012;2017;2022,GEN,,,,yes,1,NORTH GOA,1,agrees,,AC_list;coverage
Goa,3689,Saligao,480,North Goa,7,7,SALIGAO,2022,exact_name,1.0,2008,30,2012;2017;2022,GEN,,,,yes,1,NORTH GOA,1,agrees,,AC_list;coverage
Goa,3679,Calangute,480,North Goa,8,8,CALANGUTE,2022,exact_name,1.0,2008,30,2012;2017;2022,GEN,,,,yes,1,NORTH GOA,1,agrees,,AC_list;coverage
Goa,3687,Porvorim,480,North Goa,9,9,PORVORIM,2022,exact_name,1.0,2008,30,2012;2017;2022,GEN,,,,yes,1,NORTH GOA,1,agrees,,AC_list;coverage
Goa,3677,Aldona,480,North Goa,10,10,ALDONA,2022,exact_name,1.0,2008,30,2012;2017;2022,GEN,,,,yes,1,NORTH GOA,1,agrees,,AC_list;coverage
Goa,3684,Panaji,480,North Goa,11,11,PANAJI,2022,eci_code,1.0,2008,30,2012;2017;2022,GEN,,11,yes,yes,1,NORTH GOA,1,agrees,,AC_list;coverage;urban_mapping
Goa,3694,Taleigao,480,North Goa,12,12,TALEIGAO,2022,exact_name,1.0,2008,30,2012;2017;2022,GEN,,,,yes,1,NORTH GOA,1,agrees,,AC_list;coverage
Goa,3693,St. Cruz,480,North Goa,13,13,ST. CRUZ,2022,exact_name,1.0,2008,30,2012;2017;2022,GEN,,,,yes,1,NORTH GOA,1,agrees,,AC_list;coverage
Goa,3692,St. Andre,480,North Goa,14,14,ST. ANDRE,2022,exact_name,1.0,2008,30,2012;2017;2022,GEN,,,,yes,1,NORTH GOA,1,agrees,,AC_list;coverage
Goa,3680,Cumbarjua,480,North Goa,15,15,CUMBARJUA,2022,exact_name,1.0,2008,30,2012;2017;2022,GEN,,,,yes,1,NORTH GOA,1,agrees,,AC_list;coverage
Goa,3681,Maem,480,North Goa,16,16,MAEM,2022,exact_name,1.0,2008,30,2012;2017;2022,GEN,,,,yes,1,NORTH GOA,1,agrees,,AC_list;coverage
Goa,3690,Sanquelim,480,North Goa,17,17,SANQUELIM,2022,eci_code,1.0,2008,30,2012;2017;2022,GEN,,17,yes,yes,1,NORTH GOA,1,agrees,,AC_list;coverage;urban_mapping
Goa,3686,Poriem,480,North Goa,18,18,PORIEM,2022,exact_name,1.0,2008,30,2012;2017;2022,GEN,,,,yes,1,NORTH GOA,1,agrees,,AC_list;coverage
Goa,3696,Valpoi,480,North Goa,19,19,VALPOI,2022,eci_code,1.0,2008,30,2012;2017;2022,GEN,,19,yes,yes,1,NORTH GOA,1,agrees,,AC_list;coverage;urban_mapping
Goa,3688,Priol,480,North Goa,20,20,PRIOL,2022,exact_name,1.0,2008,30,2012;2017;2022,GEN,,,,yes,1,NORTH GOA,1,agrees,,AC_list;coverage
Goa,3710,Ponda,481,South Goa,21,21,PONDA,2022,eci_code,1.0,2008,30,2012;2017;2022,GEN,,21,yes,yes,2,SOUTH GOA,2,agrees,,AC_list;coverage;urban_mapping
Goa,3714,Siroda,481,South Goa,22,22,SIRODA,2022,exact_name,1.0,2008,30,2012;2017;2022,GEN,,,,yes,2,SOUTH GOA,2,agrees,,AC_list;coverage
Goa,3705,Marcaim,481,South Goa,23,23,MARCAIM,2022,exact_name,1.0,2008,30,2012;2017;2022,GEN,,,,yes,2,SOUTH GOA,2,agrees,,AC_list;coverage
Goa,3707,Mormugao,481,South Goa,24,24,MORMUGAO,2022,eci_code,1.0,2008,30,2012;2017;2022,GEN,,24,yes,yes,2,SOUTH GOA,2,agrees,,AC_list;coverage;urban_mapping
Goa,3715,Vasco-da-gama,481,South Goa,25,25,VASCO-DA-GAMA,2022,exact_name,1.0,2008,30,2012;2017;2022,GEN,,,,yes,2,SOUTH GOA,2,agrees,,AC_list;coverage
Goa,3703,Dabolim,481,South Goa,26,26,DABOLIM,2022,exact_name,1.0,2008,30,2012;2017;2022,GEN,,,,yes,2,SOUTH GOA,2,agrees,,AC_list;coverage
Goa,3699,Cortalim,481,South Goa,27,27,CORTALIM,2022,exact_name,1.0,2008,30,2012;2017;2022,GEN,,,,yes,2,SOUTH GOA,2,agrees,,AC_list;coverage
Goa,3709,Nuvem,481,South Goa,28,28,NUVEM,2022,exact_name,1.0,2008,30,2012;2017;2022,GEN,,,,yes,2,SOUTH GOA,2,agrees,,AC_list;coverage
Goa,3702,Curtorim,481,South Goa,29,29,CURTORIM,2022,exact_name,1.0,2008,30,2012;2017;2022,GEN,,,,yes,2,SOUTH GOA,2,agrees,,AC_list;coverage
Goa,3704,Fatorda,481,South Goa,30,30,FATORDA,2022,exact_name,1.0,2008,30,2012;2017;2022,GEN,,,,yes,2,SOUTH GOA,2,agrees,,AC_list;coverage
Goa,3706,Margao,481,South Goa,31,31,MARGAO,2022,eci_code,1.0,2008,30,2012;2017;2022,GEN,,31,yes,yes,2,SOUTH GOA,2,agrees,,AC_list;coverage;urban_mapping
Goa,3697,Benaulim,481,South Goa,32,32,BENAULIM,2022,exact_name,1.0,2008,30,2012;2017;2022,GEN,,,,yes,2,SOUTH GOA,2,agrees,,AC_list;coverage
Goa,3708,Navelim,481,South Goa,33,33,NAVELIM,2022,exact_name,1.0,2008,30,2012;2017;2022,GEN,,,,yes,2,SOUTH GOA,2,agrees,,AC_list;coverage
Goa,3700,Cuncolim,481,South Goa,34,34,CUNCOLIM,2022,eci_code,1.0,2008,30,2012;2017;2022,GEN,,34,yes,yes,2,SOUTH GOA,2,agrees,,AC_list;coverage;urban_mapping
Goa,3716,Velim,481,South Goa,35,35,VELIM,2022,exact_name,1.0,2008,30,2012;2017;2022,GEN,,,,yes,2,SOUTH GOA,2,agrees,,AC_list;coverage
Goa,3711,Quepem,481,South Goa,36,36,QUEPEM,2022,eci_code,1.0,2008,30,2012;2017;2022,GEN,,36,yes,yes,2,SOUTH GOA,2,agrees,,AC_list;coverage;urban_mapping
Goa,3701,Curchorem,481,South Goa,37,37,CURCHOREM,2022,eci_code,1.0,2008,30,2012;2017;2022,GEN,,37,yes,yes,2,SOUTH GOA,2,agrees,,AC_list;coverage;urban_mapping
Goa,3713,Sanvordem,481,South Goa,38,38,SANVORDEM,2022,exact_name,1.0,2008,30,2012;2017;2022,GEN,,,,yes,2,SOUTH GOA,2,agrees,,AC_list;coverage
Goa,3712,Sanguem,481,South Goa,39,39,SANGUEM,2022,eci_code,1.0,2008,30,2012;2017;2022,GEN,,39,yes,yes,2,SOUTH GOA,2,agrees,,AC_list;coverage;urban_mapping
Goa,3698,Canacona,481,South Goa,40,40,CANACONA,2022,eci_code,1.0,2008,30,2012;2017;2022,GEN,,40,yes,yes,2,SOUTH GOA,2,agrees,,AC_list;coverage;urban_mapping
Gujarat,2780,Abdasa,347,Kachchh,1,1,ABDASA,2022,eci_code,1.0,2008,24,2012;2017;2022,GEN,,1,yes,yes,1,KACHCHH,1,agrees,,AC_list;coverage;urban_mapping
Gujarat,2784,Mandvi,347,Kachchh,2,2,MANDVI,2022,eci_code,1.0,2008,24,2012;2017;2022,GEN,,2,yes,yes,1,KACHCHH,1,agrees,,AC_list;coverage;urban_mapping
Gujarat,2782,Bhuj,347,Kachchh,3,3,BHUJ,2022,eci_code,1.0,2008,24,2012;2017;2022,GEN,,3,yes,yes,1,KACHCHH,1,agrees,,AC_list;coverage;urban_mapping
Gujarat,2781,Anjar,347,Kachchh,4,4,ANJAR,2022,eci_code,1.0,2008,24,2012;2017;2022,GEN,,4,yes,yes,1,KACHCHH,1,agrees,,AC_list;coverage;urban_mapping
Gujarat,2783,Gandhidham,347,Kachchh,5,5,GANDHIDHAM,2022,eci_code,1.0,2008,24,2012;2017;2022,SC,,5,yes,yes,1,KACHCHH,1,agrees,,AC_list;coverage;urban_mapping
Gujarat,2786,Rapar,347,Kachchh,6,6,RAPAR,2022,eci_code,1.0,2008,24,2012;2017;2022,GEN,,6,yes,yes,1,KACHCHH,1,agrees,,AC_list;coverage;urban_mapping
Gujarat,2723,Vav,338,Banaskantha,7,7,VAV,2022,eci_code,1.0,2008,24,2012;2017;2022,GEN,,7,yes,yes,2,BANASKANTHA,2,agrees,,AC_list;coverage;urban_mapping
Gujarat,2722,Tharad,338,Banaskantha,8,8,THARAD,2022,eci_code,1.0,2008,24,2012;2017;2022,GEN,,8,yes,yes,2,BANASKANTHA,2,agrees,,AC_list;coverage;urban_mapping
Gujarat,2720,Dhanera,338,Banaskantha,9,9,DHANERA,2022,eci_code,1.0,2008,24,2012;2017;2022,GEN,,9,yes,yes,2,BANASKANTHA,2,agrees,,AC_list;coverage;urban_mapping
Gujarat,2717,Danta,338,Banaskantha,10,10,DANTA,2022,exact_name,1.0,2008,24,2012;2017;2022,ST,,,,yes,2,BANASKANTHA,2,agrees,,AC_list;coverage
Gujarat,2821,Vadgam,352,Patan,11,11,VADGAM,2022,exact_name,1.0,2008,24,2012;2017;2022,SC,,,,yes,3,PATAN,3,agrees,,AC_list;coverage
Gujarat,2721,Palanpur,338,Banaskantha,12,12,PALANPUR,2022,eci_code,1.0,2008,24,2012;2017;2022,GEN,,12,yes,yes,2,BANASKANTHA,2,agrees,,AC_list;coverage;urban_mapping
Gujarat,2718,Deesa,338,Banaskantha,13,13,DEESA,2022,eci_code,1.0,2008,24,2012;2017;2022,GEN,,13,yes,yes,2,BANASKANTHA,2,agrees,,AC_list;coverage;urban_mapping
Gujarat,2719,Deodar,338,Banaskantha,14,14,DEODAR,2022,exact_name,1.0,2008,24,2012;2017;2022,GEN,,,,yes,2,BANASKANTHA,2,agrees,,AC_list;coverage
Gujarat,2816,Kankrej,352,Patan,15,15,KANKREJ,2022,eci_code,1.0,2008,24,2012;2017;2022,GEN,,15,yes,yes,3,PATAN,3,agrees,,AC_list;coverage;urban_mapping
Gujarat,2819,Radhanpur,352,Patan,16,16,RADHANPUR,2022,eci_code,1.0,2008,24,2012;2017;2022,GEN,,16,yes,yes,3,PATAN,3,agrees,,AC_list;coverage;urban_mapping
Gujarat,2815,Chanasma,352,Patan,17,17,CHANASMA,2022,eci_code,1.0,2008,24,2012;2017;2022,GEN,,17,yes,yes,3,PATAN,3,agrees,,AC_list;coverage;urban_mapping
Gujarat,2818,Patan,352,Patan,18,18,PATAN,2022,eci_code,1.0,2008,24,2012;2017;2022,GEN,,18,yes,yes,3,PATAN,3,agrees,,AC_list;coverage;urban_mapping
Gujarat,2820,Sidhpur,352,Patan,19,19,SIDHPUR,2022,eci_code,1.0,2008,24,2012;2017;2022,GEN,,19,yes,yes,3,PATAN,3,agrees,,AC_list;coverage;urban_mapping
Gujarat,2817,Kheralu,352,Patan,20,20,KHERALU,2022,eci_code,1.0,2008,24,2012;2017;2022,GEN,,20,yes,yes,3,PATAN,3,agrees,,AC_list;coverage;urban_mapping
Gujarat,2798,Unjha,349,Mahesana,21,21,UNJHA,2022,eci_code,1.0,2008,24,2012;2017;2022,GEN,,21,yes,yes,4,MAHESANA,4,agrees,,AC_list;coverage;urban_mapping
Gujarat,2800,Visnagar,349,Mahesana,22,22,VISNAGAR,2022,eci_code,1.0,2008,24,2012;2017;2022,GEN,,22,yes,yes,4,MAHESANA,4,agrees,,AC_list;coverage;urban_mapping
Gujarat,2794,Becharaji,349,Mahesana,23,23,BECHARAJI,2022,eci_code,1.0,2008,24,2012;2017;2022,GEN,,23,yes,yes,4,MAHESANA,4,agrees,,AC_list;coverage;urban_mapping
Gujarat,2795,Kadi,349,Mahesana,24,24,KADI,2022,eci_code,1.0,2008,24,2012;2017;2022,SC,,24,yes,yes,4,MAHESANA,4,agrees,,AC_list;coverage;urban_mapping
Gujarat,2796,Mahesana,349,Mahesana,25,25,MEHSANA,2022,eci_code,0.923,2008,24,2012;2017;2022,GEN,,25,yes,yes,4,MAHESANA,4,agrees,eci code; name spelled differently,AC_list;coverage;urban_mapping
Gujarat,2799,Vijapur,349,Mahesana,26,26,VIJAPUR,2022,eci_code,1.0,2008,24,2012;2017;2022,GEN,,26,yes,yes,4,MAHESANA,4,agrees,,AC_list;coverage;urban_mapping
Gujarat,2838,Himatnagar,355,Sabarkantha,27,27,HIMATNAGAR,2022,eci_code,1.0,2008,24,2012;2017;2022,GEN,,27,yes,yes,5,SABARKANTHA,5,agrees,,AC_list;coverage;urban_mapping
Gujarat,2839,Idar,355,Sabarkantha,28,28,IDAR,2022,eci_code,1.0,2008,24,2012;2017;2022,SC,,28,yes,yes,5,SABARKANTHA,5,agrees,,AC_list;coverage;urban_mapping
Gujarat,2840,Khedbrahma,355,Sabarkantha,29,29,KHEDBRAHMA,2022,eci_code,1.0,2008,24,2012;2017;2022,ST,,29,yes,yes,5,SABARKANTHA,5,agrees,,AC_list;coverage;urban_mapping
Gujarat,2837,Bhiloda,355,Sabarkantha,30,30,BHILODA,2022,exact_name,1.0,2008,24,2012;2017;2022,ST,,,,yes,5,SABARKANTHA,5,agrees,,AC_list;coverage
Gujarat,2841,Modasa,355,Sabarkantha,31,31,MODASA,2022,eci_code,1.0,2008,24,2012;2017;2022,GEN,,31,yes,yes,5,SABARKANTHA,5,agrees,,AC_list;coverage;urban_mapping
Gujarat,2836,Bayad,355,Sabarkantha,32,32,BAYAD,2022,eci_code,1.0,2008,24,2012;2017;2022,GEN,,32,yes,yes,5,SABARKANTHA,5,agrees,,AC_list;coverage;urban_mapping
Gujarat,2842,Prantij,355,Sabarkantha,33,33,PRANTIJ,2022,eci_code,1.0,2008,24,2012;2017;2022,GEN,,33,yes,yes,5,SABARKANTHA,5,agrees,,AC_list;coverage;urban_mapping
Gujarat,2690,Dehgam,334,Ahmedabad East,34,34,DEHGAM,2022,eci_code,1.0,2008,24,2012;2017;2022,GEN,,34,yes,yes,7,AHMEDABAD EAST,7,agrees,,AC_list;coverage;urban_mapping
Gujarat,2691,Gandhinagar South,334,Ahmedabad East,35,35,GANDHINAGAR SOUTH,2022,exact_name,1.0,2008,24,2012;2017;2022,GEN,,,,yes,7,AHMEDABAD EAST,7,agrees,,AC_list;coverage
Gujarat,2759,Gandhinagar North,344,Gandhinagar,36,36,GANDHINAGAR NORTH,2022,eci_code,1.0,2008,24,2012;2017;2022,GEN,,36,yes,yes,6,GANDHINAGAR,6,agrees,,AC_list;coverage;urban_mapping
Gujarat,2797,Mansa,349,Mahesana,37,37,MANSA,2022,eci_code,1.0,2008,24,2012;2017;2022,GEN,,37,yes,yes,4,MAHESANA,4,agrees,,AC_list;coverage;urban_mapping
Gujarat,2761,Kalol,344,Gandhinagar,38,38,KALOL,2022,eci_code,1.0,2008,24,2012;2017;2022,GEN,,38,yes,yes,6,GANDHINAGAR,6,agrees,,AC_list;coverage;urban_mapping
Gujarat,2855,Viramgam,357,Surendranagar,39,39,VIRAMGAM,2022,eci_code,1.0,2008,24,2012;2017;2022,GEN,,39,yes,yes,9,SURENDRANAGAR,9,agrees,,AC_list;coverage;urban_mapping
Gujarat,2764,Sanand,344,Gandhinagar,40,40,SANAND,2022,eci_code,1.0,2008,24,2012;2017;2022,GEN,,40,yes,yes,6,GANDHINAGAR,6,agrees,,AC_list;coverage;urban_mapping
Gujarat,2760,Ghatlodia,344,Gandhinagar,41,41,GHATLODIA,2022,exact_name,1.0,2008,24,2012;2017;2022,GEN,,,,yes,6,GANDHINAGAR,6,agrees,,AC_list;coverage
Gujarat,2765,Vejalpur,344,Gandhinagar,42,42,VEJALPUR,2022,eci_code,1.0,2008,24,2012;2017;2022,GEN,,42,yes,yes,6,GANDHINAGAR,6,agrees,,AC_list;coverage;urban_mapping
Gujarat,2695,Vatva,334,Ahmedabad East,43,43,VATVA,2022,eci_code,1.0,2008,24,2012;2017;2022,GEN,,43,yes,yes,7,AHMEDABAD EAST,7,agrees,,AC_list;coverage;urban_mapping
Gujarat,2700,Ellisbridge,335,Ahmedabad West,44,44,ELLIS BRIDGE,2022,eci_code,1.0,2008,24,2012;2017;2022,GEN,,44,yes,yes,8,AHMEDABAD WEST,8,agrees,,AC_list;coverage;urban_mapping
Gujarat,2762,Naranpura,344,Gandhinagar,45,45,NARANPURA,2022,eci_code,1.0,2008,24,2012;2017;2022,GEN,,45,yes,yes,6,GANDHINAGAR,6,agrees,,AC_list;coverage;urban_mapping
Gujarat,2693,Nikol,334,Ahmedabad East,46,46,NIKOL,2022,eci_code,1.0,2008,24,2012;2017;2022,GEN,,46,yes,yes,7,AHMEDABAD EAST,7,agrees,,AC_list;coverage;urban_mapping
Gujarat,2692,Naroda,334,Ahmedabad East,47,47,NARODA,2022,eci_code,1.0,2008,24,2012;2017;2022,GEN,,47,yes,yes,7,AHMEDABAD EAST,7,agrees,,AC_list;coverage;urban_mapping
Gujarat,2694,Thakkarbapa Nagar,334,Ahmedabad East,48,48,THAKKARBAPA NAGAR,2022,eci_code,1.0,2008,24,2012;2017;2022,GEN,,48,yes,yes,7,AHMEDABAD EAST,7,agrees,,AC_list;coverage;urban_mapping
Gujarat,2689,Bapunagar,334,Ahmedabad East,49,49,BAPUNAGAR,2022,eci_code,1.0,2008,24,2012;2017;2022,GEN,,49,yes,yes,7,AHMEDABAD EAST,7,agrees,,AC_list;coverage;urban_mapping
Gujarat,2696,Amraiwadi,335,Ahmedabad West,50,50,AMRAIWADI,2022,eci_code,1.0,2008,24,2012;2017;2022,GEN,,50,yes,yes,8,AHMEDABAD WEST,8,agrees,,AC_list;coverage;urban_mapping
Gujarat,2699,Dariapur,335,Ahmedabad West,51,51,DARIAPUR,2022,eci_code,1.0,2008,24,2012;2017;2022,GEN,,51,yes,yes,8,AHMEDABAD WEST,8,agrees,,AC_list;coverage;urban_mapping
Gujarat,2701,Jamalpur - Khadia,335,Ahmedabad West,52,52,JAMALPUR-KHADIA,2022,exact_name,1.0,2008,24,2012;2017;2022,GEN,,,,yes,8,AHMEDABAD WEST,8,agrees,,AC_list
Gujarat,2702,Maninagar,335,Ahmedabad West,53,53,MANINAGAR,2022,eci_code,1.0,2008,24,2012;2017;2022,GEN,,53,yes,yes,8,AHMEDABAD WEST,8,agrees,,AC_list;coverage;urban_mapping
Gujarat,2698,Danilimda,335,Ahmedabad West,54,54,DANILIMDA,2022,eci_code,1.0,2008,24,2012;2017;2022,SC,,54,yes,yes,8,AHMEDABAD WEST,8,agrees,,AC_list;coverage;urban_mapping
Gujarat,2763,Sabarmati,344,Gandhinagar,55,55,SABARMATI,2022,eci_code,1.0,2008,24,2012;2017;2022,GEN,,55,yes,yes,6,GANDHINAGAR,6,agrees,,AC_list;coverage;urban_mapping
Gujarat,2697,Asarwa,335,Ahmedabad West,56,56,ASARWA,2022,exact_name,1.0,2008,24,2012;2017;2022,SC,,,,yes,8,AHMEDABAD WEST,8,agrees,,AC_list;coverage
Gujarat,2787,Daskroi,348,Kheda,57,57,DASKROI,2022,eci_code,1.0,2008,24,2012;2017;2022,GEN,,57,yes,yes,17,KHEDA,17,agrees,,AC_list;coverage;urban_mapping
Gujarat,2788,Dholka,348,Kheda,58,58,DHOLKA,2022,eci_code,1.0,2008,24,2012;2017;2022,GEN,,58,yes,yes,17,KHEDA,17,agrees,,AC_list;coverage;urban_mapping
Gujarat,2852,Dhandhuka,357,Surendranagar,59,59,DHANDHUKA,2022,eci_code,1.0,2008,24,2012;2017;2022,GEN,,59,yes,yes,9,SURENDRANAGAR,9,agrees,,AC_list;coverage;urban_mapping
Gujarat,2851,Dasada,357,Surendranagar,60,60,DASADA,2022,eci_code,1.0,2008,24,2012;2017;2022,SC,,60,yes,yes,9,SURENDRANAGAR,9,agrees,,AC_list;coverage;urban_mapping
Gujarat,2854,Limbdi,357,Surendranagar,61,61,LIMBDI,2022,eci_code,1.0,2008,24,2012;2017;2022,GEN,,61,yes,yes,9,SURENDRANAGAR,9,agrees,,AC_list;coverage;urban_mapping
Gujarat,2856,Wadhwan,357,Surendranagar,62,62,WADHWAN,2022,exact_name,1.0,2008,24,2012;2017;2022,GEN,,,,yes,9,SURENDRANAGAR,9,agrees,,AC_list;coverage
Gujarat,2850,Chotila,357,Surendranagar,63,63,CHOTILA,2022,eci_code,1.0,2008,24,2012;2017;2022,GEN,,63,yes,yes,9,SURENDRANAGAR,9,agrees,,AC_list;coverage;urban_mapping
Gujarat,2853,Dhrangadhra,357,Surendranagar,64,64,DHRANGADHRA,2022,eci_code,1.0,2008,24,2012;2017;2022,GEN,,64,yes,yes,9,SURENDRANAGAR,9,agrees,,AC_list;coverage;urban_mapping
Gujarat,2785,Morbi,354,Rajkot,65,65,MORVI,2022,eci_code,0.8,2008,24,2012;2017;2022,GEN,,65,yes,yes,1,KACHCHH,10,differs,eci code; name spelled differently,AC_list;coverage;urban_mapping
Gujarat,2834,Tankara,354,Rajkot,66,66,TANKARA,2022,eci_code,1.0,2008,24,2012;2017;2022,GEN,,66,yes,yes,10,RAJKOT,10,agrees,,AC_list;coverage;urban_mapping
Gujarat,2835,Wankaner,354,Rajkot,67,67,WANKANER,2022,eci_code,1.0,2008,24,2012;2017;2022,GEN,,67,yes,yes,10,RAJKOT,10,agrees,,AC_list;coverage;urban_mapping
Gujarat,2830,Rajkot East,354,Rajkot,68,68,RAJKOT EAST,2022,eci_code,1.0,2008,24,2012;2017;2022,GEN,,68,yes,yes,10,RAJKOT,10,agrees,,AC_list;coverage;urban_mapping
Gujarat,2833,Rajkot West,354,Rajkot,69,69,RAJKOT WEST,2022,eci_code,1.0,2008,24,2012;2017;2022,GEN,,69,yes,yes,10,RAJKOT,10,agrees,,AC_list;coverage;urban_mapping
Gujarat,2832,Rajkot South,354,Rajkot,70,70,RAJKOT SOUTH,2022,eci_code,1.0,2008,24,2012;2017;2022,GEN,,70,yes,yes,10,RAJKOT,10,agrees,,AC_list;coverage;urban_mapping
Gujarat,2831,Rajkot Rural,354,Rajkot,71,71,RAJKOT RURAL,2022,exact_name,1.0,2008,24,2012;2017;2022,SC,,,,yes,10,RAJKOT,10,agrees,,AC_list;coverage
Gujarat,2829,Jasdan,354,Rajkot,72,72,JASDAN,2022,eci_code,1.0,2008,24,2012;2017;2022,GEN,,72,yes,yes,10,RAJKOT,10,agrees,,AC_list;coverage;urban_mapping
Gujarat,2823,Gondal,353,Porbandar,73,73,GONDAL,2022,eci_code,1.0,2008,24,2012;2017;2022,GEN,,73,yes,yes,11,PORBANDAR,11,agrees,,AC_list;coverage;urban_mapping
Gujarat,2824,Jetpur,353,Porbandar,74,74,JETPUR,2022,eci_code,1.0,2008,24,2012;2017;2022,GEN,,74,yes,yes,11,PORBANDAR,11,agrees,,AC_list;coverage;urban_mapping
Gujarat,2822,Dhoraji,353,Porbandar,75,75,DHORAJI,2022,eci_code,1.0,2008,24,2012;2017;2022,GEN,,75,yes,yes,11,PORBANDAR,11,agrees,,AC_list;coverage;urban_mapping
Gujarat,2771,Kalavad,345,Jamnagar,76,76,KALAWAD,2022,eci_code,1.0,2008,24,2012;2017;2022,SC,,76,yes,yes,12,JAMNAGAR,12,agrees,eci code; name spelled differently,AC_list;coverage;urban_mapping
Gujarat,2770,Jamnagr Rural,345,Jamnagar,77,77,JAMNAGAR RURAL,2022,eci_code,0.96,2008,24,2012;2017;2022,GEN,,77,yes,yes,12,JAMNAGAR,12,agrees,eci code; name spelled differently,AC_list;coverage;urban_mapping
Gujarat,2768,Jamnagar North,345,Jamnagar,78,78,JAMNAGAR NORTH,2022,eci_code,1.0,2008,24,2012;2017;2022,GEN,,78,yes,yes,12,JAMNAGAR,12,agrees,,AC_list;coverage;urban_mapping
Gujarat,2769,Jamnagar South,345,Jamnagar,79,79,JAMNAGAR SOUTH,2022,eci_code,1.0,2008,24,2012;2017;2022,GEN,,79,yes,yes,12,JAMNAGAR,12,agrees,,AC_list;coverage;urban_mapping
Gujarat,2767,Jamjodhpur,345,Jamnagar,80,80,JAMJODHPUR,2022,eci_code,1.0,2008,24,2012;2017;2022,GEN,,80,yes,yes,12,JAMNAGAR,12,agrees,,AC_list;coverage;urban_mapping
Gujarat,2772,Khambhalia,345,Jamnagar,81,81,KHAMBHALIA,2022,eci_code,1.0,2008,24,2012;2017;2022,GEN,,81,yes,yes,12,JAMNAGAR,12,agrees,,AC_list;coverage;urban_mapping
Gujarat,2766,Dwarka,345,Jamnagar,82,82,DWARKA,2022,eci_code,1.0,2008,24,2012;2017;2022,GEN,,82,yes,yes,12,JAMNAGAR,12,agrees,,AC_list;coverage;urban_mapping
Gujarat,2828,Porbandar,353,Porbandar,83,83,PORBANDAR,2022,eci_code,1.0,2008,24,2012;2017;2022,GEN,,83,yes,yes,11,PORBANDAR,11,agrees,,AC_list;coverage;urban_mapping
Gujarat,2826,Kutiyana,353,Porbandar,84,84,KUTIYANA,2022,eci_code,1.0,2008,24,2012;2017;2022,GEN,,84,yes,yes,11,PORBANDAR,11,agrees,,AC_list;coverage;urban_mapping
Gujarat,2827,Manavadar,353,Porbandar,85,85,MANAVADAR,2022,eci_code,1.0,2008,24,2012;2017;2022,GEN,,85,yes,yes,11,PORBANDAR,11,agrees,,AC_list;coverage;urban_mapping
Gujarat,2773,Junagadh,346,Junagadh,86,86,JUNAGADH,2022,eci_code,1.0,2008,24,2012;2017;2022,GEN,,86,yes,yes,13,JUNAGADH,13,agrees,,AC_list;coverage;urban_mapping
Gujarat,2779,Visavadar,346,Junagadh,87,87,VISAVADAR,2022,eci_code,1.0,2008,24,2012;2017;2022,GEN,,87,yes,yes,13,JUNAGADH,13,agrees,,AC_list;coverage;urban_mapping
Gujarat,2825,Keshod,353,Porbandar,88,88,KESHOD,2022,eci_code,1.0,2008,24,2012;2017;2022,GEN,,88,yes,yes,11,PORBANDAR,11,agrees,,AC_list;coverage;urban_mapping
Gujarat,2775,Mangrol,346,Junagadh,89,89,MANGROL,2022,eci_code,1.0,2008,24,2012;2017;2022,GEN,,89,yes,yes,13,JUNAGADH,13,agrees,,AC_list;coverage;urban_mapping
Gujarat,2776,Somnath,346,Junagadh,90,90,SOMNATH,2022,eci_code,1.0,2008,24,2012;2017;2022,GEN,,90,yes,yes,13,JUNAGADH,13,agrees,,AC_list;coverage;urban_mapping
Gujarat,2777,Talala,346,Junagadh,91,91,TALALA,2022,eci_code,1.0,2008,24,2012;2017;2022,GEN,,91,yes,yes,13,JUNAGADH,13,agrees,,AC_list;coverage;urban_mapping
Gujarat,2774,Kodinar,346,Junagadh,92,92,KODINAR,2022,eci_code,1.0,2008,24,2012;2017;2022,SC,,92,yes,yes,13,JUNAGADH,13,agrees,,AC_list;coverage;urban_mapping
Gujarat,2778,Una,346,Junagadh,93,93,UNA,2022,eci_code,1.0,2008,24,2012;2017;2022,GEN,,93,yes,yes,13,JUNAGADH,13,agrees,,AC_list;coverage;urban_mapping
Gujarat,2704,Dhari,336,Amreli,94,94,DHARI,2022,eci_code,1.0,2008,24,2012;2017;2022,GEN,,94,yes,yes,14,AMRELI,14,agrees,,AC_list;coverage;urban_mapping
Gujarat,2703,Amreli,336,Amreli,95,95,AMRELI,2022,eci_code,1.0,2008,24,2012;2017;2022,GEN,,95,yes,yes,14,AMRELI,14,agrees,,AC_list;coverage;urban_mapping
Gujarat,2706,Lathi,336,Amreli,96,96,LATHI,2022,eci_code,1.0,2008,24,2012;2017;2022,GEN,,96,yes,yes,14,AMRELI,14,agrees,,AC_list;coverage;urban_mapping
Gujarat,2709,Savarkundla,336,Amreli,97,97,SAVARKUNDLA,2022,eci_code,1.0,2008,24,2012;2017;2022,GEN,,97,yes,yes,14,AMRELI,14,agrees,,AC_list;coverage;urban_mapping
Gujarat,2708,Rajula,336,Amreli,98,98,RAJULA,2022,eci_code,1.0,2008,24,2012;2017;2022,GEN,,98,yes,yes,14,AMRELI,14,agrees,,AC_list;coverage;urban_mapping
Gujarat,2707,Mahuva,336,Amreli,99,99,MAHUVA,2022,exact_name,1.0,2008,24,2012;2017;2022,GEN,,,,yes,14,AMRELI,14,agrees,,AC_list;coverage
Gujarat,2744,Talaja,341,Bhavnagar,100,100,TALAJA,2022,eci_code,1.0,2008,24,2012;2017;2022,GEN,,100,yes,yes,15,BHAVNAGAR,15,agrees,,AC_list;coverage;urban_mapping
Gujarat,2705,Gariadhar,336,Amreli,101,101,GARIADHAR,2022,eci_code,1.0,2008,24,2012;2017;2022,GEN,,101,yes,yes,14,AMRELI,14,agrees,,AC_list;coverage;urban_mapping
Gujarat,2743,Palitana,341,Bhavnagar,102,102,PALITANA,2022,eci_code,1.0,2008,24,2012;2017;2022,GEN,,102,yes,yes,15,BHAVNAGAR,15,agrees,,AC_list;coverage;urban_mapping
Gujarat,2739,Bhavnagar Rural,341,Bhavnagar,103,103,BHAVNAGAR RURAL,2022,eci_code,1.0,2008,24,2012;2017;2022,GEN,,103,yes,yes,15,BHAVNAGAR,15,agrees,,AC_list;coverage;urban_mapping
Gujarat,2738,Bhavnagar East,341,Bhavnagar,104,104,BHAVNAGAR EAST,2022,eci_code,1.0,2008,24,2012;2017;2022,GEN,,104,yes,yes,15,BHAVNAGAR,15,agrees,,AC_list;coverage;urban_mapping
Gujarat,2740,Bhavnagar West,341,Bhavnagar,105,105,BHAVNAGAR WEST,2022,eci_code,1.0,2008,24,2012;2017;2022,GEN,,105,yes,yes,15,BHAVNAGAR,15,agrees,,AC_list;coverage;urban_mapping
Gujarat,2742,Gadhada,341,Bhavnagar,106,106,GADHADA,2022,eci_code,1.0,2008,24,2012;2017;2022,SC,,106,yes,yes,15,BHAVNAGAR,15,agrees,,AC_list;coverage;urban_mapping
Gujarat,2741,Botad,341,Bhavnagar,107,107,BOTAD,2022,eci_code,1.0,2008,24,2012;2017;2022,GEN,,107,yes,yes,15,BHAVNAGAR,15,agrees,,AC_list;coverage;urban_mapping
Gujarat,2713,Khambhat,337,Anand,108,108,KHAMBHAT,2022,eci_code,1.0,2008,24,2012;2017;2022,GEN,,108,yes,yes,16,ANAND,16,agrees,,AC_list;coverage;urban_mapping
Gujarat,2712,Borsad,337,Anand,109,109,BORSAD,2022,eci_code,1.0,2008,24,2012;2017;2022,GEN,,109,yes,yes,16,ANAND,16,agrees,,AC_list;coverage;urban_mapping
Gujarat,2711,Anklav,337,Anand,110,110,ANKLAV,2022,eci_code,1.0,2008,24,2012;2017;2022,GEN,,110,yes,yes,16,ANAND,16,agrees,,AC_list;coverage;urban_mapping
Gujarat,2716,Umreth,337,Anand,111,111,UMRETH,2022,eci_code,1.0,2008,24,2012;2017;2022,GEN,,111,yes,yes,16,ANAND,16,agrees,,AC_list;coverage;urban_mapping
Gujarat,2710,Anand,337,Anand,112,112,ANAND,2022,eci_code,1.0,2008,24,2012;2017;2022,GEN,,112,yes,yes,16,ANAND,16,agrees,,AC_list;coverage;urban_mapping
Gujarat,2714,Petlad,337,Anand,113,113,PETLAD,2022,eci_code,1.0,2008,24,2012;2017;2022,GEN,,113,yes,yes,16,ANAND,16,agrees,,AC_list;coverage;urban_mapping
Gujarat,2715,Sojitra,337,Anand,114,114,SOJITRA,2022,eci_code,1.0,2008,24,2012;2017;2022,GEN,,114,yes,yes,16,ANAND,16,agrees,,AC_list;coverage;urban_mapping
Gujarat,2791,Matar,348,Kheda,115,115,MATAR,2022,eci_code,1.0,2008,24,2012;2017;2022,GEN,,115,yes,yes,17,KHEDA,17,agrees,,AC_list;coverage;urban_mapping
Gujarat,2793,Nadiad,348,Kheda,116,116,NADIAD,2022,eci_code,1.0,2008,24,2012;2017;2022,GEN,,116,yes,yes,17,KHEDA,17,agrees,,AC_list;coverage;urban_mapping
Gujarat,2792,Mehmedabad,348,Kheda,117,117,MEHEMDABAD,2022,eci_code,0.941,2008,24,2012;2017;2022,GEN,,117,yes,yes,17,KHEDA,17,agrees,eci code; name spelled differently,AC_list;coverage;urban_mapping
Gujarat,2790,Mahudha,348,Kheda,118,118,MAHUDHA,2022,eci_code,1.0,2008,24,2012;2017;2022,GEN,,118,yes,yes,17,KHEDA,17,agrees,,AC_list;coverage;urban_mapping
Gujarat,2814,Thasra,351,Panchmahal,119,119,THASRA,2022,eci_code,1.0,2008,24,2012;2017;2022,GEN,,119,yes,yes,18,PANCHMAHAL,18,agrees,,AC_list;coverage;urban_mapping
Gujarat,2789,Kapadvanj,348,Kheda,120,120,KAPADWANJ,2022,eci_code,1.0,2008,24,2012;2017;2022,GEN,,120,yes,yes,17,KHEDA,17,agrees,eci code; name spelled differently,AC_list;coverage;urban_mapping
Gujarat,2808,Balasinor,351,Panchmahal,121,121,BALASINOR,2022,eci_code,1.0,2008,24,2012;2017;2022,GEN,,121,yes,yes,18,PANCHMAHAL,18,agrees,,AC_list;coverage;urban_mapping
Gujarat,2811,Lunawada,351,Panchmahal,122,122,LUNAWADA,2022,eci_code,1.0,2008,24,2012;2017;2022,GEN,,122,yes,yes,18,PANCHMAHAL,18,agrees,,AC_list;coverage;urban_mapping
Gujarat,2758,Santrampur,343,Dahod,123,123,SANTRAMPUR,2022,eci_code,1.0,2008,24,2012;2017;2022,ST,,123,yes,yes,19,DAHOD,19,agrees,,AC_list;coverage;urban_mapping
Gujarat,2813,Shehra,351,Panchmahal,124,124,SHEHRA,2022,eci_code,1.0,2008,24,2012;2017;2022,GEN,,124,yes,yes,18,PANCHMAHAL,18,agrees,,AC_list;coverage;urban_mapping
Gujarat,2812,Morva hadaf,351,Panchmahal,125,125,MORVA HADAF,2022,exact_name,1.0,2008,24,2012;2017;2022,ST,,,,yes,18,PANCHMAHAL,18,agrees,,AC_list;coverage
Gujarat,2809,Godhra,351,Panchmahal,126,126,GODHRA,2022,eci_code,1.0,2008,24,2012;2017;2022,GEN,,126,yes,yes,18,PANCHMAHAL,18,agrees,,AC_list;coverage;urban_mapping
Gujarat,2810,Kalol,351,Panchmahal,127,127,KALOL,2022,eci_code,1.0,2008,24,2012;2017;2022,GEN,,127,yes,yes,18,PANCHMAHAL,18,agrees,,AC_list;coverage;urban_mapping
Gujarat,2747,Halol,342,Chhota Udaipur,128,128,HALOL,2022,eci_code,1.0,2008,24,2012;2017;2022,GEN,,128,yes,yes,21,CHHOTA UDAIPUR,21,agrees,,AC_list;coverage;urban_mapping
Gujarat,2754,Fatepura,343,Dahod,129,129,FATEPURA,2022,exact_name,1.0,2008,24,2012;2017;2022,ST,,,,yes,19,DAHOD,19,agrees,,AC_list;coverage
Gujarat,2756,Jhalod,343,Dahod,130,130,JHALOD,2022,eci_code,1.0,2008,24,2012;2017;2022,ST,,130,yes,yes,19,DAHOD,19,agrees,,AC_list;coverage;urban_mapping
Gujarat,2757,Limkheda,343,Dahod,131,131,LIMKHEDA,2022,exact_name,1.0,2008,24,2012;2017;2022,ST,,,,yes,19,DAHOD,19,agrees,,AC_list;coverage
Gujarat,2752,Dahod,343,Dahod,132,132,DAHOD,2022,eci_code,1.0,2008,24,2012;2017;2022,ST,,132,yes,yes,19,DAHOD,19,agrees,,AC_list;coverage;urban_mapping
Gujarat,2755,Garbada,343,Dahod,133,133,GARBADA,2022,exact_name,1.0,2008,24,2012;2017;2022,ST,,,,yes,19,DAHOD,19,agrees,,AC_list;coverage
Gujarat,2753,Devgadbaria,343,Dahod,134,134,DEVGADH BARIA,2022,eci_code,1.0,2008,24,2012;2017;2022,GEN,,134,yes,yes,19,DAHOD,19,agrees,eci code; name spelled differently,AC_list;coverage;urban_mapping
Gujarat,2860,Savli,358,Vadodara,135,135,SAVLI,2022,eci_code,1.0,2008,24,2012;2017;2022,GEN,,135,yes,yes,20,VADODARA,20,agrees,,AC_list;coverage;urban_mapping
Gujarat,2863,Vaghodia,358,Vadodara,136,136,VAGHODIA,2022,eci_code,1.0,2008,24,2012;2017;2022,GEN,,136,yes,yes,20,VADODARA,20,agrees,,AC_list;coverage;urban_mapping
Gujarat,2745,Chhota Udaipur,342,Chhota Udaipur,137,137,CHHOTA UDAIPUR,2022,eci_code,1.0,2008,24,2012;2017;2022,ST,,137,yes,yes,21,CHHOTA UDAIPUR,21,agrees,,AC_list;coverage;urban_mapping
Gujarat,2748,Jetpur,342,Chhota Udaipur,138,138,JETPUR (ST),2022,exact_name,1.0,2008,24,2012;2017;2022,ST,,,,yes,21,CHHOTA UDAIPUR,21,agrees,,AC_list;coverage
Gujarat,2751,Sankheda,342,Chhota Udaipur,139,139,SANKHEDA,2022,exact_name,1.0,2008,24,2012;2017;2022,ST,,,,yes,21,CHHOTA UDAIPUR,21,agrees,,AC_list;coverage
Gujarat,2746,Dabhoi,342,Chhota Udaipur,140,140,DABHOI,2022,eci_code,1.0,2008,24,2012;2017;2022,GEN,,140,yes,yes,21,CHHOTA UDAIPUR,21,agrees,,AC_list;coverage;urban_mapping
Gujarat,2862,Vadodara City,358,Vadodara,141,141,VADODARA CITY,2022,eci_code,1.0,2008,24,2012;2017;2022,SC,,141,yes,yes,20,VADODARA,20,agrees,,AC_list;coverage;urban_mapping
Gujarat,2861,Sayajigunj,358,Vadodara,142,142,SAYAJIGANJ,2022,fuzzy,0.9,2008,24,2012;2017;2022,GEN,,,,yes,20,VADODARA,20,agrees,similarity; PC agrees; consonant skeleton equal,AC_list;coverage
Gujarat,2857,Akota,358,Vadodara,143,143,AKOTA,2022,exact_name,1.0,2008,24,2012;2017;2022,GEN,,,,yes,20,VADODARA,20,agrees,,AC_list;coverage
Gujarat,2859,Raopura,358,Vadodara,144,144,RAOPURA,2022,exact_name,1.0,2008,24,2012;2017;2022,GEN,,,,yes,20,VADODARA,20,agrees,,AC_list;coverage
Gujarat,2858,Manjalpur,358,Vadodara,145,145,MANJALPUR,2022,exact_name,1.0,2008,24,2012;2017;2022,GEN,,,,yes,20,VADODARA,20,agrees,,AC_list;coverage
Gujarat,2750,Padra,342,Chhota Udaipur,146,146,PADRA,2022,eci_code,1.0,2008,24,2012;2017;2022,GEN,,146,yes,yes,21,CHHOTA UDAIPUR,21,agrees,,AC_list;coverage;urban_mapping
Gujarat,2736,Karjan,340,Bharuch,147,147,KARJAN,2022,eci_code,1.0,2008,24,2012;2017;2022,GEN,,147,yes,yes,22,BHARUCH,22,agrees,,AC_list;coverage;urban_mapping
Gujarat,2749,Nandod,342,Chhota Udaipur,148,148,NANDOD,2022,eci_code,1.0,2008,24,2012;2017;2022,ST,,148,yes,yes,21,CHHOTA UDAIPUR,21,agrees,,AC_list;coverage;urban_mapping
Gujarat,2733,Dediapada,340,Bharuch,149,149,DEDIAPADA,2022,exact_name,1.0,2008,24,2012;2017;2022,ST,,,,yes,22,BHARUCH,22,agrees,,AC_list;coverage
Gujarat,2734,Jambusar,340,Bharuch,150,150,JAMBUSAR,2022,eci_code,1.0,2008,24,2012;2017;2022,GEN,,150,yes,yes,22,BHARUCH,22,agrees,,AC_list;coverage;urban_mapping
Gujarat,2737,Vagra,340,Bharuch,151,151,VAGRA,2022,exact_name,1.0,2008,24,2012;2017;2022,GEN,,,,yes,22,BHARUCH,22,agrees,,AC_list;coverage
Gujarat,2735,Jhagadia,340,Bharuch,152,152,JHAGADIA,2022,exact_name,1.0,2008,24,2012;2017;2022,ST,,,,yes,22,BHARUCH,22,agrees,,AC_list;coverage
Gujarat,2732,Bharuch,340,Bharuch,153,153,BHARUCH,2022,eci_code,1.0,2008,24,2012;2017;2022,GEN,,153,yes,yes,22,BHARUCH,22,agrees,,AC_list;coverage;urban_mapping
Gujarat,2731,Ankleshwar,340,Bharuch,154,154,ANKLESHWAR,2022,eci_code,1.0,2008,24,2012;2017;2022,GEN,,154,yes,yes,22,BHARUCH,22,agrees,,AC_list;coverage;urban_mapping
Gujarat,2845,Olpad,356,Surat,155,155,OLPAD,2022,exact_name,1.0,2008,24,2012;2017;2022,GEN,,,,yes,24,SURAT,24,agrees,,AC_list;coverage
Gujarat,2728,Mangrol,339,Bardoli,156,156,MANGROL (ST),2022,exact_name,1.0,2008,24,2012;2017;2022,ST,,,,yes,23,BARDOLI,23,agrees,,AC_list;coverage
Gujarat,2727,Mandvi,339,Bardoli,157,157,MANDVI (ST),2022,exact_name,1.0,2008,24,2012;2017;2022,ST,,,,yes,23,BARDOLI,23,agrees,,AC_list;coverage
Gujarat,2725,Kamrej,339,Bardoli,158,158,KAMREJ,2022,exact_name,1.0,2008,24,2012;2017;2022,GEN,,,,yes,23,BARDOLI,23,agrees,,AC_list;coverage
Gujarat,2846,Surat East,356,Surat,159,159,SURAT EAST,2022,eci_code,1.0,2008,24,2012;2017;2022,GEN,,159,yes,yes,24,SURAT,24,agrees,,AC_list;coverage;urban_mapping
Gujarat,2847,Surat North,356,Surat,160,160,SURAT NORTH,2022,eci_code,1.0,2008,24,2012;2017;2022,GEN,,160,yes,yes,24,SURAT,24,agrees,,AC_list;coverage;urban_mapping
Gujarat,2849,Varachha Road,356,Surat,161,161,VARACHHA ROAD,2022,eci_code,1.0,2008,24,2012;2017;2022,GEN,,161,yes,yes,24,SURAT,24,agrees,,AC_list;coverage;urban_mapping
Gujarat,2843,Karanj,356,Surat,162,162,KARANJ,2022,exact_name,1.0,2008,24,2012;2017;2022,GEN,,,,yes,24,SURAT,24,agrees,,AC_list;coverage
Gujarat,2804,Limbayat,350,Navsari,163,163,LIMBAYAT,2022,exact_name,1.0,2008,24,2012;2017;2022,GEN,,,,yes,25,NAVSARI,25,agrees,,AC_list;coverage
Gujarat,2807,Udhna,350,Navsari,164,164,UDHNA,2022,exact_name,1.0,2008,24,2012;2017;2022,GEN,,,,yes,25,NAVSARI,25,agrees,,AC_list;coverage
Gujarat,2805,Majura,350,Navsari,165,165,MAJURA,2022,eci_code,1.0,2008,24,2012;2017;2022,GEN,,165,yes,yes,25,NAVSARI,25,agrees,,AC_list;coverage;urban_mapping
Gujarat,2844,Katargam,356,Surat,166,166,KATARGAM,2022,exact_name,1.0,2008,24,2012;2017;2022,GEN,,,,yes,24,SURAT,24,agrees,,AC_list;coverage
Gujarat,2848,Surat West,356,Surat,167,167,SURAT WEST,2022,eci_code,1.0,2008,24,2012;2017;2022,GEN,,167,yes,yes,24,SURAT,24,agrees,,AC_list;coverage;urban_mapping
Gujarat,2801,Choryasi,350,Navsari,168,168,CHORASI,2022,fuzzy,0.933,2008,24,2012;2017;2022,GEN,,,,yes,25,NAVSARI,25,agrees,similarity; PC agrees; consonant skeleton equal,AC_list;coverage
Gujarat,2724,Bardoli,339,Bardoli,169,169,BARDOLI,2022,eci_code,1.0,2008,24,2012;2017;2022,SC,,169,yes,yes,23,BARDOLI,23,agrees,,AC_list;coverage;urban_mapping
Gujarat,2726,Mahuva,339,Bardoli,170,170,MAHUVA (ST),2022,eci_code,1.0,2008,24,2012;2017;2022,ST,,170,yes,yes,23,BARDOLI,23,agrees,,AC_list;coverage;urban_mapping
Gujarat,2730,Vyara,339,Bardoli,171,171,VYARA,2022,eci_code,1.0,2008,24,2012;2017;2022,ST,,171,yes,yes,23,BARDOLI,23,agrees,,AC_list;coverage;urban_mapping
Gujarat,2729,Nizar,339,Bardoli,172,172,NIZAR,2022,eci_code,1.0,2008,24,2012;2017;2022,ST,,172,yes,yes,23,BARDOLI,23,agrees,,AC_list;coverage;urban_mapping
Gujarat,2864,Dangs,359,Valsad,173,173,DANGS,2022,eci_code,1.0,2008,24,2012;2017;2022,ST,,173,yes,yes,26,VALSAD,26,agrees,,AC_list;coverage;urban_mapping
Gujarat,2803,Jalalpore,350,Navsari,174,174,JALALPORE,2022,eci_code,1.0,2008,24,2012;2017;2022,GEN,,174,yes,yes,25,NAVSARI,25,agrees,,AC_list;coverage;urban_mapping
Gujarat,2806,Navsari,350,Navsari,175,175,NAVSARI,2022,eci_code,1.0,2008,24,2012;2017;2022,GEN,,175,yes,yes,25,NAVSARI,25,agrees,,AC_list;coverage;urban_mapping
Gujarat,2802,Gandevi,350,Navsari,176,176,GANDEVI,2022,eci_code,1.0,2008,24,2012;2017;2022,ST,,176,yes,yes,25,NAVSARI,25,agrees,,AC_list;coverage;urban_mapping
Gujarat,2870,Vansda,359,Valsad,177,177,VANSDA,2022,exact_name,1.0,2008,24,2012;2017;2022,ST,,,,yes,26,VALSAD,26,agrees,,AC_list;coverage
Gujarat,2865,Dharampur,359,Valsad,178,178,DHARAMPUR,2022,eci_code,1.0,2008,24,2012;2017;2022,ST,,178,yes,yes,26,VALSAD,26,agrees,,AC_list;coverage;urban_mapping
Gujarat,2869,Valsad,359,Valsad,179,179,VALSAD,2022,eci_code,1.0,2008,24,2012;2017;2022,GEN,,179,yes,yes,26,VALSAD,26,agrees,,AC_list;coverage;urban_mapping
Gujarat,2867,Pardi,359,Valsad,180,180,PARDI,2022,eci_code,1.0,2008,24,2012;2017;2022,GEN,,180,yes,yes,26,VALSAD,26,agrees,,AC_list;coverage;urban_mapping
Gujarat,2866,Kaprada,359,Valsad,181,181,KAPRADA,2022,exact_name,1.0,2008,24,2012;2017;2022,ST,,,,yes,26,VALSAD,26,agrees,,AC_list;coverage
Gujarat,2868,Umbergaon,359,Valsad,182,182,UMBERGAON,2022,eci_code,1.0,2008,24,2012;2017;2022,ST,,182,yes,yes,26,VALSAD,26,agrees,,AC_list;coverage;urban_mapping
Haryana,347,Kalka,30,Ambala,1,1,KALKA,2024,eci_code,1.0,2008,6,2009;2014;2019;2024,GEN,,1,yes,yes,1,AMBALA,1,agrees,,AC_list;coverage;urban_mapping
Haryana,350,Panchkula,30,Ambala,2,2,PANCHKULA,2024,eci_code,1.0,2008,6,2009;2014;2019;2024,GEN,,2,yes,yes,1,AMBALA,1,agrees,,AC_list;coverage;urban_mapping
Haryana,349,Naraingarh,30,Ambala,3,3,NARAINGARH,2024,eci_code,1.0,2008,6,2009;2014;2019;2024,GEN,,3,yes,yes,1,AMBALA,1,agrees,,AC_list;coverage;urban_mapping
Haryana,344,Ambala Cantt.,30,Ambala,4,4,AMBALA CANTT.,2024,eci_code,1.0,2008,6,2009;2014;2019;2024,GEN,,4,yes,yes,1,AMBALA,1,agrees,,AC_list;coverage;urban_mapping
Haryana,345,Ambala City,30,Ambala,5,5,AMBALA CITY,2024,eci_code,1.0,2008,6,2009;2014;2019;2024,GEN,,5,yes,yes,1,AMBALA,1,agrees,,AC_list;coverage;urban_mapping
Haryana,348,Mulana,30,Ambala,6,6,MULANA,2024,eci_code,1.0,2008,6,2009;2014;2019;2024,SC,,6,yes,yes,1,AMBALA,1,agrees,,AC_list;coverage;urban_mapping
Haryana,351,Sadhaura,30,Ambala,7,7,SADHAURA,2024,eci_code,1.0,2008,6,2009;2014;2019;2024,SC,,7,yes,yes,1,AMBALA,1,agrees,,AC_list;coverage;urban_mapping
Haryana,346,Jagadhri,30,Ambala,8,8,JAGADHRI,2024,exact_name,1.0,2008,6,2009;2014;2019;2024,GEN,,,,yes,1,AMBALA,1,agrees,,AC_list;coverage
Haryana,352,Yamunanagar,30,Ambala,9,9,YAMUNANAGAR,2024,eci_code,1.0,2008,6,2009;2014;2019;2024,GEN,,9,yes,yes,1,AMBALA,1,agrees,,AC_list;coverage;urban_mapping
Haryana,404,Radaur,36,Kurukshetra,10,10,RADAUR,2024,eci_code,1.0,2008,6,2009;2014;2019;2024,GEN,,10,yes,yes,2,KURUKSHETRA,2,agrees,,AC_list;coverage;urban_mapping
Haryana,401,Ladwa,36,Kurukshetra,11,11,LADWA,2024,eci_code,1.0,2008,6,2009;2014;2019;2024,GEN,,11,yes,yes,2,KURUKSHETRA,2,agrees,,AC_list;coverage;urban_mapping
Haryana,405,Shahbad,36,Kurukshetra,12,12,SHAHBAD,2024,eci_code,1.0,2008,6,2009;2014;2019;2024,SC,,12,yes,yes,2,KURUKSHETRA,2,agrees,,AC_list;coverage;urban_mapping
Haryana,406,Tanesar,36,Kurukshetra,13,13,THANESAR,2024,eci_code,1.0,2008,6,2009;2014;2019;2024,GEN,,13,yes,yes,2,KURUKSHETRA,2,agrees,eci code; name spelled differently,AC_list;coverage;urban_mapping
Haryana,402,Pehowa,36,Kurukshetra,14,14,PEHOWA,2024,eci_code,1.0,2008,6,2009;2014;2019;2024,GEN,,14,yes,yes,2,KURUKSHETRA,2,agrees,,AC_list;coverage;urban_mapping
Haryana,398,Guhla,36,Kurukshetra,15,15,GUHLA,2024,eci_code,1.0,2008,6,2009;2014;2019;2024,SC,,15,yes,yes,2,KURUKSHETRA,2,agrees,,AC_list;coverage;urban_mapping
Haryana,400,Kalayat,36,Kurukshetra,16,16,KALAYAT,2024,eci_code,1.0,2008,6,2009;2014;2019;2024,GEN,,16,yes,yes,2,KURUKSHETRA,2,agrees,,AC_list;coverage;urban_mapping
Haryana,399,Kaithal,36,Kurukshetra,17,17,KAITHAL,2024,eci_code,1.0,2008,6,2009;2014;2019;2024,GEN,,17,yes,yes,2,KURUKSHETRA,2,agrees,,AC_list;coverage;urban_mapping
Haryana,403,Pundri,36,Kurukshetra,18,18,PUNDRI,2024,eci_code,1.0,2008,6,2009;2014;2019;2024,GEN,,18,yes,yes,2,KURUKSHETRA,2,agrees,,AC_list;coverage;urban_mapping
Haryana,394,Nilokheri,35,Karnal,19,19,NILOKHERI,2024,eci_code,1.0,2008,6,2009;2014;2019;2024,SC,,19,yes,yes,5,KARNAL,5,agrees,,AC_list;coverage;urban_mapping
Haryana,391,Indri,35,Karnal,20,20,INDRI,2024,eci_code,1.0,2008,6,2009;2014;2019;2024,GEN,,20,yes,yes,5,KARNAL,5,agrees,,AC_list;coverage;urban_mapping
Haryana,393,Karnal,35,Karnal,21,21,KARNAL,2024,eci_code,1.0,2008,6,2009;2014;2019;2024,GEN,,21,yes,yes,5,KARNAL,5,agrees,,AC_list;coverage;urban_mapping
Haryana,390,Gharaunda,35,Karnal,22,22,GHARAUNDA,2024,eci_code,1.0,2008,6,2009;2014;2019;2024,GEN,,22,yes,yes,5,KARNAL,5,agrees,,AC_list;coverage;urban_mapping
Haryana,389,Assandh,35,Karnal,23,23,ASSANDH,2024,eci_code,1.0,2008,6,2009;2014;2019;2024,GEN,,23,yes,yes,5,KARNAL,5,agrees,,AC_list;coverage;urban_mapping
Haryana,396,Panipat Rural,35,Karnal,24,24,PANIPAT RURAL,2024,exact_name,1.0,2008,6,2009;2014;2019;2024,GEN,,,,yes,5,KARNAL,5,agrees,,AC_list;coverage
Haryana,395,Panipat City,35,Karnal,25,25,PANIPAT CITY,2024,eci_code,1.0,2008,6,2009;2014;2019;2024,GEN,,25,yes,yes,5,KARNAL,5,agrees,,AC_list;coverage;urban_mapping
Haryana,392,Israna,35,Karnal,26,26,ISRANA,2024,exact_name,1.0,2008,6,2009;2014;2019;2024,SC,,,,yes,5,KARNAL,5,agrees,,AC_list;coverage
Haryana,397,Samalkha,35,Karnal,27,27,SAMALKHA,2024,eci_code,1.0,2008,6,2009;2014;2019;2024,GEN,,27,yes,yes,5,KARNAL,5,agrees,,AC_list;coverage;urban_mapping
Haryana,426,Ganaur,39,Sonipat,28,28,GANAUR,2024,eci_code,1.0,2008,6,2009;2014;2019;2024,GEN,,28,yes,yes,6,SONIPAT,6,agrees,,AC_list;coverage;urban_mapping
Haryana,431,Rai,39,Sonipat,29,29,RAI,2024,eci_code,1.0,2008,6,2009;2014;2019;2024,GEN,,29,yes,yes,6,SONIPAT,6,agrees,,AC_list;coverage;urban_mapping
Haryana,430,Kharkhauda,39,Sonipat,30,30,KHARKHAUDA,2024,eci_code,1.0,2008,6,2009;2014;2019;2024,SC,,30,yes,yes,6,SONIPAT,6,agrees,,AC_list;coverage;urban_mapping
Haryana,433,Sonipat,39,Sonipat,31,31,SONIPAT,2024,eci_code,1.0,2008,6,2009;2014;2019;2024,GEN,,31,yes,yes,6,SONIPAT,6,agrees,,AC_list;coverage;urban_mapping
Haryana,427,Gohana,39,Sonipat,32,32,GOHANA,2024,eci_code,1.0,2008,6,2009;2014;2019;2024,GEN,,32,yes,yes,6,SONIPAT,6,agrees,,AC_list;coverage;urban_mapping
Haryana,425,Baroda,39,Sonipat,33,33,BARODA,2024,exact_name,1.0,2008,6,2009;2014;2019;2024,GEN,,,,yes,6,SONIPAT,6,agrees,,AC_list;coverage
Haryana,429,Julana,39,Sonipat,34,34,JULANA,2024,eci_code,1.0,2008,6,2009;2014;2019;2024,GEN,,34,yes,yes,6,SONIPAT,6,agrees,,AC_list;coverage;urban_mapping
Haryana,432,Safidon,39,Sonipat,35,35,SAFIDON,2024,eci_code,1.0,2008,6,2009;2014;2019;2024,GEN,,35,yes,yes,6,SONIPAT,6,agrees,,AC_list;coverage;urban_mapping
Haryana,428,Jind,39,Sonipat,36,36,JIND,2024,eci_code,1.0,2008,6,2009;2014;2019;2024,GEN,,36,yes,yes,6,SONIPAT,6,agrees,,AC_list;coverage;urban_mapping
Haryana,387,Uchana kalan,34,Hisar,37,37,UCHANA KALAN,2024,eci_code,1.0,2008,6,2009;2014;2019;2024,GEN,,37,yes,yes,4,HISAR,4,agrees,,AC_list;coverage;urban_mapping
Haryana,420,Narwana,38,Sirsa,38,38,NARWANA,2024,exact_name,1.0,2008,6,2009;2014;2019;2024,SC,,,,yes,3,SIRSA,3,agrees,,AC_list;coverage
Haryana,424,Tohana,38,Sirsa,39,39,TOHANA,2024,eci_code,1.0,2008,6,2009;2014;2019;2024,GEN,,39,yes,yes,3,SIRSA,3,agrees,,AC_list;coverage;urban_mapping
Haryana,418,Fatehabad,38,Sirsa,40,40,FATEHABAD,2024,eci_code,1.0,2008,6,2009;2014;2019;2024,GEN,,40,yes,yes,3,SIRSA,3,agrees,,AC_list;coverage;urban_mapping
Haryana,422,Ratia,38,Sirsa,41,41,RATIA,2024,eci_code,1.0,2008,6,2009;2014;2019;2024,SC,,41,yes,yes,3,SIRSA,3,agrees,,AC_list;coverage;urban_mapping
Haryana,419,Kalawali,38,Sirsa,42,42,KALANWALI,2024,eci_code,0.941,2008,6,2009;2014;2019;2024,SC,,42,yes,yes,3,SIRSA,3,agrees,eci code; name spelled differently,AC_list;coverage;urban_mapping
Haryana,416,Dabwali,38,Sirsa,43,43,DABWALI,2024,exact_name,1.0,2008,6,2009;2014;2019;2024,GEN,,42,no,yes,3,SIRSA,3,agrees,,AC_list;coverage;urban_mapping
Haryana,421,Rania,38,Sirsa,44,44,RANIA,2024,eci_code,1.0,2008,6,2009;2014;2019;2024,GEN,,44,yes,yes,3,SIRSA,3,agrees,,AC_list;coverage;urban_mapping
Haryana,423,Sirsa,38,Sirsa,45,45,SIRSA,2024,eci_code,1.0,2008,6,2009;2014;2019;2024,GEN,,45,yes,yes,3,SIRSA,3,agrees,,AC_list;coverage;urban_mapping
Haryana,417,Ellenabad,38,Sirsa,46,46,ELLENABAD,2024,eci_code,1.0,2008,6,2009;2014;2019;2024,GEN,,46,yes,yes,3,SIRSA,3,agrees,,AC_list;coverage;urban_mapping
Haryana,380,Adampur,34,Hisar,47,47,ADAMPUR,2024,exact_name,1.0,2008,6,2009;2014;2019;2024,GEN,,,,yes,4,HISAR,4,agrees,,AC_list;coverage
Haryana,388,Uklana,34,Hisar,48,48,UKLANA,2024,eci_code,1.0,2008,6,2009;2014;2019;2024,SC,,48,yes,yes,4,HISAR,4,agrees,,AC_list;coverage;urban_mapping
Haryana,386,Narnaund,34,Hisar,49,49,NARNAUND,2024,eci_code,1.0,2008,6,2009;2014;2019;2024,GEN,,49,yes,yes,4,HISAR,4,agrees,,AC_list;coverage;urban_mapping
Haryana,383,Hansi,34,Hisar,50,50,HANSI,2024,eci_code,1.0,2008,6,2009;2014;2019;2024,GEN,,50,yes,yes,4,HISAR,4,agrees,,AC_list;coverage;urban_mapping
Haryana,381,Barwala,34,Hisar,51,51,BARWALA,2024,eci_code,1.0,2008,6,2009;2014;2019;2024,GEN,,51,yes,yes,4,HISAR,4,agrees,,AC_list;coverage;urban_mapping
Haryana,384,Hisar,34,Hisar,52,52,HISAR,2024,eci_code,1.0,2008,6,2009;2014;2019;2024,GEN,,52,yes,yes,4,HISAR,4,agrees,,AC_list;coverage;urban_mapping
Haryana,385,Nalwa,34,Hisar,53,53,NALWA,2024,exact_name,1.0,2008,6,2009;2014;2019;2024,GEN,,,,yes,4,HISAR,4,agrees,,AC_list;coverage
Haryana,357,Loharu,31,Bhiwani-Mahendragarh,54,54,LOHARU,2024,eci_code,1.0,2008,6,2009;2014;2019;2024,GEN,,54,yes,yes,8,BHIWANI-MAHENDRAGARH,8,agrees,,AC_list;coverage;urban_mapping
Haryana,354,Badhra,31,Bhiwani-Mahendragarh,55,55,BADHRA,2024,exact_name,1.0,2008,6,2009;2014;2019;2024,GEN,,,,yes,8,BHIWANI-MAHENDRAGARH,8,agrees,,AC_list;coverage
Haryana,356,Dadri,31,Bhiwani-Mahendragarh,56,56,DADRI,2024,eci_code,1.0,2008,6,2009;2014;2019;2024,GEN,,56,yes,yes,8,BHIWANI-MAHENDRAGARH,8,agrees,,AC_list;coverage;urban_mapping
Haryana,355,Bhiwani,31,Bhiwani-Mahendragarh,57,57,BHIWANI,2024,eci_code,1.0,2008,6,2009;2014;2019;2024,GEN,,57,yes,yes,8,BHIWANI-MAHENDRAGARH,8,agrees,,AC_list;coverage;urban_mapping
Haryana,361,Tosham,31,Bhiwani-Mahendragarh,58,58,TOSHAM,2024,exact_name,1.0,2008,6,2009;2014;2019;2024,GEN,,,,yes,8,BHIWANI-MAHENDRAGARH,8,agrees,,AC_list;coverage
Haryana,382,Bawani Khera,34,Hisar,59,59,BAWANI KHERA,2024,exact_name,1.0,2008,6,2009;2014;2019;2024,SC,,,,yes,4,HISAR,4,agrees,,AC_list;coverage
Haryana,414,Meham,37,Rohtak,60,60,MEHAM,2024,eci_code,1.0,2008,6,2009;2014;2019;2024,GEN,,60,yes,yes,7,ROHTAK,7,agrees,,AC_list;coverage;urban_mapping
Haryana,410,Garhi Sampla-Kiloi,37,Rohtak,61,61,GARHI SAMPLA-KILOI,2024,eci_code,1.0,2008,6,2009;2014;2019;2024,GEN,,61,yes,yes,7,ROHTAK,7,agrees,,AC_list;coverage;urban_mapping
Haryana,415,Rohtak,37,Rohtak,62,62,ROHTAK,2024,eci_code,1.0,2008,6,2009;2014;2019;2024,GEN,,62,yes,yes,7,ROHTAK,7,agrees,,AC_list;coverage;urban_mapping
Haryana,412,Kalanaur,37,Rohtak,63,63,KALANAUR,2024,eci_code,1.0,2008,6,2009;2014;2019;2024,SC,,63,yes,yes,7,ROHTAK,7,agrees,,AC_list;coverage;urban_mapping
Haryana,408,Bahadurgarh,37,Rohtak,64,64,BAHADURGARH,2024,eci_code,1.0,2008,6,2009;2014;2019;2024,GEN,,64,yes,yes,7,ROHTAK,7,agrees,,AC_list;coverage;urban_mapping
Haryana,407,Badli,37,Rohtak,65,65,BADLI,2024,exact_name,1.0,2008,6,2009;2014;2019;2024,GEN,,,,yes,7,ROHTAK,7,agrees,,AC_list;coverage
Haryana,411,Jhajjar,37,Rohtak,66,66,JHAJJAR,2024,eci_code,1.0,2008,6,2009;2014;2019;2024,SC,,66,yes,yes,7,ROHTAK,7,agrees,,AC_list;coverage;urban_mapping
Haryana,409,Beri,37,Rohtak,67,67,BERI,2024,eci_code,1.0,2008,6,2009;2014;2019;2024,GEN,,67,yes,yes,7,ROHTAK,7,agrees,,AC_list;coverage;urban_mapping
Haryana,353,Ateli,31,Bhiwani-Mahendragarh,68,68,ATELI,2024,eci_code,1.0,2008,6,2009;2014;2019;2024,GEN,,68,yes,yes,8,BHIWANI-MAHENDRAGARH,8,agrees,,AC_list;coverage;urban_mapping
Haryana,358,Mahendragarh,31,Bhiwani-Mahendragarh,69,69,MAHENDRAGARH,2024,eci_code,1.0,2008,6,2009;2014;2019;2024,GEN,,69,yes,yes,8,BHIWANI-MAHENDRAGARH,8,agrees,,AC_list;coverage;urban_mapping
Haryana,360,Narnaul,31,Bhiwani-Mahendragarh,70,70,NARNAUL,2024,eci_code,1.0,2008,6,2009;2014;2019;2024,GEN,,70,yes,yes,8,BHIWANI-MAHENDRAGARH,8,agrees,,AC_list;coverage;urban_mapping
Haryana,359,Nangal chaudhry,31,Bhiwani-Mahendragarh,71,71,NANGAL CHAUDHRY,2024,eci_code,1.0,2008,6,2009;2014;2019;2024,GEN,,71,yes,yes,8,BHIWANI-MAHENDRAGARH,8,agrees,,AC_list;coverage;urban_mapping
Haryana,372,Bawal,33,Gurgaon,72,72,BAWAL,2024,eci_code,1.0,2008,6,2009;2014;2019;2024,SC,,72,yes,yes,9,GURGAON,9,agrees,,AC_list;coverage;urban_mapping
Haryana,413,Kosli,37,Rohtak,73,73,KOSLI,2024,exact_name,1.0,2008,6,2009;2014;2019;2024,GEN,,,,yes,7,ROHTAK,7,agrees,,AC_list;coverage
Haryana,378,Rewari,33,Gurgaon,74,74,REWARI,2024,eci_code,1.0,2008,6,2009;2014;2019;2024,GEN,,74,yes,yes,9,GURGAON,9,agrees,,AC_list;coverage;urban_mapping
Haryana,376,Pataudi,33,Gurgaon,75,75,PATAUDI,2024,eci_code,1.0,2008,6,2009;2014;2019;2024,SC,,75,yes,yes,9,GURGAON,9,agrees,,AC_list;coverage;urban_mapping
Haryana,371,Badshahpur,33,Gurgaon,76,76,BADSHAHPUR,2024,eci_code,1.0,2008,6,2009;2014;2019;2024,GEN,,76,yes,yes,9,GURGAON,9,agrees,,AC_list;coverage;urban_mapping
Haryana,374,Gurgaon,33,Gurgaon,77,77,GURGAON,2024,eci_code,1.0,2008,6,2009;2014;2019;2024,GEN,,77,yes,yes,9,GURGAON,9,agrees,,AC_list;coverage;urban_mapping
Haryana,379,Sohna,33,Gurgaon,78,78,SOHNA,2024,eci_code,1.0,2008,6,2009;2014;2019;2024,GEN,,78,yes,yes,9,GURGAON,9,agrees,,AC_list;coverage;urban_mapping
Haryana,375,Nuh,33,Gurgaon,79,79,NUH,2024,eci_code,1.0,2008,6,2009;2014;2019;2024,GEN,,79,yes,yes,9,GURGAON,9,agrees,,AC_list;coverage;urban_mapping
Haryana,373,Ferozepur Jhirka,33,Gurgaon,80,80,FEROZEPUR JHIRKA,2024,eci_code,1.0,2008,6,2009;2014;2019;2024,GEN,,80,yes,yes,9,GURGAON,9,agrees,,AC_list;coverage;urban_mapping
Haryana,377,Punahana,33,Gurgaon,81,81,PUNAHANA,2024,eci_code,1.0,2008,6,2009;2014;2019;2024,GEN,,81,yes,yes,9,GURGAON,9,agrees,,AC_list;coverage;urban_mapping
Haryana,366,Hathin,32,Faridabad,82,82,HATHIN,2024,eci_code,1.0,2008,6,2009;2014;2019;2024,GEN,,82,yes,yes,10,FARIDABAD,10,agrees,,AC_list;coverage;urban_mapping
Haryana,367,Hodal,32,Faridabad,83,83,HODAL,2024,eci_code,1.0,2008,6,2009;2014;2019;2024,SC,,83,yes,yes,10,FARIDABAD,10,agrees,,AC_list;coverage;urban_mapping
Haryana,368,Palwal,32,Faridabad,84,84,PALWAL,2024,eci_code,1.0,2008,6,2009;2014;2019;2024,GEN,,84,yes,yes,10,FARIDABAD,10,agrees,,AC_list;coverage;urban_mapping
Haryana,369,Prithla,32,Faridabad,85,85,PRITHLA,2024,exact_name,1.0,2008,6,2009;2014;2019;2024,GEN,,,,yes,10,FARIDABAD,10,agrees,,AC_list;coverage
Haryana,365,Faridabad Nit,32,Faridabad,86,86,FARIDABAD NIT,2024,exact_name,1.0,2008,6,2009;2014;2019;2024,GEN,,,,yes,10,FARIDABAD,10,agrees,,AC_list;coverage
Haryana,362,Badkhal,32,Faridabad,87,87,BADKHAL,2024,exact_name,1.0,2008,6,2009;2014;2019;2024,GEN,,,,yes,10,FARIDABAD,10,agrees,,AC_list;coverage
Haryana,363,Ballabhgarh,32,Faridabad,88,88,BALLABHGARH,2024,eci_code,1.0,2008,6,2009;2014;2019;2024,GEN,,88,yes,yes,10,FARIDABAD,10,agrees,,AC_list;coverage;urban_mapping
Haryana,364,Faridabad,32,Faridabad,89,89,FARIDABAD,2024,eci_code,1.0,2008,6,2009;2014;2019;2024,GEN,,89,yes,yes,10,FARIDABAD,10,agrees,,AC_list;coverage;urban_mapping
Haryana,370,Tigaon,32,Faridabad,90,90,TIGAON,2024,exact_name,1.0,2008,6,2009;2014;2019;2024,GEN,,,,yes,10,FARIDABAD,10,agrees,,AC_list;coverage
Himachal Pradesh,108,Churah,8,Kangra,1,1,CHURAH,2022,exact_name,1.0,2008,2,2012;2017;2022,SC,,,,yes,1,KANGRA,1,agrees,,AC_list;coverage
Himachal Pradesh,125,Bharmour,9,Mandi,2,2,BHARMOUR,2022,exact_name,1.0,2008,2,2012;2017;2022,ST,,,,yes,2,MANDI,2,agrees,,AC_list;coverage
Himachal Pradesh,107,Chamba,8,Kangra,3,3,CHAMBA,2022,eci_code,1.0,2008,2,2012;2017;2022,GEN,,3,yes,yes,1,KANGRA,1,agrees,,AC_list;coverage;urban_mapping
Himachal Pradesh,109,Dalhousie,8,Kangra,4,4,DALHOUSIE,2022,eci_code,1.0,2008,2,2012;2017;2022,GEN,,4,yes,yes,1,KANGRA,1,agrees,,AC_list;coverage;urban_mapping
Himachal Pradesh,106,Bhattiyat,8,Kangra,5,5,BHATTIYAT,2022,eci_code,1.0,2008,2,2012;2017;2022,GEN,,5,yes,yes,1,KANGRA,1,agrees,,AC_list;coverage;urban_mapping
Himachal Pradesh,118,Nurpur,8,Kangra,6,6,NURPUR,2022,eci_code,1.0,2008,2,2012;2017;2022,GEN,,6,yes,yes,1,KANGRA,1,agrees,,AC_list;coverage;urban_mapping
Himachal Pradesh,112,Indora,8,Kangra,7,7,INDORA,2022,exact_name,1.0,2008,2,2012;2017;2022,SC,,,,yes,1,KANGRA,1,agrees,,AC_list;coverage
Himachal Pradesh,111,Fatehpur,8,Kangra,8,8,FATEHPUR,2022,exact_name,1.0,2008,2,2012;2017;2022,GEN,,,,yes,1,KANGRA,1,agrees,,AC_list;coverage
Himachal Pradesh,115,Jawali,8,Kangra,9,9,JAWALI,2022,eci_code,1.0,2008,2,2012;2017;2022,GEN,,9,yes,yes,1,KANGRA,1,agrees,,AC_list;coverage;urban_mapping
Himachal Pradesh,92,Dehra,7,Hamirpur,10,10,DEHRA,2022,eci_code,1.0,2008,2,2012;2017;2022,GEN,,10,yes,yes,3,HAMIRPUR,3,agrees,,AC_list;coverage;urban_mapping
Himachal Pradesh,98,Jaswan-Pragpur,7,Hamirpur,11,11,JASWAN-PRAGPUR,2022,exact_name,1.0,2008,2,2012;2017;2022,GEN,,,,yes,3,HAMIRPUR,3,agrees,,AC_list;coverage
Himachal Pradesh,114,Jawalamukhi,8,Kangra,12,12,JAWALAMUKHI,2022,eci_code,1.0,2008,2,2012;2017;2022,GEN,,12,yes,yes,1,KANGRA,1,agrees,,AC_list;coverage;urban_mapping
Himachal Pradesh,113,Jaisinghpur,8,Kangra,13,13,JAISINGHPUR,2022,exact_name,1.0,2008,2,2012;2017;2022,SC,,,,yes,1,KANGRA,1,agrees,,AC_list;coverage
Himachal Pradesh,121,Sullah,8,Kangra,14,14,SULLAH,2022,exact_name,1.0,2008,2,2012;2017;2022,GEN,,,,yes,1,KANGRA,1,agrees,,AC_list;coverage
Himachal Pradesh,117,Nagrota,8,Kangra,15,15,NAGROTA,2022,eci_code,1.0,2008,2,2012;2017;2022,GEN,,15,yes,yes,1,KANGRA,1,agrees,,AC_list;coverage;urban_mapping
Himachal Pradesh,116,Kangra,8,Kangra,16,16,KANGRA,2022,eci_code,1.0,2008,2,2012;2017;2022,GEN,,16,yes,yes,1,KANGRA,1,agrees,,AC_list;coverage;urban_mapping
Himachal Pradesh,120,Shahpur,8,Kangra,17,17,SHAHPUR,2022,eci_code,1.0,2008,2,2012;2017;2022,GEN,,17,yes,yes,1,KANGRA,1,agrees,,AC_list;coverage;urban_mapping
Himachal Pradesh,110,Dharamshala,8,Kangra,18,18,DHARAMSHALA,2022,eci_code,1.0,2008,2,2012;2017;2022,GEN,,18,yes,yes,1,KANGRA,1,agrees,,AC_list;coverage;urban_mapping
Himachal Pradesh,119,Palampur,8,Kangra,19,19,PALAMPUR,2022,eci_code,1.0,2008,2,2012;2017;2022,GEN,,19,yes,yes,1,KANGRA,1,agrees,,AC_list;coverage;urban_mapping
Himachal Pradesh,105,Baijnath,8,Kangra,20,20,BAIJNATH,2022,eci_code,1.0,2008,2,2012;2017;2022,SC,,20,yes,yes,1,KANGRA,1,agrees,,AC_list;coverage;urban_mapping
Himachal Pradesh,131,Lahaul & spiti,9,Mandi,21,21,LAHAUL & SPITI,2022,exact_name,1.0,2008,2,2012;2017;2022,ST,,,,yes,2,MANDI,2,agrees,,AC_list;coverage
Himachal Pradesh,132,Manali,9,Mandi,22,22,MANALI,2022,exact_name,1.0,2008,2,2012;2017;2022,GEN,,,,yes,2,MANDI,2,agrees,,AC_list;coverage
Himachal Pradesh,130,Kullu,9,Mandi,23,23,KULLU,2022,eci_code,1.0,2008,2,2012;2017;2022,GEN,,23,yes,yes,2,MANDI,2,agrees,,AC_list;coverage;urban_mapping
Himachal Pradesh,124,Banjar,9,Mandi,24,24,BANJAR,2022,exact_name,1.0,2008,2,2012;2017;2022,GEN,,,,yes,2,MANDI,2,agrees,,AC_list;coverage
Himachal Pradesh,122,Anni,9,Mandi,25,25,ANNI,2022,eci_code,1.0,2008,2,2012;2017;2022,SC,,25,yes,yes,2,MANDI,2,agrees,,AC_list;coverage;urban_mapping
Himachal Pradesh,128,Karsog,9,Mandi,26,26,KARSOG,2022,eci_code,1.0,2008,2,2012;2017;2022,SC,,26,yes,yes,2,MANDI,2,agrees,,AC_list;coverage;urban_mapping
Himachal Pradesh,138,Sundernagar,9,Mandi,27,27,SUNDERNAGAR,2022,eci_code,1.0,2008,2,2012;2017;2022,GEN,,27,yes,yes,2,MANDI,2,agrees,,AC_list;coverage;urban_mapping
Himachal Pradesh,134,Nachan,9,Mandi,28,28,NACHAN,2022,exact_name,1.0,2008,2,2012;2017;2022,SC,,,,yes,2,MANDI,2,agrees,,AC_list;coverage
Himachal Pradesh,137,Seraj,9,Mandi,29,29,SERAJ,2022,exact_name,1.0,2008,2,2012;2017;2022,GEN,,,,yes,2,MANDI,2,agrees,,AC_list;coverage
Himachal Pradesh,126,Darang,9,Mandi,30,30,DARANG,2022,exact_name,1.0,2008,2,2012;2017;2022,GEN,,,,yes,2,MANDI,2,agrees,,AC_list;coverage
Himachal Pradesh,127,Jogindernagar,9,Mandi,31,31,JOGINDERNAGAR,2022,eci_code,1.0,2008,2,2012;2017;2022,GEN,,31,yes,yes,2,MANDI,2,agrees,,AC_list;coverage;urban_mapping
Himachal Pradesh,93,Dharampur,7,Hamirpur,32,32,DHARAMPUR,2022,eci_code,1.0,2008,2,2012;2017;2022,GEN,,32,yes,yes,3,HAMIRPUR,3,agrees,,AC_list;coverage;urban_mapping
Himachal Pradesh,133,Mandi,9,Mandi,33,33,MANDI,2022,eci_code,1.0,2008,2,2012;2017;2022,GEN,,33,yes,yes,2,MANDI,2,agrees,,AC_list;coverage;urban_mapping
Himachal Pradesh,123,Balh,9,Mandi,34,34,BALH,2022,eci_code,1.0,2008,2,2012;2017;2022,SC,,34,yes,yes,2,MANDI,2,agrees,,AC_list;coverage;urban_mapping
Himachal Pradesh,136,Sarkaghat,9,Mandi,35,35,SARKAGHAT,2022,eci_code,1.0,2008,2,2012;2017;2022,GEN,,35,yes,yes,2,MANDI,2,agrees,,AC_list;coverage;urban_mapping
Himachal Pradesh,89,Bhoranj,7,Hamirpur,36,36,BHORANJ,2022,exact_name,1.0,2008,2,2012;2017;2022,SC,,,,yes,3,HAMIRPUR,3,agrees,,AC_list;coverage
Himachal Pradesh,103,Sujanpur,7,Hamirpur,37,37,SUJANPUR,2022,eci_code,1.0,2008,2,2012;2017;2022,GEN,,37,yes,yes,3,HAMIRPUR,3,agrees,,AC_list;coverage;urban_mapping
Himachal Pradesh,96,Hamirpur,7,Hamirpur,38,38,HAMIRPUR,2022,eci_code,1.0,2008,2,2012;2017;2022,GEN,,38,yes,yes,3,HAMIRPUR,3,agrees,,AC_list;coverage;urban_mapping
Himachal Pradesh,88,Barsar,7,Hamirpur,39,39,BARSAR,2022,eci_code,1.0,2008,2,2012;2017;2022,GEN,,39,yes,yes,3,HAMIRPUR,3,agrees,,AC_list;coverage;urban_mapping
Himachal Pradesh,101,Nadaun,7,Hamirpur,40,40,NADAUN,2022,eci_code,1.0,2008,2,2012;2017;2022,GEN,,40,yes,yes,3,HAMIRPUR,3,agrees,,AC_list;coverage;urban_mapping
Himachal Pradesh,91,Chintpurni,7,Hamirpur,41,41,CHINTPURNI,2022,eci_code,1.0,2008,2,2012;2017;2022,SC,,41,yes,yes,3,HAMIRPUR,3,agrees,,AC_list;coverage;urban_mapping
Himachal Pradesh,94,Gagret,7,Hamirpur,42,42,GAGRET,2022,eci_code,1.0,2008,2,2012;2017;2022,GEN,,42,yes,yes,3,HAMIRPUR,3,agrees,,AC_list;coverage;urban_mapping
Himachal Pradesh,97,Haroli,7,Hamirpur,43,43,HAROLI,2022,eci_code,1.0,2008,2,2012;2017;2022,GEN,,43,yes,yes,3,HAMIRPUR,3,agrees,,AC_list;coverage;urban_mapping
Himachal Pradesh,104,Una,7,Hamirpur,44,44,UNA,2022,eci_code,1.0,2008,2,2012;2017;2022,GEN,,44,yes,yes,3,HAMIRPUR,3,agrees,,AC_list;coverage;urban_mapping
Himachal Pradesh,100,Kutlehar,7,Hamirpur,45,45,KUTLEHAR,2022,exact_name,1.0,2008,2,2012;2017;2022,GEN,,,,yes,3,HAMIRPUR,3,agrees,,AC_list;coverage
Himachal Pradesh,99,Jhanduta,7,Hamirpur,46,46,JHANDUTA,2022,eci_code,1.0,2008,2,2012;2017;2022,SC,,46,yes,yes,3,HAMIRPUR,3,agrees,,AC_list;coverage;urban_mapping
Himachal Pradesh,95,Ghumarwin,7,Hamirpur,47,47,GHUMARWIN,2022,eci_code,1.0,2008,2,2012;2017;2022,GEN,,47,yes,yes,3,HAMIRPUR,3,agrees,,AC_list;coverage;urban_mapping
Himachal Pradesh,90,Bilaspur,7,Hamirpur,48,48,BILASPUR,2022,eci_code,1.0,2008,2,2012;2017;2022,GEN,,48,yes,yes,3,HAMIRPUR,3,agrees,,AC_list;coverage;urban_mapping
Himachal Pradesh,102,Sri naina Deviji,7,Hamirpur,49,49,SRI NAINA DEVIJI,2022,eci_code,1.0,2008,2,2012;2017;2022,GEN,,49,yes,yes,3,HAMIRPUR,3,agrees,,AC_list;coverage;urban_mapping
Himachal Pradesh,139,Arki,10,Shimla,50,50,ARKI,2022,eci_code,1.0,2008,2,2012;2017;2022,GEN,,50,yes,yes,4,SHIMLA,4,agrees,,AC_list;coverage;urban_mapping
Himachal Pradesh,146,Nalagarh,10,Shimla,51,51,NALAGARH,2022,eci_code,1.0,2008,2,2012;2017;2022,GEN,,51,yes,yes,4,SHIMLA,4,agrees,,AC_list;coverage;urban_mapping
Himachal Pradesh,141,Doon,10,Shimla,52,52,DOON,2022,eci_code,1.0,2008,2,2012;2017;2022,GEN,,52,yes,yes,4,SHIMLA,4,agrees,,AC_list;coverage;urban_mapping
Himachal Pradesh,153,Solan,10,Shimla,53,53,SOLAN,2022,eci_code,1.0,2008,2,2012;2017;2022,SC,,53,yes,yes,4,SHIMLA,4,agrees,,AC_list;coverage;urban_mapping
Himachal Pradesh,143,Kasauli,10,Shimla,54,54,KASAULI,2022,eci_code,1.0,2008,2,2012;2017;2022,SC,,54,yes,yes,4,SHIMLA,4,agrees,,AC_list;coverage;urban_mapping
Himachal Pradesh,147,Pachhad,10,Shimla,55,55,PACHHAD,2022,eci_code,1.0,2008,2,2012;2017;2022,SC,,55,yes,yes,4,SHIMLA,4,agrees,,AC_list;coverage;urban_mapping
Himachal Pradesh,145,Nahan,10,Shimla,56,56,NAHAN,2022,eci_code,1.0,2008,2,2012;2017;2022,GEN,,56,yes,yes,4,SHIMLA,4,agrees,,AC_list;coverage;urban_mapping
Himachal Pradesh,154,Sri renukaji,10,Shimla,57,57,SRI RENUKAJI,2022,exact_name,1.0,2008,2,2012;2017;2022,SC,,,,yes,4,SHIMLA,4,agrees,,AC_list;coverage
Himachal Pradesh,148,Paonta Sahib,10,Shimla,58,58,PAONTA SAHIB,2022,eci_code,1.0,2008,2,2012;2017;2022,GEN,,58,yes,yes,4,SHIMLA,4,agrees,,AC_list;coverage;urban_mapping
Himachal Pradesh,150,Shillai,10,Shimla,59,59,SHILLAI,2022,exact_name,1.0,2008,2,2012;2017;2022,GEN,,,,yes,4,SHIMLA,4,agrees,,AC_list;coverage
Himachal Pradesh,140,Chopal,10,Shimla,60,60,CHOPAL,2022,eci_code,1.0,2008,2,2012;2017;2022,GEN,,60,yes,yes,4,SHIMLA,4,agrees,,AC_list;coverage;urban_mapping
Himachal Pradesh,155,Theog,10,Shimla,61,61,THEOG,2022,eci_code,1.0,2008,2,2012;2017;2022,GEN,,61,yes,yes,4,SHIMLA,4,agrees,,AC_list;coverage;urban_mapping
Himachal Pradesh,144,Kasumpti,10,Shimla,62,62,KASUMPTI,2022,eci_code,1.0,2008,2,2012;2017;2022,GEN,,62,yes,yes,4,SHIMLA,4,agrees,,AC_list;coverage;urban_mapping
Himachal Pradesh,151,Shimla,10,Shimla,63,63,SHIMLA,2022,eci_code,1.0,2008,2,2012;2017;2022,GEN,,63,yes,yes,4,SHIMLA,4,agrees,,AC_list;coverage;urban_mapping
Himachal Pradesh,152,Shimla Rural,10,Shimla,64,64,SHIMLA RURAL,2022,eci_code,1.0,2008,2,2012;2017;2022,GEN,,64,yes,yes,4,SHIMLA,4,agrees,,AC_list;coverage;urban_mapping
Himachal Pradesh,142,Jubbal-Kotkhai,10,Shimla,65,65,JUBBAL-KOTKHAI,2022,eci_code,1.0,2008,2,2012;2017;2022,GEN,,65,yes,yes,4,SHIMLA,4,agrees,,AC_list;coverage;urban_mapping
Himachal Pradesh,135,Rampur,9,Mandi,66,66,RAMPUR,2022,eci_code,1.0,2008,2,2012;2017;2022,SC,,66,yes,yes,2,MANDI,2,agrees,,AC_list;coverage;urban_mapping
Himachal Pradesh,149,Rohru,10,Shimla,67,67,ROHRU,2022,eci_code,1.0,2008,2,2012;2017;2022,SC,,67,yes,yes,4,SHIMLA,4,agrees,,AC_list;coverage;urban_mapping
Himachal Pradesh,129,Kinnaur,9,Mandi,68,68,KINNAUR,2022,exact_name,1.0,2008,2,2012;2017;2022,ST,,,,yes,2,MANDI,2,agrees,,AC_list;coverage
Jammu & Kashmir,22,Karnah,2,Baramulla,1,1,KARNAH,2014,exact_name,1.0,1995-JK,1,2014,GEN,,,,no: app r totals for this map do not match the statutory SC/ST counts,1,BARAMULLA,1,agrees,,AC_list;coverage
Jammu & Kashmir,23,Kupwara,2,Baramulla,2,2,KUPWARA,2014,eci_code,1.0,1995-JK,1,2014,GEN,,2,yes,no: app r totals for this map do not match the statutory SC/ST counts,1,BARAMULLA,1,agrees,,AC_list;coverage;urban_mapping
Jammu & Kashmir,25,Lolab,2,Baramulla,3,3,LOLAB,2014,exact_name,1.0,1995-JK,1,2014,GEN,,,,no: app r totals for this map do not match the statutory SC/ST counts,1,BARAMULLA,1,agrees,,AC_list;coverage
Jammu & Kashmir,21,Handwara,2,Baramulla,4,4,HANDWARA,2014,eci_code,1.0,1995-JK,1,2014,GEN,,4,yes,no: app r totals for this map do not match the statutory SC/ST counts,1,BARAMULLA,1,agrees,,AC_list;coverage;urban_mapping
Jammu & Kashmir,24,Langate,2,Baramulla,5,5,LANGATE,2014,eci_code,1.0,1995-JK,1,2014,GEN,,5,yes,no: app r totals for this map do not match the statutory SC/ST counts,1,BARAMULLA,1,agrees,,AC_list;coverage;urban_mapping
Jammu & Kashmir,31,Uri,2,Baramulla,6,6,URI,2014,eci_code,1.0,1995-JK,1,2014,GEN,,6,yes,no: app r totals for this map do not match the statutory SC/ST counts,1,BARAMULLA,1,agrees,,AC_list;coverage;urban_mapping
Jammu & Kashmir,27,Rafiabad,2,Baramulla,7,7,RAFIABAD,2014,eci_code,1.0,1995-JK,1,2014,GEN,,7,yes,no: app r totals for this map do not match the statutory SC/ST counts,1,BARAMULLA,1,agrees,,AC_list;coverage;urban_mapping
Jammu & Kashmir,30,Sopore,2,Baramulla,8,8,SOPORE,2014,eci_code,1.0,1995-JK,1,2014,GEN,,8,yes,no: app r totals for this map do not match the statutory SC/ST counts,1,BARAMULLA,1,agrees,,AC_list;coverage;urban_mapping
Jammu & Kashmir,20,Gurez,2,Baramulla,9,9,GUREZ,2014,exact_name,1.0,1995-JK,1,2014,GEN,,,,no: app r totals for this map do not match the statutory SC/ST counts,1,BARAMULLA,1,agrees,,AC_list;coverage
Jammu & Kashmir,17,Bandipora,2,Baramulla,10,10,BANDIPORA,2014,eci_code,1.0,1995-JK,1,2014,GEN,,10,yes,no: app r totals for this map do not match the statutory SC/ST counts,1,BARAMULLA,1,agrees,,AC_list;coverage;urban_mapping
Jammu & Kashmir,29,Sonawari,2,Baramulla,11,11,SONAWARI,2014,eci_code,1.0,1995-JK,1,2014,GEN,,11,yes,no: app r totals for this map do not match the statutory SC/ST counts,1,BARAMULLA,1,agrees,,AC_list;coverage;urban_mapping
Jammu & Kashmir,28,Sangrama,2,Baramulla,12,12,SANGRAMA,2014,exact_name,1.0,1995-JK,1,2014,GEN,,,,no: app r totals for this map do not match the statutory SC/ST counts,1,BARAMULLA,1,agrees,,AC_list;coverage
Jammu & Kashmir,18,Baramulla,2,Baramulla,13,13,BARAMULLA,2014,eci_code,1.0,1995-JK,1,2014,GEN,,13,yes,no: app r totals for this map do not match the statutory SC/ST counts,1,BARAMULLA,1,agrees,,AC_list;coverage;urban_mapping
Jammu & Kashmir,19,Gulmarg,2,Baramulla,14,14,GULMARG,2014,eci_code,1.0,1995-JK,1,2014,GEN,,14,yes,no: app r totals for this map do not match the statutory SC/ST counts,1,BARAMULLA,1,agrees,,AC_list;coverage;urban_mapping
Jammu & Kashmir,26,Pattan,2,Baramulla,15,15,PATTAN,2014,eci_code,1.0,1995-JK,1,2014,GEN,,15,yes,no: app r totals for this map do not match the statutory SC/ST counts,1,BARAMULLA,1,agrees,,AC_list;coverage;urban_mapping
Jammu & Kashmir,66,Kangan,5,Srinagar,16,16,KANGAN,2014,exact_name,1.0,1995-JK,1,2014,ST,,,,no: app r totals for this map do not match the statutory SC/ST counts,2,SRINAGAR,2,agrees,,AC_list;coverage
Jammu & Kashmir,63,Ganderbal,5,Srinagar,17,17,GANDERBAL,2014,eci_code,1.0,1995-JK,1,2014,ST,,17,yes,no: app r totals for this map do not match the statutory SC/ST counts,2,SRINAGAR,2,agrees,,AC_list;coverage;urban_mapping
Jammu & Kashmir,65,Hazratbal,5,Srinagar,18,18,HAZRATBAL,2014,eci_code,1.0,1995-JK,1,2014,GEN,,18,yes,no: app r totals for this map do not match the statutory SC/ST counts,2,SRINAGAR,2,agrees,,AC_list;coverage;urban_mapping
Jammu & Kashmir,70,Zadibal,5,Srinagar,19,19,ZADIBAL,2014,eci_code,1.0,1995-JK,1,2014,GEN,,19,yes,no: app r totals for this map do not match the statutory SC/ST counts,2,SRINAGAR,2,agrees,,AC_list;coverage;urban_mapping
Jammu & Kashmir,62,Eidgah,5,Srinagar,20,20,EIDGAH,2014,eci_code,1.0,1995-JK,1,2014,GEN,,20,yes,no: app r totals for this map do not match the statutory SC/ST counts,2,SRINAGAR,2,agrees,,AC_list;coverage;urban_mapping
Jammu & Kashmir,68,Khanyar,5,Srinagar,21,21,KHANYAR,2014,eci_code,1.0,1995-JK,1,2014,GEN,,21,yes,no: app r totals for this map do not match the statutory SC/ST counts,2,SRINAGAR,2,agrees,,AC_list;coverage;urban_mapping
Jammu & Kashmir,64,Habba kadal,5,Srinagar,22,22,HABBA KADAL,2014,exact_name,1.0,1995-JK,1,2014,GEN,,,,no: app r totals for this map do not match the statutory SC/ST counts,2,SRINAGAR,2,agrees,,AC_list
Jammu & Kashmir,56,Amira kadal,5,Srinagar,23,23,AMIRA KADAL,2014,eci_code,1.0,1995-JK,1,2014,GEN,,23,yes,no: app r totals for this map do not match the statutory SC/ST counts,2,SRINAGAR,2,agrees,,AC_list;coverage;urban_mapping
Jammu & Kashmir,69,Sonawar,5,Srinagar,24,24,SONAWAR,2014,exact_name,1.0,1995-JK,1,2014,GEN,,,,no: app r totals for this map do not match the statutory SC/ST counts,2,SRINAGAR,2,agrees,,AC_list;coverage
Jammu & Kashmir,57,Batmaloo,5,Srinagar,25,25,BATMALOO,2014,eci_code,1.0,1995-JK,1,2014,GEN,,25,yes,no: app r totals for this map do not match the statutory SC/ST counts,2,SRINAGAR,2,agrees,,AC_list;coverage;urban_mapping
Jammu & Kashmir,60,Chadoora,5,Srinagar,26,26,CHADOORA,2014,eci_code,1.0,1995-JK,1,2014,GEN,,26,yes,no: app r totals for this map do not match the statutory SC/ST counts,2,SRINAGAR,2,agrees,,AC_list;coverage;urban_mapping
Jammu & Kashmir,59,Budgam,2,Baramulla,27,27,BUDGAM,2014,eci_code,1.0,1995-JK,1,2014,GEN,,27,yes,no: app r totals for this map do not match the statutory SC/ST counts,2,SRINAGAR,1,differs,,AC_list;coverage;urban_mapping
Jammu & Kashmir,58,Beerwah,2,Baramulla,28,28,BEERWAH,2014,eci_code,1.0,1995-JK,1,2014,GEN,,28,yes,no: app r totals for this map do not match the statutory SC/ST counts,2,SRINAGAR,1,differs,,AC_list;coverage;urban_mapping
Jammu & Kashmir,67,Khan Sahib,5,Srinagar,29,29,KHAN SAHIB,2014,eci_code,1.0,1995-JK,1,2014,GEN,,29,yes,no: app r totals for this map do not match the statutory SC/ST counts,2,SRINAGAR,2,agrees,,AC_list;coverage;urban_mapping
Jammu & Kashmir,61,Chrar-i-sharief,5,Srinagar,30,30,CHRAR,2014,eci_code,0.556,1995-JK,1,2014,GEN,,30,yes,no: app r totals for this map do not match the statutory SC/ST counts,2,SRINAGAR,2,agrees,eci code; name spelled differently,AC_list;coverage;urban_mapping
Jammu & Kashmir,15,Tral,5,Srinagar,31,31,TRAL,2014,eci_code,1.0,1995-JK,1,2014,GEN,,31,yes,no: app r totals for this map do not match the statutory SC/ST counts,3,ANANTNAG,2,differs,,AC_list;coverage;urban_mapping
Jammu & Kashmir,10,Pampore,5,Srinagar,32,32,PAMPORE,2014,eci_code,1.0,1995-JK,1,2014,GEN,,32,yes,no: app r totals for this map do not match the statutory SC/ST counts,3,ANANTNAG,2,differs,,AC_list;coverage;urban_mapping
Jammu & Kashmir,11,Pulwama,5,Srinagar,33,33,PULWAMA,2014,eci_code,1.0,1995-JK,1,2014,GEN,,33,yes,no: app r totals for this map do not match the statutory SC/ST counts,3,ANANTNAG,2,differs,,AC_list;coverage;urban_mapping
Jammu & Kashmir,12,Rajpora,5,Srinagar,34,34,RAJPORA,2014,exact_name,1.0,1995-JK,1,2014,GEN,,,,no: app r totals for this map do not match the statutory SC/ST counts,3,ANANTNAG,2,differs,,AC_list;coverage
Jammu & Kashmir,16,Wachi,1,Anantnag,35,35,WACHI,2014,exact_name,1.0,1995-JK,1,2014,GEN,,,,no: app r totals for this map do not match the statutory SC/ST counts,3,ANANTNAG,3,agrees,,AC_list;coverage
Jammu & Kashmir,14,Shopian,5,Srinagar,36,36,SHOPIAN,2014,eci_code,1.0,1995-JK,1,2014,GEN,,36,yes,no: app r totals for this map do not match the statutory SC/ST counts,3,ANANTNAG,2,differs,,AC_list;coverage;urban_mapping
Jammu & Kashmir,8,Noorabad,1,Anantnag,37,37,NOORABAD,2014,exact_name,1.0,1995-JK,1,2014,GEN,,,,no: app r totals for this map do not match the statutory SC/ST counts,3,ANANTNAG,3,agrees,,AC_list;coverage
Jammu & Kashmir,7,Kulgam,1,Anantnag,38,38,KULGAM,2014,eci_code,1.0,1995-JK,1,2014,GEN,,38,yes,no: app r totals for this map do not match the statutory SC/ST counts,3,ANANTNAG,3,agrees,,AC_list;coverage;urban_mapping
Jammu & Kashmir,5,Hom Shali Bugh,1,Anantnag,39,39,HOM SHALI BUGH,2014,exact_name,1.0,1995-JK,1,2014,GEN,,,,no: app r totals for this map do not match the statutory SC/ST counts,3,ANANTNAG,3,agrees,,AC_list;coverage
Jammu & Kashmir,1,Anantnag,1,Anantnag,40,40,ANANTNAG,2014,eci_code,1.0,1995-JK,1,2014,GEN,,40,yes,no: app r totals for this map do not match the statutory SC/ST counts,3,ANANTNAG,3,agrees,,AC_list;coverage;urban_mapping
Jammu & Kashmir,3,Devsar,1,Anantnag,41,41,DEVSAR,2014,eci_code,1.0,1995-JK,1,2014,GEN,,41,yes,no: app r totals for this map do not match the statutory SC/ST counts,3,ANANTNAG,3,agrees,,AC_list;coverage;urban_mapping
Jammu & Kashmir,4,Dooru,1,Anantnag,42,42,DOORU,2014,eci_code,1.0,1995-JK,1,2014,ST,,42,yes,no: app r totals for this map do not match the statutory SC/ST counts,3,ANANTNAG,3,agrees,,AC_list;coverage;urban_mapping
Jammu & Kashmir,6,Kokernag,1,Anantnag,43,43,KOKERNAG,2014,eci_code,1.0,1995-JK,1,2014,GEN,,43,yes,no: app r totals for this map do not match the statutory SC/ST counts,3,ANANTNAG,3,agrees,,AC_list;coverage;urban_mapping
Jammu & Kashmir,13,Shangus,1,Anantnag,44,44,SHANGUS,2014,eci_code,1.0,1995-JK,1,2014,GEN,,44,yes,no: app r totals for this map do not match the statutory SC/ST counts,3,ANANTNAG,3,agrees,,AC_list;coverage;urban_mapping
Jammu & Kashmir,2,Bijbehara,1,Anantnag,45,45,BIJBEHARA,2014,eci_code,1.0,1995-JK,1,2014,GEN,,45,yes,no: app r totals for this map do not match the statutory SC/ST counts,3,ANANTNAG,3,agrees,,AC_list;coverage;urban_mapping
Jammu & Kashmir,9,Pahalgam,1,Anantnag,46,46,PAHALGAM,2014,eci_code,1.0,1995-JK,1,2014,GEN,,46,yes,no: app r totals for this map do not match the statutory SC/ST counts,3,ANANTNAG,3,agrees,,AC_list;coverage;urban_mapping
Jammu & Kashmir,83,Kishtwar,6,Udhampur,51,51,KISHTWAR,2014,eci_code,1.0,1995-JK,1,2014,GEN,,51,yes,no: app r totals for this map do not match the statutory SC/ST counts,5,UDHAMPUR,5,agrees,,AC_list;coverage;urban_mapping
Jammu & Kashmir,81,Inderwal,6,Udhampur,52,52,INDERWAL,2014,exact_name,1.0,1995-JK,1,2014,GEN,,,,no: app r totals for this map do not match the statutory SC/ST counts,5,UDHAMPUR,5,agrees,,AC_list;coverage
Jammu & Kashmir,77,Doda,6,Udhampur,53,53,DODA,2014,eci_code,1.0,1995-JK,1,2014,GEN,,53,yes,no: app r totals for this map do not match the statutory SC/ST counts,5,UDHAMPUR,5,agrees,,AC_list;coverage;urban_mapping
Jammu & Kashmir,74,Bhaderwah,6,Udhampur,54,54,BHADERWAH,2014,eci_code,1.0,1995-JK,1,2014,GEN,,54,yes,no: app r totals for this map do not match the statutory SC/ST counts,5,UDHAMPUR,5,agrees,,AC_list;coverage;urban_mapping
Jammu & Kashmir,85,Ramban,6,Udhampur,55,55,RAMBAN,2014,eci_code,1.0,1995-JK,1,2014,SC,,55,yes,no: app r totals for this map do not match the statutory SC/ST counts,5,UDHAMPUR,5,agrees,,AC_list;coverage;urban_mapping
Jammu & Kashmir,72,Banihal,6,Udhampur,56,56,BANIHAL,2014,eci_code,1.0,1995-JK,1,2014,ST,,56,yes,no: app r totals for this map do not match the statutory SC/ST counts,5,UDHAMPUR,5,agrees,,AC_list;coverage;urban_mapping
Jammu & Kashmir,79,Gulab Garh,6,Udhampur,57,57,GULAB GARH,2014,exact_name,1.0,1995-JK,1,2014,GEN,,,,no: app r totals for this map do not match the statutory SC/ST counts,5,UDHAMPUR,5,agrees,,AC_list;coverage
Jammu & Kashmir,86,Reasi,6,Udhampur,58,58,REASI,2014,eci_code,1.0,1995-JK,1,2014,GEN,,58,yes,no: app r totals for this map do not match the statutory SC/ST counts,5,UDHAMPUR,5,agrees,,AC_list;coverage;urban_mapping
Jammu & Kashmir,78,Gool Arnas,6,Udhampur,59,59,GOOL ARNAS,2014,exact_name,1.0,1995-JK,1,2014,GEN,,,,no: app r totals for this map do not match the statutory SC/ST counts,5,UDHAMPUR,5,agrees,,AC_list;coverage
Jammu & Kashmir,87,Udhampur,6,Udhampur,60,60,UDHAMPUR,2014,eci_code,1.0,1995-JK,1,2014,GEN,,60,yes,no: app r totals for this map do not match the statutory SC/ST counts,5,UDHAMPUR,5,agrees,,AC_list;coverage;urban_mapping
Jammu & Kashmir,76,Chenani,6,Udhampur,61,61,CHENANI,2014,eci_code,1.0,1995-JK,1,2014,SC,,61,yes,no: app r totals for this map do not match the statutory SC/ST counts,5,UDHAMPUR,5,agrees,,AC_list;coverage;urban_mapping
Jammu & Kashmir,84,Ram Nagar,6,Udhampur,62,62,RAM NAGAR,2014,eci_code,1.0,1995-JK,1,2014,SC,,62,yes,no: app r totals for this map do not match the statutory SC/ST counts,5,UDHAMPUR,5,agrees,,AC_list;coverage;urban_mapping
Jammu & Kashmir,71,Bani,6,Udhampur,63,63,BANI,2014,exact_name,1.0,1995-JK,1,2014,GEN,,,,no: app r totals for this map do not match the statutory SC/ST counts,5,UDHAMPUR,5,agrees,,AC_list;coverage
Jammu & Kashmir,73,Basohli,6,Udhampur,64,64,BASOHLI,2014,eci_code,1.0,1995-JK,1,2014,GEN,,64,yes,no: app r totals for this map do not match the statutory SC/ST counts,5,UDHAMPUR,5,agrees,,AC_list;coverage;urban_mapping
Jammu & Kashmir,82,Kathua,6,Udhampur,65,65,KATHUA,2014,eci_code,1.0,1995-JK,1,2014,GEN,,65,yes,no: app r totals for this map do not match the statutory SC/ST counts,5,UDHAMPUR,5,agrees,,AC_list;coverage;urban_mapping
Jammu & Kashmir,75,Billawar,6,Udhampur,66,66,BILLAWAR,2014,eci_code,1.0,1995-JK,1,2014,GEN,,66,yes,no: app r totals for this map do not match the statutory SC/ST counts,5,UDHAMPUR,5,agrees,,AC_list;coverage;urban_mapping
Jammu & Kashmir,80,Hira Nagar,6,Udhampur,67,67,HIRA NAGAR,2014,eci_code,1.0,1995-JK,1,2014,SC,,67,yes,no: app r totals for this map do not match the statutory SC/ST counts,5,UDHAMPUR,5,agrees,,AC_list;coverage;urban_mapping
Jammu & Kashmir,48,Samba,3,Jammu,68,68,SAMBA(SC),2014,eci_code,1.0,1995-JK,1,2014,SC,,68,yes,no: app r totals for this map do not match the statutory SC/ST counts,6,JAMMU,6,agrees,,AC_list;coverage;urban_mapping
Jammu & Kashmir,51,Vijay pur,3,Jammu,69,69,VIJAY PUR,2014,eci_code,1.0,1995-JK,1,2014,SC,,69,yes,no: app r totals for this map do not match the statutory SC/ST counts,6,JAMMU,6,agrees,,AC_list;coverage;urban_mapping
Jammu & Kashmir,42,Nagrota,3,Jammu,70,70,NAGROTA,2014,exact_name,1.0,1995-JK,1,2014,GEN,,,,no: app r totals for this map do not match the statutory SC/ST counts,6,JAMMU,6,agrees,,AC_list;coverage
Jammu & Kashmir,36,Bahu,3,Jammu,71,71,GANDHI NAGAR,2014,manual,0.267,unknown,1,2014,GEN,,71,yes,no: app r totals for this map do not match the statutory SC/ST counts,6,JAMMU,6,agrees,"J&K: LGD ""Bahu"" (2022 name) carries LGD ECI code 71 = old Gandhi Nagar; coverage = Jammu South tehsil + part of Jammu MC",AC_list;coverage;urban_mapping
Jammu & Kashmir,37,Jammu East,3,Jammu,72,72,JAMMU EAST,2014,eci_code,1.0,1995-JK,1,2014,SC,,72,yes,no: app r totals for this map do not match the statutory SC/ST counts,6,JAMMU,6,agrees,,AC_list;coverage;urban_mapping
Jammu & Kashmir,38,Jammu West,3,Jammu,73,73,JAMMU WEST,2014,eci_code,1.0,1995-JK,1,2014,SC,,73,yes,no: app r totals for this map do not match the statutory SC/ST counts,6,JAMMU,6,agrees,,AC_list;coverage;urban_mapping
Jammu & Kashmir,33,Bishnah,3,Jammu,74,74,BISHNAH,2014,eci_code,1.0,1995-JK,1,2014,GEN,,74,yes,no: app r totals for this map do not match the statutory SC/ST counts,6,JAMMU,6,agrees,,AC_list;coverage;urban_mapping
Jammu & Kashmir,47,RS Pura South,3,Jammu,75,75,RANBIR SINGH PURA,2014,eci_code,0.571,unknown,1,2014,SC,,75,yes,no: app r totals for this map do not match the statutory SC/ST counts,6,JAMMU,6,agrees,eci code; name spelled differently,AC_list;coverage;urban_mapping
Jammu & Kashmir,49,Suchet Garh,3,Jammu,76,76,SUCHET GARH,2014,exact_name,1.0,1995-JK,1,2014,GEN,,,,no: app r totals for this map do not match the statutory SC/ST counts,6,JAMMU,6,agrees,,AC_list;coverage
Jammu & Kashmir,40,Marh,3,Jammu,77,77,MARH,2014,eci_code,1.0,1995-JK,1,2014,GEN,,77,yes,no: app r totals for this map do not match the statutory SC/ST counts,6,JAMMU,6,agrees,,AC_list;coverage;urban_mapping
Jammu & Kashmir,45,JAMMU NORTH,3,Jammu,78,78,RAIPUR DOMANA,2014,manual,0.353,unknown,1,2014,SC,,78,yes,no: app r totals for this map do not match the statutory SC/ST counts,6,JAMMU,6,agrees,"J&K: LGD ""Jammu North"" (2022 name) carries LGD ECI code 78 = old Raipur Domana; coverage = Jammu North tehsil",AC_list;coverage;urban_mapping
Jammu & Kashmir,32,Akhnoor,3,Jammu,79,79,AKHNOOR,2014,eci_code,1.0,1995-JK,1,2014,GEN,,79,yes,no: app r totals for this map do not match the statutory SC/ST counts,6,JAMMU,6,agrees,,AC_list;coverage;urban_mapping
Jammu & Kashmir,34,Chhamb,3,Jammu,80,80,CHHAMB,2014,eci_code,1.0,1995-JK,1,2014,SC,,80,yes,no: app r totals for this map do not match the statutory SC/ST counts,6,JAMMU,6,agrees,,AC_list;coverage;urban_mapping
Jammu & Kashmir,43,Nowshera,3,Jammu,81,81,NOWSHERA,2014,eci_code,1.0,1995-JK,1,2014,SC,,81,yes,no: app r totals for this map do not match the statutory SC/ST counts,6,JAMMU,6,agrees,,AC_list;coverage;urban_mapping
Jammu & Kashmir,35,Darhal,3,Jammu,82,82,DARHAL,2014,exact_name,1.0,1995-JK,1,2014,GEN,,,,no: app r totals for this map do not match the statutory SC/ST counts,6,JAMMU,6,agrees,,AC_list;coverage
Jammu & Kashmir,46,Rajouri,3,Jammu,83,83,RAJOURI,2014,eci_code,1.0,1995-JK,1,2014,GEN,,83,yes,no: app r totals for this map do not match the statutory SC/ST counts,6,JAMMU,6,agrees,,AC_list;coverage;urban_mapping
Jammu & Kashmir,39,Kala kote,3,Jammu,84,84,KALA KOTE,2014,eci_code,1.0,1995-JK,1,2014,GEN,,84,yes,no: app r totals for this map do not match the statutory SC/ST counts,6,JAMMU,6,agrees,,AC_list;coverage;urban_mapping
Jammu & Kashmir,50,Suran kote,3,Jammu,85,85,SURANKOTE,2014,exact_name,1.0,1995-JK,1,2014,ST,,,,no: app r totals for this map do not match the statutory SC/ST counts,6,JAMMU,6,agrees,,AC_list;coverage
Jammu & Kashmir,41,Mendhar,3,Jammu,86,86,MENDHAR,2014,exact_name,1.0,1995-JK,1,2014,ST,,,,no: app r totals for this map do not match the statutory SC/ST counts,6,JAMMU,6,agrees,,AC_list;coverage
Jammu & Kashmir,44,Poonch Haveli,3,Jammu,87,87,POONCH HAVELI,2014,eci_code,1.0,1995-JK,1,2014,ST,,87,yes,no: app r totals for this map do not match the statutory SC/ST counts,6,JAMMU,6,agrees,,AC_list;coverage;urban_mapping
Jharkhand,2209,Rajmahal,270,Rajmahal,1,1,RAJMAHAL,2024,eci_code,1.0,1976-deferred,20,2009;2014;2019;2024,GEN,,1,yes,yes,1,RAJMAHAL,1,agrees,,AC_list;coverage;urban_mapping
Jharkhand,2205,Borio,270,Rajmahal,2,2,BORIO,2024,exact_name,1.0,1976-deferred,20,2009;2014;2019;2024,ST,,,,yes,1,RAJMAHAL,1,agrees,,AC_list;coverage
Jharkhand,2204,Barhait,270,Rajmahal,3,3,BARHAIT,2024,exact_name,1.0,1976-deferred,20,2009;2014;2019;2024,ST,,,,yes,1,RAJMAHAL,1,agrees,,AC_list;coverage
Jharkhand,2206,Litipara,270,Rajmahal,4,4,LITIPARA,2024,exact_name,1.0,1976-deferred,20,2009;2014;2019;2024,ST,,,,yes,1,RAJMAHAL,1,agrees,,AC_list;coverage
Jharkhand,2208,Pakhur,270,Rajmahal,5,5,PAKHUR,2024,eci_code,1.0,1976-deferred,20,2009;2014;2019;2024,GEN,,5,yes,yes,1,RAJMAHAL,1,agrees,,AC_list;coverage;urban_mapping
Jharkhand,2207,Maheshpur,270,Rajmahal,6,6,MAHESHPUR,2024,exact_name,1.0,1976-deferred,20,2009;2014;2019;2024,ST,,,,yes,1,RAJMAHAL,1,agrees,,AC_list;coverage
Jharkhand,2157,Shikaripara,261,Dumka,7,7,SIKARIPARA,2024,exact_name,1.0,1976-deferred,20,2009;2014;2019;2024,ST,,,,yes,2,DUMKA,2,agrees,,AC_list;coverage
Jharkhand,2155,Nala,261,Dumka,8,8,NALA,2024,exact_name,1.0,1976-deferred,20,2009;2014;2019;2024,GEN,,,,yes,2,DUMKA,2,agrees,,AC_list;coverage
Jharkhand,2154,Jamtara,261,Dumka,9,9,JAMTARA,2024,eci_code,1.0,1976-deferred,20,2009;2014;2019;2024,GEN,,9,yes,yes,2,DUMKA,2,agrees,,AC_list;coverage;urban_mapping
Jharkhand,2152,Dumka,261,Dumka,10,10,DUMKA,2024,eci_code,1.0,1976-deferred,20,2009;2014;2019;2024,ST,,10,yes,yes,2,DUMKA,2,agrees,,AC_list;coverage;urban_mapping
Jharkhand,2153,Jama,261,Dumka,11,11,JAMA,2024,exact_name,1.0,1976-deferred,20,2009;2014;2019;2024,ST,,,,yes,2,DUMKA,2,agrees,,AC_list;coverage
Jharkhand,2166,Jarmundi,263,Godda,12,12,JARMUNDI,2024,eci_code,1.0,1976-deferred,20,2009;2014;2019;2024,GEN,,12,yes,yes,3,GODDA,3,agrees,,AC_list;coverage;urban_mapping
Jharkhand,2167,Madhupur,263,Godda,13,13,MADHUPUR,2024,eci_code,1.0,1976-deferred,20,2009;2014;2019;2024,GEN,,13,yes,yes,3,GODDA,3,agrees,,AC_list;coverage;urban_mapping
Jharkhand,2156,Sarath,261,Dumka,14,14,SARATH,2024,exact_name,1.0,1976-deferred,20,2009;2014;2019;2024,GEN,,,,yes,2,DUMKA,2,agrees,,AC_list;coverage
Jharkhand,2164,Deoghar,263,Godda,15,15,DEOGHAR,2024,eci_code,1.0,1976-deferred,20,2009;2014;2019;2024,SC,,15,yes,yes,3,GODDA,3,agrees,,AC_list;coverage;urban_mapping
Jharkhand,2169,Poreyahat,263,Godda,16,16,POREYAHAT,2024,exact_name,1.0,1976-deferred,20,2009;2014;2019;2024,GEN,,,,yes,3,GODDA,3,agrees,,AC_list;coverage
Jharkhand,2165,Godda,263,Godda,17,17,GODDA,2024,eci_code,1.0,1976-deferred,20,2009;2014;2019;2024,GEN,,17,yes,yes,3,GODDA,3,agrees,,AC_list;coverage;urban_mapping
Jharkhand,2168,Mahagama,263,Godda,18,18,MAHAGAMA,2024,eci_code,1.0,1976-deferred,20,2009;2014;2019;2024,GEN,,18,yes,yes,3,GODDA,3,agrees,,AC_list;coverage;urban_mapping
Jharkhand,2192,Kodarma,267,Kodarma,19,19,KODARMA,2024,eci_code,1.0,1976-deferred,20,2009;2014;2019;2024,GEN,,19,yes,yes,5,KODARMA,5,agrees,,AC_list;coverage;urban_mapping
Jharkhand,2188,Barkatha,267,Kodarma,20,20,BARKATHA,2024,exact_name,1.0,1976-deferred,20,2009;2014;2019;2024,GEN,,,,yes,5,KODARMA,5,agrees,,AC_list;coverage
Jharkhand,2170,Barhi,264,Hazaribagh,21,21,BARHI,2024,exact_name,1.0,1976-deferred,20,2009;2014;2019;2024,GEN,,,,yes,14,HAZARIBAGH,14,agrees,,AC_list;coverage
Jharkhand,2171,Barkagaon,264,Hazaribagh,22,22,BARKAGAON,2024,exact_name,1.0,1976-deferred,20,2009;2014;2019;2024,GEN,,,,yes,14,HAZARIBAGH,14,agrees,,AC_list;coverage
Jharkhand,2174,Ramgarh,264,Hazaribagh,23,23,RAMGARH,2024,eci_code,1.0,1976-deferred,20,2009;2014;2019;2024,GEN,,23,yes,yes,14,HAZARIBAGH,14,agrees,,AC_list;coverage;urban_mapping
Jharkhand,2173,Mandhu,264,Hazaribagh,24,24,MANDHU,2024,exact_name,1.0,1976-deferred,20,2009;2014;2019;2024,GEN,,,,yes,14,HAZARIBAGH,14,agrees,,AC_list;coverage
Jharkhand,2172,Hazaribagh,264,Hazaribagh,25,25,HAZARIBAGH,2024,eci_code,1.0,1976-deferred,20,2009;2014;2019;2024,GEN,,25,yes,yes,14,HAZARIBAGH,14,agrees,,AC_list;coverage;urban_mapping
Jharkhand,2145,Simaria,259,Chatra,26,26,SIMARIA,2024,exact_name,1.0,1976-deferred,20,2009;2014;2019;2024,SC,,,,yes,4,CHATRA,4,agrees,,AC_list;coverage
Jharkhand,2141,Chatra,259,Chatra,27,27,CHATRA,2024,eci_code,1.0,1976-deferred,20,2009;2014;2019;2024,SC,,27,yes,yes,4,CHATRA,4,agrees,,AC_list;coverage;urban_mapping
Jharkhand,2189,Dhanwar,267,Kodarma,28,28,DHANWAR,2024,eci_code,1.0,1976-deferred,20,2009;2014;2019;2024,GEN,,28,yes,yes,5,KODARMA,5,agrees,,AC_list;coverage;urban_mapping
Jharkhand,2187,Bagodar,267,Kodarma,29,29,BAGODAR,2024,eci_code,1.0,1976-deferred,20,2009;2014;2019;2024,GEN,,29,yes,yes,5,KODARMA,5,agrees,,AC_list;coverage;urban_mapping
Jharkhand,2191,Jamua,267,Kodarma,30,30,JAMUA,2024,exact_name,1.0,1976-deferred,20,2009;2014;2019;2024,SC,,,,yes,5,KODARMA,5,agrees,,AC_list;coverage
Jharkhand,2190,Gandey,267,Kodarma,31,31,GANDEY,2024,exact_name,1.0,1976-deferred,20,2009;2014;2019;2024,GEN,,,,yes,5,KODARMA,5,agrees,,AC_list;coverage
Jharkhand,2161,Giridih,262,Giridih,32,32,GIRIDIH,2024,eci_code,1.0,1976-deferred,20,2009;2014;2019;2024,GEN,,32,yes,yes,6,GIRIDIH,6,agrees,,AC_list;coverage;urban_mapping
Jharkhand,2160,Dumri,262,Giridih,33,33,DUMRI,2024,exact_name,1.0,1976-deferred,20,2009;2014;2019;2024,GEN,,,,yes,6,GIRIDIH,6,agrees,,AC_list;coverage
Jharkhand,2162,Gomiya,262,Giridih,34,34,GOMIYA,2024,exact_name,1.0,1976-deferred,20,2009;2014;2019;2024,GEN,,,,yes,6,GIRIDIH,6,agrees,,AC_list;coverage
Jharkhand,2159,Bermo,262,Giridih,35,35,BERMO,2024,eci_code,1.0,1976-deferred,20,2009;2014;2019;2024,GEN,,35,yes,yes,6,GIRIDIH,6,agrees,,AC_list;coverage;urban_mapping
Jharkhand,2146,Bokaro,260,Dhanbad,36,36,BOKARO,2024,eci_code,1.0,1976-deferred,20,2009;2014;2019;2024,GEN,,36,yes,yes,7,DHANBAD,7,agrees,,AC_list;coverage;urban_mapping
Jharkhand,2147,Chandankyari,260,Dhanbad,37,37,CHANDANKYARI,2024,exact_name,1.0,1976-deferred,20,2009;2014;2019;2024,SC,,,,yes,7,DHANBAD,7,agrees,,AC_list;coverage
Jharkhand,2151,Sindri,260,Dhanbad,38,38,SINDRI,2024,eci_code,1.0,1976-deferred,20,2009;2014;2019;2024,GEN,,38,yes,yes,7,DHANBAD,7,agrees,,AC_list;coverage;urban_mapping
Jharkhand,2150,Nirsa,260,Dhanbad,39,39,NIRSA,2024,eci_code,1.0,1976-deferred,20,2009;2014;2019;2024,GEN,,39,yes,yes,7,DHANBAD,7,agrees,,AC_list;coverage;urban_mapping
Jharkhand,2148,Dhanbad,260,Dhanbad,40,40,DHANBAD,2024,eci_code,1.0,1976-deferred,20,2009;2014;2019;2024,GEN,,40,yes,yes,7,DHANBAD,7,agrees,,AC_list;coverage;urban_mapping
Jharkhand,2149,Jharia,260,Dhanbad,41,41,JHARIA,2024,exact_name,1.0,1976-deferred,20,2009;2014;2019;2024,GEN,,,,yes,7,DHANBAD,7,agrees,,AC_list;coverage
Jharkhand,2163,Tundi,262,Giridih,42,42,TUNDI,2024,exact_name,1.0,1976-deferred,20,2009;2014;2019;2024,GEN,,,,yes,6,GIRIDIH,6,agrees,,AC_list;coverage
Jharkhand,2158,Baghmara,262,Giridih,43,43,BAGHMARA,2024,exact_name,1.0,1976-deferred,20,2009;2014;2019;2024,GEN,,,,yes,6,GIRIDIH,6,agrees,,AC_list;coverage
Jharkhand,2175,Baharagora,265,Jamshedpur,44,44,BAHARAGORA,2024,exact_name,1.0,1976-deferred,20,2009;2014;2019;2024,GEN,,41,no,yes,9,JAMSHEDPUR,9,agrees,,AC_list;coverage;urban_mapping
Jharkhand,2176,Ghatshila,265,Jamshedpur,45,45,GHATSHILA,2024,exact_name,1.0,1976-deferred,20,2009;2014;2019;2024,ST,,,,yes,9,JAMSHEDPUR,9,agrees,,AC_list;coverage
Jharkhand,2180,Potka,265,Jamshedpur,46,46,POTKA,2024,exact_name,1.0,1976-deferred,20,2009;2014;2019;2024,ST,,,,yes,9,JAMSHEDPUR,9,agrees,,AC_list;coverage
Jharkhand,2179,Jugashlai,265,Jamshedpur,47,47,JUGASHLAI,2024,eci_code,1.0,1976-deferred,20,2009;2014;2019;2024,SC,,47,yes,yes,9,JAMSHEDPUR,9,agrees,,AC_list;coverage;urban_mapping
Jharkhand,2177,Jamshedpur  East,265,Jamshedpur,48,48,JAMSHEDPUR EAST,2024,eci_code,1.0,1976-deferred,20,2009;2014;2019;2024,GEN,,48,yes,yes,9,JAMSHEDPUR,9,agrees,,AC_list;coverage;urban_mapping
Jharkhand,2178,Jamshedpur West,265,Jamshedpur,49,49,JAMSHEDPUR WEST,2024,eci_code,1.0,1976-deferred,20,2009;2014;2019;2024,GEN,,49,yes,yes,9,JAMSHEDPUR,9,agrees,,AC_list;coverage;urban_mapping
Jharkhand,2211,Ichagarh,271,Ranchi,50,50,ICHAGARH,2024,eci_code,1.0,1976-deferred,20,2009;2014;2019;2024,GEN,,50,yes,yes,8,RANCHI,8,agrees,,AC_list;coverage;urban_mapping
Jharkhand,2221,Saraikella,272,Singhbhum,51,51,SERAIKELLA,2024,eci_code,1.0,1976-deferred,20,2009;2014;2019;2024,ST,,51,yes,yes,10,SINGHBHUM,10,agrees,,AC_list;coverage;urban_mapping
Jharkhand,2216,Chaibasa,272,Singhbhum,52,52,CHAIBASA,2024,eci_code,1.0,1976-deferred,20,2009;2014;2019;2024,ST,,52,yes,yes,10,SINGHBHUM,10,agrees,,AC_list;coverage;urban_mapping
Jharkhand,2219,Majhganon,272,Singhbhum,53,53,MAJHGANON,2024,exact_name,1.0,1976-deferred,20,2009;2014;2019;2024,ST,,,,yes,10,SINGHBHUM,10,agrees,,AC_list;coverage
Jharkhand,2218,Jaganathpur,272,Singhbhum,54,54,JAGANATHPUR,2024,exact_name,1.0,1976-deferred,20,2009;2014;2019;2024,ST,,,,yes,10,SINGHBHUM,10,agrees,,AC_list;coverage
Jharkhand,2220,Manoharpur,272,Singhbhum,55,55,MANOHARPUR,2024,exact_name,1.0,1976-deferred,20,2009;2014;2019;2024,ST,,,,yes,10,SINGHBHUM,10,agrees,,AC_list;coverage
Jharkhand,2217,Chakradharpur,272,Singhbhum,56,56,CHAKRADHARPUR,2024,eci_code,1.0,1976-deferred,20,2009;2014;2019;2024,ST,,56,yes,yes,10,SINGHBHUM,10,agrees,,AC_list;coverage;urban_mapping
Jharkhand,2181,Kharasawan,266,Khunti,57,57,KHARASAWAN,2024,exact_name,1.0,1976-deferred,20,2009;2014;2019;2024,ST,,,,yes,11,KHUNTI,11,agrees,,AC_list;coverage
Jharkhand,2185,Tamar,266,Khunti,58,58,TAMAR,2024,eci_code,1.0,1976-deferred,20,2009;2014;2019;2024,ST,,58,yes,yes,11,KHUNTI,11,agrees,,AC_list;coverage;urban_mapping
Jharkhand,2186,Torpa,266,Khunti,59,59,TORPA,2024,exact_name,1.0,1976-deferred,20,2009;2014;2019;2024,ST,,,,yes,11,KHUNTI,11,agrees,,AC_list;coverage
Jharkhand,2182,Khunti,266,Khunti,60,60,KHUNTI,2024,eci_code,1.0,1976-deferred,20,2009;2014;2019;2024,ST,,60,yes,yes,11,KHUNTI,11,agrees,,AC_list;coverage;urban_mapping
Jharkhand,2215,Silli,271,Ranchi,61,61,SILLI,2024,exact_name,1.0,1976-deferred,20,2009;2014;2019;2024,GEN,,,,yes,8,RANCHI,8,agrees,,AC_list;coverage
Jharkhand,2213,Khijri,271,Ranchi,62,62,KHIJRI,2024,exact_name,1.0,1976-deferred,20,2009;2014;2019;2024,ST,,,,yes,8,RANCHI,8,agrees,,AC_list;coverage
Jharkhand,2214,Ranchi,271,Ranchi,63,63,RANCHI,2024,eci_code,1.0,1976-deferred,20,2009;2014;2019;2024,GEN,,63,yes,yes,8,RANCHI,8,agrees,,AC_list;coverage;urban_mapping
Jharkhand,2210,Hatia,271,Ranchi,64,64,HATIA,2024,exact_name,1.0,1976-deferred,20,2009;2014;2019;2024,GEN,,,,yes,8,RANCHI,8,agrees,,AC_list;coverage
Jharkhand,2212,Kanke,271,Ranchi,65,65,KANKE,2024,eci_code,1.0,1976-deferred,20,2009;2014;2019;2024,SC,,65,yes,yes,8,RANCHI,8,agrees,,AC_list;coverage;urban_mapping
Jharkhand,2196,Mandar,268,Lohardaga,66,66,MANDAR,2024,exact_name,1.0,1976-deferred,20,2009;2014;2019;2024,ST,,,,yes,12,LOHARDAGA,12,agrees,,AC_list;coverage
Jharkhand,2197,Sisai,268,Lohardaga,67,67,SISAI,2024,exact_name,1.0,1976-deferred,20,2009;2014;2019;2024,ST,,,,yes,12,LOHARDAGA,12,agrees,,AC_list;coverage
Jharkhand,2194,Gumla,268,Lohardaga,68,68,GUMLA,2024,eci_code,1.0,1976-deferred,20,2009;2014;2019;2024,ST,,68,yes,yes,12,LOHARDAGA,12,agrees,,AC_list;coverage;urban_mapping
Jharkhand,2193,Bishunpur,268,Lohardaga,69,69,BISHUNPUR,2024,exact_name,1.0,1976-deferred,20,2009;2014;2019;2024,ST,,,,yes,12,LOHARDAGA,12,agrees,,AC_list;coverage
Jharkhand,2184,Simdega,266,Khunti,70,70,SIMDEGA,2024,eci_code,1.0,1976-deferred,20,2009;2014;2019;2024,ST,,70,yes,yes,11,KHUNTI,11,agrees,,AC_list;coverage;urban_mapping
Jharkhand,2183,Kolebira,266,Khunti,71,71,KOLEBIRA,2024,exact_name,1.0,1976-deferred,20,2009;2014;2019;2024,ST,,,,yes,11,KHUNTI,11,agrees,,AC_list;coverage
Jharkhand,2195,Lohardaga,268,Lohardaga,72,72,LOHARDAGA,2024,eci_code,1.0,1976-deferred,20,2009;2014;2019;2024,ST,,72,yes,yes,12,LOHARDAGA,12,agrees,,AC_list;coverage;urban_mapping
Jharkhand,2143,Manika,259,Chatra,73,73,MANIKA,2024,exact_name,1.0,1976-deferred,20,2009;2014;2019;2024,ST,,,,yes,4,CHATRA,4,agrees,,AC_list;coverage
Jharkhand,2142,Latehar,259,Chatra,74,74,LATEHAR,2024,eci_code,1.0,1976-deferred,20,2009;2014;2019;2024,SC,,74,yes,yes,4,CHATRA,4,agrees,,AC_list;coverage;urban_mapping
Jharkhand,2144,Panki,259,Chatra,75,75,PANKI,2024,exact_name,1.0,1976-deferred,20,2009;2014;2019;2024,GEN,,,,yes,4,CHATRA,4,agrees,,AC_list;coverage
Jharkhand,2201,Daltonganj,269,Palamau,76,76,DALTONGANJ,2024,eci_code,1.0,1976-deferred,20,2009;2014;2019;2024,GEN,,76,yes,yes,13,PALAMU,13,agrees,,AC_list;coverage;urban_mapping
Jharkhand,2199,Bishrampur,269,Palamau,77,77,BISHRAMPUR,2024,eci_code,1.0,1976-deferred,20,2009;2014;2019;2024,GEN,,77,yes,yes,13,PALAMU,13,agrees,,AC_list;coverage;urban_mapping
Jharkhand,2200,Chattarpur,269,Palamau,78,78,CHHATARPUR,2024,eci_code,1.0,1976-deferred,20,2009;2014;2019;2024,SC,,78,yes,yes,13,PALAMU,13,agrees,,AC_list;coverage;urban_mapping
Jharkhand,2203,Hussainabad,269,Palamau,79,79,HUSSAINABAD,2024,eci_code,1.0,1976-deferred,20,2009;2014;2019;2024,GEN,,79,yes,yes,13,PALAMU,13,agrees,,AC_list;coverage;urban_mapping
Jharkhand,2202,Garhwa,269,Palamau,80,80,GARHWA,2024,eci_code,1.0,1976-deferred,20,2009;2014;2019;2024,GEN,,80,yes,yes,13,PALAMU,13,agrees,,AC_list;coverage;urban_mapping
Jharkhand,2198,Bhawanathpur,269,Palamau,81,81,BHAWANATHPUR,2024,eci_code,1.0,1976-deferred,20,2009;2014;2019;2024,GEN,,81,yes,yes,13,PALAMU,13,agrees,,AC_list;coverage;urban_mapping
Karnataka,3546,Nippani,463,Chikkodi,1,1,NIPPANI,2023,eci_code,1.0,2008,29,2013;2018;2023,GEN,,1,yes,yes,1,CHIKKODI,1,agrees,,AC_list;coverage;urban_mapping
Karnataka,3542,Chikkodi-Sadalga,463,Chikkodi,2,2,CHIKKODI-SADALGA,2023,eci_code,1.0,2008,29,2013;2018;2023,GEN,,2,yes,yes,1,CHIKKODI,1,agrees,,AC_list;coverage;urban_mapping
Karnataka,3541,Athani,463,Chikkodi,3,3,ATHANI,2023,eci_code,1.0,2008,29,2013;2018;2023,GEN,,3,yes,yes,1,CHIKKODI,1,agrees,,AC_list;coverage;urban_mapping
Karnataka,3544,Kagwad,463,Chikkodi,4,4,KAGWAD,2023,eci_code,1.0,2008,29,2013;2018;2023,GEN,,4,yes,yes,1,CHIKKODI,1,agrees,,AC_list;coverage;urban_mapping
Karnataka,3545,Kudachi,463,Chikkodi,5,5,KUDACHI,2023,eci_code,1.0,2008,29,2013;2018;2023,SC,,5,yes,yes,1,CHIKKODI,1,agrees,,AC_list;coverage;urban_mapping
Karnataka,3547,Raybag,463,Chikkodi,6,6,RAYBAG,2023,eci_code,1.0,2008,29,2013;2018;2023,SC,,6,yes,yes,1,CHIKKODI,1,agrees,,AC_list;coverage;urban_mapping
Karnataka,3543,Hukkeri,463,Chikkodi,7,7,HUKKERI,2023,eci_code,1.0,2008,29,2013;2018;2023,GEN,,7,yes,yes,1,CHIKKODI,1,agrees,,AC_list;coverage;urban_mapping
Karnataka,3493,Arabhavi,457,Belagavi,8,8,ARABHAVI,2023,eci_code,1.0,2008,29,2013;2018;2023,GEN,,8,yes,yes,2,BELGAUM,2,agrees,,AC_list;coverage;urban_mapping
Karnataka,3498,Gokak,457,Belagavi,9,9,GOKAK,2023,eci_code,1.0,2008,29,2013;2018;2023,GEN,,9,yes,yes,2,BELGAUM,2,agrees,,AC_list;coverage;urban_mapping
Karnataka,3548,Yemkanmardi,463,Chikkodi,10,10,YEMKANMARDI,2023,exact_name,1.0,2008,29,2013;2018;2023,ST,,,,yes,1,CHIKKODI,1,agrees,,AC_list;coverage
Karnataka,3497,Belagavi Uttar,457,Belagavi,11,11,BELGAUM UTTAR,2023,eci_code,1.0,2008,29,2013;2018;2023,GEN,,11,yes,yes,2,BELGAUM,2,agrees,eci code; official rename (BELAGAVI=BELGAUM),AC_list;coverage;urban_mapping
Karnataka,3495,Belagavi Dakshin,457,Belagavi,12,12,BELGAUM DAKSHIN,2023,eci_code,1.0,2008,29,2013;2018;2023,GEN,,12,yes,yes,2,BELGAUM,2,agrees,eci code; official rename (BELAGAVI=BELGAUM),AC_list;coverage;urban_mapping
Karnataka,3496,Belagavi Rural,457,Belagavi,13,13,BELGAUM RURAL,2023,eci_code,1.0,2008,29,2013;2018;2023,GEN,,13,yes,yes,2,BELGAUM,2,agrees,eci code; official rename (BELAGAVI=BELGAUM),AC_list;coverage;urban_mapping
Karnataka,3672,Khanapur,479,Uttara Kannada,14,14,KHANAPUR,2023,eci_code,1.0,2008,29,2013;2018;2023,GEN,,14,yes,yes,12,UTTARA KANNADA,12,agrees,,AC_list;coverage;urban_mapping
Karnataka,3673,Kittur,479,Uttara Kannada,15,15,KITTUR,2023,eci_code,1.0,2008,29,2013;2018;2023,GEN,,15,yes,yes,12,UTTARA KANNADA,12,agrees,,AC_list;coverage;urban_mapping
Karnataka,3494,Bailhongal,457,Belagavi,16,16,BAILHONGAL,2023,exact_name,1.0,2008,29,2013;2018;2023,GEN,,,,yes,2,BELGAUM,2,agrees,,AC_list;coverage
Karnataka,3500,Saundatti yellamma,457,Belagavi,17,17,SAUNDATTI YELLAMMA,2023,eci_code,1.0,2008,29,2013;2018;2023,GEN,,17,yes,yes,2,BELGAUM,2,agrees,,AC_list;coverage;urban_mapping
Karnataka,3499,Ramdurg,457,Belagavi,18,18,RAMDURG,2023,eci_code,1.0,2008,29,2013;2018;2023,GEN,,18,yes,yes,2,BELGAUM,2,agrees,,AC_list;coverage;urban_mapping
Karnataka,3458,Mudhol,452,Bagalkot,19,19,MUDHOL,2023,eci_code,1.0,2008,29,2013;2018;2023,SC,,19,yes,yes,3,BAGALKOT,3,agrees,,AC_list;coverage;urban_mapping
Karnataka,3460,Terdal,452,Bagalkot,20,20,TERDAL,2023,eci_code,1.0,2008,29,2013;2018;2023,GEN,,20,yes,yes,3,BAGALKOT,3,agrees,,AC_list;coverage;urban_mapping
Karnataka,3457,Jamkhandi,452,Bagalkot,21,21,JAMKHANDI,2023,eci_code,1.0,2008,29,2013;2018;2023,GEN,,21,yes,yes,3,BAGALKOT,3,agrees,,AC_list;coverage;urban_mapping
Karnataka,3455,Bilgi,452,Bagalkot,22,22,BILGI,2023,eci_code,1.0,2008,29,2013;2018;2023,GEN,,22,yes,yes,3,BAGALKOT,3,agrees,,AC_list;coverage;urban_mapping
Karnataka,3453,Badami,452,Bagalkot,23,23,BADAMI,2023,eci_code,1.0,2008,29,2013;2018;2023,GEN,,23,yes,yes,3,BAGALKOT,3,agrees,,AC_list;coverage;urban_mapping
Karnataka,3454,Bagalkot,452,Bagalkot,24,24,BAGALKOT,2023,eci_code,1.0,2008,29,2013;2018;2023,GEN,,24,yes,yes,3,BAGALKOT,3,agrees,,AC_list;coverage;urban_mapping
Karnataka,3456,Hungund,452,Bagalkot,25,25,HUNGUND,2023,eci_code,1.0,2008,29,2013;2018;2023,GEN,,25,yes,yes,3,BAGALKOT,3,agrees,,AC_list;coverage;urban_mapping
Karnataka,3522,Muddebihal,460,Vijayapura,26,26,MUDDEBIHAL,2023,eci_code,1.0,2008,29,2013;2018;2023,GEN,,26,yes,yes,4,BIJAPUR,4,agrees,,AC_list;coverage;urban_mapping
Karnataka,3520,Devar Hippargi,460,Vijayapura,27,27,DEVAR HIPPARGI,2023,eci_code,1.0,2008,29,2013;2018;2023,GEN,,27,yes,yes,4,BIJAPUR,4,agrees,,AC_list;coverage;urban_mapping
Karnataka,3518,Basavana Bagevadi,460,Vijayapura,28,28,BASAVANA BAGEVADI,2023,eci_code,1.0,2008,29,2013;2018;2023,GEN,,28,yes,yes,4,BIJAPUR,4,agrees,,AC_list;coverage;urban_mapping
Karnataka,3517,Babaleshwar,460,Vijayapura,29,29,BABALESHWAR,2023,eci_code,1.0,2008,29,2013;2018;2023,GEN,,29,yes,yes,4,BIJAPUR,4,agrees,,AC_list;coverage;urban_mapping
Karnataka,3519,Vijayapura City,460,Vijayapura,30,30,BIJAPUR CITY,2023,eci_code,1.0,2008,29,2013;2018;2023,GEN,,30,yes,yes,4,BIJAPUR,4,agrees,eci code; official rename (VIJAYAPURA=BIJAPUR),AC_list;coverage;urban_mapping
Karnataka,3523,Nagthan,460,Vijayapura,31,31,NAGTHAN,2023,eci_code,1.0,2008,29,2013;2018;2023,SC,,31,yes,yes,4,BIJAPUR,4,agrees,,AC_list;coverage;urban_mapping
Karnataka,3521,Indi,460,Vijayapura,32,32,INDI,2023,exact_name,1.0,2008,29,2013;2018;2023,GEN,,,,yes,4,BIJAPUR,4,agrees,,AC_list;coverage
Karnataka,3524,Sindgi,460,Vijayapura,33,33,SINDGI,2023,eci_code,1.0,2008,29,2013;2018;2023,GEN,,33,yes,yes,4,BIJAPUR,4,agrees,,AC_list;coverage;urban_mapping
Karnataka,3581,Afzalpur,468,Kalaburagi,34,34,AFZALPUR,2023,eci_code,1.0,2008,29,2013;2018;2023,GEN,,34,yes,yes,5,GULBARGA,5,agrees,,AC_list;coverage;urban_mapping
Karnataka,3587,Jevargi,468,Kalaburagi,35,35,JEVARGI,2023,eci_code,1.0,2008,29,2013;2018;2023,GEN,,35,yes,yes,5,GULBARGA,5,agrees,,AC_list;coverage;urban_mapping
Karnataka,3643,Shorapur,475,Raichur,36,36,SHORAPUR,2023,eci_code,1.0,2008,29,2013;2018;2023,ST,,36,yes,yes,6,RAICHUR,6,agrees,,AC_list;coverage;urban_mapping
Karnataka,3642,Shahapur,475,Raichur,37,37,SHAHAPUR,2023,eci_code,1.0,2008,29,2013;2018;2023,GEN,,37,yes,yes,6,RAICHUR,6,agrees,,AC_list;coverage;urban_mapping
Karnataka,3644,Yadgir,475,Raichur,38,38,YADGIR,2023,eci_code,1.0,2008,29,2013;2018;2023,GEN,,38,yes,yes,6,RAICHUR,6,agrees,,AC_list;coverage;urban_mapping
Karnataka,3586,Gurmitkal,468,Kalaburagi,39,39,GURMITKAL,2023,eci_code,1.0,2008,29,2013;2018;2023,GEN,,39,yes,yes,5,GULBARGA,5,agrees,,AC_list;coverage;urban_mapping
Karnataka,3582,Chittapur,468,Kalaburagi,40,40,CHITTAPUR,2023,eci_code,1.0,2008,29,2013;2018;2023,SC,,40,yes,yes,5,GULBARGA,5,agrees,,AC_list;coverage;urban_mapping
Karnataka,3588,Sedam,468,Kalaburagi,41,41,SEDAM,2023,eci_code,1.0,2008,29,2013;2018;2023,GEN,,41,yes,yes,5,GULBARGA,5,agrees,,AC_list;coverage;urban_mapping
Karnataka,3515,Chincholi,459,Bidar,42,42,CHINCHOLI,2023,eci_code,1.0,2008,29,2013;2018;2023,SC,,42,yes,yes,7,BIDAR,7,agrees,,AC_list;coverage;urban_mapping
Karnataka,3584,Kalaburagi Rural,468,Kalaburagi,43,43,GULBARGA RURAL,2023,eci_code,1.0,2008,29,2013;2018;2023,SC,,43,yes,yes,5,GULBARGA,5,agrees,eci code; official rename (KALABURAGI=GULBARGA),AC_list;coverage;urban_mapping
Karnataka,3583,Kalaburagi Dakshin,468,Kalaburagi,44,44,GULBARGA DAKSHIN,2023,eci_code,1.0,2008,29,2013;2018;2023,GEN,,44,yes,yes,5,GULBARGA,5,agrees,eci code; official rename (KALABURAGI=GULBARGA),AC_list;coverage;urban_mapping
Karnataka,3585,Kalaburagi Uttar,468,Kalaburagi,45,45,GULBARGA UTTAR,2023,eci_code,1.0,2008,29,2013;2018;2023,GEN,,45,yes,yes,5,GULBARGA,5,agrees,eci code; official rename (KALABURAGI=GULBARGA),AC_list;coverage;urban_mapping
Karnataka,3509,Aland,459,Bidar,46,46,ALAND,2023,eci_code,1.0,2008,29,2013;2018;2023,GEN,,46,yes,yes,7,BIDAR,7,agrees,,AC_list;coverage;urban_mapping
Karnataka,3511,Basavakalyan,459,Bidar,47,47,BASAVAKALYAN,2023,eci_code,1.0,2008,29,2013;2018;2023,GEN,,47,yes,yes,7,BIDAR,7,agrees,,AC_list;coverage;urban_mapping
Karnataka,3516,Homnabad,459,Bidar,48,48,HOMNABAD,2023,eci_code,1.0,2008,29,2013;2018;2023,GEN,,48,yes,yes,7,BIDAR,7,agrees,,AC_list;coverage;urban_mapping
Karnataka,3514,Bidar South,459,Bidar,49,49,BIDAR SOUTH,2023,exact_name,1.0,2008,29,2013;2018;2023,GEN,,,,yes,7,BIDAR,7,agrees,,AC_list;coverage
Karnataka,3513,Bidar,459,Bidar,50,50,BIDAR,2023,exact_name,1.0,2008,29,2013;2018;2023,GEN,,,,yes,7,BIDAR,7,agrees,,AC_list;coverage
Karnataka,3512,Bhalki,459,Bidar,51,51,BHALKI,2023,eci_code,1.0,2008,29,2013;2018;2023,GEN,,51,yes,yes,7,BIDAR,7,agrees,,AC_list;coverage;urban_mapping
Karnataka,3510,Aurad,459,Bidar,52,52,AURAD,2023,eci_code,1.0,2008,29,2013;2018;2023,SC,,52,yes,yes,7,BIDAR,7,agrees,,AC_list;coverage;urban_mapping
Karnataka,3641,Raichur Rural,475,Raichur,53,53,RAICHUR RURAL,2023,exact_name,1.0,2008,29,2013;2018;2023,ST,,,,yes,6,RAICHUR,6,agrees,,AC_list;coverage
Karnataka,3640,Raichur,475,Raichur,54,54,RAICHUR,2023,exact_name,1.0,2008,29,2013;2018;2023,GEN,,,,yes,6,RAICHUR,6,agrees,,AC_list;coverage
Karnataka,3639,Manvi,475,Raichur,55,55,MANVI,2023,eci_code,1.0,2008,29,2013;2018;2023,ST,,55,yes,yes,6,RAICHUR,6,agrees,,AC_list;coverage;urban_mapping
Karnataka,3637,Devadurga,475,Raichur,56,56,DEVADURGA,2023,eci_code,1.0,2008,29,2013;2018;2023,ST,,56,yes,yes,6,RAICHUR,6,agrees,,AC_list;coverage;urban_mapping
Karnataka,3638,Lingsugur,475,Raichur,57,57,LINGSUGUR,2023,eci_code,1.0,2008,29,2013;2018;2023,SC,,57,yes,yes,6,RAICHUR,6,agrees,,AC_list;coverage;urban_mapping
Karnataka,3618,Sindhanur,472,Koppal,58,58,SINDHANUR,2023,eci_code,1.0,2008,29,2013;2018;2023,GEN,,58,yes,yes,8,KOPPAL,8,agrees,,AC_list;coverage;urban_mapping
Karnataka,3617,Maski,472,Koppal,59,59,MASKI,2023,eci_code,1.0,2008,29,2013;2018;2023,ST,,59,yes,yes,8,KOPPAL,8,agrees,,AC_list;coverage;urban_mapping
Karnataka,3616,Kushtagi,472,Koppal,60,60,KUSHTAGI,2023,eci_code,1.0,2008,29,2013;2018;2023,GEN,,60,yes,yes,8,KOPPAL,8,agrees,,AC_list;coverage;urban_mapping
Karnataka,3614,Kanakagiri,472,Koppal,61,61,KANAKAGIRI,2023,eci_code,1.0,2008,29,2013;2018;2023,SC,,61,yes,yes,8,KOPPAL,8,agrees,,AC_list;coverage;urban_mapping
Karnataka,3613,Gangawati,472,Koppal,62,62,GANGAWATI,2023,eci_code,1.0,2008,29,2013;2018;2023,GEN,,62,yes,yes,8,KOPPAL,8,agrees,,AC_list;coverage;urban_mapping
Karnataka,3620,Yelburga,472,Koppal,63,63,YELBURGA,2023,eci_code,1.0,2008,29,2013;2018;2023,GEN,,63,yes,yes,8,KOPPAL,8,agrees,,AC_list;coverage;urban_mapping
Karnataka,3615,Koppal,472,Koppal,64,64,KOPPAL,2023,eci_code,1.0,2008,29,2013;2018;2023,GEN,,64,yes,yes,8,KOPPAL,8,agrees,,AC_list;coverage;urban_mapping
Karnataka,3604,Shirahatti,470,Haveri,65,65,SHIRAHATTI,2023,exact_name,1.0,2008,29,2013;2018;2023,SC,,,,yes,10,HAVERI,10,agrees,,AC_list;coverage
Karnataka,3598,Gadag,470,Haveri,66,66,GADAG,2023,eci_code,1.0,2008,29,2013;2018;2023,GEN,,66,yes,yes,10,HAVERI,10,agrees,,AC_list;coverage;urban_mapping
Karnataka,3603,Ron,470,Haveri,67,67,RON,2023,exact_name,1.0,2008,29,2013;2018;2023,GEN,,,,yes,10,HAVERI,10,agrees,,AC_list;coverage
Karnataka,3459,Nargund,452,Bagalkot,68,68,NARGUND,2023,exact_name,1.0,2008,29,2013;2018;2023,GEN,,,,yes,3,BAGALKOT,3,agrees,,AC_list;coverage
Karnataka,3579,Navalgund,467,Dharwad,69,69,NAVALGUND,2023,eci_code,1.0,2008,29,2013;2018;2023,GEN,,69,yes,yes,11,DHARWAD,11,agrees,,AC_list;coverage;urban_mapping
Karnataka,3578,Kundgol,467,Dharwad,70,70,KUNDGOL,2023,eci_code,1.0,2008,29,2013;2018;2023,GEN,,70,yes,yes,11,DHARWAD,11,agrees,,AC_list;coverage;urban_mapping
Karnataka,3573,Dharwad,467,Dharwad,71,71,DHARWAD,2023,eci_code,1.0,2008,29,2013;2018;2023,GEN,,71,yes,yes,11,DHARWAD,11,agrees,,AC_list;coverage;urban_mapping
Karnataka,3576,Hubballi Dharwad East,467,Dharwad,72,72,HUBLI-DHARWAD-EAST,2023,eci_code,1.0,2008,29,2013;2018;2023,SC,,72,yes,yes,11,DHARWAD,11,agrees,eci code; official rename (HUBBALLI=HUBLI),AC_list;coverage;urban_mapping
Karnataka,3575,Hubballi Dharwad Central,467,Dharwad,73,73,HUBLI-DHARWAD-CENTRAL,2023,eci_code,1.0,2008,29,2013;2018;2023,GEN,,73,yes,yes,11,DHARWAD,11,agrees,eci code; official rename (HUBBALLI=HUBLI),AC_list;coverage;urban_mapping
Karnataka,3574,Hubballi Dharwad West,467,Dharwad,74,74,HUBLI-DHARWAD- WEST,2023,eci_code,1.0,2008,29,2013;2018;2023,GEN,,74,yes,yes,11,DHARWAD,11,agrees,eci code; official rename (HUBBALLI=HUBLI),AC_list;coverage;urban_mapping
Karnataka,3577,Kalghatgi,467,Dharwad,75,75,KALGHATGI,2023,eci_code,1.0,2008,29,2013;2018;2023,GEN,,75,yes,yes,11,DHARWAD,11,agrees,,AC_list;coverage;urban_mapping
Karnataka,3670,Haliyal,479,Uttara Kannada,76,76,HALIYAL,2023,eci_code,1.0,2008,29,2013;2018;2023,GEN,,76,yes,yes,12,UTTARA KANNADA,12,agrees,,AC_list;coverage;urban_mapping
Karnataka,3671,Karwar,479,Uttara Kannada,77,77,KARWAR,2023,eci_code,1.0,2008,29,2013;2018;2023,GEN,,77,yes,yes,12,UTTARA KANNADA,12,agrees,,AC_list;coverage;urban_mapping
Karnataka,3674,Kumta,479,Uttara Kannada,78,78,KUMTA,2023,eci_code,1.0,2008,29,2013;2018;2023,GEN,,78,yes,yes,12,UTTARA KANNADA,12,agrees,,AC_list;coverage;urban_mapping
Karnataka,3669,Bhatkal,479,Uttara Kannada,79,79,BHATKAL,2023,eci_code,1.0,2008,29,2013;2018;2023,GEN,,79,yes,yes,12,UTTARA KANNADA,12,agrees,,AC_list;coverage;urban_mapping
Karnataka,3675,Sirsi,479,Uttara Kannada,80,80,SIRSI,2023,eci_code,1.0,2008,29,2013;2018;2023,GEN,,80,yes,yes,12,UTTARA KANNADA,12,agrees,,AC_list;coverage;urban_mapping
Karnataka,3676,Yellapur,479,Uttara Kannada,81,81,YELLAPUR,2023,eci_code,1.0,2008,29,2013;2018;2023,GEN,,81,yes,yes,12,UTTARA KANNADA,12,agrees,,AC_list;coverage;urban_mapping
Karnataka,3599,Hangal,470,Haveri,82,82,HANGAL,2023,eci_code,1.0,2008,29,2013;2018;2023,GEN,,82,yes,yes,10,HAVERI,10,agrees,,AC_list;coverage;urban_mapping
Karnataka,3580,Shiggaon,467,Dharwad,83,83,SHIGGAON,2023,eci_code,1.0,2008,29,2013;2018;2023,GEN,,83,yes,yes,11,DHARWAD,11,agrees,,AC_list;coverage;urban_mapping
Karnataka,3600,Haveri,470,Haveri,84,84,HAVERI,2023,eci_code,1.0,2008,29,2013;2018;2023,SC,,84,yes,yes,10,HAVERI,10,agrees,,AC_list;coverage;urban_mapping
Karnataka,3597,Byadgi,470,Haveri,85,85,BYADGI,2023,eci_code,1.0,2008,29,2013;2018;2023,GEN,,85,yes,yes,10,HAVERI,10,agrees,,AC_list;coverage;urban_mapping
Karnataka,3601,Hirekerur,470,Haveri,86,86,HIREKERUR,2023,eci_code,1.0,2008,29,2013;2018;2023,GEN,,86,yes,yes,10,HAVERI,10,agrees,,AC_list;coverage;urban_mapping
Karnataka,3602,Ranibennur,470,Haveri,87,87,RANIBENNUR,2023,eci_code,1.0,2008,29,2013;2018;2023,GEN,,87,yes,yes,10,HAVERI,10,agrees,,AC_list;coverage;urban_mapping
Karnataka,3503,Hadagalli,458,Ballari,88,88,HADAGALLI,2023,eci_code,1.0,2008,29,2013;2018;2023,SC,,88,yes,yes,9,BELLARY,9,agrees,,AC_list;coverage;urban_mapping
Karnataka,3504,Hagaribommanahalli,458,Ballari,89,89,HAGARIBOMMANAHALLI,2023,eci_code,1.0,2008,29,2013;2018;2023,SC,,89,yes,yes,9,BELLARY,9,agrees,,AC_list;coverage;urban_mapping
Karnataka,3508,Vijayanagara,458,Ballari,90,90,VIJAYANAGARA,2023,eci_code,1.0,2008,29,2013;2018;2023,GEN,,90,yes,yes,9,BELLARY,9,agrees,,AC_list;coverage;urban_mapping
Karnataka,3505,Kampli,458,Ballari,91,91,KAMPLI,2023,eci_code,1.0,2008,29,2013;2018;2023,ST,,91,yes,yes,9,BELLARY,9,agrees,,AC_list;coverage;urban_mapping
Karnataka,3619,Siruguppa,472,Koppal,92,92,SIRUGUPPA,2023,eci_code,1.0,2008,29,2013;2018;2023,ST,,92,yes,yes,8,KOPPAL,8,agrees,,AC_list;coverage;urban_mapping
Karnataka,3501,Ballari,458,Ballari,93,93,BELLARY,2023,fuzzy,1.0,2008,29,2013;2018;2023,ST,,,,yes,9,BELLARY,9,agrees,official rename (BALLARI=BELLARY),AC_list;coverage
Karnataka,3502,Ballari City,458,Ballari,94,94,BELLARY CITY,2023,eci_code,1.0,2008,29,2013;2018;2023,GEN,,94,yes,yes,9,BELLARY,9,agrees,eci code; official rename (BALLARI=BELLARY),AC_list;coverage;urban_mapping
Karnataka,3507,Sandur,458,Ballari,95,95,SANDUR,2023,eci_code,1.0,2008,29,2013;2018;2023,ST,,95,yes,yes,9,BELLARY,9,agrees,,AC_list;coverage;urban_mapping
Karnataka,3506,Kudligi,458,Ballari,96,96,KUDLIGI,2023,eci_code,1.0,2008,29,2013;2018;2023,ST,,96,yes,yes,9,BELLARY,9,agrees,,AC_list;coverage;urban_mapping
Karnataka,3554,Molakalmuru,464,Chitradurga,97,97,MOLAKALMURU,2023,eci_code,1.0,2008,29,2013;2018;2023,ST,,97,yes,yes,18,CHITRADURGA,18,agrees,,AC_list;coverage;urban_mapping
Karnataka,3549,Challakere,464,Chitradurga,98,98,CHALLAKERE,2023,eci_code,1.0,2008,29,2013;2018;2023,ST,,98,yes,yes,18,CHITRADURGA,18,agrees,,AC_list;coverage;urban_mapping
Karnataka,3550,Chitradurga,464,Chitradurga,99,99,CHITRADURGA,2023,eci_code,1.0,2008,29,2013;2018;2023,GEN,,99,yes,yes,18,CHITRADURGA,18,agrees,,AC_list;coverage;urban_mapping
Karnataka,3551,Hiriyur,464,Chitradurga,100,100,HIRIYUR,2023,eci_code,1.0,2008,29,2013;2018;2023,GEN,,100,yes,yes,18,CHITRADURGA,18,agrees,,AC_list;coverage;urban_mapping
Karnataka,3553,Hosadurga,464,Chitradurga,101,101,HOSADURGA,2023,eci_code,1.0,2008,29,2013;2018;2023,GEN,,101,yes,yes,18,CHITRADURGA,18,agrees,,AC_list;coverage;urban_mapping
Karnataka,3552,Holalkere,464,Chitradurga,102,102,HOLALKERE,2023,exact_name,1.0,2008,29,2013;2018;2023,SC,,,,yes,18,CHITRADURGA,18,agrees,,AC_list;coverage
Karnataka,3571,Jagalur,466,Davanagere,103,103,JAGALUR,2023,eci_code,1.0,2008,29,2013;2018;2023,ST,,103,yes,yes,13,DAVANAGERE,13,agrees,,AC_list;coverage;urban_mapping
Karnataka,3568,Harapanahalli,466,Davanagere,104,104,HARAPANAHALLI,2023,exact_name,1.0,2008,29,2013;2018;2023,GEN,,,,yes,13,DAVANAGERE,13,agrees,,AC_list;coverage
Karnataka,3569,Harihar,466,Davanagere,105,105,HARIHAR,2023,eci_code,1.0,2008,29,2013;2018;2023,GEN,,105,yes,yes,13,DAVANAGERE,13,agrees,,AC_list;coverage;urban_mapping
Karnataka,3566,Davanagere North,466,Davanagere,106,106,DAVANAGERE NORTH,2023,eci_code,1.0,2008,29,2013;2018;2023,GEN,,106,yes,yes,13,DAVANAGERE,13,agrees,,AC_list;coverage;urban_mapping
Karnataka,3567,Davanagere South,466,Davanagere,107,107,DAVANAGERE SOUTH,2023,eci_code,1.0,2008,29,2013;2018;2023,GEN,,107,yes,yes,13,DAVANAGERE,13,agrees,,AC_list;coverage;urban_mapping
Karnataka,3572,Mayakonda,466,Davanagere,108,108,MAYAKONDA,2023,exact_name,1.0,2008,29,2013;2018;2023,SC,,,,yes,13,DAVANAGERE,13,agrees,,AC_list;coverage
Karnataka,3565,Channagiri,466,Davanagere,109,109,CHANNAGIRI,2023,eci_code,1.0,2008,29,2013;2018;2023,GEN,,109,yes,yes,13,DAVANAGERE,13,agrees,,AC_list;coverage;urban_mapping
Karnataka,3570,Honnali,466,Davanagere,110,110,HONNALI,2023,eci_code,1.0,2008,29,2013;2018;2023,GEN,,110,yes,yes,13,DAVANAGERE,13,agrees,,AC_list;coverage;urban_mapping
Karnataka,3650,Shivamogga Rural,476,Shivamogga,111,111,SHIMOGA RURAL,2023,eci_code,1.0,2008,29,2013;2018;2023,SC,,111,yes,yes,14,SHIMOGA,14,agrees,eci code; official rename (SHIVAMOGGA=SHIMOGA),AC_list;coverage;urban_mapping
Karnataka,3645,Bhadravati,476,Shivamogga,112,112,BHADRAVATI,2023,eci_code,1.0,2008,29,2013;2018;2023,GEN,,112,yes,yes,14,SHIMOGA,14,agrees,,AC_list;coverage;urban_mapping
Karnataka,3649,Shivamogga,476,Shivamogga,113,113,SHIMOGA,2023,eci_code,1.0,2008,29,2013;2018;2023,GEN,,113,yes,yes,14,SHIMOGA,14,agrees,eci code; official rename (SHIVAMOGGA=SHIMOGA),AC_list;coverage;urban_mapping
Karnataka,3652,Tirthahalli,476,Shivamogga,114,114,TIRTHAHALLI,2023,eci_code,1.0,2008,29,2013;2018;2023,GEN,,114,yes,yes,14,SHIMOGA,14,agrees,,AC_list;coverage;urban_mapping
Karnataka,3648,Shikaripura,476,Shivamogga,115,115,SHIKARIPURA,2023,eci_code,1.0,2008,29,2013;2018;2023,GEN,,115,yes,yes,14,SHIMOGA,14,agrees,,AC_list;coverage;urban_mapping
Karnataka,3651,Sorab,476,Shivamogga,116,116,SORAB,2023,eci_code,1.0,2008,29,2013;2018;2023,GEN,,116,yes,yes,14,SHIMOGA,14,agrees,,AC_list;coverage;urban_mapping
Karnataka,3647,Sagar,476,Shivamogga,117,117,SAGAR,2023,eci_code,1.0,2008,29,2013;2018;2023,GEN,,117,yes,yes,14,SHIMOGA,14,agrees,,AC_list;coverage;urban_mapping
Karnataka,3646,Byndoor,476,Shivamogga,118,118,BYNDOOR,2023,eci_code,1.0,2008,29,2013;2018;2023,GEN,,118,yes,yes,14,SHIMOGA,14,agrees,,AC_list;coverage;urban_mapping
Karnataka,3664,Kundapura,478,Udupi Chikkamagaluru,119,119,KUNDAPURA,2023,eci_code,1.0,2008,29,2013;2018;2023,GEN,,119,yes,yes,15,UDUPI CHIKMAGALUR,15,agrees,,AC_list;coverage;urban_mapping
Karnataka,3668,Udupi,478,Udupi Chikkamagaluru,120,120,UDUPI,2023,eci_code,1.0,2008,29,2013;2018;2023,GEN,,120,yes,yes,15,UDUPI CHIKMAGALUR,15,agrees,,AC_list;coverage;urban_mapping
Karnataka,3662,Kapu,478,Udupi Chikkamagaluru,121,121,KAPU,2023,eci_code,1.0,2008,29,2013;2018;2023,GEN,,121,yes,yes,15,UDUPI CHIKMAGALUR,15,agrees,,AC_list;coverage;urban_mapping
Karnataka,3663,Karkal,478,Udupi Chikkamagaluru,122,122,KARKAL,2023,eci_code,1.0,2008,29,2013;2018;2023,GEN,,122,yes,yes,15,UDUPI CHIKMAGALUR,15,agrees,,AC_list;coverage;urban_mapping
Karnataka,3666,Sringeri,478,Udupi Chikkamagaluru,123,123,SRINGERI,2023,eci_code,1.0,2008,29,2013;2018;2023,GEN,,123,yes,yes,15,UDUPI CHIKMAGALUR,15,agrees,,AC_list;coverage;urban_mapping
Karnataka,3665,Mudigere,478,Udupi Chikkamagaluru,124,124,MUDIGERE,2023,eci_code,1.0,2008,29,2013;2018;2023,SC,,124,yes,yes,15,UDUPI CHIKMAGALUR,15,agrees,,AC_list;coverage;urban_mapping
Karnataka,3661,Chikkamagaluru,478,Udupi Chikkamagaluru,125,125,CHIKMAGALUR,2023,eci_code,1.0,2008,29,2013;2018;2023,GEN,,125,yes,yes,15,UDUPI CHIKMAGALUR,15,agrees,eci code; official rename (CHIKKAMAGALURU=CHIKMAGALUR),AC_list;coverage;urban_mapping
Karnataka,3667,Tarikere,478,Udupi Chikkamagaluru,126,126,TARIKERE,2023,eci_code,1.0,2008,29,2013;2018;2023,GEN,,126,yes,yes,15,UDUPI CHIKMAGALUR,15,agrees,,AC_list;coverage;urban_mapping
Karnataka,3594,Kadur,469,Hassan,127,127,KADUR,2023,eci_code,1.0,2008,29,2013;2018;2023,GEN,,127,yes,yes,16,HASSAN,16,agrees,,AC_list;coverage;urban_mapping
Karnataka,3653,Chiknayakanhalli,477,Tumakuru,128,128,CHIKNAYAKANHALLI,2023,eci_code,1.0,2008,29,2013;2018;2023,GEN,,128,yes,yes,19,TUMKUR,19,agrees,,AC_list;coverage;urban_mapping
Karnataka,3657,Tiptur,477,Tumakuru,129,129,TIPTUR,2023,eci_code,1.0,2008,29,2013;2018;2023,GEN,,129,yes,yes,19,TUMKUR,19,agrees,,AC_list;coverage;urban_mapping
Karnataka,3660,Turuvekere,477,Tumakuru,130,130,TURUVEKERE,2023,eci_code,1.0,2008,29,2013;2018;2023,GEN,,130,yes,yes,19,TUMKUR,19,agrees,,AC_list;coverage;urban_mapping
Karnataka,3481,Kunigal,455,Bengaluru Rural,131,131,KUNIGAL,2023,eci_code,1.0,2008,29,2013;2018;2023,GEN,,131,yes,yes,23,BANGALORE RURAL,23,agrees,,AC_list;coverage;urban_mapping
Karnataka,3658,Tumakuru City,477,Tumakuru,132,132,TUMKUR CITY,2023,eci_code,1.0,2008,29,2013;2018;2023,GEN,,132,yes,yes,19,TUMKUR,19,agrees,eci code; official rename (TUMAKURU=TUMKUR),AC_list;coverage;urban_mapping
Karnataka,3659,Tumakuru Rural,477,Tumakuru,133,133,TUMKUR RURAL,2023,fuzzy,1.0,2008,29,2013;2018;2023,GEN,,,,yes,19,TUMKUR,19,agrees,official rename (TUMAKURU=TUMKUR),AC_list;coverage
Karnataka,3655,Koratagere,477,Tumakuru,134,134,KORATAGERE,2023,eci_code,1.0,2008,29,2013;2018;2023,SC,,134,yes,yes,19,TUMKUR,19,agrees,,AC_list;coverage;urban_mapping
Karnataka,3654,Gubbi,477,Tumakuru,135,135,GUBBI,2023,eci_code,1.0,2008,29,2013;2018;2023,GEN,,135,yes,yes,19,TUMKUR,19,agrees,,AC_list;coverage;urban_mapping
Karnataka,3556,Sira,464,Chitradurga,136,136,SIRA,2023,eci_code,1.0,2008,29,2013;2018;2023,GEN,,136,yes,yes,18,CHITRADURGA,18,agrees,,AC_list;coverage;urban_mapping
Karnataka,3555,Pavagada,464,Chitradurga,137,137,PAVAGADA,2023,eci_code,1.0,2008,29,2013;2018;2023,SC,,137,yes,yes,18,CHITRADURGA,18,agrees,,AC_list;coverage;urban_mapping
Karnataka,3656,Madhugiri,477,Tumakuru,138,138,MADHUGIRI,2023,eci_code,1.0,2008,29,2013;2018;2023,GEN,,138,yes,yes,19,TUMKUR,19,agrees,,AC_list;coverage;urban_mapping
Karnataka,3537,Gauribidanur,462,Chikkballapur,139,139,GAURIBIDANUR,2023,eci_code,1.0,2008,29,2013;2018;2023,GEN,,139,yes,yes,27,CHIKKBALLAPUR,27,agrees,,AC_list;coverage;urban_mapping
Karnataka,3533,Bagepalli,462,Chikkballapur,140,140,BAGEPALLI,2023,eci_code,1.0,2008,29,2013;2018;2023,GEN,,140,yes,yes,27,CHIKKBALLAPUR,27,agrees,,AC_list;coverage;urban_mapping
Karnataka,3534,Chikkaballapur,462,Chikkballapur,141,141,CHIKKABALLAPUR,2023,eci_code,1.0,2008,29,2013;2018;2023,GEN,,141,yes,yes,27,CHIKKBALLAPUR,27,agrees,,AC_list;coverage;urban_mapping
Karnataka,3611,Sidlaghatta,471,Kolar,142,142,SIDLAGHATTA,2023,eci_code,1.0,2008,29,2013;2018;2023,GEN,,142,yes,yes,28,KOLAR,28,agrees,,AC_list;coverage;urban_mapping
Karnataka,3606,Chintamani,471,Kolar,143,143,CHINTAMANI,2023,eci_code,1.0,2008,29,2013;2018;2023,GEN,,143,yes,yes,28,KOLAR,28,agrees,,AC_list;coverage;urban_mapping
Karnataka,3612,Srinivaspur,471,Kolar,144,144,SRINIVASPUR,2023,eci_code,1.0,2008,29,2013;2018;2023,GEN,,144,yes,yes,28,KOLAR,28,agrees,,AC_list;coverage;urban_mapping
Karnataka,3610,Mulbagal,471,Kolar,145,145,MULBAGAL,2023,eci_code,1.0,2008,29,2013;2018;2023,SC,,145,yes,yes,28,KOLAR,28,agrees,,AC_list;coverage;urban_mapping
Karnataka,3608,Kolar gold field,471,Kolar,146,146,KOLAR GOLD FIELD,2023,eci_code,1.0,2008,29,2013;2018;2023,SC,,146,yes,yes,28,KOLAR,28,agrees,,AC_list;coverage;urban_mapping
Karnataka,3605,Bangarapet,471,Kolar,147,147,BANGARAPET,2023,exact_name,1.0,2008,29,2013;2018;2023,SC,,,,yes,28,KOLAR,28,agrees,,AC_list;coverage
Karnataka,3607,Kolar,471,Kolar,148,148,KOLAR,2023,eci_code,1.0,2008,29,2013;2018;2023,GEN,,148,yes,yes,28,KOLAR,28,agrees,,AC_list;coverage;urban_mapping
Karnataka,3609,Malur,471,Kolar,149,149,MALUR,2023,exact_name,1.0,2008,29,2013;2018;2023,GEN,,,,yes,28,KOLAR,28,agrees,,AC_list;coverage
Karnataka,3540,Yelahanka,462,Chikkballapur,150,150,YELAHANKA,2023,exact_name,1.0,2008,29,2013;2018;2023,GEN,,,,yes,27,CHIKKBALLAPUR,27,agrees,,AC_list;coverage
Karnataka,3472,K.r.pura,454,Bengaluru North,151,151,K.R.PURA,2023,exact_name,1.0,2008,29,2013;2018;2023,GEN,,,,yes,24,BANGALORE NORTH,24,agrees,,AC_list;coverage
Karnataka,3469,Byatarayanapura,454,Bengaluru North,152,152,BYATARAYANAPURA,2023,eci_code,1.0,2008,29,2013;2018;2023,GEN,,152,yes,yes,24,BANGALORE NORTH,24,agrees,,AC_list;coverage;urban_mapping
Karnataka,3476,Yeshvanthapura,454,Bengaluru North,153,153,YESHVANTHAPURA,2023,exact_name,1.0,2008,29,2013;2018;2023,GEN,,,,yes,24,BANGALORE NORTH,24,agrees,,AC_list;coverage
Karnataka,3483,Rajarajeshwarinagar,455,Bengaluru Rural,154,154,RAJARAJESHWARINAGAR,2023,exact_name,1.0,2008,29,2013;2018;2023,GEN,,,,yes,23,BANGALORE RURAL,23,agrees,,AC_list;coverage
Karnataka,3470,Dasarahalli,454,Bengaluru North,155,155,DASARAHALLI,2023,eci_code,1.0,2008,29,2013;2018;2023,GEN,,155,yes,yes,24,BANGALORE NORTH,24,agrees,,AC_list;coverage;urban_mapping
Karnataka,3473,Mahalakshmi Layout,454,Bengaluru North,156,156,MAHALAKSHMI LAYOUT,2023,exact_name,1.0,2008,29,2013;2018;2023,GEN,,,,yes,24,BANGALORE NORTH,24,agrees,,AC_list;coverage
Karnataka,3474,Malleshwaram,454,Bengaluru North,157,157,MALLESHWARAM,2023,exact_name,1.0,2008,29,2013;2018;2023,GEN,,,,yes,24,BANGALORE NORTH,24,agrees,,AC_list;coverage
Karnataka,3471,Hebbal,454,Bengaluru North,158,158,HEBBAL,2023,exact_name,1.0,2008,29,2013;2018;2023,GEN,,,,yes,24,BANGALORE NORTH,24,agrees,,AC_list;coverage
Karnataka,3475,Pulakeshinagar,454,Bengaluru North,159,159,PULAKESHINAGAR,2023,exact_name,1.0,2008,29,2013;2018;2023,SC,,,,yes,24,BANGALORE NORTH,24,agrees,,AC_list;coverage
Karnataka,3466,Sarvagnanagar,453,Bengaluru Central,160,160,SARVAGNANAGAR,2023,exact_name,1.0,2008,29,2013;2018;2023,GEN,,,,yes,25,BANGALORE CENTRAL,25,agrees,,AC_list;coverage
Karnataka,3461,C.V. Raman Nagar,453,Bengaluru Central,161,161,C.V. RAMAN NAGAR,2023,exact_name,1.0,2008,29,2013;2018;2023,SC,,,,yes,25,BANGALORE CENTRAL,25,agrees,,AC_list;coverage
Karnataka,3468,Shivajinagar,453,Bengaluru Central,162,162,SHIVAJINAGAR,2023,exact_name,1.0,2008,29,2013;2018;2023,GEN,,,,yes,25,BANGALORE CENTRAL,25,agrees,,AC_list;coverage
Karnataka,3467,Shanti Nagar,453,Bengaluru Central,163,163,SHANTI NAGAR,2023,exact_name,1.0,2008,29,2013;2018;2023,GEN,,,,yes,25,BANGALORE CENTRAL,25,agrees,,AC_list;coverage
Karnataka,3463,Gandhi Nagar,453,Bengaluru Central,164,164,GANDHI NAGAR,2023,exact_name,1.0,2008,29,2013;2018;2023,GEN,,,,yes,25,BANGALORE CENTRAL,25,agrees,,AC_list;coverage
Karnataka,3465,Rajaji Nagar,453,Bengaluru Central,165,165,RAJAJI NAGAR,2023,exact_name,1.0,2008,29,2013;2018;2023,GEN,,,,yes,25,BANGALORE CENTRAL,25,agrees,,AC_list;coverage
Karnataka,3489,Govindraj Nagar,456,Bengaluru South,166,166,GOVINDRAJ NAGAR,2023,exact_name,1.0,2008,29,2013;2018;2023,GEN,,,,yes,26,BANGALORE SOUTH,26,agrees,,AC_list;coverage
Karnataka,3492,Vijay Nagar,456,Bengaluru South,167,167,VIJAY NAGAR,2023,exact_name,1.0,2008,29,2013;2018;2023,GEN,,,,yes,26,BANGALORE SOUTH,26,agrees,,AC_list;coverage
Karnataka,3462,Chamrajpet,453,Bengaluru Central,168,168,CHAMRAJPET,2023,exact_name,1.0,2008,29,2013;2018;2023,GEN,,,,yes,25,BANGALORE CENTRAL,25,agrees,,AC_list;coverage
Karnataka,3488,Chickpet,456,Bengaluru South,169,169,CHICKPET,2023,exact_name,1.0,2008,29,2013;2018;2023,GEN,,,,yes,26,BANGALORE SOUTH,26,agrees,,AC_list;coverage
Karnataka,3486,Basavanagudi,456,Bengaluru South,170,170,BASAVANAGUDI,2023,exact_name,1.0,2008,29,2013;2018;2023,GEN,,,,yes,26,BANGALORE SOUTH,26,agrees,,AC_list;coverage
Karnataka,3491,Padmanaba Nagar,456,Bengaluru South,171,171,PADMANABA NAGAR,2023,exact_name,1.0,2008,29,2013;2018;2023,GEN,,,,yes,26,BANGALORE SOUTH,26,agrees,,AC_list;coverage
Karnataka,3485,B.t.m layout,456,Bengaluru South,172,172,B.T.M LAYOUT,2023,exact_name,1.0,2008,29,2013;2018;2023,GEN,,,,yes,26,BANGALORE SOUTH,26,agrees,,AC_list;coverage
Karnataka,3490,Jayanagar,456,Bengaluru South,173,173,JAYANAGAR,2023,exact_name,1.0,2008,29,2013;2018;2023,GEN,,,,yes,26,BANGALORE SOUTH,26,agrees,,AC_list;coverage
Karnataka,3464,Mahadevapura,453,Bengaluru Central,174,174,MAHADEVAPURA,2023,exact_name,1.0,2008,29,2013;2018;2023,SC,,,,yes,25,BANGALORE CENTRAL,25,agrees,,AC_list;coverage
Karnataka,3487,Bommanahalli,456,Bengaluru South,175,175,BOMMANAHALLI,2023,exact_name,1.0,2008,29,2013;2018;2023,GEN,,,,yes,26,BANGALORE SOUTH,26,agrees,,AC_list;coverage
Karnataka,3478,Bengaluru South,455,Bengaluru Rural,176,176,BANGALORE SOUTH,2023,eci_code,1.0,2008,29,2013;2018;2023,GEN,,176,yes,yes,23,BANGALORE RURAL,23,agrees,eci code; official rename (BENGALURU=BANGALORE),AC_list;coverage;urban_mapping
Karnataka,3477,Anekal,455,Bengaluru Rural,177,177,ANEKAL,2023,eci_code,1.0,2008,29,2013;2018;2023,SC,,177,yes,yes,23,BANGALORE RURAL,23,agrees,,AC_list;coverage;urban_mapping
Karnataka,3538,Hosakote,462,Chikkballapur,178,178,HOSAKOTE,2023,eci_code,1.0,2008,29,2013;2018;2023,GEN,,178,yes,yes,27,CHIKKBALLAPUR,27,agrees,,AC_list;coverage;urban_mapping
Karnataka,3535,Devanahalli,462,Chikkballapur,179,179,DEVANAHALLI,2023,eci_code,1.0,2008,29,2013;2018;2023,SC,,179,yes,yes,27,CHIKKBALLAPUR,27,agrees,,AC_list;coverage;urban_mapping
Karnataka,3536,Doddaballapur,462,Chikkballapur,180,180,DODDABALLAPUR,2023,eci_code,1.0,2008,29,2013;2018;2023,GEN,,180,yes,yes,27,CHIKKBALLAPUR,27,agrees,,AC_list;coverage;urban_mapping
Karnataka,3539,Nelamangala,462,Chikkballapur,181,181,NELAMANGALA,2023,eci_code,1.0,2008,29,2013;2018;2023,SC,,181,yes,yes,27,CHIKKBALLAPUR,27,agrees,,AC_list;coverage;urban_mapping
Karnataka,3482,Magadi,455,Bengaluru Rural,182,182,MAGADI,2023,eci_code,1.0,2008,29,2013;2018;2023,GEN,,182,yes,yes,23,BANGALORE RURAL,23,agrees,,AC_list;coverage;urban_mapping
Karnataka,3484,Ramanagaram,455,Bengaluru Rural,183,183,RAMANAGARAM,2023,eci_code,1.0,2008,29,2013;2018;2023,GEN,,183,yes,yes,23,BANGALORE RURAL,23,agrees,,AC_list;coverage;urban_mapping
Karnataka,3480,Kanakapura,455,Bengaluru Rural,184,184,KANAKAPURA,2023,eci_code,1.0,2008,29,2013;2018;2023,GEN,,184,yes,yes,23,BANGALORE RURAL,23,agrees,,AC_list;coverage;urban_mapping
Karnataka,3479,Channapatna,455,Bengaluru Rural,185,185,CHANNAPATNA,2023,eci_code,1.0,2008,29,2013;2018;2023,GEN,,185,yes,yes,23,BANGALORE RURAL,23,agrees,,AC_list;coverage;urban_mapping
Karnataka,3624,Malavalli,473,Mandya,186,186,MALAVALLI,2023,eci_code,1.0,2008,29,2013;2018;2023,SC,,186,yes,yes,20,MANDYA,20,agrees,,AC_list;coverage;urban_mapping
Karnataka,3623,Maddur,473,Mandya,187,187,MADDUR,2023,exact_name,1.0,2008,29,2013;2018;2023,GEN,,,,yes,20,MANDYA,20,agrees,,AC_list;coverage
Karnataka,3626,Melukote,473,Mandya,188,188,MELUKOTE,2023,eci_code,1.0,2008,29,2013;2018;2023,GEN,,188,yes,yes,20,MANDYA,20,agrees,,AC_list;coverage;urban_mapping
Karnataka,3625,Mandya,473,Mandya,189,189,MANDYA,2023,eci_code,1.0,2008,29,2013;2018;2023,GEN,,189,yes,yes,20,MANDYA,20,agrees,,AC_list;coverage;urban_mapping
Karnataka,3628,Shrirangapattana,473,Mandya,190,190,SHRIRANGAPATTANA,2023,eci_code,1.0,2008,29,2013;2018;2023,GEN,,190,yes,yes,20,MANDYA,20,agrees,,AC_list;coverage;urban_mapping
Karnataka,3627,Nagamangala,473,Mandya,191,191,NAGAMANGALA,2023,eci_code,1.0,2008,29,2013;2018;2023,GEN,,191,yes,yes,20,MANDYA,20,agrees,,AC_list;coverage;urban_mapping
Karnataka,3622,Krishnarajpet,473,Mandya,192,192,KRISHNARAJPET,2023,eci_code,1.0,2008,29,2013;2018;2023,GEN,,192,yes,yes,20,MANDYA,20,agrees,,AC_list;coverage;urban_mapping
Karnataka,3596,Shravanabelagola,469,Hassan,193,193,SHRAVANABELAGOLA,2023,eci_code,1.0,2008,29,2013;2018;2023,GEN,,193,yes,yes,16,HASSAN,16,agrees,,AC_list;coverage;urban_mapping
Karnataka,3590,Arsikere,469,Hassan,194,194,ARSIKERE,2023,eci_code,1.0,2008,29,2013;2018;2023,GEN,,194,yes,yes,16,HASSAN,16,agrees,,AC_list;coverage;urban_mapping
Karnataka,3591,Belur,469,Hassan,195,195,BELUR,2023,eci_code,1.0,2008,29,2013;2018;2023,GEN,,195,yes,yes,16,HASSAN,16,agrees,,AC_list;coverage;urban_mapping
Karnataka,3592,Hassan,469,Hassan,196,196,HASSAN,2023,exact_name,1.0,2008,29,2013;2018;2023,GEN,,,,yes,16,HASSAN,16,agrees,,AC_list;coverage
Karnataka,3593,Holenarasipur,469,Hassan,197,197,HOLENARASIPUR,2023,eci_code,1.0,2008,29,2013;2018;2023,GEN,,197,yes,yes,16,HASSAN,16,agrees,,AC_list;coverage;urban_mapping
Karnataka,3589,Arkalgud,469,Hassan,198,198,ARKALGUD,2023,eci_code,1.0,2008,29,2013;2018;2023,GEN,,198,yes,yes,16,HASSAN,16,agrees,,AC_list;coverage;urban_mapping
Karnataka,3595,Sakleshpur,469,Hassan,199,199,SAKLESHPUR,2023,eci_code,1.0,2008,29,2013;2018;2023,SC,,199,yes,yes,16,HASSAN,16,agrees,,AC_list;coverage;urban_mapping
Karnataka,3558,Belthangady,465,Dakshina Kannada,200,200,BELTHANGADY,2023,eci_code,1.0,2008,29,2013;2018;2023,GEN,,200,yes,yes,17,DAKSHINA KANNADA,17,agrees,,AC_list;coverage;urban_mapping
Karnataka,3562,Moodabidri,465,Dakshina Kannada,201,201,MOODABIDRI,2023,eci_code,1.0,2008,29,2013;2018;2023,GEN,,201,yes,yes,17,DAKSHINA KANNADA,17,agrees,,AC_list;coverage;urban_mapping
Karnataka,3560,Mangaluru City North,465,Dakshina Kannada,202,202,MANGALORE CITY NORTH,2023,eci_code,1.0,2008,29,2013;2018;2023,GEN,,202,yes,yes,17,DAKSHINA KANNADA,17,agrees,eci code; official rename (MANGALURU=MANGALORE),AC_list;coverage;urban_mapping
Karnataka,3561,Mangaluru City South,465,Dakshina Kannada,203,203,MANGALORE CITY SOUTH,2023,eci_code,1.0,2008,29,2013;2018;2023,GEN,,203,yes,yes,17,DAKSHINA KANNADA,17,agrees,eci code; official rename (MANGALURU=MANGALORE),AC_list;coverage;urban_mapping
Karnataka,3559,Mangaluru,465,Dakshina Kannada,204,204,MANGALORE,2023,eci_code,1.0,2008,29,2013;2018;2023,GEN,,204,yes,yes,17,DAKSHINA KANNADA,17,agrees,eci code; official rename (MANGALURU=MANGALORE),AC_list;coverage;urban_mapping
Karnataka,3557,Bantval,465,Dakshina Kannada,205,205,BANTVAL,2023,eci_code,1.0,2008,29,2013;2018;2023,GEN,,205,yes,yes,17,DAKSHINA KANNADA,17,agrees,,AC_list;coverage;urban_mapping
Karnataka,3563,Puttur,465,Dakshina Kannada,206,206,PUTTUR,2023,eci_code,1.0,2008,29,2013;2018;2023,GEN,,206,yes,yes,17,DAKSHINA KANNADA,17,agrees,,AC_list;coverage;urban_mapping
Karnataka,3564,Sullia,465,Dakshina Kannada,207,207,SULLIA,2023,eci_code,1.0,2008,29,2013;2018;2023,SC,,207,yes,yes,17,DAKSHINA KANNADA,17,agrees,,AC_list;coverage;urban_mapping
Karnataka,3633,Madikeri,474,Mysuru,208,208,MADIKERI,2023,eci_code,1.0,2008,29,2013;2018;2023,GEN,,208,yes,yes,21,MYSORE,21,agrees,,AC_list;coverage;urban_mapping
Karnataka,3636,Virajpet,474,Mysuru,209,209,VIRAJPET,2023,exact_name,1.0,2008,29,2013;2018;2023,GEN,,,,yes,21,MYSORE,21,agrees,,AC_list;coverage
Karnataka,3635,Piriyapatna,474,Mysuru,210,210,PERIYAPATNA,2023,eci_code,0.909,2008,29,2013;2018;2023,GEN,,210,yes,yes,21,MYSORE,21,agrees,eci code; name spelled differently,AC_list;coverage;urban_mapping
Karnataka,3621,Krishnarajanagara,473,Mandya,211,211,KRISHNARAJANAGARA,2023,eci_code,1.0,2008,29,2013;2018;2023,GEN,,211,yes,yes,20,MANDYA,20,agrees,,AC_list;coverage;urban_mapping
Karnataka,3631,Hunsur,474,Mysuru,212,212,HUNSUR,2023,eci_code,1.0,2008,29,2013;2018;2023,GEN,,212,yes,yes,21,MYSORE,21,agrees,,AC_list;coverage;urban_mapping
Karnataka,3528,Heggadadevankote,461,Chamarajanagar,213,213,HEGGADADEVANKOTE,2023,eci_code,1.0,2008,29,2013;2018;2023,ST,,213,yes,yes,22,CHAMARAJANAGAR,22,agrees,,AC_list;coverage;urban_mapping
Karnataka,3530,Nanjangud,461,Chamarajanagar,214,214,NANJANGUD,2023,eci_code,1.0,2008,29,2013;2018;2023,SC,,214,yes,yes,22,CHAMARAJANAGAR,22,agrees,,AC_list;coverage;urban_mapping
Karnataka,3630,Chamundeshwari,474,Mysuru,215,215,CHAMUNDESHWARI,2023,eci_code,1.0,2008,29,2013;2018;2023,GEN,,215,yes,yes,21,MYSORE,21,agrees,,AC_list;coverage;urban_mapping
Karnataka,3632,Krishnaraja,474,Mysuru,216,216,KRISHNARAJA,2023,eci_code,1.0,2008,29,2013;2018;2023,GEN,,216,yes,yes,21,MYSORE,21,agrees,,AC_list;coverage;urban_mapping
Karnataka,3629,Chamaraja,474,Mysuru,217,217,CHAMARAJA,2023,eci_code,1.0,2008,29,2013;2018;2023,GEN,,217,yes,yes,21,MYSORE,21,agrees,,AC_list;coverage;urban_mapping
Karnataka,3634,Narasimharaja,474,Mysuru,218,218,NARASIMHARAJA,2023,eci_code,1.0,2008,29,2013;2018;2023,GEN,,218,yes,yes,21,MYSORE,21,agrees,,AC_list;coverage;urban_mapping
Karnataka,3532,Varuna,461,Chamarajanagar,219,219,VARUNA,2023,eci_code,1.0,2008,29,2013;2018;2023,GEN,,219,yes,yes,22,CHAMARAJANAGAR,22,agrees,,AC_list;coverage;urban_mapping
Karnataka,3531,T.narasipur,461,Chamarajanagar,220,220,T.NARASIPUR,2023,eci_code,1.0,2008,29,2013;2018;2023,SC,,220,yes,yes,22,CHAMARAJANAGAR,22,agrees,,AC_list;coverage;urban_mapping
Karnataka,3527,Hanur,461,Chamarajanagar,221,221,HANUR,2023,eci_code,1.0,2008,29,2013;2018;2023,GEN,,221,yes,yes,22,CHAMARAJANAGAR,22,agrees,,AC_list;coverage;urban_mapping
Karnataka,3529,Kollegal,461,Chamarajanagar,222,222,KOLLEGAL,2023,eci_code,1.0,2008,29,2013;2018;2023,SC,,222,yes,yes,22,CHAMARAJANAGAR,22,agrees,,AC_list;coverage;urban_mapping
Karnataka,3525,Chamarajanagar,461,Chamarajanagar,223,223,CHAMARAJANAGAR,2023,eci_code,1.0,2008,29,2013;2018;2023,GEN,,223,yes,yes,22,CHAMARAJANAGAR,22,agrees,,AC_list;coverage;urban_mapping
Karnataka,3526,Gundlupet,461,Chamarajanagar,224,224,GUNDLUPET,2023,eci_code,1.0,2008,29,2013;2018;2023,GEN,,224,yes,yes,22,CHAMARAJANAGAR,22,agrees,,AC_list;coverage;urban_mapping
Kerala,3769,Manjeshwar,490,Kasaragod,1,1,MANJESHWAR,2026,exact_name,1.0,2008,32,2011;2016;2021;2026,GEN,,,,yes,1,KASARAGOD,1,agrees,,AC_list;coverage
Kerala,3768,Kasaragod,490,Kasaragod,2,2,KASARAGOD,2026,exact_name,1.0,2008,32,2011;2016;2021;2026,GEN,,,,yes,1,KASARAGOD,1,agrees,,AC_list;coverage
Kerala,3772,Uduma,490,Kasaragod,3,3,UDMA,2026,fuzzy,0.889,2008,32,2011;2016;2021;2026,GEN,,,,yes,1,KASARAGOD,1,agrees,similarity; PC agrees; consonant skeleton equal,AC_list;coverage
Kerala,3767,Kanhangad,490,Kasaragod,4,4,KANHANGAD,2026,exact_name,1.0,2008,32,2011;2016;2021;2026,GEN,,,,yes,1,KASARAGOD,1,agrees,,AC_list;coverage
Kerala,3771,Trikaripur,490,Kasaragod,5,5,THRIKARIPUR,2026,exact_name,1.0,2008,32,2011;2016;2021;2026,GEN,,,,yes,1,KASARAGOD,1,agrees,,AC_list;coverage
Kerala,3770,Payyannur,490,Kasaragod,6,6,PAYYANNUR,2026,exact_name,1.0,2008,32,2011;2016;2021;2026,GEN,,,,yes,1,KASARAGOD,1,agrees,,AC_list;coverage
Kerala,3766,Kalliasseri,490,Kasaragod,7,7,KALLIASSERI,2026,exact_name,1.0,2008,32,2011;2016;2021;2026,GEN,,,,yes,1,KASARAGOD,1,agrees,,AC_list;coverage
Kerala,3765,Taliparamba,489,Kannur,8,8,TALIPARAMBA,2026,exact_name,1.0,2008,32,2011;2016;2021;2026,GEN,,,,yes,2,KANNUR,2,agrees,,AC_list;coverage
Kerala,3761,Irikkur,489,Kannur,9,9,IRIKKUR,2026,exact_name,1.0,2008,32,2011;2016;2021;2026,GEN,,,,yes,2,KANNUR,2,agrees,,AC_list;coverage
Kerala,3759,Azhikode,489,Kannur,10,10,AZHIKODE,2026,exact_name,1.0,2008,32,2011;2016;2021;2026,GEN,,,,yes,2,KANNUR,2,agrees,,AC_list;coverage
Kerala,3762,Kannur,489,Kannur,11,11,KANNUR,2026,exact_name,1.0,2008,32,2011;2016;2021;2026,GEN,,,,yes,2,KANNUR,2,agrees,,AC_list;coverage
Kerala,3760,Dharmadam,489,Kannur,12,12,DHARMADAM,2026,exact_name,1.0,2008,32,2011;2016;2021;2026,GEN,,,,yes,2,KANNUR,2,agrees,,AC_list;coverage
Kerala,3848,Thalassery,501,Vadakara,13,13,THALASSERY,2026,exact_name,1.0,2008,32,2011;2016;2021;2026,GEN,,,,yes,3,VADAKARA,3,agrees,,AC_list;coverage
Kerala,3843,Kuthuparamba,501,Vadakara,14,14,KUTHUPARAMBA,2026,exact_name,1.0,2008,32,2011;2016;2021;2026,GEN,,,,yes,3,VADAKARA,3,agrees,,AC_list;coverage
Kerala,3763,Mattannur,489,Kannur,15,15,MATTANNUR,2026,exact_name,1.0,2008,32,2011;2016;2021;2026,GEN,,,,yes,2,KANNUR,2,agrees,,AC_list;coverage
Kerala,3764,Peravoor,489,Kannur,16,16,PERAVOOR,2026,exact_name,1.0,2008,32,2011;2016;2021;2026,GEN,,,,yes,2,KANNUR,2,agrees,,AC_list;coverage
Kerala,3852,Mananthavady,502,Wayanad,17,17,MANANTHAVADY,2026,exact_name,1.0,2008,32,2011;2016;2021;2026,ST,,,,yes,4,WAYANAD,4,agrees,,AC_list;coverage
Kerala,3854,Sulthanbathery,502,Wayanad,18,18,SULTHANBATHERY,2026,exact_name,1.0,2008,32,2011;2016;2021;2026,ST,,,,yes,4,WAYANAD,4,agrees,,AC_list;coverage
Kerala,3851,Kalpetta,502,Wayanad,19,19,KALPETTA,2026,exact_name,1.0,2008,32,2011;2016;2021;2026,GEN,,,,yes,4,WAYANAD,4,agrees,,AC_list;coverage
Kerala,3849,Vadakara,501,Vadakara,20,20,VATAKARA,2026,exact_name,1.0,2008,32,2011;2016;2021;2026,GEN,,,,yes,3,VADAKARA,3,agrees,,AC_list;coverage
Kerala,3844,Kuttiadi,501,Vadakara,21,21,KUTTIADI,2026,exact_name,1.0,2008,32,2011;2016;2021;2026,GEN,,,,yes,3,VADAKARA,3,agrees,,AC_list;coverage
Kerala,3845,Nadapuram,501,Vadakara,22,22,NADAPURAM,2026,exact_name,1.0,2008,32,2011;2016;2021;2026,GEN,,,,yes,3,VADAKARA,3,agrees,,AC_list;coverage
Kerala,3847,Quilandy,501,Vadakara,23,23,KOYILANDY,2026,exact_name,1.0,2008,32,2011;2016;2021;2026,GEN,,,,yes,3,VADAKARA,3,agrees,,AC_list;coverage
Kerala,3846,Perambra,501,Vadakara,24,24,PERAMBRA,2026,exact_name,1.0,2008,32,2011;2016;2021;2026,GEN,,,,yes,3,VADAKARA,3,agrees,,AC_list;coverage
Kerala,3787,Balusseri,493,Kozhikode,25,25,BALUSSERI,2026,exact_name,1.0,2008,32,2011;2016;2021;2026,SC,,,,yes,5,KOZHIKODE,5,agrees,,AC_list;coverage
Kerala,3789,Elathur,493,Kozhikode,26,26,ELATHUR,2026,exact_name,1.0,2008,32,2011;2016;2021;2026,GEN,,,,yes,5,KOZHIKODE,5,agrees,,AC_list;coverage
Kerala,3791,Kozhikode North,493,Kozhikode,27,27,KOZHIKODE NORTH,2026,eci_code,1.0,2008,32,2011;2016;2021;2026,GEN,,27,yes,yes,5,KOZHIKODE,5,agrees,,AC_list;coverage;urban_mapping
Kerala,3792,Kozhikode South,493,Kozhikode,28,28,KOZHIKODE SOUTH,2026,exact_name,1.0,2008,32,2011;2016;2021;2026,GEN,,,,yes,5,KOZHIKODE,5,agrees,,AC_list
Kerala,3788,Beypore,493,Kozhikode,29,29,BEYPORE,2026,exact_name,1.0,2008,32,2011;2016;2021;2026,GEN,,,,yes,5,KOZHIKODE,5,agrees,,AC_list;coverage
Kerala,3793,Kunnamangalam,493,Kozhikode,30,30,KUNNAMANGALAM,2026,exact_name,1.0,2008,32,2011;2016;2021;2026,GEN,,,,yes,5,KOZHIKODE,5,agrees,,AC_list;coverage
Kerala,3790,Koduvally,493,Kozhikode,31,31,KODUVALLY,2026,exact_name,1.0,2008,32,2011;2016;2021;2026,GEN,,,,yes,5,KOZHIKODE,5,agrees,,AC_list;coverage
Kerala,3855,Thiruvanambadi,502,Wayanad,32,32,THIRUVAMBADY,2026,fuzzy,0.917,2008,32,2011;2016;2021;2026,GEN,,,,yes,4,WAYANAD,4,agrees,similarity; PC agrees,AC_list;coverage
Kerala,3794,Kondotty,494,Malappuram,33,33,KONDOTTY,2026,exact_name,1.0,2008,32,2011;2016;2021;2026,GEN,,,,yes,6,MALAPPURAM,6,agrees,,AC_list;coverage
Kerala,3850,Ernad,502,Wayanad,34,34,ERANAD,2026,fuzzy,0.909,2008,32,2011;2016;2021;2026,GEN,,,,yes,4,WAYANAD,4,agrees,similarity; PC agrees; consonant skeleton equal,AC_list;coverage
Kerala,3853,Nilambur,502,Wayanad,35,35,NILAMBUR,2026,exact_name,1.0,2008,32,2011;2016;2021;2026,GEN,,,,yes,4,WAYANAD,4,agrees,,AC_list;coverage
Kerala,3856,Wandoor,502,Wayanad,36,36,WANDOOR,2026,exact_name,1.0,2008,32,2011;2016;2021;2026,SC,,,,yes,4,WAYANAD,4,agrees,,AC_list;coverage
Kerala,3796,Manjeri,494,Malappuram,37,37,MANJERI,2026,exact_name,1.0,2008,32,2011;2016;2021;2026,GEN,,,,yes,6,MALAPPURAM,6,agrees,,AC_list;coverage
Kerala,3798,Perinthalmanna,494,Malappuram,38,38,PERINTHALMANNA,2026,exact_name,1.0,2008,32,2011;2016;2021;2026,GEN,,,,yes,6,MALAPPURAM,6,agrees,,AC_list;coverage
Kerala,3797,Mankada,494,Malappuram,39,39,MANKADA,2026,exact_name,1.0,2008,32,2011;2016;2021;2026,GEN,,,,yes,6,MALAPPURAM,6,agrees,,AC_list;coverage
Kerala,3795,Malappuram,494,Malappuram,40,40,MALAPPURAM,2026,exact_name,1.0,2008,32,2011;2016;2021;2026,GEN,,,,yes,6,MALAPPURAM,6,agrees,,AC_list;coverage
Kerala,3800,Vengara,494,Malappuram,41,41,VENGARA,2026,exact_name,1.0,2008,32,2011;2016;2021;2026,GEN,,,,yes,6,MALAPPURAM,6,agrees,,AC_list;coverage
Kerala,3799,Vallikkunnu,494,Malappuram,42,42,VALLIKKUNNU,2026,exact_name,1.0,2008,32,2011;2016;2021;2026,GEN,,,,yes,6,MALAPPURAM,6,agrees,,AC_list;coverage
Kerala,3828,Tirurangadi,498,Ponnani,43,43,TIRURANGADI,2026,exact_name,1.0,2008,32,2011;2016;2021;2026,GEN,,,,yes,7,PONNANI,7,agrees,,AC_list;coverage
Kerala,3824,Tanur,498,Ponnani,44,44,TANUR,2026,exact_name,1.0,2008,32,2011;2016;2021;2026,GEN,,,,yes,7,PONNANI,7,agrees,,AC_list;coverage
Kerala,3827,Tirur,498,Ponnani,45,45,TIRUR,2026,exact_name,1.0,2008,32,2011;2016;2021;2026,GEN,,,,yes,7,PONNANI,7,agrees,,AC_list;coverage
Kerala,3822,Kottakkal,498,Ponnani,46,46,KOTTAKKAL,2026,exact_name,1.0,2008,32,2011;2016;2021;2026,GEN,,,,yes,7,PONNANI,7,agrees,,AC_list;coverage
Kerala,3825,Thavanur,498,Ponnani,47,47,THAVANUR,2026,exact_name,1.0,2008,32,2011;2016;2021;2026,GEN,,,,yes,7,PONNANI,7,agrees,,AC_list;coverage
Kerala,3823,Ponnani,498,Ponnani,48,48,PONNANI,2026,exact_name,1.0,2008,32,2011;2016;2021;2026,GEN,,,,yes,7,PONNANI,7,agrees,,AC_list;coverage
Kerala,3826,Thrithala,498,Ponnani,49,49,THRITHALA,2026,exact_name,1.0,2008,32,2011;2016;2021;2026,GEN,,,,yes,7,PONNANI,7,agrees,,AC_list;coverage
Kerala,3813,Pattambi,496,Palakkad,50,50,PATTAMBI,2026,exact_name,1.0,2008,32,2011;2016;2021;2026,GEN,,,,yes,8,PALAKKAD,8,agrees,,AC_list;coverage
Kerala,3814,Shoranur,496,Palakkad,51,51,SHORNUR,2026,fuzzy,0.933,2008,32,2011;2016;2021;2026,GEN,,,,yes,8,PALAKKAD,8,agrees,similarity; PC agrees; consonant skeleton equal,AC_list;coverage
Kerala,3811,Ottappalam,496,Palakkad,52,52,OTTAPALAM,2026,fuzzy,1.0,2008,32,2011;2016;2021;2026,GEN,,,,yes,8,PALAKKAD,8,agrees,phonetic key equal,AC_list;coverage
Kerala,3808,Kongad,496,Palakkad,53,53,KONGAD,2026,exact_name,1.0,2008,32,2011;2016;2021;2026,SC,,,,yes,8,PALAKKAD,8,agrees,,AC_list;coverage
Kerala,3810,Mannarkkad,496,Palakkad,54,54,MANNARKAD,2026,fuzzy,1.0,2008,32,2011;2016;2021;2026,GEN,,,,yes,8,PALAKKAD,8,agrees,phonetic key equal,AC_list;coverage
Kerala,3809,Malampuzha,496,Palakkad,55,55,MALAMPUZHA,2026,exact_name,1.0,2008,32,2011;2016;2021;2026,GEN,,,,yes,8,PALAKKAD,8,agrees,,AC_list;coverage
Kerala,3812,Palakkad,496,Palakkad,56,56,PALAKKAD,2026,exact_name,1.0,2008,32,2011;2016;2021;2026,GEN,,,,yes,8,PALAKKAD,8,agrees,,AC_list;coverage
Kerala,3729,Tarur,484,Alathur,57,57,TARUR,2026,exact_name,1.0,2008,32,2011;2016;2021;2026,SC,,,,yes,9,ALATHUR,9,agrees,,AC_list;coverage
Kerala,3726,Chittur,484,Alathur,58,58,CHITTUR,2026,exact_name,1.0,2008,32,2011;2016;2021;2026,GEN,,,,yes,9,ALATHUR,9,agrees,,AC_list;coverage
Kerala,3728,Nemmara,484,Alathur,59,59,NENMARA,2026,fuzzy,0.923,2008,32,2011;2016;2021;2026,GEN,,,,yes,9,ALATHUR,9,agrees,similarity; PC agrees,AC_list;coverage
Kerala,3724,Alathur,484,Alathur,60,60,ALATHUR,2026,exact_name,1.0,2008,32,2011;2016;2021;2026,GEN,,,,yes,9,ALATHUR,9,agrees,,AC_list;coverage
Kerala,3725,Chelakkara,484,Alathur,61,61,CHELAKKARA,2026,exact_name,1.0,2008,32,2011;2016;2021;2026,SC,,,,yes,9,ALATHUR,9,agrees,,AC_list;coverage
Kerala,3727,Kunnamkulam,484,Alathur,62,62,KUNNAMKULAM,2026,exact_name,1.0,2008,32,2011;2016;2021;2026,GEN,,,,yes,9,ALATHUR,9,agrees,,AC_list;coverage
Kerala,3836,Guruvayoor,500,Thrissur,63,63,GURUVAYOOR,2026,exact_name,1.0,2008,32,2011;2016;2021;2026,GEN,,,,yes,10,THRISSUR,10,agrees,,AC_list;coverage
Kerala,3838,Manalur,500,Thrissur,64,64,MANALUR,2026,exact_name,1.0,2008,32,2011;2016;2021;2026,GEN,,,,yes,10,THRISSUR,10,agrees,,AC_list;coverage
Kerala,3730,Wadakkanchery,484,Alathur,65,65,WADAKKANCHERY,2026,exact_name,1.0,2008,32,2011;2016;2021;2026,GEN,,,,yes,9,ALATHUR,9,agrees,,AC_list;coverage
Kerala,3840,Ollur,500,Thrissur,66,66,OLLUR,2026,exact_name,1.0,2008,32,2011;2016;2021;2026,GEN,,,,yes,10,THRISSUR,10,agrees,,AC_list;coverage
Kerala,3842,Thrissur,500,Thrissur,67,67,THRISSUR,2026,eci_code,1.0,2008,32,2011;2016;2021;2026,GEN,,67,yes,yes,10,THRISSUR,10,agrees,,AC_list;coverage;urban_mapping
Kerala,3839,Nattika,500,Thrissur,68,68,NATTIKA,2026,exact_name,1.0,2008,32,2011;2016;2021;2026,SC,,,,yes,10,THRISSUR,10,agrees,,AC_list;coverage
Kerala,3741,Kaipamangalam,486,Chalakudy,69,69,KAIPAMANGALAM,2026,exact_name,1.0,2008,32,2011;2016;2021;2026,GEN,,,,yes,11,CHALAKUDY,11,agrees,,AC_list;coverage
Kerala,3837,Irinjalakuda,500,Thrissur,70,70,IRINJALAKKUDA,2026,fuzzy,1.0,2008,32,2011;2016;2021;2026,GEN,,,,yes,10,THRISSUR,10,agrees,phonetic key equal,AC_list;coverage
Kerala,3841,Puthukkad,500,Thrissur,71,71,PUTHUKKAD,2026,exact_name,1.0,2008,32,2011;2016;2021;2026,GEN,,,,yes,10,THRISSUR,10,agrees,,AC_list;coverage
Kerala,3740,Chalakudy,486,Chalakudy,72,72,CHALAKKUDY,2026,fuzzy,1.0,2008,32,2011;2016;2021;2026,GEN,,,,yes,11,CHALAKUDY,11,agrees,phonetic key equal,AC_list;coverage
Kerala,3742,Kodungallur,486,Chalakudy,73,73,KODUNGALLUR,2026,exact_name,1.0,2008,32,2011;2016;2021;2026,GEN,,,,yes,11,CHALAKUDY,11,agrees,,AC_list;coverage
Kerala,3744,Perumbavoor,486,Chalakudy,74,74,PERUMBAVOOR,2026,exact_name,1.0,2008,32,2011;2016;2021;2026,GEN,,,,yes,11,CHALAKUDY,11,agrees,,AC_list;coverage
Kerala,3739,Angamaly,486,Chalakudy,75,75,ANGAMALY,2026,exact_name,1.0,2008,32,2011;2016;2021;2026,GEN,,,,yes,11,CHALAKUDY,11,agrees,,AC_list;coverage
Kerala,3738,Aluva,486,Chalakudy,76,76,ALUVA,2026,exact_name,1.0,2008,32,2011;2016;2021;2026,GEN,,,,yes,11,CHALAKUDY,11,agrees,,AC_list;coverage
Kerala,3746,Kalamassery,487,Ernakulam,77,77,KALAMASSERY,2026,exact_name,1.0,2008,32,2011;2016;2021;2026,GEN,,,,yes,12,ERNAKULAM,12,agrees,,AC_list;coverage
Kerala,3748,Paravur,487,Ernakulam,78,78,PARAVUR,2026,exact_name,1.0,2008,32,2011;2016;2021;2026,GEN,,,,yes,12,ERNAKULAM,12,agrees,,AC_list;coverage
Kerala,3751,Vypeen,487,Ernakulam,79,79,VYPEN,2026,fuzzy,0.909,2008,32,2011;2016;2021;2026,GEN,,,,yes,12,ERNAKULAM,12,agrees,similarity; PC agrees; consonant skeleton equal,AC_list;coverage
Kerala,3747,Kochi,487,Ernakulam,80,80,KOCHI,2026,exact_name,1.0,2008,32,2011;2016;2021;2026,GEN,,,,yes,12,ERNAKULAM,12,agrees,,AC_list;coverage
Kerala,3750,Thrippunithura,487,Ernakulam,81,81,THRIPUNITHURA,2026,fuzzy,1.0,2008,32,2011;2016;2021;2026,GEN,,,,yes,12,ERNAKULAM,12,agrees,phonetic key equal,AC_list;coverage
Kerala,3745,Ernakulam,487,Ernakulam,82,82,ERNAKULAM,2026,exact_name,1.0,2008,32,2011;2016;2021;2026,GEN,,,,yes,12,ERNAKULAM,12,agrees,,AC_list;coverage
Kerala,3749,Thrikkakara,487,Ernakulam,83,83,THRIKKAKARA,2026,exact_name,1.0,2008,32,2011;2016;2021;2026,GEN,,,,yes,12,ERNAKULAM,12,agrees,,AC_list;coverage
Kerala,3743,Kunnathunad,486,Chalakudy,84,84,KUNNATHUNAD,2026,exact_name,1.0,2008,32,2011;2016;2021;2026,SC,,,,yes,11,CHALAKUDY,11,agrees,,AC_list;coverage
Kerala,3784,Piravom,492,Kottayam,85,85,PIRAVOM,2026,exact_name,1.0,2008,32,2011;2016;2021;2026,GEN,,,,yes,14,KOTTAYAM,14,agrees,,AC_list;coverage
Kerala,3755,Muvattupuzha,488,Idukki,86,86,MUVATTUPUZHA,2026,exact_name,1.0,2008,32,2011;2016;2021;2026,GEN,,,,yes,13,IDUKKI,13,agrees,,AC_list;coverage
Kerala,3754,Kothamangalam,488,Idukki,87,87,KOTHAMANGALAM,2026,exact_name,1.0,2008,32,2011;2016;2021;2026,GEN,,,,yes,13,IDUKKI,13,agrees,,AC_list;coverage
Kerala,3752,Devikulam,488,Idukki,88,88,DEVIKULAM,2026,exact_name,1.0,2008,32,2011;2016;2021;2026,SC,,,,yes,13,IDUKKI,13,agrees,,AC_list;coverage
Kerala,3758,Udumbanchola,488,Idukki,89,89,UDUMBANCHOLA,2026,exact_name,1.0,2008,32,2011;2016;2021;2026,GEN,,,,yes,13,IDUKKI,13,agrees,,AC_list;coverage
Kerala,3757,Thodupuzha,488,Idukki,90,90,THODUPUZHA,2026,exact_name,1.0,2008,32,2011;2016;2021;2026,GEN,,,,yes,13,IDUKKI,13,agrees,,AC_list;coverage
Kerala,3753,Idukki,488,Idukki,91,91,IDUKKI,2026,exact_name,1.0,2008,32,2011;2016;2021;2026,GEN,,,,yes,13,IDUKKI,13,agrees,,AC_list;coverage
Kerala,3756,Peerumade,488,Idukki,92,92,PEERUMADE,2026,exact_name,1.0,2008,32,2011;2016;2021;2026,GEN,,,,yes,13,IDUKKI,13,agrees,,AC_list;coverage
Kerala,3783,Pala,492,Kottayam,93,93,PALA,2026,exact_name,1.0,2008,32,2011;2016;2021;2026,GEN,,,,yes,14,KOTTAYAM,14,agrees,,AC_list;coverage
Kerala,3781,Kaduthuruthy,492,Kottayam,94,94,KADUTHURUTHY,2026,exact_name,1.0,2008,32,2011;2016;2021;2026,GEN,,,,yes,14,KOTTAYAM,14,agrees,,AC_list;coverage
Kerala,3786,Vaikom,492,Kottayam,95,95,VAIKOM,2026,exact_name,1.0,2008,32,2011;2016;2021;2026,SC,,,,yes,14,KOTTAYAM,14,agrees,,AC_list;coverage
Kerala,3780,Ettumanoor,492,Kottayam,96,96,ETTUMANOOR,2026,exact_name,1.0,2008,32,2011;2016;2021;2026,GEN,,,,yes,14,KOTTAYAM,14,agrees,,AC_list;coverage
Kerala,3782,Kottayam,492,Kottayam,97,97,KOTTAYAM,2026,exact_name,1.0,2008,32,2011;2016;2021;2026,GEN,,,,yes,14,KOTTAYAM,14,agrees,,AC_list;coverage
Kerala,3785,Puthuppally,492,Kottayam,98,98,PUTHUPPALLY,2026,exact_name,1.0,2008,32,2011;2016;2021;2026,GEN,,,,yes,14,KOTTAYAM,14,agrees,,AC_list;coverage
Kerala,3801,Changanassery,495,Mavelikkara,99,99,CHANGANASSERY,2026,exact_name,1.0,2008,32,2011;2016;2021;2026,GEN,,,,yes,16,MAVELIKKARA,16,agrees,,AC_list;coverage
Kerala,3817,Kanjirappally,497,Pathanamthitta,100,100,KANJIRAPPALLY,2026,exact_name,1.0,2008,32,2011;2016;2021;2026,GEN,,,,yes,17,PATHANAMTHITTA,17,agrees,,AC_list;coverage
Kerala,3819,Poonjar,497,Pathanamthitta,101,101,POONJAR,2026,exact_name,1.0,2008,32,2011;2016;2021;2026,GEN,,,,yes,17,PATHANAMTHITTA,17,agrees,,AC_list;coverage
Kerala,3719,Aroor,483,Alappuzha,102,102,AROOR,2026,exact_name,1.0,2008,32,2011;2016;2021;2026,GEN,,,,yes,15,ALAPPUZHA,15,agrees,,AC_list;coverage
Kerala,3720,Cherthala,483,Alappuzha,103,103,CHERTHALA,2026,exact_name,1.0,2008,32,2011;2016;2021;2026,GEN,,,,yes,15,ALAPPUZHA,15,agrees,,AC_list;coverage
Kerala,3717,Alappuzha,483,Alappuzha,104,104,ALAPPUZHA,2026,exact_name,1.0,2008,32,2011;2016;2021;2026,GEN,,,,yes,15,ALAPPUZHA,15,agrees,,AC_list;coverage
Kerala,3718,Ambalappuzha,483,Alappuzha,105,105,AMBALAPUZHA,2026,fuzzy,1.0,2008,32,2011;2016;2021;2026,GEN,,,,yes,15,ALAPPUZHA,15,agrees,phonetic key equal,AC_list;coverage
Kerala,3805,Kuttanad,495,Mavelikkara,106,106,KUTTANAD,2026,exact_name,1.0,2008,32,2011;2016;2021;2026,GEN,,,,yes,16,MAVELIKKARA,16,agrees,,AC_list;coverage
Kerala,3721,Haripad,483,Alappuzha,107,107,HARIPAD,2026,exact_name,1.0,2008,32,2011;2016;2021;2026,GEN,,,,yes,15,ALAPPUZHA,15,agrees,,AC_list;coverage
Kerala,3723,Kayamkulam,483,Alappuzha,108,108,KAYAMKULAM,2026,exact_name,1.0,2008,32,2011;2016;2021;2026,GEN,,,,yes,15,ALAPPUZHA,15,agrees,,AC_list;coverage
Kerala,3806,Mavelikkara,495,Mavelikkara,109,109,MAVELIKARA,2026,fuzzy,1.0,2008,32,2011;2016;2021;2026,SC,,,,yes,16,MAVELIKKARA,16,agrees,phonetic key equal,AC_list;coverage
Kerala,3802,Chengannur,495,Mavelikkara,110,110,CHENGANNUR,2026,exact_name,1.0,2008,32,2011;2016;2021;2026,GEN,,,,yes,16,MAVELIKKARA,16,agrees,,AC_list;coverage
Kerala,3821,Thiruvalla,497,Pathanamthitta,111,111,THIRUVALLA,2026,exact_name,1.0,2008,32,2011;2016;2021;2026,GEN,,,,yes,17,PATHANAMTHITTA,17,agrees,,AC_list;coverage
Kerala,3820,Ranni,497,Pathanamthitta,112,112,RANNI,2026,exact_name,1.0,2008,32,2011;2016;2021;2026,GEN,,,,yes,17,PATHANAMTHITTA,17,agrees,,AC_list;coverage
Kerala,3816,Aranmula,497,Pathanamthitta,113,113,ARANMULA,2026,exact_name,1.0,2008,32,2011;2016;2021;2026,GEN,,,,yes,17,PATHANAMTHITTA,17,agrees,,AC_list;coverage
Kerala,3818,Konni,497,Pathanamthitta,114,114,KONNI,2026,exact_name,1.0,2008,32,2011;2016;2021;2026,GEN,,,,yes,17,PATHANAMTHITTA,17,agrees,,AC_list;coverage
Kerala,3815,Adoor,497,Pathanamthitta,115,115,ADOOR,2026,exact_name,1.0,2008,32,2011;2016;2021;2026,SC,,,,yes,17,PATHANAMTHITTA,17,agrees,,AC_list;coverage
Kerala,3722,Karunagappally,483,Alappuzha,116,116,KARUNAGAPPALLY,2026,exact_name,1.0,2008,32,2011;2016;2021;2026,GEN,,,,yes,15,ALAPPUZHA,15,agrees,,AC_list;coverage
Kerala,3775,Chavara,491,Kollam,117,117,CHAVARA,2026,exact_name,1.0,2008,32,2011;2016;2021;2026,GEN,,,,yes,18,KOLLAM,18,agrees,,AC_list;coverage
Kerala,3804,Kunnathur,495,Mavelikkara,118,118,KUNNATHUR,2026,exact_name,1.0,2008,32,2011;2016;2021;2026,SC,,,,yes,16,MAVELIKKARA,16,agrees,,AC_list;coverage
Kerala,3803,Kottarakkara,495,Mavelikkara,119,119,KOTTARAKKARA,2026,exact_name,1.0,2008,32,2011;2016;2021;2026,GEN,,,,yes,16,MAVELIKKARA,16,agrees,,AC_list;coverage
Kerala,3807,Pathanapuram,495,Mavelikkara,120,120,PATHANAPURAM,2026,exact_name,1.0,2008,32,2011;2016;2021;2026,GEN,,,,yes,16,MAVELIKKARA,16,agrees,,AC_list;coverage
Kerala,3779,Punalur,491,Kollam,121,121,PUNALUR,2026,exact_name,1.0,2008,32,2011;2016;2021;2026,GEN,,,,yes,18,KOLLAM,18,agrees,,AC_list;coverage
Kerala,3773,Chadayamangalam,491,Kollam,122,122,CHADAYAMANGALAM,2026,exact_name,1.0,2008,32,2011;2016;2021;2026,GEN,,,,yes,18,KOLLAM,18,agrees,,AC_list;coverage
Kerala,3778,Kundara,491,Kollam,123,123,KUNDARA,2026,exact_name,1.0,2008,32,2011;2016;2021;2026,GEN,,,,yes,18,KOLLAM,18,agrees,,AC_list;coverage
Kerala,3777,Kollam,491,Kollam,124,124,KOLLAM,2026,exact_name,1.0,2008,32,2011;2016;2021;2026,GEN,,,,yes,18,KOLLAM,18,agrees,,AC_list;coverage
Kerala,3776,Eravipuram,491,Kollam,125,125,ERAVIPURAM,2026,exact_name,1.0,2008,32,2011;2016;2021;2026,GEN,,,,yes,18,KOLLAM,18,agrees,,AC_list;coverage
Kerala,3774,Chathannoor,491,Kollam,126,126,CHATHANNUR,2026,fuzzy,1.0,2008,32,2011;2016;2021;2026,GEN,,,,yes,18,KOLLAM,18,agrees,phonetic key equal,AC_list;coverage
Kerala,3737,Varkala,485,Attingal,127,127,VARKALA,2026,eci_code,1.0,2008,32,2011;2016;2021;2026,GEN,,127,yes,yes,19,ATTINGAL,19,agrees,,AC_list;coverage;urban_mapping
Kerala,3732,Attingal,485,Attingal,128,128,ATTINGAL,2026,exact_name,1.0,2008,32,2011;2016;2021;2026,SC,,,,yes,19,ATTINGAL,19,agrees,,AC_list;coverage
Kerala,3733,Chirayinkeezhu,485,Attingal,129,129,CHIRAYINKEEZHU,2026,exact_name,1.0,2008,32,2011;2016;2021;2026,SC,,,,yes,19,ATTINGAL,19,agrees,,AC_list;coverage
Kerala,3735,Nedumangad,485,Attingal,130,130,NEDUMANGAD,2026,exact_name,1.0,2008,32,2011;2016;2021;2026,GEN,,,,yes,19,ATTINGAL,19,agrees,,AC_list;coverage
Kerala,3736,Vamanapuram,485,Attingal,131,131,VAMANAPURAM,2026,exact_name,1.0,2008,32,2011;2016;2021;2026,GEN,,,,yes,19,ATTINGAL,19,agrees,,AC_list;coverage
Kerala,3829,Kazhakoottam,499,Thiruvananthapuram,132,132,KAZHAKKOOTTAM,2026,fuzzy,1.0,2008,32,2011;2016;2021;2026,GEN,,,,yes,20,THIRUVANANTHAPURAM,20,agrees,phonetic key equal,AC_list;coverage
Kerala,3835,Vattiyooukavu,499,Thiruvananthapuram,133,133,VATTIYOORKAVU,2026,fuzzy,0.947,2008,32,2011;2016;2021;2026,GEN,,,,yes,20,THIRUVANANTHAPURAM,20,agrees,similarity; PC agrees,AC_list;coverage
Kerala,3834,Thiruvananthapuram,499,Thiruvananthapuram,134,134,THIRUVANANTHAPURAM,2026,exact_name,1.0,2008,32,2011;2016;2021;2026,GEN,,,,yes,20,THIRUVANANTHAPURAM,20,agrees,,AC_list;coverage
Kerala,3831,Nemom,499,Thiruvananthapuram,135,135,NEMOM,2026,exact_name,1.0,2008,32,2011;2016;2021;2026,GEN,,,,yes,20,THIRUVANANTHAPURAM,20,agrees,,AC_list
Kerala,3731,Aruvikkara,485,Attingal,136,136,ARUVIKKARA,2026,exact_name,1.0,2008,32,2011;2016;2021;2026,GEN,,,,yes,19,ATTINGAL,19,agrees,,AC_list;coverage
Kerala,3833,Parassala,499,Thiruvananthapuram,137,137,PARASSALA,2026,exact_name,1.0,2008,32,2011;2016;2021;2026,GEN,,,,yes,20,THIRUVANANTHAPURAM,20,agrees,,AC_list;coverage
Kerala,3734,Kattakkada,485,Attingal,138,138,KATTAKKADA,2026,exact_name,1.0,2008,32,2011;2016;2021;2026,GEN,,,,yes,19,ATTINGAL,19,agrees,,AC_list;coverage
Kerala,3830,Kovalam,499,Thiruvananthapuram,139,139,KOVALAM,2026,exact_name,1.0,2008,32,2011;2016;2021;2026,GEN,,,,yes,20,THIRUVANANTHAPURAM,20,agrees,,AC_list;coverage
Kerala,3832,Neyyattinkara,499,Thiruvananthapuram,140,140,NEYYATTINKARA,2026,exact_name,1.0,2008,32,2011;2016;2021;2026,GEN,,,,yes,20,THIRUVANANTHAPURAM,20,agrees,,AC_list;coverage
Madhya Pradesh,2607,Sheopur,323,Morena,1,1,SHEOPUR,2023,eci_code,1.0,2008,23,2013;2018;2023,GEN,,1,yes,yes,1,MORENA,1,agrees,,AC_list;coverage;urban_mapping
Madhya Pradesh,2609,Vijaypur,323,Morena,2,2,VIJAYPUR,2023,eci_code,1.0,2008,23,2013;2018;2023,GEN,,2,yes,yes,1,MORENA,1,agrees,,AC_list;coverage;urban_mapping
Madhya Pradesh,2606,Sabalgarh,323,Morena,3,3,SABALAGADH,2023,eci_code,0.842,2008,23,2013;2018;2023,GEN,,3,yes,yes,1,MORENA,1,agrees,eci code; name spelled differently,AC_list;coverage;urban_mapping
Madhya Pradesh,2604,Joura,323,Morena,4,4,JOURA,2023,eci_code,1.0,2008,23,2013;2018;2023,GEN,,4,yes,yes,1,MORENA,1,agrees,,AC_list;coverage;urban_mapping
Madhya Pradesh,2608,Sumawali,323,Morena,5,5,SUMAOLI,2023,fuzzy,0.8,2008,23,2013;2018;2023,GEN,,,,yes,1,MORENA,1,agrees,similarity; PC agrees,AC_list;coverage
Madhya Pradesh,2605,Morena,323,Morena,6,6,MORENA,2023,eci_code,1.0,2008,23,2013;2018;2023,GEN,,6,yes,yes,1,MORENA,1,agrees,,AC_list;coverage;urban_mapping
Madhya Pradesh,2603,Dimani,323,Morena,7,7,DIMANI,2023,exact_name,1.0,2008,23,2013;2018;2023,GEN,,,,yes,1,MORENA,1,agrees,,AC_list;coverage
Madhya Pradesh,2602,Ambah,323,Morena,8,8,AMBAH,2023,eci_code,1.0,2008,23,2013;2018;2023,SC,,8,yes,yes,1,MORENA,1,agrees,,AC_list;coverage;urban_mapping
Madhya Pradesh,2475,Ater,307,Bhind,9,9,ATER,2023,eci_code,1.0,2008,23,2013;2018;2023,GEN,,9,yes,yes,2,BHIND,2,agrees,,AC_list;coverage;urban_mapping
Madhya Pradesh,2477,Bhind,307,Bhind,10,10,BHIND,2023,eci_code,1.0,2008,23,2013;2018;2023,GEN,,10,yes,yes,2,BHIND,2,agrees,,AC_list;coverage;urban_mapping
Madhya Pradesh,2480,Lahar,307,Bhind,11,11,LAHAR,2023,eci_code,1.0,2008,23,2013;2018;2023,GEN,,11,yes,yes,2,BHIND,2,agrees,,AC_list;coverage;urban_mapping
Madhya Pradesh,2481,Mehgaon,307,Bhind,12,12,MEHGAON,2023,eci_code,1.0,2008,23,2013;2018;2023,GEN,,12,yes,yes,2,BHIND,2,agrees,,AC_list;coverage;urban_mapping
Madhya Pradesh,2479,Gohad,307,Bhind,13,13,GOHAD,2023,eci_code,1.0,2008,23,2013;2018;2023,SC,,13,yes,yes,2,BHIND,2,agrees,,AC_list;coverage;urban_mapping
Madhya Pradesh,2534,Gwalior Rural,314,Gwalior,14,14,GWALIOR RURAL,2023,eci_code,1.0,2008,23,2013;2018;2023,GEN,,14,yes,yes,3,GWALIOR,3,agrees,,AC_list;coverage;urban_mapping
Madhya Pradesh,2532,Gwalior,314,Gwalior,15,15,GWALIOR,2023,eci_code,1.0,2008,23,2013;2018;2023,GEN,,15,yes,yes,3,GWALIOR,3,agrees,,AC_list;coverage;urban_mapping
Madhya Pradesh,2533,Gwalior East,314,Gwalior,16,16,GWALIOR EAST,2023,eci_code,1.0,2008,23,2013;2018;2023,GEN,,16,yes,yes,3,GWALIOR,3,agrees,,AC_list;coverage;urban_mapping
Madhya Pradesh,2535,Gwalior South,314,Gwalior,17,17,GWALIOR SOUTH,2023,eci_code,1.0,2008,23,2013;2018;2023,GEN,,17,yes,yes,3,GWALIOR,3,agrees,,AC_list;coverage;urban_mapping
Madhya Pradesh,2530,Bhitarwar,314,Gwalior,18,18,BHITRWAR,2023,eci_code,0.941,2008,23,2013;2018;2023,GEN,,18,yes,yes,3,GWALIOR,3,agrees,eci code; name spelled differently,AC_list;coverage;urban_mapping
Madhya Pradesh,2531,Dabra,314,Gwalior,19,19,DABARA,2023,eci_code,0.909,2008,23,2013;2018;2023,SC,,19,yes,yes,3,GWALIOR,3,agrees,eci code; name spelled differently,AC_list;coverage;urban_mapping
Madhya Pradesh,2482,Sewda,307,Bhind,20,20,SEWDA,2023,eci_code,1.0,2008,23,2013;2018;2023,GEN,,20,yes,yes,2,BHIND,2,agrees,,AC_list;coverage;urban_mapping
Madhya Pradesh,2476,Bhander,307,Bhind,21,21,BHANDER,2023,eci_code,1.0,2008,23,2013;2018;2023,SC,,21,yes,yes,2,BHIND,2,agrees,,AC_list;coverage;urban_mapping
Madhya Pradesh,2478,Datia,307,Bhind,22,22,DATIA,2023,eci_code,1.0,2008,23,2013;2018;2023,GEN,,22,yes,yes,2,BHIND,2,agrees,,AC_list;coverage;urban_mapping
Madhya Pradesh,2536,Karera,314,Gwalior,23,23,KARERA,2023,eci_code,1.0,2008,23,2013;2018;2023,SC,,23,yes,yes,3,GWALIOR,3,agrees,,AC_list;coverage;urban_mapping
Madhya Pradesh,2537,Pohari,314,Gwalior,24,24,POHARI,2023,eci_code,1.0,2008,23,2013;2018;2023,GEN,,24,yes,yes,3,GWALIOR,3,agrees,,AC_list;coverage;urban_mapping
Madhya Pradesh,2529,Shivpuri,313,Guna,25,25,SHIVPURI,2023,eci_code,1.0,2008,23,2013;2018;2023,GEN,,25,yes,yes,4,GUNA,4,agrees,,AC_list;coverage;urban_mapping
Madhya Pradesh,2528,Pichhore,313,Guna,26,26,PICHHORE,2023,eci_code,1.0,2008,23,2013;2018;2023,GEN,,26,yes,yes,4,GUNA,4,agrees,,AC_list;coverage;urban_mapping
Madhya Pradesh,2526,Kolaras,313,Guna,27,27,KOLARAS,2023,eci_code,1.0,2008,23,2013;2018;2023,GEN,,27,yes,yes,4,GUNA,4,agrees,,AC_list;coverage;urban_mapping
Madhya Pradesh,2523,Bamori,313,Guna,28,28,BAMORI,2023,exact_name,1.0,2008,23,2013;2018;2023,GEN,,,,yes,4,GUNA,4,agrees,,AC_list;coverage
Madhya Pradesh,2525,Guna,313,Guna,29,29,GUNA,2023,eci_code,1.0,2008,23,2013;2018;2023,SC,,29,yes,yes,4,GUNA,4,agrees,,AC_list;coverage;urban_mapping
Madhya Pradesh,2611,Chachoura,324,Rajgarh,30,30,CHACHODA,2023,eci_code,0.824,2008,23,2013;2018;2023,GEN,,30,yes,yes,20,RAJGARH,20,agrees,eci code; name spelled differently,AC_list;coverage;urban_mapping
Madhya Pradesh,2614,Raghogarh,324,Rajgarh,31,31,RAGHOGARH,2023,eci_code,1.0,2008,23,2013;2018;2023,GEN,,31,yes,yes,20,RAJGARH,20,agrees,,AC_list;coverage;urban_mapping
Madhya Pradesh,2522,Ashok Nagar,313,Guna,32,32,ASHOK NAGAR,2023,eci_code,1.0,2008,23,2013;2018;2023,SC,,32,yes,yes,4,GUNA,4,agrees,,AC_list;coverage;urban_mapping
Madhya Pradesh,2524,Chanderi,313,Guna,33,33,CHANDERI,2023,eci_code,1.0,2008,23,2013;2018;2023,GEN,,33,yes,yes,4,GUNA,4,agrees,,AC_list;coverage;urban_mapping
Madhya Pradesh,2527,Mungaoli,313,Guna,34,34,MUNGAOLI,2023,eci_code,1.0,2008,23,2013;2018;2023,GEN,,34,yes,yes,4,GUNA,4,agrees,,AC_list;coverage;urban_mapping
Madhya Pradesh,2634,Bina,327,Sagar,35,35,BINA,2023,eci_code,1.0,2008,23,2013;2018;2023,SC,,35,yes,yes,5,SAGAR,5,agrees,,AC_list;coverage;urban_mapping
Madhya Pradesh,2635,Khurai,327,Sagar,36,36,KHURAI,2023,eci_code,1.0,2008,23,2013;2018;2023,GEN,,36,yes,yes,5,SAGAR,5,agrees,,AC_list;coverage;urban_mapping
Madhya Pradesh,2641,Surkhi,327,Sagar,37,37,SURKHI,2023,eci_code,1.0,2008,23,2013;2018;2023,GEN,,37,yes,yes,5,SAGAR,5,agrees,,AC_list;coverage;urban_mapping
Madhya Pradesh,2500,Deori,310,Damoh,38,38,DEORI,2023,eci_code,1.0,2008,23,2013;2018;2023,GEN,,38,yes,yes,7,DAMOH,7,agrees,,AC_list;coverage;urban_mapping
Madhya Pradesh,2505,Rehli,310,Damoh,39,39,REHLI,2023,eci_code,1.0,2008,23,2013;2018;2023,GEN,,39,yes,yes,7,DAMOH,7,agrees,,AC_list;coverage;urban_mapping
Madhya Pradesh,2637,Naryoli,327,Sagar,40,40,NARYAWALI,2023,eci_code,0.75,2008,23,2013;2018;2023,SC,,40,yes,yes,5,SAGAR,5,agrees,eci code; name spelled differently,AC_list;coverage;urban_mapping
Madhya Pradesh,2638,Sagar,327,Sagar,41,41,SAGAR,2023,eci_code,1.0,2008,23,2013;2018;2023,GEN,,41,yes,yes,5,SAGAR,5,agrees,,AC_list;coverage;urban_mapping
Madhya Pradesh,2498,Banda,310,Damoh,42,42,BANDA,2023,eci_code,1.0,2008,23,2013;2018;2023,GEN,,42,yes,yes,7,DAMOH,7,agrees,,AC_list;coverage;urban_mapping
Madhya Pradesh,2672,Tikamgarh,331,Tikamgarh,43,43,TIKAMGARH,2023,eci_code,1.0,2008,23,2013;2018;2023,GEN,,43,yes,yes,6,TIKAMGARH,6,agrees,,AC_list;coverage;urban_mapping
Madhya Pradesh,2667,Jatara,331,Tikamgarh,44,44,JATARA,2023,eci_code,1.0,2008,23,2013;2018;2023,SC,,44,yes,yes,6,TIKAMGARH,6,agrees,,AC_list;coverage;urban_mapping
Madhya Pradesh,2671,Prithvipur,331,Tikamgarh,45,45,PRITHVIPUR,2023,eci_code,1.0,2008,23,2013;2018;2023,GEN,,45,yes,yes,6,TIKAMGARH,6,agrees,,AC_list;coverage;urban_mapping
Madhya Pradesh,2670,Niwari,331,Tikamgarh,46,46,NIWARI,2023,eci_code,1.0,2008,23,2013;2018;2023,GEN,,46,yes,yes,6,TIKAMGARH,6,agrees,,AC_list;coverage;urban_mapping
Madhya Pradesh,2668,Khargapur,331,Tikamgarh,47,47,KHARGAPUR,2023,eci_code,1.0,2008,23,2013;2018;2023,GEN,,47,yes,yes,6,TIKAMGARH,6,agrees,,AC_list;coverage;urban_mapping
Madhya Pradesh,2669,Maharajpur,331,Tikamgarh,48,48,MAHARAJPUR,2023,eci_code,1.0,2008,23,2013;2018;2023,GEN,,48,yes,yes,6,TIKAMGARH,6,agrees,,AC_list;coverage;urban_mapping
Madhya Pradesh,2563,Chandla,318,Khajuraho,49,49,CHANDLA,2023,eci_code,1.0,2008,23,2013;2018;2023,SC,,49,yes,yes,8,KHAJURAHO,8,agrees,,AC_list;coverage;urban_mapping
Madhya Pradesh,2568,Rajnagar,318,Khajuraho,50,50,RAJNAGAR,2023,eci_code,1.0,2008,23,2013;2018;2023,GEN,,50,yes,yes,8,KHAJURAHO,8,agrees,,AC_list;coverage;urban_mapping
Madhya Pradesh,2666,Chhatarpur,331,Tikamgarh,51,51,CHHATARPUR,2023,eci_code,1.0,2008,23,2013;2018;2023,GEN,,51,yes,yes,6,TIKAMGARH,6,agrees,,AC_list;coverage;urban_mapping
Madhya Pradesh,2665,Bijawar,331,Tikamgarh,52,52,BIJAWAR,2023,eci_code,1.0,2008,23,2013;2018;2023,GEN,,52,yes,yes,6,TIKAMGARH,6,agrees,,AC_list;coverage;urban_mapping
Madhya Pradesh,2503,Malhara,310,Damoh,53,53,MALHARA,2023,eci_code,1.0,2008,23,2013;2018;2023,GEN,,53,yes,yes,7,DAMOH,7,agrees,,AC_list;coverage;urban_mapping
Madhya Pradesh,2504,Pathariya,310,Damoh,54,54,PATHARIYA,2023,eci_code,1.0,2008,23,2013;2018;2023,GEN,,54,yes,yes,7,DAMOH,7,agrees,,AC_list;coverage;urban_mapping
Madhya Pradesh,2499,Damoh,310,Damoh,55,55,DAMOH,2023,eci_code,1.0,2008,23,2013;2018;2023,GEN,,55,yes,yes,7,DAMOH,7,agrees,,AC_list;coverage;urban_mapping
Madhya Pradesh,2502,Jabera,310,Damoh,56,56,JABERA,2023,eci_code,1.0,2008,23,2013;2018;2023,GEN,,56,yes,yes,7,DAMOH,7,agrees,,AC_list;coverage;urban_mapping
Madhya Pradesh,2501,Hatta,310,Damoh,57,57,HATTA,2023,eci_code,1.0,2008,23,2013;2018;2023,SC,,57,yes,yes,7,DAMOH,7,agrees,,AC_list;coverage;urban_mapping
Madhya Pradesh,2567,Pawai,318,Khajuraho,58,58,PAWAI,2023,eci_code,1.0,2008,23,2013;2018;2023,GEN,,58,yes,yes,8,KHAJURAHO,8,agrees,,AC_list;coverage;urban_mapping
Madhya Pradesh,2564,Gunnaor,318,Khajuraho,59,59,GUNNOUR,2023,eci_code,0.857,2008,23,2013;2018;2023,SC,,59,yes,yes,8,KHAJURAHO,8,agrees,eci code; name spelled differently,AC_list;coverage;urban_mapping
Madhya Pradesh,2566,Panna,318,Khajuraho,60,60,PANNA,2023,eci_code,1.0,2008,23,2013;2018;2023,GEN,,60,yes,yes,8,KHAJURAHO,8,agrees,,AC_list;coverage;urban_mapping
Madhya Pradesh,2643,Chitrakoot,328,Satna,61,61,CHITRAKOOT,2023,eci_code,1.0,2008,23,2013;2018;2023,GEN,,61,yes,yes,9,SATNA,9,agrees,,AC_list;coverage;urban_mapping
Madhya Pradesh,2646,Raigaon,328,Satna,62,62,RAIGAON,2023,eci_code,1.0,2008,23,2013;2018;2023,SC,,62,yes,yes,9,SATNA,9,agrees,,AC_list;coverage;urban_mapping
Madhya Pradesh,2648,Satna,328,Satna,63,63,SATNA,2023,eci_code,1.0,2008,23,2013;2018;2023,GEN,,63,yes,yes,9,SATNA,9,agrees,,AC_list;coverage;urban_mapping
Madhya Pradesh,2645,Nagod,328,Satna,64,64,NAGOD,2023,eci_code,1.0,2008,23,2013;2018;2023,GEN,,64,yes,yes,9,SATNA,9,agrees,,AC_list;coverage;urban_mapping
Madhya Pradesh,2644,Maihar,328,Satna,65,65,MAIHAR,2023,eci_code,1.0,2008,23,2013;2018;2023,GEN,,65,yes,yes,9,SATNA,9,agrees,,AC_list;coverage;urban_mapping
Madhya Pradesh,2642,Amarpatan,328,Satna,66,66,AMARPATAN,2023,eci_code,1.0,2008,23,2013;2018;2023,GEN,,66,yes,yes,9,SATNA,9,agrees,,AC_list;coverage;urban_mapping
Madhya Pradesh,2647,Rampur-baghelan,328,Satna,67,67,RAMPUR BAGHELAN,2023,eci_code,1.0,2008,23,2013;2018;2023,GEN,,67,yes,yes,9,SATNA,9,agrees,,AC_list;coverage;urban_mapping
Madhya Pradesh,2632,Sirmour,326,Rewa,68,68,SIRMOUR,2023,eci_code,1.0,2008,23,2013;2018;2023,GEN,,68,yes,yes,10,REWA,10,agrees,,AC_list;coverage;urban_mapping
Madhya Pradesh,2631,Semariya,326,Rewa,69,69,SEMARIYA,2023,eci_code,1.0,2008,23,2013;2018;2023,GEN,,69,yes,yes,10,REWA,10,agrees,,AC_list;coverage;urban_mapping
Madhya Pradesh,2633,Teonthar,326,Rewa,70,70,TEONTHAR,2023,eci_code,1.0,2008,23,2013;2018;2023,GEN,,70,yes,yes,10,REWA,10,agrees,,AC_list;coverage;urban_mapping
Madhya Pradesh,2629,Mauganj,326,Rewa,71,71,MAUGANJ,2023,eci_code,1.0,2008,23,2013;2018;2023,GEN,,71,yes,yes,10,REWA,10,agrees,,AC_list;coverage;urban_mapping
Madhya Pradesh,2626,Deotalab,326,Rewa,72,72,DEOTALAB,2023,eci_code,1.0,2008,23,2013;2018;2023,GEN,,72,yes,yes,10,REWA,10,agrees,,AC_list;coverage;urban_mapping
Madhya Pradesh,2628,Mangawan,326,Rewa,73,73,MANGAWAN,2023,eci_code,1.0,2008,23,2013;2018;2023,SC,,73,yes,yes,10,REWA,10,agrees,,AC_list;coverage;urban_mapping
Madhya Pradesh,2630,Rewa,326,Rewa,74,74,REWA,2023,eci_code,1.0,2008,23,2013;2018;2023,GEN,,74,yes,yes,10,REWA,10,agrees,,AC_list;coverage;urban_mapping
Madhya Pradesh,2627,Gurh,326,Rewa,75,75,GURH,2023,eci_code,1.0,2008,23,2013;2018;2023,GEN,,75,yes,yes,10,REWA,10,agrees,,AC_list;coverage;urban_mapping
Madhya Pradesh,2659,Churhat,330,Sidhi,76,76,CHURHAT,2023,eci_code,1.0,2008,23,2013;2018;2023,GEN,,76,yes,yes,11,SIDHI,11,agrees,,AC_list;coverage;urban_mapping
Madhya Pradesh,2662,Sidhi,330,Sidhi,77,77,SIDHI,2023,eci_code,1.0,2008,23,2013;2018;2023,GEN,,77,yes,yes,11,SIDHI,11,agrees,,AC_list;coverage;urban_mapping
Madhya Pradesh,2663,Sihawal,330,Sidhi,78,78,SIHAWAL,2023,exact_name,1.0,2008,23,2013;2018;2023,GEN,,,,yes,11,SIDHI,11,agrees,,AC_list;coverage
Madhya Pradesh,2658,Chitrangi,330,Sidhi,79,79,CHITRANGI,2023,exact_name,1.0,2008,23,2013;2018;2023,ST,,,,yes,11,SIDHI,11,agrees,,AC_list;coverage
Madhya Pradesh,2664,Singrauli,330,Sidhi,80,80,SINGAROULI,2023,eci_code,0.889,2008,23,2013;2018;2023,GEN,,80,yes,yes,11,SIDHI,11,agrees,eci code; name spelled differently,AC_list;coverage;urban_mapping
Madhya Pradesh,2660,Devsar,330,Sidhi,81,81,DEVSAR,2023,eci_code,1.0,2008,23,2013;2018;2023,SC,,81,yes,yes,11,SIDHI,11,agrees,,AC_list;coverage;urban_mapping
Madhya Pradesh,2661,Dhauhani,330,Sidhi,82,82,DHAUHANI,2023,eci_code,1.0,2008,23,2013;2018;2023,ST,,82,yes,yes,11,SIDHI,11,agrees,,AC_list;coverage;urban_mapping
Madhya Pradesh,2657,Beohari,330,Sidhi,83,83,BEOHARI,2023,eci_code,1.0,2008,23,2013;2018;2023,ST,,83,yes,yes,11,SIDHI,11,agrees,,AC_list;coverage;urban_mapping
Madhya Pradesh,2652,Jaisinghnagar,329,Shahdol,84,84,JAISINGHNAGAR,2023,eci_code,1.0,2008,23,2013;2018;2023,ST,,84,yes,yes,12,SHAHDOL,12,agrees,,AC_list;coverage;urban_mapping
Madhya Pradesh,2653,Jaitpur,329,Shahdol,85,85,JAITPUR,2023,eci_code,1.0,2008,23,2013;2018;2023,ST,,85,yes,yes,12,SHAHDOL,12,agrees,,AC_list;coverage;urban_mapping
Madhya Pradesh,2654,Kotma,329,Shahdol,86,86,KOTAMA,2023,eci_code,0.909,2008,23,2013;2018;2023,GEN,,86,yes,yes,12,SHAHDOL,12,agrees,eci code; name spelled differently,AC_list;coverage;urban_mapping
Madhya Pradesh,2649,Anuppur,329,Shahdol,87,87,ANUPPUR,2023,eci_code,1.0,2008,23,2013;2018;2023,ST,,87,yes,yes,12,SHAHDOL,12,agrees,,AC_list;coverage;urban_mapping
Madhya Pradesh,2656,Pushprajgarh,329,Shahdol,88,88,PUSPRAJGARH,2023,eci_code,1.0,2008,23,2013;2018;2023,ST,,88,yes,yes,12,SHAHDOL,12,agrees,eci code; name spelled differently,AC_list;coverage;urban_mapping
Madhya Pradesh,2650,Bandhavgarh,329,Shahdol,89,89,BANDHAVGARH,2023,eci_code,1.0,2008,23,2013;2018;2023,ST,,89,yes,yes,12,SHAHDOL,12,agrees,,AC_list;coverage;urban_mapping
Madhya Pradesh,2655,Manpur,329,Shahdol,90,90,MANAPUR,2023,eci_code,0.923,2008,23,2013;2018;2023,ST,,90,yes,yes,12,SHAHDOL,12,agrees,eci code; name spelled differently,AC_list;coverage;urban_mapping
Madhya Pradesh,2651,Barwara,329,Shahdol,91,91,BARWARA,2023,eci_code,1.0,2008,23,2013;2018;2023,ST,,91,yes,yes,12,SHAHDOL,12,agrees,,AC_list;coverage;urban_mapping
Madhya Pradesh,2569,Vijayraghavgarh,318,Khajuraho,92,92,VIJAYRAGHAVGARH,2023,eci_code,1.0,2008,23,2013;2018;2023,GEN,,92,yes,yes,8,KHAJURAHO,8,agrees,,AC_list;coverage;urban_mapping
Madhya Pradesh,2565,Murwara,318,Khajuraho,93,93,MURWARA,2023,eci_code,1.0,2008,23,2013;2018;2023,GEN,,93,yes,yes,8,KHAJURAHO,8,agrees,,AC_list;coverage;urban_mapping
Madhya Pradesh,2562,Bahoriband,318,Khajuraho,94,94,BAHORIBAND,2023,eci_code,1.0,2008,23,2013;2018;2023,GEN,,94,yes,yes,8,KHAJURAHO,8,agrees,,AC_list;coverage;urban_mapping
Madhya Pradesh,2560,Patan,317,Jabalpur,95,95,PATAN,2023,eci_code,1.0,2008,23,2013;2018;2023,GEN,,95,yes,yes,13,JABALPUR,13,agrees,,AC_list;coverage;urban_mapping
Madhya Pradesh,2554,Bargi,317,Jabalpur,96,96,BARGI,2023,eci_code,1.0,2008,23,2013;2018;2023,GEN,,96,yes,yes,13,JABALPUR,13,agrees,,AC_list;coverage;urban_mapping
Madhya Pradesh,2557,Jabalpur Purba,317,Jabalpur,97,97,JABALPUR EAST,2023,exact_name,1.0,2008,23,2013;2018;2023,SC,,,,yes,13,JABALPUR,13,agrees,,AC_list;coverage
Madhya Pradesh,2558,Jabalpur Uttar,317,Jabalpur,98,98,JABALPUR NORTH,2023,eci_code,1.0,2008,23,2013;2018;2023,GEN,,98,yes,yes,13,JABALPUR,13,agrees,,AC_list;coverage;urban_mapping
Madhya Pradesh,2555,Jabalpur Cantt.,317,Jabalpur,99,99,JABALPUR CANTT,2023,exact_name,1.0,2008,23,2013;2018;2023,GEN,,,,yes,13,JABALPUR,13,agrees,,AC_list;coverage
Madhya Pradesh,2556,Jabalpur Paschim,317,Jabalpur,100,100,JABALPUR WEST,2023,eci_code,1.0,2008,23,2013;2018;2023,GEN,,100,yes,yes,13,JABALPUR,13,agrees,,AC_list;coverage;urban_mapping
Madhya Pradesh,2559,Panagar,317,Jabalpur,101,101,PANAGAR,2023,eci_code,1.0,2008,23,2013;2018;2023,GEN,,101,yes,yes,13,JABALPUR,13,agrees,,AC_list;coverage;urban_mapping
Madhya Pradesh,2561,Sihora,317,Jabalpur,102,102,SIHORA,2023,exact_name,1.0,2008,23,2013;2018;2023,ST,,,,yes,13,JABALPUR,13,agrees,,AC_list;coverage
Madhya Pradesh,2593,Shahpura,321,Mandla,103,103,SHAHPURA,2023,eci_code,1.0,2008,23,2013;2018;2023,ST,,103,yes,yes,14,MANDLA,14,agrees,,AC_list;coverage;urban_mapping
Madhya Pradesh,2587,Dindori,321,Mandla,104,104,DINDORI,2023,eci_code,1.0,2008,23,2013;2018;2023,SC,,104,yes,no: contradicted by the Delimitation Order 2008,14,MANDLA,14,agrees,,AC_list;coverage;urban_mapping
Madhya Pradesh,2586,Bichhiya,321,Mandla,105,105,BICHHIYA,2023,eci_code,1.0,2008,23,2013;2018;2023,ST,,105,yes,yes,14,MANDLA,14,agrees,,AC_list;coverage;urban_mapping
Madhya Pradesh,2592,Niwas,321,Mandla,106,106,NIWAS,2023,eci_code,1.0,2008,23,2013;2018;2023,ST,,106,yes,yes,14,MANDLA,14,agrees,,AC_list;coverage;urban_mapping
Madhya Pradesh,2591,Mandla,321,Mandla,107,107,MANDLA,2023,eci_code,1.0,2008,23,2013;2018;2023,ST,,107,yes,yes,14,MANDLA,14,agrees,,AC_list;coverage;urban_mapping
Madhya Pradesh,2459,Baihar,305,Balaghat,108,108,BAIHAR,2023,eci_code,1.0,2008,23,2013;2018;2023,ST,,108,yes,yes,15,BALAGHAT,15,agrees,,AC_list;coverage;urban_mapping
Madhya Pradesh,2463,Lanji,305,Balaghat,109,109,LANJI,2023,eci_code,1.0,2008,23,2013;2018;2023,GEN,,109,yes,yes,15,BALAGHAT,15,agrees,,AC_list;coverage;urban_mapping
Madhya Pradesh,2464,Paraswada,305,Balaghat,110,110,PARASWADA,2023,exact_name,1.0,2008,23,2013;2018;2023,GEN,,,,yes,15,BALAGHAT,15,agrees,,AC_list;coverage
Madhya Pradesh,2460,Balaghat,305,Balaghat,111,111,BALAGHAT,2023,eci_code,1.0,2008,23,2013;2018;2023,GEN,,111,yes,yes,15,BALAGHAT,15,agrees,,AC_list;coverage;urban_mapping
Madhya Pradesh,2466,Waraseoni,305,Balaghat,112,112,WARASEONI,2023,eci_code,1.0,2008,23,2013;2018;2023,GEN,,112,yes,yes,15,BALAGHAT,15,agrees,,AC_list;coverage;urban_mapping
Madhya Pradesh,2462,Katangi,305,Balaghat,113,113,KATANGI,2023,eci_code,1.0,2008,23,2013;2018;2023,GEN,,113,yes,yes,15,BALAGHAT,15,agrees,,AC_list;coverage;urban_mapping
Madhya Pradesh,2461,Barghat,305,Balaghat,114,114,BARGHAT,2023,eci_code,1.0,2008,23,2013;2018;2023,ST,,114,yes,yes,15,BALAGHAT,15,agrees,,AC_list;coverage;urban_mapping
Madhya Pradesh,2465,Seoni,305,Balaghat,115,115,SEONI,2023,eci_code,1.0,2008,23,2013;2018;2023,GEN,,115,yes,yes,15,BALAGHAT,15,agrees,,AC_list;coverage;urban_mapping
Madhya Pradesh,2589,Keolari,321,Mandla,116,116,KEOLARI,2023,eci_code,1.0,2008,23,2013;2018;2023,GEN,,116,yes,yes,14,MANDLA,14,agrees,,AC_list;coverage;urban_mapping
Madhya Pradesh,2590,Lakhnadon,321,Mandla,117,117,LAKHANADON,2023,eci_code,0.947,2008,23,2013;2018;2023,ST,,117,yes,yes,14,MANDLA,14,agrees,eci code; name spelled differently,AC_list;coverage;urban_mapping
Madhya Pradesh,2588,Gotegaon,321,Mandla,118,118,GOTEGAON,2023,eci_code,1.0,2008,23,2013;2018;2023,SC,,118,yes,yes,14,MANDLA,14,agrees,,AC_list;coverage;urban_mapping
Madhya Pradesh,2540,Narsingpur,315,Hoshangabad,119,119,NARSINGPUR,2023,eci_code,1.0,2008,23,2013;2018;2023,GEN,,119,yes,yes,17,HOSHANGABAD,17,agrees,,AC_list;coverage;urban_mapping
Madhya Pradesh,2544,Tendukheda,315,Hoshangabad,120,120,TENDUKHEDA,2023,eci_code,1.0,2008,23,2013;2018;2023,GEN,,120,yes,yes,17,HOSHANGABAD,17,agrees,,AC_list;coverage;urban_mapping
Madhya Pradesh,2538,Gadarwara,315,Hoshangabad,121,121,GADARWARA,2023,eci_code,1.0,2008,23,2013;2018;2023,GEN,,121,yes,yes,17,HOSHANGABAD,17,agrees,,AC_list;coverage;urban_mapping
Madhya Pradesh,2494,Junnardeo,309,Chhindwara,122,122,JUNNARDEO,2023,eci_code,1.0,2008,23,2013;2018;2023,ST,,122,yes,yes,16,CHHINDWARA,16,agrees,,AC_list;coverage;urban_mapping
Madhya Pradesh,2491,Amarwara,309,Chhindwara,123,123,AMARWARA,2023,eci_code,1.0,2008,23,2013;2018;2023,ST,,123,yes,yes,16,CHHINDWARA,16,agrees,,AC_list;coverage;urban_mapping
Madhya Pradesh,2493,Churai,309,Chhindwara,124,124,CHOURAI,2023,eci_code,1.0,2008,23,2013;2018;2023,GEN,,124,yes,yes,16,CHHINDWARA,16,agrees,,AC_list;coverage;urban_mapping
Madhya Pradesh,2497,Saunsar,309,Chhindwara,125,125,SAUSAR,2023,eci_code,0.923,2008,23,2013;2018;2023,GEN,,125,yes,yes,16,CHHINDWARA,16,agrees,eci code; name spelled differently,AC_list;coverage;urban_mapping
Madhya Pradesh,2492,Chhindwara,309,Chhindwara,126,126,CHHINDWARA,2023,eci_code,1.0,2008,23,2013;2018;2023,GEN,,126,yes,yes,16,CHHINDWARA,16,agrees,,AC_list;coverage;urban_mapping
Madhya Pradesh,2496,Parasia,309,Chhindwara,127,127,PARASIYA,2023,eci_code,1.0,2008,23,2013;2018;2023,SC,,127,yes,yes,16,CHHINDWARA,16,agrees,eci code; name spelled differently,AC_list;coverage;urban_mapping
Madhya Pradesh,2495,Pandhurna,309,Chhindwara,128,128,PANDHURNA,2023,eci_code,1.0,2008,23,2013;2018;2023,ST,,128,yes,yes,16,CHHINDWARA,16,agrees,,AC_list;coverage;urban_mapping
Madhya Pradesh,2473,Multai,306,Betul,129,129,MULTAI,2023,eci_code,1.0,2008,23,2013;2018;2023,GEN,,129,yes,yes,29,BETUL,29,agrees,,AC_list;coverage;urban_mapping
Madhya Pradesh,2467,Amla,306,Betul,130,130,AMLA,2023,eci_code,1.0,2008,23,2013;2018;2023,SC,,130,yes,yes,29,BETUL,29,agrees,,AC_list;coverage;urban_mapping
Madhya Pradesh,2468,Betul,306,Betul,131,131,BETUL,2023,eci_code,1.0,2008,23,2013;2018;2023,GEN,,131,yes,yes,29,BETUL,29,agrees,,AC_list;coverage;urban_mapping
Madhya Pradesh,2470,Ghoradongri,306,Betul,132,132,GHODADONGRI,2023,eci_code,0.909,2008,23,2013;2018;2023,ST,,132,yes,yes,29,BETUL,29,agrees,eci code; name spelled differently,AC_list;coverage;urban_mapping
Madhya Pradesh,2469,Bhainsdehi,306,Betul,133,133,BHAINSDEHI,2023,eci_code,1.0,2008,23,2013;2018;2023,ST,,133,yes,yes,29,BETUL,29,agrees,,AC_list;coverage;urban_mapping
Madhya Pradesh,2474,Timarni,306,Betul,134,134,TIMARNI,2023,eci_code,1.0,2008,23,2013;2018;2023,ST,,134,yes,yes,29,BETUL,29,agrees,,AC_list;coverage;urban_mapping
Madhya Pradesh,2471,Harda,306,Betul,135,135,HARDA,2023,eci_code,1.0,2008,23,2013;2018;2023,GEN,,135,yes,yes,29,BETUL,29,agrees,,AC_list;coverage;urban_mapping
Madhya Pradesh,2542,Seoni-malwa,315,Hoshangabad,136,136,SEONI MALWA,2023,eci_code,1.0,2008,23,2013;2018;2023,GEN,,136,yes,yes,17,HOSHANGABAD,17,agrees,,AC_list;coverage;urban_mapping
Madhya Pradesh,2539,Hoshangabad,315,Hoshangabad,137,137,HOSHANGABAD,2023,eci_code,1.0,2008,23,2013;2018;2023,GEN,,137,yes,yes,17,HOSHANGABAD,17,agrees,,AC_list;coverage;urban_mapping
Madhya Pradesh,2543,Sohagpur,315,Hoshangabad,138,138,SOHAGPUR,2023,eci_code,1.0,2008,23,2013;2018;2023,GEN,,138,yes,yes,17,HOSHANGABAD,17,agrees,,AC_list;coverage;urban_mapping
Madhya Pradesh,2541,Pipariya,315,Hoshangabad,139,139,PIPARIYA,2023,eci_code,1.0,2008,23,2013;2018;2023,SC,,139,yes,yes,17,HOSHANGABAD,17,agrees,,AC_list;coverage;urban_mapping
Madhya Pradesh,2545,Udaipura,315,Hoshangabad,140,140,UDAIPURA,2023,eci_code,1.0,2008,23,2013;2018;2023,GEN,,140,yes,yes,17,HOSHANGABAD,17,agrees,,AC_list;coverage;urban_mapping
Madhya Pradesh,2682,Bhojpur,333,Vidisha,141,141,BHOJPUR,2023,eci_code,1.0,2008,23,2013;2018;2023,GEN,,141,yes,yes,18,VIDISHA,18,agrees,,AC_list;coverage;urban_mapping
Madhya Pradesh,2686,Sanchi,333,Vidisha,142,142,SANCHI (SC),2023,eci_code,1.0,2008,23,2013;2018;2023,SC,,142,yes,yes,18,VIDISHA,18,agrees,,AC_list;coverage;urban_mapping
Madhya Pradesh,2687,Silwani,333,Vidisha,143,143,SILWANI,2023,eci_code,1.0,2008,23,2013;2018;2023,GEN,,143,yes,yes,18,VIDISHA,18,agrees,,AC_list;coverage;urban_mapping
Madhya Pradesh,2688,Vidisha,333,Vidisha,144,144,VIDISHA,2023,eci_code,1.0,2008,23,2013;2018;2023,GEN,,144,yes,yes,18,VIDISHA,18,agrees,,AC_list;coverage;urban_mapping
Madhya Pradesh,2681,Basoda,333,Vidisha,145,145,BASODA,2023,eci_code,1.0,2008,23,2013;2018;2023,GEN,,145,yes,yes,18,VIDISHA,18,agrees,,AC_list;coverage;urban_mapping
Madhya Pradesh,2636,Kurwai,327,Sagar,146,146,KURWAI (SC),2023,eci_code,1.0,2008,23,2013;2018;2023,SC,,146,yes,yes,5,SAGAR,5,agrees,,AC_list;coverage;urban_mapping
Madhya Pradesh,2640,Sironj,327,Sagar,147,147,SIRONJ,2023,eci_code,1.0,2008,23,2013;2018;2023,GEN,,147,yes,yes,5,SAGAR,5,agrees,,AC_list;coverage;urban_mapping
Madhya Pradesh,2639,Shamshabad,327,Sagar,148,148,SHAMSHABAD,2023,exact_name,1.0,2008,23,2013;2018;2023,GEN,,,,yes,5,SAGAR,5,agrees,,AC_list;coverage
Madhya Pradesh,2483,Berasia,308,Bhopal,149,149,BERASIA,2023,eci_code,1.0,2008,23,2013;2018;2023,SC,,149,yes,yes,19,BHOPAL,19,agrees,,AC_list;coverage;urban_mapping
Madhya Pradesh,2486,Bhopal Uttar,308,Bhopal,150,150,BHOPAL UTTAR,2023,exact_name,1.0,2008,23,2013;2018;2023,GEN,,,,yes,19,BHOPAL,19,agrees,,AC_list;coverage
Madhya Pradesh,2489,Narela,308,Bhopal,151,151,NARELA,2023,exact_name,1.0,2008,23,2013;2018;2023,GEN,,,,yes,19,BHOPAL,19,agrees,,AC_list;coverage
Madhya Pradesh,2484,Bhopal Dakshin- paschim,308,Bhopal,152,152,BHOPAL DAKSHINA-PASHCHIM,2023,fuzzy,0.632,2008,23,2013;2018;2023,GEN,,,,yes,19,BHOPAL,19,agrees,similarity; PC agrees,AC_list;coverage
Madhya Pradesh,2485,Bhopal madhya,308,Bhopal,153,153,BHOPAL MADHYA,2023,eci_code,1.0,2008,23,2013;2018;2023,GEN,,153,yes,yes,19,BHOPAL,19,agrees,,AC_list;coverage;urban_mapping
Madhya Pradesh,2487,Govindpura,308,Bhopal,154,154,GOVINDPURA,2023,exact_name,1.0,2008,23,2013;2018;2023,GEN,,,,yes,19,BHOPAL,19,agrees,,AC_list;coverage
Madhya Pradesh,2488,Huzur,308,Bhopal,155,155,HUZUR,2023,exact_name,1.0,2008,23,2013;2018;2023,GEN,,,,yes,19,BHOPAL,19,agrees,,AC_list;coverage
Madhya Pradesh,2683,Budhni,333,Vidisha,156,156,BUDHNI,2023,eci_code,1.0,2008,23,2013;2018;2023,GEN,,156,yes,yes,18,VIDISHA,18,agrees,,AC_list;coverage;urban_mapping
Madhya Pradesh,2507,Ashta,311,Dewas,157,157,ASHTA,2023,eci_code,1.0,2008,23,2013;2018;2023,SC,,157,yes,yes,21,DEWAS,21,agrees,,AC_list;coverage;urban_mapping
Madhya Pradesh,2684,Ichhawar,333,Vidisha,158,158,ICHHAWAR,2023,eci_code,1.0,2008,23,2013;2018;2023,GEN,,158,yes,yes,18,VIDISHA,18,agrees,,AC_list;coverage;urban_mapping
Madhya Pradesh,2490,Sehore,308,Bhopal,159,159,SEHORE,2023,exact_name,1.0,2008,23,2013;2018;2023,GEN,,,,yes,19,BHOPAL,19,agrees,,AC_list;coverage
Madhya Pradesh,2613,Narsinghgarh,324,Rajgarh,160,160,NARSINGHGARH,2023,eci_code,1.0,2008,23,2013;2018;2023,GEN,,160,yes,yes,20,RAJGARH,20,agrees,,AC_list;coverage;urban_mapping
Madhya Pradesh,2610,Biaora,324,Rajgarh,161,161,BIAORA,2023,eci_code,1.0,2008,23,2013;2018;2023,GEN,,161,yes,yes,20,RAJGARH,20,agrees,,AC_list;coverage;urban_mapping
Madhya Pradesh,2615,Rajgarh,324,Rajgarh,162,162,RAJGARH,2023,eci_code,1.0,2008,23,2013;2018;2023,GEN,,162,yes,yes,20,RAJGARH,20,agrees,,AC_list;coverage;urban_mapping
Madhya Pradesh,2612,Khilchipur,324,Rajgarh,163,163,KHILCHIPUR,2023,eci_code,1.0,2008,23,2013;2018;2023,GEN,,163,yes,yes,20,RAJGARH,20,agrees,,AC_list;coverage;urban_mapping
Madhya Pradesh,2616,Sarangpur,324,Rajgarh,164,164,SARANGPUR,2023,eci_code,1.0,2008,23,2013;2018;2023,SC,,164,yes,yes,20,RAJGARH,20,agrees,,AC_list;coverage;urban_mapping
Madhya Pradesh,2617,Susner,324,Rajgarh,165,165,SUSNER,2023,eci_code,1.0,2008,23,2013;2018;2023,GEN,,165,yes,yes,20,RAJGARH,20,agrees,,AC_list;coverage;urban_mapping
Madhya Pradesh,2506,Agar,311,Dewas,166,166,AGAR,2023,eci_code,1.0,2008,23,2013;2018;2023,SC,,166,yes,yes,21,DEWAS,21,agrees,,AC_list;coverage;urban_mapping
Madhya Pradesh,2511,Shajapur,311,Dewas,167,167,SHAJAPUR,2023,eci_code,1.0,2008,23,2013;2018;2023,GEN,,167,yes,yes,21,DEWAS,21,agrees,,AC_list;coverage;urban_mapping
Madhya Pradesh,2512,Shujalpur,311,Dewas,168,168,SHUJALPUR,2023,eci_code,1.0,2008,23,2013;2018;2023,GEN,,168,yes,yes,21,DEWAS,21,agrees,,AC_list;coverage;urban_mapping
Madhya Pradesh,2510,Kalapipal,311,Dewas,169,169,KALAPIPAL,2023,eci_code,1.0,2008,23,2013;2018;2023,GEN,,169,yes,yes,21,DEWAS,21,agrees,,AC_list;coverage;urban_mapping
Madhya Pradesh,2513,Sonkatch,311,Dewas,170,170,SONKATCH,2023,eci_code,1.0,2008,23,2013;2018;2023,SC,,170,yes,yes,21,DEWAS,21,agrees,,AC_list;coverage;urban_mapping
Madhya Pradesh,2508,Dewas,311,Dewas,171,171,DEWAS,2023,eci_code,1.0,2008,23,2013;2018;2023,GEN,,171,yes,yes,21,DEWAS,21,agrees,,AC_list;coverage;urban_mapping
Madhya Pradesh,2509,Hatpipliya,311,Dewas,172,172,HATPIPLIYA,2023,eci_code,1.0,2008,23,2013;2018;2023,GEN,,172,yes,yes,21,DEWAS,21,agrees,,AC_list;coverage;urban_mapping
Madhya Pradesh,2685,Khategaon,333,Vidisha,173,173,KHATEGAON,2023,eci_code,1.0,2008,23,2013;2018;2023,GEN,,173,yes,yes,18,VIDISHA,18,agrees,,AC_list;coverage;urban_mapping
Madhya Pradesh,2571,Bagali,319,Khandwa,174,174,BAGLI,2023,eci_code,0.909,2008,23,2013;2018;2023,ST,,174,yes,yes,28,KHANDWA,28,agrees,eci code; name spelled differently,AC_list;coverage;urban_mapping
Madhya Pradesh,2575,Mandhata,319,Khandwa,175,175,MANDHATA,2023,eci_code,1.0,2008,23,2013;2018;2023,GEN,,175,yes,yes,28,KHANDWA,28,agrees,,AC_list;coverage;urban_mapping
Madhya Pradesh,2472,Harsud,306,Betul,176,176,HARSUD,2023,eci_code,1.0,2008,23,2013;2018;2023,ST,,176,yes,yes,29,BETUL,29,agrees,,AC_list;coverage;urban_mapping
Madhya Pradesh,2574,Khandwa,319,Khandwa,177,177,KHANDWA,2023,eci_code,1.0,2008,23,2013;2018;2023,SC,,177,yes,yes,28,KHANDWA,28,agrees,,AC_list;coverage;urban_mapping
Madhya Pradesh,2577,Pandhana,319,Khandwa,178,178,PANDHANA,2023,eci_code,1.0,2008,23,2013;2018;2023,ST,,178,yes,yes,28,KHANDWA,28,agrees,,AC_list;coverage;urban_mapping
Madhya Pradesh,2576,Nepanagar,319,Khandwa,179,179,NEPANAGAR,2023,eci_code,1.0,2008,23,2013;2018;2023,ST,,179,yes,yes,28,KHANDWA,28,agrees,,AC_list;coverage;urban_mapping
Madhya Pradesh,2573,Burhanpur,319,Khandwa,180,180,BURHANPUR,2023,eci_code,1.0,2008,23,2013;2018;2023,GEN,,180,yes,yes,28,KHANDWA,28,agrees,,AC_list;coverage;urban_mapping
Madhya Pradesh,2572,Bhikangaon,319,Khandwa,181,181,BHIKANGAON,2023,eci_code,1.0,2008,23,2013;2018;2023,ST,,181,yes,yes,28,KHANDWA,28,agrees,,AC_list;coverage;urban_mapping
Madhya Pradesh,2570,Badwah,319,Khandwa,182,182,BARWAH,2023,eci_code,1.0,2008,23,2013;2018;2023,GEN,,182,yes,yes,28,KHANDWA,28,agrees,eci code; name spelled differently,AC_list;coverage;urban_mapping
Madhya Pradesh,2582,Maheshwar,320,Khargone,183,183,MAHESHWAR,2023,eci_code,1.0,2008,23,2013;2018;2023,SC,,183,yes,yes,27,KHARGONE,27,agrees,,AC_list;coverage;urban_mapping
Madhya Pradesh,2580,Kasrawad,320,Khargone,184,184,KASRAWAD,2023,eci_code,1.0,2008,23,2013;2018;2023,GEN,,184,yes,yes,27,KHARGONE,27,agrees,,AC_list;coverage;urban_mapping
Madhya Pradesh,2581,Khargone,320,Khargone,185,185,KHARGONE,2023,eci_code,1.0,2008,23,2013;2018;2023,GEN,,185,yes,yes,27,KHARGONE,27,agrees,,AC_list;coverage;urban_mapping
Madhya Pradesh,2579,Bhagwanpura,320,Khargone,186,186,BHAGWANPURA,2023,eci_code,1.0,2008,23,2013;2018;2023,ST,,186,yes,yes,27,KHARGONE,27,agrees,,AC_list;coverage;urban_mapping
Madhya Pradesh,2585,Sendhawa,320,Khargone,187,187,SENDHWA (S.T.),2023,eci_code,0.933,2008,23,2013;2018;2023,ST,,187,yes,yes,27,KHARGONE,27,agrees,eci code; name spelled differently,AC_list;coverage;urban_mapping
Madhya Pradesh,2584,Rajpur,320,Khargone,188,188,RAJPUR (S.T.),2023,eci_code,1.0,2008,23,2013;2018;2023,ST,,188,yes,yes,27,KHARGONE,27,agrees,,AC_list;coverage;urban_mapping
Madhya Pradesh,2583,Pansemal,320,Khargone,189,189,PANSEMAL (S.T.),2023,eci_code,1.0,2008,23,2013;2018;2023,ST,,189,yes,yes,27,KHARGONE,27,agrees,,AC_list;coverage;urban_mapping
Madhya Pradesh,2578,Badwani,320,Khargone,190,190,BARWANI (S.T.),2023,eci_code,0.857,2008,23,2013;2018;2023,ST,,190,yes,yes,27,KHARGONE,27,agrees,eci code; name spelled differently,AC_list;coverage;urban_mapping
Madhya Pradesh,2618,Alirajpur,325,Ratlam,191,191,ALIRAJPUR,2023,eci_code,1.0,2008,23,2013;2018;2023,ST,,191,yes,yes,24,RATLAM,24,agrees,,AC_list;coverage;urban_mapping
Madhya Pradesh,2620,Jobat,325,Ratlam,192,192,JOBAT,2023,eci_code,1.0,2008,23,2013;2018;2023,ST,,192,yes,yes,24,RATLAM,24,agrees,,AC_list;coverage;urban_mapping
Madhya Pradesh,2619,Jhabua,325,Ratlam,193,193,JHABUA,2023,eci_code,1.0,2008,23,2013;2018;2023,ST,,193,yes,yes,24,RATLAM,24,agrees,,AC_list;coverage;urban_mapping
Madhya Pradesh,2625,Thandla,325,Ratlam,194,194,THANDLA,2023,eci_code,1.0,2008,23,2013;2018;2023,ST,,194,yes,yes,24,RATLAM,24,agrees,,AC_list;coverage;urban_mapping
Madhya Pradesh,2621,Petlawad,325,Ratlam,195,195,PETLAWAD,2023,eci_code,1.0,2008,23,2013;2018;2023,ST,,195,yes,yes,24,RATLAM,24,agrees,,AC_list;coverage;urban_mapping
Madhya Pradesh,2521,Sardarpur,312,Dhar,196,196,SARDARPUR,2023,eci_code,1.0,2008,23,2013;2018;2023,ST,,196,yes,yes,25,DHAR,25,agrees,,AC_list;coverage;urban_mapping
Madhya Pradesh,2518,Gandhwani,312,Dhar,197,197,GANDHWANI,2023,exact_name,1.0,2008,23,2013;2018;2023,ST,,,,yes,25,DHAR,25,agrees,,AC_list;coverage
Madhya Pradesh,2519,Kukshi,312,Dhar,198,198,KUKSHI,2023,eci_code,1.0,2008,23,2013;2018;2023,ST,,198,yes,yes,25,DHAR,25,agrees,,AC_list;coverage;urban_mapping
Madhya Pradesh,2520,Manawar,312,Dhar,199,199,MANAWAR,2023,eci_code,1.0,2008,23,2013;2018;2023,ST,,199,yes,yes,25,DHAR,25,agrees,,AC_list;coverage;urban_mapping
Madhya Pradesh,2516,Dharampuri,312,Dhar,200,200,DHARAMPURI,2023,eci_code,1.0,2008,23,2013;2018;2023,ST,,200,yes,yes,25,DHAR,25,agrees,,AC_list;coverage;urban_mapping
Madhya Pradesh,2515,Dhar,312,Dhar,201,201,DHAR,2023,eci_code,1.0,2008,23,2013;2018;2023,GEN,,201,yes,yes,25,DHAR,25,agrees,,AC_list;coverage;urban_mapping
Madhya Pradesh,2514,Badnawar,312,Dhar,202,202,BADNAWAR,2023,eci_code,1.0,2008,23,2013;2018;2023,GEN,,202,yes,yes,25,DHAR,25,agrees,,AC_list;coverage;urban_mapping
Madhya Pradesh,2546,Depalpur,316,Indore,203,203,DEPALPUR,2023,eci_code,1.0,2008,23,2013;2018;2023,GEN,,203,yes,yes,26,INDORE,26,agrees,,AC_list;coverage;urban_mapping
Madhya Pradesh,2547,Indore-1,316,Indore,204,204,INDORE-1,2023,eci_code,1.0,2008,23,2013;2018;2023,GEN,,204,yes,yes,26,INDORE,26,agrees,,AC_list;coverage;urban_mapping
Madhya Pradesh,2548,Indore-2,316,Indore,205,205,INDORE-2,2023,exact_name,1.0,2008,23,2013;2018;2023,GEN,,,,yes,26,INDORE,26,agrees,,AC_list;coverage
Madhya Pradesh,2549,Indore-3,316,Indore,206,206,INDORE-3,2023,exact_name,1.0,2008,23,2013;2018;2023,GEN,,,,yes,26,INDORE,26,agrees,,AC_list;coverage
Madhya Pradesh,2550,Indore-4,316,Indore,207,207,INDORE-4,2023,exact_name,1.0,2008,23,2013;2018;2023,GEN,,,,yes,26,INDORE,26,agrees,,AC_list;coverage
Madhya Pradesh,2551,Indore-5,316,Indore,208,208,INDORE-5,2023,exact_name,1.0,2008,23,2013;2018;2023,GEN,,,,yes,26,INDORE,26,agrees,,AC_list;coverage
Madhya Pradesh,2517,Dr.ambedkarnagar-mhow,312,Dhar,209,209,DR.AMBEDKAR NAGAR -MHOW,2023,eci_code,1.0,2008,23,2013;2018;2023,GEN,,209,yes,yes,25,DHAR,25,agrees,,AC_list;coverage;urban_mapping
Madhya Pradesh,2552,Rau,316,Indore,210,210,RAU,2023,eci_code,1.0,2008,23,2013;2018;2023,GEN,,210,yes,yes,26,INDORE,26,agrees,,AC_list;coverage;urban_mapping
Madhya Pradesh,2553,Sanwer,316,Indore,211,211,SANWER,2023,eci_code,1.0,2008,23,2013;2018;2023,SC,,211,yes,yes,26,INDORE,26,agrees,,AC_list;coverage;urban_mapping
Madhya Pradesh,2677,Nagada-khachrod,332,Ujjain,212,212,NAGADA - KHACHAROD,2023,eci_code,0.966,2008,23,2013;2018;2023,GEN,,212,yes,yes,22,UJJAIN,22,agrees,eci code; name spelled differently,AC_list;coverage;urban_mapping
Madhya Pradesh,2676,Mahidpur,332,Ujjain,213,213,MAHIDPUR,2023,eci_code,1.0,2008,23,2013;2018;2023,GEN,,213,yes,yes,22,UJJAIN,22,agrees,,AC_list;coverage;urban_mapping
Madhya Pradesh,2678,Tarana,332,Ujjain,214,214,TARANA,2023,eci_code,1.0,2008,23,2013;2018;2023,SC,,214,yes,yes,22,UJJAIN,22,agrees,,AC_list;coverage;urban_mapping
Madhya Pradesh,2675,Ghatiya,332,Ujjain,215,215,GHATIYA,2023,eci_code,1.0,2008,23,2013;2018;2023,SC,,215,yes,yes,22,UJJAIN,22,agrees,,AC_list;coverage;urban_mapping
Madhya Pradesh,2680,Ujjain Uttar,332,Ujjain,216,216,UJJAIN NORTH,2023,eci_code,1.0,2008,23,2013;2018;2023,GEN,,216,yes,yes,22,UJJAIN,22,agrees,,AC_list;coverage;urban_mapping
Madhya Pradesh,2679,Ujjain Dakshin,332,Ujjain,217,217,UJJAIN SOUTH,2023,exact_name,1.0,2008,23,2013;2018;2023,GEN,,,,yes,22,UJJAIN,22,agrees,,AC_list;coverage
Madhya Pradesh,2674,Badnagar,332,Ujjain,218,218,BADNAGAR,2023,eci_code,1.0,2008,23,2013;2018;2023,GEN,,218,yes,yes,22,UJJAIN,22,agrees,,AC_list;coverage;urban_mapping
Madhya Pradesh,2623,Ratlam Rural,325,Ratlam,219,219,RATLAM RURAL,2023,eci_code,1.0,2008,23,2013;2018;2023,ST,,219,yes,yes,24,RATLAM,24,agrees,,AC_list;coverage;urban_mapping
Madhya Pradesh,2622,Ratlam City,325,Ratlam,220,220,RATLAM CITY,2023,eci_code,1.0,2008,23,2013;2018;2023,GEN,,220,yes,yes,24,RATLAM,24,agrees,,AC_list;coverage;urban_mapping
Madhya Pradesh,2624,Sailana,325,Ratlam,221,221,SAILANA,2023,eci_code,1.0,2008,23,2013;2018;2023,ST,,221,yes,yes,24,RATLAM,24,agrees,,AC_list;coverage;urban_mapping
Madhya Pradesh,2595,Jaora,322,Mandsour,222,222,JAORA,2023,eci_code,1.0,2008,23,2013;2018;2023,GEN,,222,yes,yes,23,MANDSOUR,23,agrees,,AC_list;coverage;urban_mapping
Madhya Pradesh,2673,Alot,332,Ujjain,223,223,ALOTE,2023,eci_code,0.889,2008,23,2013;2018;2023,SC,,223,yes,yes,22,UJJAIN,22,agrees,eci code; name spelled differently,AC_list;coverage;urban_mapping
Madhya Pradesh,2599,Mandsour,322,Mandsour,224,224,MANDSOUR,2023,eci_code,1.0,2008,23,2013;2018;2023,GEN,,224,yes,yes,23,MANDSOUR,23,agrees,,AC_list;coverage;urban_mapping
Madhya Pradesh,2597,Malhargarh,322,Mandsour,225,225,MALHARGARH,2023,eci_code,1.0,2008,23,2013;2018;2023,SC,,225,yes,yes,23,MANDSOUR,23,agrees,,AC_list;coverage;urban_mapping
Madhya Pradesh,2601,Suwasra,322,Mandsour,226,226,SUWASRA,2023,eci_code,1.0,2008,23,2013;2018;2023,GEN,,226,yes,yes,23,MANDSOUR,23,agrees,,AC_list;coverage;urban_mapping
Madhya Pradesh,2594,Garoth,322,Mandsour,227,227,GAROTH,2023,eci_code,1.0,2008,23,2013;2018;2023,GEN,,227,yes,yes,23,MANDSOUR,23,agrees,,AC_list;coverage;urban_mapping
Madhya Pradesh,2598,Manasa,322,Mandsour,228,228,MANASA,2023,exact_name,1.0,2008,23,2013;2018;2023,GEN,,,,yes,23,MANDSOUR,23,agrees,,AC_list;coverage
Madhya Pradesh,2600,Neemuch,322,Mandsour,229,229,NEEMUCH,2023,eci_code,1.0,2008,23,2013;2018;2023,GEN,,229,yes,yes,23,MANDSOUR,23,agrees,,AC_list;coverage;urban_mapping
Madhya Pradesh,2596,Jawad,322,Mandsour,230,230,JAWAD,2023,exact_name,1.0,2008,23,2013;2018;2023,GEN,,,,yes,23,MANDSOUR,23,agrees,,AC_list;coverage
Maharashtra,3051,Akkalkuwa,392,Nandurbar,1,1,AKKALKUWA,2024,eci_code,1.0,2008,27,2009;2014;2019;2024,ST,,1,yes,yes,1,NANDURBAR,1,agrees,,AC_list;coverage;urban_mapping
Maharashtra,3055,Shahada,392,Nandurbar,2,2,SHAHADA,2024,eci_code,1.0,2008,27,2009;2014;2019;2024,ST,,2,yes,yes,1,NANDURBAR,1,agrees,,AC_list;coverage;urban_mapping
Maharashtra,3052,Nandurbar,392,Nandurbar,3,3,NANDURBAR,2024,eci_code,1.0,2008,27,2009;2014;2019;2024,ST,,3,yes,yes,1,NANDURBAR,1,agrees,,AC_list;coverage;urban_mapping
Maharashtra,3053,Nawapur,392,Nandurbar,4,4,NAVAPUR,2024,eci_code,1.0,2008,27,2009;2014;2019;2024,ST,,4,yes,yes,1,NANDURBAR,1,agrees,,AC_list;coverage;urban_mapping
Maharashtra,3054,Sakri,392,Nandurbar,5,5,SAKRI,2024,eci_code,1.0,2008,27,2009;2014;2019;2024,ST,,5,yes,yes,1,NANDURBAR,1,agrees,,AC_list;coverage;urban_mapping
Maharashtra,2933,Dhule Rural,372,Dhule,6,6,DHULE RURAL,2024,exact_name,1.0,2008,27,2009;2014;2019;2024,GEN,,,,yes,2,DHULE,2,agrees,,AC_list;coverage
Maharashtra,2932,Dhule City,372,Dhule,7,7,DHULE CITY,2024,eci_code,1.0,2008,27,2009;2014;2019;2024,GEN,,7,yes,yes,2,DHULE,2,agrees,,AC_list;coverage;urban_mapping
Maharashtra,2936,Sindkheda,372,Dhule,8,8,SINDKHEDA,2024,eci_code,1.0,2008,27,2009;2014;2019;2024,GEN,,8,yes,yes,2,DHULE,2,agrees,,AC_list;coverage;urban_mapping
Maharashtra,3056,Shirpur,392,Nandurbar,9,9,SHIRPUR,2024,eci_code,1.0,2008,27,2009;2014;2019;2024,ST,,9,yes,yes,1,NANDURBAR,1,agrees,,AC_list;coverage;urban_mapping
Maharashtra,3106,Chopda,401,Raver,10,10,CHOPDA,2024,eci_code,1.0,2008,27,2009;2014;2019;2024,ST,,10,yes,yes,4,RAVER,4,agrees,,AC_list;coverage;urban_mapping
Maharashtra,3110,Raver,401,Raver,11,11,RAVER,2024,eci_code,1.0,2008,27,2009;2014;2019;2024,GEN,,11,yes,yes,4,RAVER,4,agrees,,AC_list;coverage;urban_mapping
Maharashtra,3105,Bhusawal,401,Raver,12,12,BHUSAWAL,2024,eci_code,1.0,2008,27,2009;2014;2019;2024,SC,,12,yes,yes,4,RAVER,4,agrees,,AC_list;coverage;urban_mapping
Maharashtra,2964,Jalgaon City,377,Jalgaon,13,13,JALGAON CITY,2024,eci_code,1.0,2008,27,2009;2014;2019;2024,GEN,,13,yes,yes,3,JALGAON,3,agrees,,AC_list;coverage;urban_mapping
Maharashtra,4121,Jalgaon Rural,377,Jalgaon,14,14,JALGAON RURAL,2024,eci_code,1.0,2008,27,2009;2014;2019;2024,GEN,,14,yes,yes,3,JALGAON,3,agrees,,AC_list;coverage;urban_mapping
Maharashtra,2961,Amalner,377,Jalgaon,15,15,AMALNER,2024,eci_code,1.0,2008,27,2009;2014;2019;2024,GEN,,15,yes,yes,3,JALGAON,3,agrees,,AC_list;coverage;urban_mapping
Maharashtra,2963,Erandol,377,Jalgaon,16,16,ERANDOL,2024,eci_code,1.0,2008,27,2009;2014;2019;2024,GEN,,16,yes,yes,3,JALGAON,3,agrees,,AC_list;coverage;urban_mapping
Maharashtra,2962,Chalisgaon,377,Jalgaon,17,17,CHALISGAON,2024,eci_code,1.0,2008,27,2009;2014;2019;2024,GEN,,17,yes,yes,3,JALGAON,3,agrees,,AC_list;coverage;urban_mapping
Maharashtra,2966,Pachora,377,Jalgaon,18,18,PACHORA,2024,eci_code,1.0,2008,27,2009;2014;2019;2024,GEN,,18,yes,yes,3,JALGAON,3,agrees,,AC_list;coverage;urban_mapping
Maharashtra,3107,Jamner,401,Raver,19,19,JAMNER,2024,eci_code,1.0,2008,27,2009;2014;2019;2024,GEN,,19,yes,yes,4,RAVER,4,agrees,,AC_list;coverage;urban_mapping
Maharashtra,3109,Muktainagar,401,Raver,20,20,MUKTAINAGAR,2024,eci_code,1.0,2008,27,2009;2014;2019;2024,GEN,,20,yes,yes,4,RAVER,4,agrees,,AC_list;coverage;urban_mapping
Maharashtra,3108,Malkapur,401,Raver,21,21,MALKAPUR,2024,eci_code,1.0,2008,27,2009;2014;2019;2024,GEN,,21,yes,yes,4,RAVER,4,agrees,,AC_list;coverage;urban_mapping
Maharashtra,2919,Buldhana,370,Buldhana,22,22,BULDHANA,2024,eci_code,1.0,2008,27,2009;2014;2019;2024,GEN,,22,yes,yes,5,BULDHANA,5,agrees,,AC_list;coverage;urban_mapping
Maharashtra,2920,Chikhli,370,Buldhana,23,23,CHIKHLI,2024,eci_code,1.0,2008,27,2009;2014;2019;2024,GEN,,23,yes,yes,5,BULDHANA,5,agrees,,AC_list;coverage;urban_mapping
Maharashtra,2924,Sindkhed Raja,370,Buldhana,24,24,SINDKHED RAJA,2024,eci_code,1.0,2008,27,2009;2014;2019;2024,GEN,,24,yes,yes,5,BULDHANA,5,agrees,,AC_list;coverage;urban_mapping
Maharashtra,2923,Mehkar,370,Buldhana,25,25,MEHKAR,2024,exact_name,1.0,2008,27,2009;2014;2019;2024,SC,,5,no,yes,5,BULDHANA,5,agrees,,AC_list;coverage;urban_mapping
Maharashtra,2922,Khamgaon,370,Buldhana,26,26,KHAMGAON,2024,eci_code,1.0,2008,27,2009;2014;2019;2024,GEN,,26,yes,yes,5,BULDHANA,5,agrees,,AC_list;coverage;urban_mapping
Maharashtra,2921,Jalgaon (Jamod),370,Buldhana,27,27,JALGAON (JAMOD),2024,eci_code,1.0,2008,27,2009;2014;2019;2024,GEN,,27,yes,yes,5,BULDHANA,5,agrees,,AC_list;coverage;urban_mapping
Maharashtra,2879,Akot,363,Akola,28,28,AKOT,2024,eci_code,1.0,2008,27,2009;2014;2019;2024,GEN,,28,yes,yes,6,AKOLA,6,agrees,,AC_list;coverage;urban_mapping
Maharashtra,2880,Balapur,363,Akola,29,29,BALAPUR,2024,eci_code,1.0,2008,27,2009;2014;2019;2024,GEN,,29,yes,yes,6,AKOLA,6,agrees,,AC_list;coverage;urban_mapping
Maharashtra,2878,Akola West,363,Akola,30,30,AKOLA WEST,2024,eci_code,1.0,2008,27,2009;2014;2019;2024,GEN,,30,yes,yes,6,AKOLA,6,agrees,,AC_list;coverage;urban_mapping
Maharashtra,2877,Akola East,363,Akola,31,31,AKOLA EAST,2024,eci_code,1.0,2008,27,2009;2014;2019;2024,GEN,,31,yes,yes,6,AKOLA,6,agrees,,AC_list;coverage;urban_mapping
Maharashtra,2881,Murtijapur,363,Akola,32,32,MURTIJAPUR,2024,eci_code,1.0,2008,27,2009;2014;2019;2024,SC,,32,yes,yes,6,AKOLA,6,agrees,,AC_list;coverage;urban_mapping
Maharashtra,2882,Risod,363,Akola,33,33,RISOD,2024,eci_code,1.0,2008,27,2009;2014;2019;2024,GEN,,33,yes,yes,6,AKOLA,6,agrees,,AC_list;coverage;urban_mapping
Maharashtra,3157,Washim,409,Yavatmal-Washim,34,34,WASHIM,2024,eci_code,1.0,2008,27,2009;2014;2019;2024,SC,,34,yes,yes,14,YAVATMAL- WASHIM,14,agrees,,AC_list;coverage;urban_mapping
Maharashtra,3154,Karanja,409,Yavatmal-Washim,35,35,KARANJA,2024,eci_code,1.0,2008,27,2009;2014;2019;2024,GEN,,35,yes,yes,14,YAVATMAL- WASHIM,14,agrees,,AC_list;coverage;urban_mapping
Maharashtra,3149,Dhamamgaon railway,408,Wardha,36,36,DHAMAMGAON RAILWAY,2024,eci_code,1.0,2008,27,2009;2014;2019;2024,GEN,,36,yes,yes,8,WARDHA,8,agrees,,AC_list;coverage;urban_mapping
Maharashtra,2885,Badnera,364,Amravati,37,37,BADNERA,2024,eci_code,1.0,2008,27,2009;2014;2019;2024,GEN,,37,yes,yes,7,AMRAVATI,7,agrees,,AC_list;coverage;urban_mapping
Maharashtra,2884,Amravati,364,Amravati,38,38,AMRAVATI,2024,eci_code,1.0,2008,27,2009;2014;2019;2024,GEN,,38,yes,yes,7,AMRAVATI,7,agrees,,AC_list;coverage;urban_mapping
Maharashtra,2888,Teosa,364,Amravati,39,39,TEOSA,2024,eci_code,1.0,2008,27,2009;2014;2019;2024,GEN,,39,yes,yes,7,AMRAVATI,7,agrees,,AC_list;coverage;urban_mapping
Maharashtra,2886,Daryapur,364,Amravati,40,40,DARYAPUR,2024,eci_code,1.0,2008,27,2009;2014;2019;2024,SC,,40,yes,yes,7,AMRAVATI,7,agrees,,AC_list;coverage;urban_mapping
Maharashtra,2887,Melghat,364,Amravati,41,41,MELGHAT,2024,eci_code,1.0,2008,27,2009;2014;2019;2024,ST,,41,yes,yes,7,AMRAVATI,7,agrees,,AC_list;coverage;urban_mapping
Maharashtra,2883,Achalpur,364,Amravati,42,42,ACHALPUR,2024,eci_code,1.0,2008,27,2009;2014;2019;2024,GEN,,42,yes,yes,7,AMRAVATI,7,agrees,,AC_list;coverage;urban_mapping
Maharashtra,3151,Morshi,408,Wardha,43,43,MORSHI,2024,eci_code,1.0,2008,27,2009;2014;2019;2024,GEN,,43,yes,yes,8,WARDHA,8,agrees,,AC_list;coverage;urban_mapping
Maharashtra,3147,Arvi,408,Wardha,44,44,ARVI,2024,eci_code,1.0,2008,27,2009;2014;2019;2024,GEN,,44,yes,yes,8,WARDHA,8,agrees,,AC_list;coverage;urban_mapping
Maharashtra,3148,Deoli,408,Wardha,45,45,DEOLI,2024,eci_code,1.0,2008,27,2009;2014;2019;2024,GEN,,45,yes,yes,8,WARDHA,8,agrees,,AC_list;coverage;urban_mapping
Maharashtra,3150,Hinganghat,408,Wardha,46,46,HINGANGHAT,2024,eci_code,1.0,2008,27,2009;2014;2019;2024,GEN,,46,yes,yes,8,WARDHA,8,agrees,,AC_list;coverage;urban_mapping
Maharashtra,3152,Wardha,408,Wardha,47,47,WARDHA,2024,eci_code,1.0,2008,27,2009;2014;2019;2024,GEN,,47,yes,yes,8,WARDHA,8,agrees,,AC_list;coverage;urban_mapping
Maharashtra,3095,Katol,399,Ramtek,48,48,KATOL,2024,eci_code,1.0,2008,27,2009;2014;2019;2024,GEN,,48,yes,yes,9,RAMTEK,9,agrees,,AC_list;coverage;urban_mapping
Maharashtra,3097,Savner,399,Ramtek,49,49,SAVNER,2024,eci_code,1.0,2008,27,2009;2014;2019;2024,GEN,,49,yes,yes,9,RAMTEK,9,agrees,,AC_list;coverage;urban_mapping
Maharashtra,3093,Hingna,399,Ramtek,50,50,HINGNA,2024,eci_code,1.0,2008,27,2009;2014;2019;2024,GEN,,50,yes,yes,9,RAMTEK,9,agrees,,AC_list;coverage;urban_mapping
Maharashtra,3098,Umred,399,Ramtek,51,51,UMRED,2024,eci_code,1.0,2008,27,2009;2014;2019;2024,SC,,51,yes,yes,9,RAMTEK,9,agrees,,AC_list;coverage;urban_mapping
Maharashtra,3043,Nagpur South West,390,Nagpur,52,52,NAGPUR SOUTH WEST,2024,eci_code,1.0,2008,27,2009;2014;2019;2024,GEN,,52,yes,yes,10,NAGPUR,10,agrees,,AC_list;coverage;urban_mapping
Maharashtra,3042,Nagpur South,390,Nagpur,53,53,NAGPUR SOUTH,2024,eci_code,1.0,2008,27,2009;2014;2019;2024,GEN,,53,yes,yes,10,NAGPUR,10,agrees,,AC_list;coverage;urban_mapping
Maharashtra,3040,Nagpur East,390,Nagpur,54,54,NAGPUR EAST,2024,eci_code,1.0,2008,27,2009;2014;2019;2024,GEN,,54,yes,yes,10,NAGPUR,10,agrees,,AC_list;coverage;urban_mapping
Maharashtra,3039,Nagpur central,390,Nagpur,55,55,NAGPUR CENTRAL,2024,eci_code,1.0,2008,27,2009;2014;2019;2024,GEN,,55,yes,yes,10,NAGPUR,10,agrees,,AC_list;coverage;urban_mapping
Maharashtra,3044,Nagpur West,390,Nagpur,56,56,NAGPUR WEST,2024,eci_code,1.0,2008,27,2009;2014;2019;2024,GEN,,56,yes,yes,10,NAGPUR,10,agrees,,AC_list;coverage;urban_mapping
Maharashtra,3041,Nagpur North,390,Nagpur,57,57,NAGPUR NORTH,2024,eci_code,1.0,2008,27,2009;2014;2019;2024,SC,,57,yes,yes,10,NAGPUR,10,agrees,,AC_list;coverage;urban_mapping
Maharashtra,3094,Kamthi,399,Ramtek,58,58,KAMTHI,2024,eci_code,1.0,2008,27,2009;2014;2019;2024,GEN,,58,yes,yes,9,RAMTEK,9,agrees,,AC_list;coverage;urban_mapping
Maharashtra,3096,Ramtek,399,Ramtek,59,59,RAMTEK,2024,eci_code,1.0,2008,27,2009;2014;2019;2024,GEN,,59,yes,yes,9,RAMTEK,9,agrees,,AC_list;coverage;urban_mapping
Maharashtra,2912,Tumsar,368,Bhandara - Gondiya,60,60,TUMSAR,2024,eci_code,1.0,2008,27,2009;2014;2019;2024,GEN,,60,yes,yes,11,BHANDARA GONDIYA,11,agrees,,AC_list;coverage;urban_mapping
Maharashtra,2908,Bhandara,368,Bhandara - Gondiya,61,61,BHANDARA,2024,eci_code,1.0,2008,27,2009;2014;2019;2024,SC,,61,yes,yes,11,BHANDARA GONDIYA,11,agrees,,AC_list;coverage;urban_mapping
Maharashtra,2910,Sakoli,368,Bhandara - Gondiya,62,62,SAKOLI,2024,eci_code,1.0,2008,27,2009;2014;2019;2024,GEN,,62,yes,yes,11,BHANDARA GONDIYA,11,agrees,,AC_list;coverage;urban_mapping
Maharashtra,2907,Arjuni-morgaon,368,Bhandara - Gondiya,63,63,ARJUNI-MORGAON,2024,eci_code,1.0,2008,27,2009;2014;2019;2024,SC,,63,yes,yes,11,BHANDARA GONDIYA,11,agrees,,AC_list;coverage;urban_mapping
Maharashtra,2911,Tirora,368,Bhandara - Gondiya,64,64,TIRORA,2024,eci_code,1.0,2008,27,2009;2014;2019;2024,GEN,,64,yes,yes,11,BHANDARA GONDIYA,11,agrees,,AC_list;coverage;urban_mapping
Maharashtra,2909,Gondiya,368,Bhandara - Gondiya,65,65,GONDIYA,2024,eci_code,1.0,2008,27,2009;2014;2019;2024,GEN,,65,yes,yes,11,BHANDARA GONDIYA,11,agrees,,AC_list;coverage;urban_mapping
Maharashtra,2944,Amgaon,374,Gadchiroli-Chimur,66,66,AMGAON,2024,eci_code,1.0,2008,27,2009;2014;2019;2024,ST,,66,yes,yes,12,GADCHIROLI - CHIMUR,12,agrees,,AC_list;coverage;urban_mapping
Maharashtra,2945,Armori,374,Gadchiroli-Chimur,67,67,ARMORI,2024,eci_code,1.0,2008,27,2009;2014;2019;2024,ST,,67,yes,yes,12,GADCHIROLI - CHIMUR,12,agrees,,AC_list;coverage;urban_mapping
Maharashtra,2948,Gadchiroli,374,Gadchiroli-Chimur,68,68,GADCHIROLI,2024,eci_code,1.0,2008,27,2009;2014;2019;2024,ST,,68,yes,yes,12,GADCHIROLI - CHIMUR,12,agrees,,AC_list;coverage;urban_mapping
Maharashtra,2943,Aheri,374,Gadchiroli-Chimur,69,69,AHERI,2024,eci_code,1.0,2008,27,2009;2014;2019;2024,ST,,69,yes,yes,12,GADCHIROLI - CHIMUR,12,agrees,,AC_list;coverage;urban_mapping
Maharashtra,2928,Rajura,371,Chandrapur,70,70,RAJURA,2024,eci_code,1.0,2008,27,2009;2014;2019;2024,GEN,,70,yes,yes,13,CHANDRAPUR,13,agrees,,AC_list;coverage;urban_mapping
Maharashtra,2927,Chandrapur,371,Chandrapur,71,71,CHANDRAPUR,2024,eci_code,1.0,2008,27,2009;2014;2019;2024,SC,,71,yes,yes,13,CHANDRAPUR,13,agrees,,AC_list;coverage;urban_mapping
Maharashtra,2926,Ballarpur,371,Chandrapur,72,72,BALLARPUR,2024,eci_code,1.0,2008,27,2009;2014;2019;2024,GEN,,72,yes,yes,13,CHANDRAPUR,13,agrees,,AC_list;coverage;urban_mapping
Maharashtra,2946,Brahmapuri,374,Gadchiroli-Chimur,73,73,BRAHMAPURI,2024,eci_code,1.0,2008,27,2009;2014;2019;2024,GEN,,73,yes,yes,12,GADCHIROLI - CHIMUR,12,agrees,,AC_list;coverage;urban_mapping
Maharashtra,2947,Chimur,374,Gadchiroli-Chimur,74,74,CHIMUR,2024,eci_code,1.0,2008,27,2009;2014;2019;2024,GEN,,74,yes,yes,12,GADCHIROLI - CHIMUR,12,agrees,,AC_list;coverage;urban_mapping
Maharashtra,2930,Warora,371,Chandrapur,75,75,WARORA,2024,eci_code,1.0,2008,27,2009;2014;2019;2024,GEN,,75,yes,yes,13,CHANDRAPUR,13,agrees,,AC_list;coverage;urban_mapping
Maharashtra,2929,Wani,371,Chandrapur,76,76,WANI,2024,eci_code,1.0,2008,27,2009;2014;2019;2024,GEN,,76,yes,yes,13,CHANDRAPUR,13,agrees,,AC_list;coverage;urban_mapping
Maharashtra,3156,Ralegaon,409,Yavatmal-Washim,77,77,RALEGAON,2024,eci_code,1.0,2008,27,2009;2014;2019;2024,ST,,77,yes,yes,14,YAVATMAL- WASHIM,14,agrees,,AC_list;coverage;urban_mapping
Maharashtra,3158,Yavatmal,409,Yavatmal-Washim,78,78,YAVATMAL,2024,eci_code,1.0,2008,27,2009;2014;2019;2024,GEN,,78,yes,yes,14,YAVATMAL- WASHIM,14,agrees,,AC_list;coverage;urban_mapping
Maharashtra,3153,Digras,409,Yavatmal-Washim,79,79,DIGRAS,2024,eci_code,1.0,2008,27,2009;2014;2019;2024,GEN,,79,yes,yes,14,YAVATMAL- WASHIM,14,agrees,,AC_list;coverage;urban_mapping
Maharashtra,2925,Arni,371,Chandrapur,80,80,ARNI,2024,eci_code,1.0,2008,27,2009;2014;2019;2024,ST,,80,yes,yes,13,CHANDRAPUR,13,agrees,,AC_list;coverage;urban_mapping
Maharashtra,3155,Pusad,409,Yavatmal-Washim,81,81,PUSAD,2024,eci_code,1.0,2008,27,2009;2014;2019;2024,GEN,,81,yes,yes,14,YAVATMAL- WASHIM,14,agrees,,AC_list;coverage;urban_mapping
Maharashtra,2960,Umarkhed,376,Hingoli,82,82,UMARKHED,2024,eci_code,1.0,2008,27,2009;2014;2019;2024,SC,,82,yes,yes,15,HINGOLI,15,agrees,,AC_list;coverage;urban_mapping
Maharashtra,2959,Kinwat,376,Hingoli,83,83,KINWAT,2024,eci_code,1.0,2008,27,2009;2014;2019;2024,GEN,,83,yes,yes,15,HINGOLI,15,agrees,,AC_list;coverage;urban_mapping
Maharashtra,2956,Hadgaon,376,Hingoli,84,84,HADGAON,2024,eci_code,1.0,2008,27,2009;2014;2019;2024,GEN,,84,yes,yes,15,HINGOLI,15,agrees,,AC_list;coverage;urban_mapping
Maharashtra,3045,Bhokar,391,Nanded,85,85,BHOKAR,2024,eci_code,1.0,2008,27,2009;2014;2019;2024,GEN,,85,yes,yes,16,NANDED,16,agrees,,AC_list;coverage;urban_mapping
Maharashtra,3049,Nanded North,391,Nanded,86,86,NANDED NORTH,2024,eci_code,1.0,2008,27,2009;2014;2019;2024,GEN,,86,yes,yes,16,NANDED,16,agrees,,AC_list;coverage;urban_mapping
Maharashtra,3050,Nanded South,391,Nanded,87,87,NANDED SOUTH,2024,eci_code,1.0,2008,27,2009;2014;2019;2024,GEN,,87,yes,yes,16,NANDED,16,agrees,,AC_list;coverage;urban_mapping
Maharashtra,2988,Loha,381,Latur,88,88,LOHA,2024,eci_code,1.0,2008,27,2009;2014;2019;2024,GEN,,88,yes,yes,41,LATUR,41,agrees,,AC_list;coverage;urban_mapping
Maharashtra,3048,Naigaon,391,Nanded,89,89,NAIGAON,2024,eci_code,1.0,2008,27,2009;2014;2019;2024,GEN,,89,yes,yes,16,NANDED,16,agrees,,AC_list;coverage;urban_mapping
Maharashtra,3046,Deglur,391,Nanded,90,90,DEGLUR,2024,eci_code,1.0,2008,27,2009;2014;2019;2024,SC,,90,yes,yes,16,NANDED,16,agrees,,AC_list;coverage;urban_mapping
Maharashtra,3047,Mukhed,391,Nanded,91,91,MUKHED,2024,eci_code,1.0,2008,27,2009;2014;2019;2024,GEN,,91,yes,yes,16,NANDED,16,agrees,,AC_list;coverage;urban_mapping
Maharashtra,2955,Basmath,376,Hingoli,92,92,BASMATH,2024,eci_code,1.0,2008,27,2009;2014;2019;2024,GEN,,92,yes,yes,15,HINGOLI,15,agrees,,AC_list;coverage;urban_mapping
Maharashtra,2958,Kalamnuri,376,Hingoli,93,93,KALAMNURI,2024,eci_code,1.0,2008,27,2009;2014;2019;2024,GEN,,93,yes,yes,15,HINGOLI,15,agrees,,AC_list;coverage;urban_mapping
Maharashtra,2957,Hingoli,376,Hingoli,94,94,HINGOLI,2024,eci_code,1.0,2008,27,2009;2014;2019;2024,GEN,,94,yes,yes,15,HINGOLI,15,agrees,,AC_list;coverage;urban_mapping
Maharashtra,3077,Jintur,396,Parbhani,95,95,JINTUR,2024,eci_code,1.0,2008,27,2009;2014;2019;2024,GEN,,95,yes,yes,17,PARBHANI,17,agrees,,AC_list;coverage;urban_mapping
Maharashtra,3078,Parbhani,396,Parbhani,96,96,PARBHANI,2024,eci_code,1.0,2008,27,2009;2014;2019;2024,GEN,,96,yes,yes,17,PARBHANI,17,agrees,,AC_list;coverage;urban_mapping
Maharashtra,3075,Gangakhed,396,Parbhani,97,97,GANGAKHED,2024,eci_code,1.0,2008,27,2009;2014;2019;2024,GEN,,97,yes,yes,17,PARBHANI,17,agrees,,AC_list;coverage;urban_mapping
Maharashtra,3080,Pathri,396,Parbhani,98,98,PATHRI,2024,eci_code,1.0,2008,27,2009;2014;2019;2024,GEN,,98,yes,yes,17,PARBHANI,17,agrees,,AC_list;coverage;urban_mapping
Maharashtra,3079,Partur,396,Parbhani,99,99,PARTUR,2024,eci_code,1.0,2008,27,2009;2014;2019;2024,GEN,,99,yes,yes,17,PARBHANI,17,agrees,,AC_list;coverage;urban_mapping
Maharashtra,3076,Ghansawangi,396,Parbhani,100,100,GHANSAWANGI,2024,eci_code,1.0,2008,27,2009;2014;2019;2024,GEN,,100,yes,yes,17,PARBHANI,17,agrees,,AC_list;coverage;urban_mapping
Maharashtra,2967,Jalna,378,Jalna,101,101,JALNA,2024,eci_code,1.0,2008,27,2009;2014;2019;2024,GEN,,101,yes,yes,18,JALNA,18,agrees,,AC_list;coverage;urban_mapping
Maharashtra,2968,Badnapur,378,Jalna,102,102,BADNAPUR,2024,eci_code,1.0,2008,27,2009;2014;2019;2024,SC,,102,yes,yes,18,JALNA,18,agrees,,AC_list;coverage;urban_mapping
Maharashtra,2969,Bhokardan,378,Jalna,103,103,BHOKARDAN,2024,eci_code,1.0,2008,27,2009;2014;2019;2024,GEN,,103,yes,yes,18,JALNA,18,agrees,,AC_list;coverage;urban_mapping
Maharashtra,2972,Sillod,378,Jalna,104,104,SILLOD,2024,eci_code,1.0,2008,27,2009;2014;2019;2024,GEN,,104,yes,yes,18,JALNA,18,agrees,,AC_list;coverage;urban_mapping
Maharashtra,2893,Kannad,365,Aurangabad,105,105,KANNAD,2024,eci_code,1.0,2008,27,2009;2014;2019;2024,GEN,,105,yes,yes,19,AURANGABAD,19,agrees,,AC_list;coverage;urban_mapping
Maharashtra,2971,Phulambri,378,Jalna,106,106,PHULAMBRI,2024,eci_code,1.0,2008,27,2009;2014;2019;2024,GEN,,106,yes,yes,18,JALNA,18,agrees,,AC_list;coverage;urban_mapping
Maharashtra,2889,Aurangabad central,365,Aurangabad,107,107,AURANGABAD CENTRAL,2024,eci_code,1.0,2008,27,2009;2014;2019;2024,GEN,,107,yes,yes,19,AURANGABAD,19,agrees,,AC_list;coverage;urban_mapping
Maharashtra,2891,Aurangabad West,365,Aurangabad,108,108,AURANGABAD WEST,2024,eci_code,1.0,2008,27,2009;2014;2019;2024,SC,,108,yes,yes,19,AURANGABAD,19,agrees,,AC_list;coverage;urban_mapping
Maharashtra,2890,Aurangabad East,365,Aurangabad,109,109,AURANGABAD EAST,2024,eci_code,1.0,2008,27,2009;2014;2019;2024,GEN,,109,yes,yes,19,AURANGABAD,19,agrees,,AC_list;coverage;urban_mapping
Maharashtra,2970,Paithan,378,Jalna,110,110,PAITHAN,2024,eci_code,1.0,2008,27,2009;2014;2019;2024,GEN,,110,yes,yes,18,JALNA,18,agrees,,AC_list;coverage;urban_mapping
Maharashtra,2892,Gangapur,365,Aurangabad,111,111,GANGAPUR,2024,eci_code,1.0,2008,27,2009;2014;2019;2024,GEN,,111,yes,yes,19,AURANGABAD,19,agrees,,AC_list;coverage;urban_mapping
Maharashtra,2894,Vaijapur,365,Aurangabad,112,112,VAIJAPUR,2024,eci_code,1.0,2008,27,2009;2014;2019;2024,GEN,,112,yes,yes,19,AURANGABAD,19,agrees,,AC_list;coverage;urban_mapping
Maharashtra,2940,Nandgaon,373,Dindori,113,113,NANDGAON,2024,eci_code,1.0,2008,27,2009;2014;2019;2024,GEN,,113,yes,yes,20,DINDORI,20,agrees,,AC_list;coverage;urban_mapping
Maharashtra,2934,Malegaon central,372,Dhule,114,114,MALEGAON CENTRAL,2024,eci_code,1.0,2008,27,2009;2014;2019;2024,GEN,,114,yes,yes,2,DHULE,2,agrees,,AC_list;coverage;urban_mapping
Maharashtra,2935,Malegaon outer,372,Dhule,115,115,MALEGAON OUTER,2024,exact_name,1.0,2008,27,2009;2014;2019;2024,GEN,,,,yes,2,DHULE,2,agrees,,AC_list;coverage
Maharashtra,2931,Baglan,372,Dhule,116,116,BAGLAN,2024,eci_code,1.0,2008,27,2009;2014;2019;2024,ST,,116,yes,yes,2,DHULE,2,agrees,,AC_list;coverage;urban_mapping
Maharashtra,2939,Kalwan,373,Dindori,117,117,KALWAN,2024,eci_code,1.0,2008,27,2009;2014;2019;2024,ST,,117,yes,yes,20,DINDORI,20,agrees,,AC_list;coverage;urban_mapping
Maharashtra,2937,Chandvad,373,Dindori,118,118,CHANDVAD,2024,eci_code,1.0,2008,27,2009;2014;2019;2024,GEN,,118,yes,yes,20,DINDORI,20,agrees,,AC_list;coverage;urban_mapping
Maharashtra,2942,Yevla,373,Dindori,119,119,YEVLA,2024,exact_name,1.0,2008,27,2009;2014;2019;2024,GEN,,,,yes,20,DINDORI,20,agrees,,AC_list;coverage
Maharashtra,3062,Sinnar,393,Nashik,120,120,SINNAR,2024,eci_code,1.0,2008,27,2009;2014;2019;2024,GEN,,120,yes,yes,21,NASHIK,21,agrees,,AC_list;coverage;urban_mapping
Maharashtra,2941,Niphad,373,Dindori,121,121,NIPHAD,2024,eci_code,1.0,2008,27,2009;2014;2019;2024,GEN,,121,yes,yes,20,DINDORI,20,agrees,,AC_list;coverage;urban_mapping
Maharashtra,2938,Dindori,373,Dindori,122,122,DINDORI,2024,eci_code,1.0,2008,27,2009;2014;2019;2024,ST,,122,yes,yes,20,DINDORI,20,agrees,,AC_list;coverage;urban_mapping
Maharashtra,3060,Nashik East,393,Nashik,123,123,NASHIK EAST,2024,exact_name,1.0,2008,27,2009;2014;2019;2024,GEN,,,,yes,21,NASHIK,21,agrees,,AC_list;coverage
Maharashtra,3059,Nashik central,393,Nashik,124,124,NASHIK CENTRAL,2024,eci_code,1.0,2008,27,2009;2014;2019;2024,GEN,,124,yes,yes,21,NASHIK,21,agrees,,AC_list;coverage;urban_mapping
Maharashtra,3061,Nashik West,393,Nashik,125,125,NASHIK WEST,2024,eci_code,1.0,2008,27,2009;2014;2019;2024,GEN,,125,yes,yes,21,NASHIK,21,agrees,,AC_list;coverage;urban_mapping
Maharashtra,3057,Devlali,393,Nashik,126,126,DEOLALI,2024,eci_code,1.0,2008,27,2009;2014;2019;2024,SC,,126,yes,yes,21,NASHIK,21,agrees,,AC_list;coverage;urban_mapping
Maharashtra,3058,Igatpuri,393,Nashik,127,127,IGATPURI,2024,eci_code,1.0,2008,27,2009;2014;2019;2024,ST,,127,yes,yes,21,NASHIK,21,agrees,,AC_list;coverage;urban_mapping
Maharashtra,3070,Dahanu,395,Palghar,128,128,DAHANU,2024,eci_code,1.0,2008,27,2009;2014;2019;2024,ST,,128,yes,yes,22,PALGHAR,22,agrees,,AC_list;coverage;urban_mapping
Maharashtra,3074,Vikramgad,395,Palghar,129,129,VIKRAMGAD,2024,eci_code,1.0,2008,27,2009;2014;2019;2024,ST,,129,yes,yes,22,PALGHAR,22,agrees,,AC_list;coverage;urban_mapping
Maharashtra,3072,Palghar,395,Palghar,130,130,PALGHAR,2024,eci_code,1.0,2008,27,2009;2014;2019;2024,ST,,130,yes,yes,22,PALGHAR,22,agrees,,AC_list;coverage;urban_mapping
Maharashtra,3069,Boisar,395,Palghar,131,131,BOISAR,2024,exact_name,1.0,2008,27,2009;2014;2019;2024,ST,,,,yes,22,PALGHAR,22,agrees,,AC_list;coverage
Maharashtra,3071,Nalasopara,395,Palghar,132,132,NALASOPARA,2024,exact_name,1.0,2008,27,2009;2014;2019;2024,GEN,,,,yes,22,PALGHAR,22,agrees,,AC_list;coverage
Maharashtra,3073,Vasai,395,Palghar,133,133,VASAI,2024,exact_name,1.0,2008,27,2009;2014;2019;2024,GEN,,,,yes,22,PALGHAR,22,agrees,,AC_list;coverage
Maharashtra,2914,Bhiwandi Rural,369,Bhiwandi,134,134,BHIWANDI RURAL,2024,eci_code,1.0,2008,27,2009;2014;2019;2024,ST,,134,yes,yes,23,BHIWANDI,23,agrees,,AC_list;coverage;urban_mapping
Maharashtra,2918,Shahapur,369,Bhiwandi,135,135,SHAHAPUR,2024,eci_code,1.0,2008,27,2009;2014;2019;2024,ST,,135,yes,yes,23,BHIWANDI,23,agrees,,AC_list;coverage;urban_mapping
Maharashtra,2915,Bhiwandi West,369,Bhiwandi,136,136,BHIWANDI WEST,2024,eci_code,1.0,2008,27,2009;2014;2019;2024,GEN,,136,yes,yes,23,BHIWANDI,23,agrees,,AC_list;coverage;urban_mapping
Maharashtra,2913,Bhiwandi East,369,Bhiwandi,137,137,BHIWANDI EAST,2024,eci_code,1.0,2008,27,2009;2014;2019;2024,GEN,,137,yes,yes,23,BHIWANDI,23,agrees,,AC_list;coverage;urban_mapping
Maharashtra,2916,Kalyan West,369,Bhiwandi,138,138,KALYAN WEST,2024,eci_code,1.0,2008,27,2009;2014;2019;2024,GEN,,138,yes,yes,23,BHIWANDI,23,agrees,,AC_list;coverage;urban_mapping
Maharashtra,2917,Murbad,369,Bhiwandi,139,139,MURBAD,2024,eci_code,1.0,2008,27,2009;2014;2019;2024,GEN,,139,yes,yes,23,BHIWANDI,23,agrees,,AC_list;coverage;urban_mapping
Maharashtra,2973,Ambernath,379,Kalyan,140,140,AMBERNATH,2024,eci_code,1.0,2008,27,2009;2014;2019;2024,SC,,140,yes,yes,24,KALYAN,24,agrees,,AC_list;coverage;urban_mapping
Maharashtra,2978,Ulhas Nagar,379,Kalyan,141,141,ULHAS NAGAR,2024,eci_code,1.0,2008,27,2009;2014;2019;2024,GEN,,141,yes,yes,24,KALYAN,24,agrees,,AC_list;coverage;urban_mapping
Maharashtra,2975,Kalyan East,379,Kalyan,142,142,KALYAN EAST,2024,eci_code,1.0,2008,27,2009;2014;2019;2024,GEN,,142,yes,yes,24,KALYAN,24,agrees,,AC_list;coverage;urban_mapping
Maharashtra,2974,Dombivali,379,Kalyan,143,143,DOMBIVALI,2024,eci_code,1.0,2008,27,2009;2014;2019;2024,GEN,,143,yes,yes,24,KALYAN,24,agrees,,AC_list;coverage;urban_mapping
Maharashtra,2976,Kalyan Rural,379,Kalyan,144,144,KALYAN RURAL,2024,eci_code,1.0,2008,27,2009;2014;2019;2024,GEN,,144,yes,yes,24,KALYAN,24,agrees,,AC_list;coverage;urban_mapping
Maharashtra,3144,Mira Bhayandar,407,Thane,145,145,MIRA BHAYANDAR,2024,eci_code,1.0,2008,27,2009;2014;2019;2024,GEN,,145,yes,yes,25,THANE,25,agrees,,AC_list;coverage;urban_mapping
Maharashtra,3145,Ovala - Majiwada,407,Thane,146,146,OVALA - MAJIWADA,2024,eci_code,1.0,2008,27,2009;2014;2019;2024,GEN,,146,yes,yes,25,THANE,25,agrees,,AC_list;coverage;urban_mapping
Maharashtra,3143,Kopri-Pachpakhadi,407,Thane,147,147,KOPRI-PACHPAKHADI,2024,eci_code,1.0,2008,27,2009;2014;2019;2024,GEN,,147,yes,yes,25,THANE,25,agrees,,AC_list;coverage;urban_mapping
Maharashtra,3146,Thane,407,Thane,148,148,THANE,2024,eci_code,1.0,2008,27,2009;2014;2019;2024,GEN,,148,yes,yes,25,THANE,25,agrees,,AC_list;coverage;urban_mapping
Maharashtra,2977,Mumbra-Kalwa,379,Kalyan,149,149,MUMBRA-KALWA,2024,eci_code,1.0,2008,27,2009;2014;2019;2024,GEN,,149,yes,yes,24,KALYAN,24,agrees,,AC_list;coverage;urban_mapping
Maharashtra,3141,Airoli,407,Thane,150,150,AIROLI,2024,eci_code,1.0,2008,27,2009;2014;2019;2024,GEN,,150,yes,yes,25,THANE,25,agrees,,AC_list;coverage;urban_mapping
Maharashtra,3142,Belapur,407,Thane,151,151,BELAPUR,2024,eci_code,1.0,2008,27,2009;2014;2019;2024,GEN,,151,yes,yes,25,THANE,25,agrees,,AC_list;coverage;urban_mapping
Maharashtra,3003,Borivali,384,Mumbai North,152,152,BORIVALI,2024,eci_code,1.0,2008,27,2009;2014;2019;2024,GEN,,152,yes,yes,26,MUMBAI NORTH,26,agrees,,AC_list;coverage;urban_mapping
Maharashtra,3005,Dahisar,384,Mumbai North,153,153,DAHISAR,2024,eci_code,1.0,2008,27,2009;2014;2019;2024,GEN,,153,yes,yes,26,MUMBAI NORTH,26,agrees,,AC_list;coverage;urban_mapping
Maharashtra,3007,Magathane,384,Mumbai North,154,154,MAGATHANE,2024,eci_code,1.0,2008,27,2009;2014;2019;2024,GEN,,154,yes,yes,26,MUMBAI NORTH,26,agrees,,AC_list;coverage;urban_mapping
Maharashtra,3019,Mulund,386,Mumbai North-East,155,155,MULUND,2024,eci_code,1.0,2008,27,2009;2014;2019;2024,GEN,,155,yes,yes,28,MUMBAI NORTH EAST,28,agrees,,AC_list;coverage;urban_mapping
Maharashtra,3020,Vikhroli,386,Mumbai North-East,156,156,VIKHROLI,2024,eci_code,1.0,2008,27,2009;2014;2019;2024,GEN,,156,yes,yes,28,MUMBAI NORTH EAST,28,agrees,,AC_list;coverage;urban_mapping
Maharashtra,3015,Bhandup West,386,Mumbai North-East,157,157,BHANDUP WEST,2024,eci_code,1.0,2008,27,2009;2014;2019;2024,GEN,,157,yes,yes,28,MUMBAI NORTH EAST,28,agrees,,AC_list;coverage;urban_mapping
Maharashtra,3025,Jogeshwari East,387,Mumbai North-West,158,158,JOGESHWARI EAST,2024,eci_code,1.0,2008,27,2009;2014;2019;2024,GEN,,158,yes,yes,27,MUMBAI NORTH WEST,27,agrees,,AC_list;coverage;urban_mapping
Maharashtra,3023,Dindoshi,387,Mumbai North-West,159,159,DINDOSHI,2024,eci_code,1.0,2008,27,2009;2014;2019;2024,GEN,,159,yes,yes,27,MUMBAI NORTH WEST,27,agrees,,AC_list;coverage;urban_mapping
Maharashtra,3006,Kandivali East,384,Mumbai North,160,160,KANDIVALI EAST,2024,eci_code,1.0,2008,27,2009;2014;2019;2024,GEN,,160,yes,yes,26,MUMBAI NORTH,26,agrees,,AC_list;coverage;urban_mapping
Maharashtra,3004,Charkop,384,Mumbai North,161,161,CHARKOP,2024,eci_code,1.0,2008,27,2009;2014;2019;2024,GEN,,161,yes,yes,26,MUMBAI NORTH,26,agrees,,AC_list;coverage;urban_mapping
Maharashtra,3008,Malad West,384,Mumbai North,162,162,MALAD WEST,2024,eci_code,1.0,2008,27,2009;2014;2019;2024,GEN,,162,yes,yes,26,MUMBAI NORTH,26,agrees,,AC_list;coverage;urban_mapping
Maharashtra,3024,Goregaon,387,Mumbai North-West,163,163,GOREGAON,2024,eci_code,1.0,2008,27,2009;2014;2019;2024,GEN,,163,yes,yes,27,MUMBAI NORTH WEST,27,agrees,,AC_list;coverage;urban_mapping
Maharashtra,3026,Versova,387,Mumbai North-West,164,164,VERSOVA,2024,eci_code,1.0,2008,27,2009;2014;2019;2024,GEN,,164,yes,yes,27,MUMBAI NORTH WEST,27,agrees,,AC_list;coverage;urban_mapping
Maharashtra,3022,Andheri West,387,Mumbai North-West,165,165,ANDHERI WEST,2024,eci_code,1.0,2008,27,2009;2014;2019;2024,GEN,,165,yes,yes,27,MUMBAI NORTH WEST,27,agrees,,AC_list;coverage;urban_mapping
Maharashtra,3021,Andheri East,387,Mumbai North-West,166,166,ANDHERI EAST,2024,eci_code,1.0,2008,27,2009;2014;2019;2024,GEN,,166,yes,yes,27,MUMBAI NORTH WEST,27,agrees,,AC_list;coverage;urban_mapping
Maharashtra,3014,Vile parle,385,Mumbai North-Central,167,167,VILE PARLE,2024,eci_code,1.0,2008,27,2009;2014;2019;2024,GEN,,167,yes,yes,29,MUMBAI NORTH CENTRAL,29,agrees,,AC_list;coverage;urban_mapping
Maharashtra,3009,Chandivali,385,Mumbai North-Central,168,168,CHANDIVALI,2024,eci_code,1.0,2008,27,2009;2014;2019;2024,GEN,,168,yes,yes,29,MUMBAI NORTH CENTRAL,29,agrees,,AC_list;coverage;urban_mapping
Maharashtra,3017,Ghatkopar West,386,Mumbai North-East,169,169,GHATKOPAR WEST,2024,eci_code,1.0,2008,27,2009;2014;2019;2024,GEN,,169,yes,yes,28,MUMBAI NORTH EAST,28,agrees,,AC_list;coverage;urban_mapping
Maharashtra,3016,Ghatkopar East,386,Mumbai North-East,170,170,GHATKOPAR EAST,2024,eci_code,1.0,2008,27,2009;2014;2019;2024,GEN,,170,yes,yes,28,MUMBAI NORTH EAST,28,agrees,,AC_list;coverage;urban_mapping
Maharashtra,3018,Mankhurd shivaji Nagar,386,Mumbai North-East,171,171,MANKHURD SHIVAJI NAGAR,2024,eci_code,1.0,2008,27,2009;2014;2019;2024,GEN,,171,yes,yes,28,MUMBAI NORTH EAST,28,agrees,,AC_list;coverage;urban_mapping
Maharashtra,3027,Anushakti Nagar,388,Mumbai South-Central,172,172,ANUSHAKTI NAGAR,2024,eci_code,1.0,2008,27,2009;2014;2019;2024,GEN,,172,yes,yes,30,MUMBAI SOUTH CENTRAL,30,agrees,,AC_list;coverage;urban_mapping
Maharashtra,3028,Chembur,388,Mumbai South-Central,173,173,CHEMBUR,2024,eci_code,1.0,2008,27,2009;2014;2019;2024,GEN,,173,yes,yes,30,MUMBAI SOUTH CENTRAL,30,agrees,,AC_list;coverage;urban_mapping
Maharashtra,3011,Kurla,385,Mumbai North-Central,174,174,KURLA,2024,eci_code,1.0,2008,27,2009;2014;2019;2024,SC,,174,yes,yes,29,MUMBAI NORTH CENTRAL,29,agrees,,AC_list;coverage;urban_mapping
Maharashtra,3010,Kalina,385,Mumbai North-Central,175,175,KALINA,2024,eci_code,1.0,2008,27,2009;2014;2019;2024,GEN,,175,yes,yes,29,MUMBAI NORTH CENTRAL,29,agrees,,AC_list;coverage;urban_mapping
Maharashtra,3012,Vandre East,385,Mumbai North-Central,176,176,VANDRE EAST,2024,eci_code,1.0,2008,27,2009;2014;2019;2024,GEN,,176,yes,yes,29,MUMBAI NORTH CENTRAL,29,agrees,,AC_list;coverage;urban_mapping
Maharashtra,3013,Vandre West,385,Mumbai North-Central,177,177,VANDRE WEST,2024,eci_code,1.0,2008,27,2009;2014;2019;2024,GEN,,177,yes,yes,29,MUMBAI NORTH CENTRAL,29,agrees,,AC_list;coverage;urban_mapping
Maharashtra,3029,Dharavi,388,Mumbai South-Central,178,178,DHARAVI,2024,eci_code,1.0,2008,27,2009;2014;2019;2024,SC,,178,yes,yes,30,MUMBAI SOUTH CENTRAL,30,agrees,,AC_list;coverage;urban_mapping
Maharashtra,3031,Sion koliwada,388,Mumbai South-Central,179,179,SION KOLIWADA,2024,eci_code,1.0,2008,27,2009;2014;2019;2024,GEN,,179,yes,yes,30,MUMBAI SOUTH CENTRAL,30,agrees,,AC_list;coverage;urban_mapping
Maharashtra,3032,Wadala,388,Mumbai South-Central,180,180,WADALA,2024,eci_code,1.0,2008,27,2009;2014;2019;2024,GEN,,180,yes,yes,30,MUMBAI SOUTH CENTRAL,30,agrees,,AC_list;coverage;urban_mapping
Maharashtra,3030,Mahim,388,Mumbai South-Central,181,181,MAHIM,2024,eci_code,1.0,2008,27,2009;2014;2019;2024,GEN,,181,yes,yes,30,MUMBAI SOUTH CENTRAL,30,agrees,,AC_list;coverage;urban_mapping
Maharashtra,3038,Worli,389,Mumbai-South,182,182,WORLI,2024,eci_code,1.0,2008,27,2009;2014;2019;2024,GEN,,182,yes,yes,31,MUMBAI SOUTH,31,agrees,,AC_list;coverage;urban_mapping
Maharashtra,3037,Shivadi,389,Mumbai-South,183,183,SHIVADI,2024,eci_code,1.0,2008,27,2009;2014;2019;2024,GEN,,183,yes,yes,31,MUMBAI SOUTH,31,agrees,,AC_list;coverage;urban_mapping
Maharashtra,3033,Byculla,389,Mumbai-South,184,184,BYCULLA,2024,eci_code,1.0,2008,27,2009;2014;2019;2024,GEN,,184,yes,yes,31,MUMBAI SOUTH,31,agrees,,AC_list;coverage;urban_mapping
Maharashtra,3035,Malabar hill,389,Mumbai-South,185,185,MALABAR HILL,2024,eci_code,1.0,2008,27,2009;2014;2019;2024,GEN,,185,yes,yes,31,MUMBAI SOUTH,31,agrees,,AC_list;coverage;urban_mapping
Maharashtra,3036,Mumba devi,389,Mumbai-South,186,186,MUMBA DEVI,2024,eci_code,1.0,2008,27,2009;2014;2019;2024,GEN,,186,yes,yes,31,MUMBAI SOUTH,31,agrees,,AC_list;coverage;urban_mapping
Maharashtra,3034,Colaba,389,Mumbai-South,187,187,COLABA,2024,eci_code,1.0,2008,27,2009;2014;2019;2024,GEN,,187,yes,yes,31,MUMBAI SOUTH,31,agrees,,AC_list;coverage;urban_mapping
Maharashtra,3000,Panvel,383,Maval,188,188,PANVEL,2024,eci_code,1.0,2008,27,2009;2014;2019;2024,GEN,,188,yes,yes,33,MAVAL,33,agrees,,AC_list;coverage;urban_mapping
Maharashtra,2998,Karjat,383,Maval,189,189,KARJAT,2024,eci_code,1.0,2008,27,2009;2014;2019;2024,GEN,,189,yes,yes,33,MAVAL,33,agrees,,AC_list;coverage;urban_mapping
Maharashtra,3002,Uran,383,Maval,190,190,URAN,2024,exact_name,1.0,2008,27,2009;2014;2019;2024,GEN,,,,yes,33,MAVAL,33,agrees,,AC_list;coverage
Maharashtra,3091,Pen,398,Raigad,191,191,PEN,2024,eci_code,1.0,2008,27,2009;2014;2019;2024,GEN,,191,yes,yes,32,RAIGAD,32,agrees,,AC_list;coverage;urban_mapping
Maharashtra,3087,Alibag,398,Raigad,192,192,ALIBAG,2024,eci_code,1.0,2008,27,2009;2014;2019;2024,GEN,,192,yes,yes,32,RAIGAD,32,agrees,,AC_list;coverage;urban_mapping
Maharashtra,3092,Shrivardhan,398,Raigad,193,193,SHRIVARDHAN,2024,eci_code,1.0,2008,27,2009;2014;2019;2024,GEN,,193,yes,yes,32,RAIGAD,32,agrees,,AC_list;coverage;urban_mapping
Maharashtra,3090,Mahad,398,Raigad,194,194,MAHAD,2024,eci_code,1.0,2008,27,2009;2014;2019;2024,GEN,,194,yes,yes,32,RAIGAD,32,agrees,,AC_list;coverage;urban_mapping
Maharashtra,3132,Junnar,405,Shirur,195,195,JUNNAR,2024,eci_code,1.0,2008,27,2009;2014;2019;2024,GEN,,195,yes,yes,36,SHIRUR,36,agrees,,AC_list;coverage;urban_mapping
Maharashtra,3129,Ambegaon,405,Shirur,196,196,AMBEGAON,2024,eci_code,1.0,2008,27,2009;2014;2019;2024,GEN,,196,yes,yes,36,SHIRUR,36,agrees,,AC_list;coverage;urban_mapping
Maharashtra,3133,Khed alandi,405,Shirur,197,197,KHED ALANDI,2024,eci_code,1.0,2008,27,2009;2014;2019;2024,GEN,,197,yes,yes,36,SHIRUR,36,agrees,,AC_list;coverage;urban_mapping
Maharashtra,3134,Shirur,405,Shirur,198,198,SHIRUR,2024,eci_code,1.0,2008,27,2009;2014;2019;2024,GEN,,198,yes,yes,36,SHIRUR,36,agrees,,AC_list;coverage;urban_mapping
Maharashtra,2897,Daund,366,Baramati,199,199,DAUND,2024,eci_code,1.0,2008,27,2009;2014;2019;2024,GEN,,199,yes,yes,35,BARAMATI,35,agrees,,AC_list;coverage;urban_mapping
Maharashtra,2898,Indapur,366,Baramati,200,200,INDAPUR,2024,eci_code,1.0,2008,27,2009;2014;2019;2024,GEN,,200,yes,yes,35,BARAMATI,35,agrees,,AC_list;coverage;urban_mapping
Maharashtra,2895,Baramati,366,Baramati,201,201,BARAMATI,2024,eci_code,1.0,2008,27,2009;2014;2019;2024,GEN,,201,yes,yes,35,BARAMATI,35,agrees,,AC_list;coverage;urban_mapping
Maharashtra,2900,Purandar,366,Baramati,202,202,PURANDAR,2024,eci_code,1.0,2008,27,2009;2014;2019;2024,GEN,,202,yes,yes,35,BARAMATI,35,agrees,,AC_list;coverage;urban_mapping
Maharashtra,2896,Bhor,366,Baramati,203,203,BHOR,2024,eci_code,1.0,2008,27,2009;2014;2019;2024,GEN,,203,yes,yes,35,BARAMATI,35,agrees,,AC_list;coverage;urban_mapping
Maharashtra,2999,Maval,383,Maval,204,204,MAVAL,2024,eci_code,1.0,2008,27,2009;2014;2019;2024,GEN,,204,yes,yes,33,MAVAL,33,agrees,,AC_list;coverage;urban_mapping
Maharashtra,2997,Chinchwad,383,Maval,205,205,CHINCHWAD,2024,eci_code,1.0,2008,27,2009;2014;2019;2024,GEN,,205,yes,yes,33,MAVAL,33,agrees,,AC_list;coverage;urban_mapping
Maharashtra,3001,Pimpri,383,Maval,206,206,PIMPRI,2024,eci_code,1.0,2008,27,2009;2014;2019;2024,SC,,206,yes,yes,33,MAVAL,33,agrees,,AC_list;coverage;urban_mapping
Maharashtra,3130,Bhosari,405,Shirur,207,207,BHOSARI,2024,eci_code,1.0,2008,27,2009;2014;2019;2024,GEN,,207,yes,yes,36,SHIRUR,36,agrees,,AC_list;coverage;urban_mapping
Maharashtra,3086,Vadgaol sheri,397,Pune,208,208,VADGAOL SHERI,2024,eci_code,1.0,2008,27,2009;2014;2019;2024,GEN,,208,yes,yes,34,PUNE,34,agrees,,AC_list;coverage;urban_mapping
Maharashtra,3085,Shivajinagar,397,Pune,209,209,SHIVAJINAGAR,2024,eci_code,1.0,2008,27,2009;2014;2019;2024,GEN,,209,yes,yes,34,PUNE,34,agrees,,AC_list;coverage;urban_mapping
Maharashtra,3082,Kothrud,397,Pune,210,210,KOTHRUD,2024,eci_code,1.0,2008,27,2009;2014;2019;2024,GEN,,210,yes,yes,34,PUNE,34,agrees,,AC_list;coverage;urban_mapping
Maharashtra,2899,Khadakwasala,366,Baramati,211,211,KHADAKWASALA,2024,eci_code,1.0,2008,27,2009;2014;2019;2024,GEN,,211,yes,yes,35,BARAMATI,35,agrees,,AC_list;coverage;urban_mapping
Maharashtra,3083,Parvati,397,Pune,212,212,PARVATI,2024,eci_code,1.0,2008,27,2009;2014;2019;2024,GEN,,212,yes,yes,34,PUNE,34,agrees,,AC_list;coverage;urban_mapping
Maharashtra,3131,Hadapsar,405,Shirur,213,213,HADAPSAR,2024,eci_code,1.0,2008,27,2009;2014;2019;2024,GEN,,213,yes,yes,36,SHIRUR,36,agrees,,AC_list;coverage;urban_mapping
Maharashtra,3084,Pune cantonment,397,Pune,214,214,PUNE CANTONMENT,2024,eci_code,1.0,2008,27,2009;2014;2019;2024,SC,,214,yes,yes,34,PUNE,34,agrees,,AC_list;coverage;urban_mapping
Maharashtra,3081,Kasba peth,397,Pune,215,215,KASBA PETH,2024,eci_code,1.0,2008,27,2009;2014;2019;2024,GEN,,215,yes,yes,34,PUNE,34,agrees,,AC_list;coverage;urban_mapping
Maharashtra,3123,Akole,404,Shirdi,216,216,AKOLE,2024,eci_code,1.0,2008,27,2009;2014;2019;2024,ST,,216,yes,yes,38,SHIRDI,38,agrees,,AC_list;coverage;urban_mapping
Maharashtra,3126,Sangamner,404,Shirdi,217,217,SANGAMNER,2024,eci_code,1.0,2008,27,2009;2014;2019;2024,GEN,,217,yes,yes,38,SHIRDI,38,agrees,,AC_list;coverage;urban_mapping
Maharashtra,3127,Shirdi,404,Shirdi,218,218,SHIRDI,2024,eci_code,1.0,2008,27,2009;2014;2019;2024,GEN,,218,yes,yes,38,SHIRDI,38,agrees,,AC_list;coverage;urban_mapping
Maharashtra,3124,Kopargaon,404,Shirdi,219,219,KOPARGAON,2024,eci_code,1.0,2008,27,2009;2014;2019;2024,GEN,,219,yes,yes,38,SHIRDI,38,agrees,,AC_list;coverage;urban_mapping
Maharashtra,3128,Shrirampur,404,Shirdi,220,220,SHRIRAMPUR,2024,eci_code,1.0,2008,27,2009;2014;2019;2024,SC,,220,yes,yes,38,SHIRDI,38,agrees,,AC_list;coverage;urban_mapping
Maharashtra,3125,Nevasa,404,Shirdi,221,221,NEVASA,2024,eci_code,1.0,2008,27,2009;2014;2019;2024,GEN,,221,yes,yes,38,SHIRDI,38,agrees,,AC_list;coverage;urban_mapping
Maharashtra,2875,Shevgaon,362,Ahmednagar,222,222,SHEVGAON,2024,eci_code,1.0,2008,27,2009;2014;2019;2024,GEN,,222,yes,yes,37,AHMEDNAGAR,37,agrees,,AC_list;coverage;urban_mapping
Maharashtra,2874,Rahuri,362,Ahmednagar,223,223,RAHURI,2024,eci_code,1.0,2008,27,2009;2014;2019;2024,GEN,,223,yes,yes,37,AHMEDNAGAR,37,agrees,,AC_list;coverage;urban_mapping
Maharashtra,2873,Parner,362,Ahmednagar,224,224,PARNER,2024,eci_code,1.0,2008,27,2009;2014;2019;2024,GEN,,224,yes,yes,37,AHMEDNAGAR,37,agrees,,AC_list;coverage;urban_mapping
Maharashtra,2871,Ahmednagar City,362,Ahmednagar,225,225,AHMEDNAGAR CITY,2024,eci_code,1.0,2008,27,2009;2014;2019;2024,GEN,,225,yes,yes,37,AHMEDNAGAR,37,agrees,,AC_list;coverage;urban_mapping
Maharashtra,2876,Shrigonda,362,Ahmednagar,226,226,SHRIGONDA,2024,eci_code,1.0,2008,27,2009;2014;2019;2024,GEN,,226,yes,yes,37,AHMEDNAGAR,37,agrees,,AC_list;coverage;urban_mapping
Maharashtra,2872,Karjat jamkhed,362,Ahmednagar,227,227,KARJAT JAMKHED,2024,eci_code,1.0,2008,27,2009;2014;2019;2024,GEN,,227,yes,yes,37,AHMEDNAGAR,37,agrees,,AC_list;coverage;urban_mapping
Maharashtra,2903,Georai,367,Beed,228,228,GEORAI,2024,eci_code,1.0,2008,27,2009;2014;2019;2024,GEN,,228,yes,yes,39,BEED,39,agrees,,AC_list;coverage;urban_mapping
Maharashtra,2905,Majalgaon,367,Beed,229,229,MAJALGAON,2024,eci_code,1.0,2008,27,2009;2014;2019;2024,GEN,,229,yes,yes,39,BEED,39,agrees,,AC_list;coverage;urban_mapping
Maharashtra,2902,Beed,367,Beed,230,230,BEED,2024,eci_code,1.0,2008,27,2009;2014;2019;2024,GEN,,230,yes,yes,39,BEED,39,agrees,,AC_list;coverage;urban_mapping
Maharashtra,2901,Ashti,367,Beed,231,231,ASHTI,2024,eci_code,1.0,2008,27,2009;2014;2019;2024,GEN,,231,yes,yes,39,BEED,39,agrees,,AC_list;coverage;urban_mapping
Maharashtra,2904,Kaij,367,Beed,232,232,KAIJ,2024,eci_code,1.0,2008,27,2009;2014;2019;2024,SC,,232,yes,yes,39,BEED,39,agrees,,AC_list;coverage;urban_mapping
Maharashtra,2906,Parli,367,Beed,233,233,PARLI,2024,eci_code,1.0,2008,27,2009;2014;2019;2024,GEN,,233,yes,yes,39,BEED,39,agrees,,AC_list;coverage;urban_mapping
Maharashtra,2987,Latur Rural,381,Latur,234,234,LATUR RURAL,2024,eci_code,1.0,2008,27,2009;2014;2019;2024,GEN,,234,yes,yes,41,LATUR,41,agrees,,AC_list;coverage;urban_mapping
Maharashtra,2986,Latur City,381,Latur,235,235,LATUR CITY,2024,eci_code,1.0,2008,27,2009;2014;2019;2024,GEN,,235,yes,yes,41,LATUR,41,agrees,,AC_list;coverage;urban_mapping
Maharashtra,2985,Ahmadpur,381,Latur,236,236,AHMADPUR,2024,eci_code,1.0,2008,27,2009;2014;2019;2024,GEN,,236,yes,yes,41,LATUR,41,agrees,,AC_list;coverage;urban_mapping
Maharashtra,2990,Udgir,381,Latur,237,237,UDGIR,2024,eci_code,1.0,2008,27,2009;2014;2019;2024,SC,,237,yes,yes,41,LATUR,41,agrees,,AC_list;coverage;urban_mapping
Maharashtra,2989,Nilanga,381,Latur,238,238,NILANGA,2024,eci_code,1.0,2008,27,2009;2014;2019;2024,GEN,,238,yes,yes,41,LATUR,41,agrees,,AC_list;coverage;urban_mapping
Maharashtra,3063,Ausa,394,Osmanabad,239,239,AUSA,2024,eci_code,1.0,2008,27,2009;2014;2019;2024,GEN,,239,yes,yes,40,OSMANABAD,40,agrees,,AC_list;coverage;urban_mapping
Maharashtra,3068,Umarga,394,Osmanabad,240,240,UMARGA,2024,eci_code,1.0,2008,27,2009;2014;2019;2024,SC,,240,yes,yes,40,OSMANABAD,40,agrees,,AC_list;coverage;urban_mapping
Maharashtra,3067,Tuljapur,394,Osmanabad,241,241,TULJAPUR,2024,eci_code,1.0,2008,27,2009;2014;2019;2024,GEN,,241,yes,yes,40,OSMANABAD,40,agrees,,AC_list;coverage;urban_mapping
Maharashtra,3065,Osmanabad,394,Osmanabad,242,242,OSMANABAD,2024,eci_code,1.0,2008,27,2009;2014;2019;2024,GEN,,242,yes,yes,40,OSMANABAD,40,agrees,,AC_list;coverage;urban_mapping
Maharashtra,3066,Paranda,394,Osmanabad,243,243,PARANDA,2024,eci_code,1.0,2008,27,2009;2014;2019;2024,GEN,,243,yes,yes,40,OSMANABAD,40,agrees,,AC_list;coverage;urban_mapping
Maharashtra,2991,Karmala,382,Madha,244,244,KARMALA,2024,eci_code,1.0,2008,27,2009;2014;2019;2024,GEN,,244,yes,yes,43,MADHA,43,agrees,,AC_list;coverage;urban_mapping
Maharashtra,2992,Madha,382,Madha,245,245,MADHA,2024,eci_code,1.0,2008,27,2009;2014;2019;2024,GEN,,245,yes,yes,43,MADHA,43,agrees,,AC_list;coverage;urban_mapping
Maharashtra,3064,Barshi,394,Osmanabad,246,246,BARSHI,2024,eci_code,1.0,2008,27,2009;2014;2019;2024,GEN,,246,yes,yes,40,OSMANABAD,40,agrees,,AC_list;coverage;urban_mapping
Maharashtra,3136,Mohol,406,Solapur,247,247,MOHOL,2024,eci_code,1.0,2008,27,2009;2014;2019;2024,SC,,247,yes,yes,42,SOLAPUR,42,agrees,,AC_list;coverage;urban_mapping
Maharashtra,3139,Solapur City North,406,Solapur,248,248,SOLAPUR CITY NORTH,2024,eci_code,1.0,2008,27,2009;2014;2019;2024,GEN,,248,yes,yes,42,SOLAPUR,42,agrees,,AC_list;coverage;urban_mapping
Maharashtra,3138,Solapur City central,406,Solapur,249,249,SOLAPUR CITY CENTRAL,2024,eci_code,1.0,2008,27,2009;2014;2019;2024,GEN,,249,yes,yes,42,SOLAPUR,42,agrees,,AC_list;coverage;urban_mapping
Maharashtra,3135,Akkalkot,406,Solapur,250,250,AKKALKOT,2024,eci_code,1.0,2008,27,2009;2014;2019;2024,GEN,,250,yes,yes,42,SOLAPUR,42,agrees,,AC_list;coverage;urban_mapping
Maharashtra,3140,Solapur South,406,Solapur,251,251,SOLAPUR SOUTH,2024,eci_code,1.0,2008,27,2009;2014;2019;2024,GEN,,251,yes,yes,42,SOLAPUR,42,agrees,,AC_list;coverage;urban_mapping
Maharashtra,3137,Pandharpur,406,Solapur,252,252,PANDHARPUR,2024,eci_code,1.0,2008,27,2009;2014;2019;2024,GEN,,252,yes,yes,42,SOLAPUR,42,agrees,,AC_list;coverage;urban_mapping
Maharashtra,2996,Sangole,382,Madha,253,253,SANGOLE,2024,eci_code,1.0,2008,27,2009;2014;2019;2024,GEN,,253,yes,yes,43,MADHA,43,agrees,,AC_list;coverage;urban_mapping
Maharashtra,2993,Malshiras,382,Madha,254,254,MALSHIRAS,2024,eci_code,1.0,2008,27,2009;2014;2019;2024,SC,,254,yes,yes,43,MADHA,43,agrees,,AC_list;coverage;urban_mapping
Maharashtra,2995,Phaltan,382,Madha,255,255,PHALTAN,2024,eci_code,1.0,2008,27,2009;2014;2019;2024,SC,,255,yes,yes,43,MADHA,43,agrees,,AC_list;coverage;urban_mapping
Maharashtra,3122,Wai,403,Satara,256,256,WAI,2024,eci_code,1.0,2008,27,2009;2014;2019;2024,GEN,,256,yes,yes,45,SATARA,45,agrees,,AC_list;coverage;urban_mapping
Maharashtra,3119,Koregaon,403,Satara,257,257,KOREGAON,2024,eci_code,1.0,2008,27,2009;2014;2019;2024,GEN,,257,yes,yes,45,SATARA,45,agrees,,AC_list;coverage;urban_mapping
Maharashtra,2994,Man,382,Madha,258,258,MAN,2024,eci_code,1.0,2008,27,2009;2014;2019;2024,GEN,,258,yes,yes,43,MADHA,43,agrees,,AC_list;coverage;urban_mapping
Maharashtra,3117,Karad North,403,Satara,259,259,KARAD NORTH,2024,eci_code,1.0,2008,27,2009;2014;2019;2024,GEN,,259,yes,yes,45,SATARA,45,agrees,,AC_list;coverage;urban_mapping
Maharashtra,3118,Karad South,403,Satara,260,260,KARAD SOUTH,2024,eci_code,1.0,2008,27,2009;2014;2019;2024,GEN,,260,yes,yes,45,SATARA,45,agrees,,AC_list;coverage;urban_mapping
Maharashtra,3120,Patan,403,Satara,261,261,PATAN,2024,eci_code,1.0,2008,27,2009;2014;2019;2024,GEN,,261,yes,yes,45,SATARA,45,agrees,,AC_list;coverage;urban_mapping
Maharashtra,3121,Satara,403,Satara,262,262,SATARA,2024,eci_code,1.0,2008,27,2009;2014;2019;2024,GEN,,262,yes,yes,45,SATARA,45,agrees,,AC_list;coverage;urban_mapping
Maharashtra,3088,Dapoli,398,Raigad,263,263,DAPOLI,2024,eci_code,1.0,2008,27,2009;2014;2019;2024,GEN,,263,yes,yes,32,RAIGAD,32,agrees,,AC_list;coverage;urban_mapping
Maharashtra,3089,Guhagar,398,Raigad,264,264,GUHAGAR,2024,eci_code,1.0,2008,27,2009;2014;2019;2024,GEN,,264,yes,yes,32,RAIGAD,32,agrees,,AC_list;coverage;urban_mapping
Maharashtra,3099,Chiplun,400,Ratnagiri - Sindhudurg,265,265,CHIPLUN,2024,eci_code,1.0,2008,27,2009;2014;2019;2024,GEN,,265,yes,yes,46,RATNAGIRI- SINDHUDURG,46,agrees,,AC_list;coverage;urban_mapping
Maharashtra,3103,Ratnagiri,400,Ratnagiri - Sindhudurg,266,266,RATNAGIRI,2024,eci_code,1.0,2008,27,2009;2014;2019;2024,GEN,,266,yes,yes,46,RATNAGIRI- SINDHUDURG,46,agrees,,AC_list;coverage;urban_mapping
Maharashtra,3102,Rajapur,400,Ratnagiri - Sindhudurg,267,267,RAJAPUR,2024,eci_code,1.0,2008,27,2009;2014;2019;2024,GEN,,267,yes,yes,46,RATNAGIRI- SINDHUDURG,46,agrees,,AC_list;coverage;urban_mapping
Maharashtra,3100,Kankavli,400,Ratnagiri - Sindhudurg,268,268,KANKAVLI,2024,eci_code,1.0,2008,27,2009;2014;2019;2024,GEN,,268,yes,yes,46,RATNAGIRI- SINDHUDURG,46,agrees,,AC_list;coverage;urban_mapping
Maharashtra,3101,Kudal,400,Ratnagiri - Sindhudurg,269,269,KUDAL,2024,eci_code,1.0,2008,27,2009;2014;2019;2024,GEN,,269,yes,yes,46,RATNAGIRI- SINDHUDURG,46,agrees,,AC_list;coverage;urban_mapping
Maharashtra,3104,Sawantwadi,400,Ratnagiri - Sindhudurg,270,270,SAWANTWADI,2024,eci_code,1.0,2008,27,2009;2014;2019;2024,GEN,,270,yes,yes,46,RATNAGIRI- SINDHUDURG,46,agrees,,AC_list;coverage;urban_mapping
Maharashtra,2979,Chandgad,380,Kolhapur,271,271,CHANDGAD,2024,eci_code,1.0,2008,27,2009;2014;2019;2024,GEN,,271,yes,yes,47,KOLHAPUR,47,agrees,,AC_list;coverage;urban_mapping
Maharashtra,2984,Radhanagari,380,Kolhapur,272,272,RADHANAGARI,2024,eci_code,1.0,2008,27,2009;2014;2019;2024,GEN,,272,yes,yes,47,KOLHAPUR,47,agrees,,AC_list;coverage;urban_mapping
Maharashtra,2980,Kagal,380,Kolhapur,273,273,KAGAL,2024,eci_code,1.0,2008,27,2009;2014;2019;2024,GEN,,273,yes,yes,47,KOLHAPUR,47,agrees,,AC_list;coverage;urban_mapping
Maharashtra,2983,Kolhapur South,380,Kolhapur,274,274,KOLHAPUR SOUTH,2024,exact_name,1.0,2008,27,2009;2014;2019;2024,GEN,,,,yes,47,KOLHAPUR,47,agrees,,AC_list;coverage
Maharashtra,2981,Karvir,380,Kolhapur,275,275,KARVIR,2024,exact_name,1.0,2008,27,2009;2014;2019;2024,GEN,,,,yes,47,KOLHAPUR,47,agrees,,AC_list;coverage
Maharashtra,2982,Kolhapur North,380,Kolhapur,276,276,KOLHAPUR NORTH,2024,eci_code,1.0,2008,27,2009;2014;2019;2024,GEN,,276,yes,yes,47,KOLHAPUR,47,agrees,,AC_list;coverage;urban_mapping
Maharashtra,2952,Shahuwadi,375,Hatkanangle,277,277,SHAHUWADI,2024,eci_code,1.0,2008,27,2009;2014;2019;2024,GEN,,277,yes,yes,48,HATKANANGALE,48,agrees,,AC_list;coverage;urban_mapping
Maharashtra,2949,Hatkanangle,375,Hatkanangle,278,278,HATKANANGLE,2024,eci_code,1.0,2008,27,2009;2014;2019;2024,SC,,278,yes,yes,48,HATKANANGALE,48,agrees,,AC_list;coverage;urban_mapping
Maharashtra,2950,Ichalkaranji,375,Hatkanangle,279,279,ICHALKARANJI,2024,exact_name,1.0,2008,27,2009;2014;2019;2024,GEN,,,,yes,48,HATKANANGALE,48,agrees,,AC_list;coverage
Maharashtra,2954,Shirol,375,Hatkanangle,280,280,SHIROL,2024,eci_code,1.0,2008,27,2009;2014;2019;2024,GEN,,280,yes,yes,48,HATKANANGALE,48,agrees,,AC_list;coverage;urban_mapping
Maharashtra,3113,Miraj,402,Sangli,281,281,MIRAJ,2024,eci_code,1.0,2008,27,2009;2014;2019;2024,SC,,281,yes,yes,44,SANGLI,44,agrees,,AC_list;coverage;urban_mapping
Maharashtra,3115,Sangli,402,Sangli,282,282,SANGLI,2024,eci_code,1.0,2008,27,2009;2014;2019;2024,GEN,,282,yes,yes,44,SANGLI,44,agrees,,AC_list;coverage;urban_mapping
Maharashtra,2951,Islampur,375,Hatkanangle,283,283,ISLAMPUR,2024,eci_code,1.0,2008,27,2009;2014;2019;2024,GEN,,283,yes,yes,48,HATKANANGALE,48,agrees,,AC_list;coverage;urban_mapping
Maharashtra,2953,Shirala,375,Hatkanangle,284,284,SHIRALA,2024,eci_code,1.0,2008,27,2009;2014;2019;2024,GEN,,284,yes,yes,48,HATKANANGALE,48,agrees,,AC_list;coverage;urban_mapping
Maharashtra,3114,Palus-kadegaon,402,Sangli,285,285,PALUS-KADEGAON,2024,eci_code,1.0,2008,27,2009;2014;2019;2024,GEN,,285,yes,yes,44,SANGLI,44,agrees,,AC_list;coverage;urban_mapping
Maharashtra,3112,Khanapur,402,Sangli,286,286,KHANAPUR,2024,eci_code,1.0,2008,27,2009;2014;2019;2024,GEN,,286,yes,yes,44,SANGLI,44,agrees,,AC_list;coverage;urban_mapping
Maharashtra,3116,Tasgaon - kavathe mahankal,402,Sangli,287,287,TASGAON - KAVATHE MAHANKAL,2024,eci_code,1.0,2008,27,2009;2014;2019;2024,GEN,,287,yes,yes,44,SANGLI,44,agrees,,AC_list;coverage;urban_mapping
Maharashtra,3111,Jat,402,Sangli,288,288,JAT,2024,eci_code,1.0,2008,27,2009;2014;2019;2024,GEN,,288,yes,yes,44,SANGLI,44,agrees,,AC_list;coverage;urban_mapping
Manipur,1506,Khundrakpam,196,Inner Manipur,1,1,KHUNDRAKPAM,2022,exact_name,1.0,1976-deferred,14,2012;2017;2022,GEN,,,,yes,1,INNER MANIPUR,1,agrees,,AC_list;coverage
Manipur,1503,Heingang,196,Inner Manipur,2,2,HEINGANG,2022,exact_name,1.0,1976-deferred,14,2012;2017;2022,GEN,,,,yes,1,INNER MANIPUR,1,agrees,,AC_list;coverage
Manipur,1507,Khurai,196,Inner Manipur,3,3,KHURAI,2022,exact_name,1.0,1976-deferred,14,2012;2017;2022,GEN,,,,yes,1,INNER MANIPUR,1,agrees,,AC_list;coverage
Manipur,1509,Kshetrigao,196,Inner Manipur,4,4,KSHETRIGAO,2022,exact_name,1.0,1976-deferred,14,2012;2017;2022,GEN,,,,yes,1,INNER MANIPUR,1,agrees,,AC_list;coverage
Manipur,1526,Thongju,196,Inner Manipur,5,5,THONGJU,2022,exact_name,1.0,1976-deferred,14,2012;2017;2022,GEN,,,,yes,1,INNER MANIPUR,1,agrees,,AC_list;coverage
Manipur,1504,Keirao,196,Inner Manipur,6,6,KEIRAO,2022,exact_name,1.0,1976-deferred,14,2012;2017;2022,GEN,,,,yes,1,INNER MANIPUR,1,agrees,,AC_list;coverage
Manipur,1501,Andro,196,Inner Manipur,7,7,ANDRO,2022,eci_code,1.0,1976-deferred,14,2012;2017;2022,GEN,,7,yes,yes,1,INNER MANIPUR,1,agrees,,AC_list;coverage;urban_mapping
Manipur,1511,Lamlai,196,Inner Manipur,8,8,LAMLAI,2022,eci_code,1.0,1976-deferred,14,2012;2017;2022,GEN,,8,yes,yes,1,INNER MANIPUR,1,agrees,,AC_list;coverage;urban_mapping
Manipur,1525,Thangmeiband,196,Inner Manipur,9,9,THANGMEIBAND,2022,eci_code,1.0,1976-deferred,14,2012;2017;2022,GEN,,9,yes,yes,1,INNER MANIPUR,1,agrees,,AC_list;coverage;urban_mapping
Manipur,1528,Uripok,196,Inner Manipur,10,10,URIPOK,2022,eci_code,1.0,1976-deferred,14,2012;2017;2022,GEN,,10,yes,yes,1,INNER MANIPUR,1,agrees,,AC_list;coverage;urban_mapping
Manipur,1521,Sagolband,196,Inner Manipur,11,11,SAGOLBAND,2022,eci_code,1.0,1976-deferred,14,2012;2017;2022,GEN,,11,yes,yes,1,INNER MANIPUR,1,agrees,,AC_list;coverage;urban_mapping
Manipur,1505,Keishamthong,196,Inner Manipur,12,12,KEISHAMTHONG,2022,eci_code,1.0,1976-deferred,14,2012;2017;2022,GEN,,12,yes,yes,1,INNER MANIPUR,1,agrees,,AC_list;coverage;urban_mapping
Manipur,1523,Singjamei,196,Inner Manipur,13,13,SINGJAMEI,2022,eci_code,1.0,1976-deferred,14,2012;2017;2022,GEN,,13,yes,yes,1,INNER MANIPUR,1,agrees,,AC_list;coverage;urban_mapping
Manipur,1532,Yaiskul,196,Inner Manipur,14,14,YAISKUL,2022,eci_code,1.0,1976-deferred,14,2012;2017;2022,GEN,,14,yes,yes,1,INNER MANIPUR,1,agrees,,AC_list;coverage;urban_mapping
Manipur,1529,Wangkhei,196,Inner Manipur,15,15,WANGKHEI,2022,eci_code,1.0,1976-deferred,14,2012;2017;2022,GEN,,15,yes,yes,1,INNER MANIPUR,1,agrees,,AC_list;coverage;urban_mapping
Manipur,1522,Sekmai,196,Inner Manipur,16,16,SEKMAI,2022,eci_code,1.0,1976-deferred,14,2012;2017;2022,SC,,16,yes,yes,1,INNER MANIPUR,1,agrees,,AC_list;coverage;urban_mapping
Manipur,1512,Lamsang,196,Inner Manipur,17,17,LAMSANG,2022,eci_code,1.0,1976-deferred,14,2012;2017;2022,GEN,,17,yes,yes,1,INNER MANIPUR,1,agrees,,AC_list;coverage;urban_mapping
Manipur,1508,Konthoujam,196,Inner Manipur,18,18,KONTHOUJAM,2022,exact_name,1.0,1976-deferred,14,2012;2017;2022,GEN,,,,yes,1,INNER MANIPUR,1,agrees,,AC_list;coverage
Manipur,1520,Patsoi,196,Inner Manipur,19,19,PATSOI,2022,exact_name,1.0,1976-deferred,14,2012;2017;2022,GEN,,,,yes,1,INNER MANIPUR,1,agrees,,AC_list;coverage
Manipur,1513,Langthabal,196,Inner Manipur,20,20,LANGTHABAL,2022,eci_code,1.0,1976-deferred,14,2012;2017;2022,GEN,,20,yes,yes,1,INNER MANIPUR,1,agrees,,AC_list;coverage;urban_mapping
Manipur,1518,Naoriya pakhanglakpa,196,Inner Manipur,21,21,NAORIYA PAKHANGLAKPA,2022,exact_name,1.0,1976-deferred,14,2012;2017;2022,GEN,,,,yes,1,INNER MANIPUR,1,agrees,,AC_list;coverage
Manipur,1531,Wangoi,196,Inner Manipur,22,22,WANGOI,2022,eci_code,1.0,1976-deferred,14,2012;2017;2022,GEN,,22,yes,yes,1,INNER MANIPUR,1,agrees,,AC_list;coverage;urban_mapping
Manipur,1515,Mayang imphal,196,Inner Manipur,23,23,MAYANG IMPHAL,2022,eci_code,1.0,1976-deferred,14,2012;2017;2022,GEN,,23,yes,yes,1,INNER MANIPUR,1,agrees,,AC_list;coverage;urban_mapping
Manipur,1517,Nambol,196,Inner Manipur,24,24,NAMBOL,2022,eci_code,1.0,1976-deferred,14,2012;2017;2022,GEN,,24,yes,yes,1,INNER MANIPUR,1,agrees,,AC_list;coverage;urban_mapping
Manipur,1519,Oinam,196,Inner Manipur,25,25,OINAM,2022,eci_code,1.0,1976-deferred,14,2012;2017;2022,GEN,,25,yes,yes,1,INNER MANIPUR,1,agrees,,AC_list;coverage;urban_mapping
Manipur,1502,Bishnupur,196,Inner Manipur,26,26,BISHNUPUR,2022,eci_code,1.0,1976-deferred,14,2012;2017;2022,GEN,,26,yes,yes,1,INNER MANIPUR,1,agrees,,AC_list;coverage;urban_mapping
Manipur,1516,Moirang,196,Inner Manipur,27,27,MOIRANG,2022,eci_code,1.0,1976-deferred,14,2012;2017;2022,GEN,,27,yes,yes,1,INNER MANIPUR,1,agrees,,AC_list;coverage;urban_mapping
Manipur,1524,Thanga,196,Inner Manipur,28,28,THANGA,2022,exact_name,1.0,1976-deferred,14,2012;2017;2022,GEN,,,,yes,1,INNER MANIPUR,1,agrees,,AC_list;coverage
Manipur,1510,Kumbi,196,Inner Manipur,29,29,KUMBI,2022,eci_code,1.0,1976-deferred,14,2012;2017;2022,GEN,,29,yes,yes,1,INNER MANIPUR,1,agrees,,AC_list;coverage;urban_mapping
Manipur,1514,Lilong,196,Inner Manipur,30,30,LILONG,2022,eci_code,1.0,1976-deferred,14,2012;2017;2022,GEN,,30,yes,yes,1,INNER MANIPUR,1,agrees,,AC_list;coverage;urban_mapping
Manipur,1527,Thoubal,196,Inner Manipur,31,31,THOUBAL,2022,eci_code,1.0,1976-deferred,14,2012;2017;2022,GEN,,31,yes,yes,1,INNER MANIPUR,1,agrees,,AC_list;coverage;urban_mapping
Manipur,1530,Wangkhem,196,Inner Manipur,32,32,WANGKHEM,2022,eci_code,1.0,1976-deferred,14,2012;2017;2022,GEN,,32,yes,yes,1,INNER MANIPUR,1,agrees,,AC_list;coverage;urban_mapping
Manipur,1536,Heirok,197,Outer Manipur,33,33,HEIROK,2022,eci_code,1.0,1976-deferred,14,2012;2017;2022,GEN,,33,yes,yes,2,OUTER MANIPUR,2,agrees,,AC_list;coverage;urban_mapping
Manipur,1560,Wangjing tentha,197,Outer Manipur,34,34,WANGJING TENTHA,2022,eci_code,1.0,1976-deferred,14,2012;2017;2022,GEN,,34,yes,yes,2,OUTER MANIPUR,2,agrees,,AC_list;coverage;urban_mapping
Manipur,1543,Khangabok,197,Outer Manipur,35,35,KHANGABOK,2022,eci_code,1.0,1976-deferred,14,2012;2017;2022,GEN,,35,yes,yes,2,OUTER MANIPUR,2,agrees,,AC_list;coverage;urban_mapping
Manipur,1559,Wabgai,197,Outer Manipur,36,36,WABGAI,2022,exact_name,1.0,1976-deferred,14,2012;2017;2022,GEN,,,,yes,2,OUTER MANIPUR,2,agrees,,AC_list;coverage
Manipur,1540,Kakching,197,Outer Manipur,37,37,KAKCHING,2022,eci_code,1.0,1976-deferred,14,2012;2017;2022,GEN,,37,yes,yes,2,OUTER MANIPUR,2,agrees,,AC_list;coverage;urban_mapping
Manipur,1538,Hiyanglam,197,Outer Manipur,38,38,HIYANGLAM,2022,exact_name,1.0,1976-deferred,14,2012;2017;2022,GEN,,,,yes,2,OUTER MANIPUR,2,agrees,,AC_list;coverage
Manipur,1551,Sugnu,197,Outer Manipur,39,39,SUGNU,2022,eci_code,1.0,1976-deferred,14,2012;2017;2022,GEN,,39,yes,yes,2,OUTER MANIPUR,2,agrees,,AC_list;coverage;urban_mapping
Manipur,1539,Jiribam,197,Outer Manipur,40,40,JIRIBAM,2022,eci_code,1.0,1976-deferred,14,2012;2017;2022,GEN,,40,yes,yes,2,OUTER MANIPUR,2,agrees,,AC_list;coverage;urban_mapping
Manipur,1533,Chandel (st),197,Outer Manipur,41,41,CHANDEL,2022,exact_name,1.0,1976-deferred,14,2012;2017;2022,ST,ST,,,yes,2,OUTER MANIPUR,2,agrees,,AC_list;coverage
Manipur,1555,Tengnoupal (st),197,Outer Manipur,42,42,TENGNOUPAL,2022,exact_name,1.0,1976-deferred,14,2012;2017;2022,ST,ST,,,yes,2,OUTER MANIPUR,2,agrees,,AC_list;coverage
Manipur,1546,Phungyar (st),197,Outer Manipur,43,43,PHUNGYAR,2022,exact_name,1.0,1976-deferred,14,2012;2017;2022,ST,ST,,,yes,2,OUTER MANIPUR,2,agrees,,AC_list;coverage
Manipur,1558,Ukhrul (st),197,Outer Manipur,44,44,UKHRUL,2022,exact_name,1.0,1976-deferred,14,2012;2017;2022,ST,ST,,,yes,2,OUTER MANIPUR,2,agrees,,AC_list;coverage
Manipur,1534,Chingai (st),197,Outer Manipur,45,45,CHINGAI,2022,exact_name,1.0,1976-deferred,14,2012;2017;2022,ST,ST,,,yes,2,OUTER MANIPUR,2,agrees,,AC_list;coverage
Manipur,1548,Saikul (st),197,Outer Manipur,46,46,SAIKUL,2022,exact_name,1.0,1976-deferred,14,2012;2017;2022,ST,ST,,,yes,2,OUTER MANIPUR,2,agrees,,AC_list;coverage
Manipur,1542,Karong (st),197,Outer Manipur,47,47,KARONG,2022,exact_name,1.0,1976-deferred,14,2012;2017;2022,ST,ST,,,yes,2,OUTER MANIPUR,2,agrees,,AC_list;coverage
Manipur,1544,Mao (st),197,Outer Manipur,48,48,MAO,2022,exact_name,1.0,1976-deferred,14,2012;2017;2022,ST,ST,,,yes,2,OUTER MANIPUR,2,agrees,,AC_list;coverage
Manipur,1552,Tadubi (st),197,Outer Manipur,49,49,TADUBI,2022,exact_name,1.0,1976-deferred,14,2012;2017;2022,ST,ST,,,yes,2,OUTER MANIPUR,2,agrees,,AC_list;coverage
Manipur,1541,Kangpokpi (st),197,Outer Manipur,50,50,KANGPOKPI,2022,exact_name,1.0,1976-deferred,14,2012;2017;2022,GEN,ST,,,yes,2,OUTER MANIPUR,2,agrees,,AC_list;coverage
Manipur,1549,Saitu (st),197,Outer Manipur,51,51,SAITU,2022,exact_name,1.0,1976-deferred,14,2012;2017;2022,ST,ST,,,yes,2,OUTER MANIPUR,2,agrees,,AC_list;coverage
Manipur,1553,Tamei (st),197,Outer Manipur,52,52,TAMEI,2022,exact_name,1.0,1976-deferred,14,2012;2017;2022,ST,ST,,,yes,2,OUTER MANIPUR,2,agrees,,AC_list;coverage
Manipur,1554,Tamenglong (st),197,Outer Manipur,53,53,TAMENGLONG,2022,exact_name,1.0,1976-deferred,14,2012;2017;2022,ST,ST,,,yes,2,OUTER MANIPUR,2,agrees,,AC_list;coverage
Manipur,1545,Nungba (st),197,Outer Manipur,54,54,NUNGBA,2022,exact_name,1.0,1976-deferred,14,2012;2017;2022,ST,ST,,,yes,2,OUTER MANIPUR,2,agrees,,AC_list;coverage
Manipur,1557,Tipaimukh (st),197,Outer Manipur,55,55,TIPAIMUKH,2022,exact_name,1.0,1976-deferred,14,2012;2017;2022,ST,ST,,,yes,2,OUTER MANIPUR,2,agrees,,AC_list;coverage
Manipur,1556,Thanlon (st),197,Outer Manipur,56,56,THANLON,2022,exact_name,1.0,1976-deferred,14,2012;2017;2022,ST,ST,,,yes,2,OUTER MANIPUR,2,agrees,,AC_list;coverage
Manipur,1537,Henglep (st),197,Outer Manipur,57,57,HENGLEP,2022,exact_name,1.0,1976-deferred,14,2012;2017;2022,ST,ST,,,yes,2,OUTER MANIPUR,2,agrees,,AC_list;coverage
Manipur,1535,Churachandpur (st),197,Outer Manipur,58,58,CHURACHANDPUR,2022,exact_name,1.0,1976-deferred,14,2012;2017;2022,ST,ST,,,yes,2,OUTER MANIPUR,2,agrees,,AC_list;coverage
Manipur,1547,Saikot (st),197,Outer Manipur,59,59,SAIKOT,2022,exact_name,1.0,1976-deferred,14,2012;2017;2022,ST,ST,,,yes,2,OUTER MANIPUR,2,agrees,,AC_list;coverage
Manipur,1550,Singhat (st),197,Outer Manipur,60,60,SINGHAT,2022,exact_name,1.0,1976-deferred,14,2012;2017;2022,ST,ST,,,yes,2,OUTER MANIPUR,2,agrees,,AC_list;coverage
Meghalaya,1678,Nartiang,201,Shillong,1,1,NARTIANG,2023,exact_name,1.0,2008,17,2013;2018;2023,ST,,,,yes,1,SHILLONG,1,agrees,,AC_list;coverage
Meghalaya,1664,Jowai,201,Shillong,2,2,JOWAI,2023,eci_code,1.0,2008,17,2013;2018;2023,ST,,2,yes,yes,1,SHILLONG,1,agrees,,AC_list;coverage;urban_mapping
Meghalaya,1686,Raliang,201,Shillong,3,3,RALIANG,2023,exact_name,1.0,2008,17,2013;2018;2023,ST,,,,yes,1,SHILLONG,1,agrees,,AC_list;coverage
Meghalaya,1676,Mowkaiaw,201,Shillong,4,4,MOWKAIAW,2023,exact_name,1.0,2008,17,2013;2018;2023,ST,,,,yes,1,SHILLONG,1,agrees,,AC_list;coverage
Meghalaya,1693,Sutnga-saipung,201,Shillong,5,5,SUTNGA SAIPUNG,2023,exact_name,1.0,2008,17,2013;2018;2023,ST,,,,yes,1,SHILLONG,1,agrees,,AC_list;coverage
Meghalaya,1665,Khliehriat,201,Shillong,6,6,KHLIEHRIAT,2023,eci_code,1.0,2008,17,2013;2018;2023,ST,,6,yes,yes,1,SHILLONG,1,agrees,,AC_list;coverage;urban_mapping
Meghalaya,1661,Amlarem,201,Shillong,7,7,AMLAREM,2023,exact_name,1.0,2008,17,2013;2018;2023,ST,,,,yes,1,SHILLONG,1,agrees,,AC_list;coverage
Meghalaya,1667,Mawhati,201,Shillong,8,8,MAWHATI,2023,exact_name,1.0,2008,17,2013;2018;2023,ST,,,,yes,1,SHILLONG,1,agrees,,AC_list;coverage
Meghalaya,1680,Nongpoh,201,Shillong,9,9,NONGPOH,2023,exact_name,1.0,2008,17,2013;2018;2023,ST,,,,yes,1,SHILLONG,1,agrees,,AC_list;coverage
Meghalaya,1663,Jirang,201,Shillong,10,10,JIRANG,2023,exact_name,1.0,2008,17,2013;2018;2023,ST,,,,yes,1,SHILLONG,1,agrees,,AC_list;coverage
Meghalaya,1695,Umsning,201,Shillong,11,11,UMSNING,2023,exact_name,1.0,2008,17,2013;2018;2023,ST,,,,yes,1,SHILLONG,1,agrees,,AC_list;coverage
Meghalaya,1694,Umroi,201,Shillong,12,12,UMROI,2023,exact_name,1.0,2008,17,2013;2018;2023,ST,,,,yes,1,SHILLONG,1,agrees,,AC_list;coverage
Meghalaya,1672,Mawryngkneng,201,Shillong,13,13,MAWRYNGKNENG,2023,exact_name,1.0,2008,17,2013;2018;2023,ST,,,,yes,1,SHILLONG,1,agrees,,AC_list;coverage
Meghalaya,1684,Pynthorumkhrah,201,Shillong,14,14,PYNTHORUMKHRAH,2023,exact_name,1.0,2008,17,2013;2018;2023,GEN,,,,yes,1,SHILLONG,1,agrees,,AC_list;coverage
Meghalaya,1670,Mawlai,201,Shillong,15,15,MAWLAI,2023,exact_name,1.0,2008,17,2013;2018;2023,ST,,,,yes,1,SHILLONG,1,agrees,,AC_list;coverage
Meghalaya,1662,East shillong,201,Shillong,16,16,EAST SHILLONG,2023,eci_code,1.0,2008,17,2013;2018;2023,ST,,16,yes,yes,1,SHILLONG,1,agrees,,AC_list;coverage;urban_mapping
Meghalaya,1683,North shillong,201,Shillong,17,17,NORTH SHILLONG,2023,eci_code,1.0,2008,17,2013;2018;2023,ST,,17,yes,yes,1,SHILLONG,1,agrees,,AC_list;coverage;urban_mapping
Meghalaya,1696,West shillong,201,Shillong,18,18,WEST SHILLONG,2023,eci_code,1.0,2008,17,2013;2018;2023,GEN,,18,yes,yes,1,SHILLONG,1,agrees,,AC_list;coverage;urban_mapping
Meghalaya,1692,South shillong,201,Shillong,19,19,SOUTH SHILLONG,2023,eci_code,1.0,2008,17,2013;2018;2023,GEN,,19,yes,yes,1,SHILLONG,1,agrees,,AC_list;coverage;urban_mapping
Meghalaya,1677,Mylliem,201,Shillong,20,20,MYLLIEM,2023,exact_name,1.0,2008,17,2013;2018;2023,ST,,,,yes,1,SHILLONG,1,agrees,,AC_list;coverage
Meghalaya,1682,Nongthymmai,201,Shillong,21,21,NONGTHYMMAI,2023,exact_name,1.0,2008,17,2013;2018;2023,ST,,,,yes,1,SHILLONG,1,agrees,,AC_list;coverage
Meghalaya,1679,Nongkrem,201,Shillong,22,22,NONGKREM,2023,exact_name,1.0,2008,17,2013;2018;2023,ST,,,,yes,1,SHILLONG,1,agrees,,AC_list;coverage
Meghalaya,1690,Sohing,201,Shillong,23,23,SOHIONG,2018,fuzzy,0.923,2008,17,2013;2018,ST,,,,yes,1,SHILLONG,1,agrees,similarity; PC agrees; consonant skeleton equal,AC_list;coverage
Meghalaya,1671,Mawphlang,201,Shillong,24,24,MAWPHLANG,2023,exact_name,1.0,2008,17,2013;2018;2023,ST,,,,yes,1,SHILLONG,1,agrees,,AC_list;coverage
Meghalaya,1674,Mawsynram,201,Shillong,25,25,MAWSYNRAM,2023,exact_name,1.0,2008,17,2013;2018;2023,ST,,,,yes,1,SHILLONG,1,agrees,,AC_list;coverage
Meghalaya,1689,Shella,201,Shillong,26,26,SHELLA,2023,exact_name,1.0,2008,17,2013;2018;2023,ST,,,,yes,1,SHILLONG,1,agrees,,AC_list;coverage
Meghalaya,1685,Pynursla,201,Shillong,27,27,PYNURSLA,2023,exact_name,1.0,2008,17,2013;2018;2023,ST,,,,yes,1,SHILLONG,1,agrees,,AC_list;coverage
Meghalaya,1691,Sohra,201,Shillong,28,28,SOHRA,2023,exact_name,1.0,2008,17,2013;2018;2023,ST,,,,yes,1,SHILLONG,1,agrees,,AC_list;coverage
Meghalaya,1668,Mawkynrew,201,Shillong,29,29,MAWKYNREW,2023,exact_name,1.0,2008,17,2013;2018;2023,ST,,,,yes,1,SHILLONG,1,agrees,,AC_list;coverage
Meghalaya,1666,Mairang,201,Shillong,30,30,MAIRANG,2023,eci_code,1.0,2008,17,2013;2018;2023,ST,,30,yes,yes,1,SHILLONG,1,agrees,,AC_list;coverage;urban_mapping
Meghalaya,1675,Mawthadraishan,201,Shillong,31,31,MAWTHADRAISHAN,2023,exact_name,1.0,2008,17,2013;2018;2023,ST,,,,yes,1,SHILLONG,1,agrees,,AC_list;coverage
Meghalaya,1681,Nongstoin,201,Shillong,32,32,NONGSTOIN,2023,eci_code,1.0,2008,17,2013;2018;2023,ST,,32,yes,yes,1,SHILLONG,1,agrees,,AC_list;coverage;urban_mapping
Meghalaya,1687,Rambrai jyrngam,201,Shillong,33,33,RAMBRAI JYRNGAM,2023,exact_name,1.0,2008,17,2013;2018;2023,ST,,,,yes,1,SHILLONG,1,agrees,,AC_list;coverage
Meghalaya,1673,Mawshynrut,201,Shillong,34,34,MAWSHYNRUT,2023,exact_name,1.0,2008,17,2013;2018;2023,ST,,,,yes,1,SHILLONG,1,agrees,,AC_list;coverage
Meghalaya,1688,Ranikor,201,Shillong,35,35,RANIKOR,2023,exact_name,1.0,2008,17,2013;2018;2023,ST,,,,yes,1,SHILLONG,1,agrees,,AC_list;coverage
Meghalaya,1669,Mawkyrwat,201,Shillong,36,36,MAWKYRWAT,2023,eci_code,1.0,2008,17,2013;2018;2023,ST,,36,yes,yes,1,SHILLONG,1,agrees,,AC_list;coverage;urban_mapping
Meghalaya,1704,Kharkutta,202,Tura,37,37,KHARKUTTA,2023,exact_name,1.0,2008,17,2013;2018;2023,ST,,,,yes,2,TURA,2,agrees,,AC_list;coverage
Meghalaya,1706,Mendipathar,202,Tura,38,38,MENDIPATHAR,2023,exact_name,1.0,2008,17,2013;2018;2023,ST,,,,yes,2,TURA,2,agrees,,AC_list;coverage
Meghalaya,1712,Resubelpara,202,Tura,39,39,RESUBELPARA,2023,eci_code,1.0,2008,17,2013;2018;2023,ST,,39,yes,yes,2,TURA,2,agrees,,AC_list;coverage;urban_mapping
Meghalaya,1699,Bajengdoba,202,Tura,40,40,BAJENGDOBA,2023,exact_name,1.0,2008,17,2013;2018;2023,ST,,,,yes,2,TURA,2,agrees,,AC_list;coverage
Meghalaya,1717,Songsak,202,Tura,41,41,SONGSAK,2023,exact_name,1.0,2008,17,2013;2018;2023,ST,,,,yes,2,TURA,2,agrees,,AC_list;coverage
Meghalaya,1714,Rongjeng,202,Tura,42,42,RONGJENG,2023,exact_name,1.0,2008,17,2013;2018;2023,ST,,,,yes,2,TURA,2,agrees,,AC_list;coverage
Meghalaya,1720,William Nagar,202,Tura,43,43,WILLIAM NAGAR,2023,eci_code,1.0,2008,17,2013;2018;2023,ST,,43,yes,yes,2,TURA,2,agrees,,AC_list;coverage;urban_mapping
Meghalaya,1710,Raksamgre,202,Tura,44,44,RAKSAMGRE,2023,exact_name,1.0,2008,17,2013;2018;2023,ST,,,,yes,2,TURA,2,agrees,,AC_list;coverage
Meghalaya,1719,Tikrikila,202,Tura,45,45,TIKRIKILA,2023,exact_name,1.0,2008,17,2013;2018;2023,ST,,,,yes,2,TURA,2,agrees,,AC_list;coverage
Meghalaya,1708,Phulbari,202,Tura,46,46,PHULBARI,2023,exact_name,1.0,2008,17,2013;2018;2023,GEN,,,,yes,2,TURA,2,agrees,,AC_list;coverage
Meghalaya,1709,Rajabala,202,Tura,47,47,RAJABALA,2023,exact_name,1.0,2008,17,2013;2018;2023,GEN,,,,yes,2,TURA,2,agrees,,AC_list;coverage
Meghalaya,1716,Selsella,202,Tura,48,48,SELSELLA,2023,exact_name,1.0,2008,17,2013;2018;2023,ST,,,,yes,2,TURA,2,agrees,,AC_list;coverage
Meghalaya,1701,Dadenggre,202,Tura,49,49,DADENGGRE,2023,exact_name,1.0,2008,17,2013;2018;2023,ST,,,,yes,2,TURA,2,agrees,,AC_list;coverage
Meghalaya,1707,North tura,202,Tura,50,50,NORTH TURA,2023,eci_code,1.0,2008,17,2013;2018;2023,ST,,50,yes,yes,2,TURA,2,agrees,,AC_list;coverage;urban_mapping
Meghalaya,1718,Southtura,202,Tura,51,51,SOUTH TURA,2023,eci_code,0.909,2008,17,2013;2018;2023,ST,,51,yes,yes,2,TURA,2,agrees,eci code; name spelled differently,AC_list;coverage;urban_mapping
Meghalaya,1711,Rangsakona,202,Tura,52,52,RANGSAKONA,2023,exact_name,1.0,2008,17,2013;2018;2023,ST,,,,yes,2,TURA,2,agrees,,AC_list;coverage
Meghalaya,1697,Ampathi,202,Tura,53,53,AMPATI,2023,fuzzy,1.0,2008,17,2013;2018;2023,ST,,,,yes,2,TURA,2,agrees,phonetic key equal,AC_list;coverage
Meghalaya,1705,Mahendraganj,202,Tura,54,54,MAHENDRAGANJ,2023,exact_name,1.0,2008,17,2013;2018;2023,ST,,,,yes,2,TURA,2,agrees,,AC_list;coverage
Meghalaya,1715,Salmanpara,202,Tura,55,55,SALMANPARA,2023,exact_name,1.0,2008,17,2013;2018;2023,ST,,,,yes,2,TURA,2,agrees,,AC_list;coverage
Meghalaya,1703,Gambegre,202,Tura,56,56,GAMBEGRE,2023,exact_name,1.0,2008,17,2013;2018;2023,ST,,,,yes,2,TURA,2,agrees,,AC_list;coverage
Meghalaya,1702,Dalu,202,Tura,57,57,DALU,2023,exact_name,1.0,2008,17,2013;2018;2023,ST,,,,yes,2,TURA,2,agrees,,AC_list;coverage
Meghalaya,1713,Rongara-siju,202,Tura,58,58,RONGARA SIJU,2023,exact_name,1.0,2008,17,2013;2018;2023,ST,,,,yes,2,TURA,2,agrees,,AC_list;coverage
Meghalaya,1700,Chokpot,202,Tura,59,59,CHOKPOT,2023,exact_name,1.0,2008,17,2013;2018;2023,ST,,,,yes,2,TURA,2,agrees,,AC_list;coverage
Meghalaya,1698,Baghmara,202,Tura,60,60,BAGHMARA,2023,eci_code,1.0,2008,17,2013;2018;2023,ST,,60,yes,yes,2,TURA,2,agrees,,AC_list;coverage;urban_mapping
Mizoram,1577,Hachhek,198,Mizoram,1,1,HACHHEK,2023,eci_code,1.0,2008,15,2013;2018;2023,ST,,1,yes,yes,1,MIZORAM,1,agrees,,AC_list;coverage;urban_mapping
Mizoram,1575,Dampa,198,Mizoram,2,2,DAMPA,2023,exact_name,1.0,2008,15,2013;2018;2023,ST,,,,yes,1,MIZORAM,1,agrees,,AC_list;coverage
Mizoram,1587,Mamit,198,Mizoram,3,3,MAMIT,2023,eci_code,1.0,2008,15,2013;2018;2023,ST,,3,yes,yes,1,MIZORAM,1,agrees,,AC_list;coverage;urban_mapping
Mizoram,1598,Tuirial,198,Mizoram,4,4,TUIRIAL,2023,eci_code,1.0,2008,15,2013;2018;2023,ST,,4,yes,yes,1,MIZORAM,1,agrees,,AC_list;coverage;urban_mapping
Mizoram,1579,Kolasib,198,Mizoram,5,5,KOLASIB,2023,eci_code,1.0,2008,15,2013;2018;2023,ST,,5,yes,yes,1,MIZORAM,1,agrees,,AC_list;coverage;urban_mapping
Mizoram,1591,Serlui,198,Mizoram,6,6,SERLUI,2023,eci_code,1.0,2008,15,2013;2018;2023,ST,,6,yes,yes,1,MIZORAM,1,agrees,,AC_list;coverage;urban_mapping
Mizoram,1599,Tuivawl,198,Mizoram,7,7,TUIVAWL,2023,eci_code,1.0,2008,15,2013;2018;2023,ST,,7,yes,yes,1,MIZORAM,1,agrees,,AC_list;coverage;urban_mapping
Mizoram,1572,Chalfilh,198,Mizoram,8,8,CHALFILH,2023,exact_name,1.0,2008,15,2013;2018;2023,ST,,,,yes,1,MIZORAM,1,agrees,,AC_list;coverage
Mizoram,1593,Tawi,198,Mizoram,9,9,TAWI,2023,eci_code,1.0,2008,15,2013;2018;2023,ST,,9,yes,yes,1,MIZORAM,1,agrees,,AC_list;coverage;urban_mapping
Mizoram,1561,Aizawl  North - i,198,Mizoram,10,10,AIZAWL NORTH - I,2023,eci_code,1.0,2008,15,2013;2018;2023,ST,,10,yes,yes,1,MIZORAM,1,agrees,,AC_list;coverage;urban_mapping
Mizoram,1564,Aizawl North - ii,198,Mizoram,11,11,AIZAWL NORTH - II,2023,eci_code,1.0,2008,15,2013;2018;2023,ST,,11,yes,yes,1,MIZORAM,1,agrees,,AC_list;coverage;urban_mapping
Mizoram,1565,Aizawl North-iii,198,Mizoram,12,12,AIZAWL NORTH-III,2023,eci_code,1.0,2008,15,2013;2018;2023,ST,,12,yes,yes,1,MIZORAM,1,agrees,,AC_list;coverage;urban_mapping
Mizoram,1562,Aizawl East - i,198,Mizoram,13,13,AIZAWL EAST - I,2023,eci_code,1.0,2008,15,2013;2018;2023,GEN,,13,yes,yes,1,MIZORAM,1,agrees,,AC_list;coverage;urban_mapping
Mizoram,1563,Aizawl East ii,198,Mizoram,14,14,AIZAWL EAST II,2023,eci_code,1.0,2008,15,2013;2018;2023,ST,,14,yes,yes,1,MIZORAM,1,agrees,,AC_list;coverage;urban_mapping
Mizoram,1569,Aizawl West i,198,Mizoram,15,15,AIZAWL WEST I,2023,eci_code,1.0,2008,15,2013;2018;2023,ST,,15,yes,yes,1,MIZORAM,1,agrees,,AC_list;coverage;urban_mapping
Mizoram,1570,Aizawl West ii,198,Mizoram,16,16,AIZAWL WEST II,2023,eci_code,1.0,2008,15,2013;2018;2023,ST,,16,yes,yes,1,MIZORAM,1,agrees,,AC_list;coverage;urban_mapping
Mizoram,1571,Aizawl West iii,198,Mizoram,17,17,AIZAWL WEST III,2023,eci_code,1.0,2008,15,2013;2018;2023,ST,,17,yes,yes,1,MIZORAM,1,agrees,,AC_list;coverage;urban_mapping
Mizoram,1566,Aizawl South i,198,Mizoram,18,18,AIZAWL SOUTH I,2023,eci_code,1.0,2008,15,2013;2018;2023,ST,,18,yes,yes,1,MIZORAM,1,agrees,,AC_list;coverage;urban_mapping
Mizoram,1567,Aizawl South ii   (aizawl x),198,Mizoram,19,19,AIZAWL SOUTH II,2023,eci_code,0.696,2008,15,2013;2018;2023,ST,,19,yes,yes,1,MIZORAM,1,agrees,eci code; name spelled differently,AC_list;coverage;urban_mapping
Mizoram,1568,Aizawl South-iii,198,Mizoram,20,20,AIZAWL SOUTH-III,2023,eci_code,1.0,2008,15,2013;2018;2023,ST,,20,yes,yes,1,MIZORAM,1,agrees,,AC_list;coverage;urban_mapping
Mizoram,1582,Lengteng,198,Mizoram,21,21,LENGTENG,2023,exact_name,1.0,2008,15,2013;2018;2023,ST,,,,yes,1,MIZORAM,1,agrees,,AC_list;coverage
Mizoram,1595,Tuichang,198,Mizoram,22,22,TUICHANG,2023,eci_code,1.0,2008,15,2013;2018;2023,ST,,22,yes,yes,1,MIZORAM,1,agrees,,AC_list;coverage;urban_mapping
Mizoram,1573,Champhai North,198,Mizoram,23,23,CHAMPHAI NORTH,2023,eci_code,1.0,2008,15,2013;2018;2023,ST,,23,yes,yes,1,MIZORAM,1,agrees,,AC_list;coverage;urban_mapping
Mizoram,1574,Champhai South,198,Mizoram,24,24,CHAMPHAI SOUTH,2023,exact_name,1.0,2008,15,2013;2018;2023,ST,,,,yes,1,MIZORAM,1,agrees,,AC_list;coverage
Mizoram,1576,East tuipui,198,Mizoram,25,25,EAST TUIPUI,2023,exact_name,1.0,2008,15,2013;2018;2023,ST,,,,yes,1,MIZORAM,1,agrees,,AC_list;coverage
Mizoram,1590,Serchhip,198,Mizoram,26,26,SERCHHIP,2023,eci_code,1.0,2008,15,2013;2018;2023,ST,,26,yes,yes,1,MIZORAM,1,agrees,,AC_list;coverage;urban_mapping
Mizoram,1597,Tuikum,198,Mizoram,27,27,TUIKUM,2023,exact_name,1.0,2008,15,2013;2018;2023,ST,,,,yes,1,MIZORAM,1,agrees,,AC_list;coverage
Mizoram,1578,Hrangturzo,198,Mizoram,28,28,HRANGTURZO,2023,eci_code,1.0,2008,15,2013;2018;2023,ST,,28,yes,yes,1,MIZORAM,1,agrees,,AC_list;coverage;urban_mapping
Mizoram,1592,South tuipui,198,Mizoram,29,29,SOUTH TUIPUI,2023,eci_code,1.0,2008,15,2013;2018;2023,ST,,29,yes,yes,1,MIZORAM,1,agrees,,AC_list;coverage;urban_mapping
Mizoram,1584,Lunglei North,198,Mizoram,30,30,LUNGLEI NORTH,2023,eci_code,1.0,2008,15,2013;2018;2023,ST,,30,yes,yes,1,MIZORAM,1,agrees,,AC_list;coverage;urban_mapping
Mizoram,1583,Lunglei East,198,Mizoram,31,31,LUNGLEI EAST,2023,exact_name,1.0,2008,15,2013;2018;2023,ST,,,,yes,1,MIZORAM,1,agrees,,AC_list;coverage
Mizoram,1586,Lunglei West,198,Mizoram,32,32,LUNGLEI WEST,2023,exact_name,1.0,2008,15,2013;2018;2023,ST,,,,yes,1,MIZORAM,1,agrees,,AC_list;coverage
Mizoram,1585,Lunglei South,198,Mizoram,33,33,LUNGLEI SOUTH,2023,exact_name,1.0,2008,15,2013;2018;2023,ST,,,,yes,1,MIZORAM,1,agrees,,AC_list;coverage
Mizoram,1594,Thorang,198,Mizoram,34,34,THORANG,2023,exact_name,1.0,2008,15,2013;2018;2023,ST,,,,yes,1,MIZORAM,1,agrees,,AC_list;coverage
Mizoram,1600,West tuipui,198,Mizoram,35,35,WEST TUIPUI,2023,eci_code,1.0,2008,15,2013;2018;2023,ST,,35,yes,yes,1,MIZORAM,1,agrees,,AC_list;coverage;urban_mapping
Mizoram,1596,Tuichawng,198,Mizoram,36,36,TUICHAWNG,2023,exact_name,1.0,2008,15,2013;2018;2023,ST,,,,yes,1,MIZORAM,1,agrees,,AC_list;coverage
Mizoram,1581,Lawngtlai West,198,Mizoram,37,37,LAWNGTLAI WEST,2023,exact_name,1.0,2008,15,2013;2018;2023,ST,,,,yes,1,MIZORAM,1,agrees,,AC_list;coverage
Mizoram,1580,Lawngtlai East,198,Mizoram,38,38,LAWNGTLAI EAST,2023,exact_name,1.0,2008,15,2013;2018;2023,ST,,,,yes,1,MIZORAM,1,agrees,,AC_list;coverage
Mizoram,1589,Saiha,198,Mizoram,39,39,SAIHA,2023,eci_code,1.0,2008,15,2013;2018;2023,ST,,39,yes,yes,1,MIZORAM,1,agrees,,AC_list;coverage;urban_mapping
Mizoram,1588,Palak,198,Mizoram,40,40,PALAK,2023,exact_name,1.0,2008,15,2013;2018;2023,ST,,,,yes,1,MIZORAM,1,agrees,,AC_list;coverage
Nagaland,1452,Dimapur-i,195,Nagaland,1,1,DIMAPUR-I,2023,eci_code,1.0,1976-deferred,13,2013;2018;2023,GEN,,1,yes,yes,1,NAGALAND,1,agrees,,AC_list;coverage;urban_mapping
Nagaland,1453,Dimapur-ii,195,Nagaland,2,2,DIMAPUR-II,2023,eci_code,1.0,1976-deferred,13,2013;2018;2023,ST,,2,yes,yes,1,NAGALAND,1,agrees,,AC_list;coverage;urban_mapping
Nagaland,1454,Dimapur-iii,195,Nagaland,3,3,DIMAPUR-III,2023,exact_name,1.0,1976-deferred,13,2013;2018;2023,ST,,,,yes,1,NAGALAND,1,agrees,,AC_list;coverage
Nagaland,1455,Ghaspani-i,195,Nagaland,4,4,GHASPANI-I,2023,eci_code,1.0,1976-deferred,13,2013;2018;2023,ST,,4,yes,yes,1,NAGALAND,1,agrees,,AC_list;coverage;urban_mapping
Nagaland,1456,Ghaspani-ii,195,Nagaland,5,5,GHASPANI-II,2023,eci_code,1.0,1976-deferred,13,2013;2018;2023,ST,,5,yes,yes,1,NAGALAND,1,agrees,,AC_list;coverage;urban_mapping
Nagaland,1488,Tenning,195,Nagaland,6,6,TENNING,2023,eci_code,1.0,1976-deferred,13,2013;2018;2023,ST,,6,yes,yes,1,NAGALAND,1,agrees,,AC_list;coverage;urban_mapping
Nagaland,1472,Peren,195,Nagaland,7,7,PEREN,2023,eci_code,1.0,1976-deferred,13,2013;2018;2023,ST,,7,yes,yes,1,NAGALAND,1,agrees,,AC_list;coverage;urban_mapping
Nagaland,1498,Western angami,195,Nagaland,8,8,WESTERN ANGAMI,2023,eci_code,1.0,1976-deferred,13,2013;2018;2023,ST,,8,yes,yes,1,NAGALAND,1,agrees,,AC_list;coverage;urban_mapping
Nagaland,1459,Kohima town,195,Nagaland,9,9,KOHIMA TOWN,2023,eci_code,1.0,1976-deferred,13,2013;2018;2023,ST,,9,yes,yes,1,NAGALAND,1,agrees,,AC_list;coverage;urban_mapping
Nagaland,1470,Northern angami-i,195,Nagaland,10,10,NORTHERN ANGAMI-I,2023,eci_code,1.0,1976-deferred,13,2013;2018;2023,ST,,10,yes,yes,1,NAGALAND,1,agrees,,AC_list;coverage;urban_mapping
Nagaland,1471,Northern angami-ii,195,Nagaland,11,11,NORTHERN ANGAMI-II,2023,eci_code,1.0,1976-deferred,13,2013;2018;2023,ST,,11,yes,yes,1,NAGALAND,1,agrees,,AC_list;coverage;urban_mapping
Nagaland,1492,Tseminyu,195,Nagaland,12,12,TSEMINYU,2023,eci_code,1.0,1976-deferred,13,2013;2018;2023,ST,,12,yes,yes,1,NAGALAND,1,agrees,,AC_list;coverage;urban_mapping
Nagaland,1476,Pughoboto,195,Nagaland,13,13,PUGHOBOTO,2023,exact_name,1.0,1976-deferred,13,2013;2018;2023,ST,,,,yes,1,NAGALAND,1,agrees,,AC_list;coverage
Nagaland,1482,Southern angami-i,195,Nagaland,14,14,SOUTHERN ANGAMI-I,2023,eci_code,1.0,1976-deferred,13,2013;2018;2023,ST,,14,yes,yes,1,NAGALAND,1,agrees,,AC_list;coverage;urban_mapping
Nagaland,1483,Southern angami-ii,195,Nagaland,15,15,SOUTHERN ANGAMI-II,2023,exact_name,1.0,1976-deferred,13,2013;2018;2023,ST,,,,yes,1,NAGALAND,1,agrees,,AC_list;coverage
Nagaland,1473,Pfutsero,195,Nagaland,16,16,PFUTSERO,2023,eci_code,1.0,1976-deferred,13,2013;2018;2023,ST,,16,yes,yes,1,NAGALAND,1,agrees,,AC_list;coverage;urban_mapping
Nagaland,1451,Chizami,195,Nagaland,17,17,CHIZAMI,2023,exact_name,1.0,1976-deferred,13,2013;2018;2023,ST,,,,yes,1,NAGALAND,1,agrees,,AC_list;coverage
Nagaland,1450,Chazouba,195,Nagaland,18,18,CHAZOUBA,2023,eci_code,1.0,1976-deferred,13,2013;2018;2023,ST,,18,yes,yes,1,NAGALAND,1,agrees,,AC_list;coverage;urban_mapping
Nagaland,1474,Phek,195,Nagaland,19,19,PHEK,2023,eci_code,1.0,1976-deferred,13,2013;2018;2023,ST,,19,yes,yes,1,NAGALAND,1,agrees,,AC_list;coverage;urban_mapping
Nagaland,1463,Meluri,195,Nagaland,20,20,MELURI,2023,eci_code,1.0,1976-deferred,13,2013;2018;2023,ST,,20,yes,yes,1,NAGALAND,1,agrees,,AC_list;coverage;urban_mapping
Nagaland,1495,Tuli,195,Nagaland,21,21,TULI,2023,eci_code,1.0,1976-deferred,13,2013;2018;2023,ST,,21,yes,yes,1,NAGALAND,1,agrees,,AC_list;coverage;urban_mapping
Nagaland,1447,Arkakong,195,Nagaland,22,22,ARKAKONG,2023,eci_code,1.0,1976-deferred,13,2013;2018;2023,ST,,22,yes,yes,1,NAGALAND,1,agrees,,AC_list;coverage;urban_mapping
Nagaland,1457,Impur,195,Nagaland,23,23,IMPUR,2023,exact_name,1.0,1976-deferred,13,2013;2018;2023,ST,,,,yes,1,NAGALAND,1,agrees,,AC_list;coverage
Nagaland,1445,Angetyongpang,195,Nagaland,24,24,ANGETYONGPANG,2023,eci_code,1.0,1976-deferred,13,2013;2018;2023,ST,,24,yes,yes,1,NAGALAND,1,agrees,,AC_list;coverage;urban_mapping
Nagaland,1467,Mongoya,195,Nagaland,25,25,MONGOYA,2023,eci_code,1.0,1976-deferred,13,2013;2018;2023,ST,,25,yes,yes,1,NAGALAND,1,agrees,,AC_list;coverage;urban_mapping
Nagaland,1446,Aonglenden,195,Nagaland,26,26,AONGLENDEN,2023,eci_code,1.0,1976-deferred,13,2013;2018;2023,ST,,26,yes,yes,1,NAGALAND,1,agrees,,AC_list;coverage;urban_mapping
Nagaland,1465,Mokokchung town,195,Nagaland,27,27,MOKOKCHUNG TOWN,2023,eci_code,1.0,1976-deferred,13,2013;2018;2023,ST,,27,yes,yes,1,NAGALAND,1,agrees,,AC_list;coverage;urban_mapping
Nagaland,1460,Koridang,195,Nagaland,28,28,KORIDANG,2023,eci_code,1.0,1976-deferred,13,2013;2018;2023,ST,,28,yes,yes,1,NAGALAND,1,agrees,,AC_list;coverage;urban_mapping
Nagaland,1458,Jangpetkong,195,Nagaland,29,29,JANGPETKONG,2023,eci_code,1.0,1976-deferred,13,2013;2018;2023,ST,,29,yes,yes,1,NAGALAND,1,agrees,,AC_list;coverage;urban_mapping
Nagaland,1444,Alongtaki,195,Nagaland,30,30,ALONGTAKI,2023,exact_name,1.0,1976-deferred,13,2013;2018;2023,ST,,,,yes,1,NAGALAND,1,agrees,,AC_list;coverage
Nagaland,1443,Akuluto,195,Nagaland,31,31,AKULUTO,2023,exact_name,1.0,1976-deferred,13,2013;2018;2023,ST,,,,yes,1,NAGALAND,1,agrees,,AC_list;coverage
Nagaland,1448,Atoizu,195,Nagaland,32,32,ATOIZU,2023,eci_code,1.0,1976-deferred,13,2013;2018;2023,ST,,32,yes,yes,1,NAGALAND,1,agrees,,AC_list;coverage;urban_mapping
Nagaland,1484,Suruhoto,195,Nagaland,33,33,SURUHOTO,2023,exact_name,1.0,1976-deferred,13,2013;2018;2023,ST,,,,yes,1,NAGALAND,1,agrees,,AC_list;coverage
Nagaland,1442,Aghunato,195,Nagaland,34,34,AGHUNATO,2023,eci_code,1.0,1976-deferred,13,2013;2018;2023,ST,,34,yes,yes,1,NAGALAND,1,agrees,,AC_list;coverage;urban_mapping
Nagaland,1500,Zunheboto,195,Nagaland,35,35,ZUNHEBOTO,2023,eci_code,1.0,1976-deferred,13,2013;2018;2023,ST,,35,yes,yes,1,NAGALAND,1,agrees,,AC_list;coverage;urban_mapping
Nagaland,1479,Satakha,195,Nagaland,36,36,SATAKHA,2023,eci_code,1.0,1976-deferred,13,2013;2018;2023,ST,,36,yes,yes,1,NAGALAND,1,agrees,,AC_list;coverage;urban_mapping
Nagaland,1496,Tyui,195,Nagaland,37,37,TYUI,2023,exact_name,1.0,1976-deferred,13,2013;2018;2023,ST,,,,yes,1,NAGALAND,1,agrees,,AC_list;coverage
Nagaland,1499,Wokha,195,Nagaland,38,38,WOKHA,2023,eci_code,1.0,1976-deferred,13,2013;2018;2023,ST,,38,yes,yes,1,NAGALAND,1,agrees,,AC_list;coverage;urban_mapping
Nagaland,1478,Sanis,195,Nagaland,39,39,SANIS,2023,exact_name,1.0,1976-deferred,13,2013;2018;2023,ST,,,,yes,1,NAGALAND,1,agrees,,AC_list;coverage
Nagaland,1449,Bhandari,195,Nagaland,40,40,BHANDARI,2023,eci_code,1.0,1976-deferred,13,2013;2018;2023,ST,,40,yes,yes,1,NAGALAND,1,agrees,,AC_list;coverage;urban_mapping
Nagaland,1490,Tizit,195,Nagaland,41,41,TIZIT,2023,eci_code,1.0,1976-deferred,13,2013;2018;2023,ST,,41,yes,yes,1,NAGALAND,1,agrees,,AC_list;coverage;urban_mapping
Nagaland,1497,Wakching,195,Nagaland,42,42,WAKCHING,2023,eci_code,1.0,1976-deferred,13,2013;2018;2023,ST,,42,yes,yes,1,NAGALAND,1,agrees,,AC_list;coverage;urban_mapping
Nagaland,1486,Tapi,195,Nagaland,43,43,TAPI,2023,exact_name,1.0,1976-deferred,13,2013;2018;2023,ST,,,,yes,1,NAGALAND,1,agrees,,AC_list;coverage
Nagaland,1475,Phomching,195,Nagaland,44,44,PHOMCHING,2023,exact_name,1.0,1976-deferred,13,2013;2018;2023,ST,,,,yes,1,NAGALAND,1,agrees,,AC_list;coverage
Nagaland,1487,Tehok,195,Nagaland,45,45,TEHOK,2023,exact_name,1.0,1976-deferred,13,2013;2018;2023,ST,,,,yes,1,NAGALAND,1,agrees,,AC_list;coverage
Nagaland,1466,Mon town,195,Nagaland,46,46,MON TOWN,2023,eci_code,1.0,1976-deferred,13,2013;2018;2023,ST,,46,yes,yes,1,NAGALAND,1,agrees,,AC_list;coverage;urban_mapping
Nagaland,1441,Aboi,195,Nagaland,47,47,ABOI,2023,eci_code,1.0,1976-deferred,13,2013;2018;2023,ST,,47,yes,yes,1,NAGALAND,1,agrees,,AC_list;coverage;urban_mapping
Nagaland,1464,Moka,195,Nagaland,48,48,MOKA,2023,exact_name,1.0,1976-deferred,13,2013;2018;2023,ST,,,,yes,1,NAGALAND,1,agrees,,AC_list;coverage
Nagaland,1485,Tamlu,195,Nagaland,49,49,TAMLU,2023,eci_code,1.0,1976-deferred,13,2013;2018;2023,ST,,49,yes,yes,1,NAGALAND,1,agrees,,AC_list;coverage;urban_mapping
Nagaland,1462,Longleng,195,Nagaland,50,50,LONGLENG,2023,eci_code,1.0,1976-deferred,13,2013;2018;2023,ST,,50,yes,yes,1,NAGALAND,1,agrees,,AC_list;coverage;urban_mapping
Nagaland,1469,Noksen,195,Nagaland,51,51,NOKSEN,2023,exact_name,1.0,1976-deferred,13,2013;2018;2023,ST,,,,yes,1,NAGALAND,1,agrees,,AC_list;coverage
Nagaland,1461,Longkhim chare,195,Nagaland,52,52,LONGKHIM CHARE,2023,eci_code,1.0,1976-deferred,13,2013;2018;2023,ST,,52,yes,yes,1,NAGALAND,1,agrees,,AC_list;coverage;urban_mapping
Nagaland,1493,Tuensang sadar-i,195,Nagaland,53,53,TUENSANG SADAR-I,2023,eci_code,1.0,1976-deferred,13,2013;2018;2023,ST,,53,yes,yes,1,NAGALAND,1,agrees,,AC_list;coverage;urban_mapping
Nagaland,1494,Tuensang sadar-ii,195,Nagaland,54,54,TUENSANG SADAR-II,2023,exact_name,1.0,1976-deferred,13,2013;2018;2023,ST,,,,yes,1,NAGALAND,1,agrees,,AC_list;coverage
Nagaland,1491,Tobu,195,Nagaland,55,55,TOBU,2023,eci_code,1.0,1976-deferred,13,2013;2018;2023,ST,,55,yes,yes,1,NAGALAND,1,agrees,,AC_list;coverage;urban_mapping
Nagaland,1468,Noklak,195,Nagaland,56,56,NOKLAK,2023,eci_code,1.0,1976-deferred,13,2013;2018;2023,ST,,56,yes,yes,1,NAGALAND,1,agrees,,AC_list;coverage;urban_mapping
Nagaland,1489,Thonoknyu,195,Nagaland,57,57,THONOKNYU,2023,exact_name,1.0,1976-deferred,13,2013;2018;2023,ST,,,,yes,1,NAGALAND,1,agrees,,AC_list;coverage
Nagaland,1481,Shamator chessore,195,Nagaland,58,58,SHAMATOR CHESSORE,2023,eci_code,1.0,1976-deferred,13,2013;2018;2023,ST,,58,yes,yes,1,NAGALAND,1,agrees,,AC_list;coverage;urban_mapping
Nagaland,1480,Seyochung sitimi,195,Nagaland,59,59,SEYOCHUNG SITIMI,2023,exact_name,1.0,1976-deferred,13,2013;2018;2023,ST,,,,yes,1,NAGALAND,1,agrees,,AC_list;coverage
Nagaland,1477,Pungro kiphire,195,Nagaland,60,60,PUNGRO KIPHIRE,2023,eci_code,1.0,1976-deferred,13,2013;2018;2023,ST,,60,yes,yes,1,NAGALAND,1,agrees,,AC_list;coverage;urban_mapping
Odisha,2242,Padampur,275,Bargarh,1,1,PADAMPUR,2024,eci_code,1.0,2008,21,2009;2014;2019;2024,GEN,,1,yes,yes,1,BARGARH,1,agrees,,AC_list;coverage;urban_mapping
Odisha,2239,Bijepur,275,Bargarh,2,2,BIJEPUR,2024,eci_code,1.0,2008,21,2009;2014;2019;2024,GEN,,2,yes,yes,1,BARGARH,1,agrees,,AC_list;coverage;urban_mapping
Odisha,2237,Bargarh,275,Bargarh,3,3,BARGARH,2024,eci_code,1.0,2008,21,2009;2014;2019;2024,GEN,,3,yes,yes,1,BARGARH,1,agrees,,AC_list;coverage;urban_mapping
Odisha,2236,Attabira,275,Bargarh,4,4,ATTABIRA,2024,eci_code,1.0,2008,21,2009;2014;2019;2024,SC,,4,yes,yes,1,BARGARH,1,agrees,,AC_list;coverage;urban_mapping
Odisha,2238,Bhatli,275,Bargarh,5,5,BHATLI,2024,eci_code,1.0,2008,21,2009;2014;2019;2024,GEN,,5,yes,yes,1,BARGARH,1,agrees,,AC_list;coverage;urban_mapping
Odisha,2240,Brajarajnagar,275,Bargarh,6,6,BRAJARAJNAGAR,2024,eci_code,1.0,2008,21,2009;2014;2019;2024,GEN,,6,yes,yes,1,BARGARH,1,agrees,,AC_list;coverage;urban_mapping
Odisha,2241,Jharsuguda,275,Bargarh,7,7,JHARSUGUDA,2024,eci_code,1.0,2008,21,2009;2014;2019;2024,GEN,,7,yes,yes,1,BARGARH,1,agrees,,AC_list;coverage;urban_mapping
Odisha,2368,Talsara,293,Sundargarh,8,8,TALSARA,2024,exact_name,1.0,2008,21,2009;2014;2019;2024,ST,,,,yes,2,SUNDARGARH,2,agrees,,AC_list;coverage
Odisha,2367,Sundargarh,293,Sundargarh,9,9,SUNDARGARH,2024,eci_code,1.0,2008,21,2009;2014;2019;2024,ST,,9,yes,yes,2,SUNDARGARH,2,agrees,,AC_list;coverage;urban_mapping
Odisha,2362,Biramitrapur,293,Sundargarh,10,10,BIRAMITRAPUR,2024,eci_code,1.0,2008,21,2009;2014;2019;2024,ST,,10,yes,yes,2,SUNDARGARH,2,agrees,,AC_list;coverage;urban_mapping
Odisha,2364,Raghunathpali,293,Sundargarh,11,11,RAGHUNATHPALI,2024,exact_name,1.0,2008,21,2009;2014;2019;2024,SC,,,,yes,2,SUNDARGARH,2,agrees,,AC_list;coverage
Odisha,2366,Rourkela,293,Sundargarh,12,12,ROURKELA,2024,eci_code,1.0,2008,21,2009;2014;2019;2024,GEN,,12,yes,yes,2,SUNDARGARH,2,agrees,,AC_list;coverage;urban_mapping
Odisha,2365,Rajgangpur,293,Sundargarh,13,13,RAJGANGAPUR,2024,eci_code,0.952,2008,21,2009;2014;2019;2024,ST,,13,yes,yes,2,SUNDARGARH,2,agrees,eci code; name spelled differently,AC_list;coverage;urban_mapping
Odisha,2363,Bonai,293,Sundargarh,14,14,BONAI,2024,exact_name,1.0,2008,21,2009;2014;2019;2024,ST,,,,yes,2,SUNDARGARH,2,agrees,,AC_list;coverage
Odisha,2358,Kuchinda,292,Sambalpur,15,15,KUCHINDA,2024,eci_code,1.0,2008,21,2009;2014;2019;2024,ST,,15,yes,yes,3,SAMBALPUR,3,agrees,,AC_list;coverage;urban_mapping
Odisha,2360,Rengali,292,Sambalpur,16,16,RENGALI,2024,eci_code,1.0,2008,21,2009;2014;2019;2024,SC,,16,yes,yes,3,SAMBALPUR,3,agrees,,AC_list;coverage;urban_mapping
Odisha,2361,Sambalpur,292,Sambalpur,17,17,SAMBALPUR,2024,eci_code,1.0,2008,21,2009;2014;2019;2024,GEN,,17,yes,yes,3,SAMBALPUR,3,agrees,,AC_list;coverage;urban_mapping
Odisha,2359,Rairakhol,292,Sambalpur,18,18,RAIRAKHOL,2024,eci_code,1.0,2008,21,2009;2014;2019;2024,GEN,,18,yes,yes,3,SAMBALPUR,3,agrees,,AC_list;coverage;urban_mapping
Odisha,2357,Deogarh,292,Sambalpur,19,19,DEBAGARH,2024,eci_code,1.0,2008,21,2009;2014;2019;2024,GEN,,19,yes,yes,3,SAMBALPUR,3,agrees,,AC_list;coverage;urban_mapping
Odisha,2326,Telkoi,287,Keonjhar,20,20,TELKOI,2024,exact_name,1.0,2008,21,2009;2014;2019;2024,ST,,,,yes,4,KEONJHAR,4,agrees,,AC_list;coverage
Odisha,2322,Ghasipura,287,Keonjhar,21,21,GHASIPURA,2024,exact_name,1.0,2008,21,2009;2014;2019;2024,GEN,,,,yes,4,KEONJHAR,4,agrees,,AC_list;coverage
Odisha,2320,Anandapur,287,Keonjhar,22,22,ANANDAPUR,2024,eci_code,1.0,2008,21,2009;2014;2019;2024,SC,,22,yes,yes,4,KEONJHAR,4,agrees,,AC_list;coverage;urban_mapping
Odisha,2325,Patna,287,Keonjhar,23,23,SWAMPATANA,2024,exact_name,1.0,2008,21,2009;2014;2019;2024,ST,,,,yes,4,KEONJHAR,4,agrees,,AC_list;coverage
Odisha,2324,Keonjhar,287,Keonjhar,24,24,KEONJHAR,2024,eci_code,1.0,2008,21,2009;2014;2019;2024,ST,,24,yes,yes,4,KEONJHAR,4,agrees,,AC_list;coverage;urban_mapping
Odisha,2321,Champua,287,Keonjhar,25,25,CHAMPUA,2024,eci_code,1.0,2008,21,2009;2014;2019;2024,GEN,,25,yes,yes,4,KEONJHAR,4,agrees,,AC_list;coverage;urban_mapping
Odisha,2336,Jashipur,289,Mayurbhanj,26,26,JASHIPUR,2024,eci_code,1.0,2008,21,2009;2014;2019;2024,ST,,26,yes,yes,5,MAYURBHANJ,5,agrees,,AC_list;coverage;urban_mapping
Odisha,2339,Saraskana,289,Mayurbhanj,27,27,SARASKANA,2024,exact_name,1.0,2008,21,2009;2014;2019;2024,ST,,,,yes,5,MAYURBHANJ,5,agrees,,AC_list;coverage
Odisha,2338,Rairangpur,289,Mayurbhanj,28,28,RAIRANGPUR,2024,eci_code,1.0,2008,21,2009;2014;2019;2024,ST,,28,yes,yes,5,MAYURBHANJ,5,agrees,,AC_list;coverage;urban_mapping
Odisha,2334,Bangriposi,289,Mayurbhanj,29,29,BANGRIPOSI,2024,eci_code,1.0,2008,21,2009;2014;2019;2024,ST,,29,yes,yes,5,MAYURBHANJ,5,agrees,,AC_list;coverage;urban_mapping
Odisha,2323,Karanjia,287,Keonjhar,30,30,KARANJIA,2024,eci_code,1.0,2008,21,2009;2014;2019;2024,ST,,30,yes,yes,4,KEONJHAR,4,agrees,,AC_list;coverage;urban_mapping
Odisha,2340,Udala,289,Mayurbhanj,31,31,UDALA,2024,eci_code,1.0,2008,21,2009;2014;2019;2024,ST,,31,yes,yes,5,MAYURBHANJ,5,agrees,,AC_list;coverage;urban_mapping
Odisha,2229,Badasahi,274,Balasore,32,32,BETANOTI,2024,eci_code,1.0,2008,21,2009;2014;2019;2024,SC,,32,yes,yes,6,BALASORE,6,agrees,,AC_list;coverage;urban_mapping
Odisha,2335,Baripada,289,Mayurbhanj,33,33,BARIPADA,2024,eci_code,1.0,2008,21,2009;2014;2019;2024,ST,,33,yes,yes,5,MAYURBHANJ,5,agrees,,AC_list;coverage;urban_mapping
Odisha,2337,Morada,289,Mayurbhanj,34,34,MORADA,2024,eci_code,1.0,2008,21,2009;2014;2019;2024,GEN,,34,yes,yes,5,MAYURBHANJ,5,agrees,,AC_list;coverage;urban_mapping
Odisha,2233,Jaleswar,274,Balasore,35,35,JALESWAR,2024,eci_code,1.0,2008,21,2009;2014;2019;2024,GEN,,35,yes,yes,6,BALASORE,6,agrees,,AC_list;coverage;urban_mapping
Odisha,2232,Bhograi,274,Balasore,36,36,BHOGRAI,2024,exact_name,1.0,2008,21,2009;2014;2019;2024,GEN,,,,yes,6,BALASORE,6,agrees,,AC_list;coverage
Odisha,2231,Basta,274,Balasore,37,37,BASTA,2024,eci_code,1.0,2008,21,2009;2014;2019;2024,GEN,,37,yes,yes,6,BALASORE,6,agrees,,AC_list;coverage;urban_mapping
Odisha,2230,Balasore,274,Balasore,38,38,BALASORE,2024,exact_name,1.0,2008,21,2009;2014;2019;2024,GEN,,,,yes,6,BALASORE,6,agrees,,AC_list;coverage
Odisha,2235,Remuna,274,Balasore,39,39,REMUNA,2024,eci_code,1.0,2008,21,2009;2014;2019;2024,SC,,39,yes,yes,6,BALASORE,6,agrees,,AC_list;coverage;urban_mapping
Odisha,2234,Nilgiri,274,Balasore,40,40,NILGIRI,2024,eci_code,1.0,2008,21,2009;2014;2019;2024,GEN,,40,yes,yes,6,BALASORE,6,agrees,,AC_list;coverage;urban_mapping
Odisha,2256,Soro,277,Bhadrak,41,41,SORO,2024,eci_code,1.0,2008,21,2009;2014;2019;2024,SC,,41,yes,yes,7,BHADRAK,7,agrees,,AC_list;coverage;urban_mapping
Odisha,2255,Simulia,277,Bhadrak,42,42,SIMULIA,2024,eci_code,1.0,2008,21,2009;2014;2019;2024,GEN,,42,yes,yes,7,BHADRAK,7,agrees,,AC_list;coverage;urban_mapping
Odisha,2252,Bhandaripokhari,277,Bhadrak,43,43,BHANDARIPOKHARI,2024,exact_name,1.0,2008,21,2009;2014;2019;2024,GEN,,,,yes,7,BHADRAK,7,agrees,,AC_list;coverage
Odisha,2251,Bhadrak,277,Bhadrak,44,44,BHADRAK,2024,eci_code,1.0,2008,21,2009;2014;2019;2024,GEN,,44,yes,yes,7,BHADRAK,7,agrees,,AC_list;coverage;urban_mapping
Odisha,2250,Basudevpur,277,Bhadrak,45,45,BASUDEVPUR,2024,eci_code,1.0,2008,21,2009;2014;2019;2024,GEN,,45,yes,yes,7,BHADRAK,7,agrees,,AC_list;coverage;urban_mapping
Odisha,2254,Dhamnagar,277,Bhadrak,46,46,DHAMNAGAR,2024,eci_code,1.0,2008,21,2009;2014;2019;2024,SC,,46,yes,yes,7,BHADRAK,7,agrees,,AC_list;coverage;urban_mapping
Odisha,2253,Chandabali,277,Bhadrak,47,47,CHANDABALI,2024,eci_code,1.0,2008,21,2009;2014;2019;2024,GEN,,47,yes,yes,7,BHADRAK,7,agrees,,AC_list;coverage;urban_mapping
Odisha,2294,Binjharpur,283,Jajpur,48,48,BINJHARPUR,2024,exact_name,1.0,2008,21,2009;2014;2019;2024,SC,,,,yes,8,JAJPUR,8,agrees,,AC_list;coverage
Odisha,2293,Bari,283,Jajpur,49,49,BARI,2024,exact_name,1.0,2008,21,2009;2014;2019;2024,GEN,,,,yes,8,JAJPUR,8,agrees,,AC_list;coverage
Odisha,2292,Barchana,283,Jajpur,50,50,BARCHANA,2024,exact_name,1.0,2008,21,2009;2014;2019;2024,GEN,,,,yes,8,JAJPUR,8,agrees,,AC_list;coverage
Odisha,2295,Dharmasala,283,Jajpur,51,51,DHARMASALA,2024,eci_code,1.0,2008,21,2009;2014;2019;2024,GEN,,51,yes,yes,8,JAJPUR,8,agrees,,AC_list;coverage;urban_mapping
Odisha,2296,Jajpur,283,Jajpur,52,52,JAJPUR,2024,eci_code,1.0,2008,21,2009;2014;2019;2024,GEN,,52,yes,yes,8,JAJPUR,8,agrees,,AC_list;coverage;urban_mapping
Odisha,2297,Korei,283,Jajpur,53,53,KOREI,2024,eci_code,1.0,2008,21,2009;2014;2019;2024,GEN,,53,yes,yes,8,JAJPUR,8,agrees,,AC_list;coverage;urban_mapping
Odisha,2298,Sukinda,283,Jajpur,54,54,SUKINDA,2024,exact_name,1.0,2008,21,2009;2014;2019;2024,GEN,,,,yes,8,JAJPUR,8,agrees,,AC_list;coverage
Odisha,2279,Dhenkanal,281,Dhenkanal,55,55,DHENKANAL,2024,eci_code,1.0,2008,21,2009;2014;2019;2024,GEN,,55,yes,yes,9,DHENKANAL,9,agrees,,AC_list;coverage;urban_mapping
Odisha,2280,Hindol,281,Dhenkanal,56,56,HINDOL,2024,eci_code,1.0,2008,21,2009;2014;2019;2024,SC,,56,yes,yes,9,DHENKANAL,9,agrees,,AC_list;coverage;urban_mapping
Odisha,2281,Kamakhyanagar,281,Dhenkanal,57,57,KAMAKHYANAGAR,2024,eci_code,1.0,2008,21,2009;2014;2019;2024,GEN,,57,yes,yes,9,DHENKANAL,9,agrees,,AC_list;coverage;urban_mapping
Odisha,2283,Parjanga,281,Dhenkanal,58,58,PORJANGA,2024,exact_name,1.0,2008,21,2009;2014;2019;2024,GEN,,,,yes,9,DHENKANAL,9,agrees,,AC_list;coverage
Odisha,2282,Pallahara,281,Dhenkanal,59,59,PALLAHARA,2024,eci_code,1.0,2008,21,2009;2014;2019;2024,GEN,,59,yes,yes,9,DHENKANAL,9,agrees,,AC_list;coverage;urban_mapping
Odisha,2284,Talcher,281,Dhenkanal,60,60,TALCHER,2024,eci_code,1.0,2008,21,2009;2014;2019;2024,GEN,,60,yes,yes,9,DHENKANAL,9,agrees,,AC_list;coverage;urban_mapping
Odisha,2278,Angul,281,Dhenkanal,61,61,ANUGUL,2024,eci_code,1.0,2008,21,2009;2014;2019;2024,GEN,,61,yes,yes,9,DHENKANAL,9,agrees,,AC_list;coverage;urban_mapping
Odisha,2356,Chhendipada,292,Sambalpur,62,62,CHHENDIPADA,2024,exact_name,1.0,2008,21,2009;2014;2019;2024,SC,,,,yes,3,SAMBALPUR,3,agrees,,AC_list;coverage
Odisha,2355,Athmallik,292,Sambalpur,63,63,ATHAMALLIK,2024,eci_code,0.947,2008,21,2009;2014;2019;2024,GEN,,63,yes,yes,3,SAMBALPUR,3,agrees,eci code; name spelled differently,AC_list;coverage;urban_mapping
Odisha,2264,Birmaharajpur,279,Bolangir,64,64,BIRMAHARAJPUR,2024,eci_code,1.0,2008,21,2009;2014;2019;2024,SC,,64,yes,yes,10,BOLANGIR,10,agrees,,AC_list;coverage;urban_mapping
Odisha,2269,Sonepur,279,Bolangir,65,65,SUBARNAPUR,2024,eci_code,1.0,2008,21,2009;2014;2019;2024,GEN,,65,yes,yes,10,BOLANGIR,10,agrees,,AC_list;coverage;urban_mapping
Odisha,2267,Loisingha,279,Bolangir,66,66,LOISINGHA,2024,eci_code,1.0,2008,21,2009;2014;2019;2024,SC,,66,yes,yes,10,BOLANGIR,10,agrees,,AC_list;coverage;urban_mapping
Odisha,2268,Patnagarh,279,Bolangir,67,67,PATNAGARH,2024,eci_code,1.0,2008,21,2009;2014;2019;2024,GEN,,67,yes,yes,10,BOLANGIR,10,agrees,,AC_list;coverage;urban_mapping
Odisha,2265,Bolangir,279,Bolangir,68,68,BOLANGIR,2024,eci_code,1.0,2008,21,2009;2014;2019;2024,GEN,,68,yes,yes,10,BOLANGIR,10,agrees,,AC_list;coverage;urban_mapping
Odisha,2270,Titilagarh,279,Bolangir,69,69,TITLAGARH,2024,eci_code,0.947,2008,21,2009;2014;2019;2024,GEN,,69,yes,yes,10,BOLANGIR,10,agrees,eci code; name spelled differently,AC_list;coverage;urban_mapping
Odisha,2266,Kantabanji,279,Bolangir,70,70,KANTABANJI,2024,eci_code,1.0,2008,21,2009;2014;2019;2024,GEN,,70,yes,yes,10,BOLANGIR,10,agrees,,AC_list;coverage;urban_mapping
Odisha,2305,Nuapada,284,Kalahandi,71,71,NUAPADA,2024,eci_code,1.0,2008,21,2009;2014;2019;2024,GEN,,71,yes,yes,11,KALAHANDI,11,agrees,,AC_list;coverage;urban_mapping
Odisha,2302,Khariar,284,Kalahandi,72,72,KHARIAR,2024,eci_code,1.0,2008,21,2009;2014;2019;2024,GEN,,72,yes,yes,11,KALAHANDI,11,agrees,,AC_list;coverage;urban_mapping
Odisha,2347,Umarkote,290,Nabarangpur,73,73,UMERKOTE,2024,eci_code,1.0,2008,21,2009;2014;2019;2024,ST,,73,yes,yes,12,NABARANGPUR,12,agrees,,AC_list;coverage;urban_mapping
Odisha,2343,Jharigam,290,Nabarangpur,74,74,JHARIGAM,2024,exact_name,1.0,2008,21,2009;2014;2019;2024,ST,,,,yes,12,NABARANGPUR,12,agrees,,AC_list;coverage
Odisha,2346,Nabarangpur,290,Nabarangpur,75,75,NABARANGPUR,2024,eci_code,1.0,2008,21,2009;2014;2019;2024,ST,,75,yes,yes,12,NABARANGPUR,12,agrees,,AC_list;coverage;urban_mapping
Odisha,2342,Dabugam,290,Nabarangpur,76,76,DABUGAM,2024,exact_name,1.0,2008,21,2009;2014;2019;2024,ST,,,,yes,12,NABARANGPUR,12,agrees,,AC_list;coverage
Odisha,2303,Lanjigarh,284,Kalahandi,77,77,LANJIGARH,2024,eci_code,1.0,2008,21,2009;2014;2019;2024,ST,,77,yes,yes,11,KALAHANDI,11,agrees,,AC_list;coverage;urban_mapping
Odisha,2301,Junagarh,284,Kalahandi,78,78,JUNAGARH,2024,eci_code,1.0,2008,21,2009;2014;2019;2024,GEN,,78,yes,yes,11,KALAHANDI,11,agrees,,AC_list;coverage;urban_mapping
Odisha,2300,Dharmgarh,284,Kalahandi,79,79,DHARMGARH,2024,eci_code,1.0,2008,21,2009;2014;2019;2024,GEN,,79,yes,yes,11,KALAHANDI,11,agrees,,AC_list;coverage;urban_mapping
Odisha,2299,Bhawanipatna,284,Kalahandi,80,80,BHAWANIPATNA,2024,eci_code,1.0,2008,21,2009;2014;2019;2024,SC,,80,yes,yes,11,KALAHANDI,11,agrees,,AC_list;coverage;urban_mapping
Odisha,2304,Narla,284,Kalahandi,81,81,NARLA,2024,eci_code,1.0,2008,21,2009;2014;2019;2024,GEN,,81,yes,yes,11,KALAHANDI,11,agrees,,AC_list;coverage;urban_mapping
Odisha,2306,Baliguda,285,Kandhamal,82,82,BALIGUDA,2024,eci_code,1.0,2008,21,2009;2014;2019;2024,ST,,82,yes,yes,13,KANDHAMAL,13,agrees,,AC_list;coverage;urban_mapping
Odisha,2310,G. udayagiri,285,Kandhamal,83,83,GHUMUSUR UDAYAGIRI,2024,eci_code,1.0,2008,21,2009;2014;2019;2024,ST,,83,yes,yes,13,KANDHAMAL,13,agrees,,AC_list;coverage;urban_mapping
Odisha,2312,Phulbani,285,Kandhamal,84,84,PHULBANI,2024,eci_code,1.0,2008,21,2009;2014;2019;2024,ST,,84,yes,yes,13,KANDHAMAL,13,agrees,,AC_list;coverage;urban_mapping
Odisha,2311,Kantamal,285,Kandhamal,85,85,KANTAMAL,2024,exact_name,1.0,2008,21,2009;2014;2019;2024,GEN,,,,yes,13,KANDHAMAL,13,agrees,,AC_list;coverage
Odisha,2308,Boudh,285,Kandhamal,86,86,BOUDH,2024,eci_code,1.0,2008,21,2009;2014;2019;2024,GEN,,86,yes,yes,13,KANDHAMAL,13,agrees,,AC_list;coverage;urban_mapping
Odisha,2274,Baramba,280,Cuttack,87,87,BARAMBA,2024,eci_code,1.0,2008,21,2009;2014;2019;2024,GEN,,87,yes,yes,14,CUTTACK,14,agrees,,AC_list;coverage;urban_mapping
Odisha,2272,Banki,280,Cuttack,88,88,BANKI,2024,eci_code,1.0,2008,21,2009;2014;2019;2024,GEN,,88,yes,yes,14,CUTTACK,14,agrees,,AC_list;coverage;urban_mapping
Odisha,2271,Athagarh,280,Cuttack,89,89,ATHAGARH,2024,eci_code,1.0,2008,21,2009;2014;2019;2024,GEN,,89,yes,yes,14,CUTTACK,14,agrees,,AC_list;coverage;urban_mapping
Odisha,2273,Barabati-cuttack,280,Cuttack,90,90,CUTTACK CITY,2024,eci_code,1.0,2008,21,2009;2014;2019;2024,GEN,,90,yes,yes,14,CUTTACK,14,agrees,,AC_list;coverage;urban_mapping
Odisha,2275,Choudwar-cuttack,280,Cuttack,91,91,CHOUDWAR-CUTTACK,2024,eci_code,1.0,2008,21,2009;2014;2019;2024,GEN,,91,yes,yes,14,CUTTACK,14,agrees,,AC_list;coverage;urban_mapping
Odisha,2288,Niali,282,Jagatsinghpur,92,92,NIALI,2024,exact_name,1.0,2008,21,2009;2014;2019;2024,SC,,,,yes,16,JAGATSINGHPUR,16,agrees,,AC_list;coverage
Odisha,2276,Cuttack sadar,280,Cuttack,93,93,CUTTACK SADAR,2024,eci_code,1.0,2008,21,2009;2014;2019;2024,SC,,93,yes,yes,14,CUTTACK,14,agrees,,AC_list;coverage;urban_mapping
Odisha,2319,Salipur,286,Kendrapara,94,94,SALIPUR,2024,eci_code,1.0,2008,21,2009;2014;2019;2024,GEN,,94,yes,yes,15,KENDRAPARA,15,agrees,,AC_list;coverage;urban_mapping
Odisha,2316,Mahanga,286,Kendrapara,95,95,MAHANGA,2024,exact_name,1.0,2008,21,2009;2014;2019;2024,GEN,,,,yes,15,KENDRAPARA,15,agrees,,AC_list;coverage
Odisha,2317,Patkura,286,Kendrapara,96,96,PATKURA,2024,exact_name,1.0,2008,21,2009;2014;2024,GEN,,,,yes,15,KENDRAPARA,15,agrees,,AC_list;coverage
Odisha,2314,Kendrapara,286,Kendrapara,97,97,KENDRAPARA,2024,eci_code,1.0,2008,21,2009;2014;2019;2024,SC,,97,yes,yes,15,KENDRAPARA,15,agrees,,AC_list;coverage;urban_mapping
Odisha,2313,Aul,286,Kendrapara,98,98,AUL,2024,exact_name,1.0,2008,21,2009;2014;2019;2024,GEN,,,,yes,15,KENDRAPARA,15,agrees,,AC_list;coverage
Odisha,2318,Rajanagar,286,Kendrapara,99,99,RAJANAGAR,2024,eci_code,1.0,2008,21,2009;2014;2019;2024,GEN,,99,yes,yes,15,KENDRAPARA,15,agrees,,AC_list;coverage;urban_mapping
Odisha,2315,Mahakalapada,286,Kendrapara,100,100,MAHAKALAPADA,2024,exact_name,1.0,2008,21,2009;2014;2019;2024,GEN,,,,yes,15,KENDRAPARA,15,agrees,,AC_list;coverage
Odisha,2290,Paradeep,282,Jagatsinghpur,101,101,PARADEEP,2024,eci_code,1.0,2008,21,2009;2014;2019;2024,GEN,,101,yes,yes,16,JAGATSINGHPUR,16,agrees,,AC_list;coverage;urban_mapping
Odisha,2291,Tirtol,282,Jagatsinghpur,102,102,TIRTOL,2024,exact_name,1.0,2008,21,2009;2014;2019;2024,SC,,,,yes,16,JAGATSINGHPUR,16,agrees,,AC_list;coverage
Odisha,2285,Balikuda-ersama,282,Jagatsinghpur,103,103,BALIKUDA-ERSAMA,2024,exact_name,1.0,2008,21,2009;2014;2019;2024,GEN,,,,yes,16,JAGATSINGHPUR,16,agrees,,AC_list;coverage
Odisha,2286,Jagatsinghpur,282,Jagatsinghpur,104,104,JAGATSINGHPUR,2024,eci_code,1.0,2008,21,2009;2014;2019;2024,GEN,,104,yes,yes,16,JAGATSINGHPUR,16,agrees,,AC_list;coverage;urban_mapping
Odisha,2287,Kakatpur,282,Jagatsinghpur,105,105,KAKATPUR,2024,eci_code,1.0,2008,21,2009;2014;2019;2024,SC,,105,yes,yes,16,JAGATSINGHPUR,16,agrees,,AC_list;coverage;urban_mapping
Odisha,2289,Nimapara,282,Jagatsinghpur,106,106,NIMAPARA,2024,eci_code,1.0,2008,21,2009;2014;2019;2024,GEN,,106,yes,yes,16,JAGATSINGHPUR,16,agrees,,AC_list;coverage;urban_mapping
Odisha,2352,Puri,291,Puri,107,107,PURI,2024,eci_code,1.0,2008,21,2009;2014;2019;2024,GEN,,107,yes,yes,17,PURI,17,agrees,,AC_list;coverage;urban_mapping
Odisha,2348,Bramhagiri,291,Puri,108,108,BRAMHAGIRI,2024,exact_name,1.0,2008,21,2009;2014;2019;2024,GEN,,,,yes,17,PURI,17,agrees,,AC_list;coverage
Odisha,2354,Satyabadi,291,Puri,109,109,SATYABADI,2024,exact_name,1.0,2008,21,2009;2014;2019;2024,GEN,,,,yes,17,PURI,17,agrees,,AC_list;coverage
Odisha,2351,Pipili,291,Puri,110,110,PIPILI,2024,eci_code,1.0,2008,21,2009;2014;2019;2024,GEN,,110,yes,yes,17,PURI,17,agrees,,AC_list;coverage;urban_mapping
Odisha,2262,Jayadev,278,Bhubaneswar,111,111,JAYADEV,2024,exact_name,1.0,2008,21,2009;2014;2019;2024,SC,,,,yes,18,BHUBANESWAR,18,agrees,,AC_list;coverage
Odisha,2258,Bhubaneswar central (madhya),278,Bhubaneswar,112,112,BHUBANESWAR CENTRAL (MADHYA),2024,eci_code,1.0,2008,21,2009;2014;2019;2024,GEN,,112,yes,yes,18,BHUBANESWAR,18,agrees,,AC_list;coverage;urban_mapping
Odisha,2259,Bhubaneswar North (uttar),278,Bhubaneswar,113,113,BHUBANESWAR NORTH (UTTAR),2024,eci_code,1.0,2008,21,2009;2014;2019;2024,GEN,,113,yes,yes,18,BHUBANESWAR,18,agrees,,AC_list;coverage;urban_mapping
Odisha,2260,Ekamra-bhubaneswar,278,Bhubaneswar,114,114,EKAMRA-BHUBANESWAR,2024,eci_code,1.0,2008,21,2009;2014;2019;2024,GEN,,114,yes,yes,18,BHUBANESWAR,18,agrees,,AC_list;coverage;urban_mapping
Odisha,2261,Jatani,278,Bhubaneswar,115,115,JATANI,2024,eci_code,1.0,2008,21,2009;2014;2019;2024,GEN,,115,yes,yes,18,BHUBANESWAR,18,agrees,,AC_list;coverage;urban_mapping
Odisha,2257,Begunia,278,Bhubaneswar,116,116,BEGUNIA,2024,exact_name,1.0,2008,21,2009;2014;2019;2024,GEN,,,,yes,18,BHUBANESWAR,18,agrees,,AC_list;coverage
Odisha,2263,Khurda,278,Bhubaneswar,117,117,KHORDA,2024,eci_code,1.0,2008,21,2009;2014;2019;2024,GEN,,117,yes,yes,18,BHUBANESWAR,18,agrees,,AC_list;coverage;urban_mapping
Odisha,2349,Chilika,291,Puri,118,118,CHILIKA,2024,eci_code,1.0,2008,21,2009;2014;2019;2024,GEN,,118,yes,yes,17,PURI,17,agrees,,AC_list;coverage;urban_mapping
Odisha,2353,Ranpur,291,Puri,119,119,RANPUR,2024,eci_code,1.0,2008,21,2009;2014;2019;2024,GEN,,119,yes,yes,17,PURI,17,agrees,,AC_list;coverage;urban_mapping
Odisha,2277,Khandapada,280,Cuttack,120,120,KHANDAPADA,2024,eci_code,1.0,2008,21,2009;2014;2019;2024,GEN,,120,yes,yes,14,CUTTACK,14,agrees,,AC_list;coverage;urban_mapping
Odisha,2309,Daspalla,285,Kandhamal,121,121,DASPALLA,2024,eci_code,1.0,2008,21,2009;2014;2019;2024,SC,,121,yes,yes,13,KANDHAMAL,13,agrees,,AC_list;coverage;urban_mapping
Odisha,2350,Nayagarh,291,Puri,122,122,NAYAGARH,2024,eci_code,1.0,2008,21,2009;2014;2019;2024,GEN,,122,yes,yes,17,PURI,17,agrees,,AC_list;coverage;urban_mapping
Odisha,2307,Bhanjanagar,285,Kandhamal,123,123,BHANJANAGAR,2024,eci_code,1.0,2008,21,2009;2014;2019;2024,GEN,,123,yes,yes,13,KANDHAMAL,13,agrees,,AC_list;coverage;urban_mapping
Odisha,2226,Polasara,273,Aska,124,124,POLASARA,2024,eci_code,1.0,2008,21,2009;2014;2019;2024,GEN,,124,yes,yes,19,ASKA,19,agrees,,AC_list;coverage;urban_mapping
Odisha,2224,Kabisuryangar,273,Aska,125,125,KABISURYANGAR,2024,eci_code,1.0,2008,21,2009;2014;2019;2024,GEN,,125,yes,yes,19,ASKA,19,agrees,,AC_list;coverage;urban_mapping
Odisha,2225,Khalikote,273,Aska,126,126,KHALIKOTE,2024,eci_code,1.0,2008,21,2009;2014;2019;2024,SC,,126,yes,yes,19,ASKA,19,agrees,,AC_list;coverage;urban_mapping
Odisha,2244,Chhatrapur,276,Berhampur,127,127,CHHATRAPUR,2024,eci_code,1.0,2008,21,2009;2014;2019;2024,SC,,127,yes,yes,20,BERHAMPUR,20,agrees,,AC_list;coverage;urban_mapping
Odisha,2223,Aska,273,Aska,128,128,ASIKA,2024,eci_code,1.0,2008,21,2009;2014;2019;2024,GEN,,128,yes,yes,19,ASKA,19,agrees,,AC_list;coverage;urban_mapping
Odisha,2228,Surada,273,Aska,129,129,SURADA,2024,eci_code,1.0,2008,21,2009;2014;2019;2024,GEN,,129,yes,yes,19,ASKA,19,agrees,,AC_list;coverage;urban_mapping
Odisha,2227,Sanakhemundi,273,Aska,130,130,SANAKHEMUNDI,2024,exact_name,1.0,2008,21,2009;2014;2019;2024,GEN,,,,yes,19,ASKA,19,agrees,,AC_list;coverage
Odisha,2222,Hinjili,273,Aska,131,131,HINJILI,2024,eci_code,1.0,2008,21,2009;2014;2019;2024,GEN,,131,yes,yes,19,ASKA,19,agrees,,AC_list;coverage;urban_mapping
Odisha,2247,Gopalpur,276,Berhampur,132,132,GOPALPUR,2024,eci_code,1.0,2008,21,2009;2014;2019;2024,GEN,,132,yes,yes,20,BERHAMPUR,20,agrees,,AC_list;coverage;urban_mapping
Odisha,2243,Berhampur,276,Berhampur,133,133,BERHAMPUR,2024,eci_code,1.0,2008,21,2009;2014;2019;2024,GEN,,133,yes,yes,20,BERHAMPUR,20,agrees,,AC_list;coverage;urban_mapping
Odisha,2246,Digapahandi,276,Berhampur,134,134,DIGAPAHANDI,2024,eci_code,1.0,2008,21,2009;2014;2019;2024,GEN,,134,yes,yes,20,BERHAMPUR,20,agrees,,AC_list;coverage;urban_mapping
Odisha,2245,Chikiti,276,Berhampur,135,135,CHIKITI,2024,eci_code,1.0,2008,21,2009;2014;2019;2024,GEN,,135,yes,yes,20,BERHAMPUR,20,agrees,,AC_list;coverage;urban_mapping
Odisha,2248,Mohana,276,Berhampur,136,136,MOHANA,2024,exact_name,1.0,2008,21,2009;2014;2019;2024,ST,,,,yes,20,BERHAMPUR,20,agrees,,AC_list;coverage
Odisha,2249,Paralakhemundi,276,Berhampur,137,137,PARALAKHEMUNDI,2024,eci_code,1.0,2008,21,2009;2014;2019;2024,GEN,,137,yes,yes,20,BERHAMPUR,20,agrees,,AC_list;coverage;urban_mapping
Odisha,2328,Gunupur,288,Koraput,138,138,GUNUPUR,2024,eci_code,1.0,2008,21,2009;2014;2019;2024,ST,,138,yes,yes,21,KORAPUT,21,agrees,,AC_list;coverage;urban_mapping
Odisha,2327,Bissam cuttack,288,Koraput,139,139,BISSAM CUTTACK,2024,eci_code,1.0,2008,21,2009;2014;2019;2024,ST,,139,yes,yes,21,KORAPUT,21,agrees,,AC_list;coverage;urban_mapping
Odisha,2333,Rayagada,288,Koraput,140,140,RAYAGADA,2024,eci_code,1.0,2008,21,2009;2014;2019;2024,ST,,140,yes,yes,21,KORAPUT,21,agrees,,AC_list;coverage;urban_mapping
Odisha,2331,Lakshmipur,288,Koraput,141,141,LAKHMIPUR,2024,fuzzy,1.0,2008,21,2009;2014;2019;2024,ST,,,,yes,21,KORAPUT,21,agrees,phonetic key equal,AC_list;coverage
Odisha,2344,Kotpad,290,Nabarangpur,142,142,KOTPAD,2024,eci_code,1.0,2008,21,2009;2014;2019;2024,ST,,142,yes,yes,12,NABARANGPUR,12,agrees,,AC_list;coverage;urban_mapping
Odisha,2329,Jeypore,288,Koraput,143,143,JAYAPUR,2024,eci_code,1.0,2008,21,2009;2014;2019;2024,GEN,,143,yes,yes,21,KORAPUT,21,agrees,,AC_list;coverage;urban_mapping
Odisha,2330,Koraput,288,Koraput,144,144,KORAPUT,2024,eci_code,1.0,2008,21,2009;2014;2019;2024,SC,,144,yes,yes,21,KORAPUT,21,agrees,,AC_list;coverage;urban_mapping
Odisha,2332,Pottangi,288,Koraput,145,145,POTTANGI,2024,exact_name,1.0,2008,21,2009;2014;2019;2024,ST,,,,yes,21,KORAPUT,21,agrees,,AC_list;coverage
Odisha,2345,Malkangiri,290,Nabarangpur,146,146,MALKANGIRI,2024,eci_code,1.0,2008,21,2009;2014;2019;2024,ST,,146,yes,yes,12,NABARANGPUR,12,agrees,,AC_list;coverage;urban_mapping
Odisha,2341,Chitrakonda,290,Nabarangpur,147,147,CHITRAKONDA,2024,eci_code,1.0,2008,21,2009;2014;2019;2024,ST,,147,yes,yes,12,NABARANGPUR,12,agrees,,AC_list;coverage;urban_mapping
Puducherry,4104,Mannadipet,542,PUDUCHERRY,1,1,MANNADIPET,2026,exact_name,1.0,2008,34,2011;2016;2021;2026,GEN,,,,yes,1,PUDUCHERRY,1,agrees,,AC_list;coverage
Puducherry,4117,Thirubuvanai,542,PUDUCHERRY,2,2,THIRUBHUVANAI,2026,fuzzy,1.0,2008,34,2011;2016;2021;2026,SC,,,,yes,1,PUDUCHERRY,1,agrees,phonetic key equal,AC_list;coverage
Puducherry,4113,Oussudu,542,PUDUCHERRY,3,3,OSSUDU,2026,exact_name,1.0,2008,34,2011;2016;2021;2026,SC,,,,yes,1,PUDUCHERRY,1,agrees,,AC_list;coverage
Puducherry,4103,Mangalam,542,PUDUCHERRY,4,4,MANGALAM,2026,exact_name,1.0,2008,34,2011;2016;2021;2026,GEN,,,,yes,1,PUDUCHERRY,1,agrees,,AC_list;coverage
Puducherry,4119,Villianur,542,PUDUCHERRY,5,5,VILLIANUR,2026,exact_name,1.0,2008,34,2011;2016;2021;2026,GEN,,,,yes,1,PUDUCHERRY,1,agrees,,AC_list;coverage
Puducherry,4114,Ozhukarai,542,PUDUCHERRY,6,6,OZHUKARAI,2026,exact_name,1.0,2008,34,2011;2016;2021;2026,GEN,,,,yes,1,PUDUCHERRY,1,agrees,,AC_list;coverage
Puducherry,4095,Kadirgamam,542,PUDUCHERRY,7,7,KADIRGAMAM,2026,eci_code,1.0,2008,34,2011;2016;2021;2026,GEN,,7,yes,yes,1,PUDUCHERRY,1,agrees,,AC_list;coverage;urban_mapping
Puducherry,4094,Indira Nagar,542,PUDUCHERRY,8,8,INDIRA NAGAR,2026,eci_code,1.0,2008,34,2011;2016;2021;2026,GEN,,8,yes,yes,1,PUDUCHERRY,1,agrees,,AC_list;coverage;urban_mapping
Puducherry,4116,Thattanchavady,542,PUDUCHERRY,9,9,THATTANCHAVADY,2026,eci_code,1.0,2008,34,2011;2016;2021;2026,GEN,,9,yes,yes,1,PUDUCHERRY,1,agrees,,AC_list;coverage;urban_mapping
Puducherry,4097,Kamaraj Nagar,542,PUDUCHERRY,10,10,KAMARAJ NAGAR,2026,eci_code,1.0,2008,34,2011;2016;2021;2026,GEN,,10,yes,yes,1,PUDUCHERRY,1,agrees,,AC_list;coverage;urban_mapping
Puducherry,4100,Lawspet,542,PUDUCHERRY,11,11,LAWSPET,2026,eci_code,1.0,2008,34,2011;2016;2021;2026,GEN,,11,yes,yes,1,PUDUCHERRY,1,agrees,,AC_list;coverage;urban_mapping
Puducherry,4096,Kalapet,542,PUDUCHERRY,12,12,KALAPET,2026,eci_code,1.0,2008,34,2011;2016;2021;2026,GEN,,12,yes,yes,1,PUDUCHERRY,1,agrees,,AC_list;coverage;urban_mapping
Puducherry,4106,Muthialpet,542,PUDUCHERRY,13,13,MUTHIALPET,2026,eci_code,1.0,2008,34,2011;2016;2021;2026,GEN,,13,yes,yes,1,PUDUCHERRY,1,agrees,,AC_list;coverage;urban_mapping
Puducherry,4115,Raj bhavan,542,PUDUCHERRY,14,14,RAJ BHAVAN,2026,exact_name,1.0,2008,34,2011;2016;2021;2026,GEN,,,,yes,1,PUDUCHERRY,1,agrees,,AC_list
Puducherry,4112,Oupalam,542,PUDUCHERRY,15,15,OUPALAM,2026,eci_code,1.0,2008,34,2011;2016;2021;2026,GEN,,15,yes,yes,1,PUDUCHERRY,1,agrees,,AC_list;coverage;urban_mapping
Puducherry,4111,Orleanpeth,542,PUDUCHERRY,16,16,ORLEAMPETH,2026,fuzzy,0.9,2008,34,2011;2016;2021;2026,GEN,,,,yes,1,PUDUCHERRY,1,agrees,similarity; PC agrees,AC_list;coverage
Puducherry,4108,Nellithope,542,PUDUCHERRY,17,17,NELLITHOPE,2026,exact_name,1.0,2008,34,2011;2016;2021;2026,GEN,,,,yes,1,PUDUCHERRY,1,agrees,,AC_list;coverage
Puducherry,4105,Mudaliarpet,542,PUDUCHERRY,18,18,MUDALIARPET,2026,exact_name,1.0,2008,34,2011;2016;2021;2026,GEN,,,,yes,1,PUDUCHERRY,1,agrees,,AC_list;coverage
Puducherry,4091,Ariankuppam,542,PUDUCHERRY,19,19,ARIANKUPPAM,2026,exact_name,1.0,2008,34,2011;2016;2021;2026,GEN,,,,yes,1,PUDUCHERRY,1,agrees,,AC_list;coverage
Puducherry,4102,Manavely,542,PUDUCHERRY,20,20,MANAVELY,2026,exact_name,1.0,2008,34,2011;2016;2021;2026,GEN,,,,yes,1,PUDUCHERRY,1,agrees,,AC_list;coverage
Puducherry,4093,Embalam,542,PUDUCHERRY,21,21,EMBALAM,2026,exact_name,1.0,2008,34,2011;2016;2021;2026,SC,,,,yes,1,PUDUCHERRY,1,agrees,,AC_list;coverage
Puducherry,4110,Nettpakkam,542,PUDUCHERRY,22,22,NETTAPAKKAM,2026,fuzzy,0.952,2008,34,2011;2016;2021;2026,SC,,,,yes,1,PUDUCHERRY,1,agrees,similarity; PC agrees; consonant skeleton equal,AC_list;coverage
Puducherry,4092,Bahour,542,PUDUCHERRY,23,23,BAHOUR,2026,exact_name,1.0,2008,34,2011;2016;2021;2026,GEN,,,,yes,1,PUDUCHERRY,1,agrees,,AC_list;coverage
Puducherry,4107,Nedungadu,542,PUDUCHERRY,24,24,NEDUNGADU,2026,exact_name,1.0,2008,34,2011;2016;2021;2026,SC,,,,yes,1,PUDUCHERRY,1,agrees,,AC_list;coverage
Puducherry,4118,Thirunallar,542,PUDUCHERRY,25,25,THIRUNALLAR,2026,exact_name,1.0,2008,34,2011;2016;2021;2026,GEN,,,,yes,1,PUDUCHERRY,1,agrees,,AC_list;coverage
Puducherry,4098,Karaikal North,542,PUDUCHERRY,26,26,KARAIKAL NORTH,2026,exact_name,1.0,2008,34,2011;2016;2021;2026,GEN,,,,yes,1,PUDUCHERRY,1,agrees,,AC_list;coverage
Puducherry,4099,Karaikal South,542,PUDUCHERRY,27,27,KARAIKAL SOUTH,2026,exact_name,1.0,2008,34,2011;2016;2021;2026,GEN,,,,yes,1,PUDUCHERRY,1,agrees,,AC_list;coverage
Puducherry,4109,Neravy t.r. pattinam,542,PUDUCHERRY,28,28,NERAVY T.R. PATTINAM,2026,exact_name,1.0,2008,34,2011;2016;2021;2026,GEN,,,,yes,1,PUDUCHERRY,1,agrees,,AC_list;coverage
Puducherry,4101,Mahe,542,PUDUCHERRY,29,29,MAHE,2026,eci_code,1.0,2008,34,2011;2016;2021;2026,GEN,,29,yes,yes,1,PUDUCHERRY,1,agrees,,AC_list;coverage;urban_mapping
Puducherry,4120,Yanam,542,PUDUCHERRY,30,30,YANAM,2026,eci_code,1.0,2008,34,2011;2016;2021;2026,GEN,,30,yes,yes,1,PUDUCHERRY,1,agrees,,AC_list;coverage;urban_mapping
Punjab,218,Sujanpur,17,Gurdaspur,1,1,SUJANPUR,2022,eci_code,1.0,2008,3,2012;2017;2022,GEN,,1,yes,yes,1,GURDASPUR,1,agrees,,AC_list;coverage;urban_mapping
Punjab,211,Bhoa,17,Gurdaspur,2,2,BHOA,2022,exact_name,1.0,2008,3,2012;2017;2022,SC,,,,yes,1,GURDASPUR,1,agrees,,AC_list;coverage
Punjab,216,Pathankot,17,Gurdaspur,3,3,PATHANKOT,2022,eci_code,1.0,2008,3,2012;2017;2022,GEN,,3,yes,yes,1,GURDASPUR,1,agrees,,AC_list;coverage;urban_mapping
Punjab,215,Gurdaspur,17,Gurdaspur,4,4,GURDASPUR,2022,eci_code,1.0,2008,3,2012;2017;2022,GEN,,4,yes,yes,1,GURDASPUR,1,agrees,,AC_list;coverage;urban_mapping
Punjab,213,Dina Nagar,17,Gurdaspur,5,5,DINA NAGAR,2022,eci_code,1.0,2008,3,2012;2017;2022,SC,,5,yes,yes,1,GURDASPUR,1,agrees,,AC_list;coverage;urban_mapping
Punjab,217,Qadian,17,Gurdaspur,6,6,QADIAN,2022,eci_code,1.0,2008,3,2012;2017;2022,GEN,,6,yes,yes,1,GURDASPUR,1,agrees,,AC_list;coverage;urban_mapping
Punjab,210,Batala,17,Gurdaspur,7,7,BATALA,2022,eci_code,1.0,2008,3,2012;2017;2022,GEN,,7,yes,yes,1,GURDASPUR,1,agrees,,AC_list;coverage;urban_mapping
Punjab,226,Sri hargobindpur,18,Hoshiarpur,8,8,SRI HARGOBINDPUR,2022,eci_code,1.0,2008,3,2012;2017;2022,SC,,8,yes,yes,5,HOSHIARPUR,5,agrees,,AC_list;coverage;urban_mapping
Punjab,214,Fatehgarh churian,17,Gurdaspur,9,9,FATEHGARH CHURIAN,2022,eci_code,1.0,2008,3,2012;2017;2022,GEN,,9,yes,yes,1,GURDASPUR,1,agrees,,AC_list;coverage;urban_mapping
Punjab,212,Dera baba nanak,17,Gurdaspur,10,10,DERA BABA NANAK,2022,eci_code,1.0,2008,3,2012;2017;2022,GEN,,10,yes,yes,1,GURDASPUR,1,agrees,,AC_list;coverage;urban_mapping
Punjab,156,Ajnala,11,Amritsar,11,11,AJNALA,2022,exact_name,1.0,2008,3,2012;2017;2022,GEN,,,,yes,2,AMRITSAR,2,agrees,,AC_list;coverage
Punjab,164,Raja sansi,11,Amritsar,12,12,RAJA SANSI,2022,eci_code,1.0,2008,3,2012;2017;2022,GEN,,12,yes,yes,2,AMRITSAR,2,agrees,,AC_list;coverage;urban_mapping
Punjab,163,Majitha,11,Amritsar,13,13,MAJITHA,2022,exact_name,1.0,2008,3,2012;2017;2022,GEN,,,,yes,2,AMRITSAR,2,agrees,,AC_list;coverage
Punjab,238,Jandiala,20,Khadoor Sahib,14,14,JANDIALA,2022,exact_name,1.0,2008,3,2012;2017;2022,SC,,,,yes,3,KHADOOR SAHIB,3,agrees,,AC_list;coverage
Punjab,159,Amritsar North,11,Amritsar,15,15,AMRITSAR NORTH,2022,eci_code,1.0,2008,3,2012;2017;2022,GEN,,15,yes,yes,2,AMRITSAR,2,agrees,,AC_list;coverage;urban_mapping
Punjab,161,Amritsar West,11,Amritsar,16,16,AMRITSAR WEST,2022,exact_name,1.0,2008,3,2012;2017;2022,SC,,,,yes,2,AMRITSAR,2,agrees,,AC_list;coverage
Punjab,157,Amritsar central,11,Amritsar,17,17,AMRITSAR CENTRAL,2022,exact_name,1.0,2008,3,2012;2017;2022,GEN,,,,yes,2,AMRITSAR,2,agrees,,AC_list;coverage
Punjab,158,Amritsar East,11,Amritsar,18,18,AMRITSAR EAST,2022,exact_name,1.0,2008,3,2012;2017;2022,GEN,,,,yes,2,AMRITSAR,2,agrees,,AC_list;coverage
Punjab,160,Amritsar South,11,Amritsar,19,19,AMRITSAR SOUTH,2022,exact_name,1.0,2008,3,2012;2017;2022,GEN,,,,yes,2,AMRITSAR,2,agrees,,AC_list;coverage
Punjab,162,Attari,11,Amritsar,20,20,ATTARI,2022,eci_code,1.0,2008,3,2012;2017;2022,SC,,20,yes,yes,2,AMRITSAR,2,agrees,,AC_list;coverage;urban_mapping
Punjab,244,Tarn taran,20,Khadoor Sahib,21,21,TARN TARAN,2022,eci_code,1.0,2008,3,2012;2017;2022,GEN,,21,yes,yes,3,KHADOOR SAHIB,3,agrees,,AC_list;coverage;urban_mapping
Punjab,241,Khem karan,20,Khadoor Sahib,22,22,KHEM KARAN,2022,exact_name,1.0,2008,3,2012;2017;2022,GEN,,,,yes,3,KHADOOR SAHIB,3,agrees,,AC_list;coverage
Punjab,242,Patti,20,Khadoor Sahib,23,23,PATTI,2022,eci_code,1.0,2008,3,2012;2017;2022,GEN,,23,yes,yes,3,KHADOOR SAHIB,3,agrees,,AC_list;coverage;urban_mapping
Punjab,240,Khadoor Sahib,20,Khadoor Sahib,24,24,KHADOOR SAHIB,2022,exact_name,1.0,2008,3,2012;2017;2022,GEN,,,,yes,3,KHADOOR SAHIB,3,agrees,,AC_list;coverage
Punjab,237,Baba bakala,20,Khadoor Sahib,25,25,BABA BAKALA,2022,eci_code,1.0,2008,3,2012;2017;2022,SC,,25,yes,yes,3,KHADOOR SAHIB,3,agrees,,AC_list;coverage;urban_mapping
Punjab,219,Bholath,18,Hoshiarpur,26,26,BHOLATH,2022,exact_name,1.0,2008,3,2012;2017;2022,GEN,,,,yes,5,HOSHIARPUR,5,agrees,,AC_list;coverage
Punjab,239,Kapurthala,20,Khadoor Sahib,27,27,KAPURTHALA,2022,eci_code,1.0,2008,3,2012;2017;2022,GEN,,27,yes,yes,3,KHADOOR SAHIB,3,agrees,,AC_list;coverage;urban_mapping
Punjab,243,Sultanpur lodhi,20,Khadoor Sahib,28,28,SULTANPUR LODHI,2022,eci_code,1.0,2008,3,2012;2017;2022,GEN,,28,yes,yes,3,KHADOOR SAHIB,3,agrees,,AC_list;coverage;urban_mapping
Punjab,224,Phagwara,18,Hoshiarpur,29,29,PHAGWARA,2022,eci_code,1.0,2008,3,2012;2017;2022,SC,,29,yes,yes,5,HOSHIARPUR,5,agrees,,AC_list;coverage;urban_mapping
Punjab,235,Phillaur,19,Jalandhar,30,30,PHILLAUR,2022,eci_code,1.0,2008,3,2012;2017;2022,SC,,30,yes,yes,4,JALANDHAR,4,agrees,,AC_list;coverage;urban_mapping
Punjab,234,Nakodar,19,Jalandhar,31,31,NAKODAR,2022,eci_code,1.0,2008,3,2012;2017;2022,GEN,,31,yes,yes,4,JALANDHAR,4,agrees,,AC_list;coverage;urban_mapping
Punjab,236,Shahkot,19,Jalandhar,32,32,SHAHKOT,2022,eci_code,1.0,2008,3,2012;2017;2022,GEN,,32,yes,yes,4,JALANDHAR,4,agrees,,AC_list;coverage;urban_mapping
Punjab,233,Kartarpur,19,Jalandhar,33,33,KARTARPUR,2022,eci_code,1.0,2008,3,2012;2017;2022,SC,,33,yes,yes,4,JALANDHAR,4,agrees,,AC_list;coverage;urban_mapping
Punjab,232,Jalandhar West,19,Jalandhar,34,34,JALANDHAR WEST,2022,eci_code,1.0,2008,3,2012;2017;2022,SC,,34,yes,yes,4,JALANDHAR,4,agrees,,AC_list;coverage;urban_mapping
Punjab,230,Jalandhar central,19,Jalandhar,35,35,JALANDHAR CENTRAL,2022,eci_code,1.0,2008,3,2012;2017;2022,GEN,,35,yes,yes,4,JALANDHAR,4,agrees,,AC_list;coverage;urban_mapping
Punjab,231,Jalandhar North,19,Jalandhar,36,36,JALANDHAR NORTH,2022,eci_code,1.0,2008,3,2012;2017;2022,GEN,,36,yes,yes,4,JALANDHAR,4,agrees,,AC_list;coverage;urban_mapping
Punjab,229,Jalandhar Cantt.,19,Jalandhar,37,37,JALANDHAR CANTT.,2022,exact_name,1.0,2008,3,2012;2017;2022,GEN,,,,yes,4,JALANDHAR,4,agrees,,AC_list;coverage
Punjab,228,Adampur,19,Jalandhar,38,38,ADAMPUR,2022,eci_code,1.0,2008,3,2012;2017;2022,SC,,38,yes,yes,4,JALANDHAR,4,agrees,,AC_list;coverage;urban_mapping
Punjab,223,Mukerian,18,Hoshiarpur,39,39,MUKERIAN,2022,eci_code,1.0,2008,3,2012;2017;2022,GEN,,39,yes,yes,5,HOSHIARPUR,5,agrees,,AC_list;coverage;urban_mapping
Punjab,221,Dasua,18,Hoshiarpur,40,40,DASUYA,2022,eci_code,0.909,2008,3,2012;2017;2022,GEN,,40,yes,yes,5,HOSHIARPUR,5,agrees,eci code; name spelled differently,AC_list;coverage;urban_mapping
Punjab,227,Urmar,18,Hoshiarpur,41,41,URMAR,2022,eci_code,1.0,2008,3,2012;2017;2022,GEN,,41,yes,yes,5,HOSHIARPUR,5,agrees,,AC_list;coverage;urban_mapping
Punjab,225,Sham chaurasi,18,Hoshiarpur,42,42,SHAM CHAURASI,2022,eci_code,1.0,2008,3,2012;2017;2022,SC,,42,yes,yes,5,HOSHIARPUR,5,agrees,,AC_list;coverage;urban_mapping
Punjab,222,Hoshiarpur,18,Hoshiarpur,43,43,HOSHIARPUR,2022,eci_code,1.0,2008,3,2012;2017;2022,GEN,,43,yes,yes,5,HOSHIARPUR,5,agrees,,AC_list;coverage;urban_mapping
Punjab,220,Chabbewal,18,Hoshiarpur,44,44,CHABBEWAL,2022,exact_name,1.0,2008,3,2012;2017;2022,SC,,,,yes,5,HOSHIARPUR,5,agrees,,AC_list;coverage
Punjab,169,Garhshankar,12,Anandpur Sahib,45,45,GARHSHANKAR,2022,eci_code,1.0,2008,3,2012;2017;2022,GEN,,45,yes,yes,6,ANANDPUR SAHIB,6,agrees,,AC_list;coverage;urban_mapping
Punjab,167,Banga,12,Anandpur Sahib,46,46,BANGA,2022,eci_code,1.0,2008,3,2012;2017;2022,SC,,46,yes,yes,6,ANANDPUR SAHIB,6,agrees,,AC_list;coverage;urban_mapping
Punjab,171,Nawan shahr,12,Anandpur Sahib,47,47,NAWAN SHAHR,2022,eci_code,1.0,2008,3,2012;2017;2022,GEN,,47,yes,yes,6,ANANDPUR SAHIB,6,agrees,,AC_list;coverage;urban_mapping
Punjab,166,Balachaur,12,Anandpur Sahib,48,48,BALACHAUR,2022,eci_code,1.0,2008,3,2012;2017;2022,GEN,,48,yes,yes,6,ANANDPUR SAHIB,6,agrees,,AC_list;coverage;urban_mapping
Punjab,165,Anandpur Sahib,12,Anandpur Sahib,49,49,ANANDPUR SAHIB,2022,eci_code,1.0,2008,3,2012;2017;2022,GEN,,49,yes,yes,6,ANANDPUR SAHIB,6,agrees,,AC_list;coverage;urban_mapping
Punjab,172,Rupnagar,12,Anandpur Sahib,50,50,RUPNAGAR,2022,eci_code,1.0,2008,3,2012;2017;2022,GEN,,50,yes,yes,6,ANANDPUR SAHIB,6,agrees,,AC_list;coverage;urban_mapping
Punjab,168,Chamkaur Sahib,12,Anandpur Sahib,51,51,CHAMKAUR SAHIB,2022,eci_code,1.0,2008,3,2012;2017;2022,SC,,51,yes,yes,6,ANANDPUR SAHIB,6,agrees,,AC_list;coverage;urban_mapping
Punjab,170,Kharar,12,Anandpur Sahib,52,52,KHARAR,2022,eci_code,1.0,2008,3,2012;2017;2022,GEN,,52,yes,yes,6,ANANDPUR SAHIB,6,agrees,,AC_list;coverage;urban_mapping
Punjab,173,S.a.s.nagar,12,Anandpur Sahib,53,53,S.A.S.NAGAR,2022,eci_code,1.0,2008,3,2012;2017;2022,GEN,,53,yes,yes,6,ANANDPUR SAHIB,6,agrees,,AC_list;coverage;urban_mapping
Punjab,194,Bassi pathana,15,Fatehgarh Sahib,54,54,BASSI PATHANA,2022,eci_code,1.0,2008,3,2012;2017;2022,SC,,54,yes,yes,8,FATEHGARH SAHIB,8,agrees,,AC_list;coverage;urban_mapping
Punjab,195,Fatehgarh Sahib,15,Fatehgarh Sahib,55,55,FATEHGARH SAHIB,2022,eci_code,1.0,2008,3,2012;2017;2022,GEN,,55,yes,yes,8,FATEHGARH SAHIB,8,agrees,,AC_list;coverage;urban_mapping
Punjab,193,Amloh,15,Fatehgarh Sahib,56,56,AMLOH,2022,eci_code,1.0,2008,3,2012;2017;2022,GEN,,56,yes,yes,8,FATEHGARH SAHIB,8,agrees,,AC_list;coverage;urban_mapping
Punjab,196,Khanna,15,Fatehgarh Sahib,57,57,KHANNA,2022,exact_name,1.0,2008,3,2012;2017;2022,GEN,,,,yes,8,FATEHGARH SAHIB,8,agrees,,AC_list;coverage
Punjab,200,Samrala,15,Fatehgarh Sahib,58,58,SAMRALA,2022,exact_name,1.0,2008,3,2012;2017;2022,GEN,,,,yes,8,FATEHGARH SAHIB,8,agrees,,AC_list;coverage
Punjab,199,Sahnewal,15,Fatehgarh Sahib,59,59,SAHNEWAL,2022,exact_name,1.0,2008,3,2012;2017;2022,GEN,,,,yes,8,FATEHGARH SAHIB,8,agrees,,AC_list;coverage
Punjab,251,Ludhiana East,21,Ludhiana,60,60,LUDHIANA EAST,2022,eci_code,1.0,2008,3,2012;2017;2022,GEN,,60,yes,yes,7,LUDHIANA,7,agrees,,AC_list;coverage;urban_mapping
Punjab,253,Ludhiana South,21,Ludhiana,61,61,LUDHIANA SOUTH,2022,eci_code,1.0,2008,3,2012;2017;2022,GEN,,61,yes,yes,7,LUDHIANA,7,agrees,,AC_list;coverage;urban_mapping
Punjab,246,Atam Nagar,21,Ludhiana,62,62,ATAM NAGAR,2022,exact_name,1.0,2008,3,2012;2017;2022,GEN,,,,yes,7,LUDHIANA,7,agrees,,AC_list;coverage
Punjab,250,Ludhiana central,21,Ludhiana,63,63,LUDHIANA CENTRAL,2022,eci_code,1.0,2008,3,2012;2017;2022,GEN,,63,yes,yes,7,LUDHIANA,7,agrees,,AC_list;coverage;urban_mapping
Punjab,254,Ludhiana West,21,Ludhiana,64,64,LUDHIANA WEST,2022,exact_name,1.0,2008,3,2012;2017;2022,GEN,,,,yes,7,LUDHIANA,7,agrees,,AC_list;coverage
Punjab,252,Ludhiana North,21,Ludhiana,65,65,LUDHIANA NORTH,2022,eci_code,1.0,2008,3,2012;2017;2022,GEN,,65,yes,yes,7,LUDHIANA,7,agrees,,AC_list;coverage;urban_mapping
Punjab,248,Gill,21,Ludhiana,66,66,GILL,2022,exact_name,1.0,2008,3,2012;2017;2022,SC,,,,yes,7,LUDHIANA,7,agrees,,AC_list;coverage
Punjab,197,Payal,15,Fatehgarh Sahib,67,67,PAYAL,2022,exact_name,1.0,2008,3,2012;2017;2022,SC,,,,yes,8,FATEHGARH SAHIB,8,agrees,,AC_list;coverage
Punjab,247,Dakha,21,Ludhiana,68,68,DAKHA,2022,exact_name,1.0,2008,3,2012;2017;2022,GEN,,,,yes,7,LUDHIANA,7,agrees,,AC_list;coverage
Punjab,198,Raikot,15,Fatehgarh Sahib,69,69,RAIKOT,2022,exact_name,1.0,2008,3,2012;2017;2022,SC,,,,yes,8,FATEHGARH SAHIB,8,agrees,,AC_list;coverage
Punjab,249,Jagraon,21,Ludhiana,70,70,JAGRAON,2022,eci_code,1.0,2008,3,2012;2017;2022,SC,,70,yes,yes,7,LUDHIANA,7,agrees,,AC_list;coverage;urban_mapping
Punjab,190,Nihal singhwala,14,Faridkot,71,71,NIHAL SINGH WALA,2022,eci_code,1.0,2008,3,2012;2017;2022,SC,,71,yes,yes,9,FARIDKOT,9,agrees,,AC_list;coverage;urban_mapping
Punjab,183,Bhagha Purana,14,Faridkot,72,72,BHAGHA PURANA,2022,eci_code,1.0,2008,3,2012;2017;2022,GEN,,72,yes,yes,9,FARIDKOT,9,agrees,,AC_list;coverage;urban_mapping
Punjab,189,Moga,14,Faridkot,73,73,MOGA,2022,eci_code,1.0,2008,3,2012;2017;2022,GEN,,73,yes,yes,9,FARIDKOT,9,agrees,,AC_list;coverage;urban_mapping
Punjab,184,Dharamkot,14,Faridkot,74,74,DHARAMKOT,2022,eci_code,1.0,2008,3,2012;2017;2022,GEN,,74,yes,yes,9,FARIDKOT,9,agrees,,AC_list;coverage;urban_mapping
Punjab,245,Zira,20,Khadoor Sahib,75,75,ZIRA,2022,eci_code,1.0,2008,3,2012;2017;2022,GEN,,75,yes,yes,3,KHADOOR SAHIB,3,agrees,,AC_list;coverage;urban_mapping
Punjab,204,Firozpur City,16,Firozpur,76,76,FIROZPUR CITY,2022,eci_code,1.0,2008,3,2012;2017;2022,GEN,,76,yes,yes,10,FIROZPUR,10,agrees,,AC_list;coverage;urban_mapping
Punjab,205,Firozpur Rural,16,Firozpur,77,77,FIROZPUR RURAL,2022,eci_code,1.0,2008,3,2012;2017;2022,SC,,77,yes,yes,10,FIROZPUR,10,agrees,,AC_list;coverage;urban_mapping
Punjab,206,Guru har sahai,16,Firozpur,78,78,GURU HAR SAHAI,2022,eci_code,1.0,2008,3,2012;2017;2022,GEN,,78,yes,yes,10,FIROZPUR,10,agrees,,AC_list;coverage;urban_mapping
Punjab,207,Jalalabad,16,Firozpur,79,79,JALALABAD,2022,eci_code,1.0,2008,3,2012;2017;2022,GEN,,79,yes,yes,10,FIROZPUR,10,agrees,,AC_list;coverage;urban_mapping
Punjab,203,Fazilka,16,Firozpur,80,80,FAZILKA,2022,eci_code,1.0,2008,3,2012;2017;2022,GEN,,80,yes,yes,10,FIROZPUR,10,agrees,,AC_list;coverage;urban_mapping
Punjab,201,Abohar,16,Firozpur,81,81,ABOHAR,2022,eci_code,1.0,2008,3,2012;2017;2022,GEN,,81,yes,yes,10,FIROZPUR,10,agrees,,AC_list;coverage;urban_mapping
Punjab,202,Balluana,16,Firozpur,82,82,BALLUANA,2022,exact_name,1.0,2008,3,2012;2017;2022,SC,,,,yes,10,FIROZPUR,10,agrees,,AC_list;coverage
Punjab,178,Lambi,13,Bathinda,83,83,LAMBI,2022,exact_name,1.0,2008,3,2012;2017;2022,GEN,,,,yes,11,BATHINDA,11,agrees,,AC_list;coverage
Punjab,186,Giddarbaha,14,Faridkot,84,84,GIDDERBAHA,2022,eci_code,0.9,2008,3,2012;2017;2022,GEN,,84,yes,yes,9,FARIDKOT,9,agrees,eci code; name spelled differently,AC_list;coverage;urban_mapping
Punjab,208,Malout,16,Firozpur,85,85,MALOUT,2022,eci_code,1.0,2008,3,2012;2017;2022,SC,,85,yes,yes,10,FIROZPUR,10,agrees,,AC_list;coverage;urban_mapping
Punjab,209,Muktsar,16,Firozpur,86,86,MUKTSAR,2022,eci_code,1.0,2008,3,2012;2017;2022,GEN,,86,yes,yes,10,FIROZPUR,10,agrees,,AC_list;coverage;urban_mapping
Punjab,185,Faridkot,14,Faridkot,87,87,FARIDKOT,2022,eci_code,1.0,2008,3,2012;2017;2022,GEN,,87,yes,yes,9,FARIDKOT,9,agrees,,AC_list;coverage;urban_mapping
Punjab,188,Katkapura,14,Faridkot,88,88,KOTKAPURA,2022,eci_code,0.889,2008,3,2012;2017;2022,GEN,,88,yes,yes,9,FARIDKOT,9,agrees,eci code; name spelled differently,AC_list;coverage;urban_mapping
Punjab,187,Jaitu,14,Faridkot,89,89,JAITU,2022,eci_code,1.0,2008,3,2012;2017;2022,SC,,89,yes,yes,9,FARIDKOT,9,agrees,,AC_list;coverage;urban_mapping
Punjab,191,Rampura phul,14,Faridkot,90,90,RAMPURA PHUL,2022,exact_name,1.0,2008,3,2012;2017;2022,GEN,,,,yes,9,FARIDKOT,9,agrees,,AC_list;coverage
Punjab,176,Bhucho mandi,13,Bathinda,91,91,BHUCHO MANDI,2022,eci_code,1.0,2008,3,2012;2017;2022,SC,,91,yes,yes,11,BATHINDA,11,agrees,,AC_list;coverage;urban_mapping
Punjab,175,Bathinda urban,13,Bathinda,92,92,BATHINDA URBAN,2022,eci_code,1.0,2008,3,2012;2017;2022,GEN,,92,yes,yes,11,BATHINDA,11,agrees,,AC_list;coverage;urban_mapping
Punjab,174,Bathinda Rural,13,Bathinda,93,93,BATHINDA RURAL,2022,eci_code,1.0,2008,3,2012;2017;2022,SC,,93,yes,yes,11,BATHINDA,11,agrees,,AC_list;coverage;urban_mapping
Punjab,182,Talwandi sabo,13,Bathinda,94,94,TALWANDI SABO,2022,eci_code,1.0,2008,3,2012;2017;2022,GEN,,94,yes,yes,11,BATHINDA,11,agrees,,AC_list;coverage;urban_mapping
Punjab,180,Maur,13,Bathinda,95,95,MAUR,2022,eci_code,1.0,2008,3,2012;2017;2022,GEN,,95,yes,yes,11,BATHINDA,11,agrees,,AC_list;coverage;urban_mapping
Punjab,179,Mansa,13,Bathinda,96,96,MANSA,2022,eci_code,1.0,2008,3,2012;2017;2022,GEN,,96,yes,yes,11,BATHINDA,11,agrees,,AC_list;coverage;urban_mapping
Punjab,181,Sardulgarh,13,Bathinda,97,97,SARDULGARH,2022,exact_name,1.0,2008,3,2012;2017;2022,GEN,,,,yes,11,BATHINDA,11,agrees,,AC_list;coverage
Punjab,177,Budhlada,13,Bathinda,98,98,BUDHLADA,2022,eci_code,1.0,2008,3,2012;2017;2022,SC,,98,yes,yes,11,BATHINDA,11,agrees,,AC_list;coverage;urban_mapping
Punjab,268,Lehra,23,Sangrur,99,99,LEHRA,2022,exact_name,1.0,2008,3,2012;2017;2022,GEN,,,,yes,12,SANGRUR,12,agrees,,AC_list;coverage
Punjab,267,Dirba,23,Sangrur,100,100,DIRBA,2022,eci_code,1.0,2008,3,2012;2017;2022,SC,,100,yes,yes,12,SANGRUR,12,agrees,,AC_list;coverage;urban_mapping
Punjab,272,Sunam,23,Sangrur,101,101,SUNAM,2022,eci_code,1.0,2008,3,2012;2017;2022,GEN,,101,yes,yes,12,SANGRUR,12,agrees,,AC_list;coverage;urban_mapping
Punjab,265,Bhadaur,23,Sangrur,102,102,BHADAUR,2022,eci_code,1.0,2008,3,2012;2017;2022,SC,,102,yes,yes,12,SANGRUR,12,agrees,,AC_list;coverage;urban_mapping
Punjab,264,Barnala,23,Sangrur,103,103,BARNALA,2022,eci_code,1.0,2008,3,2012;2017;2022,GEN,,103,yes,yes,12,SANGRUR,12,agrees,,AC_list;coverage;urban_mapping
Punjab,270,Mehal kalan,23,Sangrur,104,104,MEHAL KALAN,2022,exact_name,1.0,2008,3,2012;2017;2022,SC,,,,yes,12,SANGRUR,12,agrees,,AC_list;coverage
Punjab,269,Malerkotla,23,Sangrur,105,105,MALERKOTLA,2022,eci_code,1.0,2008,3,2012;2017;2022,GEN,,105,yes,yes,12,SANGRUR,12,agrees,,AC_list;coverage;urban_mapping
Punjab,192,Amargarh,15,Fatehgarh Sahib,106,106,AMARGARH,2022,exact_name,1.0,2008,3,2012;2017;2022,GEN,,,,yes,8,FATEHGARH SAHIB,8,agrees,,AC_list;coverage
Punjab,266,Dhuri,23,Sangrur,107,107,DHURI,2022,eci_code,1.0,2008,3,2012;2017;2022,GEN,,107,yes,yes,12,SANGRUR,12,agrees,,AC_list;coverage;urban_mapping
Punjab,271,Sangrur,23,Sangrur,108,108,SANGRUR,2022,eci_code,1.0,2008,3,2012;2017;2022,GEN,,108,yes,yes,12,SANGRUR,12,agrees,,AC_list;coverage;urban_mapping
Punjab,257,Nabha,22,Patiala,109,109,NABHA,2022,eci_code,1.0,2008,3,2012;2017;2022,SC,,109,yes,yes,13,PATIALA,13,agrees,,AC_list;coverage;urban_mapping
Punjab,259,Patiala Rural,22,Patiala,110,110,PATIALA RURAL,2022,exact_name,1.0,2008,3,2012;2017;2022,GEN,,,,yes,13,PATIALA,13,agrees,,AC_list;coverage
Punjab,260,Rajpura,22,Patiala,111,111,RAJPURA,2022,eci_code,1.0,2008,3,2012;2017;2022,GEN,,111,yes,yes,13,PATIALA,13,agrees,,AC_list;coverage;urban_mapping
Punjab,255,Dera bassi,22,Patiala,112,112,DERA BASSI,2022,exact_name,1.0,2008,3,2012;2017;2022,GEN,,,,yes,13,PATIALA,13,agrees,,AC_list;coverage
Punjab,256,Ghanaur,22,Patiala,113,113,GHANAUR,2022,eci_code,1.0,2008,3,2012;2017;2022,GEN,,113,yes,yes,13,PATIALA,13,agrees,,AC_list;coverage;urban_mapping
Punjab,262,Sanour,22,Patiala,114,114,SANOUR,2022,eci_code,1.0,2008,3,2012;2017;2022,GEN,,114,yes,yes,13,PATIALA,13,agrees,,AC_list;coverage;urban_mapping
Punjab,258,Patiala,22,Patiala,115,115,PATIALA,2022,eci_code,1.0,2008,3,2012;2017;2022,GEN,,115,yes,yes,13,PATIALA,13,agrees,,AC_list;coverage;urban_mapping
Punjab,261,Samana,22,Patiala,116,116,SAMANA,2022,eci_code,1.0,2008,3,2012;2017;2022,GEN,,116,yes,yes,13,PATIALA,13,agrees,,AC_list;coverage;urban_mapping
Punjab,263,Shutrana,22,Patiala,117,117,SHUTRANA,2022,exact_name,1.0,2008,3,2012;2017;2022,SC,,,,yes,13,PATIALA,13,agrees,,AC_list;coverage
Rajasthan,589,Sadulshahar,57,Ganganagar,1,1,SADULSHAHAR,2023,eci_code,1.0,2008,8,2013;2018;2023,GEN,,1,yes,yes,1,GANGANAGAR,1,agrees,,AC_list;coverage;urban_mapping
Rajasthan,584,Ganganagar,57,Ganganagar,2,2,GANGANAGAR,2023,eci_code,1.0,2008,8,2013;2018;2023,GEN,,2,yes,yes,1,GANGANAGAR,1,agrees,,AC_list;coverage;urban_mapping
Rajasthan,586,Karanpur,57,Ganganagar,3,3,KARANPUR,2023,eci_code,1.0,2008,8,2013;2018;2023,GEN,,3,yes,yes,1,GANGANAGAR,1,agrees,,AC_list;coverage;urban_mapping
Rajasthan,591,Suratgarh,57,Ganganagar,4,4,SURATGARH,2023,eci_code,1.0,2008,8,2013;2018;2023,GEN,,4,yes,yes,1,GANGANAGAR,1,agrees,,AC_list;coverage;urban_mapping
Rajasthan,588,Raisingh Nagar,57,Ganganagar,5,5,RAISINGHNAGAR,2023,eci_code,1.0,2008,8,2013;2018;2023,SC,,5,yes,yes,1,GANGANAGAR,1,agrees,,AC_list;coverage;urban_mapping
Rajasthan,552,Anupgarh,53,Bikaner,6,6,ANUPGARH,2023,eci_code,1.0,2008,8,2013;2018;2023,SC,,6,yes,yes,2,BIKANER,2,agrees,,AC_list;coverage;urban_mapping
Rajasthan,590,Sangaria,57,Ganganagar,7,7,SANGARIA,2023,exact_name,1.0,2008,8,2013;2018;2023,GEN,,,,yes,1,GANGANAGAR,1,agrees,,AC_list;coverage
Rajasthan,585,Hanumangarh,57,Ganganagar,8,8,HANUMANGARH,2023,eci_code,1.0,2008,8,2013;2018;2023,GEN,,8,yes,yes,1,GANGANAGAR,1,agrees,,AC_list;coverage;urban_mapping
Rajasthan,587,Pilibanga,57,Ganganagar,9,9,PILIBANGA,2023,eci_code,1.0,2008,8,2013;2018;2023,SC,,9,yes,yes,1,GANGANAGAR,1,agrees,,AC_list;coverage;urban_mapping
Rajasthan,570,Nohar,55,Churu,10,10,NOHAR,2023,eci_code,1.0,2008,8,2013;2018;2023,GEN,,10,yes,yes,3,CHURU,3,agrees,,AC_list;coverage;urban_mapping
Rajasthan,568,Bhadra,55,Churu,11,11,BHADRA,2023,eci_code,1.0,2008,8,2013;2018;2023,GEN,,11,yes,yes,3,CHURU,3,agrees,,AC_list;coverage;urban_mapping
Rajasthan,556,Khajuwala,53,Bikaner,12,12,KHAJUWALA,2023,eci_code,1.0,2008,8,2013;2018;2023,SC,,12,yes,yes,2,BIKANER,2,agrees,,AC_list;coverage;urban_mapping
Rajasthan,554,Bikaner West,53,Bikaner,13,13,BIKANER WEST,2023,eci_code,1.0,2008,8,2013;2018;2023,GEN,,13,yes,yes,2,BIKANER,2,agrees,,AC_list;coverage;urban_mapping
Rajasthan,553,Bikaner East,53,Bikaner,14,14,BIKANER EAST,2023,exact_name,1.0,2008,8,2013;2018;2023,GEN,,,,yes,2,BIKANER,2,agrees,,AC_list;coverage
Rajasthan,557,Kolayat,53,Bikaner,15,15,KOLAYAT,2023,eci_code,1.0,2008,8,2013;2018;2023,GEN,,15,yes,yes,2,BIKANER,2,agrees,,AC_list;coverage;urban_mapping
Rajasthan,558,Lunkaransar,53,Bikaner,16,16,LUNKARANSAR,2023,eci_code,1.0,2008,8,2013;2018;2023,GEN,,16,yes,yes,2,BIKANER,2,agrees,,AC_list;coverage;urban_mapping
Rajasthan,555,Dungargarh,53,Bikaner,17,17,DUNGARGARH,2023,eci_code,1.0,2008,8,2013;2018;2023,GEN,,17,yes,yes,2,BIKANER,2,agrees,,AC_list;coverage;urban_mapping
Rajasthan,559,Nokha,53,Bikaner,18,18,NOKHA,2023,eci_code,1.0,2008,8,2013;2018;2023,GEN,,18,yes,yes,2,BIKANER,2,agrees,,AC_list;coverage;urban_mapping
Rajasthan,572,Sadulpur,55,Churu,19,19,SADULPUR,2023,eci_code,1.0,2008,8,2013;2018;2023,GEN,,19,yes,yes,3,CHURU,3,agrees,,AC_list;coverage;urban_mapping
Rajasthan,575,Taranagar,55,Churu,20,20,TARANAGAR,2023,eci_code,1.0,2008,8,2013;2018;2023,GEN,,20,yes,yes,3,CHURU,3,agrees,,AC_list;coverage;urban_mapping
Rajasthan,573,Sardarshahar,55,Churu,21,21,SARDAR SHAHAR,2023,eci_code,1.0,2008,8,2013;2018;2023,GEN,,21,yes,yes,3,CHURU,3,agrees,,AC_list;coverage;urban_mapping
Rajasthan,569,Churu,55,Churu,22,22,CHURU,2023,eci_code,1.0,2008,8,2013;2018;2023,GEN,,22,yes,yes,3,CHURU,3,agrees,,AC_list;coverage;urban_mapping
Rajasthan,571,Ratangarh,55,Churu,23,23,RATANGARH,2023,exact_name,1.0,2008,8,2013;2018;2023,GEN,,,,yes,3,CHURU,3,agrees,,AC_list;coverage
Rajasthan,574,Sujangarh,55,Churu,24,24,SUJANGARH,2023,eci_code,1.0,2008,8,2013;2018;2023,SC,,24,yes,yes,3,CHURU,3,agrees,,AC_list;coverage;urban_mapping
Rajasthan,629,Pilani,62,Jhunjhunu,25,25,PILANI,2023,eci_code,1.0,2008,8,2013;2018;2023,SC,,25,yes,yes,4,JHUNJHUNU,4,agrees,,AC_list;coverage;urban_mapping
Rajasthan,630,Surajgarh,62,Jhunjhunu,26,26,SURAJGARH,2023,eci_code,1.0,2008,8,2013;2018;2023,GEN,,26,yes,yes,4,JHUNJHUNU,4,agrees,,AC_list;coverage;urban_mapping
Rajasthan,625,Jhunjhunu,62,Jhunjhunu,27,27,JHUNJHUNU,2023,eci_code,1.0,2008,8,2013;2018;2023,GEN,,27,yes,yes,4,JHUNJHUNU,4,agrees,,AC_list;coverage;urban_mapping
Rajasthan,627,Mandawa,62,Jhunjhunu,28,28,MANDAWA,2023,eci_code,1.0,2008,8,2013;2018;2023,GEN,,28,yes,yes,4,JHUNJHUNU,4,agrees,,AC_list;coverage;urban_mapping
Rajasthan,628,Nawalgarh,62,Jhunjhunu,29,29,NAWALGARH,2023,eci_code,1.0,2008,8,2013;2018;2023,GEN,,29,yes,yes,4,JHUNJHUNU,4,agrees,,AC_list;coverage;urban_mapping
Rajasthan,631,Udaipurwati,62,Jhunjhunu,30,30,UDAIPURWATI,2023,eci_code,1.0,2008,8,2013;2018;2023,GEN,,30,yes,yes,4,JHUNJHUNU,4,agrees,,AC_list;coverage;urban_mapping
Rajasthan,626,Khetri,62,Jhunjhunu,31,31,KHETRI,2023,exact_name,1.0,2008,8,2013;2018;2023,GEN,,,,yes,4,JHUNJHUNU,4,agrees,,AC_list;coverage
Rajasthan,624,Fatehpur,62,Jhunjhunu,32,32,FATEHPUR,2023,eci_code,1.0,2008,8,2013;2018;2023,GEN,,32,yes,yes,4,JHUNJHUNU,4,agrees,,AC_list;coverage;urban_mapping
Rajasthan,684,Lachhmangarh,69,Sikar,33,33,LACHHMANGARH,2023,exact_name,1.0,2008,8,2013;2018;2023,GEN,,,,yes,5,SIKAR,5,agrees,,AC_list;coverage
Rajasthan,682,Dhod,69,Sikar,34,34,DHOD,2023,eci_code,1.0,2008,8,2013;2018;2023,SC,,34,yes,yes,5,SIKAR,5,agrees,,AC_list;coverage;urban_mapping
Rajasthan,686,Sikar,69,Sikar,35,35,SIKAR,2023,eci_code,1.0,2008,8,2013;2018;2023,GEN,,35,yes,yes,5,SIKAR,5,agrees,,AC_list;coverage;urban_mapping
Rajasthan,681,Danta ramgarh,69,Sikar,36,36,DANTA-RAMGARH,2023,eci_code,1.0,2008,8,2013;2018;2023,GEN,,36,yes,yes,5,SIKAR,5,agrees,,AC_list;coverage;urban_mapping
Rajasthan,683,Khandela,69,Sikar,37,37,KHANDELA,2023,eci_code,1.0,2008,8,2013;2018;2023,GEN,,37,yes,yes,5,SIKAR,5,agrees,,AC_list;coverage;urban_mapping
Rajasthan,685,Neem ka thana,69,Sikar,38,38,NEEM KA THANA,2023,exact_name,1.0,2008,8,2013;2018;2023,GEN,,,,yes,5,SIKAR,5,agrees,,AC_list;coverage
Rajasthan,687,Srimadhopur,69,Sikar,39,39,SRIMADHOPUR,2023,exact_name,1.0,2008,8,2013;2018;2023,GEN,,,,yes,5,SIKAR,5,agrees,,AC_list;coverage
Rajasthan,604,Kotputli,59,Jaipur Rural,40,40,KOTPUTLI,2023,eci_code,1.0,2008,8,2013;2018;2023,GEN,,40,yes,yes,6,JAIPUR RURAL,6,agrees,,AC_list;coverage;urban_mapping
Rajasthan,607,Viratnagar,59,Jaipur Rural,41,41,VIRATNAGAR,2023,eci_code,1.0,2008,8,2013;2018;2023,GEN,,41,yes,yes,6,JAIPUR RURAL,6,agrees,,AC_list;coverage;urban_mapping
Rajasthan,606,Shahpura,59,Jaipur Rural,42,42,SHAHPURA,2023,eci_code,1.0,2008,8,2013;2018;2023,GEN,,42,yes,yes,6,JAIPUR RURAL,6,agrees,,AC_list;coverage;urban_mapping
Rajasthan,680,Chomu,69,Sikar,43,43,CHOMU,2023,eci_code,1.0,2008,8,2013;2018;2023,GEN,,43,yes,yes,5,SIKAR,5,agrees,,AC_list;coverage;urban_mapping
Rajasthan,605,Phulera,59,Jaipur Rural,44,44,PHULERA,2023,eci_code,1.0,2008,8,2013;2018;2023,GEN,,44,yes,yes,6,JAIPUR RURAL,6,agrees,,AC_list;coverage;urban_mapping
Rajasthan,506,Dudu,47,Ajmer,45,45,DUDU,2023,eci_code,1.0,2008,8,2013;2018;2023,SC,,45,yes,yes,13,AJMER,13,agrees,,AC_list;coverage;urban_mapping
Rajasthan,603,Jhotwara,59,Jaipur Rural,46,46,JHOTWARA,2023,eci_code,1.0,2008,8,2013;2018;2023,GEN,,46,yes,yes,6,JAIPUR RURAL,6,agrees,,AC_list;coverage;urban_mapping
Rajasthan,600,Amber,59,Jaipur Rural,47,47,AMBER,2023,exact_name,1.0,2008,8,2013;2018;2023,GEN,,,,yes,6,JAIPUR RURAL,6,agrees,,AC_list;coverage
Rajasthan,602,Jamwa ramgarh,59,Jaipur Rural,48,48,JAMWA RAMGARH,2023,eci_code,1.0,2008,8,2013;2018;2023,ST,,48,yes,yes,6,JAIPUR RURAL,6,agrees,,AC_list;coverage;urban_mapping
Rajasthan,595,Hawa mahal,58,Jaipur,49,49,HAWAMAHAL,2023,eci_code,1.0,2008,8,2013;2018;2023,GEN,,49,yes,yes,7,JAIPUR,7,agrees,,AC_list;coverage;urban_mapping
Rajasthan,599,Vidhyadhar Nagar,58,Jaipur,50,50,VIDHYADHAR NAGAR,2023,eci_code,1.0,2008,8,2013;2018;2023,GEN,,50,yes,yes,7,JAIPUR,7,agrees,,AC_list;coverage;urban_mapping
Rajasthan,594,Civil lines,58,Jaipur,51,51,CIVIL LINES,2023,eci_code,1.0,2008,8,2013;2018;2023,GEN,,51,yes,yes,7,JAIPUR,7,agrees,,AC_list;coverage;urban_mapping
Rajasthan,596,Kishan pole,58,Jaipur,52,52,KISHANPOLE,2023,eci_code,1.0,2008,8,2013;2018;2023,GEN,,52,yes,yes,7,JAIPUR,7,agrees,,AC_list;coverage;urban_mapping
Rajasthan,592,Adarsh Nagar,58,Jaipur,53,53,ADARSH NAGAR,2023,eci_code,1.0,2008,8,2013;2018;2023,GEN,,53,yes,yes,7,JAIPUR,7,agrees,,AC_list;coverage;urban_mapping
Rajasthan,597,Malviya Nagar,58,Jaipur,54,54,MALVIYA NAGAR,2023,eci_code,1.0,2008,8,2013;2018;2023,GEN,,54,yes,yes,7,JAIPUR,7,agrees,,AC_list;coverage;urban_mapping
Rajasthan,598,Sanganer,58,Jaipur,55,55,SANGANER,2023,eci_code,1.0,2008,8,2013;2018;2023,GEN,,55,yes,yes,7,JAIPUR,7,agrees,,AC_list;coverage;urban_mapping
Rajasthan,593,Bagru,58,Jaipur,56,56,BAGRU,2023,eci_code,1.0,2008,8,2013;2018;2023,SC,,56,yes,yes,7,JAIPUR,7,agrees,,AC_list;coverage;urban_mapping
Rajasthan,577,Bassi,56,Dausa,57,57,BASSI,2023,eci_code,1.0,2008,8,2013;2018;2023,ST,,57,yes,yes,11,DAUSA,11,agrees,,AC_list;coverage;urban_mapping
Rajasthan,578,Chaksu,56,Dausa,58,58,CHAKSU,2023,eci_code,1.0,2008,8,2013;2018;2023,SC,,58,yes,yes,11,DAUSA,11,agrees,,AC_list;coverage;urban_mapping
Rajasthan,519,Tijara,48,Alwar,59,59,TIJARA,2023,eci_code,1.0,2008,8,2013;2018;2023,GEN,,59,yes,yes,8,ALWAR,8,agrees,,AC_list;coverage;urban_mapping
Rajasthan,515,Kishangarh bas,48,Alwar,60,60,KISHANGARH BAS,2023,eci_code,1.0,2008,8,2013;2018;2023,GEN,,60,yes,yes,8,ALWAR,8,agrees,,AC_list;coverage;urban_mapping
Rajasthan,516,Mundawar,48,Alwar,61,61,MUNDAWAR,2023,eci_code,1.0,2008,8,2013;2018;2023,GEN,,61,yes,yes,8,ALWAR,8,agrees,,AC_list;coverage;urban_mapping
Rajasthan,514,Behror,48,Alwar,62,62,BEHROR,2023,eci_code,1.0,2008,8,2013;2018;2023,GEN,,62,yes,yes,8,ALWAR,8,agrees,,AC_list;coverage;urban_mapping
Rajasthan,601,Bansur,59,Jaipur Rural,63,63,BANSUR,2023,eci_code,1.0,2008,8,2013;2018;2023,GEN,,63,yes,yes,6,JAIPUR RURAL,6,agrees,,AC_list;coverage;urban_mapping
Rajasthan,583,Thanagazi,56,Dausa,64,64,THANAGAZI,2023,eci_code,1.0,2008,8,2013;2018;2023,GEN,,64,yes,yes,11,DAUSA,11,agrees,,AC_list;coverage;urban_mapping
Rajasthan,512,Alwar Rural,48,Alwar,65,65,ALWAR RURAL,2023,eci_code,1.0,2008,8,2013;2018;2023,SC,,65,yes,yes,8,ALWAR,8,agrees,,AC_list;coverage;urban_mapping
Rajasthan,513,Alwar urban,48,Alwar,66,66,ALWAR URBAN,2023,eci_code,1.0,2008,8,2013;2018;2023,GEN,,66,yes,yes,8,ALWAR,8,agrees,,AC_list;coverage;urban_mapping
Rajasthan,518,Ramgarh,48,Alwar,67,67,RAMGARH,2023,eci_code,1.0,2008,8,2013;2023,GEN,,67,yes,yes,8,ALWAR,8,agrees,,AC_list;coverage;urban_mapping
Rajasthan,517,Rajgarh laxmangarh,48,Alwar,68,68,RAJGARH-LAXMANGARH,2023,eci_code,1.0,2008,8,2013;2018;2023,ST,,68,yes,yes,8,ALWAR,8,agrees,,AC_list;coverage;urban_mapping
Rajasthan,540,Kathumar,51,Bharatpur,69,69,KATHUMAR,2023,eci_code,1.0,2008,8,2013;2018;2023,SC,,69,yes,yes,9,BHARATPUR,9,agrees,,AC_list;coverage;urban_mapping
Rajasthan,539,Kaman,51,Bharatpur,70,70,KAMAN,2023,eci_code,1.0,2008,8,2013;2018;2023,GEN,,70,yes,yes,9,BHARATPUR,9,agrees,,AC_list;coverage;urban_mapping
Rajasthan,542,Nagar,51,Bharatpur,71,71,NAGAR,2023,eci_code,1.0,2008,8,2013;2018;2023,GEN,,71,yes,yes,9,BHARATPUR,9,agrees,,AC_list;coverage;urban_mapping
Rajasthan,538,Deeg-kumher,51,Bharatpur,72,72,DEEG-KUMHER,2023,exact_name,1.0,2008,8,2013;2018;2023,GEN,,,,yes,9,BHARATPUR,9,agrees,,AC_list;coverage
Rajasthan,537,Bharatpur,51,Bharatpur,73,73,BHARATPUR,2023,eci_code,1.0,2008,8,2013;2018;2023,GEN,,73,yes,yes,9,BHARATPUR,9,agrees,,AC_list;coverage;urban_mapping
Rajasthan,541,Nadbai,51,Bharatpur,74,74,NADBAI,2023,exact_name,1.0,2008,8,2013;2018;2023,GEN,,,,yes,9,BHARATPUR,9,agrees,,AC_list;coverage
Rajasthan,543,Weir,51,Bharatpur,75,75,WEIR,2023,eci_code,1.0,2008,8,2013;2018;2023,SC,,75,yes,yes,9,BHARATPUR,9,agrees,,AC_list;coverage;urban_mapping
Rajasthan,536,Bayana,51,Bharatpur,76,76,BAYANA,2023,eci_code,1.0,2008,8,2013;2018;2023,SC,,76,yes,yes,9,BHARATPUR,9,agrees,,AC_list;coverage;urban_mapping
Rajasthan,641,Baseri,64,Karauli-Dholpur,77,77,BASERI,2023,eci_code,1.0,2008,8,2013;2018;2023,SC,,77,yes,yes,10,KARAULI-DHOLPUR,10,agrees,,AC_list;coverage;urban_mapping
Rajasthan,640,Bari,64,Karauli-Dholpur,78,78,BARI,2023,eci_code,1.0,2008,8,2013;2018;2023,GEN,,78,yes,yes,10,KARAULI-DHOLPUR,10,agrees,,AC_list;coverage;urban_mapping
Rajasthan,642,Dholpur,64,Karauli-Dholpur,79,79,DHOLPUR,2023,eci_code,1.0,2008,8,2013;2018;2023,GEN,,79,yes,yes,10,KARAULI-DHOLPUR,10,agrees,,AC_list;coverage;urban_mapping
Rajasthan,645,Rajakhera,64,Karauli-Dholpur,80,80,RAJAKHERA,2023,eci_code,1.0,2008,8,2013;2018;2023,GEN,,80,yes,yes,10,KARAULI-DHOLPUR,10,agrees,,AC_list;coverage;urban_mapping
Rajasthan,647,Todabhim,64,Karauli-Dholpur,81,81,TODABHIM,2023,exact_name,1.0,2008,8,2013;2018;2023,ST,,,,yes,10,KARAULI-DHOLPUR,10,agrees,,AC_list;coverage
Rajasthan,643,Hindaun,64,Karauli-Dholpur,82,82,HINDAUN,2023,eci_code,1.0,2008,8,2013;2018;2023,SC,,82,yes,yes,10,KARAULI-DHOLPUR,10,agrees,,AC_list;coverage;urban_mapping
Rajasthan,644,Karauli,64,Karauli-Dholpur,83,83,KARAULI,2023,eci_code,1.0,2008,8,2013;2018;2023,GEN,,83,yes,yes,10,KARAULI-DHOLPUR,10,agrees,,AC_list;coverage;urban_mapping
Rajasthan,646,Sapotra,64,Karauli-Dholpur,84,84,SAPOTRA,2023,eci_code,1.0,2008,8,2013;2018;2023,ST,,84,yes,yes,10,KARAULI-DHOLPUR,10,agrees,,AC_list;coverage;urban_mapping
Rajasthan,576,Bandikui,56,Dausa,85,85,BANDIKUI,2023,eci_code,1.0,2008,8,2013;2018;2023,GEN,,85,yes,yes,11,DAUSA,11,agrees,,AC_list;coverage;urban_mapping
Rajasthan,581,Mahuwa,56,Dausa,86,86,MAHUWA,2023,exact_name,1.0,2008,8,2013;2018;2023,GEN,,,,yes,11,DAUSA,11,agrees,,AC_list;coverage
Rajasthan,582,Sikrai,56,Dausa,87,87,SIKRAI,2023,eci_code,1.0,2008,8,2013;2018;2023,SC,,87,yes,yes,11,DAUSA,11,agrees,,AC_list;coverage;urban_mapping
Rajasthan,579,Dausa,56,Dausa,88,88,DAUSA,2023,eci_code,1.0,2008,8,2013;2018;2023,GEN,,88,yes,yes,11,DAUSA,11,agrees,,AC_list;coverage;urban_mapping
Rajasthan,580,Lalsot,56,Dausa,89,89,LALSOT,2023,eci_code,1.0,2008,8,2013;2018;2023,ST,,89,yes,yes,11,DAUSA,11,agrees,,AC_list;coverage;urban_mapping
Rajasthan,690,Gangapur,70,Tonk-Sawai Madhopur,90,90,GANGAPUR,2023,eci_code,1.0,2008,8,2013;2018;2023,GEN,,90,yes,yes,12,TONK-SAWAI MADHOPUR,12,agrees,,AC_list;coverage;urban_mapping
Rajasthan,688,Bamanwas,70,Tonk-Sawai Madhopur,91,91,BAMANWAS,2023,eci_code,1.0,2008,8,2013;2018;2023,ST,,91,yes,yes,12,TONK-SAWAI MADHOPUR,12,agrees,,AC_list;coverage;urban_mapping
Rajasthan,694,Sawai madhopur,70,Tonk-Sawai Madhopur,92,92,SAWAI MADHOPUR,2023,eci_code,1.0,2008,8,2013;2018;2023,GEN,,92,yes,yes,12,TONK-SAWAI MADHOPUR,12,agrees,,AC_list;coverage;urban_mapping
Rajasthan,691,Khandar,70,Tonk-Sawai Madhopur,93,93,KHANDAR,2023,eci_code,1.0,2008,8,2013;2018;2023,SC,,93,yes,yes,12,TONK-SAWAI MADHOPUR,12,agrees,,AC_list;coverage;urban_mapping
Rajasthan,692,Malpura,70,Tonk-Sawai Madhopur,94,94,MALPURA,2023,eci_code,1.0,2008,8,2013;2018;2023,GEN,,94,yes,yes,12,TONK-SAWAI MADHOPUR,12,agrees,,AC_list;coverage;urban_mapping
Rajasthan,693,Niwai,70,Tonk-Sawai Madhopur,95,95,NIWAI,2023,eci_code,1.0,2008,8,2013;2018;2023,SC,,95,yes,yes,12,TONK-SAWAI MADHOPUR,12,agrees,,AC_list;coverage;urban_mapping
Rajasthan,695,Tonk,70,Tonk-Sawai Madhopur,96,96,TONK,2023,eci_code,1.0,2008,8,2013;2018;2023,GEN,,96,yes,yes,12,TONK-SAWAI MADHOPUR,12,agrees,,AC_list;coverage;urban_mapping
Rajasthan,689,Deoli - uniara,70,Tonk-Sawai Madhopur,97,97,DEOLI UNIARA,2023,eci_code,1.0,2008,8,2013;2018;2023,GEN,,97,yes,yes,12,TONK-SAWAI MADHOPUR,12,agrees,,AC_list;coverage;urban_mapping
Rajasthan,508,Kishangarh,47,Ajmer,98,98,KISHANGARH,2023,eci_code,1.0,2008,8,2013;2018;2023,GEN,,98,yes,yes,13,AJMER,13,agrees,,AC_list;coverage;urban_mapping
Rajasthan,511,Pushkar,47,Ajmer,99,99,PUSHKAR,2023,exact_name,1.0,2008,8,2013;2018;2023,GEN,,,,yes,13,AJMER,13,agrees,,AC_list;coverage
Rajasthan,504,Ajmer North,47,Ajmer,100,100,AJMER NORTH,2023,eci_code,1.0,2008,8,2013;2018;2023,GEN,,100,yes,yes,13,AJMER,13,agrees,,AC_list;coverage;urban_mapping
Rajasthan,505,Ajmer South,47,Ajmer,101,101,AJMER SOUTH,2023,eci_code,1.0,2008,8,2013;2018;2023,SC,,101,yes,yes,13,AJMER,13,agrees,,AC_list;coverage;urban_mapping
Rajasthan,510,Nasirabad,47,Ajmer,102,102,NASIRABAD,2023,eci_code,1.0,2008,8,2013;2018;2023,GEN,,102,yes,yes,13,AJMER,13,agrees,,AC_list;coverage;urban_mapping
Rajasthan,672,Beawar,68,Rajsamand,103,103,BEAWAR,2023,eci_code,1.0,2008,8,2013;2018;2023,GEN,,103,yes,yes,22,RAJSAMAND,22,agrees,,AC_list;coverage;urban_mapping
Rajasthan,509,Masuda,47,Ajmer,104,104,MASUDA,2023,eci_code,1.0,2008,8,2013;2018;2023,GEN,,104,yes,yes,13,AJMER,13,agrees,,AC_list;coverage;urban_mapping
Rajasthan,507,Kekri,47,Ajmer,105,105,KEKRI,2023,eci_code,1.0,2008,8,2013;2018;2023,GEN,,105,yes,yes,13,AJMER,13,agrees,,AC_list;coverage;urban_mapping
Rajasthan,659,Ladnun,66,Nagaur,106,106,LADNU,2023,eci_code,0.909,2008,8,2013;2018;2023,GEN,,106,yes,yes,14,NAGAUR,14,agrees,eci code; name spelled differently,AC_list;coverage;urban_mapping
Rajasthan,656,Deedwana,66,Nagaur,107,107,DEEDWANA,2023,eci_code,1.0,2008,8,2013;2018;2023,GEN,,107,yes,yes,14,NAGAUR,14,agrees,,AC_list;coverage;urban_mapping
Rajasthan,657,Jayal,66,Nagaur,108,108,JAYAL,2023,exact_name,1.0,2008,8,2013;2018;2023,SC,,,,yes,14,NAGAUR,14,agrees,,AC_list;coverage
Rajasthan,661,Nagaur,66,Nagaur,109,109,NAGAUR,2023,eci_code,1.0,2008,8,2013;2018;2023,GEN,,109,yes,yes,14,NAGAUR,14,agrees,,AC_list;coverage;urban_mapping
Rajasthan,658,Khinwsar,66,Nagaur,110,110,KHINWSAR,2023,eci_code,1.0,2008,8,2013;2018;2023,GEN,,110,yes,yes,14,NAGAUR,14,agrees,,AC_list;coverage;urban_mapping
Rajasthan,677,Merta,68,Rajsamand,111,111,MERTA,2023,eci_code,1.0,2008,8,2013;2018;2023,SC,,111,yes,yes,22,RAJSAMAND,22,agrees,,AC_list;coverage;urban_mapping
Rajasthan,674,Degana,68,Rajsamand,112,112,DEGANA,2023,exact_name,1.0,2008,8,2013;2018;2023,GEN,,,,yes,22,RAJSAMAND,22,agrees,,AC_list;coverage
Rajasthan,660,Makrana,66,Nagaur,113,113,MAKRANA,2023,eci_code,1.0,2008,8,2013;2018;2023,GEN,,113,yes,yes,14,NAGAUR,14,agrees,,AC_list;coverage;urban_mapping
Rajasthan,663,Parbatsar,66,Nagaur,114,114,PARBATSAR,2023,eci_code,1.0,2008,8,2013;2018;2023,GEN,,114,yes,yes,14,NAGAUR,14,agrees,,AC_list;coverage;urban_mapping
Rajasthan,662,Nawan,66,Nagaur,115,115,NAWAN,2023,eci_code,1.0,2008,8,2013;2018;2023,GEN,,115,yes,yes,14,NAGAUR,14,agrees,,AC_list;coverage;urban_mapping
Rajasthan,675,Jaitaran,68,Rajsamand,116,116,JAITARAN,2023,eci_code,1.0,2008,8,2013;2018;2023,GEN,,116,yes,yes,22,RAJSAMAND,22,agrees,,AC_list;coverage;urban_mapping
Rajasthan,670,Sojat,67,Pali,117,117,SOJAT,2023,eci_code,1.0,2008,8,2013;2018;2023,SC,,117,yes,yes,15,PALI,15,agrees,,AC_list;coverage;urban_mapping
Rajasthan,669,Pali,67,Pali,118,118,PALI,2023,eci_code,1.0,2008,8,2013;2018;2023,GEN,,118,yes,yes,15,PALI,15,agrees,,AC_list;coverage;urban_mapping
Rajasthan,667,Marwar junction,67,Pali,119,119,MARWAR JUNCTION,2023,eci_code,1.0,2008,8,2013;2018;2023,GEN,,119,yes,yes,15,PALI,15,agrees,,AC_list;coverage;urban_mapping
Rajasthan,664,Bali,67,Pali,120,120,BALI,2023,eci_code,1.0,2008,8,2013;2018;2023,GEN,,120,yes,yes,15,PALI,15,agrees,,AC_list;coverage;urban_mapping
Rajasthan,671,Sumerpur,67,Pali,121,121,SUMERPUR,2023,eci_code,1.0,2008,8,2013;2018;2023,GEN,,121,yes,yes,15,PALI,15,agrees,,AC_list;coverage;urban_mapping
Rajasthan,635,Phalodi,63,Jodhpur,122,122,PHALODI,2023,eci_code,1.0,2008,8,2013;2018;2023,GEN,,122,yes,yes,16,JODHPUR,16,agrees,,AC_list;coverage;urban_mapping
Rajasthan,633,Lohawat,63,Jodhpur,123,123,LOHAWAT,2023,exact_name,1.0,2008,8,2013;2018;2023,GEN,,,,yes,16,JODHPUR,16,agrees,,AC_list;coverage
Rajasthan,638,Shergarh,63,Jodhpur,124,124,SHERGARH,2023,exact_name,1.0,2008,8,2013;2018;2023,GEN,,,,yes,16,JODHPUR,16,agrees,,AC_list;coverage
Rajasthan,668,Osian,67,Pali,125,125,OSIAN,2023,eci_code,1.0,2008,8,2013;2018;2023,GEN,,125,yes,yes,15,PALI,15,agrees,,AC_list;coverage;urban_mapping
Rajasthan,665,Bhopalgarh,67,Pali,126,126,BHOPALGARH,2023,eci_code,1.0,2008,8,2013;2018;2023,SC,,126,yes,yes,15,PALI,15,agrees,,AC_list;coverage;urban_mapping
Rajasthan,637,Sardarpura,63,Jodhpur,127,127,SARDARPURA,2023,exact_name,1.0,2008,8,2013;2018;2023,GEN,,,,yes,16,JODHPUR,16,agrees,,AC_list
Rajasthan,632,Jodhpur,63,Jodhpur,128,128,JODHPUR,2023,eci_code,1.0,2008,8,2013;2018;2023,GEN,,128,yes,yes,16,JODHPUR,16,agrees,,AC_list;coverage;urban_mapping
Rajasthan,639,Soorsagar,63,Jodhpur,129,129,SOORSAGAR,2023,exact_name,1.0,2008,8,2013;2018;2023,GEN,,,,yes,16,JODHPUR,16,agrees,,AC_list;coverage
Rajasthan,634,Luni,63,Jodhpur,130,130,LUNI,2023,exact_name,1.0,2008,8,2013;2018;2023,GEN,,,,yes,16,JODHPUR,16,agrees,,AC_list;coverage
Rajasthan,666,Bilara,67,Pali,131,131,BILARA,2023,eci_code,1.0,2008,8,2013;2018;2023,SC,,131,yes,yes,15,PALI,15,agrees,,AC_list;coverage;urban_mapping
Rajasthan,532,Jaisalmer,50,Barmer,132,132,JAISALMER,2023,eci_code,1.0,2008,8,2013;2018;2023,GEN,,132,yes,yes,17,BARMER,17,agrees,,AC_list;coverage;urban_mapping
Rajasthan,636,Pokaran,63,Jodhpur,133,133,POKARAN,2023,eci_code,1.0,2008,8,2013;2018;2023,GEN,,133,yes,yes,16,JODHPUR,16,agrees,,AC_list;coverage;urban_mapping
Rajasthan,534,Sheo,50,Barmer,134,134,SHEO,2023,exact_name,1.0,2008,8,2013;2018;2023,GEN,,,,yes,17,BARMER,17,agrees,,AC_list;coverage
Rajasthan,528,Barmer,50,Barmer,135,135,BARMER,2023,eci_code,1.0,2008,8,2013;2018;2023,GEN,,135,yes,yes,17,BARMER,17,agrees,,AC_list;coverage;urban_mapping
Rajasthan,529,Baytoo,50,Barmer,136,136,BAYTOO,2023,exact_name,1.0,2008,8,2013;2018;2023,GEN,,,,yes,17,BARMER,17,agrees,,AC_list;coverage
Rajasthan,533,Pachpadra,50,Barmer,137,137,PACHPADRA,2023,eci_code,1.0,2008,8,2013;2018;2023,GEN,,137,yes,yes,17,BARMER,17,agrees,,AC_list;coverage;urban_mapping
Rajasthan,535,Siwana,50,Barmer,138,138,SIWANA,2023,eci_code,1.0,2008,8,2013;2018;2023,GEN,,138,yes,yes,17,BARMER,17,agrees,,AC_list;coverage;urban_mapping
Rajasthan,531,Gudhamalani,50,Barmer,139,139,GUDHA MALANI,2023,eci_code,1.0,2008,8,2013;2018;2023,GEN,,139,yes,yes,17,BARMER,17,agrees,,AC_list;coverage;urban_mapping
Rajasthan,530,Chohtan,50,Barmer,140,140,CHOHTAN,2023,eci_code,1.0,2008,8,2013;2018;2023,SC,,140,yes,yes,17,BARMER,17,agrees,,AC_list;coverage;urban_mapping
Rajasthan,608,Ahore,60,Jalore,141,141,AHORE,2023,eci_code,1.0,2008,8,2013;2018;2023,GEN,,141,yes,yes,18,JALORE,18,agrees,,AC_list;coverage;urban_mapping
Rajasthan,610,Jalore,60,Jalore,142,142,JALORE,2023,eci_code,1.0,2008,8,2013;2018;2023,SC,,142,yes,yes,18,JALORE,18,agrees,,AC_list;coverage;urban_mapping
Rajasthan,609,Bhinmal,60,Jalore,143,143,BHINMAL,2023,eci_code,1.0,2008,8,2013;2018;2023,GEN,,143,yes,yes,18,JALORE,18,agrees,,AC_list;coverage;urban_mapping
Rajasthan,614,Sanchore,60,Jalore,144,144,SANCHORE,2023,eci_code,1.0,2008,8,2013;2018;2023,GEN,,144,yes,yes,18,JALORE,18,agrees,,AC_list;coverage;urban_mapping
Rajasthan,612,Raniwara,60,Jalore,145,145,RANIWARA,2023,exact_name,1.0,2008,8,2013;2018;2023,GEN,,,,yes,18,JALORE,18,agrees,,AC_list;coverage
Rajasthan,615,Sirohi,60,Jalore,146,146,SIROHI,2023,eci_code,1.0,2008,8,2013;2018;2023,GEN,,146,yes,yes,18,JALORE,18,agrees,,AC_list;coverage;urban_mapping
Rajasthan,611,Pindwara abu,60,Jalore,147,147,PINDWARA ABU,2023,eci_code,1.0,2008,8,2013;2018;2023,ST,,147,yes,yes,18,JALORE,18,agrees,,AC_list;coverage;urban_mapping
Rajasthan,613,Reodar,60,Jalore,148,148,REODAR,2023,eci_code,1.0,2008,8,2013;2018;2023,SC,,148,yes,yes,18,JALORE,18,agrees,,AC_list;coverage;urban_mapping
Rajasthan,698,Gogunda,71,Udaipur,149,149,GOGUNDA,2023,exact_name,1.0,2008,8,2013;2018;2023,ST,,,,yes,19,UDAIPUR,19,agrees,,AC_list;coverage
Rajasthan,699,Jhadol,71,Udaipur,150,150,JHADOL,2023,exact_name,1.0,2008,8,2013;2018;2023,ST,,,,yes,19,UDAIPUR,19,agrees,,AC_list;coverage
Rajasthan,700,Kherwara,71,Udaipur,151,151,KHERWARA,2023,exact_name,1.0,2008,8,2013;2018;2023,ST,,,,yes,19,UDAIPUR,19,agrees,,AC_list;coverage
Rajasthan,703,Udaipur Rural,71,Udaipur,152,152,UDAIPUR RURAL,2023,exact_name,1.0,2008,8,2013;2018;2023,ST,,,,yes,19,UDAIPUR,19,agrees,,AC_list;coverage
Rajasthan,702,Udaipur,71,Udaipur,153,153,UDAIPUR,2023,eci_code,1.0,2008,8,2013;2018;2023,GEN,,153,yes,yes,19,UDAIPUR,19,agrees,,AC_list;coverage;urban_mapping
Rajasthan,564,Mavli,54,Chittorgarh,154,154,MAVLI,2023,eci_code,1.0,2008,8,2013;2018;2023,GEN,,154,yes,yes,21,CHITTORGARH,21,agrees,,AC_list;coverage;urban_mapping
Rajasthan,567,Vallabh Nagar,54,Chittorgarh,155,155,VALLABHNAGAR,2023,eci_code,1.0,2008,8,2013;2018;2023,GEN,,155,yes,yes,21,CHITTORGARH,21,agrees,,AC_list;coverage;urban_mapping
Rajasthan,701,Salumber,71,Udaipur,156,156,SALUMBER,2023,exact_name,1.0,2008,8,2013;2018;2023,ST,,,,yes,19,UDAIPUR,19,agrees,,AC_list;coverage
Rajasthan,697,Dhariawad,71,Udaipur,157,157,DHARIAWAD,2023,exact_name,1.0,2008,8,2013;2018;2023,ST,,,,yes,19,UDAIPUR,19,agrees,,AC_list;coverage
Rajasthan,523,Dungarpur,49,Banswara,158,158,DUNGARPUR,2023,eci_code,1.0,2008,8,2013;2018;2023,ST,,158,yes,yes,20,BANSWARA,20,agrees,,AC_list;coverage;urban_mapping
Rajasthan,696,Aspur,71,Udaipur,159,159,ASPUR,2023,exact_name,1.0,2008,8,2013;2018;2023,ST,,,,yes,19,UDAIPUR,19,agrees,,AC_list;coverage
Rajasthan,527,Sagwara,49,Banswara,160,160,SAGWARA,2023,eci_code,1.0,2008,8,2013;2018;2023,ST,,160,yes,yes,20,BANSWARA,20,agrees,,AC_list;coverage;urban_mapping
Rajasthan,522,Chorasi,49,Banswara,161,161,CHORASI,2023,exact_name,1.0,2008,8,2013;2018;2023,ST,,,,yes,20,BANSWARA,20,agrees,,AC_list;coverage
Rajasthan,525,Ghatol,49,Banswara,162,162,GHATOL,2023,exact_name,1.0,2008,8,2013;2018;2023,ST,,,,yes,20,BANSWARA,20,agrees,,AC_list;coverage
Rajasthan,524,Garhi,49,Banswara,163,163,GARHI,2023,eci_code,1.0,2008,8,2013;2018;2023,ST,,163,yes,yes,20,BANSWARA,20,agrees,,AC_list;coverage;urban_mapping
Rajasthan,521,Banswara,49,Banswara,164,164,BANSWARA,2023,eci_code,1.0,2008,8,2013;2018;2023,ST,,164,yes,yes,20,BANSWARA,20,agrees,,AC_list;coverage;urban_mapping
Rajasthan,520,Bagidora,49,Banswara,165,165,BAGIDORA,2023,exact_name,1.0,2008,8,2013;2018;2023,ST,,,,yes,20,BANSWARA,20,agrees,,AC_list;coverage
Rajasthan,526,Kushalgarh,49,Banswara,166,166,KUSHALGARH,2023,eci_code,1.0,2008,8,2013;2018;2023,ST,,166,yes,yes,20,BANSWARA,20,agrees,,AC_list;coverage;urban_mapping
Rajasthan,563,Kapasan,54,Chittorgarh,167,167,KAPASIN,2023,eci_code,0.857,2008,8,2013;2018;2023,SC,,167,yes,yes,21,CHITTORGARH,21,agrees,eci code; name spelled differently,AC_list;coverage;urban_mapping
Rajasthan,561,Begun,54,Chittorgarh,168,168,BEGUN,2023,eci_code,1.0,2008,8,2013;2018;2023,GEN,,168,yes,yes,21,CHITTORGARH,21,agrees,,AC_list;coverage;urban_mapping
Rajasthan,562,Chittorgarh,54,Chittorgarh,169,169,CHITTORGARH,2023,eci_code,1.0,2008,8,2013;2018;2023,GEN,,169,yes,yes,21,CHITTORGARH,21,agrees,,AC_list;coverage;urban_mapping
Rajasthan,565,Nimbahera,54,Chittorgarh,170,170,NIMBAHERA,2023,eci_code,1.0,2008,8,2013;2018;2023,GEN,,170,yes,yes,21,CHITTORGARH,21,agrees,,AC_list;coverage;urban_mapping
Rajasthan,560,Bari sadri,54,Chittorgarh,171,171,BARI SADRI,2023,eci_code,1.0,2008,8,2013;2018;2023,GEN,,171,yes,yes,21,CHITTORGARH,21,agrees,,AC_list;coverage;urban_mapping
Rajasthan,566,Pratapgarh,54,Chittorgarh,172,172,PRATAPGARH,2023,eci_code,1.0,2008,8,2013;2018;2023,ST,,172,yes,yes,21,CHITTORGARH,21,agrees,,AC_list;coverage;urban_mapping
Rajasthan,673,Bhim,68,Rajsamand,173,173,BHIM,2023,eci_code,1.0,2008,8,2013;2018;2023,GEN,,173,yes,yes,22,RAJSAMAND,22,agrees,,AC_list;coverage;urban_mapping
Rajasthan,676,Kumbhalgarh,68,Rajsamand,174,174,KUMBHALGARH,2023,eci_code,1.0,2008,8,2013;2018;2023,GEN,,174,yes,yes,22,RAJSAMAND,22,agrees,,AC_list;coverage;urban_mapping
Rajasthan,679,Rajsamand,68,Rajsamand,175,175,RAJSAMAND,2023,eci_code,1.0,2008,8,2013;2018;2023,GEN,,175,yes,yes,22,RAJSAMAND,22,agrees,,AC_list;coverage;urban_mapping
Rajasthan,678,Nathdwara,68,Rajsamand,176,176,NATHDWARA,2023,eci_code,1.0,2008,8,2013;2018;2023,GEN,,176,yes,yes,22,RAJSAMAND,22,agrees,,AC_list;coverage;urban_mapping
Rajasthan,544,Asind,52,Bhilwara,177,177,ASIND,2023,eci_code,1.0,2008,8,2013;2018;2023,GEN,,177,yes,yes,23,BHILWARA,23,agrees,,AC_list;coverage;urban_mapping
Rajasthan,548,Mandal,52,Bhilwara,178,178,MANDAL,2023,exact_name,1.0,2008,8,2013;2018;2023,GEN,,,,yes,23,BHILWARA,23,agrees,,AC_list;coverage
Rajasthan,550,Sahara,52,Bhilwara,179,179,SAHADA,2023,eci_code,0.833,2008,8,2013;2018;2023,GEN,,179,yes,yes,23,BHILWARA,23,agrees,eci code; name spelled differently,AC_list;coverage;urban_mapping
Rajasthan,545,Bhilwara,52,Bhilwara,180,180,BHILWARA,2023,eci_code,1.0,2008,8,2013;2018;2023,GEN,,180,yes,yes,23,BHILWARA,23,agrees,,AC_list;coverage;urban_mapping
Rajasthan,551,Shahpura,52,Bhilwara,181,181,SHAHPURA (SC),2023,eci_code,1.0,2008,8,2013;2018;2023,SC,,181,yes,yes,23,BHILWARA,23,agrees,,AC_list;coverage;urban_mapping
Rajasthan,547,Jahazpur,52,Bhilwara,182,182,JAHAZPUR,2023,eci_code,1.0,2008,8,2013;2018;2023,GEN,,182,yes,yes,23,BHILWARA,23,agrees,,AC_list;coverage;urban_mapping
Rajasthan,549,Mandalgarh,52,Bhilwara,183,183,MANDALGARH,2023,eci_code,1.0,2008,8,2013;2018;2023,GEN,,183,yes,yes,23,BHILWARA,23,agrees,,AC_list;coverage;urban_mapping
Rajasthan,546,Hindoli,52,Bhilwara,184,184,HINDOLI,2023,eci_code,1.0,2008,8,2013;2018;2023,GEN,,184,yes,yes,23,BHILWARA,23,agrees,,AC_list;coverage;urban_mapping
Rajasthan,649,Keshoraipatan,65,Kota,185,185,KESHORAIPATAN,2023,eci_code,1.0,2008,8,2013;2018;2023,SC,,185,yes,yes,24,KOTA,24,agrees,,AC_list;coverage;urban_mapping
Rajasthan,648,Bundi,65,Kota,186,186,BUNDI,2023,eci_code,1.0,2008,8,2013;2018;2023,GEN,,186,yes,yes,24,KOTA,24,agrees,,AC_list;coverage;urban_mapping
Rajasthan,653,Pipalda,65,Kota,187,187,PIPALDA,2023,eci_code,1.0,2008,8,2013;2018;2023,GEN,,187,yes,yes,24,KOTA,24,agrees,,AC_list;coverage;urban_mapping
Rajasthan,655,Sangod,65,Kota,188,188,SANGOD,2023,eci_code,1.0,2008,8,2013;2018;2023,GEN,,188,yes,yes,24,KOTA,24,agrees,,AC_list;coverage;urban_mapping
Rajasthan,650,Kota North,65,Kota,189,189,KOTA NORTH,2023,eci_code,1.0,2008,8,2013;2018;2023,GEN,,189,yes,yes,24,KOTA,24,agrees,,AC_list;coverage;urban_mapping
Rajasthan,651,Kota South,65,Kota,190,190,KOTA SOUTH,2023,exact_name,1.0,2008,8,2013;2018;2023,GEN,,,,yes,24,KOTA,24,agrees,,AC_list
Rajasthan,652,Ladpura,65,Kota,191,191,LADPURA,2023,exact_name,1.0,2008,8,2013;2018;2023,GEN,,,,yes,24,KOTA,24,agrees,,AC_list;coverage
Rajasthan,654,Ramganj mandi,65,Kota,192,192,RAMGANJ MANDI,2023,eci_code,1.0,2008,8,2013;2018;2023,SC,,192,yes,yes,24,KOTA,24,agrees,,AC_list;coverage;urban_mapping
Rajasthan,616,Anta,61,Jhalawar-Baran,193,193,ANTA,2023,eci_code,1.0,2008,8,2013;2018;2023,GEN,,193,yes,yes,25,JHALAWAR-BARAN,25,agrees,,AC_list;coverage;urban_mapping
Rajasthan,622,Kishanganj,61,Jhalawar-Baran,194,194,KISHANGANJ,2023,exact_name,1.0,2008,8,2013;2018;2023,ST,,,,yes,25,JHALAWAR-BARAN,25,agrees,,AC_list;coverage
Rajasthan,617,Baran-atru,61,Jhalawar-Baran,195,195,BARAN-ATRU,2023,eci_code,1.0,2008,8,2013;2018;2023,SC,,195,yes,yes,25,JHALAWAR-BARAN,25,agrees,,AC_list;coverage;urban_mapping
Rajasthan,618,Chhabra,61,Jhalawar-Baran,196,196,CHHABRA,2023,eci_code,1.0,2008,8,2013;2018;2023,GEN,,196,yes,yes,25,JHALAWAR-BARAN,25,agrees,,AC_list;coverage;urban_mapping
Rajasthan,619,Dag,61,Jhalawar-Baran,197,197,DAG,2023,eci_code,1.0,2008,8,2013;2018;2023,SC,,197,yes,yes,25,JHALAWAR-BARAN,25,agrees,,AC_list;coverage;urban_mapping
Rajasthan,620,Jhalrapatan,61,Jhalawar-Baran,198,198,JHALRAPATAN,2023,eci_code,1.0,2008,8,2013;2018;2023,GEN,,198,yes,yes,25,JHALAWAR-BARAN,25,agrees,,AC_list;coverage;urban_mapping
Rajasthan,621,Khanpur,61,Jhalawar-Baran,199,199,KHANPUR,2023,eci_code,1.0,2008,8,2013;2018;2023,GEN,,199,yes,yes,25,JHALAWAR-BARAN,25,agrees,,AC_list;coverage;urban_mapping
Rajasthan,623,Manohar thana,61,Jhalawar-Baran,200,200,MANOHAR THANA,2023,eci_code,1.0,2008,8,2013;2018;2023,GEN,,200,yes,yes,25,JHALAWAR-BARAN,25,agrees,,AC_list;coverage;urban_mapping
Sikkim,1380,Yoksam-tashiding,192,Sikkim,1,1,YOKSAM-TASHIDING,2024,exact_name,1.0,2008,11,2009;2014;2019;2024,BL,,,,yes,1,SIKKIM,1,agrees,,AC_list;coverage
Sikkim,1379,Yangthang,192,Sikkim,2,2,YANGTHANG,2024,eci_code,1.0,2008,11,2009;2014;2019;2024,GEN,,2,yes,yes,1,SIKKIM,1,agrees,,AC_list;coverage;urban_mapping
Sikkim,1361,Maneybung-dentam,192,Sikkim,3,3,MANEYBUNG-DENTAM,2024,exact_name,1.0,2008,11,2009;2014;2019;2024,GEN,,,,yes,1,SIKKIM,1,agrees,,AC_list;coverage
Sikkim,1357,Gyalshing-barnyak,192,Sikkim,4,4,GYALSHING-BARNYAK,2024,eci_code,1.0,2008,11,2009;2014;2019;2024,GEN,,4,yes,yes,1,SIKKIM,1,agrees,,AC_list;coverage;urban_mapping
Sikkim,1370,Rinchenpong,192,Sikkim,5,5,RINCHENPONG,2024,exact_name,1.0,2008,11,2009;2014;2019;2024,BL,,,,yes,1,SIKKIM,1,agrees,,AC_list;coverage
Sikkim,1353,Daramdin,192,Sikkim,6,6,DARAMDIN,2024,exact_name,1.0,2008,11,2009;2014;2019;2024,BL,,,,yes,1,SIKKIM,1,agrees,,AC_list;coverage
Sikkim,1373,Soreong-chakung,192,Sikkim,7,7,SOREONG-CHAKUNG,2024,exact_name,1.0,2008,11,2009;2014;2019;2024,GEN,,,,yes,1,SIKKIM,1,agrees,,AC_list;coverage
Sikkim,1371,Salghari-zoom,192,Sikkim,8,8,SALGHARI-ZOO,2024,eci_code,0.957,2008,11,2009;2014;2019;2024,SC,,8,yes,yes,1,SIKKIM,1,agrees,eci code; name spelled differently,AC_list;coverage;urban_mapping
Sikkim,1351,Barfung,192,Sikkim,9,9,BARFUNG,2024,exact_name,1.0,2008,11,2009;2014;2019;2024,BL,,,,yes,1,SIKKIM,1,agrees,,AC_list;coverage
Sikkim,1367,Poklok-kamrang,192,Sikkim,10,10,POKLOK-KAMRANG,2024,exact_name,1.0,2008,11,2009;2014;2019;2024,GEN,,,,yes,1,SIKKIM,1,agrees,,AC_list;coverage
Sikkim,1365,Namchi-singhithang,192,Sikkim,11,11,NAMCHI-SINGHITHANG,2024,eci_code,1.0,2008,11,2009;2014;2019;2024,GEN,,11,yes,yes,1,SIKKIM,1,agrees,,AC_list;coverage;urban_mapping
Sikkim,1363,Melli,192,Sikkim,12,12,MELLI,2024,exact_name,1.0,2008,11,2009;2014;2019;2024,GEN,,,,yes,1,SIKKIM,1,agrees,,AC_list;coverage
Sikkim,1366,Namthang-rateypani,192,Sikkim,13,13,NAMTHANG-RATEYPANI,2024,exact_name,1.0,2008,11,2009;2014;2019;2024,GEN,,,,yes,1,SIKKIM,1,agrees,,AC_list;coverage
Sikkim,1374,Temi-namphing,192,Sikkim,14,14,TEMI-NAMPHING,2024,exact_name,1.0,2008,11,2009;2014;2019;2024,GEN,,,,yes,1,SIKKIM,1,agrees,,AC_list;coverage
Sikkim,1368,Rangang-yangang,192,Sikkim,15,15,RANGANG-YANGANG,2024,exact_name,1.0,2008,11,2009;2014;2019;2024,GEN,,,,yes,1,SIKKIM,1,agrees,,AC_list;coverage
Sikkim,1375,Tumen-lingi,192,Sikkim,16,16,TUMEN-LINGI,2024,exact_name,1.0,2008,11,2009;2014;2019;2024,BL,,,,yes,1,SIKKIM,1,agrees,,AC_list;coverage
Sikkim,1359,Khamdong-singtam,192,Sikkim,17,17,KHAMDONG-SINGTAM,2024,eci_code,1.0,2008,11,2009;2014;2019;2024,GEN,,17,yes,yes,1,SIKKIM,1,agrees,,AC_list;coverage;urban_mapping
Sikkim,1378,West pendam,192,Sikkim,18,18,WEST PENDA,2024,eci_code,0.923,2008,11,2009;2014;2019;2024,SC,,18,yes,yes,1,SIKKIM,1,agrees,eci code; name spelled differently,AC_list;coverage;urban_mapping
Sikkim,1369,Rhenock,192,Sikkim,19,19,RHENOCK,2024,exact_name,1.0,2008,11,2009;2014;2019;2024,GEN,,,,yes,1,SIKKIM,1,agrees,,AC_list;coverage
Sikkim,1352,Chujachen,192,Sikkim,20,20,CHUJACHEN,2024,exact_name,1.0,2008,11,2009;2014;2019;2024,GEN,,,,yes,1,SIKKIM,1,agrees,,AC_list;coverage
Sikkim,1356,Gnathang-machong,192,Sikkim,21,21,GNATHANG-MACHONG,2024,exact_name,1.0,2008,11,2009;2014;2019;2024,BL,,,,yes,1,SIKKIM,1,agrees,,AC_list;coverage
Sikkim,1364,Namcheybung,192,Sikkim,22,22,NAMCHEYBUNG,2024,eci_code,1.0,2008,11,2009;2014;2019;2024,GEN,,22,yes,yes,1,SIKKIM,1,agrees,,AC_list;coverage;urban_mapping
Sikkim,1372,Shyari,192,Sikkim,23,23,SHYARI,2024,eci_code,1.0,2008,11,2009;2014;2019;2024,BL,,23,yes,yes,1,SIKKIM,1,agrees,,AC_list;coverage;urban_mapping
Sikkim,1362,Martam-rumtek,192,Sikkim,24,24,MARTAM-RUMTEK,2024,exact_name,1.0,2008,11,2009;2014;2019;2024,BL,,,,yes,1,SIKKIM,1,agrees,,AC_list;coverage
Sikkim,1377,Upper tadong,192,Sikkim,25,25,UPPER TADONG,2024,eci_code,1.0,2008,11,2009;2014;2019;2024,GEN,,25,yes,yes,1,SIKKIM,1,agrees,,AC_list;coverage;urban_mapping
Sikkim,1350,Arithang,192,Sikkim,26,26,ARITHANG,2024,eci_code,1.0,2008,11,2009;2014;2019;2024,GEN,,26,yes,yes,1,SIKKIM,1,agrees,,AC_list;coverage;urban_mapping
Sikkim,1355,Gangtok,192,Sikkim,27,27,GANGTOK,2024,eci_code,1.0,2008,11,2009;2014;2019;2024,BL,,27,yes,yes,1,SIKKIM,1,agrees,,AC_list;coverage;urban_mapping
Sikkim,1376,Upper burtuk,192,Sikkim,28,28,UPPER BURTUK,2024,eci_code,1.0,2008,11,2009;2014;2019;2024,GEN,,28,yes,yes,1,SIKKIM,1,agrees,,AC_list;coverage;urban_mapping
Sikkim,1358,Kabi lungchuk,192,Sikkim,29,29,KABI LUNGCHUK,2024,eci_code,1.0,2008,11,2009;2014;2019;2024,BL,,29,yes,yes,1,SIKKIM,1,agrees,,AC_list;coverage;urban_mapping
Sikkim,1354,Djongu,192,Sikkim,30,30,DJONGU,2024,exact_name,1.0,2008,11,2009;2014;2019;2024,BL,,,,yes,1,SIKKIM,1,agrees,,AC_list;coverage
Sikkim,1360,Lachen mangan,192,Sikkim,31,31,LACHEN MANGAN,2024,eci_code,1.0,2008,11,2009;2014;2019;2024,BL,,31,yes,yes,1,SIKKIM,1,agrees,,AC_list;coverage;urban_mapping
Tamil Nadu,4062,Gummidipoondi,537,Tiruvallur,1,1,GUMMIDIPUNDI,2026,eci_code,1.0,2008,33,2011;2016;2021;2026,GEN,,1,yes,yes,1,TIRUVALLUR,1,agrees,eci code; name spelled differently,AC_list;coverage;urban_mapping
Tamil Nadu,4064,Ponneri,537,Tiruvallur,2,2,PONNERI,2026,eci_code,1.0,2008,33,2011;2016;2021;2026,SC,,2,yes,yes,1,TIRUVALLUR,1,agrees,,AC_list;coverage;urban_mapping
Tamil Nadu,3862,Tiruttani,503,Arakkonam,3,3,TIRUTTANI,2026,eci_code,1.0,2008,33,2011;2016;2021;2026,GEN,,3,yes,yes,7,ARAKKONAM,7,agrees,,AC_list;coverage;urban_mapping
Tamil Nadu,4066,Thiruvallur,537,Tiruvallur,4,4,THIRUVALLUR,2026,eci_code,1.0,2008,33,2011;2016;2021;2026,GEN,,4,yes,yes,1,TIRUVALLUR,1,agrees,,AC_list;coverage;urban_mapping
Tamil Nadu,4065,Poonamallee,537,Tiruvallur,5,5,POONAMALLEE,2026,eci_code,1.0,2008,33,2011;2016;2021;2026,SC,,5,yes,yes,1,TIRUVALLUR,1,agrees,,AC_list;coverage;urban_mapping
Tamil Nadu,4061,Avadi,537,Tiruvallur,6,6,AVADI,2026,eci_code,1.0,2008,33,2011;2016;2021;2026,GEN,,6,yes,yes,1,TIRUVALLUR,1,agrees,,AC_list;coverage;urban_mapping
Tamil Nadu,4015,Maduravoyal,529,Sriperumbudur,7,7,MADURAVOYAL,2026,eci_code,1.0,2008,33,2011;2016;2021;2026,GEN,,7,yes,yes,5,SRIPERUMBUDUR,5,agrees,,AC_list;coverage;urban_mapping
Tamil Nadu,4014,Ambattur,529,Sriperumbudur,8,8,AMBATTUR,2026,eci_code,1.0,2008,33,2011;2016;2021;2026,GEN,,8,yes,yes,5,SRIPERUMBUDUR,5,agrees,,AC_list;coverage;urban_mapping
Tamil Nadu,4063,Madavaram,537,Tiruvallur,9,9,MADAVARAM,2026,eci_code,1.0,2008,33,2011;2016;2021;2026,GEN,,9,yes,yes,1,TIRUVALLUR,1,agrees,,AC_list;coverage;urban_mapping
Tamil Nadu,3880,Tiruvottiyur,506,Chennai North,10,10,THIRUVOTTIYUR,2026,eci_code,1.0,2008,33,2011;2016;2021;2026,GEN,,10,yes,yes,2,CHENNAI NORTH,2,agrees,eci code; name spelled differently,AC_list;coverage;urban_mapping
Tamil Nadu,3875,Dr.radhakrishnan Nagar,506,Chennai North,11,11,R.K. NAGAR,2026,eci_code,1.0,2008,33,2011;2016;2021;2026,GEN,,11,yes,yes,2,CHENNAI NORTH,2,agrees,,AC_list;coverage;urban_mapping
Tamil Nadu,3877,Perambur,506,Chennai North,12,12,PERAMBUR,2026,eci_code,1.0,2008,33,2011;2016;2021;2026,GEN,,12,yes,yes,2,CHENNAI NORTH,2,agrees,,AC_list;coverage;urban_mapping
Tamil Nadu,3876,Kolathur,506,Chennai North,13,13,KOLATHUR,2026,eci_code,1.0,2008,33,2011;2016;2021;2026,GEN,,13,yes,yes,2,CHENNAI NORTH,2,agrees,,AC_list;coverage;urban_mapping
Tamil Nadu,3874,Villivakkam,505,Chennai Central,14,14,VILLIVAKKAM,2026,eci_code,1.0,2008,33,2011;2016;2021;2026,GEN,,14,yes,yes,4,CHENNAI CENTRAL,4,agrees,,AC_list;coverage;urban_mapping
Tamil Nadu,3879,Thiru -vi -ka -nagar,506,Chennai North,15,15,THIRU-VI-KA-NAGAR,2026,eci_code,1.0,2008,33,2011;2016;2021;2026,SC,,15,yes,yes,2,CHENNAI NORTH,2,agrees,,AC_list;coverage;urban_mapping
Tamil Nadu,3871,Egmore,505,Chennai Central,16,16,EGMORE,2026,eci_code,1.0,2008,33,2011;2016;2021;2026,SC,,16,yes,yes,4,CHENNAI CENTRAL,4,agrees,,AC_list;coverage;urban_mapping
Tamil Nadu,3878,Royapuram,506,Chennai North,17,17,ROYAPURAM,2026,eci_code,1.0,2008,33,2011;2016;2021;2026,GEN,,17,yes,yes,2,CHENNAI NORTH,2,agrees,,AC_list;coverage;urban_mapping
Tamil Nadu,3872,Harbour,505,Chennai Central,18,18,HARBOUR,2026,eci_code,1.0,2008,33,2011;2016;2021;2026,GEN,,18,yes,yes,4,CHENNAI CENTRAL,4,agrees,,AC_list;coverage;urban_mapping
Tamil Nadu,3870,Chepauk-thiruvallikeni,505,Chennai Central,19,19,CHEPAUK-THIRUVALLIKENI,2026,eci_code,1.0,2008,33,2011;2016;2021;2026,GEN,,19,yes,yes,4,CHENNAI CENTRAL,4,agrees,,AC_list;coverage;urban_mapping
Tamil Nadu,3873,Thousand lights,505,Chennai Central,20,20,THOUSAND LIGHTS,2026,eci_code,1.0,2008,33,2011;2016;2021;2026,GEN,,20,yes,yes,4,CHENNAI CENTRAL,4,agrees,,AC_list;coverage;urban_mapping
Tamil Nadu,3869,Anna Nagar,505,Chennai Central,21,21,ANNA NAGAR,2026,eci_code,1.0,2008,33,2011;2016;2021;2026,GEN,,21,yes,yes,4,CHENNAI CENTRAL,4,agrees,,AC_list;coverage;urban_mapping
Tamil Nadu,3886,Virugampakkam,507,Chennai South,22,22,VIRUGAMPAKKAM,2026,eci_code,1.0,2008,33,2011;2016;2021;2026,GEN,,22,yes,yes,3,CHENNAI SOUTH,3,agrees,,AC_list;coverage;urban_mapping
Tamil Nadu,3882,Saidapet,507,Chennai South,23,23,SAIDAPET,2026,eci_code,1.0,2008,33,2011;2016;2021;2026,GEN,,23,yes,yes,3,CHENNAI SOUTH,3,agrees,,AC_list;coverage;urban_mapping
Tamil Nadu,3884,Thiyagarayanagar,507,Chennai South,24,24,THIYAGARAYANAGAR,2026,eci_code,1.0,2008,33,2011;2016;2021;2026,GEN,,24,yes,yes,3,CHENNAI SOUTH,3,agrees,,AC_list;coverage;urban_mapping
Tamil Nadu,3881,Mylapore,507,Chennai South,25,25,MYLAPORE,2026,eci_code,1.0,2008,33,2011;2016;2021;2026,GEN,,25,yes,yes,3,CHENNAI SOUTH,3,agrees,,AC_list;coverage;urban_mapping
Tamil Nadu,3885,Velachery,507,Chennai South,26,26,VELACHERY,2026,eci_code,1.0,2008,33,2011;2016;2021;2026,GEN,,26,yes,yes,3,CHENNAI SOUTH,3,agrees,,AC_list;coverage;urban_mapping
Tamil Nadu,3883,Sholinganallur,507,Chennai South,27,27,SHOZHINGANALLUR,2026,eci_code,0.917,2008,33,2011;2016;2021;2026,GEN,,27,yes,yes,3,CHENNAI SOUTH,3,agrees,eci code; name spelled differently,AC_list;coverage;urban_mapping
Tamil Nadu,4013,Alandur,529,Sriperumbudur,28,28,ALANDUR,2026,eci_code,1.0,2008,33,2011;2016;2021;2026,GEN,,28,yes,yes,5,SRIPERUMBUDUR,5,agrees,,AC_list;coverage;urban_mapping
Tamil Nadu,4017,Sriperumbudur,529,Sriperumbudur,29,29,SRIPERUMBUDUR,2026,eci_code,1.0,2008,33,2011;2016;2021;2026,SC,,29,yes,yes,5,SRIPERUMBUDUR,5,agrees,,AC_list;coverage;urban_mapping
Tamil Nadu,4016,Pallavaram,529,Sriperumbudur,30,30,PALLAVARAM,2026,eci_code,1.0,2008,33,2011;2016;2021;2026,GEN,,30,yes,yes,5,SRIPERUMBUDUR,5,agrees,,AC_list;coverage;urban_mapping
Tamil Nadu,4018,Tambaram,529,Sriperumbudur,31,31,TAMBARAM,2026,eci_code,1.0,2008,33,2011;2016;2021;2026,GEN,,31,yes,yes,5,SRIPERUMBUDUR,5,agrees,,AC_list;coverage;urban_mapping
Tamil Nadu,3929,Chengalpattu,515,Kancheepuram,32,32,CHENGALPATTU,2026,eci_code,1.0,2008,33,2011;2016;2021;2026,GEN,,32,yes,yes,6,KANCHEEPURAM,6,agrees,,AC_list;coverage;urban_mapping
Tamil Nadu,3933,Thiruporur,515,Kancheepuram,33,33,THIRUPORUR,2026,eci_code,1.0,2008,33,2011;2016;2021;2026,GEN,,33,yes,yes,6,KANCHEEPURAM,6,agrees,,AC_list;coverage;urban_mapping
Tamil Nadu,3930,Cheyyur,515,Kancheepuram,34,34,CHEYYUR,2026,eci_code,1.0,2008,33,2011;2016;2021;2026,SC,,34,yes,yes,6,KANCHEEPURAM,6,agrees,,AC_list;coverage;urban_mapping
Tamil Nadu,3932,Madurantakam,515,Kancheepuram,35,35,MADURANTHAKAM,2026,eci_code,1.0,2008,33,2011;2016;2021;2026,SC,,35,yes,yes,6,KANCHEEPURAM,6,agrees,eci code; name spelled differently,AC_list;coverage;urban_mapping
Tamil Nadu,3934,Uthiramerur,515,Kancheepuram,36,36,UTHIRAMERUR,2026,eci_code,1.0,2008,33,2011;2016;2021;2026,GEN,,36,yes,yes,6,KANCHEEPURAM,6,agrees,,AC_list;coverage;urban_mapping
Tamil Nadu,3931,Kancheepuram,515,Kancheepuram,37,37,KANCHEEPURAM,2026,eci_code,1.0,2008,33,2011;2016;2021;2026,GEN,,37,yes,yes,6,KANCHEEPURAM,6,agrees,,AC_list;coverage;urban_mapping
Tamil Nadu,3857,Arakkonam,503,Arakkonam,38,38,ARAKONAM,2026,eci_code,1.0,2008,33,2011;2016;2021;2026,SC,,38,yes,yes,7,ARAKKONAM,7,agrees,eci code; name spelled differently,AC_list;coverage;urban_mapping
Tamil Nadu,3861,Sholingur,503,Arakkonam,39,39,SHOLINGHUR,2026,eci_code,1.0,2008,33,2011;2016;2021;2026,GEN,,39,yes,yes,7,ARAKKONAM,7,agrees,eci code; name spelled differently,AC_list;coverage;urban_mapping
Tamil Nadu,3859,Katpadi,503,Arakkonam,40,40,KATPADI,2026,eci_code,1.0,2008,33,2011;2016;2021;2026,GEN,,40,yes,yes,7,ARAKKONAM,7,agrees,,AC_list;coverage;urban_mapping
Tamil Nadu,3860,Ranipet,503,Arakkonam,41,41,RANIPET,2026,eci_code,1.0,2008,33,2011;2016;2021;2026,GEN,,41,yes,yes,7,ARAKKONAM,7,agrees,,AC_list;coverage;urban_mapping
Tamil Nadu,3858,Arcot,503,Arakkonam,42,42,ARCOT,2026,eci_code,1.0,2008,33,2011;2016;2021;2026,GEN,,42,yes,yes,7,ARAKKONAM,7,agrees,,AC_list;coverage;urban_mapping
Tamil Nadu,4078,Vellore,539,Vellore,43,43,VELLORE,2026,eci_code,1.0,2008,33,2011;2016;2021;2026,GEN,,43,yes,yes,8,VELLORE,8,agrees,,AC_list;coverage;urban_mapping
Tamil Nadu,4074,Anaikattu,539,Vellore,44,44,ANAIKATTU,2026,eci_code,1.0,2008,33,2011;2016;2021;2026,GEN,,44,yes,yes,8,VELLORE,8,agrees,,AC_list;coverage;urban_mapping
Tamil Nadu,4076,Kilvaithinankuppam,539,Vellore,45,45,KILVAITHINANKUPPAM,2026,exact_name,1.0,2008,33,2011;2016;2021;2026,SC,,,,yes,8,VELLORE,8,agrees,,AC_list;coverage
Tamil Nadu,4075,Gudiyattam,539,Vellore,46,46,GUDIYATHAM,2026,eci_code,1.0,2008,33,2011;2016;2021;2026,SC,,46,yes,yes,8,VELLORE,8,agrees,eci code; name spelled differently,AC_list;coverage;urban_mapping
Tamil Nadu,4077,Vaniyambadi,539,Vellore,47,47,VANIAYAMBADI,2026,eci_code,0.957,2008,33,2011;2016;2021;2026,GEN,,47,yes,yes,8,VELLORE,8,agrees,eci code; name spelled differently,AC_list;coverage;urban_mapping
Tamil Nadu,4073,Ambur,539,Vellore,48,48,AMBUR,2026,eci_code,1.0,2008,33,2011;2016;2021;2026,GEN,,48,yes,yes,8,VELLORE,8,agrees,,AC_list;coverage;urban_mapping
Tamil Nadu,4068,Jolarpet,538,Tiruvannamalai,49,49,JOLARPET,2026,eci_code,1.0,2008,33,2011;2016;2021;2026,GEN,,49,yes,yes,11,TIRUVANNAMALAI,11,agrees,,AC_list;coverage;urban_mapping
Tamil Nadu,4071,Tiruppattur,538,Tiruvannamalai,50,50,TIRUPPATTUR,2026,eci_code,1.0,2008,33,2011;2016;2021;2026,GEN,,50,yes,yes,11,TIRUVANNAMALAI,11,agrees,,AC_list;coverage;urban_mapping
Tamil Nadu,3951,Uthangarai,518,Krishnagiri,51,51,UTHANGARAI,2026,eci_code,1.0,2008,33,2011;2016;2021;2026,SC,,51,yes,yes,9,KRISHNAGIRI,9,agrees,,AC_list;coverage;urban_mapping
Tamil Nadu,3947,Bargur,518,Krishnagiri,52,52,BARGUR,2026,eci_code,1.0,2008,33,2011;2016;2021;2026,GEN,,52,yes,yes,9,KRISHNAGIRI,9,agrees,,AC_list;coverage;urban_mapping
Tamil Nadu,3949,Krishnagiri,518,Krishnagiri,53,53,KRISHNAGIRI,2026,eci_code,1.0,2008,33,2011;2016;2021;2026,GEN,,53,yes,yes,9,KRISHNAGIRI,9,agrees,,AC_list;coverage;urban_mapping
Tamil Nadu,3952,Veppanahalli,518,Krishnagiri,54,54,VEPPANAHALLI,2026,exact_name,1.0,2008,33,2011;2016;2021;2026,GEN,,,,yes,9,KRISHNAGIRI,9,agrees,,AC_list;coverage
Tamil Nadu,3948,Hosur,518,Krishnagiri,55,55,HOSUR,2026,eci_code,1.0,2008,33,2011;2016;2021;2026,GEN,,55,yes,yes,9,KRISHNAGIRI,9,agrees,,AC_list;coverage;urban_mapping
Tamil Nadu,3950,Thalli,518,Krishnagiri,56,56,THALLI,2026,eci_code,1.0,2008,33,2011;2016;2021;2026,GEN,,56,yes,yes,9,KRISHNAGIRI,9,agrees,,AC_list;coverage;urban_mapping
Tamil Nadu,3908,Palacodu,511,Dharmapuri,57,57,PALACODE,2026,eci_code,0.875,2008,33,2011;2016;2021;2026,GEN,,57,yes,yes,10,DHARMAPURI,10,agrees,eci code; name spelled differently,AC_list;coverage;urban_mapping
Tamil Nadu,3910,Pennagaram,511,Dharmapuri,58,58,PENNAGARAM,2026,eci_code,1.0,2008,33,2011;2016;2021;2026,GEN,,58,yes,yes,10,DHARMAPURI,10,agrees,,AC_list;coverage;urban_mapping
Tamil Nadu,3905,Dharmapuri,511,Dharmapuri,59,59,DHARMAPURI,2026,eci_code,1.0,2008,33,2011;2016;2021;2026,GEN,,59,yes,yes,10,DHARMAPURI,10,agrees,,AC_list;coverage;urban_mapping
Tamil Nadu,3909,Pappireddippatti,511,Dharmapuri,60,60,PAPPIREDDIPPATTI,2026,eci_code,1.0,2008,33,2011;2016;2021;2026,GEN,,60,yes,yes,10,DHARMAPURI,10,agrees,,AC_list;coverage;urban_mapping
Tamil Nadu,3906,Harur,511,Dharmapuri,61,61,HARUR,2026,eci_code,1.0,2008,33,2011;2016;2021;2026,SC,,61,yes,yes,10,DHARMAPURI,10,agrees,,AC_list;coverage;urban_mapping
Tamil Nadu,4067,Chengam,538,Tiruvannamalai,62,62,CHENGAM,2026,exact_name,1.0,2008,33,2011;2016;2021;2026,SC,,,,yes,11,TIRUVANNAMALAI,11,agrees,,AC_list;coverage
Tamil Nadu,4072,Tiruvannamalai,538,Tiruvannamalai,63,63,TIRUVANNAMALAI,2026,eci_code,1.0,2008,33,2011;2016;2021;2026,GEN,,63,yes,yes,11,TIRUVANNAMALAI,11,agrees,,AC_list;coverage;urban_mapping
Tamil Nadu,4070,Kilpennathur,538,Tiruvannamalai,64,64,KILPENNATHUR,2026,eci_code,1.0,2008,33,2011;2016;2021;2026,GEN,,64,yes,yes,11,TIRUVANNAMALAI,11,agrees,,AC_list;coverage;urban_mapping
Tamil Nadu,4069,Kalasapakkam,538,Tiruvannamalai,65,65,KALASAPAKKAM,2026,eci_code,1.0,2008,33,2011;2016;2021;2026,GEN,,65,yes,yes,11,TIRUVANNAMALAI,11,agrees,,AC_list;coverage;urban_mapping
Tamil Nadu,3867,Polur,504,Arani,66,66,POLUR,2026,eci_code,1.0,2008,33,2011;2016;2021;2026,GEN,,66,yes,yes,12,ARANI,12,agrees,,AC_list;coverage;urban_mapping
Tamil Nadu,3863,Arani,504,Arani,67,67,ARANI,2026,eci_code,1.0,2008,33,2011;2016;2021;2026,GEN,,67,yes,yes,12,ARANI,12,agrees,,AC_list;coverage;urban_mapping
Tamil Nadu,3864,Cheyyar,504,Arani,68,68,CHEYYAR,2026,eci_code,1.0,2008,33,2011;2016;2021;2026,GEN,,68,yes,yes,12,ARANI,12,agrees,,AC_list;coverage;urban_mapping
Tamil Nadu,3868,Vandavasi,504,Arani,69,69,VANDAVASI,2026,eci_code,1.0,2008,33,2011;2016;2021;2026,SC,,69,yes,yes,12,ARANI,12,agrees,,AC_list;coverage;urban_mapping
Tamil Nadu,3865,Gingee,504,Arani,70,70,GINGEE,2026,eci_code,1.0,2008,33,2011;2016;2021;2026,GEN,,70,yes,yes,12,ARANI,12,agrees,,AC_list;coverage;urban_mapping
Tamil Nadu,3866,Mailam,504,Arani,71,71,MAILAM,2026,exact_name,1.0,2008,33,2011;2016;2021;2026,GEN,,,,yes,12,ARANI,12,agrees,,AC_list;coverage
Tamil Nadu,4080,Tindivanam,540,Viluppuram,72,72,TINDIVANAM,2026,eci_code,1.0,2008,33,2011;2016;2021;2026,SC,,72,yes,yes,13,VILUPPURAM,13,agrees,,AC_list;coverage;urban_mapping
Tamil Nadu,4082,Vanur,540,Viluppuram,73,73,VANUR,2026,eci_code,1.0,2008,33,2011;2016;2021;2026,SC,,73,yes,yes,13,VILUPPURAM,13,agrees,,AC_list;coverage;urban_mapping
Tamil Nadu,4084,Viluppuram,540,Viluppuram,74,74,VILLUPURAM,2026,eci_code,1.0,2008,33,2011;2016;2021;2026,GEN,,74,yes,yes,13,VILUPPURAM,13,agrees,eci code; name spelled differently,AC_list;coverage;urban_mapping
Tamil Nadu,4083,Vikravandi,540,Viluppuram,75,75,VIKRAVANDI,2026,exact_name,1.0,2008,33,2011;2016;2021;2026,GEN,,,,yes,13,VILUPPURAM,13,agrees,,AC_list;coverage
Tamil Nadu,4079,Thirukoilur,540,Viluppuram,76,76,TIRUKKOYILUR,2026,eci_code,1.0,2008,33,2011;2016;2021;2026,GEN,,76,yes,yes,13,VILUPPURAM,13,agrees,eci code; name spelled differently,AC_list;coverage;urban_mapping
Tamil Nadu,4081,Ulundurpettai,540,Viluppuram,77,77,ULUNDURPET,2026,eci_code,0.909,2008,33,2011;2016;2021;2026,GEN,,77,yes,yes,13,VILUPPURAM,13,agrees,eci code; name spelled differently,AC_list;coverage;urban_mapping
Tamil Nadu,3926,Rishivandiyam,514,Kallakurichi,78,78,RISHIVANDIAM,2026,eci_code,1.0,2008,33,2011;2016;2021;2026,GEN,,78,yes,yes,14,KALLAKURICHI,14,agrees,eci code; name spelled differently,AC_list;coverage;urban_mapping
Tamil Nadu,3927,Sankarapuram,514,Kallakurichi,79,79,SANKARAPURAM,2026,eci_code,1.0,2008,33,2011;2016;2021;2026,GEN,,79,yes,yes,14,KALLAKURICHI,14,agrees,,AC_list;coverage;urban_mapping
Tamil Nadu,3925,Kallakurichi,514,Kallakurichi,80,80,KALLAKURICHI,2026,eci_code,1.0,2008,33,2011;2016;2021;2026,SC,,80,yes,yes,14,KALLAKURICHI,14,agrees,,AC_list;coverage;urban_mapping
Tamil Nadu,3924,Gangavalli,514,Kallakurichi,81,81,GANGAVALLI,2026,eci_code,1.0,2008,33,2011;2016;2021;2026,SC,,81,yes,yes,14,KALLAKURICHI,14,agrees,,AC_list;coverage;urban_mapping
Tamil Nadu,3923,Attur,514,Kallakurichi,82,82,ATTUR,2026,eci_code,1.0,2008,33,2011;2016;2021;2026,SC,,82,yes,yes,14,KALLAKURICHI,14,agrees,,AC_list;coverage;urban_mapping
Tamil Nadu,3928,Yercaud,514,Kallakurichi,83,83,YERCAUD,2026,eci_code,1.0,2008,33,2011;2016;2021;2026,ST,,83,yes,yes,14,KALLAKURICHI,14,agrees,,AC_list;coverage;urban_mapping
Tamil Nadu,4002,Omalur,527,Salem,84,84,OMALUR,2026,eci_code,1.0,2008,33,2011;2016;2021;2026,GEN,,84,yes,yes,15,SALEM,15,agrees,,AC_list;coverage;urban_mapping
Tamil Nadu,3907,Mettur,511,Dharmapuri,85,85,METTUR,2026,eci_code,1.0,2008,33,2011;2016;2021;2026,GEN,,85,yes,yes,10,DHARMAPURI,10,agrees,,AC_list;coverage;urban_mapping
Tamil Nadu,4001,Edappadi,527,Salem,86,86,EDAPADI,2026,eci_code,1.0,2008,33,2011;2016;2021;2026,GEN,,86,yes,yes,15,SALEM,15,agrees,eci code; name spelled differently,AC_list;coverage;urban_mapping
Tamil Nadu,3974,Sankari,522,Namakkal,87,87,SANKARI,2026,eci_code,1.0,2008,33,2011;2016;2021;2026,GEN,,87,yes,yes,16,NAMAKKAL,16,agrees,,AC_list;coverage;urban_mapping
Tamil Nadu,4005,Salem (west),527,Salem,88,88,SALEM (WEST),2026,exact_name,1.0,2008,33,2011;2016;2021;2026,GEN,,,,yes,15,SALEM,15,agrees,,AC_list;coverage
Tamil Nadu,4003,Salem (north),527,Salem,89,89,SALEM (NORTH),2026,eci_code,1.0,2008,33,2011;2016;2021;2026,GEN,,89,yes,yes,15,SALEM,15,agrees,,AC_list;coverage;urban_mapping
Tamil Nadu,4004,Salem (south),527,Salem,90,90,SALEM (SOUTH),2026,eci_code,1.0,2008,33,2011;2016;2021;2026,GEN,,90,yes,yes,15,SALEM,15,agrees,,AC_list;coverage;urban_mapping
Tamil Nadu,4006,Veerapandi,527,Salem,91,91,VEERAPANDI,2026,eci_code,1.0,2008,33,2011;2016;2021;2026,GEN,,91,yes,yes,15,SALEM,15,agrees,,AC_list;coverage;urban_mapping
Tamil Nadu,3973,Rasipuram,522,Namakkal,92,92,RASIPURAM,2026,eci_code,1.0,2008,33,2011;2016;2021;2026,SC,,92,yes,yes,16,NAMAKKAL,16,agrees,,AC_list;coverage;urban_mapping
Tamil Nadu,3975,Senthamangalam,522,Namakkal,93,93,SENDAMANGALAM,2026,eci_code,0.923,2008,33,2011;2016;2021;2026,ST,,93,yes,yes,16,NAMAKKAL,16,agrees,eci code; name spelled differently,AC_list;coverage;urban_mapping
Tamil Nadu,3971,Namakkal,522,Namakkal,94,94,NAMAKKAL,2026,eci_code,1.0,2008,33,2011;2016;2021;2026,GEN,,94,yes,yes,16,NAMAKKAL,16,agrees,,AC_list;coverage;urban_mapping
Tamil Nadu,3972,Paramathi-velur,522,Namakkal,95,95,PARAMATHI-VELUR,2026,eci_code,1.0,2008,33,2011;2016;2021;2026,GEN,,95,yes,yes,16,NAMAKKAL,16,agrees,,AC_list;coverage;urban_mapping
Tamil Nadu,3976,Tiruchengodu,522,Namakkal,96,96,TIRUCHENGODE,2026,eci_code,0.917,2008,33,2011;2016;2021;2026,GEN,,96,yes,yes,16,NAMAKKAL,16,agrees,eci code; name spelled differently,AC_list;coverage;urban_mapping
Tamil Nadu,3921,Kumarapalayam,513,Erode,97,97,KUMARAPALAYAM,2026,eci_code,1.0,2008,33,2011;2016;2021;2026,GEN,,97,yes,yes,17,ERODE,17,agrees,,AC_list;coverage;urban_mapping
Tamil Nadu,3918,Erode (east),513,Erode,98,98,ERODE (EAST),2026,eci_code,1.0,2008,33,2011;2016;2021;2026,GEN,,98,yes,yes,17,ERODE,17,agrees,,AC_list;coverage;urban_mapping
Tamil Nadu,3919,Erode (west),513,Erode,99,99,ERODE (WEST),2026,eci_code,1.0,2008,33,2011;2016;2021;2026,GEN,,99,yes,yes,17,ERODE,17,agrees,,AC_list;coverage;urban_mapping
Tamil Nadu,3922,Modakurichi,513,Erode,100,100,MODAKURICHI,2026,eci_code,1.0,2008,33,2011;2016;2021;2026,GEN,,100,yes,yes,17,ERODE,17,agrees,,AC_list;coverage;urban_mapping
Tamil Nadu,3917,Dharapuram,513,Erode,101,101,DHARAPURAM,2026,eci_code,1.0,2008,33,2011;2016;2021;2026,SC,,101,yes,yes,17,ERODE,17,agrees,,AC_list;coverage;urban_mapping
Tamil Nadu,3920,Kangayam,513,Erode,102,102,KANGAYAM,2026,eci_code,1.0,2008,33,2011;2016;2021;2026,GEN,,102,yes,yes,17,ERODE,17,agrees,,AC_list;coverage;urban_mapping
Tamil Nadu,4058,Perundurai,536,Tiruppur,103,103,PERUNDURAI,2026,eci_code,1.0,2008,33,2011;2016;2021;2026,GEN,,103,yes,yes,18,TIRUPPUR,18,agrees,,AC_list;coverage;urban_mapping
Tamil Nadu,4056,Bhavani,536,Tiruppur,104,104,BHAVANI,2026,eci_code,1.0,2008,33,2011;2016;2021;2026,GEN,,104,yes,yes,18,TIRUPPUR,18,agrees,,AC_list;coverage;urban_mapping
Tamil Nadu,4055,Anthiyur,536,Tiruppur,105,105,ANTHIYUR,2026,eci_code,1.0,2008,33,2011;2016;2021;2026,GEN,,105,yes,yes,18,TIRUPPUR,18,agrees,,AC_list;coverage;urban_mapping
Tamil Nadu,4057,Gobichettipalayam,536,Tiruppur,106,106,GOBICHETTIPALAYAM,2026,eci_code,1.0,2008,33,2011;2016;2021;2026,GEN,,106,yes,yes,18,TIRUPPUR,18,agrees,,AC_list;coverage;urban_mapping
Tamil Nadu,3978,Bhavanisagar,523,Nilgiris,107,107,BHAVANISAGAR,2026,eci_code,1.0,2008,33,2011;2016;2021;2026,SC,,107,yes,yes,19,NILGIRIS,19,agrees,,AC_list;coverage;urban_mapping
Tamil Nadu,3982,Udhagamandalam,523,Nilgiris,108,108,UDHAGAMANDALAM,2026,eci_code,1.0,2008,33,2011;2016;2021;2026,GEN,,108,yes,yes,19,NILGIRIS,19,agrees,,AC_list;coverage;urban_mapping
Tamil Nadu,3980,Gudalur,523,Nilgiris,109,109,GUDALUR,2026,eci_code,1.0,2008,33,2011;2016;2021;2026,SC,,109,yes,yes,19,NILGIRIS,19,agrees,,AC_list;coverage;urban_mapping
Tamil Nadu,3979,Coonoor,523,Nilgiris,110,110,COONOOR,2026,eci_code,1.0,2008,33,2011;2016;2021;2026,GEN,,110,yes,yes,19,NILGIRIS,19,agrees,,AC_list;coverage;urban_mapping
Tamil Nadu,3981,Mettuppalayam,523,Nilgiris,111,111,METTUPALAYAM,2026,eci_code,1.0,2008,33,2011;2016;2021;2026,GEN,,111,yes,yes,19,NILGIRIS,19,agrees,eci code; name spelled differently,AC_list;coverage;urban_mapping
Tamil Nadu,3977,Avanashi,523,Nilgiris,112,112,AVANASHI,2026,eci_code,1.0,2008,33,2011;2016;2021;2026,SC,,112,yes,yes,19,NILGIRIS,19,agrees,,AC_list;coverage;urban_mapping
Tamil Nadu,4059,Tiruppur (north),536,Tiruppur,113,113,TIRUPPUR (NORTH),2026,eci_code,1.0,2008,33,2011;2016;2021;2026,GEN,,113,yes,yes,18,TIRUPPUR,18,agrees,,AC_list;coverage;urban_mapping
Tamil Nadu,4060,Tiruppur (south),536,Tiruppur,114,114,TIRUPPUR (SOUTH),2026,exact_name,1.0,2008,33,2011;2016;2021;2026,GEN,,,,yes,18,TIRUPPUR,18,agrees,,AC_list;coverage
Tamil Nadu,3896,Palladam,509,Coimbatore,115,115,PALLADAM,2026,eci_code,1.0,2008,33,2011;2016;2021;2026,GEN,,115,yes,yes,20,COIMBATORE,20,agrees,,AC_list;coverage;urban_mapping
Tamil Nadu,3898,Sulur,509,Coimbatore,116,116,SULUR,2026,eci_code,1.0,2008,33,2011;2016;2021;2026,GEN,,116,yes,yes,20,COIMBATORE,20,agrees,,AC_list;coverage;urban_mapping
Tamil Nadu,3895,Kavundampalayam,509,Coimbatore,117,117,KAVUNDAMPALAYAM,2026,eci_code,1.0,2008,33,2011;2016;2021;2026,GEN,,117,yes,yes,20,COIMBATORE,20,agrees,,AC_list;coverage;urban_mapping
Tamil Nadu,3893,Coimbatore (north),509,Coimbatore,118,118,COIMBATORE NORTH,2026,eci_code,1.0,2008,33,2011;2016;2021;2026,GEN,,118,yes,yes,20,COIMBATORE,20,agrees,,AC_list;coverage;urban_mapping
Tamil Nadu,3992,Thondamuthur,525,Pollachi,119,119,THONDAMUTHUR,2026,eci_code,1.0,2008,33,2011;2016;2021;2026,GEN,,119,yes,yes,21,POLLACHI,21,agrees,,AC_list;coverage;urban_mapping
Tamil Nadu,3894,Coimbatore (south),509,Coimbatore,120,120,COIMBATORE SOUTH,2026,eci_code,1.0,2008,33,2011;2016;2021;2026,GEN,,120,yes,yes,20,COIMBATORE,20,agrees,,AC_list;coverage;urban_mapping
Tamil Nadu,3897,Singanallur,509,Coimbatore,121,121,SINGANALLUR,2026,eci_code,1.0,2008,33,2011;2016;2021;2026,GEN,,121,yes,yes,20,COIMBATORE,20,agrees,,AC_list;coverage;urban_mapping
Tamil Nadu,3989,Kinathukadavu,525,Pollachi,122,122,KINATHUKADAVU,2026,eci_code,1.0,2008,33,2011;2016;2021;2026,GEN,,122,yes,yes,21,POLLACHI,21,agrees,,AC_list;coverage;urban_mapping
Tamil Nadu,3991,Pollachi,525,Pollachi,123,123,POLLACHI,2026,eci_code,1.0,2008,33,2011;2016;2021;2026,GEN,,123,yes,yes,21,POLLACHI,21,agrees,,AC_list;coverage;urban_mapping
Tamil Nadu,3994,Valparai,525,Pollachi,124,124,VALPARAI,2026,eci_code,1.0,2008,33,2011;2016;2021;2026,SC,,124,yes,yes,21,POLLACHI,21,agrees,,AC_list;coverage;urban_mapping
Tamil Nadu,3993,Udumalaipettai,525,Pollachi,125,125,UDUMALPET,2026,eci_code,0.818,2008,33,2011;2016;2021;2026,GEN,,125,yes,yes,21,POLLACHI,21,agrees,eci code; name spelled differently,AC_list;coverage;urban_mapping
Tamil Nadu,3990,Madathukulam,525,Pollachi,126,126,MADATHUKULAM,2026,eci_code,1.0,2008,33,2011;2016;2021;2026,GEN,,126,yes,yes,21,POLLACHI,21,agrees,,AC_list;coverage;urban_mapping
Tamil Nadu,3916,Palani,512,Dindigul,127,127,PALANI,2026,eci_code,1.0,2008,33,2011;2016;2021;2026,GEN,,127,yes,yes,22,DINDIGUL,22,agrees,,AC_list;coverage;urban_mapping
Tamil Nadu,3915,Oddanchatram,512,Dindigul,128,128,ODDANCHATRAM,2026,eci_code,1.0,2008,33,2011;2016;2021;2026,GEN,,128,yes,yes,22,DINDIGUL,22,agrees,,AC_list;coverage;urban_mapping
Tamil Nadu,3911,Athoor,512,Dindigul,129,129,ATHOOR,2026,eci_code,1.0,2008,33,2011;2016;2021;2026,GEN,,129,yes,yes,22,DINDIGUL,22,agrees,,AC_list;coverage;urban_mapping
Tamil Nadu,3914,Nilakkottai,512,Dindigul,130,130,NILAKOTTAI,2026,eci_code,1.0,2008,33,2011;2016;2021;2026,SC,,130,yes,yes,22,DINDIGUL,22,agrees,eci code; name spelled differently,AC_list;coverage;urban_mapping
Tamil Nadu,3913,Natham,512,Dindigul,131,131,NATHAM,2026,eci_code,1.0,2008,33,2011;2016;2021;2026,GEN,,131,yes,yes,22,DINDIGUL,22,agrees,,AC_list;coverage;urban_mapping
Tamil Nadu,3912,Dindigul,512,Dindigul,132,132,DINDIGUL,2026,eci_code,1.0,2008,33,2011;2016;2021;2026,GEN,,132,yes,yes,22,DINDIGUL,22,agrees,,AC_list;coverage;urban_mapping
Tamil Nadu,3945,Vedasandur,517,Karur,133,133,VEDASANDUR,2026,eci_code,1.0,2008,33,2011;2016;2021;2026,GEN,,133,yes,yes,23,KARUR,23,agrees,,AC_list;coverage;urban_mapping
Tamil Nadu,3941,Aravakurichi,517,Karur,134,134,ARAVAKURICHI,2026,eci_code,1.0,2008,33,2011;2021;2026,GEN,,134,yes,yes,23,KARUR,23,agrees,,AC_list;coverage;urban_mapping
Tamil Nadu,3942,Karur,517,Karur,135,135,KARUR,2026,eci_code,1.0,2008,33,2011;2016;2021;2026,GEN,,135,yes,yes,23,KARUR,23,agrees,,AC_list;coverage;urban_mapping
Tamil Nadu,3943,Krishnarayapuram,517,Karur,136,136,KRISHNARAYAPURAM,2026,eci_code,1.0,2008,33,2011;2016;2021;2026,SC,,136,yes,yes,23,KARUR,23,agrees,,AC_list;coverage;urban_mapping
Tamil Nadu,3983,Kulithalai,524,Perambalur,137,137,KULITHALAI,2026,eci_code,1.0,2008,33,2011;2016;2021;2026,GEN,,137,yes,yes,25,PERAMBALUR,25,agrees,,AC_list;coverage;urban_mapping
Tamil Nadu,3944,Manapparai,517,Karur,138,138,MANAPPARAI,2026,eci_code,1.0,2008,33,2011;2016;2021;2026,GEN,,138,yes,yes,23,KARUR,23,agrees,,AC_list;coverage;urban_mapping
Tamil Nadu,4045,Srirangam,534,Tiruchirappalli,139,139,SRIRANGAM,2026,eci_code,1.0,2008,33,2011;2016;2021;2026,GEN,,139,yes,yes,24,TIRUCHIRAPPALLI,24,agrees,,AC_list;coverage;urban_mapping
Tamil Nadu,4048,Tiruchirappalli (west),534,Tiruchirappalli,140,140,TIRUCHIRAPALLI (WEST),2026,eci_code,1.0,2008,33,2011;2016;2021;2026,GEN,,140,yes,yes,24,TIRUCHIRAPPALLI,24,agrees,eci code; name spelled differently,AC_list;coverage;urban_mapping
Tamil Nadu,4047,Tiruchirappalli (east),534,Tiruchirappalli,141,141,TIRUCHIRAPALLI (EAST),2026,eci_code,1.0,2008,33,2011;2016;2021;2026,GEN,,141,yes,yes,24,TIRUCHIRAPPALLI,24,agrees,eci code; name spelled differently,AC_list;coverage;urban_mapping
Tamil Nadu,4046,Thiruverumbur,534,Tiruchirappalli,142,142,THIRUVERAMBUR,2026,eci_code,0.923,2008,33,2011;2016;2021;2026,GEN,,142,yes,yes,24,TIRUCHIRAPPALLI,24,agrees,eci code; name spelled differently,AC_list;coverage;urban_mapping
Tamil Nadu,3984,Lalgudi,524,Perambalur,143,143,LALGUDI,2026,eci_code,1.0,2008,33,2011;2016;2021;2026,GEN,,143,yes,yes,25,PERAMBALUR,25,agrees,,AC_list;coverage;urban_mapping
Tamil Nadu,3985,Manachanallur,524,Perambalur,144,144,MANACHANALLUR,2026,eci_code,1.0,2008,33,2011;2016;2021;2026,GEN,,144,yes,yes,25,PERAMBALUR,25,agrees,,AC_list;coverage;urban_mapping
Tamil Nadu,3986,Musiri,524,Perambalur,145,145,MUSIRI,2026,eci_code,1.0,2008,33,2011;2016;2021;2026,GEN,,145,yes,yes,25,PERAMBALUR,25,agrees,,AC_list;coverage;urban_mapping
Tamil Nadu,3988,Thuraiyur,524,Perambalur,146,146,THURAIYUR,2026,eci_code,1.0,2008,33,2011;2016;2021;2026,SC,,146,yes,yes,25,PERAMBALUR,25,agrees,,AC_list;coverage;urban_mapping
Tamil Nadu,3987,Perambalur,524,Perambalur,147,147,PERAMBALUR,2026,eci_code,1.0,2008,33,2011;2016;2021;2026,SC,,147,yes,yes,25,PERAMBALUR,25,agrees,,AC_list;coverage;urban_mapping
Tamil Nadu,3892,Kunnam,508,Chidambaram,148,148,KUNNAM,2026,eci_code,1.0,2008,33,2011;2016;2021;2026,GEN,,148,yes,yes,27,CHIDAMBARAM,27,agrees,,AC_list;coverage;urban_mapping
Tamil Nadu,3887,Ariyalur,508,Chidambaram,149,149,ARIYALUR,2026,eci_code,1.0,2008,33,2011;2016;2021;2026,GEN,,149,yes,yes,27,CHIDAMBARAM,27,agrees,,AC_list;coverage;urban_mapping
Tamil Nadu,3890,Jayankondam,508,Chidambaram,150,150,JAYANKONDAM,2026,eci_code,1.0,2008,33,2011;2016;2021;2026,GEN,,150,yes,yes,27,CHIDAMBARAM,27,agrees,,AC_list;coverage;urban_mapping
Tamil Nadu,3903,Tittakudi,510,Cuddalore,151,151,TITTAKUDI,2026,eci_code,1.0,2008,33,2011;2016;2021;2026,SC,,151,yes,yes,26,CUDDALORE,26,agrees,,AC_list;coverage;urban_mapping
Tamil Nadu,3904,Vriddhachalam,510,Cuddalore,152,152,VIRUDHACHALAM,2026,eci_code,1.0,2008,33,2011;2016;2021;2026,GEN,,152,yes,yes,26,CUDDALORE,26,agrees,,AC_list;coverage;urban_mapping
Tamil Nadu,3901,Neyveli,510,Cuddalore,153,153,NEYVELI,2026,exact_name,1.0,2008,33,2011;2016;2021;2026,GEN,,,,yes,26,CUDDALORE,26,agrees,,AC_list;coverage
Tamil Nadu,3902,Panruti,510,Cuddalore,154,154,PANRUTI,2026,eci_code,1.0,2008,33,2011;2016;2021;2026,GEN,,154,yes,yes,26,CUDDALORE,26,agrees,,AC_list;coverage;urban_mapping
Tamil Nadu,3899,Cuddalore,510,Cuddalore,155,155,CUDDALORE,2026,eci_code,1.0,2008,33,2011;2016;2021;2026,GEN,,155,yes,yes,26,CUDDALORE,26,agrees,,AC_list;coverage;urban_mapping
Tamil Nadu,3900,Kurinjipadi,510,Cuddalore,156,156,KURINJIPADI,2026,eci_code,1.0,2008,33,2011;2016;2021;2026,GEN,,156,yes,yes,26,CUDDALORE,26,agrees,,AC_list;coverage;urban_mapping
Tamil Nadu,3888,Bhuvanagiri,508,Chidambaram,157,157,BHUVANAGIRI,2026,eci_code,1.0,2008,33,2011;2016;2021;2026,GEN,,157,yes,yes,27,CHIDAMBARAM,27,agrees,,AC_list;coverage;urban_mapping
Tamil Nadu,3889,Chidambaram,508,Chidambaram,158,158,CHIDAMBARAM,2026,eci_code,1.0,2008,33,2011;2016;2021;2026,GEN,,158,yes,yes,27,CHIDAMBARAM,27,agrees,,AC_list;coverage;urban_mapping
Tamil Nadu,3891,Kattumannarkoil,508,Chidambaram,159,159,KATTUMANNARKOIL,2026,eci_code,1.0,2008,33,2011;2016;2021;2026,SC,,159,yes,yes,27,CHIDAMBARAM,27,agrees,,AC_list;coverage;urban_mapping
Tamil Nadu,3963,Sirkazhi,520,Mayiladuthurai,160,160,SIRKALI,2026,eci_code,0.857,2008,33,2011;2016;2021;2026,SC,,160,yes,yes,28,MAYILADUTHURAI,28,agrees,eci code; name spelled differently,AC_list;coverage;urban_mapping
Tamil Nadu,3960,Mayiladuthurai,520,Mayiladuthurai,161,161,MAYILADUTHURAI,2026,eci_code,1.0,2008,33,2011;2016;2021;2026,GEN,,161,yes,yes,28,MAYILADUTHURAI,28,agrees,,AC_list;coverage;urban_mapping
Tamil Nadu,3962,Poompuhar,520,Mayiladuthurai,162,162,POOMPUHAR,2026,eci_code,1.0,2008,33,2011;2016;2021;2026,GEN,,162,yes,yes,28,MAYILADUTHURAI,28,agrees,,AC_list;coverage;urban_mapping
Tamil Nadu,3966,Nagapattinam,521,Nagapattinam,163,163,NAGAPATTINAM,2026,eci_code,1.0,2008,33,2011;2016;2021;2026,GEN,,163,yes,yes,29,NAGAPATTINAM,29,agrees,,AC_list;coverage;urban_mapping
Tamil Nadu,3965,Kilvelur,521,Nagapattinam,164,164,KILVELUR,2026,eci_code,1.0,2008,33,2011;2016;2021;2026,SC,,164,yes,yes,29,NAGAPATTINAM,29,agrees,,AC_list;coverage;urban_mapping
Tamil Nadu,3970,Vedaranyam,521,Nagapattinam,165,165,VEDARANYAM,2026,eci_code,1.0,2008,33,2011;2016;2021;2026,GEN,,165,yes,yes,29,NAGAPATTINAM,29,agrees,,AC_list;coverage;urban_mapping
Tamil Nadu,3968,Thiruthuraipoondi,521,Nagapattinam,166,166,THIRUTHURAIPUNDI,2026,eci_code,1.0,2008,33,2011;2016;2021;2026,SC,,166,yes,yes,29,NAGAPATTINAM,29,agrees,eci code; name spelled differently,AC_list;coverage;urban_mapping
Tamil Nadu,4025,Mannargudi,531,Thanjavur,167,167,MANNARGUDI,2026,eci_code,1.0,2008,33,2011;2016;2021;2026,GEN,,167,yes,yes,30,THANJAVUR,30,agrees,,AC_list;coverage;urban_mapping
Tamil Nadu,3969,Thiruvarur,521,Nagapattinam,168,168,THIRUVARUR,2026,eci_code,1.0,2008,33,2011;2016;2021;2026,GEN,,168,yes,yes,29,NAGAPATTINAM,29,agrees,,AC_list;coverage;urban_mapping
Tamil Nadu,3967,Nannilam,521,Nagapattinam,169,169,NANNILAM,2026,eci_code,1.0,2008,33,2011;2016;2021;2026,GEN,,169,yes,yes,29,NAGAPATTINAM,29,agrees,,AC_list;coverage;urban_mapping
Tamil Nadu,3964,Thiruvidaimarudur,520,Mayiladuthurai,170,170,THIRUVIDAMARUDUR,2026,eci_code,0.97,2008,33,2011;2016;2021;2026,SC,,170,yes,yes,28,MAYILADUTHURAI,28,agrees,eci code; name spelled differently,AC_list;coverage;urban_mapping
Tamil Nadu,3959,Kumbakonam,520,Mayiladuthurai,171,171,KUMBAKONAM,2026,eci_code,1.0,2008,33,2011;2016;2021;2026,GEN,,171,yes,yes,28,MAYILADUTHURAI,28,agrees,,AC_list;coverage;urban_mapping
Tamil Nadu,3961,Papanasam,520,Mayiladuthurai,172,172,PAPANASAM,2026,eci_code,1.0,2008,33,2011;2016;2021;2026,GEN,,172,yes,yes,28,MAYILADUTHURAI,28,agrees,,AC_list;coverage;urban_mapping
Tamil Nadu,4030,Thiruvaiyaru,531,Thanjavur,173,173,THIRUVAIYARU,2026,eci_code,1.0,2008,33,2011;2016;2021;2026,GEN,,173,yes,yes,30,THANJAVUR,30,agrees,,AC_list;coverage;urban_mapping
Tamil Nadu,4029,Thanjavur,531,Thanjavur,174,174,THANJAVUR,2026,eci_code,1.0,2008,33,2011;2021;2026,GEN,,174,yes,yes,30,THANJAVUR,30,agrees,,AC_list;coverage;urban_mapping
Tamil Nadu,4026,Orattanadu,531,Thanjavur,175,175,ORATHANAD,2026,eci_code,0.941,2008,33,2011;2016;2021;2026,GEN,,175,yes,yes,30,THANJAVUR,30,agrees,eci code; name spelled differently,AC_list;coverage;urban_mapping
Tamil Nadu,4027,Pattukkottai,531,Thanjavur,176,176,PATTUKKOTTAI,2026,eci_code,1.0,2008,33,2011;2016;2021;2026,GEN,,176,yes,yes,30,THANJAVUR,30,agrees,,AC_list;coverage;urban_mapping
Tamil Nadu,4028,Peravurani,531,Thanjavur,177,177,PERAVURANI,2026,eci_code,1.0,2008,33,2011;2016;2021;2026,GEN,,177,yes,yes,30,THANJAVUR,30,agrees,,AC_list;coverage;urban_mapping
Tamil Nadu,4043,Gandarvakottai,534,Tiruchirappalli,178,178,GANDHARVAKOTTAI,2026,eci_code,1.0,2008,33,2011;2016;2021;2026,SC,,178,yes,yes,24,TIRUCHIRAPPALLI,24,agrees,eci code; name spelled differently,AC_list;coverage;urban_mapping
Tamil Nadu,3946,Viralimalai,517,Karur,179,179,VIRALIMALAI,2026,eci_code,1.0,2008,33,2011;2016;2021;2026,GEN,,179,yes,yes,23,KARUR,23,agrees,,AC_list;coverage;urban_mapping
Tamil Nadu,4044,Pudukkottai,534,Tiruchirappalli,180,180,PUDUKKOTTAI,2026,exact_name,1.0,2008,33,2011;2016;2021;2026,GEN,,,,yes,24,TIRUCHIRAPPALLI,24,agrees,,AC_list;coverage
Tamil Nadu,4011,Thirumayam,528,Sivaganga,181,181,THIRUMAYAM,2026,eci_code,1.0,2008,33,2011;2016;2021;2026,GEN,,181,yes,yes,31,SIVAGANGA,31,agrees,,AC_list;coverage;urban_mapping
Tamil Nadu,4007,Alangudi,528,Sivaganga,182,182,ALANGUDI,2026,eci_code,1.0,2008,33,2011;2016;2021;2026,GEN,,182,yes,yes,31,SIVAGANGA,31,agrees,,AC_list;coverage;urban_mapping
Tamil Nadu,3995,Aranthangi,526,Ramanathapuram,183,183,ARANTANGI,2026,eci_code,1.0,2008,33,2011;2016;2021;2026,GEN,,183,yes,yes,35,RAMANATHAPURAM,35,agrees,eci code; name spelled differently,AC_list;coverage;urban_mapping
Tamil Nadu,4008,Karaikudi,528,Sivaganga,184,184,KARAIKUDI,2026,eci_code,1.0,2008,33,2011;2016;2021;2026,GEN,,184,yes,yes,31,SIVAGANGA,31,agrees,,AC_list;coverage;urban_mapping
Tamil Nadu,4012,Tiruppattur,528,Sivaganga,185,185,TIRUPPATTUR,2026,eci_code,1.0,2008,33,2011;2016;2021;2026,GEN,,185,yes,yes,31,SIVAGANGA,31,agrees,,AC_list;coverage;urban_mapping
Tamil Nadu,4010,Sivaganga,528,Sivaganga,186,186,SIVAGANGA,2026,eci_code,1.0,2008,33,2011;2016;2021;2026,GEN,,186,yes,yes,31,SIVAGANGA,31,agrees,,AC_list;coverage;urban_mapping
Tamil Nadu,4009,Manamadurai,528,Sivaganga,187,187,MANAMADURAI,2026,eci_code,1.0,2008,33,2011;2016;2021;2026,SC,,187,yes,yes,31,SIVAGANGA,31,agrees,,AC_list;coverage;urban_mapping
Tamil Nadu,3958,Melur,519,Madurai,188,188,MELUR,2026,eci_code,1.0,2008,33,2011;2016;2021;2026,GEN,,188,yes,yes,32,MADURAI,32,agrees,,AC_list;coverage;urban_mapping
Tamil Nadu,3954,Madurai East,519,Madurai,189,189,MADURAI EAST,2026,eci_code,1.0,2008,33,2011;2016;2021;2026,GEN,,189,yes,yes,32,MADURAI,32,agrees,,AC_list;coverage;urban_mapping
Tamil Nadu,4035,Sholavandan,532,Theni,190,190,SHOLAVANDAN,2026,eci_code,1.0,2008,33,2011;2016;2021;2026,SC,,190,yes,yes,33,THENI,33,agrees,,AC_list;coverage;urban_mapping
Tamil Nadu,3955,Madurai North,519,Madurai,191,191,MADURAI NORTH,2026,eci_code,1.0,2008,33,2011;2016;2021;2026,GEN,,191,yes,yes,32,MADURAI,32,agrees,,AC_list;coverage;urban_mapping
Tamil Nadu,3956,Madurai South,519,Madurai,192,192,MADURAI SOUTH,2026,eci_code,1.0,2008,33,2011;2016;2021;2026,GEN,,192,yes,yes,32,MADURAI,32,agrees,,AC_list;coverage;urban_mapping
Tamil Nadu,3953,Madurai central,519,Madurai,193,193,MADURAI CENTRAL,2026,eci_code,1.0,2008,33,2011;2016;2021;2026,GEN,,193,yes,yes,32,MADURAI,32,agrees,,AC_list;coverage;urban_mapping
Tamil Nadu,3957,Madurai West,519,Madurai,194,194,MADURAI WEST,2026,eci_code,1.0,2008,33,2011;2016;2021;2026,GEN,,194,yes,yes,32,MADURAI,32,agrees,,AC_list;coverage;urban_mapping
Tamil Nadu,4089,Thiruparankundram,541,Virudhunagar,195,195,THIRUPARANKUNDRAM,2026,exact_name,1.0,2008,33,2011;2016;2021;2026,GEN,,,,yes,34,VIRUDHUNAGAR,34,agrees,,AC_list;coverage
Tamil Nadu,4088,Thirumangalam,541,Virudhunagar,196,196,THIRUMANGALAM,2026,eci_code,1.0,2008,33,2011;2016;2021;2026,GEN,,196,yes,yes,34,VIRUDHUNAGAR,34,agrees,,AC_list;coverage;urban_mapping
Tamil Nadu,4036,Usilampatti,532,Theni,197,197,USILAMPATTI,2026,eci_code,1.0,2008,33,2011;2016;2021;2026,GEN,,197,yes,yes,33,THENI,33,agrees,,AC_list;coverage;urban_mapping
Tamil Nadu,4031,Andipatti,532,Theni,198,198,ANDIPATTI,2026,eci_code,1.0,2008,33,2011;2016;2021;2026,GEN,,198,yes,yes,33,THENI,33,agrees,,AC_list;coverage;urban_mapping
Tamil Nadu,4034,Periyakulam,532,Theni,199,199,PERIYAKULAM,2026,eci_code,1.0,2008,33,2011;2016;2021;2026,SC,,199,yes,yes,33,THENI,33,agrees,,AC_list;coverage;urban_mapping
Tamil Nadu,4032,Bodinayackanur,532,Theni,200,200,BODINAYAKANUR,2026,eci_code,0.963,2008,33,2011;2016;2021;2026,GEN,,200,yes,yes,33,THENI,33,agrees,eci code; name spelled differently,AC_list;coverage;urban_mapping
Tamil Nadu,4033,Cumbum,532,Theni,201,201,CUMBUM,2026,eci_code,1.0,2008,33,2011;2016;2021;2026,GEN,,201,yes,yes,33,THENI,33,agrees,,AC_list;coverage;urban_mapping
Tamil Nadu,4020,Rajapalayam,530,Tenkasi,202,202,RAJAPALAYAM,2026,eci_code,1.0,2008,33,2011;2016;2021;2026,GEN,,202,yes,yes,37,TENKASI,37,agrees,,AC_list;coverage;urban_mapping
Tamil Nadu,4022,Srivilliputhur,530,Tenkasi,203,203,SRIVILLIPUTHUR,2026,eci_code,1.0,2008,33,2011;2016;2021;2026,SC,,203,yes,yes,37,TENKASI,37,agrees,,AC_list;coverage;urban_mapping
Tamil Nadu,4086,Sattur,541,Virudhunagar,204,204,SATTUR,2026,eci_code,1.0,2008,33,2011;2016;2021;2026,GEN,,204,yes,yes,34,VIRUDHUNAGAR,34,agrees,,AC_list;coverage;urban_mapping
Tamil Nadu,4087,Sivakasi,541,Virudhunagar,205,205,SIVAKASI,2026,eci_code,1.0,2008,33,2011;2016;2021;2026,GEN,,205,yes,yes,34,VIRUDHUNAGAR,34,agrees,,AC_list;coverage;urban_mapping
Tamil Nadu,4090,Virudhunagar,541,Virudhunagar,206,206,VIRUDHUNAGAR,2026,eci_code,1.0,2008,33,2011;2016;2021;2026,GEN,,206,yes,yes,34,VIRUDHUNAGAR,34,agrees,,AC_list;coverage;urban_mapping
Tamil Nadu,4085,Aruppukkottai,541,Virudhunagar,207,207,ARUPPUKOTTAI,2026,eci_code,1.0,2008,33,2011;2016;2021;2026,GEN,,207,yes,yes,34,VIRUDHUNAGAR,34,agrees,eci code; name spelled differently,AC_list;coverage;urban_mapping
Tamil Nadu,3999,Tiruchuli,526,Ramanathapuram,208,208,TIRUCHULI,2026,eci_code,1.0,2008,33,2011;2016;2021;2026,GEN,,208,yes,yes,35,RAMANATHAPURAM,35,agrees,,AC_list;coverage;urban_mapping
Tamil Nadu,3997,Paramakudi,526,Ramanathapuram,209,209,PARAMAKUDI,2026,eci_code,1.0,2008,33,2011;2016;2021;2026,SC,,209,yes,yes,35,RAMANATHAPURAM,35,agrees,,AC_list;coverage;urban_mapping
Tamil Nadu,4000,Tiruvadanai,526,Ramanathapuram,210,210,TIRUVADANAI,2026,eci_code,1.0,2008,33,2011;2016;2021;2026,GEN,,210,yes,yes,35,RAMANATHAPURAM,35,agrees,,AC_list;coverage;urban_mapping
Tamil Nadu,3998,Ramanathapuram,526,Ramanathapuram,211,211,RAMANATHAPURAM,2026,eci_code,1.0,2008,33,2011;2016;2021;2026,GEN,,211,yes,yes,35,RAMANATHAPURAM,35,agrees,,AC_list;coverage;urban_mapping
Tamil Nadu,3996,Mudhukulathur,526,Ramanathapuram,212,212,MUDUKULATHUR,2026,eci_code,1.0,2008,33,2011;2016;2021;2026,GEN,,212,yes,yes,35,RAMANATHAPURAM,35,agrees,eci code; name spelled differently,AC_list;coverage;urban_mapping
Tamil Nadu,4042,Vilathikulam,533,Thoothukkudi,213,213,VILATHIKULAM,2026,eci_code,1.0,2008,33,2011;2016;2021;2026,GEN,,213,yes,yes,36,THOOTHUKKUDI,36,agrees,,AC_list;coverage;urban_mapping
Tamil Nadu,4040,Thoothukkudi,533,Thoothukkudi,214,214,THOOTHUKKUDI,2026,eci_code,1.0,2008,33,2011;2016;2021;2026,GEN,,214,yes,yes,36,THOOTHUKKUDI,36,agrees,,AC_list;coverage;urban_mapping
Tamil Nadu,4041,Tiruchendur,533,Thoothukkudi,215,215,TIRUCHENDUR,2026,eci_code,1.0,2008,33,2011;2016;2021;2026,GEN,,215,yes,yes,36,THOOTHUKKUDI,36,agrees,,AC_list;coverage;urban_mapping
Tamil Nadu,4039,Srivaikuntam,533,Thoothukkudi,216,216,SRIVAIKUNTAM,2026,eci_code,1.0,2008,33,2011;2016;2021;2026,GEN,,216,yes,yes,36,THOOTHUKKUDI,36,agrees,,AC_list;coverage;urban_mapping
Tamil Nadu,4038,Ottapidaram,533,Thoothukkudi,217,217,OTTAPIDARAM,2026,eci_code,1.0,2008,33,2011;2016;2021;2026,SC,,217,yes,yes,36,THOOTHUKKUDI,36,agrees,,AC_list;coverage;urban_mapping
Tamil Nadu,4037,Kovilpatti,533,Thoothukkudi,218,218,KOVILPATTI,2026,eci_code,1.0,2008,33,2011;2016;2021;2026,GEN,,218,yes,yes,36,THOOTHUKKUDI,36,agrees,,AC_list;coverage;urban_mapping
Tamil Nadu,4021,Sankarankovil,530,Tenkasi,219,219,SANKARANKOVIL,2026,eci_code,1.0,2008,33,2011;2016;2021;2026,SC,,219,yes,yes,37,TENKASI,37,agrees,,AC_list;coverage;urban_mapping
Tamil Nadu,4024,Vasudevanallur,530,Tenkasi,220,220,VASUDEVANALLUR,2026,eci_code,1.0,2008,33,2011;2016;2021;2026,SC,,220,yes,yes,37,TENKASI,37,agrees,,AC_list;coverage;urban_mapping
Tamil Nadu,4019,Kadayanallur,530,Tenkasi,221,221,KADAYANALLUR,2026,eci_code,1.0,2008,33,2011;2016;2021;2026,GEN,,221,yes,yes,37,TENKASI,37,agrees,,AC_list;coverage;urban_mapping
Tamil Nadu,4023,Tenkasi,530,Tenkasi,222,222,TENKASI,2026,eci_code,1.0,2008,33,2011;2016;2021;2026,GEN,,222,yes,yes,37,TENKASI,37,agrees,,AC_list;coverage;urban_mapping
Tamil Nadu,4049,Alangulam,535,Tirunelveli,223,223,ALANGULAM,2026,eci_code,1.0,2008,33,2011;2016;2021;2026,GEN,,223,yes,yes,38,TIRUNELVELI,38,agrees,,AC_list;coverage;urban_mapping
Tamil Nadu,4054,Tirunelveli,535,Tirunelveli,224,224,TIRUNELVELI,2026,eci_code,1.0,2008,33,2011;2016;2021;2026,GEN,,224,yes,yes,38,TIRUNELVELI,38,agrees,,AC_list;coverage;urban_mapping
Tamil Nadu,4050,Ambasamudram,535,Tirunelveli,225,225,AMBASAMUDRAM,2026,eci_code,1.0,2008,33,2011;2016;2021;2026,GEN,,225,yes,yes,38,TIRUNELVELI,38,agrees,,AC_list;coverage;urban_mapping
Tamil Nadu,4052,Palayamkottai,535,Tirunelveli,226,226,PALAYAMCOTTAI,2026,fuzzy,0.923,2008,33,2011;2016;2021;2026,GEN,,,,yes,38,TIRUNELVELI,38,agrees,similarity; PC agrees,AC_list;coverage
Tamil Nadu,4051,Nanguneri,535,Tirunelveli,227,227,NANGUNERI,2026,eci_code,1.0,2008,33,2011;2016;2021;2026,GEN,,227,yes,yes,38,TIRUNELVELI,38,agrees,,AC_list;coverage;urban_mapping
Tamil Nadu,4053,Radhapuram,535,Tirunelveli,228,228,RADHAPURAM,2026,eci_code,1.0,2008,33,2011;2016;2021;2026,GEN,,228,yes,yes,38,TIRUNELVELI,38,agrees,,AC_list;coverage;urban_mapping
Tamil Nadu,3936,Kanniyakumari,516,Kanniyakumari,229,229,KANNIYAKUMARI,2026,eci_code,1.0,2008,33,2011;2016;2021;2026,GEN,,229,yes,yes,39,KANNIYAKUMARI,39,agrees,,AC_list;coverage;urban_mapping
Tamil Nadu,3938,Nagercoil,516,Kanniyakumari,230,230,NAGERCOIL,2026,eci_code,1.0,2008,33,2011;2016;2021;2026,GEN,,230,yes,yes,39,KANNIYAKUMARI,39,agrees,,AC_list;coverage;urban_mapping
Tamil Nadu,3935,Colachel,516,Kanniyakumari,231,231,COLACHEL,2026,eci_code,1.0,2008,33,2011;2016;2021;2026,GEN,,231,yes,yes,39,KANNIYAKUMARI,39,agrees,,AC_list;coverage;urban_mapping
Tamil Nadu,3939,Padmanabhapuram,516,Kanniyakumari,232,232,PADMANABHAPURAM,2026,eci_code,1.0,2008,33,2011;2016;2021;2026,GEN,,232,yes,yes,39,KANNIYAKUMARI,39,agrees,,AC_list;coverage;urban_mapping
Tamil Nadu,3940,Vilavancode,516,Kanniyakumari,233,233,VILAVANCODE,2026,eci_code,1.0,2008,33,2011;2016;2021;2026,GEN,,233,yes,yes,39,KANNIYAKUMARI,39,agrees,,AC_list;coverage;urban_mapping
Tamil Nadu,3937,Killiyoor,516,Kanniyakumari,234,234,KILLIYOOR,2026,eci_code,1.0,2008,33,2011;2016;2021;2026,GEN,,234,yes,yes,39,KANNIYAKUMARI,39,agrees,,AC_list;coverage;urban_mapping
Telangana,3165,Sirpur,410,Adilabad,1,1,SIRPUR,2023,exact_name,1.0,2008,36,2009;2014;2018;2023,GEN,,,,yes,1,ADILABAD,1,agrees,,AC_list;coverage
Telangana,3377,Chennur,441,Peddapalle,2,2,CHENNUR,2023,eci_code,1.0,2008,36,2009;2014;2018;2023,SC,,2,yes,yes,2,PEDDAPALLE,2,agrees,,AC_list;coverage;urban_mapping
Telangana,3376,Bellampally,441,Peddapalle,3,3,BELLAMPALLE,2023,eci_code,1.0,2008,36,2009;2014;2018;2023,SC,,3,yes,yes,2,PEDDAPALLE,2,agrees,,AC_list;coverage;urban_mapping
Telangana,3379,Mancherial,441,Peddapalle,4,4,MANCHERIAL,2023,eci_code,1.0,2008,36,2009;2014;2018;2023,GEN,,4,yes,yes,2,PEDDAPALLE,2,agrees,,AC_list;coverage;urban_mapping
Telangana,3160,Asifabad,410,Adilabad,5,5,ASIFABAD,2023,eci_code,1.0,2008,36,2009;2014;2018;2023,ST,,5,yes,yes,1,ADILABAD,1,agrees,,AC_list;coverage;urban_mapping
Telangana,3162,Khanapur,410,Adilabad,6,6,KHANAPUR,2023,eci_code,1.0,2008,36,2009;2014;2018;2023,ST,,6,yes,yes,1,ADILABAD,1,agrees,,AC_list;coverage;urban_mapping
Telangana,3159,Adilabad,410,Adilabad,7,7,ADILABAD,2023,eci_code,1.0,2008,36,2009;2014;2018;2023,GEN,,7,yes,yes,1,ADILABAD,1,agrees,,AC_list;coverage;urban_mapping
Telangana,3161,Boath,410,Adilabad,8,8,BOATH,2023,exact_name,1.0,2008,36,2009;2014;2018;2023,ST,,,,yes,1,ADILABAD,1,agrees,,AC_list;coverage
Telangana,3164,Nirmal,410,Adilabad,9,9,NIRMAL,2023,eci_code,1.0,2008,36,2009;2014;2018;2023,GEN,,9,yes,yes,1,ADILABAD,1,agrees,,AC_list;coverage;urban_mapping
Telangana,3163,Mudhole,410,Adilabad,10,10,MUDHOLE,2023,eci_code,1.0,2008,36,2009;2014;2018;2023,GEN,,10,yes,yes,1,ADILABAD,1,agrees,,AC_list;coverage;urban_mapping
Telangana,3362,Armur,439,Nizamabad,11,11,ARMUR,2023,eci_code,1.0,2008,36,2009;2014;2018;2023,GEN,,11,yes,yes,4,NIZAMABAD,4,agrees,,AC_list;coverage;urban_mapping
Telangana,3364,Bodhan,439,Nizamabad,12,12,BODHAN,2023,eci_code,1.0,2008,36,2009;2014;2018;2023,GEN,,12,yes,yes,4,NIZAMABAD,4,agrees,,AC_list;coverage;urban_mapping
Telangana,3448,Jukkal,451,Zahirabad,13,13,JUKKAL,2023,exact_name,1.0,2008,36,2009;2014;2018;2023,SC,,,,yes,5,ZAHIRABAD,5,agrees,,AC_list;coverage
Telangana,3447,Banswada,451,Zahirabad,14,14,BANSWADA,2023,eci_code,1.0,2008,36,2009;2014;2018;2023,GEN,,14,yes,yes,5,ZAHIRABAD,5,agrees,,AC_list;coverage;urban_mapping
Telangana,3451,Yellareddy,451,Zahirabad,15,15,YELLAREDDY,2023,eci_code,1.0,2008,36,2009;2014;2018;2023,GEN,,15,yes,yes,5,ZAHIRABAD,5,agrees,,AC_list;coverage;urban_mapping
Telangana,3449,Kamareddy,451,Zahirabad,16,16,KAMAREDDY,2023,eci_code,1.0,2008,36,2009;2014;2018;2023,GEN,,16,yes,yes,5,ZAHIRABAD,5,agrees,,AC_list;coverage;urban_mapping
Telangana,3368,Nizamabad (Urban),439,Nizamabad,17,17,NIZAMABAD (URBAN),2023,eci_code,1.0,2008,36,2009;2014;2018;2023,GEN,,17,yes,yes,4,NIZAMABAD,4,agrees,,AC_list;coverage;urban_mapping
Telangana,3367,Nizamabad (Rural),439,Nizamabad,18,18,NIZAMABAD (RURAL),2023,exact_name,1.0,2008,36,2009;2014;2018;2023,GEN,,,,yes,4,NIZAMABAD,4,agrees,,AC_list;coverage
Telangana,3363,Balkonda,439,Nizamabad,19,19,BALKONDA,2023,eci_code,1.0,2008,36,2009;2014;2018;2023,GEN,,19,yes,yes,4,NIZAMABAD,4,agrees,,AC_list;coverage;urban_mapping
Telangana,3366,Koratla,439,Nizamabad,20,20,KORATLA,2023,eci_code,1.0,2008,36,2009;2014;2018;2023,GEN,,20,yes,yes,4,NIZAMABAD,4,agrees,,AC_list;coverage;urban_mapping
Telangana,3365,Jagtial,439,Nizamabad,21,21,JAGTIAL,2023,eci_code,1.0,2008,36,2009;2014;2018;2023,GEN,,21,yes,yes,4,NIZAMABAD,4,agrees,,AC_list;coverage;urban_mapping
Telangana,3378,Dharmapuri,441,Peddapalle,22,22,DHARMAPURI,2023,eci_code,1.0,2008,36,2009;2014;2018;2023,SC,,22,yes,yes,2,PEDDAPALLE,2,agrees,,AC_list;coverage;urban_mapping
Telangana,3382,Ramagundam,441,Peddapalle,23,23,RAMAGUNDAM,2023,eci_code,1.0,2008,36,2009;2014;2018;2023,GEN,,23,yes,yes,2,PEDDAPALLE,2,agrees,,AC_list;coverage;urban_mapping
Telangana,3380,Manthani,441,Peddapalle,24,24,MANTHANI,2023,eci_code,1.0,2008,36,2009;2014;2018;2023,GEN,,24,yes,yes,2,PEDDAPALLE,2,agrees,,AC_list;coverage;urban_mapping
Telangana,3381,Peddapalle,441,Peddapalle,25,25,PEDDAPALLE,2023,eci_code,1.0,2008,36,2009;2014;2018;2023,GEN,,25,yes,yes,2,PEDDAPALLE,2,agrees,,AC_list;coverage;urban_mapping
Telangana,3267,Karimnagar,425,Karimnagar,26,26,KARIMNAGAR,2023,eci_code,1.0,2008,36,2009;2014;2018;2023,GEN,,26,yes,yes,3,KARIMNAGAR,3,agrees,,AC_list;coverage;urban_mapping
Telangana,3264,Choppadandi,425,Karimnagar,27,27,CHOPPADANDI,2023,eci_code,1.0,2008,36,2009;2014;2018;2023,SC,,27,yes,yes,3,KARIMNAGAR,3,agrees,,AC_list;coverage;urban_mapping
Telangana,3270,Vemulawada,425,Karimnagar,28,28,VEMULAWADA,2023,eci_code,1.0,2008,36,2009;2014;2018;2023,GEN,,28,yes,yes,3,KARIMNAGAR,3,agrees,,AC_list;coverage;urban_mapping
Telangana,3269,Sircilla,425,Karimnagar,29,29,SIRCILLA,2023,eci_code,1.0,2008,36,2009;2014;2018;2023,GEN,,29,yes,yes,3,KARIMNAGAR,3,agrees,,AC_list;coverage;urban_mapping
Telangana,3268,Manakondur,425,Karimnagar,30,30,MANAKONDUR,2023,exact_name,1.0,2008,36,2009;2014;2018;2023,SC,,,,yes,3,KARIMNAGAR,3,agrees,,AC_list;coverage
Telangana,3266,Huzurabad,425,Karimnagar,31,31,HUZURABAD,2023,eci_code,1.0,2008,36,2009;2014;2018;2023,GEN,,31,yes,yes,3,KARIMNAGAR,3,agrees,,AC_list;coverage;urban_mapping
Telangana,3265,Husnabad,425,Karimnagar,32,32,HUSNABAD,2023,eci_code,1.0,2008,36,2009;2014;2018;2023,SC,,32,yes,no: contradicted by the Delimitation Order 2008,3,KARIMNAGAR,3,agrees,,AC_list;coverage;urban_mapping
Telangana,3319,Siddipet,432,Medak,33,33,SIDDIPET,2023,eci_code,1.0,2008,36,2009;2014;2018;2023,GEN,,33,yes,yes,6,MEDAK,6,agrees,,AC_list;coverage;urban_mapping
Telangana,3315,Medak,432,Medak,34,34,MEDAK,2023,eci_code,1.0,2008,36,2009;2014;2018;2023,GEN,,34,yes,yes,6,MEDAK,6,agrees,,AC_list;coverage;urban_mapping
Telangana,3450,Narayankhed,451,Zahirabad,35,35,NARAYANKHED,2023,eci_code,1.0,2008,36,2009;2014;2018;2023,GEN,,35,yes,yes,5,ZAHIRABAD,5,agrees,,AC_list;coverage;urban_mapping
Telangana,3446,Andole,451,Zahirabad,36,36,ANDOLE,2023,eci_code,1.0,2008,36,2009;2014;2018;2023,SC,,36,yes,yes,5,ZAHIRABAD,5,agrees,,AC_list;coverage;urban_mapping
Telangana,3316,Narsapur,432,Medak,37,37,NARSAPUR,2023,eci_code,1.0,2008,36,2009;2014;2018;2023,GEN,,37,yes,yes,6,MEDAK,6,agrees,,AC_list;coverage;urban_mapping
Telangana,3452,Zahirabad,451,Zahirabad,38,38,ZAHIRABAD,2023,eci_code,1.0,2008,36,2009;2014;2018;2023,SC,,38,yes,yes,5,ZAHIRABAD,5,agrees,,AC_list;coverage;urban_mapping
Telangana,3318,Sangareddy,432,Medak,39,39,SANGAREDDY,2023,eci_code,1.0,2008,36,2009;2014;2018;2023,GEN,,39,yes,yes,6,MEDAK,6,agrees,,AC_list;coverage;urban_mapping
Telangana,3317,Patancheru,432,Medak,40,40,PATANCHERU,2023,eci_code,1.0,2008,36,2009;2014;2018;2023,GEN,,40,yes,yes,6,MEDAK,6,agrees,,AC_list;coverage;urban_mapping
Telangana,3313,Dubbak,432,Medak,41,41,DUBBAK,2023,eci_code,1.0,2008,36,2009;2014;2018;2023,GEN,,41,yes,yes,6,MEDAK,6,agrees,,AC_list;coverage;urban_mapping
Telangana,3314,Gajwel,432,Medak,42,42,GAJWEL,2023,eci_code,1.0,2008,36,2009;2014;2018;2023,GEN,,42,yes,yes,6,MEDAK,6,agrees,,AC_list;coverage;urban_mapping
Telangana,3309,Medchal,431,Malkajgiri,43,43,MEDCHAL,2023,eci_code,1.0,2008,36,2009;2014;2018;2023,GEN,,43,yes,yes,7,MALKAJGIRI,7,agrees,,AC_list;coverage;urban_mapping
Telangana,3308,Malkajgiri,431,Malkajgiri,44,44,MALKAJGIRI,2023,eci_code,1.0,2008,36,2009;2014;2018;2023,GEN,,44,yes,yes,7,MALKAJGIRI,7,agrees,,AC_list;coverage;urban_mapping
Telangana,3310,Quthbullapur,431,Malkajgiri,45,45,QUTHBULLAPUR,2023,eci_code,1.0,2008,36,2009;2014;2018;2023,GEN,,45,yes,yes,7,MALKAJGIRI,7,agrees,,AC_list;coverage;urban_mapping
Telangana,3306,Kukatpally,431,Malkajgiri,46,46,KUKATPALLE,2023,eci_code,1.0,2008,36,2009;2014;2018;2023,GEN,,46,yes,yes,7,MALKAJGIRI,7,agrees,,AC_list;coverage;urban_mapping
Telangana,3312,Uppal,431,Malkajgiri,47,47,UPPAL,2023,eci_code,1.0,2008,36,2009;2014;2018;2023,GEN,,47,yes,yes,7,MALKAJGIRI,7,agrees,,AC_list;coverage;urban_mapping
Telangana,3203,Ibrahimpatnam,416,Bhongir,48,48,IBRAHIMPATNAM,2023,eci_code,1.0,2008,36,2009;2014;2018;2023,GEN,,48,yes,yes,14,BHONGIR,14,agrees,,AC_list;coverage;urban_mapping
Telangana,3307,Lal Bahadur Nagar,431,Malkajgiri,49,49,L. B. NAGAR,2023,eci_code,1.0,2008,36,2009;2014;2018;2023,GEN,,49,yes,yes,7,MALKAJGIRI,7,agrees,,AC_list;coverage;urban_mapping
Telangana,3209,Maheshwaram,417,Chevella,50,50,MAHESWARAM,2023,eci_code,1.0,2008,36,2009;2014;2018;2023,GEN,,50,yes,yes,10,CHEVELLA,10,agrees,,AC_list;coverage;urban_mapping
Telangana,3211,Rajendranagar,417,Chevella,51,51,RAJENDRANAGAR,2023,eci_code,1.0,2008,36,2009;2014;2018;2023,GEN,,51,yes,yes,10,CHEVELLA,10,agrees,,AC_list;coverage;urban_mapping
Telangana,3212,Serilingampally,417,Chevella,52,52,SERILINGAMPALLY,2023,eci_code,1.0,2008,36,2009;2014;2018;2023,GEN,,52,yes,yes,10,CHEVELLA,10,agrees,,AC_list;coverage;urban_mapping
Telangana,3208,Chevella,417,Chevella,53,53,CHEVELLA,2023,eci_code,1.0,2008,36,2009;2014;2018;2023,SC,,53,yes,yes,10,CHEVELLA,10,agrees,,AC_list;coverage;urban_mapping
Telangana,3210,Pargi,417,Chevella,54,54,PARGI,2023,eci_code,1.0,2008,36,2009;2014;2018;2023,GEN,,54,yes,yes,10,CHEVELLA,10,agrees,,AC_list;coverage;urban_mapping
Telangana,3214,Vicaradab,417,Chevella,55,55,VICARABAD,2023,eci_code,0.778,2008,36,2009;2014;2018;2023,SC,,55,yes,yes,10,CHEVELLA,10,agrees,eci code; name spelled differently,AC_list;coverage;urban_mapping
Telangana,3213,Tandur,417,Chevella,56,56,TANDUR,2023,eci_code,1.0,2008,36,2009;2014;2018;2023,GEN,,56,yes,yes,10,CHEVELLA,10,agrees,,AC_list;coverage;urban_mapping
Telangana,3400,Musheerabad,444,Secunderabad,57,57,MUSHEERABAD,2023,eci_code,1.0,2008,36,2009;2014;2018;2023,GEN,,57,yes,yes,8,SECUNDERABAD,8,agrees,,AC_list;coverage;urban_mapping
Telangana,3248,Malakpet,422,Hyderabad,58,58,MALAKPET,2023,eci_code,1.0,2008,36,2009;2014;2018;2023,GEN,,58,yes,yes,9,HYDERABAD,9,agrees,,AC_list;coverage;urban_mapping
Telangana,3397,Amberpet,444,Secunderabad,59,59,AMBERPET,2023,eci_code,1.0,2008,36,2009;2014;2018;2023,GEN,,59,yes,yes,8,SECUNDERABAD,8,agrees,,AC_list;coverage;urban_mapping
Telangana,3399,Khairatabad,444,Secunderabad,60,60,KHAIRATABAD,2023,eci_code,1.0,2008,36,2009;2014;2018;2023,GEN,,60,yes,yes,8,SECUNDERABAD,8,agrees,,AC_list;coverage;urban_mapping
Telangana,3398,Jubilee Hills,444,Secunderabad,61,61,JUBILEE HILLS,2023,eci_code,1.0,2008,36,2009;2014;2018;2023,GEN,,61,yes,yes,8,SECUNDERABAD,8,agrees,,AC_list;coverage;urban_mapping
Telangana,3402,Sanath Nagar,444,Secunderabad,62,62,SANATHNAGAR,2023,eci_code,1.0,2008,36,2009;2014;2018;2023,GEN,,62,yes,yes,8,SECUNDERABAD,8,agrees,,AC_list;coverage;urban_mapping
Telangana,3401,Nampalli,444,Secunderabad,63,63,NAMPALLY,2023,eci_code,1.0,2008,36,2009;2014;2018;2023,GEN,,63,yes,yes,8,SECUNDERABAD,8,agrees,,AC_list;coverage;urban_mapping
Telangana,3247,Karwan,422,Hyderabad,64,64,KARWAN,2023,eci_code,1.0,2008,36,2009;2014;2018;2023,GEN,,64,yes,yes,9,HYDERABAD,9,agrees,,AC_list;coverage;urban_mapping
Telangana,3246,Goshamahal,422,Hyderabad,65,65,GOSHAMAHAL,2023,eci_code,1.0,2008,36,2009;2014;2018;2023,GEN,,65,yes,yes,9,HYDERABAD,9,agrees,,AC_list;coverage;urban_mapping
Telangana,3245,Charminar,422,Hyderabad,66,66,CHARMINAR,2023,eci_code,1.0,2008,36,2009;2014;2018;2023,GEN,,66,yes,yes,9,HYDERABAD,9,agrees,,AC_list;coverage;urban_mapping
Telangana,3244,Chandrayangutta,422,Hyderabad,67,67,CHANDRAYANGUTTA,2023,eci_code,1.0,2008,36,2009;2014;2018;2023,GEN,,67,yes,yes,9,HYDERABAD,9,agrees,,AC_list;coverage;urban_mapping
Telangana,3249,Yakutpura,422,Hyderabad,68,68,YAKUTPURA,2023,eci_code,1.0,2008,36,2009;2014;2018;2023,GEN,,68,yes,yes,9,HYDERABAD,9,agrees,,AC_list;coverage;urban_mapping
Telangana,3243,Bahdurpura,422,Hyderabad,69,69,BAHADURPURA,2023,eci_code,1.0,2008,36,2009;2014;2018;2023,GEN,,69,yes,yes,9,HYDERABAD,9,agrees,,AC_list;coverage;urban_mapping
Telangana,3403,Secundrabad,444,Secunderabad,70,70,SECUNDERABAD,2023,eci_code,1.0,2008,36,2009;2014;2018;2023,GEN,,70,yes,yes,8,SECUNDERABAD,8,agrees,,AC_list;coverage;urban_mapping
Telangana,3311,Secunderabad Cantt.,431,Malkajgiri,71,71,SECUNDERABAD CANTT.,2023,eci_code,1.0,2008,36,2009;2014;2018;2023,SC,,71,yes,yes,7,MALKAJGIRI,7,agrees,,AC_list;coverage;urban_mapping
Telangana,3301,Kodangal,430,Mahabubnagar,72,72,KODANGAL,2023,eci_code,1.0,2008,36,2009;2014;2018;2023,GEN,,72,yes,yes,11,MAHBUBNAGAR,11,agrees,,AC_list;coverage;urban_mapping
Telangana,3304,Narayanpet,430,Mahabubnagar,73,73,NARAYANPET,2023,eci_code,1.0,2008,36,2009;2014;2018;2023,GEN,,73,yes,yes,11,MAHBUBNAGAR,11,agrees,,AC_list;coverage;urban_mapping
Telangana,3302,Mahbubnagar,430,Mahabubnagar,74,74,MAHBUBNAGAR,2023,eci_code,1.0,2008,36,2009;2014;2018;2023,GEN,,74,yes,yes,11,MAHBUBNAGAR,11,agrees,,AC_list;coverage;urban_mapping
Telangana,3300,Jadcherla,430,Mahabubnagar,75,75,JADCHERLA,2023,eci_code,1.0,2008,36,2009;2014;2018;2023,GEN,,75,yes,yes,11,MAHBUBNAGAR,11,agrees,,AC_list;coverage;urban_mapping
Telangana,3299,Devarkadra,430,Mahabubnagar,76,76,DEVARKADRA,2023,eci_code,1.0,2008,36,2009;2014;2018;2023,GEN,,76,yes,yes,11,MAHBUBNAGAR,11,agrees,,AC_list;coverage;urban_mapping
Telangana,3303,Makthal,430,Mahabubnagar,77,77,MAKTHAL,2023,eci_code,1.0,2008,36,2009;2014;2018;2023,GEN,,77,yes,yes,11,MAHBUBNAGAR,11,agrees,,AC_list;coverage;urban_mapping
Telangana,3326,Wanaparthy,433,Nagarkurnool,78,78,WANAPARTHY,2023,eci_code,1.0,2008,36,2009;2014;2018;2023,GEN,,78,yes,yes,12,NAGARKURNOOL,12,agrees,,AC_list;coverage;urban_mapping
Telangana,3322,Gadwal,433,Nagarkurnool,79,79,GADWAL,2023,eci_code,1.0,2008,36,2009;2014;2018;2023,GEN,,79,yes,yes,12,NAGARKURNOOL,12,agrees,,AC_list;coverage;urban_mapping
Telangana,3321,Alampur,433,Nagarkurnool,80,80,ALAMPUR,2023,eci_code,1.0,2008,36,2009;2014;2018;2023,SC,,80,yes,yes,12,NAGARKURNOOL,12,agrees,,AC_list;coverage;urban_mapping
Telangana,3325,Nagarkurnool,433,Nagarkurnool,81,81,NAGARKURNOOL,2023,eci_code,1.0,2008,36,2009;2014;2018;2023,GEN,,81,yes,yes,12,NAGARKURNOOL,12,agrees,,AC_list;coverage;urban_mapping
Telangana,3320,Achampet,433,Nagarkurnool,82,82,ACHAMPET,2023,eci_code,1.0,2008,36,2009;2014;2018;2023,SC,,82,yes,yes,12,NAGARKURNOOL,12,agrees,,AC_list;coverage;urban_mapping
Telangana,3323,Kalwakurthy,433,Nagarkurnool,83,83,KALWAKURTHY,2023,eci_code,1.0,2008,36,2009;2014;2018;2023,GEN,,83,yes,yes,12,NAGARKURNOOL,12,agrees,,AC_list;coverage;urban_mapping
Telangana,3305,Shadnagar,430,Mahabubnagar,84,84,SHADNAGAR,2023,eci_code,1.0,2008,36,2009;2014;2018;2023,GEN,,84,yes,yes,11,MAHBUBNAGAR,11,agrees,,AC_list;coverage;urban_mapping
Telangana,3324,Kollapur,433,Nagarkurnool,85,85,KOLLAPUR,2023,eci_code,1.0,2008,36,2009;2014;2018;2023,GEN,,85,yes,yes,12,NAGARKURNOOL,12,agrees,,AC_list;coverage;urban_mapping
Telangana,3327,Devarakonda,434,Nalgonda,86,86,DEVARAKONDA,2023,eci_code,1.0,2008,36,2009;2014;2018;2023,ST,,86,yes,yes,13,NALGONDA,13,agrees,,AC_list;coverage;urban_mapping
Telangana,3331,Nagarjuna Sagar,434,Nalgonda,87,87,NAGARJUNA SAGAR,2023,eci_code,1.0,2008,36,2009;2014;2018;2023,GEN,,87,yes,yes,13,NALGONDA,13,agrees,,AC_list;coverage;urban_mapping
Telangana,3330,Miryalguda,434,Nalgonda,88,88,MIRYALAGUDA,2023,eci_code,1.0,2008,36,2009;2014;2018;2023,GEN,,88,yes,yes,13,NALGONDA,13,agrees,,AC_list;coverage;urban_mapping
Telangana,3328,Huzurnagar,434,Nalgonda,89,89,HUZURNAGAR,2023,eci_code,1.0,2008,36,2009;2014;2018;2023,GEN,,89,yes,yes,13,NALGONDA,13,agrees,,AC_list;coverage;urban_mapping
Telangana,3329,Kodad,434,Nalgonda,90,90,KODAD,2023,eci_code,1.0,2008,36,2009;2014;2018;2023,GEN,,90,yes,yes,13,NALGONDA,13,agrees,,AC_list;coverage;urban_mapping
Telangana,3333,Suryapet,434,Nalgonda,91,91,SURYAPET,2023,eci_code,1.0,2008,36,2009;2014;2018;2023,GEN,,91,yes,yes,13,NALGONDA,13,agrees,,AC_list;coverage;urban_mapping
Telangana,3332,Nalgonda,434,Nalgonda,92,92,NALGONDA,2023,eci_code,1.0,2008,36,2009;2014;2018;2023,GEN,,92,yes,yes,13,NALGONDA,13,agrees,,AC_list;coverage;urban_mapping
Telangana,3205,Munugode,416,Bhongir,93,93,MUNUGODE,2023,eci_code,1.0,2008,36,2009;2014;2018;2023,GEN,,93,yes,yes,14,BHONGIR,14,agrees,,AC_list;coverage;urban_mapping
Telangana,3202,Bhongir,416,Bhongir,94,94,BHONGIR,2023,eci_code,1.0,2008,36,2009;2014;2018;2023,GEN,,94,yes,yes,14,BHONGIR,14,agrees,,AC_list;coverage;urban_mapping
Telangana,3206,Nakrekal,416,Bhongir,95,95,NAKREKAL,2023,eci_code,1.0,2008,36,2009;2014;2018;2023,SC,,95,yes,yes,14,BHONGIR,14,agrees,,AC_list;coverage;urban_mapping
Telangana,3207,Thungathurthy,416,Bhongir,96,96,THUNGATHURTHI,2023,eci_code,1.0,2008,36,2009;2014;2018;2023,SC,,96,yes,yes,14,BHONGIR,14,agrees,,AC_list;coverage;urban_mapping
Telangana,3201,Alair,416,Bhongir,97,97,ALAIR,2023,eci_code,1.0,2008,36,2009;2014;2018;2023,GEN,,97,yes,yes,14,BHONGIR,14,agrees,,AC_list;coverage;urban_mapping
Telangana,3204,Jangoan,416,Bhongir,98,98,JANGOAN,2023,eci_code,1.0,2008,36,2009;2014;2018;2023,GEN,,98,yes,yes,14,BHONGIR,14,agrees,,AC_list;coverage;urban_mapping
Telangana,3440,Ghanpur (Station),450,Warangal,99,99,GHANPUR,2023,exact_name,1.0,2008,36,2009;2014;2018;2023,SC,,,,yes,15,WARANGAL,15,agrees,,AC_list;coverage
Telangana,3441,Palakurthi,450,Warangal,100,100,PALAKURTHI,2023,eci_code,1.0,2008,36,2009;2014;2018;2023,GEN,,100,yes,yes,15,WARANGAL,15,agrees,,AC_list;coverage;urban_mapping
Telangana,3293,Dornakal,429,Mahabubabad,101,101,DORNAKAL,2023,eci_code,1.0,2008,36,2009;2014;2018;2023,ST,,101,yes,yes,16,MAHABUBABAD,16,agrees,,AC_list;coverage;urban_mapping
Telangana,3294,Mahabubabad,429,Mahabubabad,102,102,MAHABUBABAD,2023,eci_code,1.0,2008,36,2009;2014;2018;2023,ST,,102,yes,yes,16,MAHABUBABAD,16,agrees,,AC_list;coverage;urban_mapping
Telangana,3296,Narsampet,429,Mahabubabad,103,103,NARSAMPET,2023,eci_code,1.0,2008,36,2009;2014;2018;2023,GEN,,103,yes,yes,16,MAHABUBABAD,16,agrees,,AC_list;coverage;urban_mapping
Telangana,3442,Parkal,450,Warangal,104,104,PARKAL,2023,eci_code,1.0,2008,36,2009;2014;2018;2023,GEN,,104,yes,yes,15,WARANGAL,15,agrees,,AC_list;coverage;urban_mapping
Telangana,3444,Warangal West,450,Warangal,105,105,WARANGAL WEST,2023,eci_code,1.0,2008,36,2009;2014;2018;2023,GEN,,105,yes,yes,15,WARANGAL,15,agrees,,AC_list;coverage;urban_mapping
Telangana,3443,Warangal East,450,Warangal,106,106,WARANGAL EAST,2023,eci_code,1.0,2008,36,2009;2014;2018;2023,GEN,,106,yes,yes,15,WARANGAL,15,agrees,,AC_list;coverage;urban_mapping
Telangana,3445,Wardhanapet,450,Warangal,107,107,WARADHANAPET,2023,eci_code,1.0,2008,36,2009;2014;2018;2023,SC,,107,yes,yes,15,WARANGAL,15,agrees,,AC_list;coverage;urban_mapping
Telangana,3439,Bhupalpalle,450,Warangal,108,108,BHUPALPALLE,2023,eci_code,1.0,2008,36,2009;2014;2018;2023,GEN,,108,yes,yes,15,WARANGAL,15,agrees,,AC_list;coverage;urban_mapping
Telangana,3295,Mulug,429,Mahabubabad,109,109,MULUG,2023,exact_name,1.0,2008,36,2009;2014;2018;2023,ST,,,,yes,16,MAHABUBABAD,16,agrees,,AC_list;coverage
Telangana,3297,Pinapaka,429,Mahabubabad,110,110,PINAPAKA,2023,eci_code,1.0,2008,36,2009;2014;2018;2023,ST,,110,yes,yes,16,MAHABUBABAD,16,agrees,,AC_list;coverage;urban_mapping
Telangana,3298,Yellandu,429,Mahabubabad,111,111,YELLANDU,2023,eci_code,1.0,2008,36,2009;2014;2018;2023,ST,,111,yes,yes,16,MAHABUBABAD,16,agrees,,AC_list;coverage;urban_mapping
Telangana,3272,Khammam,426,Khammam,112,112,KHAMMAM,2023,eci_code,1.0,2008,36,2009;2014;2018;2023,GEN,,112,yes,yes,17,KHAMMAM,17,agrees,,AC_list;coverage;urban_mapping
Telangana,3275,Palair,426,Khammam,113,113,PALAIR,2023,exact_name,1.0,2008,36,2009;2014;2018;2023,GEN,,,,yes,17,KHAMMAM,17,agrees,,AC_list;coverage
Telangana,3274,Madira,426,Khammam,114,114,MADHIRA,2023,eci_code,1.0,2008,36,2009;2014;2018;2023,SC,,114,yes,yes,17,KHAMMAM,17,agrees,,AC_list;coverage;urban_mapping
Telangana,3277,Wyra,426,Khammam,115,115,WYRA,2023,eci_code,1.0,2008,36,2009;2014;2018;2023,ST,,115,yes,yes,17,KHAMMAM,17,agrees,,AC_list;coverage;urban_mapping
Telangana,3276,Sathupalli,426,Khammam,116,116,SATHUPALLE,2023,eci_code,1.0,2008,36,2009;2014;2018;2023,SC,,116,yes,yes,17,KHAMMAM,17,agrees,,AC_list;coverage;urban_mapping
Telangana,3273,Kothagudem,426,Khammam,117,117,KOTHAGUDEM,2023,eci_code,1.0,2008,36,2009;2014;2018;2023,GEN,,117,yes,yes,17,KHAMMAM,17,agrees,,AC_list;coverage;urban_mapping
Telangana,3271,Aswaraopeta,426,Khammam,118,118,ASWARAOPETA,2023,exact_name,1.0,2008,36,2009;2014;2018;2023,ST,,,,yes,17,KHAMMAM,17,agrees,,AC_list;coverage
Telangana,3292,Bhadrachelam,429,Mahabubabad,119,119,BHADRACHALAM,2023,exact_name,1.0,2008,36,2009;2014;2018;2023,ST,,,,yes,16,MAHABUBABAD,16,agrees,,AC_list;coverage
Tripura,1656,Simna,200,Tripura West,1,1,SIMNA,2023,exact_name,1.0,2008,16,2013;2018;2023,ST,,,,yes,1,TRIPURA WEST,1,agrees,,AC_list;coverage
Tripura,1649,Mohanpur,200,Tripura West,2,2,MOHANPUR,2023,eci_code,1.0,2008,16,2013;2018;2023,GEN,,2,yes,yes,1,TRIPURA WEST,1,agrees,,AC_list;coverage;urban_mapping
Tripura,1634,Bamutia,200,Tripura West,3,3,BAMUTIA,2023,exact_name,1.0,2008,16,2013;2018;2023,SC,,,,yes,1,TRIPURA WEST,1,agrees,,AC_list;coverage
Tripura,1636,Barjala,200,Tripura West,4,4,BARJALA,2023,exact_name,1.0,2008,16,2013;2018;2023,SC,,,,yes,1,TRIPURA WEST,1,agrees,,AC_list;coverage
Tripura,1645,Khayerpur,200,Tripura West,5,5,KHAYERPUR,2023,exact_name,1.0,2008,16,2013;2018;2023,GEN,,,,yes,1,TRIPURA WEST,1,agrees,,AC_list;coverage
Tripura,1631,Agartala,200,Tripura West,6,6,AGARTALA,2023,eci_code,1.0,2008,16,2013;2018;2023,GEN,,6,yes,yes,1,TRIPURA WEST,1,agrees,,AC_list;coverage;urban_mapping
Tripura,1654,Ramnagar,200,Tripura West,7,7,RAMNAGAR,2023,exact_name,1.0,2008,16,2013;2018;2023,GEN,,,,yes,1,TRIPURA WEST,1,agrees,,AC_list;coverage
Tripura,1660,Town bordowali,200,Tripura West,8,8,TOWN BORDOWALI,2023,exact_name,1.0,2008,16,2013;2018;2023,GEN,,,,yes,1,TRIPURA WEST,1,agrees,,AC_list;coverage
Tripura,1635,Banamalipur,200,Tripura West,9,9,BANAMALIPUR,2023,exact_name,1.0,2008,16,2013;2018;2023,GEN,,,,yes,1,TRIPURA WEST,1,agrees,,AC_list;coverage
Tripura,1646,Majlishpur,200,Tripura West,10,10,MAJLISHPUR,2023,eci_code,1.0,2008,16,2013;2018;2023,GEN,,10,yes,yes,1,TRIPURA WEST,1,agrees,,AC_list;coverage;urban_mapping
Tripura,1647,Mandaibazar,200,Tripura West,11,11,MANDAIBAZAR,2023,exact_name,1.0,2008,16,2013;2018;2023,ST,,,,yes,1,TRIPURA WEST,1,agrees,,AC_list;coverage
Tripura,1659,Takarjala,200,Tripura West,12,12,TAKARJALA,2023,exact_name,1.0,2008,16,2013;2018;2023,ST,,,,yes,1,TRIPURA WEST,1,agrees,,AC_list;coverage
Tripura,1651,Pratapgarh,200,Tripura West,13,13,PRATAPGARH,2023,exact_name,1.0,2008,16,2013;2018;2023,SC,,,,yes,1,TRIPURA WEST,1,agrees,,AC_list;coverage
Tripura,1632,Badharghat,200,Tripura West,14,14,BADHARGHAT,2023,exact_name,1.0,2008,16,2013;2018;2023,SC,,,,yes,1,TRIPURA WEST,1,agrees,,AC_list;coverage
Tripura,1644,Kamalasagar,200,Tripura West,15,15,KAMALASAGAR,2023,exact_name,1.0,2008,16,2013;2018;2023,GEN,,,,yes,1,TRIPURA WEST,1,agrees,,AC_list;coverage
Tripura,1638,Bishalgarh,200,Tripura West,16,16,BISHALGARH,2023,eci_code,1.0,2008,16,2013;2018;2023,GEN,,16,yes,yes,1,TRIPURA WEST,1,agrees,,AC_list;coverage;urban_mapping
Tripura,1642,Golaghati,200,Tripura West,17,17,GOLAGHATI,2023,exact_name,1.0,2008,16,2013;2018;2023,ST,,,,yes,1,TRIPURA WEST,1,agrees,,AC_list;coverage
Tripura,1658,Suryamaninagar,200,Tripura West,18,18,SURYAMANINAGAR,2023,exact_name,1.0,2008,16,2013;2018;2023,GEN,,,,yes,1,TRIPURA WEST,1,agrees,,AC_list;coverage
Tripura,1640,Charilam,200,Tripura West,19,19,CHARILAM,2023,exact_name,1.0,2008,16,2013;2018;2023,ST,,,,yes,1,TRIPURA WEST,1,agrees,,AC_list;coverage
Tripura,1639,Boxanagar,200,Tripura West,20,20,BOXANAGAR,2023,eci_code,1.0,2008,16,2013;2018;2023,GEN,,20,yes,yes,1,TRIPURA WEST,1,agrees,,AC_list;coverage;urban_mapping
Tripura,1650,Nalchar,200,Tripura West,21,21,NALCHAR,2023,eci_code,1.0,2008,16,2013;2018;2023,SC,,21,yes,yes,1,TRIPURA WEST,1,agrees,,AC_list;coverage;urban_mapping
Tripura,1657,Sonamura,200,Tripura West,22,22,SONAMURA,2023,eci_code,1.0,2008,16,2013;2018;2023,GEN,,22,yes,yes,1,TRIPURA WEST,1,agrees,,AC_list;coverage;urban_mapping
Tripura,1641,Dhanpur,200,Tripura West,23,23,DHANPUR,2023,exact_name,1.0,2008,16,2013;2018;2023,GEN,,,,yes,1,TRIPURA WEST,1,agrees,,AC_list;coverage
Tripura,1627,Ramchandraghat,199,Tripura East,24,24,RAMCHANDRAGHAT,2023,exact_name,1.0,2008,16,2013;2018;2023,ST,,,,yes,2,TRIPURA EAST,2,agrees,,AC_list;coverage
Tripura,1620,Khowai,199,Tripura East,25,25,KHOWAI,2023,eci_code,1.0,2008,16,2013;2018;2023,GEN,,25,yes,yes,2,TRIPURA EAST,2,agrees,,AC_list;coverage;urban_mapping
Tripura,1604,Asharambari,199,Tripura East,26,26,ASHARAMBARI,2023,exact_name,1.0,2008,16,2013;2018;2023,ST,,,,yes,2,TRIPURA EAST,2,agrees,,AC_list;coverage
Tripura,1615,Kalyanpur-pramodenagar,199,Tripura East,27,27,KALYANPUR-PRAMODENAGAR,2023,exact_name,1.0,2008,16,2013;2018;2023,GEN,,,,yes,2,TRIPURA EAST,2,agrees,,AC_list;coverage
Tripura,1630,Teliamura,199,Tripura East,28,28,TELIAMURA,2023,eci_code,1.0,2008,16,2013;2018;2023,GEN,,28,yes,yes,2,TRIPURA EAST,2,agrees,,AC_list;coverage;urban_mapping
Tripura,1621,Krishnapur,199,Tripura East,29,29,KRISHNAPUR,2023,exact_name,1.0,2008,16,2013;2018;2023,ST,,,,yes,2,TRIPURA EAST,2,agrees,,AC_list;coverage
Tripura,1633,Bagma,200,Tripura West,30,30,BAGMA,2023,exact_name,1.0,2008,16,2013;2018;2023,ST,,,,yes,1,TRIPURA WEST,1,agrees,,AC_list;coverage
Tripura,1652,Radhakishorepur,200,Tripura West,31,31,RADHAKISHOREPUR,2023,eci_code,1.0,2008,16,2013;2018;2023,GEN,,31,yes,yes,1,TRIPURA WEST,1,agrees,,AC_list;coverage;urban_mapping
Tripura,1648,Matarbari,200,Tripura West,32,32,MATARBARI,2023,exact_name,1.0,2008,16,2013;2018;2023,GEN,,,,yes,1,TRIPURA WEST,1,agrees,,AC_list;coverage
Tripura,1643,Kakraban-salgarh,200,Tripura West,33,33,KAKRABAN-SALGARAH,2023,fuzzy,0.968,2008,16,2013;2018;2023,SC,,,,yes,1,TRIPURA WEST,1,agrees,similarity; PC agrees; consonant skeleton equal,AC_list;coverage
Tripura,1653,Rajnagar,200,Tripura West,34,34,RAJNAGAR,2023,exact_name,1.0,2008,16,2013;2018;2023,SC,,,,yes,1,TRIPURA WEST,1,agrees,,AC_list;coverage
Tripura,1637,Belonia,200,Tripura West,35,35,BELONIA,2023,eci_code,1.0,2008,16,2013;2018;2023,GEN,,35,yes,yes,1,TRIPURA WEST,1,agrees,,AC_list;coverage;urban_mapping
Tripura,1655,Santirbazar,200,Tripura West,36,36,SANTIRBAZAR,2023,exact_name,1.0,2008,16,2013;2018;2023,ST,,,,yes,1,TRIPURA WEST,1,agrees,,AC_list;coverage
Tripura,1610,Hrishyamukh,199,Tripura East,37,37,HRISHYAMUKH,2023,eci_code,1.0,2008,16,2013;2018;2023,GEN,,37,yes,yes,2,TRIPURA EAST,2,agrees,,AC_list;coverage;urban_mapping
Tripura,1611,Jolaibari,199,Tripura East,38,38,JOLAIBARI,2023,exact_name,1.0,2008,16,2013;2018;2023,ST,,,,yes,2,TRIPURA EAST,2,agrees,,AC_list;coverage
Tripura,1622,Manu,199,Tripura East,39,39,MANU,2023,exact_name,1.0,2008,16,2013;2018;2023,ST,,,,yes,2,TRIPURA EAST,2,agrees,,AC_list;coverage
Tripura,1628,Sabroom,199,Tripura East,40,40,SABROOM,2023,eci_code,1.0,2008,16,2013;2018;2023,GEN,,40,yes,yes,2,TRIPURA EAST,2,agrees,,AC_list;coverage;urban_mapping
Tripura,1603,Ampinagar,199,Tripura East,41,41,AMPINAGAR,2023,exact_name,1.0,2008,16,2013;2018;2023,ST,,,,yes,2,TRIPURA EAST,2,agrees,,AC_list;coverage
Tripura,1601,Amarpur,199,Tripura East,42,42,AMARPUR,2023,eci_code,1.0,2008,16,2013;2018;2023,GEN,,42,yes,yes,2,TRIPURA EAST,2,agrees,,AC_list;coverage;urban_mapping
Tripura,1618,Karbook,199,Tripura East,43,43,KARBOOK,2023,exact_name,1.0,2008,16,2013;2018;2023,ST,,,,yes,2,TRIPURA EAST,2,agrees,,AC_list;coverage
Tripura,1626,Raima valley,199,Tripura East,44,44,RAIMA VALLEY,2023,exact_name,1.0,2008,16,2013;2018;2023,ST,,,,yes,2,TRIPURA EAST,2,agrees,,AC_list;coverage
Tripura,1616,Kamalpur,199,Tripura East,45,45,KAMALPUR,2023,eci_code,1.0,2008,16,2013;2018;2023,GEN,,45,yes,yes,2,TRIPURA EAST,2,agrees,,AC_list;coverage;urban_mapping
Tripura,1629,Surma,199,Tripura East,46,46,SURMA,2023,exact_name,1.0,2008,16,2013;2018;2023,SC,,,,yes,2,TRIPURA EAST,2,agrees,,AC_list;coverage
Tripura,1602,Ambassa,199,Tripura East,47,47,AMBASSA,2023,eci_code,1.0,2008,16,2013;2018;2023,ST,,47,yes,yes,2,TRIPURA EAST,2,agrees,,AC_list;coverage;urban_mapping
Tripura,1619,Karmachhara,199,Tripura East,48,48,KARAMCHHARA,2023,fuzzy,0.909,2008,16,2013;2018;2023,ST,,,,yes,2,TRIPURA EAST,2,agrees,similarity; PC agrees; consonant skeleton equal,AC_list;coverage
Tripura,1607,Chawamanu,199,Tripura East,49,49,CHHAWMANU,2023,fuzzy,0.933,2008,16,2013;2018;2023,ST,,,,yes,2,TRIPURA EAST,2,agrees,similarity; PC agrees; consonant skeleton equal,AC_list;coverage
Tripura,1623,Pabiachhara,199,Tripura East,50,50,PABIACHHARA,2023,exact_name,1.0,2008,16,2013;2018;2023,SC,,,,yes,2,TRIPURA EAST,2,agrees,,AC_list;coverage
Tripura,1609,Fatikroy,199,Tripura East,51,51,FATIKROY,2023,exact_name,1.0,2008,16,2013;2018;2023,SC,,,,yes,2,TRIPURA EAST,2,agrees,,AC_list;coverage
Tripura,1606,Chandipur,199,Tripura East,52,52,CHANDIPUR,2023,exact_name,1.0,2008,16,2013;2018;2023,GEN,,,,yes,2,TRIPURA EAST,2,agrees,,AC_list;coverage
Tripura,1614,Kailashahar,199,Tripura East,53,53,KAILASAHAR,2023,eci_code,1.0,2008,16,2013;2018;2023,GEN,,53,yes,yes,2,TRIPURA EAST,2,agrees,eci code; name spelled differently,AC_list;coverage;urban_mapping
Tripura,1613,Kadamtala-kurti,199,Tripura East,54,54,KADAMTALA - KURTI,2023,exact_name,1.0,2008,16,2013;2018;2023,GEN,,,,yes,2,TRIPURA EAST,2,agrees,,AC_list;coverage
Tripura,1605,Bagbassa,199,Tripura East,55,55,BAGBASSA,2023,exact_name,1.0,2008,16,2013;2018;2023,GEN,,,,yes,2,TRIPURA EAST,2,agrees,,AC_list;coverage
Tripura,1608,Dharmanagar,199,Tripura East,56,56,DHARMANAGAR,2023,eci_code,1.0,2008,16,2013;2018;2023,GEN,,56,yes,yes,2,TRIPURA EAST,2,agrees,,AC_list;coverage;urban_mapping
Tripura,1612,Jubarajnagar,199,Tripura East,57,57,JUBARAJNAGAR,2023,exact_name,1.0,2008,16,2013;2018;2023,GEN,,,,yes,2,TRIPURA EAST,2,agrees,,AC_list;coverage
Tripura,1624,Panisagar,199,Tripura East,58,58,PANISAGAR,2023,eci_code,1.0,2008,16,2013;2018;2023,GEN,,58,yes,yes,2,TRIPURA EAST,2,agrees,,AC_list;coverage;urban_mapping
Tripura,1625,Pencharthal,199,Tripura East,59,59,PENCHARTHAL,2023,exact_name,1.0,2008,16,2013;2018;2023,ST,,,,yes,2,TRIPURA EAST,2,agrees,,AC_list;coverage
Tripura,1617,Kanchanpur,199,Tripura East,60,60,KANCHANPUR,2023,exact_name,1.0,2008,16,2013;2018;2023,ST,,,,yes,2,TRIPURA EAST,2,agrees,,AC_list;coverage
Uttar Pradesh,1055,Behat,142,Saharanpur,1,1,BEHAT,2022,eci_code,1.0,2008,9,2012;2017;2022,GEN,,1,yes,yes,1,SAHARANPUR,1,agrees,,AC_list;coverage;urban_mapping
Uttar Pradesh,927,Nakur,116,Kairana,2,2,NAKUR,2022,eci_code,1.0,2008,9,2012;2017;2022,GEN,,2,yes,yes,2,KAIRANA,2,agrees,,AC_list;coverage;urban_mapping
Uttar Pradesh,1059,Saharanpur Nagar,142,Saharanpur,3,3,SAHARANPUR NAGAR,2022,eci_code,1.0,2008,9,2012;2017;2022,GEN,,3,yes,yes,1,SAHARANPUR,1,agrees,,AC_list;coverage;urban_mapping
Uttar Pradesh,1058,Saharanpur,142,Saharanpur,4,4,SAHARANPUR,2022,exact_name,1.0,2008,9,2012;2017;2022,GEN,,,,yes,1,SAHARANPUR,1,agrees,,AC_list;coverage
Uttar Pradesh,1056,Deoband,142,Saharanpur,5,5,DEOBAND,2022,eci_code,1.0,2008,9,2012;2017;2022,GEN,,5,yes,yes,1,SAHARANPUR,1,agrees,,AC_list;coverage;urban_mapping
Uttar Pradesh,1057,Rampur maniharan,142,Saharanpur,6,6,RAMPUR MANIHARAN,2022,eci_code,1.0,2008,9,2012;2017;2022,SC,,6,yes,yes,1,SAHARANPUR,1,agrees,,AC_list;coverage;urban_mapping
Uttar Pradesh,925,Gangoh,116,Kairana,7,7,GANGOH,2022,eci_code,1.0,2008,9,2012;2017;2022,GEN,,7,yes,yes,2,KAIRANA,2,agrees,,AC_list;coverage;urban_mapping
Uttar Pradesh,926,Kairana,116,Kairana,8,8,KAIRANA,2022,eci_code,1.0,2008,9,2012;2017;2022,GEN,,8,yes,yes,2,KAIRANA,2,agrees,,AC_list;coverage;urban_mapping
Uttar Pradesh,929,Thana bhawan,116,Kairana,9,9,THANA BHAWAN,2022,eci_code,1.0,2008,9,2012;2017;2022,GEN,,9,yes,yes,2,KAIRANA,2,agrees,,AC_list;coverage;urban_mapping
Uttar Pradesh,928,Shamli,116,Kairana,10,10,SHAMLI,2022,eci_code,1.0,2008,9,2012;2017;2022,GEN,,10,yes,yes,2,KAIRANA,2,agrees,,AC_list;coverage;urban_mapping
Uttar Pradesh,1015,Budhana,134,Muzaffarnagar,11,11,BUDHANA,2022,eci_code,1.0,2008,9,2012;2017;2022,GEN,,11,yes,yes,3,MUZAFFARNAGAR,3,agrees,,AC_list;coverage;urban_mapping
Uttar Pradesh,1016,Charthawal,134,Muzaffarnagar,12,12,CHARTHAWAL,2022,eci_code,1.0,2008,9,2012;2017;2022,GEN,,12,yes,yes,3,MUZAFFARNAGAR,3,agrees,,AC_list;coverage;urban_mapping
Uttar Pradesh,803,Purqazi,91,Bijnor,13,13,PURQAZI,2022,eci_code,1.0,2008,9,2012;2017;2022,SC,,13,yes,yes,4,BIJNOR,4,agrees,,AC_list;coverage;urban_mapping
Uttar Pradesh,1018,Muzaffar Nagar,134,Muzaffarnagar,14,14,MUZAFFARNAGAR,2022,eci_code,1.0,2008,9,2012;2017;2022,GEN,,14,yes,yes,3,MUZAFFARNAGAR,3,agrees,,AC_list;coverage;urban_mapping
Uttar Pradesh,1017,Khatauli,134,Muzaffarnagar,15,15,KHATAULI,2022,eci_code,1.0,2008,9,2012;2017;2022,GEN,,15,yes,yes,3,MUZAFFARNAGAR,3,agrees,,AC_list;coverage;urban_mapping
Uttar Pradesh,802,Meerapur,91,Bijnor,16,16,MEERAPUR,2022,eci_code,1.0,2008,9,2012;2017;2022,GEN,,16,yes,yes,4,BIJNOR,4,agrees,,AC_list;coverage;urban_mapping
Uttar Pradesh,1022,Najibabad,135,Nagina,17,17,NAJIBABAD,2022,eci_code,1.0,2008,9,2012;2017;2022,GEN,,17,yes,yes,5,NAGINA,5,agrees,,AC_list;coverage;urban_mapping
Uttar Pradesh,1021,Nagina,135,Nagina,18,18,NAGINA,2022,eci_code,1.0,2008,9,2012;2017;2022,SC,,18,yes,yes,5,NAGINA,5,agrees,,AC_list;coverage;urban_mapping
Uttar Pradesh,1010,Barhapur,133,Moradabad,19,19,BARHAPUR,2022,eci_code,1.0,2008,9,2012;2017;2022,GEN,,19,yes,yes,6,MORADABAD,6,agrees,,AC_list;coverage;urban_mapping
Uttar Pradesh,1020,Dhampur,135,Nagina,20,20,DHAMPUR,2022,eci_code,1.0,2008,9,2012;2017;2022,GEN,,20,yes,yes,5,NAGINA,5,agrees,,AC_list;coverage;urban_mapping
Uttar Pradesh,1023,Nehtaur,135,Nagina,21,21,NEHTAUR,2022,eci_code,1.0,2008,9,2012;2017;2022,SC,,21,yes,yes,5,NAGINA,5,agrees,,AC_list;coverage;urban_mapping
Uttar Pradesh,799,Bijnor,91,Bijnor,22,22,BIJNOR,2022,eci_code,1.0,2008,9,2012;2017;2022,GEN,,22,yes,yes,4,BIJNOR,4,agrees,,AC_list;coverage;urban_mapping
Uttar Pradesh,800,Chandpur,91,Bijnor,23,23,CHANDPUR,2022,eci_code,1.0,2008,9,2012;2017;2022,GEN,,23,yes,yes,4,BIJNOR,4,agrees,,AC_list;coverage;urban_mapping
Uttar Pradesh,1024,Noorpur,135,Nagina,24,24,NOORPUR,2022,eci_code,1.0,2008,9,2012;2017;2022,GEN,,24,yes,yes,5,NAGINA,5,agrees,,AC_list;coverage;urban_mapping
Uttar Pradesh,1011,Kanth,133,Moradabad,25,25,KANTH,2022,eci_code,1.0,2008,9,2012;2017;2022,GEN,,25,yes,yes,6,MORADABAD,6,agrees,,AC_list;coverage;urban_mapping
Uttar Pradesh,1014,Thkurdwara,133,Moradabad,26,26,THAKURDWARA,2022,eci_code,0.952,2008,9,2012;2017;2022,GEN,,26,yes,yes,6,MORADABAD,6,agrees,eci code; name spelled differently,AC_list;coverage;urban_mapping
Uttar Pradesh,1013,Moradabad Rural,133,Moradabad,27,27,MORADABAD RURAL,2022,eci_code,1.0,2008,9,2012;2017;2022,GEN,,27,yes,yes,6,MORADABAD,6,agrees,,AC_list;coverage;urban_mapping
Uttar Pradesh,1012,Moradabad Nagar,133,Moradabad,28,28,MORADABAD,2022,eci_code,0.783,2008,9,2012;2017;2022,GEN,,28,yes,yes,6,MORADABAD,6,agrees,eci code; name spelled differently,AC_list;coverage;urban_mapping
Uttar Pradesh,1068,Kundarki,144,Sambhal,29,29,KUNDARKI,2022,eci_code,1.0,2008,9,2012;2017;2022,GEN,,29,yes,yes,8,SAMBHAL,8,agrees,,AC_list;coverage;urban_mapping
Uttar Pradesh,1066,Bilari,144,Sambhal,30,30,BILARI,2022,eci_code,1.0,2008,9,2012;2017;2022,GEN,,30,yes,yes,8,SAMBHAL,8,agrees,,AC_list;coverage;urban_mapping
Uttar Pradesh,1067,Chandausi,144,Sambhal,31,31,CHANDAUSI,2022,eci_code,1.0,2008,9,2012;2017;2022,SC,,31,yes,yes,8,SAMBHAL,8,agrees,,AC_list;coverage;urban_mapping
Uttar Pradesh,1065,Asmoli,144,Sambhal,32,32,ASMOLI,2022,eci_code,1.0,2008,9,2012;2017;2022,GEN,,32,yes,yes,8,SAMBHAL,8,agrees,,AC_list;coverage;urban_mapping
Uttar Pradesh,1069,Sambhal,144,Sambhal,33,33,SAMBHAL,2022,eci_code,1.0,2008,9,2012;2017;2022,GEN,,33,yes,yes,8,SAMBHAL,8,agrees,,AC_list;coverage;urban_mapping
Uttar Pradesh,1049,Suar,140,Rampur,34,34,SUAR TANDA,2022,eci_code,0.615,2008,9,2012;2017;2022,GEN,,34,yes,yes,7,RAMPUR,7,agrees,eci code; name spelled differently,AC_list;coverage;urban_mapping
Uttar Pradesh,1046,Chamraua,140,Rampur,35,35,CHAMRAUA,2022,exact_name,1.0,2008,9,2012;2017;2022,GEN,,,,yes,7,RAMPUR,7,agrees,,AC_list;coverage
Uttar Pradesh,1045,Bilaspur,140,Rampur,36,36,BILASPUR,2022,eci_code,1.0,2008,9,2012;2017;2022,GEN,,36,yes,yes,7,RAMPUR,7,agrees,,AC_list;coverage;urban_mapping
Uttar Pradesh,1048,Rampur,140,Rampur,37,37,RAMPUR,2022,eci_code,1.0,2008,9,2012;2017;2022,GEN,,37,yes,yes,7,RAMPUR,7,agrees,,AC_list;coverage;urban_mapping
Uttar Pradesh,1047,Milak,140,Rampur,38,38,MILAK,2022,eci_code,1.0,2008,9,2012;2017;2022,SC,,38,yes,yes,7,RAMPUR,7,agrees,,AC_list;coverage;urban_mapping
Uttar Pradesh,735,Dhanaura,78,Amroha,39,39,DHANAURA,2022,eci_code,1.0,2008,9,2012;2017;2022,SC,,39,yes,yes,9,AMROHA,9,agrees,,AC_list;coverage;urban_mapping
Uttar Pradesh,738,Naugawan sadat,78,Amroha,40,40,NAUGAWAN SADAT,2022,eci_code,1.0,2008,9,2012;2017;2022,GEN,,40,yes,yes,9,AMROHA,9,agrees,,AC_list;coverage;urban_mapping
Uttar Pradesh,734,Amroha,78,Amroha,41,41,AMROHA,2022,eci_code,1.0,2008,9,2012;2017;2022,GEN,,41,yes,yes,9,AMROHA,9,agrees,,AC_list;coverage;urban_mapping
Uttar Pradesh,737,Hasanpur,78,Amroha,42,42,HASANPUR,2022,eci_code,1.0,2008,9,2012;2017;2022,GEN,,42,yes,yes,9,AMROHA,9,agrees,,AC_list;coverage;urban_mapping
Uttar Pradesh,758,Siwal khas,82,Baghpat,43,43,SIWALKHAS,2022,eci_code,1.0,2008,9,2012;2017;2022,GEN,,43,yes,yes,11,BAGHPAT,11,agrees,,AC_list;coverage;urban_mapping
Uttar Pradesh,1019,Sardhana,134,Muzaffarnagar,44,44,SARDHANA,2022,eci_code,1.0,2008,9,2012;2017;2022,GEN,,44,yes,yes,3,MUZAFFARNAGAR,3,agrees,,AC_list;coverage;urban_mapping
Uttar Pradesh,801,Hastinapur,91,Bijnor,45,45,HASTINAPUR,2022,eci_code,1.0,2008,9,2012;2017;2022,SC,,45,yes,yes,4,BIJNOR,4,agrees,,AC_list;coverage;urban_mapping
Uttar Pradesh,991,Kithore,129,Meerut,46,46,KITHORE,2022,eci_code,1.0,2008,9,2012;2017;2022,GEN,,46,yes,yes,10,MEERUT,10,agrees,,AC_list;coverage;urban_mapping
Uttar Pradesh,993,Meerut Cantt.,129,Meerut,47,47,MEERUT CANTONMENT,2022,eci_code,1.0,2008,9,2012;2017;2022,GEN,,47,yes,yes,10,MEERUT,10,agrees,,AC_list;coverage;urban_mapping
Uttar Pradesh,992,Meerut,129,Meerut,48,48,MEERUT,2022,eci_code,1.0,2008,9,2012;2017;2022,GEN,,48,yes,yes,10,MEERUT,10,agrees,,AC_list;coverage;urban_mapping
Uttar Pradesh,994,Meerut South,129,Meerut,49,49,MEERUT SOUTH,2022,eci_code,1.0,2008,9,2012;2017;2022,GEN,,49,yes,yes,10,MEERUT,10,agrees,,AC_list;coverage;urban_mapping
Uttar Pradesh,756,Chhaprauli,82,Baghpat,50,50,CHAPRAULI,2022,eci_code,1.0,2008,9,2012;2017;2022,GEN,,50,yes,yes,11,BAGHPAT,11,agrees,eci code; name spelled differently,AC_list;coverage;urban_mapping
Uttar Pradesh,755,Baraut,82,Baghpat,51,51,BARAUT,2022,eci_code,1.0,2008,9,2012;2017;2022,GEN,,51,yes,yes,11,BAGHPAT,11,agrees,,AC_list;coverage;urban_mapping
Uttar Pradesh,754,Baghpat,82,Baghpat,52,52,BAGHPAT,2022,eci_code,1.0,2008,9,2012;2017;2022,GEN,,52,yes,yes,11,BAGHPAT,11,agrees,,AC_list;coverage;urban_mapping
Uttar Pradesh,872,Loni,105,Ghaziabad,53,53,LONI,2022,eci_code,1.0,2008,9,2012;2017;2022,GEN,,53,yes,yes,12,GHAZIABAD,12,agrees,,AC_list;coverage;urban_mapping
Uttar Pradesh,873,Muradnagar,105,Ghaziabad,54,54,MURADNAGAR,2022,eci_code,1.0,2008,9,2012;2017;2022,GEN,,54,yes,yes,12,GHAZIABAD,12,agrees,,AC_list;coverage;urban_mapping
Uttar Pradesh,874,Sahibabad,105,Ghaziabad,55,55,SAHIBABAD,2022,eci_code,1.0,2008,9,2012;2017;2022,GEN,,55,yes,yes,12,GHAZIABAD,12,agrees,,AC_list;coverage;urban_mapping
Uttar Pradesh,871,Gaziabad,105,Ghaziabad,56,56,GHAZIABAD,2022,eci_code,1.0,2008,9,2012;2017;2022,GEN,,56,yes,yes,12,GHAZIABAD,12,agrees,eci code; name spelled differently,AC_list;coverage;urban_mapping
Uttar Pradesh,757,Moni Nagar,82,Baghpat,57,57,MODINAGAR,2022,eci_code,0.889,2008,9,2012;2017;2022,GEN,,57,yes,yes,11,BAGHPAT,11,agrees,eci code; name spelled differently,AC_list;coverage;urban_mapping
Uttar Pradesh,870,Dholana,105,Ghaziabad,58,58,DHOLANA,2022,eci_code,1.0,2008,9,2012;2017;2022,GEN,,58,yes,yes,12,GHAZIABAD,12,agrees,,AC_list;coverage;urban_mapping
Uttar Pradesh,990,Hapur,129,Meerut,59,59,HAPUR,2022,eci_code,1.0,2008,9,2012;2017;2022,SC,,59,yes,yes,10,MEERUT,10,agrees,,AC_list;coverage;urban_mapping
Uttar Pradesh,736,Garhmukteshwar,78,Amroha,60,60,GARMUKHTESHWAR,2022,eci_code,1.0,2008,9,2012;2017;2022,GEN,,60,yes,yes,9,AMROHA,9,agrees,eci code; name spelled differently,AC_list;coverage;urban_mapping
Uttar Pradesh,868,Noida,104,Gautam Buddha Nagar,61,61,NOIDA,2022,eci_code,1.0,2008,9,2012;2017;2022,GEN,,61,yes,yes,13,GAUTAM BUDDHA NAGAR,13,agrees,,AC_list;coverage;urban_mapping
Uttar Pradesh,865,Dadri,104,Gautam Buddha Nagar,62,62,DADRI,2022,eci_code,1.0,2008,9,2012;2017;2022,GEN,,62,yes,yes,13,GAUTAM BUDDHA NAGAR,13,agrees,,AC_list;coverage;urban_mapping
Uttar Pradesh,866,Jewar,104,Gautam Buddha Nagar,63,63,JEWAR,2022,eci_code,1.0,2008,9,2012;2017;2022,GEN,,63,yes,yes,13,GAUTAM BUDDHA NAGAR,13,agrees,,AC_list;coverage;urban_mapping
Uttar Pradesh,869,Sikandrabad,104,Gautam Buddha Nagar,64,64,SIKANDRABAD,2022,eci_code,1.0,2008,9,2012;2017;2022,GEN,,64,yes,yes,13,GAUTAM BUDDHA NAGAR,13,agrees,,AC_list;coverage;urban_mapping
Uttar Pradesh,805,Bulandshahr,92,Bulandshahr,65,65,BULANDSHAHR,2022,eci_code,1.0,2008,9,2012;2017;2022,GEN,,65,yes,yes,14,BULANDSHAHR,14,agrees,,AC_list;coverage;urban_mapping
Uttar Pradesh,808,Syana,92,Bulandshahr,66,66,SYANA,2022,eci_code,1.0,2008,9,2012;2017;2022,GEN,,66,yes,yes,14,BULANDSHAHR,14,agrees,,AC_list;coverage;urban_mapping
Uttar Pradesh,804,Anupshahr,92,Bulandshahr,67,67,ANUPSHAHR,2022,eci_code,1.0,2008,9,2012;2017;2022,GEN,,67,yes,yes,14,BULANDSHAHR,14,agrees,,AC_list;coverage;urban_mapping
Uttar Pradesh,806,Debai,92,Bulandshahr,68,68,DEBAI,2022,eci_code,1.0,2008,9,2012;2017;2022,GEN,,68,yes,yes,14,BULANDSHAHR,14,agrees,,AC_list;coverage;urban_mapping
Uttar Pradesh,807,Shikarpur,92,Bulandshahr,69,69,SHIKARPUR,2022,eci_code,1.0,2008,9,2012;2017;2022,GEN,,69,yes,yes,14,BULANDSHAHR,14,agrees,,AC_list;coverage;urban_mapping
Uttar Pradesh,867,Khurja,104,Gautam Buddha Nagar,70,70,KHURJA,2022,eci_code,1.0,2008,9,2012;2017;2022,SC,,70,yes,yes,13,GAUTAM BUDDHA NAGAR,13,agrees,,AC_list;coverage;urban_mapping
Uttar Pradesh,717,Khair,74,Aligarh,71,71,KHAIR,2022,eci_code,1.0,2008,9,2012;2017;2022,SC,,71,yes,yes,15,ALIGARH,15,agrees,,AC_list;coverage;urban_mapping
Uttar Pradesh,716,Barauli,74,Aligarh,72,72,BARAULI,2022,eci_code,1.0,2008,9,2012;2017;2022,GEN,,72,yes,yes,15,ALIGARH,15,agrees,,AC_list;coverage;urban_mapping
Uttar Pradesh,715,Atrauli,74,Aligarh,73,73,ATRAULI,2022,eci_code,1.0,2008,9,2012;2017;2022,GEN,,73,yes,yes,15,ALIGARH,15,agrees,,AC_list;coverage;urban_mapping
Uttar Pradesh,905,Chharra,112,Hathras,74,74,CHHARRA,2022,eci_code,1.0,2008,9,2012;2017;2022,GEN,,74,yes,yes,16,HATHRAS,16,agrees,,AC_list;coverage;urban_mapping
Uttar Pradesh,718,Koil,74,Aligarh,75,75,KOIL,2022,eci_code,1.0,2008,9,2012;2017;2022,GEN,,75,yes,yes,15,ALIGARH,15,agrees,,AC_list;coverage;urban_mapping
Uttar Pradesh,714,Aligarh,74,Aligarh,76,76,ALIGARH,2022,eci_code,1.0,2008,9,2012;2017;2022,GEN,,76,yes,yes,15,ALIGARH,15,agrees,,AC_list;coverage;urban_mapping
Uttar Pradesh,907,Iglas,112,Hathras,77,77,IGLAS,2022,eci_code,1.0,2008,9,2012;2017;2022,SC,,77,yes,yes,16,HATHRAS,16,agrees,,AC_list;coverage;urban_mapping
Uttar Pradesh,906,Hathras,112,Hathras,78,78,HATHRAS,2022,eci_code,1.0,2008,9,2012;2017;2022,SC,,78,yes,yes,16,HATHRAS,16,agrees,,AC_list;coverage;urban_mapping
Uttar Pradesh,908,Sadabad,112,Hathras,79,79,SADABAD,2022,eci_code,1.0,2008,9,2012;2017;2022,GEN,,79,yes,yes,16,HATHRAS,16,agrees,,AC_list;coverage;urban_mapping
Uttar Pradesh,909,Sikandra rao,112,Hathras,80,80,SIKANDRA RAO,2022,eci_code,1.0,2008,9,2012;2017;2022,GEN,,80,yes,yes,16,HATHRAS,16,agrees,,AC_list;coverage;urban_mapping
Uttar Pradesh,986,Chhata,128,Mathura,81,81,CHHATA,2022,eci_code,1.0,2008,9,2012;2017;2022,GEN,,81,yes,yes,17,MATHURA,17,agrees,,AC_list;coverage;urban_mapping
Uttar Pradesh,988,Mant,128,Mathura,82,82,MANT,2022,eci_code,1.0,2008,9,2012;2017;2022,GEN,,82,yes,yes,17,MATHURA,17,agrees,,AC_list;coverage;urban_mapping
Uttar Pradesh,987,Goverdhan,128,Mathura,83,83,GOVARDHAN,2022,eci_code,0.889,2008,9,2012;2017;2022,GEN,,83,yes,yes,17,MATHURA,17,agrees,eci code; name spelled differently,AC_list;coverage;urban_mapping
Uttar Pradesh,989,Mathura,128,Mathura,84,84,MATHURA,2022,eci_code,1.0,2008,9,2012;2017;2022,GEN,,84,yes,yes,17,MATHURA,17,agrees,,AC_list;coverage;urban_mapping
Uttar Pradesh,985,Baldev,128,Mathura,85,85,BALDEV,2022,eci_code,1.0,2008,9,2012;2017;2022,SC,,85,yes,yes,17,MATHURA,17,agrees,,AC_list;coverage;urban_mapping
Uttar Pradesh,707,Etmadpur,72,Agra,86,86,ETMADPUR,2022,eci_code,1.0,2008,9,2012;2017;2022,GEN,,86,yes,yes,18,AGRA,18,agrees,,AC_list;coverage;urban_mapping
Uttar Pradesh,704,Agra Cantt.,72,Agra,87,87,AGRA CANTONMENT,2022,eci_code,1.0,2008,9,2012;2017;2022,SC,,87,yes,yes,18,AGRA,18,agrees,,AC_list;coverage;urban_mapping
Uttar Pradesh,706,Agra South,72,Agra,88,88,AGRA SOUTH,2022,eci_code,1.0,2008,9,2012;2017;2022,GEN,,88,yes,yes,18,AGRA,18,agrees,,AC_list;coverage;urban_mapping
Uttar Pradesh,705,Agra North,72,Agra,89,89,AGRA NORTH,2022,eci_code,1.0,2008,9,2012;2017;2022,GEN,,89,yes,yes,18,AGRA,18,agrees,,AC_list;coverage;urban_mapping
Uttar Pradesh,855,Agra Rural,102,Fatehpur Sikri,90,90,AGRA RURAL,2022,exact_name,1.0,2008,9,2012;2017;2022,SC,,,,yes,19,FATEHPUR SIKRI,19,agrees,,AC_list;coverage
Uttar Pradesh,858,Fatehpur sikari,102,Fatehpur Sikri,91,91,FATEHPUR SIKRI,2022,eci_code,0.963,2008,9,2012;2017;2022,GEN,,91,yes,yes,19,FATEHPUR SIKRI,19,agrees,eci code; name spelled differently,AC_list;coverage;urban_mapping
Uttar Pradesh,859,Kheragarh,102,Fatehpur Sikri,92,92,KHERAGARH,2022,eci_code,1.0,2008,9,2012;2017;2022,GEN,,92,yes,yes,19,FATEHPUR SIKRI,19,agrees,,AC_list;coverage;urban_mapping
Uttar Pradesh,857,Fatehabad,102,Fatehpur Sikri,93,93,FATEHABAD,2022,eci_code,1.0,2008,9,2012;2017;2022,GEN,,93,yes,yes,19,FATEHPUR SIKRI,19,agrees,,AC_list;coverage;urban_mapping
Uttar Pradesh,856,Bah,102,Fatehpur Sikri,94,94,BAH,2022,eci_code,1.0,2008,9,2012;2017;2022,GEN,,94,yes,yes,19,FATEHPUR SIKRI,19,agrees,,AC_list;coverage;urban_mapping
Uttar Pradesh,864,Tundla,103,Firozabad,95,95,TUNDLA,2022,eci_code,1.0,2008,9,2012;2017;2022,SC,,95,yes,yes,20,FIROZABAD,20,agrees,,AC_list;coverage;urban_mapping
Uttar Pradesh,861,Jasrana,103,Firozabad,96,96,JASRANA,2022,eci_code,1.0,2008,9,2012;2017;2022,GEN,,96,yes,yes,20,FIROZABAD,20,agrees,,AC_list;coverage;urban_mapping
Uttar Pradesh,860,Firozabad,103,Firozabad,97,97,FIROZABAD,2022,eci_code,1.0,2008,9,2012;2017;2022,GEN,,97,yes,yes,20,FIROZABAD,20,agrees,,AC_list;coverage;urban_mapping
Uttar Pradesh,862,Shikohabad,103,Firozabad,98,98,SHIKOHABAD,2022,eci_code,1.0,2008,9,2012;2017;2022,GEN,,98,yes,yes,20,FIROZABAD,20,agrees,,AC_list;coverage;urban_mapping
Uttar Pradesh,863,Sirsaganj,103,Firozabad,99,99,SIRSAGANJ,2022,eci_code,1.0,2008,9,2012;2017;2022,GEN,,99,yes,yes,20,FIROZABAD,20,agrees,,AC_list;coverage;urban_mapping
Uttar Pradesh,831,Kasganj,97,Etah,100,100,KASGANJ,2022,eci_code,1.0,2008,9,2012;2017;2022,GEN,,100,yes,yes,22,ETAH,22,agrees,,AC_list;coverage;urban_mapping
Uttar Pradesh,829,Amanpur,97,Etah,101,101,AMANPUR,2022,eci_code,1.0,2008,9,2012;2017;2022,GEN,,101,yes,yes,22,ETAH,22,agrees,,AC_list;coverage;urban_mapping
Uttar Pradesh,833,Patiyali,97,Etah,102,102,PATIALI,2022,eci_code,1.0,2008,9,2012;2017;2022,GEN,,102,yes,yes,22,ETAH,22,agrees,eci code; name spelled differently,AC_list;coverage;urban_mapping
Uttar Pradesh,844,Aliganj,100,Farrukhabad,103,103,ALIGANJ,2022,eci_code,1.0,2008,9,2012;2017;2022,GEN,,103,yes,yes,40,FARRUKHABAD,40,agrees,,AC_list;coverage;urban_mapping
Uttar Pradesh,830,Etah,97,Etah,104,104,ETAH,2022,eci_code,1.0,2008,9,2012;2017;2022,GEN,,104,yes,yes,22,ETAH,22,agrees,,AC_list;coverage;urban_mapping
Uttar Pradesh,832,Marhara,97,Etah,105,105,MARHARA,2022,eci_code,1.0,2008,9,2012;2017;2022,GEN,,105,yes,yes,22,ETAH,22,agrees,,AC_list;coverage;urban_mapping
Uttar Pradesh,708,Jalesar,72,Agra,106,106,JALESAR,2022,eci_code,1.0,2008,9,2012;2017;2022,SC,,106,yes,yes,18,AGRA,18,agrees,,AC_list;coverage;urban_mapping
Uttar Pradesh,984,Mainpuri,127,Mainpuri,107,107,MAINPURI,2022,eci_code,1.0,2008,9,2012;2017;2022,GEN,,107,yes,yes,21,MAINPURI,21,agrees,,AC_list;coverage;urban_mapping
Uttar Pradesh,980,Bhongaon,127,Mainpuri,108,108,BHONGAON,2022,eci_code,1.0,2008,9,2012;2017;2022,GEN,,108,yes,yes,21,MAINPURI,21,agrees,,AC_list;coverage;urban_mapping
Uttar Pradesh,983,Kishani,127,Mainpuri,109,109,KISHNI,2022,eci_code,0.923,2008,9,2012;2017;2022,SC,,109,yes,yes,21,MAINPURI,21,agrees,eci code; name spelled differently,AC_list;coverage;urban_mapping
Uttar Pradesh,982,Karhal,127,Mainpuri,110,110,KARHAL,2022,eci_code,1.0,2008,9,2012;2017;2022,GEN,,110,yes,yes,21,MAINPURI,21,agrees,,AC_list;coverage;urban_mapping
Uttar Pradesh,752,Gunnaur,81,Badaun,111,111,GUNNAUR,2022,eci_code,1.0,2008,9,2012;2017;2022,GEN,,111,yes,yes,23,BADAUN,23,agrees,,AC_list;coverage;urban_mapping
Uttar Pradesh,750,Bisauli,81,Badaun,112,112,BISAULI,2022,eci_code,1.0,2008,9,2012;2017;2022,SC,,112,yes,yes,23,BADAUN,23,agrees,,AC_list;coverage;urban_mapping
Uttar Pradesh,753,Sahaswan,81,Badaun,113,113,SAHASWAN,2022,eci_code,1.0,2008,9,2012;2017;2022,GEN,,113,yes,yes,23,BADAUN,23,agrees,,AC_list;coverage;urban_mapping
Uttar Pradesh,749,Bilsi,81,Badaun,114,114,BILSI,2022,eci_code,1.0,2008,9,2012;2017;2022,GEN,,114,yes,yes,23,BADAUN,23,agrees,,AC_list;coverage;urban_mapping
Uttar Pradesh,751,Budaun,81,Badaun,115,115,BADAUN,2022,eci_code,0.833,2008,9,2012;2017;2022,GEN,,115,yes,yes,23,BADAUN,23,agrees,eci code; name spelled differently,AC_list;coverage;urban_mapping
Uttar Pradesh,743,Shekhupur,79,Aonla,116,116,SHEKHUPUR,2022,eci_code,1.0,2008,9,2012;2017;2022,GEN,,116,yes,yes,24,AONLA,24,agrees,,AC_list;coverage;urban_mapping
Uttar Pradesh,741,Dataganj,79,Aonla,117,117,DATAGANJ,2022,eci_code,1.0,2008,9,2012;2017;2022,GEN,,117,yes,yes,24,AONLA,24,agrees,,AC_list;coverage;urban_mapping
Uttar Pradesh,1030,Baheri,137,Pilibhit,118,118,BAHERI,2022,eci_code,1.0,2008,9,2012;2017;2022,GEN,,118,yes,yes,26,PILIBHIT,26,agrees,,AC_list;coverage;urban_mapping
Uttar Pradesh,787,Meerganj,88,Bareilly,119,119,MEERGANJ,2022,eci_code,1.0,2008,9,2012;2017;2022,GEN,,119,yes,yes,25,BAREILLY,25,agrees,,AC_list;coverage;urban_mapping
Uttar Pradesh,786,Ghojipura,88,Bareilly,120,120,BHOJIPURA,2022,eci_code,0.889,2008,9,2012;2017;2022,GEN,,120,yes,yes,25,BAREILLY,25,agrees,eci code; name spelled differently,AC_list;coverage;urban_mapping
Uttar Pradesh,788,Nawabganj,88,Bareilly,121,121,NAWABGANJ,2022,eci_code,1.0,2008,9,2012;2017;2022,GEN,,121,yes,yes,25,BAREILLY,25,agrees,,AC_list;coverage;urban_mapping
Uttar Pradesh,742,Faridpur,79,Aonla,122,122,FARIDPUR,2022,eci_code,1.0,2008,9,2012;2017;2022,SC,,122,yes,yes,24,AONLA,24,agrees,,AC_list;coverage;urban_mapping
Uttar Pradesh,740,Bithari chainpur,79,Aonla,123,123,BITHARI CHAINPUR,2022,eci_code,1.0,2008,9,2012;2017;2022,GEN,,123,yes,yes,24,AONLA,24,agrees,,AC_list;coverage;urban_mapping
Uttar Pradesh,784,Bareilly,88,Bareilly,124,124,BAREILLY CITY,2022,eci_code,0.8,2008,9,2012;2017;2022,GEN,,124,yes,yes,25,BAREILLY,25,agrees,eci code; name spelled differently,AC_list;coverage;urban_mapping
Uttar Pradesh,785,Barelly Cantt.,88,Bareilly,125,125,BAREILLY CANTONMENT,2022,eci_code,0.96,2008,9,2012;2017;2022,GEN,,125,yes,yes,25,BAREILLY,25,agrees,eci code; name spelled differently,AC_list;coverage;urban_mapping
Uttar Pradesh,739,Aonla,79,Aonla,126,126,AONLA,2022,eci_code,1.0,2008,9,2012;2017;2022,GEN,,126,yes,yes,24,AONLA,24,agrees,,AC_list;coverage;urban_mapping
Uttar Pradesh,1033,Pilibhit,137,Pilibhit,127,127,PILIBHIT,2022,eci_code,1.0,2008,9,2012;2017;2022,GEN,,127,yes,yes,26,PILIBHIT,26,agrees,,AC_list;coverage;urban_mapping
Uttar Pradesh,1031,Barkhera,137,Pilibhit,128,128,BARKHERA,2022,eci_code,1.0,2008,9,2012;2017;2022,GEN,,128,yes,yes,26,PILIBHIT,26,agrees,,AC_list;coverage;urban_mapping
Uttar Pradesh,1034,Puranpur,137,Pilibhit,129,129,PURANPUR,2022,eci_code,1.0,2008,9,2012;2017;2022,SC,,129,yes,yes,26,PILIBHIT,26,agrees,,AC_list;coverage;urban_mapping
Uttar Pradesh,1032,Bisalpur,137,Pilibhit,130,130,BISALPUR,2022,eci_code,1.0,2008,9,2012;2017;2022,GEN,,130,yes,yes,26,PILIBHIT,26,agrees,,AC_list;coverage;urban_mapping
Uttar Pradesh,1077,Katra,146,Shahjahanpur,131,131,KATRA,2022,eci_code,1.0,2008,9,2012;2017;2022,GEN,,131,yes,yes,27,SHAHJAHANPUR,27,agrees,,AC_list;coverage;urban_mapping
Uttar Pradesh,1076,Jalalabad,146,Shahjahanpur,132,132,JALALABAD,2022,eci_code,1.0,2008,9,2012;2017;2022,GEN,,132,yes,yes,27,SHAHJAHANPUR,27,agrees,,AC_list;coverage;urban_mapping
Uttar Pradesh,1080,Tilhar,146,Shahjahanpur,133,133,TILHAR,2022,eci_code,1.0,2008,9,2012;2017;2022,GEN,,133,yes,yes,27,SHAHJAHANPUR,27,agrees,,AC_list;coverage;urban_mapping
Uttar Pradesh,1078,Powayan,146,Shahjahanpur,134,134,POWAYAN,2022,eci_code,1.0,2008,9,2012;2017;2022,SC,,134,yes,yes,27,SHAHJAHANPUR,27,agrees,,AC_list;coverage;urban_mapping
Uttar Pradesh,1079,Shahjahanpur,146,Shahjahanpur,135,135,SHAHJAHANPUR,2022,eci_code,1.0,2008,9,2012;2017;2022,GEN,,135,yes,yes,27,SHAHJAHANPUR,27,agrees,,AC_list;coverage;urban_mapping
Uttar Pradesh,1075,Dadraul,146,Shahjahanpur,136,136,DADRAUL,2022,eci_code,1.0,2008,9,2012;2017;2022,GEN,,136,yes,yes,27,SHAHJAHANPUR,27,agrees,,AC_list;coverage;urban_mapping
Uttar Pradesh,953,Palia,121,Kheri,137,137,PALIA,2022,eci_code,1.0,2008,9,2012;2017;2022,GEN,,137,yes,yes,28,KHERI,28,agrees,,AC_list;coverage;urban_mapping
Uttar Pradesh,952,Nighasan,121,Kheri,138,138,NIGHASAN,2022,eci_code,1.0,2008,9,2012;2017;2022,GEN,,138,yes,yes,28,KHERI,28,agrees,,AC_list;coverage;urban_mapping
Uttar Pradesh,950,Gola gokrannath,121,Kheri,139,139,GOLA GOKRANNATH,2022,eci_code,1.0,2008,9,2012;2017;2022,GEN,,139,yes,yes,28,KHERI,28,agrees,,AC_list;coverage;urban_mapping
Uttar Pradesh,954,Sri Nagar,121,Kheri,140,140,SRINAGAR,2022,exact_name,1.0,2008,9,2012;2017;2022,SC,,,,yes,28,KHERI,28,agrees,,AC_list;coverage
Uttar Pradesh,819,Dhaurahra,95,Dhaurahra,141,141,DHAUREHRA,2022,eci_code,0.889,2008,9,2012;2017;2022,GEN,,141,yes,yes,29,DHAURAHRA,29,agrees,eci code; name spelled differently,AC_list;coverage;urban_mapping
Uttar Pradesh,951,Lakhimpur,121,Kheri,142,142,LAKHIMPUR,2022,eci_code,1.0,2008,9,2012;2017;2022,GEN,,142,yes,yes,28,KHERI,28,agrees,,AC_list;coverage;urban_mapping
Uttar Pradesh,821,Kasta,95,Dhaurahra,143,143,KASTA,2022,exact_name,1.0,2008,9,2012;2017;2022,SC,,,,yes,29,DHAURAHRA,29,agrees,,AC_list;coverage
Uttar Pradesh,823,Mohammdi,95,Dhaurahra,144,144,MOHAMMADI,2022,eci_code,0.941,2008,9,2012;2017;2022,GEN,,144,yes,yes,29,DHAURAHRA,29,agrees,eci code; name spelled differently,AC_list;coverage;urban_mapping
Uttar Pradesh,822,Maholi,95,Dhaurahra,145,145,MAHOLI,2022,eci_code,1.0,2008,9,2012;2017;2022,GEN,,145,yes,yes,29,DHAURAHRA,29,agrees,,AC_list;coverage;urban_mapping
Uttar Pradesh,1090,Sitapur,148,Sitapur,146,146,SITAPUR,2022,eci_code,1.0,2008,9,2012;2017;2022,GEN,,146,yes,yes,30,SITAPUR,30,agrees,,AC_list;coverage;urban_mapping
Uttar Pradesh,820,Hargaon,95,Dhaurahra,147,147,HARGAON,2022,eci_code,1.0,2008,9,2012;2017;2022,SC,,147,yes,yes,29,DHAURAHRA,29,agrees,,AC_list;coverage;urban_mapping
Uttar Pradesh,1087,Laharpur,148,Sitapur,148,148,LAHARPUR,2022,eci_code,1.0,2008,9,2012;2017;2022,GEN,,148,yes,yes,30,SITAPUR,30,agrees,,AC_list;coverage;urban_mapping
Uttar Pradesh,1086,Biswan,148,Sitapur,149,149,BISWAN,2022,eci_code,1.0,2008,9,2012;2017;2022,GEN,,149,yes,yes,30,SITAPUR,30,agrees,,AC_list;coverage;urban_mapping
Uttar Pradesh,1089,Sevata,148,Sitapur,150,150,SEVATA,2022,exact_name,1.0,2008,9,2012;2017;2022,GEN,,,,yes,30,SITAPUR,30,agrees,,AC_list;coverage
Uttar Pradesh,1088,Mahmoodabad,148,Sitapur,151,151,MAHMUDABAD,2022,eci_code,1.0,2008,9,2012;2017;2022,GEN,,151,yes,yes,30,SITAPUR,30,agrees,eci code; name spelled differently,AC_list;coverage;urban_mapping
Uttar Pradesh,1009,Sidhauli,132,Mohanlalganj,152,152,SIDHAULI,2022,eci_code,1.0,2008,9,2012;2017;2022,SC,,152,yes,yes,34,MOHANLALGANJ,34,agrees,,AC_list;coverage;urban_mapping
Uttar Pradesh,1003,Misrikh,131,Misrikh,153,153,MISRIKH,2022,eci_code,1.0,2008,9,2012;2017;2022,SC,,153,yes,yes,32,MISRIKH,32,agrees,,AC_list;coverage;urban_mapping
Uttar Pradesh,903,Sawaijpur,111,Hardoi,154,154,SAWAIJPUR,2022,eci_code,1.0,2008,9,2012;2017;2022,GEN,,154,yes,yes,31,HARDOI,31,agrees,,AC_list;coverage;urban_mapping
Uttar Pradesh,904,Shahabad,111,Hardoi,155,155,SHAHABAD,2022,eci_code,1.0,2008,9,2012;2017;2022,GEN,,155,yes,yes,31,HARDOI,31,agrees,,AC_list;coverage;urban_mapping
Uttar Pradesh,901,Hardoi,111,Hardoi,156,156,HARDOI,2022,eci_code,1.0,2008,9,2012;2017;2022,GEN,,156,yes,yes,31,HARDOI,31,agrees,,AC_list;coverage;urban_mapping
Uttar Pradesh,900,Gopamau,111,Hardoi,157,157,GOPAMAU,2022,eci_code,1.0,2008,9,2012;2017;2022,SC,,157,yes,yes,31,HARDOI,31,agrees,,AC_list;coverage;urban_mapping
Uttar Pradesh,902,Sandi,111,Hardoi,158,158,SANDI,2022,eci_code,1.0,2008,9,2012;2017;2022,SC,,158,yes,yes,31,HARDOI,31,agrees,,AC_list;coverage;urban_mapping
Uttar Pradesh,1001,Bilgram-mallanwan,131,Misrikh,159,159,BILGRAM - MALANWAN,2022,eci_code,1.0,2008,9,2012;2017;2022,GEN,,159,yes,yes,32,MISRIKH,32,agrees,eci code; name spelled differently,AC_list;coverage;urban_mapping
Uttar Pradesh,1000,Balamau,131,Misrikh,160,160,BALAMAU,2022,eci_code,1.0,2008,9,2012;2017;2022,SC,,160,yes,yes,32,MISRIKH,32,agrees,,AC_list;coverage;urban_mapping
Uttar Pradesh,1004,Sandila,131,Misrikh,161,161,SANDILA,2022,eci_code,1.0,2008,9,2012;2017;2022,GEN,,161,yes,yes,32,MISRIKH,32,agrees,,AC_list;coverage;urban_mapping
Uttar Pradesh,1096,Bangarmau,150,Unnao,162,162,BANGARMAU,2022,eci_code,1.0,2008,9,2012;2017;2022,GEN,,162,yes,yes,33,UNNAO,33,agrees,,AC_list;coverage;urban_mapping
Uttar Pradesh,1100,Safipur,150,Unnao,163,163,SAFIPUR,2022,eci_code,1.0,2008,9,2012;2017;2022,SC,,163,yes,yes,33,UNNAO,33,agrees,,AC_list;coverage;urban_mapping
Uttar Pradesh,1098,Mohan,150,Unnao,164,164,MOHAN,2022,eci_code,1.0,2008,9,2012;2017;2022,SC,,164,yes,yes,33,UNNAO,33,agrees,,AC_list;coverage;urban_mapping
Uttar Pradesh,1101,Unnao,150,Unnao,165,165,UNNAO,2022,eci_code,1.0,2008,9,2012;2017;2022,GEN,,165,yes,yes,33,UNNAO,33,agrees,,AC_list;coverage;urban_mapping
Uttar Pradesh,1097,Bhagwantnagar,150,Unnao,166,166,BHAGWANT NAGAR,2022,eci_code,1.0,2008,9,2012;2017;2022,GEN,,166,yes,yes,33,UNNAO,33,agrees,,AC_list;coverage;urban_mapping
Uttar Pradesh,1099,Purwa,150,Unnao,167,167,PURWA,2022,eci_code,1.0,2008,9,2012;2017;2022,GEN,,167,yes,yes,33,UNNAO,33,agrees,,AC_list;coverage;urban_mapping
Uttar Pradesh,1006,Malihabad,132,Mohanlalganj,168,168,MALIHABAD,2022,eci_code,1.0,2008,9,2012;2017;2022,SC,,168,yes,yes,34,MOHANLALGANJ,34,agrees,,AC_list;coverage;urban_mapping
Uttar Pradesh,1005,Bakshi kaa talab,132,Mohanlalganj,169,169,BAKSHI KAA TALAB,2022,eci_code,1.0,2008,9,2012;2017;2022,GEN,,169,yes,yes,34,MOHANLALGANJ,34,agrees,,AC_list;coverage;urban_mapping
Uttar Pradesh,1008,Sarojini Nagar,132,Mohanlalganj,170,170,SAROJINI NAGAR,2022,eci_code,1.0,2008,9,2012;2017;2022,GEN,,170,yes,yes,34,MOHANLALGANJ,34,agrees,,AC_list;coverage;urban_mapping
Uttar Pradesh,969,Lucknow West,124,Lucknow,171,171,LUCKNOW WEST,2022,eci_code,1.0,2008,9,2012;2017;2022,GEN,,171,yes,yes,35,LUCKNOW,35,agrees,,AC_list;coverage;urban_mapping
Uttar Pradesh,968,Lucknow North,124,Lucknow,172,172,LUCKNOW NORTH,2022,eci_code,1.0,2008,9,2012;2017;2022,GEN,,172,yes,yes,35,LUCKNOW,35,agrees,,AC_list;coverage;urban_mapping
Uttar Pradesh,967,Lucknow East,124,Lucknow,173,173,LUCKNOW EAST,2022,eci_code,1.0,2008,9,2012;2017;2022,GEN,,173,yes,yes,35,LUCKNOW,35,agrees,,AC_list;coverage;urban_mapping
Uttar Pradesh,966,Lucknow central,124,Lucknow,174,174,LUCKNOW CENTRAL,2022,eci_code,1.0,2008,9,2012;2017;2022,GEN,,174,yes,yes,35,LUCKNOW,35,agrees,,AC_list;coverage;urban_mapping
Uttar Pradesh,965,Lucknow Cantt.,124,Lucknow,175,175,LUCKNOW CANTONMENT,2022,eci_code,1.0,2008,9,2012;2017;2022,GEN,,175,yes,yes,35,LUCKNOW,35,agrees,,AC_list;coverage;urban_mapping
Uttar Pradesh,1007,Mohanlalganj,132,Mohanlalganj,176,176,MOHANLALGANJ,2022,eci_code,1.0,2008,9,2012;2017;2022,SC,,176,yes,yes,34,MOHANLALGANJ,34,agrees,,AC_list;coverage;urban_mapping
Uttar Pradesh,1040,Bachhrawan,139,Rae Bareli,177,177,BACHHRAWAN,2022,eci_code,1.0,2008,9,2012;2017;2022,SC,,177,yes,yes,36,RAE BARELI,36,agrees,,AC_list;coverage;urban_mapping
Uttar Pradesh,733,Tiloi,77,Amethi,178,178,TILOI,2022,exact_name,1.0,2008,9,2012;2017;2022,GEN,,,,yes,37,AMETHI,37,agrees,,AC_list;coverage
Uttar Pradesh,1041,Harchandpur,139,Rae Bareli,179,179,HARCHANDPUR,2022,eci_code,1.0,2008,9,2012;2017;2022,GEN,,179,yes,yes,36,RAE BARELI,36,agrees,,AC_list;coverage;urban_mapping
Uttar Pradesh,1042,Rae bareli,139,Rae Bareli,180,180,RAE BARELI,2022,eci_code,1.0,2008,9,2012;2017;2022,GEN,,180,yes,yes,36,RAE BARELI,36,agrees,,AC_list;coverage;urban_mapping
Uttar Pradesh,732,Salon,77,Amethi,181,181,SALON,2022,eci_code,1.0,2008,9,2012;2017;2022,SC,,181,yes,yes,37,AMETHI,37,agrees,,AC_list;coverage;urban_mapping
Uttar Pradesh,1043,Sareni,139,Rae Bareli,182,182,SARENI,2022,eci_code,1.0,2008,9,2012;2017;2022,GEN,,182,yes,yes,36,RAE BARELI,36,agrees,,AC_list;coverage;urban_mapping
Uttar Pradesh,1044,Unchahar,139,Rae Bareli,183,183,UNCHAHAR,2022,eci_code,1.0,2008,9,2012;2017;2022,GEN,,183,yes,yes,36,RAE BARELI,36,agrees,,AC_list;coverage;urban_mapping
Uttar Pradesh,731,Jagdishpur,77,Amethi,184,184,JAGDISHPUR,2022,eci_code,1.0,2008,9,2012;2017;2022,SC,,184,yes,yes,37,AMETHI,37,agrees,,AC_list;coverage;urban_mapping
Uttar Pradesh,730,Gauriganj,77,Amethi,185,185,GAURIGANJ,2022,eci_code,1.0,2008,9,2012;2017;2022,GEN,,185,yes,yes,37,AMETHI,37,agrees,,AC_list;coverage;urban_mapping
Uttar Pradesh,729,Amethi,77,Amethi,186,186,AMETHI,2022,eci_code,1.0,2008,9,2012;2017;2022,GEN,,186,yes,yes,37,AMETHI,37,agrees,,AC_list;coverage;urban_mapping
Uttar Pradesh,1091,Isauli,149,Sultanpur,187,187,ISAULI,2022,exact_name,1.0,2008,9,2012;2017;2022,GEN,,,,yes,38,SULTANPUR,38,agrees,,AC_list;coverage
Uttar Pradesh,1095,Sultanpur,149,Sultanpur,188,188,SULTANPUR,2022,eci_code,1.0,2008,9,2012;2017;2022,GEN,,188,yes,yes,38,SULTANPUR,38,agrees,,AC_list;coverage;urban_mapping
Uttar Pradesh,1094,Sadar,149,Sultanpur,189,189,SADAR,2022,exact_name,1.0,2008,9,2012;2017;2022,GEN,,,,yes,38,SULTANPUR,38,agrees,,AC_list;coverage
Uttar Pradesh,1093,Lambhua,149,Sultanpur,190,190,LAMBHUA,2022,eci_code,1.0,2008,9,2012;2017;2022,GEN,,190,yes,yes,38,SULTANPUR,38,agrees,,AC_list;coverage;urban_mapping
Uttar Pradesh,1092,Kadipur,149,Sultanpur,191,191,KADIPUR,2022,eci_code,1.0,2008,9,2012;2017;2022,SC,,191,yes,yes,38,SULTANPUR,38,agrees,,AC_list;coverage;urban_mapping
Uttar Pradesh,848,Kaimganj,100,Farrukhabad,192,192,KAIMGANJ,2022,eci_code,1.0,2008,9,2012;2017;2022,SC,,192,yes,yes,40,FARRUKHABAD,40,agrees,,AC_list;coverage;urban_mapping
Uttar Pradesh,845,Amritpur,100,Farrukhabad,193,193,AMRITPUR,2022,eci_code,1.0,2008,9,2012;2017;2022,GEN,,193,yes,yes,40,FARRUKHABAD,40,agrees,,AC_list;coverage;urban_mapping
Uttar Pradesh,847,Farrukhabad,100,Farrukhabad,194,194,FARRUKHABAD,2022,eci_code,1.0,2008,9,2012;2017;2022,GEN,,194,yes,yes,40,FARRUKHABAD,40,agrees,,AC_list;coverage;urban_mapping
Uttar Pradesh,846,Bhojpur,100,Farrukhabad,195,195,BHOJPUR,2022,eci_code,1.0,2008,9,2012;2017;2022,GEN,,195,yes,yes,40,FARRUKHABAD,40,agrees,,AC_list;coverage;urban_mapping
Uttar Pradesh,936,Chhibramau,118,Kannauj,196,196,CHHIBRAMAU,2022,eci_code,1.0,2008,9,2012;2017;2022,GEN,,196,yes,yes,42,KANNAUJ,42,agrees,,AC_list;coverage;urban_mapping
Uttar Pradesh,939,Tirwa,118,Kannauj,197,197,TIRWA,2022,eci_code,1.0,2008,9,2012;2017;2022,GEN,,197,yes,yes,42,KANNAUJ,42,agrees,,AC_list;coverage;urban_mapping
Uttar Pradesh,937,Kannauj,118,Kannauj,198,198,KANNAUJ,2022,eci_code,1.0,2008,9,2012;2017;2022,SC,,198,yes,yes,42,KANNAUJ,42,agrees,,AC_list;coverage;urban_mapping
Uttar Pradesh,981,Jaswantnagar,127,Mainpuri,199,199,JASWANTNAGAR,2022,eci_code,1.0,2008,9,2012;2017;2022,GEN,,199,yes,yes,21,MAINPURI,21,agrees,,AC_list;coverage;urban_mapping
Uttar Pradesh,837,Etawah,98,Etawah,200,200,ETAWAH,2022,eci_code,1.0,2008,9,2012;2017;2022,GEN,,200,yes,yes,41,ETAWAH,41,agrees,,AC_list;coverage;urban_mapping
Uttar Pradesh,835,Bharthana,98,Etawah,201,201,BHARTHANA,2022,eci_code,1.0,2008,9,2012;2017;2022,SC,,201,yes,yes,41,ETAWAH,41,agrees,,AC_list;coverage;urban_mapping
Uttar Pradesh,935,Bidhuna,118,Kannauj,202,202,BIDHUNA,2022,eci_code,1.0,2008,9,2012;2017;2022,GEN,,202,yes,yes,42,KANNAUJ,42,agrees,,AC_list;coverage;urban_mapping
Uttar Pradesh,836,Dibiyapur,98,Etawah,203,203,DIBIYAPUR,2022,eci_code,1.0,2008,9,2012;2017;2022,GEN,,203,yes,yes,41,ETAWAH,41,agrees,,AC_list;coverage;urban_mapping
Uttar Pradesh,834,Auraiya,98,Etawah,204,204,AURAIYA,2022,eci_code,1.0,2008,9,2012;2017;2022,SC,,204,yes,yes,41,ETAWAH,41,agrees,,AC_list;coverage;urban_mapping
Uttar Pradesh,938,Rasulabad,118,Kannauj,205,205,RASULABAD,2022,eci_code,1.0,2008,9,2012;2017;2022,SC,,205,yes,yes,42,KANNAUJ,42,agrees,,AC_list;coverage;urban_mapping
Uttar Pradesh,709,Akbarpur - raniya,73,Akbarpur,206,206,AKBARPUR - RANIYA,2022,eci_code,1.0,2008,9,2012;2017;2022,GEN,,206,yes,yes,44,AKBARPUR,44,agrees,,AC_list;coverage;urban_mapping
Uttar Pradesh,838,Sikandra,98,Etawah,207,207,SIKANDRA,2022,eci_code,1.0,2008,9,2012;2017;2022,GEN,,207,yes,yes,41,ETAWAH,41,agrees,,AC_list;coverage;urban_mapping
Uttar Pradesh,910,Bhognipur,113,Jalaun,208,208,BHOGNIPUR,2022,eci_code,1.0,2008,9,2012;2017;2022,GEN,,208,yes,yes,45,JALAUN,45,agrees,,AC_list;coverage;urban_mapping
Uttar Pradesh,1002,Bilhaur,131,Misrikh,209,209,BILAUR,2022,eci_code,1.0,2008,9,2012;2017;2022,SC,,209,yes,yes,32,MISRIKH,32,agrees,eci code; name spelled differently,AC_list;coverage;urban_mapping
Uttar Pradesh,710,Bithoor,73,Akbarpur,210,210,BITHOOR,2022,eci_code,1.0,2008,9,2012;2017;2022,GEN,,210,yes,yes,44,AKBARPUR,44,agrees,,AC_list;coverage;urban_mapping
Uttar Pradesh,712,Kalyanpur,73,Akbarpur,211,211,KALYANPUR,2022,eci_code,1.0,2008,9,2012;2017;2022,GEN,,211,yes,yes,44,AKBARPUR,44,agrees,,AC_list;coverage;urban_mapping
Uttar Pradesh,942,Govindnagar,119,Kanpur,212,212,GOVIND NAGAR,2022,eci_code,1.0,2008,9,2012;2017;2022,GEN,,212,yes,yes,43,KANPUR,43,agrees,,AC_list;coverage;urban_mapping
Uttar Pradesh,944,Sishamau,119,Kanpur,213,213,SISAMAU,2022,eci_code,1.0,2008,9,2012;2017;2022,GEN,,213,yes,yes,43,KANPUR,43,agrees,eci code; name spelled differently,AC_list;coverage;urban_mapping
Uttar Pradesh,940,Arya Nagar,119,Kanpur,214,214,ARYANAGAR,2022,eci_code,1.0,2008,9,2012;2017;2022,GEN,,214,yes,yes,43,KANPUR,43,agrees,,AC_list;coverage;urban_mapping
Uttar Pradesh,941,Didwai Nagar,119,Kanpur,215,215,KIDWAI NAGAR,2022,eci_code,0.909,2008,9,2012;2017;2022,GEN,,215,yes,yes,43,KANPUR,43,agrees,eci code; name spelled differently,AC_list;coverage;urban_mapping
Uttar Pradesh,943,Kanpur Cantt.,119,Kanpur,216,216,KANPUR CANTONMENT,2022,eci_code,1.0,2008,9,2012;2017;2022,GEN,,216,yes,yes,43,KANPUR,43,agrees,,AC_list;coverage;urban_mapping
Uttar Pradesh,713,Maharajpur,73,Akbarpur,217,217,MAHARAJPUR,2022,eci_code,1.0,2008,9,2012;2017;2022,GEN,,217,yes,yes,44,AKBARPUR,44,agrees,,AC_list;coverage;urban_mapping
Uttar Pradesh,711,Ghatampur,73,Akbarpur,218,218,GHATAMPUR,2022,eci_code,1.0,2008,9,2012;2017;2022,SC,,218,yes,yes,44,AKBARPUR,44,agrees,,AC_list;coverage;urban_mapping
Uttar Pradesh,913,Madhaugarh,113,Jalaun,219,219,MADHOGARH,2022,eci_code,0.842,2008,9,2012;2017;2022,GEN,,219,yes,yes,45,JALAUN,45,agrees,eci code; name spelled differently,AC_list;coverage;urban_mapping
Uttar Pradesh,912,Kalpi,113,Jalaun,220,220,KALPI,2022,eci_code,1.0,2008,9,2012;2017;2022,GEN,,220,yes,yes,45,JALAUN,45,agrees,,AC_list;coverage;urban_mapping
Uttar Pradesh,914,Orai,113,Jalaun,221,221,ORAI,2022,eci_code,1.0,2008,9,2012;2017;2022,SC,,221,yes,yes,45,JALAUN,45,agrees,,AC_list;coverage;urban_mapping
Uttar Pradesh,920,Babina,115,Jhansi,222,222,BABINA,2022,eci_code,1.0,2008,9,2012;2017;2022,GEN,,222,yes,yes,46,JHANSI,46,agrees,,AC_list;coverage;urban_mapping
Uttar Pradesh,921,Jhansi Nagar,115,Jhansi,223,223,JHANSI NAGAR,2022,eci_code,1.0,2008,9,2012;2017;2022,GEN,,223,yes,yes,46,JHANSI,46,agrees,,AC_list;coverage;urban_mapping
Uttar Pradesh,923,Mauranipur,115,Jhansi,224,224,MAURANIPUR,2022,eci_code,1.0,2008,9,2012;2017;2022,SC,,224,yes,yes,46,JHANSI,46,agrees,,AC_list;coverage;urban_mapping
Uttar Pradesh,911,Garautha,113,Jalaun,225,225,GARAUTHA,2022,eci_code,1.0,2008,9,2012;2017;2022,GEN,,225,yes,yes,45,JALAUN,45,agrees,,AC_list;coverage;urban_mapping
Uttar Pradesh,922,Lalitpur,115,Jhansi,226,226,LALITPUR,2022,eci_code,1.0,2008,9,2012;2017;2022,GEN,,226,yes,yes,46,JHANSI,46,agrees,,AC_list;coverage;urban_mapping
Uttar Pradesh,924,Mehroni,115,Jhansi,227,227,MEHRONI,2022,eci_code,1.0,2008,9,2012;2017;2022,SC,,227,yes,yes,46,JHANSI,46,agrees,,AC_list;coverage;urban_mapping
Uttar Pradesh,896,Hamirpur,110,Hamirpur,228,228,HAMIRPUR,2022,eci_code,1.0,2008,9,2012;2017;2022,GEN,,228,yes,yes,47,HAMIRPUR,47,agrees,,AC_list;coverage;urban_mapping
Uttar Pradesh,898,Rath,110,Hamirpur,229,229,RATH,2022,eci_code,1.0,2008,9,2012;2017;2022,SC,,229,yes,yes,47,HAMIRPUR,47,agrees,,AC_list;coverage;urban_mapping
Uttar Pradesh,897,Mahoba,110,Hamirpur,230,230,MAHOBA,2022,eci_code,1.0,2008,9,2012;2017;2022,GEN,,230,yes,yes,47,HAMIRPUR,47,agrees,,AC_list;coverage;urban_mapping
Uttar Pradesh,895,Charkhari,110,Hamirpur,231,231,CHARKHARI,2022,eci_code,1.0,2008,9,2012;2017;2022,GEN,,231,yes,yes,47,HAMIRPUR,47,agrees,,AC_list;coverage;urban_mapping
Uttar Pradesh,899,Tindwari,110,Hamirpur,232,232,TINDWARI,2022,eci_code,1.0,2008,9,2012;2017;2022,GEN,,232,yes,yes,47,HAMIRPUR,47,agrees,,AC_list;coverage;urban_mapping
Uttar Pradesh,769,Baberu,85,Banda,233,233,BABERU,2022,eci_code,1.0,2008,9,2012;2017;2022,GEN,,233,yes,yes,48,BANDA,48,agrees,,AC_list;coverage;urban_mapping
Uttar Pradesh,773,Naraini,85,Banda,234,234,NARAINI,2022,eci_code,1.0,2008,9,2012;2017;2022,SC,,234,yes,yes,48,BANDA,48,agrees,,AC_list;coverage;urban_mapping
Uttar Pradesh,770,Banda,85,Banda,235,235,BANDA,2022,eci_code,1.0,2008,9,2012;2017;2022,GEN,,235,yes,yes,48,BANDA,48,agrees,,AC_list;coverage;urban_mapping
Uttar Pradesh,771,Chitrakoot,85,Banda,236,236,CHITRAKOOT,2022,eci_code,1.0,2008,9,2012;2017;2022,GEN,,236,yes,yes,48,BANDA,48,agrees,,AC_list;coverage;urban_mapping
Uttar Pradesh,772,Manikpur,85,Banda,237,237,MANIKPUR,2022,eci_code,1.0,2008,9,2012;2017;2022,GEN,,237,yes,yes,48,BANDA,48,agrees,,AC_list;coverage;urban_mapping
Uttar Pradesh,853,Jahanabad,101,Fatehpur,238,238,JAHANABAD,2022,eci_code,1.0,2008,9,2012;2017;2022,GEN,,238,yes,yes,49,FATEHPUR,49,agrees,,AC_list;coverage;urban_mapping
Uttar Pradesh,850,Binkdi,101,Fatehpur,239,239,BINDKI,2022,eci_code,0.833,2008,9,2012;2017;2022,GEN,,239,yes,yes,49,FATEHPUR,49,agrees,eci code; name spelled differently,AC_list;coverage;urban_mapping
Uttar Pradesh,851,Fatehpur,101,Fatehpur,240,240,FATEHPUR,2022,eci_code,1.0,2008,9,2012;2017;2022,GEN,,240,yes,yes,49,FATEHPUR,49,agrees,,AC_list;coverage;urban_mapping
Uttar Pradesh,849,Ayah shah,101,Fatehpur,241,241,AYAH SHAH,2022,eci_code,1.0,2008,9,2012;2017;2022,GEN,,241,yes,yes,49,FATEHPUR,49,agrees,,AC_list;coverage;urban_mapping
Uttar Pradesh,852,Husainganj,101,Fatehpur,242,242,HUSAINGANJ,2022,eci_code,1.0,2008,9,2012;2017;2022,GEN,,242,yes,yes,49,FATEHPUR,49,agrees,,AC_list;coverage;urban_mapping
Uttar Pradesh,854,Khaga,101,Fatehpur,243,243,KHAGA,2022,eci_code,1.0,2008,9,2012;2017;2022,SC,,243,yes,yes,49,FATEHPUR,49,agrees,,AC_list;coverage;urban_mapping
Uttar Pradesh,1038,Rampur khas,138,Pratapgarh,244,244,RAMPUR KHAS,2022,eci_code,1.0,2008,9,2012;2017;2022,GEN,,244,yes,yes,39,PRATAPGARH,39,agrees,,AC_list;coverage;urban_mapping
Uttar Pradesh,945,Babaganj,120,Kaushambi,245,245,BABAGANJ,2022,eci_code,1.0,2008,9,2012;2017;2022,SC,,245,yes,yes,50,KAUSHAMBI,50,agrees,,AC_list;coverage;urban_mapping
Uttar Pradesh,947,Kunda,120,Kaushambi,246,246,KUNDA,2022,eci_code,1.0,2008,9,2012;2017;2022,GEN,,246,yes,yes,50,KAUSHAMBI,50,agrees,,AC_list;coverage;urban_mapping
Uttar Pradesh,1035,Bishwavnathganj,138,Pratapgarh,247,247,BISHWAVNATHGANJ,2022,eci_code,1.0,2008,9,2012;2017;2022,GEN,,247,yes,yes,39,PRATAPGARH,39,agrees,,AC_list;coverage;urban_mapping
Uttar Pradesh,1037,Pratapgarh,138,Pratapgarh,248,248,PRATAPGARH,2022,eci_code,1.0,2008,9,2012;2017;2022,GEN,,248,yes,yes,39,PRATAPGARH,39,agrees,,AC_list;coverage;urban_mapping
Uttar Pradesh,1036,Patti,138,Pratapgarh,249,249,PATTI,2022,eci_code,1.0,2008,9,2012;2017;2022,GEN,,249,yes,yes,39,PRATAPGARH,39,agrees,,AC_list;coverage;urban_mapping
Uttar Pradesh,1039,Raniganj,138,Pratapgarh,250,250,RANIGANJ,2022,eci_code,1.0,2008,9,2012;2017;2022,GEN,,250,yes,yes,39,PRATAPGARH,39,agrees,,AC_list;coverage;urban_mapping
Uttar Pradesh,949,Sirathu,120,Kaushambi,251,251,SIRATHU,2022,eci_code,1.0,2008,9,2012;2017;2022,GEN,,251,yes,yes,50,KAUSHAMBI,50,agrees,,AC_list;coverage;urban_mapping
Uttar Pradesh,948,Manjhanpur,120,Kaushambi,252,252,MANJHANPUR,2022,eci_code,1.0,2008,9,2012;2017;2022,SC,,252,yes,yes,50,KAUSHAMBI,50,agrees,,AC_list;coverage;urban_mapping
Uttar Pradesh,946,Chail,120,Kaushambi,253,253,CHAIL,2022,eci_code,1.0,2008,9,2012;2017;2022,GEN,,253,yes,yes,50,KAUSHAMBI,50,agrees,,AC_list;coverage;urban_mapping
Uttar Pradesh,1027,Phaphamau,136,Phulpur,254,254,PHAPHAMAU,2022,eci_code,1.0,2008,9,2012;2017;2022,GEN,,254,yes,yes,51,PHULPUR,51,agrees,,AC_list;coverage;urban_mapping
Uttar Pradesh,1029,Soraon,136,Phulpur,255,255,SORAON,2022,eci_code,1.0,2008,9,2012;2017;2022,SC,,255,yes,yes,51,PHULPUR,51,agrees,,AC_list;coverage;urban_mapping
Uttar Pradesh,1028,Phulpur,136,Phulpur,256,256,PHULPUR,2022,eci_code,1.0,2008,9,2012;2017;2022,GEN,,256,yes,yes,51,PHULPUR,51,agrees,,AC_list;coverage;urban_mapping
Uttar Pradesh,798,Pratappur,90,Bhadohi,257,257,PRATAPPUR,2022,exact_name,1.0,2008,9,2012;2017;2022,GEN,,,,yes,78,BHADOHI,78,agrees,,AC_list;coverage
Uttar Pradesh,797,Handia,90,Bhadohi,258,258,HANDIA,2022,eci_code,1.0,2008,9,2012;2017;2022,GEN,,258,yes,yes,78,BHADOHI,78,agrees,,AC_list;coverage;urban_mapping
Uttar Pradesh,723,Meja,75,Allahabad,259,259,MEJA,2022,eci_code,1.0,2008,9,2012;2017;2022,GEN,,259,yes,yes,52,ALLAHABAD,52,agrees,,AC_list;coverage;urban_mapping
Uttar Pradesh,721,Karchhana,75,Allahabad,260,260,KARACHHANA,2022,fuzzy,0.947,2008,9,2012;2017;2022,GEN,,,,yes,52,ALLAHABAD,52,agrees,similarity; PC agrees; consonant skeleton equal,AC_list;coverage
Uttar Pradesh,1026,Allahabad West,136,Phulpur,261,261,ALLAHABAD WEST,2022,eci_code,1.0,2008,9,2012;2017;2022,GEN,,261,yes,yes,51,PHULPUR,51,agrees,,AC_list;coverage;urban_mapping
Uttar Pradesh,1025,Allahabad North,136,Phulpur,262,262,ALLAHABAD NORTH,2022,eci_code,1.0,2008,9,2012;2017;2022,GEN,,262,yes,yes,51,PHULPUR,51,agrees,,AC_list;coverage;urban_mapping
Uttar Pradesh,719,Allahabad South,75,Allahabad,263,263,ALLAHABAD SOUTH,2022,eci_code,1.0,2008,9,2012;2017;2022,GEN,,263,yes,yes,52,ALLAHABAD,52,agrees,,AC_list;coverage;urban_mapping
Uttar Pradesh,720,Bara,75,Allahabad,264,264,BARA,2022,eci_code,1.0,2008,9,2012;2017;2022,SC,,264,yes,yes,52,ALLAHABAD,52,agrees,,AC_list;coverage;urban_mapping
Uttar Pradesh,722,Koraon,75,Allahabad,265,265,KORAON,2022,eci_code,1.0,2008,9,2012;2017;2022,SC,,265,yes,yes,52,ALLAHABAD,52,agrees,,AC_list;coverage;urban_mapping
Uttar Pradesh,781,Kursi,87,Barabanki,266,266,KURSI,2022,eci_code,1.0,2008,9,2012;2017;2022,GEN,,266,yes,yes,53,BARABANKI,53,agrees,,AC_list;coverage;urban_mapping
Uttar Pradesh,782,Ram Nagar,87,Barabanki,267,267,RAM NAGAR,2022,eci_code,1.0,2008,9,2012;2017;2022,GEN,,267,yes,yes,53,BARABANKI,53,agrees,,AC_list;coverage;urban_mapping
Uttar Pradesh,779,Barabanki,87,Barabanki,268,268,BARABANKI,2022,eci_code,1.0,2008,9,2012;2017;2022,GEN,,268,yes,yes,53,BARABANKI,53,agrees,,AC_list;coverage;urban_mapping
Uttar Pradesh,783,Zaidpur,87,Barabanki,269,269,ZAIDPUR,2022,eci_code,1.0,2008,9,2012;2017;2022,SC,,269,yes,yes,53,BARABANKI,53,agrees,,AC_list;coverage;urban_mapping
Uttar Pradesh,841,Dariyabad,99,Faizabad,270,270,DARIYABAD,2022,eci_code,1.0,2008,9,2012;2017;2022,GEN,,270,yes,yes,54,FAIZABAD,54,agrees,,AC_list;coverage;urban_mapping
Uttar Pradesh,843,Rudauli,99,Faizabad,271,271,RUDAULI,2022,eci_code,1.0,2008,9,2012;2017;2022,GEN,,271,yes,yes,54,FAIZABAD,54,agrees,,AC_list;coverage;urban_mapping
Uttar Pradesh,780,Haidergarh,87,Barabanki,272,272,HAIDERGARH,2022,eci_code,1.0,2008,9,2012;2017;2022,SC,,272,yes,yes,53,BARABANKI,53,agrees,,AC_list;coverage;urban_mapping
Uttar Pradesh,842,Milkipur,99,Faizabad,273,273,MILKIPUR,2022,eci_code,1.0,2008,9,2012;2017;2022,SC,,273,yes,yes,54,FAIZABAD,54,agrees,,AC_list;coverage;urban_mapping
Uttar Pradesh,840,Bikapur,99,Faizabad,274,274,BIKAPUR,2022,eci_code,1.0,2008,9,2012;2017;2022,GEN,,274,yes,yes,54,FAIZABAD,54,agrees,,AC_list;coverage;urban_mapping
Uttar Pradesh,839,Ayodhya,99,Faizabad,275,275,AYODHYA,2022,eci_code,1.0,2008,9,2012;2017;2022,GEN,,275,yes,yes,54,FAIZABAD,54,agrees,,AC_list;coverage;urban_mapping
Uttar Pradesh,725,Goshainganj,76,Ambedkar Nagar,276,276,GOSHAINGANJ,2022,eci_code,1.0,2008,9,2012;2017;2022,GEN,,276,yes,yes,55,AMBEDKAR NAGAR,55,agrees,,AC_list;coverage;urban_mapping
Uttar Pradesh,727,Katehari,76,Ambedkar Nagar,277,277,KATEHARI,2022,eci_code,1.0,2008,9,2012;2017;2022,GEN,,277,yes,yes,55,AMBEDKAR NAGAR,55,agrees,,AC_list;coverage;urban_mapping
Uttar Pradesh,728,Tanda,76,Ambedkar Nagar,278,278,TANDA,2022,eci_code,1.0,2008,9,2012;2017;2022,GEN,,278,yes,yes,55,AMBEDKAR NAGAR,55,agrees,,AC_list;coverage;urban_mapping
Uttar Pradesh,1070,Alapur,145,Sant Kabir Nagar,279,279,ALAPUR,2022,eci_code,1.0,2008,9,2012;2017;2022,SC,,279,yes,yes,62,SANT KABIR NAGAR,62,agrees,,AC_list;coverage;urban_mapping
Uttar Pradesh,726,Jalalpur,76,Ambedkar Nagar,280,280,JALALPUR,2022,eci_code,1.0,2008,9,2012;2017;2022,GEN,,280,yes,yes,55,AMBEDKAR NAGAR,55,agrees,,AC_list;coverage;urban_mapping
Uttar Pradesh,724,Akbarpur,76,Ambedkar Nagar,281,281,AKBARPUR,2022,eci_code,1.0,2008,9,2012;2017;2022,GEN,,281,yes,yes,55,AMBEDKAR NAGAR,55,agrees,,AC_list;coverage;urban_mapping
Uttar Pradesh,760,Balha,83,Bahraich,282,282,BALHA,2022,eci_code,1.0,2008,9,2012;2017;2022,SC,,282,yes,yes,56,BAHARAICH,56,agrees,,AC_list;coverage;urban_mapping
Uttar Pradesh,763,Nanpara,83,Bahraich,283,283,NANPARA,2022,eci_code,1.0,2008,9,2012;2017;2022,GEN,,283,yes,yes,56,BAHARAICH,56,agrees,,AC_list;coverage;urban_mapping
Uttar Pradesh,762,Matera,83,Bahraich,284,284,MATERA,2022,eci_code,1.0,2008,9,2012;2017;2022,GEN,,284,yes,yes,56,BAHARAICH,56,agrees,,AC_list;coverage;urban_mapping
Uttar Pradesh,761,Mahsi,83,Bahraich,285,285,MAHSI,2022,eci_code,1.0,2008,9,2012;2017;2022,GEN,,285,yes,yes,56,BAHARAICH,56,agrees,,AC_list;coverage;urban_mapping
Uttar Pradesh,759,Bahraich,83,Bahraich,286,286,BAHRAICH,2022,eci_code,1.0,2008,9,2012;2017;2022,GEN,,286,yes,yes,56,BAHARAICH,56,agrees,,AC_list;coverage;urban_mapping
Uttar Pradesh,933,Payagpur,117,Kaiserganj,287,287,PAYAGPUR,2022,eci_code,1.0,2008,9,2012;2017;2022,GEN,,287,yes,yes,57,KAISERGANJ,57,agrees,,AC_list;coverage;urban_mapping
Uttar Pradesh,931,Kaiserganj,117,Kaiserganj,288,288,KAISERGANJ,2022,eci_code,1.0,2008,9,2012;2017;2022,GEN,,288,yes,yes,57,KAISERGANJ,57,agrees,,AC_list;coverage;urban_mapping
Uttar Pradesh,1082,Bhinga,147,Shrawasti,289,289,BHINGA,2022,eci_code,1.0,2008,9,2012;2017;2022,GEN,,289,yes,yes,58,SHRAWASTI,58,agrees,,AC_list;coverage;urban_mapping
Uttar Pradesh,1084,Shrawasti,147,Shrawasti,290,290,SHRAWASTI,2022,eci_code,1.0,2008,9,2012;2017;2022,GEN,,290,yes,yes,58,SHRAWASTI,58,agrees,,AC_list;coverage;urban_mapping
Uttar Pradesh,1085,Tulsipur,147,Shrawasti,291,291,TULSIPUR,2022,eci_code,1.0,2008,9,2012;2017;2022,GEN,,291,yes,yes,58,SHRAWASTI,58,agrees,,AC_list;coverage;urban_mapping
Uttar Pradesh,1083,Gainsari,147,Shrawasti,292,292,GAINSARI,2022,eci_code,1.0,2008,9,2012;2017;2022,GEN,,292,yes,yes,58,SHRAWASTI,58,agrees,,AC_list;coverage;urban_mapping
Uttar Pradesh,889,Utraula,108,Gonda,293,293,UTRAULA,2022,eci_code,1.0,2008,9,2012;2017;2022,GEN,,293,yes,yes,59,GONDA,59,agrees,,AC_list;coverage;urban_mapping
Uttar Pradesh,1081,Balrampur,147,Shrawasti,294,294,BALRAMPUR,2022,eci_code,1.0,2008,9,2012;2017;2022,SC,,294,yes,yes,58,SHRAWASTI,58,agrees,,AC_list;coverage;urban_mapping
Uttar Pradesh,888,Mehnaun,108,Gonda,295,295,MEHNAUN,2022,eci_code,1.0,2008,9,2012;2017;2022,GEN,,295,yes,yes,59,GONDA,59,agrees,,AC_list;coverage;urban_mapping
Uttar Pradesh,886,Gonda,108,Gonda,296,296,GONDA,2022,eci_code,1.0,2008,9,2012;2017;2022,GEN,,296,yes,yes,59,GONDA,59,agrees,,AC_list;coverage;urban_mapping
Uttar Pradesh,932,Katra bazar,117,Kaiserganj,297,297,KATRABAZAR,2022,eci_code,1.0,2008,9,2012;2017;2022,GEN,,297,yes,yes,57,KAISERGANJ,57,agrees,,AC_list;coverage;urban_mapping
Uttar Pradesh,930,Colonelganj,117,Kaiserganj,298,298,COLONELGANJ,2022,eci_code,1.0,2008,9,2012;2017;2022,GEN,,298,yes,yes,57,KAISERGANJ,57,agrees,,AC_list;coverage;urban_mapping
Uttar Pradesh,934,Tarabganj,117,Kaiserganj,299,299,TARABGANJ,2022,eci_code,1.0,2008,9,2012;2017;2022,GEN,,299,yes,yes,57,KAISERGANJ,57,agrees,,AC_list;coverage;urban_mapping
Uttar Pradesh,887,Mankapur,108,Gonda,300,300,MANKAPUR,2022,eci_code,1.0,2008,9,2012;2017;2022,SC,,300,yes,yes,59,GONDA,59,agrees,,AC_list;coverage;urban_mapping
Uttar Pradesh,885,Gaura,108,Gonda,301,301,GAURA,2022,eci_code,1.0,2008,9,2012;2017;2022,GEN,,301,yes,yes,59,GONDA,59,agrees,,AC_list;coverage;urban_mapping
Uttar Pradesh,828,Shohratgarh,96,Domariyaganj,302,302,SHOHRATGARH,2022,eci_code,1.0,2008,9,2012;2017;2022,GEN,,302,yes,yes,60,DOMARIYAGANJ,60,agrees,,AC_list;coverage;urban_mapping
Uttar Pradesh,827,Kapilvastu,96,Domariyaganj,303,303,KAPILVASTU,2022,eci_code,1.0,2008,9,2012;2017;2022,SC,,303,yes,yes,60,DOMARIYAGANJ,60,agrees,,AC_list;coverage;urban_mapping
Uttar Pradesh,824,Bansi,96,Domariyaganj,304,304,BANSI,2022,eci_code,1.0,2008,9,2012;2017;2022,GEN,,304,yes,yes,60,DOMARIYAGANJ,60,agrees,,AC_list;coverage;urban_mapping
Uttar Pradesh,826,Itwa,96,Domariyaganj,305,305,ITWA,2022,eci_code,1.0,2008,9,2012;2017;2022,GEN,,305,yes,yes,60,DOMARIYAGANJ,60,agrees,,AC_list;coverage;urban_mapping
Uttar Pradesh,825,Dumariyaganj,96,Domariyaganj,306,306,DOMARIAGANJ,2022,eci_code,0.909,2008,9,2012;2017;2022,GEN,,306,yes,yes,60,DOMARIYAGANJ,60,agrees,eci code; name spelled differently,AC_list;coverage;urban_mapping
Uttar Pradesh,790,Harraiya,89,Basti,307,307,HARRAIYA,2022,eci_code,1.0,2008,9,2012;2017;2022,GEN,,307,yes,yes,61,BASTI,61,agrees,,AC_list;coverage;urban_mapping
Uttar Pradesh,791,Kaptanganj,89,Basti,308,308,CAPTAINGANJ,2022,eci_code,0.857,2008,9,2012;2017;2022,GEN,,308,yes,yes,61,BASTI,61,agrees,eci code; name spelled differently,AC_list;coverage;urban_mapping
Uttar Pradesh,793,Rudhauli,89,Basti,309,309,RUDHAULI,2022,eci_code,1.0,2008,9,2012;2017;2022,GEN,,309,yes,yes,61,BASTI,61,agrees,,AC_list;coverage;urban_mapping
Uttar Pradesh,789,Basti sadar,89,Basti,310,310,BASTI SADAR,2022,eci_code,1.0,2008,9,2012;2017;2022,GEN,,310,yes,yes,61,BASTI,61,agrees,,AC_list;coverage;urban_mapping
Uttar Pradesh,792,Mahadewa,89,Basti,311,311,MAHADEVA,2022,eci_code,1.0,2008,9,2012;2017;2022,SC,,311,yes,yes,61,BASTI,61,agrees,eci code; name spelled differently,AC_list;coverage;urban_mapping
Uttar Pradesh,1074,Menhdawal,145,Sant Kabir Nagar,312,312,MEHNDAWAL,2022,eci_code,1.0,2008,9,2012;2017;2022,GEN,,312,yes,yes,62,SANT KABIR NAGAR,62,agrees,eci code; name spelled differently,AC_list;coverage;urban_mapping
Uttar Pradesh,1073,Khalilabad,145,Sant Kabir Nagar,313,313,KHALILABAD,2022,eci_code,1.0,2008,9,2012;2017;2022,GEN,,313,yes,yes,62,SANT KABIR NAGAR,62,agrees,,AC_list;coverage;urban_mapping
Uttar Pradesh,1071,Dhanghata,145,Sant Kabir Nagar,314,314,DHANGHATA,2022,eci_code,1.0,2008,9,2012;2017;2022,SC,,314,yes,yes,62,SANT KABIR NAGAR,62,agrees,,AC_list;coverage;urban_mapping
Uttar Pradesh,978,Pharenda,126,Maharajganj,315,315,PHARENDA,2022,eci_code,1.0,2008,9,2012;2017;2022,GEN,,315,yes,yes,63,MAHARAJGANJ,63,agrees,,AC_list;coverage;urban_mapping
Uttar Pradesh,976,Nautanwa,126,Maharajganj,316,316,NAUTANWA,2022,eci_code,1.0,2008,9,2012;2017;2022,GEN,,316,yes,yes,63,MAHARAJGANJ,63,agrees,,AC_list;coverage;urban_mapping
Uttar Pradesh,979,Siswa,126,Maharajganj,317,317,SISWA,2022,eci_code,1.0,2008,9,2012;2017;2022,GEN,,317,yes,yes,63,MAHARAJGANJ,63,agrees,,AC_list;coverage;urban_mapping
Uttar Pradesh,975,Maharajganj,126,Maharajganj,318,318,MAHARAJGANJ,2022,eci_code,1.0,2008,9,2012;2017;2022,SC,,318,yes,yes,63,MAHARAJGANJ,63,agrees,,AC_list;coverage;urban_mapping
Uttar Pradesh,977,Paniyara,126,Maharajganj,319,319,PANIARA,2022,eci_code,1.0,2008,9,2012;2017;2022,GEN,,319,yes,yes,63,MAHARAJGANJ,63,agrees,eci code; name spelled differently,AC_list;coverage;urban_mapping
Uttar Pradesh,890,Caimpiyarganj,109,Gorakhpur,320,320,CAIMPIYARGANJ,2022,eci_code,1.0,2008,9,2012;2017;2022,GEN,,320,yes,yes,64,GORAKHPUR,64,agrees,,AC_list;coverage;urban_mapping
Uttar Pradesh,893,Pipraich,109,Gorakhpur,321,321,PIPRAICH,2022,eci_code,1.0,2008,9,2012;2017;2022,GEN,,321,yes,yes,64,GORAKHPUR,64,agrees,,AC_list;coverage;urban_mapping
Uttar Pradesh,892,Gorakhpur urban,109,Gorakhpur,322,322,GORAKHPUR URBAN,2022,eci_code,1.0,2008,9,2012;2017;2022,GEN,,322,yes,yes,64,GORAKHPUR,64,agrees,,AC_list;coverage;urban_mapping
Uttar Pradesh,891,Gorakhpur Rural,109,Gorakhpur,323,323,GORAKHPUR RURAL,2022,eci_code,1.0,2008,9,2012;2017;2022,GEN,,323,yes,yes,64,GORAKHPUR,64,agrees,,AC_list;coverage;urban_mapping
Uttar Pradesh,894,Sahajanwa,109,Gorakhpur,324,324,SAHAJANWA,2022,eci_code,1.0,2008,9,2012;2017;2022,GEN,,324,yes,yes,64,GORAKHPUR,64,agrees,,AC_list;coverage;urban_mapping
Uttar Pradesh,1072,Khajni,145,Sant Kabir Nagar,325,325,KHAJANI,2022,fuzzy,0.923,2008,9,2012;2017;2022,SC,,,,yes,62,SANT KABIR NAGAR,62,agrees,similarity; PC agrees; consonant skeleton equal,AC_list;coverage
Uttar Pradesh,776,Chauri-chaura,86,Bansgaon,326,326,CHAURI-CHAURA,2022,eci_code,1.0,2008,9,2012;2017;2022,GEN,,326,yes,yes,67,BANSGAON,67,agrees,,AC_list;coverage;urban_mapping
Uttar Pradesh,774,Bansgaon,86,Bansgaon,327,327,BANSGAON,2022,eci_code,1.0,2008,9,2012;2017;2022,SC,,327,yes,yes,67,BANSGAON,67,agrees,,AC_list;coverage;urban_mapping
Uttar Pradesh,777,Chillupar,86,Bansgaon,328,328,CHILLUPAR,2022,eci_code,1.0,2008,9,2012;2017;2022,GEN,,328,yes,yes,67,BANSGAON,67,agrees,,AC_list;coverage;urban_mapping
Uttar Pradesh,956,Khadda,122,Kushi Nagar,329,329,KHADDA,2022,eci_code,1.0,2008,9,2012;2017;2022,GEN,,329,yes,yes,65,KUSHI NAGAR,65,agrees,,AC_list;coverage;urban_mapping
Uttar Pradesh,958,Padrauna,122,Kushi Nagar,330,330,PADRAUNA,2022,eci_code,1.0,2008,9,2012;2017;2022,GEN,,330,yes,yes,65,KUSHI NAGAR,65,agrees,,AC_list;coverage;urban_mapping
Uttar Pradesh,818,Tamkuhi raj,94,Deoria,331,331,TAMKUHI RAJ,2022,eci_code,1.0,2008,9,2012;2017;2022,GEN,,331,yes,yes,66,DEORIA,66,agrees,,AC_list;coverage;urban_mapping
Uttar Pradesh,815,Fazilnagar,94,Deoria,332,332,FAZILNAGAR,2022,eci_code,1.0,2008,9,2012;2017;2022,GEN,,332,yes,yes,66,DEORIA,66,agrees,,AC_list;coverage;urban_mapping
Uttar Pradesh,957,Kushinagar,122,Kushi Nagar,333,333,KUSHINAGAR,2022,eci_code,1.0,2008,9,2012;2017;2022,GEN,,333,yes,yes,65,KUSHI NAGAR,65,agrees,,AC_list;coverage;urban_mapping
Uttar Pradesh,955,Hata,122,Kushi Nagar,334,334,HATA,2022,eci_code,1.0,2008,9,2012;2017;2022,GEN,,334,yes,yes,65,KUSHI NAGAR,65,agrees,,AC_list;coverage;urban_mapping
Uttar Pradesh,959,Ramkola,122,Kushi Nagar,335,335,RAMKOLA,2022,eci_code,1.0,2008,9,2012;2017;2022,SC,,335,yes,yes,65,KUSHI NAGAR,65,agrees,,AC_list;coverage;urban_mapping
Uttar Pradesh,778,Rudrapur,86,Bansgaon,336,336,RUDRAPUR,2022,eci_code,1.0,2008,9,2012;2017;2022,GEN,,336,yes,yes,67,BANSGAON,67,agrees,,AC_list;coverage;urban_mapping
Uttar Pradesh,814,Deoria,94,Deoria,337,337,DEORIA,2022,eci_code,1.0,2008,9,2012;2017;2022,GEN,,337,yes,yes,66,DEORIA,66,agrees,,AC_list;coverage;urban_mapping
Uttar Pradesh,816,Pathardeva,94,Deoria,338,338,PATHARDEVA,2022,eci_code,1.0,2008,9,2012;2017;2022,GEN,,338,yes,yes,66,DEORIA,66,agrees,,AC_list;coverage;urban_mapping
Uttar Pradesh,817,Rampur karkhana,94,Deoria,339,339,RAMPUR KARKHANA,2022,eci_code,1.0,2008,9,2012;2017;2022,GEN,,339,yes,yes,66,DEORIA,66,agrees,,AC_list;coverage;urban_mapping
Uttar Pradesh,1062,Bhatpar rani,143,Salempur,340,340,BHATPAR RANI,2022,eci_code,1.0,2008,9,2012;2017;2022,GEN,,340,yes,yes,71,SALEMPUR,71,agrees,,AC_list;coverage;urban_mapping
Uttar Pradesh,1063,Salempur,143,Salempur,341,341,SALEMPUR,2022,eci_code,1.0,2008,9,2012;2017;2022,SC,,341,yes,yes,71,SALEMPUR,71,agrees,,AC_list;coverage;urban_mapping
Uttar Pradesh,775,Barhaj,86,Bansgaon,342,342,BARHAJ,2022,eci_code,1.0,2008,9,2012;2017;2022,GEN,,342,yes,yes,67,BANSGAON,67,agrees,,AC_list;coverage;urban_mapping
Uttar Pradesh,960,Atrauliya,123,Lalganj,343,343,ATRAULIA,2022,eci_code,1.0,2008,9,2012;2017;2022,GEN,,343,yes,yes,68,LALGANJ,68,agrees,eci code; name spelled differently,AC_list;coverage;urban_mapping
Uttar Pradesh,745,Gopalpur,80,Azamgarh,344,344,GOPALPUR,2022,eci_code,1.0,2008,9,2012;2017;2022,GEN,,344,yes,yes,69,AZAMGARH,69,agrees,,AC_list;coverage;urban_mapping
Uttar Pradesh,748,Sagri,80,Azamgarh,345,345,SAGRI,2022,eci_code,1.0,2008,9,2012;2017;2022,GEN,,345,yes,yes,69,AZAMGARH,69,agrees,,AC_list;coverage;urban_mapping
Uttar Pradesh,747,Mubarakpur,80,Azamgarh,346,346,MUBARAKPUR,2022,eci_code,1.0,2008,9,2012;2017;2022,GEN,,346,yes,yes,69,AZAMGARH,69,agrees,,AC_list;coverage;urban_mapping
Uttar Pradesh,744,Azamgarh,80,Azamgarh,347,347,AZAMGARH,2022,eci_code,1.0,2008,9,2012;2017;2022,GEN,,347,yes,yes,69,AZAMGARH,69,agrees,,AC_list;coverage;urban_mapping
Uttar Pradesh,963,Nizamabad,123,Lalganj,348,348,NIZAMABAD,2022,eci_code,1.0,2008,9,2012;2017;2022,GEN,,348,yes,yes,68,LALGANJ,68,agrees,,AC_list;coverage;urban_mapping
Uttar Pradesh,964,Phoolpur pawai,123,Lalganj,349,349,PHOOLPUR PAWAI,2022,eci_code,1.0,2008,9,2012;2017;2022,GEN,,349,yes,yes,68,LALGANJ,68,agrees,,AC_list;coverage;urban_mapping
Uttar Pradesh,961,Didarganj,123,Lalganj,350,350,DIDARGANJ,2022,eci_code,1.0,2008,9,2012;2017;2022,GEN,,350,yes,yes,68,LALGANJ,68,agrees,,AC_list;coverage;urban_mapping
Uttar Pradesh,962,Lalganj,123,Lalganj,351,351,LALGANJ,2022,eci_code,1.0,2008,9,2012;2017;2022,SC,,351,yes,yes,68,LALGANJ,68,agrees,,AC_list;coverage;urban_mapping
Uttar Pradesh,746,Mehnagar,80,Azamgarh,352,352,MEHNAGAR,2022,eci_code,1.0,2008,9,2012;2017;2022,SC,,352,yes,yes,69,AZAMGARH,69,agrees,,AC_list;coverage;urban_mapping
Uttar Pradesh,881,Madhuban,107,Ghosi,353,353,MADHUBAN,2022,eci_code,1.0,2008,9,2012;2017;2022,GEN,,353,yes,yes,70,GHOSI,70,agrees,,AC_list;coverage;urban_mapping
Uttar Pradesh,880,Ghosi,107,Ghosi,354,354,GHOSI,2022,eci_code,1.0,2008,9,2012;2017;2022,GEN,,354,yes,yes,70,GHOSI,70,agrees,,AC_list;coverage;urban_mapping
Uttar Pradesh,883,Muhammadabad- gohna,107,Ghosi,355,355,MOHAMMADABAD GOHNA,2022,eci_code,0.941,2008,9,2012;2017;2022,SC,,355,yes,yes,70,GHOSI,70,agrees,eci code; name spelled differently,AC_list;coverage;urban_mapping
Uttar Pradesh,882,Mau,107,Ghosi,356,356,MAU,2022,eci_code,1.0,2008,9,2012;2017;2022,GEN,,356,yes,yes,70,GHOSI,70,agrees,,AC_list;coverage;urban_mapping
Uttar Pradesh,1061,Belthara Road,143,Salempur,357,357,BELTHARA ROAD,2022,eci_code,1.0,2008,9,2012;2017;2022,SC,,357,yes,yes,71,SALEMPUR,71,agrees,,AC_list;coverage;urban_mapping
Uttar Pradesh,884,Rasara,107,Ghosi,358,358,RASRA,2022,eci_code,0.909,2008,9,2012;2017;2022,GEN,,358,yes,yes,70,GHOSI,70,agrees,eci code; name spelled differently,AC_list;coverage;urban_mapping
Uttar Pradesh,1064,Sikandarpur,143,Salempur,359,359,SIKANDERPUR,2022,eci_code,0.909,2008,9,2012;2017;2022,GEN,,359,yes,yes,71,SALEMPUR,71,agrees,eci code; name spelled differently,AC_list;coverage;urban_mapping
Uttar Pradesh,767,Phephana,84,Ballia,360,360,PHEPHANA,2022,eci_code,1.0,2008,9,2012;2017;2022,GEN,,360,yes,yes,72,BALLIA,72,agrees,,AC_list;coverage;urban_mapping
Uttar Pradesh,765,Ballia Nagar,84,Ballia,361,361,BALLIA NAGAR,2022,eci_code,1.0,2008,9,2012;2017;2022,GEN,,361,yes,yes,72,BALLIA,72,agrees,,AC_list;coverage;urban_mapping
Uttar Pradesh,1060,Bansdeeh,143,Salempur,362,362,BANSDIH,2022,eci_code,1.0,2008,9,2012;2017;2022,GEN,,362,yes,yes,71,SALEMPUR,71,agrees,eci code; name spelled differently,AC_list;coverage;urban_mapping
Uttar Pradesh,764,Bairia,84,Ballia,363,363,BAIRIA,2022,eci_code,1.0,2008,9,2012;2017;2022,GEN,,363,yes,yes,72,BALLIA,72,agrees,,AC_list;coverage;urban_mapping
Uttar Pradesh,915,Badlapur,114,Jaunpur,364,364,BADLAPUR,2022,eci_code,1.0,2008,9,2012;2017;2022,GEN,,364,yes,yes,73,JAUNPUR,73,agrees,,AC_list;coverage;urban_mapping
Uttar Pradesh,919,Shahganj,114,Jaunpur,365,365,SHAHGANJ,2022,eci_code,1.0,2008,9,2012;2017;2022,GEN,,365,yes,yes,73,JAUNPUR,73,agrees,,AC_list;coverage;urban_mapping
Uttar Pradesh,916,Jaunpur,114,Jaunpur,366,366,JAUNPUR,2022,eci_code,1.0,2008,9,2012;2017;2022,GEN,,366,yes,yes,73,JAUNPUR,73,agrees,,AC_list;coverage;urban_mapping
Uttar Pradesh,917,Malhani,114,Jaunpur,367,367,MALHANI,2022,eci_code,1.0,2008,9,2012;2017;2022,GEN,,367,yes,yes,73,JAUNPUR,73,agrees,,AC_list;coverage;urban_mapping
Uttar Pradesh,918,Mungra badshahpur,114,Jaunpur,368,368,MUNGRA BADSHAHPUR,2022,eci_code,1.0,2008,9,2012;2017;2022,GEN,,368,yes,yes,73,JAUNPUR,73,agrees,,AC_list;coverage;urban_mapping
Uttar Pradesh,971,Machhlishahr,125,Machhlishahr,369,369,MACHHLISHAHR,2022,eci_code,1.0,2008,9,2012;2017;2022,SC,,369,yes,yes,74,MACHHLISHAHR,74,agrees,,AC_list;coverage;urban_mapping
Uttar Pradesh,972,Mariyahu,125,Machhlishahr,370,370,MARIAHU,2022,eci_code,1.0,2008,9,2012;2017;2022,GEN,,370,yes,yes,74,MACHHLISHAHR,74,agrees,eci code; name spelled differently,AC_list;coverage;urban_mapping
Uttar Pradesh,974,Zafrabad,125,Machhlishahr,371,371,ZAFRABAD,2022,eci_code,1.0,2008,9,2012;2017;2022,GEN,,371,yes,yes,74,MACHHLISHAHR,74,agrees,,AC_list;coverage;urban_mapping
Uttar Pradesh,970,Kerakat,125,Machhlishahr,372,372,KERAKAT,2022,eci_code,1.0,2008,9,2012;2017;2022,SC,,372,yes,yes,74,MACHHLISHAHR,74,agrees,,AC_list;coverage;urban_mapping
Uttar Pradesh,876,Jakhanian,106,Ghazipur,373,373,JAKHANIA,2022,eci_code,0.941,2008,9,2012;2017;2022,SC,,373,yes,yes,75,GHAZIPUR,75,agrees,eci code; name spelled differently,AC_list;coverage;urban_mapping
Uttar Pradesh,878,Saidpur,106,Ghazipur,374,374,SAIDPUR,2022,eci_code,1.0,2008,9,2012;2017;2022,SC,,374,yes,yes,75,GHAZIPUR,75,agrees,,AC_list;coverage;urban_mapping
Uttar Pradesh,875,Ghazipur,106,Ghazipur,375,375,GHAZIPUR,2022,eci_code,1.0,2008,9,2012;2017;2022,GEN,,375,yes,yes,75,GHAZIPUR,75,agrees,,AC_list;coverage;urban_mapping
Uttar Pradesh,877,Jangipur,106,Ghazipur,376,376,JANGIPUR,2022,eci_code,1.0,2008,9,2012;2017;2022,GEN,,376,yes,yes,75,GHAZIPUR,75,agrees,,AC_list;coverage;urban_mapping
Uttar Pradesh,768,Zahoorabad,84,Ballia,377,377,ZAHOORABAD,2022,eci_code,1.0,2008,9,2012;2017;2022,GEN,,377,yes,yes,72,BALLIA,72,agrees,,AC_list;coverage;urban_mapping
Uttar Pradesh,766,Mohammadabad,84,Ballia,378,378,MOHAMMADABAD,2022,eci_code,1.0,2008,9,2012;2017;2022,GEN,,378,yes,yes,72,BALLIA,72,agrees,,AC_list;coverage;urban_mapping
Uttar Pradesh,879,Zamania,106,Ghazipur,379,379,ZAMANIA,2022,eci_code,1.0,2008,9,2012;2017;2022,GEN,,379,yes,yes,75,GHAZIPUR,75,agrees,,AC_list;coverage;urban_mapping
Uttar Pradesh,810,Mughalsarai,93,Chandauli,380,380,MUGHALSARAI,2022,eci_code,1.0,2008,9,2012;2017;2022,GEN,,380,yes,yes,76,CHANDAULI,76,agrees,,AC_list;coverage;urban_mapping
Uttar Pradesh,812,Sakaldiha,93,Chandauli,381,381,SAKALDIHA,2022,exact_name,1.0,2008,9,2012;2017;2022,GEN,,,,yes,76,CHANDAULI,76,agrees,,AC_list;coverage
Uttar Pradesh,811,Saiyadraja,93,Chandauli,382,382,SAIYADRAJA,2022,eci_code,1.0,2008,9,2012;2017;2022,GEN,,382,yes,yes,76,CHANDAULI,76,agrees,,AC_list;coverage;urban_mapping
Uttar Pradesh,1050,Chakia,141,Robertsganj,383,383,CHAKIA,2022,eci_code,1.0,2008,9,2012;2017;2022,SC,,383,yes,yes,80,ROBERTSGANJ,80,agrees,,AC_list;coverage;urban_mapping
Uttar Pradesh,973,Pindra,125,Machhlishahr,384,384,PINDRA,2022,exact_name,1.0,2008,9,2012;2017;2022,GEN,,,,yes,74,MACHHLISHAHR,74,agrees,,AC_list;coverage
Uttar Pradesh,809,Ajagara,93,Chandauli,385,385,AJAGARA,2022,exact_name,1.0,2008,9,2012;2017;2022,SC,,,,yes,76,CHANDAULI,76,agrees,,AC_list;coverage
Uttar Pradesh,813,Shivpur,93,Chandauli,386,386,SHIVPUR,2022,exact_name,1.0,2008,9,2012;2017;2022,GEN,,,,yes,76,CHANDAULI,76,agrees,,AC_list;coverage
Uttar Pradesh,1102,Rohaniya,151,Varanasi,387,387,ROHANIYA,2022,eci_code,1.0,2008,9,2012;2017;2022,GEN,,387,yes,yes,77,VARANASI,77,agrees,,AC_list;coverage;urban_mapping
Uttar Pradesh,1105,Varanasi North,151,Varanasi,388,388,VARANASI NORTH,2022,eci_code,1.0,2008,9,2012;2017;2022,GEN,,388,yes,yes,77,VARANASI,77,agrees,,AC_list;coverage;urban_mapping
Uttar Pradesh,1106,Varanasi South,151,Varanasi,389,389,VARANASI SOUTH,2022,eci_code,1.0,2008,9,2012;2017;2022,GEN,,389,yes,yes,77,VARANASI,77,agrees,,AC_list;coverage;urban_mapping
Uttar Pradesh,1104,Varanasi Cantt.,151,Varanasi,390,390,VARANASI CANTONMENT,2022,eci_code,1.0,2008,9,2012;2017;2022,GEN,,390,yes,yes,77,VARANASI,77,agrees,,AC_list;coverage;urban_mapping
Uttar Pradesh,1103,Sevapuri,151,Varanasi,391,391,SEVAPURI,2022,exact_name,1.0,2008,9,2012;2017;2022,GEN,,,,yes,77,VARANASI,77,agrees,,AC_list;coverage
Uttar Pradesh,795,Bhadohi,90,Bhadohi,392,392,BHADOHI,2022,eci_code,1.0,2008,9,2012;2017;2022,GEN,,392,yes,yes,78,BHADOHI,78,agrees,,AC_list;coverage;urban_mapping
Uttar Pradesh,796,Gyanpur,90,Bhadohi,393,393,GYANPUR,2022,eci_code,1.0,2008,9,2012;2017;2022,GEN,,393,yes,yes,78,BHADOHI,78,agrees,,AC_list;coverage;urban_mapping
Uttar Pradesh,794,Aurai,90,Bhadohi,394,394,AURAI,2022,eci_code,1.0,2008,9,2012;2017;2022,SC,,394,yes,yes,78,BHADOHI,78,agrees,,AC_list;coverage;urban_mapping
Uttar Pradesh,995,Chhanbey,130,Mirzapur,395,395,CHHANBEY,2022,exact_name,1.0,2008,9,2012;2017;2022,SC,,,,yes,79,MIRZAPUR,79,agrees,,AC_list;coverage
Uttar Pradesh,999,Mirzapur,130,Mirzapur,396,396,MIRZAPUR,2022,eci_code,1.0,2008,9,2012;2017;2022,GEN,,396,yes,yes,79,MIRZAPUR,79,agrees,,AC_list;coverage;urban_mapping
Uttar Pradesh,997,Majhawan,130,Mirzapur,397,397,MAJHAWAN,2022,eci_code,1.0,2008,9,2012;2017;2022,GEN,,397,yes,yes,79,MIRZAPUR,79,agrees,,AC_list;coverage;urban_mapping
Uttar Pradesh,996,Chunar,130,Mirzapur,398,398,CHUNAR,2022,eci_code,1.0,2008,9,2012;2017;2022,GEN,,398,yes,yes,79,MIRZAPUR,79,agrees,,AC_list;coverage;urban_mapping
Uttar Pradesh,998,Marihan,130,Mirzapur,399,399,MARIHAN,2022,eci_code,1.0,2008,9,2012;2017;2022,GEN,,399,yes,yes,79,MIRZAPUR,79,agrees,,AC_list;coverage;urban_mapping
Uttar Pradesh,1052,Ghorawal,141,Robertsganj,400,400,GHORAWAL,2022,eci_code,1.0,2008,9,2012;2017;2022,GEN,,400,yes,yes,80,ROBERTSGANJ,80,agrees,,AC_list;coverage;urban_mapping
Uttar Pradesh,1054,Robertsganj,141,Robertsganj,401,401,ROBERTSGANJ,2022,eci_code,1.0,2008,9,2012;2017;2022,GEN,,401,yes,yes,80,ROBERTSGANJ,80,agrees,,AC_list;coverage;urban_mapping
Uttar Pradesh,1053,Obra,141,Robertsganj,402,402,OBRA,2022,eci_code,1.0,2008,9,2012;2017;2022,ST,,402,yes,yes,80,ROBERTSGANJ,80,agrees,,AC_list;coverage;urban_mapping
Uttar Pradesh,1051,Duddhi,141,Robertsganj,403,403,DUDHI,2022,eci_code,1.0,2008,9,2012;2017;2022,ST,,403,yes,yes,80,ROBERTSGANJ,80,agrees,eci code; name spelled differently,AC_list;coverage;urban_mapping
Uttarakhand,337,Purola,29,Tehri Garhwal,1,1,PUROLA,2022,eci_code,1.0,2008,5,2012;2017;2022,SC,,1,yes,yes,1,TEHRI GARHWAL,1,agrees,,AC_list;coverage;urban_mapping
Uttarakhand,343,Yamunotri,29,Tehri Garhwal,2,2,YAMUNOTRI,2022,eci_code,1.0,2008,5,2012;2017;2022,GEN,,2,yes,yes,1,TEHRI GARHWAL,1,agrees,,AC_list;coverage;urban_mapping
Uttarakhand,333,Gangotri,29,Tehri Garhwal,3,3,GANGOTRI,2022,eci_code,1.0,2008,5,2012;2017;2022,GEN,,3,yes,yes,1,TEHRI GARHWAL,1,agrees,,AC_list;coverage;urban_mapping
Uttarakhand,288,Badrinath,26,Garhwal,4,4,BADRINATH,2022,eci_code,1.0,2008,5,2012;2017;2022,GEN,,4,yes,yes,2,GARHWAL,2,agrees,,AC_list;coverage;urban_mapping
Uttarakhand,300,Tharali,26,Garhwal,5,5,THARALI,2022,eci_code,1.0,2008,5,2012;2017;2022,SC,,5,yes,yes,2,GARHWAL,2,agrees,,AC_list;coverage;urban_mapping
Uttarakhand,291,Karnprayag,26,Garhwal,6,6,KARNPRAYAG,2022,eci_code,1.0,2008,5,2012;2017;2022,GEN,,6,yes,yes,2,GARHWAL,2,agrees,,AC_list;coverage;urban_mapping
Uttarakhand,292,Kedarnath,26,Garhwal,7,7,KEDARNATH,2022,eci_code,1.0,2008,5,2012;2017;2022,GEN,,7,yes,yes,2,GARHWAL,2,agrees,,AC_list;coverage;urban_mapping
Uttarakhand,298,Rudraprayag,26,Garhwal,8,8,RUDRAPRAYAG,2022,eci_code,1.0,2008,5,2012;2017;2022,GEN,,8,yes,yes,2,GARHWAL,2,agrees,,AC_list;coverage;urban_mapping
Uttarakhand,334,Ghanshali,29,Tehri Garhwal,9,9,GHANSHALI,2022,eci_code,1.0,2008,5,2012;2017;2022,SC,,9,yes,yes,1,TEHRI GARHWAL,1,agrees,,AC_list;coverage;urban_mapping
Uttarakhand,290,Deoprayag,26,Garhwal,10,10,DEOPRAYAG,2022,eci_code,1.0,2008,5,2012;2017;2022,GEN,,10,yes,yes,2,GARHWAL,2,agrees,,AC_list;coverage;urban_mapping
Uttarakhand,295,Narendranagar,26,Garhwal,11,11,NARENDRANAGAR,2022,eci_code,1.0,2008,5,2012;2017;2022,GEN,,11,yes,yes,2,GARHWAL,2,agrees,,AC_list;coverage;urban_mapping
Uttarakhand,336,Pratapnagar,29,Tehri Garhwal,12,12,PRATAPNAGAR,2022,exact_name,1.0,2008,5,2012;2017;2022,GEN,,,,yes,1,TEHRI GARHWAL,1,agrees,,AC_list;coverage
Uttarakhand,341,Tehri,29,Tehri Garhwal,13,13,TEHRI,2022,eci_code,1.0,2008,5,2012;2017;2022,GEN,,13,yes,yes,1,TEHRI GARHWAL,1,agrees,,AC_list;coverage;urban_mapping
Uttarakhand,332,Dhanolti,29,Tehri Garhwal,14,14,DHANOLTI,2022,exact_name,1.0,2008,5,2012;2017;2022,GEN,,,,yes,1,TEHRI GARHWAL,1,agrees,,AC_list;coverage
Uttarakhand,330,Chakrata,29,Tehri Garhwal,15,15,CHAKRATA,2022,exact_name,1.0,2008,5,2012;2017;2022,ST,,,,yes,1,TEHRI GARHWAL,1,agrees,,AC_list;coverage
Uttarakhand,342,Vikasnagar,29,Tehri Garhwal,16,16,VIKASNAGAR,2022,eci_code,1.0,2008,5,2012;2017;2022,GEN,,16,yes,yes,1,TEHRI GARHWAL,1,agrees,,AC_list;coverage;urban_mapping
Uttarakhand,340,Sahaspur,29,Tehri Garhwal,17,17,SAHASPUR,2022,exact_name,1.0,2008,5,2012;2017;2022,GEN,,,,yes,1,TEHRI GARHWAL,1,agrees,,AC_list;coverage
Uttarakhand,304,Dharampur,27,Hardwar,18,18,DHARAMPUR,2022,exact_name,1.0,2008,5,2012;2017;2022,GEN,,,,yes,5,HARIDWAR,5,agrees,,AC_list;coverage
Uttarakhand,338,Raipur,29,Tehri Garhwal,19,19,RAIPUR,2022,eci_code,1.0,2008,5,2012;2017;2022,GEN,,19,yes,yes,1,TEHRI GARHWAL,1,agrees,,AC_list;coverage;urban_mapping
Uttarakhand,339,Rajpur Road,29,Tehri Garhwal,20,20,RAJPUR ROAD,2022,eci_code,1.0,2008,5,2012;2017;2022,SC,,20,yes,yes,1,TEHRI GARHWAL,1,agrees,,AC_list;coverage;urban_mapping
Uttarakhand,331,Dehradun Cantt.,29,Tehri Garhwal,21,21,DEHRADUN CANTT.,2022,eci_code,1.0,2008,5,2012;2017;2022,GEN,,21,yes,yes,1,TEHRI GARHWAL,1,agrees,,AC_list;coverage;urban_mapping
Uttarakhand,335,Mussoorie,29,Tehri Garhwal,22,22,MUSSOORIE,2022,eci_code,1.0,2008,5,2012;2017;2022,GEN,,22,yes,yes,1,TEHRI GARHWAL,1,agrees,,AC_list;coverage;urban_mapping
Uttarakhand,305,Doiwala,27,Hardwar,23,23,DOIWALA,2022,eci_code,1.0,2008,5,2012;2017;2022,GEN,,23,yes,yes,5,HARIDWAR,5,agrees,,AC_list;coverage;urban_mapping
Uttarakhand,314,Rishikesh,27,Hardwar,24,24,RISHIKESH,2022,eci_code,1.0,2008,5,2012;2017;2022,GEN,,24,yes,yes,5,HARIDWAR,5,agrees,,AC_list;coverage;urban_mapping
Uttarakhand,306,Hardwar,27,Hardwar,25,25,HARDWAR,2022,eci_code,1.0,2008,5,2012;2017;2022,GEN,,25,yes,yes,5,HARIDWAR,5,agrees,,AC_list;coverage;urban_mapping
Uttarakhand,302,B.h.e.l. ranipur,27,Hardwar,26,26,B.H.E.L. RANIPUR,2022,eci_code,1.0,2008,5,2012;2017;2022,GEN,,26,yes,yes,5,HARIDWAR,5,agrees,,AC_list;coverage;urban_mapping
Uttarakhand,309,Jwalapur,27,Hardwar,27,27,JWALAPUR,2022,exact_name,1.0,2008,5,2012;2017;2022,SC,,,,yes,5,HARIDWAR,5,agrees,,AC_list;coverage
Uttarakhand,303,Bhagwanpur,27,Hardwar,28,28,BHAGWANPUR,2022,eci_code,1.0,2008,5,2012;2017;2022,SC,,28,yes,yes,5,HARIDWAR,5,agrees,,AC_list;coverage;urban_mapping
Uttarakhand,308,Jhabrera,27,Hardwar,29,29,JHABRERA,2022,eci_code,1.0,2008,5,2012;2017;2022,SC,,29,yes,yes,5,HARIDWAR,5,agrees,,AC_list;coverage;urban_mapping
Uttarakhand,313,Pirankaliyar,27,Hardwar,30,30,PIRANKALIYAR,2022,eci_code,1.0,2008,5,2012;2017;2022,GEN,,30,yes,yes,5,HARIDWAR,5,agrees,,AC_list;coverage;urban_mapping
Uttarakhand,315,Roorkee,27,Hardwar,31,31,ROORKEE,2022,eci_code,1.0,2008,5,2012;2017;2022,GEN,,31,yes,yes,5,HARIDWAR,5,agrees,,AC_list;coverage;urban_mapping
Uttarakhand,310,Khanpur,27,Hardwar,32,32,KHANPUR,2022,eci_code,1.0,2008,5,2012;2017;2022,GEN,,32,yes,yes,5,HARIDWAR,5,agrees,,AC_list;coverage;urban_mapping
Uttarakhand,312,Manglore,27,Hardwar,33,33,MANGLORE,2022,eci_code,1.0,2008,5,2012;2017;2022,GEN,,33,yes,yes,5,HARIDWAR,5,agrees,,AC_list;coverage;urban_mapping
Uttarakhand,311,Laksar,27,Hardwar,34,34,LAKSAR,2022,eci_code,1.0,2008,5,2012;2017;2022,GEN,,34,yes,yes,5,HARIDWAR,5,agrees,,AC_list;coverage;urban_mapping
Uttarakhand,307,Hardwar Rural,27,Hardwar,35,35,HARDWAR RURAL,2022,exact_name,1.0,2008,5,2012;2017;2022,GEN,,,,yes,5,HARIDWAR,5,agrees,,AC_list;coverage
Uttarakhand,301,Yamkeshwar,26,Garhwal,36,36,YAMKESHWAR,2022,eci_code,1.0,2008,5,2012;2017;2022,GEN,,36,yes,yes,2,GARHWAL,2,agrees,,AC_list;coverage;urban_mapping
Uttarakhand,296,Pauri,26,Garhwal,37,37,PAURI,2022,eci_code,1.0,2008,5,2012;2017;2022,SC,,37,yes,yes,2,GARHWAL,2,agrees,,AC_list;coverage;urban_mapping
Uttarakhand,299,Srinagar,26,Garhwal,38,38,SRINAGAR,2022,eci_code,1.0,2008,5,2012;2017;2022,GEN,,38,yes,yes,2,GARHWAL,2,agrees,,AC_list;coverage;urban_mapping
Uttarakhand,289,Chaubattakhal,26,Garhwal,39,39,CHAUBATTAKHAL,2022,eci_code,1.0,2008,5,2012;2017;2022,GEN,,39,yes,yes,2,GARHWAL,2,agrees,,AC_list;coverage;urban_mapping
Uttarakhand,294,Lansdowne,26,Garhwal,40,40,LANSDOWNE,2022,exact_name,1.0,2008,5,2012;2017;2022,GEN,,,,yes,2,GARHWAL,2,agrees,,AC_list;coverage
Uttarakhand,293,Kotdwar,26,Garhwal,41,41,KOTDWAR,2022,eci_code,1.0,2008,5,2012;2017;2022,GEN,,41,yes,yes,2,GARHWAL,2,agrees,,AC_list;coverage;urban_mapping
Uttarakhand,277,Dharchula,25,Almora,42,42,DHARCHULA,2022,eci_code,1.0,2008,5,2012;2017;2022,GEN,,42,yes,yes,3,ALMORA,3,agrees,,AC_list;coverage;urban_mapping
Uttarakhand,278,Didihat,25,Almora,43,43,DIDIHAT,2022,eci_code,1.0,2008,5,2012;2017;2022,GEN,,43,yes,yes,3,ALMORA,3,agrees,,AC_list;coverage;urban_mapping
Uttarakhand,284,Pithoragarh,25,Almora,44,44,PITHORAGARH,2022,exact_name,1.0,2008,5,2012;2017;2022,GEN,,,,yes,3,ALMORA,3,agrees,,AC_list;coverage
Uttarakhand,280,Gangolihat,25,Almora,45,45,GANGOLIHAT,2022,eci_code,1.0,2008,5,2012;2017;2022,SC,,45,yes,yes,3,ALMORA,3,agrees,,AC_list;coverage;urban_mapping
Uttarakhand,282,Kapkote,25,Almora,46,46,KAPKOTE,2022,eci_code,1.0,2008,5,2012;2017;2022,GEN,,46,yes,yes,3,ALMORA,3,agrees,,AC_list;coverage;urban_mapping
Uttarakhand,275,Bageshwar,25,Almora,47,47,BAGESHWAR,2022,eci_code,1.0,2008,5,2012;2017;2022,SC,,47,yes,yes,3,ALMORA,3,agrees,,AC_list;coverage;urban_mapping
Uttarakhand,279,Dwarahat,25,Almora,48,48,DWARAHAT,2022,eci_code,1.0,2008,5,2012;2017;2022,GEN,,48,yes,yes,3,ALMORA,3,agrees,,AC_list;coverage;urban_mapping
Uttarakhand,286,Salt,25,Almora,49,49,SALT,2022,exact_name,1.0,2008,5,2012;2017;2022,GEN,,,,yes,3,ALMORA,3,agrees,,AC_list;coverage
Uttarakhand,285,Ranikhet,25,Almora,50,50,RANIKHET,2022,eci_code,1.0,2008,5,2012;2017;2022,GEN,,50,yes,yes,3,ALMORA,3,agrees,,AC_list;coverage;urban_mapping
Uttarakhand,287,Someshwar,25,Almora,51,51,SOMESHWAR,2022,exact_name,1.0,2008,5,2012;2017;2022,SC,,,,yes,3,ALMORA,3,agrees,,AC_list;coverage
Uttarakhand,274,Almora,25,Almora,52,52,ALMORA,2022,exact_name,1.0,2008,5,2012;2017;2022,GEN,,,,yes,3,ALMORA,3,agrees,,AC_list;coverage
Uttarakhand,281,Jageshwar,25,Almora,53,53,JAGESHWAR,2022,exact_name,1.0,2008,5,2012;2017;2022,GEN,,,,yes,3,ALMORA,3,agrees,,AC_list;coverage
Uttarakhand,283,Lohaghat,25,Almora,54,54,LOHAGHAT,2022,exact_name,1.0,2008,5,2012;2017;2022,GEN,,,,yes,3,ALMORA,3,agrees,,AC_list;coverage
Uttarakhand,276,Champawat,25,Almora,55,55,CHAMPAWAT,2022,eci_code,1.0,2008,5,2012;2017;2022,GEN,,55,yes,yes,3,ALMORA,3,agrees,,AC_list;coverage;urban_mapping
Uttarakhand,325,Lalkuwa,28,Nainital-Udhamsingh Nagar,56,56,LALKUWA,2022,eci_code,1.0,2008,5,2012;2017;2022,GEN,,56,yes,yes,4,NAINITAL-UDHAMSINGH NAGAR,4,agrees,,AC_list;coverage;urban_mapping
Uttarakhand,317,Bhimtal,28,Nainital-Udhamsingh Nagar,57,57,BHIMTAL,2022,exact_name,1.0,2008,5,2012;2017;2022,GEN,,,,yes,4,NAINITAL-UDHAMSINGH NAGAR,4,agrees,,AC_list;coverage
Uttarakhand,326,Nainital,28,Nainital-Udhamsingh Nagar,58,58,NAINITAL,2022,eci_code,1.0,2008,5,2012;2017;2022,SC,,58,yes,yes,4,NAINITAL-UDHAMSINGH NAGAR,4,agrees,,AC_list;coverage;urban_mapping
Uttarakhand,319,Haldwani,28,Nainital-Udhamsingh Nagar,59,59,HALDWANI,2022,eci_code,1.0,2008,5,2012;2017;2022,GEN,,59,yes,yes,4,NAINITAL-UDHAMSINGH NAGAR,4,agrees,,AC_list;coverage;urban_mapping
Uttarakhand,321,Kaladhungi,28,Nainital-Udhamsingh Nagar,60,60,KALADHUNGI,2022,exact_name,1.0,2008,5,2012;2017;2022,GEN,,,,yes,4,NAINITAL-UDHAMSINGH NAGAR,4,agrees,,AC_list;coverage
Uttarakhand,297,Ramnagar,26,Garhwal,61,61,RAMNAGAR,2022,eci_code,1.0,2008,5,2012;2017;2022,GEN,,61,yes,yes,2,GARHWAL,2,agrees,,AC_list;coverage;urban_mapping
Uttarakhand,320,Jaspur,28,Nainital-Udhamsingh Nagar,62,62,JASPUR,2022,exact_name,1.0,2008,5,2012;2017;2022,GEN,,,,yes,4,NAINITAL-UDHAMSINGH NAGAR,4,agrees,,AC_list;coverage
Uttarakhand,322,Kashipur,28,Nainital-Udhamsingh Nagar,63,63,KASHIPUR,2022,exact_name,1.0,2008,5,2012;2017;2022,GEN,,,,yes,4,NAINITAL-UDHAMSINGH NAGAR,4,agrees,,AC_list;coverage
Uttarakhand,316,Bajpur,28,Nainital-Udhamsingh Nagar,64,64,BAJPUR,2022,eci_code,1.0,2008,5,2012;2017;2022,SC,,64,yes,yes,4,NAINITAL-UDHAMSINGH NAGAR,4,agrees,,AC_list;coverage;urban_mapping
Uttarakhand,318,Gadarpur,28,Nainital-Udhamsingh Nagar,65,65,GADARPUR,2022,eci_code,1.0,2008,5,2012;2017;2022,GEN,,65,yes,yes,4,NAINITAL-UDHAMSINGH NAGAR,4,agrees,,AC_list;coverage;urban_mapping
Uttarakhand,328,Rudrapur,28,Nainital-Udhamsingh Nagar,66,66,RUDRAPUR,2022,eci_code,1.0,2008,5,2012;2017;2022,GEN,,66,yes,yes,4,NAINITAL-UDHAMSINGH NAGAR,4,agrees,,AC_list;coverage;urban_mapping
Uttarakhand,324,Kichha,28,Nainital-Udhamsingh Nagar,67,67,KICHHA,2022,exact_name,1.0,2008,5,2012;2017;2022,GEN,,,,yes,4,NAINITAL-UDHAMSINGH NAGAR,4,agrees,,AC_list;coverage
Uttarakhand,329,Sitarganj,28,Nainital-Udhamsingh Nagar,68,68,SITARGANJ,2022,eci_code,1.0,2008,5,2012;2017;2022,GEN,,68,yes,yes,4,NAINITAL-UDHAMSINGH NAGAR,4,agrees,,AC_list;coverage;urban_mapping
Uttarakhand,327,Nanak matta,28,Nainital-Udhamsingh Nagar,69,69,NANAK MATTA,2022,eci_code,1.0,2008,5,2012;2017;2022,ST,,69,yes,yes,4,NAINITAL-UDHAMSINGH NAGAR,4,agrees,,AC_list;coverage;urban_mapping
Uttarakhand,323,Khatima,28,Nainital-Udhamsingh Nagar,70,70,KHATIMA,2022,exact_name,1.0,2008,5,2012;2017;2022,GEN,,,,yes,4,NAINITAL-UDHAMSINGH NAGAR,4,agrees,,AC_list;coverage
West Bengal,2013,Mekliganj,240,Jalpaiguri,1,1,MEKLIGANJ,2026,eci_code,1.0,2008,19,2011;2016;2021;2026,SC,,1,yes,yes,3,JALPAIGURI,3,agrees,,AC_list;coverage;urban_mapping
West Bengal,1955,Mathabhanga,232,Coochbehar,2,2,MATHABHANGA,2026,eci_code,1.0,2008,19,2011;2016;2021;2026,SC,,2,yes,yes,1,COOCHBEHAR,1,agrees,,AC_list;coverage;urban_mapping
West Bengal,1953,Cooch behar Uttar,232,Coochbehar,3,3,COOCH BEHAR UTTAR,2026,exact_name,1.0,2008,19,2011;2016;2021;2026,SC,,,,yes,1,COOCHBEHAR,1,agrees,,AC_list;coverage
West Bengal,1952,Cooch behar Dakshin,232,Coochbehar,4,4,COOCH BEHAR DAKSHIN,2026,eci_code,1.0,2008,19,2011;2016;2021;2026,GEN,,4,yes,yes,1,COOCHBEHAR,1,agrees,,AC_list;coverage;urban_mapping
West Bengal,1958,Sitalkuchi,232,Coochbehar,5,5,SITALKUCHI,2026,exact_name,1.0,2008,19,2011;2016;2021;2026,SC,,,,yes,1,COOCHBEHAR,1,agrees,,AC_list;coverage
West Bengal,1957,Sitai,232,Coochbehar,6,6,SITAI,2026,exact_name,1.0,2008,19,2011;2016;2021;2026,SC,,,,yes,1,COOCHBEHAR,1,agrees,,AC_list;coverage
West Bengal,1954,Dinhata,232,Coochbehar,7,7,DINHATA,2026,eci_code,1.0,2008,19,2011;2016;2021;2026,GEN,,7,yes,yes,1,COOCHBEHAR,1,agrees,,AC_list;coverage;urban_mapping
West Bengal,1956,Natabari,232,Coochbehar,8,8,NATABARI,2026,exact_name,1.0,2008,19,2011;2016;2021;2026,GEN,,,,yes,1,COOCHBEHAR,1,agrees,,AC_list;coverage
West Bengal,1853,Tufanganj,217,Alipurduars,9,9,TUFANGANJ,2026,eci_code,1.0,2008,19,2011;2016;2021;2026,GEN,,9,yes,yes,2,ALIPURDUARS,2,agrees,,AC_list;coverage;urban_mapping
West Bengal,1850,Kumargram,217,Alipurduars,10,10,KUMARGRAM,2026,exact_name,1.0,2008,19,2011;2016;2021;2026,ST,,,,yes,2,ALIPURDUARS,2,agrees,,AC_list;coverage
West Bengal,1849,Kalchini,217,Alipurduars,11,11,KALCHINI,2026,exact_name,1.0,2008,19,2011;2016;2021;2026,ST,,,,yes,2,ALIPURDUARS,2,agrees,,AC_list;coverage
West Bengal,1847,Alipurduars,217,Alipurduars,12,12,ALIPURDUARS,2026,eci_code,1.0,2008,19,2011;2016;2021;2026,GEN,,12,yes,yes,2,ALIPURDUARS,2,agrees,,AC_list;coverage;urban_mapping
West Bengal,1848,Falakata,217,Alipurduars,13,13,FALAKATA,2026,exact_name,1.0,2008,19,2011;2016;2021;2026,SC,,,,yes,2,ALIPURDUARS,2,agrees,,AC_list;coverage
West Bengal,1851,Madarihat,217,Alipurduars,14,14,MADARIHAT,2026,exact_name,1.0,2008,19,2011;2016;2021;2026,ST,,,,yes,2,ALIPURDUARS,2,agrees,,AC_list;coverage
West Bengal,2009,Dhupguri,240,Jalpaiguri,15,15,DHUPGURI,2026,eci_code,1.0,2008,19,2011;2016;2021;2026,SC,,15,yes,yes,3,JALPAIGURI,3,agrees,,AC_list;coverage;urban_mapping
West Bengal,2012,Maynaguri,240,Jalpaiguri,16,16,MAYNAGURI,2026,eci_code,1.0,2008,19,2011;2016;2021;2026,SC,,16,yes,yes,3,JALPAIGURI,3,agrees,,AC_list;coverage;urban_mapping
West Bengal,2010,Jalpaiguri,240,Jalpaiguri,17,17,JALPAIGURI,2026,eci_code,1.0,2008,19,2011;2016;2021;2026,SC,,17,yes,yes,3,JALPAIGURI,3,agrees,,AC_list;coverage;urban_mapping
West Bengal,2014,Rajganj,240,Jalpaiguri,18,18,RAJGANJ,2026,exact_name,1.0,2008,19,2011;2016;2021;2026,SC,,,,yes,3,JALPAIGURI,3,agrees,,AC_list;coverage
West Bengal,2008,Dabgram-phulbari,240,Jalpaiguri,19,19,DABGRAM-PHULBARI,2026,exact_name,1.0,2008,19,2011;2016;2021;2026,GEN,,,,yes,3,JALPAIGURI,3,agrees,,AC_list;coverage
West Bengal,2011,Mal,240,Jalpaiguri,20,20,MAL,2026,eci_code,1.0,2008,19,2011;2016;2021;2026,ST,,20,yes,yes,3,JALPAIGURI,3,agrees,,AC_list;coverage;urban_mapping
West Bengal,1852,Nagrakata,217,Alipurduars,21,21,NAGRAKATA,2026,exact_name,1.0,2008,19,2011;2016;2021;2026,ST,,,,yes,2,ALIPURDUARS,2,agrees,,AC_list;coverage
West Bengal,1961,Kalimpong,233,Darjeeling,22,22,KALIMPONG,2026,eci_code,1.0,2008,19,2011;2016;2021;2026,GEN,,22,yes,yes,4,DARJEELING,4,agrees,,AC_list;coverage;urban_mapping
West Bengal,1960,Darjeeling,233,Darjeeling,23,23,DARJEELING,2026,eci_code,1.0,2008,19,2011;2016;2021;2026,GEN,,23,yes,yes,4,DARJEELING,4,agrees,,AC_list;coverage;urban_mapping
West Bengal,1962,Kurseong,233,Darjeeling,24,24,KURSEONG,2026,eci_code,1.0,2008,19,2011;2016;2021;2026,GEN,,24,yes,yes,4,DARJEELING,4,agrees,,AC_list;coverage;urban_mapping
West Bengal,1963,Matigara-naxalbari,233,Darjeeling,25,25,MATIGARA-NAXALBARI,2026,exact_name,1.0,2008,19,2011;2016;2021;2026,SC,,,,yes,4,DARJEELING,4,agrees,,AC_list;coverage
West Bengal,1965,Siliguri,233,Darjeeling,26,26,SILIGURI,2026,eci_code,1.0,2008,19,2011;2016;2021;2026,GEN,,26,yes,yes,4,DARJEELING,4,agrees,,AC_list;coverage;urban_mapping
West Bengal,1964,Phansidewa,233,Darjeeling,27,27,PHANSIDEWA,2026,exact_name,1.0,2008,19,2011;2016;2021;2026,ST,,,,yes,4,DARJEELING,4,agrees,,AC_list;coverage
West Bengal,1959,Chopra,233,Darjeeling,28,28,CHOPRA,2026,exact_name,1.0,2008,19,2011;2016;2021;2026,GEN,,,,yes,4,DARJEELING,4,agrees,,AC_list;coverage
West Bengal,2109,Islampur,254,Raiganj,29,29,ISLAMPUR,2026,eci_code,1.0,2008,19,2011;2016;2021;2026,GEN,,29,yes,yes,5,RAIGANJ,5,agrees,,AC_list;coverage;urban_mapping
West Bengal,2107,Goalpokhar,254,Raiganj,30,30,GOALPOKHAR,2026,eci_code,1.0,2008,19,2011;2016;2021;2026,GEN,,30,yes,yes,5,RAIGANJ,5,agrees,,AC_list;coverage;urban_mapping
West Bengal,2106,Chakulia,254,Raiganj,31,31,CHAKULIA,2026,exact_name,1.0,2008,19,2011;2016;2021;2026,GEN,,,,yes,5,RAIGANJ,5,agrees,,AC_list;coverage
West Bengal,2111,Karandighi,254,Raiganj,32,32,KARANDIGHI,2026,eci_code,1.0,2008,19,2011;2016;2021;2026,GEN,,32,yes,yes,5,RAIGANJ,5,agrees,,AC_list;coverage;urban_mapping
West Bengal,2108,Hemtabad,254,Raiganj,33,33,HEMTABAD,2026,exact_name,1.0,2008,19,2011;2016;2021;2026,SC,,,,yes,5,RAIGANJ,5,agrees,,AC_list;coverage
West Bengal,2110,Kaliaganj,254,Raiganj,34,34,KALIAGANJ,2026,eci_code,1.0,2008,19,2011;2016;2021;2026,SC,,34,yes,yes,5,RAIGANJ,5,agrees,,AC_list;coverage;urban_mapping
West Bengal,2112,Raiganj,254,Raiganj,35,35,RAIGANJ,2026,exact_name,1.0,2008,19,2011;2016;2021;2026,GEN,,,,yes,5,RAIGANJ,5,agrees,,AC_list;coverage
West Bengal,1878,Itahar,221,Balurghat,36,36,ITAHAR,2026,exact_name,1.0,2008,19,2011;2016;2021;2026,GEN,,,,yes,6,BALURGHAT,6,agrees,,AC_list;coverage
West Bengal,1880,Kushmandi,221,Balurghat,37,37,KUSHMANDI,2026,exact_name,1.0,2008,19,2011;2016;2021;2026,SC,,,,yes,6,BALURGHAT,6,agrees,,AC_list;coverage
West Bengal,1879,Kumarganj,221,Balurghat,38,38,KUMARGANJ,2026,exact_name,1.0,2008,19,2011;2016;2021;2026,GEN,,,,yes,6,BALURGHAT,6,agrees,,AC_list;coverage
West Bengal,1875,Balurghat,221,Balurghat,39,39,BALURGHAT,2026,eci_code,1.0,2008,19,2011;2016;2021;2026,GEN,,39,yes,yes,6,BALURGHAT,6,agrees,,AC_list;coverage;urban_mapping
West Bengal,1881,Tapan,221,Balurghat,40,40,TAPAN,2026,exact_name,1.0,2008,19,2011;2016;2021;2026,ST,,,,yes,6,BALURGHAT,6,agrees,,AC_list;coverage
West Bengal,1876,Gangarampur,221,Balurghat,41,41,GANGARAMPUR,2026,eci_code,1.0,2008,19,2011;2016;2021;2026,SC,,41,yes,yes,6,BALURGHAT,6,agrees,,AC_list;coverage;urban_mapping
West Bengal,1877,Harirampur,221,Balurghat,42,42,HARIRAMPUR,2026,eci_code,1.0,2008,19,2011;2016;2021;2026,GEN,,42,yes,yes,6,BALURGHAT,6,agrees,,AC_list;coverage;urban_mapping
West Bengal,2073,Habibpur,249,Maldaha Uttar,43,43,HABIBPUR,2026,exact_name,1.0,2008,19,2011;2016;2021;2026,ST,,,,yes,7,MALDAHA UTTAR,7,agrees,,AC_list;coverage
West Bengal,2072,Gazole,249,Maldaha Uttar,44,44,GAZOLE,2026,eci_code,1.0,2008,19,2011;2016;2021;2026,SC,,44,yes,yes,7,MALDAHA UTTAR,7,agrees,,AC_list;coverage;urban_mapping
West Bengal,2071,Chanchal,249,Maldaha Uttar,45,45,CHANCHAL,2026,exact_name,1.0,2008,19,2011;2016;2021;2026,GEN,,,,yes,7,MALDAHA UTTAR,7,agrees,,AC_list;coverage
West Bengal,2074,Harischandrapur,249,Maldaha Uttar,46,46,HARISCHANDRAPUR,2026,exact_name,1.0,2008,19,2011;2016;2021;2026,GEN,,,,yes,7,MALDAHA UTTAR,7,agrees,,AC_list;coverage
West Bengal,2075,Malatipur,249,Maldaha Uttar,47,47,MALATIPUR,2026,exact_name,1.0,2008,19,2011;2016;2021;2026,GEN,,,,yes,7,MALDAHA UTTAR,7,agrees,,AC_list;coverage
West Bengal,2077,Ratua,249,Maldaha Uttar,48,48,RATUA,2026,exact_name,1.0,2008,19,2011;2016;2021;2026,GEN,,,,yes,7,MALDAHA UTTAR,7,agrees,,AC_list;coverage
West Bengal,2067,Manikchak,248,Maldaha Dakshin,49,49,MANICKCHAK,2026,fuzzy,0.947,2008,19,2011;2016;2021;2026,GEN,,,,yes,8,MALDAHA DAKSHIN,8,agrees,similarity; PC agrees,AC_list;coverage
West Bengal,2076,Maldaha,249,Maldaha Uttar,50,50,MALDAHA,2026,exact_name,1.0,2008,19,2011;2016;2021;2026,SC,,,,yes,7,MALDAHA UTTAR,7,agrees,,AC_list;coverage
West Bengal,2065,Englishbazar,248,Maldaha Dakshin,51,51,ENGLISHBAZAR,2026,eci_code,1.0,2008,19,2011;2016;2021;2026,GEN,,51,yes,yes,8,MALDAHA DAKSHIN,8,agrees,,AC_list;coverage;urban_mapping
West Bengal,2068,Mothabari,248,Maldaha Dakshin,52,52,MOTHABARI,2026,exact_name,1.0,2008,19,2011;2016;2021;2026,GEN,,,,yes,8,MALDAHA DAKSHIN,8,agrees,,AC_list;coverage
West Bengal,2070,Sujapur,248,Maldaha Dakshin,53,53,SUJAPUR,2026,exact_name,1.0,2008,19,2011;2016;2021;2026,GEN,,,,yes,8,MALDAHA DAKSHIN,8,agrees,,AC_list;coverage
West Bengal,2064,Baisnabnagar,248,Maldaha Dakshin,54,54,BAISHNAB NAGAR,2026,fuzzy,1.0,2008,19,2011;2016;2021;2026,GEN,,,,yes,8,MALDAHA DAKSHIN,8,agrees,phonetic key equal,AC_list;coverage
West Bengal,2066,Farakka,248,Maldaha Dakshin,55,55,FARAKKA,2026,exact_name,1.0,2008,19,2011;2016;2021;2026,GEN,,,,yes,8,MALDAHA DAKSHIN,8,agrees,,AC_list;coverage
West Bengal,2069,Samserganj,248,Maldaha Dakshin,56,56,SAMSERGANJ,2026,eci_code,1.0,2008,19,2011;2016;2021;2026,GEN,,56,yes,yes,8,MALDAHA DAKSHIN,8,agrees,,AC_list;coverage;urban_mapping
West Bengal,2021,Suti,241,Jangipur,57,57,SUTI,2026,exact_name,1.0,2008,19,2011;2016;2021;2026,GEN,,,,yes,9,JANGIPUR,9,agrees,,AC_list;coverage
West Bengal,2015,Jangipur,241,Jangipur,58,58,JANGIPUR,2026,exact_name,1.0,2008,19,2011;2016;2021;2026,GEN,,,,yes,9,JANGIPUR,9,agrees,,AC_list;coverage
West Bengal,2019,Raghunathganj,241,Jangipur,59,59,RAGHUNATHGANJ,2026,exact_name,1.0,2008,19,2011;2016;2021;2026,GEN,,,,yes,9,JANGIPUR,9,agrees,,AC_list;coverage
West Bengal,2020,Sagardighi,241,Jangipur,60,60,SAGARDIGHI,2026,eci_code,1.0,2008,19,2011;2016;2021;2026,GEN,,60,yes,yes,9,JANGIPUR,9,agrees,,AC_list;coverage;urban_mapping
West Bengal,2017,Lalgola,241,Jangipur,61,61,LALGOLA,2026,exact_name,1.0,2008,19,2011;2016;2021;2026,GEN,,,,yes,9,JANGIPUR,9,agrees,,AC_list;coverage
West Bengal,2092,Bhagabangola,252,Murshidabad,62,62,BHAGABANGOLA,2026,exact_name,1.0,2008,19,2011;2016;2021;2026,GEN,,,,yes,11,MURSHIDABAD,11,agrees,,AC_list;coverage
West Bengal,2098,Raninagar,252,Murshidabad,63,63,RANINAGAR,2026,exact_name,1.0,2008,19,2011;2016;2021;2026,GEN,,,,yes,11,MURSHIDABAD,11,agrees,,AC_list;coverage
West Bengal,2097,Murshidabad,252,Murshidabad,64,64,MURSHIDABAD,2026,eci_code,1.0,2008,19,2011;2016;2021;2026,GEN,,64,yes,yes,11,MURSHIDABAD,11,agrees,,AC_list;coverage;urban_mapping
West Bengal,2018,Nabagram,241,Jangipur,65,65,NABAGRAM,2026,exact_name,1.0,2008,19,2011;2016;2021;2026,SC,,,,yes,9,JANGIPUR,9,agrees,,AC_list;coverage
West Bengal,2016,Khargram,241,Jangipur,66,66,KHARGRAM,2026,exact_name,1.0,2008,19,2011;2016;2021;2026,SC,,,,yes,9,JANGIPUR,9,agrees,,AC_list;coverage
West Bengal,1871,Burwan,220,Baharampur,67,67,BURWAN,2026,exact_name,1.0,2008,19,2011;2016;2021;2026,SC,,,,yes,10,BAHARAMPUR,10,agrees,,AC_list;coverage
West Bengal,1872,Kandi,220,Baharampur,68,68,KANDI,2026,eci_code,1.0,2008,19,2011;2016;2021;2026,GEN,,68,yes,yes,10,BAHARAMPUR,10,agrees,,AC_list;coverage;urban_mapping
West Bengal,1870,Bharatpur,220,Baharampur,69,69,BHARATPUR,2026,exact_name,1.0,2008,19,2011;2016;2021;2026,GEN,,,,yes,10,BAHARAMPUR,10,agrees,,AC_list;coverage
West Bengal,1874,Rejinagar,220,Baharampur,70,70,REJINAGAR,2026,exact_name,1.0,2008,19,2011;2016;2021;2026,GEN,,,,yes,10,BAHARAMPUR,10,agrees,,AC_list;coverage
West Bengal,1869,Beldanga,220,Baharampur,71,71,BELDANGA,2026,eci_code,1.0,2008,19,2011;2016;2021;2026,GEN,,71,yes,yes,10,BAHARAMPUR,10,agrees,,AC_list;coverage;urban_mapping
West Bengal,1868,Baharampur,220,Baharampur,72,72,BAHARAMPUR,2026,eci_code,1.0,2008,19,2011;2016;2021;2026,GEN,,72,yes,yes,10,BAHARAMPUR,10,agrees,,AC_list;coverage;urban_mapping
West Bengal,2094,Hariharpara,252,Murshidabad,73,73,HARIHARPARA,2026,exact_name,1.0,2008,19,2011;2016;2021;2026,GEN,,,,yes,11,MURSHIDABAD,11,agrees,,AC_list;coverage
West Bengal,1873,Naoda,220,Baharampur,74,74,NAODA,2026,exact_name,1.0,2008,19,2011;2016;2021;2026,GEN,,,,yes,10,BAHARAMPUR,10,agrees,,AC_list;coverage
West Bengal,2093,Domkal,252,Murshidabad,75,75,DOMKAL,2026,eci_code,1.0,2008,19,2011;2016;2021;2026,GEN,,75,yes,yes,11,MURSHIDABAD,11,agrees,,AC_list;coverage;urban_mapping
West Bengal,2095,Jalangi,252,Murshidabad,76,76,JALANGI,2026,exact_name,1.0,2008,19,2011;2016;2021;2026,GEN,,,,yes,11,MURSHIDABAD,11,agrees,,AC_list;coverage
West Bengal,2096,Karimpur,252,Murshidabad,77,77,KARIMPUR,2026,exact_name,1.0,2008,19,2011;2016;2021;2026,GEN,,,,yes,11,MURSHIDABAD,11,agrees,,AC_list;coverage
West Bengal,2063,Tehatta,247,Krishnanagar,78,78,TEHATTA,2026,eci_code,1.0,2008,19,2011;2016;2021;2026,GEN,,78,yes,yes,12,KRISHNANAGAR,12,agrees,,AC_list;coverage;urban_mapping
West Bengal,2062,Palashipara,247,Krishnanagar,79,79,PALASHIPARA,2026,exact_name,1.0,2008,19,2011;2016;2021;2026,GEN,,,,yes,12,KRISHNANAGAR,12,agrees,,AC_list;coverage
West Bengal,2058,Kaliganj,247,Krishnanagar,80,80,KALIGANJ,2026,exact_name,1.0,2008,19,2011;2016;2021;2026,GEN,,,,yes,12,KRISHNANAGAR,12,agrees,,AC_list;coverage
West Bengal,2061,Nakashipara,247,Krishnanagar,81,81,NAKASHIPARA,2026,exact_name,1.0,2008,19,2011;2016;2021;2026,GEN,,,,yes,12,KRISHNANAGAR,12,agrees,,AC_list;coverage
West Bengal,2057,Chapra,247,Krishnanagar,82,82,CHAPRA,2026,exact_name,1.0,2008,19,2011;2016;2021;2026,GEN,,,,yes,12,KRISHNANAGAR,12,agrees,,AC_list;coverage
West Bengal,2060,Krishnanagar Uttar,247,Krishnanagar,83,83,KRISHNANAGAR UTTAR,2026,eci_code,1.0,2008,19,2011;2016;2021;2026,GEN,,83,yes,yes,12,KRISHNANAGAR,12,agrees,,AC_list;coverage;urban_mapping
West Bengal,2115,Nabadwip,255,Ranaghat,84,84,NABADWIP,2026,eci_code,1.0,2008,19,2011;2016;2021;2026,GEN,,84,yes,yes,13,RANAGHAT,13,agrees,,AC_list;coverage;urban_mapping
West Bengal,2059,Krishnanagar Dakshin,247,Krishnanagar,85,85,KRISHNANAGAR DAKSHIN,2026,exact_name,1.0,2008,19,2011;2016;2021;2026,GEN,,,,yes,12,KRISHNANAGAR,12,agrees,,AC_list;coverage
West Bengal,2119,Santipur,255,Ranaghat,86,86,SANTIPUR,2026,eci_code,1.0,2008,19,2011;2016;2021;2026,GEN,,86,yes,yes,13,RANAGHAT,13,agrees,,AC_list;coverage;urban_mapping
West Bengal,2117,Ranaghat Uttar paschim,255,Ranaghat,87,87,RANAGHAT UTTAR PASCHIM,2026,eci_code,1.0,2008,19,2011;2016;2021;2026,GEN,,87,yes,yes,13,RANAGHAT,13,agrees,,AC_list;coverage;urban_mapping
West Bengal,2114,Krishnaganj,255,Ranaghat,88,88,KRISHNAGANJ,2026,exact_name,1.0,2008,19,2011;2016;2021;2026,SC,,,,yes,13,RANAGHAT,13,agrees,,AC_list;coverage
West Bengal,2118,Ranaghat Uttar Purba,255,Ranaghat,89,89,RANAGHAT UTTAR PURBA,2026,exact_name,1.0,2008,19,2011;2016;2021;2026,SC,,,,yes,13,RANAGHAT,13,agrees,,AC_list;coverage
West Bengal,2116,Ranaghat Dakshin,255,Ranaghat,90,90,RANAGHAT DAKSHIN,2026,eci_code,1.0,2008,19,2011;2016;2021;2026,SC,,90,yes,yes,13,RANAGHAT,13,agrees,,AC_list;coverage;urban_mapping
West Bengal,2113,Chakdaha,255,Ranaghat,91,91,CHAKDAHA,2026,eci_code,1.0,2008,19,2011;2016;2021;2026,GEN,,91,yes,yes,13,RANAGHAT,13,agrees,,AC_list;coverage;urban_mapping
West Bengal,1887,Kalyani,222,Bangaon,92,92,KALYANI,2026,eci_code,1.0,2008,19,2011;2016;2021;2026,SC,,92,yes,yes,14,BANGAON,14,agrees,,AC_list;coverage;urban_mapping
West Bengal,1886,Haringhata,222,Bangaon,93,93,HARINGHATA,2026,eci_code,1.0,2008,19,2011;2016;2021;2026,SC,,93,yes,yes,14,BANGAON,14,agrees,,AC_list;coverage;urban_mapping
West Bengal,1882,Bagda,222,Bangaon,94,94,BAGDAH,2026,fuzzy,1.0,2008,19,2011;2016;2021;2026,SC,,,,yes,14,BANGAON,14,agrees,phonetic key equal,AC_list;coverage
West Bengal,1884,Bangaon Uttar,222,Bangaon,95,95,BANGAON UTTAR,2026,eci_code,1.0,2008,19,2011;2016;2021;2026,SC,,95,yes,yes,14,BANGAON,14,agrees,,AC_list;coverage;urban_mapping
West Bengal,1883,Bangaon Dakshin,222,Bangaon,96,96,BANGAON DAKSHIN,2026,exact_name,1.0,2008,19,2011;2016;2021;2026,SC,,,,yes,14,BANGAON,14,agrees,,AC_list;coverage
West Bengal,1885,Gaighata,222,Bangaon,97,97,GAIGHATA,2026,eci_code,1.0,2008,19,2011;2016;2021;2026,SC,,97,yes,yes,14,BANGAON,14,agrees,,AC_list;coverage;urban_mapping
West Bengal,1888,Swarupnagar,222,Bangaon,98,98,SWARUPNAGAR,2026,exact_name,1.0,2008,19,2011;2016;2021;2026,SC,,,,yes,14,BANGAON,14,agrees,,AC_list;coverage
West Bengal,1924,Baduria,228,Basirhat,99,99,BADURIA,2026,eci_code,1.0,2008,19,2011;2016;2021;2026,GEN,,99,yes,yes,18,BASIRHAT,18,agrees,,AC_list;coverage;urban_mapping
West Bengal,1900,Habra,224,Barasat,100,100,HABRA,2026,eci_code,1.0,2008,19,2011;2016;2021;2026,GEN,,100,yes,yes,17,BARASAT,17,agrees,,AC_list;coverage;urban_mapping
West Bengal,1896,Ashoknagar,224,Barasat,101,101,ASHOKNAGAR,2026,eci_code,1.0,2008,19,2011;2016;2021;2026,GEN,,101,yes,yes,17,BARASAT,17,agrees,,AC_list;coverage;urban_mapping
West Bengal,1917,Amdanga,227,Barrackpur,102,102,AMDANGA,2026,exact_name,1.0,2008,19,2011;2016;2021;2026,GEN,,,,yes,15,BARRACKPUR,15,agrees,,AC_list;coverage
West Bengal,1920,Bijpur,227,Barrackpur,103,103,BIJPUR,2026,eci_code,1.0,2008,19,2011;2016;2021;2026,GEN,,103,yes,yes,15,BARRACKPUR,15,agrees,,AC_list;coverage;urban_mapping
West Bengal,1922,Naihati,227,Barrackpur,104,104,NAIHATI,2026,eci_code,1.0,2008,19,2011;2016;2021;2026,GEN,,104,yes,yes,15,BARRACKPUR,15,agrees,,AC_list;coverage;urban_mapping
West Bengal,1919,Bhatpara,227,Barrackpur,105,105,BHATPARA,2026,eci_code,1.0,2008,19,2011;2016;2021;2026,GEN,,105,yes,yes,15,BARRACKPUR,15,agrees,,AC_list;coverage;urban_mapping
West Bengal,1921,Jagatdal,227,Barrackpur,106,106,JAGATDAL,2026,exact_name,1.0,2008,19,2011;2016;2021;2026,GEN,,,,yes,15,BARRACKPUR,15,agrees,,AC_list;coverage
West Bengal,1923,Noapara,227,Barrackpur,107,107,NOAPARA,2026,eci_code,1.0,2008,19,2011;2016;2021;2026,GEN,,107,yes,yes,15,BARRACKPUR,15,agrees,,AC_list;coverage;urban_mapping
West Bengal,1918,Barrackpur,227,Barrackpur,108,108,BARRACKPUR,2026,eci_code,1.0,2008,19,2011;2016;2021;2026,GEN,,108,yes,yes,15,BARRACKPUR,15,agrees,,AC_list;coverage;urban_mapping
West Bengal,1977,Khardaha,235,Dum Dum,109,109,KHARDAHA,2026,eci_code,1.0,2008,19,2011;2016;2021;2026,GEN,,109,yes,yes,16,DUM DUM,16,agrees,,AC_list;coverage;urban_mapping
West Bengal,1975,Dum dum Uttar,235,Dum Dum,110,110,DUM DUM UTTAR,2026,eci_code,1.0,2008,19,2011;2016;2021;2026,GEN,,110,yes,yes,16,DUM DUM,16,agrees,,AC_list;coverage;urban_mapping
West Bengal,1978,Panihati,235,Dum Dum,111,111,PANIHATI,2026,eci_code,1.0,2008,19,2011;2016;2021;2026,GEN,,111,yes,yes,16,DUM DUM,16,agrees,,AC_list;coverage;urban_mapping
West Bengal,1976,Kamarhati,235,Dum Dum,112,112,KAMARHATI,2026,eci_code,1.0,2008,19,2011;2016;2021;2026,GEN,,112,yes,yes,16,DUM DUM,16,agrees,,AC_list;coverage;urban_mapping
West Bengal,1973,Baranagar,235,Dum Dum,113,113,BARANAGAR,2026,eci_code,1.0,2008,19,2011;2016;2021;2026,GEN,,113,yes,yes,16,DUM DUM,16,agrees,,AC_list;coverage;urban_mapping
West Bengal,1974,Dum dum,235,Dum Dum,114,114,DUM DUM,2026,eci_code,1.0,2008,19,2011;2016;2021;2026,GEN,,114,yes,yes,16,DUM DUM,16,agrees,,AC_list;coverage;urban_mapping
West Bengal,1902,Rajarhat new town,224,Barasat,115,115,RAJARHAT NEW TOWN,2026,exact_name,1.0,2008,19,2011;2016;2021;2026,GEN,,,,yes,17,BARASAT,17,agrees,,AC_list;coverage
West Bengal,1898,Bidhannagar,224,Barasat,116,116,BIDHANNAGAR,2026,eci_code,1.0,2008,19,2011;2016;2021;2026,GEN,,116,yes,yes,17,BARASAT,17,agrees,,AC_list;coverage;urban_mapping
West Bengal,1979,Rajarhat gopalpur,235,Dum Dum,117,117,RAJARHAT GOPALPUR,2026,eci_code,1.0,2008,19,2011;2016;2021;2026,GEN,,117,yes,yes,16,DUM DUM,16,agrees,,AC_list;coverage;urban_mapping
West Bengal,1901,Madhyamgram,224,Barasat,118,118,MADHYAMGRAM,2026,eci_code,1.0,2008,19,2011;2016;2021;2026,GEN,,118,yes,yes,17,BARASAT,17,agrees,,AC_list;coverage;urban_mapping
West Bengal,1897,Barasat,224,Barasat,119,119,BARASAT,2026,eci_code,1.0,2008,19,2011;2016;2021;2026,GEN,,119,yes,yes,17,BARASAT,17,agrees,,AC_list;coverage;urban_mapping
West Bengal,1899,Deganga,224,Barasat,120,120,DEGANGA,2026,exact_name,1.0,2008,19,2011;2016;2021;2026,GEN,,,,yes,17,BARASAT,17,agrees,,AC_list;coverage
West Bengal,1927,Haroa,228,Basirhat,121,121,HAROA,2026,exact_name,1.0,2008,19,2011;2016;2021;2026,GEN,,,,yes,18,BASIRHAT,18,agrees,,AC_list;coverage
West Bengal,1929,Minakhan,228,Basirhat,122,122,MINAKHAN,2026,exact_name,1.0,2008,19,2011;2016;2021;2026,SC,,,,yes,18,BASIRHAT,18,agrees,,AC_list;coverage
West Bengal,1930,Sandeshkhali,228,Basirhat,123,123,SANDESHKHALI,2026,exact_name,1.0,2008,19,2011;2016;2021;2026,ST,,,,yes,18,BASIRHAT,18,agrees,,AC_list;coverage
West Bengal,1925,Basirhat Dakshin,228,Basirhat,124,124,BASIRHAT DAKSHIN,2026,eci_code,1.0,2008,19,2011;2016;2021;2026,GEN,,124,yes,yes,18,BASIRHAT,18,agrees,,AC_list;coverage;urban_mapping
West Bengal,1926,Basirhat Uttar,228,Basirhat,125,125,BASIRHAT UTTAR,2026,exact_name,1.0,2008,19,2011;2016;2021;2026,GEN,,,,yes,18,BASIRHAT,18,agrees,,AC_list;coverage
West Bengal,1928,Hingalganj,228,Basirhat,126,126,HINGALGANJ,2026,exact_name,1.0,2008,19,2011;2016;2021;2026,SC,,,,yes,18,BASIRHAT,18,agrees,,AC_list;coverage
West Bengal,2025,Gosaba,242,Jaynagar,127,127,GOSABA,2026,exact_name,1.0,2008,19,2011;2016;2021;2026,SC,,,,yes,19,JAYNAGAR,19,agrees,,AC_list;coverage
West Bengal,2022,Basanti,242,Jaynagar,128,128,BASANTI,2026,exact_name,1.0,2008,19,2011;2016;2021;2026,SC,,,,yes,19,JAYNAGAR,19,agrees,,AC_list;coverage
West Bengal,2027,Kultali,242,Jaynagar,129,129,KULTALI,2026,exact_name,1.0,2008,19,2011;2016;2021;2026,SC,,,,yes,19,JAYNAGAR,19,agrees,,AC_list;coverage
West Bengal,2082,Patharpratima,250,Mathurapur,130,130,PATHARPRATIMA,2026,exact_name,1.0,2008,19,2011;2016;2021;2026,GEN,,,,yes,20,MATHURAPUR,20,agrees,,AC_list;coverage
West Bengal,2078,Kakdwip,250,Mathurapur,131,131,KAKDWIP,2026,exact_name,1.0,2008,19,2011;2016;2021;2026,GEN,,,,yes,20,MATHURAPUR,20,agrees,,AC_list;coverage
West Bengal,2084,Sagar,250,Mathurapur,132,132,SAGAR,2026,exact_name,1.0,2008,19,2011;2016;2021;2026,GEN,,,,yes,20,MATHURAPUR,20,agrees,,AC_list;coverage
West Bengal,2079,Kulpi,250,Mathurapur,133,133,KULPI,2026,exact_name,1.0,2008,19,2011;2016;2021;2026,GEN,,,,yes,20,MATHURAPUR,20,agrees,,AC_list;coverage
West Bengal,2083,Raidighi,250,Mathurapur,134,134,RAIDIGHI,2026,exact_name,1.0,2008,19,2011;2016;2021;2026,GEN,,,,yes,20,MATHURAPUR,20,agrees,,AC_list;coverage
West Bengal,2081,Mandirbazar,250,Mathurapur,135,135,MANDIRBAZAR,2026,exact_name,1.0,2008,19,2011;2016;2021;2026,SC,,,,yes,20,MATHURAPUR,20,agrees,,AC_list;coverage
West Bengal,2026,Joynagar,242,Jaynagar,136,136,JAYNAGAR,2026,fuzzy,0.875,2008,19,2011;2016;2021;2026,SC,,,,yes,19,JAYNAGAR,19,agrees,similarity; PC agrees; consonant skeleton equal,AC_list;coverage
West Bengal,2002,Baruipur Purba,239,Jadavpur,137,137,BARUIPUR PURBA,2026,exact_name,1.0,2008,19,2011;2016;2021;2026,SC,,,,yes,22,JADAVPUR,22,agrees,,AC_list;coverage
West Bengal,2023,Canning paschim,242,Jaynagar,138,138,CANNING PASCHIM,2026,exact_name,1.0,2008,19,2011;2016;2021;2026,SC,,,,yes,19,JAYNAGAR,19,agrees,,AC_list;coverage
West Bengal,2024,Canning Purba,242,Jaynagar,139,139,CANNING PURBA,2026,exact_name,1.0,2008,19,2011;2016;2021;2026,GEN,,,,yes,19,JAYNAGAR,19,agrees,,AC_list;coverage
West Bengal,2001,Baruipur paschim,239,Jadavpur,140,140,BARUIPUR PASCHIM,2026,eci_code,1.0,2008,19,2011;2016;2021;2026,GEN,,140,yes,yes,22,JADAVPUR,22,agrees,,AC_list;coverage;urban_mapping
West Bengal,2028,Magrahat Purba,242,Jaynagar,141,141,MAGRAHAT PURBA,2026,eci_code,1.0,2008,19,2011;2016;2021;2026,SC,,141,yes,yes,19,JAYNAGAR,19,agrees,,AC_list;coverage;urban_mapping
West Bengal,2080,Magrahat paschim,250,Mathurapur,142,142,MAGRAHAT PASCHIM,2026,exact_name,1.0,2008,19,2011;2016;2021;2026,GEN,,,,yes,20,MATHURAPUR,20,agrees,,AC_list;coverage
West Bengal,1968,Diamond harbour,234,Diamond Harbour,143,143,DIAMOND HARBOUR,2026,eci_code,1.0,2008,19,2011;2016;2021;2026,GEN,,143,yes,yes,21,DIAMOND HARBOUR,21,agrees,,AC_list;coverage;urban_mapping
West Bengal,1969,Falta,234,Diamond Harbour,144,144,FALTA,2026,exact_name,1.0,2008,19,2011;2016;2021;2026,GEN,,,,yes,21,DIAMOND HARBOUR,21,agrees,,AC_list;coverage
West Bengal,1972,Satgachhia,234,Diamond Harbour,145,145,SATGACHIA,2026,fuzzy,1.0,2008,19,2011;2016;2021;2026,GEN,,,,yes,21,DIAMOND HARBOUR,21,agrees,phonetic key equal,AC_list;coverage
West Bengal,1966,Bishnupur,234,Diamond Harbour,146,146,BISHNUPUR(SC),2026,exact_name,1.0,2008,19,2011;2016;2021;2026,SC,,,,yes,21,DIAMOND HARBOUR,21,agrees,,AC_list;coverage
West Bengal,2005,Sonarpur Dakshin,239,Jadavpur,147,147,SONARPUR DAKSHIN,2026,eci_code,1.0,2008,19,2011;2016;2021;2026,GEN,,147,yes,yes,22,JADAVPUR,22,agrees,,AC_list;coverage;urban_mapping
West Bengal,2003,Bhangar,239,Jadavpur,148,148,BHANGORE,2026,fuzzy,0.8,2008,19,2011;2016;2021;2026,GEN,,,,yes,22,JADAVPUR,22,agrees,similarity; PC agrees; consonant skeleton equal,AC_list;coverage
West Bengal,2047,Kasba,245,Kolkata Dakshin,149,149,KASBA,2026,eci_code,1.0,2008,19,2011;2016;2021;2026,GEN,,149,yes,yes,23,KOLKATA DAKSHIN,23,agrees,,AC_list;coverage;urban_mapping
West Bengal,2004,Jadavpur,239,Jadavpur,150,150,JADAVPUR,2026,eci_code,1.0,2008,19,2011;2016;2021;2026,GEN,,150,yes,yes,22,JADAVPUR,22,agrees,,AC_list;coverage;urban_mapping
West Bengal,2006,Sonarpur Uttar,239,Jadavpur,151,151,SONARPUR UTTAR,2026,exact_name,1.0,2008,19,2011;2016;2021;2026,GEN,,,,yes,22,JADAVPUR,22,agrees,,AC_list;coverage
West Bengal,2007,Tollyganj,239,Jadavpur,152,152,TOLLYGUNJ,2026,eci_code,0.889,2008,19,2011;2016;2021;2026,GEN,,152,yes,yes,22,JADAVPUR,22,agrees,eci code; name spelled differently,AC_list;coverage;urban_mapping
West Bengal,2045,Behala Purba,245,Kolkata Dakshin,153,153,BEHALA PURBA,2026,eci_code,1.0,2008,19,2011;2016;2021;2026,GEN,,153,yes,yes,23,KOLKATA DAKSHIN,23,agrees,,AC_list;coverage;urban_mapping
West Bengal,2044,Behala paschim,245,Kolkata Dakshin,154,154,BEHALA PASCHIM,2026,eci_code,1.0,2008,19,2011;2016;2021;2026,GEN,,154,yes,yes,23,KOLKATA DAKSHIN,23,agrees,,AC_list;coverage;urban_mapping
West Bengal,1970,Maheshtala,234,Diamond Harbour,155,155,MAHESHTALA,2026,eci_code,1.0,2008,19,2011;2016;2021;2026,GEN,,155,yes,yes,21,DIAMOND HARBOUR,21,agrees,,AC_list;coverage;urban_mapping
West Bengal,1967,Budge budge,234,Diamond Harbour,156,156,BUDGE BUDGE,2026,eci_code,1.0,2008,19,2011;2016;2021;2026,GEN,,156,yes,yes,21,DIAMOND HARBOUR,21,agrees,,AC_list;coverage;urban_mapping
West Bengal,1971,Metiaburuz,234,Diamond Harbour,157,157,METIABURUZ,2026,eci_code,1.0,2008,19,2011;2016;2021;2026,GEN,,157,yes,yes,21,DIAMOND HARBOUR,21,agrees,,AC_list;coverage;urban_mapping
West Bengal,2048,Kolkata port,245,Kolkata Dakshin,158,158,KOLKATA PORT,2026,eci_code,1.0,2008,19,2011;2016;2021;2026,GEN,,158,yes,yes,23,KOLKATA DAKSHIN,23,agrees,,AC_list;coverage;urban_mapping
West Bengal,2046,Bhabanipur,245,Kolkata Dakshin,159,159,BHABANIPUR,2026,eci_code,1.0,2008,19,2011;2016;2021;2026,GEN,,159,yes,yes,23,KOLKATA DAKSHIN,23,agrees,,AC_list;coverage;urban_mapping
West Bengal,2049,Rashbehari,245,Kolkata Dakshin,160,160,RASHBEHARI,2026,eci_code,1.0,2008,19,2011;2016;2021;2026,GEN,,160,yes,yes,23,KOLKATA DAKSHIN,23,agrees,,AC_list;coverage;urban_mapping
West Bengal,2043,Ballygunge,245,Kolkata Dakshin,161,161,BALLYGUNGE,2026,eci_code,1.0,2008,19,2011;2016;2021;2026,GEN,,161,yes,yes,23,KOLKATA DAKSHIN,23,agrees,,AC_list;coverage;urban_mapping
West Bengal,2051,Chowrangee,246,Kolkata Uttar,162,162,CHOWRANGEE,2026,eci_code,1.0,2008,19,2011;2016;2021;2026,GEN,,162,yes,yes,24,KOLKATA UTTAR,24,agrees,,AC_list;coverage;urban_mapping
West Bengal,2052,Entally,246,Kolkata Uttar,163,163,ENTALLY,2026,eci_code,1.0,2008,19,2011;2016;2021;2026,GEN,,163,yes,yes,24,KOLKATA UTTAR,24,agrees,,AC_list;coverage;urban_mapping
West Bengal,2050,Beleghata,246,Kolkata Uttar,164,164,BELEGHATA,2026,eci_code,1.0,2008,19,2011;2016;2021;2026,GEN,,164,yes,yes,24,KOLKATA UTTAR,24,agrees,,AC_list;coverage;urban_mapping
West Bengal,2053,Jorasanko,246,Kolkata Uttar,165,165,JORASANKO,2026,eci_code,1.0,2008,19,2011;2016;2021;2026,GEN,,165,yes,yes,24,KOLKATA UTTAR,24,agrees,,AC_list;coverage;urban_mapping
West Bengal,2056,Shyampukur,246,Kolkata Uttar,166,166,SHYAMPUKUR,2026,eci_code,1.0,2008,19,2011;2016;2021;2026,GEN,,166,yes,yes,24,KOLKATA UTTAR,24,agrees,,AC_list;coverage;urban_mapping
West Bengal,2055,Maniktola,246,Kolkata Uttar,167,167,MANIKTALA,2026,eci_code,0.889,2008,19,2011;2016;2021;2026,GEN,,167,yes,yes,24,KOLKATA UTTAR,24,agrees,eci code; name spelled differently,AC_list;coverage;urban_mapping
West Bengal,2054,Kashipur-belgachhia,246,Kolkata Uttar,168,168,KASHIPUR-BELGACHIA,2026,eci_code,1.0,2008,19,2011;2016;2021;2026,GEN,,168,yes,yes,24,KOLKATA UTTAR,24,agrees,eci code; name spelled differently,AC_list;coverage;urban_mapping
West Bengal,1994,Bally,238,Howrah,169,169,BALLY,2026,eci_code,1.0,2008,19,2011;2016;2021;2026,GEN,,169,yes,yes,25,HOWRAH,25,agrees,,AC_list;coverage;urban_mapping
West Bengal,1997,Howrah Uttar,238,Howrah,170,170,HOWRAH UTTAR,2026,eci_code,1.0,2008,19,2011;2016;2021;2026,GEN,,170,yes,yes,25,HOWRAH,25,agrees,,AC_list;coverage;urban_mapping
West Bengal,1996,Howrah madhya,238,Howrah,171,171,HOWRAH MADHYA,2026,eci_code,1.0,2008,19,2011;2016;2021;2026,GEN,,171,yes,yes,25,HOWRAH,25,agrees,,AC_list;coverage;urban_mapping
West Bengal,2000,Shibpur,238,Howrah,172,172,SHIBPUR,2026,eci_code,1.0,2008,19,2011;2016;2021;2026,GEN,,172,yes,yes,25,HOWRAH,25,agrees,,AC_list;coverage;urban_mapping
West Bengal,1995,Howrah Dakshin,238,Howrah,173,173,HOWRAH DAKSHIN,2026,eci_code,1.0,2008,19,2011;2016;2021;2026,GEN,,173,yes,yes,25,HOWRAH,25,agrees,,AC_list;coverage;urban_mapping
West Bengal,1999,Sankrail,238,Howrah,174,174,SANKRAIL,2026,exact_name,1.0,2008,19,2011;2016;2021;2026,SC,,,,yes,25,HOWRAH,25,agrees,,AC_list;coverage
West Bengal,1998,Panchla,238,Howrah,175,175,PANCHLA,2026,exact_name,1.0,2008,19,2011;2016;2021;2026,GEN,,,,yes,25,HOWRAH,25,agrees,,AC_list;coverage
West Bengal,2139,Uluberia Purba,258,Uluberia,176,176,ULUBERIA PURBA,2026,eci_code,1.0,2008,19,2011;2016;2021;2026,GEN,,176,yes,yes,26,ULUBERIA,26,agrees,,AC_list;coverage;urban_mapping
West Bengal,2140,Uluberia Uttar,258,Uluberia,177,177,ULUBERIA UTTAR,2026,exact_name,1.0,2008,19,2011;2016;2021;2026,SC,,,,yes,26,ULUBERIA,26,agrees,,AC_list;coverage
West Bengal,2138,Uluberia Dakshin,258,Uluberia,178,178,ULUBERIA DAKSHIN,2026,exact_name,1.0,2008,19,2011;2016;2021;2026,GEN,,,,yes,26,ULUBERIA,26,agrees,,AC_list;coverage
West Bengal,2136,Shyampur,258,Uluberia,179,179,SHYAMPUR,2026,exact_name,1.0,2008,19,2011;2016;2021;2026,GEN,,,,yes,26,ULUBERIA,26,agrees,,AC_list;coverage
West Bengal,2135,Bagnan,258,Uluberia,180,180,BAGNAN,2026,exact_name,1.0,2008,19,2011;2016;2021;2026,GEN,,,,yes,26,ULUBERIA,26,agrees,,AC_list;coverage
West Bengal,2134,Amta,258,Uluberia,181,181,AMTA,2026,exact_name,1.0,2008,19,2011;2016;2021;2026,GEN,,,,yes,26,ULUBERIA,26,agrees,,AC_list;coverage
West Bengal,2137,Udaynarayanpur,258,Uluberia,182,182,UDAYNARAYANPUR,2026,exact_name,1.0,2008,19,2011;2016;2021;2026,GEN,,,,yes,26,ULUBERIA,26,agrees,,AC_list;coverage
West Bengal,2123,Jagatballavpur,256,Sreerampur,183,183,JAGATBALLAVPUR,2026,exact_name,1.0,2008,19,2011;2016;2021;2026,GEN,,,,yes,27,SREERAMPUR,27,agrees,,AC_list;coverage
West Bengal,2122,Domjur,256,Sreerampur,184,184,DOMJUR,2026,exact_name,1.0,2008,19,2011;2016;2021;2026,GEN,,,,yes,27,SREERAMPUR,27,agrees,,AC_list;coverage
West Bengal,2126,Uttarpara,256,Sreerampur,185,185,UTTARPARA,2026,eci_code,1.0,2008,19,2011;2016;2021;2026,GEN,,185,yes,yes,27,SREERAMPUR,27,agrees,,AC_list;coverage;urban_mapping
West Bengal,2125,Sreerampur,256,Sreerampur,186,186,SREERAMPUR,2026,eci_code,1.0,2008,19,2011;2016;2021;2026,GEN,,186,yes,yes,27,SREERAMPUR,27,agrees,,AC_list;coverage;urban_mapping
West Bengal,2120,Champdani,256,Sreerampur,187,187,CHAMPDANI,2026,eci_code,1.0,2008,19,2011;2016;2021;2026,GEN,,187,yes,yes,27,SREERAMPUR,27,agrees,,AC_list;coverage;urban_mapping
West Bengal,1993,Singur,237,Hooghly,188,188,SINGUR,2026,exact_name,1.0,2008,19,2011;2016;2021;2026,GEN,,,,yes,28,HOOGHLY,28,agrees,,AC_list;coverage
West Bengal,1988,Chandannagar,237,Hooghly,189,189,CHANDANNAGORE,2026,eci_code,0.88,2008,19,2011;2016;2021;2026,GEN,,189,yes,yes,28,HOOGHLY,28,agrees,eci code; name spelled differently,AC_list;coverage;urban_mapping
West Bengal,1989,Chunchura,237,Hooghly,190,190,CHUNCHURA,2026,eci_code,1.0,2008,19,2011;2016;2021;2026,GEN,,190,yes,yes,28,HOOGHLY,28,agrees,,AC_list;coverage;urban_mapping
West Bengal,1987,Balagarh,237,Hooghly,191,191,BALAGARH,2026,exact_name,1.0,2008,19,2011;2016;2021;2026,SC,,,,yes,28,HOOGHLY,28,agrees,,AC_list;coverage
West Bengal,1991,Pandua,237,Hooghly,192,192,PANDUA,2026,exact_name,1.0,2008,19,2011;2016;2021;2026,GEN,,,,yes,28,HOOGHLY,28,agrees,,AC_list;coverage
West Bengal,1992,Saptagram,237,Hooghly,193,193,SAPTAGRAM,2026,eci_code,1.0,2008,19,2011;2016;2021;2026,GEN,,193,yes,yes,28,HOOGHLY,28,agrees,,AC_list;coverage;urban_mapping
West Bengal,2121,Chanditala,256,Sreerampur,194,194,CHANDITALA,2026,exact_name,1.0,2008,19,2011;2016;2021;2026,GEN,,195,no,yes,27,SREERAMPUR,27,agrees,,AC_list;coverage;urban_mapping
West Bengal,2124,Jangipara,256,Sreerampur,195,195,JANGIPARA,2026,exact_name,1.0,2008,19,2011;2016;2021;2026,GEN,,,,yes,27,SREERAMPUR,27,agrees,,AC_list;coverage
West Bengal,1857,Haripal,218,Arambag,196,196,HARIPAL,2026,exact_name,1.0,2008,19,2011;2016;2021;2026,GEN,,,,yes,29,ARAMBAG,29,agrees,,AC_list;coverage
West Bengal,1990,Dhanekhali,237,Hooghly,197,197,DHANEKHALI,2026,exact_name,1.0,2008,19,2011;2016;2021;2026,SC,,,,yes,28,HOOGHLY,28,agrees,,AC_list;coverage
West Bengal,1860,Tarakeswar,218,Arambag,198,198,TARAKESWAR,2026,eci_code,1.0,2008,19,2011;2016;2021;2026,GEN,,198,yes,yes,29,ARAMBAG,29,agrees,,AC_list;coverage;urban_mapping
West Bengal,1859,Pursurah,218,Arambag,199,199,PURSURAH,2026,exact_name,1.0,2008,19,2011;2016;2021;2026,GEN,,,,yes,29,ARAMBAG,29,agrees,,AC_list;coverage
West Bengal,1854,Arambag,218,Arambag,200,200,ARAMBAG,2026,eci_code,1.0,2008,19,2011;2016;2021;2026,SC,,200,yes,yes,29,ARAMBAG,29,agrees,,AC_list;coverage;urban_mapping
West Bengal,1856,Goghat,218,Arambag,201,201,GOGHAT,2026,exact_name,1.0,2008,19,2011;2016;2021;2026,SC,,,,yes,29,ARAMBAG,29,agrees,,AC_list;coverage
West Bengal,1858,Khanakul,218,Arambag,202,202,KHANAKUL,2026,exact_name,1.0,2008,19,2011;2016;2021;2026,GEN,,,,yes,29,ARAMBAG,29,agrees,,AC_list;coverage
West Bengal,2133,Tamluk,257,Tamluk,203,203,TAMLUK,2026,eci_code,1.0,2008,19,2011;2016;2021;2026,GEN,,203,yes,yes,30,TAMLUK,30,agrees,,AC_list;coverage;urban_mapping
West Bengal,2132,Panskura Purba,257,Tamluk,204,204,PANSKURA PURBA,2026,exact_name,1.0,2008,19,2011;2016;2021;2026,GEN,,,,yes,30,TAMLUK,30,agrees,,AC_list;coverage
West Bengal,1984,Panskura paschim,236,Ghatal,205,205,PANSKURA PASCHIM,2026,eci_code,1.0,2008,19,2011;2016;2021;2026,GEN,,205,yes,yes,32,GHATAL,32,agrees,,AC_list;coverage;urban_mapping
West Bengal,2129,Moyna,257,Tamluk,206,206,MOYNA,2026,exact_name,1.0,2008,19,2011;2016;2021;2026,GEN,,,,yes,30,TAMLUK,30,agrees,,AC_list;coverage
West Bengal,2130,Nandakumar,257,Tamluk,207,207,NANDAKUMAR,2026,exact_name,1.0,2008,19,2011;2016;2021;2026,GEN,,,,yes,30,TAMLUK,30,agrees,,AC_list;coverage
West Bengal,2128,Mahishadal,257,Tamluk,208,208,MAHISADAL,2026,fuzzy,1.0,2008,19,2011;2016;2021;2026,GEN,,,,yes,30,TAMLUK,30,agrees,phonetic key equal,AC_list;coverage
West Bengal,2127,Haldia,257,Tamluk,209,209,HALDIA,2026,eci_code,1.0,2008,19,2011;2016;2021;2026,SC,,209,yes,yes,30,TAMLUK,30,agrees,,AC_list;coverage;urban_mapping
West Bengal,2131,Nandigram,257,Tamluk,210,210,NANDIGRAM,2026,exact_name,1.0,2008,19,2011;2016;2021;2026,GEN,,,,yes,30,TAMLUK,30,agrees,,AC_list;coverage
West Bengal,2037,Chandipur,244,Kanthi,211,211,CHANDIPUR,2026,exact_name,1.0,2008,19,2011;2016;2021;2026,GEN,,,,yes,31,KANTHI,31,agrees,,AC_list;coverage
West Bengal,2041,Patashpur,244,Kanthi,212,212,PATASHPUR,2026,exact_name,1.0,2008,19,2011;2016;2021;2026,GEN,,,,yes,31,KANTHI,31,agrees,,AC_list;coverage
West Bengal,2039,Kanthi Uttar,244,Kanthi,213,213,KANTHI UTTAR,2026,exact_name,1.0,2008,19,2011;2016;2021;2026,GEN,,,,yes,31,KANTHI,31,agrees,,AC_list;coverage
West Bengal,2036,Bhagabanpur,244,Kanthi,214,214,BHAGABANPUR,2026,exact_name,1.0,2008,19,2011;2016;2021;2026,GEN,,,,yes,31,KANTHI,31,agrees,,AC_list;coverage
West Bengal,2040,Khejuri,244,Kanthi,215,215,KHEJURI,2026,exact_name,1.0,2008,19,2011;2016;2021;2026,SC,,,,yes,31,KANTHI,31,agrees,,AC_list;coverage
West Bengal,2038,Kanthi Dakshin,244,Kanthi,216,216,KANTHI DAKSHIN,2026,eci_code,1.0,2008,19,2011;2016;2021;2026,GEN,,216,yes,yes,31,KANTHI,31,agrees,,AC_list;coverage;urban_mapping
West Bengal,2042,Ramnagar,244,Kanthi,217,217,RAMNAGAR,2026,exact_name,1.0,2008,19,2011;2016;2021;2026,GEN,,,,yes,31,KANTHI,31,agrees,,AC_list;coverage
West Bengal,2086,Egra,251,Medinipur,218,218,EGRA,2026,eci_code,1.0,2008,19,2011;2016;2021;2026,GEN,,218,yes,yes,34,MEDINIPUR,34,agrees,,AC_list;coverage;urban_mapping
West Bengal,2085,Dantan,251,Medinipur,219,219,DANTAN,2026,exact_name,1.0,2008,19,2011;2016;2021;2026,GEN,,,,yes,34,MEDINIPUR,34,agrees,,AC_list;coverage
West Bengal,2034,Nayagram,243,Jhargram,220,220,NAYAGRAM,2026,exact_name,1.0,2008,19,2011;2016;2021;2026,ST,,,,yes,33,JHARGRAM,33,agrees,,AC_list;coverage
West Bengal,2032,Gopiballavpur,243,Jhargram,221,221,GOPIBALLAVPUR,2026,exact_name,1.0,2008,19,2011;2016;2021;2026,GEN,,,,yes,33,JHARGRAM,33,agrees,,AC_list;coverage
West Bengal,2033,Jhargram,243,Jhargram,222,222,JHARGRAM,2026,eci_code,1.0,2008,19,2011;2016;2021;2026,GEN,,222,yes,yes,33,JHARGRAM,33,agrees,,AC_list;coverage;urban_mapping
West Bengal,2087,Keshiary,251,Medinipur,223,223,KESHIARY,2026,eci_code,1.0,2008,19,2011;2016;2021;2026,ST,,223,yes,yes,34,MEDINIPUR,34,agrees,,AC_list;coverage;urban_mapping
West Bengal,2089,Kharagpur sadar,251,Medinipur,224,224,KHARAGPUR SADAR,2026,eci_code,1.0,2008,19,2011;2016;2021;2026,GEN,,224,yes,yes,34,MEDINIPUR,34,agrees,,AC_list;coverage;urban_mapping
West Bengal,2091,Narayangarh,251,Medinipur,225,225,NARAYANGARH,2026,exact_name,1.0,2008,19,2011;2016;2021;2026,GEN,,,,yes,34,MEDINIPUR,34,agrees,,AC_list;coverage
West Bengal,1986,Sabang,236,Ghatal,226,226,SABANG,2026,exact_name,1.0,2008,19,2011;2016;2021;2026,GEN,,,,yes,32,GHATAL,32,agrees,,AC_list;coverage
West Bengal,1985,Pingla,236,Ghatal,227,227,PINGLA,2026,exact_name,1.0,2008,19,2011;2016;2021;2026,GEN,,,,yes,32,GHATAL,32,agrees,,AC_list;coverage
West Bengal,2088,Kharagpur,251,Medinipur,228,228,KHARAGPUR,2026,exact_name,1.0,2008,19,2011;2016;2021;2026,GEN,,,,yes,34,MEDINIPUR,34,agrees,,AC_list;coverage
West Bengal,1981,Debra,236,Ghatal,229,229,DEBRA,2026,exact_name,1.0,2008,19,2011;2016;2021;2026,GEN,,,,yes,32,GHATAL,32,agrees,,AC_list;coverage
West Bengal,1980,Daspur,236,Ghatal,230,230,DASPUR,2026,exact_name,1.0,2008,19,2011;2016;2021;2026,GEN,,,,yes,32,GHATAL,32,agrees,,AC_list;coverage
West Bengal,1982,Ghatal,236,Ghatal,231,231,GHATAL,2026,eci_code,1.0,2008,19,2011;2016;2021;2026,SC,,231,yes,yes,32,GHATAL,32,agrees,,AC_list;coverage;urban_mapping
West Bengal,1855,Chandrakona,218,Arambag,232,232,CHANDRAKONA,2026,eci_code,1.0,2008,19,2011;2016;2021;2026,SC,,232,yes,yes,29,ARAMBAG,29,agrees,,AC_list;coverage;urban_mapping
West Bengal,2031,Garbeta,243,Jhargram,233,233,GARBETA,2026,exact_name,1.0,2008,19,2011;2016;2021;2026,GEN,,,,yes,33,JHARGRAM,33,agrees,,AC_list;coverage
West Bengal,2035,Salboni,243,Jhargram,234,234,SALBONI,2026,exact_name,1.0,2008,19,2011;2016;2021;2026,GEN,,,,yes,33,JHARGRAM,33,agrees,,AC_list;coverage
West Bengal,1983,Keshpur,236,Ghatal,235,235,KESHPUR,2026,exact_name,1.0,2008,19,2011;2016;2021;2026,SC,,,,yes,32,GHATAL,32,agrees,,AC_list;coverage
West Bengal,2090,Medinipur,251,Medinipur,236,236,MEDINIPUR,2026,exact_name,1.0,2008,19,2011;2016;2021;2026,GEN,,,,yes,34,MEDINIPUR,34,agrees,,AC_list;coverage
West Bengal,2030,Binpur,243,Jhargram,237,237,BINPUR,2026,exact_name,1.0,2008,19,2011;2016;2021;2026,ST,,,,yes,33,JHARGRAM,33,agrees,,AC_list;coverage
West Bengal,2029,Bandwan,243,Jhargram,238,238,BANDWAN,2026,exact_name,1.0,2008,19,2011;2016;2021;2026,ST,,,,yes,33,JHARGRAM,33,agrees,,AC_list;coverage
West Bengal,2100,Balarampur,253,Purulia,239,239,BALARAMPUR,2026,exact_name,1.0,2008,19,2011;2016;2021;2026,GEN,,,,yes,35,PURULIA,35,agrees,,AC_list;coverage
West Bengal,2099,Baghmundi,253,Purulia,240,240,BAGHMUNDI,2026,eci_code,1.0,2008,19,2011;2016;2021;2026,GEN,,240,yes,yes,35,PURULIA,35,agrees,,AC_list;coverage;urban_mapping
West Bengal,2101,Joypur,253,Purulia,241,241,JOYPUR,2026,exact_name,1.0,2008,19,2011;2016;2021;2026,GEN,,,,yes,35,PURULIA,35,agrees,,AC_list;coverage
West Bengal,2105,Purulia,253,Purulia,242,242,PURULIA,2026,eci_code,1.0,2008,19,2011;2016;2021;2026,GEN,,242,yes,yes,35,PURULIA,35,agrees,,AC_list;coverage;urban_mapping
West Bengal,2103,Manbazar,253,Purulia,243,243,MANBAZAR,2026,exact_name,1.0,2008,19,2011;2016;2021;2026,ST,,,,yes,35,PURULIA,35,agrees,,AC_list;coverage
West Bengal,2102,Kashipur,253,Purulia,244,244,KASHIPUR,2026,exact_name,1.0,2008,19,2011;2016;2021;2026,GEN,,,,yes,35,PURULIA,35,agrees,,AC_list;coverage
West Bengal,2104,Para,253,Purulia,245,245,PARA,2026,exact_name,1.0,2008,19,2011;2016;2021;2026,SC,,,,yes,35,PURULIA,35,agrees,,AC_list;coverage
West Bengal,1891,Raghunathpur,223,Bankura,246,246,RAGHUNATHPUR,2026,exact_name,1.0,2008,19,2011;2016;2021;2026,SC,,,,yes,36,BANKURA,36,agrees,,AC_list;coverage
West Bengal,1894,Saltora,223,Bankura,247,247,SALTORA,2026,exact_name,1.0,2008,19,2011;2016;2021;2026,SC,,,,yes,36,BANKURA,36,agrees,,AC_list;coverage
West Bengal,1890,Chhatna,223,Bankura,248,248,CHHATNA,2026,exact_name,1.0,2008,19,2011;2016;2021;2026,GEN,,,,yes,36,BANKURA,36,agrees,,AC_list;coverage
West Bengal,1893,Ranibandh,223,Bankura,249,249,RANIBUNDH,2026,fuzzy,0.889,2008,19,2011;2016;2021;2026,ST,,,,yes,36,BANKURA,36,agrees,similarity; PC agrees; consonant skeleton equal,AC_list;coverage
West Bengal,1892,Raipur,223,Bankura,250,250,RAIPUR,2026,exact_name,1.0,2008,19,2011;2016;2021;2026,ST,,,,yes,36,BANKURA,36,agrees,,AC_list;coverage
West Bengal,1895,Taldangra,223,Bankura,251,251,TALDANGRA,2026,exact_name,1.0,2008,19,2011;2016;2021;2026,GEN,,,,yes,36,BANKURA,36,agrees,,AC_list;coverage
West Bengal,1889,Bankura,223,Bankura,252,252,BANKURA,2026,eci_code,1.0,2008,19,2011;2016;2021;2026,GEN,,252,yes,yes,36,BANKURA,36,agrees,,AC_list;coverage;urban_mapping
West Bengal,1938,Barjora,230,Bishnupur,253,253,BARJORA,2026,exact_name,1.0,2008,19,2011;2016;2021;2026,GEN,,,,yes,37,BISHNUPUR,37,agrees,,AC_list;coverage
West Bengal,1943,Onda,230,Bishnupur,254,254,ONDA,2026,exact_name,1.0,2008,19,2011;2016;2021;2026,GEN,,,,yes,37,BISHNUPUR,37,agrees,,AC_list;coverage
West Bengal,1939,Bishnupur,230,Bishnupur,255,255,BISHNUPUR,2026,eci_code,1.0,2008,19,2011;2016;2021;2026,GEN,,255,yes,yes,37,BISHNUPUR,37,agrees,,AC_list;coverage;urban_mapping
West Bengal,1941,Katulpur,230,Bishnupur,256,256,KATULPUR,2026,exact_name,1.0,2008,19,2011;2016;2021;2026,SC,,,,yes,37,BISHNUPUR,37,agrees,,AC_list;coverage
West Bengal,1940,Indus,230,Bishnupur,257,257,INDUS,2026,exact_name,1.0,2008,19,2011;2016;2021;2026,SC,,,,yes,37,BISHNUPUR,37,agrees,,AC_list;coverage
West Bengal,1944,Sonamukhi,230,Bishnupur,258,258,SONAMUKHI,2026,eci_code,1.0,2008,19,2011;2016;2021;2026,SC,,258,yes,yes,37,BISHNUPUR,37,agrees,,AC_list;coverage;urban_mapping
West Bengal,1942,Khandaghosh,230,Bishnupur,259,259,KHANDAGHOSH,2026,exact_name,1.0,2008,19,2011;2016;2021;2026,SC,,,,yes,37,BISHNUPUR,37,agrees,,AC_list;coverage
West Bengal,1904,Burdwan Dakshin,225,Bardhaman - Durgapur,260,260,BARDHAMAN DAKSHIN,2026,eci_code,1.0,2008,19,2011;2016;2021;2026,GEN,,260,yes,yes,39,BARDHAMAN-DURGAPUR,39,agrees,eci code; official rename (BURDWAN=BARDHAMAN),AC_list;coverage;urban_mapping
West Bengal,1916,Raina,226,Bardhaman Purba,261,261,RAINA,2026,exact_name,1.0,2008,19,2011;2016;2021;2026,SC,,,,yes,38,BARDHAMAN PURBA,38,agrees,,AC_list;coverage
West Bengal,1910,Jamalpur,226,Bardhaman Purba,262,262,JAMALPUR,2026,exact_name,1.0,2008,19,2011;2016;2021;2026,SC,,,,yes,38,BARDHAMAN PURBA,38,agrees,,AC_list;coverage
West Bengal,1909,Monteswar,225,Bardhaman - Durgapur,263,263,MONTESWAR,2026,exact_name,1.0,2008,19,2011;2016;2021;2026,GEN,,,,yes,39,BARDHAMAN-DURGAPUR,39,agrees,,AC_list;coverage
West Bengal,1911,Kalna,226,Bardhaman Purba,264,264,KALNA,2026,eci_code,1.0,2008,19,2011;2016;2021;2026,SC,,264,yes,yes,38,BARDHAMAN PURBA,38,agrees,,AC_list;coverage;urban_mapping
West Bengal,1913,Memari,226,Bardhaman Purba,265,265,MEMARI,2026,eci_code,1.0,2008,19,2011;2016;2021;2026,GEN,,265,yes,yes,38,BARDHAMAN PURBA,38,agrees,,AC_list;coverage;urban_mapping
West Bengal,1905,Burdwan Uttar,225,Bardhaman - Durgapur,266,266,BARDHAMAN UTTAR,2026,fuzzy,1.0,2008,19,2011;2016;2021;2026,SC,,,,yes,39,BARDHAMAN-DURGAPUR,39,agrees,official rename (BURDWAN=BARDHAMAN),AC_list;coverage
West Bengal,1903,Bhatar,225,Bardhaman - Durgapur,267,267,BHATAR,2026,exact_name,1.0,2008,19,2011;2016;2021;2026,GEN,,,,yes,39,BARDHAMAN-DURGAPUR,39,agrees,,AC_list;coverage
West Bengal,1914,Purbasthali Dakshin,226,Bardhaman Purba,268,268,PURBASTHALI DAKSHIN,2026,exact_name,1.0,2008,19,2011;2016;2021;2026,GEN,,,,yes,38,BARDHAMAN PURBA,38,agrees,,AC_list;coverage
West Bengal,1915,Purbasthali Uttar,226,Bardhaman Purba,269,269,PURBASTHALI UTTAR,2026,exact_name,1.0,2008,19,2011;2016;2021;2026,GEN,,,,yes,38,BARDHAMAN PURBA,38,agrees,,AC_list;coverage
West Bengal,1912,Katwa,226,Bardhaman Purba,270,270,KATWA,2026,eci_code,1.0,2008,19,2011;2016;2021;2026,GEN,,270,yes,yes,38,BARDHAMAN PURBA,38,agrees,,AC_list;coverage;urban_mapping
West Bengal,1947,Ketugram,231,Bolpur,271,271,KETUGRAM,2026,exact_name,1.0,2008,19,2011;2016;2021;2026,GEN,,,,yes,41,BOLPUR,41,agrees,,AC_list;coverage
West Bengal,1949,Mangalkot,231,Bolpur,272,272,MANGALKOT,2026,exact_name,1.0,2008,19,2011;2016;2021;2026,GEN,,,,yes,41,BOLPUR,41,agrees,,AC_list;coverage
West Bengal,1945,Ausgram,231,Bolpur,273,273,AUSGRAM,2026,eci_code,1.0,2008,19,2011;2016;2021;2026,SC,,273,yes,yes,41,BOLPUR,41,agrees,,AC_list;coverage;urban_mapping
West Bengal,1908,Galsi,225,Bardhaman - Durgapur,274,274,GALSI,2026,exact_name,1.0,2008,19,2011;2016;2021;2026,SC,,,,yes,39,BARDHAMAN-DURGAPUR,39,agrees,,AC_list;coverage
West Bengal,1866,Pandabeswar,219,Asansol,275,275,PANDABESWAR,2026,exact_name,1.0,2008,19,2011;2016;2021;2026,GEN,,,,yes,40,ASANSOL,40,agrees,,AC_list;coverage
West Bengal,1907,Durgapur Purba,225,Bardhaman - Durgapur,276,276,DURGAPUR PURBA,2026,exact_name,1.0,2008,19,2011;2016;2021;2026,GEN,,,,yes,39,BARDHAMAN-DURGAPUR,39,agrees,,AC_list;coverage
West Bengal,1906,Durgapur paschim,225,Bardhaman - Durgapur,277,277,DURGAPUR PASCHIM,2026,eci_code,1.0,2008,19,2011;2016;2021;2026,GEN,,277,yes,yes,39,BARDHAMAN-DURGAPUR,39,agrees,,AC_list;coverage;urban_mapping
West Bengal,1867,Raniganj,219,Asansol,278,278,RANIGANJ,2026,exact_name,1.0,2008,19,2011;2016;2021;2026,GEN,,,,yes,40,ASANSOL,40,agrees,,AC_list;coverage
West Bengal,1864,Jamuria,219,Asansol,279,279,JAMURIA,2026,exact_name,1.0,2008,19,2011;2016;2021;2026,GEN,,,,yes,40,ASANSOL,40,agrees,,AC_list;coverage
West Bengal,1862,Asnsol Dakshin,219,Asansol,280,280,ASANSOL DAKSHIN,2026,fuzzy,0.933,2008,19,2011;2016;2021;2026,GEN,,,,yes,40,ASANSOL,40,agrees,similarity; PC agrees; consonant skeleton equal,AC_list;coverage
West Bengal,1861,Asansol Uttar,219,Asansol,281,281,ASANSOL UTTAR,2026,eci_code,1.0,2008,19,2011;2016;2021;2026,GEN,,281,yes,yes,40,ASANSOL,40,agrees,,AC_list;coverage;urban_mapping
West Bengal,1865,Kulti,219,Asansol,282,282,KULTI,2026,eci_code,1.0,2008,19,2011;2016;2021;2026,GEN,,282,yes,yes,40,ASANSOL,40,agrees,,AC_list;coverage;urban_mapping
West Bengal,1863,Barabani,219,Asansol,283,283,BARBANI,2026,fuzzy,0.933,2008,19,2011;2016;2021;2026,GEN,,,,yes,40,ASANSOL,40,agrees,similarity; PC agrees; consonant skeleton equal,AC_list;coverage
West Bengal,1931,Dubrajpur,229,Birbhum,284,284,DUBRAJPUR,2026,eci_code,1.0,2008,19,2011;2016;2021;2026,SC,,284,yes,yes,42,BIRBHUM,42,agrees,,AC_list;coverage;urban_mapping
West Bengal,1937,Suri,229,Birbhum,285,285,SURI,2026,eci_code,1.0,2008,19,2011;2016;2021;2026,GEN,,285,yes,yes,42,BIRBHUM,42,agrees,,AC_list;coverage;urban_mapping
West Bengal,1946,Bolpur,231,Bolpur,286,286,BOLPUR,2026,eci_code,1.0,2008,19,2011;2016;2021;2026,GEN,,286,yes,yes,41,BOLPUR,41,agrees,,AC_list;coverage;urban_mapping
West Bengal,1951,Nanoor,231,Bolpur,287,287,NANOOR,2026,exact_name,1.0,2008,19,2011;2016;2021;2026,SC,,,,yes,41,BOLPUR,41,agrees,,AC_list;coverage
West Bengal,1948,Labhpur,231,Bolpur,288,288,LABHPUR,2026,exact_name,1.0,2008,19,2011;2016;2021;2026,GEN,,,,yes,41,BOLPUR,41,agrees,,AC_list;coverage
West Bengal,1936,Sainthia,229,Birbhum,289,289,SAINTHIA,2026,exact_name,1.0,2008,19,2011;2016;2021;2026,SC,,,,yes,42,BIRBHUM,42,agrees,,AC_list;coverage
West Bengal,1950,Mayureswar,231,Bolpur,290,290,MAYURESWAR,2026,exact_name,1.0,2008,19,2011;2016;2021;2026,GEN,,,,yes,41,BOLPUR,41,agrees,,AC_list;coverage
West Bengal,1935,Rampurhat,229,Birbhum,291,291,RAMPURHAT,2026,eci_code,1.0,2008,19,2011;2016;2021;2026,GEN,,291,yes,yes,42,BIRBHUM,42,agrees,,AC_list;coverage;urban_mapping
West Bengal,1932,Hansan,229,Birbhum,292,292,HANSAN,2026,exact_name,1.0,2008,19,2011;2016;2021;2026,GEN,,,,yes,42,BIRBHUM,42,agrees,,AC_list;coverage
West Bengal,1934,Nalhati,229,Birbhum,293,293,NALHATI,2026,eci_code,1.0,2008,19,2011;2016;2021;2026,GEN,,293,yes,yes,42,BIRBHUM,42,agrees,,AC_list;coverage;urban_mapping
West Bengal,1933,Murarai,229,Birbhum,294,294,MURARAI,2026,exact_name,1.0,2008,19,2011;2016;2021;2026,GEN,,,,yes,42,BIRBHUM,42,agrees,,AC_list;coverage
