role,idno,title,catalog_url,download_url,filename,bytes,sha256,fetched_utc,local_copy
HL-07 sub-district / town household totals (HLO basis),PC11_HL07-01,"HL-07: Households (excluding institutional households) by main source of lighting, Jammu and Kashmir - 2011",https://censusindia.gov.in/nada/index.php/catalog/8558,https://censusindia.gov.in/nada/index.php/catalog/8558/download/11670,DDW-HH2507-0100.xls,113664,6dbb413ca42c303285c27fe0a0f1db75bf4809e681ff8fd3c322c1a89c7e4b1a,2026-09-29T13:41:27Z,tools/sources/census2011/hlo/raw/DDW-HH2507-0100.xls
HL-07 sub-district / town household totals (HLO basis),PC11_HL07-02,"HL-07: Households (excluding institutional households) by main source of lighting, Himachal Pradesh - 2011",https://censusindia.gov.in/nada/index.php/catalog/8557,https://censusindia.gov.in/nada/index.php/catalog/8557/download/11669,DDW-HH2507-0200.xls,113664,ddfe98f1e7098878d4948bc96414fd8d52b290ce890db52e015dfa8222aded68,2026-09-29T13:41:28Z,tools/sources/census2011/hlo/raw/DDW-HH2507-0200.xls
HL-07 sub-district / town household totals (HLO basis),PC11_HL07-03,"HL-07: Households (excluding institutional households) by main source of lighting, Punjab - 2011",https://censusindia.gov.in/nada/index.php/catalog/8571,https://censusindia.gov.in/nada/index.php/catalog/8571/download/11683,DDW-HH2507-0300.xls,129024,0c23b5ea8f316847c44b3806ba5799b9215a7dc08674789f78ce64efa1432063,2026-09-29T13:41:29Z,tools/sources/census2011/hlo/raw/DDW-HH2507-0300.xls
HL-07 sub-district / town household totals (HLO basis),PC11_HL07-04,"HL-07: Households (excluding institutional households) by main source of lighting, Chandigarh - 2011",https://censusindia.gov.in/nada/index.php/catalog/8549,https://censusindia.gov.in/nada/index.php/catalog/8549/download/11661,DDW-HH2507-0400.xls,32768,d8c0f4e13c728b087d90245905153d91e098a10ae4220dfa044b9d997206c645,2026-09-29T13:41:29Z,tools/sources/census2011/hlo/raw/DDW-HH2507-0400.xls
HL-07 sub-district / town household totals (HLO basis),PC11_HL07-05,"HL-07: Households (excluding institutional households) by main source of lighting, Uttarakhand - 2011",https://censusindia.gov.in/nada/index.php/catalog/8577,https://censusindia.gov.in/nada/index.php/catalog/8577/download/11689,DDW-HH2507-0500.xls,104960,aaca21b25285c1127a083c7e38462b1a774884d3015c1ccf3b0d510cc71044cb,2026-09-29T13:41:30Z,tools/sources/census2011/hlo/raw/DDW-HH2507-0500.xls
HL-07 sub-district / town household totals (HLO basis),PC11_HL07-06,"HL-07: Households (excluding institutional households) by main source of lighting, Haryana - 2011",https://censusindia.gov.in/nada/index.php/catalog/8556,https://censusindia.gov.in/nada/index.php/catalog/8556/download/11668,DDW-HH2507-0600.xls,114176,064a0c6bd420f4549c03e7e1f6616cac11ee4e78717ccb69ea0b97cd1c52e3e0,2026-09-29T13:41:31Z,tools/sources/census2011/hlo/raw/DDW-HH2507-0600.xls
HL-07 sub-district / town household totals (HLO basis),PC11_HL07-07,"HL-07: Households (excluding institutional households) by main source of lighting, NCT of Delhi - 2011",https://censusindia.gov.in/nada/index.php/catalog/8553,https://censusindia.gov.in/nada/index.php/catalog/8553/download/11665,DDW-HH2507-0700.xls,79872,f62baee2ccae811d8ca3dfa7d53b1b32650537476ff3a478a68f66cf3c817878,2026-09-29T13:41:32Z,tools/sources/census2011/hlo/raw/DDW-HH2507-0700.xls
HL-07 sub-district / town household totals (HLO basis),PC11_HL07-08,"HL-07: Households (excluding institutional households) by main source of lighting, Rajasthan - 2011",https://censusindia.gov.in/nada/index.php/catalog/8572,https://censusindia.gov.in/nada/index.php/catalog/8572/download/11684,DDW-HH2507-0800.xls,244224,c2480ba523683e0ebcaadd547c9e6454e44c5817d14420d3de761fd0159e356c,2026-09-29T13:41:33Z,tools/sources/census2011/hlo/raw/DDW-HH2507-0800.xls
HL-07 sub-district / town household totals (HLO basis),PC11_HL07-09,"HL-07: Households (excluding institutional households) by main source of lighting, Uttar Pradesh - 2011",https://censusindia.gov.in/nada/index.php/catalog/8576,https://censusindia.gov.in/nada/index.php/catalog/8576/download/11688,DDW-HH2507-0900.xls,426496,6fa7f299a4bb85596a954278421124c533ed926e11e13983a07b6c431923477d,2026-09-29T13:41:34Z,tools/sources/census2011/hlo/raw/DDW-HH2507-0900.xls
HL-07 sub-district / town household totals (HLO basis),PC11_HL07-10,"HL-07: Households (excluding institutional households) by main source of lighting, Bihar - 2011",https://censusindia.gov.in/nada/index.php/catalog/8548,https://censusindia.gov.in/nada/index.php/catalog/8548/download/11660,DDW-HH2507-1000.xls,387584,6d25bee6bdf099d3f282ed9a52e0f48be9c304f63b44db96b165aacde375099b,2026-09-29T13:41:35Z,tools/sources/census2011/hlo/raw/DDW-HH2507-1000.xls
HL-07 sub-district / town household totals (HLO basis),PC11_HL07-11,"HL-07: Households (excluding institutional households) by main source of lighting, Sikkim - 2011",https://censusindia.gov.in/nada/index.php/catalog/8573,https://censusindia.gov.in/nada/index.php/catalog/8573/download/11685,DDW-HH2507-1100.xls,39424,628b90f4f63df365a432256a9bfedc4bbfa7d565000bde1ca91a1bb2d56d6637,2026-09-29T13:41:36Z,tools/sources/census2011/hlo/raw/DDW-HH2507-1100.xls
HL-07 sub-district / town household totals (HLO basis),PC11_HL07-12,"HL-07: Households (excluding institutional households) by main source of lighting, Arunachal Pradesh - 2011",https://censusindia.gov.in/nada/index.php/catalog/8546,https://censusindia.gov.in/nada/index.php/catalog/8546/download/11658,DDW-HH2507-1200.xls,149504,ffc5194420ecaa0d8d23d8175747b30f46802e371bd7fdaa931e219ee6767901,2026-09-29T13:41:37Z,tools/sources/census2011/hlo/raw/DDW-HH2507-1200.xls
HL-07 sub-district / town household totals (HLO basis),PC11_HL07-13,"HL-07: Households (excluding institutional households) by main source of lighting, Nagaland - 2011",https://censusindia.gov.in/nada/index.php/catalog/8568,https://censusindia.gov.in/nada/index.php/catalog/8568/download/11680,DDW-HH2507-1300.xls,104960,f76de29b389225d4db3744fdc910d7743465ec50f87d91f6e3a1340b0fb4317c,2026-09-29T13:41:38Z,tools/sources/census2011/hlo/raw/DDW-HH2507-1300.xls
HL-07 sub-district / town household totals (HLO basis),PC11_HL07-14,"HL-07: Households (excluding institutional households) by main source of lighting, Manipur - 2011",https://censusindia.gov.in/nada/index.php/catalog/8565,https://censusindia.gov.in/nada/index.php/catalog/8565/download/11677,DDW-HH2507-1400.xls,58880,49780ad9328bd80ff60bcae5bca476d7ff6d22e737c13ab5be81699555c1b2f8,2026-09-29T13:41:39Z,tools/sources/census2011/hlo/raw/DDW-HH2507-1400.xls
HL-07 sub-district / town household totals (HLO basis),PC11_HL07-15,"HL-07: Households (excluding institutional households) by main source of lighting, Mizoram - 2011",https://censusindia.gov.in/nada/index.php/catalog/8567,https://censusindia.gov.in/nada/index.php/catalog/8567/download/11679,DDW-HH2507-1500.xls,55296,ecc287e0c88a81b1546a3bfd55b7867fb861f528c111fe4e5041f57a058b514b,2026-09-29T13:41:39Z,tools/sources/census2011/hlo/raw/DDW-HH2507-1500.xls
HL-07 sub-district / town household totals (HLO basis),PC11_HL07-16,"HL-07: Households (excluding institutional households) by main source of lighting, Tripura - 2011",https://censusindia.gov.in/nada/index.php/catalog/8575,https://censusindia.gov.in/nada/index.php/catalog/8575/download/11687,DDW-HH2507-1600.xls,64512,17121bc822ec081909c8234ebc5d4390ad03d2cff1bf9293327a7147558cce4c,2026-09-29T13:41:40Z,tools/sources/census2011/hlo/raw/DDW-HH2507-1600.xls
HL-07 sub-district / town household totals (HLO basis),PC11_HL07-17,"HL-07: Households (excluding institutional households) by main source of lighting, Meghalaya - 2011",https://censusindia.gov.in/nada/index.php/catalog/8566,https://censusindia.gov.in/nada/index.php/catalog/8566/download/11678,DDW-HH2507-1700.xls,60416,da097b79cf4df6c9c1906161b16195c13f0432c4c5940aec7a0cf59a3e7160e8,2026-09-29T13:41:41Z,tools/sources/census2011/hlo/raw/DDW-HH2507-1700.xls
HL-07 sub-district / town household totals (HLO basis),PC11_HL07-18,"HL-07: Households (excluding institutional households) by main source of lighting, Assam - 2011",https://censusindia.gov.in/nada/index.php/catalog/8547,https://censusindia.gov.in/nada/index.php/catalog/8547/download/11659,DDW-HH2507-1800.xls,217600,9b94652df3a85f3294cb1eabdb7be899acf2372a485de734397e259f312d2ab1,2026-09-29T13:41:42Z,tools/sources/census2011/hlo/raw/DDW-HH2507-1800.xls
HL-07 sub-district / town household totals (HLO basis),PC11_HL07-19,"HL-07: Households (excluding institutional households) by main source of lighting, West Bengal - 2011",https://censusindia.gov.in/nada/index.php/catalog/8578,https://censusindia.gov.in/nada/index.php/catalog/8578/download/11690,DDW-HH2507-1900.xls,424960,c77d0faf0291bfad0c9fe1fe13377c5373ac0d542e7d7c6c5a2cd943614cd6bf,2026-09-29T13:41:43Z,tools/sources/census2011/hlo/raw/DDW-HH2507-1900.xls
HL-07 sub-district / town household totals (HLO basis),PC11_HL07-20,"HL-07: Households (excluding institutional households) by main source of lighting, Jharkhand - 2011",https://censusindia.gov.in/nada/index.php/catalog/8559,https://censusindia.gov.in/nada/index.php/catalog/8559/download/11671,DDW-HH2507-2000.xls,233472,918c9bac21cd28058e96e0e488921efb812740117a707107ebf4a004daf8b685,2026-09-29T13:41:44Z,tools/sources/census2011/hlo/raw/DDW-HH2507-2000.xls
HL-07 sub-district / town household totals (HLO basis),PC11_HL07-21,"HL-07: Households (excluding institutional households) by main source of lighting, Odisha - 2011",https://censusindia.gov.in/nada/index.php/catalog/8569,https://censusindia.gov.in/nada/index.php/catalog/8569/download/11681,DDW-HH2507-2100.xls,357376,f2b33c035a0081ad6861aa3a47a1e4b9a5ffefdf9436efb64a417f4e9c347a89,2026-09-29T13:41:45Z,tools/sources/census2011/hlo/raw/DDW-HH2507-2100.xls
HL-07 sub-district / town household totals (HLO basis),PC11_HL07-22,"HL-07: Households (excluding institutional households) by main source of lighting, Chhattisgarh - 2011",https://censusindia.gov.in/nada/index.php/catalog/8550,https://censusindia.gov.in/nada/index.php/catalog/8550/download/11662,DDW-HH2507-2200.xls,163328,660d88bb2d53299c2525a387b8d99df122139e4701266c7e919ec60483b9548a,2026-09-29T13:41:46Z,tools/sources/census2011/hlo/raw/DDW-HH2507-2200.xls
HL-07 sub-district / town household totals (HLO basis),PC11_HL07-23,"HL-07: Households (excluding institutional households) by main source of lighting, Madhya Pradesh - 2011",https://censusindia.gov.in/nada/index.php/catalog/8563,https://censusindia.gov.in/nada/index.php/catalog/8563/download/11675,DDW-HH2507-2300.xls,344064,4cd327389a06e94478441cfdf7bd6b1a7d6ef810449b631a68f01bc85e9cc820,2026-09-29T13:41:47Z,tools/sources/census2011/hlo/raw/DDW-HH2507-2300.xls
HL-07 sub-district / town household totals (HLO basis),PC11_HL07-24,"HL-07: Households (excluding institutional households) by main source of lighting, Gujarat - 2011",https://censusindia.gov.in/nada/index.php/catalog/8555,https://censusindia.gov.in/nada/index.php/catalog/8555/download/11667,DDW-HH2507-2400.xls,240640,58d10de37a953540761e8336fca670f6cc765e457b329c4c7fc108f33efd852c,2026-09-29T13:41:48Z,tools/sources/census2011/hlo/raw/DDW-HH2507-2400.xls
HL-07 sub-district / town household totals (HLO basis),PC11_HL07-25,"HL-07: Households (excluding institutional households) by main source of lighting, Daman & Diu - 2011",https://censusindia.gov.in/nada/index.php/catalog/8552,https://censusindia.gov.in/nada/index.php/catalog/8552/download/11664,DDW-HH2507-2500.xls,33792,dccb0b4299e8b09c13ba99917a7af5fd5db8278259cb9bf6751c953afd7b20c8,2026-09-29T13:41:48Z,tools/sources/census2011/hlo/raw/DDW-HH2507-2500.xls
HL-07 sub-district / town household totals (HLO basis),PC11_HL07-26,"HL-07: Households (excluding institutional households) by main source of lighting, Dadra & Nagar Haveli - 2011",https://censusindia.gov.in/nada/index.php/catalog/8551,https://censusindia.gov.in/nada/index.php/catalog/8551/download/11663,DDW-HH2507-2600.xls,32768,07d0005c8adcde5aecfe1120d18200e1d845eec3d98da4bd007e03f333cb9bc6,2026-09-29T13:41:49Z,tools/sources/census2011/hlo/raw/DDW-HH2507-2600.xls
HL-07 sub-district / town household totals (HLO basis),PC11_HL07-27,"HL-07: Households (excluding institutional households) by main source of lighting, Maharashtra - 2011",https://censusindia.gov.in/nada/index.php/catalog/8564,https://censusindia.gov.in/nada/index.php/catalog/8564/download/11676,DDW-HH2507-2700.xls,355840,503170bd9066c7fa8d24e1529b74666a0e7391d43e5cf554cb3dd5027457efc5,2026-09-29T13:41:50Z,tools/sources/census2011/hlo/raw/DDW-HH2507-2700.xls
HL-07 sub-district / town household totals (HLO basis),PC11_HL07-28,"HL-07: Households (excluding institutional households) by main source of lighting, Andhra Pradesh - 2011",https://censusindia.gov.in/nada/index.php/catalog/8545,https://censusindia.gov.in/nada/index.php/catalog/8545/download/11657,DDW-HH2507-2800.xls,758272,42d86a00cb3f427d8ebba6716dc2eea87170e216f3720dbba527c6a684c00ee8,2026-09-29T13:41:52Z,tools/sources/census2011/hlo/raw/DDW-HH2507-2800.xls
HL-07 sub-district / town household totals (HLO basis),PC11_HL07-29,"HL-07: Households (excluding institutional households) by main source of lighting, Karnataka - 2011",https://censusindia.gov.in/nada/index.php/catalog/8560,https://censusindia.gov.in/nada/index.php/catalog/8560/download/11672,DDW-HH2507-2900.xls,217600,eabd17874134a94f9d9440c6c4eac619bff78bb1522b4056b266dc473884ec85,2026-09-29T13:41:53Z,tools/sources/census2011/hlo/raw/DDW-HH2507-2900.xls
HL-07 sub-district / town household totals (HLO basis),PC11_HL07-30,"HL-07: Households (excluding institutional households) by main source of lighting, Goa - 2011",https://censusindia.gov.in/nada/index.php/catalog/8554,https://censusindia.gov.in/nada/index.php/catalog/8554/download/11666,DDW-HH2507-3000.xls,51200,811886175fd8d0cbc6545aee600f2ba12a76ffdaf38fca7bbf32e5580924b8b4,2026-09-29T13:41:53Z,tools/sources/census2011/hlo/raw/DDW-HH2507-3000.xls
HL-07 sub-district / town household totals (HLO basis),PC11_HL07-31,"HL-07: Households (excluding institutional households) by main source of lighting, Lakshadweep - 2011",https://censusindia.gov.in/nada/index.php/catalog/8562,https://censusindia.gov.in/nada/index.php/catalog/8562/download/11674,DDW-HH2507-3100.xls,37376,cdeecf2c717db24458b45bef76b11f8be97afa09bb79382754b983a88c7565a2,2026-09-29T13:41:54Z,tools/sources/census2011/hlo/raw/DDW-HH2507-3100.xls
HL-07 sub-district / town household totals (HLO basis),PC11_HL07-32,"HL-07: Households (excluding institutional households) by main source of lighting, Kerala - 2011",https://censusindia.gov.in/nada/index.php/catalog/8561,https://censusindia.gov.in/nada/index.php/catalog/8561/download/11673,DDW-HH2507-3200.xls,180224,db1948da24828703044e1c94c6873d1c8cfa92eaf79c7a2c432292a8943adac7,2026-09-29T13:41:55Z,tools/sources/census2011/hlo/raw/DDW-HH2507-3200.xls
HL-07 sub-district / town household totals (HLO basis),PC11_HL07-33,"HL-07: Households (excluding institutional households) by main source of lighting, Tamil Nadu - 2011",https://censusindia.gov.in/nada/index.php/catalog/8574,https://censusindia.gov.in/nada/index.php/catalog/8574/download/11686,DDW-HH2507-3300.xls,390144,3eff3ad40762369059d738e7be8db16d996be4904153b6f5dbe3847cc4d8ca69,2026-09-29T13:41:56Z,tools/sources/census2011/hlo/raw/DDW-HH2507-3300.xls
HL-07 sub-district / town household totals (HLO basis),PC11_HL07-34,"HL-07: Households (excluding institutional households) by main source of lighting, Puducherry - 2011",https://censusindia.gov.in/nada/index.php/catalog/8570,https://censusindia.gov.in/nada/index.php/catalog/8570/download/11682,DDW-HH2507-3400.xls,38912,0352dc2a5ec39b7520a4ac42ecf13b6e65033f6dfd06c6a4fde0697dd1e2c07b,2026-09-29T13:41:57Z,tools/sources/census2011/hlo/raw/DDW-HH2507-3400.xls
HL-07 sub-district / town household totals (HLO basis),PC11_HL07-35,"HL-07: Households (excluding institutional households) by main source of lighting, Andaman and Nicobar Islands - 2011",https://censusindia.gov.in/nada/index.php/catalog/8544,https://censusindia.gov.in/nada/index.php/catalog/8544/download/11656,DDW-HH2507-3500.xls,37888,1e3c4e66097a3dcdb6c5aa9d0e8ddb43652972c490ad0200800568a83661f693,2026-09-29T13:41:58Z,tools/sources/census2011/hlo/raw/DDW-HH2507-3500.xls
HL-14 village/town/ward % (the rates),PC11_HL14-01-001,"HL-14: Percentage of households to total households by amenities and assets, Jammu and Kashmir, district Kupwara - 2011",https://censusindia.gov.in/nada/index.php/catalog/9299,https://censusindia.gov.in/nada/index.php/catalog/9299/download/12411,HLPCA-01001-2011_H14_census.xlsx,339677,8d29eb42965a0ca98459a244f815561db303c3a489e7e20126db073608c6266b,2026-10-01T07:31:49Z,<scratch>/census/option2/hl14/raw/HLPCA-01001-2011_H14_census.xlsx
HL-14 village/town/ward % (the rates),PC11_HL14-01-002,"HL-14: Percentage of households to total households by amenities and assets, Jammu and Kashmir, district Badgam - 2011",https://censusindia.gov.in/nada/index.php/catalog/9300,https://censusindia.gov.in/nada/index.php/catalog/9300/download/12412,HLPCA-01002-2011_H14_census.xlsx,446434,ce40fea803eb8233401fd5fe8dee8a1113ae2fcf441c9409546948c60881b71e,2026-10-01T07:31:49Z,<scratch>/census/option2/hl14/raw/HLPCA-01002-2011_H14_census.xlsx
HL-14 village/town/ward % (the rates),PC11_HL14-01-003,"HL-14: Percentage of households to total households by amenities and assets, Jammu and Kashmir, district Leh(Ladakh) - 2011",https://censusindia.gov.in/nada/index.php/catalog/9301,https://censusindia.gov.in/nada/index.php/catalog/9301/download/12413,HLPCA-01003-2011_H14_census.xlsx,124147,3df5cce8e3a6fba80b92c3b04394bf91e2e4d3447e743d742faf6130c326b1d8,2026-10-01T07:31:50Z,<scratch>/census/option2/hl14/raw/HLPCA-01003-2011_H14_census.xlsx
HL-14 village/town/ward % (the rates),PC11_HL14-01-004,"HL-14: Percentage of households to total households by amenities and assets, Jammu and Kashmir, district Kargil - 2011",https://censusindia.gov.in/nada/index.php/catalog/9302,https://censusindia.gov.in/nada/index.php/catalog/9302/download/12414,HLPCA-01004-2011_H14_census.xlsx,126431,43e90c48010346b3cff743bac13471ebd6c30c98dec959067aa15650c79b0e40,2026-10-01T07:31:50Z,<scratch>/census/option2/hl14/raw/HLPCA-01004-2011_H14_census.xlsx
HL-14 village/town/ward % (the rates),PC11_HL14-01-005,"HL-14: Percentage of households to total households by amenities and assets, Jammu and Kashmir, district Punch - 2011",https://censusindia.gov.in/nada/index.php/catalog/9303,https://censusindia.gov.in/nada/index.php/catalog/9303/download/12415,HLPCA-01005-2011_H14_census.xlsx,179612,33bc837cc256baa76fc995d7c33d73bbdef703bf8f4ebe07022e6e162012dbdc,2026-10-01T07:31:52Z,<scratch>/census/option2/hl14/raw/HLPCA-01005-2011_H14_census.xlsx
HL-14 village/town/ward % (the rates),PC11_HL14-01-006,"HL-14: Percentage of households to total households by amenities and assets, Jammu and Kashmir, district Rajouri - 2011",https://censusindia.gov.in/nada/index.php/catalog/9304,https://censusindia.gov.in/nada/index.php/catalog/9304/download/12416,HLPCA-01006-2011_H14_census.xlsx,352286,943d297644e62a2226a549fc21d9a844efbbad49515141ccf63757a0c6c2d6ce,2026-10-01T07:31:52Z,<scratch>/census/option2/hl14/raw/HLPCA-01006-2011_H14_census.xlsx
HL-14 village/town/ward % (the rates),PC11_HL14-01-007,"HL-14: Percentage of households to total households by amenities and assets, Jammu and Kashmir, district Kathua - 2011",https://censusindia.gov.in/nada/index.php/catalog/9305,https://censusindia.gov.in/nada/index.php/catalog/9305/download/12417,HLPCA-01007-2011_H14_census.xlsx,475459,ba0497bedd9a4ae01fd9c624b64df3328dd6be8a7f6565478c4b6ed3bd6a2723,2026-10-01T07:31:54Z,<scratch>/census/option2/hl14/raw/HLPCA-01007-2011_H14_census.xlsx
HL-14 village/town/ward % (the rates),PC11_HL14-01-008,"HL-14: Percentage of households to total households by amenities and assets, Jammu and Kashmir, district Baramula - 2011",https://censusindia.gov.in/nada/index.php/catalog/9306,https://censusindia.gov.in/nada/index.php/catalog/9306/download/12418,HLPCA-01008-2011_H14_census.xlsx,507566,2ec8c605b2bd3851711629bb65f72c2b478772ab00c02502e06084dfb9283e7a,2026-10-01T07:31:54Z,<scratch>/census/option2/hl14/raw/HLPCA-01008-2011_H14_census.xlsx
HL-14 village/town/ward % (the rates),PC11_HL14-01-009,"HL-14: Percentage of households to total households by amenities and assets, Jammu and Kashmir, district Bandipore - 2011",https://censusindia.gov.in/nada/index.php/catalog/9307,https://censusindia.gov.in/nada/index.php/catalog/9307/download/12419,HLPCA-01009-2011_H14_census.xlsx,154326,7cce8a0cbbe8b7f094451371424dd9f02e7f2f5a24ba8e86a63c2ffd36e1f6d2,2026-10-01T07:31:56Z,<scratch>/census/option2/hl14/raw/HLPCA-01009-2011_H14_census.xlsx
HL-14 village/town/ward % (the rates),PC11_HL14-01-010,"HL-14: Percentage of households to total households by amenities and assets, Jammu and Kashmir, district Srinagar - 2011",https://censusindia.gov.in/nada/index.php/catalog/9308,https://censusindia.gov.in/nada/index.php/catalog/9308/download/12420,HLPCA-01010-2011_H14_census.xlsx,99769,4ff201e4cb125b693e0740370e0bd40e0b2d4af4d2cc8837d19767d09fc77d33,2026-10-01T07:31:56Z,<scratch>/census/option2/hl14/raw/HLPCA-01010-2011_H14_census.xlsx
HL-14 village/town/ward % (the rates),PC11_HL14-01-011,"HL-14: Percentage of households to total households by amenities and assets, Jammu and Kashmir, district Ganderbal - 2011",https://censusindia.gov.in/nada/index.php/catalog/9309,https://censusindia.gov.in/nada/index.php/catalog/9309/download/12421,HLPCA-01011-2011_H14_census.xlsx,132908,016c563682ac76dd5f61e111c28a0e0f8d3c2231fe97973ed94dac7e46cd5077,2026-10-01T07:31:58Z,<scratch>/census/option2/hl14/raw/HLPCA-01011-2011_H14_census.xlsx
HL-14 village/town/ward % (the rates),PC11_HL14-01-012,"HL-14: Percentage of households to total households by amenities and assets, Jammu and Kashmir, district Pulwama - 2011",https://censusindia.gov.in/nada/index.php/catalog/9310,https://censusindia.gov.in/nada/index.php/catalog/9310/download/12422,HLPCA-01012-2011_H14_census.xlsx,327732,aa0939b1da57f9ef6e53c735284745e71fa9fc56e4cd390fbae88027a03192fa,2026-10-01T07:31:58Z,<scratch>/census/option2/hl14/raw/HLPCA-01012-2011_H14_census.xlsx
HL-14 village/town/ward % (the rates),PC11_HL14-01-013,"HL-14: Percentage of households to total households by amenities and assets, Jammu and Kashmir, district Shupiyan - 2011",https://censusindia.gov.in/nada/index.php/catalog/9311,https://censusindia.gov.in/nada/index.php/catalog/9311/download/12423,HLPCA-01013-2011_H14_census.xlsx,206761,13eb2034316e5509ba07e16160e357fc815edb556067147d32213d2deb9d8965,2026-10-01T07:32:00Z,<scratch>/census/option2/hl14/raw/HLPCA-01013-2011_H14_census.xlsx
HL-14 village/town/ward % (the rates),PC11_HL14-01-014,"HL-14: Percentage of households to total households by amenities and assets, Jammu and Kashmir, district Anantnag - 2011",https://censusindia.gov.in/nada/index.php/catalog/9312,https://censusindia.gov.in/nada/index.php/catalog/9312/download/12424,HLPCA-01014-2011_H14_census.xlsx,437678,5eb1b72a3574b68e909cf51c59f50d0fd3b03cdc70f6abb090319f1d5e7d1d56,2026-10-01T07:32:00Z,<scratch>/census/option2/hl14/raw/HLPCA-01014-2011_H14_census.xlsx
HL-14 village/town/ward % (the rates),PC11_HL14-01-015,"HL-14: Percentage of households to total households by amenities and assets, Jammu and Kashmir, district Kulgam - 2011",https://censusindia.gov.in/nada/index.php/catalog/9313,https://censusindia.gov.in/nada/index.php/catalog/9313/download/12425,HLPCA-01015-2011_H14_census.xlsx,270672,d868c5c075aab14377baa56c9033dfafe9746e147619d869ce9f610025e9dfdc,2026-10-01T07:32:01Z,<scratch>/census/option2/hl14/raw/HLPCA-01015-2011_H14_census.xlsx
HL-14 village/town/ward % (the rates),PC11_HL14-01-016,"HL-14: Percentage of households to total households by amenities and assets, Jammu and Kashmir, district Doda - 2011",https://censusindia.gov.in/nada/index.php/catalog/9314,https://censusindia.gov.in/nada/index.php/catalog/9314/download/12426,HLPCA-01016-2011_H14_census.xlsx,348982,bbba93be2ac768ea2044017286068ce6f0576f0e2ef4453c1f35ae3dae3c20eb,2026-10-01T07:32:01Z,<scratch>/census/option2/hl14/raw/HLPCA-01016-2011_H14_census.xlsx
HL-14 village/town/ward % (the rates),PC11_HL14-01-017,"HL-14: Percentage of households to total households by amenities and assets, Jammu and Kashmir, district Ramban - 2011",https://censusindia.gov.in/nada/index.php/catalog/9315,https://censusindia.gov.in/nada/index.php/catalog/9315/download/12427,HLPCA-01017-2011_H14_census.xlsx,140065,b510c8b6ff0a82ead4287c93a1caf535558c4ee2253401819c22170376254334,2026-10-01T07:32:03Z,<scratch>/census/option2/hl14/raw/HLPCA-01017-2011_H14_census.xlsx
HL-14 village/town/ward % (the rates),PC11_HL14-01-018,"HL-14: Percentage of households to total households by amenities and assets, Jammu and Kashmir, district Kishtwar - 2011",https://censusindia.gov.in/nada/index.php/catalog/9316,https://censusindia.gov.in/nada/index.php/catalog/9316/download/12428,HLPCA-01018-2011_H14_census.xlsx,150572,051da7ad8f4d21786bed50d0232ab3baaa2e432489f2363ff9b1287c4b78f338,2026-10-01T07:32:03Z,<scratch>/census/option2/hl14/raw/HLPCA-01018-2011_H14_census.xlsx
HL-14 village/town/ward % (the rates),PC11_HL14-01-019,"HL-14: Percentage of households to total households by amenities and assets, Jammu and Kashmir, district Udhampur - 2011",https://censusindia.gov.in/nada/index.php/catalog/9317,https://censusindia.gov.in/nada/index.php/catalog/9317/download/12429,HLPCA-01019-2011_H14_census.xlsx,335710,46c07c28e6f2c06be52f6f77502f3d20f8e606907da801daec5e6889fb5ef638,2026-10-01T07:32:05Z,<scratch>/census/option2/hl14/raw/HLPCA-01019-2011_H14_census.xlsx
HL-14 village/town/ward % (the rates),PC11_HL14-01-020,"HL-14: Percentage of households to total households by amenities and assets, Jammu and Kashmir, district Reasi - 2011",https://censusindia.gov.in/nada/index.php/catalog/9318,https://censusindia.gov.in/nada/index.php/catalog/9318/download/12430,HLPCA-01020-2011_H14_census.xlsx,235433,c8b5769eb3b1e0086da3064584155558f9629f7b0199eeb17fcde81f94902f71,2026-10-01T07:32:07Z,<scratch>/census/option2/hl14/raw/HLPCA-01020-2011_H14_census.xlsx
HL-14 village/town/ward % (the rates),PC11_HL14-01-021,"HL-14: Percentage of households to total households by amenities and assets, Jammu and Kashmir, district Jammu - 2011",https://censusindia.gov.in/nada/index.php/catalog/9319,https://censusindia.gov.in/nada/index.php/catalog/9319/download/12431,HLPCA-01021-2011_H14_census.xlsx,811272,7a6da079fa016fbb549bf6353af4c5ab80225a66df655f23290bcb2760888960,2026-10-01T07:32:07Z,<scratch>/census/option2/hl14/raw/HLPCA-01021-2011_H14_census.xlsx
HL-14 village/town/ward % (the rates),PC11_HL14-01-022,"HL-14: Percentage of households to total households by amenities and assets, Jammu and Kashmir, district Samba - 2011",https://censusindia.gov.in/nada/index.php/catalog/9320,https://censusindia.gov.in/nada/index.php/catalog/9320/download/12432,HLPCA-01022-2011_H14_census.xlsx,327160,c244e099d7c9796dbfbc00a28aac58280069dc6c8561d44cf8b181c1e1cd41d6,2026-10-01T07:32:08Z,<scratch>/census/option2/hl14/raw/HLPCA-01022-2011_H14_census.xlsx
HL-14 village/town/ward % (the rates),PC11_HL14-02-023,"HL-14: Percentage of households to total households by amenities and assets, Himachal Pradesh, district Chamba - 2011",https://censusindia.gov.in/nada/index.php/catalog/9321,https://censusindia.gov.in/nada/index.php/catalog/9321/download/12433,HLPCA-02023-2011_H14_census.xlsx,875663,b8d9c781313d0e5ebc6476f20679faef94d3c8c32f2fc302284703da7aefe237,2026-10-01T07:32:09Z,<scratch>/census/option2/hl14/raw/HLPCA-02023-2011_H14_census.xlsx
HL-14 village/town/ward % (the rates),PC11_HL14-02-024,"HL-14: Percentage of households to total households by amenities and assets, Himachal Pradesh, district Kangra - 2011",https://censusindia.gov.in/nada/index.php/catalog/9322,https://censusindia.gov.in/nada/index.php/catalog/9322/download/12434,HLPCA-02024-2011_H14_census.xlsx,2859958,a079e54d042beba66df925614cbacef5e8055fc1db62f4543829fb3fd1eb8ef4,2026-10-01T07:32:11Z,<scratch>/census/option2/hl14/raw/HLPCA-02024-2011_H14_census.xlsx
HL-14 village/town/ward % (the rates),PC11_HL14-02-025,"HL-14: Percentage of households to total households by amenities and assets, Himachal Pradesh, district Lahul & Spiti - 2011",https://censusindia.gov.in/nada/index.php/catalog/9323,https://censusindia.gov.in/nada/index.php/catalog/9323/download/12435,HLPCA-02025-2011_H14_census.xlsx,201188,01570fb651ed500bc8a7c18a335334f050b560d53361237dd82163cffae8c4b0,2026-10-01T07:32:11Z,<scratch>/census/option2/hl14/raw/HLPCA-02025-2011_H14_census.xlsx
HL-14 village/town/ward % (the rates),PC11_HL14-02-026,"HL-14: Percentage of households to total households by amenities and assets, Himachal Pradesh, district Kullu - 2011",https://censusindia.gov.in/nada/index.php/catalog/9324,https://censusindia.gov.in/nada/index.php/catalog/9324/download/12436,HLPCA-02026-2011_H14_census.xlsx,302231,1d8317ebf83a445b0024b7bacff866bc9a1b97b37ec082e7b3f2114f6056b400,2026-10-01T07:32:14Z,<scratch>/census/option2/hl14/raw/HLPCA-02026-2011_H14_census.xlsx
HL-14 village/town/ward % (the rates),PC11_HL14-02-027,"HL-14: Percentage of households to total households by amenities and assets, Himachal Pradesh, district Mandi - 2011",https://censusindia.gov.in/nada/index.php/catalog/9325,https://censusindia.gov.in/nada/index.php/catalog/9325/download/12437,HLPCA-02027-2011_H14_census.xlsx,2181878,144a9303db62aad2314d16901bbaad7c7fe981516137ce252afcc1d6acf2b840,2026-10-01T07:32:14Z,<scratch>/census/option2/hl14/raw/HLPCA-02027-2011_H14_census.xlsx
HL-14 village/town/ward % (the rates),PC11_HL14-02-028,"HL-14: Percentage of households to total households by amenities and assets, Himachal Pradesh, district Hamirpur - 2011",https://censusindia.gov.in/nada/index.php/catalog/9326,https://censusindia.gov.in/nada/index.php/catalog/9326/download/12438,HLPCA-02028-2011_H14_census.xlsx,1279424,7210d23e39cc05f88a67ece1cf1f11e84f544ef44fd0d2b0860c5301be60bac0,2026-10-01T07:32:16Z,<scratch>/census/option2/hl14/raw/HLPCA-02028-2011_H14_census.xlsx
HL-14 village/town/ward % (the rates),PC11_HL14-02-029,"HL-14: Percentage of households to total households by amenities and assets, Himachal Pradesh, district Una - 2011",https://censusindia.gov.in/nada/index.php/catalog/9327,https://censusindia.gov.in/nada/index.php/catalog/9327/download/12439,HLPCA-02029-2011_H14_census.xlsx,659054,e586d0ef0536b8961659db18e3ea2f9a404c81abbb69b3a39e0d6f1d17ef9655,2026-10-01T07:32:16Z,<scratch>/census/option2/hl14/raw/HLPCA-02029-2011_H14_census.xlsx
HL-14 village/town/ward % (the rates),PC11_HL14-02-030,"HL-14: Percentage of households to total households by amenities and assets, Himachal Pradesh, district Bilaspur - 2011",https://censusindia.gov.in/nada/index.php/catalog/9328,https://censusindia.gov.in/nada/index.php/catalog/9328/download/12440,HLPCA-02030-2011_H14_census.xlsx,761317,7b188933e15bf9c71bed82c13c7087c2d217ea202c833998c88edbafe0b3ab94,2026-10-01T07:32:18Z,<scratch>/census/option2/hl14/raw/HLPCA-02030-2011_H14_census.xlsx
HL-14 village/town/ward % (the rates),PC11_HL14-02-031,"HL-14: Percentage of households to total households by amenities and assets, Himachal Pradesh, district Solan - 2011",https://censusindia.gov.in/nada/index.php/catalog/9329,https://censusindia.gov.in/nada/index.php/catalog/9329/download/12441,HLPCA-02031-2011_H14_census.xlsx,1779053,7d87a99c10833216c8739228365a4a5045a664b09904c47eb2941a753b45e969,2026-10-01T07:32:19Z,<scratch>/census/option2/hl14/raw/HLPCA-02031-2011_H14_census.xlsx
HL-14 village/town/ward % (the rates),PC11_HL14-02-032,"HL-14: Percentage of households to total households by amenities and assets, Himachal Pradesh, district Sirmaur - 2011",https://censusindia.gov.in/nada/index.php/catalog/9330,https://censusindia.gov.in/nada/index.php/catalog/9330/download/12442,HLPCA-02032-2011_H14_census.xlsx,786580,a6baacf3267bb9f7b45b86ff9a3b17af4e4e767b4e9e9853aa9aabb340a25cee,2026-10-01T07:32:21Z,<scratch>/census/option2/hl14/raw/HLPCA-02032-2011_H14_census.xlsx
HL-14 village/town/ward % (the rates),PC11_HL14-02-033,"HL-14: Percentage of households to total households by amenities and assets, Himachal Pradesh, district Shimla - 2011",https://censusindia.gov.in/nada/index.php/catalog/9331,https://censusindia.gov.in/nada/index.php/catalog/9331/download/12443,HLPCA-02033-2011_H14_census.xlsx,2097016,9b127a7953729e5d6f73e747c786f9c33ac0cd92dce1be8a3f973c364dd52fa0,2026-10-01T07:32:22Z,<scratch>/census/option2/hl14/raw/HLPCA-02033-2011_H14_census.xlsx
HL-14 village/town/ward % (the rates),PC11_HL14-02-034,"HL-14: Percentage of households to total households by amenities and assets, Himachal Pradesh, district Kinnaur - 2011",https://censusindia.gov.in/nada/index.php/catalog/9332,https://censusindia.gov.in/nada/index.php/catalog/9332/download/12444,HLPCA-02034-2011_H14_census.xlsx,197269,52fa8a4642ad54ea3327d00c8c6c7dbfbb7c4ed3881c19a0119ed56f655ffe93,2026-10-01T07:32:22Z,<scratch>/census/option2/hl14/raw/HLPCA-02034-2011_H14_census.xlsx
HL-14 village/town/ward % (the rates),PC11_HL14-03-035,"HL-14: Percentage of households to total households by amenities and assets, Punjab, district Gurdaspur - 2011",https://censusindia.gov.in/nada/index.php/catalog/9333,https://censusindia.gov.in/nada/index.php/catalog/9333/download/12445,HLPCA-03035-2011_H14_census.xlsx,1454474,7a586938e0efc6cc7b75f6f973ccb06b9d22cb1241712b1b05ae669e300ec14e,2026-10-01T07:32:24Z,<scratch>/census/option2/hl14/raw/HLPCA-03035-2011_H14_census.xlsx
HL-14 village/town/ward % (the rates),PC11_HL14-03-036,"HL-14: Percentage of households to total households by amenities and assets, Punjab, district Kapurthala - 2011",https://censusindia.gov.in/nada/index.php/catalog/9334,https://censusindia.gov.in/nada/index.php/catalog/9334/download/12446,HLPCA-03036-2011_H14_census.xlsx,596759,c94dba4738b258f27a811c4360362b598b530777b93b9919209cb6a6607f2d13,2026-10-01T07:32:24Z,<scratch>/census/option2/hl14/raw/HLPCA-03036-2011_H14_census.xlsx
HL-14 village/town/ward % (the rates),PC11_HL14-03-037,"HL-14: Percentage of households to total households by amenities and assets, Punjab, district Jalandhar - 2011",https://censusindia.gov.in/nada/index.php/catalog/9335,https://censusindia.gov.in/nada/index.php/catalog/9335/download/12447,HLPCA-03037-2011_H14_census.xlsx,983847,3b44abb9c35a581dbc1b50456d0cc9938c5c4a346ea84d6c8665a4ea5ffd2480,2026-10-01T07:32:26Z,<scratch>/census/option2/hl14/raw/HLPCA-03037-2011_H14_census.xlsx
HL-14 village/town/ward % (the rates),PC11_HL14-03-038,"HL-14: Percentage of households to total households by amenities and assets, Punjab, district Hoshiarpur - 2011",https://censusindia.gov.in/nada/index.php/catalog/9336,https://censusindia.gov.in/nada/index.php/catalog/9336/download/12448,HLPCA-03038-2011_H14_census.xlsx,1266909,0429c75852c657084b14a6a8f41db7a99b91e51c274a6fdfe484a655aa473fe1,2026-10-01T07:32:27Z,<scratch>/census/option2/hl14/raw/HLPCA-03038-2011_H14_census.xlsx
HL-14 village/town/ward % (the rates),PC11_HL14-03-039,"HL-14: Percentage of households to total households by amenities and assets, Punjab, district Shahid Bhagat Singh Nagar - 2011",https://censusindia.gov.in/nada/index.php/catalog/9337,https://censusindia.gov.in/nada/index.php/catalog/9337/download/12449,HLPCA-03039-2011_H14_census.xlsx,448156,d2902adb827c24f8813e739ba95913684a74e93e784a96269bbf74b329da5d06,2026-10-01T07:32:29Z,<scratch>/census/option2/hl14/raw/HLPCA-03039-2011_H14_census.xlsx
HL-14 village/town/ward % (the rates),PC11_HL14-03-040,"HL-14: Percentage of households to total households by amenities and assets, Punjab, district Fatehgarh Sahib - 2011",https://censusindia.gov.in/nada/index.php/catalog/9338,https://censusindia.gov.in/nada/index.php/catalog/9338/download/12450,HLPCA-03040-2011_H14_census.xlsx,449556,9804a32a62420b0318114dc633595ad37505c2f24b08dce89cb27358eaee8f6a,2026-10-01T07:32:30Z,<scratch>/census/option2/hl14/raw/HLPCA-03040-2011_H14_census.xlsx
HL-14 village/town/ward % (the rates),PC11_HL14-03-041,"HL-14: Percentage of households to total households by amenities and assets, Punjab, district Ludhiana - 2011",https://censusindia.gov.in/nada/index.php/catalog/9339,https://censusindia.gov.in/nada/index.php/catalog/9339/download/12451,HLPCA-03041-2011_H14_census.xlsx,985311,9d5b12dae276dcc09a28197e0654ac0850bcba45176a0e8dad42bf81ca42ef58,2026-10-01T07:32:32Z,<scratch>/census/option2/hl14/raw/HLPCA-03041-2011_H14_census.xlsx
HL-14 village/town/ward % (the rates),PC11_HL14-03-042,"HL-14: Percentage of households to total households by amenities and assets, Punjab, district Moga - 2011",https://censusindia.gov.in/nada/index.php/catalog/9340,https://censusindia.gov.in/nada/index.php/catalog/9340/download/12452,HLPCA-03042-2011_H14_census.xlsx,355736,301d0581b9690e1e1509b44e7ee468f004288e38076280aecac8d4942ac1b021,2026-10-01T07:32:32Z,<scratch>/census/option2/hl14/raw/HLPCA-03042-2011_H14_census.xlsx
HL-14 village/town/ward % (the rates),PC11_HL14-03-043,"HL-14: Percentage of households to total households by amenities and assets, Punjab, district Firozpur - 2011",https://censusindia.gov.in/nada/index.php/catalog/9341,https://censusindia.gov.in/nada/index.php/catalog/9341/download/12453,HLPCA-03043-2011_H14_census.xlsx,983479,024106fc6598679c42aca86c6ed98fff1fe6ef63ee6325a48b48a4153c351e42,2026-10-01T07:32:34Z,<scratch>/census/option2/hl14/raw/HLPCA-03043-2011_H14_census.xlsx
HL-14 village/town/ward % (the rates),PC11_HL14-03-044,"HL-14: Percentage of households to total households by amenities and assets, Punjab, district Muktsar - 2011",https://censusindia.gov.in/nada/index.php/catalog/9342,https://censusindia.gov.in/nada/index.php/catalog/9342/download/12454,HLPCA-03044-2011_H14_census.xlsx,287628,89c70806280a1e125eefa7462f895aeca2c10362a95348386871ceccc651a7b0,2026-10-01T07:32:34Z,<scratch>/census/option2/hl14/raw/HLPCA-03044-2011_H14_census.xlsx
HL-14 village/town/ward % (the rates),PC11_HL14-03-045,"HL-14: Percentage of households to total households by amenities and assets, Punjab, district Faridkot - 2011",https://censusindia.gov.in/nada/index.php/catalog/9343,https://censusindia.gov.in/nada/index.php/catalog/9343/download/12455,HLPCA-03045-2011_H14_census.xlsx,212563,b2b708de91cef877fd8220a9ef958eb1faa77d4a0ce6fb46ab2d93813fd74e8b,2026-10-01T07:32:36Z,<scratch>/census/option2/hl14/raw/HLPCA-03045-2011_H14_census.xlsx
HL-14 village/town/ward % (the rates),PC11_HL14-03-046,"HL-14: Percentage of households to total households by amenities and assets, Punjab, district Bathinda - 2011",https://censusindia.gov.in/nada/index.php/catalog/9344,https://censusindia.gov.in/nada/index.php/catalog/9344/download/12456,HLPCA-03046-2011_H14_census.xlsx,414564,9317fbf1a596357c6036dd4b6e66c6fa441feefd9d3f6f56d4e1ca38cbb4e443,2026-10-01T07:32:36Z,<scratch>/census/option2/hl14/raw/HLPCA-03046-2011_H14_census.xlsx
HL-14 village/town/ward % (the rates),PC11_HL14-03-047,"HL-14: Percentage of households to total households by amenities and assets, Punjab, district Mansa - 2011",https://censusindia.gov.in/nada/index.php/catalog/9345,https://censusindia.gov.in/nada/index.php/catalog/9345/download/12457,HLPCA-03047-2011_H14_census.xlsx,292008,4b87d2abc3802372c5fec20562670f702b9c6418083123c38362522ed8df99ad,2026-10-01T07:32:38Z,<scratch>/census/option2/hl14/raw/HLPCA-03047-2011_H14_census.xlsx
HL-14 village/town/ward % (the rates),PC11_HL14-03-048,"HL-14: Percentage of households to total households by amenities and assets, Punjab, district Patiala - 2011",https://censusindia.gov.in/nada/index.php/catalog/9346,https://censusindia.gov.in/nada/index.php/catalog/9346/download/12458,HLPCA-03048-2011_H14_census.xlsx,924570,cf4088724e8a0678cfda08cf8dcf8e776d8504adcb9b7b3ae2bfc3bb8f74d1d8,2026-10-01T07:32:38Z,<scratch>/census/option2/hl14/raw/HLPCA-03048-2011_H14_census.xlsx
HL-14 village/town/ward % (the rates),PC11_HL14-03-049,"HL-14: Percentage of households to total households by amenities and assets, Punjab, district Amritsar - 2011",https://censusindia.gov.in/nada/index.php/catalog/9347,https://censusindia.gov.in/nada/index.php/catalog/9347/download/12459,HLPCA-03049-2011_H14_census.xlsx,770151,415144d5ee9ab822ca50a9bc209891c7125bc840fec97e005324cbc7feed8376,2026-10-01T07:32:40Z,<scratch>/census/option2/hl14/raw/HLPCA-03049-2011_H14_census.xlsx
HL-14 village/town/ward % (the rates),PC11_HL14-03-050,"HL-14: Percentage of households to total households by amenities and assets, Punjab, district Tarn Taran - 2011",https://censusindia.gov.in/nada/index.php/catalog/9348,https://censusindia.gov.in/nada/index.php/catalog/9348/download/12460,HLPCA-03050-2011_H14_census.xlsx,465454,ae042923e367b142c6fc127e682357c0e5b353bc368a41de6317609d6603d3b4,2026-10-01T07:32:41Z,<scratch>/census/option2/hl14/raw/HLPCA-03050-2011_H14_census.xlsx
HL-14 village/town/ward % (the rates),PC11_HL14-03-051,"HL-14: Percentage of households to total households by amenities and assets, Punjab, district Rupnagar - 2011",https://censusindia.gov.in/nada/index.php/catalog/9349,https://censusindia.gov.in/nada/index.php/catalog/9349/download/12461,HLPCA-03051-2011_H14_census.xlsx,569375,719aec4fb234fe845d608cbcf49b4dd040c6d3aace18d3f7d9bf5ec41b67db6f,2026-10-01T07:32:43Z,<scratch>/census/option2/hl14/raw/HLPCA-03051-2011_H14_census.xlsx
HL-14 village/town/ward % (the rates),PC11_HL14-03-052,"HL-14: Percentage of households to total households by amenities and assets, Punjab, district Sahibzada Ajit Singh Nagar - 2011",https://censusindia.gov.in/nada/index.php/catalog/9350,https://censusindia.gov.in/nada/index.php/catalog/9350/download/12462,HLPCA-03052-2011_H14_census.xlsx,468336,9444d4225db69cce17e0bae54c586bea945c7e6665790bd6305c55f370bd12bf,2026-10-01T07:32:43Z,<scratch>/census/option2/hl14/raw/HLPCA-03052-2011_H14_census.xlsx
HL-14 village/town/ward % (the rates),PC11_HL14-03-053,"HL-14: Percentage of households to total households by amenities and assets, Punjab, district Sangrur - 2011",https://censusindia.gov.in/nada/index.php/catalog/9351,https://censusindia.gov.in/nada/index.php/catalog/9351/download/12463,HLPCA-03053-2011_H14_census.xlsx,680088,48c2f1c75c4c75e3714c9f2638cb84bb825beab4a2702ff0fd03f7b3b6c7b5e8,2026-10-01T07:32:44Z,<scratch>/census/option2/hl14/raw/HLPCA-03053-2011_H14_census.xlsx
HL-14 village/town/ward % (the rates),PC11_HL14-03-054,"HL-14: Percentage of households to total households by amenities and assets, Punjab, district Barnala - 2011",https://censusindia.gov.in/nada/index.php/catalog/9352,https://censusindia.gov.in/nada/index.php/catalog/9352/download/12464,HLPCA-03054-2011_H14_census.xlsx,196423,286bb92096335e499961c438831c5b5b9dba26c32e6ffe3c7e69789c552633f3,2026-10-01T07:32:45Z,<scratch>/census/option2/hl14/raw/HLPCA-03054-2011_H14_census.xlsx
HL-14 village/town/ward % (the rates),PC11_HL14-04-055,"HL-14: Percentage of households to total households by amenities and assets, Chandigarh, district Chandigarh - 2011",https://censusindia.gov.in/nada/index.php/catalog/9353,https://censusindia.gov.in/nada/index.php/catalog/9353/download/12465,HLPCA-04055-2011_H14_census.xlsx,54967,005ac787d01028ed80b51d75cedc6005931bb12fd61a3b3eb8f502f50e5cd9ac,2026-10-01T07:32:46Z,<scratch>/census/option2/hl14/raw/HLPCA-04055-2011_H14_census.xlsx
HL-14 village/town/ward % (the rates),PC11_HL14-05-056,"HL-14: Percentage of households to total households by amenities and assets, Uttarakhand, district Uttarkashi - 2011",https://censusindia.gov.in/nada/index.php/catalog/9354,https://censusindia.gov.in/nada/index.php/catalog/9354/download/12466,HLPCA-05056-2011_H14_census.xlsx,550216,a8c7d0e525bdb863d3e3e13f32456738662513acd827068c1454c60a69cd6b6d,2026-10-01T07:32:47Z,<scratch>/census/option2/hl14/raw/HLPCA-05056-2011_H14_census.xlsx
HL-14 village/town/ward % (the rates),PC11_HL14-05-057,"HL-14: Percentage of households to total households by amenities and assets, Uttarakhand, district Chamoli - 2011",https://censusindia.gov.in/nada/index.php/catalog/9355,https://censusindia.gov.in/nada/index.php/catalog/9355/download/12467,HLPCA-05057-2011_H14_census.xlsx,894132,ca39867f595375099c088c7b9abef069aa003f827fc97e277ff30c5194337e75,2026-10-01T07:32:48Z,<scratch>/census/option2/hl14/raw/HLPCA-05057-2011_H14_census.xlsx
HL-14 village/town/ward % (the rates),PC11_HL14-05-058,"HL-14: Percentage of households to total households by amenities and assets, Uttarakhand, district Rudraprayag - 2011",https://censusindia.gov.in/nada/index.php/catalog/9356,https://censusindia.gov.in/nada/index.php/catalog/9356/download/12468,HLPCA-05058-2011_H14_census.xlsx,500219,9ff3458eb6d6c43672f4b77023ef7d9d47039d62d4c8c47a063ed3389c87befb,2026-10-01T07:32:49Z,<scratch>/census/option2/hl14/raw/HLPCA-05058-2011_H14_census.xlsx
HL-14 village/town/ward % (the rates),PC11_HL14-05-059,"HL-14: Percentage of households to total households by amenities and assets, Uttarakhand, district Tehri Garhwal - 2011",https://censusindia.gov.in/nada/index.php/catalog/9357,https://censusindia.gov.in/nada/index.php/catalog/9357/download/12469,HLPCA-05059-2011_H14_census.xlsx,1347704,fa2802016090db12e159dfb3816dd75bc987623b45a66bfe8fb9974f50c353c2,2026-10-01T07:32:50Z,<scratch>/census/option2/hl14/raw/HLPCA-05059-2011_H14_census.xlsx
HL-14 village/town/ward % (the rates),PC11_HL14-05-060,"HL-14: Percentage of households to total households by amenities and assets, Uttarakhand, district Dehradun - 2011",https://censusindia.gov.in/nada/index.php/catalog/9358,https://censusindia.gov.in/nada/index.php/catalog/9358/download/12470,HLPCA-05060-2011_H14_census.xlsx,719867,8a18889674481b29b92bd2b0a1a296f30ac75360e1ef7530b4aaf224e1055596,2026-10-01T07:32:51Z,<scratch>/census/option2/hl14/raw/HLPCA-05060-2011_H14_census.xlsx
HL-14 village/town/ward % (the rates),PC11_HL14-05-061,"HL-14: Percentage of households to total households by amenities and assets, Uttarakhand, district Garhwal - 2011",https://censusindia.gov.in/nada/index.php/catalog/9359,https://censusindia.gov.in/nada/index.php/catalog/9359/download/12471,HLPCA-05061-2011_H14_census.xlsx,2270075,038c7c4ee15a597454f81efdf8b0844883d080adcc6fc987a8344d2ab5616984,2026-10-01T07:32:53Z,<scratch>/census/option2/hl14/raw/HLPCA-05061-2011_H14_census.xlsx
HL-14 village/town/ward % (the rates),PC11_HL14-05-062,"HL-14: Percentage of households to total households by amenities and assets, Uttarakhand, district Pithoragarh - 2011",https://censusindia.gov.in/nada/index.php/catalog/9360,https://censusindia.gov.in/nada/index.php/catalog/9360/download/12472,HLPCA-05062-2011_H14_census.xlsx,1165170,fece5a39e3372c1bdc4ba2b2c32cd9dc30b16cc8786002cfddd95b26aab5c06e,2026-10-01T07:32:54Z,<scratch>/census/option2/hl14/raw/HLPCA-05062-2011_H14_census.xlsx
HL-14 village/town/ward % (the rates),PC11_HL14-05-063,"HL-14: Percentage of households to total households by amenities and assets, Uttarakhand, district Bageshwar - 2011",https://censusindia.gov.in/nada/index.php/catalog/9361,https://censusindia.gov.in/nada/index.php/catalog/9361/download/12473,HLPCA-05063-2011_H14_census.xlsx,651506,7dc96474a000a5fdb5e67263098aec8a9674a5d4586238150c181707c814c967,2026-10-01T07:32:55Z,<scratch>/census/option2/hl14/raw/HLPCA-05063-2011_H14_census.xlsx
HL-14 village/town/ward % (the rates),PC11_HL14-05-064,"HL-14: Percentage of households to total households by amenities and assets, Uttarakhand, district Almora - 2011",https://censusindia.gov.in/nada/index.php/catalog/9362,https://censusindia.gov.in/nada/index.php/catalog/9362/download/12474,HLPCA-05064-2011_H14_census.xlsx,1621419,1a71173c6962f2697ba3bcb6cb7afb7b99867ad9c739b2e119985469982b218f,2026-10-01T07:32:56Z,<scratch>/census/option2/hl14/raw/HLPCA-05064-2011_H14_census.xlsx
HL-14 village/town/ward % (the rates),PC11_HL14-05-065,"HL-14: Percentage of households to total households by amenities and assets, Uttarakhand, district Champawat - 2011",https://censusindia.gov.in/nada/index.php/catalog/9363,https://censusindia.gov.in/nada/index.php/catalog/9363/download/12475,HLPCA-05065-2011_H14_census.xlsx,514869,c3ca34c9ebc4b35208177d086a635b6c9f5242cdc44d29ebb31933bf952bdbd2,2026-10-01T07:32:57Z,<scratch>/census/option2/hl14/raw/HLPCA-05065-2011_H14_census.xlsx
HL-14 village/town/ward % (the rates),PC11_HL14-05-066,"HL-14: Percentage of households to total households by amenities and assets, Uttarakhand, district Nainital - 2011",https://censusindia.gov.in/nada/index.php/catalog/9364,https://censusindia.gov.in/nada/index.php/catalog/9364/download/12476,HLPCA-05066-2011_H14_census.xlsx,946295,7a948a5949e5a1407576906abce008c85598d4eb84d65204b744381172cc2879,2026-10-01T07:32:58Z,<scratch>/census/option2/hl14/raw/HLPCA-05066-2011_H14_census.xlsx
HL-14 village/town/ward % (the rates),PC11_HL14-05-067,"HL-14: Percentage of households to total households by amenities and assets, Uttarakhand, district Udham Singh Nagar - 2011",https://censusindia.gov.in/nada/index.php/catalog/9365,https://censusindia.gov.in/nada/index.php/catalog/9365/download/12477,HLPCA-05067-2011_H14_census.xlsx,721321,404d3444152333cf61e8c8a0e73fb202f07f8b2876b326b5d8e20df03cded96d,2026-10-01T07:32:59Z,<scratch>/census/option2/hl14/raw/HLPCA-05067-2011_H14_census.xlsx
HL-14 village/town/ward % (the rates),PC11_HL14-05-068,"HL-14: Percentage of households to total households by amenities and assets, Uttarakhand, district Hardwar - 2011",https://censusindia.gov.in/nada/index.php/catalog/9366,https://censusindia.gov.in/nada/index.php/catalog/9366/download/12478,HLPCA-05068-2011_H14_census.xlsx,566214,2b4a5f4121526d8d0116111b892ffaaf79f660cdc97d1a9c713f870682a362e6,2026-10-01T07:33:01Z,<scratch>/census/option2/hl14/raw/HLPCA-05068-2011_H14_census.xlsx
HL-14 village/town/ward % (the rates),PC11_HL14-06-069,"HL-14: Percentage of households to total households by amenities and assets, Haryana, district Panchkula - 2011",https://censusindia.gov.in/nada/index.php/catalog/9367,https://censusindia.gov.in/nada/index.php/catalog/9367/download/12479,HLPCA-06069-2011_H14_census.xlsx,247687,b7dc8264e8e1b13d6406ccb9bfb918e79d5afa5881e0388370702e960f18a294,2026-10-01T07:33:01Z,<scratch>/census/option2/hl14/raw/HLPCA-06069-2011_H14_census.xlsx
HL-14 village/town/ward % (the rates),PC11_HL14-06-070,"HL-14: Percentage of households to total households by amenities and assets, Haryana, district Ambala - 2011",https://censusindia.gov.in/nada/index.php/catalog/9368,https://censusindia.gov.in/nada/index.php/catalog/9368/download/12480,HLPCA-06070-2011_H14_census.xlsx,492249,de3d7476fe7cca1809c485b28d95449dc8950eb77d2a60f8c9db52ee14f4bf46,2026-10-01T07:33:03Z,<scratch>/census/option2/hl14/raw/HLPCA-06070-2011_H14_census.xlsx
HL-14 village/town/ward % (the rates),PC11_HL14-06-071,"HL-14: Percentage of households to total households by amenities and assets, Haryana, district Yamunanagar - 2011",https://censusindia.gov.in/nada/index.php/catalog/9369,https://censusindia.gov.in/nada/index.php/catalog/9369/download/12481,HLPCA-06071-2011_H14_census.xlsx,591500,3e6f817f4ddefd67c42835e547a4c692375bbd6a6d80063e620b88a69b666ab6,2026-10-01T07:33:03Z,<scratch>/census/option2/hl14/raw/HLPCA-06071-2011_H14_census.xlsx
HL-14 village/town/ward % (the rates),PC11_HL14-06-072,"HL-14: Percentage of households to total households by amenities and assets, Haryana, district Kurukshetra - 2011",https://censusindia.gov.in/nada/index.php/catalog/9370,https://censusindia.gov.in/nada/index.php/catalog/9370/download/12482,HLPCA-06072-2011_H14_census.xlsx,433153,aa6ce57bc7625132c10b9f9a57bfcab1a7095b1e5a815ec92cb53704b038f49a,2026-10-01T07:33:05Z,<scratch>/census/option2/hl14/raw/HLPCA-06072-2011_H14_census.xlsx
HL-14 village/town/ward % (the rates),PC11_HL14-06-073,"HL-14: Percentage of households to total households by amenities and assets, Haryana, district Kaithal - 2011",https://censusindia.gov.in/nada/index.php/catalog/9371,https://censusindia.gov.in/nada/index.php/catalog/9371/download/12483,HLPCA-06073-2011_H14_census.xlsx,317150,3d9ec0df2101bb574dddd522448dfec6a7e1d56256380becaf48cacefde498d0,2026-10-01T07:33:24Z,<scratch>/census/option2/hl14/raw/HLPCA-06073-2011_H14_census.xlsx
HL-14 village/town/ward % (the rates),PC11_HL14-06-074,"HL-14: Percentage of households to total households by amenities and assets, Haryana, district Karnal - 2011",https://censusindia.gov.in/nada/index.php/catalog/9372,https://censusindia.gov.in/nada/index.php/catalog/9372/download/12484,HLPCA-06074-2011_H14_census.xlsx,486050,3c085d2160e0e59d96e7628fdb91942b27ad4e512bf3e2b6fce297126d92b743,2026-10-01T07:33:07Z,<scratch>/census/option2/hl14/raw/HLPCA-06074-2011_H14_census.xlsx
HL-14 village/town/ward % (the rates),PC11_HL14-06-075,"HL-14: Percentage of households to total households by amenities and assets, Haryana, district Panipat - 2011",https://censusindia.gov.in/nada/index.php/catalog/9373,https://censusindia.gov.in/nada/index.php/catalog/9373/download/12485,HLPCA-06075-2011_H14_census.xlsx,231781,73210a538ea7a9ce3ebcd0e8a6b15a81a9d55fa3f741f4eb02141ef00e6a818e,2026-10-01T07:33:26Z,<scratch>/census/option2/hl14/raw/HLPCA-06075-2011_H14_census.xlsx
HL-14 village/town/ward % (the rates),PC11_HL14-06-076,"HL-14: Percentage of households to total households by amenities and assets, Haryana, district Sonipat - 2011",https://censusindia.gov.in/nada/index.php/catalog/9374,https://censusindia.gov.in/nada/index.php/catalog/9374/download/12486,HLPCA-06076-2011_H14_census.xlsx,377136,fe3d1523172f6169be9fe5cec775f6f73c82c41e310dac9b06e177531c5b0412,2026-10-01T07:33:10Z,<scratch>/census/option2/hl14/raw/HLPCA-06076-2011_H14_census.xlsx
HL-14 village/town/ward % (the rates),PC11_HL14-06-077,"HL-14: Percentage of households to total households by amenities and assets, Haryana, district Jind - 2011",https://censusindia.gov.in/nada/index.php/catalog/9375,https://censusindia.gov.in/nada/index.php/catalog/9375/download/12487,HLPCA-06077-2011_H14_census.xlsx,368555,041642c121a0062d8bac6e9a99bf1be596815ffcf9948df48dc2c0f723bcd235,2026-10-01T07:33:28Z,<scratch>/census/option2/hl14/raw/HLPCA-06077-2011_H14_census.xlsx
HL-14 village/town/ward % (the rates),PC11_HL14-06-078,"HL-14: Percentage of households to total households by amenities and assets, Haryana, district Fatehabad - 2011",https://censusindia.gov.in/nada/index.php/catalog/9376,https://censusindia.gov.in/nada/index.php/catalog/9376/download/12488,HLPCA-06078-2011_H14_census.xlsx,285650,a0b3891b96599de3cdb3354780d414d86ab9d4bb81301a0839e1c8f43d3d7cd4,2026-10-01T07:33:11Z,<scratch>/census/option2/hl14/raw/HLPCA-06078-2011_H14_census.xlsx
HL-14 village/town/ward % (the rates),PC11_HL14-06-079,"HL-14: Percentage of households to total households by amenities and assets, Haryana, district Sirsa - 2011",https://censusindia.gov.in/nada/index.php/catalog/9377,https://censusindia.gov.in/nada/index.php/catalog/9377/download/12489,HLPCA-06079-2011_H14_census.xlsx,394128,7ca79bde7dfb4272e4352d4a08f2d09da84999d8d53d8516aff9505c0601352a,2026-10-01T07:33:31Z,<scratch>/census/option2/hl14/raw/HLPCA-06079-2011_H14_census.xlsx
HL-14 village/town/ward % (the rates),PC11_HL14-06-080,"HL-14: Percentage of households to total households by amenities and assets, Haryana, district Hisar - 2011",https://censusindia.gov.in/nada/index.php/catalog/9378,https://censusindia.gov.in/nada/index.php/catalog/9378/download/12490,HLPCA-06080-2011_H14_census.xlsx,347630,51a83898c2737fd1da2f4003fc3df04029897820786b9dddc4e6ebbbb58d1188,2026-10-01T07:33:14Z,<scratch>/census/option2/hl14/raw/HLPCA-06080-2011_H14_census.xlsx
HL-14 village/town/ward % (the rates),PC11_HL14-06-081,"HL-14: Percentage of households to total households by amenities and assets, Haryana, district Bhiwani - 2011",https://censusindia.gov.in/nada/index.php/catalog/9379,https://censusindia.gov.in/nada/index.php/catalog/9379/download/12491,HLPCA-06081-2011_H14_census.xlsx,486717,83029081df246a8de9dd8781b96887ec6fd01ee73219580c1540b592eed86fde,2026-10-01T07:33:34Z,<scratch>/census/option2/hl14/raw/HLPCA-06081-2011_H14_census.xlsx
HL-14 village/town/ward % (the rates),PC11_HL14-06-082,"HL-14: Percentage of households to total households by amenities and assets, Haryana, district Rohtak - 2011",https://censusindia.gov.in/nada/index.php/catalog/9380,https://censusindia.gov.in/nada/index.php/catalog/9380/download/12492,HLPCA-06082-2011_H14_census.xlsx,205351,c707cb33d4c7a0a662d209122174841caf3bff91e15398599acc6ef387f57600,2026-10-01T07:33:15Z,<scratch>/census/option2/hl14/raw/HLPCA-06082-2011_H14_census.xlsx
HL-14 village/town/ward % (the rates),PC11_HL14-06-083,"HL-14: Percentage of households to total households by amenities and assets, Haryana, district Jhajjar - 2011",https://censusindia.gov.in/nada/index.php/catalog/9381,https://censusindia.gov.in/nada/index.php/catalog/9381/download/12493,HLPCA-06083-2011_H14_census.xlsx,294577,f7d2dd638568faa19eeafc7bb334a83ed7dad0a8e8b823d198ec5ea7b0d91443,2026-10-01T07:33:38Z,<scratch>/census/option2/hl14/raw/HLPCA-06083-2011_H14_census.xlsx
HL-14 village/town/ward % (the rates),PC11_HL14-06-084,"HL-14: Percentage of households to total households by amenities and assets, Haryana, district Mahendragarh - 2011",https://censusindia.gov.in/nada/index.php/catalog/9382,https://censusindia.gov.in/nada/index.php/catalog/9382/download/12494,HLPCA-06084-2011_H14_census.xlsx,384757,75357eeb911b3b4ce2ed507aabef2ad480b9a27981a77b538076f32f901a7912,2026-10-01T07:33:19Z,<scratch>/census/option2/hl14/raw/HLPCA-06084-2011_H14_census.xlsx
HL-14 village/town/ward % (the rates),PC11_HL14-06-085,"HL-14: Percentage of households to total households by amenities and assets, Haryana, district Rewari - 2011",https://censusindia.gov.in/nada/index.php/catalog/9383,https://censusindia.gov.in/nada/index.php/catalog/9383/download/12495,HLPCA-06085-2011_H14_census.xlsx,403575,12022a5b250b46d775f083944d2b04ed9ce9438cafcf34da1095e1429a9a6f34,2026-10-01T07:33:40Z,<scratch>/census/option2/hl14/raw/HLPCA-06085-2011_H14_census.xlsx
HL-14 village/town/ward % (the rates),PC11_HL14-06-086,"HL-14: Percentage of households to total households by amenities and assets, Haryana, district Gurgaon - 2011",https://censusindia.gov.in/nada/index.php/catalog/9384,https://censusindia.gov.in/nada/index.php/catalog/9384/download/12496,HLPCA-06086-2011_H14_census.xlsx,302754,72713ab43e6d38abe433c1ae88be2d0cee002bffa51aef10df5f841c7c6d0202,2026-10-01T07:33:21Z,<scratch>/census/option2/hl14/raw/HLPCA-06086-2011_H14_census.xlsx
HL-14 village/town/ward % (the rates),PC11_HL14-06-087,"HL-14: Percentage of households to total households by amenities and assets, Haryana, district Mewat - 2011",https://censusindia.gov.in/nada/index.php/catalog/9385,https://censusindia.gov.in/nada/index.php/catalog/9385/download/12497,HLPCA-06087-2011_H14_census.xlsx,416097,3741d04400bff4c954e14021f1e529a26eceb8d49d89cea732b1596fc578284e,2026-10-01T07:33:43Z,<scratch>/census/option2/hl14/raw/HLPCA-06087-2011_H14_census.xlsx
HL-14 village/town/ward % (the rates),PC11_HL14-06-088,"HL-14: Percentage of households to total households by amenities and assets, Haryana, district Faridabad - 2011",https://censusindia.gov.in/nada/index.php/catalog/9386,https://censusindia.gov.in/nada/index.php/catalog/9386/download/12498,HLPCA-06088-2011_H14_census.xlsx,175710,c24c979d6284e6691ef839fcfabdd52df4e1be257ebe52de94497b9eb3ff3f0c,2026-10-01T07:33:23Z,<scratch>/census/option2/hl14/raw/HLPCA-06088-2011_H14_census.xlsx
HL-14 village/town/ward % (the rates),PC11_HL14-06-089,"HL-14: Percentage of households to total households by amenities and assets, Haryana, district Palwal - 2011",https://censusindia.gov.in/nada/index.php/catalog/9387,https://censusindia.gov.in/nada/index.php/catalog/9387/download/12499,HLPCA-06089-2011_H14_census.xlsx,307361,494fe9244b2e84328456a3e54b4f044e4e12ec8ff00ac82b727114f01db7e525,2026-10-01T07:33:47Z,<scratch>/census/option2/hl14/raw/HLPCA-06089-2011_H14_census.xlsx
HL-14 village/town/ward % (the rates),PC11_HL14-07-090,"HL-14: Percentage of households to total households by amenities and assets, NCT of Delhi, district North West - 2011",https://censusindia.gov.in/nada/index.php/catalog/9388,https://censusindia.gov.in/nada/index.php/catalog/9388/download/12500,HLPCA-07090-2011_H14_census.xlsx,156739,3ac5539059471e3355f709aa16d1ad7979b576bcbc1f6dc846d3db43009c4c16,2026-10-01T07:33:25Z,<scratch>/census/option2/hl14/raw/HLPCA-07090-2011_H14_census.xlsx
HL-14 village/town/ward % (the rates),PC11_HL14-07-091,"HL-14: Percentage of households to total households by amenities and assets, NCT of Delhi, district North - 2011",https://censusindia.gov.in/nada/index.php/catalog/9389,https://censusindia.gov.in/nada/index.php/catalog/9389/download/12501,HLPCA-07091-2011_H14_census.xlsx,53654,8ec7eaac0cad6c61f315caf374ef94fcc25d8f2e6e84146801a70547035a82a1,2026-10-01T07:33:50Z,<scratch>/census/option2/hl14/raw/HLPCA-07091-2011_H14_census.xlsx
HL-14 village/town/ward % (the rates),PC11_HL14-07-092,"HL-14: Percentage of households to total households by amenities and assets, NCT of Delhi, district North East - 2011",https://censusindia.gov.in/nada/index.php/catalog/9390,https://censusindia.gov.in/nada/index.php/catalog/9390/download/12502,HLPCA-07092-2011_H14_census.xlsx,77664,52bf309307148157a365aa3cd25d16ac2f7f6624b6fe87d732ebde7a303f1fa1,2026-10-01T07:33:27Z,<scratch>/census/option2/hl14/raw/HLPCA-07092-2011_H14_census.xlsx
HL-14 village/town/ward % (the rates),PC11_HL14-07-093,"HL-14: Percentage of households to total households by amenities and assets, NCT of Delhi, district East - 2011",https://censusindia.gov.in/nada/index.php/catalog/9391,https://censusindia.gov.in/nada/index.php/catalog/9391/download/12503,HLPCA-07093-2011_H14_census.xlsx,59320,75118743d36bdc211c4fca0a99d9e747575e648c59b9ea18d2ef98787cb539e4,2026-10-01T07:33:53Z,<scratch>/census/option2/hl14/raw/HLPCA-07093-2011_H14_census.xlsx
HL-14 village/town/ward % (the rates),PC11_HL14-07-094,"HL-14: Percentage of households to total households by amenities and assets, NCT of Delhi, district New Delhi - 2011",https://censusindia.gov.in/nada/index.php/catalog/9392,https://censusindia.gov.in/nada/index.php/catalog/9392/download/12504,HLPCA-07094-2011_H14_census.xlsx,31748,6c05634cccde2b49fe9bd9fe5c22434e14db210e67e2c7559239272e294d2915,2026-10-01T07:33:30Z,<scratch>/census/option2/hl14/raw/HLPCA-07094-2011_H14_census.xlsx
HL-14 village/town/ward % (the rates),PC11_HL14-07-095,"HL-14: Percentage of households to total households by amenities and assets, NCT of Delhi, district Central - 2011",https://censusindia.gov.in/nada/index.php/catalog/9393,https://censusindia.gov.in/nada/index.php/catalog/9393/download/12505,HLPCA-07095-2011_H14_census.xlsx,40405,f444a0c037a57cd508ce3027caf504e3cecaa92b7b6fc28caa63e9ef9d40e128,2026-10-01T07:33:58Z,<scratch>/census/option2/hl14/raw/HLPCA-07095-2011_H14_census.xlsx
HL-14 village/town/ward % (the rates),PC11_HL14-07-096,"HL-14: Percentage of households to total households by amenities and assets, NCT of Delhi, district West - 2011",https://censusindia.gov.in/nada/index.php/catalog/9394,https://censusindia.gov.in/nada/index.php/catalog/9394/download/12506,HLPCA-07096-2011_H14_census.xlsx,86097,076cabf8e0bc262ae38d852c9ae62115306c41de27219c084a1ac39461d83190,2026-10-01T07:33:33Z,<scratch>/census/option2/hl14/raw/HLPCA-07096-2011_H14_census.xlsx
HL-14 village/town/ward % (the rates),PC11_HL14-07-097,"HL-14: Percentage of households to total households by amenities and assets, NCT of Delhi, district South West - 2011",https://censusindia.gov.in/nada/index.php/catalog/9395,https://censusindia.gov.in/nada/index.php/catalog/9395/download/12507,HLPCA-07097-2011_H14_census.xlsx,123766,521a8537a71e8c218ba2d3737fc367cb8d0af73e9f01adcf17783b1ae2b55d18,2026-10-01T07:34:02Z,<scratch>/census/option2/hl14/raw/HLPCA-07097-2011_H14_census.xlsx
HL-14 village/town/ward % (the rates),PC11_HL14-07-098,"HL-14: Percentage of households to total households by amenities and assets, NCT of Delhi, district South - 2011",https://censusindia.gov.in/nada/index.php/catalog/9396,https://censusindia.gov.in/nada/index.php/catalog/9396/download/12508,HLPCA-07098-2011_H14_census.xlsx,111057,7a691b018eb0b12ee47b8a4b29a47296a882f651a329d24a6f37507ff1123112,2026-10-01T07:33:37Z,<scratch>/census/option2/hl14/raw/HLPCA-07098-2011_H14_census.xlsx
HL-14 village/town/ward % (the rates),PC11_HL14-08-099,"HL-14: Percentage of households to total households by amenities and assets, Rajasthan, district Ganganagar - 2011",https://censusindia.gov.in/nada/index.php/catalog/9397,https://censusindia.gov.in/nada/index.php/catalog/9397/download/12509,HLPCA-08099-2011_H14_census.xlsx,2392729,34ac1b14f55203b919b3fbddf2af5b9d9c5709c393f1ef8d7d5823a4f0dff667,2026-10-01T07:34:08Z,<scratch>/census/option2/hl14/raw/HLPCA-08099-2011_H14_census.xlsx
HL-14 village/town/ward % (the rates),PC11_HL14-08-100,"HL-14: Percentage of households to total households by amenities and assets, Rajasthan, district Hanumangarh - 2011",https://censusindia.gov.in/nada/index.php/catalog/9398,https://censusindia.gov.in/nada/index.php/catalog/9398/download/12510,HLPCA-08100-2011_H14_census.xlsx,1534704,14e955e226d70a3fc0cc6e97cc93b3df3043f3ddd4414dca8d52e8f32b473f0a,2026-10-01T07:33:40Z,<scratch>/census/option2/hl14/raw/HLPCA-08100-2011_H14_census.xlsx
HL-14 village/town/ward % (the rates),PC11_HL14-08-101,"HL-14: Percentage of households to total households by amenities and assets, Rajasthan, district Bikaner - 2011",https://censusindia.gov.in/nada/index.php/catalog/9399,https://censusindia.gov.in/nada/index.php/catalog/9399/download/12511,HLPCA-08101-2011_H14_census.xlsx,830282,a0bba2bf0534d360aeea7cf45051e2650526e301940059856c0fc7de013c3d70,2026-10-01T07:34:11Z,<scratch>/census/option2/hl14/raw/HLPCA-08101-2011_H14_census.xlsx
HL-14 village/town/ward % (the rates),PC11_HL14-08-102,"HL-14: Percentage of households to total households by amenities and assets, Rajasthan, district Churu - 2011",https://censusindia.gov.in/nada/index.php/catalog/9400,https://censusindia.gov.in/nada/index.php/catalog/9400/download/12512,HLPCA-08102-2011_H14_census.xlsx,985154,9be7c06da097e84867cf1bf5d0443fbe4667e4521222de08f74402de55229f6a,2026-10-01T07:33:44Z,<scratch>/census/option2/hl14/raw/HLPCA-08102-2011_H14_census.xlsx
HL-14 village/town/ward % (the rates),PC11_HL14-08-103,"HL-14: Percentage of households to total households by amenities and assets, Rajasthan, district Jhunjhunun - 2011",https://censusindia.gov.in/nada/index.php/catalog/9401,https://censusindia.gov.in/nada/index.php/catalog/9401/download/12513,HLPCA-08103-2011_H14_census.xlsx,1032095,0fc15ad7d59a7caa8cd35da12d211dbd164432e466a008785cc9d9092347dc9b,2026-10-01T07:34:15Z,<scratch>/census/option2/hl14/raw/HLPCA-08103-2011_H14_census.xlsx
HL-14 village/town/ward % (the rates),PC11_HL14-08-104,"HL-14: Percentage of households to total households by amenities and assets, Rajasthan, district Alwar - 2011",https://censusindia.gov.in/nada/index.php/catalog/9402,https://censusindia.gov.in/nada/index.php/catalog/9402/download/12514,HLPCA-08104-2011_H14_census.xlsx,1871765,d4e30b5bfa9e5e7faa010808aec11dad46f1cf205d8a36ab504a08a53dfbfa43,2026-10-01T07:33:48Z,<scratch>/census/option2/hl14/raw/HLPCA-08104-2011_H14_census.xlsx
HL-14 village/town/ward % (the rates),PC11_HL14-08-105,"HL-14: Percentage of households to total households by amenities and assets, Rajasthan, district Bharatpur - 2011",https://censusindia.gov.in/nada/index.php/catalog/9403,https://censusindia.gov.in/nada/index.php/catalog/9403/download/12515,HLPCA-08105-2011_H14_census.xlsx,1387283,8e2d7857f47be9990764a6575ce3789d17c534b1f46487117aa4045845e37130,2026-10-01T07:34:18Z,<scratch>/census/option2/hl14/raw/HLPCA-08105-2011_H14_census.xlsx
HL-14 village/town/ward % (the rates),PC11_HL14-08-106,"HL-14: Percentage of households to total households by amenities and assets, Rajasthan, district Dhaulpur - 2011",https://censusindia.gov.in/nada/index.php/catalog/9404,https://censusindia.gov.in/nada/index.php/catalog/9404/download/12516,HLPCA-08106-2011_H14_census.xlsx,735728,f677432374db97b64b6d7dd002907f7b136d2f327fe6562aee655bb32ea2ea8e,2026-10-01T07:33:53Z,<scratch>/census/option2/hl14/raw/HLPCA-08106-2011_H14_census.xlsx
HL-14 village/town/ward % (the rates),PC11_HL14-08-107,"HL-14: Percentage of households to total households by amenities and assets, Rajasthan, district Karauli - 2011",https://censusindia.gov.in/nada/index.php/catalog/9405,https://censusindia.gov.in/nada/index.php/catalog/9405/download/12517,HLPCA-08107-2011_H14_census.xlsx,776037,f37221030e2ddcf82df194b1742776b685adb26bfbd772dfea2b367718b5659b,2026-10-01T07:34:22Z,<scratch>/census/option2/hl14/raw/HLPCA-08107-2011_H14_census.xlsx
HL-14 village/town/ward % (the rates),PC11_HL14-08-108,"HL-14: Percentage of households to total households by amenities and assets, Rajasthan, district Sawai Madhopur - 2011",https://censusindia.gov.in/nada/index.php/catalog/9406,https://censusindia.gov.in/nada/index.php/catalog/9406/download/12518,HLPCA-08108-2011_H14_census.xlsx,695764,080830fdef41bd9e2efc055ab1a9f9a100eed5e31e61a4ce2f4f1b49eae14b7c,2026-10-01T07:33:57Z,<scratch>/census/option2/hl14/raw/HLPCA-08108-2011_H14_census.xlsx
HL-14 village/town/ward % (the rates),PC11_HL14-08-109,"HL-14: Percentage of households to total households by amenities and assets, Rajasthan, district Dausa - 2011",https://censusindia.gov.in/nada/index.php/catalog/9407,https://censusindia.gov.in/nada/index.php/catalog/9407/download/12519,HLPCA-08109-2011_H14_census.xlsx,952033,e0e92caee8b7004a66377f775402d95c280db2e70b612c74b0581db3209d0c37,2026-10-01T07:34:25Z,<scratch>/census/option2/hl14/raw/HLPCA-08109-2011_H14_census.xlsx
HL-14 village/town/ward % (the rates),PC11_HL14-08-110,"HL-14: Percentage of households to total households by amenities and assets, Rajasthan, district Jaipur - 2011",https://censusindia.gov.in/nada/index.php/catalog/9408,https://censusindia.gov.in/nada/index.php/catalog/9408/download/12520,HLPCA-08110-2011_H14_census.xlsx,2066862,cb11e487a81091fbea2f21fcba98a67519c8deb9950baa990d97e7739c98a51f,2026-10-01T07:34:03Z,<scratch>/census/option2/hl14/raw/HLPCA-08110-2011_H14_census.xlsx
HL-14 village/town/ward % (the rates),PC11_HL14-08-111,"HL-14: Percentage of households to total households by amenities and assets, Rajasthan, district Sikar - 2011",https://censusindia.gov.in/nada/index.php/catalog/9409,https://censusindia.gov.in/nada/index.php/catalog/9409/download/12521,HLPCA-08111-2011_H14_census.xlsx,1209691,cfc36ecb877df3a8b7dac51db6f2092e69a50ce68b14f179f7bc73e47db9d644,2026-10-01T07:34:28Z,<scratch>/census/option2/hl14/raw/HLPCA-08111-2011_H14_census.xlsx
HL-14 village/town/ward % (the rates),PC11_HL14-08-112,"HL-14: Percentage of households to total households by amenities and assets, Rajasthan, district Nagaur - 2011",https://censusindia.gov.in/nada/index.php/catalog/9410,https://censusindia.gov.in/nada/index.php/catalog/9410/download/12522,HLPCA-08112-2011_H14_census.xlsx,1588992,a2466e729514eae5172e8aa6e0248bd32a6e063abcb31b52dd0c58a75bd1bd5e,2026-10-01T07:34:09Z,<scratch>/census/option2/hl14/raw/HLPCA-08112-2011_H14_census.xlsx
HL-14 village/town/ward % (the rates),PC11_HL14-08-113,"HL-14: Percentage of households to total households by amenities and assets, Rajasthan, district Jodhpur - 2011",https://censusindia.gov.in/nada/index.php/catalog/9411,https://censusindia.gov.in/nada/index.php/catalog/9411/download/12523,HLPCA-08113-2011_H14_census.xlsx,1624094,529738379a545052c6acfebe007619e73a6dec0ada10c611748d7249cfbdc892,2026-10-01T07:34:31Z,<scratch>/census/option2/hl14/raw/HLPCA-08113-2011_H14_census.xlsx
HL-14 village/town/ward % (the rates),PC11_HL14-08-114,"HL-14: Percentage of households to total households by amenities and assets, Rajasthan, district Jaisalmer - 2011",https://censusindia.gov.in/nada/index.php/catalog/9412,https://censusindia.gov.in/nada/index.php/catalog/9412/download/12524,HLPCA-08114-2011_H14_census.xlsx,623401,681597a68db39aca4593f3d6e47b66f447200f064dea28dbbe7eac2f7dd45634,2026-10-01T07:34:13Z,<scratch>/census/option2/hl14/raw/HLPCA-08114-2011_H14_census.xlsx
HL-14 village/town/ward % (the rates),PC11_HL14-08-115,"HL-14: Percentage of households to total households by amenities and assets, Rajasthan, district Barmer - 2011",https://censusindia.gov.in/nada/index.php/catalog/9413,https://censusindia.gov.in/nada/index.php/catalog/9413/download/12525,HLPCA-08115-2011_H14_census.xlsx,2039024,cc2726fee8939298564320e5aa316fb29d8aacab5a53d97b4f35a606553e9d69,2026-10-01T07:34:34Z,<scratch>/census/option2/hl14/raw/HLPCA-08115-2011_H14_census.xlsx
HL-14 village/town/ward % (the rates),PC11_HL14-08-116,"HL-14: Percentage of households to total households by amenities and assets, Rajasthan, district Jalor - 2011",https://censusindia.gov.in/nada/index.php/catalog/9414,https://censusindia.gov.in/nada/index.php/catalog/9414/download/12526,HLPCA-08116-2011_H14_census.xlsx,752388,89d85e858413b989b9fb0a70c6e8085736a79e3f76b82f8052436262443c17b6,2026-10-01T07:34:16Z,<scratch>/census/option2/hl14/raw/HLPCA-08116-2011_H14_census.xlsx
HL-14 village/town/ward % (the rates),PC11_HL14-08-117,"HL-14: Percentage of households to total households by amenities and assets, Rajasthan, district Sirohi - 2011",https://censusindia.gov.in/nada/index.php/catalog/9415,https://censusindia.gov.in/nada/index.php/catalog/9415/download/12527,HLPCA-08117-2011_H14_census.xlsx,513038,7b63562ea8e05dee8a22c2b17c4dcc96228e909685a1826fbebaf1923238e66e,2026-10-01T07:34:37Z,<scratch>/census/option2/hl14/raw/HLPCA-08117-2011_H14_census.xlsx
HL-14 village/town/ward % (the rates),PC11_HL14-08-118,"HL-14: Percentage of households to total households by amenities and assets, Rajasthan, district Pali - 2011",https://censusindia.gov.in/nada/index.php/catalog/9416,https://censusindia.gov.in/nada/index.php/catalog/9416/download/12528,HLPCA-08118-2011_H14_census.xlsx,1055079,66c4a5966ce308cf95b4c2a2751885c83821d251aa6c85c35f7b5eb3ce7c8207,2026-10-01T07:34:20Z,<scratch>/census/option2/hl14/raw/HLPCA-08118-2011_H14_census.xlsx
HL-14 village/town/ward % (the rates),PC11_HL14-08-119,"HL-14: Percentage of households to total households by amenities and assets, Rajasthan, district Ajmer - 2011",https://censusindia.gov.in/nada/index.php/catalog/9417,https://censusindia.gov.in/nada/index.php/catalog/9417/download/12529,HLPCA-08119-2011_H14_census.xlsx,1131831,e0dcad2932db743be32e5b684d6dabc6f04f029419a430628f92c1875fe4daf4,2026-10-01T07:34:40Z,<scratch>/census/option2/hl14/raw/HLPCA-08119-2011_H14_census.xlsx
HL-14 village/town/ward % (the rates),PC11_HL14-08-120,"HL-14: Percentage of households to total households by amenities and assets, Rajasthan, district Tonk - 2011",https://censusindia.gov.in/nada/index.php/catalog/9418,https://censusindia.gov.in/nada/index.php/catalog/9418/download/12530,HLPCA-08120-2011_H14_census.xlsx,1029147,33c8f1740312d54c1b154c01f1438b06d3cb325a54f9ba012d314bb9aae429b9,2026-10-01T07:34:23Z,<scratch>/census/option2/hl14/raw/HLPCA-08120-2011_H14_census.xlsx
HL-14 village/town/ward % (the rates),PC11_HL14-08-121,"HL-14: Percentage of households to total households by amenities and assets, Rajasthan, district Bundi - 2011",https://censusindia.gov.in/nada/index.php/catalog/9419,https://censusindia.gov.in/nada/index.php/catalog/9419/download/12531,HLPCA-08121-2011_H14_census.xlsx,825862,9bdb4d3860d577d4f670cfc44b202f955029c023a61f048dbf238616bc389a61,2026-10-01T07:34:43Z,<scratch>/census/option2/hl14/raw/HLPCA-08121-2011_H14_census.xlsx
HL-14 village/town/ward % (the rates),PC11_HL14-08-122,"HL-14: Percentage of households to total households by amenities and assets, Rajasthan, district Bhilwara - 2011",https://censusindia.gov.in/nada/index.php/catalog/9420,https://censusindia.gov.in/nada/index.php/catalog/9420/download/12532,HLPCA-08122-2011_H14_census.xlsx,1606543,65f1a2745633b6b2b12421de456fdb6846654834914a0caca0377507780be6b2,2026-10-01T07:34:26Z,<scratch>/census/option2/hl14/raw/HLPCA-08122-2011_H14_census.xlsx
HL-14 village/town/ward % (the rates),PC11_HL14-08-123,"HL-14: Percentage of households to total households by amenities and assets, Rajasthan, district Rajsamand - 2011",https://censusindia.gov.in/nada/index.php/catalog/9421,https://censusindia.gov.in/nada/index.php/catalog/9421/download/12533,HLPCA-08123-2011_H14_census.xlsx,934235,8c1b7f91b0540eea115b72e92db7e18d91bd58489349a140dfe8d14d8f1692c8,2026-10-01T07:34:45Z,<scratch>/census/option2/hl14/raw/HLPCA-08123-2011_H14_census.xlsx
HL-14 village/town/ward % (the rates),PC11_HL14-08-124,"HL-14: Percentage of households to total households by amenities and assets, Rajasthan, district Dungarpur - 2011",https://censusindia.gov.in/nada/index.php/catalog/9422,https://censusindia.gov.in/nada/index.php/catalog/9422/download/12534,HLPCA-08124-2011_H14_census.xlsx,826518,20902d2dd1a718082c8bba7134a513020a6c0ecebf1b8ad794b9d46342b048d1,2026-10-01T07:34:29Z,<scratch>/census/option2/hl14/raw/HLPCA-08124-2011_H14_census.xlsx
HL-14 village/town/ward % (the rates),PC11_HL14-08-125,"HL-14: Percentage of households to total households by amenities and assets, Rajasthan, district Banswara - 2011",https://censusindia.gov.in/nada/index.php/catalog/9423,https://censusindia.gov.in/nada/index.php/catalog/9423/download/12535,HLPCA-08125-2011_H14_census.xlsx,1215203,e3d2a02a12947c6bb297f11add55a5615927f593c435e6875c22111cc142af8c,2026-10-01T07:34:51Z,<scratch>/census/option2/hl14/raw/HLPCA-08125-2011_H14_census.xlsx
HL-14 village/town/ward % (the rates),PC11_HL14-08-126,"HL-14: Percentage of households to total households by amenities and assets, Rajasthan, district Chittaurgarh - 2011",https://censusindia.gov.in/nada/index.php/catalog/9424,https://censusindia.gov.in/nada/index.php/catalog/9424/download/12536,HLPCA-08126-2011_H14_census.xlsx,1396467,1afbd07d80a84bcf662b58a0b64e688da580af7079fce4cf39caac9060527157,2026-10-01T07:34:32Z,<scratch>/census/option2/hl14/raw/HLPCA-08126-2011_H14_census.xlsx
HL-14 village/town/ward % (the rates),PC11_HL14-08-127,"HL-14: Percentage of households to total households by amenities and assets, Rajasthan, district Kota - 2011",https://censusindia.gov.in/nada/index.php/catalog/9425,https://censusindia.gov.in/nada/index.php/catalog/9425/download/12537,HLPCA-08127-2011_H14_census.xlsx,763011,4d9c1965ae15d5729937010e95b5d312dd7973387d769084ec77031a4f7f0b33,2026-10-01T07:34:56Z,<scratch>/census/option2/hl14/raw/HLPCA-08127-2011_H14_census.xlsx
HL-14 village/town/ward % (the rates),PC11_HL14-08-128,"HL-14: Percentage of households to total households by amenities and assets, Rajasthan, district Baran - 2011",https://censusindia.gov.in/nada/index.php/catalog/9426,https://censusindia.gov.in/nada/index.php/catalog/9426/download/12538,HLPCA-08128-2011_H14_census.xlsx,980807,813c55dd410142fa29d0374f116263608e0d6832d8908a4959cc8ffcd1c518f9,2026-10-01T07:34:35Z,<scratch>/census/option2/hl14/raw/HLPCA-08128-2011_H14_census.xlsx
HL-14 village/town/ward % (the rates),PC11_HL14-08-129,"HL-14: Percentage of households to total households by amenities and assets, Rajasthan, district Jhalawar - 2011",https://censusindia.gov.in/nada/index.php/catalog/9427,https://censusindia.gov.in/nada/index.php/catalog/9427/download/12539,HLPCA-08129-2011_H14_census.xlsx,1283646,5766096561ae4982b7f6e8a4fd156937d3040ef46394c8f65962d6d8bf4c365f,2026-10-01T07:34:59Z,<scratch>/census/option2/hl14/raw/HLPCA-08129-2011_H14_census.xlsx
HL-14 village/town/ward % (the rates),PC11_HL14-08-130,"HL-14: Percentage of households to total households by amenities and assets, Rajasthan, district Udaipur - 2011",https://censusindia.gov.in/nada/index.php/catalog/9428,https://censusindia.gov.in/nada/index.php/catalog/9428/download/12540,HLPCA-08130-2011_H14_census.xlsx,2092364,223307b9088419c2fa3fcb6f9270b8e40edf8658692c2637f29dfb06beb790c6,2026-10-01T07:34:39Z,<scratch>/census/option2/hl14/raw/HLPCA-08130-2011_H14_census.xlsx
HL-14 village/town/ward % (the rates),PC11_HL14-08-131,"HL-14: Percentage of households to total households by amenities and assets, Rajasthan, district Pratapgarh - 2011",https://censusindia.gov.in/nada/index.php/catalog/9429,https://censusindia.gov.in/nada/index.php/catalog/9429/download/12541,HLPCA-08131-2011_H14_census.xlsx,777543,dd62db4a7fce9fe9c73d773ecb865c4652464c9e7c6b0044996fdc8f2ccb6d30,2026-10-01T07:35:04Z,<scratch>/census/option2/hl14/raw/HLPCA-08131-2011_H14_census.xlsx
HL-14 village/town/ward % (the rates),PC11_HL14-09-132,"HL-14: Percentage of households to total households by amenities and assets, Uttar Pradesh, district Saharanpur - 2011",https://censusindia.gov.in/nada/index.php/catalog/9430,https://censusindia.gov.in/nada/index.php/catalog/9430/download/12542,HLPCA-09132-2011_H14_census.xlsx,1294463,0cd6578c05f3fbdab36c6e9d951adb46ea31999adbbc01cfa5fe04759a32e6bf,2026-10-01T07:34:42Z,<scratch>/census/option2/hl14/raw/HLPCA-09132-2011_H14_census.xlsx
HL-14 village/town/ward % (the rates),PC11_HL14-09-133,"HL-14: Percentage of households to total households by amenities and assets, Uttar Pradesh, district Muzaffarnagar - 2011",https://censusindia.gov.in/nada/index.php/catalog/9431,https://censusindia.gov.in/nada/index.php/catalog/9431/download/12543,HLPCA-09133-2011_H14_census.xlsx,1116521,794f59f0b61514b38cefbc451b5a74218ff2a0bff4ef060430433a0fbfd1f40f,2026-10-01T07:35:07Z,<scratch>/census/option2/hl14/raw/HLPCA-09133-2011_H14_census.xlsx
HL-14 village/town/ward % (the rates),PC11_HL14-09-134,"HL-14: Percentage of households to total households by amenities and assets, Uttar Pradesh, district Bijnor - 2011",https://censusindia.gov.in/nada/index.php/catalog/9432,https://censusindia.gov.in/nada/index.php/catalog/9432/download/12544,HLPCA-09134-2011_H14_census.xlsx,2173693,8dbfdf1208ba1fb0b2502109d8642da31f9adf641db54e359d841acd0207d342,2026-10-01T07:34:45Z,<scratch>/census/option2/hl14/raw/HLPCA-09134-2011_H14_census.xlsx
HL-14 village/town/ward % (the rates),PC11_HL14-09-135,"HL-14: Percentage of households to total households by amenities and assets, Uttar Pradesh, district Moradabad - 2011",https://censusindia.gov.in/nada/index.php/catalog/9433,https://censusindia.gov.in/nada/index.php/catalog/9433/download/12545,HLPCA-09135-2011_H14_census.xlsx,1584759,58c35f9260b6b513e51b020181e7e4e800329a790f842a2822c0811ec9b8a8e4,2026-10-01T07:35:09Z,<scratch>/census/option2/hl14/raw/HLPCA-09135-2011_H14_census.xlsx
HL-14 village/town/ward % (the rates),PC11_HL14-09-136,"HL-14: Percentage of households to total households by amenities and assets, Uttar Pradesh, district Rampur - 2011",https://censusindia.gov.in/nada/index.php/catalog/9434,https://censusindia.gov.in/nada/index.php/catalog/9434/download/12546,HLPCA-09136-2011_H14_census.xlsx,1106553,c0cd1e36af061163a02739d006385fc890147c10ea5ed3ca9d74359407565bfe,2026-10-01T07:34:52Z,<scratch>/census/option2/hl14/raw/HLPCA-09136-2011_H14_census.xlsx
HL-14 village/town/ward % (the rates),PC11_HL14-09-137,"HL-14: Percentage of households to total households by amenities and assets, Uttar Pradesh, district Jyotiba Phule Nagar - 2011",https://censusindia.gov.in/nada/index.php/catalog/9435,https://censusindia.gov.in/nada/index.php/catalog/9435/download/12547,HLPCA-09137-2011_H14_census.xlsx,947915,22f59e648b0f206f47920f7c6e3019e5d35abcd38f94c54e1c8ae6cd258d7cab,2026-10-01T07:35:12Z,<scratch>/census/option2/hl14/raw/HLPCA-09137-2011_H14_census.xlsx
HL-14 village/town/ward % (the rates),PC11_HL14-09-138,"HL-14: Percentage of households to total households by amenities and assets, Uttar Pradesh, district Meerut - 2011",https://censusindia.gov.in/nada/index.php/catalog/9436,https://censusindia.gov.in/nada/index.php/catalog/9436/download/12548,HLPCA-09138-2011_H14_census.xlsx,768699,8b0d72ebd153994229fe56c9c5beed2f27f1dc9b42d25e1eaf39b670121e0a54,2026-10-01T07:34:56Z,<scratch>/census/option2/hl14/raw/HLPCA-09138-2011_H14_census.xlsx
HL-14 village/town/ward % (the rates),PC11_HL14-09-139,"HL-14: Percentage of households to total households by amenities and assets, Uttar Pradesh, district Baghpat - 2011",https://censusindia.gov.in/nada/index.php/catalog/9437,https://censusindia.gov.in/nada/index.php/catalog/9437/download/12549,HLPCA-09139-2011_H14_census.xlsx,385171,0284e0609a3255598c8664f5dff32afdac984f87a12e31eb8c7d1ff492ee2bc5,2026-10-01T07:35:13Z,<scratch>/census/option2/hl14/raw/HLPCA-09139-2011_H14_census.xlsx
HL-14 village/town/ward % (the rates),PC11_HL14-09-140,"HL-14: Percentage of households to total households by amenities and assets, Uttar Pradesh, district Ghaziabad - 2011",https://censusindia.gov.in/nada/index.php/catalog/9438,https://censusindia.gov.in/nada/index.php/catalog/9438/download/12550,HLPCA-09140-2011_H14_census.xlsx,761609,00437c8facbbc1555570390b89733d6f5b24846f34e5a6c4d7031a8f27aaf813,2026-10-01T07:34:59Z,<scratch>/census/option2/hl14/raw/HLPCA-09140-2011_H14_census.xlsx
HL-14 village/town/ward % (the rates),PC11_HL14-09-141,"HL-14: Percentage of households to total households by amenities and assets, Uttar Pradesh, district Gautam Buddha Nagar - 2011",https://censusindia.gov.in/nada/index.php/catalog/9439,https://censusindia.gov.in/nada/index.php/catalog/9439/download/12551,HLPCA-09141-2011_H14_census.xlsx,434230,679ec806175d7159c66c2967c08abf1888751826e51b170533424c538dbd6b05,2026-10-01T07:35:16Z,<scratch>/census/option2/hl14/raw/HLPCA-09141-2011_H14_census.xlsx
HL-14 village/town/ward % (the rates),PC11_HL14-09-142,"HL-14: Percentage of households to total households by amenities and assets, Uttar Pradesh, district Bulandshahr - 2011",https://censusindia.gov.in/nada/index.php/catalog/9440,https://censusindia.gov.in/nada/index.php/catalog/9440/download/12552,HLPCA-09142-2011_H14_census.xlsx,1321286,13272897e84ffdcdee933bf590ed49e8fc52cad7e166aa39d87a34c277706960,2026-10-01T07:35:04Z,<scratch>/census/option2/hl14/raw/HLPCA-09142-2011_H14_census.xlsx
HL-14 village/town/ward % (the rates),PC11_HL14-09-143,"HL-14: Percentage of households to total households by amenities and assets, Uttar Pradesh, district Aligarh - 2011",https://censusindia.gov.in/nada/index.php/catalog/9441,https://censusindia.gov.in/nada/index.php/catalog/9441/download/12553,HLPCA-09143-2011_H14_census.xlsx,1226111,b045637720870883dfd27e6cc567ba6268fcd9c393b3d15bf85e8bc82a6af86c,2026-10-01T07:35:18Z,<scratch>/census/option2/hl14/raw/HLPCA-09143-2011_H14_census.xlsx
HL-14 village/town/ward % (the rates),PC11_HL14-09-144,"HL-14: Percentage of households to total households by amenities and assets, Uttar Pradesh, district Mahamaya Nagar - 2011",https://censusindia.gov.in/nada/index.php/catalog/9442,https://censusindia.gov.in/nada/index.php/catalog/9442/download/12554,HLPCA-09144-2011_H14_census.xlsx,681724,f4f7f4b33de31c680dc447ad9ea2189b2cd1e2e108644416e16f614cc1b76981,2026-10-01T07:35:07Z,<scratch>/census/option2/hl14/raw/HLPCA-09144-2011_H14_census.xlsx
HL-14 village/town/ward % (the rates),PC11_HL14-09-145,"HL-14: Percentage of households to total households by amenities and assets, Uttar Pradesh, district Mathura - 2011",https://censusindia.gov.in/nada/index.php/catalog/9443,https://censusindia.gov.in/nada/index.php/catalog/9443/download/12555,HLPCA-09145-2011_H14_census.xlsx,866446,e522aa3f512c79cb5b9751e477550011136704f3792374e69ba9d25adad6ce21,2026-10-01T07:35:20Z,<scratch>/census/option2/hl14/raw/HLPCA-09145-2011_H14_census.xlsx
HL-14 village/town/ward % (the rates),PC11_HL14-09-146,"HL-14: Percentage of households to total households by amenities and assets, Uttar Pradesh, district Agra - 2011",https://censusindia.gov.in/nada/index.php/catalog/9444,https://censusindia.gov.in/nada/index.php/catalog/9444/download/12556,HLPCA-09146-2011_H14_census.xlsx,1056766,af7aa9dc5b1a39cab999b9d29621be9920a7ef06cea893b6f6ec3427bde855ba,2026-10-01T07:35:09Z,<scratch>/census/option2/hl14/raw/HLPCA-09146-2011_H14_census.xlsx
HL-14 village/town/ward % (the rates),PC11_HL14-09-147,"HL-14: Percentage of households to total households by amenities and assets, Uttar Pradesh, district Firozabad - 2011",https://censusindia.gov.in/nada/index.php/catalog/9445,https://censusindia.gov.in/nada/index.php/catalog/9445/download/12557,HLPCA-09147-2011_H14_census.xlsx,809281,14cf2ed29123afa07b46fb9e6965f185f862bee681d9ea3377803181a8efe4a9,2026-10-01T07:35:22Z,<scratch>/census/option2/hl14/raw/HLPCA-09147-2011_H14_census.xlsx
HL-14 village/town/ward % (the rates),PC11_HL14-09-148,"HL-14: Percentage of households to total households by amenities and assets, Uttar Pradesh, district Mainpuri - 2011",https://censusindia.gov.in/nada/index.php/catalog/9446,https://censusindia.gov.in/nada/index.php/catalog/9446/download/12558,HLPCA-09148-2011_H14_census.xlsx,801821,9ced5b559a8f3edaa88b9a52e85b259e173727aa3cd2aabc11d6a87c5fdd1a9d,2026-10-01T07:35:12Z,<scratch>/census/option2/hl14/raw/HLPCA-09148-2011_H14_census.xlsx
HL-14 village/town/ward % (the rates),PC11_HL14-09-149,"HL-14: Percentage of households to total households by amenities and assets, Uttar Pradesh, district Budaun - 2011",https://censusindia.gov.in/nada/index.php/catalog/9447,https://censusindia.gov.in/nada/index.php/catalog/9447/download/12559,HLPCA-09149-2011_H14_census.xlsx,1814243,1e6c230dec048cdd3895fc574a1c428fa5d7a61410eeb7ec98ee42332ce2205b,2026-10-01T07:35:24Z,<scratch>/census/option2/hl14/raw/HLPCA-09149-2011_H14_census.xlsx
HL-14 village/town/ward % (the rates),PC11_HL14-09-150,"HL-14: Percentage of households to total households by amenities and assets, Uttar Pradesh, district Bareilly - 2011",https://censusindia.gov.in/nada/index.php/catalog/9448,https://censusindia.gov.in/nada/index.php/catalog/9448/download/12560,HLPCA-09150-2011_H14_census.xlsx,1913900,df3ecefa8764cb9f73246aae72f48cc4dde261f0cf842c8d3c237b6be54a5cc5,2026-10-01T07:35:14Z,<scratch>/census/option2/hl14/raw/HLPCA-09150-2011_H14_census.xlsx
HL-14 village/town/ward % (the rates),PC11_HL14-09-151,"HL-14: Percentage of households to total households by amenities and assets, Uttar Pradesh, district Pilibhit - 2011",https://censusindia.gov.in/nada/index.php/catalog/9449,https://censusindia.gov.in/nada/index.php/catalog/9449/download/12561,HLPCA-09151-2011_H14_census.xlsx,1190121,eeb55c14e552bd421019428e009fb3088d44c4af0d7540e998b7b12db17b53a5,2026-10-01T07:35:28Z,<scratch>/census/option2/hl14/raw/HLPCA-09151-2011_H14_census.xlsx
HL-14 village/town/ward % (the rates),PC11_HL14-09-152,"HL-14: Percentage of households to total households by amenities and assets, Uttar Pradesh, district Shahjahanpur - 2011",https://censusindia.gov.in/nada/index.php/catalog/9450,https://censusindia.gov.in/nada/index.php/catalog/9450/download/12562,HLPCA-09152-2011_H14_census.xlsx,1893890,fd5ab4867668cb877a2105ce36c0f6bcba820fb7a7156a80973baa0f0ff2df33,2026-10-01T07:35:17Z,<scratch>/census/option2/hl14/raw/HLPCA-09152-2011_H14_census.xlsx
HL-14 village/town/ward % (the rates),PC11_HL14-09-153,"HL-14: Percentage of households to total households by amenities and assets, Uttar Pradesh, district Kheri - 2011",https://censusindia.gov.in/nada/index.php/catalog/9451,https://censusindia.gov.in/nada/index.php/catalog/9451/download/12563,HLPCA-09153-2011_H14_census.xlsx,1603644,707a03c362e711c3b6be893149d3a50b0fd14dd5d56b6f1adce39c56ca2e4356,2026-10-01T07:35:30Z,<scratch>/census/option2/hl14/raw/HLPCA-09153-2011_H14_census.xlsx
HL-14 village/town/ward % (the rates),PC11_HL14-09-154,"HL-14: Percentage of households to total households by amenities and assets, Uttar Pradesh, district Sitapur - 2011",https://censusindia.gov.in/nada/index.php/catalog/9452,https://censusindia.gov.in/nada/index.php/catalog/9452/download/12564,HLPCA-09154-2011_H14_census.xlsx,2146752,15f638d82858f56a123bbe16ae28640a62b3aa70c7b8aeafd8b672967ceea275,2026-10-01T07:35:20Z,<scratch>/census/option2/hl14/raw/HLPCA-09154-2011_H14_census.xlsx
HL-14 village/town/ward % (the rates),PC11_HL14-09-155,"HL-14: Percentage of households to total households by amenities and assets, Uttar Pradesh, district Hardoi - 2011",https://censusindia.gov.in/nada/index.php/catalog/9453,https://censusindia.gov.in/nada/index.php/catalog/9453/download/12565,HLPCA-09155-2011_H14_census.xlsx,1816991,bc1316379997633998cbf82d7f2a18ac0b7b52e44fa6df299a361dabe44666a3,2026-10-01T07:35:33Z,<scratch>/census/option2/hl14/raw/HLPCA-09155-2011_H14_census.xlsx
HL-14 village/town/ward % (the rates),PC11_HL14-09-156,"HL-14: Percentage of households to total households by amenities and assets, Uttar Pradesh, district Unnao - 2011",https://censusindia.gov.in/nada/index.php/catalog/9454,https://censusindia.gov.in/nada/index.php/catalog/9454/download/12566,HLPCA-09156-2011_H14_census.xlsx,1640011,9abefb55bd97ce8c44a05f8f85fec94d7e881ff5d71233fa6524869b87a056cf,2026-10-01T07:35:24Z,<scratch>/census/option2/hl14/raw/HLPCA-09156-2011_H14_census.xlsx
HL-14 village/town/ward % (the rates),PC11_HL14-09-157,"HL-14: Percentage of households to total households by amenities and assets, Uttar Pradesh, district Lucknow - 2011",https://censusindia.gov.in/nada/index.php/catalog/9455,https://censusindia.gov.in/nada/index.php/catalog/9455/download/12567,HLPCA-09157-2011_H14_census.xlsx,887819,9873140fc2ffd69edac5e5864cebeb49866d60d2fecc6b36d295997f09907697,2026-10-01T07:35:35Z,<scratch>/census/option2/hl14/raw/HLPCA-09157-2011_H14_census.xlsx
HL-14 village/town/ward % (the rates),PC11_HL14-09-158,"HL-14: Percentage of households to total households by amenities and assets, Uttar Pradesh, district Rae Bareli - 2011",https://censusindia.gov.in/nada/index.php/catalog/9456,https://censusindia.gov.in/nada/index.php/catalog/9456/download/12568,HLPCA-09158-2011_H14_census.xlsx,1589211,956aa6c060ab753a7ec4d4d241ddb2d545de1d430715598fa5bda16d1323c6cc,2026-10-01T07:35:27Z,<scratch>/census/option2/hl14/raw/HLPCA-09158-2011_H14_census.xlsx
HL-14 village/town/ward % (the rates),PC11_HL14-09-159,"HL-14: Percentage of households to total households by amenities and assets, Uttar Pradesh, district Farrukhabad - 2011",https://censusindia.gov.in/nada/index.php/catalog/9457,https://censusindia.gov.in/nada/index.php/catalog/9457/download/12569,HLPCA-09159-2011_H14_census.xlsx,841432,9908df78a3cc36b0f2f91827cd868286a279a309fcd72259d451c2788b2f538a,2026-10-01T07:35:38Z,<scratch>/census/option2/hl14/raw/HLPCA-09159-2011_H14_census.xlsx
HL-14 village/town/ward % (the rates),PC11_HL14-09-160,"HL-14: Percentage of households to total households by amenities and assets, Uttar Pradesh, district Kannauj - 2011",https://censusindia.gov.in/nada/index.php/catalog/9458,https://censusindia.gov.in/nada/index.php/catalog/9458/download/12570,HLPCA-09160-2011_H14_census.xlsx,715623,aba5bc4ab553ad705ae6ac71a54158dcd6938b381d698e609b5ade1d9ce2acd6,2026-10-01T07:35:29Z,<scratch>/census/option2/hl14/raw/HLPCA-09160-2011_H14_census.xlsx
HL-14 village/town/ward % (the rates),PC11_HL14-09-161,"HL-14: Percentage of households to total households by amenities and assets, Uttar Pradesh, district Etawah - 2011",https://censusindia.gov.in/nada/index.php/catalog/9459,https://censusindia.gov.in/nada/index.php/catalog/9459/download/12571,HLPCA-09161-2011_H14_census.xlsx,694084,341f571d685bbd4bf1e0eb59eb200274afc61785fc99e165c8c5f819e1b8dea8,2026-10-01T07:35:40Z,<scratch>/census/option2/hl14/raw/HLPCA-09161-2011_H14_census.xlsx
HL-14 village/town/ward % (the rates),PC11_HL14-09-162,"HL-14: Percentage of households to total households by amenities and assets, Uttar Pradesh, district Auraiya - 2011",https://censusindia.gov.in/nada/index.php/catalog/9460,https://censusindia.gov.in/nada/index.php/catalog/9460/download/12572,HLPCA-09162-2011_H14_census.xlsx,738327,e02d2a8053570f06401f2fd93b0e6355aeeeea52b785192c6714fc2a417b7b49,2026-10-01T07:35:32Z,<scratch>/census/option2/hl14/raw/HLPCA-09162-2011_H14_census.xlsx
HL-14 village/town/ward % (the rates),PC11_HL14-09-163,"HL-14: Percentage of households to total households by amenities and assets, Uttar Pradesh, district Kanpur Dehat - 2011",https://censusindia.gov.in/nada/index.php/catalog/9461,https://censusindia.gov.in/nada/index.php/catalog/9461/download/12573,HLPCA-09163-2011_H14_census.xlsx,941772,2b3f267c3a2b00bb69674cb20866f9ab97b1867d3d29e48da612fc18bc889db2,2026-10-01T07:35:42Z,<scratch>/census/option2/hl14/raw/HLPCA-09163-2011_H14_census.xlsx
HL-14 village/town/ward % (the rates),PC11_HL14-09-164,"HL-14: Percentage of households to total households by amenities and assets, Uttar Pradesh, district Kanpur Nagar - 2011",https://censusindia.gov.in/nada/index.php/catalog/9462,https://censusindia.gov.in/nada/index.php/catalog/9462/download/12574,HLPCA-09164-2011_H14_census.xlsx,938062,0b38b31e48390b5d382829f0534c54c4445b70b61d9b9f34dadcabe6da8b3e6d,2026-10-01T07:35:34Z,<scratch>/census/option2/hl14/raw/HLPCA-09164-2011_H14_census.xlsx
HL-14 village/town/ward % (the rates),PC11_HL14-09-165,"HL-14: Percentage of households to total households by amenities and assets, Uttar Pradesh, district Jalaun - 2011",https://censusindia.gov.in/nada/index.php/catalog/9463,https://censusindia.gov.in/nada/index.php/catalog/9463/download/12575,HLPCA-09165-2011_H14_census.xlsx,935997,e228deff33240f84075255071ee7883612de37e6efbf496691ac64d56a0a49a2,2026-10-01T07:35:44Z,<scratch>/census/option2/hl14/raw/HLPCA-09165-2011_H14_census.xlsx
HL-14 village/town/ward % (the rates),PC11_HL14-09-166,"HL-14: Percentage of households to total households by amenities and assets, Uttar Pradesh, district Jhansi - 2011",https://censusindia.gov.in/nada/index.php/catalog/9464,https://censusindia.gov.in/nada/index.php/catalog/9464/download/12576,HLPCA-09166-2011_H14_census.xlsx,898559,e8c5e569e404a2a31f0f9825839e174274be699eecd47b41c953cba0551187e0,2026-10-01T07:35:36Z,<scratch>/census/option2/hl14/raw/HLPCA-09166-2011_H14_census.xlsx
HL-14 village/town/ward % (the rates),PC11_HL14-09-167,"HL-14: Percentage of households to total households by amenities and assets, Uttar Pradesh, district Lalitpur - 2011",https://censusindia.gov.in/nada/index.php/catalog/9465,https://censusindia.gov.in/nada/index.php/catalog/9465/download/12577,HLPCA-09167-2011_H14_census.xlsx,625976,3ed1d284a8981e31cdca7d5971bd263545a6cbc6804d6ca95bf8836a0ef88daf,2026-10-01T07:35:46Z,<scratch>/census/option2/hl14/raw/HLPCA-09167-2011_H14_census.xlsx
HL-14 village/town/ward % (the rates),PC11_HL14-09-168,"HL-14: Percentage of households to total households by amenities and assets, Uttar Pradesh, district Hamirpur - 2011",https://censusindia.gov.in/nada/index.php/catalog/9466,https://censusindia.gov.in/nada/index.php/catalog/9466/download/12578,HLPCA-09168-2011_H14_census.xlsx,535035,5460ada0358824fac64cb49b8db1671528565a5c894fce8bef9bd1a81bb5e08a,2026-10-01T07:35:38Z,<scratch>/census/option2/hl14/raw/HLPCA-09168-2011_H14_census.xlsx
HL-14 village/town/ward % (the rates),PC11_HL14-09-169,"HL-14: Percentage of households to total households by amenities and assets, Uttar Pradesh, district Mahoba - 2011",https://censusindia.gov.in/nada/index.php/catalog/9467,https://censusindia.gov.in/nada/index.php/catalog/9467/download/12579,HLPCA-09169-2011_H14_census.xlsx,454909,a1f6b43343382107c3c8913e62f31441b590e483793b8c9f8f1950cece92a229,2026-10-01T07:35:48Z,<scratch>/census/option2/hl14/raw/HLPCA-09169-2011_H14_census.xlsx
HL-14 village/town/ward % (the rates),PC11_HL14-09-170,"HL-14: Percentage of households to total households by amenities and assets, Uttar Pradesh, district Banda - 2011",https://censusindia.gov.in/nada/index.php/catalog/9468,https://censusindia.gov.in/nada/index.php/catalog/9468/download/12580,HLPCA-09170-2011_H14_census.xlsx,662492,3f645781b8a4056fd03d52caf083497b72fda79bf2ddf61b796a2be3f0c6e5cb,2026-10-01T07:35:40Z,<scratch>/census/option2/hl14/raw/HLPCA-09170-2011_H14_census.xlsx
HL-14 village/town/ward % (the rates),PC11_HL14-09-171,"HL-14: Percentage of households to total households by amenities and assets, Uttar Pradesh, district Chitrakoot - 2011",https://censusindia.gov.in/nada/index.php/catalog/9469,https://censusindia.gov.in/nada/index.php/catalog/9469/download/12581,HLPCA-09171-2011_H14_census.xlsx,513753,f2a87e79fa614d7fab12bf02ba972254f322489d163f08b90cb76dffa10b8118,2026-10-01T07:35:50Z,<scratch>/census/option2/hl14/raw/HLPCA-09171-2011_H14_census.xlsx
HL-14 village/town/ward % (the rates),PC11_HL14-09-172,"HL-14: Percentage of households to total households by amenities and assets, Uttar Pradesh, district Fatehpur - 2011",https://censusindia.gov.in/nada/index.php/catalog/9470,https://censusindia.gov.in/nada/index.php/catalog/9470/download/12582,HLPCA-09172-2011_H14_census.xlsx,1245893,54599dd607db8e5967d5344649eac5b4c1492f7d291bf9b1a0825a9a82819721,2026-10-01T07:35:42Z,<scratch>/census/option2/hl14/raw/HLPCA-09172-2011_H14_census.xlsx
HL-14 village/town/ward % (the rates),PC11_HL14-09-173,"HL-14: Percentage of households to total households by amenities and assets, Uttar Pradesh, district Pratapgarh - 2011",https://censusindia.gov.in/nada/index.php/catalog/9471,https://censusindia.gov.in/nada/index.php/catalog/9471/download/12583,HLPCA-09173-2011_H14_census.xlsx,1919039,eff4357d1a6032617bc4e2285892992d8ec7cf1f562080e07e537907d4661965,2026-10-01T07:35:52Z,<scratch>/census/option2/hl14/raw/HLPCA-09173-2011_H14_census.xlsx
HL-14 village/town/ward % (the rates),PC11_HL14-09-174,"HL-14: Percentage of households to total households by amenities and assets, Uttar Pradesh, district Kaushambi - 2011",https://censusindia.gov.in/nada/index.php/catalog/9472,https://censusindia.gov.in/nada/index.php/catalog/9472/download/12584,HLPCA-09174-2011_H14_census.xlsx,694039,43889a3ba0b0ae48bc20b0206432d29ffab5051504a99f6e9633cd2f33d0bb0f,2026-10-01T07:35:44Z,<scratch>/census/option2/hl14/raw/HLPCA-09174-2011_H14_census.xlsx
HL-14 village/town/ward % (the rates),PC11_HL14-09-175,"HL-14: Percentage of households to total households by amenities and assets, Uttar Pradesh, district Allahabad - 2011",https://censusindia.gov.in/nada/index.php/catalog/9473,https://censusindia.gov.in/nada/index.php/catalog/9473/download/12585,HLPCA-09175-2011_H14_census.xlsx,2591941,37c59e606fc8393027fedd894a00ae8ca79d11707d748407e2269e8a7df97a11,2026-10-01T07:35:55Z,<scratch>/census/option2/hl14/raw/HLPCA-09175-2011_H14_census.xlsx
HL-14 village/town/ward % (the rates),PC11_HL14-09-176,"HL-14: Percentage of households to total households by amenities and assets, Uttar Pradesh, district Bara Banki - 2011",https://censusindia.gov.in/nada/index.php/catalog/9474,https://censusindia.gov.in/nada/index.php/catalog/9474/download/12586,HLPCA-09176-2011_H14_census.xlsx,1683707,422f3fe0d0cc9535b2d0e83adc91dca2069bcc7cf81daf64f2b9c2719fa45d36,2026-10-01T07:35:46Z,<scratch>/census/option2/hl14/raw/HLPCA-09176-2011_H14_census.xlsx
HL-14 village/town/ward % (the rates),PC11_HL14-09-177,"HL-14: Percentage of households to total households by amenities and assets, Uttar Pradesh, district Faizabad - 2011",https://censusindia.gov.in/nada/index.php/catalog/9475,https://censusindia.gov.in/nada/index.php/catalog/9475/download/12587,HLPCA-09177-2011_H14_census.xlsx,1161209,8e6b6d1679bd3f7e35c758c9290f6f1cd460bc5a1229c504ac9a85235df897cf,2026-10-01T07:35:57Z,<scratch>/census/option2/hl14/raw/HLPCA-09177-2011_H14_census.xlsx
HL-14 village/town/ward % (the rates),PC11_HL14-09-178,"HL-14: Percentage of households to total households by amenities and assets, Uttar Pradesh, district Ambedkar Nagar - 2011",https://censusindia.gov.in/nada/index.php/catalog/9476,https://censusindia.gov.in/nada/index.php/catalog/9476/download/12588,HLPCA-09178-2011_H14_census.xlsx,1487203,853d86271b1ae1ff82fd0471c16f7c6b3978a9308c5a6737ad7c8e3ba002f7f9,2026-10-01T07:35:49Z,<scratch>/census/option2/hl14/raw/HLPCA-09178-2011_H14_census.xlsx
HL-14 village/town/ward % (the rates),PC11_HL14-09-179,"HL-14: Percentage of households to total households by amenities and assets, Uttar Pradesh, district Sultanpur - 2011",https://censusindia.gov.in/nada/index.php/catalog/9477,https://censusindia.gov.in/nada/index.php/catalog/9477/download/12589,HLPCA-09179-2011_H14_census.xlsx,2177055,7edb28448dfca497bcfcf2b4db09925e32caf366e64cc57cbc3f8b2cbe2a6ff3,2026-10-01T07:36:00Z,<scratch>/census/option2/hl14/raw/HLPCA-09179-2011_H14_census.xlsx
HL-14 village/town/ward % (the rates),PC11_HL14-09-180,"HL-14: Percentage of households to total households by amenities and assets, Uttar Pradesh, district Bahraich - 2011",https://censusindia.gov.in/nada/index.php/catalog/9478,https://censusindia.gov.in/nada/index.php/catalog/9478/download/12590,HLPCA-09180-2011_H14_census.xlsx,1225009,b4ec41056aae94a2096928ef5baef614d19dc790efe39f1abd775742d6c8712a,2026-10-01T07:35:51Z,<scratch>/census/option2/hl14/raw/HLPCA-09180-2011_H14_census.xlsx
HL-14 village/town/ward % (the rates),PC11_HL14-09-181,"HL-14: Percentage of households to total households by amenities and assets, Uttar Pradesh, district Shrawasti - 2011",https://censusindia.gov.in/nada/index.php/catalog/9479,https://censusindia.gov.in/nada/index.php/catalog/9479/download/12591,HLPCA-09181-2011_H14_census.xlsx,459730,1cbe1036936a64d0228b8786365ca64d262460a03760981264f248200e11a91d,2026-10-01T07:36:02Z,<scratch>/census/option2/hl14/raw/HLPCA-09181-2011_H14_census.xlsx
HL-14 village/town/ward % (the rates),PC11_HL14-09-182,"HL-14: Percentage of households to total households by amenities and assets, Uttar Pradesh, district Balrampur - 2011",https://censusindia.gov.in/nada/index.php/catalog/9480,https://censusindia.gov.in/nada/index.php/catalog/9480/download/12592,HLPCA-09182-2011_H14_census.xlsx,910089,e7d7c5ebf8cff26d403f0307aee89ee7830b19ab5c2ae284c29b65bd62ae7076,2026-10-01T07:35:53Z,<scratch>/census/option2/hl14/raw/HLPCA-09182-2011_H14_census.xlsx
HL-14 village/town/ward % (the rates),PC11_HL14-09-183,"HL-14: Percentage of households to total households by amenities and assets, Uttar Pradesh, district Gonda - 2011",https://censusindia.gov.in/nada/index.php/catalog/9481,https://censusindia.gov.in/nada/index.php/catalog/9481/download/12593,HLPCA-09183-2011_H14_census.xlsx,1625351,ac8cdd617b05e299bf0020cc8ddd7c0af824608cdb65dd0bc5cf4cebca970400,2026-10-01T07:36:04Z,<scratch>/census/option2/hl14/raw/HLPCA-09183-2011_H14_census.xlsx
HL-14 village/town/ward % (the rates),PC11_HL14-09-184,"HL-14: Percentage of households to total households by amenities and assets, Uttar Pradesh, district Siddharthnagar - 2011",https://censusindia.gov.in/nada/index.php/catalog/9482,https://censusindia.gov.in/nada/index.php/catalog/9482/download/12594,HLPCA-09184-2011_H14_census.xlsx,1990553,eab1142266cb2b2db6243c4ea5bbf747858f2333b19219699bf8307208f4dcc0,2026-10-01T07:35:56Z,<scratch>/census/option2/hl14/raw/HLPCA-09184-2011_H14_census.xlsx
HL-14 village/town/ward % (the rates),PC11_HL14-09-185,"HL-14: Percentage of households to total households by amenities and assets, Uttar Pradesh, district Basti - 2011",https://censusindia.gov.in/nada/index.php/catalog/9483,https://censusindia.gov.in/nada/index.php/catalog/9483/download/12595,HLPCA-09185-2011_H14_census.xlsx,2537267,7778cebb15f588048f958aa3b398440ae0005e364c81d1a22d067940d7c0e698,2026-10-01T07:36:07Z,<scratch>/census/option2/hl14/raw/HLPCA-09185-2011_H14_census.xlsx
HL-14 village/town/ward % (the rates),PC11_HL14-09-186,"HL-14: Percentage of households to total households by amenities and assets, Uttar Pradesh, district Sant Kabir Nagar - 2011",https://censusindia.gov.in/nada/index.php/catalog/9484,https://censusindia.gov.in/nada/index.php/catalog/9484/download/12596,HLPCA-09186-2011_H14_census.xlsx,1328275,d72ef45826e6ed5a89b0d316d75079b8feca37c7a6282ea7439257ddd989ba32,2026-10-01T07:35:58Z,<scratch>/census/option2/hl14/raw/HLPCA-09186-2011_H14_census.xlsx
HL-14 village/town/ward % (the rates),PC11_HL14-09-187,"HL-14: Percentage of households to total households by amenities and assets, Uttar Pradesh, district Mahrajganj - 2011",https://censusindia.gov.in/nada/index.php/catalog/9485,https://censusindia.gov.in/nada/index.php/catalog/9485/download/12597,HLPCA-09187-2011_H14_census.xlsx,1122890,d925bdca4e75d86a827ddbbc499eda392bd25552b8502ab193e3f70221c883fe,2026-10-01T07:36:09Z,<scratch>/census/option2/hl14/raw/HLPCA-09187-2011_H14_census.xlsx
HL-14 village/town/ward % (the rates),PC11_HL14-09-188,"HL-14: Percentage of households to total households by amenities and assets, Uttar Pradesh, district Gorakhpur - 2011",https://censusindia.gov.in/nada/index.php/catalog/9486,https://censusindia.gov.in/nada/index.php/catalog/9486/download/12598,HLPCA-09188-2011_H14_census.xlsx,2566679,a0dc1b3114e71337a15c3cf235a7020c1b993f14f86820371b8eb289703f6050,2026-10-01T07:36:01Z,<scratch>/census/option2/hl14/raw/HLPCA-09188-2011_H14_census.xlsx
HL-14 village/town/ward % (the rates),PC11_HL14-09-189,"HL-14: Percentage of households to total households by amenities and assets, Uttar Pradesh, district Kushinagar - 2011",https://censusindia.gov.in/nada/index.php/catalog/9487,https://censusindia.gov.in/nada/index.php/catalog/9487/download/12599,HLPCA-09189-2011_H14_census.xlsx,1430761,f5cad2f7859e98b0bac44df5fe066054ef040444fe0c17803564a3597fd7b585,2026-10-01T07:36:11Z,<scratch>/census/option2/hl14/raw/HLPCA-09189-2011_H14_census.xlsx
HL-14 village/town/ward % (the rates),PC11_HL14-09-190,"HL-14: Percentage of households to total households by amenities and assets, Uttar Pradesh, district Deoria - 2011",https://censusindia.gov.in/nada/index.php/catalog/9488,https://censusindia.gov.in/nada/index.php/catalog/9488/download/12600,HLPCA-09190-2011_H14_census.xlsx,1819855,2f095f40a0b2948cb6d8e36b5df4d6b9d092a55d014074ec8c9842cc8b9c1077,2026-10-01T07:36:03Z,<scratch>/census/option2/hl14/raw/HLPCA-09190-2011_H14_census.xlsx
HL-14 village/town/ward % (the rates),PC11_HL14-09-191,"HL-14: Percentage of households to total households by amenities and assets, Uttar Pradesh, district Azamgarh - 2011",https://censusindia.gov.in/nada/index.php/catalog/9489,https://censusindia.gov.in/nada/index.php/catalog/9489/download/12601,HLPCA-09191-2011_H14_census.xlsx,3248903,5e7bc4978c797c94f06429f7bc54cda353160d67a3d6f73e1cd6bb625e25e3fb,2026-10-01T07:36:15Z,<scratch>/census/option2/hl14/raw/HLPCA-09191-2011_H14_census.xlsx
HL-14 village/town/ward % (the rates),PC11_HL14-09-192,"HL-14: Percentage of households to total households by amenities and assets, Uttar Pradesh, district Mau - 2011",https://censusindia.gov.in/nada/index.php/catalog/9490,https://censusindia.gov.in/nada/index.php/catalog/9490/download/12602,HLPCA-09192-2011_H14_census.xlsx,1335195,6894a65a7da4b887779d263580d44ec30d56591fbcddcbebbd5fa6bbafba8b0d,2026-10-01T07:36:05Z,<scratch>/census/option2/hl14/raw/HLPCA-09192-2011_H14_census.xlsx
HL-14 village/town/ward % (the rates),PC11_HL14-09-193,"HL-14: Percentage of households to total households by amenities and assets, Uttar Pradesh, district Ballia - 2011",https://censusindia.gov.in/nada/index.php/catalog/9491,https://censusindia.gov.in/nada/index.php/catalog/9491/download/12603,HLPCA-09193-2011_H14_census.xlsx,1658364,055fdae4b2a86cfa7c8969c244b9ec8dc607a3f9fa3f21ca8780bfab3d8ef0f6,2026-10-01T07:36:17Z,<scratch>/census/option2/hl14/raw/HLPCA-09193-2011_H14_census.xlsx
HL-14 village/town/ward % (the rates),PC11_HL14-09-194,"HL-14: Percentage of households to total households by amenities and assets, Uttar Pradesh, district Jaunpur - 2011",https://censusindia.gov.in/nada/index.php/catalog/9492,https://censusindia.gov.in/nada/index.php/catalog/9492/download/12604,HLPCA-09194-2011_H14_census.xlsx,2863061,99352032885d6515e76bbdaa939d79803beb8fb7c777d98df32b7c9ef387547f,2026-10-01T07:36:07Z,<scratch>/census/option2/hl14/raw/HLPCA-09194-2011_H14_census.xlsx
HL-14 village/town/ward % (the rates),PC11_HL14-09-195,"HL-14: Percentage of households to total households by amenities and assets, Uttar Pradesh, district Ghazipur - 2011",https://censusindia.gov.in/nada/index.php/catalog/9493,https://censusindia.gov.in/nada/index.php/catalog/9493/download/12605,HLPCA-09195-2011_H14_census.xlsx,2352715,914c1d2d93a48cdef85d1796b90157b6ee1bc272113104acd1b4b7e2b10992c3,2026-10-01T07:36:20Z,<scratch>/census/option2/hl14/raw/HLPCA-09195-2011_H14_census.xlsx
HL-14 village/town/ward % (the rates),PC11_HL14-09-196,"HL-14: Percentage of households to total households by amenities and assets, Uttar Pradesh, district Chandauli - 2011",https://censusindia.gov.in/nada/index.php/catalog/9494,https://censusindia.gov.in/nada/index.php/catalog/9494/download/12606,HLPCA-09196-2011_H14_census.xlsx,1236281,bbc31af864a8e7fcbe55422d868ca606865a6ec5cea9838c4b877917cd5bbe6c,2026-10-01T07:36:10Z,<scratch>/census/option2/hl14/raw/HLPCA-09196-2011_H14_census.xlsx
HL-14 village/town/ward % (the rates),PC11_HL14-09-197,"HL-14: Percentage of households to total households by amenities and assets, Uttar Pradesh, district Varanasi - 2011",https://censusindia.gov.in/nada/index.php/catalog/9495,https://censusindia.gov.in/nada/index.php/catalog/9495/download/12607,HLPCA-09197-2011_H14_census.xlsx,1230575,5ab9effb4a90afea1db4b9de56453848aad288cf0e8a7887b5512b96716faeb0,2026-10-01T07:36:23Z,<scratch>/census/option2/hl14/raw/HLPCA-09197-2011_H14_census.xlsx
HL-14 village/town/ward % (the rates),PC11_HL14-09-198,"HL-14: Percentage of households to total households by amenities and assets, Uttar Pradesh, district Sant Ravidas Nagar (Bhadohi) - 2011",https://censusindia.gov.in/nada/index.php/catalog/9496,https://censusindia.gov.in/nada/index.php/catalog/9496/download/12608,HLPCA-09198-2011_H14_census.xlsx,1000139,9bc637035c0796d2322299a2edb3fa8edd7e681d185e192b2af35be7c152838e,2026-10-01T07:36:12Z,<scratch>/census/option2/hl14/raw/HLPCA-09198-2011_H14_census.xlsx
HL-14 village/town/ward % (the rates),PC11_HL14-09-199,"HL-14: Percentage of households to total households by amenities and assets, Uttar Pradesh, district Mirzapur - 2011",https://censusindia.gov.in/nada/index.php/catalog/9497,https://censusindia.gov.in/nada/index.php/catalog/9497/download/12609,HLPCA-09199-2011_H14_census.xlsx,1509018,1cf2c5f9cc008a97664f96301aadd0e64db5671b8f5362ddd78d5e49c4851de3,2026-10-01T07:36:26Z,<scratch>/census/option2/hl14/raw/HLPCA-09199-2011_H14_census.xlsx
HL-14 village/town/ward % (the rates),PC11_HL14-09-200,"HL-14: Percentage of households to total households by amenities and assets, Uttar Pradesh, district Sonbhadra - 2011",https://censusindia.gov.in/nada/index.php/catalog/9498,https://censusindia.gov.in/nada/index.php/catalog/9498/download/12610,HLPCA-09200-2011_H14_census.xlsx,1212557,838c50ef13646ec4f626f34d69775ea780b8f7b2f105ab54687f3bc8f9bf6934,2026-10-01T07:36:15Z,<scratch>/census/option2/hl14/raw/HLPCA-09200-2011_H14_census.xlsx
HL-14 village/town/ward % (the rates),PC11_HL14-09-201,"HL-14: Percentage of households to total households by amenities and assets, Uttar Pradesh, district Etah - 2011",https://censusindia.gov.in/nada/index.php/catalog/9499,https://censusindia.gov.in/nada/index.php/catalog/9499/download/12611,HLPCA-09201-2011_H14_census.xlsx,845212,e2f4a79d7c07646aa6025cf933b6a00cda2a919ea7d4dc236132b3077ef3571f,2026-10-01T07:36:28Z,<scratch>/census/option2/hl14/raw/HLPCA-09201-2011_H14_census.xlsx
HL-14 village/town/ward % (the rates),PC11_HL14-09-202,"HL-14: Percentage of households to total households by amenities and assets, Uttar Pradesh, district Kanshiram Nagar - 2011",https://censusindia.gov.in/nada/index.php/catalog/9500,https://censusindia.gov.in/nada/index.php/catalog/9500/download/12612,HLPCA-09202-2011_H14_census.xlsx,691425,94f15d3ac8d03c4a856691bf28a7e15d24ba97ebde374985e978f1a14d6d6ea4,2026-10-01T07:36:17Z,<scratch>/census/option2/hl14/raw/HLPCA-09202-2011_H14_census.xlsx
HL-14 village/town/ward % (the rates),PC11_HL14-10-203,"HL-14: Percentage of households to total households by amenities and assets, Bihar, district Pashchim Champaran - 2011",https://censusindia.gov.in/nada/index.php/catalog/9501,https://censusindia.gov.in/nada/index.php/catalog/9501/download/12613,HLPCA-10203-2011_H14_census.xlsx,1292841,ac76a8066abd77aa9aa79505f788656e3aea28da4d56ece2df9536be83b6d4ff,2026-10-01T07:36:31Z,<scratch>/census/option2/hl14/raw/HLPCA-10203-2011_H14_census.xlsx
HL-14 village/town/ward % (the rates),PC11_HL14-10-204,"HL-14: Percentage of households to total households by amenities and assets, Bihar, district Purba Champaran - 2011",https://censusindia.gov.in/nada/index.php/catalog/9502,https://censusindia.gov.in/nada/index.php/catalog/9502/download/12614,HLPCA-10204-2011_H14_census.xlsx,1282281,8e535c8f141c8b23bc8107b5417aa2a0cac8a25ebfc131f0240cab4fb96c29cc,2026-10-01T07:36:20Z,<scratch>/census/option2/hl14/raw/HLPCA-10204-2011_H14_census.xlsx
HL-14 village/town/ward % (the rates),PC11_HL14-10-205,"HL-14: Percentage of households to total households by amenities and assets, Bihar, district Sheohar - 2011",https://censusindia.gov.in/nada/index.php/catalog/9503,https://censusindia.gov.in/nada/index.php/catalog/9503/download/12615,HLPCA-10205-2011_H14_census.xlsx,195264,604e042338d69c175816dcf6530568a4aaff021a413f9298c400c3e1e1cf9587,2026-10-01T07:36:33Z,<scratch>/census/option2/hl14/raw/HLPCA-10205-2011_H14_census.xlsx
HL-14 village/town/ward % (the rates),PC11_HL14-10-206,"HL-14: Percentage of households to total households by amenities and assets, Bihar, district Sitamarhi - 2011",https://censusindia.gov.in/nada/index.php/catalog/9504,https://censusindia.gov.in/nada/index.php/catalog/9504/download/12616,HLPCA-10206-2011_H14_census.xlsx,798020,a5f5c0807006923f6d3f65f491d84dd953f0bdf44276dc82a5cd377961b10e2d,2026-10-01T07:36:23Z,<scratch>/census/option2/hl14/raw/HLPCA-10206-2011_H14_census.xlsx
HL-14 village/town/ward % (the rates),PC11_HL14-10-207,"HL-14: Percentage of households to total households by amenities and assets, Bihar, district Madhubani - 2011",https://censusindia.gov.in/nada/index.php/catalog/9505,https://censusindia.gov.in/nada/index.php/catalog/9505/download/12617,HLPCA-10207-2011_H14_census.xlsx,998185,6159d95d5be238c7b155000be80113bedf13fd359ada02565f8286720b2b64d6,2026-10-01T07:36:37Z,<scratch>/census/option2/hl14/raw/HLPCA-10207-2011_H14_census.xlsx
HL-14 village/town/ward % (the rates),PC11_HL14-10-208,"HL-14: Percentage of households to total households by amenities and assets, Bihar, district Supaul - 2011",https://censusindia.gov.in/nada/index.php/catalog/9506,https://censusindia.gov.in/nada/index.php/catalog/9506/download/12618,HLPCA-10208-2011_H14_census.xlsx,510915,f08c45c9ba4c5f6558c22569730c7b9fc09f4fa7433e01b17733740d7e58e016,2026-10-01T07:36:26Z,<scratch>/census/option2/hl14/raw/HLPCA-10208-2011_H14_census.xlsx
HL-14 village/town/ward % (the rates),PC11_HL14-10-209,"HL-14: Percentage of households to total households by amenities and assets, Bihar, district Araria - 2011",https://censusindia.gov.in/nada/index.php/catalog/9507,https://censusindia.gov.in/nada/index.php/catalog/9507/download/12619,HLPCA-10209-2011_H14_census.xlsx,674779,21c9b9a21748baa1fc96b6f5024729eebcb85597bd6e6deee5560b568fe67c4b,2026-10-01T07:36:40Z,<scratch>/census/option2/hl14/raw/HLPCA-10209-2011_H14_census.xlsx
HL-14 village/town/ward % (the rates),PC11_HL14-10-210,"HL-14: Percentage of households to total households by amenities and assets, Bihar, district Kishanganj - 2011",https://censusindia.gov.in/nada/index.php/catalog/9508,https://censusindia.gov.in/nada/index.php/catalog/9508/download/12620,HLPCA-10210-2011_H14_census.xlsx,659753,d8f7e8aef06d126d50337ab19ae3bf4c2ce07c10c725628cfc0f2ecb430cc115,2026-10-01T07:36:28Z,<scratch>/census/option2/hl14/raw/HLPCA-10210-2011_H14_census.xlsx
HL-14 village/town/ward % (the rates),PC11_HL14-10-211,"HL-14: Percentage of households to total households by amenities and assets, Bihar, district Purnia - 2011",https://censusindia.gov.in/nada/index.php/catalog/9509,https://censusindia.gov.in/nada/index.php/catalog/9509/download/12621,HLPCA-10211-2011_H14_census.xlsx,998168,fb01f149eea7d554ba865e939bbcec7326c08ac32664ced9c7ca476022cd0db5,2026-10-01T07:36:42Z,<scratch>/census/option2/hl14/raw/HLPCA-10211-2011_H14_census.xlsx
HL-14 village/town/ward % (the rates),PC11_HL14-10-212,"HL-14: Percentage of households to total households by amenities and assets, Bihar, district Katihar - 2011",https://censusindia.gov.in/nada/index.php/catalog/9510,https://censusindia.gov.in/nada/index.php/catalog/9510/download/12622,HLPCA-10212-2011_H14_census.xlsx,1147236,aef1476369c9f8d1e80119c922729eb7fa272e06c0dcfcf212a14a6418a06685,2026-10-01T07:36:30Z,<scratch>/census/option2/hl14/raw/HLPCA-10212-2011_H14_census.xlsx
HL-14 village/town/ward % (the rates),PC11_HL14-10-213,"HL-14: Percentage of households to total households by amenities and assets, Bihar, district Madhepura - 2011",https://censusindia.gov.in/nada/index.php/catalog/9511,https://censusindia.gov.in/nada/index.php/catalog/9511/download/12623,HLPCA-10213-2011_H14_census.xlsx,399801,46c3455157b95d661ff76b43a859b102fd012c0d080806166b847cdb1b908309,2026-10-01T07:36:44Z,<scratch>/census/option2/hl14/raw/HLPCA-10213-2011_H14_census.xlsx
HL-14 village/town/ward % (the rates),PC11_HL14-10-214,"HL-14: Percentage of households to total households by amenities and assets, Bihar, district Saharsa - 2011",https://censusindia.gov.in/nada/index.php/catalog/9512,https://censusindia.gov.in/nada/index.php/catalog/9512/download/12624,HLPCA-10214-2011_H14_census.xlsx,433074,4dadf8a110ef70b3e7663de324d6889560fe6eca90a0e6cb8ca25dd7bdfeb725,2026-10-01T07:36:32Z,<scratch>/census/option2/hl14/raw/HLPCA-10214-2011_H14_census.xlsx
HL-14 village/town/ward % (the rates),PC11_HL14-10-215,"HL-14: Percentage of households to total households by amenities and assets, Bihar, district Darbhanga - 2011",https://censusindia.gov.in/nada/index.php/catalog/9513,https://censusindia.gov.in/nada/index.php/catalog/9513/download/12625,HLPCA-10215-2011_H14_census.xlsx,1022717,ec6820642c30922cadabe96287d0183a93f4def1800ff82dc302771d435de9e2,2026-10-01T07:36:46Z,<scratch>/census/option2/hl14/raw/HLPCA-10215-2011_H14_census.xlsx
HL-14 village/town/ward % (the rates),PC11_HL14-10-216,"HL-14: Percentage of households to total households by amenities and assets, Bihar, district Muzaffarpur - 2011",https://censusindia.gov.in/nada/index.php/catalog/9514,https://censusindia.gov.in/nada/index.php/catalog/9514/download/12626,HLPCA-10216-2011_H14_census.xlsx,1575286,4f8a9b8dea8f944e2843f50113daa9ee22fe9db6c8a132dfb0b6d34e3ed95499,2026-10-01T07:36:36Z,<scratch>/census/option2/hl14/raw/HLPCA-10216-2011_H14_census.xlsx
HL-14 village/town/ward % (the rates),PC11_HL14-10-217,"HL-14: Percentage of households to total households by amenities and assets, Bihar, district Gopalganj - 2011",https://censusindia.gov.in/nada/index.php/catalog/9515,https://censusindia.gov.in/nada/index.php/catalog/9515/download/12627,HLPCA-10217-2011_H14_census.xlsx,1259430,fb8ab7ea5dc0db7423be35d15006b7b07eb8a47e8b9bf9bc858d83e98b4c858d,2026-10-01T07:36:51Z,<scratch>/census/option2/hl14/raw/HLPCA-10217-2011_H14_census.xlsx
HL-14 village/town/ward % (the rates),PC11_HL14-10-218,"HL-14: Percentage of households to total households by amenities and assets, Bihar, district Siwan - 2011",https://censusindia.gov.in/nada/index.php/catalog/9516,https://censusindia.gov.in/nada/index.php/catalog/9516/download/12628,HLPCA-10218-2011_H14_census.xlsx,1297962,a9aad8623b0dc9c3e09610ae824aeee491de86985d488601c8833c4e4f1b18f7,2026-10-01T07:36:39Z,<scratch>/census/option2/hl14/raw/HLPCA-10218-2011_H14_census.xlsx
HL-14 village/town/ward % (the rates),PC11_HL14-10-219,"HL-14: Percentage of households to total households by amenities and assets, Bihar, district Saran - 2011",https://censusindia.gov.in/nada/index.php/catalog/9517,https://censusindia.gov.in/nada/index.php/catalog/9517/download/12629,HLPCA-10219-2011_H14_census.xlsx,1464975,29a81f8b9dc01c4a79a911f5a3fdc74d2483b6e70eabbf06f6382b0a182150fe,2026-10-01T07:36:53Z,<scratch>/census/option2/hl14/raw/HLPCA-10219-2011_H14_census.xlsx
HL-14 village/town/ward % (the rates),PC11_HL14-10-220,"HL-14: Percentage of households to total households by amenities and assets, Bihar, district Vaishali - 2011",https://censusindia.gov.in/nada/index.php/catalog/9518,https://censusindia.gov.in/nada/index.php/catalog/9518/download/12630,HLPCA-10220-2011_H14_census.xlsx,1300279,129093085f920aa5c785466aadd0577fdb783f491b495431fa319584c5f06941,2026-10-01T07:36:41Z,<scratch>/census/option2/hl14/raw/HLPCA-10220-2011_H14_census.xlsx
HL-14 village/town/ward % (the rates),PC11_HL14-10-221,"HL-14: Percentage of households to total households by amenities and assets, Bihar, district Samastipur - 2011",https://censusindia.gov.in/nada/index.php/catalog/9519,https://censusindia.gov.in/nada/index.php/catalog/9519/download/12631,HLPCA-10221-2011_H14_census.xlsx,1053480,de598f0c9a3e18a8ddaa4d13b3309b2cf2165b5845712be83e9aa8147ade07f6,2026-10-01T07:36:56Z,<scratch>/census/option2/hl14/raw/HLPCA-10221-2011_H14_census.xlsx
HL-14 village/town/ward % (the rates),PC11_HL14-10-222,"HL-14: Percentage of households to total households by amenities and assets, Bihar, district Begusarai - 2011",https://censusindia.gov.in/nada/index.php/catalog/9520,https://censusindia.gov.in/nada/index.php/catalog/9520/download/12632,HLPCA-10222-2011_H14_census.xlsx,721763,2f0ff46c46c2e091e56ca5fe461a4e4b64427ff6c6b04bcf329d843179b40705,2026-10-01T07:36:44Z,<scratch>/census/option2/hl14/raw/HLPCA-10222-2011_H14_census.xlsx
HL-14 village/town/ward % (the rates),PC11_HL14-10-223,"HL-14: Percentage of households to total households by amenities and assets, Bihar, district Khagaria - 2011",https://censusindia.gov.in/nada/index.php/catalog/9521,https://censusindia.gov.in/nada/index.php/catalog/9521/download/12633,HLPCA-10223-2011_H14_census.xlsx,276502,5552098b9e70303a8d3613d19a50519774517b11ea724082c4518de582499661,2026-10-01T07:36:59Z,<scratch>/census/option2/hl14/raw/HLPCA-10223-2011_H14_census.xlsx
HL-14 village/town/ward % (the rates),PC11_HL14-10-224,"HL-14: Percentage of households to total households by amenities and assets, Bihar, district Bhagalpur - 2011",https://censusindia.gov.in/nada/index.php/catalog/9522,https://censusindia.gov.in/nada/index.php/catalog/9522/download/12634,HLPCA-10224-2011_H14_census.xlsx,947983,4807270fceed31d88193894a63fb8df635a2959278012217f0aea4b7f584fb6a,2026-10-01T07:36:46Z,<scratch>/census/option2/hl14/raw/HLPCA-10224-2011_H14_census.xlsx
HL-14 village/town/ward % (the rates),PC11_HL14-10-225,"HL-14: Percentage of households to total households by amenities and assets, Bihar, district Banka - 2011",https://censusindia.gov.in/nada/index.php/catalog/9523,https://censusindia.gov.in/nada/index.php/catalog/9523/download/12635,HLPCA-10225-2011_H14_census.xlsx,1381437,3f38be990150f66f001875bd2fe83834d38a5125b95491c2177788cde270177e,2026-10-01T07:37:03Z,<scratch>/census/option2/hl14/raw/HLPCA-10225-2011_H14_census.xlsx
HL-14 village/town/ward % (the rates),PC11_HL14-10-226,"HL-14: Percentage of households to total households by amenities and assets, Bihar, district Munger - 2011",https://censusindia.gov.in/nada/index.php/catalog/9524,https://censusindia.gov.in/nada/index.php/catalog/9524/download/12636,HLPCA-10226-2011_H14_census.xlsx,560332,5c390a18b9c221da8dd7823ac296b89a0555e2fc2da20aaaf2ac22fc4cf2569e,2026-10-01T07:36:49Z,<scratch>/census/option2/hl14/raw/HLPCA-10226-2011_H14_census.xlsx
HL-14 village/town/ward % (the rates),PC11_HL14-10-227,"HL-14: Percentage of households to total households by amenities and assets, Bihar, district Lakhisarai - 2011",https://censusindia.gov.in/nada/index.php/catalog/9525,https://censusindia.gov.in/nada/index.php/catalog/9525/download/12637,HLPCA-10227-2011_H14_census.xlsx,375720,9bbd90809506473ac8099c4b6bca870385bfa2a1163b77c370f5e135d8613744,2026-10-01T07:37:05Z,<scratch>/census/option2/hl14/raw/HLPCA-10227-2011_H14_census.xlsx
HL-14 village/town/ward % (the rates),PC11_HL14-10-228,"HL-14: Percentage of households to total households by amenities and assets, Bihar, district Sheikhpura - 2011",https://censusindia.gov.in/nada/index.php/catalog/9526,https://censusindia.gov.in/nada/index.php/catalog/9526/download/12638,HLPCA-10228-2011_H14_census.xlsx,286740,37d25eab5925d1ee595931634b98c657d653871f956797e4bd9971a18d495c8a,2026-10-01T07:36:52Z,<scratch>/census/option2/hl14/raw/HLPCA-10228-2011_H14_census.xlsx
HL-14 village/town/ward % (the rates),PC11_HL14-10-229,"HL-14: Percentage of households to total households by amenities and assets, Bihar, district Nalanda - 2011",https://censusindia.gov.in/nada/index.php/catalog/9527,https://censusindia.gov.in/nada/index.php/catalog/9527/download/12639,HLPCA-10229-2011_H14_census.xlsx,1010890,a82820a88e8766accce0d817d53755da2c8c93437856ad7e90aaf46f1f8611fd,2026-10-01T07:37:07Z,<scratch>/census/option2/hl14/raw/HLPCA-10229-2011_H14_census.xlsx
HL-14 village/town/ward % (the rates),PC11_HL14-10-230,"HL-14: Percentage of households to total households by amenities and assets, Bihar, district Patna - 2011",https://censusindia.gov.in/nada/index.php/catalog/9528,https://censusindia.gov.in/nada/index.php/catalog/9528/download/12640,HLPCA-10230-2011_H14_census.xlsx,1498132,b6aa97062f0e69fa8e92ea34d9272c954bb0fc0192183146a5864f41978724c9,2026-10-01T07:36:54Z,<scratch>/census/option2/hl14/raw/HLPCA-10230-2011_H14_census.xlsx
HL-14 village/town/ward % (the rates),PC11_HL14-10-231,"HL-14: Percentage of households to total households by amenities and assets, Bihar, district Bhojpur - 2011",https://censusindia.gov.in/nada/index.php/catalog/9529,https://censusindia.gov.in/nada/index.php/catalog/9529/download/12641,HLPCA-10231-2011_H14_census.xlsx,978783,d9ba8f3744931cd8f5d9888b6588a7c9040aedf8a593bc76f01cc3e6f0d31d50,2026-10-01T07:37:11Z,<scratch>/census/option2/hl14/raw/HLPCA-10231-2011_H14_census.xlsx
HL-14 village/town/ward % (the rates),PC11_HL14-10-232,"HL-14: Percentage of households to total households by amenities and assets, Bihar, district Buxar - 2011",https://censusindia.gov.in/nada/index.php/catalog/9530,https://censusindia.gov.in/nada/index.php/catalog/9530/download/12642,HLPCA-10232-2011_H14_census.xlsx,761800,ff1961e9ca9b9c22727646f7874a1893451abc1d453c3774b882aad745d72083,2026-10-01T07:36:58Z,<scratch>/census/option2/hl14/raw/HLPCA-10232-2011_H14_census.xlsx
HL-14 village/town/ward % (the rates),PC11_HL14-10-233,"HL-14: Percentage of households to total households by amenities and assets, Bihar, district Kaimur (Bhabua) - 2011",https://censusindia.gov.in/nada/index.php/catalog/9531,https://censusindia.gov.in/nada/index.php/catalog/9531/download/12643,HLPCA-10233-2011_H14_census.xlsx,1105517,374992fa9b9f97e1b5e1f8ec33105cebe7d2b0bd3b92b240926a102eaf638d45,2026-10-01T07:37:14Z,<scratch>/census/option2/hl14/raw/HLPCA-10233-2011_H14_census.xlsx
HL-14 village/town/ward % (the rates),PC11_HL14-10-234,"HL-14: Percentage of households to total households by amenities and assets, Bihar, district Rohtas - 2011",https://censusindia.gov.in/nada/index.php/catalog/9532,https://censusindia.gov.in/nada/index.php/catalog/9532/download/12644,HLPCA-10234-2011_H14_census.xlsx,1592620,0e3448806edfd37277711251c48b46879b3660d16fbe121b3c40abf7f80fcfbf,2026-10-01T07:37:01Z,<scratch>/census/option2/hl14/raw/HLPCA-10234-2011_H14_census.xlsx
HL-14 village/town/ward % (the rates),PC11_HL14-10-235,"HL-14: Percentage of households to total households by amenities and assets, Bihar, district Aurangabad - 2011",https://censusindia.gov.in/nada/index.php/catalog/9533,https://censusindia.gov.in/nada/index.php/catalog/9533/download/12645,HLPCA-10235-2011_H14_census.xlsx,1521943,701f1da8e89fabd454adce34cae4472a3b0e070162285a458e7e15e0482f1291,2026-10-01T07:37:16Z,<scratch>/census/option2/hl14/raw/HLPCA-10235-2011_H14_census.xlsx
HL-14 village/town/ward % (the rates),PC11_HL14-10-236,"HL-14: Percentage of households to total households by amenities and assets, Bihar, district Gaya - 2011",https://censusindia.gov.in/nada/index.php/catalog/9534,https://censusindia.gov.in/nada/index.php/catalog/9534/download/12646,HLPCA-10236-2011_H14_census.xlsx,2317930,1c2d8053adaf88d56408a88e5254a4021dfa137eaf8b6d7b01dd7c04107329a8,2026-10-01T07:37:04Z,<scratch>/census/option2/hl14/raw/HLPCA-10236-2011_H14_census.xlsx
HL-14 village/town/ward % (the rates),PC11_HL14-10-237,"HL-14: Percentage of households to total households by amenities and assets, Bihar, district Nawada - 2011",https://censusindia.gov.in/nada/index.php/catalog/9535,https://censusindia.gov.in/nada/index.php/catalog/9535/download/12647,HLPCA-10237-2011_H14_census.xlsx,898959,0232e9ce85049cd374710dffacebee2e5c1b5e044e355f501d6ea2ed5c305af2,2026-10-01T07:37:19Z,<scratch>/census/option2/hl14/raw/HLPCA-10237-2011_H14_census.xlsx
HL-14 village/town/ward % (the rates),PC11_HL14-10-238,"HL-14: Percentage of households to total households by amenities and assets, Bihar, district Jamui - 2011",https://censusindia.gov.in/nada/index.php/catalog/9536,https://censusindia.gov.in/nada/index.php/catalog/9536/download/12648,HLPCA-10238-2011_H14_census.xlsx,1096034,61a4169c2e652326390a5bff7a52449defe23314bd9a0ab2f8eb2011f56fa6bd,2026-10-01T07:37:07Z,<scratch>/census/option2/hl14/raw/HLPCA-10238-2011_H14_census.xlsx
HL-14 village/town/ward % (the rates),PC11_HL14-10-239,"HL-14: Percentage of households to total households by amenities and assets, Bihar, district Jehanabad - 2011",https://censusindia.gov.in/nada/index.php/catalog/9537,https://censusindia.gov.in/nada/index.php/catalog/9537/download/12649,HLPCA-10239-2011_H14_census.xlsx,515180,56b38632ad23c80121493e2b3c635d8ff30edbe61e3b1bafdf7bf179de8e919b,2026-10-01T07:37:22Z,<scratch>/census/option2/hl14/raw/HLPCA-10239-2011_H14_census.xlsx
HL-14 village/town/ward % (the rates),PC11_HL14-10-240,"HL-14: Percentage of households to total households by amenities and assets, Bihar, district Arwal - 2011",https://censusindia.gov.in/nada/index.php/catalog/9538,https://censusindia.gov.in/nada/index.php/catalog/9538/download/12650,HLPCA-10240-2011_H14_census.xlsx,289581,77ad4965d0d14425e23670d28004187105ec29f0338dfefd6ccf336c464aa405,2026-10-01T07:37:10Z,<scratch>/census/option2/hl14/raw/HLPCA-10240-2011_H14_census.xlsx
HL-14 village/town/ward % (the rates),PC11_HL14-11-241,"HL-14: Percentage of households to total households by amenities and assets, Sikkim, district North District - 2011",https://censusindia.gov.in/nada/index.php/catalog/9539,https://censusindia.gov.in/nada/index.php/catalog/9539/download/12651,HLPCA-11241-2011_H14_census.xlsx,65667,1acdaad584e67811ce61263b58d5d22d30dc3c48416ecab09848da087a827bb8,2026-10-01T07:37:24Z,<scratch>/census/option2/hl14/raw/HLPCA-11241-2011_H14_census.xlsx
HL-14 village/town/ward % (the rates),PC11_HL14-11-242,"HL-14: Percentage of households to total households by amenities and assets, Sikkim, district West District - 2011",https://censusindia.gov.in/nada/index.php/catalog/9540,https://censusindia.gov.in/nada/index.php/catalog/9540/download/12652,HLPCA-11242-2011_H14_census.xlsx,123717,3e2f83d2e23cac973d5d765162da256f4b7106b9356732d24214214fe50ff780,2026-10-01T07:37:17Z,<scratch>/census/option2/hl14/raw/HLPCA-11242-2011_H14_census.xlsx
HL-14 village/town/ward % (the rates),PC11_HL14-11-243,"HL-14: Percentage of households to total households by amenities and assets, Sikkim, district South District - 2011",https://censusindia.gov.in/nada/index.php/catalog/9541,https://censusindia.gov.in/nada/index.php/catalog/9541/download/12653,HLPCA-11243-2011_H14_census.xlsx,143737,ec024a3a9247f441c2dd5c9279676f5f12c10abcca863b4717fcd0f1f920859f,2026-10-01T07:37:26Z,<scratch>/census/option2/hl14/raw/HLPCA-11243-2011_H14_census.xlsx
HL-14 village/town/ward % (the rates),PC11_HL14-11-244,"HL-14: Percentage of households to total households by amenities and assets, Sikkim, district East District - 2011",https://censusindia.gov.in/nada/index.php/catalog/9542,https://censusindia.gov.in/nada/index.php/catalog/9542/download/12654,HLPCA-11244-2011_H14_census.xlsx,142559,74d1845de13a5e14cdd17e8d678c4f7e526e5724ee34905b821e812328ec80d6,2026-10-01T07:37:19Z,<scratch>/census/option2/hl14/raw/HLPCA-11244-2011_H14_census.xlsx
HL-14 village/town/ward % (the rates),PC11_HL14-12-245,"HL-14: Percentage of households to total households by amenities and assets, Arunachal Pradesh, district Tawang - 2011",https://censusindia.gov.in/nada/index.php/catalog/9543,https://censusindia.gov.in/nada/index.php/catalog/9543/download/12655,HLPCA-12245-2011_H14_census.xlsx,177666,fbbc1b7f3b66dffc23ec751a3b47dbc47fae4c5eaa88b9dd04fbe52537d8a25e,2026-10-01T07:37:28Z,<scratch>/census/option2/hl14/raw/HLPCA-12245-2011_H14_census.xlsx
HL-14 village/town/ward % (the rates),PC11_HL14-12-246,"HL-14: Percentage of households to total households by amenities and assets, Arunachal Pradesh, district West Kameng - 2011",https://censusindia.gov.in/nada/index.php/catalog/9544,https://censusindia.gov.in/nada/index.php/catalog/9544/download/12656,HLPCA-12246-2011_H14_census.xlsx,219398,29dada4d3bc53955ea2b4f858f91bf990184b041882fa1253015d9a7a0d4d4a6,2026-10-01T07:37:21Z,<scratch>/census/option2/hl14/raw/HLPCA-12246-2011_H14_census.xlsx
HL-14 village/town/ward % (the rates),PC11_HL14-12-247,"HL-14: Percentage of households to total households by amenities and assets, Arunachal Pradesh, district East Kameng - 2011",https://censusindia.gov.in/nada/index.php/catalog/9545,https://censusindia.gov.in/nada/index.php/catalog/9545/download/12657,HLPCA-12247-2011_H14_census.xlsx,262241,d2d3be6d231fdb62fb16ce611d263f2d48ee3201fc9b2bbd2e80914ae5e409d8,2026-10-01T07:37:30Z,<scratch>/census/option2/hl14/raw/HLPCA-12247-2011_H14_census.xlsx
HL-14 village/town/ward % (the rates),PC11_HL14-12-248,"HL-14: Percentage of households to total households by amenities and assets, Arunachal Pradesh, district Papum Pare - 2011",https://censusindia.gov.in/nada/index.php/catalog/9546,https://censusindia.gov.in/nada/index.php/catalog/9546/download/12658,HLPCA-12248-2011_H14_census.xlsx,347806,e57a6a6a3fe89eb823f33da5dc555280507dabfe5a6141ff7860f12f9a58e274,2026-10-01T07:37:23Z,<scratch>/census/option2/hl14/raw/HLPCA-12248-2011_H14_census.xlsx
HL-14 village/town/ward % (the rates),PC11_HL14-12-249,"HL-14: Percentage of households to total households by amenities and assets, Arunachal Pradesh, district Upper Subansiri - 2011",https://censusindia.gov.in/nada/index.php/catalog/9547,https://censusindia.gov.in/nada/index.php/catalog/9547/download/12659,HLPCA-12249-2011_H14_census.xlsx,368408,2b45a56f6408b7fda8630126f0374c8b1b107bf9b7fe0f6d4cc028b84322927b,2026-10-01T07:37:33Z,<scratch>/census/option2/hl14/raw/HLPCA-12249-2011_H14_census.xlsx
HL-14 village/town/ward % (the rates),PC11_HL14-12-250,"HL-14: Percentage of households to total households by amenities and assets, Arunachal Pradesh, district West Siang - 2011",https://censusindia.gov.in/nada/index.php/catalog/9548,https://censusindia.gov.in/nada/index.php/catalog/9548/download/12660,HLPCA-12250-2011_H14_census.xlsx,342743,60a302e17f723ec4a538547a168882fe629eb31a3b6e0d7152d5247b6427ed86,2026-10-01T07:37:26Z,<scratch>/census/option2/hl14/raw/HLPCA-12250-2011_H14_census.xlsx
HL-14 village/town/ward % (the rates),PC11_HL14-12-251,"HL-14: Percentage of households to total households by amenities and assets, Arunachal Pradesh, district East Siang - 2011",https://censusindia.gov.in/nada/index.php/catalog/9549,https://censusindia.gov.in/nada/index.php/catalog/9549/download/12661,HLPCA-12251-2011_H14_census.xlsx,152597,b692c052eb1d595a973a71bf6f9ef60c73e4bca0af26f0a7a7ea77d274b3aaef,2026-10-01T07:37:35Z,<scratch>/census/option2/hl14/raw/HLPCA-12251-2011_H14_census.xlsx
HL-14 village/town/ward % (the rates),PC11_HL14-12-252,"HL-14: Percentage of households to total households by amenities and assets, Arunachal Pradesh, district Upper Siang - 2011",https://censusindia.gov.in/nada/index.php/catalog/9550,https://censusindia.gov.in/nada/index.php/catalog/9550/download/12662,HLPCA-12252-2011_H14_census.xlsx,101253,87e058772d592fb2d7bb650c0dd4c55c9cbcb8a030279c5f5127a73b8d0237c2,2026-10-01T07:37:28Z,<scratch>/census/option2/hl14/raw/HLPCA-12252-2011_H14_census.xlsx
HL-14 village/town/ward % (the rates),PC11_HL14-12-253,"HL-14: Percentage of households to total households by amenities and assets, Arunachal Pradesh, district Changlang - 2011",https://censusindia.gov.in/nada/index.php/catalog/9551,https://censusindia.gov.in/nada/index.php/catalog/9551/download/12663,HLPCA-12253-2011_H14_census.xlsx,285653,f817159918c2cace056c5eb3a242be215d0d172b4a67400437eb57a337aa20b2,2026-10-01T07:37:37Z,<scratch>/census/option2/hl14/raw/HLPCA-12253-2011_H14_census.xlsx
HL-14 village/town/ward % (the rates),PC11_HL14-12-254,"HL-14: Percentage of households to total households by amenities and assets, Arunachal Pradesh, district Tirap - 2011",https://censusindia.gov.in/nada/index.php/catalog/9552,https://censusindia.gov.in/nada/index.php/catalog/9552/download/12664,HLPCA-12254-2011_H14_census.xlsx,170184,90f5a7b08fc5470ef3cd8ff24c491d72135937e6e3d4dd351e9dc4a9a772088c,2026-10-01T07:37:30Z,<scratch>/census/option2/hl14/raw/HLPCA-12254-2011_H14_census.xlsx
HL-14 village/town/ward % (the rates),PC11_HL14-12-255,"HL-14: Percentage of households to total households by amenities and assets, Arunachal Pradesh, district Lower Subansiri - 2011",https://censusindia.gov.in/nada/index.php/catalog/9553,https://censusindia.gov.in/nada/index.php/catalog/9553/download/12665,HLPCA-12255-2011_H14_census.xlsx,368074,ddb2a85f90402cbc470b18eddb974274faaa51c209fcd96d813237ba4edb03ea,2026-10-01T07:37:39Z,<scratch>/census/option2/hl14/raw/HLPCA-12255-2011_H14_census.xlsx
HL-14 village/town/ward % (the rates),PC11_HL14-12-256,"HL-14: Percentage of households to total households by amenities and assets, Arunachal Pradesh, district Kurung Kumey - 2011",https://censusindia.gov.in/nada/index.php/catalog/9554,https://censusindia.gov.in/nada/index.php/catalog/9554/download/12666,HLPCA-12256-2011_H14_census.xlsx,458379,7558b3f1f0e88039654d0e85aae182fc1296c68c406eb012544f78a315ea244d,2026-10-01T07:37:33Z,<scratch>/census/option2/hl14/raw/HLPCA-12256-2011_H14_census.xlsx
HL-14 village/town/ward % (the rates),PC11_HL14-12-257,"HL-14: Percentage of households to total households by amenities and assets, Arunachal Pradesh, district Dibang Valley - 2011",https://censusindia.gov.in/nada/index.php/catalog/9555,https://censusindia.gov.in/nada/index.php/catalog/9555/download/12667,HLPCA-12257-2011_H14_census.xlsx,105327,23837919a41217c7e8aa9d6d4cad94f5b8680fadcf61215690971b2bead111a8,2026-10-01T07:37:41Z,<scratch>/census/option2/hl14/raw/HLPCA-12257-2011_H14_census.xlsx
HL-14 village/town/ward % (the rates),PC11_HL14-12-258,"HL-14: Percentage of households to total households by amenities and assets, Arunachal Pradesh, district Lower Dibang Valley - 2011",https://censusindia.gov.in/nada/index.php/catalog/9556,https://censusindia.gov.in/nada/index.php/catalog/9556/download/12668,HLPCA-12258-2011_H14_census.xlsx,203893,38770b948f08b698c6d4b31179fb54d6db295cf84bdd988a946e5a666a0b0b66,2026-10-01T07:37:35Z,<scratch>/census/option2/hl14/raw/HLPCA-12258-2011_H14_census.xlsx
HL-14 village/town/ward % (the rates),PC11_HL14-12-259,"HL-14: Percentage of households to total households by amenities and assets, Arunachal Pradesh, district Lohit - 2011",https://censusindia.gov.in/nada/index.php/catalog/9557,https://censusindia.gov.in/nada/index.php/catalog/9557/download/12669,HLPCA-12259-2011_H14_census.xlsx,236684,e2da7a7a1395ba21246bf5e2abd8698871e8a760c687f2af64c176ab09961808,2026-10-01T07:37:43Z,<scratch>/census/option2/hl14/raw/HLPCA-12259-2011_H14_census.xlsx
HL-14 village/town/ward % (the rates),PC11_HL14-12-260,"HL-14: Percentage of households to total households by amenities and assets, Arunachal Pradesh, district Anjaw - 2011",https://censusindia.gov.in/nada/index.php/catalog/9558,https://censusindia.gov.in/nada/index.php/catalog/9558/download/12670,HLPCA-12260-2011_H14_census.xlsx,199326,28feb2df8a083859f9a4e35f0f8d9c1d9135854d85254066fe3b4298731b34f6,2026-10-01T07:37:37Z,<scratch>/census/option2/hl14/raw/HLPCA-12260-2011_H14_census.xlsx
HL-14 village/town/ward % (the rates),PC11_HL14-13-261,"HL-14: Percentage of households to total households by amenities and assets, Nagaland, district Mon - 2011",https://censusindia.gov.in/nada/index.php/catalog/9559,https://censusindia.gov.in/nada/index.php/catalog/9559/download/12671,HLPCA-13261-2011_H14_census.xlsx,155749,fe7364b1a30adb21b5e9be7fb6ea0414da5539054d51aec5d17f024a285d0e24,2026-10-01T07:37:46Z,<scratch>/census/option2/hl14/raw/HLPCA-13261-2011_H14_census.xlsx
HL-14 village/town/ward % (the rates),PC11_HL14-13-262,"HL-14: Percentage of households to total households by amenities and assets, Nagaland, district Mokokchung - 2011",https://censusindia.gov.in/nada/index.php/catalog/9560,https://censusindia.gov.in/nada/index.php/catalog/9560/download/12672,HLPCA-13262-2011_H14_census.xlsx,149948,f6ce77a5a547eb12cf1f21a459df8dcddb5b0a2e92230df7ebfd622c5443d94d,2026-10-01T07:37:39Z,<scratch>/census/option2/hl14/raw/HLPCA-13262-2011_H14_census.xlsx
HL-14 village/town/ward % (the rates),PC11_HL14-13-263,"HL-14: Percentage of households to total households by amenities and assets, Nagaland, district Zunheboto - 2011",https://censusindia.gov.in/nada/index.php/catalog/9561,https://censusindia.gov.in/nada/index.php/catalog/9561/download/12673,HLPCA-13263-2011_H14_census.xlsx,190748,7934e099f3098ae692b0bd8611c69d5296a93a53c802fd9354df061344a04165,2026-10-01T07:37:48Z,<scratch>/census/option2/hl14/raw/HLPCA-13263-2011_H14_census.xlsx
HL-14 village/town/ward % (the rates),PC11_HL14-13-264,"HL-14: Percentage of households to total households by amenities and assets, Nagaland, district Wokha - 2011",https://censusindia.gov.in/nada/index.php/catalog/9562,https://censusindia.gov.in/nada/index.php/catalog/9562/download/12674,HLPCA-13264-2011_H14_census.xlsx,161727,5d38cc653a89adf3ee3963154228b55c85a938b40e4c083e52840149dc5f6e19,2026-10-01T07:37:41Z,<scratch>/census/option2/hl14/raw/HLPCA-13264-2011_H14_census.xlsx
HL-14 village/town/ward % (the rates),PC11_HL14-13-265,"HL-14: Percentage of households to total households by amenities and assets, Nagaland, district Dimapur - 2011",https://censusindia.gov.in/nada/index.php/catalog/9563,https://censusindia.gov.in/nada/index.php/catalog/9563/download/12675,HLPCA-13265-2011_H14_census.xlsx,245852,eb7fc8ad69ec0d7916444da9fba20d9366c8d9e06a09a5fefe17fd89e9040e27,2026-10-01T07:37:50Z,<scratch>/census/option2/hl14/raw/HLPCA-13265-2011_H14_census.xlsx
HL-14 village/town/ward % (the rates),PC11_HL14-13-266,"HL-14: Percentage of households to total households by amenities and assets, Nagaland, district Phek - 2011",https://censusindia.gov.in/nada/index.php/catalog/9564,https://censusindia.gov.in/nada/index.php/catalog/9564/download/12676,HLPCA-13266-2011_H14_census.xlsx,148531,3f35306c9391dd3c8fb857d41989ea8e8409fb9bf6fe24c776d95ca673f2c63f,2026-10-01T07:37:43Z,<scratch>/census/option2/hl14/raw/HLPCA-13266-2011_H14_census.xlsx
HL-14 village/town/ward % (the rates),PC11_HL14-13-267,"HL-14: Percentage of households to total households by amenities and assets, Nagaland, district Tuensang - 2011",https://censusindia.gov.in/nada/index.php/catalog/9565,https://censusindia.gov.in/nada/index.php/catalog/9565/download/12677,HLPCA-13267-2011_H14_census.xlsx,158345,bcd116daf073d783635961c5e53d07cd5d209798b5a304610c263798373d8e4b,2026-10-01T07:37:52Z,<scratch>/census/option2/hl14/raw/HLPCA-13267-2011_H14_census.xlsx
HL-14 village/town/ward % (the rates),PC11_HL14-13-268,"HL-14: Percentage of households to total households by amenities and assets, Nagaland, district Longleng - 2011",https://censusindia.gov.in/nada/index.php/catalog/9566,https://censusindia.gov.in/nada/index.php/catalog/9566/download/12678,HLPCA-13268-2011_H14_census.xlsx,70834,e4f63241b37b4fd94e1effad4f9032e644d7437ecc269eb8fb6c5fd6d5d379fd,2026-10-01T07:37:45Z,<scratch>/census/option2/hl14/raw/HLPCA-13268-2011_H14_census.xlsx
HL-14 village/town/ward % (the rates),PC11_HL14-13-269,"HL-14: Percentage of households to total households by amenities and assets, Nagaland, district Kiphire - 2011",https://censusindia.gov.in/nada/index.php/catalog/9567,https://censusindia.gov.in/nada/index.php/catalog/9567/download/12679,HLPCA-13269-2011_H14_census.xlsx,103210,483e6a03b7cf30f1053ff5600d73b12244a551be786afbf99f21901b0530f2f5,2026-10-01T07:37:54Z,<scratch>/census/option2/hl14/raw/HLPCA-13269-2011_H14_census.xlsx
HL-14 village/town/ward % (the rates),PC11_HL14-13-270,"HL-14: Percentage of households to total households by amenities and assets, Nagaland, district Kohima - 2011",https://censusindia.gov.in/nada/index.php/catalog/9568,https://censusindia.gov.in/nada/index.php/catalog/9568/download/12680,HLPCA-13270-2011_H14_census.xlsx,138154,5b191d0a527d61c53978e88729035530e81c30e3b594fb1acdcf775492e480e4,2026-10-01T07:37:48Z,<scratch>/census/option2/hl14/raw/HLPCA-13270-2011_H14_census.xlsx
HL-14 village/town/ward % (the rates),PC11_HL14-13-271,"HL-14: Percentage of households to total households by amenities and assets, Nagaland, district Peren - 2011",https://censusindia.gov.in/nada/index.php/catalog/9569,https://censusindia.gov.in/nada/index.php/catalog/9569/download/12681,HLPCA-13271-2011_H14_census.xlsx,120488,34daf8affc24ca15a51a71ddb29a3b3d7eeaf7ab1f566e869afbc70978b61b45,2026-10-01T07:37:56Z,<scratch>/census/option2/hl14/raw/HLPCA-13271-2011_H14_census.xlsx
HL-14 village/town/ward % (the rates),PC11_HL14-14-272,"HL-14: Percentage of households to total households by amenities and assets, Manipur, district Senapati - 2011",https://censusindia.gov.in/nada/index.php/catalog/9570,https://censusindia.gov.in/nada/index.php/catalog/9570/download/12682,HLPCA-14272-2011_H14_census.xlsx,502138,5e7de0f16e179e1702b123f752abd52aea1580cecce712d1c4697d6ded29526b,2026-10-01T07:37:50Z,<scratch>/census/option2/hl14/raw/HLPCA-14272-2011_H14_census.xlsx
HL-14 village/town/ward % (the rates),PC11_HL14-14-273,"HL-14: Percentage of households to total households by amenities and assets, Manipur, district Tamenglong - 2011",https://censusindia.gov.in/nada/index.php/catalog/9571,https://censusindia.gov.in/nada/index.php/catalog/9571/download/12683,HLPCA-14273-2011_H14_census.xlsx,149009,2aa37cf9ff706b0776ee17fe348b7a0300ee6c2937570bc4dd2cfe992ca4bdd1,2026-10-01T07:37:58Z,<scratch>/census/option2/hl14/raw/HLPCA-14273-2011_H14_census.xlsx
HL-14 village/town/ward % (the rates),PC11_HL14-14-274,"HL-14: Percentage of households to total households by amenities and assets, Manipur, district Churachandpur - 2011",https://censusindia.gov.in/nada/index.php/catalog/9572,https://censusindia.gov.in/nada/index.php/catalog/9572/download/12684,HLPCA-14274-2011_H14_census.xlsx,438396,0823b4d2a7e30dcf74a85ece4daa6518b888047007ad7b05db5f7f4da99b8a16,2026-10-01T07:37:53Z,<scratch>/census/option2/hl14/raw/HLPCA-14274-2011_H14_census.xlsx
HL-14 village/town/ward % (the rates),PC11_HL14-14-275,"HL-14: Percentage of households to total households by amenities and assets, Manipur, district Bishnupur - 2011",https://censusindia.gov.in/nada/index.php/catalog/9573,https://censusindia.gov.in/nada/index.php/catalog/9573/download/12685,HLPCA-14275-2011_H14_census.xlsx,129681,e684ed97204d72cc6efcc6a75b33e6573217a1610a269f7a106e95216acab2d1,2026-10-01T07:38:02Z,<scratch>/census/option2/hl14/raw/HLPCA-14275-2011_H14_census.xlsx
HL-14 village/town/ward % (the rates),PC11_HL14-14-276,"HL-14: Percentage of households to total households by amenities and assets, Manipur, district Thoubal - 2011",https://censusindia.gov.in/nada/index.php/catalog/9574,https://censusindia.gov.in/nada/index.php/catalog/9574/download/12686,HLPCA-14276-2011_H14_census.xlsx,180042,646c70186d21b4bc9949d720bdbe69cd78e831fc592ec29580d4cf62c6af9c66,2026-10-01T07:37:55Z,<scratch>/census/option2/hl14/raw/HLPCA-14276-2011_H14_census.xlsx
HL-14 village/town/ward % (the rates),PC11_HL14-14-277,"HL-14: Percentage of households to total households by amenities and assets, Manipur, district Imphal West - 2011",https://censusindia.gov.in/nada/index.php/catalog/9575,https://censusindia.gov.in/nada/index.php/catalog/9575/download/12687,HLPCA-14277-2011_H14_census.xlsx,204515,222b8576aa25cd9d0754cef55afef4913dff89ff0553d94beed4df0a1608b8d9,2026-10-01T07:38:04Z,<scratch>/census/option2/hl14/raw/HLPCA-14277-2011_H14_census.xlsx
HL-14 village/town/ward % (the rates),PC11_HL14-14-278,"HL-14: Percentage of households to total households by amenities and assets, Manipur, district Imphal East - 2011",https://censusindia.gov.in/nada/index.php/catalog/9576,https://censusindia.gov.in/nada/index.php/catalog/9576/download/12688,HLPCA-14278-2011_H14_census.xlsx,230952,f7aa66323853ec0e4342f120514cfc582ec748375d9f38ece7ad48a852002133,2026-10-01T07:37:57Z,<scratch>/census/option2/hl14/raw/HLPCA-14278-2011_H14_census.xlsx
HL-14 village/town/ward % (the rates),PC11_HL14-14-279,"HL-14: Percentage of households to total households by amenities and assets, Manipur, district Ukhrul - 2011",https://censusindia.gov.in/nada/index.php/catalog/9577,https://censusindia.gov.in/nada/index.php/catalog/9577/download/12689,HLPCA-14279-2011_H14_census.xlsx,180954,965967c6ac2a92aa1cdf32f6ce097c026a144264ebccf019d93549a65a5ff5e5,2026-10-01T07:38:07Z,<scratch>/census/option2/hl14/raw/HLPCA-14279-2011_H14_census.xlsx
HL-14 village/town/ward % (the rates),PC11_HL14-14-280,"HL-14: Percentage of households to total households by amenities and assets, Manipur, district Chandel - 2011",https://censusindia.gov.in/nada/index.php/catalog/9578,https://censusindia.gov.in/nada/index.php/catalog/9578/download/12690,HLPCA-14280-2011_H14_census.xlsx,325343,9438b6f711480b7e328fe5d0692dcadd4ab6f47894ffeb0b45c53e520aa088b6,2026-10-01T07:37:59Z,<scratch>/census/option2/hl14/raw/HLPCA-14280-2011_H14_census.xlsx
HL-14 village/town/ward % (the rates),PC11_HL14-15-281,"HL-14: Percentage of households to total households by amenities and assets, Mizoram, district Mamit - 2011",https://censusindia.gov.in/nada/index.php/catalog/9579,https://censusindia.gov.in/nada/index.php/catalog/9579/download/12691,HLPCA-15281-2011_H14_census.xlsx,99226,900e1338a3a8e7ec1239ae5b4c971712a2158cca018e3b80122c32f9ac1c6895,2026-10-01T07:38:10Z,<scratch>/census/option2/hl14/raw/HLPCA-15281-2011_H14_census.xlsx
HL-14 village/town/ward % (the rates),PC11_HL14-15-282,"HL-14: Percentage of households to total households by amenities and assets, Mizoram, district Kolasib - 2011",https://censusindia.gov.in/nada/index.php/catalog/9580,https://censusindia.gov.in/nada/index.php/catalog/9580/download/12692,HLPCA-15282-2011_H14_census.xlsx,65635,521273d0e0c7f0b79caaeef4297299b86bf649d28c7f85f9c1594707832a6285,2026-10-01T07:38:02Z,<scratch>/census/option2/hl14/raw/HLPCA-15282-2011_H14_census.xlsx
HL-14 village/town/ward % (the rates),PC11_HL14-15-283,"HL-14: Percentage of households to total households by amenities and assets, Mizoram, district Aizawl - 2011",https://censusindia.gov.in/nada/index.php/catalog/9581,https://censusindia.gov.in/nada/index.php/catalog/9581/download/12693,HLPCA-15283-2011_H14_census.xlsx,171394,4c0e008c12b3cdef722a597522c5257e263680a757c7fe016643bab3162e1bf3,2026-10-01T07:38:12Z,<scratch>/census/option2/hl14/raw/HLPCA-15283-2011_H14_census.xlsx
HL-14 village/town/ward % (the rates),PC11_HL14-15-284,"HL-14: Percentage of households to total households by amenities and assets, Mizoram, district Champhai - 2011",https://censusindia.gov.in/nada/index.php/catalog/9582,https://censusindia.gov.in/nada/index.php/catalog/9582/download/12694,HLPCA-15284-2011_H14_census.xlsx,110907,9fed286570676756a155d7ffc81a6f25af00f26a66d7057150fad397fefb87a4,2026-10-01T07:38:04Z,<scratch>/census/option2/hl14/raw/HLPCA-15284-2011_H14_census.xlsx
HL-14 village/town/ward % (the rates),PC11_HL14-15-285,"HL-14: Percentage of households to total households by amenities and assets, Mizoram, district Serchhip - 2011",https://censusindia.gov.in/nada/index.php/catalog/9583,https://censusindia.gov.in/nada/index.php/catalog/9583/download/12695,HLPCA-15285-2011_H14_census.xlsx,57848,cff183017da3f0189eb62303256673326bb48824924fed2b2d45072d4f40a56f,2026-10-01T07:38:13Z,<scratch>/census/option2/hl14/raw/HLPCA-15285-2011_H14_census.xlsx
HL-14 village/town/ward % (the rates),PC11_HL14-15-286,"HL-14: Percentage of households to total households by amenities and assets, Mizoram, district Lunglei - 2011",https://censusindia.gov.in/nada/index.php/catalog/9584,https://censusindia.gov.in/nada/index.php/catalog/9584/download/12696,HLPCA-15286-2011_H14_census.xlsx,166657,daf3bcead37dbee808913fc82a00d2896992d09b86532ab47c58c3cb120a18fd,2026-10-01T07:38:07Z,<scratch>/census/option2/hl14/raw/HLPCA-15286-2011_H14_census.xlsx
HL-14 village/town/ward % (the rates),PC11_HL14-15-287,"HL-14: Percentage of households to total households by amenities and assets, Mizoram, district Lawngtlai - 2011",https://censusindia.gov.in/nada/index.php/catalog/9585,https://censusindia.gov.in/nada/index.php/catalog/9585/download/12697,HLPCA-15287-2011_H14_census.xlsx,146896,5e661dc7e18545b9ebda02cfd60bbdc1202505e66c44570b2057702887da06c1,2026-10-01T07:38:15Z,<scratch>/census/option2/hl14/raw/HLPCA-15287-2011_H14_census.xlsx
HL-14 village/town/ward % (the rates),PC11_HL14-15-288,"HL-14: Percentage of households to total households by amenities and assets, Mizoram, district Saiha - 2011",https://censusindia.gov.in/nada/index.php/catalog/9586,https://censusindia.gov.in/nada/index.php/catalog/9586/download/12698,HLPCA-15288-2011_H14_census.xlsx,72549,56f33bf582298e0b0fffba4b72a7eba9f947a3c0deb9ecbbf820ab988b686988,2026-10-01T07:38:10Z,<scratch>/census/option2/hl14/raw/HLPCA-15288-2011_H14_census.xlsx
HL-14 village/town/ward % (the rates),PC11_HL14-16-289,"HL-14: Percentage of households to total households by amenities and assets, Tripura, district West Tripura - 2011",https://censusindia.gov.in/nada/index.php/catalog/9587,https://censusindia.gov.in/nada/index.php/catalog/9587/download/12699,HLPCA-16289-2011_H14_census.xlsx,399029,07ff6f3f816c2ce64a270243e05ede62e7caaa8580db8848fc7d14f584fba939,2026-10-01T07:38:18Z,<scratch>/census/option2/hl14/raw/HLPCA-16289-2011_H14_census.xlsx
HL-14 village/town/ward % (the rates),PC11_HL14-16-290,"HL-14: Percentage of households to total households by amenities and assets, Tripura, district South Tripura - 2011",https://censusindia.gov.in/nada/index.php/catalog/9588,https://censusindia.gov.in/nada/index.php/catalog/9588/download/12700,HLPCA-16290-2011_H14_census.xlsx,328352,6c325318b42ec232d7fda357c6c16c58ce2a9e0075624c1ad2f139e54dc68fcd,2026-10-01T07:38:12Z,<scratch>/census/option2/hl14/raw/HLPCA-16290-2011_H14_census.xlsx
HL-14 village/town/ward % (the rates),PC11_HL14-16-291,"HL-14: Percentage of households to total households by amenities and assets, Tripura, district Dhalai - 2011",https://censusindia.gov.in/nada/index.php/catalog/9589,https://censusindia.gov.in/nada/index.php/catalog/9589/download/12701,HLPCA-16291-2011_H14_census.xlsx,165320,61f1e26578084b1cff652ddd383477de6364f7e563d4b702f7e43a885249f9ec,2026-10-01T07:38:20Z,<scratch>/census/option2/hl14/raw/HLPCA-16291-2011_H14_census.xlsx
HL-14 village/town/ward % (the rates),PC11_HL14-16-292,"HL-14: Percentage of households to total households by amenities and assets, Tripura, district North Tripura - 2011",https://censusindia.gov.in/nada/index.php/catalog/9590,https://censusindia.gov.in/nada/index.php/catalog/9590/download/12702,HLPCA-16292-2011_H14_census.xlsx,216208,8d72dbaf2b3b82626f703bc6f49acd834c5e43160fb1e9020e19bc719f12e838,2026-10-01T07:38:14Z,<scratch>/census/option2/hl14/raw/HLPCA-16292-2011_H14_census.xlsx
HL-14 village/town/ward % (the rates),PC11_HL14-17-293,"HL-14: Percentage of households to total households by amenities and assets, Meghalaya, district West Garo Hills - 2011",https://censusindia.gov.in/nada/index.php/catalog/9591,https://censusindia.gov.in/nada/index.php/catalog/9591/download/12703,HLPCA-17293-2011_H14_census.xlsx,1192111,419c8bf12e552c37274f2296cf7b39e8c20c4937a7514e1c2bde61e0b2ba7e96,2026-10-01T07:38:23Z,<scratch>/census/option2/hl14/raw/HLPCA-17293-2011_H14_census.xlsx
HL-14 village/town/ward % (the rates),PC11_HL14-17-294,"HL-14: Percentage of households to total households by amenities and assets, Meghalaya, district East Garo Hills - 2011",https://censusindia.gov.in/nada/index.php/catalog/9592,https://censusindia.gov.in/nada/index.php/catalog/9592/download/12704,HLPCA-17294-2011_H14_census.xlsx,775570,32ef8f13b9cfa0e31d7f5c74c9f2d729e250aa6ce3f8bf5e717c6d12f8675922,2026-10-01T07:38:16Z,<scratch>/census/option2/hl14/raw/HLPCA-17294-2011_H14_census.xlsx
HL-14 village/town/ward % (the rates),PC11_HL14-17-295,"HL-14: Percentage of households to total households by amenities and assets, Meghalaya, district South Garo Hills - 2011",https://censusindia.gov.in/nada/index.php/catalog/9593,https://censusindia.gov.in/nada/index.php/catalog/9593/download/12705,HLPCA-17295-2011_H14_census.xlsx,527128,5986b4c61d4028490ae9f2f57822172ec3e53a81f099332b5b8aa36a4b9072ae,2026-10-01T07:38:26Z,<scratch>/census/option2/hl14/raw/HLPCA-17295-2011_H14_census.xlsx
HL-14 village/town/ward % (the rates),PC11_HL14-17-296,"HL-14: Percentage of households to total households by amenities and assets, Meghalaya, district West Khasi Hills - 2011",https://censusindia.gov.in/nada/index.php/catalog/9594,https://censusindia.gov.in/nada/index.php/catalog/9594/download/12706,HLPCA-17296-2011_H14_census.xlsx,799299,fe5b56f14ff9188f6d00b58aa9946c733e7d04bcd00f5dd8f7f543ba89758536,2026-10-01T07:38:19Z,<scratch>/census/option2/hl14/raw/HLPCA-17296-2011_H14_census.xlsx
HL-14 village/town/ward % (the rates),PC11_HL14-17-297,"HL-14: Percentage of households to total households by amenities and assets, Meghalaya, district Ribhoi - 2011",https://censusindia.gov.in/nada/index.php/catalog/9595,https://censusindia.gov.in/nada/index.php/catalog/9595/download/12707,HLPCA-17297-2011_H14_census.xlsx,447537,ac9fba8ed717f40b1b4c5b39ef476ff9e1604420eb414638c41e87d5cb029be6,2026-10-01T07:38:28Z,<scratch>/census/option2/hl14/raw/HLPCA-17297-2011_H14_census.xlsx
HL-14 village/town/ward % (the rates),PC11_HL14-17-298,"HL-14: Percentage of households to total households by amenities and assets, Meghalaya, district East Khasi Hills - 2011",https://censusindia.gov.in/nada/index.php/catalog/9596,https://censusindia.gov.in/nada/index.php/catalog/9596/download/12708,HLPCA-17298-2011_H14_census.xlsx,740123,41e7c74f5d9b6ff15a98dd7413e27a4f3bad3b826b3f61a3513160f62156a956,2026-10-01T07:38:22Z,<scratch>/census/option2/hl14/raw/HLPCA-17298-2011_H14_census.xlsx
HL-14 village/town/ward % (the rates),PC11_HL14-17-299,"HL-14: Percentage of households to total households by amenities and assets, Meghalaya, district Jaintia Hills - 2011",https://censusindia.gov.in/nada/index.php/catalog/9597,https://censusindia.gov.in/nada/index.php/catalog/9597/download/12709,HLPCA-17299-2011_H14_census.xlsx,403432,09e2c6b1c60f4af77d0562e646476dbf9ef4c33af78285898d6a635ba960224b,2026-10-01T07:38:31Z,<scratch>/census/option2/hl14/raw/HLPCA-17299-2011_H14_census.xlsx
HL-14 village/town/ward % (the rates),PC11_HL14-18-300,"HL-14: Percentage of households to total households by amenities and assets, Assam, district Kokrajhar - 2011",https://censusindia.gov.in/nada/index.php/catalog/9598,https://censusindia.gov.in/nada/index.php/catalog/9598/download/12710,HLPCA-18300-2011_H14_census.xlsx,845624,6856a0b8b705781fcd8285b88b973c65d4ce475d1a59889ea6c98c1e41708289,2026-10-01T07:38:25Z,<scratch>/census/option2/hl14/raw/HLPCA-18300-2011_H14_census.xlsx
HL-14 village/town/ward % (the rates),PC11_HL14-18-301,"HL-14: Percentage of households to total households by amenities and assets, Assam, district Dhubri - 2011",https://censusindia.gov.in/nada/index.php/catalog/9599,https://censusindia.gov.in/nada/index.php/catalog/9599/download/12711,HLPCA-18301-2011_H14_census.xlsx,914421,ff235f0699e4a87199081e73cc46eec71d17d05857135cb603669bab158180fd,2026-10-01T07:38:34Z,<scratch>/census/option2/hl14/raw/HLPCA-18301-2011_H14_census.xlsx
HL-14 village/town/ward % (the rates),PC11_HL14-18-302,"HL-14: Percentage of households to total households by amenities and assets, Assam, district Goalpara - 2011",https://censusindia.gov.in/nada/index.php/catalog/9600,https://censusindia.gov.in/nada/index.php/catalog/9600/download/12712,HLPCA-18302-2011_H14_census.xlsx,662374,c9003fe9fbc5baded1674f22894de8cf73fc4b09b4d35aeab64923edab0c7b1a,2026-10-01T07:38:27Z,<scratch>/census/option2/hl14/raw/HLPCA-18302-2011_H14_census.xlsx
HL-14 village/town/ward % (the rates),PC11_HL14-18-303,"HL-14: Percentage of households to total households by amenities and assets, Assam, district Barpeta - 2011",https://censusindia.gov.in/nada/index.php/catalog/9601,https://censusindia.gov.in/nada/index.php/catalog/9601/download/12713,HLPCA-18303-2011_H14_census.xlsx,740752,1d5fe7abfb4a38b040b609057e84f3b52ba035a30e6181e6414a138284678ea4,2026-10-01T07:38:36Z,<scratch>/census/option2/hl14/raw/HLPCA-18303-2011_H14_census.xlsx
HL-14 village/town/ward % (the rates),PC11_HL14-18-304,"HL-14: Percentage of households to total households by amenities and assets, Assam, district Morigaon - 2011",https://censusindia.gov.in/nada/index.php/catalog/9602,https://censusindia.gov.in/nada/index.php/catalog/9602/download/12714,HLPCA-18304-2011_H14_census.xlsx,507802,84399790de8ee27ec44b93179f4570c903b5c6535ea3bdf5f8480244441e78a7,2026-10-01T07:38:30Z,<scratch>/census/option2/hl14/raw/HLPCA-18304-2011_H14_census.xlsx
HL-14 village/town/ward % (the rates),PC11_HL14-18-305,"HL-14: Percentage of households to total households by amenities and assets, Assam, district Nagaon - 2011",https://censusindia.gov.in/nada/index.php/catalog/9603,https://censusindia.gov.in/nada/index.php/catalog/9603/download/12715,HLPCA-18305-2011_H14_census.xlsx,1258303,7620f0b05b9f2c28a03cb888367f167eab7ae7f219435b7de52d8bb92de71e29,2026-10-01T07:38:39Z,<scratch>/census/option2/hl14/raw/HLPCA-18305-2011_H14_census.xlsx
HL-14 village/town/ward % (the rates),PC11_HL14-18-306,"HL-14: Percentage of households to total households by amenities and assets, Assam, district Sonitpur - 2011",https://censusindia.gov.in/nada/index.php/catalog/9604,https://censusindia.gov.in/nada/index.php/catalog/9604/download/12716,HLPCA-18306-2011_H14_census.xlsx,1499354,1a4d8dbc6e9f601d3a4c0de36b15e8096d92417c844dd45cb956bb9c6355bac1,2026-10-01T07:38:33Z,<scratch>/census/option2/hl14/raw/HLPCA-18306-2011_H14_census.xlsx
HL-14 village/town/ward % (the rates),PC11_HL14-18-307,"HL-14: Percentage of households to total households by amenities and assets, Assam, district Lakhimpur - 2011",https://censusindia.gov.in/nada/index.php/catalog/9605,https://censusindia.gov.in/nada/index.php/catalog/9605/download/12717,HLPCA-18307-2011_H14_census.xlsx,943316,d9d6a75546eae653403bbc827912eff288533ddd3148374e690444846051f215,2026-10-01T07:38:42Z,<scratch>/census/option2/hl14/raw/HLPCA-18307-2011_H14_census.xlsx
HL-14 village/town/ward % (the rates),PC11_HL14-18-308,"HL-14: Percentage of households to total households by amenities and assets, Assam, district Dhemaji - 2011",https://censusindia.gov.in/nada/index.php/catalog/9606,https://censusindia.gov.in/nada/index.php/catalog/9606/download/12718,HLPCA-18308-2011_H14_census.xlsx,966795,1737d73865047ce9c1c1fa82aef79fc6c1083b00e04291b96d2e805242ae7f6a,2026-10-01T07:38:35Z,<scratch>/census/option2/hl14/raw/HLPCA-18308-2011_H14_census.xlsx
HL-14 village/town/ward % (the rates),PC11_HL14-18-309,"HL-14: Percentage of households to total households by amenities and assets, Assam, district Tinsukia - 2011",https://censusindia.gov.in/nada/index.php/catalog/9607,https://censusindia.gov.in/nada/index.php/catalog/9607/download/12719,HLPCA-18309-2011_H14_census.xlsx,969925,b1bace2411e31875ca25136972c1a72d3d60c7b4a90e3b76466e4c715c978ab8,2026-10-01T07:38:45Z,<scratch>/census/option2/hl14/raw/HLPCA-18309-2011_H14_census.xlsx
HL-14 village/town/ward % (the rates),PC11_HL14-18-310,"HL-14: Percentage of households to total households by amenities and assets, Assam, district Dibrugarh - 2011",https://censusindia.gov.in/nada/index.php/catalog/9608,https://censusindia.gov.in/nada/index.php/catalog/9608/download/12720,HLPCA-18310-2011_H14_census.xlsx,1101153,2888202dd7200184cef591ce2ccef193a53b6c86a61eeacce5365c63b8747551,2026-10-01T07:38:38Z,<scratch>/census/option2/hl14/raw/HLPCA-18310-2011_H14_census.xlsx
HL-14 village/town/ward % (the rates),PC11_HL14-18-311,"HL-14: Percentage of households to total households by amenities and assets, Assam, district Sivasagar - 2011",https://censusindia.gov.in/nada/index.php/catalog/9609,https://censusindia.gov.in/nada/index.php/catalog/9609/download/12721,HLPCA-18311-2011_H14_census.xlsx,776218,4520b844685c91c0a1cfbc6e7bb6e14ba5500fb7375d10d50c622c794f69399d,2026-10-01T07:38:48Z,<scratch>/census/option2/hl14/raw/HLPCA-18311-2011_H14_census.xlsx
HL-14 village/town/ward % (the rates),PC11_HL14-18-312,"HL-14: Percentage of households to total households by amenities and assets, Assam, district Jorhat - 2011",https://censusindia.gov.in/nada/index.php/catalog/9610,https://censusindia.gov.in/nada/index.php/catalog/9610/download/12722,HLPCA-18312-2011_H14_census.xlsx,693186,ba20cd6dbc3b9fc8fe0f9fd244da72a8cd8fd90c8d1497117a4350356c0205f7,2026-10-01T07:38:40Z,<scratch>/census/option2/hl14/raw/HLPCA-18312-2011_H14_census.xlsx
HL-14 village/town/ward % (the rates),PC11_HL14-18-313,"HL-14: Percentage of households to total households by amenities and assets, Assam, district Golaghat - 2011",https://censusindia.gov.in/nada/index.php/catalog/9611,https://censusindia.gov.in/nada/index.php/catalog/9611/download/12723,HLPCA-18313-2011_H14_census.xlsx,859237,88939cb50553111d96828c00838dfa4eb2364343dc7d8fe397f16503c4a4ce01,2026-10-01T07:38:51Z,<scratch>/census/option2/hl14/raw/HLPCA-18313-2011_H14_census.xlsx
HL-14 village/town/ward % (the rates),PC11_HL14-18-314,"HL-14: Percentage of households to total households by amenities and assets, Assam, district Karbi Anglong - 2011",https://censusindia.gov.in/nada/index.php/catalog/9612,https://censusindia.gov.in/nada/index.php/catalog/9612/download/12724,HLPCA-18314-2011_H14_census.xlsx,1988167,71ff3744ca1d749ee5c5f4ec8575bfd4c3d1d6b09fa50f6db285fdb2b3bd8c06,2026-10-01T07:38:45Z,<scratch>/census/option2/hl14/raw/HLPCA-18314-2011_H14_census.xlsx
HL-14 village/town/ward % (the rates),PC11_HL14-18-315,"HL-14: Percentage of households to total households by amenities and assets, Assam, district Dima Hasao - 2011",https://censusindia.gov.in/nada/index.php/catalog/9613,https://censusindia.gov.in/nada/index.php/catalog/9613/download/12725,HLPCA-18315-2011_H14_census.xlsx,501948,d6a1745321de5f419b0085f4dd361e2741729e4eb141055ce82eb99494370cf8,2026-10-01T07:38:53Z,<scratch>/census/option2/hl14/raw/HLPCA-18315-2011_H14_census.xlsx
HL-14 village/town/ward % (the rates),PC11_HL14-18-316,"HL-14: Percentage of households to total households by amenities and assets, Assam, district Cachar - 2011",https://censusindia.gov.in/nada/index.php/catalog/9614,https://censusindia.gov.in/nada/index.php/catalog/9614/download/12726,HLPCA-18316-2011_H14_census.xlsx,870036,a75c42bac7194fb0e476b424f6137c8278ff4970f41d6f6c1c9e6720478eff2b,2026-10-01T07:38:48Z,<scratch>/census/option2/hl14/raw/HLPCA-18316-2011_H14_census.xlsx
HL-14 village/town/ward % (the rates),PC11_HL14-18-317,"HL-14: Percentage of households to total households by amenities and assets, Assam, district Karimganj - 2011",https://censusindia.gov.in/nada/index.php/catalog/9615,https://censusindia.gov.in/nada/index.php/catalog/9615/download/12727,HLPCA-18317-2011_H14_census.xlsx,775721,439d1448c2fda6bd6877da213db22238761daf84e60e8bec0a5ee8edbf9944b4,2026-10-01T07:38:55Z,<scratch>/census/option2/hl14/raw/HLPCA-18317-2011_H14_census.xlsx
HL-14 village/town/ward % (the rates),PC11_HL14-18-318,"HL-14: Percentage of households to total households by amenities and assets, Assam, district Hailakandi - 2011",https://censusindia.gov.in/nada/index.php/catalog/9616,https://censusindia.gov.in/nada/index.php/catalog/9616/download/12728,HLPCA-18318-2011_H14_census.xlsx,314890,79532a8cc04cdaad11a44c22142949bf37984f8edc26abf148a111167dc0ef7c,2026-10-01T07:38:50Z,<scratch>/census/option2/hl14/raw/HLPCA-18318-2011_H14_census.xlsx
HL-14 village/town/ward % (the rates),PC11_HL14-18-319,"HL-14: Percentage of households to total households by amenities and assets, Assam, district Bongaigaon - 2011",https://censusindia.gov.in/nada/index.php/catalog/9617,https://censusindia.gov.in/nada/index.php/catalog/9617/download/12729,HLPCA-18319-2011_H14_census.xlsx,479068,19f1ea6e76207f2763d1d6c5b21184cbd6718e83e3fb890e46fd8d343d48f0dc,2026-10-01T07:38:58Z,<scratch>/census/option2/hl14/raw/HLPCA-18319-2011_H14_census.xlsx
HL-14 village/town/ward % (the rates),PC11_HL14-18-320,"HL-14: Percentage of households to total households by amenities and assets, Assam, district Chirang - 2011",https://censusindia.gov.in/nada/index.php/catalog/9618,https://censusindia.gov.in/nada/index.php/catalog/9618/download/12730,HLPCA-18320-2011_H14_census.xlsx,423164,758439d176bd5c24ec886065413976d7b05c6fb06cb2e0dc3a897b839037ebb6,2026-10-01T07:38:52Z,<scratch>/census/option2/hl14/raw/HLPCA-18320-2011_H14_census.xlsx
HL-14 village/town/ward % (the rates),PC11_HL14-18-321,"HL-14: Percentage of households to total households by amenities and assets, Assam, district Kamrup - 2011",https://censusindia.gov.in/nada/index.php/catalog/9619,https://censusindia.gov.in/nada/index.php/catalog/9619/download/12731,HLPCA-18321-2011_H14_census.xlsx,897736,d8ed63b0e3da70b6be2fdd386cd577f637103493ea87e3bdb15bf44c233a38a5,2026-10-01T07:39:01Z,<scratch>/census/option2/hl14/raw/HLPCA-18321-2011_H14_census.xlsx
HL-14 village/town/ward % (the rates),PC11_HL14-18-322,"HL-14: Percentage of households to total households by amenities and assets, Assam, district Kamrup Metropolitan - 2011",https://censusindia.gov.in/nada/index.php/catalog/9620,https://censusindia.gov.in/nada/index.php/catalog/9620/download/12732,HLPCA-18322-2011_H14_census.xlsx,265247,8595b48521b49309b5dbf264d63802d8b6d11f5753037401cbfc33379ba633d9,2026-10-01T07:38:55Z,<scratch>/census/option2/hl14/raw/HLPCA-18322-2011_H14_census.xlsx
HL-14 village/town/ward % (the rates),PC11_HL14-18-323,"HL-14: Percentage of households to total households by amenities and assets, Assam, district Nalbari - 2011",https://censusindia.gov.in/nada/index.php/catalog/9621,https://censusindia.gov.in/nada/index.php/catalog/9621/download/12733,HLPCA-18323-2011_H14_census.xlsx,424165,0a30a16648e74ca4331db064ddd817c6193bdbc4e257d213868c7bc7bf1433f9,2026-10-01T07:39:03Z,<scratch>/census/option2/hl14/raw/HLPCA-18323-2011_H14_census.xlsx
HL-14 village/town/ward % (the rates),PC11_HL14-18-324,"HL-14: Percentage of households to total households by amenities and assets, Assam, district Baksa - 2011",https://censusindia.gov.in/nada/index.php/catalog/9622,https://censusindia.gov.in/nada/index.php/catalog/9622/download/12734,HLPCA-18324-2011_H14_census.xlsx,581165,8189fcaabfd257b538ceeb061296d3d8fbb73fb32897bc897b3bec1df86449b8,2026-10-01T07:38:57Z,<scratch>/census/option2/hl14/raw/HLPCA-18324-2011_H14_census.xlsx
HL-14 village/town/ward % (the rates),PC11_HL14-18-325,"HL-14: Percentage of households to total households by amenities and assets, Assam, district Darrang - 2011",https://censusindia.gov.in/nada/index.php/catalog/9623,https://censusindia.gov.in/nada/index.php/catalog/9623/download/12735,HLPCA-18325-2011_H14_census.xlsx,486507,b2f2e0f2063721202961e1c6e33ec2b2125f5123ee7882798716647423c90a8b,2026-10-01T07:39:05Z,<scratch>/census/option2/hl14/raw/HLPCA-18325-2011_H14_census.xlsx
HL-14 village/town/ward % (the rates),PC11_HL14-18-326,"HL-14: Percentage of households to total households by amenities and assets, Assam, district Udalguri - 2011",https://censusindia.gov.in/nada/index.php/catalog/9624,https://censusindia.gov.in/nada/index.php/catalog/9624/download/12736,HLPCA-18326-2011_H14_census.xlsx,667240,567708806e1859e6f1204958c10079b0355f13bb7337cc15977287fd9dd72681,2026-10-01T07:39:00Z,<scratch>/census/option2/hl14/raw/HLPCA-18326-2011_H14_census.xlsx
HL-14 village/town/ward % (the rates),PC11_HL14-19-327,"HL-14: Percentage of households to total households by amenities and assets, West Bengal, district Darjiling - 2011",https://censusindia.gov.in/nada/index.php/catalog/9625,https://censusindia.gov.in/nada/index.php/catalog/9625/download/12737,HLPCA-19327-2011_H14_census.xlsx,688499,cc142dd2d7b03e450d5d7f3d6dd9f15ad2e9826bc9ce160b7d03024181e18a40,2026-10-01T07:39:07Z,<scratch>/census/option2/hl14/raw/HLPCA-19327-2011_H14_census.xlsx
HL-14 village/town/ward % (the rates),PC11_HL14-19-328,"HL-14: Percentage of households to total households by amenities and assets, West Bengal, district Jalpaiguri - 2011",https://censusindia.gov.in/nada/index.php/catalog/9626,https://censusindia.gov.in/nada/index.php/catalog/9626/download/12738,HLPCA-19328-2011_H14_census.xlsx,793907,1c782846ae985c9d57e2fcb6b3d7d464c79684ec98b19e1877e570fbf552ec91,2026-10-01T07:39:02Z,<scratch>/census/option2/hl14/raw/HLPCA-19328-2011_H14_census.xlsx
HL-14 village/town/ward % (the rates),PC11_HL14-19-329,"HL-14: Percentage of households to total households by amenities and assets, West Bengal, district Koch Bihar - 2011",https://censusindia.gov.in/nada/index.php/catalog/9627,https://censusindia.gov.in/nada/index.php/catalog/9627/download/12739,HLPCA-19329-2011_H14_census.xlsx,1047871,fe15040562d104e1bb730dbf22334d1bd98734518520a20e889a02231260a8ee,2026-10-01T07:39:12Z,<scratch>/census/option2/hl14/raw/HLPCA-19329-2011_H14_census.xlsx
HL-14 village/town/ward % (the rates),PC11_HL14-19-330,"HL-14: Percentage of households to total households by amenities and assets, West Bengal, district Uttar Dinajpur - 2011",https://censusindia.gov.in/nada/index.php/catalog/9628,https://censusindia.gov.in/nada/index.php/catalog/9628/download/12740,HLPCA-19330-2011_H14_census.xlsx,1306942,661a4ad29fc98a4269464eab5aee1a66592afab5660bfde182fee86f273148dc,2026-10-01T07:39:04Z,<scratch>/census/option2/hl14/raw/HLPCA-19330-2011_H14_census.xlsx
HL-14 village/town/ward % (the rates),PC11_HL14-19-331,"HL-14: Percentage of households to total households by amenities and assets, West Bengal, district Dakshin Dinajpur - 2011",https://censusindia.gov.in/nada/index.php/catalog/9629,https://censusindia.gov.in/nada/index.php/catalog/9629/download/12741,HLPCA-19331-2011_H14_census.xlsx,1324983,12b20c1b07ef2f6396188e69255c3949bc78ed311031c23d5514ae4e50e02168,2026-10-01T07:39:15Z,<scratch>/census/option2/hl14/raw/HLPCA-19331-2011_H14_census.xlsx
HL-14 village/town/ward % (the rates),PC11_HL14-19-332,"HL-14: Percentage of households to total households by amenities and assets, West Bengal, district Maldah - 2011",https://censusindia.gov.in/nada/index.php/catalog/9630,https://censusindia.gov.in/nada/index.php/catalog/9630/download/12742,HLPCA-19332-2011_H14_census.xlsx,1444381,d7feb639f39ad9783cb0e0704a1f0a147d8489358d4d285d3155b75fe3085581,2026-10-01T07:39:07Z,<scratch>/census/option2/hl14/raw/HLPCA-19332-2011_H14_census.xlsx
HL-14 village/town/ward % (the rates),PC11_HL14-19-333,"HL-14: Percentage of households to total households by amenities and assets, West Bengal, district Murshidabad - 2011",https://censusindia.gov.in/nada/index.php/catalog/9631,https://censusindia.gov.in/nada/index.php/catalog/9631/download/12743,HLPCA-19333-2011_H14_census.xlsx,1870426,59b224e4299461fed4803d75c292b22b7089fea66a629bc29b061d4a9cc028b2,2026-10-01T07:39:18Z,<scratch>/census/option2/hl14/raw/HLPCA-19333-2011_H14_census.xlsx
HL-14 village/town/ward % (the rates),PC11_HL14-19-334,"HL-14: Percentage of households to total households by amenities and assets, West Bengal, district Birbhum - 2011",https://censusindia.gov.in/nada/index.php/catalog/9632,https://censusindia.gov.in/nada/index.php/catalog/9632/download/12744,HLPCA-19334-2011_H14_census.xlsx,2005373,66080ea13d123b702ff1a2526164a2e7bf0a3495b61dca22327d3c408ee9c36b,2026-10-01T07:39:23Z,<scratch>/census/option2/hl14/raw/HLPCA-19334-2011_H14_census.xlsx
HL-14 village/town/ward % (the rates),PC11_HL14-19-335,"HL-14: Percentage of households to total households by amenities and assets, West Bengal, district Barddhaman - 2011",https://censusindia.gov.in/nada/index.php/catalog/9633,https://censusindia.gov.in/nada/index.php/catalog/9633/download/12745,HLPCA-19335-2011_H14_census.xlsx,2549930,f5de4cdbc6391d98a18665dbc9211b7058ced07c4f6577f5398d92952121b672,2026-10-01T07:39:20Z,<scratch>/census/option2/hl14/raw/HLPCA-19335-2011_H14_census.xlsx
HL-14 village/town/ward % (the rates),PC11_HL14-19-336,"HL-14: Percentage of households to total households by amenities and assets, West Bengal, district Nadia - 2011",https://censusindia.gov.in/nada/index.php/catalog/9634,https://censusindia.gov.in/nada/index.php/catalog/9634/download/12746,HLPCA-19336-2011_H14_census.xlsx,1364833,3af9a2c96a87bbef688a94eb39e7d367890c3a5377ba58166d35137af32088d6,2026-10-01T07:39:26Z,<scratch>/census/option2/hl14/raw/HLPCA-19336-2011_H14_census.xlsx
HL-14 village/town/ward % (the rates),PC11_HL14-19-337,"HL-14: Percentage of households to total households by amenities and assets, West Bengal, district North Twenty Four Parganas - 2011",https://censusindia.gov.in/nada/index.php/catalog/9635,https://censusindia.gov.in/nada/index.php/catalog/9635/download/12747,HLPCA-19337-2011_H14_census.xlsx,2153117,505f55121a7cdae32faea685408eadbb844250e92a7f8af281f06bc374ec6f12,2026-10-01T07:39:22Z,<scratch>/census/option2/hl14/raw/HLPCA-19337-2011_H14_census.xlsx
HL-14 village/town/ward % (the rates),PC11_HL14-19-338,"HL-14: Percentage of households to total households by amenities and assets, West Bengal, district Hugli - 2011",https://censusindia.gov.in/nada/index.php/catalog/9636,https://censusindia.gov.in/nada/index.php/catalog/9636/download/12748,HLPCA-19338-2011_H14_census.xlsx,1998482,4b4634259ad818428e2705bf81d933e45bae3e5b46b3e5bdd6d8fb56bd3ee6b0,2026-10-01T07:39:29Z,<scratch>/census/option2/hl14/raw/HLPCA-19338-2011_H14_census.xlsx
HL-14 village/town/ward % (the rates),PC11_HL14-19-339,"HL-14: Percentage of households to total households by amenities and assets, West Bengal, district Bankura - 2011",https://censusindia.gov.in/nada/index.php/catalog/9637,https://censusindia.gov.in/nada/index.php/catalog/9637/download/12749,HLPCA-19339-2011_H14_census.xlsx,2984397,8429ba8699b6768b31840616470890e5bacc4448c4e0d08ef4a116d625f3af5b,2026-10-01T07:39:25Z,<scratch>/census/option2/hl14/raw/HLPCA-19339-2011_H14_census.xlsx
HL-14 village/town/ward % (the rates),PC11_HL14-19-340,"HL-14: Percentage of households to total households by amenities and assets, West Bengal, district Puruliya - 2011",https://censusindia.gov.in/nada/index.php/catalog/9638,https://censusindia.gov.in/nada/index.php/catalog/9638/download/12750,HLPCA-19340-2011_H14_census.xlsx,2080157,9746c01898fa0d6d544a3bef21baa950619de879460385db24e3d6e63db08482,2026-10-01T07:39:31Z,<scratch>/census/option2/hl14/raw/HLPCA-19340-2011_H14_census.xlsx
HL-14 village/town/ward % (the rates),PC11_HL14-19-341,"HL-14: Percentage of households to total households by amenities and assets, West Bengal, district Haora - 2011",https://censusindia.gov.in/nada/index.php/catalog/9639,https://censusindia.gov.in/nada/index.php/catalog/9639/download/12751,HLPCA-19341-2011_H14_census.xlsx,919715,70c840c575dbacc960289eabd19cfcc19f938e164aa14012c9ef83cdd7030536,2026-10-01T07:39:27Z,<scratch>/census/option2/hl14/raw/HLPCA-19341-2011_H14_census.xlsx
HL-14 village/town/ward % (the rates),PC11_HL14-19-342,"HL-14: Percentage of households to total households by amenities and assets, West Bengal, district Kolkata - 2011",https://censusindia.gov.in/nada/index.php/catalog/9640,https://censusindia.gov.in/nada/index.php/catalog/9640/download/12752,HLPCA-19342-2011_H14_census.xlsx,138888,b3ab07584aa7bf290b947f276d6c01ae509d5d4a225404b84c80bd5761fc8955,2026-10-01T07:39:33Z,<scratch>/census/option2/hl14/raw/HLPCA-19342-2011_H14_census.xlsx
HL-14 village/town/ward % (the rates),PC11_HL14-19-343,"HL-14: Percentage of households to total households by amenities and assets, West Bengal, district South Twenty Four Parganas - 2011",https://censusindia.gov.in/nada/index.php/catalog/9641,https://censusindia.gov.in/nada/index.php/catalog/9641/download/12753,HLPCA-19343-2011_H14_census.xlsx,2103298,54a73a86f92b30caa9842073805a0a82a4726bb39cfd1f5205e7389493200eb8,2026-10-01T07:39:30Z,<scratch>/census/option2/hl14/raw/HLPCA-19343-2011_H14_census.xlsx
HL-14 village/town/ward % (the rates),PC11_HL14-19-344,"HL-14: Percentage of households to total households by amenities and assets, West Bengal, district Paschim Medinipur - 2011",https://censusindia.gov.in/nada/index.php/catalog/9642,https://censusindia.gov.in/nada/index.php/catalog/9642/download/12754,HLPCA-19344-2011_H14_census.xlsx,5909507,2520173c34c68bd3ad6ef462006d78605dafcb807001ff3678ebe15472cf7780,2026-10-01T07:39:37Z,<scratch>/census/option2/hl14/raw/HLPCA-19344-2011_H14_census.xlsx
HL-14 village/town/ward % (the rates),PC11_HL14-19-345,"HL-14: Percentage of households to total households by amenities and assets, West Bengal, district Purba Medinipur - 2011",https://censusindia.gov.in/nada/index.php/catalog/9643,https://censusindia.gov.in/nada/index.php/catalog/9643/download/12755,HLPCA-19345-2011_H14_census.xlsx,2639593,2397454716b8fd429d923197b92d02453384db437367cb3344a4476cb088a511,2026-10-01T07:39:33Z,<scratch>/census/option2/hl14/raw/HLPCA-19345-2011_H14_census.xlsx
HL-14 village/town/ward % (the rates),PC11_HL14-20-346,"HL-14: Percentage of households to total households by amenities and assets, Jharkhand, district Garhwa - 2011",https://censusindia.gov.in/nada/index.php/catalog/9644,https://censusindia.gov.in/nada/index.php/catalog/9644/download/12756,HLPCA-20346-2011_H14_census.xlsx,706807,691f28f965027abf5e96f6b73f362b5beef3f623434a0be15ccb783c6487f40f,2026-10-01T07:39:40Z,<scratch>/census/option2/hl14/raw/HLPCA-20346-2011_H14_census.xlsx
HL-14 village/town/ward % (the rates),PC11_HL14-20-347,"HL-14: Percentage of households to total households by amenities and assets, Jharkhand, district Chatra - 2011",https://censusindia.gov.in/nada/index.php/catalog/9645,https://censusindia.gov.in/nada/index.php/catalog/9645/download/12757,HLPCA-20347-2011_H14_census.xlsx,1049930,5b0e29a3774f39bca975f5a490496a2a50457efa5397fe991cf890653b2ef53b,2026-10-01T07:39:35Z,<scratch>/census/option2/hl14/raw/HLPCA-20347-2011_H14_census.xlsx
HL-14 village/town/ward % (the rates),PC11_HL14-20-348,"HL-14: Percentage of households to total households by amenities and assets, Jharkhand, district Kodarma - 2011",https://censusindia.gov.in/nada/index.php/catalog/9646,https://censusindia.gov.in/nada/index.php/catalog/9646/download/12758,HLPCA-20348-2011_H14_census.xlsx,482235,7c6d39e85dd668393079f73932c91d909fb5f7ae80416daf48c90b34c781df92,2026-10-01T07:39:43Z,<scratch>/census/option2/hl14/raw/HLPCA-20348-2011_H14_census.xlsx
HL-14 village/town/ward % (the rates),PC11_HL14-20-349,"HL-14: Percentage of households to total households by amenities and assets, Jharkhand, district Giridih - 2011",https://censusindia.gov.in/nada/index.php/catalog/9647,https://censusindia.gov.in/nada/index.php/catalog/9647/download/12759,HLPCA-20349-2011_H14_census.xlsx,1989319,21922eb90a53d855bdbee5bff3f8def28a9c12943a0b2c348eed2a6b0cf7d42d,2026-10-01T07:39:38Z,<scratch>/census/option2/hl14/raw/HLPCA-20349-2011_H14_census.xlsx
HL-14 village/town/ward % (the rates),PC11_HL14-20-350,"HL-14: Percentage of households to total households by amenities and assets, Jharkhand, district Deoghar - 2011",https://censusindia.gov.in/nada/index.php/catalog/9648,https://censusindia.gov.in/nada/index.php/catalog/9648/download/12760,HLPCA-20350-2011_H14_census.xlsx,1824505,e7f2171c4ca6377a3d64087afeceed8c326130d456e8a5698dfe4304f7547b88,2026-10-01T07:39:47Z,<scratch>/census/option2/hl14/raw/HLPCA-20350-2011_H14_census.xlsx
HL-14 village/town/ward % (the rates),PC11_HL14-20-351,"HL-14: Percentage of households to total households by amenities and assets, Jharkhand, district Godda - 2011",https://censusindia.gov.in/nada/index.php/catalog/9649,https://censusindia.gov.in/nada/index.php/catalog/9649/download/12761,HLPCA-20351-2011_H14_census.xlsx,1303918,089cf407aba7ef02a49be83e47601967a0d9d7ead9cf894720a9dde705bcf93d,2026-10-01T07:39:42Z,<scratch>/census/option2/hl14/raw/HLPCA-20351-2011_H14_census.xlsx
HL-14 village/town/ward % (the rates),PC11_HL14-20-352,"HL-14: Percentage of households to total households by amenities and assets, Jharkhand, district Sahibganj - 2011",https://censusindia.gov.in/nada/index.php/catalog/9650,https://censusindia.gov.in/nada/index.php/catalog/9650/download/12762,HLPCA-20352-2011_H14_census.xlsx,1035607,b7cb2f4ed854d5e91c2b2a215f66137a49b72d8464a6c11bcec6b0c99eb00931,2026-10-01T07:39:50Z,<scratch>/census/option2/hl14/raw/HLPCA-20352-2011_H14_census.xlsx
HL-14 village/town/ward % (the rates),PC11_HL14-20-353,"HL-14: Percentage of households to total households by amenities and assets, Jharkhand, district Pakur - 2011",https://censusindia.gov.in/nada/index.php/catalog/9651,https://censusindia.gov.in/nada/index.php/catalog/9651/download/12763,HLPCA-20353-2011_H14_census.xlsx,866515,71e9c23cf229d9a81f30f16f63e3d402cd2a60c8c6fc4e602df80a0e7bb38d09,2026-10-01T07:39:45Z,<scratch>/census/option2/hl14/raw/HLPCA-20353-2011_H14_census.xlsx
HL-14 village/town/ward % (the rates),PC11_HL14-20-354,"HL-14: Percentage of households to total households by amenities and assets, Jharkhand, district Dhanbad - 2011",https://censusindia.gov.in/nada/index.php/catalog/9652,https://censusindia.gov.in/nada/index.php/catalog/9652/download/12764,HLPCA-20354-2011_H14_census.xlsx,999068,21c8b0daaec8545c71e4a0c2e11d1804c66c2ffb774cc1a4412c228534789abb,2026-10-01T07:39:53Z,<scratch>/census/option2/hl14/raw/HLPCA-20354-2011_H14_census.xlsx
HL-14 village/town/ward % (the rates),PC11_HL14-20-355,"HL-14: Percentage of households to total households by amenities and assets, Jharkhand, district Bokaro - 2011",https://censusindia.gov.in/nada/index.php/catalog/9653,https://censusindia.gov.in/nada/index.php/catalog/9653/download/12765,HLPCA-20355-2011_H14_census.xlsx,609835,606bc52902c066cb7f80ec55b1deba947b9e4553e633ac85dfa71508f3bed0a7,2026-10-01T07:39:49Z,<scratch>/census/option2/hl14/raw/HLPCA-20355-2011_H14_census.xlsx
HL-14 village/town/ward % (the rates),PC11_HL14-20-356,"HL-14: Percentage of households to total households by amenities and assets, Jharkhand, district Lohardaga - 2011",https://censusindia.gov.in/nada/index.php/catalog/9654,https://censusindia.gov.in/nada/index.php/catalog/9654/download/12766,HLPCA-20356-2011_H14_census.xlsx,309363,9555360a1cfe8d28e3bb63413cf0ab10fa41dceab555d9a91951b597f0768571,2026-10-01T07:39:56Z,<scratch>/census/option2/hl14/raw/HLPCA-20356-2011_H14_census.xlsx
HL-14 village/town/ward % (the rates),PC11_HL14-20-357,"HL-14: Percentage of households to total households by amenities and assets, Jharkhand, district Purbi Singhbhum - 2011",https://censusindia.gov.in/nada/index.php/catalog/9655,https://censusindia.gov.in/nada/index.php/catalog/9655/download/12767,HLPCA-20357-2011_H14_census.xlsx,1537491,6b3e7a77f2ae666ac72daa47f4eb3ce0ec75c0bd11327588688d2ae1645a171a,2026-10-01T07:39:52Z,<scratch>/census/option2/hl14/raw/HLPCA-20357-2011_H14_census.xlsx
HL-14 village/town/ward % (the rates),PC11_HL14-20-358,"HL-14: Percentage of households to total households by amenities and assets, Jharkhand, district Palamu - 2011",https://censusindia.gov.in/nada/index.php/catalog/9656,https://censusindia.gov.in/nada/index.php/catalog/9656/download/12768,HLPCA-20358-2011_H14_census.xlsx,1396596,b9c8901880cf57376ee58cd19dd8219ccff2eac3f605a77586cb6ef879350642,2026-10-01T07:39:59Z,<scratch>/census/option2/hl14/raw/HLPCA-20358-2011_H14_census.xlsx
HL-14 village/town/ward % (the rates),PC11_HL14-20-359,"HL-14: Percentage of households to total households by amenities and assets, Jharkhand, district Latehar - 2011",https://censusindia.gov.in/nada/index.php/catalog/9657,https://censusindia.gov.in/nada/index.php/catalog/9657/download/12769,HLPCA-20359-2011_H14_census.xlsx,586334,34e8be2b0768e3c659f621d5346bbfde339a306c5d8904d1a02fa6c0339f26db,2026-10-01T07:39:55Z,<scratch>/census/option2/hl14/raw/HLPCA-20359-2011_H14_census.xlsx
HL-14 village/town/ward % (the rates),PC11_HL14-20-360,"HL-14: Percentage of households to total households by amenities and assets, Jharkhand, district Hazaribagh - 2011",https://censusindia.gov.in/nada/index.php/catalog/9658,https://censusindia.gov.in/nada/index.php/catalog/9658/download/12770,HLPCA-20360-2011_H14_census.xlsx,1021477,cb17b33e98ad65f2aadc9b7ce256ac29579e10719e91c35737ca6aec6dd7e9b7,2026-10-01T07:40:01Z,<scratch>/census/option2/hl14/raw/HLPCA-20360-2011_H14_census.xlsx
HL-14 village/town/ward % (the rates),PC11_HL14-20-361,"HL-14: Percentage of households to total households by amenities and assets, Jharkhand, district Ramgarh - 2011",https://censusindia.gov.in/nada/index.php/catalog/9659,https://censusindia.gov.in/nada/index.php/catalog/9659/download/12771,HLPCA-20361-2011_H14_census.xlsx,312083,e3e573e94af3a383a0942a8b588f541200ed449ae096ea86d0c83c314416c9bc,2026-10-01T07:39:57Z,<scratch>/census/option2/hl14/raw/HLPCA-20361-2011_H14_census.xlsx
HL-14 village/town/ward % (the rates),PC11_HL14-20-362,"HL-14: Percentage of households to total households by amenities and assets, Jharkhand, district Dumka - 2011",https://censusindia.gov.in/nada/index.php/catalog/9660,https://censusindia.gov.in/nada/index.php/catalog/9660/download/12772,HLPCA-20362-2011_H14_census.xlsx,2018534,b3afce433850078cdd04d4b656d33678aa3a1bb0e58d923217d8b6b7adfbdb40,2026-10-01T07:40:04Z,<scratch>/census/option2/hl14/raw/HLPCA-20362-2011_H14_census.xlsx
HL-14 village/town/ward % (the rates),PC11_HL14-20-363,"HL-14: Percentage of households to total households by amenities and assets, Jharkhand, district Jamtara - 2011",https://censusindia.gov.in/nada/index.php/catalog/9661,https://censusindia.gov.in/nada/index.php/catalog/9661/download/12773,HLPCA-20363-2011_H14_census.xlsx,853777,eb085bdce1b40255913bee56f841a59b1caf8921a4e77d925c10c77debd51f03,2026-10-01T07:40:00Z,<scratch>/census/option2/hl14/raw/HLPCA-20363-2011_H14_census.xlsx
HL-14 village/town/ward % (the rates),PC11_HL14-20-364,"HL-14: Percentage of households to total households by amenities and assets, Jharkhand, district Ranchi - 2011",https://censusindia.gov.in/nada/index.php/catalog/9662,https://censusindia.gov.in/nada/index.php/catalog/9662/download/12774,HLPCA-20364-2011_H14_census.xlsx,1154000,98303b076866eda17163b0d5b3ef660ae98c2027a8fbb2f76a10b42a2e2d5a85,2026-10-01T07:40:06Z,<scratch>/census/option2/hl14/raw/HLPCA-20364-2011_H14_census.xlsx
HL-14 village/town/ward % (the rates),PC11_HL14-20-365,"HL-14: Percentage of households to total households by amenities and assets, Jharkhand, district Khunti - 2011",https://censusindia.gov.in/nada/index.php/catalog/9663,https://censusindia.gov.in/nada/index.php/catalog/9663/download/12775,HLPCA-20365-2011_H14_census.xlsx,582277,4d9e95c39dce3b841a47e43d6df342de9c1a932dcff53588b4d1f7ea1f0e03f8,2026-10-01T07:40:02Z,<scratch>/census/option2/hl14/raw/HLPCA-20365-2011_H14_census.xlsx
HL-14 village/town/ward % (the rates),PC11_HL14-20-366,"HL-14: Percentage of households to total households by amenities and assets, Jharkhand, district Gumla - 2011",https://censusindia.gov.in/nada/index.php/catalog/9664,https://censusindia.gov.in/nada/index.php/catalog/9664/download/12776,HLPCA-20366-2011_H14_census.xlsx,752291,9b965cc4d0c3669c32abb2a0d487ead1e1f7d13d18d8c0f9df767387d45764a2,2026-10-01T07:40:09Z,<scratch>/census/option2/hl14/raw/HLPCA-20366-2011_H14_census.xlsx
HL-14 village/town/ward % (the rates),PC11_HL14-20-367,"HL-14: Percentage of households to total households by amenities and assets, Jharkhand, district Simdega - 2011",https://censusindia.gov.in/nada/index.php/catalog/9665,https://censusindia.gov.in/nada/index.php/catalog/9665/download/12777,HLPCA-20367-2011_H14_census.xlsx,387764,9bef342e9a1c8b54a165940b9de29525e5c83dd1573f39dd78e3853137a07215,2026-10-01T07:40:05Z,<scratch>/census/option2/hl14/raw/HLPCA-20367-2011_H14_census.xlsx
HL-14 village/town/ward % (the rates),PC11_HL14-20-368,"HL-14: Percentage of households to total households by amenities and assets, Jharkhand, district Pashchimi Singhbhum - 2011",https://censusindia.gov.in/nada/index.php/catalog/9666,https://censusindia.gov.in/nada/index.php/catalog/9666/download/12778,HLPCA-20368-2011_H14_census.xlsx,1324621,cdf28f1ae317ba4716d15326bd2699cfe7b95e5bcf743453441b14c211e8179a,2026-10-01T07:40:11Z,<scratch>/census/option2/hl14/raw/HLPCA-20368-2011_H14_census.xlsx
HL-14 village/town/ward % (the rates),PC11_HL14-20-369,"HL-14: Percentage of households to total households by amenities and assets, Jharkhand, district Saraikela-Kharsawan - 2011",https://censusindia.gov.in/nada/index.php/catalog/9667,https://censusindia.gov.in/nada/index.php/catalog/9667/download/12779,HLPCA-20369-2011_H14_census.xlsx,933333,cb9f2b71c2f6ca750f032bff4748574148fc8cfa59c929777273ad1288c31760,2026-10-01T07:40:07Z,<scratch>/census/option2/hl14/raw/HLPCA-20369-2011_H14_census.xlsx
HL-14 village/town/ward % (the rates),PC11_HL14-21-370,"HL-14: Percentage of households to total households by amenities and assets, Odisha, district Bargarh - 2011",https://censusindia.gov.in/nada/index.php/catalog/9668,https://censusindia.gov.in/nada/index.php/catalog/9668/download/12780,HLPCA-21370-2011_H14_census.xlsx,1028105,891d6250122aaf25e1f57ae4020976ae0b4d5ceea82e42d62a443368c6fed432,2026-10-01T07:40:13Z,<scratch>/census/option2/hl14/raw/HLPCA-21370-2011_H14_census.xlsx
HL-14 village/town/ward % (the rates),PC11_HL14-21-371,"HL-14: Percentage of households to total households by amenities and assets, Odisha, district Jharsuguda - 2011",https://censusindia.gov.in/nada/index.php/catalog/9669,https://censusindia.gov.in/nada/index.php/catalog/9669/download/12781,HLPCA-21371-2011_H14_census.xlsx,367820,ec1a7b860c14d6b443d45be8b091a295cea73b2cc3cf2cd18fd3fc8a056c8e69,2026-10-01T07:40:09Z,<scratch>/census/option2/hl14/raw/HLPCA-21371-2011_H14_census.xlsx
HL-14 village/town/ward % (the rates),PC11_HL14-21-372,"HL-14: Percentage of households to total households by amenities and assets, Odisha, district Sambalpur - 2011",https://censusindia.gov.in/nada/index.php/catalog/9670,https://censusindia.gov.in/nada/index.php/catalog/9670/download/12782,HLPCA-21372-2011_H14_census.xlsx,1060168,3a2fda0d709d91468306b99ae2155c2e10b7f21c98d525e54a5a20f48029d9ee,2026-10-01T07:40:16Z,<scratch>/census/option2/hl14/raw/HLPCA-21372-2011_H14_census.xlsx
HL-14 village/town/ward % (the rates),PC11_HL14-21-373,"HL-14: Percentage of households to total households by amenities and assets, Odisha, district Debagarh - 2011",https://censusindia.gov.in/nada/index.php/catalog/9671,https://censusindia.gov.in/nada/index.php/catalog/9671/download/12783,HLPCA-21373-2011_H14_census.xlsx,560868,cd6a53d2d65e621e9ca0d224899905ab0c549d3d56aca8ec95222197c69f86c2,2026-10-01T07:40:11Z,<scratch>/census/option2/hl14/raw/HLPCA-21373-2011_H14_census.xlsx
HL-14 village/town/ward % (the rates),PC11_HL14-21-374,"HL-14: Percentage of households to total households by amenities and assets, Odisha, district Sundargarh - 2011",https://censusindia.gov.in/nada/index.php/catalog/9672,https://censusindia.gov.in/nada/index.php/catalog/9672/download/12784,HLPCA-21374-2011_H14_census.xlsx,1497553,001ea8d448aaa8d197062c9c332a7a8a820d5a9898bafa8665fc64b4ad13c81f,2026-10-01T07:40:19Z,<scratch>/census/option2/hl14/raw/HLPCA-21374-2011_H14_census.xlsx
HL-14 village/town/ward % (the rates),PC11_HL14-21-375,"HL-14: Percentage of households to total households by amenities and assets, Odisha, district Kendujhar - 2011",https://censusindia.gov.in/nada/index.php/catalog/9673,https://censusindia.gov.in/nada/index.php/catalog/9673/download/12785,HLPCA-21375-2011_H14_census.xlsx,1731604,e1e494bea493ff99ff9ac90c78a166e5456f7d712a0555eea3e277ee247d6704,2026-10-01T07:40:14Z,<scratch>/census/option2/hl14/raw/HLPCA-21375-2011_H14_census.xlsx
HL-14 village/town/ward % (the rates),PC11_HL14-21-376,"HL-14: Percentage of households to total households by amenities and assets, Odisha, district Mayurbhanj - 2011",https://censusindia.gov.in/nada/index.php/catalog/9674,https://censusindia.gov.in/nada/index.php/catalog/9674/download/12786,HLPCA-21376-2011_H14_census.xlsx,3052094,312534bff61b404fc84ce6802ff1feda7265c373e4caddf9568aa5b7ce99b8ce,2026-10-01T07:40:21Z,<scratch>/census/option2/hl14/raw/HLPCA-21376-2011_H14_census.xlsx
HL-14 village/town/ward % (the rates),PC11_HL14-21-377,"HL-14: Percentage of households to total households by amenities and assets, Odisha, district Baleshwar - 2011",https://censusindia.gov.in/nada/index.php/catalog/9675,https://censusindia.gov.in/nada/index.php/catalog/9675/download/12787,HLPCA-21377-2011_H14_census.xlsx,2277823,b2bc2fbf1d6d5255fc50ebc5e79d9086c4ca7b604208bb507c473fc970ded069,2026-10-01T07:40:17Z,<scratch>/census/option2/hl14/raw/HLPCA-21377-2011_H14_census.xlsx
HL-14 village/town/ward % (the rates),PC11_HL14-21-378,"HL-14: Percentage of households to total households by amenities and assets, Odisha, district Bhadrak - 2011",https://censusindia.gov.in/nada/index.php/catalog/9676,https://censusindia.gov.in/nada/index.php/catalog/9676/download/12788,HLPCA-21378-2011_H14_census.xlsx,1086165,68ee683c4a164ac8dc6c1a400f27c0250bc47088f807039140ed693b84342fae,2026-10-01T07:40:24Z,<scratch>/census/option2/hl14/raw/HLPCA-21378-2011_H14_census.xlsx
HL-14 village/town/ward % (the rates),PC11_HL14-21-379,"HL-14: Percentage of households to total households by amenities and assets, Odisha, district Kendrapara - 2011",https://censusindia.gov.in/nada/index.php/catalog/9677,https://censusindia.gov.in/nada/index.php/catalog/9677/download/12789,HLPCA-21379-2011_H14_census.xlsx,1193352,df29c996b3a72ea6414caa647f110fbf27c0689fc4574945bb5dc0c8402ec435,2026-10-01T07:40:19Z,<scratch>/census/option2/hl14/raw/HLPCA-21379-2011_H14_census.xlsx
HL-14 village/town/ward % (the rates),PC11_HL14-21-380,"HL-14: Percentage of households to total households by amenities and assets, Odisha, district Jagatsinghapur - 2011",https://censusindia.gov.in/nada/index.php/catalog/9678,https://censusindia.gov.in/nada/index.php/catalog/9678/download/12790,HLPCA-21380-2011_H14_census.xlsx,1055660,a1fdb71446ee801ae1d97030b2dcfe947047e3ac8cc111f7f628a6624fb5e711,2026-10-01T07:40:26Z,<scratch>/census/option2/hl14/raw/HLPCA-21380-2011_H14_census.xlsx
HL-14 village/town/ward % (the rates),PC11_HL14-21-381,"HL-14: Percentage of households to total households by amenities and assets, Odisha, district Cuttack - 2011",https://censusindia.gov.in/nada/index.php/catalog/9679,https://censusindia.gov.in/nada/index.php/catalog/9679/download/12791,HLPCA-21381-2011_H14_census.xlsx,1681501,f5a77002514ccc7b35eefe141ec75a5c237adee36373531e81bbfb66881a5926,2026-10-01T07:40:21Z,<scratch>/census/option2/hl14/raw/HLPCA-21381-2011_H14_census.xlsx
HL-14 village/town/ward % (the rates),PC11_HL14-21-382,"HL-14: Percentage of households to total households by amenities and assets, Odisha, district Jajapur - 2011",https://censusindia.gov.in/nada/index.php/catalog/9680,https://censusindia.gov.in/nada/index.php/catalog/9680/download/12792,HLPCA-21382-2011_H14_census.xlsx,1393645,41daa19ac0fbef48e2f6d4cb882128312dd259adf8ba8e53ba7c3c443781708e,2026-10-01T07:40:28Z,<scratch>/census/option2/hl14/raw/HLPCA-21382-2011_H14_census.xlsx
HL-14 village/town/ward % (the rates),PC11_HL14-21-383,"HL-14: Percentage of households to total households by amenities and assets, Odisha, district Dhenkanal - 2011",https://censusindia.gov.in/nada/index.php/catalog/9681,https://censusindia.gov.in/nada/index.php/catalog/9681/download/12793,HLPCA-21383-2011_H14_census.xlsx,928618,22cdaab421a26011b3a0c54e3c12f56f78fc00bb91e05840e2944b8b7a0cbeb6,2026-10-01T07:40:24Z,<scratch>/census/option2/hl14/raw/HLPCA-21383-2011_H14_census.xlsx
HL-14 village/town/ward % (the rates),PC11_HL14-21-384,"HL-14: Percentage of households to total households by amenities and assets, Odisha, district Anugul - 2011",https://censusindia.gov.in/nada/index.php/catalog/9682,https://censusindia.gov.in/nada/index.php/catalog/9682/download/12794,HLPCA-21384-2011_H14_census.xlsx,1405148,2a24a885c3b74a7cc87996b25fe671183e3cb06e32b93422bb15128b094e196b,2026-10-01T07:40:30Z,<scratch>/census/option2/hl14/raw/HLPCA-21384-2011_H14_census.xlsx
HL-14 village/town/ward % (the rates),PC11_HL14-21-385,"HL-14: Percentage of households to total households by amenities and assets, Odisha, district Nayagarh - 2011",https://censusindia.gov.in/nada/index.php/catalog/9683,https://censusindia.gov.in/nada/index.php/catalog/9683/download/12795,HLPCA-21385-2011_H14_census.xlsx,1231246,3844f3c694c6540e18ded5b00182405834e8148f2a0286c3bed3b433b2fd62c8,2026-10-01T07:40:26Z,<scratch>/census/option2/hl14/raw/HLPCA-21385-2011_H14_census.xlsx
HL-14 village/town/ward % (the rates),PC11_HL14-21-386,"HL-14: Percentage of households to total households by amenities and assets, Odisha, district Khordha - 2011",https://censusindia.gov.in/nada/index.php/catalog/9684,https://censusindia.gov.in/nada/index.php/catalog/9684/download/12796,HLPCA-21386-2011_H14_census.xlsx,1291320,4e2c0119a4b7318caa9f04e1b004e107d7b4548066121995db63264601affc31,2026-10-01T07:40:33Z,<scratch>/census/option2/hl14/raw/HLPCA-21386-2011_H14_census.xlsx
HL-14 village/town/ward % (the rates),PC11_HL14-21-387,"HL-14: Percentage of households to total households by amenities and assets, Odisha, district Puri - 2011",https://censusindia.gov.in/nada/index.php/catalog/9685,https://censusindia.gov.in/nada/index.php/catalog/9685/download/12797,HLPCA-21387-2011_H14_census.xlsx,1389498,0b50cea5ea0e935fc0d44fa7de3c71c860bd35106fcf321e4ce170d6286e3de8,2026-10-01T07:40:28Z,<scratch>/census/option2/hl14/raw/HLPCA-21387-2011_H14_census.xlsx
HL-14 village/town/ward % (the rates),PC11_HL14-21-388,"HL-14: Percentage of households to total households by amenities and assets, Odisha, district Ganjam - 2011",https://censusindia.gov.in/nada/index.php/catalog/9686,https://censusindia.gov.in/nada/index.php/catalog/9686/download/12798,HLPCA-21388-2011_H14_census.xlsx,2558313,3e5851b2b3c0fe3348a2d93f5a9f6f3787eca9c40b2969d9191556b4abab0740,2026-10-01T07:40:35Z,<scratch>/census/option2/hl14/raw/HLPCA-21388-2011_H14_census.xlsx
HL-14 village/town/ward % (the rates),PC11_HL14-21-389,"HL-14: Percentage of households to total households by amenities and assets, Odisha, district Gajapati - 2011",https://censusindia.gov.in/nada/index.php/catalog/9687,https://censusindia.gov.in/nada/index.php/catalog/9687/download/12799,HLPCA-21389-2011_H14_census.xlsx,1112835,f3400fe290602916daead1799b599e0879764234b651a8847d41cb8477bf1653,2026-10-01T07:40:30Z,<scratch>/census/option2/hl14/raw/HLPCA-21389-2011_H14_census.xlsx
HL-14 village/town/ward % (the rates),PC11_HL14-21-390,"HL-14: Percentage of households to total households by amenities and assets, Odisha, district Kandhamal - 2011",https://censusindia.gov.in/nada/index.php/catalog/9688,https://censusindia.gov.in/nada/index.php/catalog/9688/download/12800,HLPCA-21390-2011_H14_census.xlsx,1771560,3955dae323afbd646206e6ffead3e763455794997a3fbed773df0c18b16e0120,2026-10-01T07:40:38Z,<scratch>/census/option2/hl14/raw/HLPCA-21390-2011_H14_census.xlsx
HL-14 village/town/ward % (the rates),PC11_HL14-21-391,"HL-14: Percentage of households to total households by amenities and assets, Odisha, district Baudh - 2011",https://censusindia.gov.in/nada/index.php/catalog/9689,https://censusindia.gov.in/nada/index.php/catalog/9689/download/12801,HLPCA-21391-2011_H14_census.xlsx,837380,a517defa1562ebf820682dc9609fbf26391102f7f2581a9a7d683471830a012b,2026-10-01T07:40:32Z,<scratch>/census/option2/hl14/raw/HLPCA-21391-2011_H14_census.xlsx
HL-14 village/town/ward % (the rates),PC11_HL14-21-392,"HL-14: Percentage of households to total households by amenities and assets, Odisha, district Subarnapur - 2011",https://censusindia.gov.in/nada/index.php/catalog/9690,https://censusindia.gov.in/nada/index.php/catalog/9690/download/12802,HLPCA-21392-2011_H14_census.xlsx,708550,d399f07d07fed678db4eb5e603bc23f94264b0e6ec23db5133065aa2f7e6fd5f,2026-10-01T07:40:39Z,<scratch>/census/option2/hl14/raw/HLPCA-21392-2011_H14_census.xlsx
HL-14 village/town/ward % (the rates),PC11_HL14-21-393,"HL-14: Percentage of households to total households by amenities and assets, Odisha, district Balangir - 2011",https://censusindia.gov.in/nada/index.php/catalog/9691,https://censusindia.gov.in/nada/index.php/catalog/9691/download/12803,HLPCA-21393-2011_H14_census.xlsx,1484695,1e7d1c1bbb6397fc980c3a56e0dcca960903591be59be1b302dcfa1e25c18e0b,2026-10-01T07:40:35Z,<scratch>/census/option2/hl14/raw/HLPCA-21393-2011_H14_census.xlsx
HL-14 village/town/ward % (the rates),PC11_HL14-21-394,"HL-14: Percentage of households to total households by amenities and assets, Odisha, district Nuapada - 2011",https://censusindia.gov.in/nada/index.php/catalog/9692,https://censusindia.gov.in/nada/index.php/catalog/9692/download/12804,HLPCA-21394-2011_H14_census.xlsx,550569,193bdb87a107e7604b191a1739d1e7acc551ec27de725bee8b53db403dcfe9e6,2026-10-01T07:40:41Z,<scratch>/census/option2/hl14/raw/HLPCA-21394-2011_H14_census.xlsx
HL-14 village/town/ward % (the rates),PC11_HL14-21-395,"HL-14: Percentage of households to total households by amenities and assets, Odisha, district Kalahandi - 2011",https://censusindia.gov.in/nada/index.php/catalog/9693,https://censusindia.gov.in/nada/index.php/catalog/9693/download/12805,HLPCA-21395-2011_H14_census.xlsx,1648452,57ca148022a43374ae6a8532b1c44b560277e78574148fcf25827b0ffe376e37,2026-10-01T07:40:37Z,<scratch>/census/option2/hl14/raw/HLPCA-21395-2011_H14_census.xlsx
HL-14 village/town/ward % (the rates),PC11_HL14-21-396,"HL-14: Percentage of households to total households by amenities and assets, Odisha, district Rayagada - 2011",https://censusindia.gov.in/nada/index.php/catalog/9694,https://censusindia.gov.in/nada/index.php/catalog/9694/download/12806,HLPCA-21396-2011_H14_census.xlsx,1831730,5595b989034a7520e9695153f185e7ec812364ebff5f8c9b9b2b1a2a59cf4e39,2026-10-01T07:40:44Z,<scratch>/census/option2/hl14/raw/HLPCA-21396-2011_H14_census.xlsx
HL-14 village/town/ward % (the rates),PC11_HL14-21-397,"HL-14: Percentage of households to total households by amenities and assets, Odisha, district Nabarangapur - 2011",https://censusindia.gov.in/nada/index.php/catalog/9695,https://censusindia.gov.in/nada/index.php/catalog/9695/download/12807,HLPCA-21397-2011_H14_census.xlsx,754978,3fd38f934fedd3a204e0b972dad90b16333c5c3ba0ca98550fd5222fb92f48f9,2026-10-01T07:40:39Z,<scratch>/census/option2/hl14/raw/HLPCA-21397-2011_H14_census.xlsx
HL-14 village/town/ward % (the rates),PC11_HL14-21-398,"HL-14: Percentage of households to total households by amenities and assets, Odisha, district Koraput - 2011",https://censusindia.gov.in/nada/index.php/catalog/9696,https://censusindia.gov.in/nada/index.php/catalog/9696/download/12808,HLPCA-21398-2011_H14_census.xlsx,1565577,d4e99fd250c0f86c870ea2712e2d66c3c6ac8d59cc354c2e7f6604585cd4eda3,2026-10-01T07:40:48Z,<scratch>/census/option2/hl14/raw/HLPCA-21398-2011_H14_census.xlsx
HL-14 village/town/ward % (the rates),PC11_HL14-21-399,"HL-14: Percentage of households to total households by amenities and assets, Odisha, district Malkangiri - 2011",https://censusindia.gov.in/nada/index.php/catalog/9697,https://censusindia.gov.in/nada/index.php/catalog/9697/download/12809,HLPCA-21399-2011_H14_census.xlsx,769369,3c98de19b087cd5500da49048c2e0fa70fe08989e729be3948f43bc504aed3a0,2026-10-01T07:40:42Z,<scratch>/census/option2/hl14/raw/HLPCA-21399-2011_H14_census.xlsx
HL-14 village/town/ward % (the rates),PC11_HL14-22-400,"HL-14: Percentage of households to total households by amenities and assets, Chhattisgarh, district Koriya - 2011",https://censusindia.gov.in/nada/index.php/catalog/9698,https://censusindia.gov.in/nada/index.php/catalog/9698/download/12810,HLPCA-22400-2011_H14_census.xlsx,603421,35bdaced17a9865df7d67e52665129e296cdedab435362d420631485d37a2357,2026-10-01T07:40:50Z,<scratch>/census/option2/hl14/raw/HLPCA-22400-2011_H14_census.xlsx
HL-14 village/town/ward % (the rates),PC11_HL14-22-401,"HL-14: Percentage of households to total households by amenities and assets, Chhattisgarh, district Surguja - 2011",https://censusindia.gov.in/nada/index.php/catalog/9699,https://censusindia.gov.in/nada/index.php/catalog/9699/download/12811,HLPCA-22401-2011_H14_census.xlsx,1594073,2f82f30127c2ce1f76a3268637bba4f285ed120548f2412394d28330e18f5be8,2026-10-01T07:40:44Z,<scratch>/census/option2/hl14/raw/HLPCA-22401-2011_H14_census.xlsx
HL-14 village/town/ward % (the rates),PC11_HL14-22-402,"HL-14: Percentage of households to total households by amenities and assets, Chhattisgarh, district Jashpur - 2011",https://censusindia.gov.in/nada/index.php/catalog/9700,https://censusindia.gov.in/nada/index.php/catalog/9700/download/12812,HLPCA-22402-2011_H14_census.xlsx,646500,c014b01aa4c9d847aec2c2db202d89c4c9957d2ed23cb0cac627d2bf29e46f1c,2026-10-01T07:40:52Z,<scratch>/census/option2/hl14/raw/HLPCA-22402-2011_H14_census.xlsx
HL-14 village/town/ward % (the rates),PC11_HL14-22-403,"HL-14: Percentage of households to total households by amenities and assets, Chhattisgarh, district Raigarh - 2011",https://censusindia.gov.in/nada/index.php/catalog/9701,https://censusindia.gov.in/nada/index.php/catalog/9701/download/12813,HLPCA-22403-2011_H14_census.xlsx,1285837,1ef411554a7c9f2c64f0fb0a0992bd06cc05ee041b4f2174c51d86ab27b23b27,2026-10-01T07:40:48Z,<scratch>/census/option2/hl14/raw/HLPCA-22403-2011_H14_census.xlsx
HL-14 village/town/ward % (the rates),PC11_HL14-22-404,"HL-14: Percentage of households to total households by amenities and assets, Chhattisgarh, district Korba - 2011",https://censusindia.gov.in/nada/index.php/catalog/9702,https://censusindia.gov.in/nada/index.php/catalog/9702/download/12814,HLPCA-22404-2011_H14_census.xlsx,669707,6a3998b4d10a699630c3f2d05eb75d0f86ad074273c7839522052bf299e8e524,2026-10-01T07:40:55Z,<scratch>/census/option2/hl14/raw/HLPCA-22404-2011_H14_census.xlsx
HL-14 village/town/ward % (the rates),PC11_HL14-22-405,"HL-14: Percentage of households to total households by amenities and assets, Chhattisgarh, district Janjgir - Champa - 2011",https://censusindia.gov.in/nada/index.php/catalog/9703,https://censusindia.gov.in/nada/index.php/catalog/9703/download/12815,HLPCA-22405-2011_H14_census.xlsx,955495,3042f56fc82176166e5a21ce4d4ca968a7fc0e1f2d6d348b7b218d572db48a33,2026-10-01T07:40:50Z,<scratch>/census/option2/hl14/raw/HLPCA-22405-2011_H14_census.xlsx
HL-14 village/town/ward % (the rates),PC11_HL14-22-406,"HL-14: Percentage of households to total households by amenities and assets, Chhattisgarh, district Bilaspur - 2011",https://censusindia.gov.in/nada/index.php/catalog/9704,https://censusindia.gov.in/nada/index.php/catalog/9704/download/12816,HLPCA-22406-2011_H14_census.xlsx,1548973,3dd2d36912007f3ff5d3b83943b22ddbc37b2bc770f06552a2da92a37230105b,2026-10-01T07:40:57Z,<scratch>/census/option2/hl14/raw/HLPCA-22406-2011_H14_census.xlsx
HL-14 village/town/ward % (the rates),PC11_HL14-22-407,"HL-14: Percentage of households to total households by amenities and assets, Chhattisgarh, district Kabeerdham - 2011",https://censusindia.gov.in/nada/index.php/catalog/9705,https://censusindia.gov.in/nada/index.php/catalog/9705/download/12817,HLPCA-22407-2011_H14_census.xlsx,824082,7f0022ab4662d93f0a02e1b16b3c976266408b20062eacb5e818f7703e0c7c6e,2026-10-01T07:40:52Z,<scratch>/census/option2/hl14/raw/HLPCA-22407-2011_H14_census.xlsx
HL-14 village/town/ward % (the rates),PC11_HL14-22-408,"HL-14: Percentage of households to total households by amenities and assets, Chhattisgarh, district Rajnandgaon - 2011",https://censusindia.gov.in/nada/index.php/catalog/9706,https://censusindia.gov.in/nada/index.php/catalog/9706/download/12818,HLPCA-22408-2011_H14_census.xlsx,1385099,9827ed78b4c83da39cc51dff6ff0583dffe7f7d36a3a03ce786453b8d7aa9693,2026-10-01T07:40:59Z,<scratch>/census/option2/hl14/raw/HLPCA-22408-2011_H14_census.xlsx
HL-14 village/town/ward % (the rates),PC11_HL14-22-409,"HL-14: Percentage of households to total households by amenities and assets, Chhattisgarh, district Durg - 2011",https://censusindia.gov.in/nada/index.php/catalog/9707,https://censusindia.gov.in/nada/index.php/catalog/9707/download/12819,HLPCA-22409-2011_H14_census.xlsx,1925562,2786a75b32e888d8106a2aad5082b264be4206886d783cc71d5bdf56dfc8a029,2026-10-01T07:40:55Z,<scratch>/census/option2/hl14/raw/HLPCA-22409-2011_H14_census.xlsx
HL-14 village/town/ward % (the rates),PC11_HL14-22-410,"HL-14: Percentage of households to total households by amenities and assets, Chhattisgarh, district Raipur - 2011",https://censusindia.gov.in/nada/index.php/catalog/9708,https://censusindia.gov.in/nada/index.php/catalog/9708/download/12820,HLPCA-22410-2011_H14_census.xlsx,2109376,ae3fa22b9c3d72ef39a2bd4e10b874faf088d0c16844947323b90c9a14246867,2026-10-01T07:41:02Z,<scratch>/census/option2/hl14/raw/HLPCA-22410-2011_H14_census.xlsx
HL-14 village/town/ward % (the rates),PC11_HL14-22-411,"HL-14: Percentage of households to total households by amenities and assets, Chhattisgarh, district Mahasamund - 2011",https://censusindia.gov.in/nada/index.php/catalog/9709,https://censusindia.gov.in/nada/index.php/catalog/9709/download/12821,HLPCA-22411-2011_H14_census.xlsx,977104,19205f9831d16d4c32693e3eea828f44ebeee0ef63a1da988ef508b05f773b84,2026-10-01T07:40:57Z,<scratch>/census/option2/hl14/raw/HLPCA-22411-2011_H14_census.xlsx
HL-14 village/town/ward % (the rates),PC11_HL14-22-412,"HL-14: Percentage of households to total households by amenities and assets, Chhattisgarh, district Dhamtari - 2011",https://censusindia.gov.in/nada/index.php/catalog/9710,https://censusindia.gov.in/nada/index.php/catalog/9710/download/12822,HLPCA-22412-2011_H14_census.xlsx,600904,e202f3e30aa392f82b4a0c34b03159d2376fa86984c141b6c4d6770a76836780,2026-10-01T07:41:04Z,<scratch>/census/option2/hl14/raw/HLPCA-22412-2011_H14_census.xlsx
HL-14 village/town/ward % (the rates),PC11_HL14-22-413,"HL-14: Percentage of households to total households by amenities and assets, Chhattisgarh, district Uttar Bastar Kanker - 2011",https://censusindia.gov.in/nada/index.php/catalog/9711,https://censusindia.gov.in/nada/index.php/catalog/9711/download/12823,HLPCA-22413-2011_H14_census.xlsx,872387,5cfb34d515f36f90d8d9f735c7f1e493081b546484e43b4888396247e0e2de05,2026-10-01T07:40:59Z,<scratch>/census/option2/hl14/raw/HLPCA-22413-2011_H14_census.xlsx
HL-14 village/town/ward % (the rates),PC11_HL14-22-414,"HL-14: Percentage of households to total households by amenities and assets, Chhattisgarh, district Bastar - 2011",https://censusindia.gov.in/nada/index.php/catalog/9712,https://censusindia.gov.in/nada/index.php/catalog/9712/download/12824,HLPCA-22414-2011_H14_census.xlsx,982590,b75976fedd21aab2caeba42a2f93a16db294353f15ebabf75d92aa7a0d3a819f,2026-10-01T07:41:06Z,<scratch>/census/option2/hl14/raw/HLPCA-22414-2011_H14_census.xlsx
HL-14 village/town/ward % (the rates),PC11_HL14-22-415,"HL-14: Percentage of households to total households by amenities and assets, Chhattisgarh, district Narayanpur - 2011",https://censusindia.gov.in/nada/index.php/catalog/9713,https://censusindia.gov.in/nada/index.php/catalog/9713/download/12825,HLPCA-22415-2011_H14_census.xlsx,275861,599ff0d74dd6019596c909afd9d6381a75619afc2cb5ab2d4cb77fb854ea078a,2026-10-01T07:41:01Z,<scratch>/census/option2/hl14/raw/HLPCA-22415-2011_H14_census.xlsx
HL-14 village/town/ward % (the rates),PC11_HL14-22-416,"HL-14: Percentage of households to total households by amenities and assets, Chhattisgarh, district Dakshin Bastar Dantewada - 2011",https://censusindia.gov.in/nada/index.php/catalog/9714,https://censusindia.gov.in/nada/index.php/catalog/9714/download/12826,HLPCA-22416-2011_H14_census.xlsx,502751,6454a5d89aa2f79ded0de66d98721e292159b4a0d51add90472d9df77b384928,2026-10-01T07:41:09Z,<scratch>/census/option2/hl14/raw/HLPCA-22416-2011_H14_census.xlsx
HL-14 village/town/ward % (the rates),PC11_HL14-22-417,"HL-14: Percentage of households to total households by amenities and assets, Chhattisgarh, district Bijapur - 2011",https://censusindia.gov.in/nada/index.php/catalog/9715,https://censusindia.gov.in/nada/index.php/catalog/9715/download/12827,HLPCA-22417-2011_H14_census.xlsx,397697,e96376d4bc3cea702d772fcd4c8b95eabf758d0e84c519637e442e6100c69135,2026-10-01T07:41:03Z,<scratch>/census/option2/hl14/raw/HLPCA-22417-2011_H14_census.xlsx
HL-14 village/town/ward % (the rates),PC11_HL14-23-418,"HL-14: Percentage of households to total households by amenities and assets, Madhya Pradesh, district Sheopur - 2011",https://censusindia.gov.in/nada/index.php/catalog/9716,https://censusindia.gov.in/nada/index.php/catalog/9716/download/12828,HLPCA-23418-2011_H14_census.xlsx,462257,3ee06a7af8d74bae0b7f1c7eb09a41b42bd95eda338a0ce3effb4f1945068221,2026-10-01T07:41:11Z,<scratch>/census/option2/hl14/raw/HLPCA-23418-2011_H14_census.xlsx
HL-14 village/town/ward % (the rates),PC11_HL14-23-419,"HL-14: Percentage of households to total households by amenities and assets, Madhya Pradesh, district Morena - 2011",https://censusindia.gov.in/nada/index.php/catalog/9717,https://censusindia.gov.in/nada/index.php/catalog/9717/download/12829,HLPCA-23419-2011_H14_census.xlsx,774974,3277cd271dc213e8d93849788a57d7522819eda1d19bb0ee698dbdb688f5b6fe,2026-10-01T07:41:06Z,<scratch>/census/option2/hl14/raw/HLPCA-23419-2011_H14_census.xlsx
HL-14 village/town/ward % (the rates),PC11_HL14-23-420,"HL-14: Percentage of households to total households by amenities and assets, Madhya Pradesh, district Bhind - 2011",https://censusindia.gov.in/nada/index.php/catalog/9718,https://censusindia.gov.in/nada/index.php/catalog/9718/download/12830,HLPCA-23420-2011_H14_census.xlsx,897563,7a5f5c00e443db335a2581568e0be7dcd727f2e48d1c8905c4024ff4743c92d0,2026-10-01T07:41:13Z,<scratch>/census/option2/hl14/raw/HLPCA-23420-2011_H14_census.xlsx
HL-14 village/town/ward % (the rates),PC11_HL14-23-421,"HL-14: Percentage of households to total households by amenities and assets, Madhya Pradesh, district Gwalior - 2011",https://censusindia.gov.in/nada/index.php/catalog/9719,https://censusindia.gov.in/nada/index.php/catalog/9719/download/12831,HLPCA-23421-2011_H14_census.xlsx,646272,49b25dd6a36481948a307b7b7330040c92538c3fc9377c02379683bcbdd9f171,2026-10-01T07:41:09Z,<scratch>/census/option2/hl14/raw/HLPCA-23421-2011_H14_census.xlsx
HL-14 village/town/ward % (the rates),PC11_HL14-23-422,"HL-14: Percentage of households to total households by amenities and assets, Madhya Pradesh, district Datia - 2011",https://censusindia.gov.in/nada/index.php/catalog/9720,https://censusindia.gov.in/nada/index.php/catalog/9720/download/12832,HLPCA-23422-2011_H14_census.xlsx,564290,1b2a6f9772b840357a5ccbf08b973805a102b6d4d796973b9418ff12d6d0d2b4,2026-10-01T07:41:16Z,<scratch>/census/option2/hl14/raw/HLPCA-23422-2011_H14_census.xlsx
HL-14 village/town/ward % (the rates),PC11_HL14-23-423,"HL-14: Percentage of households to total households by amenities and assets, Madhya Pradesh, district Shivpuri - 2011",https://censusindia.gov.in/nada/index.php/catalog/9721,https://censusindia.gov.in/nada/index.php/catalog/9721/download/12833,HLPCA-23423-2011_H14_census.xlsx,1151202,fc317f1ac3757064162e8ebb888e3728a7a65ce95f0217ef3b8ba1f9c5486fdf,2026-10-01T07:41:11Z,<scratch>/census/option2/hl14/raw/HLPCA-23423-2011_H14_census.xlsx
HL-14 village/town/ward % (the rates),PC11_HL14-23-424,"HL-14: Percentage of households to total households by amenities and assets, Madhya Pradesh, district Tikamgarh - 2011",https://censusindia.gov.in/nada/index.php/catalog/9722,https://censusindia.gov.in/nada/index.php/catalog/9722/download/12834,HLPCA-23424-2011_H14_census.xlsx,896324,ffd56ee38b63e9d16d2b8e41bb15cc7b027e9bfdb8212d747eb6b234edf90847,2026-10-01T07:41:18Z,<scratch>/census/option2/hl14/raw/HLPCA-23424-2011_H14_census.xlsx
HL-14 village/town/ward % (the rates),PC11_HL14-23-425,"HL-14: Percentage of households to total households by amenities and assets, Madhya Pradesh, district Chhatarpur - 2011",https://censusindia.gov.in/nada/index.php/catalog/9723,https://censusindia.gov.in/nada/index.php/catalog/9723/download/12835,HLPCA-23425-2011_H14_census.xlsx,1107668,9133edf9d6c2fabdb8113b49baab8ae2ed4ba2f32abfcfd3961712aca3cb8e87,2026-10-01T07:41:14Z,<scratch>/census/option2/hl14/raw/HLPCA-23425-2011_H14_census.xlsx
HL-14 village/town/ward % (the rates),PC11_HL14-23-426,"HL-14: Percentage of households to total households by amenities and assets, Madhya Pradesh, district Panna - 2011",https://censusindia.gov.in/nada/index.php/catalog/9724,https://censusindia.gov.in/nada/index.php/catalog/9724/download/12836,HLPCA-23426-2011_H14_census.xlsx,829257,9a1141255746c12a7403093d4f14bf37be5c36490c82f2e8bbcb51a16a50952e,2026-10-01T07:41:21Z,<scratch>/census/option2/hl14/raw/HLPCA-23426-2011_H14_census.xlsx
HL-14 village/town/ward % (the rates),PC11_HL14-23-427,"HL-14: Percentage of households to total households by amenities and assets, Madhya Pradesh, district Sagar - 2011",https://censusindia.gov.in/nada/index.php/catalog/9725,https://censusindia.gov.in/nada/index.php/catalog/9725/download/12837,HLPCA-23427-2011_H14_census.xlsx,1714148,76d6a5a2563b2f1f0973dcd45ecd5dc5760658d11f9cab90566943ace210ce9d,2026-10-01T07:41:17Z,<scratch>/census/option2/hl14/raw/HLPCA-23427-2011_H14_census.xlsx
HL-14 village/town/ward % (the rates),PC11_HL14-23-428,"HL-14: Percentage of households to total households by amenities and assets, Madhya Pradesh, district Damoh - 2011",https://censusindia.gov.in/nada/index.php/catalog/9726,https://censusindia.gov.in/nada/index.php/catalog/9726/download/12838,HLPCA-23428-2011_H14_census.xlsx,1017986,4ace3e6fec814d65077f58f6ebdbd8d596b426e722b5dab66eefc56227ec516c,2026-10-01T07:41:23Z,<scratch>/census/option2/hl14/raw/HLPCA-23428-2011_H14_census.xlsx
HL-14 village/town/ward % (the rates),PC11_HL14-23-429,"HL-14: Percentage of households to total households by amenities and assets, Madhya Pradesh, district Satna - 2011",https://censusindia.gov.in/nada/index.php/catalog/9727,https://censusindia.gov.in/nada/index.php/catalog/9727/download/12839,HLPCA-23429-2011_H14_census.xlsx,1599105,210470aff026e4538e8c3e65d332bd1a9e44c87e8970d64261ab72ee62814e58,2026-10-01T07:41:20Z,<scratch>/census/option2/hl14/raw/HLPCA-23429-2011_H14_census.xlsx
HL-14 village/town/ward % (the rates),PC11_HL14-23-430,"HL-14: Percentage of households to total households by amenities and assets, Madhya Pradesh, district Rewa - 2011",https://censusindia.gov.in/nada/index.php/catalog/9728,https://censusindia.gov.in/nada/index.php/catalog/9728/download/12840,HLPCA-23430-2011_H14_census.xlsx,2060828,1080c380bfd3162cbbf35a05bbcac186263ee9b12eee374974192de44fb9a47c,2026-10-01T07:41:26Z,<scratch>/census/option2/hl14/raw/HLPCA-23430-2011_H14_census.xlsx
HL-14 village/town/ward % (the rates),PC11_HL14-23-431,"HL-14: Percentage of households to total households by amenities and assets, Madhya Pradesh, district Umaria - 2011",https://censusindia.gov.in/nada/index.php/catalog/9729,https://censusindia.gov.in/nada/index.php/catalog/9729/download/12841,HLPCA-23431-2011_H14_census.xlsx,525803,539331d7a8c1d1b229441bad8033b963067e1d2f3c7ee201595535c2091f258d,2026-10-01T07:41:22Z,<scratch>/census/option2/hl14/raw/HLPCA-23431-2011_H14_census.xlsx
HL-14 village/town/ward % (the rates),PC11_HL14-23-432,"HL-14: Percentage of households to total households by amenities and assets, Madhya Pradesh, district Neemuch - 2011",https://censusindia.gov.in/nada/index.php/catalog/9730,https://censusindia.gov.in/nada/index.php/catalog/9730/download/12842,HLPCA-23432-2011_H14_census.xlsx,681685,840c79f7d05d15857803a4a0280483fde904dbb76fe4b7bbc794c672c51ae2df,2026-10-01T07:41:29Z,<scratch>/census/option2/hl14/raw/HLPCA-23432-2011_H14_census.xlsx
HL-14 village/town/ward % (the rates),PC11_HL14-23-433,"HL-14: Percentage of households to total households by amenities and assets, Madhya Pradesh, district Mandsaur - 2011",https://censusindia.gov.in/nada/index.php/catalog/9731,https://censusindia.gov.in/nada/index.php/catalog/9731/download/12843,HLPCA-23433-2011_H14_census.xlsx,903835,adc6c207c40f34c9ea6176c5d242714cd744be182d9ea1b0e67e55628ddaaa57,2026-10-01T07:41:25Z,<scratch>/census/option2/hl14/raw/HLPCA-23433-2011_H14_census.xlsx
HL-14 village/town/ward % (the rates),PC11_HL14-23-434,"HL-14: Percentage of households to total households by amenities and assets, Madhya Pradesh, district Ratlam - 2011",https://censusindia.gov.in/nada/index.php/catalog/9732,https://censusindia.gov.in/nada/index.php/catalog/9732/download/12844,HLPCA-23434-2011_H14_census.xlsx,997355,9185ca80646970012c0cb57aa38ee293a3189c7847da5b87dffd027f1daf7fb5,2026-10-01T07:41:32Z,<scratch>/census/option2/hl14/raw/HLPCA-23434-2011_H14_census.xlsx
HL-14 village/town/ward % (the rates),PC11_HL14-23-435,"HL-14: Percentage of households to total households by amenities and assets, Madhya Pradesh, district Ujjain - 2011",https://censusindia.gov.in/nada/index.php/catalog/9733,https://censusindia.gov.in/nada/index.php/catalog/9733/download/12845,HLPCA-23435-2011_H14_census.xlsx,1078053,f1999f6a39b3546586d1b911a2eafa8ed17fb567e6a695089988c6c8db1a60aa,2026-10-01T07:41:27Z,<scratch>/census/option2/hl14/raw/HLPCA-23435-2011_H14_census.xlsx
HL-14 village/town/ward % (the rates),PC11_HL14-23-436,"HL-14: Percentage of households to total households by amenities and assets, Madhya Pradesh, district Shajapur - 2011",https://censusindia.gov.in/nada/index.php/catalog/9734,https://censusindia.gov.in/nada/index.php/catalog/9734/download/12846,HLPCA-23436-2011_H14_census.xlsx,1059622,5dd7a83c1171907055f8e7e9b463a0c53c3a0a983023ba14477dee09d675ca8e,2026-10-01T07:41:34Z,<scratch>/census/option2/hl14/raw/HLPCA-23436-2011_H14_census.xlsx
HL-14 village/town/ward % (the rates),PC11_HL14-23-437,"HL-14: Percentage of households to total households by amenities and assets, Madhya Pradesh, district Dewas - 2011",https://censusindia.gov.in/nada/index.php/catalog/9735,https://censusindia.gov.in/nada/index.php/catalog/9735/download/12847,HLPCA-23437-2011_H14_census.xlsx,1073724,a52b7b100989405480ed8215dbd5004ec6954524e52ef6aa894acbfdd618ae40,2026-10-01T07:41:30Z,<scratch>/census/option2/hl14/raw/HLPCA-23437-2011_H14_census.xlsx
HL-14 village/town/ward % (the rates),PC11_HL14-23-438,"HL-14: Percentage of households to total households by amenities and assets, Madhya Pradesh, district Dhar - 2011",https://censusindia.gov.in/nada/index.php/catalog/9736,https://censusindia.gov.in/nada/index.php/catalog/9736/download/12848,HLPCA-23438-2011_H14_census.xlsx,1356385,4422d428ec55a761ad8a5f0b9a139a1f1bfabadf0067d76c035b0a6e49df3edf,2026-10-01T07:41:37Z,<scratch>/census/option2/hl14/raw/HLPCA-23438-2011_H14_census.xlsx
HL-14 village/town/ward % (the rates),PC11_HL14-23-439,"HL-14: Percentage of households to total households by amenities and assets, Madhya Pradesh, district Indore - 2011",https://censusindia.gov.in/nada/index.php/catalog/9737,https://censusindia.gov.in/nada/index.php/catalog/9737/download/12849,HLPCA-23439-2011_H14_census.xlsx,720997,fddfc649baa2431382427abf3503490c9531b3ba8e169ab59369109c7ed92cc3,2026-10-01T07:41:33Z,<scratch>/census/option2/hl14/raw/HLPCA-23439-2011_H14_census.xlsx
HL-14 village/town/ward % (the rates),PC11_HL14-23-440,"HL-14: Percentage of households to total households by amenities and assets, Madhya Pradesh, district Khargone (West Nimar) - 2011",https://censusindia.gov.in/nada/index.php/catalog/9738,https://censusindia.gov.in/nada/index.php/catalog/9738/download/12850,HLPCA-23440-2011_H14_census.xlsx,1098924,17b16dc2e8ede33089384b70512bce88cb0689c15a1667aae07ed44118d98a5c,2026-10-01T07:41:39Z,<scratch>/census/option2/hl14/raw/HLPCA-23440-2011_H14_census.xlsx
HL-14 village/town/ward % (the rates),PC11_HL14-23-441,"HL-14: Percentage of households to total households by amenities and assets, Madhya Pradesh, district Barwani - 2011",https://censusindia.gov.in/nada/index.php/catalog/9739,https://censusindia.gov.in/nada/index.php/catalog/9739/download/12851,HLPCA-23441-2011_H14_census.xlsx,682520,f055c7ad917c50f0a42b07aaea68e99586c0b9ac60ba2920df3465d04dd3c75c,2026-10-01T07:41:35Z,<scratch>/census/option2/hl14/raw/HLPCA-23441-2011_H14_census.xlsx
HL-14 village/town/ward % (the rates),PC11_HL14-23-442,"HL-14: Percentage of households to total households by amenities and assets, Madhya Pradesh, district Rajgarh - 2011",https://censusindia.gov.in/nada/index.php/catalog/9740,https://censusindia.gov.in/nada/index.php/catalog/9740/download/12852,HLPCA-23442-2011_H14_census.xlsx,1483178,2800b4826794dda41719bbc16e1ab442410e841298376a6b431e77fbf5e5829d,2026-10-01T07:41:42Z,<scratch>/census/option2/hl14/raw/HLPCA-23442-2011_H14_census.xlsx
HL-14 village/town/ward % (the rates),PC11_HL14-23-443,"HL-14: Percentage of households to total households by amenities and assets, Madhya Pradesh, district Vidisha - 2011",https://censusindia.gov.in/nada/index.php/catalog/9741,https://censusindia.gov.in/nada/index.php/catalog/9741/download/12853,HLPCA-23443-2011_H14_census.xlsx,1322352,68f63e059720b23a3256671775e5d99c35304cbc88d23255dfb6d037db2b8a1c,2026-10-01T07:41:38Z,<scratch>/census/option2/hl14/raw/HLPCA-23443-2011_H14_census.xlsx
HL-14 village/town/ward % (the rates),PC11_HL14-23-444,"HL-14: Percentage of households to total households by amenities and assets, Madhya Pradesh, district Bhopal - 2011",https://censusindia.gov.in/nada/index.php/catalog/9742,https://censusindia.gov.in/nada/index.php/catalog/9742/download/12854,HLPCA-23444-2011_H14_census.xlsx,495032,8bdca8b352ec28759093ac685a61110caacd38590f31a24c848e26a91a6e34b8,2026-10-01T07:41:44Z,<scratch>/census/option2/hl14/raw/HLPCA-23444-2011_H14_census.xlsx
HL-14 village/town/ward % (the rates),PC11_HL14-23-445,"HL-14: Percentage of households to total households by amenities and assets, Madhya Pradesh, district Sehore - 2011",https://censusindia.gov.in/nada/index.php/catalog/9743,https://censusindia.gov.in/nada/index.php/catalog/9743/download/12855,HLPCA-23445-2011_H14_census.xlsx,966595,09aa22aeb1f2cfe9daee5647ec41d3c82de06b75b223229ddc5ae0bf1c883a79,2026-10-01T07:41:40Z,<scratch>/census/option2/hl14/raw/HLPCA-23445-2011_H14_census.xlsx
HL-14 village/town/ward % (the rates),PC11_HL14-23-446,"HL-14: Percentage of households to total households by amenities and assets, Madhya Pradesh, district Raisen - 2011",https://censusindia.gov.in/nada/index.php/catalog/9744,https://censusindia.gov.in/nada/index.php/catalog/9744/download/12856,HLPCA-23446-2011_H14_census.xlsx,1273737,f0e8e1f4d8da36c707b8e42995aafe0f19dd0d1918842d3a181300dc5260a9fd,2026-10-01T07:41:46Z,<scratch>/census/option2/hl14/raw/HLPCA-23446-2011_H14_census.xlsx
HL-14 village/town/ward % (the rates),PC11_HL14-23-447,"HL-14: Percentage of households to total households by amenities and assets, Madhya Pradesh, district Betul - 2011",https://censusindia.gov.in/nada/index.php/catalog/9745,https://censusindia.gov.in/nada/index.php/catalog/9745/download/12857,HLPCA-23447-2011_H14_census.xlsx,1220599,40424cacbcc656962ba4880379a96b5455cc23cb0c74b89c40fb0cf3f7165a91,2026-10-01T07:41:43Z,<scratch>/census/option2/hl14/raw/HLPCA-23447-2011_H14_census.xlsx
HL-14 village/town/ward % (the rates),PC11_HL14-23-448,"HL-14: Percentage of households to total households by amenities and assets, Madhya Pradesh, district Harda - 2011",https://censusindia.gov.in/nada/index.php/catalog/9746,https://censusindia.gov.in/nada/index.php/catalog/9746/download/12858,HLPCA-23448-2011_H14_census.xlsx,475769,5d4ac77dca6e2749752df1cabe4ce0d1b4f3c4651e12ffaa9bbee3085eeca07e,2026-10-01T07:41:48Z,<scratch>/census/option2/hl14/raw/HLPCA-23448-2011_H14_census.xlsx
HL-14 village/town/ward % (the rates),PC11_HL14-23-449,"HL-14: Percentage of households to total households by amenities and assets, Madhya Pradesh, district Hoshangabad - 2011",https://censusindia.gov.in/nada/index.php/catalog/9747,https://censusindia.gov.in/nada/index.php/catalog/9747/download/12859,HLPCA-23449-2011_H14_census.xlsx,886061,ea08e99e9385b03f5deb1bb17871887d21b0683fefd259d5660747647f2c8886,2026-10-01T07:41:45Z,<scratch>/census/option2/hl14/raw/HLPCA-23449-2011_H14_census.xlsx
HL-14 village/town/ward % (the rates),PC11_HL14-23-450,"HL-14: Percentage of households to total households by amenities and assets, Madhya Pradesh, district Katni - 2011",https://censusindia.gov.in/nada/index.php/catalog/9748,https://censusindia.gov.in/nada/index.php/catalog/9748/download/12860,HLPCA-23450-2011_H14_census.xlsx,794079,96c5681bbc49e0d6b949aa3ad2a34c763fed49ff805dacb5dabd8ccb60829f8d,2026-10-01T07:41:50Z,<scratch>/census/option2/hl14/raw/HLPCA-23450-2011_H14_census.xlsx
HL-14 village/town/ward % (the rates),PC11_HL14-23-451,"HL-14: Percentage of households to total households by amenities and assets, Madhya Pradesh, district Jabalpur - 2011",https://censusindia.gov.in/nada/index.php/catalog/9749,https://censusindia.gov.in/nada/index.php/catalog/9749/download/12861,HLPCA-23451-2011_H14_census.xlsx,1290388,aca5b493b6b88de95ca337abc70038b0a9ffea8f09ec0fa6f2a7b285c6d4f443,2026-10-01T07:41:48Z,<scratch>/census/option2/hl14/raw/HLPCA-23451-2011_H14_census.xlsx
HL-14 village/town/ward % (the rates),PC11_HL14-23-452,"HL-14: Percentage of households to total households by amenities and assets, Madhya Pradesh, district Narsimhapur - 2011",https://censusindia.gov.in/nada/index.php/catalog/9750,https://censusindia.gov.in/nada/index.php/catalog/9750/download/12862,HLPCA-23452-2011_H14_census.xlsx,921450,31c4cd5e1a6bb1d6e7dfe48ba0929f52a5c06cf9e116bb550ee1d211c045c6d5,2026-10-01T07:41:52Z,<scratch>/census/option2/hl14/raw/HLPCA-23452-2011_H14_census.xlsx
HL-14 village/town/ward % (the rates),PC11_HL14-23-453,"HL-14: Percentage of households to total households by amenities and assets, Madhya Pradesh, district Dindori - 2011",https://censusindia.gov.in/nada/index.php/catalog/9751,https://censusindia.gov.in/nada/index.php/catalog/9751/download/12863,HLPCA-23453-2011_H14_census.xlsx,700117,22103b22c76448f7a9930e17e2e2700ab91584d6251a541029cd11ba3258cacf,2026-10-01T07:41:50Z,<scratch>/census/option2/hl14/raw/HLPCA-23453-2011_H14_census.xlsx
HL-14 village/town/ward % (the rates),PC11_HL14-23-454,"HL-14: Percentage of households to total households by amenities and assets, Madhya Pradesh, district Mandla - 2011",https://censusindia.gov.in/nada/index.php/catalog/9752,https://censusindia.gov.in/nada/index.php/catalog/9752/download/12864,HLPCA-23454-2011_H14_census.xlsx,997793,14f3c493561d6ad3004b09b5c2dd5f001cf24d1de4e6022cb6d1f4ccc73cc49f,2026-10-01T07:41:54Z,<scratch>/census/option2/hl14/raw/HLPCA-23454-2011_H14_census.xlsx
HL-14 village/town/ward % (the rates),PC11_HL14-23-455,"HL-14: Percentage of households to total households by amenities and assets, Madhya Pradesh, district Chhindwara - 2011",https://censusindia.gov.in/nada/index.php/catalog/9753,https://censusindia.gov.in/nada/index.php/catalog/9753/download/12865,HLPCA-23455-2011_H14_census.xlsx,1766671,587cb00d074800bd21d80f0e98c097cc951c3a1d997fa540a45baec35d55372e,2026-10-01T07:41:53Z,<scratch>/census/option2/hl14/raw/HLPCA-23455-2011_H14_census.xlsx
HL-14 village/town/ward % (the rates),PC11_HL14-23-456,"HL-14: Percentage of households to total households by amenities and assets, Madhya Pradesh, district Seoni - 2011",https://censusindia.gov.in/nada/index.php/catalog/9754,https://censusindia.gov.in/nada/index.php/catalog/9754/download/12866,HLPCA-23456-2011_H14_census.xlsx,1286858,7d29a8d2d1ff943f75820bb59f1f17d76c0135c5ae80254f4b6803f733045b0b,2026-10-01T07:41:57Z,<scratch>/census/option2/hl14/raw/HLPCA-23456-2011_H14_census.xlsx
HL-14 village/town/ward % (the rates),PC11_HL14-23-457,"HL-14: Percentage of households to total households by amenities and assets, Madhya Pradesh, district Balaghat - 2011",https://censusindia.gov.in/nada/index.php/catalog/9755,https://censusindia.gov.in/nada/index.php/catalog/9755/download/12867,HLPCA-23457-2011_H14_census.xlsx,1128297,9c0a028cf96e36fbfd2ce7cbf88a868347c88e5e24307889906bf9b84dee4c88,2026-10-01T07:41:55Z,<scratch>/census/option2/hl14/raw/HLPCA-23457-2011_H14_census.xlsx
HL-14 village/town/ward % (the rates),PC11_HL14-23-458,"HL-14: Percentage of households to total households by amenities and assets, Madhya Pradesh, district Guna - 2011",https://censusindia.gov.in/nada/index.php/catalog/9756,https://censusindia.gov.in/nada/index.php/catalog/9756/download/12868,HLPCA-23458-2011_H14_census.xlsx,1061011,80c163606c34689025f7cac553b0470c6ae823ebaefcbc2da3cab65ab587aba6,2026-10-01T07:41:59Z,<scratch>/census/option2/hl14/raw/HLPCA-23458-2011_H14_census.xlsx
HL-14 village/town/ward % (the rates),PC11_HL14-23-459,"HL-14: Percentage of households to total households by amenities and assets, Madhya Pradesh, district Ashoknagar - 2011",https://censusindia.gov.in/nada/index.php/catalog/9757,https://censusindia.gov.in/nada/index.php/catalog/9757/download/12869,HLPCA-23459-2011_H14_census.xlsx,709689,44244b8dfe4e17301e6480a71ccbfae7994ad4d9fa0a0710e9bdd7c69a706012,2026-10-01T07:41:57Z,<scratch>/census/option2/hl14/raw/HLPCA-23459-2011_H14_census.xlsx
HL-14 village/town/ward % (the rates),PC11_HL14-23-460,"HL-14: Percentage of households to total households by amenities and assets, Madhya Pradesh, district Shahdol - 2011",https://censusindia.gov.in/nada/index.php/catalog/9758,https://censusindia.gov.in/nada/index.php/catalog/9758/download/12870,HLPCA-23460-2011_H14_census.xlsx,746220,b3371f43381ac96152f196f3a7be32033984f81b3fd6e1cc14da905cc620a335,2026-10-01T07:42:01Z,<scratch>/census/option2/hl14/raw/HLPCA-23460-2011_H14_census.xlsx
HL-14 village/town/ward % (the rates),PC11_HL14-23-461,"HL-14: Percentage of households to total households by amenities and assets, Madhya Pradesh, district Anuppur - 2011",https://censusindia.gov.in/nada/index.php/catalog/9759,https://censusindia.gov.in/nada/index.php/catalog/9759/download/12871,HLPCA-23461-2011_H14_census.xlsx,544340,426f94982ada4a27f3e84d9e0d98d245b34c5600c4dfe41cbdc4ef9e8b34dd90,2026-10-01T07:41:59Z,<scratch>/census/option2/hl14/raw/HLPCA-23461-2011_H14_census.xlsx
HL-14 village/town/ward % (the rates),PC11_HL14-23-462,"HL-14: Percentage of households to total households by amenities and assets, Madhya Pradesh, district Sidhi - 2011",https://censusindia.gov.in/nada/index.php/catalog/9760,https://censusindia.gov.in/nada/index.php/catalog/9760/download/12872,HLPCA-23462-2011_H14_census.xlsx,846276,b16d063756a7a581f901adc5a4be7733af3c2649d813ae293b8b6d0fb0afab14,2026-10-01T07:42:03Z,<scratch>/census/option2/hl14/raw/HLPCA-23462-2011_H14_census.xlsx
HL-14 village/town/ward % (the rates),PC11_HL14-23-463,"HL-14: Percentage of households to total households by amenities and assets, Madhya Pradesh, district Singrauli - 2011",https://censusindia.gov.in/nada/index.php/catalog/9761,https://censusindia.gov.in/nada/index.php/catalog/9761/download/12873,HLPCA-23463-2011_H14_census.xlsx,604396,91c53a728ec6410eb132a3c83b331912ee184718d8ebda5e94260a9fc7c34f16,2026-10-01T07:42:01Z,<scratch>/census/option2/hl14/raw/HLPCA-23463-2011_H14_census.xlsx
HL-14 village/town/ward % (the rates),PC11_HL14-23-464,"HL-14: Percentage of households to total households by amenities and assets, Madhya Pradesh, district Jhabua - 2011",https://censusindia.gov.in/nada/index.php/catalog/9762,https://censusindia.gov.in/nada/index.php/catalog/9762/download/12874,HLPCA-23464-2011_H14_census.xlsx,676415,13b760ca486e2b6a20d3867d3dc2b3da29e2a6132c2a2c37f73643033b3c7193,2026-10-01T07:42:06Z,<scratch>/census/option2/hl14/raw/HLPCA-23464-2011_H14_census.xlsx
HL-14 village/town/ward % (the rates),PC11_HL14-23-465,"HL-14: Percentage of households to total households by amenities and assets, Madhya Pradesh, district Alirajpur - 2011",https://censusindia.gov.in/nada/index.php/catalog/9763,https://censusindia.gov.in/nada/index.php/catalog/9763/download/12875,HLPCA-23465-2011_H14_census.xlsx,465562,e002959cf85b114f9d4fbe62067f84f70d93bf3c1694e05f04799f01ea9cb0c3,2026-10-01T07:42:04Z,<scratch>/census/option2/hl14/raw/HLPCA-23465-2011_H14_census.xlsx
HL-14 village/town/ward % (the rates),PC11_HL14-23-466,"HL-14: Percentage of households to total households by amenities and assets, Madhya Pradesh, district Khandwa (East Nimar) - 2011",https://censusindia.gov.in/nada/index.php/catalog/9764,https://censusindia.gov.in/nada/index.php/catalog/9764/download/12876,HLPCA-23466-2011_H14_census.xlsx,695128,0952f8d81cb55d25f51041a2fc79e9bd786383abed2b42455279ed1651360787,2026-10-01T07:42:08Z,<scratch>/census/option2/hl14/raw/HLPCA-23466-2011_H14_census.xlsx
HL-14 village/town/ward % (the rates),PC11_HL14-23-467,"HL-14: Percentage of households to total households by amenities and assets, Madhya Pradesh, district Burhanpur - 2011",https://censusindia.gov.in/nada/index.php/catalog/9765,https://censusindia.gov.in/nada/index.php/catalog/9765/download/12877,HLPCA-23467-2011_H14_census.xlsx,305130,14e5ca72fa87ed0dd9554095a5afaeac90447f3c1b7f869d07f10537dbe06fbe,2026-10-01T07:42:06Z,<scratch>/census/option2/hl14/raw/HLPCA-23467-2011_H14_census.xlsx
HL-14 village/town/ward % (the rates),PC11_HL14-24-468,"HL-14: Percentage of households to total households by amenities and assets, Gujarat, district Kachchh - 2011",https://censusindia.gov.in/nada/index.php/catalog/9766,https://censusindia.gov.in/nada/index.php/catalog/9766/download/12878,HLPCA-24468-2011_H14_census.xlsx,793265,0b069073666f6276b1da1c548681613765475d76cf4c605094e9df6da44d1d81,2026-10-01T07:42:11Z,<scratch>/census/option2/hl14/raw/HLPCA-24468-2011_H14_census.xlsx
HL-14 village/town/ward % (the rates),PC11_HL14-24-469,"HL-14: Percentage of households to total households by amenities and assets, Gujarat, district Banas Kantha - 2011",https://censusindia.gov.in/nada/index.php/catalog/9767,https://censusindia.gov.in/nada/index.php/catalog/9767/download/12879,HLPCA-24469-2011_H14_census.xlsx,1108118,76e01cc0020f451ccfa57f5f79a741d23e0685cabe34270890267e1c6876bf44,2026-10-01T07:42:08Z,<scratch>/census/option2/hl14/raw/HLPCA-24469-2011_H14_census.xlsx
HL-14 village/town/ward % (the rates),PC11_HL14-24-470,"HL-14: Percentage of households to total households by amenities and assets, Gujarat, district Patan - 2011",https://censusindia.gov.in/nada/index.php/catalog/9768,https://censusindia.gov.in/nada/index.php/catalog/9768/download/12880,HLPCA-24470-2011_H14_census.xlsx,494160,e0aa26b8ca8c6de7c951d8ef5ba4392b20a3a0e96a3f1228f691b2bf142cab4b,2026-10-01T07:42:13Z,<scratch>/census/option2/hl14/raw/HLPCA-24470-2011_H14_census.xlsx
HL-14 village/town/ward % (the rates),PC11_HL14-24-471,"HL-14: Percentage of households to total households by amenities and assets, Gujarat, district Mahesana - 2011",https://censusindia.gov.in/nada/index.php/catalog/9769,https://censusindia.gov.in/nada/index.php/catalog/9769/download/12881,HLPCA-24471-2011_H14_census.xlsx,595139,c1769937c1d1ec0e652cebfc48ba4d2494301952e728c4a002da84173dfa4129,2026-10-01T07:42:12Z,<scratch>/census/option2/hl14/raw/HLPCA-24471-2011_H14_census.xlsx
HL-14 village/town/ward % (the rates),PC11_HL14-24-472,"HL-14: Percentage of households to total households by amenities and assets, Gujarat, district Sabar Kantha - 2011",https://censusindia.gov.in/nada/index.php/catalog/9770,https://censusindia.gov.in/nada/index.php/catalog/9770/download/12882,HLPCA-24472-2011_H14_census.xlsx,1228269,7c93a88ba402a930244681a14cfac17086afc1aa6301730dc6328ab63db3b8d8,2026-10-01T07:42:16Z,<scratch>/census/option2/hl14/raw/HLPCA-24472-2011_H14_census.xlsx
HL-14 village/town/ward % (the rates),PC11_HL14-24-473,"HL-14: Percentage of households to total households by amenities and assets, Gujarat, district Gandhinagar - 2011",https://censusindia.gov.in/nada/index.php/catalog/9771,https://censusindia.gov.in/nada/index.php/catalog/9771/download/12883,HLPCA-24473-2011_H14_census.xlsx,332278,f56b1b9b20561991604678c6459a0a7c2162d5b58d33af55f87a71ca04273f11,2026-10-01T07:42:14Z,<scratch>/census/option2/hl14/raw/HLPCA-24473-2011_H14_census.xlsx
HL-14 village/town/ward % (the rates),PC11_HL14-24-474,"HL-14: Percentage of households to total households by amenities and assets, Gujarat, district Ahmadabad - 2011",https://censusindia.gov.in/nada/index.php/catalog/9772,https://censusindia.gov.in/nada/index.php/catalog/9772/download/12884,HLPCA-24474-2011_H14_census.xlsx,593403,01852a9a7826c86d87b46df3d0d942118ed6919c829dc0cd3457618e5d22b2e4,2026-10-01T07:42:18Z,<scratch>/census/option2/hl14/raw/HLPCA-24474-2011_H14_census.xlsx
HL-14 village/town/ward % (the rates),PC11_HL14-24-475,"HL-14: Percentage of households to total households by amenities and assets, Gujarat, district Surendranagar - 2011",https://censusindia.gov.in/nada/index.php/catalog/9773,https://censusindia.gov.in/nada/index.php/catalog/9773/download/12885,HLPCA-24475-2011_H14_census.xlsx,636861,4bd23509fcb0a7ed991ece2b7b0be8f2a876516813cde287eec375ebddac1b9d,2026-10-01T07:42:17Z,<scratch>/census/option2/hl14/raw/HLPCA-24475-2011_H14_census.xlsx
HL-14 village/town/ward % (the rates),PC11_HL14-24-476,"HL-14: Percentage of households to total households by amenities and assets, Gujarat, district Rajkot - 2011",https://censusindia.gov.in/nada/index.php/catalog/9774,https://censusindia.gov.in/nada/index.php/catalog/9774/download/12886,HLPCA-24476-2011_H14_census.xlsx,872182,e78596fa4ee434c39a351b1def515cf462bfb6d6edb3e50c03c36076ff6cb14e,2026-10-01T07:42:20Z,<scratch>/census/option2/hl14/raw/HLPCA-24476-2011_H14_census.xlsx
HL-14 village/town/ward % (the rates),PC11_HL14-24-477,"HL-14: Percentage of households to total households by amenities and assets, Gujarat, district Jamnagar - 2011",https://censusindia.gov.in/nada/index.php/catalog/9775,https://censusindia.gov.in/nada/index.php/catalog/9775/download/12887,HLPCA-24477-2011_H14_census.xlsx,699524,2e8acac1da17d75160afaa7fd252203a3531dfd17483a33b79964187f0dfe718,2026-10-01T07:42:27Z,<scratch>/census/option2/hl14/raw/HLPCA-24477-2011_H14_census.xlsx
HL-14 village/town/ward % (the rates),PC11_HL14-24-478,"HL-14: Percentage of households to total households by amenities and assets, Gujarat, district Porbandar - 2011",https://censusindia.gov.in/nada/index.php/catalog/9776,https://censusindia.gov.in/nada/index.php/catalog/9776/download/12888,HLPCA-24478-2011_H14_census.xlsx,204706,e24f44b3c24661879167bf14a211a95011f60a4a45579917f1a5e8a456d5a55d,2026-10-01T07:42:22Z,<scratch>/census/option2/hl14/raw/HLPCA-24478-2011_H14_census.xlsx
HL-14 village/town/ward % (the rates),PC11_HL14-24-479,"HL-14: Percentage of households to total households by amenities and assets, Gujarat, district Junagadh - 2011",https://censusindia.gov.in/nada/index.php/catalog/9777,https://censusindia.gov.in/nada/index.php/catalog/9777/download/12889,HLPCA-24479-2011_H14_census.xlsx,908215,d9496dfb2cab61991ff836d482e451f9197ea26fbd2a6cf0d0407d8522d7a18a,2026-10-01T07:42:29Z,<scratch>/census/option2/hl14/raw/HLPCA-24479-2011_H14_census.xlsx
HL-14 village/town/ward % (the rates),PC11_HL14-24-480,"HL-14: Percentage of households to total households by amenities and assets, Gujarat, district Amreli - 2011",https://censusindia.gov.in/nada/index.php/catalog/9778,https://censusindia.gov.in/nada/index.php/catalog/9778/download/12890,HLPCA-24480-2011_H14_census.xlsx,624068,68828e294f7dee54747ca4660cda675e8dc7655749ad6fe5a8fe228f70d9ac61,2026-10-01T07:42:24Z,<scratch>/census/option2/hl14/raw/HLPCA-24480-2011_H14_census.xlsx
HL-14 village/town/ward % (the rates),PC11_HL14-24-481,"HL-14: Percentage of households to total households by amenities and assets, Gujarat, district Bhavnagar - 2011",https://censusindia.gov.in/nada/index.php/catalog/9779,https://censusindia.gov.in/nada/index.php/catalog/9779/download/12891,HLPCA-24481-2011_H14_census.xlsx,791619,f85f652f3a8df31e68e1ed4804c59e5a5cabdd50be17610167d97a29d169df2c,2026-10-01T07:42:31Z,<scratch>/census/option2/hl14/raw/HLPCA-24481-2011_H14_census.xlsx
HL-14 village/town/ward % (the rates),PC11_HL14-24-482,"HL-14: Percentage of households to total households by amenities and assets, Gujarat, district Anand - 2011",https://censusindia.gov.in/nada/index.php/catalog/9780,https://censusindia.gov.in/nada/index.php/catalog/9780/download/12892,HLPCA-24482-2011_H14_census.xlsx,442667,25ce6eb2b8fda0806b6e5eb85049382adb306a07d43b79307ba2e8d3c0b00211,2026-10-01T07:42:26Z,<scratch>/census/option2/hl14/raw/HLPCA-24482-2011_H14_census.xlsx
HL-14 village/town/ward % (the rates),PC11_HL14-24-483,"HL-14: Percentage of households to total households by amenities and assets, Gujarat, district Kheda - 2011",https://censusindia.gov.in/nada/index.php/catalog/9781,https://censusindia.gov.in/nada/index.php/catalog/9781/download/12893,HLPCA-24483-2011_H14_census.xlsx,642769,2e115d184cb3902247180aeee52ac5bc2574e12dc9c6062db8eea24e73ec72b8,2026-10-01T07:42:33Z,<scratch>/census/option2/hl14/raw/HLPCA-24483-2011_H14_census.xlsx
HL-14 village/town/ward % (the rates),PC11_HL14-24-484,"HL-14: Percentage of households to total households by amenities and assets, Gujarat, district Panch Mahals - 2011",https://censusindia.gov.in/nada/index.php/catalog/9782,https://censusindia.gov.in/nada/index.php/catalog/9782/download/12894,HLPCA-24484-2011_H14_census.xlsx,1048352,830e3839f6e06e63e647135acee3878f4788ae4d11d31c21c9eae4b1391adc48,2026-10-01T07:42:28Z,<scratch>/census/option2/hl14/raw/HLPCA-24484-2011_H14_census.xlsx
HL-14 village/town/ward % (the rates),PC11_HL14-24-485,"HL-14: Percentage of households to total households by amenities and assets, Gujarat, district Dohad - 2011",https://censusindia.gov.in/nada/index.php/catalog/9783,https://censusindia.gov.in/nada/index.php/catalog/9783/download/12895,HLPCA-24485-2011_H14_census.xlsx,613916,80f71e0b5f6c2e30b3eb0ef44b371661ddcaeeb7ff66d6b9dc50327bd1c220f0,2026-10-01T07:42:36Z,<scratch>/census/option2/hl14/raw/HLPCA-24485-2011_H14_census.xlsx
HL-14 village/town/ward % (the rates),PC11_HL14-24-486,"HL-14: Percentage of households to total households by amenities and assets, Gujarat, district Vadodara - 2011",https://censusindia.gov.in/nada/index.php/catalog/9784,https://censusindia.gov.in/nada/index.php/catalog/9784/download/12896,HLPCA-24486-2011_H14_census.xlsx,1361924,c314e66303e269f1178f7abcafb7bb0d708412cafee917f159ee010a15f38a3e,2026-10-01T07:42:31Z,<scratch>/census/option2/hl14/raw/HLPCA-24486-2011_H14_census.xlsx
HL-14 village/town/ward % (the rates),PC11_HL14-24-487,"HL-14: Percentage of households to total households by amenities and assets, Gujarat, district Narmada - 2011",https://censusindia.gov.in/nada/index.php/catalog/9785,https://censusindia.gov.in/nada/index.php/catalog/9785/download/12897,HLPCA-24487-2011_H14_census.xlsx,463868,2a925dc0ad9f3653d14a76835ee2a4c142e43a27af8edfad81922c2a47d997dc,2026-10-01T07:42:38Z,<scratch>/census/option2/hl14/raw/HLPCA-24487-2011_H14_census.xlsx
HL-14 village/town/ward % (the rates),PC11_HL14-24-488,"HL-14: Percentage of households to total households by amenities and assets, Gujarat, district Bharuch - 2011",https://censusindia.gov.in/nada/index.php/catalog/9786,https://censusindia.gov.in/nada/index.php/catalog/9786/download/12898,HLPCA-24488-2011_H14_census.xlsx,623021,d5f684bced3fe0b704ea2f112fdae784bc4a4f844b581f262406bc9cd2bd4d74,2026-10-01T07:42:33Z,<scratch>/census/option2/hl14/raw/HLPCA-24488-2011_H14_census.xlsx
HL-14 village/town/ward % (the rates),PC11_HL14-24-489,"HL-14: Percentage of households to total households by amenities and assets, Gujarat, district The Dangs - 2011",https://censusindia.gov.in/nada/index.php/catalog/9787,https://censusindia.gov.in/nada/index.php/catalog/9787/download/12899,HLPCA-24489-2011_H14_census.xlsx,252357,cf714fdda1cd6bae7d86621d986e009552daf8237741de7ab568c8c2fe663cbd,2026-10-01T07:42:40Z,<scratch>/census/option2/hl14/raw/HLPCA-24489-2011_H14_census.xlsx
HL-14 village/town/ward % (the rates),PC11_HL14-24-490,"HL-14: Percentage of households to total households by amenities and assets, Gujarat, district Navsari - 2011",https://censusindia.gov.in/nada/index.php/catalog/9788,https://censusindia.gov.in/nada/index.php/catalog/9788/download/12900,HLPCA-24490-2011_H14_census.xlsx,394354,a8030c8c2faf29a9b3b0af65989fe08595f7985411906ec0b6a970edf5e1bfcc,2026-10-01T07:42:35Z,<scratch>/census/option2/hl14/raw/HLPCA-24490-2011_H14_census.xlsx
HL-14 village/town/ward % (the rates),PC11_HL14-24-491,"HL-14: Percentage of households to total households by amenities and assets, Gujarat, district Valsad - 2011",https://censusindia.gov.in/nada/index.php/catalog/9789,https://censusindia.gov.in/nada/index.php/catalog/9789/download/12901,HLPCA-24491-2011_H14_census.xlsx,466940,dc3f62b3342d3c2bd09ca8a2474a6f13a4b90e6da99298ae4cc842ce31b7325a,2026-10-01T07:42:42Z,<scratch>/census/option2/hl14/raw/HLPCA-24491-2011_H14_census.xlsx
HL-14 village/town/ward % (the rates),PC11_HL14-24-492,"HL-14: Percentage of households to total households by amenities and assets, Gujarat, district Surat - 2011",https://censusindia.gov.in/nada/index.php/catalog/9790,https://censusindia.gov.in/nada/index.php/catalog/9790/download/12902,HLPCA-24492-2011_H14_census.xlsx,747185,278ce0f14948846a2b4711f59594bd619752e062c48acf7439b59bf2011e8be4,2026-10-01T07:42:38Z,<scratch>/census/option2/hl14/raw/HLPCA-24492-2011_H14_census.xlsx
HL-14 village/town/ward % (the rates),PC11_HL14-24-493,"HL-14: Percentage of households to total households by amenities and assets, Gujarat, district Tapi - 2011",https://censusindia.gov.in/nada/index.php/catalog/9791,https://censusindia.gov.in/nada/index.php/catalog/9791/download/12903,HLPCA-24493-2011_H14_census.xlsx,400826,042d3d41c54316144eea1181c719b91de22db81d26b9f77ddae8dbf37e29a425,2026-10-01T07:42:44Z,<scratch>/census/option2/hl14/raw/HLPCA-24493-2011_H14_census.xlsx
HL-14 village/town/ward % (the rates),PC11_HL14-25-494,"HL-14: Percentage of households to total households by amenities and assets, Daman & Diu, district Diu - 2011",https://censusindia.gov.in/nada/index.php/catalog/9792,https://censusindia.gov.in/nada/index.php/catalog/9792/download/12904,HLPCA-25494-2011_H14_census.xlsx,33344,fd093ed51e4793a4141a74adef3706753c5a38dfeaade4a9bc6261a9bf8e73ca,2026-10-01T07:42:40Z,<scratch>/census/option2/hl14/raw/HLPCA-25494-2011_H14_census.xlsx
HL-14 village/town/ward % (the rates),PC11_HL14-25-495,"HL-14: Percentage of households to total households by amenities and assets, Daman & Diu, district Daman - 2011",https://censusindia.gov.in/nada/index.php/catalog/9793,https://censusindia.gov.in/nada/index.php/catalog/9793/download/12905,HLPCA-25495-2011_H14_census.xlsx,53479,7515c16158ac2a8a228403a6081cb38aa6d660f8b07361c80621744992b01782,2026-10-01T07:42:46Z,<scratch>/census/option2/hl14/raw/HLPCA-25495-2011_H14_census.xlsx
HL-14 village/town/ward % (the rates),PC11_HL14-26-496,"HL-14: Percentage of households to total households by amenities and assets, Dadra & Nagar Haveli, district Dadra & Nagar Haveli - 2011",https://censusindia.gov.in/nada/index.php/catalog/9794,https://censusindia.gov.in/nada/index.php/catalog/9794/download/12906,HLPCA-26496-2011_H14_census.xlsx,91812,180cf3834867e12a5dae3e3231f1805532f9430e85bee7c29c4d6c56cf0e2e4d,2026-10-01T07:42:42Z,<scratch>/census/option2/hl14/raw/HLPCA-26496-2011_H14_census.xlsx
HL-14 village/town/ward % (the rates),PC11_HL14-27-497,"HL-14: Percentage of households to total households by amenities and assets, Maharashtra, district Nandurbar - 2011",https://censusindia.gov.in/nada/index.php/catalog/9795,https://censusindia.gov.in/nada/index.php/catalog/9795/download/12907,HLPCA-27497-2011_H14_census.xlsx,850394,c27cc18348ba4766bd1ea30b7217460c5b6f890add0677f06e1e6d2fa6115d56,2026-10-01T07:42:49Z,<scratch>/census/option2/hl14/raw/HLPCA-27497-2011_H14_census.xlsx
HL-14 village/town/ward % (the rates),PC11_HL14-27-498,"HL-14: Percentage of households to total households by amenities and assets, Maharashtra, district Dhule - 2011",https://censusindia.gov.in/nada/index.php/catalog/9796,https://censusindia.gov.in/nada/index.php/catalog/9796/download/12908,HLPCA-27498-2011_H14_census.xlsx,691686,33197f2941da0468c76cf185fce2dd222c86038044acecd783ccc51412f6b995,2026-10-01T07:42:44Z,<scratch>/census/option2/hl14/raw/HLPCA-27498-2011_H14_census.xlsx
HL-14 village/town/ward % (the rates),PC11_HL14-27-499,"HL-14: Percentage of households to total households by amenities and assets, Maharashtra, district Jalgaon - 2011",https://censusindia.gov.in/nada/index.php/catalog/9797,https://censusindia.gov.in/nada/index.php/catalog/9797/download/12909,HLPCA-27499-2011_H14_census.xlsx,1714743,35be52c08f701951625d73b2fb823ce187fdb5d680c7d90811e410b2b935dc5b,2026-10-01T07:42:51Z,<scratch>/census/option2/hl14/raw/HLPCA-27499-2011_H14_census.xlsx
HL-14 village/town/ward % (the rates),PC11_HL14-27-500,"HL-14: Percentage of households to total households by amenities and assets, Maharashtra, district Buldana - 2011",https://censusindia.gov.in/nada/index.php/catalog/9798,https://censusindia.gov.in/nada/index.php/catalog/9798/download/12910,HLPCA-27500-2011_H14_census.xlsx,1359709,083a1ff1dc390b5d2b2ef4113ac0b7ffda3ab5c1a4d585c6b2e358be814bf7b4,2026-10-01T07:42:47Z,<scratch>/census/option2/hl14/raw/HLPCA-27500-2011_H14_census.xlsx
HL-14 village/town/ward % (the rates),PC11_HL14-27-501,"HL-14: Percentage of households to total households by amenities and assets, Maharashtra, district Akola - 2011",https://censusindia.gov.in/nada/index.php/catalog/9799,https://censusindia.gov.in/nada/index.php/catalog/9799/download/12911,HLPCA-27501-2011_H14_census.xlsx,895722,7216738c64979f85357238830840c9e9be568f5ab23ed126f3986f61b6c898f7,2026-10-01T07:42:54Z,<scratch>/census/option2/hl14/raw/HLPCA-27501-2011_H14_census.xlsx
HL-14 village/town/ward % (the rates),PC11_HL14-27-502,"HL-14: Percentage of households to total households by amenities and assets, Maharashtra, district Washim - 2011",https://censusindia.gov.in/nada/index.php/catalog/9800,https://censusindia.gov.in/nada/index.php/catalog/9800/download/12912,HLPCA-27502-2011_H14_census.xlsx,674110,2203db4eacd74f3f877ef944e1303188bda6b3b157de0bd4314e8f6aaa8d53a3,2026-10-01T07:42:49Z,<scratch>/census/option2/hl14/raw/HLPCA-27502-2011_H14_census.xlsx
HL-14 village/town/ward % (the rates),PC11_HL14-27-503,"HL-14: Percentage of households to total households by amenities and assets, Maharashtra, district Amravati - 2011",https://censusindia.gov.in/nada/index.php/catalog/9801,https://censusindia.gov.in/nada/index.php/catalog/9801/download/12913,HLPCA-27503-2011_H14_census.xlsx,1627311,926f1d5195fb89500488831e5e299f2b41eeff3948e27b48873a0e45853d9984,2026-10-01T07:42:57Z,<scratch>/census/option2/hl14/raw/HLPCA-27503-2011_H14_census.xlsx
HL-14 village/town/ward % (the rates),PC11_HL14-27-504,"HL-14: Percentage of households to total households by amenities and assets, Maharashtra, district Wardha - 2011",https://censusindia.gov.in/nada/index.php/catalog/9802,https://censusindia.gov.in/nada/index.php/catalog/9802/download/12914,HLPCA-27504-2011_H14_census.xlsx,942505,815b577378cb0f67b24ab0672e30edbdb349f152e47382622202ee5ecc867a77,2026-10-01T07:42:51Z,<scratch>/census/option2/hl14/raw/HLPCA-27504-2011_H14_census.xlsx
HL-14 village/town/ward % (the rates),PC11_HL14-27-505,"HL-14: Percentage of households to total households by amenities and assets, Maharashtra, district Nagpur - 2011",https://censusindia.gov.in/nada/index.php/catalog/9803,https://censusindia.gov.in/nada/index.php/catalog/9803/download/12915,HLPCA-27505-2011_H14_census.xlsx,1657782,ed7e98051faac17d0537626865dcb1ef1ba0ecd2a922fe532d6d8ad77e1cf036,2026-10-01T07:42:59Z,<scratch>/census/option2/hl14/raw/HLPCA-27505-2011_H14_census.xlsx
HL-14 village/town/ward % (the rates),PC11_HL14-27-506,"HL-14: Percentage of households to total households by amenities and assets, Maharashtra, district Bhandara - 2011",https://censusindia.gov.in/nada/index.php/catalog/9804,https://censusindia.gov.in/nada/index.php/catalog/9804/download/12916,HLPCA-27506-2011_H14_census.xlsx,730607,fe6de38f534178641e049085ba42dae7039ed0cedf3efe9b9c6a64d03abdae3e,2026-10-01T07:42:53Z,<scratch>/census/option2/hl14/raw/HLPCA-27506-2011_H14_census.xlsx
HL-14 village/town/ward % (the rates),PC11_HL14-27-507,"HL-14: Percentage of households to total households by amenities and assets, Maharashtra, district Gondiya - 2011",https://censusindia.gov.in/nada/index.php/catalog/9805,https://censusindia.gov.in/nada/index.php/catalog/9805/download/12917,HLPCA-27507-2011_H14_census.xlsx,797773,42cc90e742da0a379e6afe663a52301cd0d5a16bb62a14500b5e2077b6eb0f7e,2026-10-01T07:43:01Z,<scratch>/census/option2/hl14/raw/HLPCA-27507-2011_H14_census.xlsx
HL-14 village/town/ward % (the rates),PC11_HL14-27-508,"HL-14: Percentage of households to total households by amenities and assets, Maharashtra, district Gadchiroli - 2011",https://censusindia.gov.in/nada/index.php/catalog/9806,https://censusindia.gov.in/nada/index.php/catalog/9806/download/12918,HLPCA-27508-2011_H14_census.xlsx,1223277,05192dd3cf1ce599194b327cd644a18eeef9fba616c9a2d51f3ada35fcdbfbe1,2026-10-01T07:42:56Z,<scratch>/census/option2/hl14/raw/HLPCA-27508-2011_H14_census.xlsx
HL-14 village/town/ward % (the rates),PC11_HL14-27-509,"HL-14: Percentage of households to total households by amenities and assets, Maharashtra, district Chandrapur - 2011",https://censusindia.gov.in/nada/index.php/catalog/9807,https://censusindia.gov.in/nada/index.php/catalog/9807/download/12919,HLPCA-27509-2011_H14_census.xlsx,1433240,79fb547effa49ab742a75791aa48bd6dd44bca508b2034ea53aaac94b87388d4,2026-10-01T07:43:04Z,<scratch>/census/option2/hl14/raw/HLPCA-27509-2011_H14_census.xlsx
HL-14 village/town/ward % (the rates),PC11_HL14-27-510,"HL-14: Percentage of households to total households by amenities and assets, Maharashtra, district Yavatmal - 2011",https://censusindia.gov.in/nada/index.php/catalog/9808,https://censusindia.gov.in/nada/index.php/catalog/9808/download/12920,HLPCA-27510-2011_H14_census.xlsx,1740793,2ce187535b5743f2eb8e2b2003554f23f6263313b377642f8a45fe7aac5594b1,2026-10-01T07:42:58Z,<scratch>/census/option2/hl14/raw/HLPCA-27510-2011_H14_census.xlsx
HL-14 village/town/ward % (the rates),PC11_HL14-27-511,"HL-14: Percentage of households to total households by amenities and assets, Maharashtra, district Nanded - 2011",https://censusindia.gov.in/nada/index.php/catalog/9809,https://censusindia.gov.in/nada/index.php/catalog/9809/download/12921,HLPCA-27511-2011_H14_census.xlsx,1600046,2ea27dea1f2b298abea4d52c901e72c91a31952e5e8faa5f5f319aeee780a770,2026-10-01T07:43:06Z,<scratch>/census/option2/hl14/raw/HLPCA-27511-2011_H14_census.xlsx
HL-14 village/town/ward % (the rates),PC11_HL14-27-512,"HL-14: Percentage of households to total households by amenities and assets, Maharashtra, district Hingoli - 2011",https://censusindia.gov.in/nada/index.php/catalog/9810,https://censusindia.gov.in/nada/index.php/catalog/9810/download/12922,HLPCA-27512-2011_H14_census.xlsx,633818,e194add36946487d610f5c4023281ad9b5a5d9ebaa3f4a36699a9a0397affbec,2026-10-01T07:43:00Z,<scratch>/census/option2/hl14/raw/HLPCA-27512-2011_H14_census.xlsx
HL-14 village/town/ward % (the rates),PC11_HL14-27-513,"HL-14: Percentage of households to total households by amenities and assets, Maharashtra, district Parbhani - 2011",https://censusindia.gov.in/nada/index.php/catalog/9811,https://censusindia.gov.in/nada/index.php/catalog/9811/download/12923,HLPCA-27513-2011_H14_census.xlsx,852694,b18312eee8e6a9fff5ac226beb85dc8609f00aaa15ff9ed818b610ca9d5799a9,2026-10-01T07:43:09Z,<scratch>/census/option2/hl14/raw/HLPCA-27513-2011_H14_census.xlsx
HL-14 village/town/ward % (the rates),PC11_HL14-27-514,"HL-14: Percentage of households to total households by amenities and assets, Maharashtra, district Jalna - 2011",https://censusindia.gov.in/nada/index.php/catalog/9812,https://censusindia.gov.in/nada/index.php/catalog/9812/download/12924,HLPCA-27514-2011_H14_census.xlsx,925073,46ae20a6482dc5b2ad6d97e28797cc4530bab76aeab283fc00980aa5a3465b48,2026-10-01T07:43:02Z,<scratch>/census/option2/hl14/raw/HLPCA-27514-2011_H14_census.xlsx
HL-14 village/town/ward % (the rates),PC11_HL14-27-515,"HL-14: Percentage of households to total households by amenities and assets, Maharashtra, district Aurangabad - 2011",https://censusindia.gov.in/nada/index.php/catalog/9813,https://censusindia.gov.in/nada/index.php/catalog/9813/download/12925,HLPCA-27515-2011_H14_census.xlsx,1323972,a39a84b737e79297cd4b693d8205ed07fceb9763c35ab8220b0f3b338d1bf5b2,2026-10-01T07:43:12Z,<scratch>/census/option2/hl14/raw/HLPCA-27515-2011_H14_census.xlsx
HL-14 village/town/ward % (the rates),PC11_HL14-27-516,"HL-14: Percentage of households to total households by amenities and assets, Maharashtra, district Nashik - 2011",https://censusindia.gov.in/nada/index.php/catalog/9814,https://censusindia.gov.in/nada/index.php/catalog/9814/download/12926,HLPCA-27516-2011_H14_census.xlsx,1996295,1faaf20c5d11a3fd9996c1af5513bb56dedccea139d329b236696f50052192e3,2026-10-01T07:43:05Z,<scratch>/census/option2/hl14/raw/HLPCA-27516-2011_H14_census.xlsx
HL-14 village/town/ward % (the rates),PC11_HL14-27-517,"HL-14: Percentage of households to total households by amenities and assets, Maharashtra, district Thane - 2011",https://censusindia.gov.in/nada/index.php/catalog/9815,https://censusindia.gov.in/nada/index.php/catalog/9815/download/12927,HLPCA-27517-2011_H14_census.xlsx,2218812,838c8b18ebc224f54ae8043a1adbf0434a2608cbfa59f2f9821aa03a22f42cf5,2026-10-01T07:43:14Z,<scratch>/census/option2/hl14/raw/HLPCA-27517-2011_H14_census.xlsx
HL-14 village/town/ward % (the rates),PC11_HL14-27-518,"HL-14: Percentage of households to total households by amenities and assets, Maharashtra, district Mumbai Suburban - 2011",https://censusindia.gov.in/nada/index.php/catalog/9816,https://censusindia.gov.in/nada/index.php/catalog/9816/download/12928,HLPCA-27518-2011_H14_census.xlsx,67213,0899831d2730dd554a2eeb04945f10651b2291692bb3d08ce2ed59601b2889d7,2026-10-01T07:43:07Z,<scratch>/census/option2/hl14/raw/HLPCA-27518-2011_H14_census.xlsx
HL-14 village/town/ward % (the rates),PC11_HL14-27-519,"HL-14: Percentage of households to total households by amenities and assets, Maharashtra, district Mumbai - 2011",https://censusindia.gov.in/nada/index.php/catalog/9817,https://censusindia.gov.in/nada/index.php/catalog/9817/download/12929,HLPCA-27519-2011_H14_census.xlsx,50992,53179258a3d8cd7c33d9df94d14f15d4a8498718523abca448cc49cd31fa5bb7,2026-10-01T07:43:16Z,<scratch>/census/option2/hl14/raw/HLPCA-27519-2011_H14_census.xlsx
HL-14 village/town/ward % (the rates),PC11_HL14-27-520,"HL-14: Percentage of households to total households by amenities and assets, Maharashtra, district Raigarh - 2011",https://censusindia.gov.in/nada/index.php/catalog/9818,https://censusindia.gov.in/nada/index.php/catalog/9818/download/12930,HLPCA-27520-2011_H14_census.xlsx,1797025,fef2ab0d6c53a735cdf17452e7cdef79500bc16782c11aa0e47716293fe8a7f6,2026-10-01T07:43:10Z,<scratch>/census/option2/hl14/raw/HLPCA-27520-2011_H14_census.xlsx
HL-14 village/town/ward % (the rates),PC11_HL14-27-521,"HL-14: Percentage of households to total households by amenities and assets, Maharashtra, district Pune - 2011",https://censusindia.gov.in/nada/index.php/catalog/9819,https://censusindia.gov.in/nada/index.php/catalog/9819/download/12931,HLPCA-27521-2011_H14_census.xlsx,2046306,556338e377c515fd7b308832cc006248f176bcd89f7d2c8aa17de5229f5a5f8b,2026-10-01T07:43:18Z,<scratch>/census/option2/hl14/raw/HLPCA-27521-2011_H14_census.xlsx
HL-14 village/town/ward % (the rates),PC11_HL14-27-522,"HL-14: Percentage of households to total households by amenities and assets, Maharashtra, district Ahmadnagar - 2011",https://censusindia.gov.in/nada/index.php/catalog/9820,https://censusindia.gov.in/nada/index.php/catalog/9820/download/12932,HLPCA-27522-2011_H14_census.xlsx,1659171,15cd3a6d5b21252e1a3444d01a035166b05f5908ff06031631872e45e4ef8f9f,2026-10-01T07:43:12Z,<scratch>/census/option2/hl14/raw/HLPCA-27522-2011_H14_census.xlsx
HL-14 village/town/ward % (the rates),PC11_HL14-27-523,"HL-14: Percentage of households to total households by amenities and assets, Maharashtra, district Bid - 2011",https://censusindia.gov.in/nada/index.php/catalog/9821,https://censusindia.gov.in/nada/index.php/catalog/9821/download/12933,HLPCA-27523-2011_H14_census.xlsx,1335089,64051870ef3a240f50bdd4b801c91eef414da7e36cd8b9d3bcab6188a4c5f30a,2026-10-01T07:43:21Z,<scratch>/census/option2/hl14/raw/HLPCA-27523-2011_H14_census.xlsx
HL-14 village/town/ward % (the rates),PC11_HL14-27-524,"HL-14: Percentage of households to total households by amenities and assets, Maharashtra, district Latur - 2011",https://censusindia.gov.in/nada/index.php/catalog/9822,https://censusindia.gov.in/nada/index.php/catalog/9822/download/12934,HLPCA-27524-2011_H14_census.xlsx,949214,0ae968d907ea23956ae5cfb3258ca3f93f8180a383a608bf70c43c5ebef5e3a1,2026-10-01T07:43:14Z,<scratch>/census/option2/hl14/raw/HLPCA-27524-2011_H14_census.xlsx
HL-14 village/town/ward % (the rates),PC11_HL14-27-525,"HL-14: Percentage of households to total households by amenities and assets, Maharashtra, district Osmanabad - 2011",https://censusindia.gov.in/nada/index.php/catalog/9823,https://censusindia.gov.in/nada/index.php/catalog/9823/download/12935,HLPCA-27525-2011_H14_census.xlsx,779545,7509e4808226c67c995db738abc9e2a48131f57b8ac7a2a753d4ece736c46fa4,2026-10-01T07:43:23Z,<scratch>/census/option2/hl14/raw/HLPCA-27525-2011_H14_census.xlsx
HL-14 village/town/ward % (the rates),PC11_HL14-27-526,"HL-14: Percentage of households to total households by amenities and assets, Maharashtra, district Solapur - 2011",https://censusindia.gov.in/nada/index.php/catalog/9824,https://censusindia.gov.in/nada/index.php/catalog/9824/download/12936,HLPCA-27526-2011_H14_census.xlsx,1293088,49f726f2be578ad6c5c620c5d49abbbee0bde84baf02ee1cdec5ca6e155b1677,2026-10-01T07:43:17Z,<scratch>/census/option2/hl14/raw/HLPCA-27526-2011_H14_census.xlsx
HL-14 village/town/ward % (the rates),PC11_HL14-27-527,"HL-14: Percentage of households to total households by amenities and assets, Maharashtra, district Satara - 2011",https://censusindia.gov.in/nada/index.php/catalog/9825,https://censusindia.gov.in/nada/index.php/catalog/9825/download/12937,HLPCA-27527-2011_H14_census.xlsx,1660345,eec5c9bfcc21b33ca3a54361bca545b91651cf8b17f3a95358e2daab9549adb6,2026-10-01T07:43:26Z,<scratch>/census/option2/hl14/raw/HLPCA-27527-2011_H14_census.xlsx
HL-14 village/town/ward % (the rates),PC11_HL14-27-528,"HL-14: Percentage of households to total households by amenities and assets, Maharashtra, district Ratnagiri - 2011",https://censusindia.gov.in/nada/index.php/catalog/9826,https://censusindia.gov.in/nada/index.php/catalog/9826/download/12938,HLPCA-27528-2011_H14_census.xlsx,1382708,5cad3392891a9ad34f197528fb01a0d6728ce18194201857cad71c2cd858932b,2026-10-01T07:43:19Z,<scratch>/census/option2/hl14/raw/HLPCA-27528-2011_H14_census.xlsx
HL-14 village/town/ward % (the rates),PC11_HL14-27-529,"HL-14: Percentage of households to total households by amenities and assets, Maharashtra, district Sindhudurg - 2011",https://censusindia.gov.in/nada/index.php/catalog/9827,https://censusindia.gov.in/nada/index.php/catalog/9827/download/12939,HLPCA-27529-2011_H14_census.xlsx,694900,7520fcc298cffe320b1c6817fa26c9b9078e41ade9f7f5ef43294f64a8793f2a,2026-10-01T07:43:28Z,<scratch>/census/option2/hl14/raw/HLPCA-27529-2011_H14_census.xlsx
HL-14 village/town/ward % (the rates),PC11_HL14-27-530,"HL-14: Percentage of households to total households by amenities and assets, Maharashtra, district Kolhapur - 2011",https://censusindia.gov.in/nada/index.php/catalog/9828,https://censusindia.gov.in/nada/index.php/catalog/9828/download/12940,HLPCA-27530-2011_H14_census.xlsx,1282204,6bbf87efc76c1183aa94854d591eb9225ec448868c0f83a423b083fb7e238d8f,2026-10-01T07:43:21Z,<scratch>/census/option2/hl14/raw/HLPCA-27530-2011_H14_census.xlsx
HL-14 village/town/ward % (the rates),PC11_HL14-27-531,"HL-14: Percentage of households to total households by amenities and assets, Maharashtra, district Sangli - 2011",https://censusindia.gov.in/nada/index.php/catalog/9829,https://censusindia.gov.in/nada/index.php/catalog/9829/download/12941,HLPCA-27531-2011_H14_census.xlsx,803034,9f3a7f8c8bcfa85b89e1d8a1c7b02db426fe77671f1486ef1f8ef27d5a78abdb,2026-10-01T07:43:30Z,<scratch>/census/option2/hl14/raw/HLPCA-27531-2011_H14_census.xlsx
HL-14 village/town/ward % (the rates),PC11_HL14-28-532,"HL-14: Percentage of households to total households by amenities and assets, Andhra Pradesh, district Adilabad - 2011",https://censusindia.gov.in/nada/index.php/catalog/9830,https://censusindia.gov.in/nada/index.php/catalog/9830/download/12942,HLPCA-28532-2011_H14_census.xlsx,1517172,3622008552cb8526cb8528696fa2d6791ad2a511a2c829699a6a3598a0be53ab,2026-10-01T07:43:23Z,<scratch>/census/option2/hl14/raw/HLPCA-28532-2011_H14_census.xlsx
HL-14 village/town/ward % (the rates),PC11_HL14-28-533,"HL-14: Percentage of households to total households by amenities and assets, Andhra Pradesh, district Nizamabad - 2011",https://censusindia.gov.in/nada/index.php/catalog/9831,https://censusindia.gov.in/nada/index.php/catalog/9831/download/12943,HLPCA-28533-2011_H14_census.xlsx,870139,9d43b2c7ab0ca39319684c299bbddd806a9389bb755a18033c2ccba196efe640,2026-10-01T07:43:32Z,<scratch>/census/option2/hl14/raw/HLPCA-28533-2011_H14_census.xlsx
HL-14 village/town/ward % (the rates),PC11_HL14-28-534,"HL-14: Percentage of households to total households by amenities and assets, Andhra Pradesh, district Karimnagar - 2011",https://censusindia.gov.in/nada/index.php/catalog/9832,https://censusindia.gov.in/nada/index.php/catalog/9832/download/12944,HLPCA-28534-2011_H14_census.xlsx,1094243,2e83d15cd4017715e6d59adbfe24c0be577737cda7f7adc0eb26b882075f0f7e,2026-10-01T07:43:26Z,<scratch>/census/option2/hl14/raw/HLPCA-28534-2011_H14_census.xlsx
HL-14 village/town/ward % (the rates),PC11_HL14-28-535,"HL-14: Percentage of households to total households by amenities and assets, Andhra Pradesh, district Medak - 2011",https://censusindia.gov.in/nada/index.php/catalog/9833,https://censusindia.gov.in/nada/index.php/catalog/9833/download/12945,HLPCA-28535-2011_H14_census.xlsx,1196134,2be02366657957c8320004780600a29a3ced34377ba2ed722409113c0a1d0ca9,2026-10-01T07:43:35Z,<scratch>/census/option2/hl14/raw/HLPCA-28535-2011_H14_census.xlsx
HL-14 village/town/ward % (the rates),PC11_HL14-28-536,"HL-14: Percentage of households to total households by amenities and assets, Andhra Pradesh, district Hyderabad - 2011",https://censusindia.gov.in/nada/index.php/catalog/9834,https://censusindia.gov.in/nada/index.php/catalog/9834/download/12946,HLPCA-28536-2011_H14_census.xlsx,144507,8c25065bf17cff44e78c5a84213e7a8f5b3303d2321c26e95e007971f287e53c,2026-10-01T07:43:27Z,<scratch>/census/option2/hl14/raw/HLPCA-28536-2011_H14_census.xlsx
HL-14 village/town/ward % (the rates),PC11_HL14-28-537,"HL-14: Percentage of households to total households by amenities and assets, Andhra Pradesh, district Rangareddy - 2011",https://censusindia.gov.in/nada/index.php/catalog/9835,https://censusindia.gov.in/nada/index.php/catalog/9835/download/12947,HLPCA-28537-2011_H14_census.xlsx,916739,4035c07e6d447edc3c414b96bf15465f4f3ea3d2ce92300223296329a2783d31,2026-10-01T07:43:38Z,<scratch>/census/option2/hl14/raw/HLPCA-28537-2011_H14_census.xlsx
HL-14 village/town/ward % (the rates),PC11_HL14-28-538,"HL-14: Percentage of households to total households by amenities and assets, Andhra Pradesh, district Mahbubnagar - 2011",https://censusindia.gov.in/nada/index.php/catalog/9836,https://censusindia.gov.in/nada/index.php/catalog/9836/download/12948,HLPCA-28538-2011_H14_census.xlsx,1467466,ca0832dd45d5f99b1041aca468332dbd0eb73da8f85c6cee596c00f920eb0247,2026-10-01T07:43:30Z,<scratch>/census/option2/hl14/raw/HLPCA-28538-2011_H14_census.xlsx
HL-14 village/town/ward % (the rates),PC11_HL14-28-539,"HL-14: Percentage of households to total households by amenities and assets, Andhra Pradesh, district Nalgonda - 2011",https://censusindia.gov.in/nada/index.php/catalog/9837,https://censusindia.gov.in/nada/index.php/catalog/9837/download/12949,HLPCA-28539-2011_H14_census.xlsx,1154732,67d6fdabf1722c9dee840de5f1d21d4e20eb0044771c501955ab01ce8a782cab,2026-10-01T07:43:41Z,<scratch>/census/option2/hl14/raw/HLPCA-28539-2011_H14_census.xlsx
HL-14 village/town/ward % (the rates),PC11_HL14-28-540,"HL-14: Percentage of households to total households by amenities and assets, Andhra Pradesh, district Warangal - 2011",https://censusindia.gov.in/nada/index.php/catalog/9838,https://censusindia.gov.in/nada/index.php/catalog/9838/download/12950,HLPCA-28540-2011_H14_census.xlsx,995639,f7ef7026bd65fdbcc67736d7151ebe5f2181c49d05ad615eefacd119ecfaed9a,2026-10-01T07:43:32Z,<scratch>/census/option2/hl14/raw/HLPCA-28540-2011_H14_census.xlsx
HL-14 village/town/ward % (the rates),PC11_HL14-28-541,"HL-14: Percentage of households to total households by amenities and assets, Andhra Pradesh, district Khammam - 2011",https://censusindia.gov.in/nada/index.php/catalog/9839,https://censusindia.gov.in/nada/index.php/catalog/9839/download/12951,HLPCA-28541-2011_H14_census.xlsx,1119531,ddc406e5d3c17ddadf91b3ccdac16eced4fdbbed503e69f5ff480eab5b96b9cc,2026-10-01T07:43:44Z,<scratch>/census/option2/hl14/raw/HLPCA-28541-2011_H14_census.xlsx
HL-14 village/town/ward % (the rates),PC11_HL14-28-542,"HL-14: Percentage of households to total households by amenities and assets, Andhra Pradesh, district Srikakulam - 2011",https://censusindia.gov.in/nada/index.php/catalog/9840,https://censusindia.gov.in/nada/index.php/catalog/9840/download/12952,HLPCA-28542-2011_H14_census.xlsx,1554351,17aa5d3205ec1f02b2e9c7eedc9121cb95af47dc0ffa8bcb9882bdba841c204f,2026-10-01T07:43:35Z,<scratch>/census/option2/hl14/raw/HLPCA-28542-2011_H14_census.xlsx
HL-14 village/town/ward % (the rates),PC11_HL14-28-543,"HL-14: Percentage of households to total households by amenities and assets, Andhra Pradesh, district Vizianagaram - 2011",https://censusindia.gov.in/nada/index.php/catalog/9841,https://censusindia.gov.in/nada/index.php/catalog/9841/download/12953,HLPCA-28543-2011_H14_census.xlsx,1359841,ed2f0cba0d2651a90d9970104b206275fe14e430e08ec40aaef00a5a809ff88d,2026-10-01T07:43:47Z,<scratch>/census/option2/hl14/raw/HLPCA-28543-2011_H14_census.xlsx
HL-14 village/town/ward % (the rates),PC11_HL14-28-544,"HL-14: Percentage of households to total households by amenities and assets, Andhra Pradesh, district Visakhapatnam - 2011",https://censusindia.gov.in/nada/index.php/catalog/9842,https://censusindia.gov.in/nada/index.php/catalog/9842/download/12954,HLPCA-28544-2011_H14_census.xlsx,2494037,9b8d5c40708d49ec68e3b466bfbc41d3716e40560a160afd27babe43347db27f,2026-10-01T07:43:37Z,<scratch>/census/option2/hl14/raw/HLPCA-28544-2011_H14_census.xlsx
HL-14 village/town/ward % (the rates),PC11_HL14-28-545,"HL-14: Percentage of households to total households by amenities and assets, Andhra Pradesh, district East Godavari - 2011",https://censusindia.gov.in/nada/index.php/catalog/9843,https://censusindia.gov.in/nada/index.php/catalog/9843/download/12955,HLPCA-28545-2011_H14_census.xlsx,1475008,cdda52cc6430d1ee4375ef1518bac1192aeb88b5f7a366c2cafdadd352aa050c,2026-10-01T07:43:51Z,<scratch>/census/option2/hl14/raw/HLPCA-28545-2011_H14_census.xlsx
HL-14 village/town/ward % (the rates),PC11_HL14-28-546,"HL-14: Percentage of households to total households by amenities and assets, Andhra Pradesh, district West Godavari - 2011",https://censusindia.gov.in/nada/index.php/catalog/9844,https://censusindia.gov.in/nada/index.php/catalog/9844/download/12956,HLPCA-28546-2011_H14_census.xlsx,1013363,447482f5cfe0d953ea171888e3132166a9e86b52bf6572e7c625c0be0f2eee9b,2026-10-01T07:43:40Z,<scratch>/census/option2/hl14/raw/HLPCA-28546-2011_H14_census.xlsx
HL-14 village/town/ward % (the rates),PC11_HL14-28-547,"HL-14: Percentage of households to total households by amenities and assets, Andhra Pradesh, district Krishna - 2011",https://censusindia.gov.in/nada/index.php/catalog/9845,https://censusindia.gov.in/nada/index.php/catalog/9845/download/12957,HLPCA-28547-2011_H14_census.xlsx,1102151,d99d752936b637449cf37c6be370787b16d0417839495e1855e4485bc39fd3b1,2026-10-01T07:43:54Z,<scratch>/census/option2/hl14/raw/HLPCA-28547-2011_H14_census.xlsx
HL-14 village/town/ward % (the rates),PC11_HL14-28-548,"HL-14: Percentage of households to total households by amenities and assets, Andhra Pradesh, district Guntur - 2011",https://censusindia.gov.in/nada/index.php/catalog/9846,https://censusindia.gov.in/nada/index.php/catalog/9846/download/12958,HLPCA-28548-2011_H14_census.xlsx,971518,0b404980815140ca1e7753ff881fef583756c757b3cc4d87245c25b9f9c8a5eb,2026-10-01T07:43:43Z,<scratch>/census/option2/hl14/raw/HLPCA-28548-2011_H14_census.xlsx
HL-14 village/town/ward % (the rates),PC11_HL14-28-549,"HL-14: Percentage of households to total households by amenities and assets, Andhra Pradesh, district Prakasam - 2011",https://censusindia.gov.in/nada/index.php/catalog/9847,https://censusindia.gov.in/nada/index.php/catalog/9847/download/12959,HLPCA-28549-2011_H14_census.xlsx,1068368,5b91d90701c550435a02c6455f1e2f4cd9e5220d2f4971a937822e31e9467d54,2026-10-01T07:43:57Z,<scratch>/census/option2/hl14/raw/HLPCA-28549-2011_H14_census.xlsx
HL-14 village/town/ward % (the rates),PC11_HL14-28-550,"HL-14: Percentage of households to total households by amenities and assets, Andhra Pradesh, district Sri Potti Sriramulu Nellore - 2011",https://censusindia.gov.in/nada/index.php/catalog/9848,https://censusindia.gov.in/nada/index.php/catalog/9848/download/12960,HLPCA-28550-2011_H14_census.xlsx,1094088,1db055a9489d925412309f7c4b02fb52ca8c72b90b0398fc2248d37fbabe6f59,2026-10-01T07:43:46Z,<scratch>/census/option2/hl14/raw/HLPCA-28550-2011_H14_census.xlsx
HL-14 village/town/ward % (the rates),PC11_HL14-28-551,"HL-14: Percentage of households to total households by amenities and assets, Andhra Pradesh, district Y.S.R. - 2011",https://censusindia.gov.in/nada/index.php/catalog/9849,https://censusindia.gov.in/nada/index.php/catalog/9849/download/12961,HLPCA-28551-2011_H14_census.xlsx,1057858,ee32912a6b8284f5417df062cb342694d12278c832197c15d6b921361a29c77b,2026-10-01T07:44:00Z,<scratch>/census/option2/hl14/raw/HLPCA-28551-2011_H14_census.xlsx
HL-14 village/town/ward % (the rates),PC11_HL14-28-552,"HL-14: Percentage of households to total households by amenities and assets, Andhra Pradesh, district Kurnool - 2011",https://censusindia.gov.in/nada/index.php/catalog/9850,https://censusindia.gov.in/nada/index.php/catalog/9850/download/12962,HLPCA-28552-2011_H14_census.xlsx,1032859,207823a715e5ef675c8b099ffa9e1b43c68c2071057f875fbe96dc6801877dbe,2026-10-01T07:43:49Z,<scratch>/census/option2/hl14/raw/HLPCA-28552-2011_H14_census.xlsx
HL-14 village/town/ward % (the rates),PC11_HL14-28-553,"HL-14: Percentage of households to total households by amenities and assets, Andhra Pradesh, district Anantapur - 2011",https://censusindia.gov.in/nada/index.php/catalog/9851,https://censusindia.gov.in/nada/index.php/catalog/9851/download/12963,HLPCA-28553-2011_H14_census.xlsx,1069375,5c1f8b90d4584254dd35beca51ec11e3699633d93b70c0050c6a510553bb1449,2026-10-01T07:44:03Z,<scratch>/census/option2/hl14/raw/HLPCA-28553-2011_H14_census.xlsx
HL-14 village/town/ward % (the rates),PC11_HL14-28-554,"HL-14: Percentage of households to total households by amenities and assets, Andhra Pradesh, district Chittoor - 2011",https://censusindia.gov.in/nada/index.php/catalog/9852,https://censusindia.gov.in/nada/index.php/catalog/9852/download/12964,HLPCA-28554-2011_H14_census.xlsx,1559264,c6ede24baa4a113e22aa6c495e58adaebd1ccc6c2e366843d495a0c6d7f2cb8d,2026-10-01T07:43:53Z,<scratch>/census/option2/hl14/raw/HLPCA-28554-2011_H14_census.xlsx
HL-14 village/town/ward % (the rates),PC11_HL14-29-555,"HL-14: Percentage of households to total households by amenities and assets, Karnataka, district Belgaum - 2011",https://censusindia.gov.in/nada/index.php/catalog/9853,https://censusindia.gov.in/nada/index.php/catalog/9853/download/12965,HLPCA-29555-2011_H14_census.xlsx,1487033,814cc452c77e4b5b7772db6cebe3eac1269fd1d627ffecb10df91ed17368e287,2026-10-01T07:44:18Z,<scratch>/census/option2/hl14/raw/HLPCA-29555-2011_H14_census.xlsx
HL-14 village/town/ward % (the rates),PC11_HL14-29-556,"HL-14: Percentage of households to total households by amenities and assets, Karnataka, district Bagalkot - 2011",https://censusindia.gov.in/nada/index.php/catalog/9854,https://censusindia.gov.in/nada/index.php/catalog/9854/download/12966,HLPCA-29556-2011_H14_census.xlsx,792622,92cd27264c1756cef22bda2a55929d351033f4f9c5b6d67224602248295d139c,2026-10-01T07:43:56Z,<scratch>/census/option2/hl14/raw/HLPCA-29556-2011_H14_census.xlsx
HL-14 village/town/ward % (the rates),PC11_HL14-29-557,"HL-14: Percentage of households to total households by amenities and assets, Karnataka, district Bijapur - 2011",https://censusindia.gov.in/nada/index.php/catalog/9855,https://censusindia.gov.in/nada/index.php/catalog/9855/download/12967,HLPCA-29557-2011_H14_census.xlsx,714323,dbcc5111daa24ece40a24ff41e0ec67b689a657698d9ff52f1e3bc35d731281d,2026-10-01T07:44:24Z,<scratch>/census/option2/hl14/raw/HLPCA-29557-2011_H14_census.xlsx
HL-14 village/town/ward % (the rates),PC11_HL14-29-558,"HL-14: Percentage of households to total households by amenities and assets, Karnataka, district Bidar - 2011",https://censusindia.gov.in/nada/index.php/catalog/9856,https://censusindia.gov.in/nada/index.php/catalog/9856/download/12968,HLPCA-29558-2011_H14_census.xlsx,656929,fa728c53c78dcc9d9ca74076a3084008ece9b0bc32a94e8b1c103fdea6a1c357,2026-10-01T07:43:59Z,<scratch>/census/option2/hl14/raw/HLPCA-29558-2011_H14_census.xlsx
HL-14 village/town/ward % (the rates),PC11_HL14-29-559,"HL-14: Percentage of households to total households by amenities and assets, Karnataka, district Raichur - 2011",https://censusindia.gov.in/nada/index.php/catalog/9857,https://censusindia.gov.in/nada/index.php/catalog/9857/download/12969,HLPCA-29559-2011_H14_census.xlsx,833354,a2ae92210e1c6bdd456456f54e79894a07544434fba2f01443c1e29221d31234,2026-10-01T07:44:31Z,<scratch>/census/option2/hl14/raw/HLPCA-29559-2011_H14_census.xlsx
HL-14 village/town/ward % (the rates),PC11_HL14-29-560,"HL-14: Percentage of households to total households by amenities and assets, Karnataka, district Koppal - 2011",https://censusindia.gov.in/nada/index.php/catalog/9858,https://censusindia.gov.in/nada/index.php/catalog/9858/download/12970,HLPCA-29560-2011_H14_census.xlsx,590299,124ff187cc12c5776a51cde8f177dd2cf10d17a5160b508c257944189f7f763b,2026-10-01T07:44:01Z,<scratch>/census/option2/hl14/raw/HLPCA-29560-2011_H14_census.xlsx
HL-14 village/town/ward % (the rates),PC11_HL14-29-561,"HL-14: Percentage of households to total households by amenities and assets, Karnataka, district Gadag - 2011",https://censusindia.gov.in/nada/index.php/catalog/9859,https://censusindia.gov.in/nada/index.php/catalog/9859/download/12971,HLPCA-29561-2011_H14_census.xlsx,468756,296d7d7664fef88754f5fe3dd62367b5f893bd068451ca1a7bf7ebd999b9deb3,2026-10-01T07:44:34Z,<scratch>/census/option2/hl14/raw/HLPCA-29561-2011_H14_census.xlsx
HL-14 village/town/ward % (the rates),PC11_HL14-29-562,"HL-14: Percentage of households to total households by amenities and assets, Karnataka, district Dharwad - 2011",https://censusindia.gov.in/nada/index.php/catalog/9860,https://censusindia.gov.in/nada/index.php/catalog/9860/download/12972,HLPCA-29562-2011_H14_census.xlsx,466860,66807903cad6dc9317d8a51f246f40a9f6f778f38bb78083d97b1406c42fd9b3,2026-10-01T07:44:09Z,<scratch>/census/option2/hl14/raw/HLPCA-29562-2011_H14_census.xlsx
HL-14 village/town/ward % (the rates),PC11_HL14-29-563,"HL-14: Percentage of households to total households by amenities and assets, Karnataka, district Uttara Kannada - 2011",https://censusindia.gov.in/nada/index.php/catalog/9861,https://censusindia.gov.in/nada/index.php/catalog/9861/download/12973,HLPCA-29563-2011_H14_census.xlsx,1247027,c08d1e8753fff698fd4adc359f4dde3a88ab8eb5414546bf6f5a52bf56f6a9ca,2026-10-01T07:44:38Z,<scratch>/census/option2/hl14/raw/HLPCA-29563-2011_H14_census.xlsx
HL-14 village/town/ward % (the rates),PC11_HL14-29-564,"HL-14: Percentage of households to total households by amenities and assets, Karnataka, district Haveri - 2011",https://censusindia.gov.in/nada/index.php/catalog/9862,https://censusindia.gov.in/nada/index.php/catalog/9862/download/12974,HLPCA-29564-2011_H14_census.xlsx,769314,90b7c450dbb2576cb5b9e041040456990189811ef9d19eead82ffacd7f99dc00,2026-10-01T07:44:13Z,<scratch>/census/option2/hl14/raw/HLPCA-29564-2011_H14_census.xlsx
HL-14 village/town/ward % (the rates),PC11_HL14-29-565,"HL-14: Percentage of households to total households by amenities and assets, Karnataka, district Bellary - 2011",https://censusindia.gov.in/nada/index.php/catalog/9863,https://censusindia.gov.in/nada/index.php/catalog/9863/download/12975,HLPCA-29565-2011_H14_census.xlsx,687162,8cbb05bd46f2ed30ee6e943f8426edda27326989e1a5db3ba52a64ebe56a1622,2026-10-01T07:44:42Z,<scratch>/census/option2/hl14/raw/HLPCA-29565-2011_H14_census.xlsx
HL-14 village/town/ward % (the rates),PC11_HL14-29-566,"HL-14: Percentage of households to total households by amenities and assets, Karnataka, district Chitradurga - 2011",https://censusindia.gov.in/nada/index.php/catalog/9864,https://censusindia.gov.in/nada/index.php/catalog/9864/download/12976,HLPCA-29566-2011_H14_census.xlsx,931463,900ef0c8acb8ab998cad69ab7305b737ab6af7d099f32460fe421c40aff0a93d,2026-10-01T07:44:18Z,<scratch>/census/option2/hl14/raw/HLPCA-29566-2011_H14_census.xlsx
HL-14 village/town/ward % (the rates),PC11_HL14-29-567,"HL-14: Percentage of households to total households by amenities and assets, Karnataka, district Davanagere - 2011",https://censusindia.gov.in/nada/index.php/catalog/9865,https://censusindia.gov.in/nada/index.php/catalog/9865/download/12977,HLPCA-29567-2011_H14_census.xlsx,819989,3388de5c2737d43b1eb322e3921a48d41ac7f6aeb417e4c0841f7a7d0de55078,2026-10-01T07:44:44Z,<scratch>/census/option2/hl14/raw/HLPCA-29567-2011_H14_census.xlsx
HL-14 village/town/ward % (the rates),PC11_HL14-29-568,"HL-14: Percentage of households to total households by amenities and assets, Karnataka, district Shimoga - 2011",https://censusindia.gov.in/nada/index.php/catalog/9866,https://censusindia.gov.in/nada/index.php/catalog/9866/download/12978,HLPCA-29568-2011_H14_census.xlsx,1344921,ef4ace58c328908b5d245f8e61b4ecf272e3e85334ea87ac480019430191ebe0,2026-10-01T07:44:23Z,<scratch>/census/option2/hl14/raw/HLPCA-29568-2011_H14_census.xlsx
HL-14 village/town/ward % (the rates),PC11_HL14-29-569,"HL-14: Percentage of households to total households by amenities and assets, Karnataka, district Udupi - 2011",https://censusindia.gov.in/nada/index.php/catalog/9867,https://censusindia.gov.in/nada/index.php/catalog/9867/download/12979,HLPCA-29569-2011_H14_census.xlsx,331756,7c6007f5bc4733e4336addc02eeaec06ac57864be04fb8b31fba9ba98e440e91,2026-10-01T07:44:47Z,<scratch>/census/option2/hl14/raw/HLPCA-29569-2011_H14_census.xlsx
HL-14 village/town/ward % (the rates),PC11_HL14-29-570,"HL-14: Percentage of households to total households by amenities and assets, Karnataka, district Chikmagalur - 2011",https://censusindia.gov.in/nada/index.php/catalog/9868,https://censusindia.gov.in/nada/index.php/catalog/9868/download/12980,HLPCA-29570-2011_H14_census.xlsx,973445,df01aebc5d0437022a57871f85cd9a8739927c9f43172445dcaa907d1c736afe,2026-10-01T07:44:32Z,<scratch>/census/option2/hl14/raw/HLPCA-29570-2011_H14_census.xlsx
HL-14 village/town/ward % (the rates),PC11_HL14-29-571,"HL-14: Percentage of households to total households by amenities and assets, Karnataka, district Tumkur - 2011",https://censusindia.gov.in/nada/index.php/catalog/9869,https://censusindia.gov.in/nada/index.php/catalog/9869/download/12981,HLPCA-29571-2011_H14_census.xlsx,2323125,90be11387b07c90baa1d381be55dcba8b6d615a5fe8a80ee356bce2f4f85b449,2026-10-01T07:44:50Z,<scratch>/census/option2/hl14/raw/HLPCA-29571-2011_H14_census.xlsx
HL-14 village/town/ward % (the rates),PC11_HL14-29-572,"HL-14: Percentage of households to total households by amenities and assets, Karnataka, district Bangalore - 2011",https://censusindia.gov.in/nada/index.php/catalog/9870,https://censusindia.gov.in/nada/index.php/catalog/9870/download/12982,HLPCA-29572-2011_H14_census.xlsx,711134,536c22f27e24dcb5a97ff16c779fed2efa64e1ee89016f98213f50adba13d8fd,2026-10-01T07:44:36Z,<scratch>/census/option2/hl14/raw/HLPCA-29572-2011_H14_census.xlsx
HL-14 village/town/ward % (the rates),PC11_HL14-29-573,"HL-14: Percentage of households to total households by amenities and assets, Karnataka, district Mandya - 2011",https://censusindia.gov.in/nada/index.php/catalog/9871,https://censusindia.gov.in/nada/index.php/catalog/9871/download/12983,HLPCA-29573-2011_H14_census.xlsx,1267295,adf858fb5011be40681af39e3876a0f2a5d9b716e6a6692299fb01501543563d,2026-10-01T07:44:54Z,<scratch>/census/option2/hl14/raw/HLPCA-29573-2011_H14_census.xlsx
HL-14 village/town/ward % (the rates),PC11_HL14-29-574,"HL-14: Percentage of households to total households by amenities and assets, Karnataka, district Hassan - 2011",https://censusindia.gov.in/nada/index.php/catalog/9872,https://censusindia.gov.in/nada/index.php/catalog/9872/download/12984,HLPCA-29574-2011_H14_census.xlsx,2081454,9ab72bd600363f1a58437c6c6f2c12e535d3a41e06a0bf965e47839c42a43c2d,2026-10-01T07:44:41Z,<scratch>/census/option2/hl14/raw/HLPCA-29574-2011_H14_census.xlsx
HL-14 village/town/ward % (the rates),PC11_HL14-29-575,"HL-14: Percentage of households to total households by amenities and assets, Karnataka, district Dakshina Kannada - 2011",https://censusindia.gov.in/nada/index.php/catalog/9873,https://censusindia.gov.in/nada/index.php/catalog/9873/download/12985,HLPCA-29575-2011_H14_census.xlsx,554200,3965674fbf54f437e2f8c8e2915f204665e3ee6916b99c3320545bd902eaa03f,2026-10-01T07:44:58Z,<scratch>/census/option2/hl14/raw/HLPCA-29575-2011_H14_census.xlsx
HL-14 village/town/ward % (the rates),PC11_HL14-29-576,"HL-14: Percentage of households to total households by amenities and assets, Karnataka, district Kodagu - 2011",https://censusindia.gov.in/nada/index.php/catalog/9874,https://censusindia.gov.in/nada/index.php/catalog/9874/download/12986,HLPCA-29576-2011_H14_census.xlsx,327175,c3656875c90bac4bbfb227e1a12ee874e9bcd4cfa6ed03343b719856ecce3142,2026-10-01T07:44:43Z,<scratch>/census/option2/hl14/raw/HLPCA-29576-2011_H14_census.xlsx
HL-14 village/town/ward % (the rates),PC11_HL14-29-577,"HL-14: Percentage of households to total households by amenities and assets, Karnataka, district Mysore - 2011",https://censusindia.gov.in/nada/index.php/catalog/9875,https://censusindia.gov.in/nada/index.php/catalog/9875/download/12987,HLPCA-29577-2011_H14_census.xlsx,1225950,66fd5486fa8fc55373320b478e0145a79f3432ca65dc9ae16d58734e36d06c19,2026-10-01T07:45:01Z,<scratch>/census/option2/hl14/raw/HLPCA-29577-2011_H14_census.xlsx
HL-14 village/town/ward % (the rates),PC11_HL14-29-578,"HL-14: Percentage of households to total households by amenities and assets, Karnataka, district Chamarajanagar - 2011",https://censusindia.gov.in/nada/index.php/catalog/9876,https://censusindia.gov.in/nada/index.php/catalog/9876/download/12988,HLPCA-29578-2011_H14_census.xlsx,468527,51d0724b6792baf69267114dd0be40d8fd614e6af19f7b88f03d274f0308508e,2026-10-01T07:44:46Z,<scratch>/census/option2/hl14/raw/HLPCA-29578-2011_H14_census.xlsx
HL-14 village/town/ward % (the rates),PC11_HL14-29-579,"HL-14: Percentage of households to total households by amenities and assets, Karnataka, district Gulbarga - 2011",https://censusindia.gov.in/nada/index.php/catalog/9877,https://censusindia.gov.in/nada/index.php/catalog/9877/download/12989,HLPCA-29579-2011_H14_census.xlsx,949750,21bbb16295e6d0765f6e7179e6901b373b04a7e5d56c146b810919dd3aae506f,2026-10-01T07:45:04Z,<scratch>/census/option2/hl14/raw/HLPCA-29579-2011_H14_census.xlsx
HL-14 village/town/ward % (the rates),PC11_HL14-29-580,"HL-14: Percentage of households to total households by amenities and assets, Karnataka, district Yadgir - 2011",https://censusindia.gov.in/nada/index.php/catalog/9878,https://censusindia.gov.in/nada/index.php/catalog/9878/download/12990,HLPCA-29580-2011_H14_census.xlsx,510623,640ed666ce3e75c20659300992e46b0772e466e86defde5ce84132f8799eebb3,2026-10-01T07:44:48Z,<scratch>/census/option2/hl14/raw/HLPCA-29580-2011_H14_census.xlsx
HL-14 village/town/ward % (the rates),PC11_HL14-29-581,"HL-14: Percentage of households to total households by amenities and assets, Karnataka, district Kolar - 2011",https://censusindia.gov.in/nada/index.php/catalog/9879,https://censusindia.gov.in/nada/index.php/catalog/9879/download/12991,HLPCA-29581-2011_H14_census.xlsx,1448994,5903d04fff55c50d20bfa8adc9c2c20b86b1d70eef7249694788d11c4e0fbf3e,2026-10-01T07:45:09Z,<scratch>/census/option2/hl14/raw/HLPCA-29581-2011_H14_census.xlsx
HL-14 village/town/ward % (the rates),PC11_HL14-29-582,"HL-14: Percentage of households to total households by amenities and assets, Karnataka, district Chikkaballapura - 2011",https://censusindia.gov.in/nada/index.php/catalog/9880,https://censusindia.gov.in/nada/index.php/catalog/9880/download/12992,HLPCA-29582-2011_H14_census.xlsx,1209629,3413648b8feae91d1e723dfbd44e365cc51da2bfcae6c684918aed84aa79d950,2026-10-01T07:44:51Z,<scratch>/census/option2/hl14/raw/HLPCA-29582-2011_H14_census.xlsx
HL-14 village/town/ward % (the rates),PC11_HL14-29-583,"HL-14: Percentage of households to total households by amenities and assets, Karnataka, district Bangalore Rural - 2011",https://censusindia.gov.in/nada/index.php/catalog/9881,https://censusindia.gov.in/nada/index.php/catalog/9881/download/12993,HLPCA-29583-2011_H14_census.xlsx,887314,da2c57ccc699532685e304b35914fe03b58c9c10500ee97d74228481475a73c6,2026-10-01T07:45:12Z,<scratch>/census/option2/hl14/raw/HLPCA-29583-2011_H14_census.xlsx
HL-14 village/town/ward % (the rates),PC11_HL14-29-584,"HL-14: Percentage of households to total households by amenities and assets, Karnataka, district Ramanagara - 2011",https://censusindia.gov.in/nada/index.php/catalog/9882,https://censusindia.gov.in/nada/index.php/catalog/9882/download/12994,HLPCA-29584-2011_H14_census.xlsx,783503,8257ede5ddd8a2e263488001cdab304c410012668c378ffe4ff68a6e353cdade,2026-10-01T07:44:55Z,<scratch>/census/option2/hl14/raw/HLPCA-29584-2011_H14_census.xlsx
HL-14 village/town/ward % (the rates),PC11_HL14-30-585,"HL-14: Percentage of households to total households by amenities and assets, Goa, district North Goa - 2011",https://censusindia.gov.in/nada/index.php/catalog/9883,https://censusindia.gov.in/nada/index.php/catalog/9883/download/12995,HLPCA-30585-2011_H14_census.xlsx,341909,67bd5844cff0f3a3c76b5439ef7c5a8d3372f6a11ff35ff0d043fb3f0e970771,2026-10-01T07:45:15Z,<scratch>/census/option2/hl14/raw/HLPCA-30585-2011_H14_census.xlsx
HL-14 village/town/ward % (the rates),PC11_HL14-30-586,"HL-14: Percentage of households to total households by amenities and assets, Goa, district South Goa - 2011",https://censusindia.gov.in/nada/index.php/catalog/9884,https://censusindia.gov.in/nada/index.php/catalog/9884/download/12996,HLPCA-30586-2011_H14_census.xlsx,247852,f5e4a6873baf9d60299e52fbc563a7e2b3308a43d6bb93d05c6427da6568f297,2026-10-01T07:44:58Z,<scratch>/census/option2/hl14/raw/HLPCA-30586-2011_H14_census.xlsx
HL-14 village/town/ward % (the rates),PC11_HL14-31-587,"HL-14: Percentage of households to total households by amenities and assets, Lakshadweep, district Lakshadweep - 2011",https://censusindia.gov.in/nada/index.php/catalog/9885,https://censusindia.gov.in/nada/index.php/catalog/9885/download/12997,HLPCA-31587-2011_H14_census.xlsx,43131,83eed48fde80645b2e4b176e4b6b966308a0c6ee971910901d2ec2224758b09f,2026-10-01T07:45:18Z,<scratch>/census/option2/hl14/raw/HLPCA-31587-2011_H14_census.xlsx
HL-14 village/town/ward % (the rates),PC11_HL14-32-588,"HL-14: Percentage of households to total households by amenities and assets, Kerala, district Kasaragod - 2011",https://censusindia.gov.in/nada/index.php/catalog/9886,https://censusindia.gov.in/nada/index.php/catalog/9886/download/12998,HLPCA-32588-2011_H14_census.xlsx,205572,0111779acd6765ec70e5eebb2fcfe85960c3d2c1056133b100e4a180edccf1a1,2026-10-01T07:45:01Z,<scratch>/census/option2/hl14/raw/HLPCA-32588-2011_H14_census.xlsx
HL-14 village/town/ward % (the rates),PC11_HL14-32-589,"HL-14: Percentage of households to total households by amenities and assets, Kerala, district Kannur - 2011",https://censusindia.gov.in/nada/index.php/catalog/9887,https://censusindia.gov.in/nada/index.php/catalog/9887/download/12999,HLPCA-32589-2011_H14_census.xlsx,360526,047bad4f4485eacd0086d85dc9905c36536cd0ab2f816a3e7c51df49be96a476,2026-10-01T07:45:21Z,<scratch>/census/option2/hl14/raw/HLPCA-32589-2011_H14_census.xlsx
HL-14 village/town/ward % (the rates),PC11_HL14-32-590,"HL-14: Percentage of households to total households by amenities and assets, Kerala, district Wayanad - 2011",https://censusindia.gov.in/nada/index.php/catalog/9888,https://censusindia.gov.in/nada/index.php/catalog/9888/download/13000,HLPCA-32590-2011_H14_census.xlsx,84776,b26ef207a7d8ed9d86699c59270d2132a723e2318b1347322dadbde9c56cbc97,2026-10-01T07:45:04Z,<scratch>/census/option2/hl14/raw/HLPCA-32590-2011_H14_census.xlsx
HL-14 village/town/ward % (the rates),PC11_HL14-32-591,"HL-14: Percentage of households to total households by amenities and assets, Kerala, district Kozhikode - 2011",https://censusindia.gov.in/nada/index.php/catalog/9889,https://censusindia.gov.in/nada/index.php/catalog/9889/download/13001,HLPCA-32591-2011_H14_census.xlsx,266709,e1982f748917d62ce01fb901cb0856643c1cc29b41936ece7545d1f06b31c6f0,2026-10-01T07:45:24Z,<scratch>/census/option2/hl14/raw/HLPCA-32591-2011_H14_census.xlsx
HL-14 village/town/ward % (the rates),PC11_HL14-32-592,"HL-14: Percentage of households to total households by amenities and assets, Kerala, district Malappuram - 2011",https://censusindia.gov.in/nada/index.php/catalog/9890,https://censusindia.gov.in/nada/index.php/catalog/9890/download/13002,HLPCA-32592-2011_H14_census.xlsx,331993,3ca7bee6caf6174d2a300859bfae7428120686b27dbee8ec6082777494db4743,2026-10-01T07:45:16Z,<scratch>/census/option2/hl14/raw/HLPCA-32592-2011_H14_census.xlsx
HL-14 village/town/ward % (the rates),PC11_HL14-32-593,"HL-14: Percentage of households to total households by amenities and assets, Kerala, district Palakkad - 2011",https://censusindia.gov.in/nada/index.php/catalog/9891,https://censusindia.gov.in/nada/index.php/catalog/9891/download/13003,HLPCA-32593-2011_H14_census.xlsx,290105,7ddbc4a7bcdbea59206438773036490564562009a439bca47baa628cf3993a39,2026-10-01T07:45:27Z,<scratch>/census/option2/hl14/raw/HLPCA-32593-2011_H14_census.xlsx
HL-14 village/town/ward % (the rates),PC11_HL14-32-594,"HL-14: Percentage of households to total households by amenities and assets, Kerala, district Thrissur - 2011",https://censusindia.gov.in/nada/index.php/catalog/9892,https://censusindia.gov.in/nada/index.php/catalog/9892/download/13004,HLPCA-32594-2011_H14_census.xlsx,510249,4c1240d1635da8fd2deca9e0229a44baabfe1f2fbd6a69dbf1ffdcaf2d4b751b,2026-10-01T07:45:19Z,<scratch>/census/option2/hl14/raw/HLPCA-32594-2011_H14_census.xlsx
HL-14 village/town/ward % (the rates),PC11_HL14-32-595,"HL-14: Percentage of households to total households by amenities and assets, Kerala, district Ernakulam - 2011",https://censusindia.gov.in/nada/index.php/catalog/9893,https://censusindia.gov.in/nada/index.php/catalog/9893/download/13005,HLPCA-32595-2011_H14_census.xlsx,420630,5139734e61380b0394fde7840731a7c0d03825fb9c73322751224d03603b98d3,2026-10-01T07:45:29Z,<scratch>/census/option2/hl14/raw/HLPCA-32595-2011_H14_census.xlsx
HL-14 village/town/ward % (the rates),PC11_HL14-32-596,"HL-14: Percentage of households to total households by amenities and assets, Kerala, district Idukki - 2011",https://censusindia.gov.in/nada/index.php/catalog/9894,https://censusindia.gov.in/nada/index.php/catalog/9894/download/13006,HLPCA-32596-2011_H14_census.xlsx,106203,a3b51c9a500dff9acb539c566684490971a0eb6f4d3e0b78c362bbf2038e6dfd,2026-10-01T07:45:22Z,<scratch>/census/option2/hl14/raw/HLPCA-32596-2011_H14_census.xlsx
HL-14 village/town/ward % (the rates),PC11_HL14-32-597,"HL-14: Percentage of households to total households by amenities and assets, Kerala, district Kottayam - 2011",https://censusindia.gov.in/nada/index.php/catalog/9895,https://censusindia.gov.in/nada/index.php/catalog/9895/download/13007,HLPCA-32597-2011_H14_census.xlsx,218846,5f2245ba9a47a10d0669735279f6a563b11e0a3582cdd9ff4ed771a3e68cdbde,2026-10-01T07:45:31Z,<scratch>/census/option2/hl14/raw/HLPCA-32597-2011_H14_census.xlsx
HL-14 village/town/ward % (the rates),PC11_HL14-32-598,"HL-14: Percentage of households to total households by amenities and assets, Kerala, district Alappuzha - 2011",https://censusindia.gov.in/nada/index.php/catalog/9896,https://censusindia.gov.in/nada/index.php/catalog/9896/download/13008,HLPCA-32598-2011_H14_census.xlsx,278501,68c72227bde31b732debf1a20f847814f2c88000e36c8bf3ab7b26af80a0a58e,2026-10-01T07:45:25Z,<scratch>/census/option2/hl14/raw/HLPCA-32598-2011_H14_census.xlsx
HL-14 village/town/ward % (the rates),PC11_HL14-32-599,"HL-14: Percentage of households to total households by amenities and assets, Kerala, district Pathanamthitta - 2011",https://censusindia.gov.in/nada/index.php/catalog/9897,https://censusindia.gov.in/nada/index.php/catalog/9897/download/13009,HLPCA-32599-2011_H14_census.xlsx,161789,0dabd95c4850815fd9db2ef5bb1a66c03c4a9270155cd9fa79ff6ab99ac3c263,2026-10-01T07:45:33Z,<scratch>/census/option2/hl14/raw/HLPCA-32599-2011_H14_census.xlsx
HL-14 village/town/ward % (the rates),PC11_HL14-32-600,"HL-14: Percentage of households to total households by amenities and assets, Kerala, district Kollam - 2011",https://censusindia.gov.in/nada/index.php/catalog/9898,https://censusindia.gov.in/nada/index.php/catalog/9898/download/13010,HLPCA-32600-2011_H14_census.xlsx,227798,34148d6b7ce8b61a13527dc446b33c7d8f42b1dc4edd17e5f0da7cbf9e2c647f,2026-10-01T07:45:28Z,<scratch>/census/option2/hl14/raw/HLPCA-32600-2011_H14_census.xlsx
HL-14 village/town/ward % (the rates),PC11_HL14-32-601,"HL-14: Percentage of households to total households by amenities and assets, Kerala, district Thiruvananthapuram - 2011",https://censusindia.gov.in/nada/index.php/catalog/9899,https://censusindia.gov.in/nada/index.php/catalog/9899/download/13011,HLPCA-32601-2011_H14_census.xlsx,323361,6cdf167e56523691e00f6a2c63f8377f85e7666e94024281a24a74e38323a58d,2026-10-01T07:45:36Z,<scratch>/census/option2/hl14/raw/HLPCA-32601-2011_H14_census.xlsx
HL-14 village/town/ward % (the rates),PC11_HL14-33-602,"HL-14: Percentage of households to total households by amenities and assets, Tamil Nadu, district Thiruvallur - 2011",https://censusindia.gov.in/nada/index.php/catalog/9900,https://censusindia.gov.in/nada/index.php/catalog/9900/download/13012,HLPCA-33602-2011_H14_census.xlsx,1072641,f59886fe181968e510784e1cc2957e8ed7f68fe7a2bbe2a5fc2f53c42af9c6a2,2026-10-01T07:45:31Z,<scratch>/census/option2/hl14/raw/HLPCA-33602-2011_H14_census.xlsx
HL-14 village/town/ward % (the rates),PC11_HL14-33-603,"HL-14: Percentage of households to total households by amenities and assets, Tamil Nadu, district Chennai - 2011",https://censusindia.gov.in/nada/index.php/catalog/9901,https://censusindia.gov.in/nada/index.php/catalog/9901/download/13013,HLPCA-33603-2011_H14_census.xlsx,148414,61d6d8c46b5f2cec8836d9f6dfdde4d4327049205deb0990c135ec7059941669,2026-10-01T07:45:38Z,<scratch>/census/option2/hl14/raw/HLPCA-33603-2011_H14_census.xlsx
HL-14 village/town/ward % (the rates),PC11_HL14-33-604,"HL-14: Percentage of households to total households by amenities and assets, Tamil Nadu, district Kancheepuram - 2011",https://censusindia.gov.in/nada/index.php/catalog/9902,https://censusindia.gov.in/nada/index.php/catalog/9902/download/13014,HLPCA-33604-2011_H14_census.xlsx,1525892,7e8f00b2b52159778b07b4ed8d3e04365abbc4cf6ce8f9b5f2864e9a672af5b8,2026-10-01T07:45:33Z,<scratch>/census/option2/hl14/raw/HLPCA-33604-2011_H14_census.xlsx
HL-14 village/town/ward % (the rates),PC11_HL14-33-605,"HL-14: Percentage of households to total households by amenities and assets, Tamil Nadu, district Vellore - 2011",https://censusindia.gov.in/nada/index.php/catalog/9903,https://censusindia.gov.in/nada/index.php/catalog/9903/download/13015,HLPCA-33605-2011_H14_census.xlsx,1407877,0ee3fb13bfd0c59edc118cdd77c5d2c0c175f1c977e143fde7ed7b40e7373505,2026-10-01T07:45:40Z,<scratch>/census/option2/hl14/raw/HLPCA-33605-2011_H14_census.xlsx
HL-14 village/town/ward % (the rates),PC11_HL14-33-606,"HL-14: Percentage of households to total households by amenities and assets, Tamil Nadu, district Tiruvannamalai - 2011",https://censusindia.gov.in/nada/index.php/catalog/9904,https://censusindia.gov.in/nada/index.php/catalog/9904/download/13016,HLPCA-33606-2011_H14_census.xlsx,1146313,81d752c10538af6a04e445c3ca87566cb72de01cbdf178cfb63825f50c1d7cb9,2026-10-01T07:45:35Z,<scratch>/census/option2/hl14/raw/HLPCA-33606-2011_H14_census.xlsx
HL-14 village/town/ward % (the rates),PC11_HL14-33-607,"HL-14: Percentage of households to total households by amenities and assets, Tamil Nadu, district Viluppuram - 2011",https://censusindia.gov.in/nada/index.php/catalog/9905,https://censusindia.gov.in/nada/index.php/catalog/9905/download/13017,HLPCA-33607-2011_H14_census.xlsx,1533705,1de0657817243035dfc9884ce62c3787762e7beafd4b1ed9f56f37b609102087,2026-10-01T07:45:43Z,<scratch>/census/option2/hl14/raw/HLPCA-33607-2011_H14_census.xlsx
HL-14 village/town/ward % (the rates),PC11_HL14-33-608,"HL-14: Percentage of households to total households by amenities and assets, Tamil Nadu, district Salem - 2011",https://censusindia.gov.in/nada/index.php/catalog/9906,https://censusindia.gov.in/nada/index.php/catalog/9906/download/13018,HLPCA-33608-2011_H14_census.xlsx,1129015,c9720e79a0ed4e3c3f7544ee65dbdd1538da18e26e49fe1d25f59f5cfdfabfe8,2026-10-01T07:45:37Z,<scratch>/census/option2/hl14/raw/HLPCA-33608-2011_H14_census.xlsx
HL-14 village/town/ward % (the rates),PC11_HL14-33-609,"HL-14: Percentage of households to total households by amenities and assets, Tamil Nadu, district Namakkal - 2011",https://censusindia.gov.in/nada/index.php/catalog/9907,https://censusindia.gov.in/nada/index.php/catalog/9907/download/13019,HLPCA-33609-2011_H14_census.xlsx,734783,c3ad0214ad19959c861c36d979f7c60108720e0d6f0ef27f0e2d4790048bc17d,2026-10-01T07:45:46Z,<scratch>/census/option2/hl14/raw/HLPCA-33609-2011_H14_census.xlsx
HL-14 village/town/ward % (the rates),PC11_HL14-33-610,"HL-14: Percentage of households to total households by amenities and assets, Tamil Nadu, district Erode - 2011",https://censusindia.gov.in/nada/index.php/catalog/9908,https://censusindia.gov.in/nada/index.php/catalog/9908/download/13020,HLPCA-33610-2011_H14_census.xlsx,1077557,614c1bbc1edce84cdcc313c43815afc0e21a1e9698b3302598ac933e23ca0eb4,2026-10-01T07:45:41Z,<scratch>/census/option2/hl14/raw/HLPCA-33610-2011_H14_census.xlsx
HL-14 village/town/ward % (the rates),PC11_HL14-33-611,"HL-14: Percentage of households to total households by amenities and assets, Tamil Nadu, district The Nilgiris - 2011",https://censusindia.gov.in/nada/index.php/catalog/9909,https://censusindia.gov.in/nada/index.php/catalog/9909/download/13021,HLPCA-33611-2011_H14_census.xlsx,326001,30343d3173ffae0b7bc03bdf1da30e83033b7658f30aa8488e7138cd4c68747b,2026-10-01T07:45:49Z,<scratch>/census/option2/hl14/raw/HLPCA-33611-2011_H14_census.xlsx
HL-14 village/town/ward % (the rates),PC11_HL14-33-612,"HL-14: Percentage of households to total households by amenities and assets, Tamil Nadu, district Dindigul - 2011",https://censusindia.gov.in/nada/index.php/catalog/9910,https://censusindia.gov.in/nada/index.php/catalog/9910/download/13022,HLPCA-33612-2011_H14_census.xlsx,756288,12d7e6844cec766488349cbb440d7fc50e4e94b947abe829ccfbc24242008978,2026-10-01T07:45:44Z,<scratch>/census/option2/hl14/raw/HLPCA-33612-2011_H14_census.xlsx
HL-14 village/town/ward % (the rates),PC11_HL14-33-613,"HL-14: Percentage of households to total households by amenities and assets, Tamil Nadu, district Karur - 2011",https://censusindia.gov.in/nada/index.php/catalog/9911,https://censusindia.gov.in/nada/index.php/catalog/9911/download/13023,HLPCA-33613-2011_H14_census.xlsx,414184,aab564440ce2160e67c860c82d1a27120f54eb4309d74c84b882f7a744279336,2026-10-01T07:45:51Z,<scratch>/census/option2/hl14/raw/HLPCA-33613-2011_H14_census.xlsx
HL-14 village/town/ward % (the rates),PC11_HL14-33-614,"HL-14: Percentage of households to total households by amenities and assets, Tamil Nadu, district Tiruchirappalli - 2011",https://censusindia.gov.in/nada/index.php/catalog/9912,https://censusindia.gov.in/nada/index.php/catalog/9912/download/13024,HLPCA-33614-2011_H14_census.xlsx,775348,2cf328476358426c38fe96ab02219711ca1de009d2aea1df872a1e78862ac83a,2026-10-01T07:45:49Z,<scratch>/census/option2/hl14/raw/HLPCA-33614-2011_H14_census.xlsx
HL-14 village/town/ward % (the rates),PC11_HL14-33-615,"HL-14: Percentage of households to total households by amenities and assets, Tamil Nadu, district Perambalur - 2011",https://censusindia.gov.in/nada/index.php/catalog/9913,https://censusindia.gov.in/nada/index.php/catalog/9913/download/13025,HLPCA-33615-2011_H14_census.xlsx,219946,99afede2e8369ffa853aa3f68f2076bc0f63172c1e5984348355e87ec21d1c5d,2026-10-01T07:45:53Z,<scratch>/census/option2/hl14/raw/HLPCA-33615-2011_H14_census.xlsx
HL-14 village/town/ward % (the rates),PC11_HL14-33-616,"HL-14: Percentage of households to total households by amenities and assets, Tamil Nadu, district Ariyalur - 2011",https://censusindia.gov.in/nada/index.php/catalog/9914,https://censusindia.gov.in/nada/index.php/catalog/9914/download/13026,HLPCA-33616-2011_H14_census.xlsx,244745,0ccdef3e0a5bb80ab4ce1d17e2c2bcad94b4f5a88ebcd405f99c50d567abb1f7,2026-10-01T07:45:52Z,<scratch>/census/option2/hl14/raw/HLPCA-33616-2011_H14_census.xlsx
HL-14 village/town/ward % (the rates),PC11_HL14-33-617,"HL-14: Percentage of households to total households by amenities and assets, Tamil Nadu, district Cuddalore - 2011",https://censusindia.gov.in/nada/index.php/catalog/9915,https://censusindia.gov.in/nada/index.php/catalog/9915/download/13027,HLPCA-33617-2011_H14_census.xlsx,1095933,a45a3b476b33e0ad82e76685cb15455ef12764d612ea9e721542ebef59f474e0,2026-10-01T07:45:57Z,<scratch>/census/option2/hl14/raw/HLPCA-33617-2011_H14_census.xlsx
HL-14 village/town/ward % (the rates),PC11_HL14-33-618,"HL-14: Percentage of households to total households by amenities and assets, Tamil Nadu, district Nagapattinam - 2011",https://censusindia.gov.in/nada/index.php/catalog/9916,https://censusindia.gov.in/nada/index.php/catalog/9916/download/13028,HLPCA-33618-2011_H14_census.xlsx,659219,d940cff26e8cb5356cac459c0759a11e7ac875f383cd6d1e790df8ff90f500d6,2026-10-01T07:45:54Z,<scratch>/census/option2/hl14/raw/HLPCA-33618-2011_H14_census.xlsx
HL-14 village/town/ward % (the rates),PC11_HL14-33-619,"HL-14: Percentage of households to total households by amenities and assets, Tamil Nadu, district Thiruvarur - 2011",https://censusindia.gov.in/nada/index.php/catalog/9917,https://censusindia.gov.in/nada/index.php/catalog/9917/download/13029,HLPCA-33619-2011_H14_census.xlsx,670436,4f72c6551bcc4bbc28f35ee1f66e1cad36c07d5e9c0032499ac7e391664e1fe7,2026-10-01T07:45:59Z,<scratch>/census/option2/hl14/raw/HLPCA-33619-2011_H14_census.xlsx
HL-14 village/town/ward % (the rates),PC11_HL14-33-620,"HL-14: Percentage of households to total households by amenities and assets, Tamil Nadu, district Thanjavur - 2011",https://censusindia.gov.in/nada/index.php/catalog/9918,https://censusindia.gov.in/nada/index.php/catalog/9918/download/13030,HLPCA-33620-2011_H14_census.xlsx,1124631,2f8ae47978eb84cd5521dc9d09eba2e341e9ab24b0f3a1a84d5b921db5f309ef,2026-10-01T07:45:58Z,<scratch>/census/option2/hl14/raw/HLPCA-33620-2011_H14_census.xlsx
HL-14 village/town/ward % (the rates),PC11_HL14-33-621,"HL-14: Percentage of households to total households by amenities and assets, Tamil Nadu, district Pudukkottai - 2011",https://censusindia.gov.in/nada/index.php/catalog/9919,https://censusindia.gov.in/nada/index.php/catalog/9919/download/13031,HLPCA-33621-2011_H14_census.xlsx,811054,80ee739b78abbc81227eafe1df7de19545d731a95fc847f4f50352c9d2ce0d38,2026-10-01T07:46:03Z,<scratch>/census/option2/hl14/raw/HLPCA-33621-2011_H14_census.xlsx
HL-14 village/town/ward % (the rates),PC11_HL14-33-622,"HL-14: Percentage of households to total households by amenities and assets, Tamil Nadu, district Sivaganga - 2011",https://censusindia.gov.in/nada/index.php/catalog/9920,https://censusindia.gov.in/nada/index.php/catalog/9920/download/13032,HLPCA-33622-2011_H14_census.xlsx,696071,0790f7d8eed966a112b901e641b93489dd63e7f65606874e59c2682c73cb3bfc,2026-10-01T07:46:02Z,<scratch>/census/option2/hl14/raw/HLPCA-33622-2011_H14_census.xlsx
HL-14 village/town/ward % (the rates),PC11_HL14-33-623,"HL-14: Percentage of households to total households by amenities and assets, Tamil Nadu, district Madurai - 2011",https://censusindia.gov.in/nada/index.php/catalog/9921,https://censusindia.gov.in/nada/index.php/catalog/9921/download/13033,HLPCA-33623-2011_H14_census.xlsx,854526,2df56422cff1a7c04fa786873974eee23dd49eab23c2c2e41087591cc301e2e8,2026-10-01T07:46:06Z,<scratch>/census/option2/hl14/raw/HLPCA-33623-2011_H14_census.xlsx
HL-14 village/town/ward % (the rates),PC11_HL14-33-624,"HL-14: Percentage of households to total households by amenities and assets, Tamil Nadu, district Theni - 2011",https://censusindia.gov.in/nada/index.php/catalog/9922,https://censusindia.gov.in/nada/index.php/catalog/9922/download/13034,HLPCA-33624-2011_H14_census.xlsx,540980,da67ddb4aedd9ab2a81048ab090f05d671b4f153158c86ea5ba96d8d60c3ca34,2026-10-01T07:46:05Z,<scratch>/census/option2/hl14/raw/HLPCA-33624-2011_H14_census.xlsx
HL-14 village/town/ward % (the rates),PC11_HL14-33-625,"HL-14: Percentage of households to total households by amenities and assets, Tamil Nadu, district Virudhunagar - 2011",https://censusindia.gov.in/nada/index.php/catalog/9923,https://censusindia.gov.in/nada/index.php/catalog/9923/download/13035,HLPCA-33625-2011_H14_census.xlsx,789139,68cce64f014f9d2b7acdeb6cbaeeb28239ff949e7320652801a70b1db1dadc3b,2026-10-01T07:46:09Z,<scratch>/census/option2/hl14/raw/HLPCA-33625-2011_H14_census.xlsx
HL-14 village/town/ward % (the rates),PC11_HL14-33-626,"HL-14: Percentage of households to total households by amenities and assets, Tamil Nadu, district Ramanathapuram - 2011",https://censusindia.gov.in/nada/index.php/catalog/9924,https://censusindia.gov.in/nada/index.php/catalog/9924/download/13036,HLPCA-33626-2011_H14_census.xlsx,553853,3cb40b81223c4e38c2f780fd9445742771c36aecb31eb87d9d5c41b5959d3d91,2026-10-01T07:46:08Z,<scratch>/census/option2/hl14/raw/HLPCA-33626-2011_H14_census.xlsx
HL-14 village/town/ward % (the rates),PC11_HL14-33-627,"HL-14: Percentage of households to total households by amenities and assets, Tamil Nadu, district Thoothukkudi - 2011",https://censusindia.gov.in/nada/index.php/catalog/9925,https://censusindia.gov.in/nada/index.php/catalog/9925/download/13037,HLPCA-33627-2011_H14_census.xlsx,764003,ac3af1e512a8c7ece70d96c2e40b94acaf4eaf45c079be6a09343c69915ef55d,2026-10-01T07:46:12Z,<scratch>/census/option2/hl14/raw/HLPCA-33627-2011_H14_census.xlsx
HL-14 village/town/ward % (the rates),PC11_HL14-33-628,"HL-14: Percentage of households to total households by amenities and assets, Tamil Nadu, district Tirunelveli - 2011",https://censusindia.gov.in/nada/index.php/catalog/9926,https://censusindia.gov.in/nada/index.php/catalog/9926/download/13038,HLPCA-33628-2011_H14_census.xlsx,1156355,401e9c9187b908e86cfede1980a3b3878102d027db5564fa1d822b43f815572d,2026-10-01T07:46:11Z,<scratch>/census/option2/hl14/raw/HLPCA-33628-2011_H14_census.xlsx
HL-14 village/town/ward % (the rates),PC11_HL14-33-629,"HL-14: Percentage of households to total households by amenities and assets, Tamil Nadu, district Kanniyakumari - 2011",https://censusindia.gov.in/nada/index.php/catalog/9927,https://censusindia.gov.in/nada/index.php/catalog/9927/download/13039,HLPCA-33629-2011_H14_census.xlsx,1040794,32b7a00101a21f9afd2aa0b7c0818a35112bbb61090cbcd59f8b800f3ec2b203,2026-10-01T07:46:14Z,<scratch>/census/option2/hl14/raw/HLPCA-33629-2011_H14_census.xlsx
HL-14 village/town/ward % (the rates),PC11_HL14-33-630,"HL-14: Percentage of households to total households by amenities and assets, Tamil Nadu, district Dharmapuri - 2011",https://censusindia.gov.in/nada/index.php/catalog/9928,https://censusindia.gov.in/nada/index.php/catalog/9928/download/13040,HLPCA-33630-2011_H14_census.xlsx,576513,915f458263f78c05066d263e5f089963549d928dfe08840902721537b30b72c8,2026-10-01T07:46:13Z,<scratch>/census/option2/hl14/raw/HLPCA-33630-2011_H14_census.xlsx
HL-14 village/town/ward % (the rates),PC11_HL14-33-631,"HL-14: Percentage of households to total households by amenities and assets, Tamil Nadu, district Krishnagiri - 2011",https://censusindia.gov.in/nada/index.php/catalog/9929,https://censusindia.gov.in/nada/index.php/catalog/9929/download/13041,HLPCA-33631-2011_H14_census.xlsx,683439,9c143d8dc50ca48bbc1c87766d005cfb706a48f9a5c8611bdc127c90f0f02664,2026-10-01T07:46:17Z,<scratch>/census/option2/hl14/raw/HLPCA-33631-2011_H14_census.xlsx
HL-14 village/town/ward % (the rates),PC11_HL14-33-632,"HL-14: Percentage of households to total households by amenities and assets, Tamil Nadu, district Coimbatore - 2011",https://censusindia.gov.in/nada/index.php/catalog/9930,https://censusindia.gov.in/nada/index.php/catalog/9930/download/13042,HLPCA-33632-2011_H14_census.xlsx,1051092,c79f454f33c1633d81794b3c8440bf50dd49a868fd43b6a064bd0b64b912ec75,2026-10-01T07:46:16Z,<scratch>/census/option2/hl14/raw/HLPCA-33632-2011_H14_census.xlsx
HL-14 village/town/ward % (the rates),PC11_HL14-33-633,"HL-14: Percentage of households to total households by amenities and assets, Tamil Nadu, district Tiruppur - 2011",https://censusindia.gov.in/nada/index.php/catalog/9931,https://censusindia.gov.in/nada/index.php/catalog/9931/download/13043,HLPCA-33633-2011_H14_census.xlsx,726470,53c6c1742ed3919bf7265ebddeffdf47487726d01f62de3da59494d8d661d21d,2026-10-01T07:46:20Z,<scratch>/census/option2/hl14/raw/HLPCA-33633-2011_H14_census.xlsx
HL-14 village/town/ward % (the rates),PC11_HL14-34-634,"HL-14: Percentage of households to total households by amenities and assets, Puducherry, district Yanam - 2011",https://censusindia.gov.in/nada/index.php/catalog/9932,https://censusindia.gov.in/nada/index.php/catalog/9932/download/13044,HLPCA-34634-2011_H14_census.xlsx,26148,9a24fd3307dc2fe6be6b32d33a85811d9b347b89761a4c7a8ac7d4e669044753,2026-10-01T07:46:18Z,<scratch>/census/option2/hl14/raw/HLPCA-34634-2011_H14_census.xlsx
HL-14 village/town/ward % (the rates),PC11_HL14-34-635,"HL-14: Percentage of households to total households by amenities and assets, Puducherry, district Puducherry - 2011",https://censusindia.gov.in/nada/index.php/catalog/9933,https://censusindia.gov.in/nada/index.php/catalog/9933/download/13045,HLPCA-34635-2011_H14_census.xlsx,157210,58187d5cc2e8d3e96f35521cc7ebcb43395cc46f5b8bb39ed7a7ffc065473633,2026-10-01T07:46:22Z,<scratch>/census/option2/hl14/raw/HLPCA-34635-2011_H14_census.xlsx
HL-14 village/town/ward % (the rates),PC11_HL14-34-636,"HL-14: Percentage of households to total households by amenities and assets, Puducherry, district Mahe - 2011",https://censusindia.gov.in/nada/index.php/catalog/9934,https://censusindia.gov.in/nada/index.php/catalog/9934/download/13046,HLPCA-34636-2011_H14_census.xlsx,29111,501a6287a82274fd71f97c4317a1397c8ccb996b10763d68775c764724beb8ea,2026-10-01T07:46:20Z,<scratch>/census/option2/hl14/raw/HLPCA-34636-2011_H14_census.xlsx
HL-14 village/town/ward % (the rates),PC11_HL14-34-637,"HL-14: Percentage of households to total households by amenities and assets, Puducherry, district Karaikal - 2011",https://censusindia.gov.in/nada/index.php/catalog/9935,https://censusindia.gov.in/nada/index.php/catalog/9935/download/13047,HLPCA-34637-2011_H14_census.xlsx,62101,bee0cfd645e299a3a4cd9d7367d33643d8a3652555e4211438d4f4e440d34fe5,2026-10-01T07:46:23Z,<scratch>/census/option2/hl14/raw/HLPCA-34637-2011_H14_census.xlsx
HL-14 village/town/ward % (the rates),PC11_HL14-35-638,"HL-14: Percentage of households to total households by amenities and assets, Andaman and Nicobar Islands, district Nicobars - 2011",https://censusindia.gov.in/nada/index.php/catalog/9936,https://censusindia.gov.in/nada/index.php/catalog/9936/download/13048,HLPCA-35638-2011_H14_census.xlsx,69881,29107de1b2f1d944b703659d68fb8132254ddc32b2f3f9f4703af1ee89f9bc1e,2026-10-01T07:46:22Z,<scratch>/census/option2/hl14/raw/HLPCA-35638-2011_H14_census.xlsx
HL-14 village/town/ward % (the rates),PC11_HL14-35-639,"HL-14: Percentage of households to total households by amenities and assets, Andaman and Nicobar Islands, district North & Middle Andaman - 2011",https://censusindia.gov.in/nada/index.php/catalog/9937,https://censusindia.gov.in/nada/index.php/catalog/9937/download/13049,HLPCA-35639-2011_H14_census.xlsx,160313,93591c68c91e7f828912eeb860583f59f24746b47aacf037a57e6e59b7d38cc7,2026-10-01T07:46:25Z,<scratch>/census/option2/hl14/raw/HLPCA-35639-2011_H14_census.xlsx
HL-14 village/town/ward % (the rates),PC11_HL14-35-640,"HL-14: Percentage of households to total households by amenities and assets, Andaman and Nicobar Islands, district South Andaman - 2011",https://censusindia.gov.in/nada/index.php/catalog/9938,https://censusindia.gov.in/nada/index.php/catalog/9938/download/13050,HLPCA-35640-2011_H14_census.xlsx,125980,bdf1740d18b0809b1f5cc7d434045a83129fce99157924d2b6d8418a18f84044,2026-10-01T07:46:23Z,<scratch>/census/option2/hl14/raw/HLPCA-35640-2011_H14_census.xlsx
NADA search API response used to enumerate the 640 HL-14 district entries,,,,https://censusindia.gov.in/nada/index.php/api/catalog/search?sk=%22amenities%20and%20assets%22&ps=2000,search_amenities.json,504706,61fe20a7ed7244c0071d4bdfd0982c9ba64684b06464079f79bc57b0fa669b3b,2026-10-01T07:31:40Z,<scratch>/census/option2/hl14/meta/search_amenities.json
PCA-TV unit No_HH (prior weights),PC11_PCA-TV-0101,,https://censusindia.gov.in/nada/index.php/catalog/6192,https://censusindia.gov.in/nada/index.php/catalog/6192/download/9269,PC11_PCA-TV-0101.xlsx,202781,f0b7a469d17b86417f9bb94297d7e2a6e4490550ae63efd3588a2a061399c5fd,,<scratch>/census/option2/pca/tv/PC11_PCA-TV-0101.xlsx
PCA-TV unit No_HH (prior weights),PC11_PCA-TV-0102,"PCA TV: Primary census abstract at town, village and ward level, Jammu and Kashmir - District Badgam - 2011",https://censusindia.gov.in/nada/index.php/catalog/6193,https://censusindia.gov.in/nada/index.php/catalog/6193/download/9270,PC11_PCA-TV-0102.xlsx,289849,84ddc3ac5375380aeb621da0cb9bcd24217ca2e38756e0403c5e775bab13f4f5,,<scratch>/census/option2/pca/tv/PC11_PCA-TV-0102.xlsx
PCA-TV unit No_HH (prior weights),PC11_PCA-TV-0103,,https://censusindia.gov.in/nada/index.php/catalog/6194,https://censusindia.gov.in/nada/index.php/catalog/6194/download/9271,PC11_PCA-TV-0103.xlsx,84225,a278f9ea22cfdc1cd3c955895f058e24bd39cf02777a9762e74e76efad294c51,,<scratch>/census/option2/pca/tv/PC11_PCA-TV-0103.xlsx
PCA-TV unit No_HH (prior weights),PC11_PCA-TV-0104,,https://censusindia.gov.in/nada/index.php/catalog/6195,https://censusindia.gov.in/nada/index.php/catalog/6195/download/9272,PC11_PCA-TV-0104.xlsx,87687,ef56998fd63ca6e7f66e86301fdae1ab04eccdd11f831a3cd037eed4bf3763b2,,<scratch>/census/option2/pca/tv/PC11_PCA-TV-0104.xlsx
PCA-TV unit No_HH (prior weights),PC11_PCA-TV-0105,,https://censusindia.gov.in/nada/index.php/catalog/6196,https://censusindia.gov.in/nada/index.php/catalog/6196/download/9273,PC11_PCA-TV-0105.xlsx,121853,818ce74866f1e9ef2a82126e7f32a49b98a38821fc25a3a9175dfa2abf7569fc,,<scratch>/census/option2/pca/tv/PC11_PCA-TV-0105.xlsx
PCA-TV unit No_HH (prior weights),PC11_PCA-TV-0106,"PCA TV: Primary census abstract at town, village and ward level, Jammu and Kashmir - District Rajouri - 2011",https://censusindia.gov.in/nada/index.php/catalog/6197,https://censusindia.gov.in/nada/index.php/catalog/6197/download/9274,PC11_PCA-TV-0106.xlsx,234083,3f2ff4e6bad51d2824520ecfd8c808b4b87bc61c0abcf717e756a46eae02bca6,,<scratch>/census/option2/pca/tv/PC11_PCA-TV-0106.xlsx
PCA-TV unit No_HH (prior weights),PC11_PCA-TV-0107,,https://censusindia.gov.in/nada/index.php/catalog/6198,https://censusindia.gov.in/nada/index.php/catalog/6198/download/9275,PC11_PCA-TV-0107.xlsx,300435,847f6bb60a98ac3ae5f7893616ff5cd5a09c0266b36c0270659d5c728ad09802,,<scratch>/census/option2/pca/tv/PC11_PCA-TV-0107.xlsx
PCA-TV unit No_HH (prior weights),PC11_PCA-TV-0108,,https://censusindia.gov.in/nada/index.php/catalog/6199,https://censusindia.gov.in/nada/index.php/catalog/6199/download/9276,PC11_PCA-TV-0108.xlsx,321855,455d923b1cce53f5c3b1425bf257667f05e74fe82f2a47583391fd70a889a92f,,<scratch>/census/option2/pca/tv/PC11_PCA-TV-0108.xlsx
PCA-TV unit No_HH (prior weights),PC11_PCA-TV-0109,,https://censusindia.gov.in/nada/index.php/catalog/6200,https://censusindia.gov.in/nada/index.php/catalog/6200/download/9277,PC11_PCA-TV-0109.xlsx,105136,8bce09790c43eac0fe410ce55202de0bffa877bc44e11b07df562eabaa3c5a33,,<scratch>/census/option2/pca/tv/PC11_PCA-TV-0109.xlsx
PCA-TV unit No_HH (prior weights),PC11_PCA-TV-0110,,https://censusindia.gov.in/nada/index.php/catalog/6201,https://censusindia.gov.in/nada/index.php/catalog/6201/download/9278,PC11_PCA-TV-0110.xlsx,69798,f0e08bfca409e8688932a721f17150be58e8f1ac2589da4d5976d3166694f874,,<scratch>/census/option2/pca/tv/PC11_PCA-TV-0110.xlsx
PCA-TV unit No_HH (prior weights),PC11_PCA-TV-0111,,https://censusindia.gov.in/nada/index.php/catalog/6202,https://censusindia.gov.in/nada/index.php/catalog/6202/download/9279,PC11_PCA-TV-0111.xlsx,89785,c96292fd75680916812f9ba9712f693b55f1a0950e63d33444d75ab436bbdaf4,,<scratch>/census/option2/pca/tv/PC11_PCA-TV-0111.xlsx
PCA-TV unit No_HH (prior weights),PC11_PCA-TV-0112,,https://censusindia.gov.in/nada/index.php/catalog/6203,https://censusindia.gov.in/nada/index.php/catalog/6203/download/9280,PC11_PCA-TV-0112.xlsx,212396,1113d0044ca943e4be04e39d62e8cd6d48430a0c3601c4a77ad79e5769a50b93,,<scratch>/census/option2/pca/tv/PC11_PCA-TV-0112.xlsx
PCA-TV unit No_HH (prior weights),PC11_PCA-TV-0113,,https://censusindia.gov.in/nada/index.php/catalog/6204,https://censusindia.gov.in/nada/index.php/catalog/6204/download/9281,PC11_PCA-TV-0113.xlsx,129538,ff5bcf0a71f6f56648a62f135778ca2501a66ac37b7232923db9f47c0b4eeb9c,,<scratch>/census/option2/pca/tv/PC11_PCA-TV-0113.xlsx
PCA-TV unit No_HH (prior weights),PC11_PCA-TV-0114,,https://censusindia.gov.in/nada/index.php/catalog/6205,https://censusindia.gov.in/nada/index.php/catalog/6205/download/9282,PC11_PCA-TV-0114.xlsx,285153,14a6cee44973c030320bcae2f720e2b7a6beeef269a353daf53e07f0cfbea28c,,<scratch>/census/option2/pca/tv/PC11_PCA-TV-0114.xlsx
PCA-TV unit No_HH (prior weights),PC11_PCA-TV-0115,,https://censusindia.gov.in/nada/index.php/catalog/6206,https://censusindia.gov.in/nada/index.php/catalog/6206/download/9283,PC11_PCA-TV-0115.xlsx,176180,76e197131138acf1f13b00da999031c016f1a282a185540ad1f9b723d4822775,,<scratch>/census/option2/pca/tv/PC11_PCA-TV-0115.xlsx
PCA-TV unit No_HH (prior weights),PC11_PCA-TV-0116,,https://censusindia.gov.in/nada/index.php/catalog/6207,https://censusindia.gov.in/nada/index.php/catalog/6207/download/9284,PC11_PCA-TV-0116.xlsx,223438,2f430e6db49c3c2538fa845d18bcb834d631766d1f6d581b203210538d811a71,,<scratch>/census/option2/pca/tv/PC11_PCA-TV-0116.xlsx
PCA-TV unit No_HH (prior weights),PC11_PCA-TV-0117,,https://censusindia.gov.in/nada/index.php/catalog/6208,https://censusindia.gov.in/nada/index.php/catalog/6208/download/9285,PC11_PCA-TV-0117.xlsx,91790,e43bf5f6bdf0b3b31f7cd1e8c83eff896739f484fa07470fa3be47f9f3f13bab,,<scratch>/census/option2/pca/tv/PC11_PCA-TV-0117.xlsx
PCA-TV unit No_HH (prior weights),PC11_PCA-TV-0118,,https://censusindia.gov.in/nada/index.php/catalog/6209,https://censusindia.gov.in/nada/index.php/catalog/6209/download/9286,PC11_PCA-TV-0118.xlsx,101718,7d8f4799f621fc5b88bf07376aa4d4502d5d4ccdfab151a598e481d1339bbd2b,,<scratch>/census/option2/pca/tv/PC11_PCA-TV-0118.xlsx
PCA-TV unit No_HH (prior weights),PC11_PCA-TV-0119,,https://censusindia.gov.in/nada/index.php/catalog/6210,https://censusindia.gov.in/nada/index.php/catalog/6210/download/9287,PC11_PCA-TV-0119.xlsx,216666,49bde37bcee75acfc49c05e05b3125b82db1c691d5f1e4d9c886c8d36f74835a,,<scratch>/census/option2/pca/tv/PC11_PCA-TV-0119.xlsx
PCA-TV unit No_HH (prior weights),PC11_PCA-TV-0120,,https://censusindia.gov.in/nada/index.php/catalog/6211,https://censusindia.gov.in/nada/index.php/catalog/6211/download/9288,PC11_PCA-TV-0120.xlsx,154293,16f2f68a21e186b0d2a88c05a96e7e3787a80b8d323be5f2c0396e587888350e,,<scratch>/census/option2/pca/tv/PC11_PCA-TV-0120.xlsx
PCA-TV unit No_HH (prior weights),PC11_PCA-TV-0121,,https://censusindia.gov.in/nada/index.php/catalog/6212,https://censusindia.gov.in/nada/index.php/catalog/6212/download/9289,PC11_PCA-TV-0121.xlsx,518651,c97565e7067cb8b6897b421ffd043205acbdb008a8ad1b52560352dfbebc8ed4,,<scratch>/census/option2/pca/tv/PC11_PCA-TV-0121.xlsx
PCA-TV unit No_HH (prior weights),PC11_PCA-TV-0122,,https://censusindia.gov.in/nada/index.php/catalog/6213,https://censusindia.gov.in/nada/index.php/catalog/6213/download/9290,PC11_PCA-TV-0122.xlsx,210783,75d328e5e855945e6dde981bbff0e9b29c96378d8327d4f8b168fcda98e2d192,,<scratch>/census/option2/pca/tv/PC11_PCA-TV-0122.xlsx
PCA-TV unit No_HH (prior weights),PC11_PCA-TV-0201,"PCA TV: Primary census abstract at town, village and ward level, Himachal Pradesh - District Chamba - 2011",https://censusindia.gov.in/nada/index.php/catalog/6214,https://censusindia.gov.in/nada/index.php/catalog/6214/download/9291,PC11_PCA-TV-0201.xlsx,729555,3057a84fbd5c80c771d832174669420680f96c0bc657a8593a5968d139bcea9c,,<scratch>/census/option2/pca/tv/PC11_PCA-TV-0201.xlsx
PCA-TV unit No_HH (prior weights),PC11_PCA-TV-0202,,https://censusindia.gov.in/nada/index.php/catalog/6215,https://censusindia.gov.in/nada/index.php/catalog/6215/download/9292,PC11_PCA-TV-0202.xlsx,1861542,d725ed35e661738fdf307981c9af9fce243ae88831f57ec416e71b5e29fbec05,,<scratch>/census/option2/pca/tv/PC11_PCA-TV-0202.xlsx
PCA-TV unit No_HH (prior weights),PC11_PCA-TV-0203,,https://censusindia.gov.in/nada/index.php/catalog/6216,https://censusindia.gov.in/nada/index.php/catalog/6216/download/9293,PC11_PCA-TV-0203.xlsx,215509,b30bd684cf8cfb280588c816e49d411b339a0c19c776072118b5440f86d04521,,<scratch>/census/option2/pca/tv/PC11_PCA-TV-0203.xlsx
PCA-TV unit No_HH (prior weights),PC11_PCA-TV-0204,,https://censusindia.gov.in/nada/index.php/catalog/6217,https://censusindia.gov.in/nada/index.php/catalog/6217/download/9294,PC11_PCA-TV-0204.xlsx,197389,66e1458848af6190d0bd6ad24aafbe78de5120e64587681c79c94ac3574fb2eb,,<scratch>/census/option2/pca/tv/PC11_PCA-TV-0204.xlsx
PCA-TV unit No_HH (prior weights),PC11_PCA-TV-0205,,https://censusindia.gov.in/nada/index.php/catalog/6218,https://censusindia.gov.in/nada/index.php/catalog/6218/download/9295,PC11_PCA-TV-0205.xlsx,1536531,384d5f93e41819c6ea856268235d28f92d64c8152bbbf104160ddcfc154b97e0,,<scratch>/census/option2/pca/tv/PC11_PCA-TV-0205.xlsx
PCA-TV unit No_HH (prior weights),PC11_PCA-TV-0206,,https://censusindia.gov.in/nada/index.php/catalog/6219,https://censusindia.gov.in/nada/index.php/catalog/6219/download/9296,PC11_PCA-TV-0206.xlsx,816221,83580564c3f2c2f8a7fcfd2e27172ed7a5ba07d7b5dba9bb01a3b49b6d1fba60,,<scratch>/census/option2/pca/tv/PC11_PCA-TV-0206.xlsx
PCA-TV unit No_HH (prior weights),PC11_PCA-TV-0207,,https://censusindia.gov.in/nada/index.php/catalog/6220,https://censusindia.gov.in/nada/index.php/catalog/6220/download/9297,PC11_PCA-TV-0207.xlsx,431325,5855ddfc93ae8b9c7aae28b373bd3e6129a2d85457caa32c88da2977ff977b55,,<scratch>/census/option2/pca/tv/PC11_PCA-TV-0207.xlsx
PCA-TV unit No_HH (prior weights),PC11_PCA-TV-0208,,https://censusindia.gov.in/nada/index.php/catalog/6221,https://censusindia.gov.in/nada/index.php/catalog/6221/download/9298,PC11_PCA-TV-0208.xlsx,514716,bd50b70903aac92cb242ce9c68cf9751e7b4f96b80d6fdf47088c6021f455a3a,,<scratch>/census/option2/pca/tv/PC11_PCA-TV-0208.xlsx
PCA-TV unit No_HH (prior weights),PC11_PCA-TV-0209,,https://censusindia.gov.in/nada/index.php/catalog/6222,https://censusindia.gov.in/nada/index.php/catalog/6222/download/9299,PC11_PCA-TV-0209.xlsx,1165433,e3f9de04f016c2779a703d37ab9cd15eecd83e8120f696a4ec0a177949bc7ea7,,<scratch>/census/option2/pca/tv/PC11_PCA-TV-0209.xlsx
PCA-TV unit No_HH (prior weights),PC11_PCA-TV-0210,"PCA TV: Primary census abstract at town, village and ward level, Himachal Pradesh - District Sirmaur - 2011",https://censusindia.gov.in/nada/index.php/catalog/6223,https://censusindia.gov.in/nada/index.php/catalog/6223/download/9300,PC11_PCA-TV-0210.xlsx,491537,87796992accd14f88539e33bb7f806a44f869c229ce4eaaf321cfcb81a772890,,<scratch>/census/option2/pca/tv/PC11_PCA-TV-0210.xlsx
PCA-TV unit No_HH (prior weights),PC11_PCA-TV-0211,"PCA TV: Primary census abstract at town, village and ward level, Himachal Pradesh - District Shimla - 2011",https://censusindia.gov.in/nada/index.php/catalog/6224,https://censusindia.gov.in/nada/index.php/catalog/6224/download/9301,PC11_PCA-TV-0211.xlsx,1468470,4a0e9dddb54caf71c13dd314d1a2233bb66366edee65081a2414bfdb0044a504,,<scratch>/census/option2/pca/tv/PC11_PCA-TV-0211.xlsx
PCA-TV unit No_HH (prior weights),PC11_PCA-TV-0212,"PCA TV: Primary census abstract at town, village and ward level, Himachal Pradesh - District Kinnaur - 2011",https://censusindia.gov.in/nada/index.php/catalog/6225,https://censusindia.gov.in/nada/index.php/catalog/6225/download/9302,PC11_PCA-TV-0212.xlsx,268582,0f2a6e04a4b1855e4f5d46ec576b35bbfd0b531beed848274f4da9f3d0a9bb9d,,<scratch>/census/option2/pca/tv/PC11_PCA-TV-0212.xlsx
PCA-TV unit No_HH (prior weights),PC11_PCA-TV-0301,"PCA TV: Primary census abstract at town, village and ward level, Punjab - District Gurdaspur - 2011",https://censusindia.gov.in/nada/index.php/catalog/6226,https://censusindia.gov.in/nada/index.php/catalog/6226/download/9303,PC11_PCA-TV-0301.xlsx,886657,e0b119b3008c2fe1a7a45a90e2e0b790779a51831f21761b950362bae59ea12f,,<scratch>/census/option2/pca/tv/PC11_PCA-TV-0301.xlsx
PCA-TV unit No_HH (prior weights),PC11_PCA-TV-0302,"PCA TV: Primary census abstract at town, village and ward level, Punjab - District Kapurthala - 2011",https://censusindia.gov.in/nada/index.php/catalog/6227,https://censusindia.gov.in/nada/index.php/catalog/6227/download/9304,PC11_PCA-TV-0302.xlsx,385677,0b9112d6e053168902c291ee27a61af59b99bbe3c16e59ded1beb5b81fa2d62e,,<scratch>/census/option2/pca/tv/PC11_PCA-TV-0302.xlsx
PCA-TV unit No_HH (prior weights),PC11_PCA-TV-0303,"PCA TV: Primary census abstract at town, village and ward level, Punjab - District Jalandhar - 2011",https://censusindia.gov.in/nada/index.php/catalog/6228,https://censusindia.gov.in/nada/index.php/catalog/6228/download/9305,PC11_PCA-TV-0303.xlsx,582115,4f41eefaec2c5a64b9797e885e6d619711e5ca8f3453952b3a499b74b6f4c863,,<scratch>/census/option2/pca/tv/PC11_PCA-TV-0303.xlsx
PCA-TV unit No_HH (prior weights),PC11_PCA-TV-0304,"PCA TV: Primary census abstract at town, village and ward level, Punjab - District Hoshiarpur - 2011",https://censusindia.gov.in/nada/index.php/catalog/6229,https://censusindia.gov.in/nada/index.php/catalog/6229/download/9306,PC11_PCA-TV-0304.xlsx,757792,de81502ac6f3fb685d653346c10af3b5f4ae5905ef122f1bc1e6856b1361b206,,<scratch>/census/option2/pca/tv/PC11_PCA-TV-0304.xlsx
PCA-TV unit No_HH (prior weights),PC11_PCA-TV-0305,"PCA TV: Primary census abstract at town, village and ward level, Punjab - District Shahid Bhagat Singh Nagar - 2011",https://censusindia.gov.in/nada/index.php/catalog/6230,https://censusindia.gov.in/nada/index.php/catalog/6230/download/9307,PC11_PCA-TV-0305.xlsx,270927,d875997d0b8d45811785735f00709da9c1f403d3f210aba29701f609f1b04f1e,,<scratch>/census/option2/pca/tv/PC11_PCA-TV-0305.xlsx
PCA-TV unit No_HH (prior weights),PC11_PCA-TV-0306,"PCA TV: Primary census abstract at town, village and ward level, Punjab - District Fatehgarh Sahib - 2011",https://censusindia.gov.in/nada/index.php/catalog/6231,https://censusindia.gov.in/nada/index.php/catalog/6231/download/9308,PC11_PCA-TV-0306.xlsx,270176,dc2a81bd91bbc975fdfdadfc1c0b53508f34d05d76597f59df8bba5d094ff752,,<scratch>/census/option2/pca/tv/PC11_PCA-TV-0306.xlsx
PCA-TV unit No_HH (prior weights),PC11_PCA-TV-0307,"PCA TV: Primary census abstract at town, village and ward level, Punjab - District Ludhiana - 2011",https://censusindia.gov.in/nada/index.php/catalog/6232,https://censusindia.gov.in/nada/index.php/catalog/6232/download/9309,PC11_PCA-TV-0307.xlsx,594484,894e69f6a4f01b5f92b6d9605deaa94f513469f1065c9313a6cd684a8a394249,,<scratch>/census/option2/pca/tv/PC11_PCA-TV-0307.xlsx
PCA-TV unit No_HH (prior weights),PC11_PCA-TV-0308,"PCA TV: Primary census abstract at town, village and ward level, Punjab - District Moga - 2011",https://censusindia.gov.in/nada/index.php/catalog/6233,https://censusindia.gov.in/nada/index.php/catalog/6233/download/9310,PC11_PCA-TV-0308.xlsx,218503,fe324c00714df7cabfd0d84e8b9caba3bd6171fd451182765a606e4bc1c027eb,,<scratch>/census/option2/pca/tv/PC11_PCA-TV-0308.xlsx
PCA-TV unit No_HH (prior weights),PC11_PCA-TV-0309,"PCA TV: Primary census abstract at town, village and ward level, Punjab - District Firozpur - 2011",https://censusindia.gov.in/nada/index.php/catalog/6234,https://censusindia.gov.in/nada/index.php/catalog/6234/download/9311,PC11_PCA-TV-0309.xlsx,601030,ee70fe8d16e497584ea9db091dffefe1cfd8b2ac916da4aff7c9f655ba6e50be,,<scratch>/census/option2/pca/tv/PC11_PCA-TV-0309.xlsx
PCA-TV unit No_HH (prior weights),PC11_PCA-TV-0310,"PCA TV: Primary census abstract at town, village and ward level, Punjab - District Muktsar - 2011",https://censusindia.gov.in/nada/index.php/catalog/6235,https://censusindia.gov.in/nada/index.php/catalog/6235/download/9312,PC11_PCA-TV-0310.xlsx,176278,f2b6968d3e387ad0fe395a82f4c43398e21416b9b89c413cf20b52ef68161c87,,<scratch>/census/option2/pca/tv/PC11_PCA-TV-0310.xlsx
PCA-TV unit No_HH (prior weights),PC11_PCA-TV-0311,"PCA TV: Primary census abstract at town, village and ward level, Punjab - District Faridkot - 2011",https://censusindia.gov.in/nada/index.php/catalog/6236,https://censusindia.gov.in/nada/index.php/catalog/6236/download/9313,PC11_PCA-TV-0311.xlsx,136476,8ac48a5d419a27a1b3df76556dfb6aa69aeb263b87d194c0f9400aa3d18e990a,,<scratch>/census/option2/pca/tv/PC11_PCA-TV-0311.xlsx
PCA-TV unit No_HH (prior weights),PC11_PCA-TV-0312,"PCA TV: Primary census abstract at town, village and ward level, Punjab - District Bathinda - 2011",https://censusindia.gov.in/nada/index.php/catalog/6237,https://censusindia.gov.in/nada/index.php/catalog/6237/download/9314,PC11_PCA-TV-0312.xlsx,256362,a63f8cacf089c38ad393c78f21a1a8b8e823564aa4953820ccad27b8a90f9c05,,<scratch>/census/option2/pca/tv/PC11_PCA-TV-0312.xlsx
PCA-TV unit No_HH (prior weights),PC11_PCA-TV-0313,"PCA TV: Primary census abstract at town, village and ward level, Punjab - District Mansa - 2011",https://censusindia.gov.in/nada/index.php/catalog/6238,https://censusindia.gov.in/nada/index.php/catalog/6238/download/9315,PC11_PCA-TV-0313.xlsx,182690,a731350f50af117b8b3fc4bfde31a25b8ce304ed2f413412fa1577e8755f27fb,,<scratch>/census/option2/pca/tv/PC11_PCA-TV-0313.xlsx
PCA-TV unit No_HH (prior weights),PC11_PCA-TV-0314,"PCA TV: Primary census abstract at town, village and ward level, Punjab - District Patiala - 2011",https://censusindia.gov.in/nada/index.php/catalog/6239,https://censusindia.gov.in/nada/index.php/catalog/6239/download/9316,PC11_PCA-TV-0314.xlsx,552013,af4427c25210451398f55004d7c8cb710bef4fd134a1971bfaac0ffb7891b6a8,,<scratch>/census/option2/pca/tv/PC11_PCA-TV-0314.xlsx
PCA-TV unit No_HH (prior weights),PC11_PCA-TV-0315,"PCA TV: Primary census abstract at town, village and ward level, Punjab - District Amritsar - 2011",https://censusindia.gov.in/nada/index.php/catalog/6240,https://censusindia.gov.in/nada/index.php/catalog/6240/download/9317,PC11_PCA-TV-0315.xlsx,476286,741b89e6d9997f13cc699bd6fc06030c09b3fc9ac52afb9a2bd910ea25ebdd97,,<scratch>/census/option2/pca/tv/PC11_PCA-TV-0315.xlsx
PCA-TV unit No_HH (prior weights),PC11_PCA-TV-0316,"PCA TV: Primary census abstract at town, village and ward level, Punjab - District Tarn Taran - 2011",https://censusindia.gov.in/nada/index.php/catalog/6241,https://censusindia.gov.in/nada/index.php/catalog/6241/download/9318,PC11_PCA-TV-0316.xlsx,285290,957518d955c8f5d905cd9af8bef976a5f64f61c88b834848b515c1fa2c18206f,,<scratch>/census/option2/pca/tv/PC11_PCA-TV-0316.xlsx
PCA-TV unit No_HH (prior weights),PC11_PCA-TV-0317,"PCA TV: Primary census abstract at town, village and ward level, Punjab - District Rupnagar - 2011",https://censusindia.gov.in/nada/index.php/catalog/6242,https://censusindia.gov.in/nada/index.php/catalog/6242/download/9319,PC11_PCA-TV-0317.xlsx,348476,912c2d10c8c0c8fbd1fa4e59bee0baa507ef58a8b4d37709268b5bfddda3c5dc,,<scratch>/census/option2/pca/tv/PC11_PCA-TV-0317.xlsx
PCA-TV unit No_HH (prior weights),PC11_PCA-TV-0318,"PCA TV: Primary census abstract at town, village and ward level, Punjab - District Sahibzada Ajit Singh Nagar - 2011",https://censusindia.gov.in/nada/index.php/catalog/6243,https://censusindia.gov.in/nada/index.php/catalog/6243/download/9320,PC11_PCA-TV-0318.xlsx,286942,e058e6bfe45089818193fbd4a45fe160a7122f7e6ea646d15372b2cf78e48a03,,<scratch>/census/option2/pca/tv/PC11_PCA-TV-0318.xlsx
PCA-TV unit No_HH (prior weights),PC11_PCA-TV-0319,"PCA TV: Primary census abstract at town, village and ward level, Punjab - District Sangrur - 2011",https://censusindia.gov.in/nada/index.php/catalog/6244,https://censusindia.gov.in/nada/index.php/catalog/6244/download/9321,PC11_PCA-TV-0319.xlsx,406978,704a0e6b6bb8adccd6f325e4a484397d097bb0c110e17bd46659cca130694d4e,,<scratch>/census/option2/pca/tv/PC11_PCA-TV-0319.xlsx
PCA-TV unit No_HH (prior weights),PC11_PCA-TV-0320,"PCA TV: Primary census abstract at town, village and ward level, Punjab - District Barnala - 2011",https://censusindia.gov.in/nada/index.php/catalog/6245,https://censusindia.gov.in/nada/index.php/catalog/6245/download/9322,PC11_PCA-TV-0320.xlsx,122089,831d170c2db035b11cdca9e7ccf82926215faea52878e302ce456712260663c3,,<scratch>/census/option2/pca/tv/PC11_PCA-TV-0320.xlsx
PCA-TV unit No_HH (prior weights),PC11_PCA-TV-0401,"PCA TV: Primary census abstract at town, village and ward level, Chandigarh - District Chandigarh - 2011",https://censusindia.gov.in/nada/index.php/catalog/6246,https://censusindia.gov.in/nada/index.php/catalog/6246/download/9323,PC11_PCA-TV-0401.xlsx,41288,ff221c06c41916e05715533f54622bedcafe483989840cc607fb7fdf3cd19aa8,,<scratch>/census/option2/pca/tv/PC11_PCA-TV-0401.xlsx
PCA-TV unit No_HH (prior weights),PC11_PCA-TV-0501,"PCA TV: Primary census abstract at town, village and ward level, Uttarakhand - District Uttarkashi - 2011",https://censusindia.gov.in/nada/index.php/catalog/6247,https://censusindia.gov.in/nada/index.php/catalog/6247/download/9324,PC11_PCA-TV-0501.xlsx,344947,25cfbd354b61fce20829fc312c6d668b53e2e0bfe841a9832c4cf429a0550ed0,,<scratch>/census/option2/pca/tv/PC11_PCA-TV-0501.xlsx
PCA-TV unit No_HH (prior weights),PC11_PCA-TV-0502,"PCA TV: Primary census abstract at town, village and ward level, Uttarakhand - District Chamoli - 2011",https://censusindia.gov.in/nada/index.php/catalog/6248,https://censusindia.gov.in/nada/index.php/catalog/6248/download/9325,PC11_PCA-TV-0502.xlsx,587199,a8a378f507801908cfaef62f83c8e53374ea6ae642326d9084bf6343b67686e0,,<scratch>/census/option2/pca/tv/PC11_PCA-TV-0502.xlsx
PCA-TV unit No_HH (prior weights),PC11_PCA-TV-0503,"PCA TV: Primary census abstract at town, village and ward level, Uttarakhand - District Rudraprayag - 2011",https://censusindia.gov.in/nada/index.php/catalog/6249,https://censusindia.gov.in/nada/index.php/catalog/6249/download/9326,PC11_PCA-TV-0503.xlsx,324944,645b5da42604b7df8e36c6291f6f72134bd7de95b2c586f62c1d7cea73d364ac,,<scratch>/census/option2/pca/tv/PC11_PCA-TV-0503.xlsx
PCA-TV unit No_HH (prior weights),PC11_PCA-TV-0504,"PCA TV: Primary census abstract at town, village and ward level, Uttarakhand - District Tehri Garhwal - 2011",https://censusindia.gov.in/nada/index.php/catalog/6250,https://censusindia.gov.in/nada/index.php/catalog/6250/download/9327,PC11_PCA-TV-0504.xlsx,869811,95bdec4ffa1b4de99dc6aeab07b2d907d6348fa640837bb2340cc3a8d6f2659e,,<scratch>/census/option2/pca/tv/PC11_PCA-TV-0504.xlsx
PCA-TV unit No_HH (prior weights),PC11_PCA-TV-0505,"PCA TV: Primary census abstract at town, village and ward level, Uttarakhand - District Dehradun - 2011",https://censusindia.gov.in/nada/index.php/catalog/6251,https://censusindia.gov.in/nada/index.php/catalog/6251/download/9328,PC11_PCA-TV-0505.xlsx,456164,744a912a787c2f4faf530092b1b01d81f394f636c2eae92041cabb84831e6909,,<scratch>/census/option2/pca/tv/PC11_PCA-TV-0505.xlsx
PCA-TV unit No_HH (prior weights),PC11_PCA-TV-0506,"PCA TV: Primary census abstract at town, village and ward level, Uttarakhand - District Garhwal - 2011",https://censusindia.gov.in/nada/index.php/catalog/6252,https://censusindia.gov.in/nada/index.php/catalog/6252/download/9329,PC11_PCA-TV-0506.xlsx,1535457,ee747c62d0d5ceeafdb3421b319c483a0956b2a8cca8ad398a955dca9a199c00,,<scratch>/census/option2/pca/tv/PC11_PCA-TV-0506.xlsx
PCA-TV unit No_HH (prior weights),PC11_PCA-TV-0507,"PCA TV: Primary census abstract at town, village and ward level, Uttarakhand - District Pithoragarh - 2011",https://censusindia.gov.in/nada/index.php/catalog/6253,https://censusindia.gov.in/nada/index.php/catalog/6253/download/9330,PC11_PCA-TV-0507.xlsx,762282,2013565cf993a4ce6a02ed77a77b9cf6656dd3c3c4c0469bd713f008bb48707b,,<scratch>/census/option2/pca/tv/PC11_PCA-TV-0507.xlsx
PCA-TV unit No_HH (prior weights),PC11_PCA-TV-0508,"PCA TV: Primary census abstract at town, village and ward level, Uttarakhand - District Bageshwar - 2011",https://censusindia.gov.in/nada/index.php/catalog/6254,https://censusindia.gov.in/nada/index.php/catalog/6254/download/9331,PC11_PCA-TV-0508.xlsx,429617,b8949a45741914a8f4788bb38dca652269144c1f42ce9bee56d54a880afcde17,,<scratch>/census/option2/pca/tv/PC11_PCA-TV-0508.xlsx
PCA-TV unit No_HH (prior weights),PC11_PCA-TV-0509,"PCA TV: Primary census abstract at town, village and ward level, Uttarakhand - District Almora - 2011",https://censusindia.gov.in/nada/index.php/catalog/6255,https://censusindia.gov.in/nada/index.php/catalog/6255/download/9332,PC11_PCA-TV-0509.xlsx,1041064,eb126703f694d09af3b8c6dfefacf2c6b1a48cf9f7951759d6e453fc76bee742,,<scratch>/census/option2/pca/tv/PC11_PCA-TV-0509.xlsx
PCA-TV unit No_HH (prior weights),PC11_PCA-TV-0510,"PCA TV: Primary census abstract at town, village and ward level, Uttarakhand - District Champawat - 2011",https://censusindia.gov.in/nada/index.php/catalog/6256,https://censusindia.gov.in/nada/index.php/catalog/6256/download/9333,PC11_PCA-TV-0510.xlsx,341624,33010a118139c442605224b48ee1faa5d0b32f7facb86e7cdf9f895228c9ba8b,,<scratch>/census/option2/pca/tv/PC11_PCA-TV-0510.xlsx
PCA-TV unit No_HH (prior weights),PC11_PCA-TV-0511,"PCA TV: Primary census abstract at town, village and ward level, Uttarakhand - District Nainital - 2011",https://censusindia.gov.in/nada/index.php/catalog/6257,https://censusindia.gov.in/nada/index.php/catalog/6257/download/9334,PC11_PCA-TV-0511.xlsx,594267,58d54fa5cd4e373c687e663e704085f24516bb9b5d16e9655618176ec931a952,,<scratch>/census/option2/pca/tv/PC11_PCA-TV-0511.xlsx
PCA-TV unit No_HH (prior weights),PC11_PCA-TV-0512,"PCA TV: Primary census abstract at town, village and ward level, Uttarakhand - District Udham Singh Nagar - 2011",https://censusindia.gov.in/nada/index.php/catalog/6258,https://censusindia.gov.in/nada/index.php/catalog/6258/download/9335,PC11_PCA-TV-0512.xlsx,448146,2edd97e254ef2987eb0f13b8f2faf3e0b27a8523a9c07344379316a42573512e,,<scratch>/census/option2/pca/tv/PC11_PCA-TV-0512.xlsx
PCA-TV unit No_HH (prior weights),PC11_PCA-TV-0513,"PCA TV: Primary census abstract at town, village and ward level, Uttarakhand - District Hardwar - 2011",https://censusindia.gov.in/nada/index.php/catalog/6259,https://censusindia.gov.in/nada/index.php/catalog/6259/download/9336,PC11_PCA-TV-0513.xlsx,380505,209af2a5ca03992ce1e83492f5665859a0f5d130018cf06b8df5de6597061df4,,<scratch>/census/option2/pca/tv/PC11_PCA-TV-0513.xlsx
PCA-TV unit No_HH (prior weights),PC11_PCA-TV-0601,"PCA TV: Primary census abstract at town, village and ward level, Haryana - District Panchkula - 2011",https://censusindia.gov.in/nada/index.php/catalog/6260,https://censusindia.gov.in/nada/index.php/catalog/6260/download/9337,PC11_PCA-TV-0601.xlsx,160375,a8eafa7ad73d0d219e3aaee99c49d8cf0773a891b406c67a5b16e59f5ba27aa7,,<scratch>/census/option2/pca/tv/PC11_PCA-TV-0601.xlsx
PCA-TV unit No_HH (prior weights),PC11_PCA-TV-0602,"PCA TV: Primary census abstract at town, village and ward level, Haryana - District Ambala - 2011",https://censusindia.gov.in/nada/index.php/catalog/6261,https://censusindia.gov.in/nada/index.php/catalog/6261/download/9338,PC11_PCA-TV-0602.xlsx,299669,01f76fee426e400add44ab373112a56342c888af6eaa51142262f215ea5fa0d6,,<scratch>/census/option2/pca/tv/PC11_PCA-TV-0602.xlsx
PCA-TV unit No_HH (prior weights),PC11_PCA-TV-0603,"PCA TV: Primary census abstract at town, village and ward level, Haryana - District Yamunanagar - 2011",https://censusindia.gov.in/nada/index.php/catalog/6262,https://censusindia.gov.in/nada/index.php/catalog/6262/download/9339,PC11_PCA-TV-0603.xlsx,361322,9da3b4b5e7e1d2928504bf1a40b449957ab99ed0e6483dab09bdd18ea417ba30,,<scratch>/census/option2/pca/tv/PC11_PCA-TV-0603.xlsx
PCA-TV unit No_HH (prior weights),PC11_PCA-TV-0604,"PCA TV: Primary census abstract at town, village and ward level, Haryana - District Kurukshetra - 2011",https://censusindia.gov.in/nada/index.php/catalog/6263,https://censusindia.gov.in/nada/index.php/catalog/6263/download/9340,PC11_PCA-TV-0604.xlsx,265322,abc26fe73f3d0f6cf620abb34b43bcfb736f50e68888fddd30ab402914d88521,,<scratch>/census/option2/pca/tv/PC11_PCA-TV-0604.xlsx
PCA-TV unit No_HH (prior weights),PC11_PCA-TV-0605,"PCA TV: Primary census abstract at town, village and ward level, Haryana - District Kaithal - 2011",https://censusindia.gov.in/nada/index.php/catalog/6264,https://censusindia.gov.in/nada/index.php/catalog/6264/download/9341,PC11_PCA-TV-0605.xlsx,197750,f295738b04639ebca54ef4e2798e2b4c07a448ecf71e358507953b68974c3755,,<scratch>/census/option2/pca/tv/PC11_PCA-TV-0605.xlsx
PCA-TV unit No_HH (prior weights),PC11_PCA-TV-0606,"PCA TV: Primary census abstract at town, village and ward level, Haryana - District Karnal - 2011",https://censusindia.gov.in/nada/index.php/catalog/6265,https://censusindia.gov.in/nada/index.php/catalog/6265/download/9342,PC11_PCA-TV-0606.xlsx,304658,ac455bffb9d70d0952f1cb14f2c33e717561c5e82fb2b22960632befaf29a600,,<scratch>/census/option2/pca/tv/PC11_PCA-TV-0606.xlsx
PCA-TV unit No_HH (prior weights),PC11_PCA-TV-0607,"PCA TV: Primary census abstract at town, village and ward level, Haryana - District Panipat - 2011",https://censusindia.gov.in/nada/index.php/catalog/6266,https://censusindia.gov.in/nada/index.php/catalog/6266/download/9343,PC11_PCA-TV-0607.xlsx,152236,7b2e8bd22cd35fe166f0f7613a9dd520472658a21967bbe7c380aeff439cdfba,,<scratch>/census/option2/pca/tv/PC11_PCA-TV-0607.xlsx
PCA-TV unit No_HH (prior weights),PC11_PCA-TV-0608,"PCA TV: Primary census abstract at town, village and ward level, Haryana - District Sonipat - 2011",https://censusindia.gov.in/nada/index.php/catalog/6267,https://censusindia.gov.in/nada/index.php/catalog/6267/download/9344,PC11_PCA-TV-0608.xlsx,242431,a61776c2425213b4f7cebc31eacf298fd09678b072f5e7b4ed7585f6fc4f3b33,,<scratch>/census/option2/pca/tv/PC11_PCA-TV-0608.xlsx
PCA-TV unit No_HH (prior weights),PC11_PCA-TV-0609,"PCA TV: Primary census abstract at town, village and ward level, Haryana - District Jind - 2011",https://censusindia.gov.in/nada/index.php/catalog/6268,https://censusindia.gov.in/nada/index.php/catalog/6268/download/9345,PC11_PCA-TV-0609.xlsx,232057,ee90977a504ea7a9a5f684af9a2ca4e5e950c7f75f5b2f9dd9d8edd3b8283e2a,,<scratch>/census/option2/pca/tv/PC11_PCA-TV-0609.xlsx
PCA-TV unit No_HH (prior weights),PC11_PCA-TV-0610,"PCA TV: Primary census abstract at town, village and ward level, Haryana - District Fatehabad - 2011",https://censusindia.gov.in/nada/index.php/catalog/6269,https://censusindia.gov.in/nada/index.php/catalog/6269/download/9346,PC11_PCA-TV-0610.xlsx,178404,c5b7bf713eb71796491dce7a7a0a69ddab8aeada7827293acb5285d92494f4ea,,<scratch>/census/option2/pca/tv/PC11_PCA-TV-0610.xlsx
PCA-TV unit No_HH (prior weights),PC11_PCA-TV-0611,"PCA TV: Primary census abstract at town, village and ward level, Haryana - District Sirsa - 2011",https://censusindia.gov.in/nada/index.php/catalog/6270,https://censusindia.gov.in/nada/index.php/catalog/6270/download/9347,PC11_PCA-TV-0611.xlsx,241798,f872a95ce26c6d4d00711f2545a9eafb13b01678778c551e029dcb3fe896c248,,<scratch>/census/option2/pca/tv/PC11_PCA-TV-0611.xlsx
PCA-TV unit No_HH (prior weights),PC11_PCA-TV-0612,"PCA TV: Primary census abstract at town, village and ward level, Haryana - District Hisar - 2011",https://censusindia.gov.in/nada/index.php/catalog/6271,https://censusindia.gov.in/nada/index.php/catalog/6271/download/9348,PC11_PCA-TV-0612.xlsx,220892,0718067d7c0460243963a1d59539863e36d5f9945fbe51083e8ef44cbb913bfb,,<scratch>/census/option2/pca/tv/PC11_PCA-TV-0612.xlsx
PCA-TV unit No_HH (prior weights),PC11_PCA-TV-0613,"PCA TV: Primary census abstract at town, village and ward level, Haryana - District Bhiwani - 2011",https://censusindia.gov.in/nada/index.php/catalog/6272,https://censusindia.gov.in/nada/index.php/catalog/6272/download/9349,PC11_PCA-TV-0613.xlsx,304433,af3edac36c8ff3793f10b72c03150016f5c485f86ac7f063c2e13b41e46ea80f,,<scratch>/census/option2/pca/tv/PC11_PCA-TV-0613.xlsx
PCA-TV unit No_HH (prior weights),PC11_PCA-TV-0614,"PCA TV: Primary census abstract at town, village and ward level, Haryana - District Rohtak - 2011",https://censusindia.gov.in/nada/index.php/catalog/6273,https://censusindia.gov.in/nada/index.php/catalog/6273/download/9350,PC11_PCA-TV-0614.xlsx,133214,9266fc0b4db3159960779d3cf7140c43e43ea40d774de3c47e81b422f4b5b1dc,,<scratch>/census/option2/pca/tv/PC11_PCA-TV-0614.xlsx
PCA-TV unit No_HH (prior weights),PC11_PCA-TV-0615,"PCA TV: Primary census abstract at town, village and ward level, Haryana - District Jhajjar - 2011",https://censusindia.gov.in/nada/index.php/catalog/6274,https://censusindia.gov.in/nada/index.php/catalog/6274/download/9351,PC11_PCA-TV-0615.xlsx,189832,64f19fb16d655600757110995f420e39e9e73dba9bf42a44732e059bc488c9e6,,<scratch>/census/option2/pca/tv/PC11_PCA-TV-0615.xlsx
PCA-TV unit No_HH (prior weights),PC11_PCA-TV-0616,"PCA TV: Primary census abstract at town, village and ward level, Haryana - District Mahendragarh - 2011",https://censusindia.gov.in/nada/index.php/catalog/6275,https://censusindia.gov.in/nada/index.php/catalog/6275/download/9352,PC11_PCA-TV-0616.xlsx,241775,208c9d6d1e102301669a1833e6b77c053d431e68879ed067f995d8a735ddfc3e,,<scratch>/census/option2/pca/tv/PC11_PCA-TV-0616.xlsx
PCA-TV unit No_HH (prior weights),PC11_PCA-TV-0617,"PCA TV: Primary census abstract at town, village and ward level, Haryana - District Rewari - 2011",https://censusindia.gov.in/nada/index.php/catalog/6276,https://censusindia.gov.in/nada/index.php/catalog/6276/download/9353,PC11_PCA-TV-0617.xlsx,258404,d1e9c71ae26179064e2ec4ab70c296c9d07079776d6b2a0e946e74a7ed55b8c8,,<scratch>/census/option2/pca/tv/PC11_PCA-TV-0617.xlsx
PCA-TV unit No_HH (prior weights),PC11_PCA-TV-0618,"PCA TV: Primary census abstract at town, village and ward level, Haryana - District Gurgaon - 2011",https://censusindia.gov.in/nada/index.php/catalog/6277,https://censusindia.gov.in/nada/index.php/catalog/6277/download/9354,PC11_PCA-TV-0618.xlsx,195096,eac537b95631f44a0369a5bc319556a1284de4e6e341604c88b4c5d63604cea6,,<scratch>/census/option2/pca/tv/PC11_PCA-TV-0618.xlsx
PCA-TV unit No_HH (prior weights),PC11_PCA-TV-0619,"PCA TV: Primary census abstract at town, village and ward level, Haryana - District Mewat - 2011",https://censusindia.gov.in/nada/index.php/catalog/6278,https://censusindia.gov.in/nada/index.php/catalog/6278/download/9355,PC11_PCA-TV-0619.xlsx,267742,a45fb832b80c0ab9d7aad68b1153e4d841a166debfbc83a1a0ad88c973270741,,<scratch>/census/option2/pca/tv/PC11_PCA-TV-0619.xlsx
PCA-TV unit No_HH (prior weights),PC11_PCA-TV-0620,"PCA TV: Primary census abstract at town, village and ward level, Haryana - District Faridabad - 2011",https://censusindia.gov.in/nada/index.php/catalog/6279,https://censusindia.gov.in/nada/index.php/catalog/6279/download/9356,PC11_PCA-TV-0620.xlsx,114996,f7a254b5fe83271dcb6ca9388622209b4e8d38e521866682b975d53439acd9c4,,<scratch>/census/option2/pca/tv/PC11_PCA-TV-0620.xlsx
PCA-TV unit No_HH (prior weights),PC11_PCA-TV-0621,"PCA TV: Primary census abstract at town, village and ward level, Haryana - District Palwal - 2011",https://censusindia.gov.in/nada/index.php/catalog/6280,https://censusindia.gov.in/nada/index.php/catalog/6280/download/9357,PC11_PCA-TV-0621.xlsx,197861,bfa1e95d1ccc7eba15d785b01f3ec0a9f34bd971e4869bb1c1606757f2d47748,,<scratch>/census/option2/pca/tv/PC11_PCA-TV-0621.xlsx
PCA-TV unit No_HH (prior weights),PC11_PCA-TV-0701,"PCA TV: Primary census abstract at town, village and ward level, NCT of Delhi - District North West - 2011",https://censusindia.gov.in/nada/index.php/catalog/6281,https://censusindia.gov.in/nada/index.php/catalog/6281/download/9358,PC11_PCA-TV-0701.xlsx,110885,0d65b3f07b720691203fe216c74431b7f154f4548c14095c6792b52499f6f3f4,,<scratch>/census/option2/pca/tv/PC11_PCA-TV-0701.xlsx
PCA-TV unit No_HH (prior weights),PC11_PCA-TV-0702,"PCA TV: Primary census abstract at town, village and ward level, NCT of Delhi - District North - 2011",https://censusindia.gov.in/nada/index.php/catalog/6282,https://censusindia.gov.in/nada/index.php/catalog/6282/download/9359,PC11_PCA-TV-0702.xlsx,42389,fee6740be9a6d2230595c4ef2dc3103e88bfbb8a35ffd36f34be0dbdbbfe9d2d,,<scratch>/census/option2/pca/tv/PC11_PCA-TV-0702.xlsx
PCA-TV unit No_HH (prior weights),PC11_PCA-TV-0703,"PCA TV: Primary census abstract at town, village and ward level, NCT of Delhi - District North East - 2011",https://censusindia.gov.in/nada/index.php/catalog/6283,https://censusindia.gov.in/nada/index.php/catalog/6283/download/9360,PC11_PCA-TV-0703.xlsx,66002,0d72c5c463891f826d8ae19452196e00e17236e69131213f30441fc5fd59f0dd,,<scratch>/census/option2/pca/tv/PC11_PCA-TV-0703.xlsx
PCA-TV unit No_HH (prior weights),PC11_PCA-TV-0704,"PCA TV: Primary census abstract at town, village and ward level, NCT of Delhi - District East - 2011",https://censusindia.gov.in/nada/index.php/catalog/6284,https://censusindia.gov.in/nada/index.php/catalog/6284/download/9361,PC11_PCA-TV-0704.xlsx,48582,2c71ba242d9f9788b532ac62943070c16c885ccaecaac9628b7cd7cce1606963,,<scratch>/census/option2/pca/tv/PC11_PCA-TV-0704.xlsx
PCA-TV unit No_HH (prior weights),PC11_PCA-TV-0705,"PCA TV: Primary census abstract at town, village and ward level, NCT of Delhi - District New Delhi - 2011",https://censusindia.gov.in/nada/index.php/catalog/6285,https://censusindia.gov.in/nada/index.php/catalog/6285/download/9362,PC11_PCA-TV-0705.xlsx,27351,2bf3426060e023dd9e4f4c6d544da786a884aeb0ac054a6ea4d307245a3ccd50,,<scratch>/census/option2/pca/tv/PC11_PCA-TV-0705.xlsx
PCA-TV unit No_HH (prior weights),PC11_PCA-TV-0706,"PCA TV: Primary census abstract at town, village and ward level, NCT of Delhi - District Central - 2011",https://censusindia.gov.in/nada/index.php/catalog/6286,https://censusindia.gov.in/nada/index.php/catalog/6286/download/9363,PC11_PCA-TV-0706.xlsx,32879,246efe27f565776816610095baa8fd2586f4665122e9ec8ac87d778972f06e9e,,<scratch>/census/option2/pca/tv/PC11_PCA-TV-0706.xlsx
PCA-TV unit No_HH (prior weights),PC11_PCA-TV-0707,"PCA TV: Primary census abstract at town, village and ward level, NCT of Delhi - District West - 2011",https://censusindia.gov.in/nada/index.php/catalog/6287,https://censusindia.gov.in/nada/index.php/catalog/6287/download/9364,PC11_PCA-TV-0707.xlsx,65989,a4b01b6d1e167b9b27910fca297f14420f49b86517e2c659a4d46dca8c0af743,,<scratch>/census/option2/pca/tv/PC11_PCA-TV-0707.xlsx
PCA-TV unit No_HH (prior weights),PC11_PCA-TV-0708,"PCA TV: Primary census abstract at town, village and ward level, NCT of Delhi - District South West - 2011",https://censusindia.gov.in/nada/index.php/catalog/6288,https://censusindia.gov.in/nada/index.php/catalog/6288/download/9365,PC11_PCA-TV-0708.xlsx,86284,19e0ada7d6015ed2889d67392883a76b8978b26833674455363b700baeb92471,,<scratch>/census/option2/pca/tv/PC11_PCA-TV-0708.xlsx
PCA-TV unit No_HH (prior weights),PC11_PCA-TV-0709,"PCA TV: Primary census abstract at town, village and ward level, NCT of Delhi - District South - 2011",https://censusindia.gov.in/nada/index.php/catalog/6289,https://censusindia.gov.in/nada/index.php/catalog/6289/download/9366,PC11_PCA-TV-0709.xlsx,81288,c5fc5bfd7bbb8f81b69e1b749ba50c2fa315c1f921de1e083a9515a60a33e371,,<scratch>/census/option2/pca/tv/PC11_PCA-TV-0709.xlsx
PCA-TV unit No_HH (prior weights),PC11_PCA-TV-0801,"PCA TV: Primary census abstract at town, village and ward level, Rajasthan - District Ganganagar - 2011",https://censusindia.gov.in/nada/index.php/catalog/6290,https://censusindia.gov.in/nada/index.php/catalog/6290/download/9367,PC11_PCA-TV-0801.xlsx,1535903,c9fcad478178f52c8382555a1147131db6645c7b7c0210e9a21a329781a30a7e,,<scratch>/census/option2/pca/tv/PC11_PCA-TV-0801.xlsx
PCA-TV unit No_HH (prior weights),PC11_PCA-TV-0802,"PCA TV: Primary census abstract at town, village and ward level, Rajasthan - District Hanumangarh - 2011",https://censusindia.gov.in/nada/index.php/catalog/6291,https://censusindia.gov.in/nada/index.php/catalog/6291/download/9368,PC11_PCA-TV-0802.xlsx,981210,c3110b9ad921481cfb8b4d078bf446a003b1034ca33d5a14ed727a9098a8e32e,,<scratch>/census/option2/pca/tv/PC11_PCA-TV-0802.xlsx
PCA-TV unit No_HH (prior weights),PC11_PCA-TV-0803,"PCA TV: Primary census abstract at town, village and ward level, Rajasthan - District Bikaner - 2011",https://censusindia.gov.in/nada/index.php/catalog/6292,https://censusindia.gov.in/nada/index.php/catalog/6292/download/9369,PC11_PCA-TV-0803.xlsx,545599,b643f818498fc297fac6e66f5c2c314e83ed0279044c8d6d7ec4c77b283aea1b,,<scratch>/census/option2/pca/tv/PC11_PCA-TV-0803.xlsx
PCA-TV unit No_HH (prior weights),PC11_PCA-TV-0804,"PCA TV: Primary census abstract at town, village and ward level, Rajasthan - District Churu - 2011",https://censusindia.gov.in/nada/index.php/catalog/6293,https://censusindia.gov.in/nada/index.php/catalog/6293/download/9370,PC11_PCA-TV-0804.xlsx,618291,e73aeb49d0139e1f238008972cf4e456539224c0dd0b3cb11f559820b355e26f,,<scratch>/census/option2/pca/tv/PC11_PCA-TV-0804.xlsx
PCA-TV unit No_HH (prior weights),PC11_PCA-TV-0805,"PCA TV: Primary census abstract at town, village and ward level, Rajasthan - District Jhunjhunun - 2011",https://censusindia.gov.in/nada/index.php/catalog/6294,https://censusindia.gov.in/nada/index.php/catalog/6294/download/9371,PC11_PCA-TV-0805.xlsx,632928,7a3b416f31cdad7a78f59b7862884d17b0d87c902d9ae90ddbb0de3671e0dc75,,<scratch>/census/option2/pca/tv/PC11_PCA-TV-0805.xlsx
PCA-TV unit No_HH (prior weights),PC11_PCA-TV-0806,"PCA TV: Primary census abstract at town, village and ward level, Rajasthan - District Alwar - 2011",https://censusindia.gov.in/nada/index.php/catalog/6295,https://censusindia.gov.in/nada/index.php/catalog/6295/download/9372,PC11_PCA-TV-0806.xlsx,1169547,13e99bed5e0b0c439214996ab89d84960bce8987f13ae206f2625e3576400a58,,<scratch>/census/option2/pca/tv/PC11_PCA-TV-0806.xlsx
PCA-TV unit No_HH (prior weights),PC11_PCA-TV-0807,"PCA TV: Primary census abstract at town, village and ward level, Rajasthan - District Bharatpur - 2011",https://censusindia.gov.in/nada/index.php/catalog/6296,https://censusindia.gov.in/nada/index.php/catalog/6296/download/9373,PC11_PCA-TV-0807.xlsx,900570,d703485b3d307ba2d750c66ac5435e7dfa44dfe23e56213948f9147bd6f8a6fb,,<scratch>/census/option2/pca/tv/PC11_PCA-TV-0807.xlsx
PCA-TV unit No_HH (prior weights),PC11_PCA-TV-0808,"PCA TV: Primary census abstract at town, village and ward level, Rajasthan - District Dhaulpur - 2011",https://censusindia.gov.in/nada/index.php/catalog/6297,https://censusindia.gov.in/nada/index.php/catalog/6297/download/9374,PC11_PCA-TV-0808.xlsx,476343,55f1ff942970613cbda3e8268e25d8bc0ce319762fde8a421d93be52c7ec6d02,,<scratch>/census/option2/pca/tv/PC11_PCA-TV-0808.xlsx
PCA-TV unit No_HH (prior weights),PC11_PCA-TV-0809,"PCA TV: Primary census abstract at town, village and ward level, Rajasthan - District Karauli - 2011",https://censusindia.gov.in/nada/index.php/catalog/6298,https://censusindia.gov.in/nada/index.php/catalog/6298/download/9375,PC11_PCA-TV-0809.xlsx,506820,4ff98194b7e877f7ae81ed9009649f0560fb2c8006f6d7f251ae7227e9a4fca1,,<scratch>/census/option2/pca/tv/PC11_PCA-TV-0809.xlsx
PCA-TV unit No_HH (prior weights),PC11_PCA-TV-0810,"PCA TV: Primary census abstract at town, village and ward level, Rajasthan - District Sawai Madhopur - 2011",https://censusindia.gov.in/nada/index.php/catalog/6299,https://censusindia.gov.in/nada/index.php/catalog/6299/download/9376,PC11_PCA-TV-0810.xlsx,459516,ba6c9fa6e222dbda3883c942fde71e6af4f164d43b4dd8fb10ea1ae24808b130,,<scratch>/census/option2/pca/tv/PC11_PCA-TV-0810.xlsx
PCA-TV unit No_HH (prior weights),PC11_PCA-TV-0811,"PCA TV: Primary census abstract at town, village and ward level, Rajasthan - District Dausa - 2011",https://censusindia.gov.in/nada/index.php/catalog/6300,https://censusindia.gov.in/nada/index.php/catalog/6300/download/9377,PC11_PCA-TV-0811.xlsx,603751,6ac8e1149eb9574f371097628e9d6f2f7e9797bf285b6180388c931f4598ade1,,<scratch>/census/option2/pca/tv/PC11_PCA-TV-0811.xlsx
PCA-TV unit No_HH (prior weights),PC11_PCA-TV-0812,"PCA TV: Primary census abstract at town, village and ward level, Rajasthan - District Jaipur - 2011",https://censusindia.gov.in/nada/index.php/catalog/6301,https://censusindia.gov.in/nada/index.php/catalog/6301/download/9378,PC11_PCA-TV-0812.xlsx,1275886,c21e3798aa64dd861106a45423147f3406caf467983290fb75e7cccb0d6266f3,,<scratch>/census/option2/pca/tv/PC11_PCA-TV-0812.xlsx
PCA-TV unit No_HH (prior weights),PC11_PCA-TV-0813,"PCA TV: Primary census abstract at town, village and ward level, Rajasthan - District Sikar - 2011",https://censusindia.gov.in/nada/index.php/catalog/6302,https://censusindia.gov.in/nada/index.php/catalog/6302/download/9379,PC11_PCA-TV-0813.xlsx,736865,fc93f3f2348d7f8f6ad30fd1298529079af49ead1679660e8622594689d60da3,,<scratch>/census/option2/pca/tv/PC11_PCA-TV-0813.xlsx
PCA-TV unit No_HH (prior weights),PC11_PCA-TV-0814,"PCA TV: Primary census abstract at town, village and ward level, Rajasthan - District Nagaur - 2011",https://censusindia.gov.in/nada/index.php/catalog/6303,https://censusindia.gov.in/nada/index.php/catalog/6303/download/9380,PC11_PCA-TV-0814.xlsx,972183,cfe2e95d138ff75e52332e6c7206a79040e952530d263248ef4d627a5bf67764,,<scratch>/census/option2/pca/tv/PC11_PCA-TV-0814.xlsx
PCA-TV unit No_HH (prior weights),PC11_PCA-TV-0815,"PCA TV: Primary census abstract at town, village and ward level, Rajasthan - District Jodhpur - 2011",https://censusindia.gov.in/nada/index.php/catalog/6304,https://censusindia.gov.in/nada/index.php/catalog/6304/download/9381,PC11_PCA-TV-0815.xlsx,1005730,be73da62408ce104e9a1d92fa5c26684538cda429c03a6d67aabe3675a0a12a0,,<scratch>/census/option2/pca/tv/PC11_PCA-TV-0815.xlsx
PCA-TV unit No_HH (prior weights),PC11_PCA-TV-0816,"PCA TV: Primary census abstract at town, village and ward level, Rajasthan - District Jaisalmer - 2011",https://censusindia.gov.in/nada/index.php/catalog/6305,https://censusindia.gov.in/nada/index.php/catalog/6305/download/9382,PC11_PCA-TV-0816.xlsx,410510,ff1a878d2ba7d058b06e78349bbea5a665b7ff0e20253c30660c099228a0b927,,<scratch>/census/option2/pca/tv/PC11_PCA-TV-0816.xlsx
PCA-TV unit No_HH (prior weights),PC11_PCA-TV-0817,"PCA TV: Primary census abstract at town, village and ward level, Rajasthan - District Barmer - 2011",https://censusindia.gov.in/nada/index.php/catalog/6306,https://censusindia.gov.in/nada/index.php/catalog/6306/download/9383,PC11_PCA-TV-0817.xlsx,1251906,3f0e5c820fbf1f0c4af2d3e48ba8005b28e3187739d6af405064a4059bea528d,,<scratch>/census/option2/pca/tv/PC11_PCA-TV-0817.xlsx
PCA-TV unit No_HH (prior weights),PC11_PCA-TV-0818,"PCA TV: Primary census abstract at town, village and ward level, Rajasthan - District Jalor - 2011",https://censusindia.gov.in/nada/index.php/catalog/6307,https://censusindia.gov.in/nada/index.php/catalog/6307/download/9384,PC11_PCA-TV-0818.xlsx,472407,30415d476415ddaea76b1f8ca448d109206edd5e03a96f9e0e3bed74a1bfc1a5,,<scratch>/census/option2/pca/tv/PC11_PCA-TV-0818.xlsx
PCA-TV unit No_HH (prior weights),PC11_PCA-TV-0819,"PCA TV: Primary census abstract at town, village and ward level, Rajasthan - District Sirohi - 2011",https://censusindia.gov.in/nada/index.php/catalog/6308,https://censusindia.gov.in/nada/index.php/catalog/6308/download/9385,PC11_PCA-TV-0819.xlsx,322759,51d3c993501237bc306207e44b8b1ffc5411755dc6a524583eb507f4de78fead,,<scratch>/census/option2/pca/tv/PC11_PCA-TV-0819.xlsx
PCA-TV unit No_HH (prior weights),PC11_PCA-TV-0820,"PCA TV: Primary census abstract at town, village and ward level, Rajasthan - District Pali - 2011",https://censusindia.gov.in/nada/index.php/catalog/6309,https://censusindia.gov.in/nada/index.php/catalog/6309/download/9386,PC11_PCA-TV-0820.xlsx,652463,997cc07e6f4b53a644191727f0425fb16c4fcf76afa7936a58016c41f16fb2d1,,<scratch>/census/option2/pca/tv/PC11_PCA-TV-0820.xlsx
PCA-TV unit No_HH (prior weights),PC11_PCA-TV-0821,"PCA TV: Primary census abstract at town, village and ward level, Rajasthan - District Ajmer - 2011",https://censusindia.gov.in/nada/index.php/catalog/6310,https://censusindia.gov.in/nada/index.php/catalog/6310/download/9387,PC11_PCA-TV-0821.xlsx,705957,96bd3633b9dbf290f29506a535c10cf07f6d7b288c9c264f94596dd93e6f2f3a,,<scratch>/census/option2/pca/tv/PC11_PCA-TV-0821.xlsx
PCA-TV unit No_HH (prior weights),PC11_PCA-TV-0822,"PCA TV: Primary census abstract at town, village and ward level, Rajasthan - District Tonk - 2011",https://censusindia.gov.in/nada/index.php/catalog/6311,https://censusindia.gov.in/nada/index.php/catalog/6311/download/9388,PC11_PCA-TV-0822.xlsx,665521,ff1610b841aee2e6134283bf54d8550e3e0ee168f42c9ce827fc270a44a51103,,<scratch>/census/option2/pca/tv/PC11_PCA-TV-0822.xlsx
PCA-TV unit No_HH (prior weights),PC11_PCA-TV-0823,"PCA TV: Primary census abstract at town, village and ward level, Rajasthan - District Bundi - 2011",https://censusindia.gov.in/nada/index.php/catalog/6312,https://censusindia.gov.in/nada/index.php/catalog/6312/download/9389,PC11_PCA-TV-0823.xlsx,525020,1d4b632ac035344f7a8f9d3a522d93a1d1c9a7577128acc9ce6c957989f7f2a4,,<scratch>/census/option2/pca/tv/PC11_PCA-TV-0823.xlsx
PCA-TV unit No_HH (prior weights),PC11_PCA-TV-0824,"PCA TV: Primary census abstract at town, village and ward level, Rajasthan - District Bhilwara - 2011",https://censusindia.gov.in/nada/index.php/catalog/6313,https://censusindia.gov.in/nada/index.php/catalog/6313/download/9390,PC11_PCA-TV-0824.xlsx,1007576,a881880c44eceb2ce9f483bb23cc0132e7d803718594c25f320f2a104dd77d96,,<scratch>/census/option2/pca/tv/PC11_PCA-TV-0824.xlsx
PCA-TV unit No_HH (prior weights),PC11_PCA-TV-0825,"PCA TV: Primary census abstract at town, village and ward level, Rajasthan - District Rajsamand - 2011",https://censusindia.gov.in/nada/index.php/catalog/6314,https://censusindia.gov.in/nada/index.php/catalog/6314/download/9391,PC11_PCA-TV-0825.xlsx,588501,132e9b1d03babec2c29260b16cae24f62c2a14560bf7882d722c75126f89fced,,<scratch>/census/option2/pca/tv/PC11_PCA-TV-0825.xlsx
PCA-TV unit No_HH (prior weights),PC11_PCA-TV-0826,"PCA TV: Primary census abstract at town, village and ward level, Rajasthan - District Dungarpur - 2011",https://censusindia.gov.in/nada/index.php/catalog/6315,https://censusindia.gov.in/nada/index.php/catalog/6315/download/9392,PC11_PCA-TV-0826.xlsx,543277,e1089b9fe21f077d4edd55dc955a82c31e69a7564950e4950a8a8fadf3e4bfed,,<scratch>/census/option2/pca/tv/PC11_PCA-TV-0826.xlsx
PCA-TV unit No_HH (prior weights),PC11_PCA-TV-0827,"PCA TV: Primary census abstract at town, village and ward level, Rajasthan - District Banswara - 2011",https://censusindia.gov.in/nada/index.php/catalog/6316,https://censusindia.gov.in/nada/index.php/catalog/6316/download/9393,PC11_PCA-TV-0827.xlsx,798055,ac127f319d01449fa2ec5d51cf6d2f287d19b67f7fef295cfe15eb54099bb6af,,<scratch>/census/option2/pca/tv/PC11_PCA-TV-0827.xlsx
PCA-TV unit No_HH (prior weights),PC11_PCA-TV-0828,"PCA TV: Primary census abstract at town, village and ward level, Rajasthan - District Chittaurgarh - 2011",https://censusindia.gov.in/nada/index.php/catalog/6317,https://censusindia.gov.in/nada/index.php/catalog/6317/download/9394,PC11_PCA-TV-0828.xlsx,908902,efd6a2763cfc40336ff4a9f75706b6d31f115b37835f2c0d830c02864b3acc13,,<scratch>/census/option2/pca/tv/PC11_PCA-TV-0828.xlsx
PCA-TV unit No_HH (prior weights),PC11_PCA-TV-0829,"PCA TV: Primary census abstract at town, village and ward level, Rajasthan - District Kota - 2011",https://censusindia.gov.in/nada/index.php/catalog/6318,https://censusindia.gov.in/nada/index.php/catalog/6318/download/9395,PC11_PCA-TV-0829.xlsx,510394,3b766760cca136f8ac5af28bf69e41cc861fba9dd7dae026002eff1b33f21bfd,,<scratch>/census/option2/pca/tv/PC11_PCA-TV-0829.xlsx
PCA-TV unit No_HH (prior weights),PC11_PCA-TV-0830,"PCA TV: Primary census abstract at town, village and ward level, Rajasthan - District Baran - 2011",https://censusindia.gov.in/nada/index.php/catalog/6319,https://censusindia.gov.in/nada/index.php/catalog/6319/download/9396,PC11_PCA-TV-0830.xlsx,659727,a96a8bc2ae294635e168cc4b5c1cba8feb7ea1e124287e8473fa7f3ccbbc01ff,,<scratch>/census/option2/pca/tv/PC11_PCA-TV-0830.xlsx
PCA-TV unit No_HH (prior weights),PC11_PCA-TV-0831,"PCA TV: Primary census abstract at town, village and ward level, Rajasthan - District Jhalawar - 2011",https://censusindia.gov.in/nada/index.php/catalog/6320,https://censusindia.gov.in/nada/index.php/catalog/6320/download/9397,PC11_PCA-TV-0831.xlsx,844894,458f98333ea4fa8f46d6d1ca68dcb78e5a38e5be85b85fde80082cc8393c3f1c,,<scratch>/census/option2/pca/tv/PC11_PCA-TV-0831.xlsx
PCA-TV unit No_HH (prior weights),PC11_PCA-TV-0832,"PCA TV: Primary census abstract at town, village and ward level, Rajasthan - District Udaipur - 2011",https://censusindia.gov.in/nada/index.php/catalog/6321,https://censusindia.gov.in/nada/index.php/catalog/6321/download/9398,PC11_PCA-TV-0832.xlsx,1327249,cb37fd539c6c22cb8215b2ac09daaff3fb9d21886c7a79b9e1195217fbcf573b,,<scratch>/census/option2/pca/tv/PC11_PCA-TV-0832.xlsx
PCA-TV unit No_HH (prior weights),PC11_PCA-TV-0833,"PCA TV: Primary census abstract at town, village and ward level, Rajasthan - District Pratapgarh - 2011",https://censusindia.gov.in/nada/index.php/catalog/6322,https://censusindia.gov.in/nada/index.php/catalog/6322/download/9399,PC11_PCA-TV-0833.xlsx,519866,0466fbe62a8238bc2f6ddaf9eafe4599c3149b1006362e93e334b07379ec78e4,,<scratch>/census/option2/pca/tv/PC11_PCA-TV-0833.xlsx
PCA-TV unit No_HH (prior weights),PC11_PCA-TV-0901,"PCA TV: Primary census abstract at town, village and ward level, Uttar Pradesh - District Saharanpur - 2011",https://censusindia.gov.in/nada/index.php/catalog/6323,https://censusindia.gov.in/nada/index.php/catalog/6323/download/9400,PC11_PCA-TV-0901.xlsx,883505,11eb8db909f126768a2ee55b979f9dd1fdb17238883b4a9867940303db9ae2d2,,<scratch>/census/option2/pca/tv/PC11_PCA-TV-0901.xlsx
PCA-TV unit No_HH (prior weights),PC11_PCA-TV-0902,"PCA TV: Primary census abstract at town, village and ward level, Uttar Pradesh - District Muzaffarnagar - 2011",https://censusindia.gov.in/nada/index.php/catalog/6324,https://censusindia.gov.in/nada/index.php/catalog/6324/download/9401,PC11_PCA-TV-0902.xlsx,715945,13aef208def2baf0e79f29d9ae74c612758bc71e40456933dba3613ea17b8606,,<scratch>/census/option2/pca/tv/PC11_PCA-TV-0902.xlsx
PCA-TV unit No_HH (prior weights),PC11_PCA-TV-0903,"PCA TV: Primary census abstract at town, village and ward level, Uttar Pradesh - District Bijnor - 2011",https://censusindia.gov.in/nada/index.php/catalog/6325,https://censusindia.gov.in/nada/index.php/catalog/6325/download/9402,PC11_PCA-TV-0903.xlsx,1560488,1e386d23064f05a14c6052bb37cacfd601a4fac78dbaea034f3abb90b12ef8af,,<scratch>/census/option2/pca/tv/PC11_PCA-TV-0903.xlsx
PCA-TV unit No_HH (prior weights),PC11_PCA-TV-0904,"PCA TV: Primary census abstract at town, village and ward level, Uttar Pradesh - District Moradabad - 2011",https://censusindia.gov.in/nada/index.php/catalog/6326,https://censusindia.gov.in/nada/index.php/catalog/6326/download/9403,PC11_PCA-TV-0904.xlsx,1053698,02215283faf8f7044225760018d9328bdf96e4e9ec5cec80b9d314a66b314a9e,,<scratch>/census/option2/pca/tv/PC11_PCA-TV-0904.xlsx
PCA-TV unit No_HH (prior weights),PC11_PCA-TV-0905,"PCA TV: Primary census abstract at town, village and ward level, Uttar Pradesh - District Rampur - 2011",https://censusindia.gov.in/nada/index.php/catalog/6327,https://censusindia.gov.in/nada/index.php/catalog/6327/download/9404,PC11_PCA-TV-0905.xlsx,678416,dabc76118c21cdebe0c5c207ca7601b5cdc88c69d3f87cd8930125b9267b3181,,<scratch>/census/option2/pca/tv/PC11_PCA-TV-0905.xlsx
PCA-TV unit No_HH (prior weights),PC11_PCA-TV-0906,"PCA TV: Primary census abstract at town, village and ward level, Uttar Pradesh - District Jyotiba Phule Nagar - 2011",https://censusindia.gov.in/nada/index.php/catalog/6328,https://censusindia.gov.in/nada/index.php/catalog/6328/download/9405,PC11_PCA-TV-0906.xlsx,627261,c22ee022f27d2ac4016d0430d4ff3a1bbf33e9c0f9a84b002246796b80b3aaad,,<scratch>/census/option2/pca/tv/PC11_PCA-TV-0906.xlsx
PCA-TV unit No_HH (prior weights),PC11_PCA-TV-0907,"PCA TV: Primary census abstract at town, village and ward level, Uttar Pradesh - District Meerut - 2011",https://censusindia.gov.in/nada/index.php/catalog/6329,https://censusindia.gov.in/nada/index.php/catalog/6329/download/9406,PC11_PCA-TV-0907.xlsx,491594,e749b615052f5972e73d423f571458506ccb24defeb84fab307cc51745b5ff5b,,<scratch>/census/option2/pca/tv/PC11_PCA-TV-0907.xlsx
PCA-TV unit No_HH (prior weights),PC11_PCA-TV-0908,"PCA TV: Primary census abstract at town, village and ward level, Uttar Pradesh - District Baghpat - 2011",https://censusindia.gov.in/nada/index.php/catalog/6330,https://censusindia.gov.in/nada/index.php/catalog/6330/download/9407,PC11_PCA-TV-0908.xlsx,243622,ba454dc5ed1d580b8040bfeaa03a43e78ce91a4cd1a699f156d986f0265c66ea,,<scratch>/census/option2/pca/tv/PC11_PCA-TV-0908.xlsx
PCA-TV unit No_HH (prior weights),PC11_PCA-TV-0909,"PCA TV: Primary census abstract at town, village and ward level, Uttar Pradesh - District Ghaziabad - 2011",https://censusindia.gov.in/nada/index.php/catalog/6331,https://censusindia.gov.in/nada/index.php/catalog/6331/download/9408,PC11_PCA-TV-0909.xlsx,479573,423dc7da41b9af8676b16e21564a5cb85e7ab72221f5aba2288b667adeedf926,,<scratch>/census/option2/pca/tv/PC11_PCA-TV-0909.xlsx
PCA-TV unit No_HH (prior weights),PC11_PCA-TV-0910,"PCA TV: Primary census abstract at town, village and ward level, Uttar Pradesh - District Gautam Buddha Nagar - 2011",https://censusindia.gov.in/nada/index.php/catalog/6332,https://censusindia.gov.in/nada/index.php/catalog/6332/download/9409,PC11_PCA-TV-0910.xlsx,228918,eef353a49cf519588d19afb89e381a7fdc826ae1d8c557e7d38b5e375fea9870,,<scratch>/census/option2/pca/tv/PC11_PCA-TV-0910.xlsx
PCA-TV unit No_HH (prior weights),PC11_PCA-TV-0911,"PCA TV: Primary census abstract at town, village and ward level, Uttar Pradesh - District Bulandshahr - 2011",https://censusindia.gov.in/nada/index.php/catalog/6333,https://censusindia.gov.in/nada/index.php/catalog/6333/download/9410,PC11_PCA-TV-0911.xlsx,828227,9a8e3be800e8aac4de16ddedd2ad385fd6345adeaeb820790ad6dcd7cb7cb09f,,<scratch>/census/option2/pca/tv/PC11_PCA-TV-0911.xlsx
PCA-TV unit No_HH (prior weights),PC11_PCA-TV-0912,"PCA TV: Primary census abstract at town, village and ward level, Uttar Pradesh - District Aligarh - 2011",https://censusindia.gov.in/nada/index.php/catalog/6334,https://censusindia.gov.in/nada/index.php/catalog/6334/download/9411,PC11_PCA-TV-0912.xlsx,756028,ecf255b4da644566649b6d03973ca07b576f03115c083b62963fe334ad8df79d,,<scratch>/census/option2/pca/tv/PC11_PCA-TV-0912.xlsx
PCA-TV unit No_HH (prior weights),PC11_PCA-TV-0913,"PCA TV: Primary census abstract at town, village and ward level, Uttar Pradesh - District Mahamaya Nagar - 2011",https://censusindia.gov.in/nada/index.php/catalog/6335,https://censusindia.gov.in/nada/index.php/catalog/6335/download/9412,PC11_PCA-TV-0913.xlsx,425618,0427d756ea598c68bdcc3128490503d78b7e56d4d0f49a2b1291b631548866f1,,<scratch>/census/option2/pca/tv/PC11_PCA-TV-0913.xlsx
PCA-TV unit No_HH (prior weights),PC11_PCA-TV-0914,"PCA TV: Primary census abstract at town, village and ward level, Uttar Pradesh - District Mathura - 2011",https://censusindia.gov.in/nada/index.php/catalog/6336,https://censusindia.gov.in/nada/index.php/catalog/6336/download/9413,PC11_PCA-TV-0914.xlsx,581767,ec134c6826b72f5b623159c10b939bc63286c13c998ba09d4929a53a39c75c00,,<scratch>/census/option2/pca/tv/PC11_PCA-TV-0914.xlsx
PCA-TV unit No_HH (prior weights),PC11_PCA-TV-0915,"PCA TV: Primary census abstract at town, village and ward level, Uttar Pradesh - District Agra - 2011",https://censusindia.gov.in/nada/index.php/catalog/6337,https://censusindia.gov.in/nada/index.php/catalog/6337/download/9414,PC11_PCA-TV-0915.xlsx,671651,4f8280f2b5c90bea5f898b709d47556d971a2b595a250e5426016809e25e30c7,,<scratch>/census/option2/pca/tv/PC11_PCA-TV-0915.xlsx
PCA-TV unit No_HH (prior weights),PC11_PCA-TV-0916,"PCA TV: Primary census abstract at town, village and ward level, Uttar Pradesh - District Firozabad - 2011",https://censusindia.gov.in/nada/index.php/catalog/6338,https://censusindia.gov.in/nada/index.php/catalog/6338/download/9415,PC11_PCA-TV-0916.xlsx,500669,51cd4ea750ac933111594012e99e162f6179abe47d5182c4d750d5afac6969f3,,<scratch>/census/option2/pca/tv/PC11_PCA-TV-0916.xlsx
PCA-TV unit No_HH (prior weights),PC11_PCA-TV-0917,"PCA TV: Primary census abstract at town, village and ward level, Uttar Pradesh - District Mainpuri - 2011",https://censusindia.gov.in/nada/index.php/catalog/6339,https://censusindia.gov.in/nada/index.php/catalog/6339/download/9416,PC11_PCA-TV-0917.xlsx,500213,b40a17538f3d395b5ecd8319580bfeee53c85aaaaefe0488b0737733cce16848,,<scratch>/census/option2/pca/tv/PC11_PCA-TV-0917.xlsx
PCA-TV unit No_HH (prior weights),PC11_PCA-TV-0918,"PCA TV: Primary census abstract at town, village and ward level, Uttar Pradesh - District Budaun - 2011",https://censusindia.gov.in/nada/index.php/catalog/6340,https://censusindia.gov.in/nada/index.php/catalog/6340/download/9417,PC11_PCA-TV-0918.xlsx,1178166,0932fb9d2fdfb17e385668998a63ff329e5ae6f3971db5585c6f8e5f920e8482,,<scratch>/census/option2/pca/tv/PC11_PCA-TV-0918.xlsx
PCA-TV unit No_HH (prior weights),PC11_PCA-TV-0919,"PCA TV: Primary census abstract at town, village and ward level, Uttar Pradesh - District Bareilly - 2011",https://censusindia.gov.in/nada/index.php/catalog/6341,https://censusindia.gov.in/nada/index.php/catalog/6341/download/9418,PC11_PCA-TV-0919.xlsx,1218749,e572523b850858ec34fff1b9a984b2f28fe8191e0790aed5337af8aec2648cbf,,<scratch>/census/option2/pca/tv/PC11_PCA-TV-0919.xlsx
PCA-TV unit No_HH (prior weights),PC11_PCA-TV-0920,"PCA TV: Primary census abstract at town, village and ward level, Uttar Pradesh - District Pilibhit - 2011",https://censusindia.gov.in/nada/index.php/catalog/6342,https://censusindia.gov.in/nada/index.php/catalog/6342/download/9419,PC11_PCA-TV-0920.xlsx,756527,4163ee8a67efd90466e0f8254ccc8bfdf819147580d5a06de71b55f22436810e,,<scratch>/census/option2/pca/tv/PC11_PCA-TV-0920.xlsx
PCA-TV unit No_HH (prior weights),PC11_PCA-TV-0921,"PCA TV: Primary census abstract at town, village and ward level, Uttar Pradesh - District Shahjahanpur - 2011",https://censusindia.gov.in/nada/index.php/catalog/6343,https://censusindia.gov.in/nada/index.php/catalog/6343/download/9420,PC11_PCA-TV-0921.xlsx,1193387,c68d1aee7503f62669b6ad31ab91e3244bc08c227c7e36c0bd3502c26ee444f4,,<scratch>/census/option2/pca/tv/PC11_PCA-TV-0921.xlsx
PCA-TV unit No_HH (prior weights),PC11_PCA-TV-0922,"PCA TV: Primary census abstract at town, village and ward level, Uttar Pradesh - District Kheri - 2011",https://censusindia.gov.in/nada/index.php/catalog/6344,https://censusindia.gov.in/nada/index.php/catalog/6344/download/9421,PC11_PCA-TV-0922.xlsx,996761,619a6d4a7569b5ed47e59de3d9e30a4d6b85f1164bd76b437a4f0d3b485364e7,,<scratch>/census/option2/pca/tv/PC11_PCA-TV-0922.xlsx
PCA-TV unit No_HH (prior weights),PC11_PCA-TV-0923,"PCA TV: Primary census abstract at town, village and ward level, Uttar Pradesh - District Sitapur - 2011",https://censusindia.gov.in/nada/index.php/catalog/6345,https://censusindia.gov.in/nada/index.php/catalog/6345/download/9422,PC11_PCA-TV-0923.xlsx,1299898,ac9842d6a45486c0ec5a40d0736d0dfefebeb8401aaf7b95fe395ead1ceb4975,,<scratch>/census/option2/pca/tv/PC11_PCA-TV-0923.xlsx
PCA-TV unit No_HH (prior weights),PC11_PCA-TV-0924,"PCA TV: Primary census abstract at town, village and ward level, Uttar Pradesh - District Hardoi - 2011",https://censusindia.gov.in/nada/index.php/catalog/6346,https://censusindia.gov.in/nada/index.php/catalog/6346/download/9423,PC11_PCA-TV-0924.xlsx,1157815,a39be8eb1f16f93d9841e7153c3907b3aac77e48ccf5f5dabd0814f3ecebd71b,,<scratch>/census/option2/pca/tv/PC11_PCA-TV-0924.xlsx
PCA-TV unit No_HH (prior weights),PC11_PCA-TV-0925,"PCA TV: Primary census abstract at town, village and ward level, Uttar Pradesh - District Unnao - 2011",https://censusindia.gov.in/nada/index.php/catalog/6347,https://censusindia.gov.in/nada/index.php/catalog/6347/download/9424,PC11_PCA-TV-0925.xlsx,1037568,8aba4da3bb42f552e4fea84def7bd6ad4eb04a5b1d7438242be45f039376a453,,<scratch>/census/option2/pca/tv/PC11_PCA-TV-0925.xlsx
PCA-TV unit No_HH (prior weights),PC11_PCA-TV-0926,"PCA TV: Primary census abstract at town, village and ward level, Uttar Pradesh - District Lucknow - 2011",https://censusindia.gov.in/nada/index.php/catalog/6348,https://censusindia.gov.in/nada/index.php/catalog/6348/download/9425,PC11_PCA-TV-0926.xlsx,551540,d0ad034ba22f6f291b2b2c5bcc371f712f9343478a9fa99a6b128c6fea0a4921,,<scratch>/census/option2/pca/tv/PC11_PCA-TV-0926.xlsx
PCA-TV unit No_HH (prior weights),PC11_PCA-TV-0927,"PCA TV: Primary census abstract at town, village and ward level, Uttar Pradesh - District Rae Bareli - 2011",https://censusindia.gov.in/nada/index.php/catalog/6349,https://censusindia.gov.in/nada/index.php/catalog/6349/download/9426,PC11_PCA-TV-0927.xlsx,991156,888594f1c889d98e7544e296efef5fa87fb03bcf04ef60ba7f1726d3386ed3b6,,<scratch>/census/option2/pca/tv/PC11_PCA-TV-0927.xlsx
PCA-TV unit No_HH (prior weights),PC11_PCA-TV-0928,"PCA TV: Primary census abstract at town, village and ward level, Uttar Pradesh - District Farrukhabad - 2011",https://censusindia.gov.in/nada/index.php/catalog/6350,https://censusindia.gov.in/nada/index.php/catalog/6350/download/9427,PC11_PCA-TV-0928.xlsx,552173,0ab9b5d9eaa27f6e47443fbb04ae577b5ae1df92f27d2ef9d0780e994e5584c0,,<scratch>/census/option2/pca/tv/PC11_PCA-TV-0928.xlsx
PCA-TV unit No_HH (prior weights),PC11_PCA-TV-0929,"PCA TV: Primary census abstract at town, village and ward level, Uttar Pradesh - District Kannauj - 2011",https://censusindia.gov.in/nada/index.php/catalog/6351,https://censusindia.gov.in/nada/index.php/catalog/6351/download/9428,PC11_PCA-TV-0929.xlsx,450007,5449949f371152120febe1e91717fe44e095a34e7444ddca5d62c51f6a89117e,,<scratch>/census/option2/pca/tv/PC11_PCA-TV-0929.xlsx
PCA-TV unit No_HH (prior weights),PC11_PCA-TV-0930,"PCA TV: Primary census abstract at town, village and ward level, Uttar Pradesh - District Etawah - 2011",https://censusindia.gov.in/nada/index.php/catalog/6352,https://censusindia.gov.in/nada/index.php/catalog/6352/download/9429,PC11_PCA-TV-0930.xlsx,423867,84a7b6b15c71bfd8084455db1056c09e669df4b9aabc1cc65911379e0c7b7906,,<scratch>/census/option2/pca/tv/PC11_PCA-TV-0930.xlsx
PCA-TV unit No_HH (prior weights),PC11_PCA-TV-0931,"PCA TV: Primary census abstract at town, village and ward level, Uttar Pradesh - District Auraiya - 2011",https://censusindia.gov.in/nada/index.php/catalog/6353,https://censusindia.gov.in/nada/index.php/catalog/6353/download/9430,PC11_PCA-TV-0931.xlsx,471745,91be9d1d7b99aae590f8b067f0121a3bbf691122da6084338ddd8b615dc4089b,,<scratch>/census/option2/pca/tv/PC11_PCA-TV-0931.xlsx
PCA-TV unit No_HH (prior weights),PC11_PCA-TV-0932,"PCA TV: Primary census abstract at town, village and ward level, Uttar Pradesh - District Kanpur Dehat - 2011",https://censusindia.gov.in/nada/index.php/catalog/6354,https://censusindia.gov.in/nada/index.php/catalog/6354/download/9431,PC11_PCA-TV-0932.xlsx,589611,1272b0e3c6e0aaac2a6052e7a51782bf6cf4b48690b2346ac295d8ec84b4dc32,,<scratch>/census/option2/pca/tv/PC11_PCA-TV-0932.xlsx
PCA-TV unit No_HH (prior weights),PC11_PCA-TV-0933,"PCA TV: Primary census abstract at town, village and ward level, Uttar Pradesh - District Kanpur Nagar - 2011",https://censusindia.gov.in/nada/index.php/catalog/6355,https://censusindia.gov.in/nada/index.php/catalog/6355/download/9432,PC11_PCA-TV-0933.xlsx,611922,7cd8bfa3cd02ad31d5a60fefa067350444431157082d5a17ad4a857fc055e0ba,,<scratch>/census/option2/pca/tv/PC11_PCA-TV-0933.xlsx
PCA-TV unit No_HH (prior weights),PC11_PCA-TV-0934,"PCA TV: Primary census abstract at town, village and ward level, Uttar Pradesh - District Jalaun - 2011",https://censusindia.gov.in/nada/index.php/catalog/6356,https://censusindia.gov.in/nada/index.php/catalog/6356/download/9433,PC11_PCA-TV-0934.xlsx,649887,bb2b7719c19aed583f4985c33c8b26365303ff815e89f1bd77a44081c0f18c30,,<scratch>/census/option2/pca/tv/PC11_PCA-TV-0934.xlsx
PCA-TV unit No_HH (prior weights),PC11_PCA-TV-0935,"PCA TV: Primary census abstract at town, village and ward level, Uttar Pradesh - District Jhansi - 2011",https://censusindia.gov.in/nada/index.php/catalog/6357,https://censusindia.gov.in/nada/index.php/catalog/6357/download/9434,PC11_PCA-TV-0935.xlsx,581352,23d606f72c5c1f1ac47448a156296205821bea3aac32b0862c8ed7deb92cf918,,<scratch>/census/option2/pca/tv/PC11_PCA-TV-0935.xlsx
PCA-TV unit No_HH (prior weights),PC11_PCA-TV-0936,"PCA TV: Primary census abstract at town, village and ward level, Uttar Pradesh - District Lalitpur - 2011",https://censusindia.gov.in/nada/index.php/catalog/6358,https://censusindia.gov.in/nada/index.php/catalog/6358/download/9435,PC11_PCA-TV-0936.xlsx,412038,ab78d61f7e68e8b156b43673ab501f119a96dd996ffa7626e0f230953b5ba6d0,,<scratch>/census/option2/pca/tv/PC11_PCA-TV-0936.xlsx
PCA-TV unit No_HH (prior weights),PC11_PCA-TV-0937,"PCA TV: Primary census abstract at town, village and ward level, Uttar Pradesh - District Hamirpur - 2011",https://censusindia.gov.in/nada/index.php/catalog/6359,https://censusindia.gov.in/nada/index.php/catalog/6359/download/9436,PC11_PCA-TV-0937.xlsx,382331,17fff1e0b007155f038d0178c622fa143679291f8f97e09b267b8cd1f7086e23,,<scratch>/census/option2/pca/tv/PC11_PCA-TV-0937.xlsx
PCA-TV unit No_HH (prior weights),PC11_PCA-TV-0938,"PCA TV: Primary census abstract at town, village and ward level, Uttar Pradesh - District Mahoba - 2011",https://censusindia.gov.in/nada/index.php/catalog/6360,https://censusindia.gov.in/nada/index.php/catalog/6360/download/9437,PC11_PCA-TV-0938.xlsx,313695,c675b951b374e52a8ba37f63d535f3ac6a517a9683ae5ded6b1518a67d5b0f01,,<scratch>/census/option2/pca/tv/PC11_PCA-TV-0938.xlsx
PCA-TV unit No_HH (prior weights),PC11_PCA-TV-0939,"PCA TV: Primary census abstract at town, village and ward level, Uttar Pradesh - District Banda - 2011",https://censusindia.gov.in/nada/index.php/catalog/6361,https://censusindia.gov.in/nada/index.php/catalog/6361/download/9438,PC11_PCA-TV-0939.xlsx,431248,fe67238156d04cba79f751b8a2a967d6ebed4fb7621660e39d11e87ffe423486,,<scratch>/census/option2/pca/tv/PC11_PCA-TV-0939.xlsx
PCA-TV unit No_HH (prior weights),PC11_PCA-TV-0940,"PCA TV: Primary census abstract at town, village and ward level, Uttar Pradesh - District Chitrakoot - 2011",https://censusindia.gov.in/nada/index.php/catalog/6362,https://censusindia.gov.in/nada/index.php/catalog/6362/download/9439,PC11_PCA-TV-0940.xlsx,353984,203dcb817124f94a55b4854465c528daec49932b3ab69a86fca4e767a84506b0,,<scratch>/census/option2/pca/tv/PC11_PCA-TV-0940.xlsx
PCA-TV unit No_HH (prior weights),PC11_PCA-TV-0941,"PCA TV: Primary census abstract at town, village and ward level, Uttar Pradesh - District Fatehpur - 2011",https://censusindia.gov.in/nada/index.php/catalog/6363,https://censusindia.gov.in/nada/index.php/catalog/6363/download/9440,PC11_PCA-TV-0941.xlsx,824707,f850fd84985cfd4713e6c2b4d188bad67fe810ec1f79c2a459eb5007bab3145e,,<scratch>/census/option2/pca/tv/PC11_PCA-TV-0941.xlsx
PCA-TV unit No_HH (prior weights),PC11_PCA-TV-0942,"PCA TV: Primary census abstract at town, village and ward level, Uttar Pradesh - District Pratapgarh - 2011",https://censusindia.gov.in/nada/index.php/catalog/6364,https://censusindia.gov.in/nada/index.php/catalog/6364/download/9441,PC11_PCA-TV-0942.xlsx,1180000,f5aa34ae135561166567edb915ffacf161154f2b39e33ea8b9f544cb4d24b5f5,,<scratch>/census/option2/pca/tv/PC11_PCA-TV-0942.xlsx
PCA-TV unit No_HH (prior weights),PC11_PCA-TV-0943,"PCA TV: Primary census abstract at town, village and ward level, Uttar Pradesh - District Kaushambi - 2011",https://censusindia.gov.in/nada/index.php/catalog/6365,https://censusindia.gov.in/nada/index.php/catalog/6365/download/9442,PC11_PCA-TV-0943.xlsx,488225,51572ba4c3eb9093241f65292f08d6b98d38378f03bb173c7f8ad1f3316a0978,,<scratch>/census/option2/pca/tv/PC11_PCA-TV-0943.xlsx
PCA-TV unit No_HH (prior weights),PC11_PCA-TV-0944,"PCA TV: Primary census abstract at town, village and ward level, Uttar Pradesh - District Allahabad - 2011",https://censusindia.gov.in/nada/index.php/catalog/6366,https://censusindia.gov.in/nada/index.php/catalog/6366/download/9443,PC11_PCA-TV-0944.xlsx,1673934,641837e4c8a673506849ef9d3a2205b9de559752d9c37444fa62bb8a6ff75b8e,,<scratch>/census/option2/pca/tv/PC11_PCA-TV-0944.xlsx
PCA-TV unit No_HH (prior weights),PC11_PCA-TV-0945,"PCA TV: Primary census abstract at town, village and ward level, Uttar Pradesh - District Bara Banki - 2011",https://censusindia.gov.in/nada/index.php/catalog/6367,https://censusindia.gov.in/nada/index.php/catalog/6367/download/9444,PC11_PCA-TV-0945.xlsx,1025873,e1bd7b597684dbf093776b4cc118765b1b4a40f5d002b36e04ec8f682e158120,,<scratch>/census/option2/pca/tv/PC11_PCA-TV-0945.xlsx
PCA-TV unit No_HH (prior weights),PC11_PCA-TV-0946,"PCA TV: Primary census abstract at town, village and ward level, Uttar Pradesh - District Faizabad - 2011",https://censusindia.gov.in/nada/index.php/catalog/6368,https://censusindia.gov.in/nada/index.php/catalog/6368/download/9445,PC11_PCA-TV-0946.xlsx,722246,0dbe7e3b721acf28213f1697851d12d672f4cc170f86135194d0bd7010b5ee5b,,<scratch>/census/option2/pca/tv/PC11_PCA-TV-0946.xlsx
PCA-TV unit No_HH (prior weights),PC11_PCA-TV-0947,"PCA TV: Primary census abstract at town, village and ward level, Uttar Pradesh - District Ambedkar Nagar - 2011",https://censusindia.gov.in/nada/index.php/catalog/6369,https://censusindia.gov.in/nada/index.php/catalog/6369/download/9446,PC11_PCA-TV-0947.xlsx,946000,6abb5c7d2bb521f5a7e4104136d071d1b79504fcb4cd5004dd8771f4dd71db18,,<scratch>/census/option2/pca/tv/PC11_PCA-TV-0947.xlsx
PCA-TV unit No_HH (prior weights),PC11_PCA-TV-0948,"PCA TV: Primary census abstract at town, village and ward level, Uttar Pradesh - District Sultanpur - 2011",https://censusindia.gov.in/nada/index.php/catalog/6370,https://censusindia.gov.in/nada/index.php/catalog/6370/download/9447,PC11_PCA-TV-0948.xlsx,1340766,89aaebdf26bfa64978f4271d8ad8ed020e661e3e4253e6752c8460c38be74bcb,,<scratch>/census/option2/pca/tv/PC11_PCA-TV-0948.xlsx
PCA-TV unit No_HH (prior weights),PC11_PCA-TV-0949,"PCA TV: Primary census abstract at town, village and ward level, Uttar Pradesh - District Bahraich - 2011",https://censusindia.gov.in/nada/index.php/catalog/6371,https://censusindia.gov.in/nada/index.php/catalog/6371/download/9448,PC11_PCA-TV-0949.xlsx,765094,2eb809b66ab3b607dba310afe93f3e1bf81f6bec6750857bcd7a51efe6850d51,,<scratch>/census/option2/pca/tv/PC11_PCA-TV-0949.xlsx
PCA-TV unit No_HH (prior weights),PC11_PCA-TV-0950,"PCA TV: Primary census abstract at town, village and ward level, Uttar Pradesh - District Shrawasti - 2011",https://censusindia.gov.in/nada/index.php/catalog/6372,https://censusindia.gov.in/nada/index.php/catalog/6372/download/9449,PC11_PCA-TV-0950.xlsx,303292,f093bf0c19a48091a3c54bcecd5d625c7742bfe89c6cc27b38fb270c9bf49202,,<scratch>/census/option2/pca/tv/PC11_PCA-TV-0950.xlsx
PCA-TV unit No_HH (prior weights),PC11_PCA-TV-0951,"PCA TV: Primary census abstract at town, village and ward level, Uttar Pradesh - District Balrampur - 2011",https://censusindia.gov.in/nada/index.php/catalog/6373,https://censusindia.gov.in/nada/index.php/catalog/6373/download/9450,PC11_PCA-TV-0951.xlsx,573458,c4b13e4bdb819591224b9759c602347160a31342de421153434b4e7d3020e9a5,,<scratch>/census/option2/pca/tv/PC11_PCA-TV-0951.xlsx
PCA-TV unit No_HH (prior weights),PC11_PCA-TV-0952,"PCA TV: Primary census abstract at town, village and ward level, Uttar Pradesh - District Gonda - 2011",https://censusindia.gov.in/nada/index.php/catalog/6374,https://censusindia.gov.in/nada/index.php/catalog/6374/download/9451,PC11_PCA-TV-0952.xlsx,986283,6cad65d5ee880b0d5f101ce8f20c8423a85be3e1c1779c49390129fd92c6a7ae,,<scratch>/census/option2/pca/tv/PC11_PCA-TV-0952.xlsx
PCA-TV unit No_HH (prior weights),PC11_PCA-TV-0953,"PCA TV: Primary census abstract at town, village and ward level, Uttar Pradesh - District Siddharthnagar - 2011",https://censusindia.gov.in/nada/index.php/catalog/6375,https://censusindia.gov.in/nada/index.php/catalog/6375/download/9452,PC11_PCA-TV-0953.xlsx,1278424,4f18d7f4812aa50c430be013506ceca0bce3f67008ef3148afb7fe32ed840fa0,,<scratch>/census/option2/pca/tv/PC11_PCA-TV-0953.xlsx
PCA-TV unit No_HH (prior weights),PC11_PCA-TV-0954,"PCA TV: Primary census abstract at town, village and ward level, Uttar Pradesh - District Basti - 2011",https://censusindia.gov.in/nada/index.php/catalog/6376,https://censusindia.gov.in/nada/index.php/catalog/6376/download/9453,PC11_PCA-TV-0954.xlsx,1608214,0e8c7f9b66924134a934bda8a798b73b63ae7394bb2cde32ecda0a5cc469e3ea,,<scratch>/census/option2/pca/tv/PC11_PCA-TV-0954.xlsx
PCA-TV unit No_HH (prior weights),PC11_PCA-TV-0955,"PCA TV: Primary census abstract at town, village and ward level, Uttar Pradesh - District Sant Kabir Nagar - 2011",https://censusindia.gov.in/nada/index.php/catalog/6377,https://censusindia.gov.in/nada/index.php/catalog/6377/download/9454,PC11_PCA-TV-0955.xlsx,876864,7cdee1c136850fea082f53a391fcd452842c071df317556b5f0a9429334c1cae,,<scratch>/census/option2/pca/tv/PC11_PCA-TV-0955.xlsx
PCA-TV unit No_HH (prior weights),PC11_PCA-TV-0956,"PCA TV: Primary census abstract at town, village and ward level, Uttar Pradesh - District Mahrajganj - 2011",https://censusindia.gov.in/nada/index.php/catalog/6378,https://censusindia.gov.in/nada/index.php/catalog/6378/download/9455,PC11_PCA-TV-0956.xlsx,713426,58e79af33b907511ede5367c401dd2e361f1df0b4cf3509e0a5c1f9d4278972a,,<scratch>/census/option2/pca/tv/PC11_PCA-TV-0956.xlsx
PCA-TV unit No_HH (prior weights),PC11_PCA-TV-0957,"PCA TV: Primary census abstract at town, village and ward level, Uttar Pradesh - District Gorakhpur - 2011",https://censusindia.gov.in/nada/index.php/catalog/6379,https://censusindia.gov.in/nada/index.php/catalog/6379/download/9456,PC11_PCA-TV-0957.xlsx,1692674,419f130c025b7057d5453ee219b2a2225bdde4feb7483d813caedc068196f4fe,,<scratch>/census/option2/pca/tv/PC11_PCA-TV-0957.xlsx
PCA-TV unit No_HH (prior weights),PC11_PCA-TV-0958,"PCA TV: Primary census abstract at town, village and ward level, Uttar Pradesh - District Kushinagar - 2011",https://censusindia.gov.in/nada/index.php/catalog/6380,https://censusindia.gov.in/nada/index.php/catalog/6380/download/9457,PC11_PCA-TV-0958.xlsx,903726,1f03bd8a29bd26616c38a08f696ca6fae6fe4382d39d369259ecaf577c95c31e,,<scratch>/census/option2/pca/tv/PC11_PCA-TV-0958.xlsx
PCA-TV unit No_HH (prior weights),PC11_PCA-TV-0959,"PCA TV: Primary census abstract at town, village and ward level, Uttar Pradesh - District Deoria - 2011",https://censusindia.gov.in/nada/index.php/catalog/6381,https://censusindia.gov.in/nada/index.php/catalog/6381/download/9458,PC11_PCA-TV-0959.xlsx,1157015,1cd7165ac90e4bacb12ac95822c4b4080ee9924e9d60e5c4d2ea7c833f208637,,<scratch>/census/option2/pca/tv/PC11_PCA-TV-0959.xlsx
PCA-TV unit No_HH (prior weights),PC11_PCA-TV-0960,"PCA TV: Primary census abstract at town, village and ward level, Uttar Pradesh - District Azamgarh - 2011",https://censusindia.gov.in/nada/index.php/catalog/6382,https://censusindia.gov.in/nada/index.php/catalog/6382/download/9459,PC11_PCA-TV-0960.xlsx,2070562,89a0429142c03969423b6e94c834c7045c0e10a992da64544ce1b32a8f5d19f7,,<scratch>/census/option2/pca/tv/PC11_PCA-TV-0960.xlsx
PCA-TV unit No_HH (prior weights),PC11_PCA-TV-0961,"PCA TV: Primary census abstract at town, village and ward level, Uttar Pradesh - District Mau - 2011",https://censusindia.gov.in/nada/index.php/catalog/6383,https://censusindia.gov.in/nada/index.php/catalog/6383/download/9460,PC11_PCA-TV-0961.xlsx,861181,bc8655ecfde3f0ba3ac2cf47b37dcaa122336e206a7ae2c8ad552d349ab6685a,,<scratch>/census/option2/pca/tv/PC11_PCA-TV-0961.xlsx
PCA-TV unit No_HH (prior weights),PC11_PCA-TV-0962,"PCA TV: Primary census abstract at town, village and ward level, Uttar Pradesh - District Ballia - 2011",https://censusindia.gov.in/nada/index.php/catalog/6384,https://censusindia.gov.in/nada/index.php/catalog/6384/download/9461,PC11_PCA-TV-0962.xlsx,1195847,dc9803a4f9eb43d43f532fd7f2f55caac911364b8795bd34895f27907bb3245d,,<scratch>/census/option2/pca/tv/PC11_PCA-TV-0962.xlsx
PCA-TV unit No_HH (prior weights),PC11_PCA-TV-0963,"PCA TV: Primary census abstract at town, village and ward level, Uttar Pradesh - District Jaunpur - 2011",https://censusindia.gov.in/nada/index.php/catalog/6385,https://censusindia.gov.in/nada/index.php/catalog/6385/download/9462,PC11_PCA-TV-0963.xlsx,1747480,8735b4a6d64450ea63590616d9a598a417247f94b26c38dff9fd58171235d5c3,,<scratch>/census/option2/pca/tv/PC11_PCA-TV-0963.xlsx
PCA-TV unit No_HH (prior weights),PC11_PCA-TV-0964,"PCA TV: Primary census abstract at town, village and ward level, Uttar Pradesh - District Ghazipur - 2011",https://censusindia.gov.in/nada/index.php/catalog/6386,https://censusindia.gov.in/nada/index.php/catalog/6386/download/9463,PC11_PCA-TV-0964.xlsx,1638009,c1bc57bfab15d258525ac1e3b3e69c9efda3f8783cefca80c420e1c29913cd89,,<scratch>/census/option2/pca/tv/PC11_PCA-TV-0964.xlsx
PCA-TV unit No_HH (prior weights),PC11_PCA-TV-0965,"PCA TV: Primary census abstract at town, village and ward level, Uttar Pradesh - District Chandauli - 2011",https://censusindia.gov.in/nada/index.php/catalog/6387,https://censusindia.gov.in/nada/index.php/catalog/6387/download/9464,PC11_PCA-TV-0965.xlsx,837401,d5557ec12d5d5e65ceb319983df2ce53b24693b45e67633aeb11f36f689e2f6a,,<scratch>/census/option2/pca/tv/PC11_PCA-TV-0965.xlsx
PCA-TV unit No_HH (prior weights),PC11_PCA-TV-0966,"PCA TV: Primary census abstract at town, village and ward level, Uttar Pradesh - District Varanasi - 2011",https://censusindia.gov.in/nada/index.php/catalog/6388,https://censusindia.gov.in/nada/index.php/catalog/6388/download/9465,PC11_PCA-TV-0966.xlsx,761721,199155439dcc8744ec7deed0e0992e6423b8e510b5448e8847129d5bbd75608e,,<scratch>/census/option2/pca/tv/PC11_PCA-TV-0966.xlsx
PCA-TV unit No_HH (prior weights),PC11_PCA-TV-0967,"PCA TV: Primary census abstract at town, village and ward level, Uttar Pradesh - District Sant Ravidas Nagar (Bhadohi) - 2011",https://censusindia.gov.in/nada/index.php/catalog/6389,https://censusindia.gov.in/nada/index.php/catalog/6389/download/9466,PC11_PCA-TV-0967.xlsx,659838,b434dbd07987cc07d0fdd358b2b2b3033567c385c1811bf801dfeb5264a97cbf,,<scratch>/census/option2/pca/tv/PC11_PCA-TV-0967.xlsx
PCA-TV unit No_HH (prior weights),PC11_PCA-TV-0968,"PCA TV: Primary census abstract at town, village and ward level, Uttar Pradesh - District Mirzapur - 2011",https://censusindia.gov.in/nada/index.php/catalog/6390,https://censusindia.gov.in/nada/index.php/catalog/6390/download/9467,PC11_PCA-TV-0968.xlsx,1006902,92b8551646f168167485ee64b00131596b118bbde667b14c89ca9d2cef7b173a,,<scratch>/census/option2/pca/tv/PC11_PCA-TV-0968.xlsx
PCA-TV unit No_HH (prior weights),PC11_PCA-TV-0969,"PCA TV: Primary census abstract at town, village and ward level, Uttar Pradesh - District Sonbhadra - 2011",https://censusindia.gov.in/nada/index.php/catalog/6391,https://censusindia.gov.in/nada/index.php/catalog/6391/download/9468,PC11_PCA-TV-0969.xlsx,781237,00e5033c88dcec77013848e8fd925265b822c6ba348ba2f33585877c3ad3d3ae,,<scratch>/census/option2/pca/tv/PC11_PCA-TV-0969.xlsx
PCA-TV unit No_HH (prior weights),PC11_PCA-TV-0970,"PCA TV: Primary census abstract at town, village and ward level, Uttar Pradesh - District Etah - 2011",https://censusindia.gov.in/nada/index.php/catalog/6392,https://censusindia.gov.in/nada/index.php/catalog/6392/download/9469,PC11_PCA-TV-0970.xlsx,524947,6c050235946ac51b1f11f1887b09e2acb288bea8b364ccad859b53f164175349,,<scratch>/census/option2/pca/tv/PC11_PCA-TV-0970.xlsx
PCA-TV unit No_HH (prior weights),PC11_PCA-TV-0971,"PCA TV: Primary census abstract at town, village and ward level, Uttar Pradesh - District Kanshiram Nagar - 2011",https://censusindia.gov.in/nada/index.php/catalog/6393,https://censusindia.gov.in/nada/index.php/catalog/6393/download/9470,PC11_PCA-TV-0971.xlsx,443398,d7f7eac1dfba186749bd22dfc5de42e381bd1c0b0277c3d935c6318eceeb03fe,,<scratch>/census/option2/pca/tv/PC11_PCA-TV-0971.xlsx
PCA-TV unit No_HH (prior weights),PC11_PCA-TV-1001,"PCA TV: Primary census abstract at town, village and ward level, Bihar - District Pashchim Champaran - 2011",https://censusindia.gov.in/nada/index.php/catalog/6394,https://censusindia.gov.in/nada/index.php/catalog/6394/download/9471,PC11_PCA-TV-1001.xlsx,855389,e72bc63ee582e172ae8cb364b4f62d9013d98aa06ff33373dbb10a79892378ce,,<scratch>/census/option2/pca/tv/PC11_PCA-TV-1001.xlsx
PCA-TV unit No_HH (prior weights),PC11_PCA-TV-1002,"PCA TV: Primary census abstract at town, village and ward level, Bihar - District Purba Champaran - 2011",https://censusindia.gov.in/nada/index.php/catalog/6395,https://censusindia.gov.in/nada/index.php/catalog/6395/download/9472,PC11_PCA-TV-1002.xlsx,813083,4f9d575549a10052bce2e8be1234683edca10f5746d5493be5e1e60bd483e4f0,,<scratch>/census/option2/pca/tv/PC11_PCA-TV-1002.xlsx
PCA-TV unit No_HH (prior weights),PC11_PCA-TV-1003,"PCA TV: Primary census abstract at town, village and ward level, Bihar - District Sheohar - 2011",https://censusindia.gov.in/nada/index.php/catalog/6396,https://censusindia.gov.in/nada/index.php/catalog/6396/download/9473,PC11_PCA-TV-1003.xlsx,133038,4eb35832148f7cce90e050a8e6b1c5e726297c4f5967d187ed1c9eac2a99b95d,,<scratch>/census/option2/pca/tv/PC11_PCA-TV-1003.xlsx
PCA-TV unit No_HH (prior weights),PC11_PCA-TV-1004,"PCA TV: Primary census abstract at town, village and ward level, Bihar - District Sitamarhi - 2011",https://censusindia.gov.in/nada/index.php/catalog/6397,https://censusindia.gov.in/nada/index.php/catalog/6397/download/9474,PC11_PCA-TV-1004.xlsx,513624,f52b297eec59e0ef899da5c8f2877ec0db76335a212d7a096a4f45bc620a795a,,<scratch>/census/option2/pca/tv/PC11_PCA-TV-1004.xlsx
PCA-TV unit No_HH (prior weights),PC11_PCA-TV-1005,"PCA TV: Primary census abstract at town, village and ward level, Bihar - District Madhubani - 2011",https://censusindia.gov.in/nada/index.php/catalog/6398,https://censusindia.gov.in/nada/index.php/catalog/6398/download/9475,PC11_PCA-TV-1005.xlsx,651158,3484af8b932fc574ec478868b172b9d976cc80a572c7ada5bee7db6530bf2886,,<scratch>/census/option2/pca/tv/PC11_PCA-TV-1005.xlsx
PCA-TV unit No_HH (prior weights),PC11_PCA-TV-1006,"PCA TV: Primary census abstract at town, village and ward level, Bihar - District Supaul - 2011",https://censusindia.gov.in/nada/index.php/catalog/6399,https://censusindia.gov.in/nada/index.php/catalog/6399/download/9476,PC11_PCA-TV-1006.xlsx,341533,b6f9c847a46dfdb8ba18fe72e3be27c21c2ed95ae30a11e10382f856d5a830e6,,<scratch>/census/option2/pca/tv/PC11_PCA-TV-1006.xlsx
PCA-TV unit No_HH (prior weights),PC11_PCA-TV-1007,"PCA TV: Primary census abstract at town, village and ward level, Bihar - District Araria - 2011",https://censusindia.gov.in/nada/index.php/catalog/6400,https://censusindia.gov.in/nada/index.php/catalog/6400/download/9477,PC11_PCA-TV-1007.xlsx,442165,579d8b27b6853310dd8d265df7fb744232d5afcbd1c12398b38dcc80c031e89e,,<scratch>/census/option2/pca/tv/PC11_PCA-TV-1007.xlsx
PCA-TV unit No_HH (prior weights),PC11_PCA-TV-1008,"PCA TV: Primary census abstract at town, village and ward level, Bihar - District Kishanganj - 2011",https://censusindia.gov.in/nada/index.php/catalog/6401,https://censusindia.gov.in/nada/index.php/catalog/6401/download/9478,PC11_PCA-TV-1008.xlsx,428920,c91f8a791151dc48017aabd086bf023c0f77b51f3baa6c64b41a3df60f399fa2,,<scratch>/census/option2/pca/tv/PC11_PCA-TV-1008.xlsx
PCA-TV unit No_HH (prior weights),PC11_PCA-TV-1009,"PCA TV: Primary census abstract at town, village and ward level, Bihar - District Purnia - 2011",https://censusindia.gov.in/nada/index.php/catalog/6402,https://censusindia.gov.in/nada/index.php/catalog/6402/download/9479,PC11_PCA-TV-1009.xlsx,687641,1ce7120387f27fbf0550e3b0a147222ef117fccae50974712a31a57bd1480f1f,,<scratch>/census/option2/pca/tv/PC11_PCA-TV-1009.xlsx
PCA-TV unit No_HH (prior weights),PC11_PCA-TV-1010,"PCA TV: Primary census abstract at town, village and ward level, Bihar - District Katihar - 2011",https://censusindia.gov.in/nada/index.php/catalog/6403,https://censusindia.gov.in/nada/index.php/catalog/6403/download/9480,PC11_PCA-TV-1010.xlsx,787974,ceaa1df3883fa08b773555d9404f3b80f302404d5f016923791cac8533caf746,,<scratch>/census/option2/pca/tv/PC11_PCA-TV-1010.xlsx
PCA-TV unit No_HH (prior weights),PC11_PCA-TV-1011,"PCA TV: Primary census abstract at town, village and ward level, Bihar - District Madhepura - 2011",https://censusindia.gov.in/nada/index.php/catalog/6404,https://censusindia.gov.in/nada/index.php/catalog/6404/download/9481,PC11_PCA-TV-1011.xlsx,277354,3052d4199652045b530cb2590740ea7c8c4926f2f11f2708059310f5c83d983a,,<scratch>/census/option2/pca/tv/PC11_PCA-TV-1011.xlsx
PCA-TV unit No_HH (prior weights),PC11_PCA-TV-1012,"PCA TV: Primary census abstract at town, village and ward level, Bihar - District Saharsa - 2011",https://censusindia.gov.in/nada/index.php/catalog/6405,https://censusindia.gov.in/nada/index.php/catalog/6405/download/9482,PC11_PCA-TV-1012.xlsx,290148,6c2014ea791d0dcb63828f70c111b77e8f70db7ff68afb1437b3b11b77d120c8,,<scratch>/census/option2/pca/tv/PC11_PCA-TV-1012.xlsx
PCA-TV unit No_HH (prior weights),PC11_PCA-TV-1013,"PCA TV: Primary census abstract at town, village and ward level, Bihar - District Darbhanga - 2011",https://censusindia.gov.in/nada/index.php/catalog/6406,https://censusindia.gov.in/nada/index.php/catalog/6406/download/9483,PC11_PCA-TV-1013.xlsx,693619,8a1a93009b996475b4a9833a132efa1c7e455fc24ab558ea597f374fc8378609,,<scratch>/census/option2/pca/tv/PC11_PCA-TV-1013.xlsx
PCA-TV unit No_HH (prior weights),PC11_PCA-TV-1014,"PCA TV: Primary census abstract at town, village and ward level, Bihar - District Muzaffarpur - 2011",https://censusindia.gov.in/nada/index.php/catalog/6407,https://censusindia.gov.in/nada/index.php/catalog/6407/download/9484,PC11_PCA-TV-1014.xlsx,992257,1c46591c606fa2f91307e414114183b3a06e84fb360560a0c2d93485eaabffed,,<scratch>/census/option2/pca/tv/PC11_PCA-TV-1014.xlsx
PCA-TV unit No_HH (prior weights),PC11_PCA-TV-1015,"PCA TV: Primary census abstract at town, village and ward level, Bihar - District Gopalganj - 2011",https://censusindia.gov.in/nada/index.php/catalog/6408,https://censusindia.gov.in/nada/index.php/catalog/6408/download/9485,PC11_PCA-TV-1015.xlsx,823817,00270359c8519c7fb4a04995e640fd6833e7eb597ba05fde806b4e31480c4373,,<scratch>/census/option2/pca/tv/PC11_PCA-TV-1015.xlsx
PCA-TV unit No_HH (prior weights),PC11_PCA-TV-1016,"PCA TV: Primary census abstract at town, village and ward level, Bihar - District Siwan - 2011",https://censusindia.gov.in/nada/index.php/catalog/6409,https://censusindia.gov.in/nada/index.php/catalog/6409/download/9486,PC11_PCA-TV-1016.xlsx,836464,85032f34ca0c8dce47f2eb53aff0e305b6b4e2d68cb677a15155f16efcbf5954,,<scratch>/census/option2/pca/tv/PC11_PCA-TV-1016.xlsx
PCA-TV unit No_HH (prior weights),PC11_PCA-TV-1017,"PCA TV: Primary census abstract at town, village and ward level, Bihar - District Saran - 2011",https://censusindia.gov.in/nada/index.php/catalog/6410,https://censusindia.gov.in/nada/index.php/catalog/6410/download/9487,PC11_PCA-TV-1017.xlsx,965063,919a41c7b050d8cb2f9b21ea783d358e310a11ca8705a5edbd8b7853b2a9d7fc,,<scratch>/census/option2/pca/tv/PC11_PCA-TV-1017.xlsx
PCA-TV unit No_HH (prior weights),PC11_PCA-TV-1018,"PCA TV: Primary census abstract at town, village and ward level, Bihar - District Vaishali - 2011",https://censusindia.gov.in/nada/index.php/catalog/6411,https://censusindia.gov.in/nada/index.php/catalog/6411/download/9488,PC11_PCA-TV-1018.xlsx,842103,b72090e340deb2b4c147e0b49583860b30c7cb440f22cdecfb35926af30b55eb,,<scratch>/census/option2/pca/tv/PC11_PCA-TV-1018.xlsx
PCA-TV unit No_HH (prior weights),PC11_PCA-TV-1019,"PCA TV: Primary census abstract at town, village and ward level, Bihar - District Samastipur - 2011",https://censusindia.gov.in/nada/index.php/catalog/6412,https://censusindia.gov.in/nada/index.php/catalog/6412/download/9489,PC11_PCA-TV-1019.xlsx,699154,582f1dd1755fc5ac40b74adc278d708904ea9c174289393172fd2f1d0b6ac09a,,<scratch>/census/option2/pca/tv/PC11_PCA-TV-1019.xlsx
PCA-TV unit No_HH (prior weights),PC11_PCA-TV-1020,"PCA TV: Primary census abstract at town, village and ward level, Bihar - District Begusarai - 2011",https://censusindia.gov.in/nada/index.php/catalog/6413,https://censusindia.gov.in/nada/index.php/catalog/6413/download/9490,PC11_PCA-TV-1020.xlsx,599955,059a06bc30b466ccc2aa1f0a369d68d25be3b5b9e82ea8f19bc4b85dbea71484,,<scratch>/census/option2/pca/tv/PC11_PCA-TV-1020.xlsx
PCA-TV unit No_HH (prior weights),PC11_PCA-TV-1021,"PCA TV: Primary census abstract at town, village and ward level, Bihar - District Khagaria - 2011",https://censusindia.gov.in/nada/index.php/catalog/6414,https://censusindia.gov.in/nada/index.php/catalog/6414/download/9491,PC11_PCA-TV-1021.xlsx,200835,f0c1f5165793cf5bdfbab038fc1d77203b90f24239881f56b39d508fc99d22f4,,<scratch>/census/option2/pca/tv/PC11_PCA-TV-1021.xlsx
PCA-TV unit No_HH (prior weights),PC11_PCA-TV-1022,"PCA TV: Primary census abstract at town, village and ward level, Bihar - District Bhagalpur - 2011",https://censusindia.gov.in/nada/index.php/catalog/6415,https://censusindia.gov.in/nada/index.php/catalog/6415/download/9492,PC11_PCA-TV-1022.xlsx,782730,a5c388283ec584ff5ac0286bdd4e3783a2331d0de44f1c7e4f09fdca82ae81b2,,<scratch>/census/option2/pca/tv/PC11_PCA-TV-1022.xlsx
PCA-TV unit No_HH (prior weights),PC11_PCA-TV-1023,"PCA TV: Primary census abstract at town, village and ward level, Bihar - District Banka - 2011",https://censusindia.gov.in/nada/index.php/catalog/6416,https://censusindia.gov.in/nada/index.php/catalog/6416/download/9493,PC11_PCA-TV-1023.xlsx,1009358,88b1e6417607b98869761dab7353c73c83565fb58047dc2dcac95fe773194106,,<scratch>/census/option2/pca/tv/PC11_PCA-TV-1023.xlsx
PCA-TV unit No_HH (prior weights),PC11_PCA-TV-1024,"PCA TV: Primary census abstract at town, village and ward level, Bihar - District Munger - 2011",https://censusindia.gov.in/nada/index.php/catalog/6417,https://censusindia.gov.in/nada/index.php/catalog/6417/download/9494,PC11_PCA-TV-1024.xlsx,458070,16da355d0a8c7b6b7cd0e855ea8de0ca6d02ec5b51cc691b4da845b974ee6d1b,,<scratch>/census/option2/pca/tv/PC11_PCA-TV-1024.xlsx
PCA-TV unit No_HH (prior weights),PC11_PCA-TV-1025,"PCA TV: Primary census abstract at town, village and ward level, Bihar - District Lakhisarai - 2011",https://censusindia.gov.in/nada/index.php/catalog/6418,https://censusindia.gov.in/nada/index.php/catalog/6418/download/9495,PC11_PCA-TV-1025.xlsx,276165,5c61ecfa3085f561e8ef5a5b2cb19a54bae509e52e34e7ce1b2d65a0888a2a51,,<scratch>/census/option2/pca/tv/PC11_PCA-TV-1025.xlsx
PCA-TV unit No_HH (prior weights),PC11_PCA-TV-1026,"PCA TV: Primary census abstract at town, village and ward level, Bihar - District Sheikhpura - 2011",https://censusindia.gov.in/nada/index.php/catalog/6419,https://censusindia.gov.in/nada/index.php/catalog/6419/download/9496,PC11_PCA-TV-1026.xlsx,200434,0ce875367b62c067e52415459a1642496d50525129e32815422c1e27a42ed7f1,,<scratch>/census/option2/pca/tv/PC11_PCA-TV-1026.xlsx
PCA-TV unit No_HH (prior weights),PC11_PCA-TV-1027,"PCA TV: Primary census abstract at town, village and ward level, Bihar - District Nalanda - 2011",https://censusindia.gov.in/nada/index.php/catalog/6420,https://censusindia.gov.in/nada/index.php/catalog/6420/download/9497,PC11_PCA-TV-1027.xlsx,639852,3b14c8c99dfbc692e7a616c2d3bca1f0fa4fe38830f9c29e673c03822b32bde3,,<scratch>/census/option2/pca/tv/PC11_PCA-TV-1027.xlsx
PCA-TV unit No_HH (prior weights),PC11_PCA-TV-1028,"PCA TV: Primary census abstract at town, village and ward level, Bihar - District Patna - 2011",https://censusindia.gov.in/nada/index.php/catalog/6421,https://censusindia.gov.in/nada/index.php/catalog/6421/download/9498,PC11_PCA-TV-1028.xlsx,953715,d417f51d35b4223a28af3ecf2b61278aafdb69fc0ef3d52635ce2622e6be2c21,,<scratch>/census/option2/pca/tv/PC11_PCA-TV-1028.xlsx
PCA-TV unit No_HH (prior weights),PC11_PCA-TV-1029,"PCA TV: Primary census abstract at town, village and ward level, Bihar - District Bhojpur - 2011",https://censusindia.gov.in/nada/index.php/catalog/6422,https://censusindia.gov.in/nada/index.php/catalog/6422/download/9499,PC11_PCA-TV-1029.xlsx,681412,9569c52de2633df26a58b5fa42196689cadb5706343b0909c7a5acc1385b8dd3,,<scratch>/census/option2/pca/tv/PC11_PCA-TV-1029.xlsx
PCA-TV unit No_HH (prior weights),PC11_PCA-TV-1030,"PCA TV: Primary census abstract at town, village and ward level, Bihar - District Buxar - 2011",https://censusindia.gov.in/nada/index.php/catalog/6423,https://censusindia.gov.in/nada/index.php/catalog/6423/download/9500,PC11_PCA-TV-1030.xlsx,578136,f84bd2bbbad049bd73a2fa12fd3bd209eed00fbf243c19024e043df1f450ca92,,<scratch>/census/option2/pca/tv/PC11_PCA-TV-1030.xlsx
PCA-TV unit No_HH (prior weights),PC11_PCA-TV-1031,"PCA TV: Primary census abstract at town, village and ward level, Bihar - District Kaimur (Bhabua) - 2011",https://censusindia.gov.in/nada/index.php/catalog/6424,https://censusindia.gov.in/nada/index.php/catalog/6424/download/9501,PC11_PCA-TV-1031.xlsx,816144,d7912cf694ca41a317ea27e3e85673ab200e71154391f3ca74d4d2e412a4657d,,<scratch>/census/option2/pca/tv/PC11_PCA-TV-1031.xlsx
PCA-TV unit No_HH (prior weights),PC11_PCA-TV-1032,"PCA TV: Primary census abstract at town, village and ward level, Bihar - District Rohtas - 2011",https://censusindia.gov.in/nada/index.php/catalog/6425,https://censusindia.gov.in/nada/index.php/catalog/6425/download/9502,PC11_PCA-TV-1032.xlsx,1098017,34ba15a105968b4f129cfbb8ef31094160c0c0dd99e6876225ca1a0826f5d92e,,<scratch>/census/option2/pca/tv/PC11_PCA-TV-1032.xlsx
PCA-TV unit No_HH (prior weights),PC11_PCA-TV-1033,"PCA TV: Primary census abstract at town, village and ward level, Bihar - District Aurangabad - 2011",https://censusindia.gov.in/nada/index.php/catalog/6426,https://censusindia.gov.in/nada/index.php/catalog/6426/download/9503,PC11_PCA-TV-1033.xlsx,968942,ac1871ff695db422845738a7e16a7f402b7e1c3156810d181d68592642a077af,,<scratch>/census/option2/pca/tv/PC11_PCA-TV-1033.xlsx
PCA-TV unit No_HH (prior weights),PC11_PCA-TV-1034,"PCA TV: Primary census abstract at town, village and ward level, Bihar - District Gaya - 2011",https://censusindia.gov.in/nada/index.php/catalog/6427,https://censusindia.gov.in/nada/index.php/catalog/6427/download/9504,PC11_PCA-TV-1034.xlsx,1516334,6dae28bd73b3e70acaee136449b38acd25d69c24947db871b70a99bcebd57081,,<scratch>/census/option2/pca/tv/PC11_PCA-TV-1034.xlsx
PCA-TV unit No_HH (prior weights),PC11_PCA-TV-1035,"PCA TV: Primary census abstract at town, village and ward level, Bihar - District Nawada - 2011",https://censusindia.gov.in/nada/index.php/catalog/6428,https://censusindia.gov.in/nada/index.php/catalog/6428/download/9505,PC11_PCA-TV-1035.xlsx,607498,5dbfeaff49d724daab642a7656bfdc3a15abfbfccf326d045a2a4fd9dcf504d7,,<scratch>/census/option2/pca/tv/PC11_PCA-TV-1035.xlsx
PCA-TV unit No_HH (prior weights),PC11_PCA-TV-1036,"PCA TV: Primary census abstract at town, village and ward level, Bihar - District Jamui - 2011",https://censusindia.gov.in/nada/index.php/catalog/6429,https://censusindia.gov.in/nada/index.php/catalog/6429/download/9506,PC11_PCA-TV-1036.xlsx,758081,83d021674b39040cf915aa0a1feea48161da4cb62931e95c46a5210c2690cdde,,<scratch>/census/option2/pca/tv/PC11_PCA-TV-1036.xlsx
PCA-TV unit No_HH (prior weights),PC11_PCA-TV-1037,"PCA TV: Primary census abstract at town, village and ward level, Bihar - District Jehanabad - 2011",https://censusindia.gov.in/nada/index.php/catalog/6430,https://censusindia.gov.in/nada/index.php/catalog/6430/download/9507,PC11_PCA-TV-1037.xlsx,334035,84e6d4fd5400f7116639d833c6b86c836e711f5494e7bad0de2ca02c7e28fa9b,,<scratch>/census/option2/pca/tv/PC11_PCA-TV-1037.xlsx
PCA-TV unit No_HH (prior weights),PC11_PCA-TV-1038,"PCA TV: Primary census abstract at town, village and ward level, Bihar - District Arwal - 2011",https://censusindia.gov.in/nada/index.php/catalog/6431,https://censusindia.gov.in/nada/index.php/catalog/6431/download/9508,PC11_PCA-TV-1038.xlsx,189992,2e7f5a2748c5220c78e3a105490ae7f2c051db392b76a3a69756c3b0f2ae925b,,<scratch>/census/option2/pca/tv/PC11_PCA-TV-1038.xlsx
PCA-TV unit No_HH (prior weights),PC11_PCA-TV-1101,"PCA TV: Primary census abstract at town, village and ward level, Sikkim - District North  District - 2011",https://censusindia.gov.in/nada/index.php/catalog/6432,https://censusindia.gov.in/nada/index.php/catalog/6432/download/9509,PC11_PCA-TV-1101.xlsx,46944,bcc0f4966cbdd61a3bc6f988f97b5d8131f188145a459b0c2a29700bda1f37bd,,<scratch>/census/option2/pca/tv/PC11_PCA-TV-1101.xlsx
PCA-TV unit No_HH (prior weights),PC11_PCA-TV-1102,"PCA TV: Primary census abstract at town, village and ward level, Sikkim - District West District - 2011",https://censusindia.gov.in/nada/index.php/catalog/6433,https://censusindia.gov.in/nada/index.php/catalog/6433/download/9510,PC11_PCA-TV-1102.xlsx,82449,922bd6c6b3cf2c65fd504c1249f68a9b5f959c4689f6ac1b287709945d01b154,,<scratch>/census/option2/pca/tv/PC11_PCA-TV-1102.xlsx
PCA-TV unit No_HH (prior weights),PC11_PCA-TV-1103,"PCA TV: Primary census abstract at town, village and ward level, Sikkim - District South District - 2011",https://censusindia.gov.in/nada/index.php/catalog/6434,https://censusindia.gov.in/nada/index.php/catalog/6434/download/9511,PC11_PCA-TV-1103.xlsx,96442,2c333c3b1812ee2b92de276addc42c8d02cb1d2bcf43c54ee89a3094283b85da,,<scratch>/census/option2/pca/tv/PC11_PCA-TV-1103.xlsx
PCA-TV unit No_HH (prior weights),PC11_PCA-TV-1104,"PCA TV: Primary census abstract at town, village and ward level, Sikkim - District East District - 2011",https://censusindia.gov.in/nada/index.php/catalog/6435,https://censusindia.gov.in/nada/index.php/catalog/6435/download/9512,PC11_PCA-TV-1104.xlsx,97530,a60fb08f72700169f83b490b9974a7c00bd29e047adbd31a4a104bb2970d7856,,<scratch>/census/option2/pca/tv/PC11_PCA-TV-1104.xlsx
PCA-TV unit No_HH (prior weights),PC11_PCA-TV-1201,"PCA TV: Primary census abstract at town, village and ward level, Arunachal Pradesh - District Tawang - 2011",https://censusindia.gov.in/nada/index.php/catalog/6436,https://censusindia.gov.in/nada/index.php/catalog/6436/download/9513,PC11_PCA-TV-1201.xlsx,127129,de2a03f2802b880af055ff87e1d7d18e7de335af675e817c4030f95636ca8da1,,<scratch>/census/option2/pca/tv/PC11_PCA-TV-1201.xlsx
PCA-TV unit No_HH (prior weights),PC11_PCA-TV-1202,"PCA TV: Primary census abstract at town, village and ward level, Arunachal Pradesh - District West Kameng - 2011",https://censusindia.gov.in/nada/index.php/catalog/6437,https://censusindia.gov.in/nada/index.php/catalog/6437/download/9514,PC11_PCA-TV-1202.xlsx,155900,cc1ba7857887c5c8761a2d26de3d60c8a4d55d73af1f427f099d78b32f404475,,<scratch>/census/option2/pca/tv/PC11_PCA-TV-1202.xlsx
PCA-TV unit No_HH (prior weights),PC11_PCA-TV-1203,"PCA TV: Primary census abstract at town, village and ward level, Arunachal Pradesh - District East Kameng - 2011",https://censusindia.gov.in/nada/index.php/catalog/6438,https://censusindia.gov.in/nada/index.php/catalog/6438/download/9515,PC11_PCA-TV-1203.xlsx,192193,ad61807dba96d26ea63c91a4d66992150692515082757aa95a61fb4be43e64ae,,<scratch>/census/option2/pca/tv/PC11_PCA-TV-1203.xlsx
PCA-TV unit No_HH (prior weights),PC11_PCA-TV-1204,"PCA TV: Primary census abstract at town, village and ward level, Arunachal Pradesh - District Papum Pare - 2011",https://censusindia.gov.in/nada/index.php/catalog/6439,https://censusindia.gov.in/nada/index.php/catalog/6439/download/9516,PC11_PCA-TV-1204.xlsx,242313,675d3bc8bc5914142a2012597456570daff99a67d2d5326842d5b129c25e70da,,<scratch>/census/option2/pca/tv/PC11_PCA-TV-1204.xlsx
PCA-TV unit No_HH (prior weights),PC11_PCA-TV-1205,"PCA TV: Primary census abstract at town, village and ward level, Arunachal Pradesh - District Upper Subansiri - 2011",https://censusindia.gov.in/nada/index.php/catalog/6440,https://censusindia.gov.in/nada/index.php/catalog/6440/download/9517,PC11_PCA-TV-1205.xlsx,266670,97a610f690253ed0ec4ff4ffec8aa232cf63f414f4d5be1eab91f2ec01e58050,,<scratch>/census/option2/pca/tv/PC11_PCA-TV-1205.xlsx
PCA-TV unit No_HH (prior weights),PC11_PCA-TV-1206,"PCA TV: Primary census abstract at town, village and ward level, Arunachal Pradesh - District West Siang - 2011",https://censusindia.gov.in/nada/index.php/catalog/6441,https://censusindia.gov.in/nada/index.php/catalog/6441/download/9518,PC11_PCA-TV-1206.xlsx,237468,c7b5a6d56b1a838623a1ee2058d585267eaff3b230c3bd13dcfcacbe33ffcb17,,<scratch>/census/option2/pca/tv/PC11_PCA-TV-1206.xlsx
PCA-TV unit No_HH (prior weights),PC11_PCA-TV-1207,"PCA TV: Primary census abstract at town, village and ward level, Arunachal Pradesh - District East Siang - 2011",https://censusindia.gov.in/nada/index.php/catalog/6442,https://censusindia.gov.in/nada/index.php/catalog/6442/download/9519,PC11_PCA-TV-1207.xlsx,104009,9b19a5412908939344a4b8c230e5a5b244279a8e97f5e3a3960929984b5f3edc,,<scratch>/census/option2/pca/tv/PC11_PCA-TV-1207.xlsx
PCA-TV unit No_HH (prior weights),PC11_PCA-TV-1208,"PCA TV: Primary census abstract at town, village and ward level, Arunachal Pradesh - District Upper Siang - 2011",https://censusindia.gov.in/nada/index.php/catalog/6443,https://censusindia.gov.in/nada/index.php/catalog/6443/download/9520,PC11_PCA-TV-1208.xlsx,76715,115e368c0bde9c4061a3ba19bda58e80fadb6f3da253706f0663e224e517399b,,<scratch>/census/option2/pca/tv/PC11_PCA-TV-1208.xlsx
PCA-TV unit No_HH (prior weights),PC11_PCA-TV-1209,"PCA TV: Primary census abstract at town, village and ward level, Arunachal Pradesh - District Changlang - 2011",https://censusindia.gov.in/nada/index.php/catalog/6444,https://censusindia.gov.in/nada/index.php/catalog/6444/download/9521,PC11_PCA-TV-1209.xlsx,193570,abd0e02521715476e648f7733d7cf06ca63ca294f16506ef9c8a8ffa158f5577,,<scratch>/census/option2/pca/tv/PC11_PCA-TV-1209.xlsx
PCA-TV unit No_HH (prior weights),PC11_PCA-TV-1210,"PCA TV: Primary census abstract at town, village and ward level, Arunachal Pradesh - District Tirap - 2011",https://censusindia.gov.in/nada/index.php/catalog/6445,https://censusindia.gov.in/nada/index.php/catalog/6445/download/9522,PC11_PCA-TV-1210.xlsx,116184,a8f6885ad478e5aa43254fe859064554ceff553c1861ede62025934cf5f69ee0,,<scratch>/census/option2/pca/tv/PC11_PCA-TV-1210.xlsx
PCA-TV unit No_HH (prior weights),PC11_PCA-TV-1211,"PCA TV: Primary census abstract at town, village and ward level, Arunachal Pradesh - District Lower Subansiri - 2011",https://censusindia.gov.in/nada/index.php/catalog/6446,https://censusindia.gov.in/nada/index.php/catalog/6446/download/9523,PC11_PCA-TV-1211.xlsx,263178,d732f539ea4d02c8cdbe9cd2f105098c53dce84530dbdf868cb62ab3aea9e7cd,,<scratch>/census/option2/pca/tv/PC11_PCA-TV-1211.xlsx
PCA-TV unit No_HH (prior weights),PC11_PCA-TV-1212,"PCA TV: Primary census abstract at town, village and ward level, Arunachal Pradesh - District Kurung Kumey - 2011",https://censusindia.gov.in/nada/index.php/catalog/6447,https://censusindia.gov.in/nada/index.php/catalog/6447/download/9524,PC11_PCA-TV-1212.xlsx,340796,7f29e9a9fde941f78d963ff463e3bfbab89275a1e4804a83a9ce4ee70ea33e1e,,<scratch>/census/option2/pca/tv/PC11_PCA-TV-1212.xlsx
PCA-TV unit No_HH (prior weights),PC11_PCA-TV-1213,"PCA TV: Primary census abstract at town, village and ward level, Arunachal Pradesh - District Dibang Valley - 2011",https://censusindia.gov.in/nada/index.php/catalog/6448,https://censusindia.gov.in/nada/index.php/catalog/6448/download/9525,PC11_PCA-TV-1213.xlsx,77971,c74fadbd5dbc78e01406285e5af9cc896919033d2e438771b1f2b3934c2b96d8,,<scratch>/census/option2/pca/tv/PC11_PCA-TV-1213.xlsx
PCA-TV unit No_HH (prior weights),PC11_PCA-TV-1214,"PCA TV: Primary census abstract at town, village and ward level, Arunachal Pradesh - District Lower Dibang Valley - 2011",https://censusindia.gov.in/nada/index.php/catalog/6449,https://censusindia.gov.in/nada/index.php/catalog/6449/download/9526,PC11_PCA-TV-1214.xlsx,150623,52684374a19c877735460a4881c156669878e222ce24ebbb24ba9a1eace271bb,,<scratch>/census/option2/pca/tv/PC11_PCA-TV-1214.xlsx
PCA-TV unit No_HH (prior weights),PC11_PCA-TV-1215,"PCA TV: Primary census abstract at town, village and ward level, Arunachal Pradesh - District Lohit - 2011",https://censusindia.gov.in/nada/index.php/catalog/6450,https://censusindia.gov.in/nada/index.php/catalog/6450/download/9527,PC11_PCA-TV-1215.xlsx,158793,4c45c3a7805664a5e9adbba5ff65a8f5a6722cf9a714ddc55c878ec1a0b0b4b8,,<scratch>/census/option2/pca/tv/PC11_PCA-TV-1215.xlsx
PCA-TV unit No_HH (prior weights),PC11_PCA-TV-1216,"PCA TV: Primary census abstract at town, village and ward level, Arunachal Pradesh - District Anjaw - 2011",https://censusindia.gov.in/nada/index.php/catalog/6451,https://censusindia.gov.in/nada/index.php/catalog/6451/download/9528,PC11_PCA-TV-1216.xlsx,147125,2fccb93c3b0a1c84cea2c8836b6ca0d76f40c8ae204c97a058f3cd6268473f80,,<scratch>/census/option2/pca/tv/PC11_PCA-TV-1216.xlsx
PCA-TV unit No_HH (prior weights),PC11_PCA-TV-1301,"PCA TV: Primary census abstract at town, village and ward level, Nagaland - District Mon - 2011",https://censusindia.gov.in/nada/index.php/catalog/6452,https://censusindia.gov.in/nada/index.php/catalog/6452/download/9529,PC11_PCA-TV-1301.xlsx,110527,15bddcefc69afde004c9fdd2d9d5058e062115f9ae819b3834204e93221092a8,,<scratch>/census/option2/pca/tv/PC11_PCA-TV-1301.xlsx
PCA-TV unit No_HH (prior weights),PC11_PCA-TV-1302,"PCA TV: Primary census abstract at town, village and ward level, Nagaland - District Mokokchung - 2011",https://censusindia.gov.in/nada/index.php/catalog/6453,https://censusindia.gov.in/nada/index.php/catalog/6453/download/9530,PC11_PCA-TV-1302.xlsx,101412,153eff7267529942d7059e224bed7da1463bedf354acc61c0fd366c8c0d512dc,,<scratch>/census/option2/pca/tv/PC11_PCA-TV-1302.xlsx
PCA-TV unit No_HH (prior weights),PC11_PCA-TV-1303,"PCA TV: Primary census abstract at town, village and ward level, Nagaland - District Zunheboto - 2011",https://censusindia.gov.in/nada/index.php/catalog/6454,https://censusindia.gov.in/nada/index.php/catalog/6454/download/9531,PC11_PCA-TV-1303.xlsx,132435,c17f789f22c21239069a1547ca0eee84b94e82776ac76bf49b58c391e28a4ed1,,<scratch>/census/option2/pca/tv/PC11_PCA-TV-1303.xlsx
PCA-TV unit No_HH (prior weights),PC11_PCA-TV-1304,"PCA TV: Primary census abstract at town, village and ward level, Nagaland - District Wokha - 2011",https://censusindia.gov.in/nada/index.php/catalog/6455,https://censusindia.gov.in/nada/index.php/catalog/6455/download/9532,PC11_PCA-TV-1304.xlsx,109442,c496b654de69b11c4d1129844a404e581e7f30207b7be1719e2048c751d531d2,,<scratch>/census/option2/pca/tv/PC11_PCA-TV-1304.xlsx
PCA-TV unit No_HH (prior weights),PC11_PCA-TV-1305,"PCA TV: Primary census abstract at town, village and ward level, Nagaland - District Dimapur - 2011",https://censusindia.gov.in/nada/index.php/catalog/6456,https://censusindia.gov.in/nada/index.php/catalog/6456/download/9533,PC11_PCA-TV-1305.xlsx,158057,2e671ab042e89a95f7f84ac352dfbfa548c995b8a07ad4cc8ddc1eebcf10006c,,<scratch>/census/option2/pca/tv/PC11_PCA-TV-1305.xlsx
PCA-TV unit No_HH (prior weights),PC11_PCA-TV-1306,"PCA TV: Primary census abstract at town, village and ward level, Nagaland - District Phek - 2011",https://censusindia.gov.in/nada/index.php/catalog/6457,https://censusindia.gov.in/nada/index.php/catalog/6457/download/9534,PC11_PCA-TV-1306.xlsx,101180,4f611fe45ef4f975c382f63a4d3916df7c0f9fd191bd351cc2f6f2cc5a299002,,<scratch>/census/option2/pca/tv/PC11_PCA-TV-1306.xlsx
PCA-TV unit No_HH (prior weights),PC11_PCA-TV-1307,"PCA TV: Primary census abstract at town, village and ward level, Nagaland - District Tuensang - 2011",https://censusindia.gov.in/nada/index.php/catalog/6458,https://censusindia.gov.in/nada/index.php/catalog/6458/download/9535,PC11_PCA-TV-1307.xlsx,112744,d2b405a6fbd1185ef523e4d1ba608d0b03344721f356cc728a39424567af622c,,<scratch>/census/option2/pca/tv/PC11_PCA-TV-1307.xlsx
PCA-TV unit No_HH (prior weights),PC11_PCA-TV-1308,"PCA TV: Primary census abstract at town, village and ward level, Nagaland - District Longleng - 2011",https://censusindia.gov.in/nada/index.php/catalog/6459,https://censusindia.gov.in/nada/index.php/catalog/6459/download/9536,PC11_PCA-TV-1308.xlsx,51663,93c11dd87fb4ab7c01baf626ff4e1830043c6093035ce58524054dfdd6e4b99d,,<scratch>/census/option2/pca/tv/PC11_PCA-TV-1308.xlsx
PCA-TV unit No_HH (prior weights),PC11_PCA-TV-1309,"PCA TV: Primary census abstract at town, village and ward level, Nagaland - District Kiphire - 2011",https://censusindia.gov.in/nada/index.php/catalog/6460,https://censusindia.gov.in/nada/index.php/catalog/6460/download/9537,PC11_PCA-TV-1309.xlsx,75416,106383479758ba6e17f01152a9d318e1c0c07ae8faff35c8040d0e20a9c2bc76,,<scratch>/census/option2/pca/tv/PC11_PCA-TV-1309.xlsx
PCA-TV unit No_HH (prior weights),PC11_PCA-TV-1310,"PCA TV: Primary census abstract at town, village and ward level, Nagaland - District Kohima - 2011",https://censusindia.gov.in/nada/index.php/catalog/6461,https://censusindia.gov.in/nada/index.php/catalog/6461/download/9538,PC11_PCA-TV-1310.xlsx,92196,772e953b2747ca64143f2779da434e6fd7148de2e49f325d3db4d6d7b2a61145,,<scratch>/census/option2/pca/tv/PC11_PCA-TV-1310.xlsx
PCA-TV unit No_HH (prior weights),PC11_PCA-TV-1311,"PCA TV: Primary census abstract at town, village and ward level, Nagaland - District Peren - 2011",https://censusindia.gov.in/nada/index.php/catalog/6462,https://censusindia.gov.in/nada/index.php/catalog/6462/download/9539,PC11_PCA-TV-1311.xlsx,87796,f978e95578f61ea05d4a4d1674bcae38c61108ac0de23bf926ab56228310e5d8,,<scratch>/census/option2/pca/tv/PC11_PCA-TV-1311.xlsx
PCA-TV unit No_HH (prior weights),PC11_PCA-TV-1401,"PCA TV: Primary census abstract at town, village and ward level, Manipur - District Senapati - 2011",https://censusindia.gov.in/nada/index.php/catalog/6463,https://censusindia.gov.in/nada/index.php/catalog/6463/download/9540,PC11_PCA-TV-1401.xlsx,339344,d1d3d49a40dfb8da25c344db797b2114bfdd41e8b51bb1e53479f17cd0bda130,,<scratch>/census/option2/pca/tv/PC11_PCA-TV-1401.xlsx
PCA-TV unit No_HH (prior weights),PC11_PCA-TV-1402,"PCA TV: Primary census abstract at town, village and ward level, Manipur - District Tamenglong - 2011",https://censusindia.gov.in/nada/index.php/catalog/6464,https://censusindia.gov.in/nada/index.php/catalog/6464/download/9541,PC11_PCA-TV-1402.xlsx,102607,67984e4a990c5f6823c8ef597cfb62add756dce652343286d1c44bfc12e738e6,,<scratch>/census/option2/pca/tv/PC11_PCA-TV-1402.xlsx
PCA-TV unit No_HH (prior weights),PC11_PCA-TV-1403,"PCA TV: Primary census abstract at town, village and ward level, Manipur - District Churachandpur - 2011",https://censusindia.gov.in/nada/index.php/catalog/6465,https://censusindia.gov.in/nada/index.php/catalog/6465/download/9542,PC11_PCA-TV-1403.xlsx,294840,2e91f0c6aa1a238552b9c3daae9e5c00952ca2cd381edd90188cdbef0dfd25e5,,<scratch>/census/option2/pca/tv/PC11_PCA-TV-1403.xlsx
PCA-TV unit No_HH (prior weights),PC11_PCA-TV-1404,"PCA TV: Primary census abstract at town, village and ward level, Manipur - District Bishnupur - 2011",https://censusindia.gov.in/nada/index.php/catalog/6466,https://censusindia.gov.in/nada/index.php/catalog/6466/download/9543,PC11_PCA-TV-1404.xlsx,88254,f39bc288ffc3e34dd8d776196f09e5f54b6d00e6d97bb4517840d8f15c2adb87,,<scratch>/census/option2/pca/tv/PC11_PCA-TV-1404.xlsx
PCA-TV unit No_HH (prior weights),PC11_PCA-TV-1405,"PCA TV: Primary census abstract at town, village and ward level, Manipur - District Thoubal - 2011",https://censusindia.gov.in/nada/index.php/catalog/6467,https://censusindia.gov.in/nada/index.php/catalog/6467/download/9544,PC11_PCA-TV-1405.xlsx,125249,c301dee37b735cba7c0e866fd1839eac424f83429f74c1976bce3a33087c351f,,<scratch>/census/option2/pca/tv/PC11_PCA-TV-1405.xlsx
PCA-TV unit No_HH (prior weights),PC11_PCA-TV-1406,"PCA TV: Primary census abstract at town, village and ward level, Manipur - District Imphal West - 2011",https://censusindia.gov.in/nada/index.php/catalog/6468,https://censusindia.gov.in/nada/index.php/catalog/6468/download/9545,PC11_PCA-TV-1406.xlsx,142505,b60c485d403be55a37428b1a2ce49df3d9a95b2e9fa1d9754cf1a95707110b29,,<scratch>/census/option2/pca/tv/PC11_PCA-TV-1406.xlsx
PCA-TV unit No_HH (prior weights),PC11_PCA-TV-1407,"PCA TV: Primary census abstract at town, village and ward level, Manipur - District Imphal East - 2011",https://censusindia.gov.in/nada/index.php/catalog/6469,https://censusindia.gov.in/nada/index.php/catalog/6469/download/9546,PC11_PCA-TV-1407.xlsx,152543,57ebca0a0a698f4128742ff50811ff2d179d861f8b39024ddaf0380b9b680041,,<scratch>/census/option2/pca/tv/PC11_PCA-TV-1407.xlsx
PCA-TV unit No_HH (prior weights),PC11_PCA-TV-1408,"PCA TV: Primary census abstract at town, village and ward level, Manipur - District Ukhrul - 2011",https://censusindia.gov.in/nada/index.php/catalog/6470,https://censusindia.gov.in/nada/index.php/catalog/6470/download/9547,PC11_PCA-TV-1408.xlsx,121492,34253ea2005c3b1411e6519c37a813b6253951e37c98df16ed39706c4711c74c,,<scratch>/census/option2/pca/tv/PC11_PCA-TV-1408.xlsx
PCA-TV unit No_HH (prior weights),PC11_PCA-TV-1409,"PCA TV: Primary census abstract at town, village and ward level, Manipur - District Chandel - 2011",https://censusindia.gov.in/nada/index.php/catalog/6471,https://censusindia.gov.in/nada/index.php/catalog/6471/download/9548,PC11_PCA-TV-1409.xlsx,222206,a790f30befd5a1fa16a783906ff1c84fccc6fb54350fe7947899d7b0cd7ee68d,,<scratch>/census/option2/pca/tv/PC11_PCA-TV-1409.xlsx
PCA-TV unit No_HH (prior weights),PC11_PCA-TV-1501,"PCA TV: Primary census abstract at town, village and ward level, Mizoram - District Mamit - 2011",https://censusindia.gov.in/nada/index.php/catalog/6472,https://censusindia.gov.in/nada/index.php/catalog/6472/download/9549,PC11_PCA-TV-1501.xlsx,77520,e2a3f070365381539e6c4983e567478ac8ce74388ccda0730a0d3f856022c807,,<scratch>/census/option2/pca/tv/PC11_PCA-TV-1501.xlsx
PCA-TV unit No_HH (prior weights),PC11_PCA-TV-1502,"PCA TV: Primary census abstract at town, village and ward level, Mizoram - District Kolasib - 2011",https://censusindia.gov.in/nada/index.php/catalog/6473,https://censusindia.gov.in/nada/index.php/catalog/6473/download/9550,PC11_PCA-TV-1502.xlsx,51356,2bf4b30aa4a96c544dda40df859cd6186cdf4ed8f89ded7776322266e11b29d1,,<scratch>/census/option2/pca/tv/PC11_PCA-TV-1502.xlsx
PCA-TV unit No_HH (prior weights),PC11_PCA-TV-1503,"PCA TV: Primary census abstract at town, village and ward level, Mizoram - District Aizawl - 2011",https://censusindia.gov.in/nada/index.php/catalog/6474,https://censusindia.gov.in/nada/index.php/catalog/6474/download/9551,PC11_PCA-TV-1503.xlsx,115263,4c17e09a8f2e9120a4d7127a678a0e33f92c56e1f36339947f8391aaa706f8ed,,<scratch>/census/option2/pca/tv/PC11_PCA-TV-1503.xlsx
PCA-TV unit No_HH (prior weights),PC11_PCA-TV-1504,"PCA TV: Primary census abstract at town, village and ward level, Mizoram - District Champhai - 2011",https://censusindia.gov.in/nada/index.php/catalog/6475,https://censusindia.gov.in/nada/index.php/catalog/6475/download/9552,PC11_PCA-TV-1504.xlsx,75957,8663562cf35530c1e32c10a55ce17468db8c31f24994cbb05cb17e9cc11d749d,,<scratch>/census/option2/pca/tv/PC11_PCA-TV-1504.xlsx
PCA-TV unit No_HH (prior weights),PC11_PCA-TV-1505,"PCA TV: Primary census abstract at town, village and ward level, Mizoram - District Serchhip - 2011",https://censusindia.gov.in/nada/index.php/catalog/6476,https://censusindia.gov.in/nada/index.php/catalog/6476/download/9553,PC11_PCA-TV-1505.xlsx,43788,9f71ebb8bac1cf320d14f635e3a9e973247686d0d777364adccee73dbeb3f287,,<scratch>/census/option2/pca/tv/PC11_PCA-TV-1505.xlsx
PCA-TV unit No_HH (prior weights),PC11_PCA-TV-1506,"PCA TV: Primary census abstract at town, village and ward level, Mizoram - District Lunglei - 2011",https://censusindia.gov.in/nada/index.php/catalog/6477,https://censusindia.gov.in/nada/index.php/catalog/6477/download/9554,PC11_PCA-TV-1506.xlsx,121690,27fbfa492745bd91a2ca03e9a81b630040e7ffdf2d6bdc245351cd2d14716f77,,<scratch>/census/option2/pca/tv/PC11_PCA-TV-1506.xlsx
PCA-TV unit No_HH (prior weights),PC11_PCA-TV-1507,"PCA TV: Primary census abstract at town, village and ward level, Mizoram - District Lawngtlai - 2011",https://censusindia.gov.in/nada/index.php/catalog/6478,https://censusindia.gov.in/nada/index.php/catalog/6478/download/9555,PC11_PCA-TV-1507.xlsx,100767,8bda0a2971e421c125b84ecfd0e40add2fc63c57672c1379f730f15f126df1ea,,<scratch>/census/option2/pca/tv/PC11_PCA-TV-1507.xlsx
PCA-TV unit No_HH (prior weights),PC11_PCA-TV-1508,"PCA TV: Primary census abstract at town, village and ward level, Mizoram - District Saiha - 2011",https://censusindia.gov.in/nada/index.php/catalog/6479,https://censusindia.gov.in/nada/index.php/catalog/6479/download/9556,PC11_PCA-TV-1508.xlsx,54183,87c2bfce43695e06dcef46a6de3d87bf41f84610ac2a614e32014151469e1087,,<scratch>/census/option2/pca/tv/PC11_PCA-TV-1508.xlsx
PCA-TV unit No_HH (prior weights),PC11_PCA-TV-1601,"PCA TV: Primary census abstract at town, village and ward level, Tripura - District West Tripura - 2011",https://censusindia.gov.in/nada/index.php/catalog/6480,https://censusindia.gov.in/nada/index.php/catalog/6480/download/9557,PC11_PCA-TV-1601.xlsx,263655,beaef684d144a096700b4821e31de4bca26ed14ab084c74659370e2d3fc4858e,,<scratch>/census/option2/pca/tv/PC11_PCA-TV-1601.xlsx
PCA-TV unit No_HH (prior weights),PC11_PCA-TV-1602,"PCA TV: Primary census abstract at town, village and ward level, Tripura - District South Tripura - 2011",https://censusindia.gov.in/nada/index.php/catalog/6481,https://censusindia.gov.in/nada/index.php/catalog/6481/download/9558,PC11_PCA-TV-1602.xlsx,215900,799f0107c4e0bbb5f14db0c349094f4dd4fb623b6048f95c8d6d0ec48cfe0cd0,,<scratch>/census/option2/pca/tv/PC11_PCA-TV-1602.xlsx
PCA-TV unit No_HH (prior weights),PC11_PCA-TV-1603,"PCA TV: Primary census abstract at town, village and ward level, Tripura - District Dhalai - 2011",https://censusindia.gov.in/nada/index.php/catalog/6482,https://censusindia.gov.in/nada/index.php/catalog/6482/download/9559,PC11_PCA-TV-1603.xlsx,113493,ff6d2eafcf7aca6f956304136db84c7bf430f3f3d9508b80f0986276fc52de59,,<scratch>/census/option2/pca/tv/PC11_PCA-TV-1603.xlsx
PCA-TV unit No_HH (prior weights),PC11_PCA-TV-1604,"PCA TV: Primary census abstract at town, village and ward level, Tripura - District North Tripura - 2011",https://censusindia.gov.in/nada/index.php/catalog/6483,https://censusindia.gov.in/nada/index.php/catalog/6483/download/9560,PC11_PCA-TV-1604.xlsx,142339,ed20c525524d149b201902ae019af979514107d68b26f67fdcaefd03624bbc9f,,<scratch>/census/option2/pca/tv/PC11_PCA-TV-1604.xlsx
PCA-TV unit No_HH (prior weights),PC11_PCA-TV-1701,"PCA TV: Primary census abstract at town, village and ward level, Meghalaya - District West Garo Hills - 2011",https://censusindia.gov.in/nada/index.php/catalog/6484,https://censusindia.gov.in/nada/index.php/catalog/6484/download/9561,PC11_PCA-TV-1701.xlsx,780585,2513b1ca068bdb00778c82ea3b30985f44a0994f415a22493c85f00e331c7d3a,,<scratch>/census/option2/pca/tv/PC11_PCA-TV-1701.xlsx
PCA-TV unit No_HH (prior weights),PC11_PCA-TV-1702,"PCA TV: Primary census abstract at town, village and ward level, Meghalaya - District East Garo Hills - 2011",https://censusindia.gov.in/nada/index.php/catalog/6485,https://censusindia.gov.in/nada/index.php/catalog/6485/download/9562,PC11_PCA-TV-1702.xlsx,521769,e29845967091cbc38505d60bec906dc48b1c83c1b061bac50aca5b2818688fdb,,<scratch>/census/option2/pca/tv/PC11_PCA-TV-1702.xlsx
PCA-TV unit No_HH (prior weights),PC11_PCA-TV-1703,"PCA TV: Primary census abstract at town, village and ward level, Meghalaya - District South Garo Hills - 2011",https://censusindia.gov.in/nada/index.php/catalog/6486,https://censusindia.gov.in/nada/index.php/catalog/6486/download/9563,PC11_PCA-TV-1703.xlsx,368213,49921878141d7e4d8ff3f8b656968221cae70f05c2935eecf62c854cf95025a1,,<scratch>/census/option2/pca/tv/PC11_PCA-TV-1703.xlsx
PCA-TV unit No_HH (prior weights),PC11_PCA-TV-1704,"PCA TV: Primary census abstract at town, village and ward level, Meghalaya - District West Khasi Hills - 2011",https://censusindia.gov.in/nada/index.php/catalog/6487,https://censusindia.gov.in/nada/index.php/catalog/6487/download/9564,PC11_PCA-TV-1704.xlsx,525406,ad1b1d08372afefa1df0eb6532730e1d3dfd36612c5eef9a16a3b4017fa71d2b,,<scratch>/census/option2/pca/tv/PC11_PCA-TV-1704.xlsx
PCA-TV unit No_HH (prior weights),PC11_PCA-TV-1705,"PCA TV: Primary census abstract at town, village and ward level, Meghalaya - District Ribhoi - 2011",https://censusindia.gov.in/nada/index.php/catalog/6488,https://censusindia.gov.in/nada/index.php/catalog/6488/download/9565,PC11_PCA-TV-1705.xlsx,299389,9101252cd2f6a97d90acbd7c3e788eb4af6b69325bfc3dea94e645195d2e1d5a,,<scratch>/census/option2/pca/tv/PC11_PCA-TV-1705.xlsx
PCA-TV unit No_HH (prior weights),PC11_PCA-TV-1706,"PCA TV: Primary census abstract at town, village and ward level, Meghalaya - District East Khasi Hills - 2011",https://censusindia.gov.in/nada/index.php/catalog/6489,https://censusindia.gov.in/nada/index.php/catalog/6489/download/9566,PC11_PCA-TV-1706.xlsx,485019,fcbdbaea1ffcacb973f3ca9802bda3ce7521b2e7dfe810ba4abb6168458dc73b,,<scratch>/census/option2/pca/tv/PC11_PCA-TV-1706.xlsx
PCA-TV unit No_HH (prior weights),PC11_PCA-TV-1707,"PCA TV: Primary census abstract at town, village and ward level, Meghalaya - District Jaintia Hills - 2011",https://censusindia.gov.in/nada/index.php/catalog/6490,https://censusindia.gov.in/nada/index.php/catalog/6490/download/9567,PC11_PCA-TV-1707.xlsx,271940,5ce802979d7bd83a51c1fbf28b6bcd89278aee714820e96732da6dccf6718be6,,<scratch>/census/option2/pca/tv/PC11_PCA-TV-1707.xlsx
PCA-TV unit No_HH (prior weights),PC11_PCA-TV-1801,"PCA TV: Primary census abstract at town, village and ward level, Assam - District Kokrajhar - 2011",https://censusindia.gov.in/nada/index.php/catalog/6491,https://censusindia.gov.in/nada/index.php/catalog/6491/download/9568,PC11_PCA-TV-1801.xlsx,534697,faa8db1a8ddd76beaaa7ef8feb98f31eaa19c183bca30c79028aacdbc2765d39,,<scratch>/census/option2/pca/tv/PC11_PCA-TV-1801.xlsx
PCA-TV unit No_HH (prior weights),PC11_PCA-TV-1802,"PCA TV: Primary census abstract at town, village and ward level, Assam - District Dhubri - 2011",https://censusindia.gov.in/nada/index.php/catalog/6492,https://censusindia.gov.in/nada/index.php/catalog/6492/download/9569,PC11_PCA-TV-1802.xlsx,583587,e50ff2ffbbdddbb9e42242322856a880803ff1ac7d5c7ddd243d890def98c5d4,,<scratch>/census/option2/pca/tv/PC11_PCA-TV-1802.xlsx
PCA-TV unit No_HH (prior weights),PC11_PCA-TV-1803,"PCA TV: Primary census abstract at town, village and ward level, Assam - District Goalpara - 2011",https://censusindia.gov.in/nada/index.php/catalog/6493,https://censusindia.gov.in/nada/index.php/catalog/6493/download/9570,PC11_PCA-TV-1803.xlsx,432435,618306def575282ee202c1ac7da302a7fdf696ccdf5269e96feb277e2791a0b0,,<scratch>/census/option2/pca/tv/PC11_PCA-TV-1803.xlsx
PCA-TV unit No_HH (prior weights),PC11_PCA-TV-1804,"PCA TV: Primary census abstract at town, village and ward level, Assam - District Barpeta - 2011",https://censusindia.gov.in/nada/index.php/catalog/6494,https://censusindia.gov.in/nada/index.php/catalog/6494/download/9571,PC11_PCA-TV-1804.xlsx,464910,55204d106a0d8ac6c5914f6945b35633539879fc44eba786540dfd2df1462892,,<scratch>/census/option2/pca/tv/PC11_PCA-TV-1804.xlsx
PCA-TV unit No_HH (prior weights),PC11_PCA-TV-1805,"PCA TV: Primary census abstract at town, village and ward level, Assam - District Morigaon - 2011",https://censusindia.gov.in/nada/index.php/catalog/6495,https://censusindia.gov.in/nada/index.php/catalog/6495/download/9572,PC11_PCA-TV-1805.xlsx,335653,e8099d37de378f9143da77d9e262c79bc271c6b7beb70aaa15b20102de96c9b6,,<scratch>/census/option2/pca/tv/PC11_PCA-TV-1805.xlsx
PCA-TV unit No_HH (prior weights),PC11_PCA-TV-1806,"PCA TV: Primary census abstract at town, village and ward level, Assam - District Nagaon - 2011",https://censusindia.gov.in/nada/index.php/catalog/6496,https://censusindia.gov.in/nada/index.php/catalog/6496/download/9573,PC11_PCA-TV-1806.xlsx,792592,d6e3adb3c6261b67dcd3a9b14e1f4455af8dc69200000598f3d31044badaea23,,<scratch>/census/option2/pca/tv/PC11_PCA-TV-1806.xlsx
PCA-TV unit No_HH (prior weights),PC11_PCA-TV-1807,"PCA TV: Primary census abstract at town, village and ward level, Assam - District Sonitpur - 2011",https://censusindia.gov.in/nada/index.php/catalog/6497,https://censusindia.gov.in/nada/index.php/catalog/6497/download/9574,PC11_PCA-TV-1807.xlsx,951450,06140e04e71d2a15843c7def9060a63e0674302eec22839db23a68bf94083b34,,<scratch>/census/option2/pca/tv/PC11_PCA-TV-1807.xlsx
PCA-TV unit No_HH (prior weights),PC11_PCA-TV-1808,"PCA TV: Primary census abstract at town, village and ward level, Assam - District Lakhimpur - 2011",https://censusindia.gov.in/nada/index.php/catalog/6498,https://censusindia.gov.in/nada/index.php/catalog/6498/download/9575,PC11_PCA-TV-1808.xlsx,600924,0bbd03e36140669fc6e417174cd33f84f14ad37a6a6f9074434c9f8f79bac576,,<scratch>/census/option2/pca/tv/PC11_PCA-TV-1808.xlsx
PCA-TV unit No_HH (prior weights),PC11_PCA-TV-1809,"PCA TV: Primary census abstract at town, village and ward level, Assam - District Dhemaji - 2011",https://censusindia.gov.in/nada/index.php/catalog/6499,https://censusindia.gov.in/nada/index.php/catalog/6499/download/9576,PC11_PCA-TV-1809.xlsx,632814,16a68585d09e20ab7ed17bfc4cdb0c3a0de3043fed7a67d0429f421245ce8087,,<scratch>/census/option2/pca/tv/PC11_PCA-TV-1809.xlsx
PCA-TV unit No_HH (prior weights),PC11_PCA-TV-1810,"PCA TV: Primary census abstract at town, village and ward level, Assam - District Tinsukia - 2011",https://censusindia.gov.in/nada/index.php/catalog/6500,https://censusindia.gov.in/nada/index.php/catalog/6500/download/9577,PC11_PCA-TV-1810.xlsx,608445,7aa4362557b50e73167fbe7d99717e1eefebe72a8cbd3faf7216d04d74305204,,<scratch>/census/option2/pca/tv/PC11_PCA-TV-1810.xlsx
PCA-TV unit No_HH (prior weights),PC11_PCA-TV-1811,"PCA TV: Primary census abstract at town, village and ward level, Assam - District Dibrugarh - 2011",https://censusindia.gov.in/nada/index.php/catalog/6501,https://censusindia.gov.in/nada/index.php/catalog/6501/download/9578,PC11_PCA-TV-1811.xlsx,692165,138290804a98719251dcb3ffc6023f792be98249dd0586756a03c6019a73465a,,<scratch>/census/option2/pca/tv/PC11_PCA-TV-1811.xlsx
PCA-TV unit No_HH (prior weights),PC11_PCA-TV-1812,"PCA TV: Primary census abstract at town, village and ward level, Assam - District Sivasagar - 2011",https://censusindia.gov.in/nada/index.php/catalog/6502,https://censusindia.gov.in/nada/index.php/catalog/6502/download/9579,PC11_PCA-TV-1812.xlsx,480684,c0754e90906cd57cdc74c81fb4743c671282b58de8d43ece4e86aafcd7151a5e,,<scratch>/census/option2/pca/tv/PC11_PCA-TV-1812.xlsx
PCA-TV unit No_HH (prior weights),PC11_PCA-TV-1813,"PCA TV: Primary census abstract at town, village and ward level, Assam - District Jorhat - 2011",https://censusindia.gov.in/nada/index.php/catalog/6503,https://censusindia.gov.in/nada/index.php/catalog/6503/download/9580,PC11_PCA-TV-1813.xlsx,467560,22b94d7c24ad8e537d39d652e6e21c78c71be4cec4b4a53b3511dc1d78788a65,,<scratch>/census/option2/pca/tv/PC11_PCA-TV-1813.xlsx
PCA-TV unit No_HH (prior weights),PC11_PCA-TV-1814,"PCA TV: Primary census abstract at town, village and ward level, Assam - District Golaghat - 2011",https://censusindia.gov.in/nada/index.php/catalog/6504,https://censusindia.gov.in/nada/index.php/catalog/6504/download/9581,PC11_PCA-TV-1814.xlsx,572069,b958da3a0dd29c3ec5de9d3d86ffc0e7afbd0de95ca1cc560acf6d677a3d3127,,<scratch>/census/option2/pca/tv/PC11_PCA-TV-1814.xlsx
PCA-TV unit No_HH (prior weights),PC11_PCA-TV-1815,"PCA TV: Primary census abstract at town, village and ward level, Assam - District Karbi Anglong - 2011",https://censusindia.gov.in/nada/index.php/catalog/6505,https://censusindia.gov.in/nada/index.php/catalog/6505/download/9582,PC11_PCA-TV-1815.xlsx,1332873,8dd83d308e97badeb5ef03ef87de850bf8058f75db9aae681f4220eaf696ca55,,<scratch>/census/option2/pca/tv/PC11_PCA-TV-1815.xlsx
PCA-TV unit No_HH (prior weights),PC11_PCA-TV-1816,"PCA TV: Primary census abstract at town, village and ward level, Assam - District Dima Hasao - 2011",https://censusindia.gov.in/nada/index.php/catalog/6506,https://censusindia.gov.in/nada/index.php/catalog/6506/download/9583,PC11_PCA-TV-1816.xlsx,335747,2f73449942d85cf8ab8b0ee6a55eec3460a35e23a863b0eb47edc4d015a0b523,,<scratch>/census/option2/pca/tv/PC11_PCA-TV-1816.xlsx
PCA-TV unit No_HH (prior weights),PC11_PCA-TV-1817,"PCA TV: Primary census abstract at town, village and ward level, Assam - District Cachar - 2011",https://censusindia.gov.in/nada/index.php/catalog/6507,https://censusindia.gov.in/nada/index.php/catalog/6507/download/9584,PC11_PCA-TV-1817.xlsx,559229,d88823152ab6a24ca0b21e71f0b0214a8803285678e4de1ce0c04e4cab577973,,<scratch>/census/option2/pca/tv/PC11_PCA-TV-1817.xlsx
PCA-TV unit No_HH (prior weights),PC11_PCA-TV-1818,"PCA TV: Primary census abstract at town, village and ward level, Assam - District Karimganj - 2011",https://censusindia.gov.in/nada/index.php/catalog/6508,https://censusindia.gov.in/nada/index.php/catalog/6508/download/9585,PC11_PCA-TV-1818.xlsx,487987,d9e3b6dfcd7d6b5f6445b3609df94803a745559fda07cb0b18403c45c0c3ead4,,<scratch>/census/option2/pca/tv/PC11_PCA-TV-1818.xlsx
PCA-TV unit No_HH (prior weights),PC11_PCA-TV-1819,"PCA TV: Primary census abstract at town, village and ward level, Assam - District Hailakandi - 2011",https://censusindia.gov.in/nada/index.php/catalog/6509,https://censusindia.gov.in/nada/index.php/catalog/6509/download/9586,PC11_PCA-TV-1819.xlsx,197514,67022f2d29d4d50d1a12418ff05500b8c5f4cd22dcf6703831ba1f8190e4319f,,<scratch>/census/option2/pca/tv/PC11_PCA-TV-1819.xlsx
PCA-TV unit No_HH (prior weights),PC11_PCA-TV-1820,"PCA TV: Primary census abstract at town, village and ward level, Assam - District Bongaigaon - 2011",https://censusindia.gov.in/nada/index.php/catalog/6510,https://censusindia.gov.in/nada/index.php/catalog/6510/download/9587,PC11_PCA-TV-1820.xlsx,308530,c5543f30935f6c682c3321711eaa7a5206a348a8b6aa68a0941bd2ef98567807,,<scratch>/census/option2/pca/tv/PC11_PCA-TV-1820.xlsx
PCA-TV unit No_HH (prior weights),PC11_PCA-TV-1821,"PCA TV: Primary census abstract at town, village and ward level, Assam - District Chirang - 2011",https://censusindia.gov.in/nada/index.php/catalog/6511,https://censusindia.gov.in/nada/index.php/catalog/6511/download/9588,PC11_PCA-TV-1821.xlsx,271655,3b50193260d289d49878460b3fbc6bbe0a87548905af651e1b08990e6c8c2974,,<scratch>/census/option2/pca/tv/PC11_PCA-TV-1821.xlsx
PCA-TV unit No_HH (prior weights),PC11_PCA-TV-1822,"PCA TV: Primary census abstract at town, village and ward level, Assam - District Kamrup - 2011",https://censusindia.gov.in/nada/index.php/catalog/6512,https://censusindia.gov.in/nada/index.php/catalog/6512/download/9589,PC11_PCA-TV-1822.xlsx,576959,e8c10b54be959331f457a08ae442334632d83484a7a056f9941ce60ba0594385,,<scratch>/census/option2/pca/tv/PC11_PCA-TV-1822.xlsx
PCA-TV unit No_HH (prior weights),PC11_PCA-TV-1823,"PCA TV: Primary census abstract at town, village and ward level, Assam - District Kamrup Metropolitan - 2011",https://censusindia.gov.in/nada/index.php/catalog/6513,https://censusindia.gov.in/nada/index.php/catalog/6513/download/9590,PC11_PCA-TV-1823.xlsx,175933,6ececacc86a9fcdb8b3820d21eac8540898b6586801b5919b36fab3466eb691a,,<scratch>/census/option2/pca/tv/PC11_PCA-TV-1823.xlsx
PCA-TV unit No_HH (prior weights),PC11_PCA-TV-1824,"PCA TV: Primary census abstract at town, village and ward level, Assam - District Nalbari - 2011",https://censusindia.gov.in/nada/index.php/catalog/6514,https://censusindia.gov.in/nada/index.php/catalog/6514/download/9591,PC11_PCA-TV-1824.xlsx,267557,4a013f63dc136d7a2a977fc9aa5c5ef83b43e7c129c62b3007b89bb8a952db20,,<scratch>/census/option2/pca/tv/PC11_PCA-TV-1824.xlsx
PCA-TV unit No_HH (prior weights),PC11_PCA-TV-1825,"PCA TV: Primary census abstract at town, village and ward level, Assam - District Baksa - 2011",https://censusindia.gov.in/nada/index.php/catalog/6515,https://censusindia.gov.in/nada/index.php/catalog/6515/download/9592,PC11_PCA-TV-1825.xlsx,377371,1a467839586435f9b64883ac8a01c576d66f867899dded23574c417040e9ea7b,,<scratch>/census/option2/pca/tv/PC11_PCA-TV-1825.xlsx
PCA-TV unit No_HH (prior weights),PC11_PCA-TV-1826,"PCA TV: Primary census abstract at town, village and ward level, Assam - District Darrang - 2011",https://censusindia.gov.in/nada/index.php/catalog/6516,https://censusindia.gov.in/nada/index.php/catalog/6516/download/9593,PC11_PCA-TV-1826.xlsx,307419,bdd2426307a33cf9eb9a3273687541088ba6b5009cce10bc828074f04149052c,,<scratch>/census/option2/pca/tv/PC11_PCA-TV-1826.xlsx
PCA-TV unit No_HH (prior weights),PC11_PCA-TV-1827,"PCA TV: Primary census abstract at town, village and ward level, Assam - District Udalguri - 2011",https://censusindia.gov.in/nada/index.php/catalog/6517,https://censusindia.gov.in/nada/index.php/catalog/6517/download/9594,PC11_PCA-TV-1827.xlsx,419392,fc14cf08b640177f3f90907d2815fc604d06a9441938031e0c6ff12be6b7617f,,<scratch>/census/option2/pca/tv/PC11_PCA-TV-1827.xlsx
PCA-TV unit No_HH (prior weights),PC11_PCA-TV-1901,"PCA TV: Primary census abstract at town, village and ward level, West Bengal - District Darjiling - 2011",https://censusindia.gov.in/nada/index.php/catalog/6518,https://censusindia.gov.in/nada/index.php/catalog/6518/download/9595,PC11_PCA-TV-1901.xlsx,451774,9daae1a0e6329faa76c90b846fad0ed4af5ec353cb83f6fd435c45c4ad11a15d,,<scratch>/census/option2/pca/tv/PC11_PCA-TV-1901.xlsx
PCA-TV unit No_HH (prior weights),PC11_PCA-TV-1902,"PCA TV: Primary census abstract at town, village and ward level, West Bengal - District Jalpaiguri - 2011",https://censusindia.gov.in/nada/index.php/catalog/6519,https://censusindia.gov.in/nada/index.php/catalog/6519/download/9596,PC11_PCA-TV-1902.xlsx,508477,37dd65dc262b1cec2188bd03452d78792039bc3fe07829cc7512be487ee88b88,,<scratch>/census/option2/pca/tv/PC11_PCA-TV-1902.xlsx
PCA-TV unit No_HH (prior weights),PC11_PCA-TV-1903,"PCA TV: Primary census abstract at town, village and ward level, West Bengal - District Koch Bihar - 2011",https://censusindia.gov.in/nada/index.php/catalog/6520,https://censusindia.gov.in/nada/index.php/catalog/6520/download/9597,PC11_PCA-TV-1903.xlsx,677919,f532c41b72eed941dc23b025049153c23c73f5c9d9ea11620124b887527bb006,,<scratch>/census/option2/pca/tv/PC11_PCA-TV-1903.xlsx
PCA-TV unit No_HH (prior weights),PC11_PCA-TV-1904,"PCA TV: Primary census abstract at town, village and ward level, West Bengal - District Uttar Dinajpur - 2011",https://censusindia.gov.in/nada/index.php/catalog/6521,https://censusindia.gov.in/nada/index.php/catalog/6521/download/9598,PC11_PCA-TV-1904.xlsx,817612,e70b94ba91d4740106d541aa558e089f39f01608f6d35dc6ed64b46e43d97e31,,<scratch>/census/option2/pca/tv/PC11_PCA-TV-1904.xlsx
PCA-TV unit No_HH (prior weights),PC11_PCA-TV-1905,"PCA TV: Primary census abstract at town, village and ward level, West Bengal - District Dakshin Dinajpur - 2011",https://censusindia.gov.in/nada/index.php/catalog/6522,https://censusindia.gov.in/nada/index.php/catalog/6522/download/9599,PC11_PCA-TV-1905.xlsx,838589,1a7a1c82dfcfcefb5892eae101828a968fda8e998439dba7ff5cc5e76c17d36b,,<scratch>/census/option2/pca/tv/PC11_PCA-TV-1905.xlsx
PCA-TV unit No_HH (prior weights),PC11_PCA-TV-1906,"PCA TV: Primary census abstract at town, village and ward level, West Bengal - District Maldah - 2011",https://censusindia.gov.in/nada/index.php/catalog/6523,https://censusindia.gov.in/nada/index.php/catalog/6523/download/9600,PC11_PCA-TV-1906.xlsx,956031,f0d3ff4d44e87dc625140a1a07ee47e84590ec856d818055375a61cad7fce6d2,,<scratch>/census/option2/pca/tv/PC11_PCA-TV-1906.xlsx
PCA-TV unit No_HH (prior weights),PC11_PCA-TV-1907,"PCA TV: Primary census abstract at town, village and ward level, West Bengal - District Murshidabad - 2011",https://censusindia.gov.in/nada/index.php/catalog/6524,https://censusindia.gov.in/nada/index.php/catalog/6524/download/9601,PC11_PCA-TV-1907.xlsx,1251966,f6418fdd93046aa714f67e5a0f5c7347602e6e632f8aa9701bb36f5d637d7b9c,,<scratch>/census/option2/pca/tv/PC11_PCA-TV-1907.xlsx
PCA-TV unit No_HH (prior weights),PC11_PCA-TV-1908,"PCA TV: Primary census abstract at town, village and ward level, West Bengal - District Birbhum - 2011",https://censusindia.gov.in/nada/index.php/catalog/6525,https://censusindia.gov.in/nada/index.php/catalog/6525/download/9602,PC11_PCA-TV-1908.xlsx,1304954,a740fdf2740e2c9f504c556af6db47da59f4bf59ade9cdd8d896e5f9afa972a3,,<scratch>/census/option2/pca/tv/PC11_PCA-TV-1908.xlsx
PCA-TV unit No_HH (prior weights),PC11_PCA-TV-1909,"PCA TV: Primary census abstract at town, village and ward level, West Bengal - District Barddhaman - 2011",https://censusindia.gov.in/nada/index.php/catalog/6526,https://censusindia.gov.in/nada/index.php/catalog/6526/download/9603,PC11_PCA-TV-1909.xlsx,1573093,50ab652763dd65a93719ac9eaa464e118fa3e0ea1db5d1b6a6bb73dc390d8236,,<scratch>/census/option2/pca/tv/PC11_PCA-TV-1909.xlsx
PCA-TV unit No_HH (prior weights),PC11_PCA-TV-1910,"PCA TV: Primary census abstract at town, village and ward level, West Bengal - District Nadia - 2011",https://censusindia.gov.in/nada/index.php/catalog/6527,https://censusindia.gov.in/nada/index.php/catalog/6527/download/9604,PC11_PCA-TV-1910.xlsx,853120,afafdb47b820c7f82f296f3c1b94a108f256be400e029a3b8e9c1861db8f9dea,,<scratch>/census/option2/pca/tv/PC11_PCA-TV-1910.xlsx
PCA-TV unit No_HH (prior weights),PC11_PCA-TV-1911,"PCA TV: Primary census abstract at town, village and ward level, West Bengal - District North Twenty Four Parganas - 2011",https://censusindia.gov.in/nada/index.php/catalog/6528,https://censusindia.gov.in/nada/index.php/catalog/6528/download/9605,PC11_PCA-TV-1911.xlsx,1302924,068f028a9db6caff68550046e2a39faa759ea8c1c1f326240b452ff48277a0d1,,<scratch>/census/option2/pca/tv/PC11_PCA-TV-1911.xlsx
PCA-TV unit No_HH (prior weights),PC11_PCA-TV-1912,"PCA TV: Primary census abstract at town, village and ward level, West Bengal - District Hugli - 2011",https://censusindia.gov.in/nada/index.php/catalog/6529,https://censusindia.gov.in/nada/index.php/catalog/6529/download/9606,PC11_PCA-TV-1912.xlsx,1209098,5ee084ae24a7d7a16f96e65fc6c31d91ebb7631c560478d03f92e86096359f1d,,<scratch>/census/option2/pca/tv/PC11_PCA-TV-1912.xlsx
PCA-TV unit No_HH (prior weights),PC11_PCA-TV-1913,"PCA TV: Primary census abstract at town, village and ward level, West Bengal - District Bankura - 2011",https://censusindia.gov.in/nada/index.php/catalog/6530,https://censusindia.gov.in/nada/index.php/catalog/6530/download/9607,PC11_PCA-TV-1913.xlsx,1933063,65faa0b192581e62ae76cb03f924127c34a4a91047eced8ccc5eb2cf330f9b57,,<scratch>/census/option2/pca/tv/PC11_PCA-TV-1913.xlsx
PCA-TV unit No_HH (prior weights),PC11_PCA-TV-1914,"PCA TV: Primary census abstract at town, village and ward level, West Bengal - District Puruliya - 2011",https://censusindia.gov.in/nada/index.php/catalog/6531,https://censusindia.gov.in/nada/index.php/catalog/6531/download/9608,PC11_PCA-TV-1914.xlsx,1399943,4d61d6c4700e2e812c2f5475ed68f7518b22bbef0c601eb7000c774b80788400,,<scratch>/census/option2/pca/tv/PC11_PCA-TV-1914.xlsx
PCA-TV unit No_HH (prior weights),PC11_PCA-TV-1915,"PCA TV: Primary census abstract at town, village and ward level, West Bengal - District Haora - 2011",https://censusindia.gov.in/nada/index.php/catalog/6532,https://censusindia.gov.in/nada/index.php/catalog/6532/download/9609,PC11_PCA-TV-1915.xlsx,576736,8a5597b9553c44756f87461df0012d4174d013da09d4579ffae7ac88b20b333c,,<scratch>/census/option2/pca/tv/PC11_PCA-TV-1915.xlsx
PCA-TV unit No_HH (prior weights),PC11_PCA-TV-1916,"PCA TV: Primary census abstract at town, village and ward level, West Bengal - District Kolkata - 2011",https://censusindia.gov.in/nada/index.php/catalog/6533,https://censusindia.gov.in/nada/index.php/catalog/6533/download/9610,PC11_PCA-TV-1916.xlsx,95311,66e134b5cb37ffccf42a1e841b13def9c3db7915365bf7035a2d11a9c294e9dc,,<scratch>/census/option2/pca/tv/PC11_PCA-TV-1916.xlsx
PCA-TV unit No_HH (prior weights),PC11_PCA-TV-1917,"PCA TV: Primary census abstract at town, village and ward level, West Bengal - District South Twenty Four Parganas - 2011",https://censusindia.gov.in/nada/index.php/catalog/6534,https://censusindia.gov.in/nada/index.php/catalog/6534/download/9611,PC11_PCA-TV-1917.xlsx,1323995,0ffdedb11260f431329bcc225371ee84ffa8fe1a899148046790188f7d814e10,,<scratch>/census/option2/pca/tv/PC11_PCA-TV-1917.xlsx
PCA-TV unit No_HH (prior weights),PC11_PCA-TV-1918,"PCA TV: Primary census abstract at town, village and ward level, West Bengal - District Paschim Medinipur - 2011",https://censusindia.gov.in/nada/index.php/catalog/6535,https://censusindia.gov.in/nada/index.php/catalog/6535/download/9612,PC11_PCA-TV-1918.xlsx,4171805,e5d9f2b253f3106b87cf16987ab5781a1a8fbf9707cbc5866c16af067d253c5d,,<scratch>/census/option2/pca/tv/PC11_PCA-TV-1918.xlsx
PCA-TV unit No_HH (prior weights),PC11_PCA-TV-1919,"PCA TV: Primary census abstract at town, village and ward level, West Bengal - District Purba Medinipur - 2011",https://censusindia.gov.in/nada/index.php/catalog/6536,https://censusindia.gov.in/nada/index.php/catalog/6536/download/9613,PC11_PCA-TV-1919.xlsx,1624224,64f7f773a57cb8d7fb8b5e2b13a789fdc32ba86302d79f79d7d14e5bf0db0295,,<scratch>/census/option2/pca/tv/PC11_PCA-TV-1919.xlsx
PCA-TV unit No_HH (prior weights),PC11_PCA-TV-2001,"PCA TV: Primary census abstract at town, village and ward level, Jharkhand - District Garhwa - 2011",https://censusindia.gov.in/nada/index.php/catalog/6537,https://censusindia.gov.in/nada/index.php/catalog/6537/download/9614,PC11_PCA-TV-2001.xlsx,495749,c5590b608687e1bf1d53774ebc3e3c34c8c52d6a2f3acdd1b3af766c06074cc5,,<scratch>/census/option2/pca/tv/PC11_PCA-TV-2001.xlsx
PCA-TV unit No_HH (prior weights),PC11_PCA-TV-2002,"PCA TV: Primary census abstract at town, village and ward level, Jharkhand - District Chatra - 2011",https://censusindia.gov.in/nada/index.php/catalog/6538,https://censusindia.gov.in/nada/index.php/catalog/6538/download/9615,PC11_PCA-TV-2002.xlsx,722807,9a627b681e284d1774737bf6a024902eb1ff4e3cafce49027ddc1238a78653e8,,<scratch>/census/option2/pca/tv/PC11_PCA-TV-2002.xlsx
PCA-TV unit No_HH (prior weights),PC11_PCA-TV-2003,"PCA TV: Primary census abstract at town, village and ward level, Jharkhand - District Kodarma - 2011",https://censusindia.gov.in/nada/index.php/catalog/6539,https://censusindia.gov.in/nada/index.php/catalog/6539/download/9616,PC11_PCA-TV-2003.xlsx,358994,8d6d5033a86b9c63f0cd35059093178a773dcdc3468db07bf000df8ae22bfe64,,<scratch>/census/option2/pca/tv/PC11_PCA-TV-2003.xlsx
PCA-TV unit No_HH (prior weights),PC11_PCA-TV-2004,"PCA TV: Primary census abstract at town, village and ward level, Jharkhand - District Giridih - 2011",https://censusindia.gov.in/nada/index.php/catalog/6540,https://censusindia.gov.in/nada/index.php/catalog/6540/download/9617,PC11_PCA-TV-2004.xlsx,1359416,9c55f402a7f23d394ebccc55bd588133683a41aa5402ae02ee8b3af3f3143a6c,,<scratch>/census/option2/pca/tv/PC11_PCA-TV-2004.xlsx
PCA-TV unit No_HH (prior weights),PC11_PCA-TV-2005,"PCA TV: Primary census abstract at town, village and ward level, Jharkhand - District Deoghar - 2011",https://censusindia.gov.in/nada/index.php/catalog/6541,https://censusindia.gov.in/nada/index.php/catalog/6541/download/9618,PC11_PCA-TV-2005.xlsx,1264397,b5ed0d6469e74fa854edc3b0f5132ca0d687709644eea4f1b813c6c6e6783e01,,<scratch>/census/option2/pca/tv/PC11_PCA-TV-2005.xlsx
PCA-TV unit No_HH (prior weights),PC11_PCA-TV-2006,"PCA TV: Primary census abstract at town, village and ward level, Jharkhand - District Godda - 2011",https://censusindia.gov.in/nada/index.php/catalog/6542,https://censusindia.gov.in/nada/index.php/catalog/6542/download/9619,PC11_PCA-TV-2006.xlsx,1057764,233f8d4b8946434b303592cafc0cd19d46b900e71326726caeb6d2148d8ddbdd,,<scratch>/census/option2/pca/tv/PC11_PCA-TV-2006.xlsx
PCA-TV unit No_HH (prior weights),PC11_PCA-TV-2007,"PCA TV: Primary census abstract at town, village and ward level, Jharkhand - District Sahibganj - 2011",https://censusindia.gov.in/nada/index.php/catalog/6543,https://censusindia.gov.in/nada/index.php/catalog/6543/download/9620,PC11_PCA-TV-2007.xlsx,840536,d2d77c749a22f15c9c88c5e1974af022d66997bcaeec46e004520f859ae73264,,<scratch>/census/option2/pca/tv/PC11_PCA-TV-2007.xlsx
PCA-TV unit No_HH (prior weights),PC11_PCA-TV-2008,"PCA TV: Primary census abstract at town, village and ward level, Jharkhand - District Pakur - 2011",https://censusindia.gov.in/nada/index.php/catalog/6544,https://censusindia.gov.in/nada/index.php/catalog/6544/download/9621,PC11_PCA-TV-2008.xlsx,617129,5776ff0bc55353d028fd25d42f0d961bced780d3367acd52ca49f8c1e5d1fc3f,,<scratch>/census/option2/pca/tv/PC11_PCA-TV-2008.xlsx
PCA-TV unit No_HH (prior weights),PC11_PCA-TV-2009,"PCA TV: Primary census abstract at town, village and ward level, Jharkhand - District Dhanbad - 2011",https://censusindia.gov.in/nada/index.php/catalog/6545,https://censusindia.gov.in/nada/index.php/catalog/6545/download/9622,PC11_PCA-TV-2009.xlsx,667507,74ed38fad75a7391672c9209f3c78b816d324799510bb0703bb3dce3583be2f1,,<scratch>/census/option2/pca/tv/PC11_PCA-TV-2009.xlsx
PCA-TV unit No_HH (prior weights),PC11_PCA-TV-2010,"PCA TV: Primary census abstract at town, village and ward level, Jharkhand - District Bokaro - 2011",https://censusindia.gov.in/nada/index.php/catalog/6546,https://censusindia.gov.in/nada/index.php/catalog/6546/download/9623,PC11_PCA-TV-2010.xlsx,404186,cfd39262f3ee56e0169c493bc0154d835c7ba3690ee1c1e260b86d2a7ed4d066,,<scratch>/census/option2/pca/tv/PC11_PCA-TV-2010.xlsx
PCA-TV unit No_HH (prior weights),PC11_PCA-TV-2011,"PCA TV: Primary census abstract at town, village and ward level, Jharkhand - District Lohardaga - 2011",https://censusindia.gov.in/nada/index.php/catalog/6547,https://censusindia.gov.in/nada/index.php/catalog/6547/download/9624,PC11_PCA-TV-2011.xlsx,211464,49cc1059f1182051359432f1c4b261f21e826d2a67a70eab40f1090d63037aa2,,<scratch>/census/option2/pca/tv/PC11_PCA-TV-2011.xlsx
PCA-TV unit No_HH (prior weights),PC11_PCA-TV-2012,"PCA TV: Primary census abstract at town, village and ward level, Jharkhand - District Purbi Singhbhum - 2011",https://censusindia.gov.in/nada/index.php/catalog/6548,https://censusindia.gov.in/nada/index.php/catalog/6548/download/9625,PC11_PCA-TV-2012.xlsx,1014458,d0e0690501b3ce0c7a72839b7024b2240666571d843ca9df67de460c7e9645ba,,<scratch>/census/option2/pca/tv/PC11_PCA-TV-2012.xlsx
PCA-TV unit No_HH (prior weights),PC11_PCA-TV-2013,"PCA TV: Primary census abstract at town, village and ward level, Jharkhand - District Palamu - 2011",https://censusindia.gov.in/nada/index.php/catalog/6549,https://censusindia.gov.in/nada/index.php/catalog/6549/download/9626,PC11_PCA-TV-2013.xlsx,965801,3c1fbd1ee1ae4816a296ff2913272e22b67b8627edc13fee2f1094a993f29976,,<scratch>/census/option2/pca/tv/PC11_PCA-TV-2013.xlsx
PCA-TV unit No_HH (prior weights),PC11_PCA-TV-2014,"PCA TV: Primary census abstract at town, village and ward level, Jharkhand - District Latehar - 2011",https://censusindia.gov.in/nada/index.php/catalog/6550,https://censusindia.gov.in/nada/index.php/catalog/6550/download/9627,PC11_PCA-TV-2014.xlsx,408306,696765f8d85f3384f0497c9f6fe94018c984025903369989042a7071d4b100ad,,<scratch>/census/option2/pca/tv/PC11_PCA-TV-2014.xlsx
PCA-TV unit No_HH (prior weights),PC11_PCA-TV-2015,"PCA TV: Primary census abstract at town, village and ward level, Jharkhand - District Hazaribagh - 2011",https://censusindia.gov.in/nada/index.php/catalog/6551,https://censusindia.gov.in/nada/index.php/catalog/6551/download/9628,PC11_PCA-TV-2015.xlsx,698941,f173110a0f5f108ba6ce1f537eef760f7eae6a313296a791dea76ad57240a9ab,,<scratch>/census/option2/pca/tv/PC11_PCA-TV-2015.xlsx
PCA-TV unit No_HH (prior weights),PC11_PCA-TV-2016,"PCA TV: Primary census abstract at town, village and ward level, Jharkhand - District Ramgarh - 2011",https://censusindia.gov.in/nada/index.php/catalog/6552,https://censusindia.gov.in/nada/index.php/catalog/6552/download/9629,PC11_PCA-TV-2016.xlsx,207096,b44beb636eb28e0d0c0a16cb3c01f6543c92bae5007a23b78b615e2d791e6287,,<scratch>/census/option2/pca/tv/PC11_PCA-TV-2016.xlsx
PCA-TV unit No_HH (prior weights),PC11_PCA-TV-2017,"PCA TV: Primary census abstract at town, village and ward level, Jharkhand - District Dumka - 2011",https://censusindia.gov.in/nada/index.php/catalog/6553,https://censusindia.gov.in/nada/index.php/catalog/6553/download/9630,PC11_PCA-TV-2017.xlsx,1396460,2a0ca4eebf0038cdae129c0f5d45e48b5a22d4f6654ef69eaef86dce04f56022,,<scratch>/census/option2/pca/tv/PC11_PCA-TV-2017.xlsx
PCA-TV unit No_HH (prior weights),PC11_PCA-TV-2018,"PCA TV: Primary census abstract at town, village and ward level, Jharkhand - District Jamtara - 2011",https://censusindia.gov.in/nada/index.php/catalog/6554,https://censusindia.gov.in/nada/index.php/catalog/6554/download/9631,PC11_PCA-TV-2018.xlsx,587883,6b09bee345730de938617edeeec6d03ba384a12f5cb51ac66b6dd59b7281f089,,<scratch>/census/option2/pca/tv/PC11_PCA-TV-2018.xlsx
PCA-TV unit No_HH (prior weights),PC11_PCA-TV-2019,"PCA TV: Primary census abstract at town, village and ward level, Jharkhand - District Ranchi - 2011",https://censusindia.gov.in/nada/index.php/catalog/6555,https://censusindia.gov.in/nada/index.php/catalog/6555/download/9632,PC11_PCA-TV-2019.xlsx,742973,14d0f60adac0ae506b2053a9cafc84ffffc577da2eec5ac560b7515716ef25f4,,<scratch>/census/option2/pca/tv/PC11_PCA-TV-2019.xlsx
PCA-TV unit No_HH (prior weights),PC11_PCA-TV-2020,"PCA TV: Primary census abstract at town, village and ward level, Jharkhand - District Khunti - 2011",https://censusindia.gov.in/nada/index.php/catalog/6556,https://censusindia.gov.in/nada/index.php/catalog/6556/download/9633,PC11_PCA-TV-2020.xlsx,389187,554c196be0f77c0a55f1393b7ba9c717cd95ff9ab13e8a12eb4e7fc85b7709b9,,<scratch>/census/option2/pca/tv/PC11_PCA-TV-2020.xlsx
PCA-TV unit No_HH (prior weights),PC11_PCA-TV-2021,"PCA TV: Primary census abstract at town, village and ward level, Jharkhand - District Gumla - 2011",https://censusindia.gov.in/nada/index.php/catalog/6557,https://censusindia.gov.in/nada/index.php/catalog/6557/download/9634,PC11_PCA-TV-2021.xlsx,502575,0a6ff1b39af0761646d3bb88ac7251c66f070731caecac3cd0066b39fc5983d4,,<scratch>/census/option2/pca/tv/PC11_PCA-TV-2021.xlsx
PCA-TV unit No_HH (prior weights),PC11_PCA-TV-2022,"PCA TV: Primary census abstract at town, village and ward level, Jharkhand - District Simdega - 2011",https://censusindia.gov.in/nada/index.php/catalog/6558,https://censusindia.gov.in/nada/index.php/catalog/6558/download/9635,PC11_PCA-TV-2022.xlsx,261095,e07cb2a07e5e8c19dd9949c6a66b14b62420daffa34cbad176c9f24416e8d971,,<scratch>/census/option2/pca/tv/PC11_PCA-TV-2022.xlsx
PCA-TV unit No_HH (prior weights),PC11_PCA-TV-2023,"PCA TV: Primary census abstract at town, village and ward level, Jharkhand - District Pashchimi Singhbhum - 2011",https://censusindia.gov.in/nada/index.php/catalog/6559,https://censusindia.gov.in/nada/index.php/catalog/6559/download/9636,PC11_PCA-TV-2023.xlsx,885967,85ec797e4dba16035abad66aeb85ea61de66a814c8c46218c103936223e98060,,<scratch>/census/option2/pca/tv/PC11_PCA-TV-2023.xlsx
PCA-TV unit No_HH (prior weights),PC11_PCA-TV-2024,"PCA TV: Primary census abstract at town, village and ward level, Jharkhand - District Saraikela-Kharsawan - 2011",https://censusindia.gov.in/nada/index.php/catalog/6560,https://censusindia.gov.in/nada/index.php/catalog/6560/download/9637,PC11_PCA-TV-2024.xlsx,615066,fda38d1f270b2a02bc09bc75a926183a4e1acb4a52e18a723e72f90fb70160f7,,<scratch>/census/option2/pca/tv/PC11_PCA-TV-2024.xlsx
PCA-TV unit No_HH (prior weights),PC11_PCA-TV-2101,"PCA TV: Primary census abstract at town, village and ward level, Odisha - District Bargarh - 2011",https://censusindia.gov.in/nada/index.php/catalog/6561,https://censusindia.gov.in/nada/index.php/catalog/6561/download/9638,PC11_PCA-TV-2101.xlsx,662562,554279d6c55f3905297731c866b7c9dbf12328674e45ac579c7322bed1fa37f0,,<scratch>/census/option2/pca/tv/PC11_PCA-TV-2101.xlsx
PCA-TV unit No_HH (prior weights),PC11_PCA-TV-2102,"PCA TV: Primary census abstract at town, village and ward level, Odisha - District Jharsuguda - 2011",https://censusindia.gov.in/nada/index.php/catalog/6562,https://censusindia.gov.in/nada/index.php/catalog/6562/download/9639,PC11_PCA-TV-2102.xlsx,239611,605b1e3945996bd10e31c4cdf687342673071361c12fe24efc9e8a3555689ff0,,<scratch>/census/option2/pca/tv/PC11_PCA-TV-2102.xlsx
PCA-TV unit No_HH (prior weights),PC11_PCA-TV-2103,"PCA TV: Primary census abstract at town, village and ward level, Odisha - District Sambalpur - 2011",https://censusindia.gov.in/nada/index.php/catalog/6563,https://censusindia.gov.in/nada/index.php/catalog/6563/download/9640,PC11_PCA-TV-2103.xlsx,712630,baf2f90a906271b8d6e9f2a4821815b3a5895a997af197c7033c101eba92957b,,<scratch>/census/option2/pca/tv/PC11_PCA-TV-2103.xlsx
PCA-TV unit No_HH (prior weights),PC11_PCA-TV-2104,"PCA TV: Primary census abstract at town, village and ward level, Odisha - District Debagarh - 2011",https://censusindia.gov.in/nada/index.php/catalog/6564,https://censusindia.gov.in/nada/index.php/catalog/6564/download/9641,PC11_PCA-TV-2104.xlsx,415300,6bef7d16c249fbe19cc60120ba9ea7dd195900a390ea6b968e812437530be655,,<scratch>/census/option2/pca/tv/PC11_PCA-TV-2104.xlsx
PCA-TV unit No_HH (prior weights),PC11_PCA-TV-2105,"PCA TV: Primary census abstract at town, village and ward level, Odisha - District Sundargarh - 2011",https://censusindia.gov.in/nada/index.php/catalog/6565,https://censusindia.gov.in/nada/index.php/catalog/6565/download/9642,PC11_PCA-TV-2105.xlsx,978977,e2282dd9aa296d0b7d6714080a7e64f3c1a21f1e4d4b44fbafa8695ea008b61c,,<scratch>/census/option2/pca/tv/PC11_PCA-TV-2105.xlsx
PCA-TV unit No_HH (prior weights),PC11_PCA-TV-2106,"PCA TV: Primary census abstract at town, village and ward level, Odisha - District Kendujhar - 2011",https://censusindia.gov.in/nada/index.php/catalog/6566,https://censusindia.gov.in/nada/index.php/catalog/6566/download/9643,PC11_PCA-TV-2106.xlsx,1109056,3dade5aa38bc2a091b3eb44b4ff0e32e8f1d3d241a73382cc08692dc21c3c12d,,<scratch>/census/option2/pca/tv/PC11_PCA-TV-2106.xlsx
PCA-TV unit No_HH (prior weights),PC11_PCA-TV-2107,"PCA TV: Primary census abstract at town, village and ward level, Odisha - District Mayurbhanj - 2011",https://censusindia.gov.in/nada/index.php/catalog/6567,https://censusindia.gov.in/nada/index.php/catalog/6567/download/9644,PC11_PCA-TV-2107.xlsx,2000822,e4b077081518431ccfb3fbef7dcdcd8ce613ad9d285172813fd2fff1f21a4079,,<scratch>/census/option2/pca/tv/PC11_PCA-TV-2107.xlsx
PCA-TV unit No_HH (prior weights),PC11_PCA-TV-2108,"PCA TV: Primary census abstract at town, village and ward level, Odisha - District Baleshwar - 2011",https://censusindia.gov.in/nada/index.php/catalog/6568,https://censusindia.gov.in/nada/index.php/catalog/6568/download/9645,PC11_PCA-TV-2108.xlsx,1481702,520c314b1d59da9e857e72b8a7c91492220551a4fafcc1ae4fe9e9449761af48,,<scratch>/census/option2/pca/tv/PC11_PCA-TV-2108.xlsx
PCA-TV unit No_HH (prior weights),PC11_PCA-TV-2109,"PCA TV: Primary census abstract at town, village and ward level, Odisha - District Bhadrak - 2011",https://censusindia.gov.in/nada/index.php/catalog/6569,https://censusindia.gov.in/nada/index.php/catalog/6569/download/9646,PC11_PCA-TV-2109.xlsx,683038,18ab0c353ab56d9423ac4609bfabbe8845bf30e60891d6f188f1078511725338,,<scratch>/census/option2/pca/tv/PC11_PCA-TV-2109.xlsx
PCA-TV unit No_HH (prior weights),PC11_PCA-TV-2110,"PCA TV: Primary census abstract at town, village and ward level, Odisha - District Kendrapara - 2011",https://censusindia.gov.in/nada/index.php/catalog/6570,https://censusindia.gov.in/nada/index.php/catalog/6570/download/9647,PC11_PCA-TV-2110.xlsx,773487,a7b884d412d5f1e7d431a8170b5214522987e89985acb9d9833ec8d46aa0ee68,,<scratch>/census/option2/pca/tv/PC11_PCA-TV-2110.xlsx
PCA-TV unit No_HH (prior weights),PC11_PCA-TV-2111,"PCA TV: Primary census abstract at town, village and ward level, Odisha - District Jagatsinghapur - 2011",https://censusindia.gov.in/nada/index.php/catalog/6571,https://censusindia.gov.in/nada/index.php/catalog/6571/download/9648,PC11_PCA-TV-2111.xlsx,656314,b336c2bbbf31ce11e2ff57491cba656d1ec82b5dfae608916bfe97c663ec1bf6,,<scratch>/census/option2/pca/tv/PC11_PCA-TV-2111.xlsx
PCA-TV unit No_HH (prior weights),PC11_PCA-TV-2112,"PCA TV: Primary census abstract at town, village and ward level, Odisha - District Cuttack - 2011",https://censusindia.gov.in/nada/index.php/catalog/6572,https://censusindia.gov.in/nada/index.php/catalog/6572/download/9649,PC11_PCA-TV-2112.xlsx,1053782,240253d19162210b8d30636a668f6b4154ecbfad0ccb2c38b3a55a90ddd046de,,<scratch>/census/option2/pca/tv/PC11_PCA-TV-2112.xlsx
PCA-TV unit No_HH (prior weights),PC11_PCA-TV-2113,"PCA TV: Primary census abstract at town, village and ward level, Odisha - District Jajapur - 2011",https://censusindia.gov.in/nada/index.php/catalog/6573,https://censusindia.gov.in/nada/index.php/catalog/6573/download/9650,PC11_PCA-TV-2113.xlsx,898197,c91a5fe98305261ff56b699419ef4a045d0319fd16be64e440ab017291c52845,,<scratch>/census/option2/pca/tv/PC11_PCA-TV-2113.xlsx
PCA-TV unit No_HH (prior weights),PC11_PCA-TV-2114,"PCA TV: Primary census abstract at town, village and ward level, Odisha - District Dhenkanal - 2011",https://censusindia.gov.in/nada/index.php/catalog/6574,https://censusindia.gov.in/nada/index.php/catalog/6574/download/9651,PC11_PCA-TV-2114.xlsx,626854,b0cfcb50adf237a4868dca7e25edeb66dc0120617ca4099d643047b74109247e,,<scratch>/census/option2/pca/tv/PC11_PCA-TV-2114.xlsx
PCA-TV unit No_HH (prior weights),PC11_PCA-TV-2115,"PCA TV: Primary census abstract at town, village and ward level, Odisha - District Anugul - 2011",https://censusindia.gov.in/nada/index.php/catalog/6575,https://censusindia.gov.in/nada/index.php/catalog/6575/download/9652,PC11_PCA-TV-2115.xlsx,957301,3d478346e9baa9a3af67b720753b3cb97f91896d8ca2b94ecc7abcfe19ee1409,,<scratch>/census/option2/pca/tv/PC11_PCA-TV-2115.xlsx
PCA-TV unit No_HH (prior weights),PC11_PCA-TV-2116,"PCA TV: Primary census abstract at town, village and ward level, Odisha - District Nayagarh - 2011",https://censusindia.gov.in/nada/index.php/catalog/6576,https://censusindia.gov.in/nada/index.php/catalog/6576/download/9653,PC11_PCA-TV-2116.xlsx,816549,e8dc40d2c002b7565228371c0feddcf504fe1840f2610fb06ad9ebf33982ecb0,,<scratch>/census/option2/pca/tv/PC11_PCA-TV-2116.xlsx
PCA-TV unit No_HH (prior weights),PC11_PCA-TV-2117,"PCA TV: Primary census abstract at town, village and ward level, Odisha - District Khordha - 2011",https://censusindia.gov.in/nada/index.php/catalog/6577,https://censusindia.gov.in/nada/index.php/catalog/6577/download/9654,PC11_PCA-TV-2117.xlsx,842410,9997d1441e7ddc156fb1f9e558de487b3942fa12ca7077d2e2b1f476dcf86e23,,<scratch>/census/option2/pca/tv/PC11_PCA-TV-2117.xlsx
PCA-TV unit No_HH (prior weights),PC11_PCA-TV-2118,"PCA TV: Primary census abstract at town, village and ward level, Odisha - District Puri - 2011",https://censusindia.gov.in/nada/index.php/catalog/6578,https://censusindia.gov.in/nada/index.php/catalog/6578/download/9655,PC11_PCA-TV-2118.xlsx,879761,bd031c7c79df41b13a298d158d0d510fa7f12f2f82f461d7b02cbc0ad5eda3d6,,<scratch>/census/option2/pca/tv/PC11_PCA-TV-2118.xlsx
PCA-TV unit No_HH (prior weights),PC11_PCA-TV-2119,"PCA TV: Primary census abstract at town, village and ward level, Odisha - District Ganjam - 2011",https://censusindia.gov.in/nada/index.php/catalog/6579,https://censusindia.gov.in/nada/index.php/catalog/6579/download/9656,PC11_PCA-TV-2119.xlsx,1745041,8d06873f9c79f22d3921b01a9bea8fd6d3dac376c91f3e09fa25967cf475888d,,<scratch>/census/option2/pca/tv/PC11_PCA-TV-2119.xlsx
PCA-TV unit No_HH (prior weights),PC11_PCA-TV-2120,"PCA TV: Primary census abstract at town, village and ward level, Odisha - District Gajapati - 2011",https://censusindia.gov.in/nada/index.php/catalog/6580,https://censusindia.gov.in/nada/index.php/catalog/6580/download/9657,PC11_PCA-TV-2120.xlsx,772556,850a4fc536c52b3dac58db6f141997a19234c8ad20b247fe65c426bcddf842b2,,<scratch>/census/option2/pca/tv/PC11_PCA-TV-2120.xlsx
PCA-TV unit No_HH (prior weights),PC11_PCA-TV-2121,"PCA TV: Primary census abstract at town, village and ward level, Odisha - District Kandhamal - 2011",https://censusindia.gov.in/nada/index.php/catalog/6581,https://censusindia.gov.in/nada/index.php/catalog/6581/download/9658,PC11_PCA-TV-2121.xlsx,1216679,4e8ec54c7178459bc4f0d6bf5ddc23b9de259919406d2a5b73f80c31d0d3e341,,<scratch>/census/option2/pca/tv/PC11_PCA-TV-2121.xlsx
PCA-TV unit No_HH (prior weights),PC11_PCA-TV-2122,"PCA TV: Primary census abstract at town, village and ward level, Odisha - District Baudh - 2011",https://censusindia.gov.in/nada/index.php/catalog/6582,https://censusindia.gov.in/nada/index.php/catalog/6582/download/9659,PC11_PCA-TV-2122.xlsx,570005,a488c17ecda811fd0b824ea50ca298c4b57aeba0cee470c002c87706a2010ca0,,<scratch>/census/option2/pca/tv/PC11_PCA-TV-2122.xlsx
PCA-TV unit No_HH (prior weights),PC11_PCA-TV-2123,"PCA TV: Primary census abstract at town, village and ward level, Odisha - District Subarnapur - 2011",https://censusindia.gov.in/nada/index.php/catalog/6583,https://censusindia.gov.in/nada/index.php/catalog/6583/download/9660,PC11_PCA-TV-2123.xlsx,493456,f3ca4f6b9ddb099f8a72fc28203c5845562e9633620c496fd5ce43136be6c6f2,,<scratch>/census/option2/pca/tv/PC11_PCA-TV-2123.xlsx
PCA-TV unit No_HH (prior weights),PC11_PCA-TV-2124,"PCA TV: Primary census abstract at town, village and ward level, Odisha - District Balangir - 2011",https://censusindia.gov.in/nada/index.php/catalog/6584,https://censusindia.gov.in/nada/index.php/catalog/6584/download/9661,PC11_PCA-TV-2124.xlsx,948641,42ba6527576999e89fbb059fc6e3cd941280be0bea48fac25eeb2fdb633a4385,,<scratch>/census/option2/pca/tv/PC11_PCA-TV-2124.xlsx
PCA-TV unit No_HH (prior weights),PC11_PCA-TV-2125,"PCA TV: Primary census abstract at town, village and ward level, Odisha - District Nuapada - 2011",https://censusindia.gov.in/nada/index.php/catalog/6585,https://censusindia.gov.in/nada/index.php/catalog/6585/download/9662,PC11_PCA-TV-2125.xlsx,366130,14987684d976928fa93f633d4aaa89af60dc5957f27e5273f2aec2ea196d0152,,<scratch>/census/option2/pca/tv/PC11_PCA-TV-2125.xlsx
PCA-TV unit No_HH (prior weights),PC11_PCA-TV-2126,"PCA TV: Primary census abstract at town, village and ward level, Odisha - District Kalahandi - 2011",https://censusindia.gov.in/nada/index.php/catalog/6586,https://censusindia.gov.in/nada/index.php/catalog/6586/download/9663,PC11_PCA-TV-2126.xlsx,1124198,d0f040dd02b305117a13fe4794f285a86a5ddfdbd1728b2ecb27bda42227be9b,,<scratch>/census/option2/pca/tv/PC11_PCA-TV-2126.xlsx
PCA-TV unit No_HH (prior weights),PC11_PCA-TV-2127,"PCA TV: Primary census abstract at town, village and ward level, Odisha - District Rayagada - 2011",https://censusindia.gov.in/nada/index.php/catalog/6587,https://censusindia.gov.in/nada/index.php/catalog/6587/download/9664,PC11_PCA-TV-2127.xlsx,1272530,fbff658faf46ebe7bb8f5f45f45aeffbd313f5f55f2b8f11ba675afe6466e290,,<scratch>/census/option2/pca/tv/PC11_PCA-TV-2127.xlsx
PCA-TV unit No_HH (prior weights),PC11_PCA-TV-2128,"PCA TV: Primary census abstract at town, village and ward level, Odisha - District Nabarangapur - 2011",https://censusindia.gov.in/nada/index.php/catalog/6588,https://censusindia.gov.in/nada/index.php/catalog/6588/download/9665,PC11_PCA-TV-2128.xlsx,496886,886fdb3f0f4414600e4a4f761829373459e205a8383ef83757e8d7895c2bee2c,,<scratch>/census/option2/pca/tv/PC11_PCA-TV-2128.xlsx
PCA-TV unit No_HH (prior weights),PC11_PCA-TV-2129,"PCA TV: Primary census abstract at town, village and ward level, Odisha - District Koraput - 2011",https://censusindia.gov.in/nada/index.php/catalog/6589,https://censusindia.gov.in/nada/index.php/catalog/6589/download/9666,PC11_PCA-TV-2129.xlsx,1048352,cff6e404d13ac56b847a3ba5dbfbc996861425c537272d5618ea256cd159bd99,,<scratch>/census/option2/pca/tv/PC11_PCA-TV-2129.xlsx
PCA-TV unit No_HH (prior weights),PC11_PCA-TV-2130,"PCA TV: Primary census abstract at town, village and ward level, Odisha - District Malkangiri - 2011",https://censusindia.gov.in/nada/index.php/catalog/6590,https://censusindia.gov.in/nada/index.php/catalog/6590/download/9667,PC11_PCA-TV-2130.xlsx,529735,2cddf31efa62271f318292d8b6d60573595932eec66f5c4dd36276c3de8392db,,<scratch>/census/option2/pca/tv/PC11_PCA-TV-2130.xlsx
PCA-TV unit No_HH (prior weights),PC11_PCA-TV-2201,"PCA TV: Primary census abstract at town, village and ward level, Chhattisgarh - District Koriya - 2011",https://censusindia.gov.in/nada/index.php/catalog/6591,https://censusindia.gov.in/nada/index.php/catalog/6591/download/9668,PC11_PCA-TV-2201.xlsx,397196,185e69321426a49dde3f21405f16745801e291bd54aad37d16c9a61f98e4ca8f,,<scratch>/census/option2/pca/tv/PC11_PCA-TV-2201.xlsx
PCA-TV unit No_HH (prior weights),PC11_PCA-TV-2202,"PCA TV: Primary census abstract at town, village and ward level, Chhattisgarh - District Surguja - 2011",https://censusindia.gov.in/nada/index.php/catalog/6592,https://censusindia.gov.in/nada/index.php/catalog/6592/download/9669,PC11_PCA-TV-2202.xlsx,1032338,c0db9ab5bb02ae6555360b1f2451cffda6700bcd8481c8290d5e4223c64e2e9c,,<scratch>/census/option2/pca/tv/PC11_PCA-TV-2202.xlsx
PCA-TV unit No_HH (prior weights),PC11_PCA-TV-2203,"PCA TV: Primary census abstract at town, village and ward level, Chhattisgarh - District Jashpur - 2011",https://censusindia.gov.in/nada/index.php/catalog/6593,https://censusindia.gov.in/nada/index.php/catalog/6593/download/9670,PC11_PCA-TV-2203.xlsx,433714,a0e9e92670009994fb4441bdc629fd13c97de2afd71a89eb41860254652706f2,,<scratch>/census/option2/pca/tv/PC11_PCA-TV-2203.xlsx
PCA-TV unit No_HH (prior weights),PC11_PCA-TV-2204,"PCA TV: Primary census abstract at town, village and ward level, Chhattisgarh - District Raigarh - 2011",https://censusindia.gov.in/nada/index.php/catalog/6594,https://censusindia.gov.in/nada/index.php/catalog/6594/download/9671,PC11_PCA-TV-2204.xlsx,826565,1b440c8225c1a55217e1936ebfb02b06d9069af12b17802111a8b77fef88d917,,<scratch>/census/option2/pca/tv/PC11_PCA-TV-2204.xlsx
PCA-TV unit No_HH (prior weights),PC11_PCA-TV-2205,"PCA TV: Primary census abstract at town, village and ward level, Chhattisgarh - District Korba - 2011",https://censusindia.gov.in/nada/index.php/catalog/6595,https://censusindia.gov.in/nada/index.php/catalog/6595/download/9672,PC11_PCA-TV-2205.xlsx,436260,7acb67527f1b7a8a80e964d850bd40e55eae7d156028c7b1d8c9c953fe442786,,<scratch>/census/option2/pca/tv/PC11_PCA-TV-2205.xlsx
PCA-TV unit No_HH (prior weights),PC11_PCA-TV-2206,"PCA TV: Primary census abstract at town, village and ward level, Chhattisgarh - District Janjgir - Champa - 2011",https://censusindia.gov.in/nada/index.php/catalog/6596,https://censusindia.gov.in/nada/index.php/catalog/6596/download/9673,PC11_PCA-TV-2206.xlsx,611324,8edd936be291a9d2837685db8faa84947ae433bd4adb6a4c7fe4a8cd5b22276c,,<scratch>/census/option2/pca/tv/PC11_PCA-TV-2206.xlsx
PCA-TV unit No_HH (prior weights),PC11_PCA-TV-2207,"PCA TV: Primary census abstract at town, village and ward level, Chhattisgarh - District Bilaspur - 2011",https://censusindia.gov.in/nada/index.php/catalog/6597,https://censusindia.gov.in/nada/index.php/catalog/6597/download/9674,PC11_PCA-TV-2207.xlsx,983699,4b57f431b3bc9299230330628bd3ad4a94c876638cd843954886fde1304b18aa,,<scratch>/census/option2/pca/tv/PC11_PCA-TV-2207.xlsx
PCA-TV unit No_HH (prior weights),PC11_PCA-TV-2208,"PCA TV: Primary census abstract at town, village and ward level, Chhattisgarh - District Kabeerdham - 2011",https://censusindia.gov.in/nada/index.php/catalog/6598,https://censusindia.gov.in/nada/index.php/catalog/6598/download/9675,PC11_PCA-TV-2208.xlsx,535021,19ff05bb444f87e9060ad379ea7884651753e2be3f6269d3c0ca8858d9a98beb,,<scratch>/census/option2/pca/tv/PC11_PCA-TV-2208.xlsx
PCA-TV unit No_HH (prior weights),PC11_PCA-TV-2209,"PCA TV: Primary census abstract at town, village and ward level, Chhattisgarh - District Rajnandgaon - 2011",https://censusindia.gov.in/nada/index.php/catalog/6599,https://censusindia.gov.in/nada/index.php/catalog/6599/download/9676,PC11_PCA-TV-2209.xlsx,889517,351dc281183aa7c31019552a875d04dac5321d7119738ee6dcfb93ce35006b1e,,<scratch>/census/option2/pca/tv/PC11_PCA-TV-2209.xlsx
PCA-TV unit No_HH (prior weights),PC11_PCA-TV-2210,"PCA TV: Primary census abstract at town, village and ward level, Chhattisgarh - District Durg - 2011",https://censusindia.gov.in/nada/index.php/catalog/6600,https://censusindia.gov.in/nada/index.php/catalog/6600/download/9677,PC11_PCA-TV-2210.xlsx,1175562,82a2b25ac591e98742065499eb6e908ff044b9050803efb6c025d61c65dd1da7,,<scratch>/census/option2/pca/tv/PC11_PCA-TV-2210.xlsx
PCA-TV unit No_HH (prior weights),PC11_PCA-TV-2211,"PCA TV: Primary census abstract at town, village and ward level, Chhattisgarh - District Raipur - 2011",https://censusindia.gov.in/nada/index.php/catalog/6601,https://censusindia.gov.in/nada/index.php/catalog/6601/download/9678,PC11_PCA-TV-2211.xlsx,1325026,0b6054fadd4035673bfbc76f9559298f11a4ba1fe938f7afca13d924f1d080b7,,<scratch>/census/option2/pca/tv/PC11_PCA-TV-2211.xlsx
PCA-TV unit No_HH (prior weights),PC11_PCA-TV-2212,"PCA TV: Primary census abstract at town, village and ward level, Chhattisgarh - District Mahasamund - 2011",https://censusindia.gov.in/nada/index.php/catalog/6602,https://censusindia.gov.in/nada/index.php/catalog/6602/download/9679,PC11_PCA-TV-2212.xlsx,622834,8b50c0f5dd0f8d04c73cfb44bebc703b83a2bda26b4de5a275db51f1758d5ecc,,<scratch>/census/option2/pca/tv/PC11_PCA-TV-2212.xlsx
PCA-TV unit No_HH (prior weights),PC11_PCA-TV-2213,"PCA TV: Primary census abstract at town, village and ward level, Chhattisgarh - District Dhamtari - 2011",https://censusindia.gov.in/nada/index.php/catalog/6603,https://censusindia.gov.in/nada/index.php/catalog/6603/download/9680,PC11_PCA-TV-2213.xlsx,386685,e4ea35f625cd8f6876b827226bea5642466e62dc4d5ea9aa2cbd752a46127e34,,<scratch>/census/option2/pca/tv/PC11_PCA-TV-2213.xlsx
PCA-TV unit No_HH (prior weights),PC11_PCA-TV-2214,"PCA TV: Primary census abstract at town, village and ward level, Chhattisgarh - District Uttar Bastar Kanker - 2011",https://censusindia.gov.in/nada/index.php/catalog/6604,https://censusindia.gov.in/nada/index.php/catalog/6604/download/9681,PC11_PCA-TV-2214.xlsx,566953,ec1151c1c62392b6c4cde94de396957e54a877ab609661b0064413230e1781bc,,<scratch>/census/option2/pca/tv/PC11_PCA-TV-2214.xlsx
PCA-TV unit No_HH (prior weights),PC11_PCA-TV-2215,"PCA TV: Primary census abstract at town, village and ward level, Chhattisgarh - District Bastar - 2011",https://censusindia.gov.in/nada/index.php/catalog/6605,https://censusindia.gov.in/nada/index.php/catalog/6605/download/9682,PC11_PCA-TV-2215.xlsx,649010,6c78b9841ccf3eb330af3e53f0616446a2e5de3a46f4bbeb9cde80eea9cc80fd,,<scratch>/census/option2/pca/tv/PC11_PCA-TV-2215.xlsx
PCA-TV unit No_HH (prior weights),PC11_PCA-TV-2216,"PCA TV: Primary census abstract at town, village and ward level, Chhattisgarh - District Narayanpur - 2011",https://censusindia.gov.in/nada/index.php/catalog/6606,https://censusindia.gov.in/nada/index.php/catalog/6606/download/9683,PC11_PCA-TV-2216.xlsx,204088,c4dac316cbf050f1aafe7a69f2fe21cee2f289385117993087554f139941f91a,,<scratch>/census/option2/pca/tv/PC11_PCA-TV-2216.xlsx
PCA-TV unit No_HH (prior weights),PC11_PCA-TV-2217,"PCA TV: Primary census abstract at town, village and ward level, Chhattisgarh - District Dakshin Bastar Dantewada - 2011",https://censusindia.gov.in/nada/index.php/catalog/6607,https://censusindia.gov.in/nada/index.php/catalog/6607/download/9684,PC11_PCA-TV-2217.xlsx,367444,eaf266a6ccb454298f9c1eb51639c1bb7f804b3cc000bc1b21f45e3222f93ead,,<scratch>/census/option2/pca/tv/PC11_PCA-TV-2217.xlsx
PCA-TV unit No_HH (prior weights),PC11_PCA-TV-2218,"PCA TV: Primary census abstract at town, village and ward level, Chhattisgarh - District Bijapur - 2011",https://censusindia.gov.in/nada/index.php/catalog/6608,https://censusindia.gov.in/nada/index.php/catalog/6608/download/9685,PC11_PCA-TV-2218.xlsx,325885,7fcaf8f7bfd03e6c5188c4ec4e3a0fa612ac9299d7f40ba01be3cc8a011010ff,,<scratch>/census/option2/pca/tv/PC11_PCA-TV-2218.xlsx
PCA-TV unit No_HH (prior weights),PC11_PCA-TV-2301,"PCA TV: Primary census abstract at town, village and ward level, Madhya Pradesh - District Sheopur - 2011",https://censusindia.gov.in/nada/index.php/catalog/6609,https://censusindia.gov.in/nada/index.php/catalog/6609/download/9686,PC11_PCA-TV-2301.xlsx,320640,ed416753a8505284dcd45c34e21eda1f9778664c4f8408ccf2369fd478b0421a,,<scratch>/census/option2/pca/tv/PC11_PCA-TV-2301.xlsx
PCA-TV unit No_HH (prior weights),PC11_PCA-TV-2302,"PCA TV: Primary census abstract at town, village and ward level, Madhya Pradesh - District Morena - 2011",https://censusindia.gov.in/nada/index.php/catalog/6610,https://censusindia.gov.in/nada/index.php/catalog/6610/download/9687,PC11_PCA-TV-2302.xlsx,496286,714c5dfe1abf365883b125ac1e2e5e8c8676cb1643daf973b0a3315f00101085,,<scratch>/census/option2/pca/tv/PC11_PCA-TV-2302.xlsx
PCA-TV unit No_HH (prior weights),PC11_PCA-TV-2303,"PCA TV: Primary census abstract at town, village and ward level, Madhya Pradesh - District Bhind - 2011",https://censusindia.gov.in/nada/index.php/catalog/6611,https://censusindia.gov.in/nada/index.php/catalog/6611/download/9688,PC11_PCA-TV-2303.xlsx,565388,c77ff6b438dce423f5ae7b903c82cbda45f5aaf473cb42195ce367d92985226b,,<scratch>/census/option2/pca/tv/PC11_PCA-TV-2303.xlsx
PCA-TV unit No_HH (prior weights),PC11_PCA-TV-2304,"PCA TV: Primary census abstract at town, village and ward level, Madhya Pradesh - District Gwalior - 2011",https://censusindia.gov.in/nada/index.php/catalog/6612,https://censusindia.gov.in/nada/index.php/catalog/6612/download/9689,PC11_PCA-TV-2304.xlsx,415666,bbd7a18ec1c5bab1223374252d3d880206815a80e7749f9dd4e252bc641951ec,,<scratch>/census/option2/pca/tv/PC11_PCA-TV-2304.xlsx
PCA-TV unit No_HH (prior weights),PC11_PCA-TV-2305,"PCA TV: Primary census abstract at town, village and ward level, Madhya Pradesh - District Datia - 2011",https://censusindia.gov.in/nada/index.php/catalog/6613,https://censusindia.gov.in/nada/index.php/catalog/6613/download/9690,PC11_PCA-TV-2305.xlsx,365751,a0287def79a100b21a5ef8c493bcc311afa2db7799a5fbf0950a5c3b3d524c18,,<scratch>/census/option2/pca/tv/PC11_PCA-TV-2305.xlsx
PCA-TV unit No_HH (prior weights),PC11_PCA-TV-2306,"PCA TV: Primary census abstract at town, village and ward level, Madhya Pradesh - District Shivpuri - 2011",https://censusindia.gov.in/nada/index.php/catalog/6614,https://censusindia.gov.in/nada/index.php/catalog/6614/download/9691,PC11_PCA-TV-2306.xlsx,764324,d73f9c172e812009b015e59db50fe2746fd9fd1e2891391405e486a0fc73c3d7,,<scratch>/census/option2/pca/tv/PC11_PCA-TV-2306.xlsx
PCA-TV unit No_HH (prior weights),PC11_PCA-TV-2307,"PCA TV: Primary census abstract at town, village and ward level, Madhya Pradesh - District Tikamgarh - 2011",https://censusindia.gov.in/nada/index.php/catalog/6615,https://censusindia.gov.in/nada/index.php/catalog/6615/download/9692,PC11_PCA-TV-2307.xlsx,598918,32cc7657ce2383cb2943ce54c2fd525a2f0767a88f375984e00ad7d289e380ff,,<scratch>/census/option2/pca/tv/PC11_PCA-TV-2307.xlsx
PCA-TV unit No_HH (prior weights),PC11_PCA-TV-2308,"PCA TV: Primary census abstract at town, village and ward level, Madhya Pradesh - District Chhatarpur - 2011",https://censusindia.gov.in/nada/index.php/catalog/6616,https://censusindia.gov.in/nada/index.php/catalog/6616/download/9693,PC11_PCA-TV-2308.xlsx,740225,e62cfebddeb0be52473bd344c5eb8ef193428db1c42cd0de0d5740d6eae0cd79,,<scratch>/census/option2/pca/tv/PC11_PCA-TV-2308.xlsx
PCA-TV unit No_HH (prior weights),PC11_PCA-TV-2309,"PCA TV: Primary census abstract at town, village and ward level, Madhya Pradesh - District Panna - 2011",https://censusindia.gov.in/nada/index.php/catalog/6617,https://censusindia.gov.in/nada/index.php/catalog/6617/download/9694,PC11_PCA-TV-2309.xlsx,558602,7d0cf0233fbe777e45b82f55843dce4bf52786ae2b979b522be324d7ec071a8b,,<scratch>/census/option2/pca/tv/PC11_PCA-TV-2309.xlsx
PCA-TV unit No_HH (prior weights),PC11_PCA-TV-2310,"PCA TV: Primary census abstract at town, village and ward level, Madhya Pradesh - District Sagar - 2011",https://censusindia.gov.in/nada/index.php/catalog/6618,https://censusindia.gov.in/nada/index.php/catalog/6618/download/9695,PC11_PCA-TV-2310.xlsx,1136075,9a09d46e436ac3c5bc7688dafd053ef810c766e15ce7d3fafe47a2bd1944355b,,<scratch>/census/option2/pca/tv/PC11_PCA-TV-2310.xlsx
PCA-TV unit No_HH (prior weights),PC11_PCA-TV-2311,"PCA TV: Primary census abstract at town, village and ward level, Madhya Pradesh - District Damoh - 2011",https://censusindia.gov.in/nada/index.php/catalog/6619,https://censusindia.gov.in/nada/index.php/catalog/6619/download/9696,PC11_PCA-TV-2311.xlsx,668161,6c8d1d48df60882b892fe2148989dde8aed20d5e63680fb6e9e584ae7ec58f4c,,<scratch>/census/option2/pca/tv/PC11_PCA-TV-2311.xlsx
PCA-TV unit No_HH (prior weights),PC11_PCA-TV-2312,"PCA TV: Primary census abstract at town, village and ward level, Madhya Pradesh - District Satna - 2011",https://censusindia.gov.in/nada/index.php/catalog/6620,https://censusindia.gov.in/nada/index.php/catalog/6620/download/9697,PC11_PCA-TV-2312.xlsx,1073592,89ea306d5759c1ede39eec246e1d4d93b139d9fdb368bfe91e4c9ab3067a522d,,<scratch>/census/option2/pca/tv/PC11_PCA-TV-2312.xlsx
PCA-TV unit No_HH (prior weights),PC11_PCA-TV-2313,"PCA TV: Primary census abstract at town, village and ward level, Madhya Pradesh - District Rewa - 2011",https://censusindia.gov.in/nada/index.php/catalog/6621,https://censusindia.gov.in/nada/index.php/catalog/6621/download/9698,PC11_PCA-TV-2313.xlsx,1407557,03ef6dd70092253d44fe45c6cdd0894962b315e2bfc1b605bdb8dc1098e0c5f9,,<scratch>/census/option2/pca/tv/PC11_PCA-TV-2313.xlsx
PCA-TV unit No_HH (prior weights),PC11_PCA-TV-2314,"PCA TV: Primary census abstract at town, village and ward level, Madhya Pradesh - District Umaria - 2011",https://censusindia.gov.in/nada/index.php/catalog/6622,https://censusindia.gov.in/nada/index.php/catalog/6622/download/9699,PC11_PCA-TV-2314.xlsx,367525,f4b689280c56e07a193fa0d6a41b61218ea3a257c0e587e3638775b34174ab9b,,<scratch>/census/option2/pca/tv/PC11_PCA-TV-2314.xlsx
PCA-TV unit No_HH (prior weights),PC11_PCA-TV-2315,"PCA TV: Primary census abstract at town, village and ward level, Madhya Pradesh - District Neemuch - 2011",https://censusindia.gov.in/nada/index.php/catalog/6623,https://censusindia.gov.in/nada/index.php/catalog/6623/download/9700,PC11_PCA-TV-2315.xlsx,462979,c1230b7ed7c21f93368f9c254b3221b7112e505fbd6120be1772082c953e4e68,,<scratch>/census/option2/pca/tv/PC11_PCA-TV-2315.xlsx
PCA-TV unit No_HH (prior weights),PC11_PCA-TV-2316,"PCA TV: Primary census abstract at town, village and ward level, Madhya Pradesh - District Mandsaur - 2011",https://censusindia.gov.in/nada/index.php/catalog/6624,https://censusindia.gov.in/nada/index.php/catalog/6624/download/9701,PC11_PCA-TV-2316.xlsx,563390,b12ac68f372731075304050de7b2aeda6d678def436bf10fad45bda8c7918f0d,,<scratch>/census/option2/pca/tv/PC11_PCA-TV-2316.xlsx
PCA-TV unit No_HH (prior weights),PC11_PCA-TV-2317,"PCA TV: Primary census abstract at town, village and ward level, Madhya Pradesh - District Ratlam - 2011",https://censusindia.gov.in/nada/index.php/catalog/6625,https://censusindia.gov.in/nada/index.php/catalog/6625/download/9702,PC11_PCA-TV-2317.xlsx,638127,c4edf9c0d637d1ae08dcadf42bd9928ffd16fa7d1048708a62d0d79b369fbfd2,,<scratch>/census/option2/pca/tv/PC11_PCA-TV-2317.xlsx
PCA-TV unit No_HH (prior weights),PC11_PCA-TV-2318,"PCA TV: Primary census abstract at town, village and ward level, Madhya Pradesh - District Ujjain - 2011",https://censusindia.gov.in/nada/index.php/catalog/6626,https://censusindia.gov.in/nada/index.php/catalog/6626/download/9703,PC11_PCA-TV-2318.xlsx,667843,b5ef51b77c20a608aeab1da55c60b6feab916ba43f59ca5b553a2a73fdc3a12f,,<scratch>/census/option2/pca/tv/PC11_PCA-TV-2318.xlsx
PCA-TV unit No_HH (prior weights),PC11_PCA-TV-2319,"PCA TV: Primary census abstract at town, village and ward level, Madhya Pradesh - District Shajapur - 2011",https://censusindia.gov.in/nada/index.php/catalog/6627,https://censusindia.gov.in/nada/index.php/catalog/6627/download/9704,PC11_PCA-TV-2319.xlsx,670273,3da93d2c4588c0d08b201ab3fac4bf334909d9a4a5a7bc013ab3df6f80b687db,,<scratch>/census/option2/pca/tv/PC11_PCA-TV-2319.xlsx
PCA-TV unit No_HH (prior weights),PC11_PCA-TV-2320,"PCA TV: Primary census abstract at town, village and ward level, Madhya Pradesh - District Dewas - 2011",https://censusindia.gov.in/nada/index.php/catalog/6628,https://censusindia.gov.in/nada/index.php/catalog/6628/download/9705,PC11_PCA-TV-2320.xlsx,680835,51603ebdbcb8867d8fdb1fc117d9c8c5849a4d7cb081403906e2e0f92ca03d15,,<scratch>/census/option2/pca/tv/PC11_PCA-TV-2320.xlsx
PCA-TV unit No_HH (prior weights),PC11_PCA-TV-2321,"PCA TV: Primary census abstract at town, village and ward level, Madhya Pradesh - District Dhar - 2011",https://censusindia.gov.in/nada/index.php/catalog/6629,https://censusindia.gov.in/nada/index.php/catalog/6629/download/9706,PC11_PCA-TV-2321.xlsx,867425,d6dcbe4ca76587a690dbbfa38158671eda2b6c7fb7a4ccfbc75ff9f54c630c26,,<scratch>/census/option2/pca/tv/PC11_PCA-TV-2321.xlsx
PCA-TV unit No_HH (prior weights),PC11_PCA-TV-2322,"PCA TV: Primary census abstract at town, village and ward level, Madhya Pradesh - District Indore - 2011",https://censusindia.gov.in/nada/index.php/catalog/6630,https://censusindia.gov.in/nada/index.php/catalog/6630/download/9707,PC11_PCA-TV-2322.xlsx,447802,248ef226aa3448c4433ff2d8f8279b37b216cdc0ae8b972c54fa0458c8fa7d6b,,<scratch>/census/option2/pca/tv/PC11_PCA-TV-2322.xlsx
PCA-TV unit No_HH (prior weights),PC11_PCA-TV-2323,"PCA TV: Primary census abstract at town, village and ward level, Madhya Pradesh - District Khargone (West Nimar) - 2011",https://censusindia.gov.in/nada/index.php/catalog/6631,https://censusindia.gov.in/nada/index.php/catalog/6631/download/9708,PC11_PCA-TV-2323.xlsx,757618,242d817aca3a4b0d2cb6288c0ee4d1f3ebe89792ddf1bd2913d225f542d8c34e,,<scratch>/census/option2/pca/tv/PC11_PCA-TV-2323.xlsx
PCA-TV unit No_HH (prior weights),PC11_PCA-TV-2324,"PCA TV: Primary census abstract at town, village and ward level, Madhya Pradesh - District Barwani - 2011",https://censusindia.gov.in/nada/index.php/catalog/6632,https://censusindia.gov.in/nada/index.php/catalog/6632/download/9709,PC11_PCA-TV-2324.xlsx,440266,6dee1cbcb908a912beb41a254c4960a5d91c72176a01456b24b3d4cd84f35464,,<scratch>/census/option2/pca/tv/PC11_PCA-TV-2324.xlsx
PCA-TV unit No_HH (prior weights),PC11_PCA-TV-2325,"PCA TV: Primary census abstract at town, village and ward level, Madhya Pradesh - District Rajgarh - 2011",https://censusindia.gov.in/nada/index.php/catalog/6633,https://censusindia.gov.in/nada/index.php/catalog/6633/download/9710,PC11_PCA-TV-2325.xlsx,949272,a9793e31cdf0a3356eecc6d52b1d651fa45dbd9238d244bb0cb6710c9624e3b2,,<scratch>/census/option2/pca/tv/PC11_PCA-TV-2325.xlsx
PCA-TV unit No_HH (prior weights),PC11_PCA-TV-2326,"PCA TV: Primary census abstract at town, village and ward level, Madhya Pradesh - District Vidisha - 2011",https://censusindia.gov.in/nada/index.php/catalog/6634,https://censusindia.gov.in/nada/index.php/catalog/6634/download/9711,PC11_PCA-TV-2326.xlsx,853619,2e66f293f72f4c1bbfd90264c235b1e752dd45dd573cf78435d204db84b4dcc6,,<scratch>/census/option2/pca/tv/PC11_PCA-TV-2326.xlsx
PCA-TV unit No_HH (prior weights),PC11_PCA-TV-2327,"PCA TV: Primary census abstract at town, village and ward level, Madhya Pradesh - District Bhopal - 2011",https://censusindia.gov.in/nada/index.php/catalog/6635,https://censusindia.gov.in/nada/index.php/catalog/6635/download/9712,PC11_PCA-TV-2327.xlsx,325794,6a388b263827da1c8815cd620a7741bbf999cd4550f18502ad86258eae839a48,,<scratch>/census/option2/pca/tv/PC11_PCA-TV-2327.xlsx
PCA-TV unit No_HH (prior weights),PC11_PCA-TV-2328,"PCA TV: Primary census abstract at town, village and ward level, Madhya Pradesh - District Sehore - 2011",https://censusindia.gov.in/nada/index.php/catalog/6636,https://censusindia.gov.in/nada/index.php/catalog/6636/download/9713,PC11_PCA-TV-2328.xlsx,627348,67a74022b83b7dadc75db1268b46bc9ffe4ae1ff79257688a10b4bcfc07e99d4,,<scratch>/census/option2/pca/tv/PC11_PCA-TV-2328.xlsx
PCA-TV unit No_HH (prior weights),PC11_PCA-TV-2329,"PCA TV: Primary census abstract at town, village and ward level, Madhya Pradesh - District Raisen - 2011",https://censusindia.gov.in/nada/index.php/catalog/6637,https://censusindia.gov.in/nada/index.php/catalog/6637/download/9714,PC11_PCA-TV-2329.xlsx,821954,5555be673ec951c541a5246b764cf3721a37df845b8f7646b48317c9b2eb2783,,<scratch>/census/option2/pca/tv/PC11_PCA-TV-2329.xlsx
PCA-TV unit No_HH (prior weights),PC11_PCA-TV-2330,"PCA TV: Primary census abstract at town, village and ward level, Madhya Pradesh - District Betul - 2011",https://censusindia.gov.in/nada/index.php/catalog/6638,https://censusindia.gov.in/nada/index.php/catalog/6638/download/9715,PC11_PCA-TV-2330.xlsx,799319,c99990c708e9ab027ff5767737128436266e5b9174aae7af194097d0782b3ede,,<scratch>/census/option2/pca/tv/PC11_PCA-TV-2330.xlsx
PCA-TV unit No_HH (prior weights),PC11_PCA-TV-2331,"PCA TV: Primary census abstract at town, village and ward level, Madhya Pradesh - District Harda - 2011",https://censusindia.gov.in/nada/index.php/catalog/6639,https://censusindia.gov.in/nada/index.php/catalog/6639/download/9716,PC11_PCA-TV-2331.xlsx,321757,e92ab4c7dc1eb5607348cd85ed47912cf53c6dc179aa320564ddff0dc176b20b,,<scratch>/census/option2/pca/tv/PC11_PCA-TV-2331.xlsx
PCA-TV unit No_HH (prior weights),PC11_PCA-TV-2332,"PCA TV: Primary census abstract at town, village and ward level, Madhya Pradesh - District Hoshangabad - 2011",https://censusindia.gov.in/nada/index.php/catalog/6640,https://censusindia.gov.in/nada/index.php/catalog/6640/download/9717,PC11_PCA-TV-2332.xlsx,563508,5f4ef0ac3b18ffeefeb8efc977a2ef231a1167cdd3535e60126cf42b4f18497b,,<scratch>/census/option2/pca/tv/PC11_PCA-TV-2332.xlsx
PCA-TV unit No_HH (prior weights),PC11_PCA-TV-2333,"PCA TV: Primary census abstract at town, village and ward level, Madhya Pradesh - District Katni - 2011",https://censusindia.gov.in/nada/index.php/catalog/6641,https://censusindia.gov.in/nada/index.php/catalog/6641/download/9718,PC11_PCA-TV-2333.xlsx,532127,c93fcb45a5ef9c13f23d18a03725e828fcc543e3686871b9747b4e1c0c7f8273,,<scratch>/census/option2/pca/tv/PC11_PCA-TV-2333.xlsx
PCA-TV unit No_HH (prior weights),PC11_PCA-TV-2334,"PCA TV: Primary census abstract at town, village and ward level, Madhya Pradesh - District Jabalpur - 2011",https://censusindia.gov.in/nada/index.php/catalog/6642,https://censusindia.gov.in/nada/index.php/catalog/6642/download/9719,PC11_PCA-TV-2334.xlsx,832528,9e60610648925d4cfbbf3260c9794d26a6b374744a9cc7e49fef5aece61ae03d,,<scratch>/census/option2/pca/tv/PC11_PCA-TV-2334.xlsx
PCA-TV unit No_HH (prior weights),PC11_PCA-TV-2335,"PCA TV: Primary census abstract at town, village and ward level, Madhya Pradesh - District Narsimhapur - 2011",https://censusindia.gov.in/nada/index.php/catalog/6643,https://censusindia.gov.in/nada/index.php/catalog/6643/download/9720,PC11_PCA-TV-2335.xlsx,583943,da734fbec4ca869ab5d9be7bcf4cde36885651ffd828c54b5102ca9553d902ee,,<scratch>/census/option2/pca/tv/PC11_PCA-TV-2335.xlsx
PCA-TV unit No_HH (prior weights),PC11_PCA-TV-2336,"PCA TV: Primary census abstract at town, village and ward level, Madhya Pradesh - District Dindori - 2011",https://censusindia.gov.in/nada/index.php/catalog/6644,https://censusindia.gov.in/nada/index.php/catalog/6644/download/9721,PC11_PCA-TV-2336.xlsx,474687,648b760e87e004fc7bf7085fd89ad9c3eda113b21c8ee4398efa8b4e4b2f7693,,<scratch>/census/option2/pca/tv/PC11_PCA-TV-2336.xlsx
PCA-TV unit No_HH (prior weights),PC11_PCA-TV-2337,"PCA TV: Primary census abstract at town, village and ward level, Madhya Pradesh - District Mandla - 2011",https://censusindia.gov.in/nada/index.php/catalog/6645,https://censusindia.gov.in/nada/index.php/catalog/6645/download/9722,PC11_PCA-TV-2337.xlsx,659729,320988f1d26a57bf4b0db9d7aefabc49c5dff4219dd4455dd7b53d8e023e561e,,<scratch>/census/option2/pca/tv/PC11_PCA-TV-2337.xlsx
PCA-TV unit No_HH (prior weights),PC11_PCA-TV-2338,"PCA TV: Primary census abstract at town, village and ward level, Madhya Pradesh - District Chhindwara - 2011",https://censusindia.gov.in/nada/index.php/catalog/6646,https://censusindia.gov.in/nada/index.php/catalog/6646/download/9723,PC11_PCA-TV-2338.xlsx,1134592,02d549c53451822c437460c9a2bbd50b7a6e8ef219a13d13ea9f50d78448d0fa,,<scratch>/census/option2/pca/tv/PC11_PCA-TV-2338.xlsx
PCA-TV unit No_HH (prior weights),PC11_PCA-TV-2339,"PCA TV: Primary census abstract at town, village and ward level, Madhya Pradesh - District Seoni - 2011",https://censusindia.gov.in/nada/index.php/catalog/6647,https://censusindia.gov.in/nada/index.php/catalog/6647/download/9724,PC11_PCA-TV-2339.xlsx,827855,96e19daa0b5fb35e7c0183a5a3b644e811a51ea66c04c6acc1e6db8a13571dfb,,<scratch>/census/option2/pca/tv/PC11_PCA-TV-2339.xlsx
PCA-TV unit No_HH (prior weights),PC11_PCA-TV-2340,"PCA TV: Primary census abstract at town, village and ward level, Madhya Pradesh - District Balaghat - 2011",https://censusindia.gov.in/nada/index.php/catalog/6648,https://censusindia.gov.in/nada/index.php/catalog/6648/download/9725,PC11_PCA-TV-2340.xlsx,771825,4253ce0f547e051f4991c061597bef112e857b3f09ca0471df4e6d3d0f419120,,<scratch>/census/option2/pca/tv/PC11_PCA-TV-2340.xlsx
PCA-TV unit No_HH (prior weights),PC11_PCA-TV-2341,"PCA TV: Primary census abstract at town, village and ward level, Madhya Pradesh - District Guna - 2011",https://censusindia.gov.in/nada/index.php/catalog/6649,https://censusindia.gov.in/nada/index.php/catalog/6649/download/9726,PC11_PCA-TV-2341.xlsx,703231,4a6e8e932febff91b3d31d4680b6c767568f61cad7d6f6b9677e92d3a4fcba1f,,<scratch>/census/option2/pca/tv/PC11_PCA-TV-2341.xlsx
PCA-TV unit No_HH (prior weights),PC11_PCA-TV-2342,"PCA TV: Primary census abstract at town, village and ward level, Madhya Pradesh - District Ashoknagar - 2011",https://censusindia.gov.in/nada/index.php/catalog/6650,https://censusindia.gov.in/nada/index.php/catalog/6650/download/9727,PC11_PCA-TV-2342.xlsx,473547,a351e26161afb74d33a6df012d6de28a907a263068869cb4822f5ce577d5a0aa,,<scratch>/census/option2/pca/tv/PC11_PCA-TV-2342.xlsx
PCA-TV unit No_HH (prior weights),PC11_PCA-TV-2343,"PCA TV: Primary census abstract at town, village and ward level, Madhya Pradesh - District Shahdol - 2011",https://censusindia.gov.in/nada/index.php/catalog/6651,https://censusindia.gov.in/nada/index.php/catalog/6651/download/9728,PC11_PCA-TV-2343.xlsx,495866,7d38867365c96dfd1508724a3d5f94fc5c30fcd891068a32571c13e7653161f0,,<scratch>/census/option2/pca/tv/PC11_PCA-TV-2343.xlsx
PCA-TV unit No_HH (prior weights),PC11_PCA-TV-2344,"PCA TV: Primary census abstract at town, village and ward level, Madhya Pradesh - District Anuppur - 2011",https://censusindia.gov.in/nada/index.php/catalog/6652,https://censusindia.gov.in/nada/index.php/catalog/6652/download/9729,PC11_PCA-TV-2344.xlsx,355410,3d833eff932de521937d3edc2a63760122fa9776eca5a224c6b94b20ef1517cb,,<scratch>/census/option2/pca/tv/PC11_PCA-TV-2344.xlsx
PCA-TV unit No_HH (prior weights),PC11_PCA-TV-2345,"PCA TV: Primary census abstract at town, village and ward level, Madhya Pradesh - District Sidhi - 2011",https://censusindia.gov.in/nada/index.php/catalog/6653,https://censusindia.gov.in/nada/index.php/catalog/6653/download/9730,PC11_PCA-TV-2345.xlsx,563537,9220a0ef59e0d671faede7cb5990a7b187d31afe5f08321b0b6ad8e48bf3fd5f,,<scratch>/census/option2/pca/tv/PC11_PCA-TV-2345.xlsx
PCA-TV unit No_HH (prior weights),PC11_PCA-TV-2346,"PCA TV: Primary census abstract at town, village and ward level, Madhya Pradesh - District Singrauli - 2011",https://censusindia.gov.in/nada/index.php/catalog/6654,https://censusindia.gov.in/nada/index.php/catalog/6654/download/9731,PC11_PCA-TV-2346.xlsx,402710,3466c3faf3953c87ab3f0fae377a5d6cd964ea4342a70609d50d0537a8354f8e,,<scratch>/census/option2/pca/tv/PC11_PCA-TV-2346.xlsx
PCA-TV unit No_HH (prior weights),PC11_PCA-TV-2347,"PCA TV: Primary census abstract at town, village and ward level, Madhya Pradesh - District Jhabua - 2011",https://censusindia.gov.in/nada/index.php/catalog/6655,https://censusindia.gov.in/nada/index.php/catalog/6655/download/9732,PC11_PCA-TV-2347.xlsx,447967,c0201f5e27443f9df156da7dc091f04f484ddfb8e03f1ab7bb682c51f44b8bc4,,<scratch>/census/option2/pca/tv/PC11_PCA-TV-2347.xlsx
PCA-TV unit No_HH (prior weights),PC11_PCA-TV-2348,"PCA TV: Primary census abstract at town, village and ward level, Madhya Pradesh - District Alirajpur - 2011",https://censusindia.gov.in/nada/index.php/catalog/6656,https://censusindia.gov.in/nada/index.php/catalog/6656/download/9733,PC11_PCA-TV-2348.xlsx,307020,aa55934b19823ad3d06b173f3798b87c5901a85961699c4f689b8971af11628b,,<scratch>/census/option2/pca/tv/PC11_PCA-TV-2348.xlsx
PCA-TV unit No_HH (prior weights),PC11_PCA-TV-2349,"PCA TV: Primary census abstract at town, village and ward level, Madhya Pradesh - District Khandwa (East Nimar) - 2011",https://censusindia.gov.in/nada/index.php/catalog/6657,https://censusindia.gov.in/nada/index.php/catalog/6657/download/9734,PC11_PCA-TV-2349.xlsx,428710,9b2305890ef6d0a95359f9c30e808ec34d8c18ea79c4bfd7f14ef6a49f11be7a,,<scratch>/census/option2/pca/tv/PC11_PCA-TV-2349.xlsx
PCA-TV unit No_HH (prior weights),PC11_PCA-TV-2350,"PCA TV: Primary census abstract at town, village and ward level, Madhya Pradesh - District Burhanpur - 2011",https://censusindia.gov.in/nada/index.php/catalog/6658,https://censusindia.gov.in/nada/index.php/catalog/6658/download/9735,PC11_PCA-TV-2350.xlsx,191888,e904d089d5aa1ed486630b28bab5f680a1bb89fbd5b192325bfb0f6c242ad798,,<scratch>/census/option2/pca/tv/PC11_PCA-TV-2350.xlsx
PCA-TV unit No_HH (prior weights),PC11_PCA-TV-2401,"PCA TV: Primary census abstract at town, village and ward level, Gujarat - District Kachchh - 2011",https://censusindia.gov.in/nada/index.php/catalog/6659,https://censusindia.gov.in/nada/index.php/catalog/6659/download/9736,PC11_PCA-TV-2401.xlsx,504557,359644f0b3a9be61afd7a4ad6e4d1e768d8840bf8bfd793f0775b1ded6f1e45f,,<scratch>/census/option2/pca/tv/PC11_PCA-TV-2401.xlsx
PCA-TV unit No_HH (prior weights),PC11_PCA-TV-2402,"PCA TV: Primary census abstract at town, village and ward level, Gujarat - District Banas Kantha - 2011",https://censusindia.gov.in/nada/index.php/catalog/6660,https://censusindia.gov.in/nada/index.php/catalog/6660/download/9737,PC11_PCA-TV-2402.xlsx,681165,01265f901ddc6f6a5af430dc3792164d918cf3ad3ac219c3dfdd58a6bf3cae4d,,<scratch>/census/option2/pca/tv/PC11_PCA-TV-2402.xlsx
PCA-TV unit No_HH (prior weights),PC11_PCA-TV-2403,"PCA TV: Primary census abstract at town, village and ward level, Gujarat - District Patan - 2011",https://censusindia.gov.in/nada/index.php/catalog/6661,https://censusindia.gov.in/nada/index.php/catalog/6661/download/9738,PC11_PCA-TV-2403.xlsx,307458,4706d76c6607f7296a0ef8d313c28746e77747d2a574aa5c05a410b2212183ef,,<scratch>/census/option2/pca/tv/PC11_PCA-TV-2403.xlsx
PCA-TV unit No_HH (prior weights),PC11_PCA-TV-2404,"PCA TV: Primary census abstract at town, village and ward level, Gujarat - District Mahesana - 2011",https://censusindia.gov.in/nada/index.php/catalog/6662,https://censusindia.gov.in/nada/index.php/catalog/6662/download/9739,PC11_PCA-TV-2404.xlsx,368442,51138af00825f80935c8a153550033ea65f7e1d695c5419bcace62413822dcf5,,<scratch>/census/option2/pca/tv/PC11_PCA-TV-2404.xlsx
PCA-TV unit No_HH (prior weights),PC11_PCA-TV-2405,"PCA TV: Primary census abstract at town, village and ward level, Gujarat - District Sabar Kantha - 2011",https://censusindia.gov.in/nada/index.php/catalog/6663,https://censusindia.gov.in/nada/index.php/catalog/6663/download/9740,PC11_PCA-TV-2405.xlsx,757576,bd742410bf90b43e750c02d3c2aa0eebb9e26c8f9131b807506361d8bfc41751,,<scratch>/census/option2/pca/tv/PC11_PCA-TV-2405.xlsx
PCA-TV unit No_HH (prior weights),PC11_PCA-TV-2406,"PCA TV: Primary census abstract at town, village and ward level, Gujarat - District Gandhinagar - 2011",https://censusindia.gov.in/nada/index.php/catalog/6664,https://censusindia.gov.in/nada/index.php/catalog/6664/download/9741,PC11_PCA-TV-2406.xlsx,209497,f2453165519fadf30696dc18c67789bc48482d5ef481dd45a79be28f7463de70,,<scratch>/census/option2/pca/tv/PC11_PCA-TV-2406.xlsx
PCA-TV unit No_HH (prior weights),PC11_PCA-TV-2407,"PCA TV: Primary census abstract at town, village and ward level, Gujarat - District Ahmadabad - 2011",https://censusindia.gov.in/nada/index.php/catalog/6665,https://censusindia.gov.in/nada/index.php/catalog/6665/download/9742,PC11_PCA-TV-2407.xlsx,376762,3a601d501e437f85f2388b6460a0ebf4df5c784d1fb1484eb846b4df7913433b,,<scratch>/census/option2/pca/tv/PC11_PCA-TV-2407.xlsx
PCA-TV unit No_HH (prior weights),PC11_PCA-TV-2408,"PCA TV: Primary census abstract at town, village and ward level, Gujarat - District Surendranagar - 2011",https://censusindia.gov.in/nada/index.php/catalog/6666,https://censusindia.gov.in/nada/index.php/catalog/6666/download/9743,PC11_PCA-TV-2408.xlsx,393405,24c690e73624653fae482e34926e48ecda6b18fddc42ae54703ca803d13158a7,,<scratch>/census/option2/pca/tv/PC11_PCA-TV-2408.xlsx
PCA-TV unit No_HH (prior weights),PC11_PCA-TV-2409,"PCA TV: Primary census abstract at town, village and ward level, Gujarat - District Rajkot - 2011",https://censusindia.gov.in/nada/index.php/catalog/6667,https://censusindia.gov.in/nada/index.php/catalog/6667/download/9744,PC11_PCA-TV-2409.xlsx,530520,7b03e3ba76b73c4ca0fda41910a79a9911743a568906a43b62a23ce9c1d3db7b,,<scratch>/census/option2/pca/tv/PC11_PCA-TV-2409.xlsx
PCA-TV unit No_HH (prior weights),PC11_PCA-TV-2410,"PCA TV: Primary census abstract at town, village and ward level, Gujarat - District Jamnagar - 2011",https://censusindia.gov.in/nada/index.php/catalog/6668,https://censusindia.gov.in/nada/index.php/catalog/6668/download/9745,PC11_PCA-TV-2410.xlsx,432021,b716316c486e6fc17471fd262f66b7916e552e231c465d52063a67d2cdc8252a,,<scratch>/census/option2/pca/tv/PC11_PCA-TV-2410.xlsx
PCA-TV unit No_HH (prior weights),PC11_PCA-TV-2411,"PCA TV: Primary census abstract at town, village and ward level, Gujarat - District Porbandar - 2011",https://censusindia.gov.in/nada/index.php/catalog/6669,https://censusindia.gov.in/nada/index.php/catalog/6669/download/9746,PC11_PCA-TV-2411.xlsx,132533,2253c0aca781e9310aeed4a21409e4725b70b1e66b9c796eb3973e4c31bb3fab,,<scratch>/census/option2/pca/tv/PC11_PCA-TV-2411.xlsx
PCA-TV unit No_HH (prior weights),PC11_PCA-TV-2412,"PCA TV: Primary census abstract at town, village and ward level, Gujarat - District Junagadh - 2011",https://censusindia.gov.in/nada/index.php/catalog/6670,https://censusindia.gov.in/nada/index.php/catalog/6670/download/9747,PC11_PCA-TV-2412.xlsx,601535,2f6d9044a93bc08be608c9e0992aff4ca6870af3ed70ab6e45ff9521ced02eff,,<scratch>/census/option2/pca/tv/PC11_PCA-TV-2412.xlsx
PCA-TV unit No_HH (prior weights),PC11_PCA-TV-2413,"PCA TV: Primary census abstract at town, village and ward level, Gujarat - District Amreli - 2011",https://censusindia.gov.in/nada/index.php/catalog/6671,https://censusindia.gov.in/nada/index.php/catalog/6671/download/9748,PC11_PCA-TV-2413.xlsx,382482,6a83b46d15292c5b7b4b193062c72162984b9cb03ed35bf978aff11829bc876e,,<scratch>/census/option2/pca/tv/PC11_PCA-TV-2413.xlsx
PCA-TV unit No_HH (prior weights),PC11_PCA-TV-2414,"PCA TV: Primary census abstract at town, village and ward level, Gujarat - District Bhavnagar - 2011",https://censusindia.gov.in/nada/index.php/catalog/6672,https://censusindia.gov.in/nada/index.php/catalog/6672/download/9749,PC11_PCA-TV-2414.xlsx,485864,d322a4fd0159073883e66284855f9f7a71526a147cd4d577915794bca11f09f0,,<scratch>/census/option2/pca/tv/PC11_PCA-TV-2414.xlsx
PCA-TV unit No_HH (prior weights),PC11_PCA-TV-2415,"PCA TV: Primary census abstract at town, village and ward level, Gujarat - District Anand - 2011",https://censusindia.gov.in/nada/index.php/catalog/6673,https://censusindia.gov.in/nada/index.php/catalog/6673/download/9750,PC11_PCA-TV-2415.xlsx,277339,f961be81568836bb631b979ea903007d8d9a352317d6bdb1e238f18f180abdad,,<scratch>/census/option2/pca/tv/PC11_PCA-TV-2415.xlsx
PCA-TV unit No_HH (prior weights),PC11_PCA-TV-2416,"PCA TV: Primary census abstract at town, village and ward level, Gujarat - District Kheda - 2011",https://censusindia.gov.in/nada/index.php/catalog/6674,https://censusindia.gov.in/nada/index.php/catalog/6674/download/9751,PC11_PCA-TV-2416.xlsx,399286,3b9874cf83e5b47ea9839adb07814c5e3ab3b8c2438b2d09546272d5f3104168,,<scratch>/census/option2/pca/tv/PC11_PCA-TV-2416.xlsx
PCA-TV unit No_HH (prior weights),PC11_PCA-TV-2417,"PCA TV: Primary census abstract at town, village and ward level, Gujarat - District Panch Mahals - 2011",https://censusindia.gov.in/nada/index.php/catalog/6675,https://censusindia.gov.in/nada/index.php/catalog/6675/download/9752,PC11_PCA-TV-2417.xlsx,661161,d5936a4e1690b7417de7da0217863133568137863fe982745ca75bb3772207cf,,<scratch>/census/option2/pca/tv/PC11_PCA-TV-2417.xlsx
PCA-TV unit No_HH (prior weights),PC11_PCA-TV-2418,"PCA TV: Primary census abstract at town, village and ward level, Gujarat - District Dohad - 2011",https://censusindia.gov.in/nada/index.php/catalog/6676,https://censusindia.gov.in/nada/index.php/catalog/6676/download/9753,PC11_PCA-TV-2418.xlsx,402176,b06795b436032e4b2859bec0c4dacd05b795d5e51753660a47e6ae6a8a7e6b65,,<scratch>/census/option2/pca/tv/PC11_PCA-TV-2418.xlsx
PCA-TV unit No_HH (prior weights),PC11_PCA-TV-2419,"PCA TV: Primary census abstract at town, village and ward level, Gujarat - District Vadodara - 2011",https://censusindia.gov.in/nada/index.php/catalog/6677,https://censusindia.gov.in/nada/index.php/catalog/6677/download/9754,PC11_PCA-TV-2419.xlsx,836865,f70e2184bf5c9375c5585ece6e8afaef4269ef07d54b400b7e5794e30c9bb0e6,,<scratch>/census/option2/pca/tv/PC11_PCA-TV-2419.xlsx
PCA-TV unit No_HH (prior weights),PC11_PCA-TV-2420,"PCA TV: Primary census abstract at town, village and ward level, Gujarat - District Narmada - 2011",https://censusindia.gov.in/nada/index.php/catalog/6678,https://censusindia.gov.in/nada/index.php/catalog/6678/download/9755,PC11_PCA-TV-2420.xlsx,315396,1ebadd109e8ebd7759ef21384b98e6e88910753d88c9739a341968d8290ac496,,<scratch>/census/option2/pca/tv/PC11_PCA-TV-2420.xlsx
PCA-TV unit No_HH (prior weights),PC11_PCA-TV-2421,"PCA TV: Primary census abstract at town, village and ward level, Gujarat - District Bharuch - 2011",https://censusindia.gov.in/nada/index.php/catalog/6679,https://censusindia.gov.in/nada/index.php/catalog/6679/download/9756,PC11_PCA-TV-2421.xlsx,386542,dc1fcf8a463271adc4f8d544de04b93ba9f49b127abcc6c07e0441f4e10029b2,,<scratch>/census/option2/pca/tv/PC11_PCA-TV-2421.xlsx
PCA-TV unit No_HH (prior weights),PC11_PCA-TV-2422,"PCA TV: Primary census abstract at town, village and ward level, Gujarat - District The Dangs - 2011",https://censusindia.gov.in/nada/index.php/catalog/6680,https://censusindia.gov.in/nada/index.php/catalog/6680/download/9757,PC11_PCA-TV-2422.xlsx,162075,27f7e21d33d11f0b52521a7d9a38fff08e8b2679f3417a3d9c0c9a18198424ec,,<scratch>/census/option2/pca/tv/PC11_PCA-TV-2422.xlsx
PCA-TV unit No_HH (prior weights),PC11_PCA-TV-2423,"PCA TV: Primary census abstract at town, village and ward level, Gujarat - District Navsari - 2011",https://censusindia.gov.in/nada/index.php/catalog/6681,https://censusindia.gov.in/nada/index.php/catalog/6681/download/9758,PC11_PCA-TV-2423.xlsx,246971,811cf81e3844668564613d8ed7a4d80400869573fd68bb41be1ecdd480e7ac8b,,<scratch>/census/option2/pca/tv/PC11_PCA-TV-2423.xlsx
PCA-TV unit No_HH (prior weights),PC11_PCA-TV-2424,"PCA TV: Primary census abstract at town, village and ward level, Gujarat - District Valsad - 2011",https://censusindia.gov.in/nada/index.php/catalog/6682,https://censusindia.gov.in/nada/index.php/catalog/6682/download/9759,PC11_PCA-TV-2424.xlsx,299136,9515d3e2751d0c6d00eefae04c4c58ffd5b784b5e0e865330dd88e068415a93d,,<scratch>/census/option2/pca/tv/PC11_PCA-TV-2424.xlsx
PCA-TV unit No_HH (prior weights),PC11_PCA-TV-2425,"PCA TV: Primary census abstract at town, village and ward level, Gujarat - District Surat - 2011",https://censusindia.gov.in/nada/index.php/catalog/6683,https://censusindia.gov.in/nada/index.php/catalog/6683/download/9760,PC11_PCA-TV-2425.xlsx,465569,6b71889af4007e7f17e829c34ac58a2830f623c2cdd54e8ff700e1b5428ee71a,,<scratch>/census/option2/pca/tv/PC11_PCA-TV-2425.xlsx
PCA-TV unit No_HH (prior weights),PC11_PCA-TV-2426,"PCA TV: Primary census abstract at town, village and ward level, Gujarat - District Tapi - 2011",https://censusindia.gov.in/nada/index.php/catalog/6684,https://censusindia.gov.in/nada/index.php/catalog/6684/download/9761,PC11_PCA-TV-2426.xlsx,269181,99d57469360fbeba0031130ab30788edd0549e4824a47b9cc164cccc75c44965,,<scratch>/census/option2/pca/tv/PC11_PCA-TV-2426.xlsx
PCA-TV unit No_HH (prior weights),PC11_PCA-TV-2501,"PCA TV: Primary census abstract at town, village and ward level, Daman & Diu - District Diu - 2011",https://censusindia.gov.in/nada/index.php/catalog/6685,https://censusindia.gov.in/nada/index.php/catalog/6685/download/9762,PC11_PCA-TV-2501.xlsx,26012,461240d69d54c3d3110eac57d78dbd6e1288b5f7b582f14bfe2c30e762bca048,,<scratch>/census/option2/pca/tv/PC11_PCA-TV-2501.xlsx
PCA-TV unit No_HH (prior weights),PC11_PCA-TV-2502,"PCA TV: Primary census abstract at town, village and ward level, Daman & Diu - District Daman - 2011",https://censusindia.gov.in/nada/index.php/catalog/6686,https://censusindia.gov.in/nada/index.php/catalog/6686/download/9763,PC11_PCA-TV-2502.xlsx,38161,d368afebb63bc16446fa701b59c2ad1bd973ab10679c68b53e52dc826d6fadcb,,<scratch>/census/option2/pca/tv/PC11_PCA-TV-2502.xlsx
PCA-TV unit No_HH (prior weights),PC11_PCA-TV-2601,"PCA TV: Primary census abstract at town, village and ward level, Dadra & Nagar Haveli - District Dadra & Nagar Haveli - 2011",https://censusindia.gov.in/nada/index.php/catalog/6687,https://censusindia.gov.in/nada/index.php/catalog/6687/download/9764,PC11_PCA-TV-2601.xlsx,62803,705846a3e9be629c76ede0c32f5a99acfce6afab9f07b3954156609c3869c8a6,,<scratch>/census/option2/pca/tv/PC11_PCA-TV-2601.xlsx
PCA-TV unit No_HH (prior weights),PC11_PCA-TV-2701,"PCA TV: Primary census abstract at town, village and ward level, Maharashtra - District Nandurbar - 2011",https://censusindia.gov.in/nada/index.php/catalog/6688,https://censusindia.gov.in/nada/index.php/catalog/6688/download/9765,PC11_PCA-TV-2701.xlsx,537166,2464ade2c14b80a9c9014aace578c3616ea202bdb0f757127ed04ddd82abb7a1,,<scratch>/census/option2/pca/tv/PC11_PCA-TV-2701.xlsx
PCA-TV unit No_HH (prior weights),PC11_PCA-TV-2702,"PCA TV: Primary census abstract at town, village and ward level, Maharashtra - District Dhule - 2011",https://censusindia.gov.in/nada/index.php/catalog/6689,https://censusindia.gov.in/nada/index.php/catalog/6689/download/9766,PC11_PCA-TV-2702.xlsx,425353,adb376aeaf0715d6afdbb0a92c4c83dbcde6a0f3dbf175a557c5e5a710121feb,,<scratch>/census/option2/pca/tv/PC11_PCA-TV-2702.xlsx
PCA-TV unit No_HH (prior weights),PC11_PCA-TV-2703,"PCA TV: Primary census abstract at town, village and ward level, Maharashtra - District Jalgaon - 2011",https://censusindia.gov.in/nada/index.php/catalog/6690,https://censusindia.gov.in/nada/index.php/catalog/6690/download/9767,PC11_PCA-TV-2703.xlsx,1000424,48bd349e6d4f16839be12e4ccd9ececccf9489227b4dc10afc9fb508762fa66d,,<scratch>/census/option2/pca/tv/PC11_PCA-TV-2703.xlsx
PCA-TV unit No_HH (prior weights),PC11_PCA-TV-2704,"PCA TV: Primary census abstract at town, village and ward level, Maharashtra - District Buldana - 2011",https://censusindia.gov.in/nada/index.php/catalog/6691,https://censusindia.gov.in/nada/index.php/catalog/6691/download/9768,PC11_PCA-TV-2704.xlsx,846857,ac6d5edbfe7e7c4e8d51c09344d605cbeefc620b431354c9756bcc2c8f30bd52,,<scratch>/census/option2/pca/tv/PC11_PCA-TV-2704.xlsx
PCA-TV unit No_HH (prior weights),PC11_PCA-TV-2705,"PCA TV: Primary census abstract at town, village and ward level, Maharashtra - District Akola - 2011",https://censusindia.gov.in/nada/index.php/catalog/6692,https://censusindia.gov.in/nada/index.php/catalog/6692/download/9769,PC11_PCA-TV-2705.xlsx,579509,35cd5fb7450a155750c006a829c615c0a748e1be503cad854b7e3fc8ca0b3b7a,,<scratch>/census/option2/pca/tv/PC11_PCA-TV-2705.xlsx
PCA-TV unit No_HH (prior weights),PC11_PCA-TV-2706,"PCA TV: Primary census abstract at town, village and ward level, Maharashtra - District Washim - 2011",https://censusindia.gov.in/nada/index.php/catalog/6693,https://censusindia.gov.in/nada/index.php/catalog/6693/download/9770,PC11_PCA-TV-2706.xlsx,439461,57ace71d2576de03026a22d8d9b6679bdd6d89b3489255f79d6ae5aa34078bd1,,<scratch>/census/option2/pca/tv/PC11_PCA-TV-2706.xlsx
PCA-TV unit No_HH (prior weights),PC11_PCA-TV-2707,"PCA TV: Primary census abstract at town, village and ward level, Maharashtra - District Amravati - 2011",https://censusindia.gov.in/nada/index.php/catalog/6694,https://censusindia.gov.in/nada/index.php/catalog/6694/download/9771,PC11_PCA-TV-2707.xlsx,1101306,a696750ea6bd7b95ac7dbfa31bdb3e878cdfb14ad7b2f603fd0a572fc57de7cb,,<scratch>/census/option2/pca/tv/PC11_PCA-TV-2707.xlsx
PCA-TV unit No_HH (prior weights),PC11_PCA-TV-2708,"PCA TV: Primary census abstract at town, village and ward level, Maharashtra - District Wardha - 2011",https://censusindia.gov.in/nada/index.php/catalog/6695,https://censusindia.gov.in/nada/index.php/catalog/6695/download/9772,PC11_PCA-TV-2708.xlsx,712193,2ecf49bf66b989d28751a833065fe3227eec98299723019ba88ae0760e262e7c,,<scratch>/census/option2/pca/tv/PC11_PCA-TV-2708.xlsx
PCA-TV unit No_HH (prior weights),PC11_PCA-TV-2709,"PCA TV: Primary census abstract at town, village and ward level, Maharashtra - District Nagpur - 2011",https://censusindia.gov.in/nada/index.php/catalog/6696,https://censusindia.gov.in/nada/index.php/catalog/6696/download/9773,PC11_PCA-TV-2709.xlsx,1103446,cb41c1e14f67245368a16b7cdecebf40fa83fcb30ee02778499aa84604e76ff2,,<scratch>/census/option2/pca/tv/PC11_PCA-TV-2709.xlsx
PCA-TV unit No_HH (prior weights),PC11_PCA-TV-2710,"PCA TV: Primary census abstract at town, village and ward level, Maharashtra - District Bhandara - 2011",https://censusindia.gov.in/nada/index.php/catalog/6697,https://censusindia.gov.in/nada/index.php/catalog/6697/download/9774,PC11_PCA-TV-2710.xlsx,488666,2c7d2975900d69d499ca457fb4ff44a4a6591fc001e4933f4ebff1496445e9bf,,<scratch>/census/option2/pca/tv/PC11_PCA-TV-2710.xlsx
PCA-TV unit No_HH (prior weights),PC11_PCA-TV-2711,"PCA TV: Primary census abstract at town, village and ward level, Maharashtra - District Gondiya - 2011",https://censusindia.gov.in/nada/index.php/catalog/6698,https://censusindia.gov.in/nada/index.php/catalog/6698/download/9775,PC11_PCA-TV-2711.xlsx,529019,518c1e651bf78e3392ab2240640244e2e30072d9c9f06052196ba650d796c2b1,,<scratch>/census/option2/pca/tv/PC11_PCA-TV-2711.xlsx
PCA-TV unit No_HH (prior weights),PC11_PCA-TV-2712,"PCA TV: Primary census abstract at town, village and ward level, Maharashtra - District Gadchiroli - 2011",https://censusindia.gov.in/nada/index.php/catalog/6699,https://censusindia.gov.in/nada/index.php/catalog/6699/download/9776,PC11_PCA-TV-2712.xlsx,832634,8b25fe9f837be98f7c5a01ce88bc671ceded8eb1a1a412165682564b0e0f939a,,<scratch>/census/option2/pca/tv/PC11_PCA-TV-2712.xlsx
PCA-TV unit No_HH (prior weights),PC11_PCA-TV-2713,"PCA TV: Primary census abstract at town, village and ward level, Maharashtra - District Chandrapur - 2011",https://censusindia.gov.in/nada/index.php/catalog/6700,https://censusindia.gov.in/nada/index.php/catalog/6700/download/9777,PC11_PCA-TV-2713.xlsx,994023,e5cf774a602f94be52130737d252b3c73f83bead8916eb79588069528f65150a,,<scratch>/census/option2/pca/tv/PC11_PCA-TV-2713.xlsx
PCA-TV unit No_HH (prior weights),PC11_PCA-TV-2714,"PCA TV: Primary census abstract at town, village and ward level, Maharashtra - District Yavatmal - 2011",https://censusindia.gov.in/nada/index.php/catalog/6701,https://censusindia.gov.in/nada/index.php/catalog/6701/download/9778,PC11_PCA-TV-2714.xlsx,1149277,ce09f05511f7cd74f3386a62fac5cf8c146801817ad478803743260d2ad14eae,,<scratch>/census/option2/pca/tv/PC11_PCA-TV-2714.xlsx
PCA-TV unit No_HH (prior weights),PC11_PCA-TV-2715,"PCA TV: Primary census abstract at town, village and ward level, Maharashtra - District Nanded - 2011",https://censusindia.gov.in/nada/index.php/catalog/6702,https://censusindia.gov.in/nada/index.php/catalog/6702/download/9779,PC11_PCA-TV-2715.xlsx,977130,e97bfb6c96d64769949d8bbfeddaf02be35d10322dca7fc3d56772b2514f9ca6,,<scratch>/census/option2/pca/tv/PC11_PCA-TV-2715.xlsx
PCA-TV unit No_HH (prior weights),PC11_PCA-TV-2716,"PCA TV: Primary census abstract at town, village and ward level, Maharashtra - District Hingoli - 2011",https://censusindia.gov.in/nada/index.php/catalog/6703,https://censusindia.gov.in/nada/index.php/catalog/6703/download/9780,PC11_PCA-TV-2716.xlsx,397428,521ae2534ad4a0465011753b27a903ad9a949896b2ec7a68f7e661f6ce0fd2e1,,<scratch>/census/option2/pca/tv/PC11_PCA-TV-2716.xlsx
PCA-TV unit No_HH (prior weights),PC11_PCA-TV-2717,"PCA TV: Primary census abstract at town, village and ward level, Maharashtra - District Parbhani - 2011",https://censusindia.gov.in/nada/index.php/catalog/6704,https://censusindia.gov.in/nada/index.php/catalog/6704/download/9781,PC11_PCA-TV-2717.xlsx,533090,5cc03032eb64cda0384bbad568c0c2a9df8cb91a22a44f2f2a1d57beabb86cb5,,<scratch>/census/option2/pca/tv/PC11_PCA-TV-2717.xlsx
PCA-TV unit No_HH (prior weights),PC11_PCA-TV-2718,"PCA TV: Primary census abstract at town, village and ward level, Maharashtra - District Jalna - 2011",https://censusindia.gov.in/nada/index.php/catalog/6705,https://censusindia.gov.in/nada/index.php/catalog/6705/download/9782,PC11_PCA-TV-2718.xlsx,552801,1094d3025ecb166c2db87fa7f85aaf2d768146fd8954d0b93a5da44843449a35,,<scratch>/census/option2/pca/tv/PC11_PCA-TV-2718.xlsx
PCA-TV unit No_HH (prior weights),PC11_PCA-TV-2719,"PCA TV: Primary census abstract at town, village and ward level, Maharashtra - District Aurangabad - 2011",https://censusindia.gov.in/nada/index.php/catalog/6706,https://censusindia.gov.in/nada/index.php/catalog/6706/download/9783,PC11_PCA-TV-2719.xlsx,806070,f6563fc4baa3e1bae60f596499f0dad85283d82c9dbb215588d5e04ce25e54aa,,<scratch>/census/option2/pca/tv/PC11_PCA-TV-2719.xlsx
PCA-TV unit No_HH (prior weights),PC11_PCA-TV-2720,"PCA TV: Primary census abstract at town, village and ward level, Maharashtra - District Nashik - 2011",https://censusindia.gov.in/nada/index.php/catalog/6707,https://censusindia.gov.in/nada/index.php/catalog/6707/download/9784,PC11_PCA-TV-2720.xlsx,1189101,7b3de9d0401583dbdde6ff23be3c1274bdcc9e9bc27f8627eba80d48707a49d4,,<scratch>/census/option2/pca/tv/PC11_PCA-TV-2720.xlsx
PCA-TV unit No_HH (prior weights),PC11_PCA-TV-2721,"PCA TV: Primary census abstract at town, village and ward level, Maharashtra - District Thane - 2011",https://censusindia.gov.in/nada/index.php/catalog/6708,https://censusindia.gov.in/nada/index.php/catalog/6708/download/9785,PC11_PCA-TV-2721.xlsx,1366076,30c08b5f5686962847b9f52a11dff6be922fb4d4da8926c0b3ee4cc90c8a5fde,,<scratch>/census/option2/pca/tv/PC11_PCA-TV-2721.xlsx
PCA-TV unit No_HH (prior weights),PC11_PCA-TV-2722,"PCA TV: Primary census abstract at town, village and ward level, Maharashtra - District Mumbai Suburban - 2011",https://censusindia.gov.in/nada/index.php/catalog/6709,https://censusindia.gov.in/nada/index.php/catalog/6709/download/9786,PC11_PCA-TV-2722.xlsx,50832,4bee46e9b2086a78b6c1faefac96fbdd181d2e5f11b6eeea6a0535212fadf641,,<scratch>/census/option2/pca/tv/PC11_PCA-TV-2722.xlsx
PCA-TV unit No_HH (prior weights),PC11_PCA-TV-2723,"PCA TV: Primary census abstract at town, village and ward level, Maharashtra - District Mumbai - 2011",https://censusindia.gov.in/nada/index.php/catalog/6710,https://censusindia.gov.in/nada/index.php/catalog/6710/download/9787,PC11_PCA-TV-2723.xlsx,39531,56e378aeda1353b23482945b38e4707e21741ab9ae990f30be7bc4fdf19e7ba1,,<scratch>/census/option2/pca/tv/PC11_PCA-TV-2723.xlsx
PCA-TV unit No_HH (prior weights),PC11_PCA-TV-2724,"PCA TV: Primary census abstract at town, village and ward level, Maharashtra - District Raigarh - 2011",https://censusindia.gov.in/nada/index.php/catalog/6711,https://censusindia.gov.in/nada/index.php/catalog/6711/download/9788,PC11_PCA-TV-2724.xlsx,1092951,7061f588a5eda42aee5bb7395c29809770126e044892e9296e421147fc649d47,,<scratch>/census/option2/pca/tv/PC11_PCA-TV-2724.xlsx
PCA-TV unit No_HH (prior weights),PC11_PCA-TV-2725,"PCA TV: Primary census abstract at town, village and ward level, Maharashtra - District Pune - 2011",https://censusindia.gov.in/nada/index.php/catalog/6712,https://censusindia.gov.in/nada/index.php/catalog/6712/download/9789,PC11_PCA-TV-2725.xlsx,1234720,04916943f8c0cd42c6d6802b852dbdd7022323f267cca478d16da55dc9bb6036,,<scratch>/census/option2/pca/tv/PC11_PCA-TV-2725.xlsx
PCA-TV unit No_HH (prior weights),PC11_PCA-TV-2726,"PCA TV: Primary census abstract at town, village and ward level, Maharashtra - District Ahmadnagar - 2011",https://censusindia.gov.in/nada/index.php/catalog/6713,https://censusindia.gov.in/nada/index.php/catalog/6713/download/9790,PC11_PCA-TV-2726.xlsx,974166,0678827ae95cff1302928f882f5ec313121ff0bd7aa814922319bc51ac505ace,,<scratch>/census/option2/pca/tv/PC11_PCA-TV-2726.xlsx
PCA-TV unit No_HH (prior weights),PC11_PCA-TV-2727,"PCA TV: Primary census abstract at town, village and ward level, Maharashtra - District Bid - 2011",https://censusindia.gov.in/nada/index.php/catalog/6714,https://censusindia.gov.in/nada/index.php/catalog/6714/download/9791,PC11_PCA-TV-2727.xlsx,786118,d2a8eb662ac2f858f590b1960177451dd78549eba457e6a29a8c1441ed8d70ed,,<scratch>/census/option2/pca/tv/PC11_PCA-TV-2727.xlsx
PCA-TV unit No_HH (prior weights),PC11_PCA-TV-2728,"PCA TV: Primary census abstract at town, village and ward level, Maharashtra - District Latur - 2011",https://censusindia.gov.in/nada/index.php/catalog/6715,https://censusindia.gov.in/nada/index.php/catalog/6715/download/9792,PC11_PCA-TV-2728.xlsx,573710,c74372a872979fe427500b72c6c5c7a56d56d014fe82d3080ecc263db3cc5b94,,<scratch>/census/option2/pca/tv/PC11_PCA-TV-2728.xlsx
PCA-TV unit No_HH (prior weights),PC11_PCA-TV-2729,"PCA TV: Primary census abstract at town, village and ward level, Maharashtra - District Osmanabad - 2011",https://censusindia.gov.in/nada/index.php/catalog/6716,https://censusindia.gov.in/nada/index.php/catalog/6716/download/9793,PC11_PCA-TV-2729.xlsx,466321,85d0f54b7d81f238b14921a6c0d21e9b706f3c8c857ef50eaf7ccf9825d9b539,,<scratch>/census/option2/pca/tv/PC11_PCA-TV-2729.xlsx
PCA-TV unit No_HH (prior weights),PC11_PCA-TV-2730,"PCA TV: Primary census abstract at town, village and ward level, Maharashtra - District Solapur - 2011",https://censusindia.gov.in/nada/index.php/catalog/6717,https://censusindia.gov.in/nada/index.php/catalog/6717/download/9794,PC11_PCA-TV-2730.xlsx,768280,1bddd6a1224c4d9dc824c553e4d8ebc10fbb6b58fd69edb114e4093ec44fa5f9,,<scratch>/census/option2/pca/tv/PC11_PCA-TV-2730.xlsx
PCA-TV unit No_HH (prior weights),PC11_PCA-TV-2731,"PCA TV: Primary census abstract at town, village and ward level, Maharashtra - District Satara - 2011",https://censusindia.gov.in/nada/index.php/catalog/6718,https://censusindia.gov.in/nada/index.php/catalog/6718/download/9795,PC11_PCA-TV-2731.xlsx,991001,b6b70972a08f0a29ff18a70fbb0f6c179a001935ee95d80a37a3324d1f900977,,<scratch>/census/option2/pca/tv/PC11_PCA-TV-2731.xlsx
PCA-TV unit No_HH (prior weights),PC11_PCA-TV-2732,"PCA TV: Primary census abstract at town, village and ward level, Maharashtra - District Ratnagiri - 2011",https://censusindia.gov.in/nada/index.php/catalog/6719,https://censusindia.gov.in/nada/index.php/catalog/6719/download/9796,PC11_PCA-TV-2732.xlsx,824429,2a05dc478f67d31b3e679ccad835c72a99845a6dbe5bf80f60ebabc761386eaa,,<scratch>/census/option2/pca/tv/PC11_PCA-TV-2732.xlsx
PCA-TV unit No_HH (prior weights),PC11_PCA-TV-2733,"PCA TV: Primary census abstract at town, village and ward level, Maharashtra - District Sindhudurg - 2011",https://censusindia.gov.in/nada/index.php/catalog/6720,https://censusindia.gov.in/nada/index.php/catalog/6720/download/9797,PC11_PCA-TV-2733.xlsx,428726,495c93fd629d9216a2f2532a7bfff154551d2ff728ef0765cd1dc0922aae98da,,<scratch>/census/option2/pca/tv/PC11_PCA-TV-2733.xlsx
PCA-TV unit No_HH (prior weights),PC11_PCA-TV-2734,"PCA TV: Primary census abstract at town, village and ward level, Maharashtra - District Kolhapur - 2011",https://censusindia.gov.in/nada/index.php/catalog/6721,https://censusindia.gov.in/nada/index.php/catalog/6721/download/9798,PC11_PCA-TV-2734.xlsx,778100,714fd789d914c8bb008d423a4dc574b77412be8438cbd7bd9d142821110b77fe,,<scratch>/census/option2/pca/tv/PC11_PCA-TV-2734.xlsx
PCA-TV unit No_HH (prior weights),PC11_PCA-TV-2735,"PCA TV: Primary census abstract at town, village and ward level, Maharashtra - District Sangli - 2011",https://censusindia.gov.in/nada/index.php/catalog/6722,https://censusindia.gov.in/nada/index.php/catalog/6722/download/9799,PC11_PCA-TV-2735.xlsx,484628,3713bab8f23bbfbda0752024013ca5002db82494b2d5c90ff984f860bd881521,,<scratch>/census/option2/pca/tv/PC11_PCA-TV-2735.xlsx
PCA-TV unit No_HH (prior weights),PC11_PCA-TV-2801,"PCA TV: Primary census abstract at town, village and ward level, Andhra Pradesh - District Adilabad - 2011",https://censusindia.gov.in/nada/index.php/catalog/6723,https://censusindia.gov.in/nada/index.php/catalog/6723/download/9800,PC11_PCA-TV-2801.xlsx,988904,70a0497c29ee594e32b156f179b1e44494c48fbd325bd0e26fb0f7d2fc29b520,,<scratch>/census/option2/pca/tv/PC11_PCA-TV-2801.xlsx
PCA-TV unit No_HH (prior weights),PC11_PCA-TV-2802,"PCA TV: Primary census abstract at town, village and ward level, Andhra Pradesh - District Nizamabad - 2011",https://censusindia.gov.in/nada/index.php/catalog/6724,https://censusindia.gov.in/nada/index.php/catalog/6724/download/9801,PC11_PCA-TV-2802.xlsx,566337,c45e7e3b2839c0fa8aa23723eca0bf380d535646ba39504c981bdbccf744b149,,<scratch>/census/option2/pca/tv/PC11_PCA-TV-2802.xlsx
PCA-TV unit No_HH (prior weights),PC11_PCA-TV-2803,"PCA TV: Primary census abstract at town, village and ward level, Andhra Pradesh - District Karimnagar - 2011",https://censusindia.gov.in/nada/index.php/catalog/6725,https://censusindia.gov.in/nada/index.php/catalog/6725/download/9802,PC11_PCA-TV-2803.xlsx,704075,16e96836c98cfcd37df39b4fcbc49227234bf5f4b193a2e70327aa23acbc83ad,,<scratch>/census/option2/pca/tv/PC11_PCA-TV-2803.xlsx
PCA-TV unit No_HH (prior weights),PC11_PCA-TV-2804,"PCA TV: Primary census abstract at town, village and ward level, Andhra Pradesh - District Medak - 2011",https://censusindia.gov.in/nada/index.php/catalog/6726,https://censusindia.gov.in/nada/index.php/catalog/6726/download/9803,PC11_PCA-TV-2804.xlsx,751313,38a547b179d73f7436fb976e3a7a3268a72ef3397ba608193e15645f459bb04c,,<scratch>/census/option2/pca/tv/PC11_PCA-TV-2804.xlsx
PCA-TV unit No_HH (prior weights),PC11_PCA-TV-2805,"PCA TV: Primary census abstract at town, village and ward level, Andhra Pradesh - District Hyderabad - 2011",https://censusindia.gov.in/nada/index.php/catalog/6727,https://censusindia.gov.in/nada/index.php/catalog/6727/download/9804,PC11_PCA-TV-2805.xlsx,113565,f99582b918db23919a2a21f79594cbdee490e146fc30a30f66ff15cd2e6e4147,,<scratch>/census/option2/pca/tv/PC11_PCA-TV-2805.xlsx
PCA-TV unit No_HH (prior weights),PC11_PCA-TV-2806,"PCA TV: Primary census abstract at town, village and ward level, Andhra Pradesh - District Rangareddy - 2011",https://censusindia.gov.in/nada/index.php/catalog/6728,https://censusindia.gov.in/nada/index.php/catalog/6728/download/9805,PC11_PCA-TV-2806.xlsx,597621,bf2e53b350d335da86cdd34e1add3c69646bc69f26aedf752ae897e62746c1f1,,<scratch>/census/option2/pca/tv/PC11_PCA-TV-2806.xlsx
PCA-TV unit No_HH (prior weights),PC11_PCA-TV-2807,"PCA TV: Primary census abstract at town, village and ward level, Andhra Pradesh - District Mahbubnagar - 2011",https://censusindia.gov.in/nada/index.php/catalog/6729,https://censusindia.gov.in/nada/index.php/catalog/6729/download/9806,PC11_PCA-TV-2807.xlsx,926924,683e056c93ec5f00a2abcfcca303ec9ad8c1ccfd90e7d1a5e9f238a7dbcddac4,,<scratch>/census/option2/pca/tv/PC11_PCA-TV-2807.xlsx
PCA-TV unit No_HH (prior weights),PC11_PCA-TV-2808,"PCA TV: Primary census abstract at town, village and ward level, Andhra Pradesh - District Nalgonda - 2011",https://censusindia.gov.in/nada/index.php/catalog/6730,https://censusindia.gov.in/nada/index.php/catalog/6730/download/9807,PC11_PCA-TV-2808.xlsx,723899,9402dec069b5889e6a0ee6d05f29aa42b101308ccbd95f1e241d574b25427bae,,<scratch>/census/option2/pca/tv/PC11_PCA-TV-2808.xlsx
PCA-TV unit No_HH (prior weights),PC11_PCA-TV-2809,"PCA TV: Primary census abstract at town, village and ward level, Andhra Pradesh - District Warangal - 2011",https://censusindia.gov.in/nada/index.php/catalog/6731,https://censusindia.gov.in/nada/index.php/catalog/6731/download/9808,PC11_PCA-TV-2809.xlsx,652578,319395d2d2d4a7d54c24cfc9093e3219567d0eb93340e444503233d10677a796,,<scratch>/census/option2/pca/tv/PC11_PCA-TV-2809.xlsx
PCA-TV unit No_HH (prior weights),PC11_PCA-TV-2810,"PCA TV: Primary census abstract at town, village and ward level, Andhra Pradesh - District Khammam - 2011",https://censusindia.gov.in/nada/index.php/catalog/6732,https://censusindia.gov.in/nada/index.php/catalog/6732/download/9809,PC11_PCA-TV-2810.xlsx,734015,e941e349b04e54fb8fcfdf4c89a6f2e4a745b2aa7dee99d6204cfb6d014cea5d,,<scratch>/census/option2/pca/tv/PC11_PCA-TV-2810.xlsx
PCA-TV unit No_HH (prior weights),PC11_PCA-TV-2811,"PCA TV: Primary census abstract at town, village and ward level, Andhra Pradesh - District Srikakulam - 2011",https://censusindia.gov.in/nada/index.php/catalog/6733,https://censusindia.gov.in/nada/index.php/catalog/6733/download/9810,PC11_PCA-TV-2811.xlsx,1002146,1c288269fdc3cdb184b980a940aa8136cca5ef2436e808e80b52fdb3b67584dd,,<scratch>/census/option2/pca/tv/PC11_PCA-TV-2811.xlsx
PCA-TV unit No_HH (prior weights),PC11_PCA-TV-2812,"PCA TV: Primary census abstract at town, village and ward level, Andhra Pradesh - District Vizianagaram - 2011",https://censusindia.gov.in/nada/index.php/catalog/6734,https://censusindia.gov.in/nada/index.php/catalog/6734/download/9811,PC11_PCA-TV-2812.xlsx,869824,31c942afc20fec1a3aa70c529a6fb43ffbe3ce939e8ae15fa4540250709b9f23,,<scratch>/census/option2/pca/tv/PC11_PCA-TV-2812.xlsx
PCA-TV unit No_HH (prior weights),PC11_PCA-TV-2813,"PCA TV: Primary census abstract at town, village and ward level, Andhra Pradesh - District Visakhapatnam - 2011",https://censusindia.gov.in/nada/index.php/catalog/6735,https://censusindia.gov.in/nada/index.php/catalog/6735/download/9812,PC11_PCA-TV-2813.xlsx,1655110,bf8f3a824db52c21bab6a511871a937106af0c660351eab16fb8794668aa0585,,<scratch>/census/option2/pca/tv/PC11_PCA-TV-2813.xlsx
PCA-TV unit No_HH (prior weights),PC11_PCA-TV-2814,"PCA TV: Primary census abstract at town, village and ward level, Andhra Pradesh - District East Godavari - 2011",https://censusindia.gov.in/nada/index.php/catalog/6736,https://censusindia.gov.in/nada/index.php/catalog/6736/download/9813,PC11_PCA-TV-2814.xlsx,940560,7655b1fdbde88fbfaa3ed0b75b86f5e7c8e5999838be045fdd15f3228afd73a5,,<scratch>/census/option2/pca/tv/PC11_PCA-TV-2814.xlsx
PCA-TV unit No_HH (prior weights),PC11_PCA-TV-2815,"PCA TV: Primary census abstract at town, village and ward level, Andhra Pradesh - District West Godavari - 2011",https://censusindia.gov.in/nada/index.php/catalog/6737,https://censusindia.gov.in/nada/index.php/catalog/6737/download/9814,PC11_PCA-TV-2815.xlsx,642540,ea74e46a76ade14c503e1434ed6043a87c9cfadd4697895c8967b41fc5dae29c,,<scratch>/census/option2/pca/tv/PC11_PCA-TV-2815.xlsx
PCA-TV unit No_HH (prior weights),PC11_PCA-TV-2816,"PCA TV: Primary census abstract at town, village and ward level, Andhra Pradesh - District Krishna - 2011",https://censusindia.gov.in/nada/index.php/catalog/6738,https://censusindia.gov.in/nada/index.php/catalog/6738/download/9815,PC11_PCA-TV-2816.xlsx,691766,08ad2d57b0b7dfab82ec3456bc960bc5c342217c6c5c47c7e039c225e5ca6b63,,<scratch>/census/option2/pca/tv/PC11_PCA-TV-2816.xlsx
PCA-TV unit No_HH (prior weights),PC11_PCA-TV-2817,"PCA TV: Primary census abstract at town, village and ward level, Andhra Pradesh - District Guntur - 2011",https://censusindia.gov.in/nada/index.php/catalog/6739,https://censusindia.gov.in/nada/index.php/catalog/6739/download/9816,PC11_PCA-TV-2817.xlsx,621530,0f8796a5ae061b69a29183fb0cca65bf071c361246fbd5e17476321ad489b60d,,<scratch>/census/option2/pca/tv/PC11_PCA-TV-2817.xlsx
PCA-TV unit No_HH (prior weights),PC11_PCA-TV-2818,"PCA TV: Primary census abstract at town, village and ward level, Andhra Pradesh - District Prakasam - 2011",https://censusindia.gov.in/nada/index.php/catalog/6740,https://censusindia.gov.in/nada/index.php/catalog/6740/download/9817,PC11_PCA-TV-2818.xlsx,705489,82c130bfb229e3cd8571fb7b72450a2727d0414baf9fc55df70589da7976b355,,<scratch>/census/option2/pca/tv/PC11_PCA-TV-2818.xlsx
PCA-TV unit No_HH (prior weights),PC11_PCA-TV-2819,"PCA TV: Primary census abstract at town, village and ward level, Andhra Pradesh - District Sri Potti Sriramulu Nellore - 2011",https://censusindia.gov.in/nada/index.php/catalog/6741,https://censusindia.gov.in/nada/index.php/catalog/6741/download/9818,PC11_PCA-TV-2819.xlsx,717055,331ec7e9dc02976287f4738e1c53176dcd1428de21f9d4033887f014d501d913,,<scratch>/census/option2/pca/tv/PC11_PCA-TV-2819.xlsx
PCA-TV unit No_HH (prior weights),PC11_PCA-TV-2820,"PCA TV: Primary census abstract at town, village and ward level, Andhra Pradesh - District Y.S.R. - 2011",https://censusindia.gov.in/nada/index.php/catalog/6742,https://censusindia.gov.in/nada/index.php/catalog/6742/download/9819,PC11_PCA-TV-2820.xlsx,696528,66b1edc55c00b824f369b6972c469f038b8c31bded4fe6ad3684612b04c1ad47,,<scratch>/census/option2/pca/tv/PC11_PCA-TV-2820.xlsx
PCA-TV unit No_HH (prior weights),PC11_PCA-TV-2821,"PCA TV: Primary census abstract at town, village and ward level, Andhra Pradesh - District Kurnool - 2011",https://censusindia.gov.in/nada/index.php/catalog/6743,https://censusindia.gov.in/nada/index.php/catalog/6743/download/9820,PC11_PCA-TV-2821.xlsx,660417,f456eb1213746f388164c15a0ecc25e3d96d23dd9c411bccb580d5532c6a19b8,,<scratch>/census/option2/pca/tv/PC11_PCA-TV-2821.xlsx
PCA-TV unit No_HH (prior weights),PC11_PCA-TV-2822,"PCA TV: Primary census abstract at town, village and ward level, Andhra Pradesh - District Anantapur - 2011",https://censusindia.gov.in/nada/index.php/catalog/6744,https://censusindia.gov.in/nada/index.php/catalog/6744/download/9821,PC11_PCA-TV-2822.xlsx,691802,7eb5e4c233cd73a5bb7a27f61c28915a07ad9dd2c8efb8183ba0e028d3676514,,<scratch>/census/option2/pca/tv/PC11_PCA-TV-2822.xlsx
PCA-TV unit No_HH (prior weights),PC11_PCA-TV-2823,"PCA TV: Primary census abstract at town, village and ward level, Andhra Pradesh - District Chittoor - 2011",https://censusindia.gov.in/nada/index.php/catalog/6745,https://censusindia.gov.in/nada/index.php/catalog/6745/download/9822,PC11_PCA-TV-2823.xlsx,981152,da60fd9e3230e93c23828bc0249f6d15bffb296d5b0d8e9abdd25835e4c12752,,<scratch>/census/option2/pca/tv/PC11_PCA-TV-2823.xlsx
PCA-TV unit No_HH (prior weights),PC11_PCA-TV-2901,"PCA TV: Primary census abstract at town, village and ward level, Karnataka - District Belgaum - 2011",https://censusindia.gov.in/nada/index.php/catalog/6746,https://censusindia.gov.in/nada/index.php/catalog/6746/download/9823,PC11_PCA-TV-2901.xlsx,905409,60a9cbdd0379d3423ca47f863ebc7c71eaea8c131cf0e27b63d50a43148b5e7a,,<scratch>/census/option2/pca/tv/PC11_PCA-TV-2901.xlsx
PCA-TV unit No_HH (prior weights),PC11_PCA-TV-2902,"PCA TV: Primary census abstract at town, village and ward level, Karnataka - District Bagalkot - 2011",https://censusindia.gov.in/nada/index.php/catalog/6747,https://censusindia.gov.in/nada/index.php/catalog/6747/download/9824,PC11_PCA-TV-2902.xlsx,486181,84ff8c936f8a6f04255fd5e35583a0df498e6cfca021ff7fb08ef7a9c536d684,,<scratch>/census/option2/pca/tv/PC11_PCA-TV-2902.xlsx
PCA-TV unit No_HH (prior weights),PC11_PCA-TV-2903,"PCA TV: Primary census abstract at town, village and ward level, Karnataka - District Bijapur - 2011",https://censusindia.gov.in/nada/index.php/catalog/6748,https://censusindia.gov.in/nada/index.php/catalog/6748/download/9825,PC11_PCA-TV-2903.xlsx,447170,9b7e9b5ceb8c0f4022e18e0263a474240537e4a6bdaf04bdc9e1c3749df06d09,,<scratch>/census/option2/pca/tv/PC11_PCA-TV-2903.xlsx
PCA-TV unit No_HH (prior weights),PC11_PCA-TV-2904,"PCA TV: Primary census abstract at town, village and ward level, Karnataka - District Bidar - 2011",https://censusindia.gov.in/nada/index.php/catalog/6749,https://censusindia.gov.in/nada/index.php/catalog/6749/download/9826,PC11_PCA-TV-2904.xlsx,413972,3984c85b21e157d5f15e3baabeb48a02cecb3941f65e66bad92a3013ea2eaa5f,,<scratch>/census/option2/pca/tv/PC11_PCA-TV-2904.xlsx
PCA-TV unit No_HH (prior weights),PC11_PCA-TV-2905,"PCA TV: Primary census abstract at town, village and ward level, Karnataka - District Raichur - 2011",https://censusindia.gov.in/nada/index.php/catalog/6750,https://censusindia.gov.in/nada/index.php/catalog/6750/download/9827,PC11_PCA-TV-2905.xlsx,534605,037118ca6edbd7c4cd93e99e098a1c1fadfe43480ef9cec70dc4595f52ee9efb,,<scratch>/census/option2/pca/tv/PC11_PCA-TV-2905.xlsx
PCA-TV unit No_HH (prior weights),PC11_PCA-TV-2906,"PCA TV: Primary census abstract at town, village and ward level, Karnataka - District Koppal - 2011",https://censusindia.gov.in/nada/index.php/catalog/6751,https://censusindia.gov.in/nada/index.php/catalog/6751/download/9828,PC11_PCA-TV-2906.xlsx,382503,46b4e12a859d7d6c8f7aa1f1866051384bcf815a038881ebbb2d21402f93d1d7,,<scratch>/census/option2/pca/tv/PC11_PCA-TV-2906.xlsx
PCA-TV unit No_HH (prior weights),PC11_PCA-TV-2907,"PCA TV: Primary census abstract at town, village and ward level, Karnataka - District Gadag - 2011",https://censusindia.gov.in/nada/index.php/catalog/6752,https://censusindia.gov.in/nada/index.php/catalog/6752/download/9829,PC11_PCA-TV-2907.xlsx,292981,1749bed43c949cdacfead712a966a5bf6df74a6bd50210fa2c82851ef69cc057,,<scratch>/census/option2/pca/tv/PC11_PCA-TV-2907.xlsx
PCA-TV unit No_HH (prior weights),PC11_PCA-TV-2908,"PCA TV: Primary census abstract at town, village and ward level, Karnataka - District Dharwad - 2011",https://censusindia.gov.in/nada/index.php/catalog/6753,https://censusindia.gov.in/nada/index.php/catalog/6753/download/9830,PC11_PCA-TV-2908.xlsx,292772,176b1284e08ff7cb59793ba68d0405ddf47f7f768c1ec1a3c506d4ad385dad0b,,<scratch>/census/option2/pca/tv/PC11_PCA-TV-2908.xlsx
PCA-TV unit No_HH (prior weights),PC11_PCA-TV-2909,"PCA TV: Primary census abstract at town, village and ward level, Karnataka - District Uttara Kannada - 2011",https://censusindia.gov.in/nada/index.php/catalog/6754,https://censusindia.gov.in/nada/index.php/catalog/6754/download/9831,PC11_PCA-TV-2909.xlsx,760759,fd38ebff747b8f8d7fe5bba0de80c5f4a2c6f21568eba9410c11aeddf491dd33,,<scratch>/census/option2/pca/tv/PC11_PCA-TV-2909.xlsx
PCA-TV unit No_HH (prior weights),PC11_PCA-TV-2910,"PCA TV: Primary census abstract at town, village and ward level, Karnataka - District Haveri - 2011",https://censusindia.gov.in/nada/index.php/catalog/6755,https://censusindia.gov.in/nada/index.php/catalog/6755/download/9832,PC11_PCA-TV-2910.xlsx,470799,3b9d6fa0b2f3aee1b8f9a0b102fb51ccf2fa07714405abb4202cd79bf604e6ad,,<scratch>/census/option2/pca/tv/PC11_PCA-TV-2910.xlsx
PCA-TV unit No_HH (prior weights),PC11_PCA-TV-2911,"PCA TV: Primary census abstract at town, village and ward level, Karnataka - District Bellary - 2011",https://censusindia.gov.in/nada/index.php/catalog/6756,https://censusindia.gov.in/nada/index.php/catalog/6756/download/9833,PC11_PCA-TV-2911.xlsx,433121,c797afd6a5a4fbaac5daa348bf255214966c8b9c964a4620c3f72893d8193281,,<scratch>/census/option2/pca/tv/PC11_PCA-TV-2911.xlsx
PCA-TV unit No_HH (prior weights),PC11_PCA-TV-2912,"PCA TV: Primary census abstract at town, village and ward level, Karnataka - District Chitradurga - 2011",https://censusindia.gov.in/nada/index.php/catalog/6757,https://censusindia.gov.in/nada/index.php/catalog/6757/download/9834,PC11_PCA-TV-2912.xlsx,612774,c3e1700b0f6e66dc54c4e76c7af06fd991faa5c74dcf64bacbd678cc5ccde040,,<scratch>/census/option2/pca/tv/PC11_PCA-TV-2912.xlsx
PCA-TV unit No_HH (prior weights),PC11_PCA-TV-2913,"PCA TV: Primary census abstract at town, village and ward level, Karnataka - District Davanagere - 2011",https://censusindia.gov.in/nada/index.php/catalog/6758,https://censusindia.gov.in/nada/index.php/catalog/6758/download/9835,PC11_PCA-TV-2913.xlsx,545611,1b5e7af3cde9854aef1eaeb4118ed155e2a84648d4eb2e7b4e909a21f1605ffc,,<scratch>/census/option2/pca/tv/PC11_PCA-TV-2913.xlsx
PCA-TV unit No_HH (prior weights),PC11_PCA-TV-2914,"PCA TV: Primary census abstract at town, village and ward level, Karnataka - District Shimoga - 2011",https://censusindia.gov.in/nada/index.php/catalog/6759,https://censusindia.gov.in/nada/index.php/catalog/6759/download/9836,PC11_PCA-TV-2914.xlsx,832375,9c3325b37fb8556ddda69c55d07c4a4729e62d816ac1c57dcc2e4c2136a84fc7,,<scratch>/census/option2/pca/tv/PC11_PCA-TV-2914.xlsx
PCA-TV unit No_HH (prior weights),PC11_PCA-TV-2915,"PCA TV: Primary census abstract at town, village and ward level, Karnataka - District Udupi - 2011",https://censusindia.gov.in/nada/index.php/catalog/6760,https://censusindia.gov.in/nada/index.php/catalog/6760/download/9837,PC11_PCA-TV-2915.xlsx,207680,955df1a0efef59d438ca0858fe2b9ef069d2c7752cbfc7767fbfa846b82923ad,,<scratch>/census/option2/pca/tv/PC11_PCA-TV-2915.xlsx
PCA-TV unit No_HH (prior weights),PC11_PCA-TV-2916,"PCA TV: Primary census abstract at town, village and ward level, Karnataka - District Chikmagalur - 2011",https://censusindia.gov.in/nada/index.php/catalog/6761,https://censusindia.gov.in/nada/index.php/catalog/6761/download/9838,PC11_PCA-TV-2916.xlsx,614558,87d1297bc654ee7b765278812cc2252bad5cb834efb5fcaf9105c8346d94561d,,<scratch>/census/option2/pca/tv/PC11_PCA-TV-2916.xlsx
PCA-TV unit No_HH (prior weights),PC11_PCA-TV-2917,"PCA TV: Primary census abstract at town, village and ward level, Karnataka - District Tumkur - 2011",https://censusindia.gov.in/nada/index.php/catalog/6762,https://censusindia.gov.in/nada/index.php/catalog/6762/download/9839,PC11_PCA-TV-2917.xlsx,1431729,7ea0e8be1c1a9ee856f26cdc8176fc9fa2b0bae190342b45c6f6514bf9b593f8,,<scratch>/census/option2/pca/tv/PC11_PCA-TV-2917.xlsx
PCA-TV unit No_HH (prior weights),PC11_PCA-TV-2918,"PCA TV: Primary census abstract at town, village and ward level, Karnataka - District Bangalore - 2011",https://censusindia.gov.in/nada/index.php/catalog/6763,https://censusindia.gov.in/nada/index.php/catalog/6763/download/9840,PC11_PCA-TV-2918.xlsx,451312,4bc9e8bf9a44f895ee34e8d69efb25085409675428f22bd69ab6fedff969034c,,<scratch>/census/option2/pca/tv/PC11_PCA-TV-2918.xlsx
PCA-TV unit No_HH (prior weights),PC11_PCA-TV-2919,"PCA TV: Primary census abstract at town, village and ward level, Karnataka - District Mandya - 2011",https://censusindia.gov.in/nada/index.php/catalog/6764,https://censusindia.gov.in/nada/index.php/catalog/6764/download/9841,PC11_PCA-TV-2919.xlsx,801591,0bfebd05d62b9c0775fda6ec0aebc20cb35a3325b1d229eaa62a180eafc7b8d9,,<scratch>/census/option2/pca/tv/PC11_PCA-TV-2919.xlsx
PCA-TV unit No_HH (prior weights),PC11_PCA-TV-2920,"PCA TV: Primary census abstract at town, village and ward level, Karnataka - District Hassan - 2011",https://censusindia.gov.in/nada/index.php/catalog/6765,https://censusindia.gov.in/nada/index.php/catalog/6765/download/9842,PC11_PCA-TV-2920.xlsx,1297992,50b3ce77634842b619040b5c552828e6aa031697e34b29a968ea5f407a532613,,<scratch>/census/option2/pca/tv/PC11_PCA-TV-2920.xlsx
PCA-TV unit No_HH (prior weights),PC11_PCA-TV-2921,"PCA TV: Primary census abstract at town, village and ward level, Karnataka - District Dakshina Kannada - 2011",https://censusindia.gov.in/nada/index.php/catalog/6766,https://censusindia.gov.in/nada/index.php/catalog/6766/download/9843,PC11_PCA-TV-2921.xlsx,330800,02ef7684f657e584b0519f7192166e0d029921972a1db750adadb9266278a68e,,<scratch>/census/option2/pca/tv/PC11_PCA-TV-2921.xlsx
PCA-TV unit No_HH (prior weights),PC11_PCA-TV-2922,"PCA TV: Primary census abstract at town, village and ward level, Karnataka - District Kodagu - 2011",https://censusindia.gov.in/nada/index.php/catalog/6767,https://censusindia.gov.in/nada/index.php/catalog/6767/download/9844,PC11_PCA-TV-2922.xlsx,195965,5194ae6ec383a590c0cacf02daf6556dc37c63257f2d9e3fd1421caa4eb391aa,,<scratch>/census/option2/pca/tv/PC11_PCA-TV-2922.xlsx
PCA-TV unit No_HH (prior weights),PC11_PCA-TV-2923,"PCA TV: Primary census abstract at town, village and ward level, Karnataka - District Mysore - 2011",https://censusindia.gov.in/nada/index.php/catalog/6768,https://censusindia.gov.in/nada/index.php/catalog/6768/download/9845,PC11_PCA-TV-2923.xlsx,789063,922cb937a5292e5d627b3ac8b8b18501cc93eee957515ce904cf04a73b8bbaea,,<scratch>/census/option2/pca/tv/PC11_PCA-TV-2923.xlsx
PCA-TV unit No_HH (prior weights),PC11_PCA-TV-2924,"PCA TV: Primary census abstract at town, village and ward level, Karnataka - District Chamarajanagar - 2011",https://censusindia.gov.in/nada/index.php/catalog/6769,https://censusindia.gov.in/nada/index.php/catalog/6769/download/9846,PC11_PCA-TV-2924.xlsx,314395,8cd568c51debf47716adf05b57ac36dd69b884206817c74bd38bf3dfe0d026eb,,<scratch>/census/option2/pca/tv/PC11_PCA-TV-2924.xlsx
PCA-TV unit No_HH (prior weights),PC11_PCA-TV-2925,"PCA TV: Primary census abstract at town, village and ward level, Karnataka - District Gulbarga - 2011",https://censusindia.gov.in/nada/index.php/catalog/6770,https://censusindia.gov.in/nada/index.php/catalog/6770/download/9847,PC11_PCA-TV-2925.xlsx,609267,a904138fa27dbdfa8648cd57d8fcf3f567f15f4fd86734d0e42a101bdc15aa10,,<scratch>/census/option2/pca/tv/PC11_PCA-TV-2925.xlsx
PCA-TV unit No_HH (prior weights),PC11_PCA-TV-2926,"PCA TV: Primary census abstract at town, village and ward level, Karnataka - District Yadgir - 2011",https://censusindia.gov.in/nada/index.php/catalog/6771,https://censusindia.gov.in/nada/index.php/catalog/6771/download/9848,PC11_PCA-TV-2926.xlsx,326050,3e34b8076f2e6acb22c31a09f91c5d517c7b828ce5c7f412cf4be2c0c78ef849,,<scratch>/census/option2/pca/tv/PC11_PCA-TV-2926.xlsx
PCA-TV unit No_HH (prior weights),PC11_PCA-TV-2927,"PCA TV: Primary census abstract at town, village and ward level, Karnataka - District Kolar - 2011",https://censusindia.gov.in/nada/index.php/catalog/6772,https://censusindia.gov.in/nada/index.php/catalog/6772/download/9849,PC11_PCA-TV-2927.xlsx,940853,b06a220a78577f43421341d502e67fc0034bc0d1257eb4427b66db32b95fc175,,<scratch>/census/option2/pca/tv/PC11_PCA-TV-2927.xlsx
PCA-TV unit No_HH (prior weights),PC11_PCA-TV-2928,"PCA TV: Primary census abstract at town, village and ward level, Karnataka - District Chikkaballapura - 2011",https://censusindia.gov.in/nada/index.php/catalog/6773,https://censusindia.gov.in/nada/index.php/catalog/6773/download/9850,PC11_PCA-TV-2928.xlsx,794645,7cee98fdd6427cbece4788b24ca12b08eb2c8885acefea2d0dd682025af742bd,,<scratch>/census/option2/pca/tv/PC11_PCA-TV-2928.xlsx
PCA-TV unit No_HH (prior weights),PC11_PCA-TV-2929,"PCA TV: Primary census abstract at town, village and ward level, Karnataka - District Bangalore Rural - 2011",https://censusindia.gov.in/nada/index.php/catalog/6774,https://censusindia.gov.in/nada/index.php/catalog/6774/download/9851,PC11_PCA-TV-2929.xlsx,569174,251b0e6dea177c9fe640e3ed1f594f7cb4258a4fb01a457c710ee1cdd54f731b,,<scratch>/census/option2/pca/tv/PC11_PCA-TV-2929.xlsx
PCA-TV unit No_HH (prior weights),PC11_PCA-TV-2930,"PCA TV: Primary census abstract at town, village and ward level, Karnataka - District Ramanagara - 2011",https://censusindia.gov.in/nada/index.php/catalog/6775,https://censusindia.gov.in/nada/index.php/catalog/6775/download/9852,PC11_PCA-TV-2930.xlsx,495599,e8acb0269278261a9eab964ef3ccb5050206eb959c126a702c276f35828c5de0,,<scratch>/census/option2/pca/tv/PC11_PCA-TV-2930.xlsx
PCA-TV unit No_HH (prior weights),PC11_PCA-TV-3001,"PCA TV: Primary census abstract at town, village and ward level, Goa - District North Goa - 2011",https://censusindia.gov.in/nada/index.php/catalog/6776,https://censusindia.gov.in/nada/index.php/catalog/6776/download/9853,PC11_PCA-TV-3001.xlsx,215804,2983122e73fca540e9c65057a9f7fbc9fdaa8848761315818a37f5f0fea45763,,<scratch>/census/option2/pca/tv/PC11_PCA-TV-3001.xlsx
PCA-TV unit No_HH (prior weights),PC11_PCA-TV-3002,"PCA TV: Primary census abstract at town, village and ward level, Goa - District South Goa - 2011",https://censusindia.gov.in/nada/index.php/catalog/6777,https://censusindia.gov.in/nada/index.php/catalog/6777/download/9854,PC11_PCA-TV-3002.xlsx,157603,88f9b65cac5c74242d275f3ae8d5f567e1ba22d0aa9f84e29e3e629bad9ca3d6,,<scratch>/census/option2/pca/tv/PC11_PCA-TV-3002.xlsx
PCA-TV unit No_HH (prior weights),PC11_PCA-TV-3101,"PCA TV: Primary census abstract at town, village and ward level, Lakshadweep - District Lakshadweep - 2011",https://censusindia.gov.in/nada/index.php/catalog/6778,https://censusindia.gov.in/nada/index.php/catalog/6778/download/9855,PC11_PCA-TV-3101.xlsx,40459,298f1a9a9a2516341ced8f9f1da94cfb2f3da67600a8c9c04885305bef09f424,,<scratch>/census/option2/pca/tv/PC11_PCA-TV-3101.xlsx
PCA-TV unit No_HH (prior weights),PC11_PCA-TV-3201,"PCA TV: Primary census abstract at town, village and ward level, Kerala - District Kasaragod - 2011",https://censusindia.gov.in/nada/index.php/catalog/6779,https://censusindia.gov.in/nada/index.php/catalog/6779/download/9856,PC11_PCA-TV-3201.xlsx,133272,11350d63c3725b2dab91965fce145f66a4e489d01ab0865ce609b57f1da5a29d,,<scratch>/census/option2/pca/tv/PC11_PCA-TV-3201.xlsx
PCA-TV unit No_HH (prior weights),PC11_PCA-TV-3202,"PCA TV: Primary census abstract at town, village and ward level, Kerala - District Kannur - 2011",https://censusindia.gov.in/nada/index.php/catalog/6780,https://censusindia.gov.in/nada/index.php/catalog/6780/download/9857,PC11_PCA-TV-3202.xlsx,227653,40226a716be48a6f5a9e604b26ac257731213ba6042dd2802ece6edaf30b25d0,,<scratch>/census/option2/pca/tv/PC11_PCA-TV-3202.xlsx
PCA-TV unit No_HH (prior weights),PC11_PCA-TV-3203,"PCA TV: Primary census abstract at town, village and ward level, Kerala - District Wayanad - 2011",https://censusindia.gov.in/nada/index.php/catalog/6781,https://censusindia.gov.in/nada/index.php/catalog/6781/download/9858,PC11_PCA-TV-3203.xlsx,60280,900fb5e155514931287bd3ddbfcea7b90fb1e49d6c760afcc73d3edd1df4d1f5,,<scratch>/census/option2/pca/tv/PC11_PCA-TV-3203.xlsx
PCA-TV unit No_HH (prior weights),PC11_PCA-TV-3204,"PCA TV: Primary census abstract at town, village and ward level, Kerala - District Kozhikode - 2011",https://censusindia.gov.in/nada/index.php/catalog/6782,https://censusindia.gov.in/nada/index.php/catalog/6782/download/9859,PC11_PCA-TV-3204.xlsx,172678,1e61dfb3e50a02ee64081e789bf33160000c48a8ae987e5a1956384b21441251,,<scratch>/census/option2/pca/tv/PC11_PCA-TV-3204.xlsx
PCA-TV unit No_HH (prior weights),PC11_PCA-TV-3205,"PCA TV: Primary census abstract at town, village and ward level, Kerala - District Malappuram - 2011",https://censusindia.gov.in/nada/index.php/catalog/6783,https://censusindia.gov.in/nada/index.php/catalog/6783/download/9860,PC11_PCA-TV-3205.xlsx,212241,1fff8112fbbdbeda39aecc0c39b0556ad8ece755e19e99901958d726b3990955,,<scratch>/census/option2/pca/tv/PC11_PCA-TV-3205.xlsx
PCA-TV unit No_HH (prior weights),PC11_PCA-TV-3206,"PCA TV: Primary census abstract at town, village and ward level, Kerala - District Palakkad - 2011",https://censusindia.gov.in/nada/index.php/catalog/6784,https://censusindia.gov.in/nada/index.php/catalog/6784/download/9861,PC11_PCA-TV-3206.xlsx,186248,a3bfaa9f4792beafd2e17e0a650db32d52e4bf00df4598d31414e506e521ca29,,<scratch>/census/option2/pca/tv/PC11_PCA-TV-3206.xlsx
PCA-TV unit No_HH (prior weights),PC11_PCA-TV-3207,"PCA TV: Primary census abstract at town, village and ward level, Kerala - District Thrissur - 2011",https://censusindia.gov.in/nada/index.php/catalog/6785,https://censusindia.gov.in/nada/index.php/catalog/6785/download/9862,PC11_PCA-TV-3207.xlsx,318484,3d5a5fac1532e3fc76afd47c8f184cd839c2c9ecd05b969e6e74a1a24e1c147b,,<scratch>/census/option2/pca/tv/PC11_PCA-TV-3207.xlsx
PCA-TV unit No_HH (prior weights),PC11_PCA-TV-3208,"PCA TV: Primary census abstract at town, village and ward level, Kerala - District Ernakulam - 2011",https://censusindia.gov.in/nada/index.php/catalog/6786,https://censusindia.gov.in/nada/index.php/catalog/6786/download/9863,PC11_PCA-TV-3208.xlsx,265148,c871eb3de23d4b57d8d30ce5d687e7ba0ea821b565f2e0a721721e286dda0644,,<scratch>/census/option2/pca/tv/PC11_PCA-TV-3208.xlsx
PCA-TV unit No_HH (prior weights),PC11_PCA-TV-3209,"PCA TV: Primary census abstract at town, village and ward level, Kerala - District Idukki - 2011",https://censusindia.gov.in/nada/index.php/catalog/6787,https://censusindia.gov.in/nada/index.php/catalog/6787/download/9864,PC11_PCA-TV-3209.xlsx,73749,a9967996704ef4f69326907ca581ba9758af669ded7082b3c614684c157d6d04,,<scratch>/census/option2/pca/tv/PC11_PCA-TV-3209.xlsx
PCA-TV unit No_HH (prior weights),PC11_PCA-TV-3210,"PCA TV: Primary census abstract at town, village and ward level, Kerala - District Kottayam - 2011",https://censusindia.gov.in/nada/index.php/catalog/6788,https://censusindia.gov.in/nada/index.php/catalog/6788/download/9865,PC11_PCA-TV-3210.xlsx,140930,559bd63805c55fc7812875d834b2f32ae086f328428c8ffa9670b327dc151cd1,,<scratch>/census/option2/pca/tv/PC11_PCA-TV-3210.xlsx
PCA-TV unit No_HH (prior weights),PC11_PCA-TV-3211,"PCA TV: Primary census abstract at town, village and ward level, Kerala - District Alappuzha - 2011",https://censusindia.gov.in/nada/index.php/catalog/6789,https://censusindia.gov.in/nada/index.php/catalog/6789/download/9866,PC11_PCA-TV-3211.xlsx,178633,02a26aad396c6d284157810d1724a943c69fc901a78c18d03776d862f1019b35,,<scratch>/census/option2/pca/tv/PC11_PCA-TV-3211.xlsx
PCA-TV unit No_HH (prior weights),PC11_PCA-TV-3212,"PCA TV: Primary census abstract at town, village and ward level, Kerala - District Pathanamthitta - 2011",https://censusindia.gov.in/nada/index.php/catalog/6790,https://censusindia.gov.in/nada/index.php/catalog/6790/download/9867,PC11_PCA-TV-3212.xlsx,105928,21c1b76393f89e1c33ab6da4b088bf8e287b9a8be803734b86cec79485fd5cbe,,<scratch>/census/option2/pca/tv/PC11_PCA-TV-3212.xlsx
PCA-TV unit No_HH (prior weights),PC11_PCA-TV-3213,"PCA TV: Primary census abstract at town, village and ward level, Kerala - District Kollam - 2011",https://censusindia.gov.in/nada/index.php/catalog/6791,https://censusindia.gov.in/nada/index.php/catalog/6791/download/9868,PC11_PCA-TV-3213.xlsx,149731,f0c5563031941cd9c22d0ee08d82d80f3c75157fe09284ca5817d733a8bddb92,,<scratch>/census/option2/pca/tv/PC11_PCA-TV-3213.xlsx
PCA-TV unit No_HH (prior weights),PC11_PCA-TV-3214,"PCA TV: Primary census abstract at town, village and ward level, Kerala - District Thiruvananthapuram - 2011",https://censusindia.gov.in/nada/index.php/catalog/6792,https://censusindia.gov.in/nada/index.php/catalog/6792/download/9869,PC11_PCA-TV-3214.xlsx,205935,0f9ee5a6a17f0ebfd353e721e7377a3f4e72cef244418b0ebd560468b8e296c3,,<scratch>/census/option2/pca/tv/PC11_PCA-TV-3214.xlsx
PCA-TV unit No_HH (prior weights),PC11_PCA-TV-3301,"PCA TV: Primary census abstract at town, village and ward level, Tamil Nadu - District Thiruvallur - 2011",https://censusindia.gov.in/nada/index.php/catalog/6793,https://censusindia.gov.in/nada/index.php/catalog/6793/download/9870,PC11_PCA-TV-3301.xlsx,665986,40bfcf4d4a679184bad29d1048fd1a529ee0fabe5ef1a5599806ef6844ef3694,,<scratch>/census/option2/pca/tv/PC11_PCA-TV-3301.xlsx
PCA-TV unit No_HH (prior weights),PC11_PCA-TV-3302,"PCA TV: Primary census abstract at town, village and ward level, Tamil Nadu - District Chennai - 2011",https://censusindia.gov.in/nada/index.php/catalog/6794,https://censusindia.gov.in/nada/index.php/catalog/6794/download/9871,PC11_PCA-TV-3302.xlsx,102837,1cc08bc5e4615b069fea2dd17a5cd6c1d1854052f25ed75285a055ced7aae3df,,<scratch>/census/option2/pca/tv/PC11_PCA-TV-3302.xlsx
PCA-TV unit No_HH (prior weights),PC11_PCA-TV-3303,"PCA TV: Primary census abstract at town, village and ward level, Tamil Nadu - District Kancheepuram - 2011",https://censusindia.gov.in/nada/index.php/catalog/6795,https://censusindia.gov.in/nada/index.php/catalog/6795/download/9872,PC11_PCA-TV-3303.xlsx,941952,b9fd11e96627578365e5ed15fbeaef9e5b8307a9335d28c140a25bd5565f1eee,,<scratch>/census/option2/pca/tv/PC11_PCA-TV-3303.xlsx
PCA-TV unit No_HH (prior weights),PC11_PCA-TV-3304,"PCA TV: Primary census abstract at town, village and ward level, Tamil Nadu - District Vellore - 2011",https://censusindia.gov.in/nada/index.php/catalog/6796,https://censusindia.gov.in/nada/index.php/catalog/6796/download/9873,PC11_PCA-TV-3304.xlsx,878779,d332f6ca610be430766bd84e40be5e8c71f624618f8583dc024bf7d5e10fc611,,<scratch>/census/option2/pca/tv/PC11_PCA-TV-3304.xlsx
PCA-TV unit No_HH (prior weights),PC11_PCA-TV-3305,"PCA TV: Primary census abstract at town, village and ward level, Tamil Nadu - District Tiruvannamalai - 2011",https://censusindia.gov.in/nada/index.php/catalog/6797,https://censusindia.gov.in/nada/index.php/catalog/6797/download/9874,PC11_PCA-TV-3305.xlsx,717347,28435ec1185242fc82c3872000fe399282a377546274a6c688a01a50990f6aa6,,<scratch>/census/option2/pca/tv/PC11_PCA-TV-3305.xlsx
PCA-TV unit No_HH (prior weights),PC11_PCA-TV-3306,"PCA TV: Primary census abstract at town, village and ward level, Tamil Nadu - District Viluppuram - 2011",https://censusindia.gov.in/nada/index.php/catalog/6798,https://censusindia.gov.in/nada/index.php/catalog/6798/download/9875,PC11_PCA-TV-3306.xlsx,948722,ac2757cfd74c4c78851faea1010a99010fa2fd8f8d16ed4b886e248c033f8650,,<scratch>/census/option2/pca/tv/PC11_PCA-TV-3306.xlsx
PCA-TV unit No_HH (prior weights),PC11_PCA-TV-3307,"PCA TV: Primary census abstract at town, village and ward level, Tamil Nadu - District Salem - 2011",https://censusindia.gov.in/nada/index.php/catalog/6799,https://censusindia.gov.in/nada/index.php/catalog/6799/download/9876,PC11_PCA-TV-3307.xlsx,688201,4c751b4bd08a338112a3e3128609ad45767b4468b56a5967e55b2cff96c39b17,,<scratch>/census/option2/pca/tv/PC11_PCA-TV-3307.xlsx
PCA-TV unit No_HH (prior weights),PC11_PCA-TV-3308,"PCA TV: Primary census abstract at town, village and ward level, Tamil Nadu - District Namakkal - 2011",https://censusindia.gov.in/nada/index.php/catalog/6800,https://censusindia.gov.in/nada/index.php/catalog/6800/download/9877,PC11_PCA-TV-3308.xlsx,437865,711ba5df0ecd0ce5c60a40777ac04e4c5deda39787fc5dd8eae4a81a1b3a0a07,,<scratch>/census/option2/pca/tv/PC11_PCA-TV-3308.xlsx
PCA-TV unit No_HH (prior weights),PC11_PCA-TV-3309,"PCA TV: Primary census abstract at town, village and ward level, Tamil Nadu - District Erode - 2011",https://censusindia.gov.in/nada/index.php/catalog/6801,https://censusindia.gov.in/nada/index.php/catalog/6801/download/9878,PC11_PCA-TV-3309.xlsx,622387,0fe7cd108ce139b5d987abd0dc0946dba67afa19b70225ee45e0a245acbcdf47,,<scratch>/census/option2/pca/tv/PC11_PCA-TV-3309.xlsx
PCA-TV unit No_HH (prior weights),PC11_PCA-TV-3310,"PCA TV: Primary census abstract at town, village and ward level, Tamil Nadu - District The Nilgiris - 2011",https://censusindia.gov.in/nada/index.php/catalog/6802,https://censusindia.gov.in/nada/index.php/catalog/6802/download/9879,PC11_PCA-TV-3310.xlsx,197340,813d3f775b9162363ec4b998c9790c8bdd9b6292a32fd984838f6b0290adba2d,,<scratch>/census/option2/pca/tv/PC11_PCA-TV-3310.xlsx
PCA-TV unit No_HH (prior weights),PC11_PCA-TV-3311,"PCA TV: Primary census abstract at town, village and ward level, Tamil Nadu - District Dindigul - 2011",https://censusindia.gov.in/nada/index.php/catalog/6803,https://censusindia.gov.in/nada/index.php/catalog/6803/download/9880,PC11_PCA-TV-3311.xlsx,462838,e79c7157f98aaef39fbac934b93aa3c2cd76d8ca77c50f09d4f405ef6b3483bb,,<scratch>/census/option2/pca/tv/PC11_PCA-TV-3311.xlsx
PCA-TV unit No_HH (prior weights),PC11_PCA-TV-3312,"PCA TV: Primary census abstract at town, village and ward level, Tamil Nadu - District Karur - 2011",https://censusindia.gov.in/nada/index.php/catalog/6804,https://censusindia.gov.in/nada/index.php/catalog/6804/download/9881,PC11_PCA-TV-3312.xlsx,246764,cf6fb484c1e4f3836aed94fbc5152c397485542eeaee4374ac43aaccbb7f4ca6,,<scratch>/census/option2/pca/tv/PC11_PCA-TV-3312.xlsx
PCA-TV unit No_HH (prior weights),PC11_PCA-TV-3313,"PCA TV: Primary census abstract at town, village and ward level, Tamil Nadu - District Tiruchirappalli - 2011",https://censusindia.gov.in/nada/index.php/catalog/6805,https://censusindia.gov.in/nada/index.php/catalog/6805/download/9882,PC11_PCA-TV-3313.xlsx,477899,0c3904bd64afe38176c7537a59232bd9d9b0147bd4b791d085ddab8bec4d932b,,<scratch>/census/option2/pca/tv/PC11_PCA-TV-3313.xlsx
PCA-TV unit No_HH (prior weights),PC11_PCA-TV-3314,"PCA TV: Primary census abstract at town, village and ward level, Tamil Nadu - District Perambalur - 2011",https://censusindia.gov.in/nada/index.php/catalog/6806,https://censusindia.gov.in/nada/index.php/catalog/6806/download/9883,PC11_PCA-TV-3314.xlsx,140809,daadf0c386eeeba7219f5c38e7401115bf6ff6d62f8fa229db4f2f469082601c,,<scratch>/census/option2/pca/tv/PC11_PCA-TV-3314.xlsx
PCA-TV unit No_HH (prior weights),PC11_PCA-TV-3315,"PCA TV: Primary census abstract at town, village and ward level, Tamil Nadu - District Ariyalur - 2011",https://censusindia.gov.in/nada/index.php/catalog/6807,https://censusindia.gov.in/nada/index.php/catalog/6807/download/9884,PC11_PCA-TV-3315.xlsx,163924,514890a0f496f7496b97d5005f2f1c50d0b172348fb306b4a909122014179125,,<scratch>/census/option2/pca/tv/PC11_PCA-TV-3315.xlsx
PCA-TV unit No_HH (prior weights),PC11_PCA-TV-3316,"PCA TV: Primary census abstract at town, village and ward level, Tamil Nadu - District Cuddalore - 2011",https://censusindia.gov.in/nada/index.php/catalog/6808,https://censusindia.gov.in/nada/index.php/catalog/6808/download/9885,PC11_PCA-TV-3316.xlsx,671067,8a490aaf8148563f4ec8a9549ef84e86c0ec16ecb93139fd64f7061c4486b00e,,<scratch>/census/option2/pca/tv/PC11_PCA-TV-3316.xlsx
PCA-TV unit No_HH (prior weights),PC11_PCA-TV-3317,"PCA TV: Primary census abstract at town, village and ward level, Tamil Nadu - District Nagapattinam - 2011",https://censusindia.gov.in/nada/index.php/catalog/6809,https://censusindia.gov.in/nada/index.php/catalog/6809/download/9886,PC11_PCA-TV-3317.xlsx,401286,3c2250c79f7f52f883be11103f0b18a379d2fe5ce3e9c3de500324cdb8d029d0,,<scratch>/census/option2/pca/tv/PC11_PCA-TV-3317.xlsx
PCA-TV unit No_HH (prior weights),PC11_PCA-TV-3318,"PCA TV: Primary census abstract at town, village and ward level, Tamil Nadu - District Thiruvarur - 2011",https://censusindia.gov.in/nada/index.php/catalog/6810,https://censusindia.gov.in/nada/index.php/catalog/6810/download/9887,PC11_PCA-TV-3318.xlsx,406419,56a642176666f3e4800ff8291be9103046792de15e5d2290a7a4b19e63e6de01,,<scratch>/census/option2/pca/tv/PC11_PCA-TV-3318.xlsx
PCA-TV unit No_HH (prior weights),PC11_PCA-TV-3319,"PCA TV: Primary census abstract at town, village and ward level, Tamil Nadu - District Thanjavur - 2011",https://censusindia.gov.in/nada/index.php/catalog/6811,https://censusindia.gov.in/nada/index.php/catalog/6811/download/9888,PC11_PCA-TV-3319.xlsx,665562,0e6f2629ca40c8c83316cd8d7ed1daa8540b3230335c8987fb39704850a443d2,,<scratch>/census/option2/pca/tv/PC11_PCA-TV-3319.xlsx
PCA-TV unit No_HH (prior weights),PC11_PCA-TV-3320,"PCA TV: Primary census abstract at town, village and ward level, Tamil Nadu - District Pudukkottai - 2011",https://censusindia.gov.in/nada/index.php/catalog/6812,https://censusindia.gov.in/nada/index.php/catalog/6812/download/9889,PC11_PCA-TV-3320.xlsx,492566,166a6cddb9b09842af9b7cf44b367d0e3a628eb4800442a81f47a5f637c0e343,,<scratch>/census/option2/pca/tv/PC11_PCA-TV-3320.xlsx
PCA-TV unit No_HH (prior weights),PC11_PCA-TV-3321,"PCA TV: Primary census abstract at town, village and ward level, Tamil Nadu - District Sivaganga - 2011",https://censusindia.gov.in/nada/index.php/catalog/6813,https://censusindia.gov.in/nada/index.php/catalog/6813/download/9890,PC11_PCA-TV-3321.xlsx,421393,9b77a8ba4e223b67296c90a1cf34d862335b73ba63ea8442a2151c949310974e,,<scratch>/census/option2/pca/tv/PC11_PCA-TV-3321.xlsx
PCA-TV unit No_HH (prior weights),PC11_PCA-TV-3322,"PCA TV: Primary census abstract at town, village and ward level, Tamil Nadu - District Madurai - 2011",https://censusindia.gov.in/nada/index.php/catalog/6814,https://censusindia.gov.in/nada/index.php/catalog/6814/download/9891,PC11_PCA-TV-3322.xlsx,531728,b5e346a3a50a7dc9972e4d5f7152a1cab3ca0a1f05e856d762e90a39b4f87653,,<scratch>/census/option2/pca/tv/PC11_PCA-TV-3322.xlsx
PCA-TV unit No_HH (prior weights),PC11_PCA-TV-3323,"PCA TV: Primary census abstract at town, village and ward level, Tamil Nadu - District Theni - 2011",https://censusindia.gov.in/nada/index.php/catalog/6815,https://censusindia.gov.in/nada/index.php/catalog/6815/download/9892,PC11_PCA-TV-3323.xlsx,326565,0bce013600b3a0a88520d5f4e16f3b1fc202fe66a9125cc230d3b280af1a9f61,,<scratch>/census/option2/pca/tv/PC11_PCA-TV-3323.xlsx
PCA-TV unit No_HH (prior weights),PC11_PCA-TV-3324,"PCA TV: Primary census abstract at town, village and ward level, Tamil Nadu - District Virudhunagar - 2011",https://censusindia.gov.in/nada/index.php/catalog/6816,https://censusindia.gov.in/nada/index.php/catalog/6816/download/9893,PC11_PCA-TV-3324.xlsx,505989,e45edf7e4e3fe07995a2582df90099aad4ac07ae7985a425d9b2006ca5d0c50c,,<scratch>/census/option2/pca/tv/PC11_PCA-TV-3324.xlsx
PCA-TV unit No_HH (prior weights),PC11_PCA-TV-3325,"PCA TV: Primary census abstract at town, village and ward level, Tamil Nadu - District Ramanathapuram - 2011",https://censusindia.gov.in/nada/index.php/catalog/6817,https://censusindia.gov.in/nada/index.php/catalog/6817/download/9894,PC11_PCA-TV-3325.xlsx,337458,6cc192c68190509719f312987ea27d325428487932c678814639482db9f959c0,,<scratch>/census/option2/pca/tv/PC11_PCA-TV-3325.xlsx
PCA-TV unit No_HH (prior weights),PC11_PCA-TV-3326,"PCA TV: Primary census abstract at town, village and ward level, Tamil Nadu - District Thoothukkudi - 2011",https://censusindia.gov.in/nada/index.php/catalog/6818,https://censusindia.gov.in/nada/index.php/catalog/6818/download/9895,PC11_PCA-TV-3326.xlsx,454355,58f2114e69b19ebfc8a432758ccda09d37077ef350e8abbe6feb30b8cf69e9d2,,<scratch>/census/option2/pca/tv/PC11_PCA-TV-3326.xlsx
PCA-TV unit No_HH (prior weights),PC11_PCA-TV-3327,"PCA TV: Primary census abstract at town, village and ward level, Tamil Nadu - District Tirunelveli - 2011",https://censusindia.gov.in/nada/index.php/catalog/6819,https://censusindia.gov.in/nada/index.php/catalog/6819/download/9896,PC11_PCA-TV-3327.xlsx,696142,a395fad29475086f5618a6cc8cdd266f2164b727be0a0c759fe723f9a441a0f7,,<scratch>/census/option2/pca/tv/PC11_PCA-TV-3327.xlsx
PCA-TV unit No_HH (prior weights),PC11_PCA-TV-3328,"PCA TV: Primary census abstract at town, village and ward level, Tamil Nadu - District Kanniyakumari - 2011",https://censusindia.gov.in/nada/index.php/catalog/6820,https://censusindia.gov.in/nada/index.php/catalog/6820/download/9897,PC11_PCA-TV-3328.xlsx,607382,4417e6cbc49cc17e88eca65a2dd9a71d1a5b3a30ff377643748e30d8461b2acc,,<scratch>/census/option2/pca/tv/PC11_PCA-TV-3328.xlsx
PCA-TV unit No_HH (prior weights),PC11_PCA-TV-3329,"PCA TV: Primary census abstract at town, village and ward level, Tamil Nadu - District Dharmapuri - 2011",https://censusindia.gov.in/nada/index.php/catalog/6821,https://censusindia.gov.in/nada/index.php/catalog/6821/download/9898,PC11_PCA-TV-3329.xlsx,359986,3c412262e79a197b99e204060a86b4b39f3cb45094efc2431d0956fc47342786,,<scratch>/census/option2/pca/tv/PC11_PCA-TV-3329.xlsx
PCA-TV unit No_HH (prior weights),PC11_PCA-TV-3330,"PCA TV: Primary census abstract at town, village and ward level, Tamil Nadu - District Krishnagiri - 2011",https://censusindia.gov.in/nada/index.php/catalog/6822,https://censusindia.gov.in/nada/index.php/catalog/6822/download/9899,PC11_PCA-TV-3330.xlsx,432853,313b7a0ee2e4e9628dd08bb424ad26b5117bcb476c4551220c92eb494d7c526c,,<scratch>/census/option2/pca/tv/PC11_PCA-TV-3330.xlsx
PCA-TV unit No_HH (prior weights),PC11_PCA-TV-3331,"PCA TV: Primary census abstract at town, village and ward level, Tamil Nadu - District Coimbatore - 2011",https://censusindia.gov.in/nada/index.php/catalog/6823,https://censusindia.gov.in/nada/index.php/catalog/6823/download/9900,PC11_PCA-TV-3331.xlsx,627202,53035fcdf0356938fc67d025676f249fa1ab85e8186d7db0290c6ec0cb14c782,,<scratch>/census/option2/pca/tv/PC11_PCA-TV-3331.xlsx
PCA-TV unit No_HH (prior weights),PC11_PCA-TV-3332,"PCA TV: Primary census abstract at town, village and ward level, Tamil Nadu - District Tiruppur - 2011",https://censusindia.gov.in/nada/index.php/catalog/6824,https://censusindia.gov.in/nada/index.php/catalog/6824/download/9901,PC11_PCA-TV-3332.xlsx,433310,d3c592422787d5418bff07f940698b72893ef58264ebf78ea3fa2790ea41a608,,<scratch>/census/option2/pca/tv/PC11_PCA-TV-3332.xlsx
PCA-TV unit No_HH (prior weights),PC11_PCA-TV-3401,"PCA TV: Primary census abstract at town, village and ward level, Puducherry - District Yanam - 2011",https://censusindia.gov.in/nada/index.php/catalog/6825,https://censusindia.gov.in/nada/index.php/catalog/6825/download/9902,PC11_PCA-TV-3401.xlsx,22653,8b65e65361c0a3e96034f2ea665a6d4d6169baab8ac55e4c0921f07cf357776b,,<scratch>/census/option2/pca/tv/PC11_PCA-TV-3401.xlsx
PCA-TV unit No_HH (prior weights),PC11_PCA-TV-3402,"PCA TV: Primary census abstract at town, village and ward level, Puducherry - District Puducherry - 2011",https://censusindia.gov.in/nada/index.php/catalog/6826,https://censusindia.gov.in/nada/index.php/catalog/6826/download/9903,PC11_PCA-TV-3402.xlsx,103101,9b46088d77d8cf93748db28a88330ba88614fe88b1bc9edf7525739b000ad0e4,,<scratch>/census/option2/pca/tv/PC11_PCA-TV-3402.xlsx
PCA-TV unit No_HH (prior weights),PC11_PCA-TV-3403,"PCA TV: Primary census abstract at town, village and ward level, Puducherry - District Mahe - 2011",https://censusindia.gov.in/nada/index.php/catalog/6827,https://censusindia.gov.in/nada/index.php/catalog/6827/download/9904,PC11_PCA-TV-3403.xlsx,24232,d03b1ae65815325fdfe4b0a862bc52bce564f0caafce4a5b8fb72a2b286296cf,,<scratch>/census/option2/pca/tv/PC11_PCA-TV-3403.xlsx
PCA-TV unit No_HH (prior weights),PC11_PCA-TV-3404,"PCA TV: Primary census abstract at town, village and ward level, Puducherry - District Karaikal - 2011",https://censusindia.gov.in/nada/index.php/catalog/6828,https://censusindia.gov.in/nada/index.php/catalog/6828/download/9905,PC11_PCA-TV-3404.xlsx,43887,e12d15281ac9e0c951e60598b0d691beeec2adad96575126d1af301a2666732b,,<scratch>/census/option2/pca/tv/PC11_PCA-TV-3404.xlsx
PCA-TV unit No_HH (prior weights),PC11_PCA-TV-3501,"PCA TV: Primary census abstract at town, village and ward level, Andaman and Nicobar Islands - District Nicobars - 2011",https://censusindia.gov.in/nada/index.php/catalog/6829,https://censusindia.gov.in/nada/index.php/catalog/6829/download/9906,PC11_PCA-TV-3501.xlsx,93149,ef447563a3ce4bd41e6a0e7ce7911800ea1f92b76f13c415d7c979dfa7948719,,<scratch>/census/option2/pca/tv/PC11_PCA-TV-3501.xlsx
PCA-TV unit No_HH (prior weights),PC11_PCA-TV-3502,"PCA TV: Primary census abstract at town, village and ward level, Andaman and Nicobar Islands - District North  & Middle Andaman - 2011",https://censusindia.gov.in/nada/index.php/catalog/6830,https://censusindia.gov.in/nada/index.php/catalog/6830/download/9907,PC11_PCA-TV-3502.xlsx,116810,dd9c16f406a6799aa5c5c3b3b6b9db48f390499a0908b51e4563e07281adc4a8,,<scratch>/census/option2/pca/tv/PC11_PCA-TV-3502.xlsx
PCA-TV unit No_HH (prior weights),PC11_PCA-TV-3503,"PCA TV: Primary census abstract at town, village and ward level, Andaman and Nicobar Islands - District South Andaman - 2011",https://censusindia.gov.in/nada/index.php/catalog/6831,https://censusindia.gov.in/nada/index.php/catalog/6831/download/9908,PC11_PCA-TV-3503.xlsx,89290,9df0d76e6c3069d8c7d510b20443c9067b1bfd8521512c55acc9319f44ca6963,,<scratch>/census/option2/pca/tv/PC11_PCA-TV-3503.xlsx
